<mods ID="id-CREC-2018-03-07-pt1-PgH1468-2" version="3.3" xmlns="http://www.loc.gov/mods/v3" xmlns:exslt="http://exslt.org/common" xmlns:xlink="http://www.w3.org/1999/xlink" xmlns:xsi="http://www.w3.org/2001/XMLSchema-instance" xsi:schemaLocation="http://www.loc.gov/mods/v3 http://www.loc.gov/standards/mods/v3/mods-3-3.xsd">
<name type="corporate">
<namePart>United States Government Publishing Office</namePart>
<role>
<roleTerm authority="marcrelator" type="text">publisher</roleTerm>
<roleTerm authority="marcrelator" type="code">pbl</roleTerm>
</role>
<role>
<roleTerm authority="marcrelator" type="text">distributor</roleTerm>
<roleTerm authority="marcrelator" type="code">dst</roleTerm>
</role>
</name>
<name type="corporate">
<namePart>United States</namePart>
<namePart>Congress</namePart>
<role>
<roleTerm authority="marcrelator" type="text">author</roleTerm>
<roleTerm authority="marcrelator" type="code">aut</roleTerm>
</role>
<description>Government Organization</description>
</name>
<typeOfResource>text</typeOfResource>
<genre authority="marcgt">government publication</genre>
<language>
<languageTerm authority="iso639-2b" type="code">eng</languageTerm>
</language>
<extension>
<collectionCode>CREC</collectionCode>
<category>Proceedings of Congress and General Congressional Publications</category>
<waisDatabaseName>2018_record</waisDatabaseName>
<branch>legislative</branch>
<dateIngested>2018-03-09</dateIngested>
</extension>
<titleInfo>
<title>RECOGNIZING ROME ELKS LODGE #96</title>
<partName>House</partName>
</titleInfo>
<relatedItem type="otherFormat" xlink:href="https://www.gpo.gov/fdsys/pkg/CREC-2018-03-07/html/CREC-2018-03-07-pt1-PgH1468-2.htm">
<identifier type="FDsys Unique ID">D09002ee198f94ea3</identifier>
</relatedItem>
<relatedItem type="otherFormat" xlink:href="https://www.gpo.gov/fdsys/pkg/CREC-2018-03-07/pdf/CREC-2018-03-07-pt1-PgH1468-2.pdf">
<identifier type="FDsys Unique ID">D09002ee198f95516</identifier>
</relatedItem>
<identifier type="congressional record citation">164 Cong. Rec. H1468</identifier>
<identifier type="uri">https://www.gpo.gov/fdsys/granule/CREC-2018-03-07/CREC-2018-03-07-pt1-PgH1468-2</identifier>
<identifier type="former granule identifier">CR07MR18-99</identifier>
<location>
<url access="object in context" displayLabel="Content Detail">https://www.gpo.gov/fdsys/granule/CREC-2018-03-07/CREC-2018-03-07-pt1-PgH1468-2/content-detail.html</url>
<url access="raw object" displayLabel="PDF rendition">https://www.gpo.gov/fdsys/pkg/CREC-2018-03-07/pdf/CREC-2018-03-07-pt1-PgH1468-2.pdf</url>
<url access="raw object" displayLabel="HTML rendition">https://www.gpo.gov/fdsys/pkg/CREC-2018-03-07/html/CREC-2018-03-07-pt1-PgH1468-2.htm</url>
</location>
<physicalDescription>
<extent>2 p.</extent>
</physicalDescription>
<part type="article">
<extent unit="pages">
<start>H1468</start>
<end>H1469</end>
</extent>
</part>
<name type="personal">
<namePart>Claudia Tenney</namePart>
<affiliation>United States House of Representatives</affiliation>
<role>
<roleTerm type="text">speaking</roleTerm>
</role>
<description>United States Congress Member</description>
</name>
<identifier type="preferred citation">164 Cong. Rec. H1468</identifier>
<extension>
<searchTitle>RECOGNIZING ROME ELKS LODGE #96; Congressional Record Vol. 164, No. 40</searchTitle>
<granuleClass>HOUSE</granuleClass>
<accessId>CREC-2018-03-07-pt1-PgH1468-2</accessId>
<subGranuleClass>RECOGNIZING</subGranuleClass>
<pagePrefix>H</pagePrefix>
<bookNumber>1</bookNumber>
<chamber>HOUSE</chamber>
<granuleDate>2018-03-07</granuleDate>
<time from="16:45:00" to="16:45:00"/>
<congMember authorityId="2344" bioGuideId="T000478" chamber="H" congress="115" party="R" role="SPEAKING" state="NY">
<name type="parsed">Ms. TENNEY</name>
<name type="authority-fnf">Claudia Tenney</name>
<name type="authority-lnf">Tenney, Claudia</name>
</congMember>
</extension>
<relatedItem ID="P0b002ee198be80e0" type="host">
<titleInfo>
<title>Congressional Record</title>
<partNumber>Vol. 164, no. 40</partNumber>
</titleInfo>
<location>
<url access="object in context" displayLabel="Content Detail">https://www.gpo.gov/fdsys/pkg/CREC-2018-03-07/content-detail.html</url>
<url access="raw object" displayLabel="PDF rendition">https://www.gpo.gov/fdsys/pkg/CREC-2018-03-07/pdf/CREC-2018-03-07.pdf</url>
</location>
<part type="issue">
<extent unit="pages">
<start>H1445</start>
<end>H1478</end>
</extent>
<extent unit="pages">
<start>S1405</start>
<end>S1527</end>
</extent>
<extent unit="pages">
<start>E269</start>
<end>E277</end>
</extent>
<extent unit="pages">
<start>D234</start>
<end>D242</end>
</extent>
</part>
<originInfo>
<publisher>U.S. Government Publishing Office</publisher>
<dateIssued encoding="w3cdtf">2018-03-07</dateIssued>
<issuance>continuing</issuance>
<frequency authority="marcfrequency">daily</frequency>
</originInfo>
<physicalDescription>
<note type="source content type">deposited</note>
<digitalOrigin>born digital</digitalOrigin>
<extent>350 p.</extent>
</physicalDescription>
<classification authority="sudocs">X 1.1/A:</classification>
<classification authority="sudocs">X/A.</classification>
<identifier type="uri">https://www.gpo.gov/fdsys/pkg/CREC-2018-03-07</identifier>
<identifier type="local">P0b002ee198be80e0</identifier>
<identifier type="stock number">752-002-00000-2</identifier>
<identifier type="ILS system id">000568013</identifier>
<identifier type="former package identifier">CR07MR18</identifier>
<recordInfo>
<recordContentSource authority="marcorg">DGPO</recordContentSource>
<recordCreationDate encoding="w3cdtf">2018-03-09</recordCreationDate>
<recordChangeDate encoding="w3cdtf">2018-03-09</recordChangeDate>
<recordIdentifier source="DGPO">CREC-2018-03-07</recordIdentifier>
<recordOrigin>machine generated</recordOrigin>
<languageOfCataloging>
<languageTerm authority="iso639-2b" type="code">eng</languageTerm>
</languageOfCataloging>
</recordInfo>
<accessCondition type="GPO scope determination">fdlp</accessCondition>
<extension>
<docClass>CREC</docClass>
<accessId>CREC-2018-03-07</accessId>
<volume>164</volume>
<issue>40</issue>
<congress>115</congress>
<session>2</session>
<bookCount>1</bookCount>
</extension>
</relatedItem>
</mods>