<mods ID="id-CREC-2018-03-21-pt1-PgH1738-2" version="3.3" xmlns="http://www.loc.gov/mods/v3" xmlns:exslt="http://exslt.org/common" xmlns:xlink="http://www.w3.org/1999/xlink" xmlns:xsi="http://www.w3.org/2001/XMLSchema-instance" xsi:schemaLocation="http://www.loc.gov/mods/v3 http://www.loc.gov/standards/mods/v3/mods-3-3.xsd">
<name type="corporate">
<namePart>United States Government Publishing Office</namePart>
<role>
<roleTerm authority="marcrelator" type="text">publisher</roleTerm>
<roleTerm authority="marcrelator" type="code">pbl</roleTerm>
</role>
<role>
<roleTerm authority="marcrelator" type="text">distributor</roleTerm>
<roleTerm authority="marcrelator" type="code">dst</roleTerm>
</role>
</name>
<name type="corporate">
<namePart>United States</namePart>
<namePart>Congress</namePart>
<role>
<roleTerm authority="marcrelator" type="text">author</roleTerm>
<roleTerm authority="marcrelator" type="code">aut</roleTerm>
</role>
<description>Government Organization</description>
</name>
<typeOfResource>text</typeOfResource>
<genre authority="marcgt">government publication</genre>
<language>
<languageTerm authority="iso639-2b" type="code">eng</languageTerm>
</language>
<extension>
<collectionCode>CREC</collectionCode>
<category>Proceedings of Congress and General Congressional Publications</category>
<waisDatabaseName>2018_record</waisDatabaseName>
<branch>legislative</branch>
<dateIngested>2018-03-22</dateIngested>
</extension>
<titleInfo>
<title>PROTECT SPECIAL COUNSEL MUELLER</title>
<partName>House</partName>
</titleInfo>
<relatedItem type="otherFormat" xlink:href="https://www.gpo.gov/fdsys/pkg/CREC-2018-03-21/html/CREC-2018-03-21-pt1-PgH1738-2.htm">
<identifier type="FDsys Unique ID">D09002ee199c456b3</identifier>
</relatedItem>
<relatedItem type="otherFormat" xlink:href="https://www.gpo.gov/fdsys/pkg/CREC-2018-03-21/pdf/CREC-2018-03-21-pt1-PgH1738-2.pdf">
<identifier type="FDsys Unique ID">D09002ee199c456fa</identifier>
</relatedItem>
<identifier type="congressional record citation">164 Cong. Rec. H1738</identifier>
<identifier type="uri">https://www.gpo.gov/fdsys/granule/CREC-2018-03-21/CREC-2018-03-21-pt1-PgH1738-2</identifier>
<identifier type="former granule identifier">cr21mr18-80</identifier>
<location>
<url access="object in context" displayLabel="Content Detail">https://www.gpo.gov/fdsys/granule/CREC-2018-03-21/CREC-2018-03-21-pt1-PgH1738-2/content-detail.html</url>
<url access="raw object" displayLabel="PDF rendition">https://www.gpo.gov/fdsys/pkg/CREC-2018-03-21/pdf/CREC-2018-03-21-pt1-PgH1738-2.pdf</url>
<url access="raw object" displayLabel="HTML rendition">https://www.gpo.gov/fdsys/pkg/CREC-2018-03-21/html/CREC-2018-03-21-pt1-PgH1738-2.htm</url>
</location>
<physicalDescription>
<extent>1 p.</extent>
</physicalDescription>
<part type="article">
<extent unit="pages">
<start>H1738</start>
<end>H1738</end>
</extent>
</part>
<name type="personal">
<namePart>Steve Cohen</namePart>
<affiliation>United States House of Representatives</affiliation>
<role>
<roleTerm type="text">speaking</roleTerm>
</role>
<description>United States Congress Member</description>
</name>
<identifier type="preferred citation">164 Cong. Rec. H1738</identifier>
<extension>
<searchTitle>PROTECT SPECIAL COUNSEL MUELLER; Congressional Record Vol. 164, No. 49</searchTitle>
<granuleClass>HOUSE</granuleClass>
<accessId>CREC-2018-03-21-pt1-PgH1738-2</accessId>
<subGranuleClass>ALLOTHER</subGranuleClass>
<pagePrefix>H</pagePrefix>
<bookNumber>1</bookNumber>
<chamber>HOUSE</chamber>
<granuleDate>2018-03-21</granuleDate>
<time from="11:15:00" to="11:15:00"/>
<bill congress="115" context="FIRSTPARAGRAPH" number="4669" type="HR"/>
<bill congress="115" context="OTHER" number="4669" type="HR"/>
<congMember authorityId="1878" bioGuideId="C001068" chamber="H" congress="115" gpoId="8156" party="D" role="SPEAKING" state="TN">
<name type="parsed">Mr. COHEN</name>
<name type="authority-fnf">Steve Cohen</name>
<name type="authority-lnf">Cohen, Steve</name>
</congMember>
</extension>
<relatedItem type="isReferencedBy">
<titleInfo>
<title>United States House Bill 4669  (115th Congress)</title>
</titleInfo>
<identifier type="Congressional Bill citation">H.R. 4669</identifier>
<extension>
<congress>115</congress>
<context>FIRSTPARAGRAPH</context>
</extension>
</relatedItem>
<relatedItem type="isReferencedBy">
<titleInfo>
<title>United States House Bill 4669  (115th Congress)</title>
</titleInfo>
<identifier type="Congressional Bill citation">H.R. 4669</identifier>
<extension>
<congress>115</congress>
<context>OTHER</context>
</extension>
</relatedItem>
<relatedItem ID="P0b002ee199c44f14" type="host">
<titleInfo>
<title>Congressional Record</title>
<partNumber>Vol. 164, no. 49</partNumber>
</titleInfo>
<location>
<url access="object in context" displayLabel="Content Detail">https://www.gpo.gov/fdsys/pkg/CREC-2018-03-21/content-detail.html</url>
<url access="raw object" displayLabel="PDF rendition">https://www.gpo.gov/fdsys/pkg/CREC-2018-03-21/pdf/CREC-2018-03-21.pdf</url>
</location>
<part type="issue">
<extent unit="pages">
<start>H1731</start>
<end>H1756</end>
</extent>
<extent unit="pages">
<start>S1849</start>
<end>S1883</end>
</extent>
<extent unit="pages">
<start>E351</start>
<end>E358</end>
</extent>
<extent unit="pages">
<start>D322</start>
<end>D328</end>
</extent>
</part>
<originInfo>
<publisher>U.S. Government Publishing Office</publisher>
<dateIssued encoding="w3cdtf">2018-03-21</dateIssued>
<issuance>continuing</issuance>
<frequency authority="marcfrequency">daily</frequency>
</originInfo>
<physicalDescription>
<note type="source content type">deposited</note>
<digitalOrigin>born digital</digitalOrigin>
<extent>152 p.</extent>
</physicalDescription>
<classification authority="sudocs">X 1.1/A:</classification>
<classification authority="sudocs">X/A.</classification>
<identifier type="uri">https://www.gpo.gov/fdsys/pkg/CREC-2018-03-21</identifier>
<identifier type="local">P0b002ee199c44f14</identifier>
<identifier type="stock number">752-002-00000-2</identifier>
<identifier type="ILS system id">000568013</identifier>
<identifier type="former package identifier">cr21mr18</identifier>
<recordInfo>
<recordContentSource authority="marcorg">DGPO</recordContentSource>
<recordCreationDate encoding="w3cdtf">2018-03-22</recordCreationDate>
<recordChangeDate encoding="w3cdtf">2018-03-22</recordChangeDate>
<recordIdentifier source="DGPO">CREC-2018-03-21</recordIdentifier>
<recordOrigin>machine generated</recordOrigin>
<languageOfCataloging>
<languageTerm authority="iso639-2b" type="code">eng</languageTerm>
</languageOfCataloging>
</recordInfo>
<accessCondition type="GPO scope determination">fdlp</accessCondition>
<extension>
<docClass>CREC</docClass>
<accessId>CREC-2018-03-21</accessId>
<volume>164</volume>
<issue>49</issue>
<congress>115</congress>
<session>2</session>
<bookCount>1</bookCount>
</extension>
</relatedItem>
</mods>