<mods ID="id-CREC-2018-02-27-pt1-PgH1277-3" version="3.3" xmlns="http://www.loc.gov/mods/v3" xmlns:exslt="http://exslt.org/common" xmlns:xlink="http://www.w3.org/1999/xlink" xmlns:xsi="http://www.w3.org/2001/XMLSchema-instance" xsi:schemaLocation="http://www.loc.gov/mods/v3 http://www.loc.gov/standards/mods/v3/mods-3-3.xsd">
<name type="corporate">
<namePart>United States Government Publishing Office</namePart>
<role>
<roleTerm authority="marcrelator" type="text">publisher</roleTerm>
<roleTerm authority="marcrelator" type="code">pbl</roleTerm>
</role>
<role>
<roleTerm authority="marcrelator" type="text">distributor</roleTerm>
<roleTerm authority="marcrelator" type="code">dst</roleTerm>
</role>
</name>
<name type="corporate">
<namePart>United States</namePart>
<namePart>Congress</namePart>
<role>
<roleTerm authority="marcrelator" type="text">author</roleTerm>
<roleTerm authority="marcrelator" type="code">aut</roleTerm>
</role>
<description>Government Organization</description>
</name>
<typeOfResource>text</typeOfResource>
<genre authority="marcgt">government publication</genre>
<language>
<languageTerm authority="iso639-2b" type="code">eng</languageTerm>
</language>
<extension>
<collectionCode>CREC</collectionCode>
<category>Proceedings of Congress and General Congressional Publications</category>
<waisDatabaseName>2018_record</waisDatabaseName>
<branch>legislative</branch>
<dateIngested>2018-03-08</dateIngested>
</extension>
<titleInfo>
<title>PROVIDING FOR CONSIDERATION OF H.R. 1865, ALLOW STATES AND VICTIMS TO FIGHT ONLINE SEX TRAFFICKING ACT OF 2017</title>
<partName>House</partName>
</titleInfo>
<relatedItem type="otherFormat" xlink:href="https://www.gpo.gov/fdsys/pkg/CREC-2018-02-27/html/CREC-2018-02-27-pt1-PgH1277-3.htm">
<identifier type="FDsys Unique ID">D09002ee198beb260</identifier>
</relatedItem>
<relatedItem type="otherFormat" xlink:href="https://www.gpo.gov/fdsys/pkg/CREC-2018-02-27/pdf/CREC-2018-02-27-pt1-PgH1277-3.pdf">
<identifier type="FDsys Unique ID">D09002ee198bec23e</identifier>
</relatedItem>
<identifier type="congressional record citation">164 Cong. Rec. H1277</identifier>
<identifier type="uri">https://www.gpo.gov/fdsys/granule/CREC-2018-02-27/CREC-2018-02-27-pt1-PgH1277-3</identifier>
<identifier type="former granule identifier">CR27FE18-109</identifier>
<location>
<url access="object in context" displayLabel="Content Detail">https://www.gpo.gov/fdsys/granule/CREC-2018-02-27/CREC-2018-02-27-pt1-PgH1277-3/content-detail.html</url>
<url access="raw object" displayLabel="PDF rendition">https://www.gpo.gov/fdsys/pkg/CREC-2018-02-27/pdf/CREC-2018-02-27-pt1-PgH1277-3.pdf</url>
<url access="raw object" displayLabel="HTML rendition">https://www.gpo.gov/fdsys/pkg/CREC-2018-02-27/html/CREC-2018-02-27-pt1-PgH1277-3.htm</url>
</location>
<physicalDescription>
<extent>4 p.</extent>
</physicalDescription>
<part type="article">
<extent unit="pages">
<start>H1277</start>
<end>H1280</end>
</extent>
</part>
<name type="personal">
<namePart>Doug Collins</namePart>
<affiliation>United States House of Representatives</affiliation>
<role>
<roleTerm type="text">speaking</roleTerm>
</role>
<description>United States Congress Member</description>
</name>
<name type="personal">
<namePart>Louise McIntosh Slaughter</namePart>
<affiliation>United States House of Representatives</affiliation>
<role>
<roleTerm type="text">speaking</roleTerm>
</role>
<description>United States Congress Member</description>
</name>
<name type="personal">
<namePart>Ann Wagner</namePart>
<affiliation>United States House of Representatives</affiliation>
<role>
<roleTerm type="text">speaking</roleTerm>
</role>
<description>United States Congress Member</description>
</name>
<name type="personal">
<namePart>Adriano Espaillat</namePart>
<affiliation>United States House of Representatives</affiliation>
<role>
<roleTerm type="text">speaking</roleTerm>
</role>
<description>United States Congress Member</description>
</name>
<name type="personal">
<namePart>John J. Duncan, Jr.</namePart>
<affiliation>United States House of Representatives</affiliation>
<role>
<roleTerm type="text">speaking</roleTerm>
</role>
<description>United States Congress Member</description>
</name>
<name type="corporate">
<namePart>United States</namePart>
<namePart>Congress</namePart>
<namePart>House of Representatives</namePart>
<namePart>Committee on Rules</namePart>
<role>
<roleTerm authority="marcrelator" type="text">associated name</roleTerm>
<roleTerm authority="marcrelator" type="code">asn</roleTerm>
</role>
<description>Government Organization</description>
</name>
<name type="corporate">
<namePart>United States</namePart>
<namePart>Congress</namePart>
<namePart>House of Representatives</namePart>
<namePart>Committee on the Judiciary</namePart>
<role>
<roleTerm authority="marcrelator" type="text">associated name</roleTerm>
<roleTerm authority="marcrelator" type="code">asn</roleTerm>
</role>
<description>Government Organization</description>
</name>
<identifier type="preferred citation">164 Cong. Rec. H1277</identifier>
<extension>
<searchTitle>PROVIDING FOR CONSIDERATION OF H.R. 1865, ALLOW STATES AND VICTIMS TO FIGHT ONLINE SEX TRAFFICKING ACT OF 2017; Congressional Record Vol. 164, No. 35</searchTitle>
<associatedBills>H. Res. 748, 115th Congress
        </associatedBills>
<granuleClass>HOUSE</granuleClass>
<accessId>CREC-2018-02-27-pt1-PgH1277-3</accessId>
<subGranuleClass>ALLOTHER</subGranuleClass>
<pagePrefix>H</pagePrefix>
<bookNumber>1</bookNumber>
<chamber>HOUSE</chamber>
<granuleDate>2018-02-27</granuleDate>
<time from="11:15:00" to="11:45:00"/>
<bill congress="115" context="HEADERLINE" number="748" type="HRES"/>
<bill congress="115" context="FIRSTPARAGRAPH" number="748" type="HRES"/>
<bill congress="115" context="OTHER" number="748" type="HRES"/>
<bill congress="115" context="TITLE" number="1865" type="HR"/>
<bill congress="115" context="OTHER" number="1865" type="HR"/>
<bill congress="115" context="OTHER" number="3440" type="HR"/>
<congCommittee authorityId="hsru00" chamber="H" congress="115" type="S">
<name type="authority-standard">Committee on Rules</name>
<name type="authority-short">Rules</name>
</congCommittee>
<congCommittee authorityId="hsju00" chamber="H" congress="115" type="S">
<name type="authority-standard">Committee on the Judiciary</name>
<name type="authority-short">Judiciary</name>
</congCommittee>
<congMember authorityId="2121" bioGuideId="C001093" chamber="H" congress="115" party="R" role="SPEAKING" state="GA">
<name type="parsed">Mr. COLLINS of Georgia</name>
<name type="authority-fnf">Doug Collins</name>
<name type="authority-lnf">Collins, Doug</name>
</congMember>
<congMember authorityId="1069" bioGuideId="S000480" chamber="H" congress="115" gpoId="8089" party="D" role="SPEAKING" state="NY">
<name type="parsed">Ms. SLAUGHTER</name>
<name type="authority-fnf">Louise McIntosh Slaughter</name>
<name type="authority-lnf">Slaughter, Louise McIntosh</name>
<name type="authority-other">Louise Slaughter</name>
</congMember>
<congMember authorityId="2137" bioGuideId="W000812" chamber="H" congress="115" party="R" role="SPEAKING" state="MO">
<name type="parsed">Mrs. WAGNER</name>
<name type="authority-fnf">Ann Wagner</name>
<name type="authority-lnf">Wagner, Ann</name>
</congMember>
<congMember authorityId="2342" bioGuideId="E000297" chamber="H" congress="115" party="D" role="SPEAKING" state="NY">
<name type="parsed">Mr. ESPAILLAT</name>
<name type="authority-fnf">Adriano Espaillat</name>
<name type="authority-lnf">Espaillat, Adriano</name>
</congMember>
<congMember authorityId="322" bioGuideId="D000533" chamber="H" congress="115" gpoId="8149" party="R" role="SPEAKING" state="TN">
<name type="parsed">Mr. DUNCAN of Tennessee</name>
<name type="authority-fnf">John J. Duncan, Jr.</name>
<name type="authority-lnf">Duncan, John J., Jr.</name>
<name type="authority-other">John Duncan Jr.</name>
</congMember>
</extension>
<relatedItem type="isReferencedBy">
<titleInfo>
<title>United States House Resolution 748  (115th Congress)</title>
</titleInfo>
<identifier type="Congressional Bill citation">H. Res. 748</identifier>
<extension>
<congress>115</congress>
<context>HEADERLINE</context>
</extension>
</relatedItem>
<relatedItem type="isReferencedBy">
<titleInfo>
<title>United States House Resolution 748  (115th Congress)</title>
</titleInfo>
<identifier type="Congressional Bill citation">H. Res. 748</identifier>
<extension>
<congress>115</congress>
<context>FIRSTPARAGRAPH</context>
</extension>
</relatedItem>
<relatedItem type="isReferencedBy">
<titleInfo>
<title>United States House Resolution 748  (115th Congress)</title>
</titleInfo>
<identifier type="Congressional Bill citation">H. Res. 748</identifier>
<extension>
<congress>115</congress>
<context>OTHER</context>
</extension>
</relatedItem>
<relatedItem type="isReferencedBy">
<titleInfo>
<title>United States House Bill 1865  (115th Congress)</title>
</titleInfo>
<identifier type="Congressional Bill citation">H.R. 1865</identifier>
<extension>
<congress>115</congress>
<context>TITLE</context>
</extension>
</relatedItem>
<relatedItem type="isReferencedBy">
<titleInfo>
<title>United States House Bill 1865  (115th Congress)</title>
</titleInfo>
<identifier type="Congressional Bill citation">H.R. 1865</identifier>
<extension>
<congress>115</congress>
<context>OTHER</context>
</extension>
</relatedItem>
<relatedItem type="isReferencedBy">
<titleInfo>
<title>United States House Bill 3440  (115th Congress)</title>
</titleInfo>
<identifier type="Congressional Bill citation">H.R. 3440</identifier>
<extension>
<congress>115</congress>
<context>OTHER</context>
</extension>
</relatedItem>
<relatedItem ID="P0b002ee198b21de2" type="host">
<titleInfo>
<title>Congressional Record</title>
<partNumber>Vol. 164, no. 35</partNumber>
</titleInfo>
<location>
<url access="object in context" displayLabel="Content Detail">https://www.gpo.gov/fdsys/pkg/CREC-2018-02-27/content-detail.html</url>
<url access="raw object" displayLabel="PDF rendition">https://www.gpo.gov/fdsys/pkg/CREC-2018-02-27/pdf/CREC-2018-02-27.pdf</url>
</location>
<part type="issue">
<extent unit="pages">
<start>H1269</start>
<end>H1336</end>
</extent>
<extent unit="pages">
<start>S1223</start>
<end>S1255</end>
</extent>
<extent unit="pages">
<start>E225</start>
<end>E239</end>
</extent>
<extent unit="pages">
<start>D197</start>
<end>D204</end>
</extent>
</part>
<originInfo>
<publisher>U.S. Government Publishing Office</publisher>
<dateIssued encoding="w3cdtf">2018-02-27</dateIssued>
<issuance>continuing</issuance>
<frequency authority="marcfrequency">daily</frequency>
</originInfo>
<physicalDescription>
<note type="source content type">deposited</note>
<digitalOrigin>born digital</digitalOrigin>
<extent>248 p.</extent>
</physicalDescription>
<classification authority="sudocs">X 1.1/A:</classification>
<classification authority="sudocs">X/A.</classification>
<identifier type="uri">https://www.gpo.gov/fdsys/pkg/CREC-2018-02-27</identifier>
<identifier type="local">P0b002ee198b21de2</identifier>
<identifier type="stock number">752-002-00000-2</identifier>
<identifier type="ILS system id">000568013</identifier>
<identifier type="former package identifier">CR27FE18</identifier>
<recordInfo>
<recordContentSource authority="marcorg">DGPO</recordContentSource>
<recordCreationDate encoding="w3cdtf">2018-03-08</recordCreationDate>
<recordChangeDate encoding="w3cdtf">2018-03-08</recordChangeDate>
<recordIdentifier source="DGPO">CREC-2018-02-27</recordIdentifier>
<recordOrigin>machine generated</recordOrigin>
<languageOfCataloging>
<languageTerm authority="iso639-2b" type="code">eng</languageTerm>
</languageOfCataloging>
</recordInfo>
<accessCondition type="GPO scope determination">fdlp</accessCondition>
<extension>
<docClass>CREC</docClass>
<accessId>CREC-2018-02-27</accessId>
<volume>164</volume>
<issue>35</issue>
<congress>115</congress>
<session>2</session>
<bookCount>1</bookCount>
</extension>
</relatedItem>
</mods>