<mods ID="id-CREC-2018-03-09-pt1-PgH1506-4" version="3.3" xmlns="http://www.loc.gov/mods/v3" xmlns:exslt="http://exslt.org/common" xmlns:xlink="http://www.w3.org/1999/xlink" xmlns:xsi="http://www.w3.org/2001/XMLSchema-instance" xsi:schemaLocation="http://www.loc.gov/mods/v3 http://www.loc.gov/standards/mods/v3/mods-3-3.xsd">
<name type="corporate">
<namePart>United States Government Publishing Office</namePart>
<role>
<roleTerm authority="marcrelator" type="text">publisher</roleTerm>
<roleTerm authority="marcrelator" type="code">pbl</roleTerm>
</role>
<role>
<roleTerm authority="marcrelator" type="text">distributor</roleTerm>
<roleTerm authority="marcrelator" type="code">dst</roleTerm>
</role>
</name>
<name type="corporate">
<namePart>United States</namePart>
<namePart>Congress</namePart>
<role>
<roleTerm authority="marcrelator" type="text">author</roleTerm>
<roleTerm authority="marcrelator" type="code">aut</roleTerm>
</role>
<description>Government Organization</description>
</name>
<typeOfResource>text</typeOfResource>
<genre authority="marcgt">government publication</genre>
<language>
<languageTerm authority="iso639-2b" type="code">eng</languageTerm>
</language>
<extension>
<collectionCode>CREC</collectionCode>
<category>Proceedings of Congress and General Congressional Publications</category>
<waisDatabaseName>2018_record</waisDatabaseName>
<branch>legislative</branch>
<dateIngested>2018-03-10</dateIngested>
</extension>
<titleInfo>
<title>PUBLIC BILLS AND RESOLUTIONS</title>
<partName>House</partName>
</titleInfo>
<relatedItem type="otherFormat" xlink:href="https://www.gpo.gov/fdsys/pkg/CREC-2018-03-09/html/CREC-2018-03-09-pt1-PgH1506-4.htm">
<identifier type="FDsys Unique ID">D09002ee199102586</identifier>
</relatedItem>
<relatedItem type="otherFormat" xlink:href="https://www.gpo.gov/fdsys/pkg/CREC-2018-03-09/pdf/CREC-2018-03-09-pt1-PgH1506-4.pdf">
<identifier type="FDsys Unique ID">D09002ee1991025c6</identifier>
</relatedItem>
<identifier type="congressional record citation">164 Cong. Rec. H1506</identifier>
<identifier type="uri">https://www.gpo.gov/fdsys/granule/CREC-2018-03-09/CREC-2018-03-09-pt1-PgH1506-4</identifier>
<identifier type="former granule identifier">cr09mr18-41</identifier>
<location>
<url access="object in context" displayLabel="Content Detail">https://www.gpo.gov/fdsys/granule/CREC-2018-03-09/CREC-2018-03-09-pt1-PgH1506-4/content-detail.html</url>
<url access="raw object" displayLabel="PDF rendition">https://www.gpo.gov/fdsys/pkg/CREC-2018-03-09/pdf/CREC-2018-03-09-pt1-PgH1506-4.pdf</url>
<url access="raw object" displayLabel="HTML rendition">https://www.gpo.gov/fdsys/pkg/CREC-2018-03-09/html/CREC-2018-03-09-pt1-PgH1506-4.htm</url>
</location>
<physicalDescription>
<extent>2 p.</extent>
</physicalDescription>
<part type="article">
<extent unit="pages">
<start>H1506</start>
<end>H1507</end>
</extent>
</part>
<name type="corporate">
<namePart>United States</namePart>
<namePart>Congress</namePart>
<namePart>House of Representatives</namePart>
<namePart>Committee on Financial Services</namePart>
<role>
<roleTerm authority="marcrelator" type="text">associated name</roleTerm>
<roleTerm authority="marcrelator" type="code">asn</roleTerm>
</role>
<description>Government Organization</description>
</name>
<name type="corporate">
<namePart>United States</namePart>
<namePart>Congress</namePart>
<namePart>House of Representatives</namePart>
<namePart>Committee on Oversight and Government Reform</namePart>
<role>
<roleTerm authority="marcrelator" type="text">associated name</roleTerm>
<roleTerm authority="marcrelator" type="code">asn</roleTerm>
</role>
<description>Government Organization</description>
</name>
<name type="corporate">
<namePart>United States</namePart>
<namePart>Congress</namePart>
<namePart>House of Representatives</namePart>
<namePart>Committee on Energy and Commerce</namePart>
<role>
<roleTerm authority="marcrelator" type="text">associated name</roleTerm>
<roleTerm authority="marcrelator" type="code">asn</roleTerm>
</role>
<description>Government Organization</description>
</name>
<name type="corporate">
<namePart>United States</namePart>
<namePart>Congress</namePart>
<namePart>House of Representatives</namePart>
<namePart>Committee on Education and the Workforce</namePart>
<role>
<roleTerm authority="marcrelator" type="text">associated name</roleTerm>
<roleTerm authority="marcrelator" type="code">asn</roleTerm>
</role>
<description>Government Organization</description>
</name>
<name type="corporate">
<namePart>United States</namePart>
<namePart>Congress</namePart>
<namePart>House of Representatives</namePart>
<namePart>Committee on the Judiciary</namePart>
<role>
<roleTerm authority="marcrelator" type="text">associated name</roleTerm>
<roleTerm authority="marcrelator" type="code">asn</roleTerm>
</role>
<description>Government Organization</description>
</name>
<name type="corporate">
<namePart>United States</namePart>
<namePart>Congress</namePart>
<namePart>House of Representatives</namePart>
<namePart>Committee on Natural Resources</namePart>
<role>
<roleTerm authority="marcrelator" type="text">associated name</roleTerm>
<roleTerm authority="marcrelator" type="code">asn</roleTerm>
</role>
<description>Government Organization</description>
</name>
<name type="corporate">
<namePart>United States</namePart>
<namePart>Congress</namePart>
<namePart>House of Representatives</namePart>
<namePart>Committee on Transportation and Infrastructure</namePart>
<role>
<roleTerm authority="marcrelator" type="text">associated name</roleTerm>
<roleTerm authority="marcrelator" type="code">asn</roleTerm>
</role>
<description>Government Organization</description>
</name>
<name type="corporate">
<namePart>United States</namePart>
<namePart>Congress</namePart>
<namePart>House of Representatives</namePart>
<namePart>Committee on Veterans' Affairs</namePart>
<role>
<roleTerm authority="marcrelator" type="text">associated name</roleTerm>
<roleTerm authority="marcrelator" type="code">asn</roleTerm>
</role>
<description>Government Organization</description>
</name>
<identifier type="preferred citation">164 Cong. Rec. H1506</identifier>
<extension>
<searchTitle>PUBLIC BILLS AND RESOLUTIONS; Congressional Record Vol. 164, No. 42</searchTitle>
<granuleClass>HOUSE</granuleClass>
<accessId>CREC-2018-03-09-pt1-PgH1506-4</accessId>
<subGranuleClass>HPUBBILLS</subGranuleClass>
<pagePrefix>H</pagePrefix>
<bookNumber>1</bookNumber>
<chamber>HOUSE</chamber>
<granuleDate>2018-03-09</granuleDate>
<time from="10:30:00" to="10:30:00"/>
<bill congress="115" context="OTHER" number="769" type="HRES"/>
<bill congress="115" context="OTHER" number="770" type="HRES"/>
<bill congress="115" context="OTHER" number="5237" type="HR"/>
<bill congress="115" context="OTHER" number="5238" type="HR"/>
<bill congress="115" context="OTHER" number="5239" type="HR"/>
<bill congress="115" context="OTHER" number="5240" type="HR"/>
<bill congress="115" context="OTHER" number="5241" type="HR"/>
<bill congress="115" context="OTHER" number="5242" type="HR"/>
<bill congress="115" context="OTHER" number="5243" type="HR"/>
<bill congress="115" context="OTHER" number="5244" type="HR"/>
<bill congress="115" context="OTHER" number="5245" type="HR"/>
<bill congress="115" context="OTHER" number="5246" type="HR"/>
<congCommittee authorityId="hsba00" chamber="H" congress="115" type="S">
<name type="authority-standard">Committee on Financial Services</name>
<name type="authority-short">Financial Services</name>
</congCommittee>
<congCommittee authorityId="hsgo00" chamber="H" congress="115" type="S">
<name type="authority-standard">Committee on Oversight and Government Reform</name>
<name type="authority-short">Oversight and Government Reform</name>
</congCommittee>
<congCommittee authorityId="hsif00" chamber="H" congress="115" type="S">
<name type="authority-standard">Committee on Energy and Commerce</name>
<name type="authority-short">Energy and Commerce</name>
</congCommittee>
<congCommittee authorityId="hsed00" chamber="H" congress="115" type="S">
<name type="authority-standard">Committee on Education and the Workforce</name>
<name type="authority-short">Education and the Workforce</name>
</congCommittee>
<congCommittee authorityId="hsju00" chamber="H" congress="115" type="S">
<name type="authority-standard">Committee on the Judiciary</name>
<name type="authority-short">Judiciary</name>
</congCommittee>
<congCommittee authorityId="hsii00" chamber="H" congress="115" type="S">
<name type="authority-standard">Committee on Natural Resources</name>
<name type="authority-short">Natural Resources</name>
</congCommittee>
<congCommittee authorityId="hspw00" chamber="H" congress="115" type="S">
<name type="authority-standard">Committee on Transportation and Infrastructure</name>
<name type="authority-short">Transportation</name>
</congCommittee>
<congCommittee authorityId="hsvr00" chamber="H" congress="115" type="S">
<name type="authority-standard">Committee on Veterans' Affairs</name>
<name type="authority-short">Veterans' Affairs</name>
</congCommittee>
</extension>
<relatedItem type="isReferencedBy">
<titleInfo>
<title>United States House Resolution 769  (115th Congress)</title>
</titleInfo>
<identifier type="Congressional Bill citation">H. Res. 769</identifier>
<extension>
<congress>115</congress>
<context>OTHER</context>
</extension>
</relatedItem>
<relatedItem type="isReferencedBy">
<titleInfo>
<title>United States House Resolution 770  (115th Congress)</title>
</titleInfo>
<identifier type="Congressional Bill citation">H. Res. 770</identifier>
<extension>
<congress>115</congress>
<context>OTHER</context>
</extension>
</relatedItem>
<relatedItem type="isReferencedBy">
<titleInfo>
<title>United States House Bill 5237  (115th Congress)</title>
</titleInfo>
<identifier type="Congressional Bill citation">H.R. 5237</identifier>
<extension>
<congress>115</congress>
<context>OTHER</context>
</extension>
</relatedItem>
<relatedItem type="isReferencedBy">
<titleInfo>
<title>United States House Bill 5238  (115th Congress)</title>
</titleInfo>
<identifier type="Congressional Bill citation">H.R. 5238</identifier>
<extension>
<congress>115</congress>
<context>OTHER</context>
</extension>
</relatedItem>
<relatedItem type="isReferencedBy">
<titleInfo>
<title>United States House Bill 5239  (115th Congress)</title>
</titleInfo>
<identifier type="Congressional Bill citation">H.R. 5239</identifier>
<extension>
<congress>115</congress>
<context>OTHER</context>
</extension>
</relatedItem>
<relatedItem type="isReferencedBy">
<titleInfo>
<title>United States House Bill 5240  (115th Congress)</title>
</titleInfo>
<identifier type="Congressional Bill citation">H.R. 5240</identifier>
<extension>
<congress>115</congress>
<context>OTHER</context>
</extension>
</relatedItem>
<relatedItem type="isReferencedBy">
<titleInfo>
<title>United States House Bill 5241  (115th Congress)</title>
</titleInfo>
<identifier type="Congressional Bill citation">H.R. 5241</identifier>
<extension>
<congress>115</congress>
<context>OTHER</context>
</extension>
</relatedItem>
<relatedItem type="isReferencedBy">
<titleInfo>
<title>United States House Bill 5242  (115th Congress)</title>
</titleInfo>
<identifier type="Congressional Bill citation">H.R. 5242</identifier>
<extension>
<congress>115</congress>
<context>OTHER</context>
</extension>
</relatedItem>
<relatedItem type="isReferencedBy">
<titleInfo>
<title>United States House Bill 5243  (115th Congress)</title>
</titleInfo>
<identifier type="Congressional Bill citation">H.R. 5243</identifier>
<extension>
<congress>115</congress>
<context>OTHER</context>
</extension>
</relatedItem>
<relatedItem type="isReferencedBy">
<titleInfo>
<title>United States House Bill 5244  (115th Congress)</title>
</titleInfo>
<identifier type="Congressional Bill citation">H.R. 5244</identifier>
<extension>
<congress>115</congress>
<context>OTHER</context>
</extension>
</relatedItem>
<relatedItem type="isReferencedBy">
<titleInfo>
<title>United States House Bill 5245  (115th Congress)</title>
</titleInfo>
<identifier type="Congressional Bill citation">H.R. 5245</identifier>
<extension>
<congress>115</congress>
<context>OTHER</context>
</extension>
</relatedItem>
<relatedItem type="isReferencedBy">
<titleInfo>
<title>United States House Bill 5246  (115th Congress)</title>
</titleInfo>
<identifier type="Congressional Bill citation">H.R. 5246</identifier>
<extension>
<congress>115</congress>
<context>OTHER</context>
</extension>
</relatedItem>
<relatedItem ID="P0b002ee199101d06" type="host">
<titleInfo>
<title>Congressional Record</title>
<partNumber>Vol. 164, no. 42</partNumber>
</titleInfo>
<location>
<url access="object in context" displayLabel="Content Detail">https://www.gpo.gov/fdsys/pkg/CREC-2018-03-09/content-detail.html</url>
<url access="raw object" displayLabel="PDF rendition">https://www.gpo.gov/fdsys/pkg/CREC-2018-03-09/pdf/CREC-2018-03-09.pdf</url>
</location>
<part type="issue">
<extent unit="pages">
<start>H1505</start>
<end>H1508</end>
</extent>
<extent unit="pages">
<start>E289</start>
<end>E293</end>
</extent>
<extent unit="pages">
<start>D249</start>
<end>D250</end>
</extent>
</part>
<originInfo>
<publisher>U.S. Government Publishing Office</publisher>
<dateIssued encoding="w3cdtf">2018-03-09</dateIssued>
<issuance>continuing</issuance>
<frequency authority="marcfrequency">daily</frequency>
</originInfo>
<physicalDescription>
<note type="source content type">deposited</note>
<digitalOrigin>born digital</digitalOrigin>
<extent>22 p.</extent>
</physicalDescription>
<classification authority="sudocs">X 1.1/A:</classification>
<classification authority="sudocs">X/A.</classification>
<identifier type="uri">https://www.gpo.gov/fdsys/pkg/CREC-2018-03-09</identifier>
<identifier type="local">P0b002ee199101d06</identifier>
<identifier type="stock number">752-002-00000-2</identifier>
<identifier type="ILS system id">000568013</identifier>
<identifier type="former package identifier">cr09mr18</identifier>
<recordInfo>
<recordContentSource authority="marcorg">DGPO</recordContentSource>
<recordCreationDate encoding="w3cdtf">2018-03-10</recordCreationDate>
<recordChangeDate encoding="w3cdtf">2018-03-10</recordChangeDate>
<recordIdentifier source="DGPO">CREC-2018-03-09</recordIdentifier>
<recordOrigin>machine generated</recordOrigin>
<languageOfCataloging>
<languageTerm authority="iso639-2b" type="code">eng</languageTerm>
</languageOfCataloging>
</recordInfo>
<accessCondition type="GPO scope determination">fdlp</accessCondition>
<extension>
<docClass>CREC</docClass>
<accessId>CREC-2018-03-09</accessId>
<volume>164</volume>
<issue>42</issue>
<congress>115</congress>
<session>2</session>
<bookCount>1</bookCount>
</extension>
</relatedItem>
</mods>