<mods ID="id-CREC-2018-01-08-pt1-PgH8-3" version="3.3" xmlns="http://www.loc.gov/mods/v3" xmlns:exslt="http://exslt.org/common" xmlns:xlink="http://www.w3.org/1999/xlink" xmlns:xsi="http://www.w3.org/2001/XMLSchema-instance" xsi:schemaLocation="http://www.loc.gov/mods/v3 http://www.loc.gov/standards/mods/v3/mods-3-3.xsd">
<name type="corporate">
<namePart>United States Government Publishing Office</namePart>
<role>
<roleTerm authority="marcrelator" type="text">publisher</roleTerm>
<roleTerm authority="marcrelator" type="code">pbl</roleTerm>
</role>
<role>
<roleTerm authority="marcrelator" type="text">distributor</roleTerm>
<roleTerm authority="marcrelator" type="code">dst</roleTerm>
</role>
</name>
<name type="corporate">
<namePart>United States</namePart>
<namePart>Congress</namePart>
<role>
<roleTerm authority="marcrelator" type="text">author</roleTerm>
<roleTerm authority="marcrelator" type="code">aut</roleTerm>
</role>
<description>Government Organization</description>
</name>
<typeOfResource>text</typeOfResource>
<genre authority="marcgt">government publication</genre>
<language>
<languageTerm authority="iso639-2b" type="code">eng</languageTerm>
</language>
<extension>
<collectionCode>CREC</collectionCode>
<category>Proceedings of Congress and General Congressional Publications</category>
<waisDatabaseName>2018_record</waisDatabaseName>
<branch>legislative</branch>
<dateIngested>2018-01-09</dateIngested>
</extension>
<titleInfo>
<title>TAX RELIEF IS UPON US</title>
<partName>House</partName>
</titleInfo>
<relatedItem type="otherFormat" xlink:href="https://www.gpo.gov/fdsys/pkg/CREC-2018-01-08/html/CREC-2018-01-08-pt1-PgH8-3.htm">
<identifier type="FDsys Unique ID">D09002ee197eebcfe</identifier>
</relatedItem>
<relatedItem type="otherFormat" xlink:href="https://www.gpo.gov/fdsys/pkg/CREC-2018-01-08/pdf/CREC-2018-01-08-pt1-PgH8-3.pdf">
<identifier type="FDsys Unique ID">D09002ee197eebd7d</identifier>
</relatedItem>
<identifier type="congressional record citation">164 Cong. Rec. H8</identifier>
<identifier type="uri">https://www.gpo.gov/fdsys/granule/CREC-2018-01-08/CREC-2018-01-08-pt1-PgH8-3</identifier>
<identifier type="former granule identifier">cr08ja18-58</identifier>
<location>
<url access="object in context" displayLabel="Content Detail">https://www.gpo.gov/fdsys/granule/CREC-2018-01-08/CREC-2018-01-08-pt1-PgH8-3/content-detail.html</url>
<url access="raw object" displayLabel="PDF rendition">https://www.gpo.gov/fdsys/pkg/CREC-2018-01-08/pdf/CREC-2018-01-08-pt1-PgH8-3.pdf</url>
<url access="raw object" displayLabel="HTML rendition">https://www.gpo.gov/fdsys/pkg/CREC-2018-01-08/html/CREC-2018-01-08-pt1-PgH8-3.htm</url>
</location>
<physicalDescription>
<extent>1 p.</extent>
</physicalDescription>
<part type="article">
<extent unit="pages">
<start>H8</start>
<end>H8</end>
</extent>
</part>
<name type="personal">
<namePart>Glenn Thompson</namePart>
<affiliation>United States House of Representatives</affiliation>
<role>
<roleTerm type="text">speaking</roleTerm>
</role>
<description>United States Congress Member</description>
</name>
<identifier type="preferred citation">164 Cong. Rec. H8</identifier>
<extension>
<searchTitle>TAX RELIEF IS UPON US; Congressional Record Vol. 164, No. 4</searchTitle>
<granuleClass>HOUSE</granuleClass>
<accessId>CREC-2018-01-08-pt1-PgH8-3</accessId>
<subGranuleClass>ALLOTHER</subGranuleClass>
<pagePrefix>H</pagePrefix>
<bookNumber>1</bookNumber>
<chamber>HOUSE</chamber>
<granuleDate>2018-01-08</granuleDate>
<time from="19:00:00" to="19:00:00"/>
<congMember authorityId="1952" bioGuideId="T000467" chamber="H" congress="115" gpoId="8123" party="R" role="SPEAKING" state="PA">
<name type="parsed">Mr. THOMPSON of Pennsylvania</name>
<name type="authority-fnf">Glenn Thompson</name>
<name type="authority-lnf">Thompson, Glenn</name>
</congMember>
</extension>
<relatedItem ID="P0b002ee197eeb9a0" type="host">
<titleInfo>
<title>Congressional Record</title>
<partNumber>Vol. 164, no. 4</partNumber>
</titleInfo>
<location>
<url access="object in context" displayLabel="Content Detail">https://www.gpo.gov/fdsys/pkg/CREC-2018-01-08/content-detail.html</url>
<url access="raw object" displayLabel="PDF rendition">https://www.gpo.gov/fdsys/pkg/CREC-2018-01-08/pdf/CREC-2018-01-08.pdf</url>
</location>
<part type="issue">
<extent unit="pages">
<start>H5</start>
<end>H19</end>
</extent>
<extent unit="pages">
<start>S49</start>
<end>S79</end>
</extent>
<extent unit="pages">
<start>E7</start>
<end>E12</end>
</extent>
<extent unit="pages">
<start>D12</start>
<end>D18</end>
</extent>
</part>
<originInfo>
<publisher>U.S. Government Publishing Office</publisher>
<dateIssued encoding="w3cdtf">2018-01-08</dateIssued>
<issuance>continuing</issuance>
<frequency authority="marcfrequency">daily</frequency>
</originInfo>
<physicalDescription>
<note type="source content type">deposited</note>
<digitalOrigin>born digital</digitalOrigin>
<extent>118 p.</extent>
</physicalDescription>
<classification authority="sudocs">X 1.1/A:</classification>
<classification authority="sudocs">X/A.</classification>
<identifier type="uri">https://www.gpo.gov/fdsys/pkg/CREC-2018-01-08</identifier>
<identifier type="local">P0b002ee197eeb9a0</identifier>
<identifier type="stock number">752-002-00000-2</identifier>
<identifier type="ILS system id">000568013</identifier>
<identifier type="former package identifier">cr08ja18</identifier>
<recordInfo>
<recordContentSource authority="marcorg">DGPO</recordContentSource>
<recordCreationDate encoding="w3cdtf">2018-01-09</recordCreationDate>
<recordChangeDate encoding="w3cdtf">2018-01-09</recordChangeDate>
<recordIdentifier source="DGPO">CREC-2018-01-08</recordIdentifier>
<recordOrigin>machine generated</recordOrigin>
<languageOfCataloging>
<languageTerm authority="iso639-2b" type="code">eng</languageTerm>
</languageOfCataloging>
</recordInfo>
<accessCondition type="GPO scope determination">fdlp</accessCondition>
<extension>
<docClass>CREC</docClass>
<accessId>CREC-2018-01-08</accessId>
<volume>164</volume>
<issue>4</issue>
<congress>115</congress>
<session>2</session>
<bookCount>1</bookCount>
</extension>
</relatedItem>
</mods>