<mods ID="id-CREC-2018-03-05-pt1-PgH1373-18" version="3.3" xmlns="http://www.loc.gov/mods/v3" xmlns:exslt="http://exslt.org/common" xmlns:xlink="http://www.w3.org/1999/xlink" xmlns:xsi="http://www.w3.org/2001/XMLSchema-instance" xsi:schemaLocation="http://www.loc.gov/mods/v3 http://www.loc.gov/standards/mods/v3/mods-3-3.xsd">
<name type="corporate">
<namePart>United States Government Publishing Office</namePart>
<role>
<roleTerm authority="marcrelator" type="text">publisher</roleTerm>
<roleTerm authority="marcrelator" type="code">pbl</roleTerm>
</role>
<role>
<roleTerm authority="marcrelator" type="text">distributor</roleTerm>
<roleTerm authority="marcrelator" type="code">dst</roleTerm>
</role>
</name>
<name type="corporate">
<namePart>United States</namePart>
<namePart>Congress</namePart>
<role>
<roleTerm authority="marcrelator" type="text">author</roleTerm>
<roleTerm authority="marcrelator" type="code">aut</roleTerm>
</role>
<description>Government Organization</description>
</name>
<typeOfResource>text</typeOfResource>
<genre authority="marcgt">government publication</genre>
<language>
<languageTerm authority="iso639-2b" type="code">eng</languageTerm>
</language>
<extension>
<collectionCode>CREC</collectionCode>
<category>Proceedings of Congress and General Congressional Publications</category>
<waisDatabaseName>2018_record</waisDatabaseName>
<branch>legislative</branch>
<dateIngested>2018-03-06</dateIngested>
</extension>
<titleInfo>
<title>ADDITIONAL SPONSORS</title>
<partName>House</partName>
</titleInfo>
<relatedItem type="otherFormat" xlink:href="https://www.gpo.gov/fdsys/pkg/CREC-2018-03-05/html/CREC-2018-03-05-pt1-PgH1373-18.htm">
<identifier type="FDsys Unique ID">D09002ee198b81371</identifier>
</relatedItem>
<relatedItem type="otherFormat" xlink:href="https://www.gpo.gov/fdsys/pkg/CREC-2018-03-05/pdf/CREC-2018-03-05-pt1-PgH1373-18.pdf">
<identifier type="FDsys Unique ID">D09002ee198b813bb</identifier>
</relatedItem>
<identifier type="congressional record citation">164 Cong. Rec. H1373</identifier>
<identifier type="uri">https://www.gpo.gov/fdsys/granule/CREC-2018-03-05/CREC-2018-03-05-pt1-PgH1373-18</identifier>
<identifier type="former granule identifier">cr05mr18-121</identifier>
<location>
<url access="object in context" displayLabel="Content Detail">https://www.gpo.gov/fdsys/granule/CREC-2018-03-05/CREC-2018-03-05-pt1-PgH1373-18/content-detail.html</url>
<url access="raw object" displayLabel="PDF rendition">https://www.gpo.gov/fdsys/pkg/CREC-2018-03-05/pdf/CREC-2018-03-05-pt1-PgH1373-18.pdf</url>
<url access="raw object" displayLabel="HTML rendition">https://www.gpo.gov/fdsys/pkg/CREC-2018-03-05/html/CREC-2018-03-05-pt1-PgH1373-18.htm</url>
</location>
<physicalDescription>
<extent>2 p.</extent>
</physicalDescription>
<part type="article">
<extent unit="pages">
<start>H1373</start>
<end>H1374</end>
</extent>
</part>
<identifier type="preferred citation">164 Cong. Rec. H1373</identifier>
<extension>
<searchTitle>ADDITIONAL SPONSORS; Congressional Record Vol. 164, No. 38</searchTitle>
<granuleClass>HOUSE</granuleClass>
<accessId>CREC-2018-03-05-pt1-PgH1373-18</accessId>
<subGranuleClass>HADDSPONSORS</subGranuleClass>
<pagePrefix>H</pagePrefix>
<bookNumber>1</bookNumber>
<chamber>HOUSE</chamber>
<granuleDate>2018-03-05</granuleDate>
<time from="21:15:00" to="21:15:00"/>
<bill congress="115" context="OTHER" number="8" type="HCONRES"/>
<bill congress="115" context="OTHER" number="31" type="HJRES"/>
<bill congress="115" context="OTHER" number="31" type="HRES"/>
<bill congress="115" context="OTHER" number="57" type="HR"/>
<bill congress="115" context="OTHER" number="61" type="HJRES"/>
<bill congress="115" context="OTHER" number="103" type="HR"/>
<bill congress="115" context="OTHER" number="110" type="HCONRES"/>
<bill congress="115" context="OTHER" number="130" type="HR"/>
<bill congress="115" context="OTHER" number="130" type="HJRES"/>
<bill congress="115" context="OTHER" number="131" type="HR"/>
<bill congress="115" context="OTHER" number="173" type="HR"/>
<bill congress="115" context="OTHER" number="257" type="HRES"/>
<bill congress="115" context="OTHER" number="303" type="HR"/>
<bill congress="115" context="OTHER" number="307" type="HRES"/>
<bill congress="115" context="OTHER" number="501" type="HR"/>
<bill congress="115" context="OTHER" number="553" type="HR"/>
<bill congress="115" context="OTHER" number="559" type="HR"/>
<bill congress="115" context="OTHER" number="613" type="HR"/>
<bill congress="115" context="OTHER" number="630" type="HR"/>
<bill congress="115" context="OTHER" number="644" type="HR"/>
<bill congress="115" context="OTHER" number="681" type="HR"/>
<bill congress="115" context="OTHER" number="720" type="HRES"/>
<bill congress="115" context="OTHER" number="730" type="HRES"/>
<bill congress="115" context="OTHER" number="731" type="HRES"/>
<bill congress="115" context="OTHER" number="732" type="HRES"/>
<bill congress="115" context="OTHER" number="740" type="HRES"/>
<bill congress="115" context="OTHER" number="746" type="HRES"/>
<bill congress="115" context="OTHER" number="812" type="HR"/>
<bill congress="115" context="OTHER" number="820" type="HR"/>
<bill congress="115" context="OTHER" number="846" type="HR"/>
<bill congress="115" context="OTHER" number="878" type="HR"/>
<bill congress="115" context="OTHER" number="911" type="HR"/>
<bill congress="115" context="OTHER" number="936" type="HR"/>
<bill congress="115" context="OTHER" number="947" type="HR"/>
<bill congress="115" context="OTHER" number="949" type="HR"/>
<bill congress="115" context="OTHER" number="959" type="HR"/>
<bill congress="115" context="OTHER" number="1017" type="HR"/>
<bill congress="115" context="OTHER" number="1027" type="HR"/>
<bill congress="115" context="OTHER" number="1044" type="HR"/>
<bill congress="115" context="OTHER" number="1079" type="HR"/>
<bill congress="115" context="OTHER" number="1118" type="HR"/>
<bill congress="115" context="OTHER" number="1150" type="HR"/>
<bill congress="115" context="OTHER" number="1223" type="HR"/>
<bill congress="115" context="OTHER" number="1243" type="HR"/>
<bill congress="115" context="OTHER" number="1267" type="HR"/>
<bill congress="115" context="OTHER" number="1276" type="HR"/>
<bill congress="115" context="OTHER" number="1330" type="HR"/>
<bill congress="115" context="OTHER" number="1439" type="HR"/>
<bill congress="115" context="OTHER" number="1444" type="HR"/>
<bill congress="115" context="OTHER" number="1472" type="HR"/>
<bill congress="115" context="OTHER" number="1475" type="HR"/>
<bill congress="115" context="OTHER" number="1478" type="HR"/>
<bill congress="115" context="OTHER" number="1494" type="HR"/>
<bill congress="115" context="OTHER" number="1530" type="HR"/>
<bill congress="115" context="OTHER" number="1553" type="HR"/>
<bill congress="115" context="OTHER" number="1562" type="HR"/>
<bill congress="115" context="OTHER" number="1596" type="HR"/>
<bill congress="115" context="OTHER" number="1612" type="HR"/>
<bill congress="115" context="OTHER" number="1661" type="HR"/>
<bill congress="115" context="OTHER" number="1683" type="HR"/>
<bill congress="115" context="OTHER" number="1692" type="HR"/>
<bill congress="115" context="OTHER" number="1739" type="HR"/>
<bill congress="115" context="OTHER" number="1772" type="HR"/>
<bill congress="115" context="OTHER" number="1832" type="HR"/>
<bill congress="115" context="OTHER" number="1876" type="HR"/>
<bill congress="115" context="OTHER" number="1902" type="HR"/>
<bill congress="115" context="OTHER" number="1969" type="HR"/>
<bill congress="115" context="OTHER" number="1982" type="HR"/>
<bill congress="115" context="OTHER" number="1993" type="HR"/>
<bill congress="115" context="OTHER" number="2004" type="HR"/>
<bill congress="115" context="OTHER" number="2077" type="HR"/>
<bill congress="115" context="OTHER" number="2276" type="HR"/>
<bill congress="115" context="OTHER" number="2293" type="HR"/>
<bill congress="115" context="OTHER" number="2319" type="HR"/>
<bill congress="115" context="OTHER" number="2380" type="HR"/>
<bill congress="115" context="OTHER" number="2392" type="HR"/>
<bill congress="115" context="OTHER" number="2421" type="HR"/>
<bill congress="115" context="OTHER" number="2436" type="HR"/>
<bill congress="115" context="OTHER" number="2439" type="HR"/>
<bill congress="115" context="OTHER" number="2472" type="HR"/>
<bill congress="115" context="OTHER" number="2477" type="HR"/>
<bill congress="115" context="OTHER" number="2583" type="HR"/>
<bill congress="115" context="OTHER" number="2625" type="HR"/>
<bill congress="115" context="OTHER" number="2670" type="HR"/>
<bill congress="115" context="OTHER" number="2740" type="HR"/>
<bill congress="115" context="OTHER" number="2801" type="HR"/>
<bill congress="115" context="OTHER" number="2832" type="HR"/>
<bill congress="115" context="OTHER" number="2903" type="HR"/>
<bill congress="115" context="OTHER" number="2999" type="HR"/>
<bill congress="115" context="OTHER" number="3030" type="HR"/>
<bill congress="115" context="OTHER" number="3079" type="HR"/>
<bill congress="115" context="OTHER" number="3087" type="HR"/>
<bill congress="115" context="OTHER" number="3091" type="HR"/>
<bill congress="115" context="OTHER" number="3174" type="HR"/>
<bill congress="115" context="OTHER" number="3282" type="HR"/>
<bill congress="115" context="OTHER" number="3409" type="HR"/>
<bill congress="115" context="OTHER" number="3431" type="HR"/>
<bill congress="115" context="OTHER" number="3444" type="HR"/>
<bill congress="115" context="OTHER" number="3464" type="HR"/>
<bill congress="115" context="OTHER" number="3528" type="HR"/>
<bill congress="115" context="OTHER" number="3545" type="HR"/>
<bill congress="115" context="OTHER" number="3558" type="HR"/>
<bill congress="115" context="OTHER" number="3637" type="HR"/>
<bill congress="115" context="OTHER" number="3642" type="HR"/>
<bill congress="115" context="OTHER" number="3654" type="HR"/>
<bill congress="115" context="OTHER" number="3694" type="HR"/>
<bill congress="115" context="OTHER" number="3712" type="HR"/>
<bill congress="115" context="OTHER" number="3887" type="HR"/>
<bill congress="115" context="OTHER" number="3976" type="HR"/>
<bill congress="115" context="OTHER" number="3987" type="HR"/>
<bill congress="115" context="OTHER" number="3988" type="HR"/>
<bill congress="115" context="OTHER" number="3994" type="HR"/>
<bill congress="115" context="OTHER" number="3999" type="HR"/>
<bill congress="115" context="OTHER" number="4025" type="HR"/>
<bill congress="115" context="OTHER" number="4052" type="HR"/>
<bill congress="115" context="OTHER" number="4057" type="HR"/>
<bill congress="115" context="OTHER" number="4058" type="HR"/>
<bill congress="115" context="OTHER" number="4101" type="HR"/>
<bill congress="115" context="OTHER" number="4107" type="HR"/>
<bill congress="115" context="OTHER" number="4137" type="HR"/>
<bill congress="115" context="OTHER" number="4142" type="HR"/>
<bill congress="115" context="OTHER" number="4143" type="HR"/>
<bill congress="115" context="OTHER" number="4152" type="HR"/>
<bill congress="115" context="OTHER" number="4153" type="HR"/>
<bill congress="115" context="OTHER" number="4207" type="HR"/>
<bill congress="115" context="OTHER" number="4223" type="HR"/>
<bill congress="115" context="OTHER" number="4229" type="HR"/>
<bill congress="115" context="OTHER" number="4240" type="HR"/>
<bill congress="115" context="OTHER" number="4245" type="HR"/>
<bill congress="115" context="OTHER" number="4260" type="HR"/>
<bill congress="115" context="OTHER" number="4267" type="HR"/>
<bill congress="115" context="OTHER" number="4268" type="HR"/>
<bill congress="115" context="OTHER" number="4275" type="HR"/>
<bill congress="115" context="OTHER" number="4287" type="HR"/>
<bill congress="115" context="OTHER" number="4290" type="HR"/>
<bill congress="115" context="OTHER" number="4311" type="HR"/>
<bill congress="115" context="OTHER" number="4314" type="HR"/>
<bill congress="115" context="OTHER" number="4316" type="HR"/>
<bill congress="115" context="OTHER" number="4403" type="HR"/>
<bill congress="115" context="OTHER" number="4471" type="HR"/>
<bill congress="115" context="OTHER" number="4489" type="HR"/>
<bill congress="115" context="OTHER" number="4548" type="HR"/>
<bill congress="115" context="OTHER" number="4556" type="HR"/>
<bill congress="115" context="OTHER" number="4565" type="HR"/>
<bill congress="115" context="OTHER" number="4638" type="HR"/>
<bill congress="115" context="OTHER" number="4655" type="HR"/>
<bill congress="115" context="OTHER" number="4677" type="HR"/>
<bill congress="115" context="OTHER" number="4702" type="HR"/>
<bill congress="115" context="OTHER" number="4706" type="HR"/>
<bill congress="115" context="OTHER" number="4721" type="HR"/>
<bill congress="115" context="OTHER" number="4732" type="HR"/>
<bill congress="115" context="OTHER" number="4751" type="HR"/>
<bill congress="115" context="OTHER" number="4837" type="HR"/>
<bill congress="115" context="OTHER" number="4846" type="HR"/>
<bill congress="115" context="OTHER" number="4850" type="HR"/>
<bill congress="115" context="OTHER" number="4851" type="HR"/>
<bill congress="115" context="OTHER" number="4854" type="HR"/>
<bill congress="115" context="OTHER" number="4856" type="HR"/>
<bill congress="115" context="OTHER" number="4909" type="HR"/>
<bill congress="115" context="OTHER" number="4929" type="HR"/>
<bill congress="115" context="OTHER" number="4932" type="HR"/>
<bill congress="115" context="OTHER" number="4934" type="HR"/>
<bill congress="115" context="OTHER" number="4943" type="HR"/>
<bill congress="115" context="OTHER" number="4949" type="HR"/>
<bill congress="115" context="OTHER" number="4953" type="HR"/>
<bill congress="115" context="OTHER" number="4973" type="HR"/>
<bill congress="115" context="OTHER" number="4986" type="HR"/>
<bill congress="115" context="OTHER" number="4997" type="HR"/>
<bill congress="115" context="OTHER" number="5001" type="HR"/>
<bill congress="115" context="OTHER" number="5006" type="HR"/>
<bill congress="115" context="OTHER" number="5009" type="HR"/>
<bill congress="115" context="OTHER" number="5028" type="HR"/>
<bill congress="115" context="OTHER" number="5041" type="HR"/>
<bill congress="115" context="OTHER" number="5071" type="HR"/>
<bill congress="115" context="OTHER" number="5080" type="HR"/>
<bill congress="115" context="OTHER" number="5090" type="HR"/>
<bill congress="115" context="OTHER" number="5095" type="HR"/>
<bill congress="115" context="OTHER" number="5104" type="HR"/>
<bill congress="115" context="OTHER" number="5105" type="HR"/>
<bill congress="115" context="OTHER" number="5122" type="HR"/>
</extension>
<relatedItem type="isReferencedBy">
<titleInfo>
<title>United States House Concurrent Resolution 8  (115th Congress)</title>
</titleInfo>
<identifier type="Congressional Bill citation">H. Con. Res. 8</identifier>
<extension>
<congress>115</congress>
<context>OTHER</context>
</extension>
</relatedItem>
<relatedItem type="isReferencedBy">
<titleInfo>
<title>United States House Joint Resolution 31  (115th Congress)</title>
</titleInfo>
<identifier type="Congressional Bill citation">H.J. Res. 31</identifier>
<extension>
<congress>115</congress>
<context>OTHER</context>
</extension>
</relatedItem>
<relatedItem type="isReferencedBy">
<titleInfo>
<title>United States House Resolution 31  (115th Congress)</title>
</titleInfo>
<identifier type="Congressional Bill citation">H. Res. 31</identifier>
<extension>
<congress>115</congress>
<context>OTHER</context>
</extension>
</relatedItem>
<relatedItem type="isReferencedBy">
<titleInfo>
<title>United States House Bill 57  (115th Congress)</title>
</titleInfo>
<identifier type="Congressional Bill citation">H.R. 57</identifier>
<extension>
<congress>115</congress>
<context>OTHER</context>
</extension>
</relatedItem>
<relatedItem type="isReferencedBy">
<titleInfo>
<title>United States House Joint Resolution 61  (115th Congress)</title>
</titleInfo>
<identifier type="Congressional Bill citation">H.J. Res. 61</identifier>
<extension>
<congress>115</congress>
<context>OTHER</context>
</extension>
</relatedItem>
<relatedItem type="isReferencedBy">
<titleInfo>
<title>United States House Bill 103  (115th Congress)</title>
</titleInfo>
<identifier type="Congressional Bill citation">H.R. 103</identifier>
<extension>
<congress>115</congress>
<context>OTHER</context>
</extension>
</relatedItem>
<relatedItem type="isReferencedBy">
<titleInfo>
<title>United States House Concurrent Resolution 110  (115th Congress)</title>
</titleInfo>
<identifier type="Congressional Bill citation">H. Con. Res. 110</identifier>
<extension>
<congress>115</congress>
<context>OTHER</context>
</extension>
</relatedItem>
<relatedItem type="isReferencedBy">
<titleInfo>
<title>United States House Bill 130  (115th Congress)</title>
</titleInfo>
<identifier type="Congressional Bill citation">H.R. 130</identifier>
<extension>
<congress>115</congress>
<context>OTHER</context>
</extension>
</relatedItem>
<relatedItem type="isReferencedBy">
<titleInfo>
<title>United States House Joint Resolution 130  (115th Congress)</title>
</titleInfo>
<identifier type="Congressional Bill citation">H.J. Res. 130</identifier>
<extension>
<congress>115</congress>
<context>OTHER</context>
</extension>
</relatedItem>
<relatedItem type="isReferencedBy">
<titleInfo>
<title>United States House Bill 131  (115th Congress)</title>
</titleInfo>
<identifier type="Congressional Bill citation">H.R. 131</identifier>
<extension>
<congress>115</congress>
<context>OTHER</context>
</extension>
</relatedItem>
<relatedItem type="isReferencedBy">
<titleInfo>
<title>United States House Bill 173  (115th Congress)</title>
</titleInfo>
<identifier type="Congressional Bill citation">H.R. 173</identifier>
<extension>
<congress>115</congress>
<context>OTHER</context>
</extension>
</relatedItem>
<relatedItem type="isReferencedBy">
<titleInfo>
<title>United States House Resolution 257  (115th Congress)</title>
</titleInfo>
<identifier type="Congressional Bill citation">H. Res. 257</identifier>
<extension>
<congress>115</congress>
<context>OTHER</context>
</extension>
</relatedItem>
<relatedItem type="isReferencedBy">
<titleInfo>
<title>United States House Bill 303  (115th Congress)</title>
</titleInfo>
<identifier type="Congressional Bill citation">H.R. 303</identifier>
<extension>
<congress>115</congress>
<context>OTHER</context>
</extension>
</relatedItem>
<relatedItem type="isReferencedBy">
<titleInfo>
<title>United States House Resolution 307  (115th Congress)</title>
</titleInfo>
<identifier type="Congressional Bill citation">H. Res. 307</identifier>
<extension>
<congress>115</congress>
<context>OTHER</context>
</extension>
</relatedItem>
<relatedItem type="isReferencedBy">
<titleInfo>
<title>United States House Bill 501  (115th Congress)</title>
</titleInfo>
<identifier type="Congressional Bill citation">H.R. 501</identifier>
<extension>
<congress>115</congress>
<context>OTHER</context>
</extension>
</relatedItem>
<relatedItem type="isReferencedBy">
<titleInfo>
<title>United States House Bill 553  (115th Congress)</title>
</titleInfo>
<identifier type="Congressional Bill citation">H.R. 553</identifier>
<extension>
<congress>115</congress>
<context>OTHER</context>
</extension>
</relatedItem>
<relatedItem type="isReferencedBy">
<titleInfo>
<title>United States House Bill 559  (115th Congress)</title>
</titleInfo>
<identifier type="Congressional Bill citation">H.R. 559</identifier>
<extension>
<congress>115</congress>
<context>OTHER</context>
</extension>
</relatedItem>
<relatedItem type="isReferencedBy">
<titleInfo>
<title>United States House Bill 613  (115th Congress)</title>
</titleInfo>
<identifier type="Congressional Bill citation">H.R. 613</identifier>
<extension>
<congress>115</congress>
<context>OTHER</context>
</extension>
</relatedItem>
<relatedItem type="isReferencedBy">
<titleInfo>
<title>United States House Bill 630  (115th Congress)</title>
</titleInfo>
<identifier type="Congressional Bill citation">H.R. 630</identifier>
<extension>
<congress>115</congress>
<context>OTHER</context>
</extension>
</relatedItem>
<relatedItem type="isReferencedBy">
<titleInfo>
<title>United States House Bill 644  (115th Congress)</title>
</titleInfo>
<identifier type="Congressional Bill citation">H.R. 644</identifier>
<extension>
<congress>115</congress>
<context>OTHER</context>
</extension>
</relatedItem>
<relatedItem type="isReferencedBy">
<titleInfo>
<title>United States House Bill 681  (115th Congress)</title>
</titleInfo>
<identifier type="Congressional Bill citation">H.R. 681</identifier>
<extension>
<congress>115</congress>
<context>OTHER</context>
</extension>
</relatedItem>
<relatedItem type="isReferencedBy">
<titleInfo>
<title>United States House Resolution 720  (115th Congress)</title>
</titleInfo>
<identifier type="Congressional Bill citation">H. Res. 720</identifier>
<extension>
<congress>115</congress>
<context>OTHER</context>
</extension>
</relatedItem>
<relatedItem type="isReferencedBy">
<titleInfo>
<title>United States House Resolution 730  (115th Congress)</title>
</titleInfo>
<identifier type="Congressional Bill citation">H. Res. 730</identifier>
<extension>
<congress>115</congress>
<context>OTHER</context>
</extension>
</relatedItem>
<relatedItem type="isReferencedBy">
<titleInfo>
<title>United States House Resolution 731  (115th Congress)</title>
</titleInfo>
<identifier type="Congressional Bill citation">H. Res. 731</identifier>
<extension>
<congress>115</congress>
<context>OTHER</context>
</extension>
</relatedItem>
<relatedItem type="isReferencedBy">
<titleInfo>
<title>United States House Resolution 732  (115th Congress)</title>
</titleInfo>
<identifier type="Congressional Bill citation">H. Res. 732</identifier>
<extension>
<congress>115</congress>
<context>OTHER</context>
</extension>
</relatedItem>
<relatedItem type="isReferencedBy">
<titleInfo>
<title>United States House Resolution 740  (115th Congress)</title>
</titleInfo>
<identifier type="Congressional Bill citation">H. Res. 740</identifier>
<extension>
<congress>115</congress>
<context>OTHER</context>
</extension>
</relatedItem>
<relatedItem type="isReferencedBy">
<titleInfo>
<title>United States House Resolution 746  (115th Congress)</title>
</titleInfo>
<identifier type="Congressional Bill citation">H. Res. 746</identifier>
<extension>
<congress>115</congress>
<context>OTHER</context>
</extension>
</relatedItem>
<relatedItem type="isReferencedBy">
<titleInfo>
<title>United States House Bill 812  (115th Congress)</title>
</titleInfo>
<identifier type="Congressional Bill citation">H.R. 812</identifier>
<extension>
<congress>115</congress>
<context>OTHER</context>
</extension>
</relatedItem>
<relatedItem type="isReferencedBy">
<titleInfo>
<title>United States House Bill 820  (115th Congress)</title>
</titleInfo>
<identifier type="Congressional Bill citation">H.R. 820</identifier>
<extension>
<congress>115</congress>
<context>OTHER</context>
</extension>
</relatedItem>
<relatedItem type="isReferencedBy">
<titleInfo>
<title>United States House Bill 846  (115th Congress)</title>
</titleInfo>
<identifier type="Congressional Bill citation">H.R. 846</identifier>
<extension>
<congress>115</congress>
<context>OTHER</context>
</extension>
</relatedItem>
<relatedItem type="isReferencedBy">
<titleInfo>
<title>United States House Bill 878  (115th Congress)</title>
</titleInfo>
<identifier type="Congressional Bill citation">H.R. 878</identifier>
<extension>
<congress>115</congress>
<context>OTHER</context>
</extension>
</relatedItem>
<relatedItem type="isReferencedBy">
<titleInfo>
<title>United States House Bill 911  (115th Congress)</title>
</titleInfo>
<identifier type="Congressional Bill citation">H.R. 911</identifier>
<extension>
<congress>115</congress>
<context>OTHER</context>
</extension>
</relatedItem>
<relatedItem type="isReferencedBy">
<titleInfo>
<title>United States House Bill 936  (115th Congress)</title>
</titleInfo>
<identifier type="Congressional Bill citation">H.R. 936</identifier>
<extension>
<congress>115</congress>
<context>OTHER</context>
</extension>
</relatedItem>
<relatedItem type="isReferencedBy">
<titleInfo>
<title>United States House Bill 947  (115th Congress)</title>
</titleInfo>
<identifier type="Congressional Bill citation">H.R. 947</identifier>
<extension>
<congress>115</congress>
<context>OTHER</context>
</extension>
</relatedItem>
<relatedItem type="isReferencedBy">
<titleInfo>
<title>United States House Bill 949  (115th Congress)</title>
</titleInfo>
<identifier type="Congressional Bill citation">H.R. 949</identifier>
<extension>
<congress>115</congress>
<context>OTHER</context>
</extension>
</relatedItem>
<relatedItem type="isReferencedBy">
<titleInfo>
<title>United States House Bill 959  (115th Congress)</title>
</titleInfo>
<identifier type="Congressional Bill citation">H.R. 959</identifier>
<extension>
<congress>115</congress>
<context>OTHER</context>
</extension>
</relatedItem>
<relatedItem type="isReferencedBy">
<titleInfo>
<title>United States House Bill 1017  (115th Congress)</title>
</titleInfo>
<identifier type="Congressional Bill citation">H.R. 1017</identifier>
<extension>
<congress>115</congress>
<context>OTHER</context>
</extension>
</relatedItem>
<relatedItem type="isReferencedBy">
<titleInfo>
<title>United States House Bill 1027  (115th Congress)</title>
</titleInfo>
<identifier type="Congressional Bill citation">H.R. 1027</identifier>
<extension>
<congress>115</congress>
<context>OTHER</context>
</extension>
</relatedItem>
<relatedItem type="isReferencedBy">
<titleInfo>
<title>United States House Bill 1044  (115th Congress)</title>
</titleInfo>
<identifier type="Congressional Bill citation">H.R. 1044</identifier>
<extension>
<congress>115</congress>
<context>OTHER</context>
</extension>
</relatedItem>
<relatedItem type="isReferencedBy">
<titleInfo>
<title>United States House Bill 1079  (115th Congress)</title>
</titleInfo>
<identifier type="Congressional Bill citation">H.R. 1079</identifier>
<extension>
<congress>115</congress>
<context>OTHER</context>
</extension>
</relatedItem>
<relatedItem type="isReferencedBy">
<titleInfo>
<title>United States House Bill 1118  (115th Congress)</title>
</titleInfo>
<identifier type="Congressional Bill citation">H.R. 1118</identifier>
<extension>
<congress>115</congress>
<context>OTHER</context>
</extension>
</relatedItem>
<relatedItem type="isReferencedBy">
<titleInfo>
<title>United States House Bill 1150  (115th Congress)</title>
</titleInfo>
<identifier type="Congressional Bill citation">H.R. 1150</identifier>
<extension>
<congress>115</congress>
<context>OTHER</context>
</extension>
</relatedItem>
<relatedItem type="isReferencedBy">
<titleInfo>
<title>United States House Bill 1223  (115th Congress)</title>
</titleInfo>
<identifier type="Congressional Bill citation">H.R. 1223</identifier>
<extension>
<congress>115</congress>
<context>OTHER</context>
</extension>
</relatedItem>
<relatedItem type="isReferencedBy">
<titleInfo>
<title>United States House Bill 1243  (115th Congress)</title>
</titleInfo>
<identifier type="Congressional Bill citation">H.R. 1243</identifier>
<extension>
<congress>115</congress>
<context>OTHER</context>
</extension>
</relatedItem>
<relatedItem type="isReferencedBy">
<titleInfo>
<title>United States House Bill 1267  (115th Congress)</title>
</titleInfo>
<identifier type="Congressional Bill citation">H.R. 1267</identifier>
<extension>
<congress>115</congress>
<context>OTHER</context>
</extension>
</relatedItem>
<relatedItem type="isReferencedBy">
<titleInfo>
<title>United States House Bill 1276  (115th Congress)</title>
</titleInfo>
<identifier type="Congressional Bill citation">H.R. 1276</identifier>
<extension>
<congress>115</congress>
<context>OTHER</context>
</extension>
</relatedItem>
<relatedItem type="isReferencedBy">
<titleInfo>
<title>United States House Bill 1330  (115th Congress)</title>
</titleInfo>
<identifier type="Congressional Bill citation">H.R. 1330</identifier>
<extension>
<congress>115</congress>
<context>OTHER</context>
</extension>
</relatedItem>
<relatedItem type="isReferencedBy">
<titleInfo>
<title>United States House Bill 1439  (115th Congress)</title>
</titleInfo>
<identifier type="Congressional Bill citation">H.R. 1439</identifier>
<extension>
<congress>115</congress>
<context>OTHER</context>
</extension>
</relatedItem>
<relatedItem type="isReferencedBy">
<titleInfo>
<title>United States House Bill 1444  (115th Congress)</title>
</titleInfo>
<identifier type="Congressional Bill citation">H.R. 1444</identifier>
<extension>
<congress>115</congress>
<context>OTHER</context>
</extension>
</relatedItem>
<relatedItem type="isReferencedBy">
<titleInfo>
<title>United States House Bill 1472  (115th Congress)</title>
</titleInfo>
<identifier type="Congressional Bill citation">H.R. 1472</identifier>
<extension>
<congress>115</congress>
<context>OTHER</context>
</extension>
</relatedItem>
<relatedItem type="isReferencedBy">
<titleInfo>
<title>United States House Bill 1475  (115th Congress)</title>
</titleInfo>
<identifier type="Congressional Bill citation">H.R. 1475</identifier>
<extension>
<congress>115</congress>
<context>OTHER</context>
</extension>
</relatedItem>
<relatedItem type="isReferencedBy">
<titleInfo>
<title>United States House Bill 1478  (115th Congress)</title>
</titleInfo>
<identifier type="Congressional Bill citation">H.R. 1478</identifier>
<extension>
<congress>115</congress>
<context>OTHER</context>
</extension>
</relatedItem>
<relatedItem type="isReferencedBy">
<titleInfo>
<title>United States House Bill 1494  (115th Congress)</title>
</titleInfo>
<identifier type="Congressional Bill citation">H.R. 1494</identifier>
<extension>
<congress>115</congress>
<context>OTHER</context>
</extension>
</relatedItem>
<relatedItem type="isReferencedBy">
<titleInfo>
<title>United States House Bill 1530  (115th Congress)</title>
</titleInfo>
<identifier type="Congressional Bill citation">H.R. 1530</identifier>
<extension>
<congress>115</congress>
<context>OTHER</context>
</extension>
</relatedItem>
<relatedItem type="isReferencedBy">
<titleInfo>
<title>United States House Bill 1553  (115th Congress)</title>
</titleInfo>
<identifier type="Congressional Bill citation">H.R. 1553</identifier>
<extension>
<congress>115</congress>
<context>OTHER</context>
</extension>
</relatedItem>
<relatedItem type="isReferencedBy">
<titleInfo>
<title>United States House Bill 1562  (115th Congress)</title>
</titleInfo>
<identifier type="Congressional Bill citation">H.R. 1562</identifier>
<extension>
<congress>115</congress>
<context>OTHER</context>
</extension>
</relatedItem>
<relatedItem type="isReferencedBy">
<titleInfo>
<title>United States House Bill 1596  (115th Congress)</title>
</titleInfo>
<identifier type="Congressional Bill citation">H.R. 1596</identifier>
<extension>
<congress>115</congress>
<context>OTHER</context>
</extension>
</relatedItem>
<relatedItem type="isReferencedBy">
<titleInfo>
<title>United States House Bill 1612  (115th Congress)</title>
</titleInfo>
<identifier type="Congressional Bill citation">H.R. 1612</identifier>
<extension>
<congress>115</congress>
<context>OTHER</context>
</extension>
</relatedItem>
<relatedItem type="isReferencedBy">
<titleInfo>
<title>United States House Bill 1661  (115th Congress)</title>
</titleInfo>
<identifier type="Congressional Bill citation">H.R. 1661</identifier>
<extension>
<congress>115</congress>
<context>OTHER</context>
</extension>
</relatedItem>
<relatedItem type="isReferencedBy">
<titleInfo>
<title>United States House Bill 1683  (115th Congress)</title>
</titleInfo>
<identifier type="Congressional Bill citation">H.R. 1683</identifier>
<extension>
<congress>115</congress>
<context>OTHER</context>
</extension>
</relatedItem>
<relatedItem type="isReferencedBy">
<titleInfo>
<title>United States House Bill 1692  (115th Congress)</title>
</titleInfo>
<identifier type="Congressional Bill citation">H.R. 1692</identifier>
<extension>
<congress>115</congress>
<context>OTHER</context>
</extension>
</relatedItem>
<relatedItem type="isReferencedBy">
<titleInfo>
<title>United States House Bill 1739  (115th Congress)</title>
</titleInfo>
<identifier type="Congressional Bill citation">H.R. 1739</identifier>
<extension>
<congress>115</congress>
<context>OTHER</context>
</extension>
</relatedItem>
<relatedItem type="isReferencedBy">
<titleInfo>
<title>United States House Bill 1772  (115th Congress)</title>
</titleInfo>
<identifier type="Congressional Bill citation">H.R. 1772</identifier>
<extension>
<congress>115</congress>
<context>OTHER</context>
</extension>
</relatedItem>
<relatedItem type="isReferencedBy">
<titleInfo>
<title>United States House Bill 1832  (115th Congress)</title>
</titleInfo>
<identifier type="Congressional Bill citation">H.R. 1832</identifier>
<extension>
<congress>115</congress>
<context>OTHER</context>
</extension>
</relatedItem>
<relatedItem type="isReferencedBy">
<titleInfo>
<title>United States House Bill 1876  (115th Congress)</title>
</titleInfo>
<identifier type="Congressional Bill citation">H.R. 1876</identifier>
<extension>
<congress>115</congress>
<context>OTHER</context>
</extension>
</relatedItem>
<relatedItem type="isReferencedBy">
<titleInfo>
<title>United States House Bill 1902  (115th Congress)</title>
</titleInfo>
<identifier type="Congressional Bill citation">H.R. 1902</identifier>
<extension>
<congress>115</congress>
<context>OTHER</context>
</extension>
</relatedItem>
<relatedItem type="isReferencedBy">
<titleInfo>
<title>United States House Bill 1969  (115th Congress)</title>
</titleInfo>
<identifier type="Congressional Bill citation">H.R. 1969</identifier>
<extension>
<congress>115</congress>
<context>OTHER</context>
</extension>
</relatedItem>
<relatedItem type="isReferencedBy">
<titleInfo>
<title>United States House Bill 1982  (115th Congress)</title>
</titleInfo>
<identifier type="Congressional Bill citation">H.R. 1982</identifier>
<extension>
<congress>115</congress>
<context>OTHER</context>
</extension>
</relatedItem>
<relatedItem type="isReferencedBy">
<titleInfo>
<title>United States House Bill 1993  (115th Congress)</title>
</titleInfo>
<identifier type="Congressional Bill citation">H.R. 1993</identifier>
<extension>
<congress>115</congress>
<context>OTHER</context>
</extension>
</relatedItem>
<relatedItem type="isReferencedBy">
<titleInfo>
<title>United States House Bill 2004  (115th Congress)</title>
</titleInfo>
<identifier type="Congressional Bill citation">H.R. 2004</identifier>
<extension>
<congress>115</congress>
<context>OTHER</context>
</extension>
</relatedItem>
<relatedItem type="isReferencedBy">
<titleInfo>
<title>United States House Bill 2077  (115th Congress)</title>
</titleInfo>
<identifier type="Congressional Bill citation">H.R. 2077</identifier>
<extension>
<congress>115</congress>
<context>OTHER</context>
</extension>
</relatedItem>
<relatedItem type="isReferencedBy">
<titleInfo>
<title>United States House Bill 2276  (115th Congress)</title>
</titleInfo>
<identifier type="Congressional Bill citation">H.R. 2276</identifier>
<extension>
<congress>115</congress>
<context>OTHER</context>
</extension>
</relatedItem>
<relatedItem type="isReferencedBy">
<titleInfo>
<title>United States House Bill 2293  (115th Congress)</title>
</titleInfo>
<identifier type="Congressional Bill citation">H.R. 2293</identifier>
<extension>
<congress>115</congress>
<context>OTHER</context>
</extension>
</relatedItem>
<relatedItem type="isReferencedBy">
<titleInfo>
<title>United States House Bill 2319  (115th Congress)</title>
</titleInfo>
<identifier type="Congressional Bill citation">H.R. 2319</identifier>
<extension>
<congress>115</congress>
<context>OTHER</context>
</extension>
</relatedItem>
<relatedItem type="isReferencedBy">
<titleInfo>
<title>United States House Bill 2380  (115th Congress)</title>
</titleInfo>
<identifier type="Congressional Bill citation">H.R. 2380</identifier>
<extension>
<congress>115</congress>
<context>OTHER</context>
</extension>
</relatedItem>
<relatedItem type="isReferencedBy">
<titleInfo>
<title>United States House Bill 2392  (115th Congress)</title>
</titleInfo>
<identifier type="Congressional Bill citation">H.R. 2392</identifier>
<extension>
<congress>115</congress>
<context>OTHER</context>
</extension>
</relatedItem>
<relatedItem type="isReferencedBy">
<titleInfo>
<title>United States House Bill 2421  (115th Congress)</title>
</titleInfo>
<identifier type="Congressional Bill citation">H.R. 2421</identifier>
<extension>
<congress>115</congress>
<context>OTHER</context>
</extension>
</relatedItem>
<relatedItem type="isReferencedBy">
<titleInfo>
<title>United States House Bill 2436  (115th Congress)</title>
</titleInfo>
<identifier type="Congressional Bill citation">H.R. 2436</identifier>
<extension>
<congress>115</congress>
<context>OTHER</context>
</extension>
</relatedItem>
<relatedItem type="isReferencedBy">
<titleInfo>
<title>United States House Bill 2439  (115th Congress)</title>
</titleInfo>
<identifier type="Congressional Bill citation">H.R. 2439</identifier>
<extension>
<congress>115</congress>
<context>OTHER</context>
</extension>
</relatedItem>
<relatedItem type="isReferencedBy">
<titleInfo>
<title>United States House Bill 2472  (115th Congress)</title>
</titleInfo>
<identifier type="Congressional Bill citation">H.R. 2472</identifier>
<extension>
<congress>115</congress>
<context>OTHER</context>
</extension>
</relatedItem>
<relatedItem type="isReferencedBy">
<titleInfo>
<title>United States House Bill 2477  (115th Congress)</title>
</titleInfo>
<identifier type="Congressional Bill citation">H.R. 2477</identifier>
<extension>
<congress>115</congress>
<context>OTHER</context>
</extension>
</relatedItem>
<relatedItem type="isReferencedBy">
<titleInfo>
<title>United States House Bill 2583  (115th Congress)</title>
</titleInfo>
<identifier type="Congressional Bill citation">H.R. 2583</identifier>
<extension>
<congress>115</congress>
<context>OTHER</context>
</extension>
</relatedItem>
<relatedItem type="isReferencedBy">
<titleInfo>
<title>United States House Bill 2625  (115th Congress)</title>
</titleInfo>
<identifier type="Congressional Bill citation">H.R. 2625</identifier>
<extension>
<congress>115</congress>
<context>OTHER</context>
</extension>
</relatedItem>
<relatedItem type="isReferencedBy">
<titleInfo>
<title>United States House Bill 2670  (115th Congress)</title>
</titleInfo>
<identifier type="Congressional Bill citation">H.R. 2670</identifier>
<extension>
<congress>115</congress>
<context>OTHER</context>
</extension>
</relatedItem>
<relatedItem type="isReferencedBy">
<titleInfo>
<title>United States House Bill 2740  (115th Congress)</title>
</titleInfo>
<identifier type="Congressional Bill citation">H.R. 2740</identifier>
<extension>
<congress>115</congress>
<context>OTHER</context>
</extension>
</relatedItem>
<relatedItem type="isReferencedBy">
<titleInfo>
<title>United States House Bill 2801  (115th Congress)</title>
</titleInfo>
<identifier type="Congressional Bill citation">H.R. 2801</identifier>
<extension>
<congress>115</congress>
<context>OTHER</context>
</extension>
</relatedItem>
<relatedItem type="isReferencedBy">
<titleInfo>
<title>United States House Bill 2832  (115th Congress)</title>
</titleInfo>
<identifier type="Congressional Bill citation">H.R. 2832</identifier>
<extension>
<congress>115</congress>
<context>OTHER</context>
</extension>
</relatedItem>
<relatedItem type="isReferencedBy">
<titleInfo>
<title>United States House Bill 2903  (115th Congress)</title>
</titleInfo>
<identifier type="Congressional Bill citation">H.R. 2903</identifier>
<extension>
<congress>115</congress>
<context>OTHER</context>
</extension>
</relatedItem>
<relatedItem type="isReferencedBy">
<titleInfo>
<title>United States House Bill 2999  (115th Congress)</title>
</titleInfo>
<identifier type="Congressional Bill citation">H.R. 2999</identifier>
<extension>
<congress>115</congress>
<context>OTHER</context>
</extension>
</relatedItem>
<relatedItem type="isReferencedBy">
<titleInfo>
<title>United States House Bill 3030  (115th Congress)</title>
</titleInfo>
<identifier type="Congressional Bill citation">H.R. 3030</identifier>
<extension>
<congress>115</congress>
<context>OTHER</context>
</extension>
</relatedItem>
<relatedItem type="isReferencedBy">
<titleInfo>
<title>United States House Bill 3079  (115th Congress)</title>
</titleInfo>
<identifier type="Congressional Bill citation">H.R. 3079</identifier>
<extension>
<congress>115</congress>
<context>OTHER</context>
</extension>
</relatedItem>
<relatedItem type="isReferencedBy">
<titleInfo>
<title>United States House Bill 3087  (115th Congress)</title>
</titleInfo>
<identifier type="Congressional Bill citation">H.R. 3087</identifier>
<extension>
<congress>115</congress>
<context>OTHER</context>
</extension>
</relatedItem>
<relatedItem type="isReferencedBy">
<titleInfo>
<title>United States House Bill 3091  (115th Congress)</title>
</titleInfo>
<identifier type="Congressional Bill citation">H.R. 3091</identifier>
<extension>
<congress>115</congress>
<context>OTHER</context>
</extension>
</relatedItem>
<relatedItem type="isReferencedBy">
<titleInfo>
<title>United States House Bill 3174  (115th Congress)</title>
</titleInfo>
<identifier type="Congressional Bill citation">H.R. 3174</identifier>
<extension>
<congress>115</congress>
<context>OTHER</context>
</extension>
</relatedItem>
<relatedItem type="isReferencedBy">
<titleInfo>
<title>United States House Bill 3282  (115th Congress)</title>
</titleInfo>
<identifier type="Congressional Bill citation">H.R. 3282</identifier>
<extension>
<congress>115</congress>
<context>OTHER</context>
</extension>
</relatedItem>
<relatedItem type="isReferencedBy">
<titleInfo>
<title>United States House Bill 3409  (115th Congress)</title>
</titleInfo>
<identifier type="Congressional Bill citation">H.R. 3409</identifier>
<extension>
<congress>115</congress>
<context>OTHER</context>
</extension>
</relatedItem>
<relatedItem type="isReferencedBy">
<titleInfo>
<title>United States House Bill 3431  (115th Congress)</title>
</titleInfo>
<identifier type="Congressional Bill citation">H.R. 3431</identifier>
<extension>
<congress>115</congress>
<context>OTHER</context>
</extension>
</relatedItem>
<relatedItem type="isReferencedBy">
<titleInfo>
<title>United States House Bill 3444  (115th Congress)</title>
</titleInfo>
<identifier type="Congressional Bill citation">H.R. 3444</identifier>
<extension>
<congress>115</congress>
<context>OTHER</context>
</extension>
</relatedItem>
<relatedItem type="isReferencedBy">
<titleInfo>
<title>United States House Bill 3464  (115th Congress)</title>
</titleInfo>
<identifier type="Congressional Bill citation">H.R. 3464</identifier>
<extension>
<congress>115</congress>
<context>OTHER</context>
</extension>
</relatedItem>
<relatedItem type="isReferencedBy">
<titleInfo>
<title>United States House Bill 3528  (115th Congress)</title>
</titleInfo>
<identifier type="Congressional Bill citation">H.R. 3528</identifier>
<extension>
<congress>115</congress>
<context>OTHER</context>
</extension>
</relatedItem>
<relatedItem type="isReferencedBy">
<titleInfo>
<title>United States House Bill 3545  (115th Congress)</title>
</titleInfo>
<identifier type="Congressional Bill citation">H.R. 3545</identifier>
<extension>
<congress>115</congress>
<context>OTHER</context>
</extension>
</relatedItem>
<relatedItem type="isReferencedBy">
<titleInfo>
<title>United States House Bill 3558  (115th Congress)</title>
</titleInfo>
<identifier type="Congressional Bill citation">H.R. 3558</identifier>
<extension>
<congress>115</congress>
<context>OTHER</context>
</extension>
</relatedItem>
<relatedItem type="isReferencedBy">
<titleInfo>
<title>United States House Bill 3637  (115th Congress)</title>
</titleInfo>
<identifier type="Congressional Bill citation">H.R. 3637</identifier>
<extension>
<congress>115</congress>
<context>OTHER</context>
</extension>
</relatedItem>
<relatedItem type="isReferencedBy">
<titleInfo>
<title>United States House Bill 3642  (115th Congress)</title>
</titleInfo>
<identifier type="Congressional Bill citation">H.R. 3642</identifier>
<extension>
<congress>115</congress>
<context>OTHER</context>
</extension>
</relatedItem>
<relatedItem type="isReferencedBy">
<titleInfo>
<title>United States House Bill 3654  (115th Congress)</title>
</titleInfo>
<identifier type="Congressional Bill citation">H.R. 3654</identifier>
<extension>
<congress>115</congress>
<context>OTHER</context>
</extension>
</relatedItem>
<relatedItem type="isReferencedBy">
<titleInfo>
<title>United States House Bill 3694  (115th Congress)</title>
</titleInfo>
<identifier type="Congressional Bill citation">H.R. 3694</identifier>
<extension>
<congress>115</congress>
<context>OTHER</context>
</extension>
</relatedItem>
<relatedItem type="isReferencedBy">
<titleInfo>
<title>United States House Bill 3712  (115th Congress)</title>
</titleInfo>
<identifier type="Congressional Bill citation">H.R. 3712</identifier>
<extension>
<congress>115</congress>
<context>OTHER</context>
</extension>
</relatedItem>
<relatedItem type="isReferencedBy">
<titleInfo>
<title>United States House Bill 3887  (115th Congress)</title>
</titleInfo>
<identifier type="Congressional Bill citation">H.R. 3887</identifier>
<extension>
<congress>115</congress>
<context>OTHER</context>
</extension>
</relatedItem>
<relatedItem type="isReferencedBy">
<titleInfo>
<title>United States House Bill 3976  (115th Congress)</title>
</titleInfo>
<identifier type="Congressional Bill citation">H.R. 3976</identifier>
<extension>
<congress>115</congress>
<context>OTHER</context>
</extension>
</relatedItem>
<relatedItem type="isReferencedBy">
<titleInfo>
<title>United States House Bill 3987  (115th Congress)</title>
</titleInfo>
<identifier type="Congressional Bill citation">H.R. 3987</identifier>
<extension>
<congress>115</congress>
<context>OTHER</context>
</extension>
</relatedItem>
<relatedItem type="isReferencedBy">
<titleInfo>
<title>United States House Bill 3988  (115th Congress)</title>
</titleInfo>
<identifier type="Congressional Bill citation">H.R. 3988</identifier>
<extension>
<congress>115</congress>
<context>OTHER</context>
</extension>
</relatedItem>
<relatedItem type="isReferencedBy">
<titleInfo>
<title>United States House Bill 3994  (115th Congress)</title>
</titleInfo>
<identifier type="Congressional Bill citation">H.R. 3994</identifier>
<extension>
<congress>115</congress>
<context>OTHER</context>
</extension>
</relatedItem>
<relatedItem type="isReferencedBy">
<titleInfo>
<title>United States House Bill 3999  (115th Congress)</title>
</titleInfo>
<identifier type="Congressional Bill citation">H.R. 3999</identifier>
<extension>
<congress>115</congress>
<context>OTHER</context>
</extension>
</relatedItem>
<relatedItem type="isReferencedBy">
<titleInfo>
<title>United States House Bill 4025  (115th Congress)</title>
</titleInfo>
<identifier type="Congressional Bill citation">H.R. 4025</identifier>
<extension>
<congress>115</congress>
<context>OTHER</context>
</extension>
</relatedItem>
<relatedItem type="isReferencedBy">
<titleInfo>
<title>United States House Bill 4052  (115th Congress)</title>
</titleInfo>
<identifier type="Congressional Bill citation">H.R. 4052</identifier>
<extension>
<congress>115</congress>
<context>OTHER</context>
</extension>
</relatedItem>
<relatedItem type="isReferencedBy">
<titleInfo>
<title>United States House Bill 4057  (115th Congress)</title>
</titleInfo>
<identifier type="Congressional Bill citation">H.R. 4057</identifier>
<extension>
<congress>115</congress>
<context>OTHER</context>
</extension>
</relatedItem>
<relatedItem type="isReferencedBy">
<titleInfo>
<title>United States House Bill 4058  (115th Congress)</title>
</titleInfo>
<identifier type="Congressional Bill citation">H.R. 4058</identifier>
<extension>
<congress>115</congress>
<context>OTHER</context>
</extension>
</relatedItem>
<relatedItem type="isReferencedBy">
<titleInfo>
<title>United States House Bill 4101  (115th Congress)</title>
</titleInfo>
<identifier type="Congressional Bill citation">H.R. 4101</identifier>
<extension>
<congress>115</congress>
<context>OTHER</context>
</extension>
</relatedItem>
<relatedItem type="isReferencedBy">
<titleInfo>
<title>United States House Bill 4107  (115th Congress)</title>
</titleInfo>
<identifier type="Congressional Bill citation">H.R. 4107</identifier>
<extension>
<congress>115</congress>
<context>OTHER</context>
</extension>
</relatedItem>
<relatedItem type="isReferencedBy">
<titleInfo>
<title>United States House Bill 4137  (115th Congress)</title>
</titleInfo>
<identifier type="Congressional Bill citation">H.R. 4137</identifier>
<extension>
<congress>115</congress>
<context>OTHER</context>
</extension>
</relatedItem>
<relatedItem type="isReferencedBy">
<titleInfo>
<title>United States House Bill 4142  (115th Congress)</title>
</titleInfo>
<identifier type="Congressional Bill citation">H.R. 4142</identifier>
<extension>
<congress>115</congress>
<context>OTHER</context>
</extension>
</relatedItem>
<relatedItem type="isReferencedBy">
<titleInfo>
<title>United States House Bill 4143  (115th Congress)</title>
</titleInfo>
<identifier type="Congressional Bill citation">H.R. 4143</identifier>
<extension>
<congress>115</congress>
<context>OTHER</context>
</extension>
</relatedItem>
<relatedItem type="isReferencedBy">
<titleInfo>
<title>United States House Bill 4152  (115th Congress)</title>
</titleInfo>
<identifier type="Congressional Bill citation">H.R. 4152</identifier>
<extension>
<congress>115</congress>
<context>OTHER</context>
</extension>
</relatedItem>
<relatedItem type="isReferencedBy">
<titleInfo>
<title>United States House Bill 4153  (115th Congress)</title>
</titleInfo>
<identifier type="Congressional Bill citation">H.R. 4153</identifier>
<extension>
<congress>115</congress>
<context>OTHER</context>
</extension>
</relatedItem>
<relatedItem type="isReferencedBy">
<titleInfo>
<title>United States House Bill 4207  (115th Congress)</title>
</titleInfo>
<identifier type="Congressional Bill citation">H.R. 4207</identifier>
<extension>
<congress>115</congress>
<context>OTHER</context>
</extension>
</relatedItem>
<relatedItem type="isReferencedBy">
<titleInfo>
<title>United States House Bill 4223  (115th Congress)</title>
</titleInfo>
<identifier type="Congressional Bill citation">H.R. 4223</identifier>
<extension>
<congress>115</congress>
<context>OTHER</context>
</extension>
</relatedItem>
<relatedItem type="isReferencedBy">
<titleInfo>
<title>United States House Bill 4229  (115th Congress)</title>
</titleInfo>
<identifier type="Congressional Bill citation">H.R. 4229</identifier>
<extension>
<congress>115</congress>
<context>OTHER</context>
</extension>
</relatedItem>
<relatedItem type="isReferencedBy">
<titleInfo>
<title>United States House Bill 4240  (115th Congress)</title>
</titleInfo>
<identifier type="Congressional Bill citation">H.R. 4240</identifier>
<extension>
<congress>115</congress>
<context>OTHER</context>
</extension>
</relatedItem>
<relatedItem type="isReferencedBy">
<titleInfo>
<title>United States House Bill 4245  (115th Congress)</title>
</titleInfo>
<identifier type="Congressional Bill citation">H.R. 4245</identifier>
<extension>
<congress>115</congress>
<context>OTHER</context>
</extension>
</relatedItem>
<relatedItem type="isReferencedBy">
<titleInfo>
<title>United States House Bill 4260  (115th Congress)</title>
</titleInfo>
<identifier type="Congressional Bill citation">H.R. 4260</identifier>
<extension>
<congress>115</congress>
<context>OTHER</context>
</extension>
</relatedItem>
<relatedItem type="isReferencedBy">
<titleInfo>
<title>United States House Bill 4267  (115th Congress)</title>
</titleInfo>
<identifier type="Congressional Bill citation">H.R. 4267</identifier>
<extension>
<congress>115</congress>
<context>OTHER</context>
</extension>
</relatedItem>
<relatedItem type="isReferencedBy">
<titleInfo>
<title>United States House Bill 4268  (115th Congress)</title>
</titleInfo>
<identifier type="Congressional Bill citation">H.R. 4268</identifier>
<extension>
<congress>115</congress>
<context>OTHER</context>
</extension>
</relatedItem>
<relatedItem type="isReferencedBy">
<titleInfo>
<title>United States House Bill 4275  (115th Congress)</title>
</titleInfo>
<identifier type="Congressional Bill citation">H.R. 4275</identifier>
<extension>
<congress>115</congress>
<context>OTHER</context>
</extension>
</relatedItem>
<relatedItem type="isReferencedBy">
<titleInfo>
<title>United States House Bill 4287  (115th Congress)</title>
</titleInfo>
<identifier type="Congressional Bill citation">H.R. 4287</identifier>
<extension>
<congress>115</congress>
<context>OTHER</context>
</extension>
</relatedItem>
<relatedItem type="isReferencedBy">
<titleInfo>
<title>United States House Bill 4290  (115th Congress)</title>
</titleInfo>
<identifier type="Congressional Bill citation">H.R. 4290</identifier>
<extension>
<congress>115</congress>
<context>OTHER</context>
</extension>
</relatedItem>
<relatedItem type="isReferencedBy">
<titleInfo>
<title>United States House Bill 4311  (115th Congress)</title>
</titleInfo>
<identifier type="Congressional Bill citation">H.R. 4311</identifier>
<extension>
<congress>115</congress>
<context>OTHER</context>
</extension>
</relatedItem>
<relatedItem type="isReferencedBy">
<titleInfo>
<title>United States House Bill 4314  (115th Congress)</title>
</titleInfo>
<identifier type="Congressional Bill citation">H.R. 4314</identifier>
<extension>
<congress>115</congress>
<context>OTHER</context>
</extension>
</relatedItem>
<relatedItem type="isReferencedBy">
<titleInfo>
<title>United States House Bill 4316  (115th Congress)</title>
</titleInfo>
<identifier type="Congressional Bill citation">H.R. 4316</identifier>
<extension>
<congress>115</congress>
<context>OTHER</context>
</extension>
</relatedItem>
<relatedItem type="isReferencedBy">
<titleInfo>
<title>United States House Bill 4403  (115th Congress)</title>
</titleInfo>
<identifier type="Congressional Bill citation">H.R. 4403</identifier>
<extension>
<congress>115</congress>
<context>OTHER</context>
</extension>
</relatedItem>
<relatedItem type="isReferencedBy">
<titleInfo>
<title>United States House Bill 4471  (115th Congress)</title>
</titleInfo>
<identifier type="Congressional Bill citation">H.R. 4471</identifier>
<extension>
<congress>115</congress>
<context>OTHER</context>
</extension>
</relatedItem>
<relatedItem type="isReferencedBy">
<titleInfo>
<title>United States House Bill 4489  (115th Congress)</title>
</titleInfo>
<identifier type="Congressional Bill citation">H.R. 4489</identifier>
<extension>
<congress>115</congress>
<context>OTHER</context>
</extension>
</relatedItem>
<relatedItem type="isReferencedBy">
<titleInfo>
<title>United States House Bill 4548  (115th Congress)</title>
</titleInfo>
<identifier type="Congressional Bill citation">H.R. 4548</identifier>
<extension>
<congress>115</congress>
<context>OTHER</context>
</extension>
</relatedItem>
<relatedItem type="isReferencedBy">
<titleInfo>
<title>United States House Bill 4556  (115th Congress)</title>
</titleInfo>
<identifier type="Congressional Bill citation">H.R. 4556</identifier>
<extension>
<congress>115</congress>
<context>OTHER</context>
</extension>
</relatedItem>
<relatedItem type="isReferencedBy">
<titleInfo>
<title>United States House Bill 4565  (115th Congress)</title>
</titleInfo>
<identifier type="Congressional Bill citation">H.R. 4565</identifier>
<extension>
<congress>115</congress>
<context>OTHER</context>
</extension>
</relatedItem>
<relatedItem type="isReferencedBy">
<titleInfo>
<title>United States House Bill 4638  (115th Congress)</title>
</titleInfo>
<identifier type="Congressional Bill citation">H.R. 4638</identifier>
<extension>
<congress>115</congress>
<context>OTHER</context>
</extension>
</relatedItem>
<relatedItem type="isReferencedBy">
<titleInfo>
<title>United States House Bill 4655  (115th Congress)</title>
</titleInfo>
<identifier type="Congressional Bill citation">H.R. 4655</identifier>
<extension>
<congress>115</congress>
<context>OTHER</context>
</extension>
</relatedItem>
<relatedItem type="isReferencedBy">
<titleInfo>
<title>United States House Bill 4677  (115th Congress)</title>
</titleInfo>
<identifier type="Congressional Bill citation">H.R. 4677</identifier>
<extension>
<congress>115</congress>
<context>OTHER</context>
</extension>
</relatedItem>
<relatedItem type="isReferencedBy">
<titleInfo>
<title>United States House Bill 4702  (115th Congress)</title>
</titleInfo>
<identifier type="Congressional Bill citation">H.R. 4702</identifier>
<extension>
<congress>115</congress>
<context>OTHER</context>
</extension>
</relatedItem>
<relatedItem type="isReferencedBy">
<titleInfo>
<title>United States House Bill 4706  (115th Congress)</title>
</titleInfo>
<identifier type="Congressional Bill citation">H.R. 4706</identifier>
<extension>
<congress>115</congress>
<context>OTHER</context>
</extension>
</relatedItem>
<relatedItem type="isReferencedBy">
<titleInfo>
<title>United States House Bill 4721  (115th Congress)</title>
</titleInfo>
<identifier type="Congressional Bill citation">H.R. 4721</identifier>
<extension>
<congress>115</congress>
<context>OTHER</context>
</extension>
</relatedItem>
<relatedItem type="isReferencedBy">
<titleInfo>
<title>United States House Bill 4732  (115th Congress)</title>
</titleInfo>
<identifier type="Congressional Bill citation">H.R. 4732</identifier>
<extension>
<congress>115</congress>
<context>OTHER</context>
</extension>
</relatedItem>
<relatedItem type="isReferencedBy">
<titleInfo>
<title>United States House Bill 4751  (115th Congress)</title>
</titleInfo>
<identifier type="Congressional Bill citation">H.R. 4751</identifier>
<extension>
<congress>115</congress>
<context>OTHER</context>
</extension>
</relatedItem>
<relatedItem type="isReferencedBy">
<titleInfo>
<title>United States House Bill 4837  (115th Congress)</title>
</titleInfo>
<identifier type="Congressional Bill citation">H.R. 4837</identifier>
<extension>
<congress>115</congress>
<context>OTHER</context>
</extension>
</relatedItem>
<relatedItem type="isReferencedBy">
<titleInfo>
<title>United States House Bill 4846  (115th Congress)</title>
</titleInfo>
<identifier type="Congressional Bill citation">H.R. 4846</identifier>
<extension>
<congress>115</congress>
<context>OTHER</context>
</extension>
</relatedItem>
<relatedItem type="isReferencedBy">
<titleInfo>
<title>United States House Bill 4850  (115th Congress)</title>
</titleInfo>
<identifier type="Congressional Bill citation">H.R. 4850</identifier>
<extension>
<congress>115</congress>
<context>OTHER</context>
</extension>
</relatedItem>
<relatedItem type="isReferencedBy">
<titleInfo>
<title>United States House Bill 4851  (115th Congress)</title>
</titleInfo>
<identifier type="Congressional Bill citation">H.R. 4851</identifier>
<extension>
<congress>115</congress>
<context>OTHER</context>
</extension>
</relatedItem>
<relatedItem type="isReferencedBy">
<titleInfo>
<title>United States House Bill 4854  (115th Congress)</title>
</titleInfo>
<identifier type="Congressional Bill citation">H.R. 4854</identifier>
<extension>
<congress>115</congress>
<context>OTHER</context>
</extension>
</relatedItem>
<relatedItem type="isReferencedBy">
<titleInfo>
<title>United States House Bill 4856  (115th Congress)</title>
</titleInfo>
<identifier type="Congressional Bill citation">H.R. 4856</identifier>
<extension>
<congress>115</congress>
<context>OTHER</context>
</extension>
</relatedItem>
<relatedItem type="isReferencedBy">
<titleInfo>
<title>United States House Bill 4909  (115th Congress)</title>
</titleInfo>
<identifier type="Congressional Bill citation">H.R. 4909</identifier>
<extension>
<congress>115</congress>
<context>OTHER</context>
</extension>
</relatedItem>
<relatedItem type="isReferencedBy">
<titleInfo>
<title>United States House Bill 4929  (115th Congress)</title>
</titleInfo>
<identifier type="Congressional Bill citation">H.R. 4929</identifier>
<extension>
<congress>115</congress>
<context>OTHER</context>
</extension>
</relatedItem>
<relatedItem type="isReferencedBy">
<titleInfo>
<title>United States House Bill 4932  (115th Congress)</title>
</titleInfo>
<identifier type="Congressional Bill citation">H.R. 4932</identifier>
<extension>
<congress>115</congress>
<context>OTHER</context>
</extension>
</relatedItem>
<relatedItem type="isReferencedBy">
<titleInfo>
<title>United States House Bill 4934  (115th Congress)</title>
</titleInfo>
<identifier type="Congressional Bill citation">H.R. 4934</identifier>
<extension>
<congress>115</congress>
<context>OTHER</context>
</extension>
</relatedItem>
<relatedItem type="isReferencedBy">
<titleInfo>
<title>United States House Bill 4943  (115th Congress)</title>
</titleInfo>
<identifier type="Congressional Bill citation">H.R. 4943</identifier>
<extension>
<congress>115</congress>
<context>OTHER</context>
</extension>
</relatedItem>
<relatedItem type="isReferencedBy">
<titleInfo>
<title>United States House Bill 4949  (115th Congress)</title>
</titleInfo>
<identifier type="Congressional Bill citation">H.R. 4949</identifier>
<extension>
<congress>115</congress>
<context>OTHER</context>
</extension>
</relatedItem>
<relatedItem type="isReferencedBy">
<titleInfo>
<title>United States House Bill 4953  (115th Congress)</title>
</titleInfo>
<identifier type="Congressional Bill citation">H.R. 4953</identifier>
<extension>
<congress>115</congress>
<context>OTHER</context>
</extension>
</relatedItem>
<relatedItem type="isReferencedBy">
<titleInfo>
<title>United States House Bill 4973  (115th Congress)</title>
</titleInfo>
<identifier type="Congressional Bill citation">H.R. 4973</identifier>
<extension>
<congress>115</congress>
<context>OTHER</context>
</extension>
</relatedItem>
<relatedItem type="isReferencedBy">
<titleInfo>
<title>United States House Bill 4986  (115th Congress)</title>
</titleInfo>
<identifier type="Congressional Bill citation">H.R. 4986</identifier>
<extension>
<congress>115</congress>
<context>OTHER</context>
</extension>
</relatedItem>
<relatedItem type="isReferencedBy">
<titleInfo>
<title>United States House Bill 4997  (115th Congress)</title>
</titleInfo>
<identifier type="Congressional Bill citation">H.R. 4997</identifier>
<extension>
<congress>115</congress>
<context>OTHER</context>
</extension>
</relatedItem>
<relatedItem type="isReferencedBy">
<titleInfo>
<title>United States House Bill 5001  (115th Congress)</title>
</titleInfo>
<identifier type="Congressional Bill citation">H.R. 5001</identifier>
<extension>
<congress>115</congress>
<context>OTHER</context>
</extension>
</relatedItem>
<relatedItem type="isReferencedBy">
<titleInfo>
<title>United States House Bill 5006  (115th Congress)</title>
</titleInfo>
<identifier type="Congressional Bill citation">H.R. 5006</identifier>
<extension>
<congress>115</congress>
<context>OTHER</context>
</extension>
</relatedItem>
<relatedItem type="isReferencedBy">
<titleInfo>
<title>United States House Bill 5009  (115th Congress)</title>
</titleInfo>
<identifier type="Congressional Bill citation">H.R. 5009</identifier>
<extension>
<congress>115</congress>
<context>OTHER</context>
</extension>
</relatedItem>
<relatedItem type="isReferencedBy">
<titleInfo>
<title>United States House Bill 5028  (115th Congress)</title>
</titleInfo>
<identifier type="Congressional Bill citation">H.R. 5028</identifier>
<extension>
<congress>115</congress>
<context>OTHER</context>
</extension>
</relatedItem>
<relatedItem type="isReferencedBy">
<titleInfo>
<title>United States House Bill 5041  (115th Congress)</title>
</titleInfo>
<identifier type="Congressional Bill citation">H.R. 5041</identifier>
<extension>
<congress>115</congress>
<context>OTHER</context>
</extension>
</relatedItem>
<relatedItem type="isReferencedBy">
<titleInfo>
<title>United States House Bill 5071  (115th Congress)</title>
</titleInfo>
<identifier type="Congressional Bill citation">H.R. 5071</identifier>
<extension>
<congress>115</congress>
<context>OTHER</context>
</extension>
</relatedItem>
<relatedItem type="isReferencedBy">
<titleInfo>
<title>United States House Bill 5080  (115th Congress)</title>
</titleInfo>
<identifier type="Congressional Bill citation">H.R. 5080</identifier>
<extension>
<congress>115</congress>
<context>OTHER</context>
</extension>
</relatedItem>
<relatedItem type="isReferencedBy">
<titleInfo>
<title>United States House Bill 5090  (115th Congress)</title>
</titleInfo>
<identifier type="Congressional Bill citation">H.R. 5090</identifier>
<extension>
<congress>115</congress>
<context>OTHER</context>
</extension>
</relatedItem>
<relatedItem type="isReferencedBy">
<titleInfo>
<title>United States House Bill 5095  (115th Congress)</title>
</titleInfo>
<identifier type="Congressional Bill citation">H.R. 5095</identifier>
<extension>
<congress>115</congress>
<context>OTHER</context>
</extension>
</relatedItem>
<relatedItem type="isReferencedBy">
<titleInfo>
<title>United States House Bill 5104  (115th Congress)</title>
</titleInfo>
<identifier type="Congressional Bill citation">H.R. 5104</identifier>
<extension>
<congress>115</congress>
<context>OTHER</context>
</extension>
</relatedItem>
<relatedItem type="isReferencedBy">
<titleInfo>
<title>United States House Bill 5105  (115th Congress)</title>
</titleInfo>
<identifier type="Congressional Bill citation">H.R. 5105</identifier>
<extension>
<congress>115</congress>
<context>OTHER</context>
</extension>
</relatedItem>
<relatedItem type="isReferencedBy">
<titleInfo>
<title>United States House Bill 5122  (115th Congress)</title>
</titleInfo>
<identifier type="Congressional Bill citation">H.R. 5122</identifier>
<extension>
<congress>115</congress>
<context>OTHER</context>
</extension>
</relatedItem>
<relatedItem ID="P0b002ee198b76f53" type="host">
<titleInfo>
<title>Congressional Record</title>
<partNumber>Vol. 164, no. 38</partNumber>
</titleInfo>
<location>
<url access="object in context" displayLabel="Content Detail">https://www.gpo.gov/fdsys/pkg/CREC-2018-03-05/content-detail.html</url>
<url access="raw object" displayLabel="PDF rendition">https://www.gpo.gov/fdsys/pkg/CREC-2018-03-05/pdf/CREC-2018-03-05.pdf</url>
</location>
<part type="issue">
<extent unit="pages">
<start>H1345</start>
<end>H1374</end>
</extent>
<extent unit="pages">
<start>S1325</start>
<end>S1342</end>
</extent>
<extent unit="pages">
<start>E251</start>
<end>E262</end>
</extent>
<extent unit="pages">
<start>D218</start>
<end>D224</end>
</extent>
</part>
<originInfo>
<publisher>U.S. Government Publishing Office</publisher>
<dateIssued encoding="w3cdtf">2018-03-05</dateIssued>
<issuance>continuing</issuance>
<frequency authority="marcfrequency">daily</frequency>
</originInfo>
<physicalDescription>
<note type="source content type">deposited</note>
<digitalOrigin>born digital</digitalOrigin>
<extent>134 p.</extent>
</physicalDescription>
<classification authority="sudocs">X 1.1/A:</classification>
<classification authority="sudocs">X/A.</classification>
<identifier type="uri">https://www.gpo.gov/fdsys/pkg/CREC-2018-03-05</identifier>
<identifier type="local">P0b002ee198b76f53</identifier>
<identifier type="stock number">752-002-00000-2</identifier>
<identifier type="ILS system id">000568013</identifier>
<identifier type="former package identifier">cr05mr18</identifier>
<recordInfo>
<recordContentSource authority="marcorg">DGPO</recordContentSource>
<recordCreationDate encoding="w3cdtf">2018-03-06</recordCreationDate>
<recordChangeDate encoding="w3cdtf">2018-03-06</recordChangeDate>
<recordIdentifier source="DGPO">CREC-2018-03-05</recordIdentifier>
<recordOrigin>machine generated</recordOrigin>
<languageOfCataloging>
<languageTerm authority="iso639-2b" type="code">eng</languageTerm>
</languageOfCataloging>
</recordInfo>
<accessCondition type="GPO scope determination">fdlp</accessCondition>
<extension>
<docClass>CREC</docClass>
<accessId>CREC-2018-03-05</accessId>
<volume>164</volume>
<issue>38</issue>
<congress>115</congress>
<session>2</session>
<bookCount>1</bookCount>
</extension>
</relatedItem>
</mods>