<mods ID="id-CREC-2018-01-10-pt1-PgS141-4" version="3.3" xmlns="http://www.loc.gov/mods/v3" xmlns:exslt="http://exslt.org/common" xmlns:xlink="http://www.w3.org/1999/xlink" xmlns:xsi="http://www.w3.org/2001/XMLSchema-instance" xsi:schemaLocation="http://www.loc.gov/mods/v3 http://www.loc.gov/standards/mods/v3/mods-3-3.xsd">
<name type="corporate">
<namePart>United States Government Publishing Office</namePart>
<role>
<roleTerm authority="marcrelator" type="text">publisher</roleTerm>
<roleTerm authority="marcrelator" type="code">pbl</roleTerm>
</role>
<role>
<roleTerm authority="marcrelator" type="text">distributor</roleTerm>
<roleTerm authority="marcrelator" type="code">dst</roleTerm>
</role>
</name>
<name type="corporate">
<namePart>United States</namePart>
<namePart>Congress</namePart>
<role>
<roleTerm authority="marcrelator" type="text">author</roleTerm>
<roleTerm authority="marcrelator" type="code">aut</roleTerm>
</role>
<description>Government Organization</description>
</name>
<typeOfResource>text</typeOfResource>
<genre authority="marcgt">government publication</genre>
<language>
<languageTerm authority="iso639-2b" type="code">eng</languageTerm>
</language>
<extension>
<collectionCode>CREC</collectionCode>
<category>Proceedings of Congress and General Congressional Publications</category>
<waisDatabaseName>2018_record</waisDatabaseName>
<branch>legislative</branch>
<dateIngested>2018-01-23</dateIngested>
</extension>
<titleInfo>
<title>REQUIRING THE COMPTROLLER GENERAL OF THE UNITED STATES TO CONDUCT A STUDY AND SUBMIT A REPORT</title>
<partName>Senate</partName>
</titleInfo>
<relatedItem type="otherFormat" xlink:href="https://www.gpo.gov/fdsys/pkg/CREC-2018-01-10/html/CREC-2018-01-10-pt1-PgS141-4.htm">
<identifier type="FDsys Unique ID">D09002ee198111493</identifier>
</relatedItem>
<relatedItem type="otherFormat" xlink:href="https://www.gpo.gov/fdsys/pkg/CREC-2018-01-10/pdf/CREC-2018-01-10-pt1-PgS141-4.pdf">
<identifier type="FDsys Unique ID">D09002ee198111da2</identifier>
</relatedItem>
<identifier type="congressional record citation">164 Cong. Rec. S141</identifier>
<identifier type="uri">https://www.gpo.gov/fdsys/granule/CREC-2018-01-10/CREC-2018-01-10-pt1-PgS141-4</identifier>
<identifier type="former granule identifier">CR10JA18-185</identifier>
<location>
<url access="object in context" displayLabel="Content Detail">https://www.gpo.gov/fdsys/granule/CREC-2018-01-10/CREC-2018-01-10-pt1-PgS141-4/content-detail.html</url>
<url access="raw object" displayLabel="PDF rendition">https://www.gpo.gov/fdsys/pkg/CREC-2018-01-10/pdf/CREC-2018-01-10-pt1-PgS141-4.pdf</url>
<url access="raw object" displayLabel="HTML rendition">https://www.gpo.gov/fdsys/pkg/CREC-2018-01-10/html/CREC-2018-01-10-pt1-PgS141-4.htm</url>
</location>
<physicalDescription>
<extent>2 p.</extent>
</physicalDescription>
<part type="article">
<extent unit="pages">
<start>S141</start>
<end>S142</end>
</extent>
</part>
<name type="personal">
<namePart>Mitch McConnell</namePart>
<affiliation>United States Senate</affiliation>
<role>
<roleTerm type="text">speaking</roleTerm>
</role>
<description>United States Congress Member</description>
</name>
<name type="corporate">
<namePart>United States</namePart>
<namePart>Congress</namePart>
<namePart>Senate</namePart>
<namePart>Committee on Commerce, Science, and Transportation</namePart>
<role>
<roleTerm authority="marcrelator" type="text">associated name</roleTerm>
<roleTerm authority="marcrelator" type="code">asn</roleTerm>
</role>
<description>Government Organization</description>
</name>
<name type="corporate">
<namePart>United States</namePart>
<namePart>Congress</namePart>
<namePart>House of Representatives</namePart>
<namePart>Committee on Energy and Commerce</namePart>
<role>
<roleTerm authority="marcrelator" type="text">associated name</roleTerm>
<roleTerm authority="marcrelator" type="code">asn</roleTerm>
</role>
<description>Government Organization</description>
</name>
<identifier type="preferred citation">164 Cong. Rec. S141</identifier>
<extension>
<searchTitle>REQUIRING THE COMPTROLLER GENERAL OF THE UNITED STATES TO CONDUCT A STUDY AND SUBMIT A REPORT; Congressional Record Vol. 164, No. 6</searchTitle>
<granuleClass>SENATE</granuleClass>
<accessId>CREC-2018-01-10-pt1-PgS141-4</accessId>
<subGranuleClass>ALLOTHER</subGranuleClass>
<pagePrefix>S</pagePrefix>
<bookNumber>1</bookNumber>
<chamber>SENATE</chamber>
<granuleDate>2018-01-10</granuleDate>
<bill congress="115" context="FIRSTPARAGRAPH" number="875" type="S"/>
<bill congress="115" context="OTHER" number="875" type="S"/>
<congCommittee authorityId="sscm00" chamber="S" congress="115" type="S">
<name type="authority-standard">Committee on Commerce, Science, and Transportation</name>
<name type="authority-short">Commerce</name>
</congCommittee>
<congCommittee authorityId="hsif00" chamber="H" congress="115" type="S">
<name type="authority-standard">Committee on Energy and Commerce</name>
<name type="authority-short">Energy and Commerce</name>
</congCommittee>
<congMember authorityId="1395" bioGuideId="M000355" chamber="S" congress="115" gpoId="8254" party="R" role="SPEAKING" state="KY">
<name type="parsed">Mr. McCONNELL</name>
<name type="authority-fnf">Mitch McConnell</name>
<name type="authority-lnf">McConnell, Mitch</name>
</congMember>
<USCode title="5">
<chapter number="5"/>
</USCode>
<USCode title="47">
<section detail="(e)" number="214"/>
<section number="254"/>
</USCode>
</extension>
<relatedItem type="isReferencedBy">
<titleInfo>
<title>United States Senate Bill 875  (115th Congress)</title>
</titleInfo>
<identifier type="Congressional Bill citation">S. 875</identifier>
<extension>
<congress>115</congress>
<context>FIRSTPARAGRAPH</context>
</extension>
</relatedItem>
<relatedItem type="isReferencedBy">
<titleInfo>
<title>United States Senate Bill 875  (115th Congress)</title>
</titleInfo>
<identifier type="Congressional Bill citation">S. 875</identifier>
<extension>
<congress>115</congress>
<context>OTHER</context>
</extension>
</relatedItem>
<relatedItem type="isReferencedBy">
<titleInfo>
<title>United States Code</title>
<partNumber>Title 5 Chapter 5</partNumber>
</titleInfo>
<identifier type="USC citation">5 U.S.C. Chapter 5</identifier>
</relatedItem>
<relatedItem type="isReferencedBy">
<titleInfo>
<title>United States Code</title>
<partNumber>Title 47 Section 214(e)</partNumber>
<partNumber>Title 47 Section 254</partNumber>
</titleInfo>
<identifier type="USC citation">47 U.S.C. 214(e)</identifier>
<identifier type="USC citation">47 U.S.C. 254</identifier>
</relatedItem>
<relatedItem ID="P0b002ee19810bdf6" type="host">
<titleInfo>
<title>Congressional Record</title>
<partNumber>Vol. 164, no. 6</partNumber>
</titleInfo>
<location>
<url access="object in context" displayLabel="Content Detail">https://www.gpo.gov/fdsys/pkg/CREC-2018-01-10/content-detail.html</url>
<url access="raw object" displayLabel="PDF rendition">https://www.gpo.gov/fdsys/pkg/CREC-2018-01-10/pdf/CREC-2018-01-10.pdf</url>
</location>
<part type="issue">
<extent unit="pages">
<start>H85</start>
<end>H133</end>
</extent>
<extent unit="pages">
<start>S113</start>
<end>S142</end>
</extent>
<extent unit="pages">
<start>E21</start>
<end>E31</end>
</extent>
<extent unit="pages">
<start>D25</start>
<end>D30</end>
</extent>
</part>
<originInfo>
<publisher>U.S. Government Publishing Office</publisher>
<dateIssued encoding="w3cdtf">2018-01-10</dateIssued>
<issuance>continuing</issuance>
<frequency authority="marcfrequency">daily</frequency>
</originInfo>
<physicalDescription>
<note type="source content type">deposited</note>
<digitalOrigin>born digital</digitalOrigin>
<extent>192 p.</extent>
</physicalDescription>
<classification authority="sudocs">X 1.1/A:</classification>
<classification authority="sudocs">X/A.</classification>
<identifier type="uri">https://www.gpo.gov/fdsys/pkg/CREC-2018-01-10</identifier>
<identifier type="local">P0b002ee19810bdf6</identifier>
<identifier type="stock number">752-002-00000-2</identifier>
<identifier type="ILS system id">000568013</identifier>
<identifier type="former package identifier">CR10JA18</identifier>
<recordInfo>
<recordContentSource authority="marcorg">DGPO</recordContentSource>
<recordCreationDate encoding="w3cdtf">2018-01-23</recordCreationDate>
<recordChangeDate encoding="w3cdtf">2018-01-23</recordChangeDate>
<recordIdentifier source="DGPO">CREC-2018-01-10</recordIdentifier>
<recordOrigin>machine generated</recordOrigin>
<languageOfCataloging>
<languageTerm authority="iso639-2b" type="code">eng</languageTerm>
</languageOfCataloging>
</recordInfo>
<accessCondition type="GPO scope determination">fdlp</accessCondition>
<extension>
<docClass>CREC</docClass>
<accessId>CREC-2018-01-10</accessId>
<volume>164</volume>
<issue>6</issue>
<congress>115</congress>
<session>2</session>
<bookCount>1</bookCount>
</extension>
</relatedItem>
</mods>