<mods ID="id-CREC-2018-01-19-pt1-PgH558" version="3.3" xmlns="http://www.loc.gov/mods/v3" xmlns:exslt="http://exslt.org/common" xmlns:xlink="http://www.w3.org/1999/xlink" xmlns:xsi="http://www.w3.org/2001/XMLSchema-instance" xsi:schemaLocation="http://www.loc.gov/mods/v3 http://www.loc.gov/standards/mods/v3/mods-3-3.xsd">
<name type="corporate">
<namePart>United States Government Publishing Office</namePart>
<role>
<roleTerm authority="marcrelator" type="text">publisher</roleTerm>
<roleTerm authority="marcrelator" type="code">pbl</roleTerm>
</role>
<role>
<roleTerm authority="marcrelator" type="text">distributor</roleTerm>
<roleTerm authority="marcrelator" type="code">dst</roleTerm>
</role>
</name>
<name type="corporate">
<namePart>United States</namePart>
<namePart>Congress</namePart>
<role>
<roleTerm authority="marcrelator" type="text">author</roleTerm>
<roleTerm authority="marcrelator" type="code">aut</roleTerm>
</role>
<description>Government Organization</description>
</name>
<typeOfResource>text</typeOfResource>
<genre authority="marcgt">government publication</genre>
<language>
<languageTerm authority="iso639-2b" type="code">eng</languageTerm>
</language>
<extension>
<collectionCode>CREC</collectionCode>
<category>Proceedings of Congress and General Congressional Publications</category>
<waisDatabaseName>2018_record</waisDatabaseName>
<branch>legislative</branch>
<dateIngested>2018-01-20</dateIngested>
</extension>
<titleInfo>
<title>PRESSING ISSUES FACING THE NATION</title>
<partName>House</partName>
</titleInfo>
<relatedItem type="otherFormat" xlink:href="https://www.gpo.gov/fdsys/pkg/CREC-2018-01-19/html/CREC-2018-01-19-pt1-PgH558.htm">
<identifier type="FDsys Unique ID">D09002ee1980d6ffc</identifier>
</relatedItem>
<relatedItem type="otherFormat" xlink:href="https://www.gpo.gov/fdsys/pkg/CREC-2018-01-19/pdf/CREC-2018-01-19-pt1-PgH558.pdf">
<identifier type="FDsys Unique ID">D09002ee1980d7922</identifier>
</relatedItem>
<identifier type="congressional record citation">164 Cong. Rec. H558</identifier>
<identifier type="uri">https://www.gpo.gov/fdsys/granule/CREC-2018-01-19/CREC-2018-01-19-pt1-PgH558</identifier>
<identifier type="former granule identifier">cr19ja18-69</identifier>
<location>
<url access="object in context" displayLabel="Content Detail">https://www.gpo.gov/fdsys/granule/CREC-2018-01-19/CREC-2018-01-19-pt1-PgH558/content-detail.html</url>
<url access="raw object" displayLabel="PDF rendition">https://www.gpo.gov/fdsys/pkg/CREC-2018-01-19/pdf/CREC-2018-01-19-pt1-PgH558.pdf</url>
<url access="raw object" displayLabel="HTML rendition">https://www.gpo.gov/fdsys/pkg/CREC-2018-01-19/html/CREC-2018-01-19-pt1-PgH558.htm</url>
</location>
<physicalDescription>
<extent>1 p.</extent>
</physicalDescription>
<part type="article">
<extent unit="pages">
<start>H558</start>
<end>H558</end>
</extent>
</part>
<name type="personal">
<namePart>Anthony G. Brown</namePart>
<affiliation>United States House of Representatives</affiliation>
<role>
<roleTerm type="text">speaking</roleTerm>
</role>
<description>United States Congress Member</description>
</name>
<identifier type="preferred citation">164 Cong. Rec. H558</identifier>
<extension>
<searchTitle>PRESSING ISSUES FACING THE NATION; Congressional Record Vol. 164, No. 12</searchTitle>
<granuleClass>HOUSE</granuleClass>
<accessId>CREC-2018-01-19-pt1-PgH558</accessId>
<subGranuleClass>ALLOTHER</subGranuleClass>
<pagePrefix>H</pagePrefix>
<bookNumber>1</bookNumber>
<chamber>HOUSE</chamber>
<granuleDate>2018-01-19</granuleDate>
<time from="09:00:00" to="09:00:00"/>
<congMember authorityId="2331" bioGuideId="B001304" chamber="H" congress="115" party="D" role="SPEAKING" state="MD">
<name type="parsed">Mr. BROWN of Maryland</name>
<name type="authority-fnf">Anthony G. Brown</name>
<name type="authority-lnf">Brown, Anthony G.</name>
<name type="authority-other">Mr. Anthony Brown</name>
</congMember>
</extension>
<relatedItem ID="P0b002ee1980d731e" type="host">
<titleInfo>
<title>Congressional Record</title>
<partNumber>Vol. 164, no. 12</partNumber>
</titleInfo>
<location>
<url access="object in context" displayLabel="Content Detail">https://www.gpo.gov/fdsys/pkg/CREC-2018-01-19/content-detail.html</url>
<url access="raw object" displayLabel="PDF rendition">https://www.gpo.gov/fdsys/pkg/CREC-2018-01-19/pdf/CREC-2018-01-19.pdf</url>
</location>
<part type="issue">
<extent unit="pages">
<start>H557</start>
<end>H584</end>
</extent>
<extent unit="pages">
<start>S315</start>
<end>S357</end>
</extent>
<extent unit="pages">
<start>E69</start>
<end>E81</end>
</extent>
<extent unit="pages">
<start>D64</start>
<end>D68</end>
</extent>
</part>
<originInfo>
<publisher>U.S. Government Publishing Office</publisher>
<dateIssued encoding="w3cdtf">2018-01-19</dateIssued>
<issuance>continuing</issuance>
<frequency authority="marcfrequency">daily</frequency>
</originInfo>
<physicalDescription>
<note type="source content type">deposited</note>
<digitalOrigin>born digital</digitalOrigin>
<extent>178 p.</extent>
</physicalDescription>
<classification authority="sudocs">X 1.1/A:</classification>
<classification authority="sudocs">X/A.</classification>
<identifier type="uri">https://www.gpo.gov/fdsys/pkg/CREC-2018-01-19</identifier>
<identifier type="local">P0b002ee1980d731e</identifier>
<identifier type="stock number">752-002-00000-2</identifier>
<identifier type="ILS system id">000568013</identifier>
<identifier type="former package identifier">cr19ja18</identifier>
<recordInfo>
<recordContentSource authority="marcorg">DGPO</recordContentSource>
<recordCreationDate encoding="w3cdtf">2018-01-20</recordCreationDate>
<recordChangeDate encoding="w3cdtf">2018-01-20</recordChangeDate>
<recordIdentifier source="DGPO">CREC-2018-01-19</recordIdentifier>
<recordOrigin>machine generated</recordOrigin>
<languageOfCataloging>
<languageTerm authority="iso639-2b" type="code">eng</languageTerm>
</languageOfCataloging>
</recordInfo>
<accessCondition type="GPO scope determination">fdlp</accessCondition>
<extension>
<docClass>CREC</docClass>
<accessId>CREC-2018-01-19</accessId>
<volume>164</volume>
<issue>12</issue>
<congress>115</congress>
<session>2</session>
<bookCount>1</bookCount>
</extension>
</relatedItem>
</mods>