<mods ID="id-CREC-2018-04-10-pt1-PgS2045-4" version="3.3" xmlns="http://www.loc.gov/mods/v3" xmlns:exslt="http://exslt.org/common" xmlns:xlink="http://www.w3.org/1999/xlink" xmlns:xsi="http://www.w3.org/2001/XMLSchema-instance" xsi:schemaLocation="http://www.loc.gov/mods/v3 http://www.loc.gov/standards/mods/v3/mods-3-3.xsd">
<name type="corporate">
<namePart>United States Government Publishing Office</namePart>
<role>
<roleTerm authority="marcrelator" type="text">publisher</roleTerm>
<roleTerm authority="marcrelator" type="code">pbl</roleTerm>
</role>
<role>
<roleTerm authority="marcrelator" type="text">distributor</roleTerm>
<roleTerm authority="marcrelator" type="code">dst</roleTerm>
</role>
</name>
<name type="corporate">
<namePart>United States</namePart>
<namePart>Congress</namePart>
<role>
<roleTerm authority="marcrelator" type="text">author</roleTerm>
<roleTerm authority="marcrelator" type="code">aut</roleTerm>
</role>
<description>Government Organization</description>
</name>
<typeOfResource>text</typeOfResource>
<genre authority="marcgt">government publication</genre>
<language>
<languageTerm authority="iso639-2b" type="code">eng</languageTerm>
</language>
<extension>
<collectionCode>CREC</collectionCode>
<category>Proceedings of Congress and General Congressional Publications</category>
<waisDatabaseName>2018_record</waisDatabaseName>
<branch>legislative</branch>
<dateIngested>2018-04-12</dateIngested>
</extension>
<titleInfo>
<title>CONFIRMATION</title>
<partName>Senate</partName>
</titleInfo>
<relatedItem type="otherFormat" xlink:href="https://www.gpo.gov/fdsys/pkg/CREC-2018-04-10/html/CREC-2018-04-10-pt1-PgS2045-4.htm">
<identifier type="FDsys Unique ID">D09002ee19a0447a5</identifier>
</relatedItem>
<relatedItem type="otherFormat" xlink:href="https://www.gpo.gov/fdsys/pkg/CREC-2018-04-10/pdf/CREC-2018-04-10-pt1-PgS2045-4.pdf">
<identifier type="FDsys Unique ID">D09002ee19a044886</identifier>
</relatedItem>
<identifier type="congressional record citation">164 Cong. Rec. S2045</identifier>
<identifier type="uri">https://www.gpo.gov/fdsys/granule/CREC-2018-04-10/CREC-2018-04-10-pt1-PgS2045-4</identifier>
<identifier type="former granule identifier">CR10AP18-203</identifier>
<location>
<url access="object in context" displayLabel="Content Detail">https://www.gpo.gov/fdsys/granule/CREC-2018-04-10/CREC-2018-04-10-pt1-PgS2045-4/content-detail.html</url>
<url access="raw object" displayLabel="PDF rendition">https://www.gpo.gov/fdsys/pkg/CREC-2018-04-10/pdf/CREC-2018-04-10-pt1-PgS2045-4.pdf</url>
<url access="raw object" displayLabel="HTML rendition">https://www.gpo.gov/fdsys/pkg/CREC-2018-04-10/html/CREC-2018-04-10-pt1-PgS2045-4.htm</url>
</location>
<physicalDescription>
<extent>1 p.</extent>
</physicalDescription>
<part type="article">
<extent unit="pages">
<start>S2045</start>
<end>S2045</end>
</extent>
</part>
<identifier type="preferred citation">164 Cong. Rec. S2045</identifier>
<extension>
<searchTitle>CONFIRMATION; Congressional Record Vol. 164, No. 57</searchTitle>
<granuleClass>SENATE</granuleClass>
<accessId>CREC-2018-04-10-pt1-PgS2045-4</accessId>
<subGranuleClass>SCONFIRMATIONS</subGranuleClass>
<pagePrefix>S</pagePrefix>
<bookNumber>1</bookNumber>
<chamber>SENATE</chamber>
<granuleDate>2018-04-10</granuleDate>
</extension>
<relatedItem ID="P0b002ee19a044735" type="host">
<titleInfo>
<title>Congressional Record</title>
<partNumber>Vol. 164, no. 57</partNumber>
</titleInfo>
<location>
<url access="object in context" displayLabel="Content Detail">https://www.gpo.gov/fdsys/pkg/CREC-2018-04-10/content-detail.html</url>
<url access="raw object" displayLabel="PDF rendition">https://www.gpo.gov/fdsys/pkg/CREC-2018-04-10/pdf/CREC-2018-04-10.pdf</url>
</location>
<part type="issue">
<extent unit="pages">
<start>H3065</start>
<end>H3097</end>
</extent>
<extent unit="pages">
<start>S2021</start>
<end>S2045</end>
</extent>
<extent unit="pages">
<start>E409</start>
<end>E428</end>
</extent>
<extent unit="pages">
<start>D360</start>
<end>D366</end>
</extent>
</part>
<originInfo>
<publisher>U.S. Government Publishing Office</publisher>
<dateIssued encoding="w3cdtf">2018-04-10</dateIssued>
<issuance>continuing</issuance>
<frequency authority="marcfrequency">daily</frequency>
</originInfo>
<physicalDescription>
<note type="source content type">deposited</note>
<digitalOrigin>born digital</digitalOrigin>
<extent>170 p.</extent>
</physicalDescription>
<classification authority="sudocs">X 1.1/A:</classification>
<classification authority="sudocs">X/A.</classification>
<identifier type="uri">https://www.gpo.gov/fdsys/pkg/CREC-2018-04-10</identifier>
<identifier type="local">P0b002ee19a044735</identifier>
<identifier type="stock number">752-002-00000-2</identifier>
<identifier type="ILS system id">000568013</identifier>
<identifier type="former package identifier">CR10AP18</identifier>
<recordInfo>
<recordContentSource authority="marcorg">DGPO</recordContentSource>
<recordCreationDate encoding="w3cdtf">2018-04-12</recordCreationDate>
<recordChangeDate encoding="w3cdtf">2018-04-12</recordChangeDate>
<recordIdentifier source="DGPO">CREC-2018-04-10</recordIdentifier>
<recordOrigin>machine generated</recordOrigin>
<languageOfCataloging>
<languageTerm authority="iso639-2b" type="code">eng</languageTerm>
</languageOfCataloging>
</recordInfo>
<accessCondition type="GPO scope determination">fdlp</accessCondition>
<extension>
<docClass>CREC</docClass>
<accessId>CREC-2018-04-10</accessId>
<volume>164</volume>
<issue>57</issue>
<congress>115</congress>
<session>2</session>
<bookCount>1</bookCount>
</extension>
</relatedItem>
</mods>