<mods ID="id-CREC-2018-01-02-pt1-PgH10432-2" version="3.3" xmlns="http://www.loc.gov/mods/v3" xmlns:exslt="http://exslt.org/common" xmlns:xlink="http://www.w3.org/1999/xlink" xmlns:xsi="http://www.w3.org/2001/XMLSchema-instance" xsi:schemaLocation="http://www.loc.gov/mods/v3 http://www.loc.gov/standards/mods/v3/mods-3-3.xsd">
<name type="corporate">
<namePart>United States Government Publishing Office</namePart>
<role>
<roleTerm authority="marcrelator" type="text">publisher</roleTerm>
<roleTerm authority="marcrelator" type="code">pbl</roleTerm>
</role>
<role>
<roleTerm authority="marcrelator" type="text">distributor</roleTerm>
<roleTerm authority="marcrelator" type="code">dst</roleTerm>
</role>
</name>
<name type="corporate">
<namePart>United States</namePart>
<namePart>Congress</namePart>
<role>
<roleTerm authority="marcrelator" type="text">author</roleTerm>
<roleTerm authority="marcrelator" type="code">aut</roleTerm>
</role>
<description>Government Organization</description>
</name>
<typeOfResource>text</typeOfResource>
<genre authority="marcgt">government publication</genre>
<language>
<languageTerm authority="iso639-2b" type="code">eng</languageTerm>
</language>
<extension>
<collectionCode>CREC</collectionCode>
<category>Proceedings of Congress and General Congressional Publications</category>
<waisDatabaseName>2018_record</waisDatabaseName>
<branch>legislative</branch>
<dateIngested>2018-01-09</dateIngested>
</extension>
<titleInfo>
<title>ADDITIONAL SPONSORS</title>
<partName>House</partName>
</titleInfo>
<relatedItem type="otherFormat" xlink:href="https://www.gpo.gov/fdsys/pkg/CREC-2018-01-02/html/CREC-2018-01-02-pt1-PgH10432-2.htm">
<identifier type="FDsys Unique ID">D09002ee197f02f2a</identifier>
</relatedItem>
<relatedItem type="otherFormat" xlink:href="https://www.gpo.gov/fdsys/pkg/CREC-2018-01-02/pdf/CREC-2018-01-02-pt1-PgH10432-2.pdf">
<identifier type="FDsys Unique ID">D09002ee197f02f3a</identifier>
</relatedItem>
<identifier type="congressional record citation">163 Cong. Rec. H10432</identifier>
<identifier type="uri">https://www.gpo.gov/fdsys/granule/CREC-2018-01-02/CREC-2018-01-02-pt1-PgH10432-2</identifier>
<identifier type="former granule identifier">cr02ja18-23</identifier>
<location>
<url access="object in context" displayLabel="Content Detail">https://www.gpo.gov/fdsys/granule/CREC-2018-01-02/CREC-2018-01-02-pt1-PgH10432-2/content-detail.html</url>
<url access="raw object" displayLabel="PDF rendition">https://www.gpo.gov/fdsys/pkg/CREC-2018-01-02/pdf/CREC-2018-01-02-pt1-PgH10432-2.pdf</url>
<url access="raw object" displayLabel="HTML rendition">https://www.gpo.gov/fdsys/pkg/CREC-2018-01-02/html/CREC-2018-01-02-pt1-PgH10432-2.htm</url>
</location>
<physicalDescription>
<extent>1 p.</extent>
</physicalDescription>
<part type="article">
<extent unit="pages">
<start>H10432</start>
<end>H10432</end>
</extent>
</part>
<identifier type="preferred citation">163 Cong. Rec. H10432</identifier>
<extension>
<searchTitle>ADDITIONAL SPONSORS; Congressional Record Vol. 163, No. 215</searchTitle>
<granuleClass>HOUSE</granuleClass>
<accessId>CREC-2018-01-02-pt1-PgH10432-2</accessId>
<subGranuleClass>HADDSPONSORS</subGranuleClass>
<pagePrefix>H</pagePrefix>
<bookNumber>1</bookNumber>
<chamber>HOUSE</chamber>
<granuleDate>2018-01-02</granuleDate>
<bill congress="115" context="OTHER" number="1646" type="HR"/>
<bill congress="115" context="OTHER" number="3222" type="HR"/>
<bill congress="115" context="OTHER" number="3637" type="HR"/>
<bill congress="115" context="OTHER" number="4710" type="HR"/>
</extension>
<relatedItem type="isReferencedBy">
<titleInfo>
<title>United States House Bill 1646  (115th Congress)</title>
</titleInfo>
<identifier type="Congressional Bill citation">H.R. 1646</identifier>
<extension>
<congress>115</congress>
<context>OTHER</context>
</extension>
</relatedItem>
<relatedItem type="isReferencedBy">
<titleInfo>
<title>United States House Bill 3222  (115th Congress)</title>
</titleInfo>
<identifier type="Congressional Bill citation">H.R. 3222</identifier>
<extension>
<congress>115</congress>
<context>OTHER</context>
</extension>
</relatedItem>
<relatedItem type="isReferencedBy">
<titleInfo>
<title>United States House Bill 3637  (115th Congress)</title>
</titleInfo>
<identifier type="Congressional Bill citation">H.R. 3637</identifier>
<extension>
<congress>115</congress>
<context>OTHER</context>
</extension>
</relatedItem>
<relatedItem type="isReferencedBy">
<titleInfo>
<title>United States House Bill 4710  (115th Congress)</title>
</titleInfo>
<identifier type="Congressional Bill citation">H.R. 4710</identifier>
<extension>
<congress>115</congress>
<context>OTHER</context>
</extension>
</relatedItem>
<relatedItem ID="P0b002ee197e846f1" type="host">
<titleInfo>
<title>Congressional Record</title>
<partNumber>Vol. 163, no. 215</partNumber>
</titleInfo>
<location>
<url access="object in context" displayLabel="Content Detail">https://www.gpo.gov/fdsys/pkg/CREC-2018-01-02/content-detail.html</url>
<url access="raw object" displayLabel="PDF rendition">https://www.gpo.gov/fdsys/pkg/CREC-2018-01-02/pdf/CREC-2018-01-02.pdf</url>
</location>
<part type="issue">
<extent unit="pages">
<start>H10431</start>
<end>H10432</end>
</extent>
<extent unit="pages">
<start>S8289</start>
<end>S8289</end>
</extent>
<extent unit="pages">
<start>E1767</start>
<end>E1767</end>
</extent>
<extent unit="pages">
<start>D1371</start>
<end>D1372</end>
</extent>
</part>
<originInfo>
<publisher>U.S. Government Publishing Office</publisher>
<dateIssued encoding="w3cdtf">2018-01-02</dateIssued>
<issuance>continuing</issuance>
<frequency authority="marcfrequency">daily</frequency>
</originInfo>
<physicalDescription>
<note type="source content type">deposited</note>
<digitalOrigin>born digital</digitalOrigin>
<extent>12 p.</extent>
</physicalDescription>
<classification authority="sudocs">X 1.1/A:</classification>
<classification authority="sudocs">X/A.</classification>
<identifier type="uri">https://www.gpo.gov/fdsys/pkg/CREC-2018-01-02</identifier>
<identifier type="local">P0b002ee197e846f1</identifier>
<identifier type="stock number">752-002-00000-2</identifier>
<identifier type="ILS system id">000568013</identifier>
<identifier type="former package identifier">cr02ja18</identifier>
<recordInfo>
<recordContentSource authority="marcorg">DGPO</recordContentSource>
<recordCreationDate encoding="w3cdtf">2018-01-09</recordCreationDate>
<recordChangeDate encoding="w3cdtf">2018-01-09</recordChangeDate>
<recordIdentifier source="DGPO">CREC-2018-01-02</recordIdentifier>
<recordOrigin>machine generated</recordOrigin>
<languageOfCataloging>
<languageTerm authority="iso639-2b" type="code">eng</languageTerm>
</languageOfCataloging>
</recordInfo>
<accessCondition type="GPO scope determination">fdlp</accessCondition>
<extension>
<docClass>CREC</docClass>
<accessId>CREC-2018-01-02</accessId>
<volume>163</volume>
<issue>215</issue>
<congress>115</congress>
<session>2</session>
<bookCount>1</bookCount>
</extension>
</relatedItem>
</mods>