<mods ID="id-CREC-2018-04-11-pt1-PgS2071" version="3.3" xmlns="http://www.loc.gov/mods/v3" xmlns:exslt="http://exslt.org/common" xmlns:xlink="http://www.w3.org/1999/xlink" xmlns:xsi="http://www.w3.org/2001/XMLSchema-instance" xsi:schemaLocation="http://www.loc.gov/mods/v3 http://www.loc.gov/standards/mods/v3/mods-3-3.xsd">
<name type="corporate">
<namePart>United States Government Publishing Office</namePart>
<role>
<roleTerm authority="marcrelator" type="text">publisher</roleTerm>
<roleTerm authority="marcrelator" type="code">pbl</roleTerm>
</role>
<role>
<roleTerm authority="marcrelator" type="text">distributor</roleTerm>
<roleTerm authority="marcrelator" type="code">dst</roleTerm>
</role>
</name>
<name type="corporate">
<namePart>United States</namePart>
<namePart>Congress</namePart>
<role>
<roleTerm authority="marcrelator" type="text">author</roleTerm>
<roleTerm authority="marcrelator" type="code">aut</roleTerm>
</role>
<description>Government Organization</description>
</name>
<typeOfResource>text</typeOfResource>
<genre authority="marcgt">government publication</genre>
<language>
<languageTerm authority="iso639-2b" type="code">eng</languageTerm>
</language>
<extension>
<collectionCode>CREC</collectionCode>
<category>Proceedings of Congress and General Congressional Publications</category>
<waisDatabaseName>2018_record</waisDatabaseName>
<branch>legislative</branch>
<dateIngested>2018-04-12</dateIngested>
</extension>
<titleInfo>
<title>MEASURES REFERRED</title>
<partName>Senate</partName>
</titleInfo>
<relatedItem type="otherFormat" xlink:href="https://www.gpo.gov/fdsys/pkg/CREC-2018-04-11/html/CREC-2018-04-11-pt1-PgS2071.htm">
<identifier type="FDsys Unique ID">D09002ee19a04a999</identifier>
</relatedItem>
<relatedItem type="otherFormat" xlink:href="https://www.gpo.gov/fdsys/pkg/CREC-2018-04-11/pdf/CREC-2018-04-11-pt1-PgS2071.pdf">
<identifier type="FDsys Unique ID">D09002ee19a04aa56</identifier>
</relatedItem>
<identifier type="congressional record citation">164 Cong. Rec. S2071</identifier>
<identifier type="uri">https://www.gpo.gov/fdsys/granule/CREC-2018-04-11/CREC-2018-04-11-pt1-PgS2071</identifier>
<identifier type="former granule identifier">cr11ap18-151</identifier>
<location>
<url access="object in context" displayLabel="Content Detail">https://www.gpo.gov/fdsys/granule/CREC-2018-04-11/CREC-2018-04-11-pt1-PgS2071/content-detail.html</url>
<url access="raw object" displayLabel="PDF rendition">https://www.gpo.gov/fdsys/pkg/CREC-2018-04-11/pdf/CREC-2018-04-11-pt1-PgS2071.pdf</url>
<url access="raw object" displayLabel="HTML rendition">https://www.gpo.gov/fdsys/pkg/CREC-2018-04-11/html/CREC-2018-04-11-pt1-PgS2071.htm</url>
</location>
<physicalDescription>
<extent>1 p.</extent>
</physicalDescription>
<part type="article">
<extent unit="pages">
<start>S2071</start>
<end>S2071</end>
</extent>
</part>
<name type="corporate">
<namePart>United States</namePart>
<namePart>Congress</namePart>
<namePart>Senate</namePart>
<namePart>Committee on Banking, Housing, and Urban Affairs</namePart>
<role>
<roleTerm authority="marcrelator" type="text">associated name</roleTerm>
<roleTerm authority="marcrelator" type="code">asn</roleTerm>
</role>
<description>Government Organization</description>
</name>
<name type="corporate">
<namePart>United States</namePart>
<namePart>Congress</namePart>
<namePart>Senate</namePart>
<namePart>Committee on Judiciary</namePart>
<role>
<roleTerm authority="marcrelator" type="text">associated name</roleTerm>
<roleTerm authority="marcrelator" type="code">asn</roleTerm>
</role>
<description>Government Organization</description>
</name>
<name type="corporate">
<namePart>United States</namePart>
<namePart>Congress</namePart>
<namePart>Senate</namePart>
<namePart>Committee on Commerce, Science, and Transportation</namePart>
<role>
<roleTerm authority="marcrelator" type="text">associated name</roleTerm>
<roleTerm authority="marcrelator" type="code">asn</roleTerm>
</role>
<description>Government Organization</description>
</name>
<identifier type="preferred citation">164 Cong. Rec. S2071</identifier>
<extension>
<searchTitle>MEASURES REFERRED; Congressional Record Vol. 164, No. 58</searchTitle>
<granuleClass>SENATE</granuleClass>
<accessId>CREC-2018-04-11-pt1-PgS2071</accessId>
<subGranuleClass>SREFERRED</subGranuleClass>
<pagePrefix>S</pagePrefix>
<bookNumber>1</bookNumber>
<chamber>SENATE</chamber>
<granuleDate>2018-04-11</granuleDate>
<bill congress="115" context="OTHER" number="2219" type="HR"/>
<bill congress="115" context="OTHER" number="4203" type="HR"/>
<bill congress="115" context="OTHER" number="4921" type="HR"/>
<bill congress="115" context="OTHER" number="4925" type="HR"/>
<congCommittee authorityId="ssbk00" chamber="S" congress="115" type="S">
<name type="authority-standard">Committee on Banking, Housing, and Urban Affairs</name>
<name type="authority-short">Banking</name>
</congCommittee>
<congCommittee authorityId="ssju00" chamber="S" congress="115" type="S">
<name type="authority-standard">Committee on Judiciary</name>
<name type="authority-short">Judiciary</name>
</congCommittee>
<congCommittee authorityId="sscm00" chamber="S" congress="115" type="S">
<name type="authority-standard">Committee on Commerce, Science, and Transportation</name>
<name type="authority-short">Commerce</name>
</congCommittee>
</extension>
<relatedItem type="isReferencedBy">
<titleInfo>
<title>United States House Bill 2219  (115th Congress)</title>
</titleInfo>
<identifier type="Congressional Bill citation">H.R. 2219</identifier>
<extension>
<congress>115</congress>
<context>OTHER</context>
</extension>
</relatedItem>
<relatedItem type="isReferencedBy">
<titleInfo>
<title>United States House Bill 4203  (115th Congress)</title>
</titleInfo>
<identifier type="Congressional Bill citation">H.R. 4203</identifier>
<extension>
<congress>115</congress>
<context>OTHER</context>
</extension>
</relatedItem>
<relatedItem type="isReferencedBy">
<titleInfo>
<title>United States House Bill 4921  (115th Congress)</title>
</titleInfo>
<identifier type="Congressional Bill citation">H.R. 4921</identifier>
<extension>
<congress>115</congress>
<context>OTHER</context>
</extension>
</relatedItem>
<relatedItem type="isReferencedBy">
<titleInfo>
<title>United States House Bill 4925  (115th Congress)</title>
</titleInfo>
<identifier type="Congressional Bill citation">H.R. 4925</identifier>
<extension>
<congress>115</congress>
<context>OTHER</context>
</extension>
</relatedItem>
<relatedItem ID="P0b002ee19a0473f1" type="host">
<titleInfo>
<title>Congressional Record</title>
<partNumber>Vol. 164, no. 58</partNumber>
</titleInfo>
<location>
<url access="object in context" displayLabel="Content Detail">https://www.gpo.gov/fdsys/pkg/CREC-2018-04-11/content-detail.html</url>
<url access="raw object" displayLabel="PDF rendition">https://www.gpo.gov/fdsys/pkg/CREC-2018-04-11/pdf/CREC-2018-04-11.pdf</url>
</location>
<part type="issue">
<extent unit="pages">
<start>H3099</start>
<end>H3149</end>
</extent>
<extent unit="pages">
<start>S2047</start>
<end>S2082</end>
</extent>
<extent unit="pages">
<start>E429</start>
<end>E437</end>
</extent>
<extent unit="pages">
<start>D368</start>
<end>D378</end>
</extent>
</part>
<originInfo>
<publisher>U.S. Government Publishing Office</publisher>
<dateIssued encoding="w3cdtf">2018-04-11</dateIssued>
<issuance>continuing</issuance>
<frequency authority="marcfrequency">daily</frequency>
</originInfo>
<physicalDescription>
<note type="source content type">deposited</note>
<digitalOrigin>born digital</digitalOrigin>
<extent>214 p.</extent>
</physicalDescription>
<classification authority="sudocs">X 1.1/A:</classification>
<classification authority="sudocs">X/A.</classification>
<identifier type="uri">https://www.gpo.gov/fdsys/pkg/CREC-2018-04-11</identifier>
<identifier type="local">P0b002ee19a0473f1</identifier>
<identifier type="stock number">752-002-00000-2</identifier>
<identifier type="ILS system id">000568013</identifier>
<identifier type="former package identifier">cr11ap18</identifier>
<recordInfo>
<recordContentSource authority="marcorg">DGPO</recordContentSource>
<recordCreationDate encoding="w3cdtf">2018-04-12</recordCreationDate>
<recordChangeDate encoding="w3cdtf">2018-04-12</recordChangeDate>
<recordIdentifier source="DGPO">CREC-2018-04-11</recordIdentifier>
<recordOrigin>machine generated</recordOrigin>
<languageOfCataloging>
<languageTerm authority="iso639-2b" type="code">eng</languageTerm>
</languageOfCataloging>
</recordInfo>
<accessCondition type="GPO scope determination">fdlp</accessCondition>
<extension>
<docClass>CREC</docClass>
<accessId>CREC-2018-04-11</accessId>
<volume>164</volume>
<issue>58</issue>
<congress>115</congress>
<session>2</session>
<bookCount>1</bookCount>
</extension>
</relatedItem>
</mods>