<mods ID="id-CREC-2018-01-09-pt1-PgH59" version="3.3" xmlns="http://www.loc.gov/mods/v3" xmlns:exslt="http://exslt.org/common" xmlns:xlink="http://www.w3.org/1999/xlink" xmlns:xsi="http://www.w3.org/2001/XMLSchema-instance" xsi:schemaLocation="http://www.loc.gov/mods/v3 http://www.loc.gov/standards/mods/v3/mods-3-3.xsd">
<name type="corporate">
<namePart>United States Government Publishing Office</namePart>
<role>
<roleTerm authority="marcrelator" type="text">publisher</roleTerm>
<roleTerm authority="marcrelator" type="code">pbl</roleTerm>
</role>
<role>
<roleTerm authority="marcrelator" type="text">distributor</roleTerm>
<roleTerm authority="marcrelator" type="code">dst</roleTerm>
</role>
</name>
<name type="corporate">
<namePart>United States</namePart>
<namePart>Congress</namePart>
<role>
<roleTerm authority="marcrelator" type="text">author</roleTerm>
<roleTerm authority="marcrelator" type="code">aut</roleTerm>
</role>
<description>Government Organization</description>
</name>
<typeOfResource>text</typeOfResource>
<genre authority="marcgt">government publication</genre>
<language>
<languageTerm authority="iso639-2b" type="code">eng</languageTerm>
</language>
<extension>
<collectionCode>CREC</collectionCode>
<category>Proceedings of Congress and General Congressional Publications</category>
<waisDatabaseName>2018_record</waisDatabaseName>
<branch>legislative</branch>
<dateIngested>2018-01-10</dateIngested>
</extension>
<titleInfo>
<title>DIRECTING THE SECRETARY OF STATE TO DEVELOP A STRATEGY TO REGAIN OBSERVER STATUS FOR TAIWAN IN THE WORLD HEALTH ORGANIZATION</title>
<partName>House</partName>
</titleInfo>
<relatedItem type="otherFormat" xlink:href="https://www.gpo.gov/fdsys/pkg/CREC-2018-01-09/html/CREC-2018-01-09-pt1-PgH59.htm">
<identifier type="FDsys Unique ID">D09002ee197f3a77b</identifier>
</relatedItem>
<relatedItem type="otherFormat" xlink:href="https://www.gpo.gov/fdsys/pkg/CREC-2018-01-09/pdf/CREC-2018-01-09-pt1-PgH59.pdf">
<identifier type="FDsys Unique ID">D09002ee197f3a825</identifier>
</relatedItem>
<identifier type="congressional record citation">164 Cong. Rec. H59</identifier>
<identifier type="uri">https://www.gpo.gov/fdsys/granule/CREC-2018-01-09/CREC-2018-01-09-pt1-PgH59</identifier>
<identifier type="former granule identifier">cr09ja18-99</identifier>
<location>
<url access="object in context" displayLabel="Content Detail">https://www.gpo.gov/fdsys/granule/CREC-2018-01-09/CREC-2018-01-09-pt1-PgH59/content-detail.html</url>
<url access="raw object" displayLabel="PDF rendition">https://www.gpo.gov/fdsys/pkg/CREC-2018-01-09/pdf/CREC-2018-01-09-pt1-PgH59.pdf</url>
<url access="raw object" displayLabel="HTML rendition">https://www.gpo.gov/fdsys/pkg/CREC-2018-01-09/html/CREC-2018-01-09-pt1-PgH59.htm</url>
</location>
<physicalDescription>
<extent>4 p.</extent>
</physicalDescription>
<part type="article">
<extent unit="pages">
<start>H59</start>
<end>H62</end>
</extent>
</part>
<name type="personal">
<namePart>Edward R. Royce</namePart>
<affiliation>United States House of Representatives</affiliation>
<role>
<roleTerm type="text">speaking</roleTerm>
</role>
<description>United States Congress Member</description>
</name>
<name type="personal">
<namePart>Ted S. Yoho</namePart>
<affiliation>United States House of Representatives</affiliation>
<role>
<roleTerm type="text">speaking</roleTerm>
</role>
<description>United States Congress Member</description>
</name>
<name type="personal">
<namePart>Brad Sherman</namePart>
<affiliation>United States House of Representatives</affiliation>
<role>
<roleTerm type="text">speaking</roleTerm>
</role>
<description>United States Congress Member</description>
</name>
<name type="personal">
<namePart>Ileana Ros-Lehtinen</namePart>
<affiliation>United States House of Representatives</affiliation>
<role>
<roleTerm type="text">speaking</roleTerm>
</role>
<description>United States Congress Member</description>
</name>
<name type="personal">
<namePart>Christopher H. Smith</namePart>
<affiliation>United States House of Representatives</affiliation>
<role>
<roleTerm type="text">speaking</roleTerm>
</role>
<description>United States Congress Member</description>
</name>
<identifier type="preferred citation">164 Cong. Rec. H59</identifier>
<extension>
<searchTitle>DIRECTING THE SECRETARY OF STATE TO DEVELOP A STRATEGY TO REGAIN OBSERVER STATUS FOR TAIWAN IN THE WORLD HEALTH ORGANIZATION; Congressional Record Vol. 164, No. 5</searchTitle>
<associatedBills>H.R. 3320, 115th Congress
        </associatedBills>
<granuleClass>HOUSE</granuleClass>
<accessId>CREC-2018-01-09-pt1-PgH59</accessId>
<subGranuleClass>ALLOTHER</subGranuleClass>
<pagePrefix>H</pagePrefix>
<bookNumber>1</bookNumber>
<chamber>HOUSE</chamber>
<granuleDate>2018-01-09</granuleDate>
<time from="15:30:00" to="15:45:00"/>
<bill congress="115" context="OTHER" number="428" type="HR"/>
<bill congress="115" context="OTHER" number="535" type="HR"/>
<bill congress="115" context="OTHER" number="1151" type="HR"/>
<bill congress="115" context="OTHER" number="1794" type="HR"/>
<bill congress="115" context="OTHER" number="1853" type="HR"/>
<bill congress="115" context="OTHER" number="2092" type="S"/>
<bill congress="115" context="HEADERLINE" number="3320" type="HR"/>
<bill congress="115" context="FIRSTPARAGRAPH" number="3320" type="HR"/>
<bill congress="115" context="OTHER" number="3320" type="HR"/>
<congMember authorityId="998" bioGuideId="R000487" chamber="H" congress="115" gpoId="7845" party="R" role="SPEAKING" state="CA">
<name type="parsed">Mr. ROYCE of California</name>
<name type="authority-fnf">Edward R. Royce</name>
<name type="authority-lnf">Royce, Edward R.</name>
<name type="authority-other">Ed Royce</name>
</congMember>
<congMember authorityId="2115" bioGuideId="Y000065" chamber="H" congress="115" party="R" role="SPEAKING" state="FL">
<name type="parsed">Mr. YOHO</name>
<name type="authority-fnf">Ted S. Yoho</name>
<name type="authority-lnf">Yoho, Ted S.</name>
<name type="authority-other">Mr. Ted Yoho</name>
</congMember>
<congMember authorityId="1526" bioGuideId="S000344" chamber="H" congress="115" gpoId="7832" party="D" role="SPEAKING" state="CA">
<name type="parsed">Mr. SHERMAN</name>
<name type="authority-fnf">Brad Sherman</name>
<name type="authority-lnf">Sherman, Brad</name>
</congMember>
<congMember authorityId="985" bioGuideId="R000435" chamber="H" congress="115" gpoId="7890" party="R" role="SPEAKING" state="FL">
<name type="parsed">Ms. ROS-LEHTINEN</name>
<name type="authority-fnf">Ileana Ros-Lehtinen</name>
<name type="authority-lnf">Ros-Lehtinen, Ileana</name>
</congMember>
<congMember authorityId="1071" bioGuideId="S000522" chamber="H" congress="115" gpoId="8046" party="R" role="SPEAKING" state="NJ">
<name type="parsed">Mr. SMITH of New Jersey</name>
<name type="authority-fnf">Christopher H. Smith</name>
<name type="authority-lnf">Smith, Christopher H.</name>
<name type="authority-other">Christopher Smith</name>
</congMember>
<law congress="108" isPrivate="false" number="235"/>
<statuteAtLarge volume="118">
<pages pages="656"/>
</statuteAtLarge>
</extension>
<relatedItem type="isReferencedBy">
<titleInfo>
<title>United States House Bill 428  (115th Congress)</title>
</titleInfo>
<identifier type="Congressional Bill citation">H.R. 428</identifier>
<extension>
<congress>115</congress>
<context>OTHER</context>
</extension>
</relatedItem>
<relatedItem type="isReferencedBy">
<titleInfo>
<title>United States House Bill 535  (115th Congress)</title>
</titleInfo>
<identifier type="Congressional Bill citation">H.R. 535</identifier>
<extension>
<congress>115</congress>
<context>OTHER</context>
</extension>
</relatedItem>
<relatedItem type="isReferencedBy">
<titleInfo>
<title>United States House Bill 1151  (115th Congress)</title>
</titleInfo>
<identifier type="Congressional Bill citation">H.R. 1151</identifier>
<extension>
<congress>115</congress>
<context>OTHER</context>
</extension>
</relatedItem>
<relatedItem type="isReferencedBy">
<titleInfo>
<title>United States House Bill 1794  (115th Congress)</title>
</titleInfo>
<identifier type="Congressional Bill citation">H.R. 1794</identifier>
<extension>
<congress>115</congress>
<context>OTHER</context>
</extension>
</relatedItem>
<relatedItem type="isReferencedBy">
<titleInfo>
<title>United States House Bill 1853  (115th Congress)</title>
</titleInfo>
<identifier type="Congressional Bill citation">H.R. 1853</identifier>
<extension>
<congress>115</congress>
<context>OTHER</context>
</extension>
</relatedItem>
<relatedItem type="isReferencedBy">
<titleInfo>
<title>United States Senate Bill 2092  (115th Congress)</title>
</titleInfo>
<identifier type="Congressional Bill citation">S. 2092</identifier>
<extension>
<congress>115</congress>
<context>OTHER</context>
</extension>
</relatedItem>
<relatedItem type="isReferencedBy">
<titleInfo>
<title>United States House Bill 3320  (115th Congress)</title>
</titleInfo>
<identifier type="Congressional Bill citation">H.R. 3320</identifier>
<extension>
<congress>115</congress>
<context>HEADERLINE</context>
</extension>
</relatedItem>
<relatedItem type="isReferencedBy">
<titleInfo>
<title>United States House Bill 3320  (115th Congress)</title>
</titleInfo>
<identifier type="Congressional Bill citation">H.R. 3320</identifier>
<extension>
<congress>115</congress>
<context>FIRSTPARAGRAPH</context>
</extension>
</relatedItem>
<relatedItem type="isReferencedBy">
<titleInfo>
<title>United States House Bill 3320  (115th Congress)</title>
</titleInfo>
<identifier type="Congressional Bill citation">H.R. 3320</identifier>
<extension>
<congress>115</congress>
<context>OTHER</context>
</extension>
</relatedItem>
<relatedItem type="isReferencedBy">
<titleInfo>
<title>United States Statutes at Large</title>
<partNumber>Volume 118 Page 656</partNumber>
</titleInfo>
<identifier type="Statute citation">118 Stat. 656</identifier>
</relatedItem>
<relatedItem>
<titleInfo>
<title>United States Public Law 108-235</title>
</titleInfo>
<identifier type="public law citation">Public Law 108-235</identifier>
</relatedItem>
<relatedItem ID="P0b002ee197f3a281" type="host">
<titleInfo>
<title>Congressional Record</title>
<partNumber>Vol. 164, no. 5</partNumber>
</titleInfo>
<location>
<url access="object in context" displayLabel="Content Detail">https://www.gpo.gov/fdsys/pkg/CREC-2018-01-09/content-detail.html</url>
<url access="raw object" displayLabel="PDF rendition">https://www.gpo.gov/fdsys/pkg/CREC-2018-01-09/pdf/CREC-2018-01-09.pdf</url>
</location>
<part type="issue">
<extent unit="pages">
<start>H21</start>
<end>H83</end>
</extent>
<extent unit="pages">
<start>S81</start>
<end>S112</end>
</extent>
<extent unit="pages">
<start>E13</start>
<end>E19</end>
</extent>
<extent unit="pages">
<start>D19</start>
<end>D24</end>
</extent>
</part>
<originInfo>
<publisher>U.S. Government Publishing Office</publisher>
<dateIssued encoding="w3cdtf">2018-01-09</dateIssued>
<issuance>continuing</issuance>
<frequency authority="marcfrequency">daily</frequency>
</originInfo>
<physicalDescription>
<note type="source content type">deposited</note>
<digitalOrigin>born digital</digitalOrigin>
<extent>216 p.</extent>
</physicalDescription>
<classification authority="sudocs">X 1.1/A:</classification>
<classification authority="sudocs">X/A.</classification>
<identifier type="uri">https://www.gpo.gov/fdsys/pkg/CREC-2018-01-09</identifier>
<identifier type="local">P0b002ee197f3a281</identifier>
<identifier type="stock number">752-002-00000-2</identifier>
<identifier type="ILS system id">000568013</identifier>
<identifier type="former package identifier">cr09ja18</identifier>
<recordInfo>
<recordContentSource authority="marcorg">DGPO</recordContentSource>
<recordCreationDate encoding="w3cdtf">2018-01-10</recordCreationDate>
<recordChangeDate encoding="w3cdtf">2018-01-10</recordChangeDate>
<recordIdentifier source="DGPO">CREC-2018-01-09</recordIdentifier>
<recordOrigin>machine generated</recordOrigin>
<languageOfCataloging>
<languageTerm authority="iso639-2b" type="code">eng</languageTerm>
</languageOfCataloging>
</recordInfo>
<accessCondition type="GPO scope determination">fdlp</accessCondition>
<extension>
<docClass>CREC</docClass>
<accessId>CREC-2018-01-09</accessId>
<volume>164</volume>
<issue>5</issue>
<congress>115</congress>
<session>2</session>
<bookCount>1</bookCount>
</extension>
</relatedItem>
</mods>