<mods ID="id-CREC-2018-02-16-pt1-PgH1216" version="3.3" xmlns="http://www.loc.gov/mods/v3" xmlns:exslt="http://exslt.org/common" xmlns:xlink="http://www.w3.org/1999/xlink" xmlns:xsi="http://www.w3.org/2001/XMLSchema-instance" xsi:schemaLocation="http://www.loc.gov/mods/v3 http://www.loc.gov/standards/mods/v3/mods-3-3.xsd">
<name type="corporate">
<namePart>United States Government Publishing Office</namePart>
<role>
<roleTerm authority="marcrelator" type="text">publisher</roleTerm>
<roleTerm authority="marcrelator" type="code">pbl</roleTerm>
</role>
<role>
<roleTerm authority="marcrelator" type="text">distributor</roleTerm>
<roleTerm authority="marcrelator" type="code">dst</roleTerm>
</role>
</name>
<name type="corporate">
<namePart>United States</namePart>
<namePart>Congress</namePart>
<role>
<roleTerm authority="marcrelator" type="text">author</roleTerm>
<roleTerm authority="marcrelator" type="code">aut</roleTerm>
</role>
<description>Government Organization</description>
</name>
<typeOfResource>text</typeOfResource>
<genre authority="marcgt">government publication</genre>
<language>
<languageTerm authority="iso639-2b" type="code">eng</languageTerm>
</language>
<extension>
<collectionCode>CREC</collectionCode>
<category>Proceedings of Congress and General Congressional Publications</category>
<waisDatabaseName>2018_record</waisDatabaseName>
<branch>legislative</branch>
<dateIngested>2018-02-17</dateIngested>
</extension>
<titleInfo>
<title>EXECUTIVE COMMUNICATIONS, ETC.</title>
<partName>House</partName>
</titleInfo>
<relatedItem type="otherFormat" xlink:href="https://www.gpo.gov/fdsys/pkg/CREC-2018-02-16/html/CREC-2018-02-16-pt1-PgH1216.htm">
<identifier type="FDsys Unique ID">D09002ee1987f5160</identifier>
</relatedItem>
<relatedItem type="otherFormat" xlink:href="https://www.gpo.gov/fdsys/pkg/CREC-2018-02-16/pdf/CREC-2018-02-16-pt1-PgH1216.pdf">
<identifier type="FDsys Unique ID">D09002ee1987f52aa</identifier>
</relatedItem>
<identifier type="congressional record citation">164 Cong. Rec. H1216</identifier>
<identifier type="uri">https://www.gpo.gov/fdsys/granule/CREC-2018-02-16/CREC-2018-02-16-pt1-PgH1216</identifier>
<identifier type="former granule identifier">cr16fe18-49</identifier>
<identifier type="Regulation ID Number">RIN 2050-AG83</identifier>
<identifier type="Regulation ID Number">RIN 2120-AA64</identifier>
<identifier type="Regulation ID Number">RIN 2120-AA64</identifier>
<identifier type="Regulation ID Number">RIN 2120-AA64</identifier>
<identifier type="Regulation ID Number">RIN 2120-AA64</identifier>
<identifier type="Regulation ID Number">RIN 2120-AA64</identifier>
<identifier type="Regulation ID Number">RIN 2120-AA64</identifier>
<identifier type="Regulation ID Number">RIN 2120-AA64</identifier>
<identifier type="Regulation ID Number">RIN 2120-AA64</identifier>
<identifier type="Regulation ID Number">RIN 2120-AA64</identifier>
<identifier type="Regulation ID Number">RIN 2120-AA64</identifier>
<identifier type="Regulation ID Number">RIN 2040- AF80</identifier>
<location>
<url access="object in context" displayLabel="Content Detail">https://www.gpo.gov/fdsys/granule/CREC-2018-02-16/CREC-2018-02-16-pt1-PgH1216/content-detail.html</url>
<url access="raw object" displayLabel="PDF rendition">https://www.gpo.gov/fdsys/pkg/CREC-2018-02-16/pdf/CREC-2018-02-16-pt1-PgH1216.pdf</url>
<url access="raw object" displayLabel="HTML rendition">https://www.gpo.gov/fdsys/pkg/CREC-2018-02-16/html/CREC-2018-02-16-pt1-PgH1216.htm</url>
</location>
<physicalDescription>
<extent>2 p.</extent>
</physicalDescription>
<part type="article">
<extent unit="pages">
<start>H1216</start>
<end>H1217</end>
</extent>
</part>
<name type="corporate">
<namePart>United States</namePart>
<namePart>Congress</namePart>
<namePart>House of Representatives</namePart>
<namePart>Committee on Energy and Commerce</namePart>
<role>
<roleTerm authority="marcrelator" type="text">associated name</roleTerm>
<roleTerm authority="marcrelator" type="code">asn</roleTerm>
</role>
<description>Government Organization</description>
</name>
<name type="corporate">
<namePart>United States</namePart>
<namePart>Congress</namePart>
<namePart>House of Representatives</namePart>
<namePart>Committee on Transportation and Infrastructure</namePart>
<role>
<roleTerm authority="marcrelator" type="text">associated name</roleTerm>
<roleTerm authority="marcrelator" type="code">asn</roleTerm>
</role>
<description>Government Organization</description>
</name>
<identifier type="preferred citation">164 Cong. Rec. H1216</identifier>
<extension>
<searchTitle>EXECUTIVE COMMUNICATIONS, ETC.; Congressional Record Vol. 164, No. 31</searchTitle>
<granuleClass>HOUSE</granuleClass>
<accessId>CREC-2018-02-16-pt1-PgH1216</accessId>
<subGranuleClass>EXECUTIVECOMM</subGranuleClass>
<pagePrefix>H</pagePrefix>
<bookNumber>1</bookNumber>
<chamber>HOUSE</chamber>
<granuleDate>2018-02-16</granuleDate>
<time from="09:00:00" to="09:00:00"/>
<amendment chamber="HOUSE" congress="115" context="OTHER" number="537"/>
<congCommittee authorityId="hsif00" chamber="H" congress="115" type="S">
<name type="authority-standard">Committee on Energy and Commerce</name>
<name type="authority-short">Energy and Commerce</name>
</congCommittee>
<congCommittee authorityId="hspw00" chamber="H" congress="115" type="S">
<name type="authority-standard">Committee on Transportation and Infrastructure</name>
<name type="authority-short">Transportation</name>
</congCommittee>
<law congress="104" isPrivate="false" number="121"/>
<USCode title="5">
<section detail="(a)(1)(A)" number="801"/>
</USCode>
<statuteAtLarge volume="110">
<pages pages="868"/>
</statuteAtLarge>
<rin number="2050-AG83"/>
<rin number="2120-AA64"/>
<rin number="2120-AA64"/>
<rin number="2120-AA64"/>
<rin number="2120-AA64"/>
<rin number="2120-AA64"/>
<rin number="2120-AA64"/>
<rin number="2120-AA64"/>
<rin number="2120-AA64"/>
<rin number="2120-AA64"/>
<rin number="2120-AA64"/>
<rin number="2040- AF80"/>
</extension>
<relatedItem type="isReferencedBy">
<titleInfo>
<title>United States Code</title>
<partNumber>Title 5 Section 801(a)(1)(A)</partNumber>
</titleInfo>
<identifier type="USC citation">5 U.S.C. 801(a)(1)(A)</identifier>
</relatedItem>
<relatedItem type="isReferencedBy">
<titleInfo>
<title>United States Statutes at Large</title>
<partNumber>Volume 110 Page 868</partNumber>
</titleInfo>
<identifier type="Statute citation">110 Stat. 868</identifier>
</relatedItem>
<relatedItem>
<titleInfo>
<title>United States Public Law 104-121</title>
</titleInfo>
<identifier type="public law citation">Public Law 104-121</identifier>
</relatedItem>
<relatedItem type="isReferencedBy">
<identifier type="congressional amendment citation"> Amendment No. 537</identifier>
</relatedItem>
<extension>
<congress>115</congress>
<chamber>HOUSE</chamber>
</extension>
<relatedItem type="isReferencedBy">
<identifier type="regulation ID number">RIN 2050-AG83</identifier>
</relatedItem>
<relatedItem type="isReferencedBy">
<identifier type="regulation ID number">RIN 2120-AA64</identifier>
</relatedItem>
<relatedItem type="isReferencedBy">
<identifier type="regulation ID number">RIN 2120-AA64</identifier>
</relatedItem>
<relatedItem type="isReferencedBy">
<identifier type="regulation ID number">RIN 2120-AA64</identifier>
</relatedItem>
<relatedItem type="isReferencedBy">
<identifier type="regulation ID number">RIN 2120-AA64</identifier>
</relatedItem>
<relatedItem type="isReferencedBy">
<identifier type="regulation ID number">RIN 2120-AA64</identifier>
</relatedItem>
<relatedItem type="isReferencedBy">
<identifier type="regulation ID number">RIN 2120-AA64</identifier>
</relatedItem>
<relatedItem type="isReferencedBy">
<identifier type="regulation ID number">RIN 2120-AA64</identifier>
</relatedItem>
<relatedItem type="isReferencedBy">
<identifier type="regulation ID number">RIN 2120-AA64</identifier>
</relatedItem>
<relatedItem type="isReferencedBy">
<identifier type="regulation ID number">RIN 2120-AA64</identifier>
</relatedItem>
<relatedItem type="isReferencedBy">
<identifier type="regulation ID number">RIN 2120-AA64</identifier>
</relatedItem>
<relatedItem type="isReferencedBy">
<identifier type="regulation ID number">RIN 2040- AF80</identifier>
</relatedItem>
<relatedItem ID="P0b002ee1987f3fc3" type="host">
<titleInfo>
<title>Congressional Record</title>
<partNumber>Vol. 164, no. 31</partNumber>
</titleInfo>
<location>
<url access="object in context" displayLabel="Content Detail">https://www.gpo.gov/fdsys/pkg/CREC-2018-02-16/content-detail.html</url>
<url access="raw object" displayLabel="PDF rendition">https://www.gpo.gov/fdsys/pkg/CREC-2018-02-16/pdf/CREC-2018-02-16.pdf</url>
</location>
<part type="issue">
<extent unit="pages">
<start>H1215</start>
<end>H1217</end>
</extent>
<extent unit="pages">
<start>S1193</start>
<end>S1193</end>
</extent>
<extent unit="pages">
<start>E199</start>
<end>E204</end>
</extent>
<extent unit="pages">
<start>D181</start>
<end>D182</end>
</extent>
</part>
<originInfo>
<publisher>U.S. Government Publishing Office</publisher>
<dateIssued encoding="w3cdtf">2018-02-16</dateIssued>
<issuance>continuing</issuance>
<frequency authority="marcfrequency">daily</frequency>
</originInfo>
<physicalDescription>
<note type="source content type">deposited</note>
<digitalOrigin>born digital</digitalOrigin>
<extent>24 p.</extent>
</physicalDescription>
<classification authority="sudocs">X 1.1/A:</classification>
<classification authority="sudocs">X/A.</classification>
<identifier type="uri">https://www.gpo.gov/fdsys/pkg/CREC-2018-02-16</identifier>
<identifier type="local">P0b002ee1987f3fc3</identifier>
<identifier type="stock number">752-002-00000-2</identifier>
<identifier type="ILS system id">000568013</identifier>
<identifier type="former package identifier">cr16fe18</identifier>
<recordInfo>
<recordContentSource authority="marcorg">DGPO</recordContentSource>
<recordCreationDate encoding="w3cdtf">2018-02-17</recordCreationDate>
<recordChangeDate encoding="w3cdtf">2018-02-17</recordChangeDate>
<recordIdentifier source="DGPO">CREC-2018-02-16</recordIdentifier>
<recordOrigin>machine generated</recordOrigin>
<languageOfCataloging>
<languageTerm authority="iso639-2b" type="code">eng</languageTerm>
</languageOfCataloging>
</recordInfo>
<accessCondition type="GPO scope determination">fdlp</accessCondition>
<extension>
<docClass>CREC</docClass>
<accessId>CREC-2018-02-16</accessId>
<volume>164</volume>
<issue>31</issue>
<congress>115</congress>
<session>2</session>
<bookCount>1</bookCount>
</extension>
</relatedItem>
</mods>