<mods ID="id-CREC-2018-03-06-pt1-PgS1350-2" version="3.3" xmlns="http://www.loc.gov/mods/v3" xmlns:exslt="http://exslt.org/common" xmlns:xlink="http://www.w3.org/1999/xlink" xmlns:xsi="http://www.w3.org/2001/XMLSchema-instance" xsi:schemaLocation="http://www.loc.gov/mods/v3 http://www.loc.gov/standards/mods/v3/mods-3-3.xsd">
<name type="corporate">
<namePart>United States Government Publishing Office</namePart>
<role>
<roleTerm authority="marcrelator" type="text">publisher</roleTerm>
<roleTerm authority="marcrelator" type="code">pbl</roleTerm>
</role>
<role>
<roleTerm authority="marcrelator" type="text">distributor</roleTerm>
<roleTerm authority="marcrelator" type="code">dst</roleTerm>
</role>
</name>
<name type="corporate">
<namePart>United States</namePart>
<namePart>Congress</namePart>
<role>
<roleTerm authority="marcrelator" type="text">author</roleTerm>
<roleTerm authority="marcrelator" type="code">aut</roleTerm>
</role>
<description>Government Organization</description>
</name>
<typeOfResource>text</typeOfResource>
<genre authority="marcgt">government publication</genre>
<language>
<languageTerm authority="iso639-2b" type="code">eng</languageTerm>
</language>
<extension>
<collectionCode>CREC</collectionCode>
<category>Proceedings of Congress and General Congressional Publications</category>
<waisDatabaseName>2018_record</waisDatabaseName>
<branch>legislative</branch>
<dateIngested>2018-03-07</dateIngested>
</extension>
<titleInfo>
<title>ECONOMIC GROWTH, REGULATORY RELIEF, AND CONSUMER PROTECTION ACT--MOTION TO PROCEED--Continued</title>
<partName>Senate</partName>
</titleInfo>
<relatedItem type="otherFormat" xlink:href="https://www.gpo.gov/fdsys/pkg/CREC-2018-03-06/html/CREC-2018-03-06-pt1-PgS1350-2.htm">
<identifier type="FDsys Unique ID">D09002ee198bac731</identifier>
</relatedItem>
<relatedItem type="otherFormat" xlink:href="https://www.gpo.gov/fdsys/pkg/CREC-2018-03-06/pdf/CREC-2018-03-06-pt1-PgS1350-2.pdf">
<identifier type="FDsys Unique ID">D09002ee198bac83e</identifier>
</relatedItem>
<identifier type="congressional record citation">164 Cong. Rec. S1350</identifier>
<identifier type="uri">https://www.gpo.gov/fdsys/granule/CREC-2018-03-06/CREC-2018-03-06-pt1-PgS1350-2</identifier>
<identifier type="former granule identifier">cr06mr18-133</identifier>
<location>
<url access="object in context" displayLabel="Content Detail">https://www.gpo.gov/fdsys/granule/CREC-2018-03-06/CREC-2018-03-06-pt1-PgS1350-2/content-detail.html</url>
<url access="raw object" displayLabel="PDF rendition">https://www.gpo.gov/fdsys/pkg/CREC-2018-03-06/pdf/CREC-2018-03-06-pt1-PgS1350-2.pdf</url>
<url access="raw object" displayLabel="HTML rendition">https://www.gpo.gov/fdsys/pkg/CREC-2018-03-06/html/CREC-2018-03-06-pt1-PgS1350-2.htm</url>
</location>
<physicalDescription>
<extent>25 p.</extent>
</physicalDescription>
<part type="article">
<extent unit="pages">
<start>S1350</start>
<end>S1374</end>
</extent>
</part>
<name type="personal">
<namePart>Sherrod Brown</namePart>
<affiliation>United States Senate</affiliation>
<role>
<roleTerm type="text">speaking</roleTerm>
</role>
<description>United States Congress Member</description>
</name>
<name type="personal">
<namePart>Steve Daines</namePart>
<affiliation>United States Senate</affiliation>
<role>
<roleTerm type="text">speaking</roleTerm>
</role>
<description>United States Congress Member</description>
</name>
<name type="personal">
<namePart>Mike Crapo</namePart>
<affiliation>United States Senate</affiliation>
<role>
<roleTerm type="text">speaking</roleTerm>
</role>
<description>United States Congress Member</description>
</name>
<name type="personal">
<namePart>Heidi Heitkamp</namePart>
<affiliation>United States Senate</affiliation>
<role>
<roleTerm type="text">speaking</roleTerm>
</role>
<description>United States Congress Member</description>
</name>
<name type="personal">
<namePart>David Perdue</namePart>
<affiliation>United States Senate</affiliation>
<role>
<roleTerm type="text">speaking</roleTerm>
</role>
<description>United States Congress Member</description>
</name>
<name type="personal">
<namePart>Bob Corker</namePart>
<affiliation>United States Senate</affiliation>
<role>
<roleTerm type="text">speaking</roleTerm>
</role>
<description>United States Congress Member</description>
</name>
<name type="personal">
<namePart>Jon Tester</namePart>
<affiliation>United States Senate</affiliation>
<role>
<roleTerm type="text">speaking</roleTerm>
</role>
<description>United States Congress Member</description>
</name>
<name type="personal">
<namePart>Jerry Moran</namePart>
<affiliation>United States Senate</affiliation>
<role>
<roleTerm type="text">speaking</roleTerm>
</role>
<description>United States Congress Member</description>
</name>
<name type="personal">
<namePart>Joe Donnelly</namePart>
<affiliation>United States Senate</affiliation>
<role>
<roleTerm type="text">speaking</roleTerm>
</role>
<description>United States Congress Member</description>
</name>
<name type="personal">
<namePart>Mark R. Warner</namePart>
<affiliation>United States Senate</affiliation>
<role>
<roleTerm type="text">speaking</roleTerm>
</role>
<description>United States Congress Member</description>
</name>
<name type="personal">
<namePart>Bernard Sanders</namePart>
<affiliation>United States Senate</affiliation>
<role>
<roleTerm type="text">speaking</roleTerm>
</role>
<description>United States Congress Member</description>
</name>
<name type="personal">
<namePart>Lamar Alexander</namePart>
<affiliation>United States Senate</affiliation>
<role>
<roleTerm type="text">speaking</roleTerm>
</role>
<description>United States Congress Member</description>
</name>
<name type="personal">
<namePart>Elizabeth Warren</namePart>
<affiliation>United States Senate</affiliation>
<role>
<roleTerm type="text">speaking</roleTerm>
</role>
<description>United States Congress Member</description>
</name>
<name type="personal">
<namePart>Jeff Flake</namePart>
<affiliation>United States Senate</affiliation>
<role>
<roleTerm type="text">speaking</roleTerm>
</role>
<description>United States Congress Member</description>
</name>
<name type="personal">
<namePart>James Lankford</namePart>
<affiliation>United States Senate</affiliation>
<role>
<roleTerm type="text">speaking</roleTerm>
</role>
<description>United States Congress Member</description>
</name>
<name type="personal">
<namePart>Marco Rubio</namePart>
<affiliation>United States Senate</affiliation>
<role>
<roleTerm type="text">speaking</roleTerm>
</role>
<description>United States Congress Member</description>
</name>
<name type="personal">
<namePart>Sheldon Whitehouse</namePart>
<affiliation>United States Senate</affiliation>
<role>
<roleTerm type="text">speaking</roleTerm>
</role>
<description>United States Congress Member</description>
</name>
<name type="personal">
<namePart>Richard Blumenthal</namePart>
<affiliation>United States Senate</affiliation>
<role>
<roleTerm type="text">speaking</roleTerm>
</role>
<description>United States Congress Member</description>
</name>
<name type="personal">
<namePart>Richard Durbin</namePart>
<affiliation>United States Senate</affiliation>
<role>
<roleTerm type="text">speaking</roleTerm>
</role>
<description>United States Congress Member</description>
</name>
<name type="personal">
<namePart>Robert Menendez</namePart>
<affiliation>United States Senate</affiliation>
<role>
<roleTerm type="text">speaking</roleTerm>
</role>
<description>United States Congress Member</description>
</name>
<name type="personal">
<namePart>Ron Wyden</namePart>
<affiliation>United States Senate</affiliation>
<role>
<roleTerm type="text">speaking</roleTerm>
</role>
<description>United States Congress Member</description>
</name>
<name type="personal">
<namePart>Amy Klobuchar</namePart>
<affiliation>United States Senate</affiliation>
<role>
<roleTerm type="text">speaking</roleTerm>
</role>
<description>United States Congress Member</description>
</name>
<name type="corporate">
<namePart>United States</namePart>
<namePart>Congress</namePart>
<namePart>Senate</namePart>
<namePart>Select Committee on Intelligence</namePart>
<role>
<roleTerm authority="marcrelator" type="text">associated name</roleTerm>
<roleTerm authority="marcrelator" type="code">asn</roleTerm>
</role>
<description>Government Organization</description>
</name>
<identifier type="preferred citation">164 Cong. Rec. S1350</identifier>
<extension>
<searchTitle>ECONOMIC GROWTH, REGULATORY RELIEF, AND CONSUMER PROTECTION ACT--MOTION TO PROCEED--Continued; Congressional Record Vol. 164, No. 39</searchTitle>
<associatedBills>H.R. 1551, 115th Congress
        </associatedBills>
<associatedBills>H.R. 2579, 115th Congress
        </associatedBills>
<granuleClass>SENATE</granuleClass>
<accessId>CREC-2018-03-06-pt1-PgS1350-2</accessId>
<subGranuleClass>ALLOTHER</subGranuleClass>
<pagePrefix>S</pagePrefix>
<bookNumber>1</bookNumber>
<chamber>SENATE</chamber>
<granuleDate>2018-03-06</granuleDate>
<amendment chamber="SENATE" congress="115" context="OTHER" number="1959"/>
<bill congress="115" context="HEADERLINE" number="1551" type="HR"/>
<bill congress="115" context="OTHER" number="1551" type="HR"/>
<bill congress="115" context="HEADERLINE" number="2579" type="HR"/>
<bill congress="115" context="OTHER" number="2579" type="HR"/>
<congCommittee authorityId="slin00" chamber="S" congress="115" type="L">
<name type="authority-standard">Select Committee on Intelligence</name>
<name type="authority-short">Intelligence</name>
</congCommittee>
<congMember authorityId="136" bioGuideId="B000944" chamber="S" congress="115" gpoId="8309" party="D" role="SPEAKING" state="OH">
<name type="parsed">Mr. BROWN</name>
<name type="authority-fnf">Sherrod Brown</name>
<name type="authority-lnf">Brown, Sherrod</name>
</congMember>
<congMember authorityId="2138" bioGuideId="D000618" chamber="S" congress="115" party="R" role="SPEAKING" state="MT">
<name type="parsed">Mr. DAINES</name>
<name type="authority-fnf">Steve Daines</name>
<name type="authority-lnf">Daines, Steve</name>
</congMember>
<congMember authorityId="250" bioGuideId="C000880" chamber="S" congress="115" gpoId="8289" party="R" role="SPEAKING" state="ID">
<name type="parsed">Mr. CRAPO</name>
<name type="authority-fnf">Mike Crapo</name>
<name type="authority-lnf">Crapo, Mike</name>
<name type="authority-other">Michael Crapo</name>
</congMember>
<congMember authorityId="2174" bioGuideId="H001069" chamber="S" congress="115" party="D" role="SPEAKING" state="ND">
<name type="parsed">Ms. HEITKAMP</name>
<name type="authority-fnf">Heidi Heitkamp</name>
<name type="authority-lnf">Heitkamp, Heidi</name>
</congMember>
<congMember authorityId="2286" bioGuideId="P000612" chamber="S" congress="115" party="R" role="SPEAKING" state="GA">
<name type="parsed">Mr. PERDUE</name>
<name type="authority-fnf">David Perdue</name>
<name type="authority-lnf">Perdue, David</name>
<name type="authority-other">Mr. David Alfred Perdue</name>
</congMember>
<congMember authorityId="1825" bioGuideId="C001071" chamber="S" congress="115" gpoId="8294" party="R" role="SPEAKING" state="TN">
<name type="parsed">Mr. CORKER</name>
<name type="authority-fnf">Bob Corker</name>
<name type="authority-lnf">Corker, Bob</name>
</congMember>
<congMember authorityId="1829" bioGuideId="T000464" chamber="S" congress="115" gpoId="8258" party="D" role="SPEAKING" state="MT">
<name type="parsed">Mr. TESTER</name>
<name type="authority-fnf">Jon Tester</name>
<name type="authority-lnf">Tester, Jon</name>
</congMember>
<congMember authorityId="1507" bioGuideId="M000934" chamber="S" congress="115" gpoId="8307" party="R" role="SPEAKING" state="KS">
<name type="parsed">Mr. MORAN</name>
<name type="authority-fnf">Jerry Moran</name>
<name type="authority-lnf">Moran, Jerry</name>
</congMember>
<congMember authorityId="1850" bioGuideId="D000607" chamber="S" congress="115" gpoId="7941" party="D" role="SPEAKING" state="IN">
<name type="parsed">Mr. DONNELLY</name>
<name type="authority-fnf">Joe Donnelly</name>
<name type="authority-lnf">Donnelly, Joe</name>
</congMember>
<congMember authorityId="1897" bioGuideId="W000805" chamber="S" congress="115" gpoId="8269" party="D" role="SPEAKING" state="VA">
<name type="parsed">Mr. WARNER</name>
<name type="authority-fnf">Mark R. Warner</name>
<name type="authority-lnf">Warner, Mark R.</name>
<name type="authority-other">Mr. Mark Warner</name>
</congMember>
<congMember authorityId="1010" bioGuideId="S000033" chamber="S" congress="115" gpoId="8270" party="I" role="SPEAKING" state="VT">
<name type="parsed">Mr. SANDERS</name>
<name type="authority-fnf">Bernard Sanders</name>
<name type="authority-lnf">Sanders, Bernard</name>
</congMember>
<congMember authorityId="1695" bioGuideId="A000360" chamber="S" congress="115" gpoId="8304" party="R" role="SPEAKING" state="TN">
<name type="parsed">Mr. ALEXANDER</name>
<name type="authority-fnf">Lamar Alexander</name>
<name type="authority-lnf">Alexander, Lamar</name>
</congMember>
<congMember authorityId="2182" bioGuideId="W000817" chamber="S" congress="115" party="D" role="SPEAKING" state="MA">
<name type="parsed">Ms. WARREN</name>
<name type="authority-fnf">Elizabeth Warren</name>
<name type="authority-lnf">Warren, Elizabeth</name>
<name type="authority-other">Ms. Elizabeth A. Warren</name>
</congMember>
<congMember authorityId="1633" bioGuideId="F000444" chamber="S" congress="115" gpoId="7803" party="R" role="SPEAKING" state="AZ">
<name type="parsed">Mr. FLAKE</name>
<name type="authority-fnf">Jeff Flake</name>
<name type="authority-lnf">Flake, Jeff</name>
</congMember>
<congMember authorityId="2050" bioGuideId="L000575" chamber="S" congress="115" gpoId="8113" party="R" role="SPEAKING" state="OK">
<name type="parsed">Mr. LANKFORD</name>
<name type="authority-fnf">James Lankford</name>
<name type="authority-lnf">Lankford, James</name>
</congMember>
<congMember authorityId="2084" bioGuideId="R000595" chamber="S" congress="115" gpoId="8242" party="R" role="SPEAKING" state="FL">
<name type="parsed">Mr. RUBIO</name>
<name type="authority-fnf">Marco Rubio</name>
<name type="authority-lnf">Rubio, Marco</name>
</congMember>
<congMember authorityId="1823" bioGuideId="W000802" chamber="S" congress="115" gpoId="8264" party="D" role="SPEAKING" state="RI">
<name type="parsed">Mr. WHITEHOUSE</name>
<name type="authority-fnf">Sheldon Whitehouse</name>
<name type="authority-lnf">Whitehouse, Sheldon</name>
</congMember>
<congMember authorityId="2076" bioGuideId="B001277" chamber="S" congress="115" gpoId="8332" party="D" role="SPEAKING" state="CT">
<name type="parsed">Mr. BLUMENTHAL</name>
<name type="authority-fnf">Richard Blumenthal</name>
<name type="authority-lnf">Blumenthal, Richard</name>
</congMember>
<congMember authorityId="326" bioGuideId="D000563" chamber="S" congress="115" gpoId="8326" party="D" role="SPEAKING" state="IL">
<name type="parsed">Mr. DURBIN</name>
<name type="authority-fnf">Richard Durbin</name>
<name type="authority-lnf">Durbin, Richard</name>
<name type="authority-other">Richard J. Durbin</name>
</congMember>
<congMember authorityId="791" bioGuideId="M000639" chamber="S" congress="115" gpoId="8239" party="D" role="SPEAKING" state="NJ">
<name type="parsed">Mr. MENENDEZ</name>
<name type="authority-fnf">Robert Menendez</name>
<name type="authority-lnf">Menendez, Robert</name>
</congMember>
<congMember authorityId="1247" bioGuideId="W000779" chamber="S" congress="115" gpoId="8265" party="D" role="SPEAKING" state="OR">
<name type="parsed">Mr. WYDEN</name>
<name type="authority-fnf">Ron Wyden</name>
<name type="authority-lnf">Wyden, Ron</name>
</congMember>
<congMember authorityId="1826" bioGuideId="K000367" chamber="S" congress="115" gpoId="8249" party="D" role="SPEAKING" state="MN">
<name type="parsed">Ms. KLOBUCHAR</name>
<name type="authority-fnf">Amy Klobuchar</name>
<name type="authority-lnf">Klobuchar, Amy</name>
</congMember>
</extension>
<relatedItem type="isReferencedBy">
<titleInfo>
<title>United States House Bill 1551  (115th Congress)</title>
</titleInfo>
<identifier type="Congressional Bill citation">H.R. 1551</identifier>
<extension>
<congress>115</congress>
<context>HEADERLINE</context>
</extension>
</relatedItem>
<relatedItem type="isReferencedBy">
<titleInfo>
<title>United States House Bill 1551  (115th Congress)</title>
</titleInfo>
<identifier type="Congressional Bill citation">H.R. 1551</identifier>
<extension>
<congress>115</congress>
<context>OTHER</context>
</extension>
</relatedItem>
<relatedItem type="isReferencedBy">
<titleInfo>
<title>United States House Bill 2579  (115th Congress)</title>
</titleInfo>
<identifier type="Congressional Bill citation">H.R. 2579</identifier>
<extension>
<congress>115</congress>
<context>HEADERLINE</context>
</extension>
</relatedItem>
<relatedItem type="isReferencedBy">
<titleInfo>
<title>United States House Bill 2579  (115th Congress)</title>
</titleInfo>
<identifier type="Congressional Bill citation">H.R. 2579</identifier>
<extension>
<congress>115</congress>
<context>OTHER</context>
</extension>
</relatedItem>
<relatedItem type="isReferencedBy">
<identifier type="congressional amendment citation"> Amendment No. 1959</identifier>
</relatedItem>
<extension>
<congress>115</congress>
<chamber>SENATE</chamber>
</extension>
<relatedItem ID="P0b002ee198bac9d6" type="host">
<titleInfo>
<title>Congressional Record</title>
<partNumber>Vol. 164, no. 39</partNumber>
</titleInfo>
<location>
<url access="object in context" displayLabel="Content Detail">https://www.gpo.gov/fdsys/pkg/CREC-2018-03-06/content-detail.html</url>
<url access="raw object" displayLabel="PDF rendition">https://www.gpo.gov/fdsys/pkg/CREC-2018-03-06/pdf/CREC-2018-03-06.pdf</url>
</location>
<part type="issue">
<extent unit="pages">
<start>H1375</start>
<end>H1443</end>
</extent>
<extent unit="pages">
<start>S1343</start>
<end>S1404</end>
</extent>
<extent unit="pages">
<start>E263</start>
<end>E267</end>
</extent>
<extent unit="pages">
<start>D226</start>
<end>D232</end>
</extent>
</part>
<originInfo>
<publisher>U.S. Government Publishing Office</publisher>
<dateIssued encoding="w3cdtf">2018-03-06</dateIssued>
<issuance>continuing</issuance>
<frequency authority="marcfrequency">daily</frequency>
</originInfo>
<physicalDescription>
<note type="source content type">deposited</note>
<digitalOrigin>born digital</digitalOrigin>
<extent>286 p.</extent>
</physicalDescription>
<classification authority="sudocs">X 1.1/A:</classification>
<classification authority="sudocs">X/A.</classification>
<identifier type="uri">https://www.gpo.gov/fdsys/pkg/CREC-2018-03-06</identifier>
<identifier type="local">P0b002ee198bac9d6</identifier>
<identifier type="stock number">752-002-00000-2</identifier>
<identifier type="ILS system id">000568013</identifier>
<identifier type="former package identifier">cr06mr18</identifier>
<recordInfo>
<recordContentSource authority="marcorg">DGPO</recordContentSource>
<recordCreationDate encoding="w3cdtf">2018-03-07</recordCreationDate>
<recordChangeDate encoding="w3cdtf">2018-03-07</recordChangeDate>
<recordIdentifier source="DGPO">CREC-2018-03-06</recordIdentifier>
<recordOrigin>machine generated</recordOrigin>
<languageOfCataloging>
<languageTerm authority="iso639-2b" type="code">eng</languageTerm>
</languageOfCataloging>
</recordInfo>
<accessCondition type="GPO scope determination">fdlp</accessCondition>
<extension>
<docClass>CREC</docClass>
<accessId>CREC-2018-03-06</accessId>
<volume>164</volume>
<issue>39</issue>
<congress>115</congress>
<session>2</session>
<bookCount>1</bookCount>
</extension>
</relatedItem>
</mods>