<mods ID="id-CREC-2018-03-01-pt1-PgH1342-3" version="3.3" xmlns="http://www.loc.gov/mods/v3" xmlns:exslt="http://exslt.org/common" xmlns:xlink="http://www.w3.org/1999/xlink" xmlns:xsi="http://www.w3.org/2001/XMLSchema-instance" xsi:schemaLocation="http://www.loc.gov/mods/v3 http://www.loc.gov/standards/mods/v3/mods-3-3.xsd">
<name type="corporate">
<namePart>United States Government Publishing Office</namePart>
<role>
<roleTerm authority="marcrelator" type="text">publisher</roleTerm>
<roleTerm authority="marcrelator" type="code">pbl</roleTerm>
</role>
<role>
<roleTerm authority="marcrelator" type="text">distributor</roleTerm>
<roleTerm authority="marcrelator" type="code">dst</roleTerm>
</role>
</name>
<name type="corporate">
<namePart>United States</namePart>
<namePart>Congress</namePart>
<role>
<roleTerm authority="marcrelator" type="text">author</roleTerm>
<roleTerm authority="marcrelator" type="code">aut</roleTerm>
</role>
<description>Government Organization</description>
</name>
<typeOfResource>text</typeOfResource>
<genre authority="marcgt">government publication</genre>
<language>
<languageTerm authority="iso639-2b" type="code">eng</languageTerm>
</language>
<extension>
<collectionCode>CREC</collectionCode>
<category>Proceedings of Congress and General Congressional Publications</category>
<waisDatabaseName>2018_record</waisDatabaseName>
<branch>legislative</branch>
<dateIngested>2018-03-02</dateIngested>
</extension>
<titleInfo>
<title>Constitutional Authority Statement for H.R. 5151</title>
<partName>House</partName>
</titleInfo>
<relatedItem type="otherFormat" xlink:href="https://www.gpo.gov/fdsys/pkg/CREC-2018-03-01/html/CREC-2018-03-01-pt1-PgH1342-3.htm">
<identifier type="FDsys Unique ID">D09002ee198b213cf</identifier>
</relatedItem>
<relatedItem type="otherFormat" xlink:href="https://www.gpo.gov/fdsys/pkg/CREC-2018-03-01/pdf/CREC-2018-03-01-pt1-PgH1342-3.pdf">
<identifier type="FDsys Unique ID">D09002ee198b2149e</identifier>
</relatedItem>
<identifier type="congressional record citation">164 Cong. Rec. H1342</identifier>
<identifier type="uri">https://www.gpo.gov/fdsys/granule/CREC-2018-03-01/CREC-2018-03-01-pt1-PgH1342-3</identifier>
<identifier type="former granule identifier">cr01mr18-86</identifier>
<location>
<url access="object in context" displayLabel="Content Detail">https://www.gpo.gov/fdsys/granule/CREC-2018-03-01/CREC-2018-03-01-pt1-PgH1342-3/content-detail.html</url>
<url access="raw object" displayLabel="PDF rendition">https://www.gpo.gov/fdsys/pkg/CREC-2018-03-01/pdf/CREC-2018-03-01-pt1-PgH1342-3.pdf</url>
<url access="raw object" displayLabel="HTML rendition">https://www.gpo.gov/fdsys/pkg/CREC-2018-03-01/html/CREC-2018-03-01-pt1-PgH1342-3.htm</url>
</location>
<physicalDescription>
<extent>1 p.</extent>
</physicalDescription>
<part type="article">
<extent unit="pages">
<start>H1342</start>
<end>H1342</end>
</extent>
</part>
<identifier type="preferred citation">164 Cong. Rec. H1342</identifier>
<extension>
<searchTitle>Constitutional Authority Statement for H.R. 5151; Congressional Record Vol. 164, No. 37</searchTitle>
<granuleClass>HOUSE</granuleClass>
<accessId>CREC-2018-03-01-pt1-PgH1342-3</accessId>
<subGranuleClass>CASTATEMENT</subGranuleClass>
<pagePrefix>H</pagePrefix>
<bookNumber>1</bookNumber>
<chamber>HOUSE</chamber>
<granuleDate>2018-03-01</granuleDate>
<time from="13:30:00" to="13:30:00"/>
<bill congress="115" context="TITLE" number="5151" type="HR"/>
</extension>
<relatedItem type="isReferencedBy">
<titleInfo>
<title>United States House Bill 5151  (115th Congress)</title>
</titleInfo>
<identifier type="Congressional Bill citation">H.R. 5151</identifier>
<extension>
<congress>115</congress>
<context>TITLE</context>
</extension>
</relatedItem>
<relatedItem ID="P0b002ee198b1b13f" type="host">
<titleInfo>
<title>Congressional Record</title>
<partNumber>Vol. 164, no. 37</partNumber>
</titleInfo>
<location>
<url access="object in context" displayLabel="Content Detail">https://www.gpo.gov/fdsys/pkg/CREC-2018-03-01/content-detail.html</url>
<url access="raw object" displayLabel="PDF rendition">https://www.gpo.gov/fdsys/pkg/CREC-2018-03-01/pdf/CREC-2018-03-01.pdf</url>
</location>
<part type="issue">
<extent unit="pages">
<start>H1337</start>
<end>H1343</end>
</extent>
<extent unit="pages">
<start>S1295</start>
<end>S1323</end>
</extent>
<extent unit="pages">
<start>E243</start>
<end>E249</end>
</extent>
<extent unit="pages">
<start>D211</start>
<end>D216</end>
</extent>
</part>
<originInfo>
<publisher>U.S. Government Publishing Office</publisher>
<dateIssued encoding="w3cdtf">2018-03-01</dateIssued>
<issuance>continuing</issuance>
<frequency authority="marcfrequency">daily</frequency>
</originInfo>
<physicalDescription>
<note type="source content type">deposited</note>
<digitalOrigin>born digital</digitalOrigin>
<extent>98 p.</extent>
</physicalDescription>
<classification authority="sudocs">X 1.1/A:</classification>
<classification authority="sudocs">X/A.</classification>
<identifier type="uri">https://www.gpo.gov/fdsys/pkg/CREC-2018-03-01</identifier>
<identifier type="local">P0b002ee198b1b13f</identifier>
<identifier type="stock number">752-002-00000-2</identifier>
<identifier type="ILS system id">000568013</identifier>
<identifier type="former package identifier">cr01mr18</identifier>
<recordInfo>
<recordContentSource authority="marcorg">DGPO</recordContentSource>
<recordCreationDate encoding="w3cdtf">2018-03-02</recordCreationDate>
<recordChangeDate encoding="w3cdtf">2018-03-02</recordChangeDate>
<recordIdentifier source="DGPO">CREC-2018-03-01</recordIdentifier>
<recordOrigin>machine generated</recordOrigin>
<languageOfCataloging>
<languageTerm authority="iso639-2b" type="code">eng</languageTerm>
</languageOfCataloging>
</recordInfo>
<accessCondition type="GPO scope determination">fdlp</accessCondition>
<extension>
<docClass>CREC</docClass>
<accessId>CREC-2018-03-01</accessId>
<volume>164</volume>
<issue>37</issue>
<congress>115</congress>
<session>2</session>
<bookCount>1</bookCount>
</extension>
</relatedItem>
</mods>