<mods ID="id-CREC-2018-02-26-pt1-PgH1234" version="3.3" xmlns="http://www.loc.gov/mods/v3" xmlns:exslt="http://exslt.org/common" xmlns:xlink="http://www.w3.org/1999/xlink" xmlns:xsi="http://www.w3.org/2001/XMLSchema-instance" xsi:schemaLocation="http://www.loc.gov/mods/v3 http://www.loc.gov/standards/mods/v3/mods-3-3.xsd">
<name type="corporate">
<namePart>United States Government Publishing Office</namePart>
<role>
<roleTerm authority="marcrelator" type="text">publisher</roleTerm>
<roleTerm authority="marcrelator" type="code">pbl</roleTerm>
</role>
<role>
<roleTerm authority="marcrelator" type="text">distributor</roleTerm>
<roleTerm authority="marcrelator" type="code">dst</roleTerm>
</role>
</name>
<name type="corporate">
<namePart>United States</namePart>
<namePart>Congress</namePart>
<role>
<roleTerm authority="marcrelator" type="text">author</roleTerm>
<roleTerm authority="marcrelator" type="code">aut</roleTerm>
</role>
<description>Government Organization</description>
</name>
<typeOfResource>text</typeOfResource>
<genre authority="marcgt">government publication</genre>
<language>
<languageTerm authority="iso639-2b" type="code">eng</languageTerm>
</language>
<extension>
<collectionCode>CREC</collectionCode>
<category>Proceedings of Congress and General Congressional Publications</category>
<waisDatabaseName>2018_record</waisDatabaseName>
<branch>legislative</branch>
<dateIngested>2018-02-28</dateIngested>
</extension>
<titleInfo>
<title>STOP, OBSERVE, ASK, AND RESPOND TO HEALTH AND WELLNESS ACT OF 2018</title>
<partName>House</partName>
</titleInfo>
<relatedItem type="otherFormat" xlink:href="https://www.gpo.gov/fdsys/pkg/CREC-2018-02-26/html/CREC-2018-02-26-pt1-PgH1234.htm">
<identifier type="FDsys Unique ID">D09002ee198a2992e</identifier>
</relatedItem>
<relatedItem type="otherFormat" xlink:href="https://www.gpo.gov/fdsys/pkg/CREC-2018-02-26/pdf/CREC-2018-02-26-pt1-PgH1234.pdf">
<identifier type="FDsys Unique ID">D09002ee198a299de</identifier>
</relatedItem>
<identifier type="congressional record citation">164 Cong. Rec. H1234</identifier>
<identifier type="uri">https://www.gpo.gov/fdsys/granule/CREC-2018-02-26/CREC-2018-02-26-pt1-PgH1234</identifier>
<identifier type="former granule identifier">CR26FE18-77</identifier>
<location>
<url access="object in context" displayLabel="Content Detail">https://www.gpo.gov/fdsys/granule/CREC-2018-02-26/CREC-2018-02-26-pt1-PgH1234/content-detail.html</url>
<url access="raw object" displayLabel="PDF rendition">https://www.gpo.gov/fdsys/pkg/CREC-2018-02-26/pdf/CREC-2018-02-26-pt1-PgH1234.pdf</url>
<url access="raw object" displayLabel="HTML rendition">https://www.gpo.gov/fdsys/pkg/CREC-2018-02-26/html/CREC-2018-02-26-pt1-PgH1234.htm</url>
</location>
<physicalDescription>
<extent>3 p.</extent>
</physicalDescription>
<part type="article">
<extent unit="pages">
<start>H1234</start>
<end>H1236</end>
</extent>
</part>
<name type="personal">
<namePart>Michael C. Burgess</namePart>
<affiliation>United States House of Representatives</affiliation>
<role>
<roleTerm type="text">speaking</roleTerm>
</role>
<description>United States Congress Member</description>
</name>
<name type="personal">
<namePart>Gene Green</namePart>
<affiliation>United States House of Representatives</affiliation>
<role>
<roleTerm type="text">speaking</roleTerm>
</role>
<description>United States Congress Member</description>
</name>
<name type="personal">
<namePart>Steve Cohen</namePart>
<affiliation>United States House of Representatives</affiliation>
<role>
<roleTerm type="text">speaking</roleTerm>
</role>
<description>United States Congress Member</description>
</name>
<name type="personal">
<namePart>Adam Kinzinger</namePart>
<affiliation>United States House of Representatives</affiliation>
<role>
<roleTerm type="text">speaking</roleTerm>
</role>
<description>United States Congress Member</description>
</name>
<name type="corporate">
<namePart>United States</namePart>
<namePart>Congress</namePart>
<namePart>House of Representatives</namePart>
<namePart>Committee on Energy and Commerce</namePart>
<role>
<roleTerm authority="marcrelator" type="text">associated name</roleTerm>
<roleTerm authority="marcrelator" type="code">asn</roleTerm>
</role>
<description>Government Organization</description>
</name>
<identifier type="preferred citation">164 Cong. Rec. H1234</identifier>
<extension>
<searchTitle>STOP, OBSERVE, ASK, AND RESPOND TO HEALTH AND WELLNESS ACT OF 2018; Congressional Record Vol. 164, No. 34</searchTitle>
<associatedBills>H.R. 767, 115th Congress
        </associatedBills>
<granuleClass>HOUSE</granuleClass>
<accessId>CREC-2018-02-26-pt1-PgH1234</accessId>
<subGranuleClass>ALLOTHER</subGranuleClass>
<pagePrefix>H</pagePrefix>
<bookNumber>1</bookNumber>
<chamber>HOUSE</chamber>
<granuleDate>2018-02-26</granuleDate>
<time from="17:00:00" to="17:00:00"/>
<bill congress="115" context="HEADERLINE" number="767" type="HR"/>
<bill congress="115" context="FIRSTPARAGRAPH" number="767" type="HR"/>
<bill congress="115" context="OTHER" number="767" type="HR"/>
<congCommittee authorityId="hsif00" chamber="H" congress="115" type="S">
<name type="authority-standard">Committee on Energy and Commerce</name>
<name type="authority-short">Energy and Commerce</name>
</congCommittee>
<congMember authorityId="1751" bioGuideId="B001248" chamber="H" congress="115" gpoId="8182" party="R" role="SPEAKING" state="TX">
<name type="parsed">Mr. BURGESS</name>
<name type="authority-fnf">Michael C. Burgess</name>
<name type="authority-lnf">Burgess, Michael C.</name>
<name type="authority-other">Mr. Michael Burgess</name>
</congMember>
<congMember authorityId="462" bioGuideId="G000410" chamber="H" congress="115" gpoId="8185" party="D" role="SPEAKING" state="TX">
<name type="parsed">Mr. GENE GREEN of Texas</name>
<name type="authority-fnf">Gene Green</name>
<name type="authority-lnf">Green, Gene</name>
</congMember>
<congMember authorityId="1878" bioGuideId="C001068" chamber="H" congress="115" gpoId="8156" party="D" role="SPEAKING" state="TN">
<name type="parsed">Mr. COHEN</name>
<name type="authority-fnf">Steve Cohen</name>
<name type="authority-lnf">Cohen, Steve</name>
</congMember>
<congMember authorityId="2014" bioGuideId="K000378" chamber="H" congress="115" gpoId="7931" party="R" role="SPEAKING" state="IL">
<name type="parsed">Mr. KINZINGER</name>
<name type="authority-fnf">Adam Kinzinger</name>
<name type="authority-lnf">Kinzinger, Adam</name>
</congMember>
<USCode title="22">
<section number="7102"/>
</USCode>
<USCode title="42">
<section number="247d-4"/>
</USCode>
</extension>
<relatedItem type="isReferencedBy">
<titleInfo>
<title>United States House Bill 767  (115th Congress)</title>
</titleInfo>
<identifier type="Congressional Bill citation">H.R. 767</identifier>
<extension>
<congress>115</congress>
<context>HEADERLINE</context>
</extension>
</relatedItem>
<relatedItem type="isReferencedBy">
<titleInfo>
<title>United States House Bill 767  (115th Congress)</title>
</titleInfo>
<identifier type="Congressional Bill citation">H.R. 767</identifier>
<extension>
<congress>115</congress>
<context>FIRSTPARAGRAPH</context>
</extension>
</relatedItem>
<relatedItem type="isReferencedBy">
<titleInfo>
<title>United States House Bill 767  (115th Congress)</title>
</titleInfo>
<identifier type="Congressional Bill citation">H.R. 767</identifier>
<extension>
<congress>115</congress>
<context>OTHER</context>
</extension>
</relatedItem>
<relatedItem type="isReferencedBy">
<titleInfo>
<title>United States Code</title>
<partNumber>Title 22 Section 7102</partNumber>
</titleInfo>
<identifier type="USC citation">22 U.S.C. 7102</identifier>
</relatedItem>
<relatedItem type="isReferencedBy">
<titleInfo>
<title>United States Code</title>
<partNumber>Title 42 Section 247d-4</partNumber>
</titleInfo>
<identifier type="USC citation">42 U.S.C. 247d-4</identifier>
</relatedItem>
<relatedItem ID="P0b002ee19898bf03" type="host">
<titleInfo>
<title>Congressional Record</title>
<partNumber>Vol. 164, no. 34</partNumber>
</titleInfo>
<location>
<url access="object in context" displayLabel="Content Detail">https://www.gpo.gov/fdsys/pkg/CREC-2018-02-26/content-detail.html</url>
<url access="raw object" displayLabel="PDF rendition">https://www.gpo.gov/fdsys/pkg/CREC-2018-02-26/pdf/CREC-2018-02-26.pdf</url>
</location>
<part type="issue">
<extent unit="pages">
<start>H1229</start>
<end>H1268</end>
</extent>
<extent unit="pages">
<start>S1199</start>
<end>S1222</end>
</extent>
<extent unit="pages">
<start>E215</start>
<end>E224</end>
</extent>
<extent unit="pages">
<start>D190</start>
<end>D196</end>
</extent>
</part>
<originInfo>
<publisher>U.S. Government Publishing Office</publisher>
<dateIssued encoding="w3cdtf">2018-02-26</dateIssued>
<issuance>continuing</issuance>
<frequency authority="marcfrequency">daily</frequency>
</originInfo>
<physicalDescription>
<note type="source content type">deposited</note>
<digitalOrigin>born digital</digitalOrigin>
<extent>162 p.</extent>
</physicalDescription>
<classification authority="sudocs">X 1.1/A:</classification>
<classification authority="sudocs">X/A.</classification>
<identifier type="uri">https://www.gpo.gov/fdsys/pkg/CREC-2018-02-26</identifier>
<identifier type="local">P0b002ee19898bf03</identifier>
<identifier type="stock number">752-002-00000-2</identifier>
<identifier type="ILS system id">000568013</identifier>
<identifier type="former package identifier">CR26FE18</identifier>
<recordInfo>
<recordContentSource authority="marcorg">DGPO</recordContentSource>
<recordCreationDate encoding="w3cdtf">2018-02-28</recordCreationDate>
<recordChangeDate encoding="w3cdtf">2018-02-28</recordChangeDate>
<recordIdentifier source="DGPO">CREC-2018-02-26</recordIdentifier>
<recordOrigin>machine generated</recordOrigin>
<languageOfCataloging>
<languageTerm authority="iso639-2b" type="code">eng</languageTerm>
</languageOfCataloging>
</recordInfo>
<accessCondition type="GPO scope determination">fdlp</accessCondition>
<extension>
<docClass>CREC</docClass>
<accessId>CREC-2018-02-26</accessId>
<volume>164</volume>
<issue>34</issue>
<congress>115</congress>
<session>2</session>
<bookCount>1</bookCount>
</extension>
</relatedItem>
</mods>