<mods ID="id-CREC-2018-01-18-pt1-PgH494-2" version="3.3" xmlns="http://www.loc.gov/mods/v3" xmlns:exslt="http://exslt.org/common" xmlns:xlink="http://www.w3.org/1999/xlink" xmlns:xsi="http://www.w3.org/2001/XMLSchema-instance" xsi:schemaLocation="http://www.loc.gov/mods/v3 http://www.loc.gov/standards/mods/v3/mods-3-3.xsd">
<name type="corporate">
<namePart>United States Government Publishing Office</namePart>
<role>
<roleTerm authority="marcrelator" type="text">publisher</roleTerm>
<roleTerm authority="marcrelator" type="code">pbl</roleTerm>
</role>
<role>
<roleTerm authority="marcrelator" type="text">distributor</roleTerm>
<roleTerm authority="marcrelator" type="code">dst</roleTerm>
</role>
</name>
<name type="corporate">
<namePart>United States</namePart>
<namePart>Congress</namePart>
<role>
<roleTerm authority="marcrelator" type="text">author</roleTerm>
<roleTerm authority="marcrelator" type="code">aut</roleTerm>
</role>
<description>Government Organization</description>
</name>
<typeOfResource>text</typeOfResource>
<genre authority="marcgt">government publication</genre>
<language>
<languageTerm authority="iso639-2b" type="code">eng</languageTerm>
</language>
<extension>
<collectionCode>CREC</collectionCode>
<category>Proceedings of Congress and General Congressional Publications</category>
<waisDatabaseName>2018_record</waisDatabaseName>
<branch>legislative</branch>
<dateIngested>2018-01-19</dateIngested>
</extension>
<titleInfo>
<title>PROVIDING FOR CONSIDERATION OF H.R. 4712, BORN-ALIVE ABORTION SURVIVORS PROTECTION ACT, AND PROVIDING FOR PROCEEDINGS DURING THE PERIOD FROM JANUARY 22, 2018, THROUGH JANUARY 26, 2018</title>
<partName>House</partName>
</titleInfo>
<relatedItem type="otherFormat" xlink:href="https://www.gpo.gov/fdsys/pkg/CREC-2018-01-18/html/CREC-2018-01-18-pt1-PgH494-2.htm">
<identifier type="FDsys Unique ID">D09002ee1980a8b10</identifier>
</relatedItem>
<relatedItem type="otherFormat" xlink:href="https://www.gpo.gov/fdsys/pkg/CREC-2018-01-18/pdf/CREC-2018-01-18-pt1-PgH494-2.pdf">
<identifier type="FDsys Unique ID">D09002ee1980a8c08</identifier>
</relatedItem>
<identifier type="congressional record citation">164 Cong. Rec. H494</identifier>
<identifier type="uri">https://www.gpo.gov/fdsys/granule/CREC-2018-01-18/CREC-2018-01-18-pt1-PgH494-2</identifier>
<identifier type="former granule identifier">cr18ja18-103</identifier>
<location>
<url access="object in context" displayLabel="Content Detail">https://www.gpo.gov/fdsys/granule/CREC-2018-01-18/CREC-2018-01-18-pt1-PgH494-2/content-detail.html</url>
<url access="raw object" displayLabel="PDF rendition">https://www.gpo.gov/fdsys/pkg/CREC-2018-01-18/pdf/CREC-2018-01-18-pt1-PgH494-2.pdf</url>
<url access="raw object" displayLabel="HTML rendition">https://www.gpo.gov/fdsys/pkg/CREC-2018-01-18/html/CREC-2018-01-18-pt1-PgH494-2.htm</url>
</location>
<physicalDescription>
<extent>10 p.</extent>
</physicalDescription>
<part type="article">
<extent unit="pages">
<start>H494</start>
<end>H503</end>
</extent>
</part>
<name type="personal">
<namePart>Liz Cheney</namePart>
<affiliation>United States House of Representatives</affiliation>
<role>
<roleTerm type="text">speaking</roleTerm>
</role>
<description>United States Congress Member</description>
</name>
<name type="personal">
<namePart>James P. McGovern</namePart>
<affiliation>United States House of Representatives</affiliation>
<role>
<roleTerm type="text">speaking</roleTerm>
</role>
<description>United States Congress Member</description>
</name>
<name type="personal">
<namePart>Marsha Blackburn</namePart>
<affiliation>United States House of Representatives</affiliation>
<role>
<roleTerm type="text">speaking</roleTerm>
</role>
<description>United States Congress Member</description>
</name>
<name type="personal">
<namePart>Louise McIntosh Slaughter</namePart>
<affiliation>United States House of Representatives</affiliation>
<role>
<roleTerm type="text">speaking</roleTerm>
</role>
<description>United States Congress Member</description>
</name>
<name type="personal">
<namePart>Christopher H. Smith</namePart>
<affiliation>United States House of Representatives</affiliation>
<role>
<roleTerm type="text">speaking</roleTerm>
</role>
<description>United States Congress Member</description>
</name>
<name type="personal">
<namePart>Diana DeGette</namePart>
<affiliation>United States House of Representatives</affiliation>
<role>
<roleTerm type="text">speaking</roleTerm>
</role>
<description>United States Congress Member</description>
</name>
<name type="personal">
<namePart>Alexander X. Mooney</namePart>
<affiliation>United States House of Representatives</affiliation>
<role>
<roleTerm type="text">speaking</roleTerm>
</role>
<description>United States Congress Member</description>
</name>
<name type="personal">
<namePart>A. Donald McEachin</namePart>
<affiliation>United States House of Representatives</affiliation>
<role>
<roleTerm type="text">speaking</roleTerm>
</role>
<description>United States Congress Member</description>
</name>
<name type="personal">
<namePart>Doug Lamborn</namePart>
<affiliation>United States House of Representatives</affiliation>
<role>
<roleTerm type="text">speaking</roleTerm>
</role>
<description>United States Congress Member</description>
</name>
<name type="personal">
<namePart>Lois Frankel</namePart>
<affiliation>United States House of Representatives</affiliation>
<role>
<roleTerm type="text">speaking</roleTerm>
</role>
<description>United States Congress Member</description>
</name>
<name type="personal">
<namePart>Doug LaMalfa</namePart>
<affiliation>United States House of Representatives</affiliation>
<role>
<roleTerm type="text">speaking</roleTerm>
</role>
<description>United States Congress Member</description>
</name>
<name type="personal">
<namePart>Steve King</namePart>
<affiliation>United States House of Representatives</affiliation>
<role>
<roleTerm type="text">speaking</roleTerm>
</role>
<description>United States Congress Member</description>
</name>
<name type="personal">
<namePart>Mike Johnson</namePart>
<affiliation>United States House of Representatives</affiliation>
<role>
<roleTerm type="text">speaking</roleTerm>
</role>
<description>United States Congress Member</description>
</name>
<name type="personal">
<namePart>Sheila Jackson Lee</namePart>
<affiliation>United States House of Representatives</affiliation>
<role>
<roleTerm type="text">speaking</roleTerm>
</role>
<description>United States Congress Member</description>
</name>
<name type="personal">
<namePart>Dan Newhouse</namePart>
<affiliation>United States House of Representatives</affiliation>
<role>
<roleTerm type="text">speaking</roleTerm>
</role>
<description>United States Congress Member</description>
</name>
<name type="corporate">
<namePart>United States</namePart>
<namePart>Congress</namePart>
<namePart>House of Representatives</namePart>
<namePart>Committee on Rules</namePart>
<role>
<roleTerm authority="marcrelator" type="text">associated name</roleTerm>
<roleTerm authority="marcrelator" type="code">asn</roleTerm>
</role>
<description>Government Organization</description>
</name>
<name type="corporate">
<namePart>United States</namePart>
<namePart>Congress</namePart>
<namePart>House of Representatives</namePart>
<namePart>Committee on the Judiciary</namePart>
<role>
<roleTerm authority="marcrelator" type="text">associated name</roleTerm>
<roleTerm authority="marcrelator" type="code">asn</roleTerm>
</role>
<description>Government Organization</description>
</name>
<name type="corporate">
<namePart>United States</namePart>
<namePart>Congress</namePart>
<namePart>House of Representatives</namePart>
<namePart>Committee on Ways and Means</namePart>
<role>
<roleTerm authority="marcrelator" type="text">associated name</roleTerm>
<roleTerm authority="marcrelator" type="code">asn</roleTerm>
</role>
<description>Government Organization</description>
</name>
<name type="corporate">
<namePart>United States</namePart>
<namePart>Congress</namePart>
<namePart>House of Representatives</namePart>
<namePart>Committee on Energy and Commerce</namePart>
<role>
<roleTerm authority="marcrelator" type="text">associated name</roleTerm>
<roleTerm authority="marcrelator" type="code">asn</roleTerm>
</role>
<description>Government Organization</description>
</name>
<identifier type="preferred citation">164 Cong. Rec. H494</identifier>
<extension>
<searchTitle>PROVIDING FOR CONSIDERATION OF H.R. 4712, BORN-ALIVE ABORTION SURVIVORS PROTECTION ACT, AND PROVIDING FOR PROCEEDINGS DURING THE PERIOD FROM JANUARY 22, 2018, THROUGH JANUARY 26, 2018; Congressional Record Vol. 164, No. 11</searchTitle>
<associatedBills>H. Res. 694, 115th Congress
        </associatedBills>
<granuleClass>HOUSE</granuleClass>
<accessId>CREC-2018-01-18-pt1-PgH494-2</accessId>
<subGranuleClass>ALLOTHER</subGranuleClass>
<pagePrefix>H</pagePrefix>
<bookNumber>1</bookNumber>
<chamber>HOUSE</chamber>
<granuleDate>2018-01-18</granuleDate>
<time from="12:15:00" to="13:30:00"/>
<bill congress="115" context="OTHER" number="195" type="HR"/>
<bill congress="115" context="HEADERLINE" number="694" type="HRES"/>
<bill congress="115" context="FIRSTPARAGRAPH" number="694" type="HRES"/>
<bill congress="115" context="OTHER" number="694" type="HRES"/>
<bill congress="115" context="TITLE" number="4712" type="HR"/>
<bill congress="115" context="OTHER" number="4712" type="HR"/>
<bill congress="115" context="OTHER" number="4820" type="HR"/>
<congCommittee authorityId="hsru00" chamber="H" congress="115" type="S">
<name type="authority-standard">Committee on Rules</name>
<name type="authority-short">Rules</name>
</congCommittee>
<congCommittee authorityId="hsju00" chamber="H" congress="115" type="S">
<name type="authority-standard">Committee on the Judiciary</name>
<name type="authority-short">Judiciary</name>
</congCommittee>
<congCommittee authorityId="hswm00" chamber="H" congress="115" type="S">
<name type="authority-standard">Committee on Ways and Means</name>
<name type="authority-short">Ways and Means</name>
</congCommittee>
<congCommittee authorityId="hsif00" chamber="H" congress="115" type="S">
<name type="authority-standard">Committee on Energy and Commerce</name>
<name type="authority-short">Energy and Commerce</name>
</congCommittee>
<congMember authorityId="2356" bioGuideId="C001109" chamber="H" congress="115" party="R" role="SPEAKING" state="WY">
<name type="parsed">Ms. CHENEY</name>
<name type="authority-fnf">Liz Cheney</name>
<name type="authority-lnf">Cheney, Liz</name>
</congMember>
<congMember authorityId="1504" bioGuideId="M000312" chamber="H" congress="115" gpoId="7968" party="D" role="SPEAKING" state="MA">
<name type="parsed">Mr. McGOVERN</name>
<name type="authority-fnf">James P. McGovern</name>
<name type="authority-lnf">McGovern, James P.</name>
<name type="authority-other">James Mcgovern</name>
</congMember>
<congMember authorityId="1748" bioGuideId="B001243" chamber="H" congress="115" gpoId="8154" party="R" role="SPEAKING" state="TN">
<name type="parsed">Mrs. BLACKBURN</name>
<name type="authority-fnf">Marsha Blackburn</name>
<name type="authority-lnf">Blackburn, Marsha</name>
</congMember>
<congMember authorityId="1069" bioGuideId="S000480" chamber="H" congress="115" gpoId="8089" party="D" role="SPEAKING" state="NY">
<name type="parsed">Ms. SLAUGHTER</name>
<name type="authority-fnf">Louise McIntosh Slaughter</name>
<name type="authority-lnf">Slaughter, Louise McIntosh</name>
<name type="authority-other">Louise Slaughter</name>
</congMember>
<congMember authorityId="1071" bioGuideId="S000522" chamber="H" congress="115" gpoId="8046" party="R" role="SPEAKING" state="NJ">
<name type="parsed">Mr. SMITH of New Jersey</name>
<name type="authority-fnf">Christopher H. Smith</name>
<name type="authority-lnf">Smith, Christopher H.</name>
<name type="authority-other">Christopher Smith</name>
</congMember>
<congMember authorityId="1479" bioGuideId="D000197" chamber="H" congress="115" gpoId="7859" party="D" role="SPEAKING" state="CO">
<name type="parsed">Ms. DeGETTE</name>
<name type="authority-fnf">Diana DeGette</name>
<name type="authority-lnf">DeGette, Diana</name>
</congMember>
<congMember authorityId="2277" bioGuideId="M001195" chamber="H" congress="115" party="R" role="SPEAKING" state="WV">
<name type="parsed">Mr. MOONEY of West Virginia</name>
<name type="authority-fnf">Alexander X. Mooney</name>
<name type="authority-lnf">Mooney, Alexander X.</name>
<name type="authority-other">Mr. Alexander Mooney</name>
</congMember>
<congMember authorityId="2352" bioGuideId="M001200" chamber="H" congress="115" party="D" role="SPEAKING" state="VA">
<name type="parsed">Mr. McEACHIN</name>
<name type="authority-fnf">A. Donald McEachin</name>
<name type="authority-lnf">McEachin, A. Donald</name>
</congMember>
<congMember authorityId="1834" bioGuideId="L000564" chamber="H" congress="115" gpoId="7863" party="R" role="SPEAKING" state="CO">
<name type="parsed">Mr. LAMBORN</name>
<name type="authority-fnf">Doug Lamborn</name>
<name type="authority-lnf">Lamborn, Doug</name>
</congMember>
<congMember authorityId="2119" bioGuideId="F000462" chamber="H" congress="115" party="D" role="SPEAKING" state="FL">
<name type="parsed">Ms. FRANKEL of Florida</name>
<name type="authority-fnf">Lois Frankel</name>
<name type="authority-lnf">Frankel, Lois</name>
</congMember>
<congMember authorityId="2100" bioGuideId="L000578" chamber="H" congress="115" party="R" role="SPEAKING" state="CA">
<name type="parsed">Mr. LaMALFA</name>
<name type="authority-fnf">Doug LaMalfa</name>
<name type="authority-lnf">LaMalfa, Doug</name>
</congMember>
<congMember authorityId="1724" bioGuideId="K000362" chamber="H" congress="115" gpoId="7918" party="R" role="SPEAKING" state="IA">
<name type="parsed">Mr. KING of Iowa</name>
<name type="authority-fnf">Steve King</name>
<name type="authority-lnf">King, Steve</name>
</congMember>
<congMember authorityId="2330" bioGuideId="J000299" chamber="H" congress="115" party="R" role="SPEAKING" state="LA">
<name type="parsed">Mr. JOHNSON of Louisiana</name>
<name type="authority-fnf">Mike Johnson</name>
<name type="authority-lnf">Johnson, Mike</name>
</congMember>
<congMember authorityId="588" bioGuideId="J000032" chamber="H" congress="115" gpoId="8174" party="D" role="SPEAKING" state="TX">
<name type="parsed">Ms. JACKSON LEE</name>
<name type="authority-fnf">Sheila Jackson Lee</name>
<name type="authority-lnf">Jackson Lee, Sheila</name>
</congMember>
<congMember authorityId="2275" bioGuideId="N000189" chamber="H" congress="115" party="R" role="SPEAKING" state="WA">
<name type="parsed">Mr. NEWHOUSE</name>
<name type="authority-fnf">Dan Newhouse</name>
<name type="authority-lnf">Newhouse, Dan</name>
</congMember>
</extension>
<relatedItem type="isReferencedBy">
<titleInfo>
<title>United States House Bill 195  (115th Congress)</title>
</titleInfo>
<identifier type="Congressional Bill citation">H.R. 195</identifier>
<extension>
<congress>115</congress>
<context>OTHER</context>
</extension>
</relatedItem>
<relatedItem type="isReferencedBy">
<titleInfo>
<title>United States House Resolution 694  (115th Congress)</title>
</titleInfo>
<identifier type="Congressional Bill citation">H. Res. 694</identifier>
<extension>
<congress>115</congress>
<context>HEADERLINE</context>
</extension>
</relatedItem>
<relatedItem type="isReferencedBy">
<titleInfo>
<title>United States House Resolution 694  (115th Congress)</title>
</titleInfo>
<identifier type="Congressional Bill citation">H. Res. 694</identifier>
<extension>
<congress>115</congress>
<context>FIRSTPARAGRAPH</context>
</extension>
</relatedItem>
<relatedItem type="isReferencedBy">
<titleInfo>
<title>United States House Resolution 694  (115th Congress)</title>
</titleInfo>
<identifier type="Congressional Bill citation">H. Res. 694</identifier>
<extension>
<congress>115</congress>
<context>OTHER</context>
</extension>
</relatedItem>
<relatedItem type="isReferencedBy">
<titleInfo>
<title>United States House Bill 4712  (115th Congress)</title>
</titleInfo>
<identifier type="Congressional Bill citation">H.R. 4712</identifier>
<extension>
<congress>115</congress>
<context>TITLE</context>
</extension>
</relatedItem>
<relatedItem type="isReferencedBy">
<titleInfo>
<title>United States House Bill 4712  (115th Congress)</title>
</titleInfo>
<identifier type="Congressional Bill citation">H.R. 4712</identifier>
<extension>
<congress>115</congress>
<context>OTHER</context>
</extension>
</relatedItem>
<relatedItem type="isReferencedBy">
<titleInfo>
<title>United States House Bill 4820  (115th Congress)</title>
</titleInfo>
<identifier type="Congressional Bill citation">H.R. 4820</identifier>
<extension>
<congress>115</congress>
<context>OTHER</context>
</extension>
</relatedItem>
<relatedItem ID="P0b002ee1980950bf" type="host">
<titleInfo>
<title>Congressional Record</title>
<partNumber>Vol. 164, no. 11</partNumber>
</titleInfo>
<location>
<url access="object in context" displayLabel="Content Detail">https://www.gpo.gov/fdsys/pkg/CREC-2018-01-18/content-detail.html</url>
<url access="raw object" displayLabel="PDF rendition">https://www.gpo.gov/fdsys/pkg/CREC-2018-01-18/pdf/CREC-2018-01-18.pdf</url>
</location>
<part type="issue">
<extent unit="pages">
<start>H479</start>
<end>H555</end>
</extent>
<extent unit="pages">
<start>S265</start>
<end>S313</end>
</extent>
<extent unit="pages">
<start>E57</start>
<end>E67</end>
</extent>
<extent unit="pages">
<start>D55</start>
<end>D62</end>
</extent>
</part>
<originInfo>
<publisher>U.S. Government Publishing Office</publisher>
<dateIssued encoding="w3cdtf">2018-01-18</dateIssued>
<issuance>continuing</issuance>
<frequency authority="marcfrequency">daily</frequency>
</originInfo>
<physicalDescription>
<note type="source content type">deposited</note>
<digitalOrigin>born digital</digitalOrigin>
<extent>290 p.</extent>
</physicalDescription>
<classification authority="sudocs">X 1.1/A:</classification>
<classification authority="sudocs">X/A.</classification>
<identifier type="uri">https://www.gpo.gov/fdsys/pkg/CREC-2018-01-18</identifier>
<identifier type="local">P0b002ee1980950bf</identifier>
<identifier type="stock number">752-002-00000-2</identifier>
<identifier type="ILS system id">000568013</identifier>
<identifier type="former package identifier">cr18ja18</identifier>
<recordInfo>
<recordContentSource authority="marcorg">DGPO</recordContentSource>
<recordCreationDate encoding="w3cdtf">2018-01-19</recordCreationDate>
<recordChangeDate encoding="w3cdtf">2018-01-19</recordChangeDate>
<recordIdentifier source="DGPO">CREC-2018-01-18</recordIdentifier>
<recordOrigin>machine generated</recordOrigin>
<languageOfCataloging>
<languageTerm authority="iso639-2b" type="code">eng</languageTerm>
</languageOfCataloging>
</recordInfo>
<accessCondition type="GPO scope determination">fdlp</accessCondition>
<extension>
<docClass>CREC</docClass>
<accessId>CREC-2018-01-18</accessId>
<volume>164</volume>
<issue>11</issue>
<congress>115</congress>
<session>2</session>
<bookCount>1</bookCount>
</extension>
</relatedItem>
</mods>