<mods ID="id-CREC-2018-04-09-pt1-PgS1995-2" version="3.3" xmlns="http://www.loc.gov/mods/v3" xmlns:exslt="http://exslt.org/common" xmlns:xlink="http://www.w3.org/1999/xlink" xmlns:xsi="http://www.w3.org/2001/XMLSchema-instance" xsi:schemaLocation="http://www.loc.gov/mods/v3 http://www.loc.gov/standards/mods/v3/mods-3-3.xsd">
<name type="corporate">
<namePart>United States Government Publishing Office</namePart>
<role>
<roleTerm authority="marcrelator" type="text">publisher</roleTerm>
<roleTerm authority="marcrelator" type="code">pbl</roleTerm>
</role>
<role>
<roleTerm authority="marcrelator" type="text">distributor</roleTerm>
<roleTerm authority="marcrelator" type="code">dst</roleTerm>
</role>
</name>
<name type="corporate">
<namePart>United States</namePart>
<namePart>Congress</namePart>
<role>
<roleTerm authority="marcrelator" type="text">author</roleTerm>
<roleTerm authority="marcrelator" type="code">aut</roleTerm>
</role>
<description>Government Organization</description>
</name>
<typeOfResource>text</typeOfResource>
<genre authority="marcgt">government publication</genre>
<language>
<languageTerm authority="iso639-2b" type="code">eng</languageTerm>
</language>
<extension>
<collectionCode>CREC</collectionCode>
<category>Proceedings of Congress and General Congressional Publications</category>
<waisDatabaseName>2018_record</waisDatabaseName>
<branch>legislative</branch>
<dateIngested>2018-04-10</dateIngested>
</extension>
<titleInfo>
<title>NOMINATION OF ANDREW WHEELER</title>
<partName>Senate</partName>
</titleInfo>
<relatedItem type="otherFormat" xlink:href="https://www.gpo.gov/fdsys/pkg/CREC-2018-04-09/html/CREC-2018-04-09-pt1-PgS1995-2.htm">
<identifier type="FDsys Unique ID">D09002ee199fe9feb</identifier>
</relatedItem>
<relatedItem type="otherFormat" xlink:href="https://www.gpo.gov/fdsys/pkg/CREC-2018-04-09/pdf/CREC-2018-04-09-pt1-PgS1995-2.pdf">
<identifier type="FDsys Unique ID">D09002ee199fea07e</identifier>
</relatedItem>
<identifier type="congressional record citation">164 Cong. Rec. S1995</identifier>
<identifier type="uri">https://www.gpo.gov/fdsys/granule/CREC-2018-04-09/CREC-2018-04-09-pt1-PgS1995-2</identifier>
<identifier type="former granule identifier">cr09ap18-64</identifier>
<location>
<url access="object in context" displayLabel="Content Detail">https://www.gpo.gov/fdsys/granule/CREC-2018-04-09/CREC-2018-04-09-pt1-PgS1995-2/content-detail.html</url>
<url access="raw object" displayLabel="PDF rendition">https://www.gpo.gov/fdsys/pkg/CREC-2018-04-09/pdf/CREC-2018-04-09-pt1-PgS1995-2.pdf</url>
<url access="raw object" displayLabel="HTML rendition">https://www.gpo.gov/fdsys/pkg/CREC-2018-04-09/html/CREC-2018-04-09-pt1-PgS1995-2.htm</url>
</location>
<physicalDescription>
<extent>1 p.</extent>
</physicalDescription>
<part type="article">
<extent unit="pages">
<start>S1995</start>
<end>S1995</end>
</extent>
</part>
<name type="personal">
<namePart>Charles E. Schumer</namePart>
<affiliation>United States Senate</affiliation>
<role>
<roleTerm type="text">speaking</roleTerm>
</role>
<description>United States Congress Member</description>
</name>
<identifier type="preferred citation">164 Cong. Rec. S1995</identifier>
<extension>
<searchTitle>NOMINATION OF ANDREW WHEELER; Congressional Record Vol. 164, No. 56</searchTitle>
<granuleClass>SENATE</granuleClass>
<accessId>CREC-2018-04-09-pt1-PgS1995-2</accessId>
<subGranuleClass>SNOMINATIONS</subGranuleClass>
<pagePrefix>S</pagePrefix>
<bookNumber>1</bookNumber>
<chamber>SENATE</chamber>
<granuleDate>2018-04-09</granuleDate>
<congMember authorityId="1036" bioGuideId="S000148" chamber="S" congress="115" gpoId="8279" party="D" role="SPEAKING" state="NY">
<name type="parsed">Mr. SCHUMER</name>
<name type="authority-fnf">Charles E. Schumer</name>
<name type="authority-lnf">Schumer, Charles E.</name>
<name type="authority-other">Charles Schumer</name>
</congMember>
</extension>
<relatedItem ID="P0b002ee199fe6b2f" type="host">
<titleInfo>
<title>Congressional Record</title>
<partNumber>Vol. 164, no. 56</partNumber>
</titleInfo>
<location>
<url access="object in context" displayLabel="Content Detail">https://www.gpo.gov/fdsys/pkg/CREC-2018-04-09/content-detail.html</url>
<url access="raw object" displayLabel="PDF rendition">https://www.gpo.gov/fdsys/pkg/CREC-2018-04-09/pdf/CREC-2018-04-09.pdf</url>
</location>
<part type="issue">
<extent unit="pages">
<start>H3061</start>
<end>H3064</end>
</extent>
<extent unit="pages">
<start>S1993</start>
<end>S2019</end>
</extent>
<extent unit="pages">
<start>E405</start>
<end>E407</end>
</extent>
<extent unit="pages">
<start>D349</start>
<end>D358</end>
</extent>
</part>
<originInfo>
<publisher>U.S. Government Publishing Office</publisher>
<dateIssued encoding="w3cdtf">2018-04-09</dateIssued>
<issuance>continuing</issuance>
<frequency authority="marcfrequency">daily</frequency>
</originInfo>
<physicalDescription>
<note type="source content type">deposited</note>
<digitalOrigin>born digital</digitalOrigin>
<extent>88 p.</extent>
</physicalDescription>
<classification authority="sudocs">X 1.1/A:</classification>
<classification authority="sudocs">X/A.</classification>
<identifier type="uri">https://www.gpo.gov/fdsys/pkg/CREC-2018-04-09</identifier>
<identifier type="local">P0b002ee199fe6b2f</identifier>
<identifier type="stock number">752-002-00000-2</identifier>
<identifier type="ILS system id">000568013</identifier>
<identifier type="former package identifier">cr09ap18</identifier>
<recordInfo>
<recordContentSource authority="marcorg">DGPO</recordContentSource>
<recordCreationDate encoding="w3cdtf">2018-04-10</recordCreationDate>
<recordChangeDate encoding="w3cdtf">2018-04-10</recordChangeDate>
<recordIdentifier source="DGPO">CREC-2018-04-09</recordIdentifier>
<recordOrigin>machine generated</recordOrigin>
<languageOfCataloging>
<languageTerm authority="iso639-2b" type="code">eng</languageTerm>
</languageOfCataloging>
</recordInfo>
<accessCondition type="GPO scope determination">fdlp</accessCondition>
<extension>
<docClass>CREC</docClass>
<accessId>CREC-2018-04-09</accessId>
<volume>164</volume>
<issue>56</issue>
<congress>115</congress>
<session>2</session>
<bookCount>1</bookCount>
</extension>
</relatedItem>
</mods>