<mods ID="id-CREC-2018-01-11-pt1-PgH136-6" version="3.3" xmlns="http://www.loc.gov/mods/v3" xmlns:exslt="http://exslt.org/common" xmlns:xlink="http://www.w3.org/1999/xlink" xmlns:xsi="http://www.w3.org/2001/XMLSchema-instance" xsi:schemaLocation="http://www.loc.gov/mods/v3 http://www.loc.gov/standards/mods/v3/mods-3-3.xsd">
<name type="corporate">
<namePart>United States Government Publishing Office</namePart>
<role>
<roleTerm authority="marcrelator" type="text">publisher</roleTerm>
<roleTerm authority="marcrelator" type="code">pbl</roleTerm>
</role>
<role>
<roleTerm authority="marcrelator" type="text">distributor</roleTerm>
<roleTerm authority="marcrelator" type="code">dst</roleTerm>
</role>
</name>
<name type="corporate">
<namePart>United States</namePart>
<namePart>Congress</namePart>
<role>
<roleTerm authority="marcrelator" type="text">author</roleTerm>
<roleTerm authority="marcrelator" type="code">aut</roleTerm>
</role>
<description>Government Organization</description>
</name>
<typeOfResource>text</typeOfResource>
<genre authority="marcgt">government publication</genre>
<language>
<languageTerm authority="iso639-2b" type="code">eng</languageTerm>
</language>
<extension>
<collectionCode>CREC</collectionCode>
<category>Proceedings of Congress and General Congressional Publications</category>
<waisDatabaseName>2018_record</waisDatabaseName>
<branch>legislative</branch>
<dateIngested>2018-01-12</dateIngested>
</extension>
<titleInfo>
<title>HONORING DANA MARSHALL-BERNSTEIN</title>
<partName>House</partName>
</titleInfo>
<relatedItem type="otherFormat" xlink:href="https://www.gpo.gov/fdsys/pkg/CREC-2018-01-11/html/CREC-2018-01-11-pt1-PgH136-6.htm">
<identifier type="FDsys Unique ID">D09002ee197fc0822</identifier>
</relatedItem>
<relatedItem type="otherFormat" xlink:href="https://www.gpo.gov/fdsys/pkg/CREC-2018-01-11/pdf/CREC-2018-01-11-pt1-PgH136-6.pdf">
<identifier type="FDsys Unique ID">D09002ee197fc08e9</identifier>
</relatedItem>
<identifier type="congressional record citation">164 Cong. Rec. H136</identifier>
<identifier type="uri">https://www.gpo.gov/fdsys/granule/CREC-2018-01-11/CREC-2018-01-11-pt1-PgH136-6</identifier>
<identifier type="former granule identifier">cr11ja18-44</identifier>
<location>
<url access="object in context" displayLabel="Content Detail">https://www.gpo.gov/fdsys/granule/CREC-2018-01-11/CREC-2018-01-11-pt1-PgH136-6/content-detail.html</url>
<url access="raw object" displayLabel="PDF rendition">https://www.gpo.gov/fdsys/pkg/CREC-2018-01-11/pdf/CREC-2018-01-11-pt1-PgH136-6.pdf</url>
<url access="raw object" displayLabel="HTML rendition">https://www.gpo.gov/fdsys/pkg/CREC-2018-01-11/html/CREC-2018-01-11-pt1-PgH136-6.htm</url>
</location>
<physicalDescription>
<extent>2 p.</extent>
</physicalDescription>
<part type="article">
<extent unit="pages">
<start>H136</start>
<end>H137</end>
</extent>
</part>
<name type="personal">
<namePart>Jacky Rosen</namePart>
<affiliation>United States House of Representatives</affiliation>
<role>
<roleTerm type="text">speaking</roleTerm>
</role>
<description>United States Congress Member</description>
</name>
<identifier type="preferred citation">164 Cong. Rec. H136</identifier>
<extension>
<searchTitle>HONORING DANA MARSHALL-BERNSTEIN; Congressional Record Vol. 164, No. 7</searchTitle>
<granuleClass>HOUSE</granuleClass>
<accessId>CREC-2018-01-11-pt1-PgH136-6</accessId>
<subGranuleClass>HONORING</subGranuleClass>
<pagePrefix>H</pagePrefix>
<bookNumber>1</bookNumber>
<chamber>HOUSE</chamber>
<granuleDate>2018-01-11</granuleDate>
<time from="09:00:00" to="09:00:00"/>
<congMember authorityId="2339" bioGuideId="R000608" chamber="H" congress="115" party="D" role="SPEAKING" state="NV">
<name type="parsed">Ms. ROSEN</name>
<name type="authority-fnf">Jacky Rosen</name>
<name type="authority-lnf">Rosen, Jacky</name>
</congMember>
</extension>
<relatedItem ID="P0b002ee197fc095c" type="host">
<titleInfo>
<title>Congressional Record</title>
<partNumber>Vol. 164, no. 7</partNumber>
</titleInfo>
<location>
<url access="object in context" displayLabel="Content Detail">https://www.gpo.gov/fdsys/pkg/CREC-2018-01-11/content-detail.html</url>
<url access="raw object" displayLabel="PDF rendition">https://www.gpo.gov/fdsys/pkg/CREC-2018-01-11/pdf/CREC-2018-01-11.pdf</url>
</location>
<part type="issue">
<extent unit="pages">
<start>H135</start>
<end>H170</end>
</extent>
<extent unit="pages">
<start>S143</start>
<end>S170</end>
</extent>
<extent unit="pages">
<start>E33</start>
<end>E37</end>
</extent>
<extent unit="pages">
<start>D31</start>
<end>D34</end>
</extent>
</part>
<originInfo>
<publisher>U.S. Government Publishing Office</publisher>
<dateIssued encoding="w3cdtf">2018-01-11</dateIssued>
<issuance>continuing</issuance>
<frequency authority="marcfrequency">daily</frequency>
</originInfo>
<physicalDescription>
<note type="source content type">deposited</note>
<digitalOrigin>born digital</digitalOrigin>
<extent>146 p.</extent>
</physicalDescription>
<classification authority="sudocs">X 1.1/A:</classification>
<classification authority="sudocs">X/A.</classification>
<identifier type="uri">https://www.gpo.gov/fdsys/pkg/CREC-2018-01-11</identifier>
<identifier type="local">P0b002ee197fc095c</identifier>
<identifier type="stock number">752-002-00000-2</identifier>
<identifier type="ILS system id">000568013</identifier>
<identifier type="former package identifier">cr11ja18</identifier>
<recordInfo>
<recordContentSource authority="marcorg">DGPO</recordContentSource>
<recordCreationDate encoding="w3cdtf">2018-01-12</recordCreationDate>
<recordChangeDate encoding="w3cdtf">2018-01-12</recordChangeDate>
<recordIdentifier source="DGPO">CREC-2018-01-11</recordIdentifier>
<recordOrigin>machine generated</recordOrigin>
<languageOfCataloging>
<languageTerm authority="iso639-2b" type="code">eng</languageTerm>
</languageOfCataloging>
</recordInfo>
<accessCondition type="GPO scope determination">fdlp</accessCondition>
<extension>
<docClass>CREC</docClass>
<accessId>CREC-2018-01-11</accessId>
<volume>164</volume>
<issue>7</issue>
<congress>115</congress>
<session>2</session>
<bookCount>1</bookCount>
</extension>
</relatedItem>
</mods>