<mods ID="id-CREC-2018-03-14-pt1-PgH1607-2" version="3.3" xmlns="http://www.loc.gov/mods/v3" xmlns:exslt="http://exslt.org/common" xmlns:xlink="http://www.w3.org/1999/xlink" xmlns:xsi="http://www.w3.org/2001/XMLSchema-instance" xsi:schemaLocation="http://www.loc.gov/mods/v3 http://www.loc.gov/standards/mods/v3/mods-3-3.xsd">
<name type="corporate">
<namePart>United States Government Publishing Office</namePart>
<role>
<roleTerm authority="marcrelator" type="text">publisher</roleTerm>
<roleTerm authority="marcrelator" type="code">pbl</roleTerm>
</role>
<role>
<roleTerm authority="marcrelator" type="text">distributor</roleTerm>
<roleTerm authority="marcrelator" type="code">dst</roleTerm>
</role>
</name>
<name type="corporate">
<namePart>United States</namePart>
<namePart>Congress</namePart>
<role>
<roleTerm authority="marcrelator" type="text">author</roleTerm>
<roleTerm authority="marcrelator" type="code">aut</roleTerm>
</role>
<description>Government Organization</description>
</name>
<typeOfResource>text</typeOfResource>
<genre authority="marcgt">government publication</genre>
<language>
<languageTerm authority="iso639-2b" type="code">eng</languageTerm>
</language>
<extension>
<collectionCode>CREC</collectionCode>
<category>Proceedings of Congress and General Congressional Publications</category>
<waisDatabaseName>2018_record</waisDatabaseName>
<branch>legislative</branch>
<dateIngested>2018-03-15</dateIngested>
</extension>
<titleInfo>
<title>PUBLIC BILLS AND RESOLUTIONS</title>
<partName>House</partName>
</titleInfo>
<relatedItem type="otherFormat" xlink:href="https://www.gpo.gov/fdsys/pkg/CREC-2018-03-14/html/CREC-2018-03-14-pt1-PgH1607-2.htm">
<identifier type="FDsys Unique ID">D09002ee199a15e88</identifier>
</relatedItem>
<relatedItem type="otherFormat" xlink:href="https://www.gpo.gov/fdsys/pkg/CREC-2018-03-14/pdf/CREC-2018-03-14-pt1-PgH1607-2.pdf">
<identifier type="FDsys Unique ID">D09002ee199a15f3d</identifier>
</relatedItem>
<identifier type="congressional record citation">164 Cong. Rec. H1607</identifier>
<identifier type="uri">https://www.gpo.gov/fdsys/granule/CREC-2018-03-14/CREC-2018-03-14-pt1-PgH1607-2</identifier>
<identifier type="former granule identifier">cr14mr18-117</identifier>
<location>
<url access="object in context" displayLabel="Content Detail">https://www.gpo.gov/fdsys/granule/CREC-2018-03-14/CREC-2018-03-14-pt1-PgH1607-2/content-detail.html</url>
<url access="raw object" displayLabel="PDF rendition">https://www.gpo.gov/fdsys/pkg/CREC-2018-03-14/pdf/CREC-2018-03-14-pt1-PgH1607-2.pdf</url>
<url access="raw object" displayLabel="HTML rendition">https://www.gpo.gov/fdsys/pkg/CREC-2018-03-14/html/CREC-2018-03-14-pt1-PgH1607-2.htm</url>
</location>
<physicalDescription>
<extent>2 p.</extent>
</physicalDescription>
<part type="article">
<extent unit="pages">
<start>H1607</start>
<end>H1608</end>
</extent>
</part>
<name type="corporate">
<namePart>United States</namePart>
<namePart>Congress</namePart>
<namePart>House of Representatives</namePart>
<namePart>Committee on Education and the Workforce</namePart>
<role>
<roleTerm authority="marcrelator" type="text">associated name</roleTerm>
<roleTerm authority="marcrelator" type="code">asn</roleTerm>
</role>
<description>Government Organization</description>
</name>
<name type="corporate">
<namePart>United States</namePart>
<namePart>Congress</namePart>
<namePart>House of Representatives</namePart>
<namePart>Committee on the Judiciary</namePart>
<role>
<roleTerm authority="marcrelator" type="text">associated name</roleTerm>
<roleTerm authority="marcrelator" type="code">asn</roleTerm>
</role>
<description>Government Organization</description>
</name>
<name type="corporate">
<namePart>United States</namePart>
<namePart>Congress</namePart>
<namePart>House of Representatives</namePart>
<namePart>Committee on Natural Resources</namePart>
<role>
<roleTerm authority="marcrelator" type="text">associated name</roleTerm>
<roleTerm authority="marcrelator" type="code">asn</roleTerm>
</role>
<description>Government Organization</description>
</name>
<name type="corporate">
<namePart>United States</namePart>
<namePart>Congress</namePart>
<namePart>House of Representatives</namePart>
<namePart>Committee on Ways and Means</namePart>
<role>
<roleTerm authority="marcrelator" type="text">associated name</roleTerm>
<roleTerm authority="marcrelator" type="code">asn</roleTerm>
</role>
<description>Government Organization</description>
</name>
<name type="corporate">
<namePart>United States</namePart>
<namePart>Congress</namePart>
<namePart>House of Representatives</namePart>
<namePart>Committee on Energy and Commerce</namePart>
<role>
<roleTerm authority="marcrelator" type="text">associated name</roleTerm>
<roleTerm authority="marcrelator" type="code">asn</roleTerm>
</role>
<description>Government Organization</description>
</name>
<name type="corporate">
<namePart>United States</namePart>
<namePart>Congress</namePart>
<namePart>House of Representatives</namePart>
<namePart>Committee on Foreign Affairs</namePart>
<role>
<roleTerm authority="marcrelator" type="text">associated name</roleTerm>
<roleTerm authority="marcrelator" type="code">asn</roleTerm>
</role>
<description>Government Organization</description>
</name>
<name type="corporate">
<namePart>United States</namePart>
<namePart>Congress</namePart>
<namePart>House of Representatives</namePart>
<namePart>Committee on Transportation and Infrastructure</namePart>
<role>
<roleTerm authority="marcrelator" type="text">associated name</roleTerm>
<roleTerm authority="marcrelator" type="code">asn</roleTerm>
</role>
<description>Government Organization</description>
</name>
<name type="corporate">
<namePart>United States</namePart>
<namePart>Congress</namePart>
<namePart>House of Representatives</namePart>
<namePart>Committee on Agriculture</namePart>
<role>
<roleTerm authority="marcrelator" type="text">associated name</roleTerm>
<roleTerm authority="marcrelator" type="code">asn</roleTerm>
</role>
<description>Government Organization</description>
</name>
<name type="corporate">
<namePart>United States</namePart>
<namePart>Congress</namePart>
<namePart>House of Representatives</namePart>
<namePart>Committee on Financial Services</namePart>
<role>
<roleTerm authority="marcrelator" type="text">associated name</roleTerm>
<roleTerm authority="marcrelator" type="code">asn</roleTerm>
</role>
<description>Government Organization</description>
</name>
<name type="corporate">
<namePart>United States</namePart>
<namePart>Congress</namePart>
<namePart>House of Representatives</namePart>
<namePart>Committee on Rules</namePart>
<role>
<roleTerm authority="marcrelator" type="text">associated name</roleTerm>
<roleTerm authority="marcrelator" type="code">asn</roleTerm>
</role>
<description>Government Organization</description>
</name>
<name type="corporate">
<namePart>United States</namePart>
<namePart>Congress</namePart>
<namePart>House of Representatives</namePart>
<namePart>Committee on Oversight and Government Reform</namePart>
<role>
<roleTerm authority="marcrelator" type="text">associated name</roleTerm>
<roleTerm authority="marcrelator" type="code">asn</roleTerm>
</role>
<description>Government Organization</description>
</name>
<name type="corporate">
<namePart>United States</namePart>
<namePart>Congress</namePart>
<namePart>House of Representatives</namePart>
<namePart>Committee on Science, Space, and Technology</namePart>
<role>
<roleTerm authority="marcrelator" type="text">associated name</roleTerm>
<roleTerm authority="marcrelator" type="code">asn</roleTerm>
</role>
<description>Government Organization</description>
</name>
<identifier type="preferred citation">164 Cong. Rec. H1607</identifier>
<extension>
<searchTitle>PUBLIC BILLS AND RESOLUTIONS; Congressional Record Vol. 164, No. 45</searchTitle>
<granuleClass>HOUSE</granuleClass>
<accessId>CREC-2018-03-14-pt1-PgH1607-2</accessId>
<subGranuleClass>HPUBBILLS</subGranuleClass>
<pagePrefix>H</pagePrefix>
<bookNumber>1</bookNumber>
<chamber>HOUSE</chamber>
<granuleDate>2018-03-14</granuleDate>
<time from="21:00:00" to="21:00:00"/>
<bill congress="115" context="OTHER" number="779" type="HRES"/>
<bill congress="115" context="OTHER" number="781" type="HRES"/>
<bill congress="115" context="OTHER" number="782" type="HRES"/>
<bill congress="115" context="OTHER" number="783" type="HRES"/>
<bill congress="115" context="OTHER" number="784" type="HRES"/>
<bill congress="115" context="OTHER" number="5268" type="HR"/>
<bill congress="115" context="OTHER" number="5269" type="HR"/>
<bill congress="115" context="OTHER" number="5270" type="HR"/>
<bill congress="115" context="OTHER" number="5271" type="HR"/>
<bill congress="115" context="OTHER" number="5272" type="HR"/>
<bill congress="115" context="OTHER" number="5273" type="HR"/>
<bill congress="115" context="OTHER" number="5274" type="HR"/>
<bill congress="115" context="OTHER" number="5275" type="HR"/>
<bill congress="115" context="OTHER" number="5276" type="HR"/>
<bill congress="115" context="OTHER" number="5277" type="HR"/>
<bill congress="115" context="OTHER" number="5278" type="HR"/>
<bill congress="115" context="OTHER" number="5279" type="HR"/>
<bill congress="115" context="OTHER" number="5280" type="HR"/>
<bill congress="115" context="OTHER" number="5281" type="HR"/>
<bill congress="115" context="OTHER" number="5282" type="HR"/>
<bill congress="115" context="OTHER" number="5283" type="HR"/>
<bill congress="115" context="OTHER" number="5284" type="HR"/>
<bill congress="115" context="OTHER" number="5285" type="HR"/>
<bill congress="115" context="OTHER" number="5286" type="HR"/>
<bill congress="115" context="OTHER" number="5287" type="HR"/>
<bill congress="115" context="OTHER" number="5288" type="HR"/>
<bill congress="115" context="OTHER" number="5289" type="HR"/>
<bill congress="115" context="OTHER" number="5290" type="HR"/>
<bill congress="115" context="OTHER" number="5291" type="HR"/>
<congCommittee authorityId="hsed00" chamber="H" congress="115" type="S">
<name type="authority-standard">Committee on Education and the Workforce</name>
<name type="authority-short">Education and the Workforce</name>
</congCommittee>
<congCommittee authorityId="hsju00" chamber="H" congress="115" type="S">
<name type="authority-standard">Committee on the Judiciary</name>
<name type="authority-short">Judiciary</name>
</congCommittee>
<congCommittee authorityId="hsii00" chamber="H" congress="115" type="S">
<name type="authority-standard">Committee on Natural Resources</name>
<name type="authority-short">Natural Resources</name>
</congCommittee>
<congCommittee authorityId="hswm00" chamber="H" congress="115" type="S">
<name type="authority-standard">Committee on Ways and Means</name>
<name type="authority-short">Ways and Means</name>
</congCommittee>
<congCommittee authorityId="hsif00" chamber="H" congress="115" type="S">
<name type="authority-standard">Committee on Energy and Commerce</name>
<name type="authority-short">Energy and Commerce</name>
</congCommittee>
<congCommittee authorityId="hsfa00" chamber="H" congress="115" type="S">
<name type="authority-standard">Committee on Foreign Affairs</name>
<name type="authority-short">Foreign Affairs</name>
</congCommittee>
<congCommittee authorityId="hspw00" chamber="H" congress="115" type="S">
<name type="authority-standard">Committee on Transportation and Infrastructure</name>
<name type="authority-short">Transportation</name>
</congCommittee>
<congCommittee authorityId="hsag00" chamber="H" congress="115" type="S">
<name type="authority-standard">Committee on Agriculture</name>
<name type="authority-short">Agriculture</name>
</congCommittee>
<congCommittee authorityId="hsba00" chamber="H" congress="115" type="S">
<name type="authority-standard">Committee on Financial Services</name>
<name type="authority-short">Financial Services</name>
</congCommittee>
<congCommittee authorityId="hsru00" chamber="H" congress="115" type="S">
<name type="authority-standard">Committee on Rules</name>
<name type="authority-short">Rules</name>
</congCommittee>
<congCommittee authorityId="hsgo00" chamber="H" congress="115" type="S">
<name type="authority-standard">Committee on Oversight and Government Reform</name>
<name type="authority-short">Oversight and Government Reform</name>
</congCommittee>
<congCommittee authorityId="hssy00" chamber="H" congress="115" type="S">
<name type="authority-standard">Committee on Science, Space, and Technology</name>
<name type="authority-short">Science, Space, and Technology</name>
</congCommittee>
<USCode title="5">
<chapter number="8"/>
</USCode>
</extension>
<relatedItem type="isReferencedBy">
<titleInfo>
<title>United States House Resolution 779  (115th Congress)</title>
</titleInfo>
<identifier type="Congressional Bill citation">H. Res. 779</identifier>
<extension>
<congress>115</congress>
<context>OTHER</context>
</extension>
</relatedItem>
<relatedItem type="isReferencedBy">
<titleInfo>
<title>United States House Resolution 781  (115th Congress)</title>
</titleInfo>
<identifier type="Congressional Bill citation">H. Res. 781</identifier>
<extension>
<congress>115</congress>
<context>OTHER</context>
</extension>
</relatedItem>
<relatedItem type="isReferencedBy">
<titleInfo>
<title>United States House Resolution 782  (115th Congress)</title>
</titleInfo>
<identifier type="Congressional Bill citation">H. Res. 782</identifier>
<extension>
<congress>115</congress>
<context>OTHER</context>
</extension>
</relatedItem>
<relatedItem type="isReferencedBy">
<titleInfo>
<title>United States House Resolution 783  (115th Congress)</title>
</titleInfo>
<identifier type="Congressional Bill citation">H. Res. 783</identifier>
<extension>
<congress>115</congress>
<context>OTHER</context>
</extension>
</relatedItem>
<relatedItem type="isReferencedBy">
<titleInfo>
<title>United States House Resolution 784  (115th Congress)</title>
</titleInfo>
<identifier type="Congressional Bill citation">H. Res. 784</identifier>
<extension>
<congress>115</congress>
<context>OTHER</context>
</extension>
</relatedItem>
<relatedItem type="isReferencedBy">
<titleInfo>
<title>United States House Bill 5268  (115th Congress)</title>
</titleInfo>
<identifier type="Congressional Bill citation">H.R. 5268</identifier>
<extension>
<congress>115</congress>
<context>OTHER</context>
</extension>
</relatedItem>
<relatedItem type="isReferencedBy">
<titleInfo>
<title>United States House Bill 5269  (115th Congress)</title>
</titleInfo>
<identifier type="Congressional Bill citation">H.R. 5269</identifier>
<extension>
<congress>115</congress>
<context>OTHER</context>
</extension>
</relatedItem>
<relatedItem type="isReferencedBy">
<titleInfo>
<title>United States House Bill 5270  (115th Congress)</title>
</titleInfo>
<identifier type="Congressional Bill citation">H.R. 5270</identifier>
<extension>
<congress>115</congress>
<context>OTHER</context>
</extension>
</relatedItem>
<relatedItem type="isReferencedBy">
<titleInfo>
<title>United States House Bill 5271  (115th Congress)</title>
</titleInfo>
<identifier type="Congressional Bill citation">H.R. 5271</identifier>
<extension>
<congress>115</congress>
<context>OTHER</context>
</extension>
</relatedItem>
<relatedItem type="isReferencedBy">
<titleInfo>
<title>United States House Bill 5272  (115th Congress)</title>
</titleInfo>
<identifier type="Congressional Bill citation">H.R. 5272</identifier>
<extension>
<congress>115</congress>
<context>OTHER</context>
</extension>
</relatedItem>
<relatedItem type="isReferencedBy">
<titleInfo>
<title>United States House Bill 5273  (115th Congress)</title>
</titleInfo>
<identifier type="Congressional Bill citation">H.R. 5273</identifier>
<extension>
<congress>115</congress>
<context>OTHER</context>
</extension>
</relatedItem>
<relatedItem type="isReferencedBy">
<titleInfo>
<title>United States House Bill 5274  (115th Congress)</title>
</titleInfo>
<identifier type="Congressional Bill citation">H.R. 5274</identifier>
<extension>
<congress>115</congress>
<context>OTHER</context>
</extension>
</relatedItem>
<relatedItem type="isReferencedBy">
<titleInfo>
<title>United States House Bill 5275  (115th Congress)</title>
</titleInfo>
<identifier type="Congressional Bill citation">H.R. 5275</identifier>
<extension>
<congress>115</congress>
<context>OTHER</context>
</extension>
</relatedItem>
<relatedItem type="isReferencedBy">
<titleInfo>
<title>United States House Bill 5276  (115th Congress)</title>
</titleInfo>
<identifier type="Congressional Bill citation">H.R. 5276</identifier>
<extension>
<congress>115</congress>
<context>OTHER</context>
</extension>
</relatedItem>
<relatedItem type="isReferencedBy">
<titleInfo>
<title>United States House Bill 5277  (115th Congress)</title>
</titleInfo>
<identifier type="Congressional Bill citation">H.R. 5277</identifier>
<extension>
<congress>115</congress>
<context>OTHER</context>
</extension>
</relatedItem>
<relatedItem type="isReferencedBy">
<titleInfo>
<title>United States House Bill 5278  (115th Congress)</title>
</titleInfo>
<identifier type="Congressional Bill citation">H.R. 5278</identifier>
<extension>
<congress>115</congress>
<context>OTHER</context>
</extension>
</relatedItem>
<relatedItem type="isReferencedBy">
<titleInfo>
<title>United States House Bill 5279  (115th Congress)</title>
</titleInfo>
<identifier type="Congressional Bill citation">H.R. 5279</identifier>
<extension>
<congress>115</congress>
<context>OTHER</context>
</extension>
</relatedItem>
<relatedItem type="isReferencedBy">
<titleInfo>
<title>United States House Bill 5280  (115th Congress)</title>
</titleInfo>
<identifier type="Congressional Bill citation">H.R. 5280</identifier>
<extension>
<congress>115</congress>
<context>OTHER</context>
</extension>
</relatedItem>
<relatedItem type="isReferencedBy">
<titleInfo>
<title>United States House Bill 5281  (115th Congress)</title>
</titleInfo>
<identifier type="Congressional Bill citation">H.R. 5281</identifier>
<extension>
<congress>115</congress>
<context>OTHER</context>
</extension>
</relatedItem>
<relatedItem type="isReferencedBy">
<titleInfo>
<title>United States House Bill 5282  (115th Congress)</title>
</titleInfo>
<identifier type="Congressional Bill citation">H.R. 5282</identifier>
<extension>
<congress>115</congress>
<context>OTHER</context>
</extension>
</relatedItem>
<relatedItem type="isReferencedBy">
<titleInfo>
<title>United States House Bill 5283  (115th Congress)</title>
</titleInfo>
<identifier type="Congressional Bill citation">H.R. 5283</identifier>
<extension>
<congress>115</congress>
<context>OTHER</context>
</extension>
</relatedItem>
<relatedItem type="isReferencedBy">
<titleInfo>
<title>United States House Bill 5284  (115th Congress)</title>
</titleInfo>
<identifier type="Congressional Bill citation">H.R. 5284</identifier>
<extension>
<congress>115</congress>
<context>OTHER</context>
</extension>
</relatedItem>
<relatedItem type="isReferencedBy">
<titleInfo>
<title>United States House Bill 5285  (115th Congress)</title>
</titleInfo>
<identifier type="Congressional Bill citation">H.R. 5285</identifier>
<extension>
<congress>115</congress>
<context>OTHER</context>
</extension>
</relatedItem>
<relatedItem type="isReferencedBy">
<titleInfo>
<title>United States House Bill 5286  (115th Congress)</title>
</titleInfo>
<identifier type="Congressional Bill citation">H.R. 5286</identifier>
<extension>
<congress>115</congress>
<context>OTHER</context>
</extension>
</relatedItem>
<relatedItem type="isReferencedBy">
<titleInfo>
<title>United States House Bill 5287  (115th Congress)</title>
</titleInfo>
<identifier type="Congressional Bill citation">H.R. 5287</identifier>
<extension>
<congress>115</congress>
<context>OTHER</context>
</extension>
</relatedItem>
<relatedItem type="isReferencedBy">
<titleInfo>
<title>United States House Bill 5288  (115th Congress)</title>
</titleInfo>
<identifier type="Congressional Bill citation">H.R. 5288</identifier>
<extension>
<congress>115</congress>
<context>OTHER</context>
</extension>
</relatedItem>
<relatedItem type="isReferencedBy">
<titleInfo>
<title>United States House Bill 5289  (115th Congress)</title>
</titleInfo>
<identifier type="Congressional Bill citation">H.R. 5289</identifier>
<extension>
<congress>115</congress>
<context>OTHER</context>
</extension>
</relatedItem>
<relatedItem type="isReferencedBy">
<titleInfo>
<title>United States House Bill 5290  (115th Congress)</title>
</titleInfo>
<identifier type="Congressional Bill citation">H.R. 5290</identifier>
<extension>
<congress>115</congress>
<context>OTHER</context>
</extension>
</relatedItem>
<relatedItem type="isReferencedBy">
<titleInfo>
<title>United States House Bill 5291  (115th Congress)</title>
</titleInfo>
<identifier type="Congressional Bill citation">H.R. 5291</identifier>
<extension>
<congress>115</congress>
<context>OTHER</context>
</extension>
</relatedItem>
<relatedItem type="isReferencedBy">
<titleInfo>
<title>United States Code</title>
<partNumber>Title 5 Chapter 8</partNumber>
</titleInfo>
<identifier type="USC citation">5 U.S.C. Chapter 8</identifier>
</relatedItem>
<relatedItem ID="P0b002ee199a0e6b4" type="host">
<titleInfo>
<title>Congressional Record</title>
<partNumber>Vol. 164, no. 45</partNumber>
</titleInfo>
<location>
<url access="object in context" displayLabel="Content Detail">https://www.gpo.gov/fdsys/pkg/CREC-2018-03-14/content-detail.html</url>
<url access="raw object" displayLabel="PDF rendition">https://www.gpo.gov/fdsys/pkg/CREC-2018-03-14/pdf/CREC-2018-03-14.pdf</url>
</location>
<part type="issue">
<extent unit="pages">
<start>H1545</start>
<end>H1610</end>
</extent>
<extent unit="pages">
<start>S1695</start>
<end>S1739</end>
</extent>
<extent unit="pages">
<start>E309</start>
<end>E315</end>
</extent>
<extent unit="pages">
<start>D265</start>
<end>D274</end>
</extent>
</part>
<originInfo>
<publisher>U.S. Government Publishing Office</publisher>
<dateIssued encoding="w3cdtf">2018-03-14</dateIssued>
<issuance>continuing</issuance>
<frequency authority="marcfrequency">daily</frequency>
</originInfo>
<physicalDescription>
<note type="source content type">deposited</note>
<digitalOrigin>born digital</digitalOrigin>
<extent>256 p.</extent>
</physicalDescription>
<classification authority="sudocs">X 1.1/A:</classification>
<classification authority="sudocs">X/A.</classification>
<identifier type="uri">https://www.gpo.gov/fdsys/pkg/CREC-2018-03-14</identifier>
<identifier type="local">P0b002ee199a0e6b4</identifier>
<identifier type="stock number">752-002-00000-2</identifier>
<identifier type="ILS system id">000568013</identifier>
<identifier type="former package identifier">cr14mr18</identifier>
<recordInfo>
<recordContentSource authority="marcorg">DGPO</recordContentSource>
<recordCreationDate encoding="w3cdtf">2018-03-15</recordCreationDate>
<recordChangeDate encoding="w3cdtf">2018-03-15</recordChangeDate>
<recordIdentifier source="DGPO">CREC-2018-03-14</recordIdentifier>
<recordOrigin>machine generated</recordOrigin>
<languageOfCataloging>
<languageTerm authority="iso639-2b" type="code">eng</languageTerm>
</languageOfCataloging>
</recordInfo>
<accessCondition type="GPO scope determination">fdlp</accessCondition>
<extension>
<docClass>CREC</docClass>
<accessId>CREC-2018-03-14</accessId>
<volume>164</volume>
<issue>45</issue>
<congress>115</congress>
<session>2</session>
<bookCount>1</bookCount>
</extension>
</relatedItem>
</mods>