<mods ID="id-CREC-2018-03-22-pt1-PgS1947" version="3.3" xmlns="http://www.loc.gov/mods/v3" xmlns:exslt="http://exslt.org/common" xmlns:xlink="http://www.w3.org/1999/xlink" xmlns:xsi="http://www.w3.org/2001/XMLSchema-instance" xsi:schemaLocation="http://www.loc.gov/mods/v3 http://www.loc.gov/standards/mods/v3/mods-3-3.xsd">
<name type="corporate">
<namePart>United States Government Publishing Office</namePart>
<role>
<roleTerm authority="marcrelator" type="text">publisher</roleTerm>
<roleTerm authority="marcrelator" type="code">pbl</roleTerm>
</role>
<role>
<roleTerm authority="marcrelator" type="text">distributor</roleTerm>
<roleTerm authority="marcrelator" type="code">dst</roleTerm>
</role>
</name>
<name type="corporate">
<namePart>United States</namePart>
<namePart>Congress</namePart>
<role>
<roleTerm authority="marcrelator" type="text">author</roleTerm>
<roleTerm authority="marcrelator" type="code">aut</roleTerm>
</role>
<description>Government Organization</description>
</name>
<typeOfResource>text</typeOfResource>
<genre authority="marcgt">government publication</genre>
<language>
<languageTerm authority="iso639-2b" type="code">eng</languageTerm>
</language>
<extension>
<collectionCode>CREC</collectionCode>
<category>Proceedings of Congress and General Congressional Publications</category>
<waisDatabaseName>2018_record</waisDatabaseName>
<branch>legislative</branch>
<dateIngested>2018-03-28</dateIngested>
</extension>
<titleInfo>
<title>INTRODUCTION OF BILLS AND JOINT RESOLUTIONS</title>
<partName>Senate</partName>
</titleInfo>
<relatedItem type="otherFormat" xlink:href="https://www.gpo.gov/fdsys/pkg/CREC-2018-03-22/html/CREC-2018-03-22-pt1-PgS1947.htm">
<identifier type="FDsys Unique ID">D09002ee199cf0e0c</identifier>
</relatedItem>
<relatedItem type="otherFormat" xlink:href="https://www.gpo.gov/fdsys/pkg/CREC-2018-03-22/pdf/CREC-2018-03-22-pt1-PgS1947.pdf">
<identifier type="FDsys Unique ID">D09002ee199cf0fa4</identifier>
</relatedItem>
<identifier type="congressional record citation">164 Cong. Rec. S1947</identifier>
<identifier type="uri">https://www.gpo.gov/fdsys/granule/CREC-2018-03-22/CREC-2018-03-22-pt1-PgS1947</identifier>
<identifier type="former granule identifier">CR22MR18-173</identifier>
<location>
<url access="object in context" displayLabel="Content Detail">https://www.gpo.gov/fdsys/granule/CREC-2018-03-22/CREC-2018-03-22-pt1-PgS1947/content-detail.html</url>
<url access="raw object" displayLabel="PDF rendition">https://www.gpo.gov/fdsys/pkg/CREC-2018-03-22/pdf/CREC-2018-03-22-pt1-PgS1947.pdf</url>
<url access="raw object" displayLabel="HTML rendition">https://www.gpo.gov/fdsys/pkg/CREC-2018-03-22/html/CREC-2018-03-22-pt1-PgS1947.htm</url>
</location>
<physicalDescription>
<extent>2 p.</extent>
</physicalDescription>
<part type="article">
<extent unit="pages">
<start>S1947</start>
<end>S1948</end>
</extent>
</part>
<name type="corporate">
<namePart>United States</namePart>
<namePart>Congress</namePart>
<namePart>Senate</namePart>
<namePart>Committee on Health, Education, Labor, and Pensions</namePart>
<role>
<roleTerm authority="marcrelator" type="text">associated name</roleTerm>
<roleTerm authority="marcrelator" type="code">asn</roleTerm>
</role>
<description>Government Organization</description>
</name>
<name type="corporate">
<namePart>United States</namePart>
<namePart>Congress</namePart>
<namePart>Senate</namePart>
<namePart>Committee on Judiciary</namePart>
<role>
<roleTerm authority="marcrelator" type="text">associated name</roleTerm>
<roleTerm authority="marcrelator" type="code">asn</roleTerm>
</role>
<description>Government Organization</description>
</name>
<name type="corporate">
<namePart>United States</namePart>
<namePart>Congress</namePart>
<namePart>Senate</namePart>
<namePart>Committee on Homeland Security and Governmental Affairs</namePart>
<role>
<roleTerm authority="marcrelator" type="text">associated name</roleTerm>
<roleTerm authority="marcrelator" type="code">asn</roleTerm>
</role>
<description>Government Organization</description>
</name>
<name type="corporate">
<namePart>United States</namePart>
<namePart>Congress</namePart>
<namePart>Senate</namePart>
<namePart>Committee on Rules and Administration</namePart>
<role>
<roleTerm authority="marcrelator" type="text">associated name</roleTerm>
<roleTerm authority="marcrelator" type="code">asn</roleTerm>
</role>
<description>Government Organization</description>
</name>
<name type="corporate">
<namePart>United States</namePart>
<namePart>Congress</namePart>
<namePart>Senate</namePart>
<namePart>Committee on Finance</namePart>
<role>
<roleTerm authority="marcrelator" type="text">associated name</roleTerm>
<roleTerm authority="marcrelator" type="code">asn</roleTerm>
</role>
<description>Government Organization</description>
</name>
<name type="corporate">
<namePart>United States</namePart>
<namePart>Congress</namePart>
<namePart>Senate</namePart>
<namePart>Committee on Foreign Relations</namePart>
<role>
<roleTerm authority="marcrelator" type="text">associated name</roleTerm>
<roleTerm authority="marcrelator" type="code">asn</roleTerm>
</role>
<description>Government Organization</description>
</name>
<name type="corporate">
<namePart>United States</namePart>
<namePart>Congress</namePart>
<namePart>Senate</namePart>
<namePart>Committee on Indian Affairs</namePart>
<role>
<roleTerm authority="marcrelator" type="text">associated name</roleTerm>
<roleTerm authority="marcrelator" type="code">asn</roleTerm>
</role>
<description>Government Organization</description>
</name>
<name type="corporate">
<namePart>United States</namePart>
<namePart>Congress</namePart>
<namePart>Senate</namePart>
<namePart>Committee on Environment and Public Works</namePart>
<role>
<roleTerm authority="marcrelator" type="text">associated name</roleTerm>
<roleTerm authority="marcrelator" type="code">asn</roleTerm>
</role>
<description>Government Organization</description>
</name>
<name type="corporate">
<namePart>United States</namePart>
<namePart>Congress</namePart>
<namePart>Senate</namePart>
<namePart>Committee on Energy and Natural Resources</namePart>
<role>
<roleTerm authority="marcrelator" type="text">associated name</roleTerm>
<roleTerm authority="marcrelator" type="code">asn</roleTerm>
</role>
<description>Government Organization</description>
</name>
<name type="corporate">
<namePart>United States</namePart>
<namePart>Congress</namePart>
<namePart>Senate</namePart>
<namePart>Committee on Banking, Housing, and Urban Affairs</namePart>
<role>
<roleTerm authority="marcrelator" type="text">associated name</roleTerm>
<roleTerm authority="marcrelator" type="code">asn</roleTerm>
</role>
<description>Government Organization</description>
</name>
<name type="corporate">
<namePart>United States</namePart>
<namePart>Congress</namePart>
<namePart>Senate</namePart>
<namePart>Committee on Agriculture, Nutrition, and Forestry</namePart>
<role>
<roleTerm authority="marcrelator" type="text">associated name</roleTerm>
<roleTerm authority="marcrelator" type="code">asn</roleTerm>
</role>
<description>Government Organization</description>
</name>
<name type="corporate">
<namePart>United States</namePart>
<namePart>Congress</namePart>
<namePart>Senate</namePart>
<namePart>Committee on Commerce, Science, and Transportation</namePart>
<role>
<roleTerm authority="marcrelator" type="text">associated name</roleTerm>
<roleTerm authority="marcrelator" type="code">asn</roleTerm>
</role>
<description>Government Organization</description>
</name>
<name type="corporate">
<namePart>United States</namePart>
<namePart>Congress</namePart>
<namePart>Senate</namePart>
<namePart>Committee on Veterans' Affairs</namePart>
<role>
<roleTerm authority="marcrelator" type="text">associated name</roleTerm>
<roleTerm authority="marcrelator" type="code">asn</roleTerm>
</role>
<description>Government Organization</description>
</name>
<identifier type="preferred citation">164 Cong. Rec. S1947</identifier>
<extension>
<searchTitle>INTRODUCTION OF BILLS AND JOINT RESOLUTIONS; Congressional Record Vol. 164, No. 50</searchTitle>
<granuleClass>SENATE</granuleClass>
<accessId>CREC-2018-03-22-pt1-PgS1947</accessId>
<subGranuleClass>SINTROBILLS</subGranuleClass>
<pagePrefix>S</pagePrefix>
<bookNumber>1</bookNumber>
<chamber>SENATE</chamber>
<granuleDate>2018-03-22</granuleDate>
<bill congress="115" context="OTHER" number="56" type="SJRES"/>
<bill congress="115" context="OTHER" number="57" type="SJRES"/>
<bill congress="115" context="OTHER" number="2589" type="S"/>
<bill congress="115" context="OTHER" number="2590" type="S"/>
<bill congress="115" context="OTHER" number="2591" type="S"/>
<bill congress="115" context="OTHER" number="2592" type="S"/>
<bill congress="115" context="OTHER" number="2593" type="S"/>
<bill congress="115" context="OTHER" number="2594" type="S"/>
<bill congress="115" context="OTHER" number="2595" type="S"/>
<bill congress="115" context="OTHER" number="2596" type="S"/>
<bill congress="115" context="OTHER" number="2597" type="S"/>
<bill congress="115" context="OTHER" number="2598" type="S"/>
<bill congress="115" context="OTHER" number="2599" type="S"/>
<bill congress="115" context="OTHER" number="2600" type="S"/>
<bill congress="115" context="OTHER" number="2601" type="S"/>
<bill congress="115" context="OTHER" number="2602" type="S"/>
<bill congress="115" context="OTHER" number="2603" type="S"/>
<bill congress="115" context="OTHER" number="2604" type="S"/>
<bill congress="115" context="OTHER" number="2605" type="S"/>
<bill congress="115" context="OTHER" number="2606" type="S"/>
<bill congress="115" context="OTHER" number="2607" type="S"/>
<bill congress="115" context="OTHER" number="2608" type="S"/>
<bill congress="115" context="OTHER" number="2609" type="S"/>
<bill congress="115" context="OTHER" number="2610" type="S"/>
<bill congress="115" context="OTHER" number="2611" type="S"/>
<bill congress="115" context="OTHER" number="2612" type="S"/>
<bill congress="115" context="OTHER" number="2613" type="S"/>
<bill congress="115" context="OTHER" number="2614" type="S"/>
<bill congress="115" context="OTHER" number="2615" type="S"/>
<bill congress="115" context="OTHER" number="2616" type="S"/>
<bill congress="115" context="OTHER" number="2617" type="S"/>
<bill congress="115" context="OTHER" number="2618" type="S"/>
<bill congress="115" context="OTHER" number="2619" type="S"/>
<bill congress="115" context="OTHER" number="2620" type="S"/>
<bill congress="115" context="OTHER" number="2621" type="S"/>
<bill congress="115" context="OTHER" number="2622" type="S"/>
<bill congress="115" context="OTHER" number="2623" type="S"/>
<bill congress="115" context="OTHER" number="2624" type="S"/>
<bill congress="115" context="OTHER" number="2625" type="S"/>
<bill congress="115" context="OTHER" number="2626" type="S"/>
<bill congress="115" context="OTHER" number="2627" type="S"/>
<bill congress="115" context="OTHER" number="2628" type="S"/>
<bill congress="115" context="OTHER" number="2629" type="S"/>
<bill congress="115" context="OTHER" number="2630" type="S"/>
<congCommittee authorityId="sshr00" chamber="S" congress="115" type="S">
<name type="authority-standard">Committee on Health, Education, Labor, and Pensions</name>
<name type="authority-short">HELP</name>
</congCommittee>
<congCommittee authorityId="ssju00" chamber="S" congress="115" type="S">
<name type="authority-standard">Committee on Judiciary</name>
<name type="authority-short">Judiciary</name>
</congCommittee>
<congCommittee authorityId="ssga00" chamber="S" congress="115" type="S">
<name type="authority-standard">Committee on Homeland Security and Governmental Affairs</name>
<name type="authority-short">Homeland and Governmental Affairs</name>
</congCommittee>
<congCommittee authorityId="ssra00" chamber="S" congress="115" type="S">
<name type="authority-standard">Committee on Rules and Administration</name>
<name type="authority-short">Rules and Administration</name>
</congCommittee>
<congCommittee authorityId="ssfi00" chamber="S" congress="115" type="S">
<name type="authority-standard">Committee on Finance</name>
<name type="authority-short">Finance</name>
</congCommittee>
<congCommittee authorityId="ssfr00" chamber="S" congress="115" type="S">
<name type="authority-standard">Committee on Foreign Relations</name>
<name type="authority-short">Foreign Relations</name>
</congCommittee>
<congCommittee authorityId="slia00" chamber="S" congress="115" type="S">
<name type="authority-standard">Committee on Indian Affairs</name>
<name type="authority-short">Indian Affairs</name>
</congCommittee>
<congCommittee authorityId="ssev00" chamber="S" congress="115" type="S">
<name type="authority-standard">Committee on Environment and Public Works</name>
<name type="authority-short">Environment and Public Works</name>
</congCommittee>
<congCommittee authorityId="sseg00" chamber="S" congress="115" type="S">
<name type="authority-standard">Committee on Energy and Natural Resources</name>
<name type="authority-short">Energy and Natural Resources</name>
</congCommittee>
<congCommittee authorityId="ssbk00" chamber="S" congress="115" type="S">
<name type="authority-standard">Committee on Banking, Housing, and Urban Affairs</name>
<name type="authority-short">Banking</name>
</congCommittee>
<congCommittee authorityId="ssaf00" chamber="S" congress="115" type="S">
<name type="authority-standard">Committee on Agriculture, Nutrition, and Forestry</name>
<name type="authority-short">Agriculture</name>
</congCommittee>
<congCommittee authorityId="sscm00" chamber="S" congress="115" type="S">
<name type="authority-standard">Committee on Commerce, Science, and Transportation</name>
<name type="authority-short">Commerce</name>
</congCommittee>
<congCommittee authorityId="ssva00" chamber="S" congress="115" type="S">
<name type="authority-standard">Committee on Veterans' Affairs</name>
<name type="authority-short">Veterans' Affairs</name>
</congCommittee>
<USCode title="5">
<section number="5707"/>
<chapter number="8"/>
</USCode>
</extension>
<relatedItem type="isReferencedBy">
<titleInfo>
<title>United States Senate Joint Resolution 56  (115th Congress)</title>
</titleInfo>
<identifier type="Congressional Bill citation">S.J. Res. 56</identifier>
<extension>
<congress>115</congress>
<context>OTHER</context>
</extension>
</relatedItem>
<relatedItem type="isReferencedBy">
<titleInfo>
<title>United States Senate Joint Resolution 57  (115th Congress)</title>
</titleInfo>
<identifier type="Congressional Bill citation">S.J. Res. 57</identifier>
<extension>
<congress>115</congress>
<context>OTHER</context>
</extension>
</relatedItem>
<relatedItem type="isReferencedBy">
<titleInfo>
<title>United States Senate Bill 2589  (115th Congress)</title>
</titleInfo>
<identifier type="Congressional Bill citation">S. 2589</identifier>
<extension>
<congress>115</congress>
<context>OTHER</context>
</extension>
</relatedItem>
<relatedItem type="isReferencedBy">
<titleInfo>
<title>United States Senate Bill 2590  (115th Congress)</title>
</titleInfo>
<identifier type="Congressional Bill citation">S. 2590</identifier>
<extension>
<congress>115</congress>
<context>OTHER</context>
</extension>
</relatedItem>
<relatedItem type="isReferencedBy">
<titleInfo>
<title>United States Senate Bill 2591  (115th Congress)</title>
</titleInfo>
<identifier type="Congressional Bill citation">S. 2591</identifier>
<extension>
<congress>115</congress>
<context>OTHER</context>
</extension>
</relatedItem>
<relatedItem type="isReferencedBy">
<titleInfo>
<title>United States Senate Bill 2592  (115th Congress)</title>
</titleInfo>
<identifier type="Congressional Bill citation">S. 2592</identifier>
<extension>
<congress>115</congress>
<context>OTHER</context>
</extension>
</relatedItem>
<relatedItem type="isReferencedBy">
<titleInfo>
<title>United States Senate Bill 2593  (115th Congress)</title>
</titleInfo>
<identifier type="Congressional Bill citation">S. 2593</identifier>
<extension>
<congress>115</congress>
<context>OTHER</context>
</extension>
</relatedItem>
<relatedItem type="isReferencedBy">
<titleInfo>
<title>United States Senate Bill 2594  (115th Congress)</title>
</titleInfo>
<identifier type="Congressional Bill citation">S. 2594</identifier>
<extension>
<congress>115</congress>
<context>OTHER</context>
</extension>
</relatedItem>
<relatedItem type="isReferencedBy">
<titleInfo>
<title>United States Senate Bill 2595  (115th Congress)</title>
</titleInfo>
<identifier type="Congressional Bill citation">S. 2595</identifier>
<extension>
<congress>115</congress>
<context>OTHER</context>
</extension>
</relatedItem>
<relatedItem type="isReferencedBy">
<titleInfo>
<title>United States Senate Bill 2596  (115th Congress)</title>
</titleInfo>
<identifier type="Congressional Bill citation">S. 2596</identifier>
<extension>
<congress>115</congress>
<context>OTHER</context>
</extension>
</relatedItem>
<relatedItem type="isReferencedBy">
<titleInfo>
<title>United States Senate Bill 2597  (115th Congress)</title>
</titleInfo>
<identifier type="Congressional Bill citation">S. 2597</identifier>
<extension>
<congress>115</congress>
<context>OTHER</context>
</extension>
</relatedItem>
<relatedItem type="isReferencedBy">
<titleInfo>
<title>United States Senate Bill 2598  (115th Congress)</title>
</titleInfo>
<identifier type="Congressional Bill citation">S. 2598</identifier>
<extension>
<congress>115</congress>
<context>OTHER</context>
</extension>
</relatedItem>
<relatedItem type="isReferencedBy">
<titleInfo>
<title>United States Senate Bill 2599  (115th Congress)</title>
</titleInfo>
<identifier type="Congressional Bill citation">S. 2599</identifier>
<extension>
<congress>115</congress>
<context>OTHER</context>
</extension>
</relatedItem>
<relatedItem type="isReferencedBy">
<titleInfo>
<title>United States Senate Bill 2600  (115th Congress)</title>
</titleInfo>
<identifier type="Congressional Bill citation">S. 2600</identifier>
<extension>
<congress>115</congress>
<context>OTHER</context>
</extension>
</relatedItem>
<relatedItem type="isReferencedBy">
<titleInfo>
<title>United States Senate Bill 2601  (115th Congress)</title>
</titleInfo>
<identifier type="Congressional Bill citation">S. 2601</identifier>
<extension>
<congress>115</congress>
<context>OTHER</context>
</extension>
</relatedItem>
<relatedItem type="isReferencedBy">
<titleInfo>
<title>United States Senate Bill 2602  (115th Congress)</title>
</titleInfo>
<identifier type="Congressional Bill citation">S. 2602</identifier>
<extension>
<congress>115</congress>
<context>OTHER</context>
</extension>
</relatedItem>
<relatedItem type="isReferencedBy">
<titleInfo>
<title>United States Senate Bill 2603  (115th Congress)</title>
</titleInfo>
<identifier type="Congressional Bill citation">S. 2603</identifier>
<extension>
<congress>115</congress>
<context>OTHER</context>
</extension>
</relatedItem>
<relatedItem type="isReferencedBy">
<titleInfo>
<title>United States Senate Bill 2604  (115th Congress)</title>
</titleInfo>
<identifier type="Congressional Bill citation">S. 2604</identifier>
<extension>
<congress>115</congress>
<context>OTHER</context>
</extension>
</relatedItem>
<relatedItem type="isReferencedBy">
<titleInfo>
<title>United States Senate Bill 2605  (115th Congress)</title>
</titleInfo>
<identifier type="Congressional Bill citation">S. 2605</identifier>
<extension>
<congress>115</congress>
<context>OTHER</context>
</extension>
</relatedItem>
<relatedItem type="isReferencedBy">
<titleInfo>
<title>United States Senate Bill 2606  (115th Congress)</title>
</titleInfo>
<identifier type="Congressional Bill citation">S. 2606</identifier>
<extension>
<congress>115</congress>
<context>OTHER</context>
</extension>
</relatedItem>
<relatedItem type="isReferencedBy">
<titleInfo>
<title>United States Senate Bill 2607  (115th Congress)</title>
</titleInfo>
<identifier type="Congressional Bill citation">S. 2607</identifier>
<extension>
<congress>115</congress>
<context>OTHER</context>
</extension>
</relatedItem>
<relatedItem type="isReferencedBy">
<titleInfo>
<title>United States Senate Bill 2608  (115th Congress)</title>
</titleInfo>
<identifier type="Congressional Bill citation">S. 2608</identifier>
<extension>
<congress>115</congress>
<context>OTHER</context>
</extension>
</relatedItem>
<relatedItem type="isReferencedBy">
<titleInfo>
<title>United States Senate Bill 2609  (115th Congress)</title>
</titleInfo>
<identifier type="Congressional Bill citation">S. 2609</identifier>
<extension>
<congress>115</congress>
<context>OTHER</context>
</extension>
</relatedItem>
<relatedItem type="isReferencedBy">
<titleInfo>
<title>United States Senate Bill 2610  (115th Congress)</title>
</titleInfo>
<identifier type="Congressional Bill citation">S. 2610</identifier>
<extension>
<congress>115</congress>
<context>OTHER</context>
</extension>
</relatedItem>
<relatedItem type="isReferencedBy">
<titleInfo>
<title>United States Senate Bill 2611  (115th Congress)</title>
</titleInfo>
<identifier type="Congressional Bill citation">S. 2611</identifier>
<extension>
<congress>115</congress>
<context>OTHER</context>
</extension>
</relatedItem>
<relatedItem type="isReferencedBy">
<titleInfo>
<title>United States Senate Bill 2612  (115th Congress)</title>
</titleInfo>
<identifier type="Congressional Bill citation">S. 2612</identifier>
<extension>
<congress>115</congress>
<context>OTHER</context>
</extension>
</relatedItem>
<relatedItem type="isReferencedBy">
<titleInfo>
<title>United States Senate Bill 2613  (115th Congress)</title>
</titleInfo>
<identifier type="Congressional Bill citation">S. 2613</identifier>
<extension>
<congress>115</congress>
<context>OTHER</context>
</extension>
</relatedItem>
<relatedItem type="isReferencedBy">
<titleInfo>
<title>United States Senate Bill 2614  (115th Congress)</title>
</titleInfo>
<identifier type="Congressional Bill citation">S. 2614</identifier>
<extension>
<congress>115</congress>
<context>OTHER</context>
</extension>
</relatedItem>
<relatedItem type="isReferencedBy">
<titleInfo>
<title>United States Senate Bill 2615  (115th Congress)</title>
</titleInfo>
<identifier type="Congressional Bill citation">S. 2615</identifier>
<extension>
<congress>115</congress>
<context>OTHER</context>
</extension>
</relatedItem>
<relatedItem type="isReferencedBy">
<titleInfo>
<title>United States Senate Bill 2616  (115th Congress)</title>
</titleInfo>
<identifier type="Congressional Bill citation">S. 2616</identifier>
<extension>
<congress>115</congress>
<context>OTHER</context>
</extension>
</relatedItem>
<relatedItem type="isReferencedBy">
<titleInfo>
<title>United States Senate Bill 2617  (115th Congress)</title>
</titleInfo>
<identifier type="Congressional Bill citation">S. 2617</identifier>
<extension>
<congress>115</congress>
<context>OTHER</context>
</extension>
</relatedItem>
<relatedItem type="isReferencedBy">
<titleInfo>
<title>United States Senate Bill 2618  (115th Congress)</title>
</titleInfo>
<identifier type="Congressional Bill citation">S. 2618</identifier>
<extension>
<congress>115</congress>
<context>OTHER</context>
</extension>
</relatedItem>
<relatedItem type="isReferencedBy">
<titleInfo>
<title>United States Senate Bill 2619  (115th Congress)</title>
</titleInfo>
<identifier type="Congressional Bill citation">S. 2619</identifier>
<extension>
<congress>115</congress>
<context>OTHER</context>
</extension>
</relatedItem>
<relatedItem type="isReferencedBy">
<titleInfo>
<title>United States Senate Bill 2620  (115th Congress)</title>
</titleInfo>
<identifier type="Congressional Bill citation">S. 2620</identifier>
<extension>
<congress>115</congress>
<context>OTHER</context>
</extension>
</relatedItem>
<relatedItem type="isReferencedBy">
<titleInfo>
<title>United States Senate Bill 2621  (115th Congress)</title>
</titleInfo>
<identifier type="Congressional Bill citation">S. 2621</identifier>
<extension>
<congress>115</congress>
<context>OTHER</context>
</extension>
</relatedItem>
<relatedItem type="isReferencedBy">
<titleInfo>
<title>United States Senate Bill 2622  (115th Congress)</title>
</titleInfo>
<identifier type="Congressional Bill citation">S. 2622</identifier>
<extension>
<congress>115</congress>
<context>OTHER</context>
</extension>
</relatedItem>
<relatedItem type="isReferencedBy">
<titleInfo>
<title>United States Senate Bill 2623  (115th Congress)</title>
</titleInfo>
<identifier type="Congressional Bill citation">S. 2623</identifier>
<extension>
<congress>115</congress>
<context>OTHER</context>
</extension>
</relatedItem>
<relatedItem type="isReferencedBy">
<titleInfo>
<title>United States Senate Bill 2624  (115th Congress)</title>
</titleInfo>
<identifier type="Congressional Bill citation">S. 2624</identifier>
<extension>
<congress>115</congress>
<context>OTHER</context>
</extension>
</relatedItem>
<relatedItem type="isReferencedBy">
<titleInfo>
<title>United States Senate Bill 2625  (115th Congress)</title>
</titleInfo>
<identifier type="Congressional Bill citation">S. 2625</identifier>
<extension>
<congress>115</congress>
<context>OTHER</context>
</extension>
</relatedItem>
<relatedItem type="isReferencedBy">
<titleInfo>
<title>United States Senate Bill 2626  (115th Congress)</title>
</titleInfo>
<identifier type="Congressional Bill citation">S. 2626</identifier>
<extension>
<congress>115</congress>
<context>OTHER</context>
</extension>
</relatedItem>
<relatedItem type="isReferencedBy">
<titleInfo>
<title>United States Senate Bill 2627  (115th Congress)</title>
</titleInfo>
<identifier type="Congressional Bill citation">S. 2627</identifier>
<extension>
<congress>115</congress>
<context>OTHER</context>
</extension>
</relatedItem>
<relatedItem type="isReferencedBy">
<titleInfo>
<title>United States Senate Bill 2628  (115th Congress)</title>
</titleInfo>
<identifier type="Congressional Bill citation">S. 2628</identifier>
<extension>
<congress>115</congress>
<context>OTHER</context>
</extension>
</relatedItem>
<relatedItem type="isReferencedBy">
<titleInfo>
<title>United States Senate Bill 2629  (115th Congress)</title>
</titleInfo>
<identifier type="Congressional Bill citation">S. 2629</identifier>
<extension>
<congress>115</congress>
<context>OTHER</context>
</extension>
</relatedItem>
<relatedItem type="isReferencedBy">
<titleInfo>
<title>United States Senate Bill 2630  (115th Congress)</title>
</titleInfo>
<identifier type="Congressional Bill citation">S. 2630</identifier>
<extension>
<congress>115</congress>
<context>OTHER</context>
</extension>
</relatedItem>
<relatedItem type="isReferencedBy">
<titleInfo>
<title>United States Code</title>
<partNumber>Title 5 Section 5707</partNumber>
<partNumber>Title 5 Chapter 8</partNumber>
</titleInfo>
<identifier type="USC citation">5 U.S.C. 5707</identifier>
<identifier type="USC citation">5 U.S.C. Chapter 8</identifier>
</relatedItem>
<relatedItem ID="P0b002ee199cef57f" type="host">
<titleInfo>
<title>Congressional Record</title>
<partNumber>Vol. 164, no. 50</partNumber>
</titleInfo>
<location>
<url access="object in context" displayLabel="Content Detail">https://www.gpo.gov/fdsys/pkg/CREC-2018-03-22/content-detail.html</url>
<url access="raw object" displayLabel="PDF rendition">https://www.gpo.gov/fdsys/pkg/CREC-2018-03-22/pdf/CREC-2018-03-22.pdf</url>
</location>
<part type="issue">
<extent unit="pages">
<start>H1757</start>
<end>H2901</end>
</extent>
<extent unit="pages">
<start>S1885</start>
<end>S1984</end>
</extent>
<extent unit="pages">
<start>E359</start>
<end>E364</end>
</extent>
<extent unit="pages">
<start>D330</start>
<end>D338</end>
</extent>
</part>
<originInfo>
<publisher>U.S. Government Publishing Office</publisher>
<dateIssued encoding="w3cdtf">2018-03-22</dateIssued>
<issuance>continuing</issuance>
<frequency authority="marcfrequency">daily</frequency>
</originInfo>
<physicalDescription>
<note type="source content type">deposited</note>
<digitalOrigin>born digital</digitalOrigin>
<extent>2554 p.</extent>
</physicalDescription>
<classification authority="sudocs">X 1.1/A:</classification>
<classification authority="sudocs">X/A.</classification>
<identifier type="uri">https://www.gpo.gov/fdsys/pkg/CREC-2018-03-22</identifier>
<identifier type="local">P0b002ee199cef57f</identifier>
<identifier type="stock number">752-002-00000-2</identifier>
<identifier type="ILS system id">000568013</identifier>
<identifier type="former package identifier">CR22MR18</identifier>
<recordInfo>
<recordContentSource authority="marcorg">DGPO</recordContentSource>
<recordCreationDate encoding="w3cdtf">2018-03-28</recordCreationDate>
<recordChangeDate encoding="w3cdtf">2018-03-28</recordChangeDate>
<recordIdentifier source="DGPO">CREC-2018-03-22</recordIdentifier>
<recordOrigin>machine generated</recordOrigin>
<languageOfCataloging>
<languageTerm authority="iso639-2b" type="code">eng</languageTerm>
</languageOfCataloging>
</recordInfo>
<accessCondition type="GPO scope determination">fdlp</accessCondition>
<extension>
<docClass>CREC</docClass>
<accessId>CREC-2018-03-22</accessId>
<volume>164</volume>
<issue>50</issue>
<congress>115</congress>
<session>2</session>
<bookCount>3</bookCount>
</extension>
</relatedItem>
</mods>