<mods ID="id-CREC-2018-01-25-pt1-PgH627-6" version="3.3" xmlns="http://www.loc.gov/mods/v3" xmlns:exslt="http://exslt.org/common" xmlns:xlink="http://www.w3.org/1999/xlink" xmlns:xsi="http://www.w3.org/2001/XMLSchema-instance" xsi:schemaLocation="http://www.loc.gov/mods/v3 http://www.loc.gov/standards/mods/v3/mods-3-3.xsd">
<name type="corporate">
<namePart>United States Government Publishing Office</namePart>
<role>
<roleTerm authority="marcrelator" type="text">publisher</roleTerm>
<roleTerm authority="marcrelator" type="code">pbl</roleTerm>
</role>
<role>
<roleTerm authority="marcrelator" type="text">distributor</roleTerm>
<roleTerm authority="marcrelator" type="code">dst</roleTerm>
</role>
</name>
<name type="corporate">
<namePart>United States</namePart>
<namePart>Congress</namePart>
<role>
<roleTerm authority="marcrelator" type="text">author</roleTerm>
<roleTerm authority="marcrelator" type="code">aut</roleTerm>
</role>
<description>Government Organization</description>
</name>
<typeOfResource>text</typeOfResource>
<genre authority="marcgt">government publication</genre>
<language>
<languageTerm authority="iso639-2b" type="code">eng</languageTerm>
</language>
<extension>
<collectionCode>CREC</collectionCode>
<category>Proceedings of Congress and General Congressional Publications</category>
<waisDatabaseName>2018_record</waisDatabaseName>
<branch>legislative</branch>
<dateIngested>2018-01-26</dateIngested>
</extension>
<titleInfo>
<title>PROVIDING FOR A JOINT SESSION OF CONGRESS TO RECEIVE A MESSAGE FROM THE PRESIDENT</title>
<partName>House</partName>
</titleInfo>
<relatedItem type="otherFormat" xlink:href="https://www.gpo.gov/fdsys/pkg/CREC-2018-01-25/html/CREC-2018-01-25-pt1-PgH627-6.htm">
<identifier type="FDsys Unique ID">D09002ee1981a4321</identifier>
</relatedItem>
<relatedItem type="otherFormat" xlink:href="https://www.gpo.gov/fdsys/pkg/CREC-2018-01-25/pdf/CREC-2018-01-25-pt1-PgH627-6.pdf">
<identifier type="FDsys Unique ID">D09002ee1981a434a</identifier>
</relatedItem>
<identifier type="congressional record citation">164 Cong. Rec. H627</identifier>
<identifier type="uri">https://www.gpo.gov/fdsys/granule/CREC-2018-01-25/CREC-2018-01-25-pt1-PgH627-6</identifier>
<identifier type="former granule identifier">cr25ja18-41</identifier>
<location>
<url access="object in context" displayLabel="Content Detail">https://www.gpo.gov/fdsys/granule/CREC-2018-01-25/CREC-2018-01-25-pt1-PgH627-6/content-detail.html</url>
<url access="raw object" displayLabel="PDF rendition">https://www.gpo.gov/fdsys/pkg/CREC-2018-01-25/pdf/CREC-2018-01-25-pt1-PgH627-6.pdf</url>
<url access="raw object" displayLabel="HTML rendition">https://www.gpo.gov/fdsys/pkg/CREC-2018-01-25/html/CREC-2018-01-25-pt1-PgH627-6.htm</url>
</location>
<physicalDescription>
<extent>1 p.</extent>
</physicalDescription>
<part type="article">
<extent unit="pages">
<start>H627</start>
<end>H627</end>
</extent>
</part>
<name type="personal">
<namePart>Robert B. Aderholt</namePart>
<affiliation>United States House of Representatives</affiliation>
<role>
<roleTerm type="text">speaking</roleTerm>
</role>
<description>United States Congress Member</description>
</name>
<identifier type="preferred citation">164 Cong. Rec. H627</identifier>
<extension>
<searchTitle>PROVIDING FOR A JOINT SESSION OF CONGRESS TO RECEIVE A MESSAGE FROM THE PRESIDENT; Congressional Record Vol. 164, No. 18</searchTitle>
<associatedBills>H. Con. Res. 101, 115th Congress
        </associatedBills>
<granuleClass>HOUSE</granuleClass>
<accessId>CREC-2018-01-25-pt1-PgH627-6</accessId>
<subGranuleClass>ALLOTHER</subGranuleClass>
<pagePrefix>H</pagePrefix>
<bookNumber>1</bookNumber>
<chamber>HOUSE</chamber>
<granuleDate>2018-01-25</granuleDate>
<time from="16:00:00" to="16:00:00"/>
<bill congress="115" context="HEADERLINE" number="101" type="HCONRES"/>
<bill congress="115" context="OTHER" number="101" type="HCONRES"/>
<congMember authorityId="1460" bioGuideId="A000055" chamber="H" congress="115" gpoId="7789" party="R" role="SPEAKING" state="AL">
<name type="parsed">Mr. ADERHOLT</name>
<name type="authority-fnf">Robert B. Aderholt</name>
<name type="authority-lnf">Aderholt, Robert B.</name>
<name type="authority-other">Robert Aderholt</name>
</congMember>
</extension>
<relatedItem type="isReferencedBy">
<titleInfo>
<title>United States House Concurrent Resolution 101  (115th Congress)</title>
</titleInfo>
<identifier type="Congressional Bill citation">H. Con. Res. 101</identifier>
<extension>
<congress>115</congress>
<context>HEADERLINE</context>
</extension>
</relatedItem>
<relatedItem type="isReferencedBy">
<titleInfo>
<title>United States House Concurrent Resolution 101  (115th Congress)</title>
</titleInfo>
<identifier type="Congressional Bill citation">H. Con. Res. 101</identifier>
<extension>
<congress>115</congress>
<context>OTHER</context>
</extension>
</relatedItem>
<relatedItem ID="P0b002ee1981a336f" type="host">
<titleInfo>
<title>Congressional Record</title>
<partNumber>Vol. 164, no. 18</partNumber>
</titleInfo>
<location>
<url access="object in context" displayLabel="Content Detail">https://www.gpo.gov/fdsys/pkg/CREC-2018-01-25/content-detail.html</url>
<url access="raw object" displayLabel="PDF rendition">https://www.gpo.gov/fdsys/pkg/CREC-2018-01-25/pdf/CREC-2018-01-25.pdf</url>
</location>
<part type="issue">
<extent unit="pages">
<start>H627</start>
<end>H630</end>
</extent>
<extent unit="pages">
<start>S507</start>
<end>S526</end>
</extent>
<extent unit="pages">
<start>E95</start>
<end>E100</end>
</extent>
<extent unit="pages">
<start>D89</start>
<end>D92</end>
</extent>
</part>
<originInfo>
<publisher>U.S. Government Publishing Office</publisher>
<dateIssued encoding="w3cdtf">2018-01-25</dateIssued>
<issuance>continuing</issuance>
<frequency authority="marcfrequency">daily</frequency>
</originInfo>
<physicalDescription>
<note type="source content type">deposited</note>
<digitalOrigin>born digital</digitalOrigin>
<extent>68 p.</extent>
</physicalDescription>
<classification authority="sudocs">X 1.1/A:</classification>
<classification authority="sudocs">X/A.</classification>
<identifier type="uri">https://www.gpo.gov/fdsys/pkg/CREC-2018-01-25</identifier>
<identifier type="local">P0b002ee1981a336f</identifier>
<identifier type="stock number">752-002-00000-2</identifier>
<identifier type="ILS system id">000568013</identifier>
<identifier type="former package identifier">cr25ja18</identifier>
<recordInfo>
<recordContentSource authority="marcorg">DGPO</recordContentSource>
<recordCreationDate encoding="w3cdtf">2018-01-26</recordCreationDate>
<recordChangeDate encoding="w3cdtf">2018-01-26</recordChangeDate>
<recordIdentifier source="DGPO">CREC-2018-01-25</recordIdentifier>
<recordOrigin>machine generated</recordOrigin>
<languageOfCataloging>
<languageTerm authority="iso639-2b" type="code">eng</languageTerm>
</languageOfCataloging>
</recordInfo>
<accessCondition type="GPO scope determination">fdlp</accessCondition>
<extension>
<docClass>CREC</docClass>
<accessId>CREC-2018-01-25</accessId>
<volume>164</volume>
<issue>18</issue>
<congress>115</congress>
<session>2</session>
<bookCount>1</bookCount>
</extension>
</relatedItem>
</mods>