<mods ID="id-CREC-2018-03-22-pt1-PgS1952" version="3.3" xmlns="http://www.loc.gov/mods/v3" xmlns:exslt="http://exslt.org/common" xmlns:xlink="http://www.w3.org/1999/xlink" xmlns:xsi="http://www.w3.org/2001/XMLSchema-instance" xsi:schemaLocation="http://www.loc.gov/mods/v3 http://www.loc.gov/standards/mods/v3/mods-3-3.xsd">
<name type="corporate">
<namePart>United States Government Publishing Office</namePart>
<role>
<roleTerm authority="marcrelator" type="text">publisher</roleTerm>
<roleTerm authority="marcrelator" type="code">pbl</roleTerm>
</role>
<role>
<roleTerm authority="marcrelator" type="text">distributor</roleTerm>
<roleTerm authority="marcrelator" type="code">dst</roleTerm>
</role>
</name>
<name type="corporate">
<namePart>United States</namePart>
<namePart>Congress</namePart>
<role>
<roleTerm authority="marcrelator" type="text">author</roleTerm>
<roleTerm authority="marcrelator" type="code">aut</roleTerm>
</role>
<description>Government Organization</description>
</name>
<typeOfResource>text</typeOfResource>
<genre authority="marcgt">government publication</genre>
<language>
<languageTerm authority="iso639-2b" type="code">eng</languageTerm>
</language>
<extension>
<collectionCode>CREC</collectionCode>
<category>Proceedings of Congress and General Congressional Publications</category>
<waisDatabaseName>2018_record</waisDatabaseName>
<branch>legislative</branch>
<dateIngested>2018-03-28</dateIngested>
</extension>
<titleInfo>
<title>SENATE RESOLUTION 443--RECOGNIZING THE 197TH ANNIVERSARY OF THE INDEPENDENCE OF GREECE AND CELEBRATING DEMOCRACY IN GREECE AND THE UNITED STATES</title>
<partName>Senate</partName>
</titleInfo>
<relatedItem type="otherFormat" xlink:href="https://www.gpo.gov/fdsys/pkg/CREC-2018-03-22/html/CREC-2018-03-22-pt1-PgS1952.htm">
<identifier type="FDsys Unique ID">D09002ee199cf0e49</identifier>
</relatedItem>
<relatedItem type="otherFormat" xlink:href="https://www.gpo.gov/fdsys/pkg/CREC-2018-03-22/pdf/CREC-2018-03-22-pt1-PgS1952.pdf">
<identifier type="FDsys Unique ID">D09002ee199cf0f8b</identifier>
</relatedItem>
<identifier type="congressional record citation">164 Cong. Rec. S1952</identifier>
<identifier type="uri">https://www.gpo.gov/fdsys/granule/CREC-2018-03-22/CREC-2018-03-22-pt1-PgS1952</identifier>
<identifier type="former granule identifier">CR22MR18-179</identifier>
<location>
<url access="object in context" displayLabel="Content Detail">https://www.gpo.gov/fdsys/granule/CREC-2018-03-22/CREC-2018-03-22-pt1-PgS1952/content-detail.html</url>
<url access="raw object" displayLabel="PDF rendition">https://www.gpo.gov/fdsys/pkg/CREC-2018-03-22/pdf/CREC-2018-03-22-pt1-PgS1952.pdf</url>
<url access="raw object" displayLabel="HTML rendition">https://www.gpo.gov/fdsys/pkg/CREC-2018-03-22/html/CREC-2018-03-22-pt1-PgS1952.htm</url>
</location>
<physicalDescription>
<extent>1 p.</extent>
</physicalDescription>
<part type="article">
<extent unit="pages">
<start>S1952</start>
<end>S1952</end>
</extent>
</part>
<name type="corporate">
<namePart>United States</namePart>
<namePart>Congress</namePart>
<namePart>Senate</namePart>
<namePart>Committee on Foreign Relations</namePart>
<role>
<roleTerm authority="marcrelator" type="text">associated name</roleTerm>
<roleTerm authority="marcrelator" type="code">asn</roleTerm>
</role>
<description>Government Organization</description>
</name>
<identifier type="preferred citation">164 Cong. Rec. S1952</identifier>
<extension>
<searchTitle>SENATE RESOLUTION 443--RECOGNIZING THE 197TH ANNIVERSARY OF THE INDEPENDENCE OF GREECE AND CELEBRATING DEMOCRACY IN GREECE AND THE UNITED STATES; Congressional Record Vol. 164, No. 50</searchTitle>
<associatedBills>S. Res. 443, 115th Congress
        </associatedBills>
<granuleClass>SENATE</granuleClass>
<accessId>CREC-2018-03-22-pt1-PgS1952</accessId>
<subGranuleClass>RECOGNIZING</subGranuleClass>
<pagePrefix>S</pagePrefix>
<bookNumber>1</bookNumber>
<chamber>SENATE</chamber>
<granuleDate>2018-03-22</granuleDate>
<bill congress="115" context="TITLE" number="443" type="SRES"/>
<bill congress="115" context="HEADERLINE" number="443" type="SRES"/>
<bill congress="115" context="OTHER" number="443" type="SRES"/>
<congCommittee authorityId="ssfr00" chamber="S" congress="115" type="S">
<name type="authority-standard">Committee on Foreign Relations</name>
<name type="authority-short">Foreign Relations</name>
</congCommittee>
</extension>
<relatedItem type="isReferencedBy">
<titleInfo>
<title>United States Senate Resolution 443  (115th Congress)</title>
</titleInfo>
<identifier type="Congressional Bill citation">S. Res. 443</identifier>
<extension>
<congress>115</congress>
<context>TITLE</context>
</extension>
</relatedItem>
<relatedItem type="isReferencedBy">
<titleInfo>
<title>United States Senate Resolution 443  (115th Congress)</title>
</titleInfo>
<identifier type="Congressional Bill citation">S. Res. 443</identifier>
<extension>
<congress>115</congress>
<context>HEADERLINE</context>
</extension>
</relatedItem>
<relatedItem type="isReferencedBy">
<titleInfo>
<title>United States Senate Resolution 443  (115th Congress)</title>
</titleInfo>
<identifier type="Congressional Bill citation">S. Res. 443</identifier>
<extension>
<congress>115</congress>
<context>OTHER</context>
</extension>
</relatedItem>
<relatedItem ID="P0b002ee199cef57f" type="host">
<titleInfo>
<title>Congressional Record</title>
<partNumber>Vol. 164, no. 50</partNumber>
</titleInfo>
<location>
<url access="object in context" displayLabel="Content Detail">https://www.gpo.gov/fdsys/pkg/CREC-2018-03-22/content-detail.html</url>
<url access="raw object" displayLabel="PDF rendition">https://www.gpo.gov/fdsys/pkg/CREC-2018-03-22/pdf/CREC-2018-03-22.pdf</url>
</location>
<part type="issue">
<extent unit="pages">
<start>H1757</start>
<end>H2901</end>
</extent>
<extent unit="pages">
<start>S1885</start>
<end>S1984</end>
</extent>
<extent unit="pages">
<start>E359</start>
<end>E364</end>
</extent>
<extent unit="pages">
<start>D330</start>
<end>D338</end>
</extent>
</part>
<originInfo>
<publisher>U.S. Government Publishing Office</publisher>
<dateIssued encoding="w3cdtf">2018-03-22</dateIssued>
<issuance>continuing</issuance>
<frequency authority="marcfrequency">daily</frequency>
</originInfo>
<physicalDescription>
<note type="source content type">deposited</note>
<digitalOrigin>born digital</digitalOrigin>
<extent>2554 p.</extent>
</physicalDescription>
<classification authority="sudocs">X 1.1/A:</classification>
<classification authority="sudocs">X/A.</classification>
<identifier type="uri">https://www.gpo.gov/fdsys/pkg/CREC-2018-03-22</identifier>
<identifier type="local">P0b002ee199cef57f</identifier>
<identifier type="stock number">752-002-00000-2</identifier>
<identifier type="ILS system id">000568013</identifier>
<identifier type="former package identifier">CR22MR18</identifier>
<recordInfo>
<recordContentSource authority="marcorg">DGPO</recordContentSource>
<recordCreationDate encoding="w3cdtf">2018-03-28</recordCreationDate>
<recordChangeDate encoding="w3cdtf">2018-03-28</recordChangeDate>
<recordIdentifier source="DGPO">CREC-2018-03-22</recordIdentifier>
<recordOrigin>machine generated</recordOrigin>
<languageOfCataloging>
<languageTerm authority="iso639-2b" type="code">eng</languageTerm>
</languageOfCataloging>
</recordInfo>
<accessCondition type="GPO scope determination">fdlp</accessCondition>
<extension>
<docClass>CREC</docClass>
<accessId>CREC-2018-03-22</accessId>
<volume>164</volume>
<issue>50</issue>
<congress>115</congress>
<session>2</session>
<bookCount>3</bookCount>
</extension>
</relatedItem>
</mods>