<mods ID="id-CREC-2018-03-21-pt1-PgS1876" version="3.3" xmlns="http://www.loc.gov/mods/v3" xmlns:exslt="http://exslt.org/common" xmlns:xlink="http://www.w3.org/1999/xlink" xmlns:xsi="http://www.w3.org/2001/XMLSchema-instance" xsi:schemaLocation="http://www.loc.gov/mods/v3 http://www.loc.gov/standards/mods/v3/mods-3-3.xsd">
<name type="corporate">
<namePart>United States Government Publishing Office</namePart>
<role>
<roleTerm authority="marcrelator" type="text">publisher</roleTerm>
<roleTerm authority="marcrelator" type="code">pbl</roleTerm>
</role>
<role>
<roleTerm authority="marcrelator" type="text">distributor</roleTerm>
<roleTerm authority="marcrelator" type="code">dst</roleTerm>
</role>
</name>
<name type="corporate">
<namePart>United States</namePart>
<namePart>Congress</namePart>
<role>
<roleTerm authority="marcrelator" type="text">author</roleTerm>
<roleTerm authority="marcrelator" type="code">aut</roleTerm>
</role>
<description>Government Organization</description>
</name>
<typeOfResource>text</typeOfResource>
<genre authority="marcgt">government publication</genre>
<language>
<languageTerm authority="iso639-2b" type="code">eng</languageTerm>
</language>
<extension>
<collectionCode>CREC</collectionCode>
<category>Proceedings of Congress and General Congressional Publications</category>
<waisDatabaseName>2018_record</waisDatabaseName>
<branch>legislative</branch>
<dateIngested>2018-03-22</dateIngested>
</extension>
<titleInfo>
<title>STATEMENTS ON INTRODUCED BILLS AND JOINT RESOLUTIONS</title>
<partName>Senate</partName>
</titleInfo>
<relatedItem type="otherFormat" xlink:href="https://www.gpo.gov/fdsys/pkg/CREC-2018-03-21/html/CREC-2018-03-21-pt1-PgS1876.htm">
<identifier type="FDsys Unique ID">D09002ee199c456d9</identifier>
</relatedItem>
<relatedItem type="otherFormat" xlink:href="https://www.gpo.gov/fdsys/pkg/CREC-2018-03-21/pdf/CREC-2018-03-21-pt1-PgS1876.pdf">
<identifier type="FDsys Unique ID">D09002ee199c45707</identifier>
</relatedItem>
<identifier type="congressional record citation">164 Cong. Rec. S1876</identifier>
<identifier type="uri">https://www.gpo.gov/fdsys/granule/CREC-2018-03-21/CREC-2018-03-21-pt1-PgS1876</identifier>
<identifier type="former granule identifier">cr21mr18-157</identifier>
<location>
<url access="object in context" displayLabel="Content Detail">https://www.gpo.gov/fdsys/granule/CREC-2018-03-21/CREC-2018-03-21-pt1-PgS1876/content-detail.html</url>
<url access="raw object" displayLabel="PDF rendition">https://www.gpo.gov/fdsys/pkg/CREC-2018-03-21/pdf/CREC-2018-03-21-pt1-PgS1876.pdf</url>
<url access="raw object" displayLabel="HTML rendition">https://www.gpo.gov/fdsys/pkg/CREC-2018-03-21/html/CREC-2018-03-21-pt1-PgS1876.htm</url>
</location>
<physicalDescription>
<extent>4 p.</extent>
</physicalDescription>
<part type="article">
<extent unit="pages">
<start>S1876</start>
<end>S1879</end>
</extent>
</part>
<name type="personal">
<namePart>John Cornyn</namePart>
<affiliation>United States Senate</affiliation>
<role>
<roleTerm type="text">speaking</roleTerm>
</role>
<description>United States Congress Member</description>
</name>
<name type="corporate">
<namePart>United States</namePart>
<namePart>Congress</namePart>
<namePart>Senate</namePart>
<namePart>Committee on Environment and Public Works</namePart>
<role>
<roleTerm authority="marcrelator" type="text">associated name</roleTerm>
<roleTerm authority="marcrelator" type="code">asn</roleTerm>
</role>
<description>Government Organization</description>
</name>
<identifier type="preferred citation">164 Cong. Rec. S1876</identifier>
<extension>
<searchTitle>STATEMENTS ON INTRODUCED BILLS AND JOINT RESOLUTIONS; Congressional Record Vol. 164, No. 49</searchTitle>
<associatedBills>S. 2586, 115th Congress
        </associatedBills>
<associatedBills>S. 2587, 115th Congress
        </associatedBills>
<associatedBills>S. 2588, 115th Congress
        </associatedBills>
<granuleClass>SENATE</granuleClass>
<accessId>CREC-2018-03-21-pt1-PgS1876</accessId>
<subGranuleClass>SSTATEMENTS</subGranuleClass>
<pagePrefix>S</pagePrefix>
<bookNumber>1</bookNumber>
<chamber>SENATE</chamber>
<granuleDate>2018-03-21</granuleDate>
<bill congress="115" context="HEADERLINE" number="2586" type="S"/>
<bill congress="115" context="FIRSTPARAGRAPH" number="2586" type="S"/>
<bill congress="115" context="OTHER" number="2586" type="S"/>
<bill congress="115" context="HEADERLINE" number="2587" type="S"/>
<bill congress="115" context="OTHER" number="2587" type="S"/>
<bill congress="115" context="HEADERLINE" number="2588" type="S"/>
<bill congress="115" context="OTHER" number="2588" type="S"/>
<congCommittee authorityId="ssev00" chamber="S" congress="115" type="S">
<name type="authority-standard">Committee on Environment and Public Works</name>
<name type="authority-short">Environment and Public Works</name>
</congCommittee>
<congMember authorityId="1692" bioGuideId="C001056" chamber="S" congress="115" gpoId="8295" party="R" role="SPEAKING" state="TX">
<name type="parsed">Mr. CORNYN</name>
<name type="authority-fnf">John Cornyn</name>
<name type="authority-lnf">Cornyn, John</name>
</congMember>
<USCode title="5">
<section number="552"/>
</USCode>
<USCode title="16">
<section detail="(a)(5)" number="1371"/>
<section detail="note" number="1531"/>
<section number="1535"/>
<section number="1536"/>
</USCode>
<USCode title="23">
<section detail="(b)(2)" number="104"/>
<section number="327"/>
</USCode>
<USCode title="33">
<section detail="(g)" number="1344"/>
</USCode>
<USCode title="42">
<section detail="et seq." number="4321"/>
</USCode>
<USCode title="49">
<chapter number="53"/>
</USCode>
<USCode title="54">
<chapter number="3061"/>
</USCode>
</extension>
<relatedItem type="isReferencedBy">
<titleInfo>
<title>United States Senate Bill 2586  (115th Congress)</title>
</titleInfo>
<identifier type="Congressional Bill citation">S. 2586</identifier>
<extension>
<congress>115</congress>
<context>HEADERLINE</context>
</extension>
</relatedItem>
<relatedItem type="isReferencedBy">
<titleInfo>
<title>United States Senate Bill 2586  (115th Congress)</title>
</titleInfo>
<identifier type="Congressional Bill citation">S. 2586</identifier>
<extension>
<congress>115</congress>
<context>FIRSTPARAGRAPH</context>
</extension>
</relatedItem>
<relatedItem type="isReferencedBy">
<titleInfo>
<title>United States Senate Bill 2586  (115th Congress)</title>
</titleInfo>
<identifier type="Congressional Bill citation">S. 2586</identifier>
<extension>
<congress>115</congress>
<context>OTHER</context>
</extension>
</relatedItem>
<relatedItem type="isReferencedBy">
<titleInfo>
<title>United States Senate Bill 2587  (115th Congress)</title>
</titleInfo>
<identifier type="Congressional Bill citation">S. 2587</identifier>
<extension>
<congress>115</congress>
<context>HEADERLINE</context>
</extension>
</relatedItem>
<relatedItem type="isReferencedBy">
<titleInfo>
<title>United States Senate Bill 2587  (115th Congress)</title>
</titleInfo>
<identifier type="Congressional Bill citation">S. 2587</identifier>
<extension>
<congress>115</congress>
<context>OTHER</context>
</extension>
</relatedItem>
<relatedItem type="isReferencedBy">
<titleInfo>
<title>United States Senate Bill 2588  (115th Congress)</title>
</titleInfo>
<identifier type="Congressional Bill citation">S. 2588</identifier>
<extension>
<congress>115</congress>
<context>HEADERLINE</context>
</extension>
</relatedItem>
<relatedItem type="isReferencedBy">
<titleInfo>
<title>United States Senate Bill 2588  (115th Congress)</title>
</titleInfo>
<identifier type="Congressional Bill citation">S. 2588</identifier>
<extension>
<congress>115</congress>
<context>OTHER</context>
</extension>
</relatedItem>
<relatedItem type="isReferencedBy">
<titleInfo>
<title>United States Code</title>
<partNumber>Title 5 Section 552</partNumber>
</titleInfo>
<identifier type="USC citation">5 U.S.C. 552</identifier>
</relatedItem>
<relatedItem type="isReferencedBy">
<titleInfo>
<title>United States Code</title>
<partNumber>Title 16 Section 1371(a)(5)</partNumber>
<partNumber>Title 16 Section 1531note</partNumber>
<partNumber>Title 16 Section 1535</partNumber>
<partNumber>Title 16 Section 1536</partNumber>
</titleInfo>
<identifier type="USC citation">16 U.S.C. 1371(a)(5)</identifier>
<identifier type="USC citation">16 U.S.C. 1531note</identifier>
<identifier type="USC citation">16 U.S.C. 1535</identifier>
<identifier type="USC citation">16 U.S.C. 1536</identifier>
</relatedItem>
<relatedItem type="isReferencedBy">
<titleInfo>
<title>United States Code</title>
<partNumber>Title 23 Section 104(b)(2)</partNumber>
<partNumber>Title 23 Section 327</partNumber>
</titleInfo>
<identifier type="USC citation">23 U.S.C. 104(b)(2)</identifier>
<identifier type="USC citation">23 U.S.C. 327</identifier>
</relatedItem>
<relatedItem type="isReferencedBy">
<titleInfo>
<title>United States Code</title>
<partNumber>Title 33 Section 1344(g)</partNumber>
</titleInfo>
<identifier type="USC citation">33 U.S.C. 1344(g)</identifier>
</relatedItem>
<relatedItem type="isReferencedBy">
<titleInfo>
<title>United States Code</title>
<partNumber>Title 42 Section 4321et seq.</partNumber>
</titleInfo>
<identifier type="USC citation">42 U.S.C. 4321et seq.</identifier>
</relatedItem>
<relatedItem type="isReferencedBy">
<titleInfo>
<title>United States Code</title>
<partNumber>Title 49 Chapter 53</partNumber>
</titleInfo>
<identifier type="USC citation">49 U.S.C. Chapter 53</identifier>
</relatedItem>
<relatedItem type="isReferencedBy">
<titleInfo>
<title>United States Code</title>
<partNumber>Title 54 Chapter 3061</partNumber>
</titleInfo>
<identifier type="USC citation">54 U.S.C. Chapter 3061</identifier>
</relatedItem>
<relatedItem ID="P0b002ee199c44f14" type="host">
<titleInfo>
<title>Congressional Record</title>
<partNumber>Vol. 164, no. 49</partNumber>
</titleInfo>
<location>
<url access="object in context" displayLabel="Content Detail">https://www.gpo.gov/fdsys/pkg/CREC-2018-03-21/content-detail.html</url>
<url access="raw object" displayLabel="PDF rendition">https://www.gpo.gov/fdsys/pkg/CREC-2018-03-21/pdf/CREC-2018-03-21.pdf</url>
</location>
<part type="issue">
<extent unit="pages">
<start>H1731</start>
<end>H1756</end>
</extent>
<extent unit="pages">
<start>S1849</start>
<end>S1883</end>
</extent>
<extent unit="pages">
<start>E351</start>
<end>E358</end>
</extent>
<extent unit="pages">
<start>D322</start>
<end>D328</end>
</extent>
</part>
<originInfo>
<publisher>U.S. Government Publishing Office</publisher>
<dateIssued encoding="w3cdtf">2018-03-21</dateIssued>
<issuance>continuing</issuance>
<frequency authority="marcfrequency">daily</frequency>
</originInfo>
<physicalDescription>
<note type="source content type">deposited</note>
<digitalOrigin>born digital</digitalOrigin>
<extent>152 p.</extent>
</physicalDescription>
<classification authority="sudocs">X 1.1/A:</classification>
<classification authority="sudocs">X/A.</classification>
<identifier type="uri">https://www.gpo.gov/fdsys/pkg/CREC-2018-03-21</identifier>
<identifier type="local">P0b002ee199c44f14</identifier>
<identifier type="stock number">752-002-00000-2</identifier>
<identifier type="ILS system id">000568013</identifier>
<identifier type="former package identifier">cr21mr18</identifier>
<recordInfo>
<recordContentSource authority="marcorg">DGPO</recordContentSource>
<recordCreationDate encoding="w3cdtf">2018-03-22</recordCreationDate>
<recordChangeDate encoding="w3cdtf">2018-03-22</recordChangeDate>
<recordIdentifier source="DGPO">CREC-2018-03-21</recordIdentifier>
<recordOrigin>machine generated</recordOrigin>
<languageOfCataloging>
<languageTerm authority="iso639-2b" type="code">eng</languageTerm>
</languageOfCataloging>
</recordInfo>
<accessCondition type="GPO scope determination">fdlp</accessCondition>
<extension>
<docClass>CREC</docClass>
<accessId>CREC-2018-03-21</accessId>
<volume>164</volume>
<issue>49</issue>
<congress>115</congress>
<session>2</session>
<bookCount>1</bookCount>
</extension>
</relatedItem>
</mods>