<mods ID="id-CREC-2018-01-29-pt1-PgH632-7" version="3.3" xmlns="http://www.loc.gov/mods/v3" xmlns:exslt="http://exslt.org/common" xmlns:xlink="http://www.w3.org/1999/xlink" xmlns:xsi="http://www.w3.org/2001/XMLSchema-instance" xsi:schemaLocation="http://www.loc.gov/mods/v3 http://www.loc.gov/standards/mods/v3/mods-3-3.xsd">
<name type="corporate">
<namePart>United States Government Publishing Office</namePart>
<role>
<roleTerm authority="marcrelator" type="text">publisher</roleTerm>
<roleTerm authority="marcrelator" type="code">pbl</roleTerm>
</role>
<role>
<roleTerm authority="marcrelator" type="text">distributor</roleTerm>
<roleTerm authority="marcrelator" type="code">dst</roleTerm>
</role>
</name>
<name type="corporate">
<namePart>United States</namePart>
<namePart>Congress</namePart>
<role>
<roleTerm authority="marcrelator" type="text">author</roleTerm>
<roleTerm authority="marcrelator" type="code">aut</roleTerm>
</role>
<description>Government Organization</description>
</name>
<typeOfResource>text</typeOfResource>
<genre authority="marcgt">government publication</genre>
<language>
<languageTerm authority="iso639-2b" type="code">eng</languageTerm>
</language>
<extension>
<collectionCode>CREC</collectionCode>
<category>Proceedings of Congress and General Congressional Publications</category>
<waisDatabaseName>2018_record</waisDatabaseName>
<branch>legislative</branch>
<dateIngested>2018-01-30</dateIngested>
</extension>
<titleInfo>
<title>REBUILD AMERICA'S CRUMBLING INFRASTRUCTURE</title>
<partName>House</partName>
</titleInfo>
<relatedItem type="otherFormat" xlink:href="https://www.gpo.gov/fdsys/pkg/CREC-2018-01-29/html/CREC-2018-01-29-pt1-PgH632-7.htm">
<identifier type="FDsys Unique ID">D09002ee19825d144</identifier>
</relatedItem>
<relatedItem type="otherFormat" xlink:href="https://www.gpo.gov/fdsys/pkg/CREC-2018-01-29/pdf/CREC-2018-01-29-pt1-PgH632-7.pdf">
<identifier type="FDsys Unique ID">D09002ee19825d1e9</identifier>
</relatedItem>
<identifier type="congressional record citation">164 Cong. Rec. H632</identifier>
<identifier type="uri">https://www.gpo.gov/fdsys/granule/CREC-2018-01-29/CREC-2018-01-29-pt1-PgH632-7</identifier>
<identifier type="former granule identifier">cr29ja18-72</identifier>
<location>
<url access="object in context" displayLabel="Content Detail">https://www.gpo.gov/fdsys/granule/CREC-2018-01-29/CREC-2018-01-29-pt1-PgH632-7/content-detail.html</url>
<url access="raw object" displayLabel="PDF rendition">https://www.gpo.gov/fdsys/pkg/CREC-2018-01-29/pdf/CREC-2018-01-29-pt1-PgH632-7.pdf</url>
<url access="raw object" displayLabel="HTML rendition">https://www.gpo.gov/fdsys/pkg/CREC-2018-01-29/html/CREC-2018-01-29-pt1-PgH632-7.htm</url>
</location>
<physicalDescription>
<extent>1 p.</extent>
</physicalDescription>
<part type="article">
<extent unit="pages">
<start>H632</start>
<end>H632</end>
</extent>
</part>
<name type="personal">
<namePart>Daniel T. Kildee</namePart>
<affiliation>United States House of Representatives</affiliation>
<role>
<roleTerm type="text">speaking</roleTerm>
</role>
<description>United States Congress Member</description>
</name>
<identifier type="preferred citation">164 Cong. Rec. H632</identifier>
<extension>
<searchTitle>REBUILD AMERICA'S CRUMBLING INFRASTRUCTURE; Congressional Record Vol. 164, No. 19</searchTitle>
<granuleClass>HOUSE</granuleClass>
<accessId>CREC-2018-01-29-pt1-PgH632-7</accessId>
<subGranuleClass>ALLOTHER</subGranuleClass>
<pagePrefix>H</pagePrefix>
<bookNumber>1</bookNumber>
<chamber>HOUSE</chamber>
<granuleDate>2018-01-29</granuleDate>
<time from="14:00:00" to="14:00:00"/>
<congMember authorityId="2134" bioGuideId="K000380" chamber="H" congress="115" party="D" role="SPEAKING" state="MI">
<name type="parsed">Mr. KILDEE</name>
<name type="authority-fnf">Daniel T. Kildee</name>
<name type="authority-lnf">Kildee, Daniel T.</name>
<name type="authority-other">Mr. Daniel Kildee</name>
</congMember>
</extension>
<relatedItem ID="P0b002ee19825c895" type="host">
<titleInfo>
<title>Congressional Record</title>
<partNumber>Vol. 164, no. 19</partNumber>
</titleInfo>
<location>
<url access="object in context" displayLabel="Content Detail">https://www.gpo.gov/fdsys/pkg/CREC-2018-01-29/content-detail.html</url>
<url access="raw object" displayLabel="PDF rendition">https://www.gpo.gov/fdsys/pkg/CREC-2018-01-29/pdf/CREC-2018-01-29.pdf</url>
</location>
<part type="issue">
<extent unit="pages">
<start>H631</start>
<end>H681</end>
</extent>
<extent unit="pages">
<start>S527</start>
<end>S556</end>
</extent>
<extent unit="pages">
<start>E101</start>
<end>E111</end>
</extent>
<extent unit="pages">
<start>D93</start>
<end>D98</end>
</extent>
</part>
<originInfo>
<publisher>U.S. Government Publishing Office</publisher>
<dateIssued encoding="w3cdtf">2018-01-29</dateIssued>
<issuance>continuing</issuance>
<frequency authority="marcfrequency">daily</frequency>
</originInfo>
<physicalDescription>
<note type="source content type">deposited</note>
<digitalOrigin>born digital</digitalOrigin>
<extent>196 p.</extent>
</physicalDescription>
<classification authority="sudocs">X 1.1/A:</classification>
<classification authority="sudocs">X/A.</classification>
<identifier type="uri">https://www.gpo.gov/fdsys/pkg/CREC-2018-01-29</identifier>
<identifier type="local">P0b002ee19825c895</identifier>
<identifier type="stock number">752-002-00000-2</identifier>
<identifier type="ILS system id">000568013</identifier>
<identifier type="former package identifier">cr29ja18</identifier>
<recordInfo>
<recordContentSource authority="marcorg">DGPO</recordContentSource>
<recordCreationDate encoding="w3cdtf">2018-01-30</recordCreationDate>
<recordChangeDate encoding="w3cdtf">2018-01-30</recordChangeDate>
<recordIdentifier source="DGPO">CREC-2018-01-29</recordIdentifier>
<recordOrigin>machine generated</recordOrigin>
<languageOfCataloging>
<languageTerm authority="iso639-2b" type="code">eng</languageTerm>
</languageOfCataloging>
</recordInfo>
<accessCondition type="GPO scope determination">fdlp</accessCondition>
<extension>
<docClass>CREC</docClass>
<accessId>CREC-2018-01-29</accessId>
<volume>164</volume>
<issue>19</issue>
<congress>115</congress>
<session>2</session>
<bookCount>1</bookCount>
</extension>
</relatedItem>
</mods>