<mods ID="id-CREC-2018-01-22-pt1-PgS441-4" version="3.3" xmlns="http://www.loc.gov/mods/v3" xmlns:exslt="http://exslt.org/common" xmlns:xlink="http://www.w3.org/1999/xlink" xmlns:xsi="http://www.w3.org/2001/XMLSchema-instance" xsi:schemaLocation="http://www.loc.gov/mods/v3 http://www.loc.gov/standards/mods/v3/mods-3-3.xsd">
<name type="corporate">
<namePart>United States Government Publishing Office</namePart>
<role>
<roleTerm authority="marcrelator" type="text">publisher</roleTerm>
<roleTerm authority="marcrelator" type="code">pbl</roleTerm>
</role>
<role>
<roleTerm authority="marcrelator" type="text">distributor</roleTerm>
<roleTerm authority="marcrelator" type="code">dst</roleTerm>
</role>
</name>
<name type="corporate">
<namePart>United States</namePart>
<namePart>Congress</namePart>
<role>
<roleTerm authority="marcrelator" type="text">author</roleTerm>
<roleTerm authority="marcrelator" type="code">aut</roleTerm>
</role>
<description>Government Organization</description>
</name>
<typeOfResource>text</typeOfResource>
<genre authority="marcgt">government publication</genre>
<language>
<languageTerm authority="iso639-2b" type="code">eng</languageTerm>
</language>
<extension>
<collectionCode>CREC</collectionCode>
<category>Proceedings of Congress and General Congressional Publications</category>
<waisDatabaseName>2018_record</waisDatabaseName>
<branch>legislative</branch>
<dateIngested>2018-01-23</dateIngested>
</extension>
<titleInfo>
<title>SUBMITTED RESOLUTIONS</title>
<partName>Senate</partName>
</titleInfo>
<relatedItem type="otherFormat" xlink:href="https://www.gpo.gov/fdsys/pkg/CREC-2018-01-22/html/CREC-2018-01-22-pt1-PgS441-4.htm">
<identifier type="FDsys Unique ID">D09002ee1981136a6</identifier>
</relatedItem>
<relatedItem type="otherFormat" xlink:href="https://www.gpo.gov/fdsys/pkg/CREC-2018-01-22/pdf/CREC-2018-01-22-pt1-PgS441-4.pdf">
<identifier type="FDsys Unique ID">D09002ee1981136f8</identifier>
</relatedItem>
<identifier type="congressional record citation">164 Cong. Rec. S441</identifier>
<identifier type="uri">https://www.gpo.gov/fdsys/granule/CREC-2018-01-22/CREC-2018-01-22-pt1-PgS441-4</identifier>
<identifier type="former granule identifier">cr22ja18-128</identifier>
<location>
<url access="object in context" displayLabel="Content Detail">https://www.gpo.gov/fdsys/granule/CREC-2018-01-22/CREC-2018-01-22-pt1-PgS441-4/content-detail.html</url>
<url access="raw object" displayLabel="PDF rendition">https://www.gpo.gov/fdsys/pkg/CREC-2018-01-22/pdf/CREC-2018-01-22-pt1-PgS441-4.pdf</url>
<url access="raw object" displayLabel="HTML rendition">https://www.gpo.gov/fdsys/pkg/CREC-2018-01-22/html/CREC-2018-01-22-pt1-PgS441-4.htm</url>
</location>
<physicalDescription>
<extent>2 p.</extent>
</physicalDescription>
<part type="article">
<extent unit="pages">
<start>S441</start>
<end>S442</end>
</extent>
</part>
<identifier type="preferred citation">164 Cong. Rec. S441</identifier>
<extension>
<searchTitle>SUBMITTED RESOLUTIONS; Congressional Record Vol. 164, No. 15</searchTitle>
<associatedBills>S. Con. Res. 33, 115th Congress
        </associatedBills>
<granuleClass>SENATE</granuleClass>
<accessId>CREC-2018-01-22-pt1-PgS441-4</accessId>
<subGranuleClass>SSUBMITTED</subGranuleClass>
<pagePrefix>S</pagePrefix>
<bookNumber>1</bookNumber>
<chamber>SENATE</chamber>
<granuleDate>2018-01-22</granuleDate>
<bill congress="115" context="HEADERLINE" number="33" type="SCONRES"/>
<bill congress="115" context="OTHER" number="33" type="S"/>
<bill congress="115" context="OTHER" number="195" type="HR"/>
<law congress="115" isPrivate="false" number="56"/>
<USCode title="31">
<section detail="(d)" number="6503"/>
</USCode>
</extension>
<relatedItem type="isReferencedBy">
<titleInfo>
<title>United States Senate Concurrent Resolution 33  (115th Congress)</title>
</titleInfo>
<identifier type="Congressional Bill citation">S. Con. Res. 33</identifier>
<extension>
<congress>115</congress>
<context>HEADERLINE</context>
</extension>
</relatedItem>
<relatedItem type="isReferencedBy">
<titleInfo>
<title>United States Senate Bill 33  (115th Congress)</title>
</titleInfo>
<identifier type="Congressional Bill citation">S. 33</identifier>
<extension>
<congress>115</congress>
<context>OTHER</context>
</extension>
</relatedItem>
<relatedItem type="isReferencedBy">
<titleInfo>
<title>United States House Bill 195  (115th Congress)</title>
</titleInfo>
<identifier type="Congressional Bill citation">H.R. 195</identifier>
<extension>
<congress>115</congress>
<context>OTHER</context>
</extension>
</relatedItem>
<relatedItem type="isReferencedBy">
<titleInfo>
<title>United States Code</title>
<partNumber>Title 31 Section 6503(d)</partNumber>
</titleInfo>
<identifier type="USC citation">31 U.S.C. 6503(d)</identifier>
</relatedItem>
<relatedItem>
<titleInfo>
<title>United States Public Law 115-56</title>
</titleInfo>
<identifier type="public law citation">Public Law 115-56</identifier>
</relatedItem>
<relatedItem ID="P0b002ee19811285b" type="host">
<titleInfo>
<title>Congressional Record</title>
<partNumber>Vol. 164, no. 15</partNumber>
</titleInfo>
<location>
<url access="object in context" displayLabel="Content Detail">https://www.gpo.gov/fdsys/pkg/CREC-2018-01-22/content-detail.html</url>
<url access="raw object" displayLabel="PDF rendition">https://www.gpo.gov/fdsys/pkg/CREC-2018-01-22/pdf/CREC-2018-01-22.pdf</url>
</location>
<part type="issue">
<extent unit="pages">
<start>H611</start>
<end>H625</end>
</extent>
<extent unit="pages">
<start>S429</start>
<end>S443</end>
</extent>
<extent unit="pages">
<start>E85</start>
<end>E91</end>
</extent>
<extent unit="pages">
<start>D77</start>
<end>D80</end>
</extent>
</part>
<originInfo>
<publisher>U.S. Government Publishing Office</publisher>
<dateIssued encoding="w3cdtf">2018-01-22</dateIssued>
<issuance>continuing</issuance>
<frequency authority="marcfrequency">daily</frequency>
</originInfo>
<physicalDescription>
<note type="source content type">deposited</note>
<digitalOrigin>born digital</digitalOrigin>
<extent>82 p.</extent>
</physicalDescription>
<classification authority="sudocs">X 1.1/A:</classification>
<classification authority="sudocs">X/A.</classification>
<identifier type="uri">https://www.gpo.gov/fdsys/pkg/CREC-2018-01-22</identifier>
<identifier type="local">P0b002ee19811285b</identifier>
<identifier type="stock number">752-002-00000-2</identifier>
<identifier type="ILS system id">000568013</identifier>
<identifier type="former package identifier">cr22ja18</identifier>
<recordInfo>
<recordContentSource authority="marcorg">DGPO</recordContentSource>
<recordCreationDate encoding="w3cdtf">2018-01-23</recordCreationDate>
<recordChangeDate encoding="w3cdtf">2018-01-23</recordChangeDate>
<recordIdentifier source="DGPO">CREC-2018-01-22</recordIdentifier>
<recordOrigin>machine generated</recordOrigin>
<languageOfCataloging>
<languageTerm authority="iso639-2b" type="code">eng</languageTerm>
</languageOfCataloging>
</recordInfo>
<accessCondition type="GPO scope determination">fdlp</accessCondition>
<extension>
<docClass>CREC</docClass>
<accessId>CREC-2018-01-22</accessId>
<volume>164</volume>
<issue>15</issue>
<congress>115</congress>
<session>2</session>
<bookCount>1</bookCount>
</extension>
</relatedItem>
</mods>