<mods ID="id-CREC-2018-01-24-pt1-PgS501" version="3.3" xmlns="http://www.loc.gov/mods/v3" xmlns:exslt="http://exslt.org/common" xmlns:xlink="http://www.w3.org/1999/xlink" xmlns:xsi="http://www.w3.org/2001/XMLSchema-instance" xsi:schemaLocation="http://www.loc.gov/mods/v3 http://www.loc.gov/standards/mods/v3/mods-3-3.xsd">
<name type="corporate">
<namePart>United States Government Publishing Office</namePart>
<role>
<roleTerm authority="marcrelator" type="text">publisher</roleTerm>
<roleTerm authority="marcrelator" type="code">pbl</roleTerm>
</role>
<role>
<roleTerm authority="marcrelator" type="text">distributor</roleTerm>
<roleTerm authority="marcrelator" type="code">dst</roleTerm>
</role>
</name>
<name type="corporate">
<namePart>United States</namePart>
<namePart>Congress</namePart>
<role>
<roleTerm authority="marcrelator" type="text">author</roleTerm>
<roleTerm authority="marcrelator" type="code">aut</roleTerm>
</role>
<description>Government Organization</description>
</name>
<typeOfResource>text</typeOfResource>
<genre authority="marcgt">government publication</genre>
<language>
<languageTerm authority="iso639-2b" type="code">eng</languageTerm>
</language>
<extension>
<collectionCode>CREC</collectionCode>
<category>Proceedings of Congress and General Congressional Publications</category>
<waisDatabaseName>2018_record</waisDatabaseName>
<branch>legislative</branch>
<dateIngested>2018-01-25</dateIngested>
</extension>
<titleInfo>
<title>STATEMENTS ON INTRODUCED BILLS AND JOINT RESOLUTIONS</title>
<partName>Senate</partName>
</titleInfo>
<relatedItem type="otherFormat" xlink:href="https://www.gpo.gov/fdsys/pkg/CREC-2018-01-24/html/CREC-2018-01-24-pt1-PgS501.htm">
<identifier type="FDsys Unique ID">D09002ee19815e100</identifier>
</relatedItem>
<relatedItem type="otherFormat" xlink:href="https://www.gpo.gov/fdsys/pkg/CREC-2018-01-24/pdf/CREC-2018-01-24-pt1-PgS501.pdf">
<identifier type="FDsys Unique ID">D09002ee19815e10d</identifier>
</relatedItem>
<identifier type="congressional record citation">164 Cong. Rec. S501</identifier>
<identifier type="uri">https://www.gpo.gov/fdsys/granule/CREC-2018-01-24/CREC-2018-01-24-pt1-PgS501</identifier>
<identifier type="former granule identifier">cr24ja18-43</identifier>
<location>
<url access="object in context" displayLabel="Content Detail">https://www.gpo.gov/fdsys/granule/CREC-2018-01-24/CREC-2018-01-24-pt1-PgS501/content-detail.html</url>
<url access="raw object" displayLabel="PDF rendition">https://www.gpo.gov/fdsys/pkg/CREC-2018-01-24/pdf/CREC-2018-01-24-pt1-PgS501.pdf</url>
<url access="raw object" displayLabel="HTML rendition">https://www.gpo.gov/fdsys/pkg/CREC-2018-01-24/html/CREC-2018-01-24-pt1-PgS501.htm</url>
</location>
<physicalDescription>
<extent>5 p.</extent>
</physicalDescription>
<part type="article">
<extent unit="pages">
<start>S501</start>
<end>S505</end>
</extent>
</part>
<name type="personal">
<namePart>Orrin G. Hatch</namePart>
<affiliation>United States Senate</affiliation>
<role>
<roleTerm type="text">speaking</roleTerm>
</role>
<description>United States Congress Member</description>
</name>
<name type="personal">
<namePart>Lamar Alexander</namePart>
<affiliation>United States Senate</affiliation>
<role>
<roleTerm type="text">speaking</roleTerm>
</role>
<description>United States Congress Member</description>
</name>
<name type="personal">
<namePart>Christopher A. Coons</namePart>
<affiliation>United States Senate</affiliation>
<role>
<roleTerm type="text">speaking</roleTerm>
</role>
<description>United States Congress Member</description>
</name>
<name type="corporate">
<namePart>United States</namePart>
<namePart>Congress</namePart>
<namePart>Senate</namePart>
<namePart>Committee on Judiciary</namePart>
<role>
<roleTerm authority="marcrelator" type="text">associated name</roleTerm>
<roleTerm authority="marcrelator" type="code">asn</roleTerm>
</role>
<description>Government Organization</description>
</name>
<identifier type="preferred citation">164 Cong. Rec. S501</identifier>
<extension>
<searchTitle>STATEMENTS ON INTRODUCED BILLS AND JOINT RESOLUTIONS; Congressional Record Vol. 164, No. 17</searchTitle>
<granuleClass>SENATE</granuleClass>
<accessId>CREC-2018-01-24-pt1-PgS501</accessId>
<subGranuleClass>SSTATEMENTS</subGranuleClass>
<pagePrefix>S</pagePrefix>
<bookNumber>1</bookNumber>
<chamber>SENATE</chamber>
<granuleDate>2018-01-24</granuleDate>
<bill congress="115" context="FIRSTPARAGRAPH" number="2334" type="S"/>
<bill congress="115" context="OTHER" number="2334" type="S"/>
<congCommittee authorityId="ssju00" chamber="S" congress="115" type="S">
<name type="authority-standard">Committee on Judiciary</name>
<name type="authority-short">Judiciary</name>
</congCommittee>
<congMember authorityId="1351" bioGuideId="H000338" chamber="S" congress="115" gpoId="8314" party="R" role="SPEAKING" state="UT">
<name type="parsed">Mr. HATCH</name>
<name type="authority-fnf">Orrin G. Hatch</name>
<name type="authority-lnf">Hatch, Orrin G.</name>
<name type="authority-other">Orrin Grant Hatch</name>
</congMember>
<congMember authorityId="1695" bioGuideId="A000360" chamber="S" congress="115" gpoId="8304" party="R" role="SPEAKING" state="TN">
<name type="parsed">Mr. ALEXANDER</name>
<name type="authority-fnf">Lamar Alexander</name>
<name type="authority-lnf">Alexander, Lamar</name>
</congMember>
<congMember authorityId="1984" bioGuideId="C001088" chamber="S" congress="115" gpoId="8297" party="D" role="SPEAKING" state="DE">
<name type="parsed">Mr. COONS</name>
<name type="authority-fnf">Christopher A. Coons</name>
<name type="authority-lnf">Coons, Christopher A.</name>
<name type="authority-other">Mr. Christopher Coons</name>
</congMember>
</extension>
<relatedItem type="isReferencedBy">
<titleInfo>
<title>United States Senate Bill 2334  (115th Congress)</title>
</titleInfo>
<identifier type="Congressional Bill citation">S. 2334</identifier>
<extension>
<congress>115</congress>
<context>FIRSTPARAGRAPH</context>
</extension>
</relatedItem>
<relatedItem type="isReferencedBy">
<titleInfo>
<title>United States Senate Bill 2334  (115th Congress)</title>
</titleInfo>
<identifier type="Congressional Bill citation">S. 2334</identifier>
<extension>
<congress>115</congress>
<context>OTHER</context>
</extension>
</relatedItem>
<relatedItem ID="P0b002ee19815c02e" type="host">
<titleInfo>
<title>Congressional Record</title>
<partNumber>Vol. 164, no. 17</partNumber>
</titleInfo>
<location>
<url access="object in context" displayLabel="Content Detail">https://www.gpo.gov/fdsys/pkg/CREC-2018-01-24/content-detail.html</url>
<url access="raw object" displayLabel="PDF rendition">https://www.gpo.gov/fdsys/pkg/CREC-2018-01-24/pdf/CREC-2018-01-24.pdf</url>
</location>
<part type="issue">
<extent unit="pages">
<start>S477</start>
<end>S506</end>
</extent>
<extent unit="pages">
<start>E93</start>
<end>E93</end>
</extent>
<extent unit="pages">
<start>D85</start>
<end>D88</end>
</extent>
</part>
<originInfo>
<publisher>U.S. Government Publishing Office</publisher>
<dateIssued encoding="w3cdtf">2018-01-24</dateIssued>
<issuance>continuing</issuance>
<frequency authority="marcfrequency">daily</frequency>
</originInfo>
<physicalDescription>
<note type="source content type">deposited</note>
<digitalOrigin>born digital</digitalOrigin>
<extent>70 p.</extent>
</physicalDescription>
<classification authority="sudocs">X 1.1/A:</classification>
<classification authority="sudocs">X/A.</classification>
<identifier type="uri">https://www.gpo.gov/fdsys/pkg/CREC-2018-01-24</identifier>
<identifier type="local">P0b002ee19815c02e</identifier>
<identifier type="stock number">752-002-00000-2</identifier>
<identifier type="ILS system id">000568013</identifier>
<identifier type="former package identifier">cr24ja18</identifier>
<recordInfo>
<recordContentSource authority="marcorg">DGPO</recordContentSource>
<recordCreationDate encoding="w3cdtf">2018-01-25</recordCreationDate>
<recordChangeDate encoding="w3cdtf">2018-01-25</recordChangeDate>
<recordIdentifier source="DGPO">CREC-2018-01-24</recordIdentifier>
<recordOrigin>machine generated</recordOrigin>
<languageOfCataloging>
<languageTerm authority="iso639-2b" type="code">eng</languageTerm>
</languageOfCataloging>
</recordInfo>
<accessCondition type="GPO scope determination">fdlp</accessCondition>
<extension>
<docClass>CREC</docClass>
<accessId>CREC-2018-01-24</accessId>
<volume>164</volume>
<issue>17</issue>
<congress>115</congress>
<session>2</session>
<bookCount>1</bookCount>
</extension>
</relatedItem>
</mods>