<mods ID="id-CREC-2018-01-17-pt1-PgH476-2" version="3.3" xmlns="http://www.loc.gov/mods/v3" xmlns:exslt="http://exslt.org/common" xmlns:xlink="http://www.w3.org/1999/xlink" xmlns:xsi="http://www.w3.org/2001/XMLSchema-instance" xsi:schemaLocation="http://www.loc.gov/mods/v3 http://www.loc.gov/standards/mods/v3/mods-3-3.xsd">
<name type="corporate">
<namePart>United States Government Publishing Office</namePart>
<role>
<roleTerm authority="marcrelator" type="text">publisher</roleTerm>
<roleTerm authority="marcrelator" type="code">pbl</roleTerm>
</role>
<role>
<roleTerm authority="marcrelator" type="text">distributor</roleTerm>
<roleTerm authority="marcrelator" type="code">dst</roleTerm>
</role>
</name>
<name type="corporate">
<namePart>United States</namePart>
<namePart>Congress</namePart>
<role>
<roleTerm authority="marcrelator" type="text">author</roleTerm>
<roleTerm authority="marcrelator" type="code">aut</roleTerm>
</role>
<description>Government Organization</description>
</name>
<typeOfResource>text</typeOfResource>
<genre authority="marcgt">government publication</genre>
<language>
<languageTerm authority="iso639-2b" type="code">eng</languageTerm>
</language>
<extension>
<collectionCode>CREC</collectionCode>
<category>Proceedings of Congress and General Congressional Publications</category>
<waisDatabaseName>2018_record</waisDatabaseName>
<branch>legislative</branch>
<dateIngested>2018-01-18</dateIngested>
</extension>
<titleInfo>
<title>EXECUTIVE COMMUNICATIONS, ETC.</title>
<partName>House</partName>
</titleInfo>
<relatedItem type="otherFormat" xlink:href="https://www.gpo.gov/fdsys/pkg/CREC-2018-01-17/html/CREC-2018-01-17-pt1-PgH476-2.htm">
<identifier type="FDsys Unique ID">D09002ee1980762b9</identifier>
</relatedItem>
<relatedItem type="otherFormat" xlink:href="https://www.gpo.gov/fdsys/pkg/CREC-2018-01-17/pdf/CREC-2018-01-17-pt1-PgH476-2.pdf">
<identifier type="FDsys Unique ID">D09002ee19807637f</identifier>
</relatedItem>
<identifier type="congressional record citation">164 Cong. Rec. H476</identifier>
<identifier type="uri">https://www.gpo.gov/fdsys/granule/CREC-2018-01-17/CREC-2018-01-17-pt1-PgH476-2</identifier>
<identifier type="former granule identifier">cr17ja18-117</identifier>
<identifier type="Regulation ID Number">RIN 2577-AJ36</identifier>
<identifier type="Regulation ID Number">RIN 3235-AM02</identifier>
<identifier type="Regulation ID Number">RIN 1901-AB40</identifier>
<identifier type="Regulation ID Number">RIN 1024-AE42</identifier>
<identifier type="Regulation ID Number">RIN 1024-AE32</identifier>
<identifier type="Regulation ID Number">RIN 1801-AA17</identifier>
<identifier type="Regulation ID Number">RIN 3072-AC70</identifier>
<identifier type="Regulation ID Number">RIN 1545-BN77</identifier>
<location>
<url access="object in context" displayLabel="Content Detail">https://www.gpo.gov/fdsys/granule/CREC-2018-01-17/CREC-2018-01-17-pt1-PgH476-2/content-detail.html</url>
<url access="raw object" displayLabel="PDF rendition">https://www.gpo.gov/fdsys/pkg/CREC-2018-01-17/pdf/CREC-2018-01-17-pt1-PgH476-2.pdf</url>
<url access="raw object" displayLabel="HTML rendition">https://www.gpo.gov/fdsys/pkg/CREC-2018-01-17/html/CREC-2018-01-17-pt1-PgH476-2.htm</url>
</location>
<physicalDescription>
<extent>2 p.</extent>
</physicalDescription>
<part type="article">
<extent unit="pages">
<start>H476</start>
<end>H477</end>
</extent>
</part>
<name type="corporate">
<namePart>United States</namePart>
<namePart>Congress</namePart>
<namePart>House of Representatives</namePart>
<namePart>Committee on Armed Services</namePart>
<role>
<roleTerm authority="marcrelator" type="text">associated name</roleTerm>
<roleTerm authority="marcrelator" type="code">asn</roleTerm>
</role>
<description>Government Organization</description>
</name>
<name type="corporate">
<namePart>United States</namePart>
<namePart>Congress</namePart>
<namePart>House of Representatives</namePart>
<namePart>Committee on Financial Services</namePart>
<role>
<roleTerm authority="marcrelator" type="text">associated name</roleTerm>
<roleTerm authority="marcrelator" type="code">asn</roleTerm>
</role>
<description>Government Organization</description>
</name>
<name type="corporate">
<namePart>United States</namePart>
<namePart>Congress</namePart>
<namePart>House of Representatives</namePart>
<namePart>Committee on Energy and Commerce</namePart>
<role>
<roleTerm authority="marcrelator" type="text">associated name</roleTerm>
<roleTerm authority="marcrelator" type="code">asn</roleTerm>
</role>
<description>Government Organization</description>
</name>
<name type="corporate">
<namePart>United States</namePart>
<namePart>Congress</namePart>
<namePart>House of Representatives</namePart>
<namePart>Committee on Oversight and Government Reform</namePart>
<role>
<roleTerm authority="marcrelator" type="text">associated name</roleTerm>
<roleTerm authority="marcrelator" type="code">asn</roleTerm>
</role>
<description>Government Organization</description>
</name>
<name type="corporate">
<namePart>United States</namePart>
<namePart>Congress</namePart>
<namePart>House of Representatives</namePart>
<namePart>Committee on Natural Resources</namePart>
<role>
<roleTerm authority="marcrelator" type="text">associated name</roleTerm>
<roleTerm authority="marcrelator" type="code">asn</roleTerm>
</role>
<description>Government Organization</description>
</name>
<name type="corporate">
<namePart>United States</namePart>
<namePart>Congress</namePart>
<namePart>House of Representatives</namePart>
<namePart>Committee on the Judiciary</namePart>
<role>
<roleTerm authority="marcrelator" type="text">associated name</roleTerm>
<roleTerm authority="marcrelator" type="code">asn</roleTerm>
</role>
<description>Government Organization</description>
</name>
<name type="corporate">
<namePart>United States</namePart>
<namePart>Congress</namePart>
<namePart>House of Representatives</namePart>
<namePart>Committee on Ways and Means</namePart>
<role>
<roleTerm authority="marcrelator" type="text">associated name</roleTerm>
<roleTerm authority="marcrelator" type="code">asn</roleTerm>
</role>
<description>Government Organization</description>
</name>
<identifier type="preferred citation">164 Cong. Rec. H476</identifier>
<extension>
<searchTitle>EXECUTIVE COMMUNICATIONS, ETC.; Congressional Record Vol. 164, No. 10</searchTitle>
<granuleClass>HOUSE</granuleClass>
<accessId>CREC-2018-01-17-pt1-PgH476-2</accessId>
<subGranuleClass>EXECUTIVECOMM</subGranuleClass>
<pagePrefix>H</pagePrefix>
<bookNumber>1</bookNumber>
<chamber>HOUSE</chamber>
<granuleDate>2018-01-17</granuleDate>
<time from="21:57:00" to="21:57:00"/>
<bill congress="115" context="OTHER" number="2943" type="S"/>
<congCommittee authorityId="hsas00" chamber="H" congress="115" type="S">
<name type="authority-standard">Committee on Armed Services</name>
<name type="authority-short">Armed Services</name>
</congCommittee>
<congCommittee authorityId="hsba00" chamber="H" congress="115" type="S">
<name type="authority-standard">Committee on Financial Services</name>
<name type="authority-short">Financial Services</name>
</congCommittee>
<congCommittee authorityId="hsif00" chamber="H" congress="115" type="S">
<name type="authority-standard">Committee on Energy and Commerce</name>
<name type="authority-short">Energy and Commerce</name>
</congCommittee>
<congCommittee authorityId="hsgo00" chamber="H" congress="115" type="S">
<name type="authority-standard">Committee on Oversight and Government Reform</name>
<name type="authority-short">Oversight and Government Reform</name>
</congCommittee>
<congCommittee authorityId="hsii00" chamber="H" congress="115" type="S">
<name type="authority-standard">Committee on Natural Resources</name>
<name type="authority-short">Natural Resources</name>
</congCommittee>
<congCommittee authorityId="hsju00" chamber="H" congress="115" type="S">
<name type="authority-standard">Committee on the Judiciary</name>
<name type="authority-short">Judiciary</name>
</congCommittee>
<congCommittee authorityId="hswm00" chamber="H" congress="115" type="S">
<name type="authority-standard">Committee on Ways and Means</name>
<name type="authority-short">Ways and Means</name>
</congCommittee>
<law congress="90" isPrivate="false" number="537"/>
<law congress="104" isPrivate="false" number="121"/>
<law congress="112" isPrivate="false" number="272"/>
<law congress="114" isPrivate="false" number="328"/>
<USCode title="5">
<section detail="(a)(1)(A)" number="801"/>
</USCode>
<statuteAtLarge volume="110">
<pages pages="868"/>
</statuteAtLarge>
<statuteAtLarge volume="126">
<pages pages="2450"/>
</statuteAtLarge>
<rin number="2577-AJ36"/>
<rin number="3235-AM02"/>
<rin number="1901-AB40"/>
<rin number="1024-AE42"/>
<rin number="1024-AE32"/>
<rin number="1801-AA17"/>
<rin number="3072-AC70"/>
<rin number="1545-BN77"/>
</extension>
<relatedItem type="isReferencedBy">
<titleInfo>
<title>United States Senate Bill 2943  (115th Congress)</title>
</titleInfo>
<identifier type="Congressional Bill citation">S. 2943</identifier>
<extension>
<congress>115</congress>
<context>OTHER</context>
</extension>
</relatedItem>
<relatedItem type="isReferencedBy">
<titleInfo>
<title>United States Code</title>
<partNumber>Title 5 Section 801(a)(1)(A)</partNumber>
</titleInfo>
<identifier type="USC citation">5 U.S.C. 801(a)(1)(A)</identifier>
</relatedItem>
<relatedItem type="isReferencedBy">
<titleInfo>
<title>United States Statutes at Large</title>
<partNumber>Volume 110 Page 868</partNumber>
</titleInfo>
<identifier type="Statute citation">110 Stat. 868</identifier>
</relatedItem>
<relatedItem type="isReferencedBy">
<titleInfo>
<title>United States Statutes at Large</title>
<partNumber>Volume 126 Page 2450</partNumber>
</titleInfo>
<identifier type="Statute citation">126 Stat. 2450</identifier>
</relatedItem>
<relatedItem>
<titleInfo>
<title>United States Public Law 90-537</title>
</titleInfo>
<identifier type="public law citation">Public Law 90-537</identifier>
</relatedItem>
<relatedItem>
<titleInfo>
<title>United States Public Law 104-121</title>
</titleInfo>
<identifier type="public law citation">Public Law 104-121</identifier>
</relatedItem>
<relatedItem>
<titleInfo>
<title>United States Public Law 112-272</title>
</titleInfo>
<identifier type="public law citation">Public Law 112-272</identifier>
</relatedItem>
<relatedItem>
<titleInfo>
<title>United States Public Law 114-328</title>
</titleInfo>
<identifier type="public law citation">Public Law 114-328</identifier>
</relatedItem>
<relatedItem type="isReferencedBy">
<identifier type="regulation ID number">RIN 2577-AJ36</identifier>
</relatedItem>
<relatedItem type="isReferencedBy">
<identifier type="regulation ID number">RIN 3235-AM02</identifier>
</relatedItem>
<relatedItem type="isReferencedBy">
<identifier type="regulation ID number">RIN 1901-AB40</identifier>
</relatedItem>
<relatedItem type="isReferencedBy">
<identifier type="regulation ID number">RIN 1024-AE42</identifier>
</relatedItem>
<relatedItem type="isReferencedBy">
<identifier type="regulation ID number">RIN 1024-AE32</identifier>
</relatedItem>
<relatedItem type="isReferencedBy">
<identifier type="regulation ID number">RIN 1801-AA17</identifier>
</relatedItem>
<relatedItem type="isReferencedBy">
<identifier type="regulation ID number">RIN 3072-AC70</identifier>
</relatedItem>
<relatedItem type="isReferencedBy">
<identifier type="regulation ID number">RIN 1545-BN77</identifier>
</relatedItem>
<relatedItem ID="P0b002ee19806992c" type="host">
<titleInfo>
<title>Congressional Record</title>
<partNumber>Vol. 164, no. 10</partNumber>
</titleInfo>
<location>
<url access="object in context" displayLabel="Content Detail">https://www.gpo.gov/fdsys/pkg/CREC-2018-01-17/content-detail.html</url>
<url access="raw object" displayLabel="PDF rendition">https://www.gpo.gov/fdsys/pkg/CREC-2018-01-17/pdf/CREC-2018-01-17.pdf</url>
</location>
<part type="issue">
<extent unit="pages">
<start>H415</start>
<end>H478</end>
</extent>
<extent unit="pages">
<start>S213</start>
<end>S264</end>
</extent>
<extent unit="pages">
<start>E51</start>
<end>E56</end>
</extent>
<extent unit="pages">
<start>D46</start>
<end>D54</end>
</extent>
</part>
<originInfo>
<publisher>U.S. Government Publishing Office</publisher>
<dateIssued encoding="w3cdtf">2018-01-17</dateIssued>
<issuance>continuing</issuance>
<frequency authority="marcfrequency">daily</frequency>
</originInfo>
<physicalDescription>
<note type="source content type">deposited</note>
<digitalOrigin>born digital</digitalOrigin>
<extent>262 p.</extent>
</physicalDescription>
<classification authority="sudocs">X 1.1/A:</classification>
<classification authority="sudocs">X/A.</classification>
<identifier type="uri">https://www.gpo.gov/fdsys/pkg/CREC-2018-01-17</identifier>
<identifier type="local">P0b002ee19806992c</identifier>
<identifier type="stock number">752-002-00000-2</identifier>
<identifier type="ILS system id">000568013</identifier>
<identifier type="former package identifier">cr17ja18</identifier>
<recordInfo>
<recordContentSource authority="marcorg">DGPO</recordContentSource>
<recordCreationDate encoding="w3cdtf">2018-01-18</recordCreationDate>
<recordChangeDate encoding="w3cdtf">2018-01-18</recordChangeDate>
<recordIdentifier source="DGPO">CREC-2018-01-17</recordIdentifier>
<recordOrigin>machine generated</recordOrigin>
<languageOfCataloging>
<languageTerm authority="iso639-2b" type="code">eng</languageTerm>
</languageOfCataloging>
</recordInfo>
<accessCondition type="GPO scope determination">fdlp</accessCondition>
<extension>
<docClass>CREC</docClass>
<accessId>CREC-2018-01-17</accessId>
<volume>164</volume>
<issue>10</issue>
<congress>115</congress>
<session>2</session>
<bookCount>1</bookCount>
</extension>
</relatedItem>
</mods>