<mods ID="id-CREC-2018-01-10-pt1-PgH131-3" version="3.3" xmlns="http://www.loc.gov/mods/v3" xmlns:exslt="http://exslt.org/common" xmlns:xlink="http://www.w3.org/1999/xlink" xmlns:xsi="http://www.w3.org/2001/XMLSchema-instance" xsi:schemaLocation="http://www.loc.gov/mods/v3 http://www.loc.gov/standards/mods/v3/mods-3-3.xsd">
<name type="corporate">
<namePart>United States Government Publishing Office</namePart>
<role>
<roleTerm authority="marcrelator" type="text">publisher</roleTerm>
<roleTerm authority="marcrelator" type="code">pbl</roleTerm>
</role>
<role>
<roleTerm authority="marcrelator" type="text">distributor</roleTerm>
<roleTerm authority="marcrelator" type="code">dst</roleTerm>
</role>
</name>
<name type="corporate">
<namePart>United States</namePart>
<namePart>Congress</namePart>
<role>
<roleTerm authority="marcrelator" type="text">author</roleTerm>
<roleTerm authority="marcrelator" type="code">aut</roleTerm>
</role>
<description>Government Organization</description>
</name>
<typeOfResource>text</typeOfResource>
<genre authority="marcgt">government publication</genre>
<language>
<languageTerm authority="iso639-2b" type="code">eng</languageTerm>
</language>
<extension>
<collectionCode>CREC</collectionCode>
<category>Proceedings of Congress and General Congressional Publications</category>
<waisDatabaseName>2018_record</waisDatabaseName>
<branch>legislative</branch>
<dateIngested>2018-01-23</dateIngested>
</extension>
<titleInfo>
<title>PUBLIC BILLS AND RESOLUTIONS</title>
<partName>House</partName>
</titleInfo>
<relatedItem type="otherFormat" xlink:href="https://www.gpo.gov/fdsys/pkg/CREC-2018-01-10/html/CREC-2018-01-10-pt1-PgH131-3.htm">
<identifier type="FDsys Unique ID">D09002ee1981114ab</identifier>
</relatedItem>
<relatedItem type="otherFormat" xlink:href="https://www.gpo.gov/fdsys/pkg/CREC-2018-01-10/pdf/CREC-2018-01-10-pt1-PgH131-3.pdf">
<identifier type="FDsys Unique ID">D09002ee198111dd2</identifier>
</relatedItem>
<identifier type="congressional record citation">164 Cong. Rec. H131</identifier>
<identifier type="uri">https://www.gpo.gov/fdsys/granule/CREC-2018-01-10/CREC-2018-01-10-pt1-PgH131-3</identifier>
<identifier type="former granule identifier">CR10JA18-136</identifier>
<location>
<url access="object in context" displayLabel="Content Detail">https://www.gpo.gov/fdsys/granule/CREC-2018-01-10/CREC-2018-01-10-pt1-PgH131-3/content-detail.html</url>
<url access="raw object" displayLabel="PDF rendition">https://www.gpo.gov/fdsys/pkg/CREC-2018-01-10/pdf/CREC-2018-01-10-pt1-PgH131-3.pdf</url>
<url access="raw object" displayLabel="HTML rendition">https://www.gpo.gov/fdsys/pkg/CREC-2018-01-10/html/CREC-2018-01-10-pt1-PgH131-3.htm</url>
</location>
<physicalDescription>
<extent>2 p.</extent>
</physicalDescription>
<part type="article">
<extent unit="pages">
<start>H131</start>
<end>H132</end>
</extent>
</part>
<name type="corporate">
<namePart>United States</namePart>
<namePart>Congress</namePart>
<namePart>House of Representatives</namePart>
<namePart>Committee on the Judiciary</namePart>
<role>
<roleTerm authority="marcrelator" type="text">associated name</roleTerm>
<roleTerm authority="marcrelator" type="code">asn</roleTerm>
</role>
<description>Government Organization</description>
</name>
<name type="corporate">
<namePart>United States</namePart>
<namePart>Congress</namePart>
<namePart>House of Representatives</namePart>
<namePart>Committee on Agriculture</namePart>
<role>
<roleTerm authority="marcrelator" type="text">associated name</roleTerm>
<roleTerm authority="marcrelator" type="code">asn</roleTerm>
</role>
<description>Government Organization</description>
</name>
<name type="corporate">
<namePart>United States</namePart>
<namePart>Congress</namePart>
<namePart>House of Representatives</namePart>
<namePart>Committee on Financial Services</namePart>
<role>
<roleTerm authority="marcrelator" type="text">associated name</roleTerm>
<roleTerm authority="marcrelator" type="code">asn</roleTerm>
</role>
<description>Government Organization</description>
</name>
<name type="corporate">
<namePart>United States</namePart>
<namePart>Congress</namePart>
<namePart>House of Representatives</namePart>
<namePart>Committee on Small Business</namePart>
<role>
<roleTerm authority="marcrelator" type="text">associated name</roleTerm>
<roleTerm authority="marcrelator" type="code">asn</roleTerm>
</role>
<description>Government Organization</description>
</name>
<name type="corporate">
<namePart>United States</namePart>
<namePart>Congress</namePart>
<namePart>House of Representatives</namePart>
<namePart>Committee on Energy and Commerce</namePart>
<role>
<roleTerm authority="marcrelator" type="text">associated name</roleTerm>
<roleTerm authority="marcrelator" type="code">asn</roleTerm>
</role>
<description>Government Organization</description>
</name>
<name type="corporate">
<namePart>United States</namePart>
<namePart>Congress</namePart>
<namePart>House of Representatives</namePart>
<namePart>Committee on Oversight and Government Reform</namePart>
<role>
<roleTerm authority="marcrelator" type="text">associated name</roleTerm>
<roleTerm authority="marcrelator" type="code">asn</roleTerm>
</role>
<description>Government Organization</description>
</name>
<name type="corporate">
<namePart>United States</namePart>
<namePart>Congress</namePart>
<namePart>House of Representatives</namePart>
<namePart>Committee on Science, Space, and Technology</namePart>
<role>
<roleTerm authority="marcrelator" type="text">associated name</roleTerm>
<roleTerm authority="marcrelator" type="code">asn</roleTerm>
</role>
<description>Government Organization</description>
</name>
<name type="corporate">
<namePart>United States</namePart>
<namePart>Congress</namePart>
<namePart>House of Representatives</namePart>
<namePart>Committee on Foreign Affairs</namePart>
<role>
<roleTerm authority="marcrelator" type="text">associated name</roleTerm>
<roleTerm authority="marcrelator" type="code">asn</roleTerm>
</role>
<description>Government Organization</description>
</name>
<name type="corporate">
<namePart>United States</namePart>
<namePart>Congress</namePart>
<namePart>House of Representatives</namePart>
<namePart>Committee on Education and the Workforce</namePart>
<role>
<roleTerm authority="marcrelator" type="text">associated name</roleTerm>
<roleTerm authority="marcrelator" type="code">asn</roleTerm>
</role>
<description>Government Organization</description>
</name>
<identifier type="preferred citation">164 Cong. Rec. H131</identifier>
<extension>
<searchTitle>PUBLIC BILLS AND RESOLUTIONS; Congressional Record Vol. 164, No. 6</searchTitle>
<granuleClass>HOUSE</granuleClass>
<accessId>CREC-2018-01-10-pt1-PgH131-3</accessId>
<subGranuleClass>HPUBBILLS</subGranuleClass>
<pagePrefix>H</pagePrefix>
<bookNumber>1</bookNumber>
<chamber>HOUSE</chamber>
<granuleDate>2018-01-10</granuleDate>
<time from="18:45:00" to="18:45:00"/>
<bill congress="115" context="OTHER" number="683" type="HRES"/>
<bill congress="115" context="OTHER" number="4750" type="HR"/>
<bill congress="115" context="OTHER" number="4751" type="HR"/>
<bill congress="115" context="OTHER" number="4752" type="HR"/>
<bill congress="115" context="OTHER" number="4753" type="HR"/>
<bill congress="115" context="OTHER" number="4754" type="HR"/>
<bill congress="115" context="OTHER" number="4755" type="HR"/>
<bill congress="115" context="OTHER" number="4756" type="HR"/>
<bill congress="115" context="OTHER" number="4757" type="HR"/>
<bill congress="115" context="OTHER" number="4758" type="HR"/>
<bill congress="115" context="OTHER" number="4759" type="HR"/>
<bill congress="115" context="OTHER" number="4760" type="HR"/>
<bill congress="115" context="OTHER" number="4761" type="HR"/>
<bill congress="115" context="OTHER" number="4762" type="HR"/>
<bill congress="115" context="OTHER" number="4763" type="HR"/>
<bill congress="115" context="OTHER" number="4764" type="HR"/>
<bill congress="115" context="OTHER" number="4765" type="HR"/>
<congCommittee authorityId="hsju00" chamber="H" congress="115" type="S">
<name type="authority-standard">Committee on the Judiciary</name>
<name type="authority-short">Judiciary</name>
</congCommittee>
<congCommittee authorityId="hsag00" chamber="H" congress="115" type="S">
<name type="authority-standard">Committee on Agriculture</name>
<name type="authority-short">Agriculture</name>
</congCommittee>
<congCommittee authorityId="hsba00" chamber="H" congress="115" type="S">
<name type="authority-standard">Committee on Financial Services</name>
<name type="authority-short">Financial Services</name>
</congCommittee>
<congCommittee authorityId="hssm00" chamber="H" congress="115" type="S">
<name type="authority-standard">Committee on Small Business</name>
<name type="authority-short">Small Business</name>
</congCommittee>
<congCommittee authorityId="hsif00" chamber="H" congress="115" type="S">
<name type="authority-standard">Committee on Energy and Commerce</name>
<name type="authority-short">Energy and Commerce</name>
</congCommittee>
<congCommittee authorityId="hsgo00" chamber="H" congress="115" type="S">
<name type="authority-standard">Committee on Oversight and Government Reform</name>
<name type="authority-short">Oversight and Government Reform</name>
</congCommittee>
<congCommittee authorityId="hssy00" chamber="H" congress="115" type="S">
<name type="authority-standard">Committee on Science, Space, and Technology</name>
<name type="authority-short">Science, Space, and Technology</name>
</congCommittee>
<congCommittee authorityId="hsfa00" chamber="H" congress="115" type="S">
<name type="authority-standard">Committee on Foreign Affairs</name>
<name type="authority-short">Foreign Affairs</name>
</congCommittee>
<congCommittee authorityId="hsed00" chamber="H" congress="115" type="S">
<name type="authority-standard">Committee on Education and the Workforce</name>
<name type="authority-short">Education and the Workforce</name>
</congCommittee>
</extension>
<relatedItem type="isReferencedBy">
<titleInfo>
<title>United States House Resolution 683  (115th Congress)</title>
</titleInfo>
<identifier type="Congressional Bill citation">H. Res. 683</identifier>
<extension>
<congress>115</congress>
<context>OTHER</context>
</extension>
</relatedItem>
<relatedItem type="isReferencedBy">
<titleInfo>
<title>United States House Bill 4750  (115th Congress)</title>
</titleInfo>
<identifier type="Congressional Bill citation">H.R. 4750</identifier>
<extension>
<congress>115</congress>
<context>OTHER</context>
</extension>
</relatedItem>
<relatedItem type="isReferencedBy">
<titleInfo>
<title>United States House Bill 4751  (115th Congress)</title>
</titleInfo>
<identifier type="Congressional Bill citation">H.R. 4751</identifier>
<extension>
<congress>115</congress>
<context>OTHER</context>
</extension>
</relatedItem>
<relatedItem type="isReferencedBy">
<titleInfo>
<title>United States House Bill 4752  (115th Congress)</title>
</titleInfo>
<identifier type="Congressional Bill citation">H.R. 4752</identifier>
<extension>
<congress>115</congress>
<context>OTHER</context>
</extension>
</relatedItem>
<relatedItem type="isReferencedBy">
<titleInfo>
<title>United States House Bill 4753  (115th Congress)</title>
</titleInfo>
<identifier type="Congressional Bill citation">H.R. 4753</identifier>
<extension>
<congress>115</congress>
<context>OTHER</context>
</extension>
</relatedItem>
<relatedItem type="isReferencedBy">
<titleInfo>
<title>United States House Bill 4754  (115th Congress)</title>
</titleInfo>
<identifier type="Congressional Bill citation">H.R. 4754</identifier>
<extension>
<congress>115</congress>
<context>OTHER</context>
</extension>
</relatedItem>
<relatedItem type="isReferencedBy">
<titleInfo>
<title>United States House Bill 4755  (115th Congress)</title>
</titleInfo>
<identifier type="Congressional Bill citation">H.R. 4755</identifier>
<extension>
<congress>115</congress>
<context>OTHER</context>
</extension>
</relatedItem>
<relatedItem type="isReferencedBy">
<titleInfo>
<title>United States House Bill 4756  (115th Congress)</title>
</titleInfo>
<identifier type="Congressional Bill citation">H.R. 4756</identifier>
<extension>
<congress>115</congress>
<context>OTHER</context>
</extension>
</relatedItem>
<relatedItem type="isReferencedBy">
<titleInfo>
<title>United States House Bill 4757  (115th Congress)</title>
</titleInfo>
<identifier type="Congressional Bill citation">H.R. 4757</identifier>
<extension>
<congress>115</congress>
<context>OTHER</context>
</extension>
</relatedItem>
<relatedItem type="isReferencedBy">
<titleInfo>
<title>United States House Bill 4758  (115th Congress)</title>
</titleInfo>
<identifier type="Congressional Bill citation">H.R. 4758</identifier>
<extension>
<congress>115</congress>
<context>OTHER</context>
</extension>
</relatedItem>
<relatedItem type="isReferencedBy">
<titleInfo>
<title>United States House Bill 4759  (115th Congress)</title>
</titleInfo>
<identifier type="Congressional Bill citation">H.R. 4759</identifier>
<extension>
<congress>115</congress>
<context>OTHER</context>
</extension>
</relatedItem>
<relatedItem type="isReferencedBy">
<titleInfo>
<title>United States House Bill 4760  (115th Congress)</title>
</titleInfo>
<identifier type="Congressional Bill citation">H.R. 4760</identifier>
<extension>
<congress>115</congress>
<context>OTHER</context>
</extension>
</relatedItem>
<relatedItem type="isReferencedBy">
<titleInfo>
<title>United States House Bill 4761  (115th Congress)</title>
</titleInfo>
<identifier type="Congressional Bill citation">H.R. 4761</identifier>
<extension>
<congress>115</congress>
<context>OTHER</context>
</extension>
</relatedItem>
<relatedItem type="isReferencedBy">
<titleInfo>
<title>United States House Bill 4762  (115th Congress)</title>
</titleInfo>
<identifier type="Congressional Bill citation">H.R. 4762</identifier>
<extension>
<congress>115</congress>
<context>OTHER</context>
</extension>
</relatedItem>
<relatedItem type="isReferencedBy">
<titleInfo>
<title>United States House Bill 4763  (115th Congress)</title>
</titleInfo>
<identifier type="Congressional Bill citation">H.R. 4763</identifier>
<extension>
<congress>115</congress>
<context>OTHER</context>
</extension>
</relatedItem>
<relatedItem type="isReferencedBy">
<titleInfo>
<title>United States House Bill 4764  (115th Congress)</title>
</titleInfo>
<identifier type="Congressional Bill citation">H.R. 4764</identifier>
<extension>
<congress>115</congress>
<context>OTHER</context>
</extension>
</relatedItem>
<relatedItem type="isReferencedBy">
<titleInfo>
<title>United States House Bill 4765  (115th Congress)</title>
</titleInfo>
<identifier type="Congressional Bill citation">H.R. 4765</identifier>
<extension>
<congress>115</congress>
<context>OTHER</context>
</extension>
</relatedItem>
<relatedItem ID="P0b002ee19810bdf6" type="host">
<titleInfo>
<title>Congressional Record</title>
<partNumber>Vol. 164, no. 6</partNumber>
</titleInfo>
<location>
<url access="object in context" displayLabel="Content Detail">https://www.gpo.gov/fdsys/pkg/CREC-2018-01-10/content-detail.html</url>
<url access="raw object" displayLabel="PDF rendition">https://www.gpo.gov/fdsys/pkg/CREC-2018-01-10/pdf/CREC-2018-01-10.pdf</url>
</location>
<part type="issue">
<extent unit="pages">
<start>H85</start>
<end>H133</end>
</extent>
<extent unit="pages">
<start>S113</start>
<end>S142</end>
</extent>
<extent unit="pages">
<start>E21</start>
<end>E31</end>
</extent>
<extent unit="pages">
<start>D25</start>
<end>D30</end>
</extent>
</part>
<originInfo>
<publisher>U.S. Government Publishing Office</publisher>
<dateIssued encoding="w3cdtf">2018-01-10</dateIssued>
<issuance>continuing</issuance>
<frequency authority="marcfrequency">daily</frequency>
</originInfo>
<physicalDescription>
<note type="source content type">deposited</note>
<digitalOrigin>born digital</digitalOrigin>
<extent>192 p.</extent>
</physicalDescription>
<classification authority="sudocs">X 1.1/A:</classification>
<classification authority="sudocs">X/A.</classification>
<identifier type="uri">https://www.gpo.gov/fdsys/pkg/CREC-2018-01-10</identifier>
<identifier type="local">P0b002ee19810bdf6</identifier>
<identifier type="stock number">752-002-00000-2</identifier>
<identifier type="ILS system id">000568013</identifier>
<identifier type="former package identifier">CR10JA18</identifier>
<recordInfo>
<recordContentSource authority="marcorg">DGPO</recordContentSource>
<recordCreationDate encoding="w3cdtf">2018-01-23</recordCreationDate>
<recordChangeDate encoding="w3cdtf">2018-01-23</recordChangeDate>
<recordIdentifier source="DGPO">CREC-2018-01-10</recordIdentifier>
<recordOrigin>machine generated</recordOrigin>
<languageOfCataloging>
<languageTerm authority="iso639-2b" type="code">eng</languageTerm>
</languageOfCataloging>
</recordInfo>
<accessCondition type="GPO scope determination">fdlp</accessCondition>
<extension>
<docClass>CREC</docClass>
<accessId>CREC-2018-01-10</accessId>
<volume>164</volume>
<issue>6</issue>
<congress>115</congress>
<session>2</session>
<bookCount>1</bookCount>
</extension>
</relatedItem>
</mods>