<mods ID="id-CREC-2018-03-07-pt1-PgH1477-12" version="3.3" xmlns="http://www.loc.gov/mods/v3" xmlns:exslt="http://exslt.org/common" xmlns:xlink="http://www.w3.org/1999/xlink" xmlns:xsi="http://www.w3.org/2001/XMLSchema-instance" xsi:schemaLocation="http://www.loc.gov/mods/v3 http://www.loc.gov/standards/mods/v3/mods-3-3.xsd">
<name type="corporate">
<namePart>United States Government Publishing Office</namePart>
<role>
<roleTerm authority="marcrelator" type="text">publisher</roleTerm>
<roleTerm authority="marcrelator" type="code">pbl</roleTerm>
</role>
<role>
<roleTerm authority="marcrelator" type="text">distributor</roleTerm>
<roleTerm authority="marcrelator" type="code">dst</roleTerm>
</role>
</name>
<name type="corporate">
<namePart>United States</namePart>
<namePart>Congress</namePart>
<role>
<roleTerm authority="marcrelator" type="text">author</roleTerm>
<roleTerm authority="marcrelator" type="code">aut</roleTerm>
</role>
<description>Government Organization</description>
</name>
<typeOfResource>text</typeOfResource>
<genre authority="marcgt">government publication</genre>
<language>
<languageTerm authority="iso639-2b" type="code">eng</languageTerm>
</language>
<extension>
<collectionCode>CREC</collectionCode>
<category>Proceedings of Congress and General Congressional Publications</category>
<waisDatabaseName>2018_record</waisDatabaseName>
<branch>legislative</branch>
<dateIngested>2018-03-09</dateIngested>
</extension>
<titleInfo>
<title>ADDITIONAL SPONSORS</title>
<partName>House</partName>
</titleInfo>
<relatedItem type="otherFormat" xlink:href="https://www.gpo.gov/fdsys/pkg/CREC-2018-03-07/html/CREC-2018-03-07-pt1-PgH1477-12.htm">
<identifier type="FDsys Unique ID">D09002ee198f94f37</identifier>
</relatedItem>
<relatedItem type="otherFormat" xlink:href="https://www.gpo.gov/fdsys/pkg/CREC-2018-03-07/pdf/CREC-2018-03-07-pt1-PgH1477-12.pdf">
<identifier type="FDsys Unique ID">D09002ee198f950e9</identifier>
</relatedItem>
<identifier type="congressional record citation">164 Cong. Rec. H1477</identifier>
<identifier type="uri">https://www.gpo.gov/fdsys/granule/CREC-2018-03-07/CREC-2018-03-07-pt1-PgH1477-12</identifier>
<identifier type="former granule identifier">CR07MR18-130</identifier>
<location>
<url access="object in context" displayLabel="Content Detail">https://www.gpo.gov/fdsys/granule/CREC-2018-03-07/CREC-2018-03-07-pt1-PgH1477-12/content-detail.html</url>
<url access="raw object" displayLabel="PDF rendition">https://www.gpo.gov/fdsys/pkg/CREC-2018-03-07/pdf/CREC-2018-03-07-pt1-PgH1477-12.pdf</url>
<url access="raw object" displayLabel="HTML rendition">https://www.gpo.gov/fdsys/pkg/CREC-2018-03-07/html/CREC-2018-03-07-pt1-PgH1477-12.htm</url>
</location>
<physicalDescription>
<extent>2 p.</extent>
</physicalDescription>
<part type="article">
<extent unit="pages">
<start>H1477</start>
<end>H1478</end>
</extent>
</part>
<identifier type="preferred citation">164 Cong. Rec. H1477</identifier>
<extension>
<searchTitle>ADDITIONAL SPONSORS; Congressional Record Vol. 164, No. 40</searchTitle>
<granuleClass>HOUSE</granuleClass>
<accessId>CREC-2018-03-07-pt1-PgH1477-12</accessId>
<subGranuleClass>HADDSPONSORS</subGranuleClass>
<pagePrefix>H</pagePrefix>
<bookNumber>1</bookNumber>
<chamber>HOUSE</chamber>
<granuleDate>2018-03-07</granuleDate>
<time from="17:45:00" to="17:45:00"/>
<bill congress="115" context="OTHER" number="51" type="HR"/>
<bill congress="115" context="OTHER" number="63" type="HCONRES"/>
<bill congress="115" context="OTHER" number="89" type="HCONRES"/>
<bill congress="115" context="OTHER" number="159" type="HR"/>
<bill congress="115" context="OTHER" number="173" type="HR"/>
<bill congress="115" context="OTHER" number="237" type="HR"/>
<bill congress="115" context="OTHER" number="356" type="HRES"/>
<bill congress="115" context="OTHER" number="389" type="HR"/>
<bill congress="115" context="OTHER" number="401" type="HRES"/>
<bill congress="115" context="OTHER" number="411" type="HR"/>
<bill congress="115" context="OTHER" number="504" type="HR"/>
<bill congress="115" context="OTHER" number="644" type="HR"/>
<bill congress="115" context="OTHER" number="667" type="HR"/>
<bill congress="115" context="OTHER" number="721" type="HR"/>
<bill congress="115" context="OTHER" number="754" type="HR"/>
<bill congress="115" context="OTHER" number="757" type="HR"/>
<bill congress="115" context="OTHER" number="788" type="HR"/>
<bill congress="115" context="OTHER" number="809" type="HR"/>
<bill congress="115" context="OTHER" number="842" type="HR"/>
<bill congress="115" context="OTHER" number="911" type="HR"/>
<bill congress="115" context="OTHER" number="930" type="HR"/>
<bill congress="115" context="OTHER" number="947" type="HR"/>
<bill congress="115" context="OTHER" number="959" type="HR"/>
<bill congress="115" context="OTHER" number="964" type="HR"/>
<bill congress="115" context="OTHER" number="1057" type="HR"/>
<bill congress="115" context="OTHER" number="1111" type="HR"/>
<bill congress="115" context="OTHER" number="1221" type="HR"/>
<bill congress="115" context="OTHER" number="1239" type="HR"/>
<bill congress="115" context="OTHER" number="1267" type="HR"/>
<bill congress="115" context="OTHER" number="1357" type="HR"/>
<bill congress="115" context="OTHER" number="1378" type="HR"/>
<bill congress="115" context="OTHER" number="1406" type="HR"/>
<bill congress="115" context="OTHER" number="1424" type="HR"/>
<bill congress="115" context="OTHER" number="1437" type="HR"/>
<bill congress="115" context="OTHER" number="1456" type="HR"/>
<bill congress="115" context="OTHER" number="1478" type="HR"/>
<bill congress="115" context="OTHER" number="1480" type="HR"/>
<bill congress="115" context="OTHER" number="1496" type="HR"/>
<bill congress="115" context="OTHER" number="1519" type="HR"/>
<bill congress="115" context="OTHER" number="1563" type="HR"/>
<bill congress="115" context="OTHER" number="1661" type="HR"/>
<bill congress="115" context="OTHER" number="1802" type="HR"/>
<bill congress="115" context="OTHER" number="1828" type="HR"/>
<bill congress="115" context="OTHER" number="2050" type="HR"/>
<bill congress="115" context="OTHER" number="2232" type="HR"/>
<bill congress="115" context="OTHER" number="2259" type="HR"/>
<bill congress="115" context="OTHER" number="2267" type="HR"/>
<bill congress="115" context="OTHER" number="2293" type="HR"/>
<bill congress="115" context="OTHER" number="2315" type="HR"/>
<bill congress="115" context="OTHER" number="2566" type="HR"/>
<bill congress="115" context="OTHER" number="2567" type="HR"/>
<bill congress="115" context="OTHER" number="2598" type="HR"/>
<bill congress="115" context="OTHER" number="2599" type="HR"/>
<bill congress="115" context="OTHER" number="2881" type="HR"/>
<bill congress="115" context="OTHER" number="2899" type="HR"/>
<bill congress="115" context="OTHER" number="2925" type="HR"/>
<bill congress="115" context="OTHER" number="2942" type="HR"/>
<bill congress="115" context="OTHER" number="2987" type="HR"/>
<bill congress="115" context="OTHER" number="3010" type="HR"/>
<bill congress="115" context="OTHER" number="3030" type="HR"/>
<bill congress="115" context="OTHER" number="3174" type="HR"/>
<bill congress="115" context="OTHER" number="3207" type="HR"/>
<bill congress="115" context="OTHER" number="3274" type="HR"/>
<bill congress="115" context="OTHER" number="3314" type="HR"/>
<bill congress="115" context="OTHER" number="3349" type="HR"/>
<bill congress="115" context="OTHER" number="3600" type="HR"/>
<bill congress="115" context="OTHER" number="3605" type="HR"/>
<bill congress="115" context="OTHER" number="3613" type="HR"/>
<bill congress="115" context="OTHER" number="3635" type="HR"/>
<bill congress="115" context="OTHER" number="3641" type="HR"/>
<bill congress="115" context="OTHER" number="3642" type="HR"/>
<bill congress="115" context="OTHER" number="3714" type="HR"/>
<bill congress="115" context="OTHER" number="3738" type="HR"/>
<bill congress="115" context="OTHER" number="3988" type="HR"/>
<bill congress="115" context="OTHER" number="4022" type="HR"/>
<bill congress="115" context="OTHER" number="4057" type="HR"/>
<bill congress="115" context="OTHER" number="4114" type="HR"/>
<bill congress="115" context="OTHER" number="4115" type="HR"/>
<bill congress="115" context="OTHER" number="4207" type="HR"/>
<bill congress="115" context="OTHER" number="4229" type="HR"/>
<bill congress="115" context="OTHER" number="4238" type="HR"/>
<bill congress="115" context="OTHER" number="4240" type="HR"/>
<bill congress="115" context="OTHER" number="4241" type="HR"/>
<bill congress="115" context="OTHER" number="4253" type="HR"/>
<bill congress="115" context="OTHER" number="4256" type="HR"/>
<bill congress="115" context="OTHER" number="4267" type="HR"/>
<bill congress="115" context="OTHER" number="4287" type="HR"/>
<bill congress="115" context="OTHER" number="4311" type="HR"/>
<bill congress="115" context="OTHER" number="4426" type="HR"/>
<bill congress="115" context="OTHER" number="4525" type="HR"/>
<bill congress="115" context="OTHER" number="4536" type="HR"/>
<bill congress="115" context="OTHER" number="4655" type="HR"/>
<bill congress="115" context="OTHER" number="4657" type="HR"/>
<bill congress="115" context="OTHER" number="4673" type="HR"/>
<bill congress="115" context="OTHER" number="4706" type="HR"/>
<bill congress="115" context="OTHER" number="4733" type="HR"/>
<bill congress="115" context="OTHER" number="4747" type="HR"/>
<bill congress="115" context="OTHER" number="4751" type="HR"/>
<bill congress="115" context="OTHER" number="4775" type="HR"/>
<bill congress="115" context="OTHER" number="4809" type="HR"/>
<bill congress="115" context="OTHER" number="4811" type="HR"/>
<bill congress="115" context="OTHER" number="4815" type="HR"/>
<bill congress="115" context="OTHER" number="4819" type="HR"/>
<bill congress="115" context="OTHER" number="4846" type="HR"/>
<bill congress="115" context="OTHER" number="4854" type="HR"/>
<bill congress="115" context="OTHER" number="4857" type="HR"/>
<bill congress="115" context="OTHER" number="4884" type="HR"/>
<bill congress="115" context="OTHER" number="4909" type="HR"/>
<bill congress="115" context="OTHER" number="4915" type="HR"/>
<bill congress="115" context="OTHER" number="4916" type="HR"/>
<bill congress="115" context="OTHER" number="4929" type="HR"/>
<bill congress="115" context="OTHER" number="4932" type="HR"/>
<bill congress="115" context="OTHER" number="4940" type="HR"/>
<bill congress="115" context="OTHER" number="4949" type="HR"/>
<bill congress="115" context="OTHER" number="4957" type="HR"/>
<bill congress="115" context="OTHER" number="4963" type="HR"/>
<bill congress="115" context="OTHER" number="4973" type="HR"/>
<bill congress="115" context="OTHER" number="5058" type="HR"/>
<bill congress="115" context="OTHER" number="5061" type="HR"/>
<bill congress="115" context="OTHER" number="5062" type="HR"/>
<bill congress="115" context="OTHER" number="5075" type="HR"/>
<bill congress="115" context="OTHER" number="5085" type="HR"/>
<bill congress="115" context="OTHER" number="5090" type="HR"/>
<bill congress="115" context="OTHER" number="5102" type="HR"/>
<bill congress="115" context="OTHER" number="5112" type="HR"/>
<bill congress="115" context="OTHER" number="5114" type="HR"/>
<bill congress="115" context="OTHER" number="5126" type="HR"/>
<bill congress="115" context="OTHER" number="5127" type="HR"/>
<bill congress="115" context="OTHER" number="5133" type="HR"/>
<bill congress="115" context="OTHER" number="5135" type="HR"/>
<bill congress="115" context="OTHER" number="5136" type="HR"/>
<bill congress="115" context="OTHER" number="5171" type="HR"/>
<bill congress="115" context="OTHER" number="5182" type="HR"/>
</extension>
<relatedItem type="isReferencedBy">
<titleInfo>
<title>United States House Bill 51  (115th Congress)</title>
</titleInfo>
<identifier type="Congressional Bill citation">H.R. 51</identifier>
<extension>
<congress>115</congress>
<context>OTHER</context>
</extension>
</relatedItem>
<relatedItem type="isReferencedBy">
<titleInfo>
<title>United States House Concurrent Resolution 63  (115th Congress)</title>
</titleInfo>
<identifier type="Congressional Bill citation">H. Con. Res. 63</identifier>
<extension>
<congress>115</congress>
<context>OTHER</context>
</extension>
</relatedItem>
<relatedItem type="isReferencedBy">
<titleInfo>
<title>United States House Concurrent Resolution 89  (115th Congress)</title>
</titleInfo>
<identifier type="Congressional Bill citation">H. Con. Res. 89</identifier>
<extension>
<congress>115</congress>
<context>OTHER</context>
</extension>
</relatedItem>
<relatedItem type="isReferencedBy">
<titleInfo>
<title>United States House Bill 159  (115th Congress)</title>
</titleInfo>
<identifier type="Congressional Bill citation">H.R. 159</identifier>
<extension>
<congress>115</congress>
<context>OTHER</context>
</extension>
</relatedItem>
<relatedItem type="isReferencedBy">
<titleInfo>
<title>United States House Bill 173  (115th Congress)</title>
</titleInfo>
<identifier type="Congressional Bill citation">H.R. 173</identifier>
<extension>
<congress>115</congress>
<context>OTHER</context>
</extension>
</relatedItem>
<relatedItem type="isReferencedBy">
<titleInfo>
<title>United States House Bill 237  (115th Congress)</title>
</titleInfo>
<identifier type="Congressional Bill citation">H.R. 237</identifier>
<extension>
<congress>115</congress>
<context>OTHER</context>
</extension>
</relatedItem>
<relatedItem type="isReferencedBy">
<titleInfo>
<title>United States House Resolution 356  (115th Congress)</title>
</titleInfo>
<identifier type="Congressional Bill citation">H. Res. 356</identifier>
<extension>
<congress>115</congress>
<context>OTHER</context>
</extension>
</relatedItem>
<relatedItem type="isReferencedBy">
<titleInfo>
<title>United States House Bill 389  (115th Congress)</title>
</titleInfo>
<identifier type="Congressional Bill citation">H.R. 389</identifier>
<extension>
<congress>115</congress>
<context>OTHER</context>
</extension>
</relatedItem>
<relatedItem type="isReferencedBy">
<titleInfo>
<title>United States House Resolution 401  (115th Congress)</title>
</titleInfo>
<identifier type="Congressional Bill citation">H. Res. 401</identifier>
<extension>
<congress>115</congress>
<context>OTHER</context>
</extension>
</relatedItem>
<relatedItem type="isReferencedBy">
<titleInfo>
<title>United States House Bill 411  (115th Congress)</title>
</titleInfo>
<identifier type="Congressional Bill citation">H.R. 411</identifier>
<extension>
<congress>115</congress>
<context>OTHER</context>
</extension>
</relatedItem>
<relatedItem type="isReferencedBy">
<titleInfo>
<title>United States House Bill 504  (115th Congress)</title>
</titleInfo>
<identifier type="Congressional Bill citation">H.R. 504</identifier>
<extension>
<congress>115</congress>
<context>OTHER</context>
</extension>
</relatedItem>
<relatedItem type="isReferencedBy">
<titleInfo>
<title>United States House Bill 644  (115th Congress)</title>
</titleInfo>
<identifier type="Congressional Bill citation">H.R. 644</identifier>
<extension>
<congress>115</congress>
<context>OTHER</context>
</extension>
</relatedItem>
<relatedItem type="isReferencedBy">
<titleInfo>
<title>United States House Bill 667  (115th Congress)</title>
</titleInfo>
<identifier type="Congressional Bill citation">H.R. 667</identifier>
<extension>
<congress>115</congress>
<context>OTHER</context>
</extension>
</relatedItem>
<relatedItem type="isReferencedBy">
<titleInfo>
<title>United States House Bill 721  (115th Congress)</title>
</titleInfo>
<identifier type="Congressional Bill citation">H.R. 721</identifier>
<extension>
<congress>115</congress>
<context>OTHER</context>
</extension>
</relatedItem>
<relatedItem type="isReferencedBy">
<titleInfo>
<title>United States House Bill 754  (115th Congress)</title>
</titleInfo>
<identifier type="Congressional Bill citation">H.R. 754</identifier>
<extension>
<congress>115</congress>
<context>OTHER</context>
</extension>
</relatedItem>
<relatedItem type="isReferencedBy">
<titleInfo>
<title>United States House Bill 757  (115th Congress)</title>
</titleInfo>
<identifier type="Congressional Bill citation">H.R. 757</identifier>
<extension>
<congress>115</congress>
<context>OTHER</context>
</extension>
</relatedItem>
<relatedItem type="isReferencedBy">
<titleInfo>
<title>United States House Bill 788  (115th Congress)</title>
</titleInfo>
<identifier type="Congressional Bill citation">H.R. 788</identifier>
<extension>
<congress>115</congress>
<context>OTHER</context>
</extension>
</relatedItem>
<relatedItem type="isReferencedBy">
<titleInfo>
<title>United States House Bill 809  (115th Congress)</title>
</titleInfo>
<identifier type="Congressional Bill citation">H.R. 809</identifier>
<extension>
<congress>115</congress>
<context>OTHER</context>
</extension>
</relatedItem>
<relatedItem type="isReferencedBy">
<titleInfo>
<title>United States House Bill 842  (115th Congress)</title>
</titleInfo>
<identifier type="Congressional Bill citation">H.R. 842</identifier>
<extension>
<congress>115</congress>
<context>OTHER</context>
</extension>
</relatedItem>
<relatedItem type="isReferencedBy">
<titleInfo>
<title>United States House Bill 911  (115th Congress)</title>
</titleInfo>
<identifier type="Congressional Bill citation">H.R. 911</identifier>
<extension>
<congress>115</congress>
<context>OTHER</context>
</extension>
</relatedItem>
<relatedItem type="isReferencedBy">
<titleInfo>
<title>United States House Bill 930  (115th Congress)</title>
</titleInfo>
<identifier type="Congressional Bill citation">H.R. 930</identifier>
<extension>
<congress>115</congress>
<context>OTHER</context>
</extension>
</relatedItem>
<relatedItem type="isReferencedBy">
<titleInfo>
<title>United States House Bill 947  (115th Congress)</title>
</titleInfo>
<identifier type="Congressional Bill citation">H.R. 947</identifier>
<extension>
<congress>115</congress>
<context>OTHER</context>
</extension>
</relatedItem>
<relatedItem type="isReferencedBy">
<titleInfo>
<title>United States House Bill 959  (115th Congress)</title>
</titleInfo>
<identifier type="Congressional Bill citation">H.R. 959</identifier>
<extension>
<congress>115</congress>
<context>OTHER</context>
</extension>
</relatedItem>
<relatedItem type="isReferencedBy">
<titleInfo>
<title>United States House Bill 964  (115th Congress)</title>
</titleInfo>
<identifier type="Congressional Bill citation">H.R. 964</identifier>
<extension>
<congress>115</congress>
<context>OTHER</context>
</extension>
</relatedItem>
<relatedItem type="isReferencedBy">
<titleInfo>
<title>United States House Bill 1057  (115th Congress)</title>
</titleInfo>
<identifier type="Congressional Bill citation">H.R. 1057</identifier>
<extension>
<congress>115</congress>
<context>OTHER</context>
</extension>
</relatedItem>
<relatedItem type="isReferencedBy">
<titleInfo>
<title>United States House Bill 1111  (115th Congress)</title>
</titleInfo>
<identifier type="Congressional Bill citation">H.R. 1111</identifier>
<extension>
<congress>115</congress>
<context>OTHER</context>
</extension>
</relatedItem>
<relatedItem type="isReferencedBy">
<titleInfo>
<title>United States House Bill 1221  (115th Congress)</title>
</titleInfo>
<identifier type="Congressional Bill citation">H.R. 1221</identifier>
<extension>
<congress>115</congress>
<context>OTHER</context>
</extension>
</relatedItem>
<relatedItem type="isReferencedBy">
<titleInfo>
<title>United States House Bill 1239  (115th Congress)</title>
</titleInfo>
<identifier type="Congressional Bill citation">H.R. 1239</identifier>
<extension>
<congress>115</congress>
<context>OTHER</context>
</extension>
</relatedItem>
<relatedItem type="isReferencedBy">
<titleInfo>
<title>United States House Bill 1267  (115th Congress)</title>
</titleInfo>
<identifier type="Congressional Bill citation">H.R. 1267</identifier>
<extension>
<congress>115</congress>
<context>OTHER</context>
</extension>
</relatedItem>
<relatedItem type="isReferencedBy">
<titleInfo>
<title>United States House Bill 1357  (115th Congress)</title>
</titleInfo>
<identifier type="Congressional Bill citation">H.R. 1357</identifier>
<extension>
<congress>115</congress>
<context>OTHER</context>
</extension>
</relatedItem>
<relatedItem type="isReferencedBy">
<titleInfo>
<title>United States House Bill 1378  (115th Congress)</title>
</titleInfo>
<identifier type="Congressional Bill citation">H.R. 1378</identifier>
<extension>
<congress>115</congress>
<context>OTHER</context>
</extension>
</relatedItem>
<relatedItem type="isReferencedBy">
<titleInfo>
<title>United States House Bill 1406  (115th Congress)</title>
</titleInfo>
<identifier type="Congressional Bill citation">H.R. 1406</identifier>
<extension>
<congress>115</congress>
<context>OTHER</context>
</extension>
</relatedItem>
<relatedItem type="isReferencedBy">
<titleInfo>
<title>United States House Bill 1424  (115th Congress)</title>
</titleInfo>
<identifier type="Congressional Bill citation">H.R. 1424</identifier>
<extension>
<congress>115</congress>
<context>OTHER</context>
</extension>
</relatedItem>
<relatedItem type="isReferencedBy">
<titleInfo>
<title>United States House Bill 1437  (115th Congress)</title>
</titleInfo>
<identifier type="Congressional Bill citation">H.R. 1437</identifier>
<extension>
<congress>115</congress>
<context>OTHER</context>
</extension>
</relatedItem>
<relatedItem type="isReferencedBy">
<titleInfo>
<title>United States House Bill 1456  (115th Congress)</title>
</titleInfo>
<identifier type="Congressional Bill citation">H.R. 1456</identifier>
<extension>
<congress>115</congress>
<context>OTHER</context>
</extension>
</relatedItem>
<relatedItem type="isReferencedBy">
<titleInfo>
<title>United States House Bill 1478  (115th Congress)</title>
</titleInfo>
<identifier type="Congressional Bill citation">H.R. 1478</identifier>
<extension>
<congress>115</congress>
<context>OTHER</context>
</extension>
</relatedItem>
<relatedItem type="isReferencedBy">
<titleInfo>
<title>United States House Bill 1480  (115th Congress)</title>
</titleInfo>
<identifier type="Congressional Bill citation">H.R. 1480</identifier>
<extension>
<congress>115</congress>
<context>OTHER</context>
</extension>
</relatedItem>
<relatedItem type="isReferencedBy">
<titleInfo>
<title>United States House Bill 1496  (115th Congress)</title>
</titleInfo>
<identifier type="Congressional Bill citation">H.R. 1496</identifier>
<extension>
<congress>115</congress>
<context>OTHER</context>
</extension>
</relatedItem>
<relatedItem type="isReferencedBy">
<titleInfo>
<title>United States House Bill 1519  (115th Congress)</title>
</titleInfo>
<identifier type="Congressional Bill citation">H.R. 1519</identifier>
<extension>
<congress>115</congress>
<context>OTHER</context>
</extension>
</relatedItem>
<relatedItem type="isReferencedBy">
<titleInfo>
<title>United States House Bill 1563  (115th Congress)</title>
</titleInfo>
<identifier type="Congressional Bill citation">H.R. 1563</identifier>
<extension>
<congress>115</congress>
<context>OTHER</context>
</extension>
</relatedItem>
<relatedItem type="isReferencedBy">
<titleInfo>
<title>United States House Bill 1661  (115th Congress)</title>
</titleInfo>
<identifier type="Congressional Bill citation">H.R. 1661</identifier>
<extension>
<congress>115</congress>
<context>OTHER</context>
</extension>
</relatedItem>
<relatedItem type="isReferencedBy">
<titleInfo>
<title>United States House Bill 1802  (115th Congress)</title>
</titleInfo>
<identifier type="Congressional Bill citation">H.R. 1802</identifier>
<extension>
<congress>115</congress>
<context>OTHER</context>
</extension>
</relatedItem>
<relatedItem type="isReferencedBy">
<titleInfo>
<title>United States House Bill 1828  (115th Congress)</title>
</titleInfo>
<identifier type="Congressional Bill citation">H.R. 1828</identifier>
<extension>
<congress>115</congress>
<context>OTHER</context>
</extension>
</relatedItem>
<relatedItem type="isReferencedBy">
<titleInfo>
<title>United States House Bill 2050  (115th Congress)</title>
</titleInfo>
<identifier type="Congressional Bill citation">H.R. 2050</identifier>
<extension>
<congress>115</congress>
<context>OTHER</context>
</extension>
</relatedItem>
<relatedItem type="isReferencedBy">
<titleInfo>
<title>United States House Bill 2232  (115th Congress)</title>
</titleInfo>
<identifier type="Congressional Bill citation">H.R. 2232</identifier>
<extension>
<congress>115</congress>
<context>OTHER</context>
</extension>
</relatedItem>
<relatedItem type="isReferencedBy">
<titleInfo>
<title>United States House Bill 2259  (115th Congress)</title>
</titleInfo>
<identifier type="Congressional Bill citation">H.R. 2259</identifier>
<extension>
<congress>115</congress>
<context>OTHER</context>
</extension>
</relatedItem>
<relatedItem type="isReferencedBy">
<titleInfo>
<title>United States House Bill 2267  (115th Congress)</title>
</titleInfo>
<identifier type="Congressional Bill citation">H.R. 2267</identifier>
<extension>
<congress>115</congress>
<context>OTHER</context>
</extension>
</relatedItem>
<relatedItem type="isReferencedBy">
<titleInfo>
<title>United States House Bill 2293  (115th Congress)</title>
</titleInfo>
<identifier type="Congressional Bill citation">H.R. 2293</identifier>
<extension>
<congress>115</congress>
<context>OTHER</context>
</extension>
</relatedItem>
<relatedItem type="isReferencedBy">
<titleInfo>
<title>United States House Bill 2315  (115th Congress)</title>
</titleInfo>
<identifier type="Congressional Bill citation">H.R. 2315</identifier>
<extension>
<congress>115</congress>
<context>OTHER</context>
</extension>
</relatedItem>
<relatedItem type="isReferencedBy">
<titleInfo>
<title>United States House Bill 2566  (115th Congress)</title>
</titleInfo>
<identifier type="Congressional Bill citation">H.R. 2566</identifier>
<extension>
<congress>115</congress>
<context>OTHER</context>
</extension>
</relatedItem>
<relatedItem type="isReferencedBy">
<titleInfo>
<title>United States House Bill 2567  (115th Congress)</title>
</titleInfo>
<identifier type="Congressional Bill citation">H.R. 2567</identifier>
<extension>
<congress>115</congress>
<context>OTHER</context>
</extension>
</relatedItem>
<relatedItem type="isReferencedBy">
<titleInfo>
<title>United States House Bill 2598  (115th Congress)</title>
</titleInfo>
<identifier type="Congressional Bill citation">H.R. 2598</identifier>
<extension>
<congress>115</congress>
<context>OTHER</context>
</extension>
</relatedItem>
<relatedItem type="isReferencedBy">
<titleInfo>
<title>United States House Bill 2599  (115th Congress)</title>
</titleInfo>
<identifier type="Congressional Bill citation">H.R. 2599</identifier>
<extension>
<congress>115</congress>
<context>OTHER</context>
</extension>
</relatedItem>
<relatedItem type="isReferencedBy">
<titleInfo>
<title>United States House Bill 2881  (115th Congress)</title>
</titleInfo>
<identifier type="Congressional Bill citation">H.R. 2881</identifier>
<extension>
<congress>115</congress>
<context>OTHER</context>
</extension>
</relatedItem>
<relatedItem type="isReferencedBy">
<titleInfo>
<title>United States House Bill 2899  (115th Congress)</title>
</titleInfo>
<identifier type="Congressional Bill citation">H.R. 2899</identifier>
<extension>
<congress>115</congress>
<context>OTHER</context>
</extension>
</relatedItem>
<relatedItem type="isReferencedBy">
<titleInfo>
<title>United States House Bill 2925  (115th Congress)</title>
</titleInfo>
<identifier type="Congressional Bill citation">H.R. 2925</identifier>
<extension>
<congress>115</congress>
<context>OTHER</context>
</extension>
</relatedItem>
<relatedItem type="isReferencedBy">
<titleInfo>
<title>United States House Bill 2942  (115th Congress)</title>
</titleInfo>
<identifier type="Congressional Bill citation">H.R. 2942</identifier>
<extension>
<congress>115</congress>
<context>OTHER</context>
</extension>
</relatedItem>
<relatedItem type="isReferencedBy">
<titleInfo>
<title>United States House Bill 2987  (115th Congress)</title>
</titleInfo>
<identifier type="Congressional Bill citation">H.R. 2987</identifier>
<extension>
<congress>115</congress>
<context>OTHER</context>
</extension>
</relatedItem>
<relatedItem type="isReferencedBy">
<titleInfo>
<title>United States House Bill 3010  (115th Congress)</title>
</titleInfo>
<identifier type="Congressional Bill citation">H.R. 3010</identifier>
<extension>
<congress>115</congress>
<context>OTHER</context>
</extension>
</relatedItem>
<relatedItem type="isReferencedBy">
<titleInfo>
<title>United States House Bill 3030  (115th Congress)</title>
</titleInfo>
<identifier type="Congressional Bill citation">H.R. 3030</identifier>
<extension>
<congress>115</congress>
<context>OTHER</context>
</extension>
</relatedItem>
<relatedItem type="isReferencedBy">
<titleInfo>
<title>United States House Bill 3174  (115th Congress)</title>
</titleInfo>
<identifier type="Congressional Bill citation">H.R. 3174</identifier>
<extension>
<congress>115</congress>
<context>OTHER</context>
</extension>
</relatedItem>
<relatedItem type="isReferencedBy">
<titleInfo>
<title>United States House Bill 3207  (115th Congress)</title>
</titleInfo>
<identifier type="Congressional Bill citation">H.R. 3207</identifier>
<extension>
<congress>115</congress>
<context>OTHER</context>
</extension>
</relatedItem>
<relatedItem type="isReferencedBy">
<titleInfo>
<title>United States House Bill 3274  (115th Congress)</title>
</titleInfo>
<identifier type="Congressional Bill citation">H.R. 3274</identifier>
<extension>
<congress>115</congress>
<context>OTHER</context>
</extension>
</relatedItem>
<relatedItem type="isReferencedBy">
<titleInfo>
<title>United States House Bill 3314  (115th Congress)</title>
</titleInfo>
<identifier type="Congressional Bill citation">H.R. 3314</identifier>
<extension>
<congress>115</congress>
<context>OTHER</context>
</extension>
</relatedItem>
<relatedItem type="isReferencedBy">
<titleInfo>
<title>United States House Bill 3349  (115th Congress)</title>
</titleInfo>
<identifier type="Congressional Bill citation">H.R. 3349</identifier>
<extension>
<congress>115</congress>
<context>OTHER</context>
</extension>
</relatedItem>
<relatedItem type="isReferencedBy">
<titleInfo>
<title>United States House Bill 3600  (115th Congress)</title>
</titleInfo>
<identifier type="Congressional Bill citation">H.R. 3600</identifier>
<extension>
<congress>115</congress>
<context>OTHER</context>
</extension>
</relatedItem>
<relatedItem type="isReferencedBy">
<titleInfo>
<title>United States House Bill 3605  (115th Congress)</title>
</titleInfo>
<identifier type="Congressional Bill citation">H.R. 3605</identifier>
<extension>
<congress>115</congress>
<context>OTHER</context>
</extension>
</relatedItem>
<relatedItem type="isReferencedBy">
<titleInfo>
<title>United States House Bill 3613  (115th Congress)</title>
</titleInfo>
<identifier type="Congressional Bill citation">H.R. 3613</identifier>
<extension>
<congress>115</congress>
<context>OTHER</context>
</extension>
</relatedItem>
<relatedItem type="isReferencedBy">
<titleInfo>
<title>United States House Bill 3635  (115th Congress)</title>
</titleInfo>
<identifier type="Congressional Bill citation">H.R. 3635</identifier>
<extension>
<congress>115</congress>
<context>OTHER</context>
</extension>
</relatedItem>
<relatedItem type="isReferencedBy">
<titleInfo>
<title>United States House Bill 3641  (115th Congress)</title>
</titleInfo>
<identifier type="Congressional Bill citation">H.R. 3641</identifier>
<extension>
<congress>115</congress>
<context>OTHER</context>
</extension>
</relatedItem>
<relatedItem type="isReferencedBy">
<titleInfo>
<title>United States House Bill 3642  (115th Congress)</title>
</titleInfo>
<identifier type="Congressional Bill citation">H.R. 3642</identifier>
<extension>
<congress>115</congress>
<context>OTHER</context>
</extension>
</relatedItem>
<relatedItem type="isReferencedBy">
<titleInfo>
<title>United States House Bill 3714  (115th Congress)</title>
</titleInfo>
<identifier type="Congressional Bill citation">H.R. 3714</identifier>
<extension>
<congress>115</congress>
<context>OTHER</context>
</extension>
</relatedItem>
<relatedItem type="isReferencedBy">
<titleInfo>
<title>United States House Bill 3738  (115th Congress)</title>
</titleInfo>
<identifier type="Congressional Bill citation">H.R. 3738</identifier>
<extension>
<congress>115</congress>
<context>OTHER</context>
</extension>
</relatedItem>
<relatedItem type="isReferencedBy">
<titleInfo>
<title>United States House Bill 3988  (115th Congress)</title>
</titleInfo>
<identifier type="Congressional Bill citation">H.R. 3988</identifier>
<extension>
<congress>115</congress>
<context>OTHER</context>
</extension>
</relatedItem>
<relatedItem type="isReferencedBy">
<titleInfo>
<title>United States House Bill 4022  (115th Congress)</title>
</titleInfo>
<identifier type="Congressional Bill citation">H.R. 4022</identifier>
<extension>
<congress>115</congress>
<context>OTHER</context>
</extension>
</relatedItem>
<relatedItem type="isReferencedBy">
<titleInfo>
<title>United States House Bill 4057  (115th Congress)</title>
</titleInfo>
<identifier type="Congressional Bill citation">H.R. 4057</identifier>
<extension>
<congress>115</congress>
<context>OTHER</context>
</extension>
</relatedItem>
<relatedItem type="isReferencedBy">
<titleInfo>
<title>United States House Bill 4114  (115th Congress)</title>
</titleInfo>
<identifier type="Congressional Bill citation">H.R. 4114</identifier>
<extension>
<congress>115</congress>
<context>OTHER</context>
</extension>
</relatedItem>
<relatedItem type="isReferencedBy">
<titleInfo>
<title>United States House Bill 4115  (115th Congress)</title>
</titleInfo>
<identifier type="Congressional Bill citation">H.R. 4115</identifier>
<extension>
<congress>115</congress>
<context>OTHER</context>
</extension>
</relatedItem>
<relatedItem type="isReferencedBy">
<titleInfo>
<title>United States House Bill 4207  (115th Congress)</title>
</titleInfo>
<identifier type="Congressional Bill citation">H.R. 4207</identifier>
<extension>
<congress>115</congress>
<context>OTHER</context>
</extension>
</relatedItem>
<relatedItem type="isReferencedBy">
<titleInfo>
<title>United States House Bill 4229  (115th Congress)</title>
</titleInfo>
<identifier type="Congressional Bill citation">H.R. 4229</identifier>
<extension>
<congress>115</congress>
<context>OTHER</context>
</extension>
</relatedItem>
<relatedItem type="isReferencedBy">
<titleInfo>
<title>United States House Bill 4238  (115th Congress)</title>
</titleInfo>
<identifier type="Congressional Bill citation">H.R. 4238</identifier>
<extension>
<congress>115</congress>
<context>OTHER</context>
</extension>
</relatedItem>
<relatedItem type="isReferencedBy">
<titleInfo>
<title>United States House Bill 4240  (115th Congress)</title>
</titleInfo>
<identifier type="Congressional Bill citation">H.R. 4240</identifier>
<extension>
<congress>115</congress>
<context>OTHER</context>
</extension>
</relatedItem>
<relatedItem type="isReferencedBy">
<titleInfo>
<title>United States House Bill 4241  (115th Congress)</title>
</titleInfo>
<identifier type="Congressional Bill citation">H.R. 4241</identifier>
<extension>
<congress>115</congress>
<context>OTHER</context>
</extension>
</relatedItem>
<relatedItem type="isReferencedBy">
<titleInfo>
<title>United States House Bill 4253  (115th Congress)</title>
</titleInfo>
<identifier type="Congressional Bill citation">H.R. 4253</identifier>
<extension>
<congress>115</congress>
<context>OTHER</context>
</extension>
</relatedItem>
<relatedItem type="isReferencedBy">
<titleInfo>
<title>United States House Bill 4256  (115th Congress)</title>
</titleInfo>
<identifier type="Congressional Bill citation">H.R. 4256</identifier>
<extension>
<congress>115</congress>
<context>OTHER</context>
</extension>
</relatedItem>
<relatedItem type="isReferencedBy">
<titleInfo>
<title>United States House Bill 4267  (115th Congress)</title>
</titleInfo>
<identifier type="Congressional Bill citation">H.R. 4267</identifier>
<extension>
<congress>115</congress>
<context>OTHER</context>
</extension>
</relatedItem>
<relatedItem type="isReferencedBy">
<titleInfo>
<title>United States House Bill 4287  (115th Congress)</title>
</titleInfo>
<identifier type="Congressional Bill citation">H.R. 4287</identifier>
<extension>
<congress>115</congress>
<context>OTHER</context>
</extension>
</relatedItem>
<relatedItem type="isReferencedBy">
<titleInfo>
<title>United States House Bill 4311  (115th Congress)</title>
</titleInfo>
<identifier type="Congressional Bill citation">H.R. 4311</identifier>
<extension>
<congress>115</congress>
<context>OTHER</context>
</extension>
</relatedItem>
<relatedItem type="isReferencedBy">
<titleInfo>
<title>United States House Bill 4426  (115th Congress)</title>
</titleInfo>
<identifier type="Congressional Bill citation">H.R. 4426</identifier>
<extension>
<congress>115</congress>
<context>OTHER</context>
</extension>
</relatedItem>
<relatedItem type="isReferencedBy">
<titleInfo>
<title>United States House Bill 4525  (115th Congress)</title>
</titleInfo>
<identifier type="Congressional Bill citation">H.R. 4525</identifier>
<extension>
<congress>115</congress>
<context>OTHER</context>
</extension>
</relatedItem>
<relatedItem type="isReferencedBy">
<titleInfo>
<title>United States House Bill 4536  (115th Congress)</title>
</titleInfo>
<identifier type="Congressional Bill citation">H.R. 4536</identifier>
<extension>
<congress>115</congress>
<context>OTHER</context>
</extension>
</relatedItem>
<relatedItem type="isReferencedBy">
<titleInfo>
<title>United States House Bill 4655  (115th Congress)</title>
</titleInfo>
<identifier type="Congressional Bill citation">H.R. 4655</identifier>
<extension>
<congress>115</congress>
<context>OTHER</context>
</extension>
</relatedItem>
<relatedItem type="isReferencedBy">
<titleInfo>
<title>United States House Bill 4657  (115th Congress)</title>
</titleInfo>
<identifier type="Congressional Bill citation">H.R. 4657</identifier>
<extension>
<congress>115</congress>
<context>OTHER</context>
</extension>
</relatedItem>
<relatedItem type="isReferencedBy">
<titleInfo>
<title>United States House Bill 4673  (115th Congress)</title>
</titleInfo>
<identifier type="Congressional Bill citation">H.R. 4673</identifier>
<extension>
<congress>115</congress>
<context>OTHER</context>
</extension>
</relatedItem>
<relatedItem type="isReferencedBy">
<titleInfo>
<title>United States House Bill 4706  (115th Congress)</title>
</titleInfo>
<identifier type="Congressional Bill citation">H.R. 4706</identifier>
<extension>
<congress>115</congress>
<context>OTHER</context>
</extension>
</relatedItem>
<relatedItem type="isReferencedBy">
<titleInfo>
<title>United States House Bill 4733  (115th Congress)</title>
</titleInfo>
<identifier type="Congressional Bill citation">H.R. 4733</identifier>
<extension>
<congress>115</congress>
<context>OTHER</context>
</extension>
</relatedItem>
<relatedItem type="isReferencedBy">
<titleInfo>
<title>United States House Bill 4747  (115th Congress)</title>
</titleInfo>
<identifier type="Congressional Bill citation">H.R. 4747</identifier>
<extension>
<congress>115</congress>
<context>OTHER</context>
</extension>
</relatedItem>
<relatedItem type="isReferencedBy">
<titleInfo>
<title>United States House Bill 4751  (115th Congress)</title>
</titleInfo>
<identifier type="Congressional Bill citation">H.R. 4751</identifier>
<extension>
<congress>115</congress>
<context>OTHER</context>
</extension>
</relatedItem>
<relatedItem type="isReferencedBy">
<titleInfo>
<title>United States House Bill 4775  (115th Congress)</title>
</titleInfo>
<identifier type="Congressional Bill citation">H.R. 4775</identifier>
<extension>
<congress>115</congress>
<context>OTHER</context>
</extension>
</relatedItem>
<relatedItem type="isReferencedBy">
<titleInfo>
<title>United States House Bill 4809  (115th Congress)</title>
</titleInfo>
<identifier type="Congressional Bill citation">H.R. 4809</identifier>
<extension>
<congress>115</congress>
<context>OTHER</context>
</extension>
</relatedItem>
<relatedItem type="isReferencedBy">
<titleInfo>
<title>United States House Bill 4811  (115th Congress)</title>
</titleInfo>
<identifier type="Congressional Bill citation">H.R. 4811</identifier>
<extension>
<congress>115</congress>
<context>OTHER</context>
</extension>
</relatedItem>
<relatedItem type="isReferencedBy">
<titleInfo>
<title>United States House Bill 4815  (115th Congress)</title>
</titleInfo>
<identifier type="Congressional Bill citation">H.R. 4815</identifier>
<extension>
<congress>115</congress>
<context>OTHER</context>
</extension>
</relatedItem>
<relatedItem type="isReferencedBy">
<titleInfo>
<title>United States House Bill 4819  (115th Congress)</title>
</titleInfo>
<identifier type="Congressional Bill citation">H.R. 4819</identifier>
<extension>
<congress>115</congress>
<context>OTHER</context>
</extension>
</relatedItem>
<relatedItem type="isReferencedBy">
<titleInfo>
<title>United States House Bill 4846  (115th Congress)</title>
</titleInfo>
<identifier type="Congressional Bill citation">H.R. 4846</identifier>
<extension>
<congress>115</congress>
<context>OTHER</context>
</extension>
</relatedItem>
<relatedItem type="isReferencedBy">
<titleInfo>
<title>United States House Bill 4854  (115th Congress)</title>
</titleInfo>
<identifier type="Congressional Bill citation">H.R. 4854</identifier>
<extension>
<congress>115</congress>
<context>OTHER</context>
</extension>
</relatedItem>
<relatedItem type="isReferencedBy">
<titleInfo>
<title>United States House Bill 4857  (115th Congress)</title>
</titleInfo>
<identifier type="Congressional Bill citation">H.R. 4857</identifier>
<extension>
<congress>115</congress>
<context>OTHER</context>
</extension>
</relatedItem>
<relatedItem type="isReferencedBy">
<titleInfo>
<title>United States House Bill 4884  (115th Congress)</title>
</titleInfo>
<identifier type="Congressional Bill citation">H.R. 4884</identifier>
<extension>
<congress>115</congress>
<context>OTHER</context>
</extension>
</relatedItem>
<relatedItem type="isReferencedBy">
<titleInfo>
<title>United States House Bill 4909  (115th Congress)</title>
</titleInfo>
<identifier type="Congressional Bill citation">H.R. 4909</identifier>
<extension>
<congress>115</congress>
<context>OTHER</context>
</extension>
</relatedItem>
<relatedItem type="isReferencedBy">
<titleInfo>
<title>United States House Bill 4915  (115th Congress)</title>
</titleInfo>
<identifier type="Congressional Bill citation">H.R. 4915</identifier>
<extension>
<congress>115</congress>
<context>OTHER</context>
</extension>
</relatedItem>
<relatedItem type="isReferencedBy">
<titleInfo>
<title>United States House Bill 4916  (115th Congress)</title>
</titleInfo>
<identifier type="Congressional Bill citation">H.R. 4916</identifier>
<extension>
<congress>115</congress>
<context>OTHER</context>
</extension>
</relatedItem>
<relatedItem type="isReferencedBy">
<titleInfo>
<title>United States House Bill 4929  (115th Congress)</title>
</titleInfo>
<identifier type="Congressional Bill citation">H.R. 4929</identifier>
<extension>
<congress>115</congress>
<context>OTHER</context>
</extension>
</relatedItem>
<relatedItem type="isReferencedBy">
<titleInfo>
<title>United States House Bill 4932  (115th Congress)</title>
</titleInfo>
<identifier type="Congressional Bill citation">H.R. 4932</identifier>
<extension>
<congress>115</congress>
<context>OTHER</context>
</extension>
</relatedItem>
<relatedItem type="isReferencedBy">
<titleInfo>
<title>United States House Bill 4940  (115th Congress)</title>
</titleInfo>
<identifier type="Congressional Bill citation">H.R. 4940</identifier>
<extension>
<congress>115</congress>
<context>OTHER</context>
</extension>
</relatedItem>
<relatedItem type="isReferencedBy">
<titleInfo>
<title>United States House Bill 4949  (115th Congress)</title>
</titleInfo>
<identifier type="Congressional Bill citation">H.R. 4949</identifier>
<extension>
<congress>115</congress>
<context>OTHER</context>
</extension>
</relatedItem>
<relatedItem type="isReferencedBy">
<titleInfo>
<title>United States House Bill 4957  (115th Congress)</title>
</titleInfo>
<identifier type="Congressional Bill citation">H.R. 4957</identifier>
<extension>
<congress>115</congress>
<context>OTHER</context>
</extension>
</relatedItem>
<relatedItem type="isReferencedBy">
<titleInfo>
<title>United States House Bill 4963  (115th Congress)</title>
</titleInfo>
<identifier type="Congressional Bill citation">H.R. 4963</identifier>
<extension>
<congress>115</congress>
<context>OTHER</context>
</extension>
</relatedItem>
<relatedItem type="isReferencedBy">
<titleInfo>
<title>United States House Bill 4973  (115th Congress)</title>
</titleInfo>
<identifier type="Congressional Bill citation">H.R. 4973</identifier>
<extension>
<congress>115</congress>
<context>OTHER</context>
</extension>
</relatedItem>
<relatedItem type="isReferencedBy">
<titleInfo>
<title>United States House Bill 5058  (115th Congress)</title>
</titleInfo>
<identifier type="Congressional Bill citation">H.R. 5058</identifier>
<extension>
<congress>115</congress>
<context>OTHER</context>
</extension>
</relatedItem>
<relatedItem type="isReferencedBy">
<titleInfo>
<title>United States House Bill 5061  (115th Congress)</title>
</titleInfo>
<identifier type="Congressional Bill citation">H.R. 5061</identifier>
<extension>
<congress>115</congress>
<context>OTHER</context>
</extension>
</relatedItem>
<relatedItem type="isReferencedBy">
<titleInfo>
<title>United States House Bill 5062  (115th Congress)</title>
</titleInfo>
<identifier type="Congressional Bill citation">H.R. 5062</identifier>
<extension>
<congress>115</congress>
<context>OTHER</context>
</extension>
</relatedItem>
<relatedItem type="isReferencedBy">
<titleInfo>
<title>United States House Bill 5075  (115th Congress)</title>
</titleInfo>
<identifier type="Congressional Bill citation">H.R. 5075</identifier>
<extension>
<congress>115</congress>
<context>OTHER</context>
</extension>
</relatedItem>
<relatedItem type="isReferencedBy">
<titleInfo>
<title>United States House Bill 5085  (115th Congress)</title>
</titleInfo>
<identifier type="Congressional Bill citation">H.R. 5085</identifier>
<extension>
<congress>115</congress>
<context>OTHER</context>
</extension>
</relatedItem>
<relatedItem type="isReferencedBy">
<titleInfo>
<title>United States House Bill 5090  (115th Congress)</title>
</titleInfo>
<identifier type="Congressional Bill citation">H.R. 5090</identifier>
<extension>
<congress>115</congress>
<context>OTHER</context>
</extension>
</relatedItem>
<relatedItem type="isReferencedBy">
<titleInfo>
<title>United States House Bill 5102  (115th Congress)</title>
</titleInfo>
<identifier type="Congressional Bill citation">H.R. 5102</identifier>
<extension>
<congress>115</congress>
<context>OTHER</context>
</extension>
</relatedItem>
<relatedItem type="isReferencedBy">
<titleInfo>
<title>United States House Bill 5112  (115th Congress)</title>
</titleInfo>
<identifier type="Congressional Bill citation">H.R. 5112</identifier>
<extension>
<congress>115</congress>
<context>OTHER</context>
</extension>
</relatedItem>
<relatedItem type="isReferencedBy">
<titleInfo>
<title>United States House Bill 5114  (115th Congress)</title>
</titleInfo>
<identifier type="Congressional Bill citation">H.R. 5114</identifier>
<extension>
<congress>115</congress>
<context>OTHER</context>
</extension>
</relatedItem>
<relatedItem type="isReferencedBy">
<titleInfo>
<title>United States House Bill 5126  (115th Congress)</title>
</titleInfo>
<identifier type="Congressional Bill citation">H.R. 5126</identifier>
<extension>
<congress>115</congress>
<context>OTHER</context>
</extension>
</relatedItem>
<relatedItem type="isReferencedBy">
<titleInfo>
<title>United States House Bill 5127  (115th Congress)</title>
</titleInfo>
<identifier type="Congressional Bill citation">H.R. 5127</identifier>
<extension>
<congress>115</congress>
<context>OTHER</context>
</extension>
</relatedItem>
<relatedItem type="isReferencedBy">
<titleInfo>
<title>United States House Bill 5133  (115th Congress)</title>
</titleInfo>
<identifier type="Congressional Bill citation">H.R. 5133</identifier>
<extension>
<congress>115</congress>
<context>OTHER</context>
</extension>
</relatedItem>
<relatedItem type="isReferencedBy">
<titleInfo>
<title>United States House Bill 5135  (115th Congress)</title>
</titleInfo>
<identifier type="Congressional Bill citation">H.R. 5135</identifier>
<extension>
<congress>115</congress>
<context>OTHER</context>
</extension>
</relatedItem>
<relatedItem type="isReferencedBy">
<titleInfo>
<title>United States House Bill 5136  (115th Congress)</title>
</titleInfo>
<identifier type="Congressional Bill citation">H.R. 5136</identifier>
<extension>
<congress>115</congress>
<context>OTHER</context>
</extension>
</relatedItem>
<relatedItem type="isReferencedBy">
<titleInfo>
<title>United States House Bill 5171  (115th Congress)</title>
</titleInfo>
<identifier type="Congressional Bill citation">H.R. 5171</identifier>
<extension>
<congress>115</congress>
<context>OTHER</context>
</extension>
</relatedItem>
<relatedItem type="isReferencedBy">
<titleInfo>
<title>United States House Bill 5182  (115th Congress)</title>
</titleInfo>
<identifier type="Congressional Bill citation">H.R. 5182</identifier>
<extension>
<congress>115</congress>
<context>OTHER</context>
</extension>
</relatedItem>
<relatedItem ID="P0b002ee198be80e0" type="host">
<titleInfo>
<title>Congressional Record</title>
<partNumber>Vol. 164, no. 40</partNumber>
</titleInfo>
<location>
<url access="object in context" displayLabel="Content Detail">https://www.gpo.gov/fdsys/pkg/CREC-2018-03-07/content-detail.html</url>
<url access="raw object" displayLabel="PDF rendition">https://www.gpo.gov/fdsys/pkg/CREC-2018-03-07/pdf/CREC-2018-03-07.pdf</url>
</location>
<part type="issue">
<extent unit="pages">
<start>H1445</start>
<end>H1478</end>
</extent>
<extent unit="pages">
<start>S1405</start>
<end>S1527</end>
</extent>
<extent unit="pages">
<start>E269</start>
<end>E277</end>
</extent>
<extent unit="pages">
<start>D234</start>
<end>D242</end>
</extent>
</part>
<originInfo>
<publisher>U.S. Government Publishing Office</publisher>
<dateIssued encoding="w3cdtf">2018-03-07</dateIssued>
<issuance>continuing</issuance>
<frequency authority="marcfrequency">daily</frequency>
</originInfo>
<physicalDescription>
<note type="source content type">deposited</note>
<digitalOrigin>born digital</digitalOrigin>
<extent>350 p.</extent>
</physicalDescription>
<classification authority="sudocs">X 1.1/A:</classification>
<classification authority="sudocs">X/A.</classification>
<identifier type="uri">https://www.gpo.gov/fdsys/pkg/CREC-2018-03-07</identifier>
<identifier type="local">P0b002ee198be80e0</identifier>
<identifier type="stock number">752-002-00000-2</identifier>
<identifier type="ILS system id">000568013</identifier>
<identifier type="former package identifier">CR07MR18</identifier>
<recordInfo>
<recordContentSource authority="marcorg">DGPO</recordContentSource>
<recordCreationDate encoding="w3cdtf">2018-03-09</recordCreationDate>
<recordChangeDate encoding="w3cdtf">2018-03-09</recordChangeDate>
<recordIdentifier source="DGPO">CREC-2018-03-07</recordIdentifier>
<recordOrigin>machine generated</recordOrigin>
<languageOfCataloging>
<languageTerm authority="iso639-2b" type="code">eng</languageTerm>
</languageOfCataloging>
</recordInfo>
<accessCondition type="GPO scope determination">fdlp</accessCondition>
<extension>
<docClass>CREC</docClass>
<accessId>CREC-2018-03-07</accessId>
<volume>164</volume>
<issue>40</issue>
<congress>115</congress>
<session>2</session>
<bookCount>1</bookCount>
</extension>
</relatedItem>
</mods>