<mods ID="id-CREC-2018-04-10-pt1-PgS2029" version="3.3" xmlns="http://www.loc.gov/mods/v3" xmlns:exslt="http://exslt.org/common" xmlns:xlink="http://www.w3.org/1999/xlink" xmlns:xsi="http://www.w3.org/2001/XMLSchema-instance" xsi:schemaLocation="http://www.loc.gov/mods/v3 http://www.loc.gov/standards/mods/v3/mods-3-3.xsd">
<name type="corporate">
<namePart>United States Government Publishing Office</namePart>
<role>
<roleTerm authority="marcrelator" type="text">publisher</roleTerm>
<roleTerm authority="marcrelator" type="code">pbl</roleTerm>
</role>
<role>
<roleTerm authority="marcrelator" type="text">distributor</roleTerm>
<roleTerm authority="marcrelator" type="code">dst</roleTerm>
</role>
</name>
<name type="corporate">
<namePart>United States</namePart>
<namePart>Congress</namePart>
<role>
<roleTerm authority="marcrelator" type="text">author</roleTerm>
<roleTerm authority="marcrelator" type="code">aut</roleTerm>
</role>
<description>Government Organization</description>
</name>
<typeOfResource>text</typeOfResource>
<genre authority="marcgt">government publication</genre>
<language>
<languageTerm authority="iso639-2b" type="code">eng</languageTerm>
</language>
<extension>
<collectionCode>CREC</collectionCode>
<category>Proceedings of Congress and General Congressional Publications</category>
<waisDatabaseName>2018_record</waisDatabaseName>
<branch>legislative</branch>
<dateIngested>2018-04-12</dateIngested>
</extension>
<titleInfo>
<title>EXECUTIVE CALENDAR</title>
<partName>Senate</partName>
</titleInfo>
<relatedItem type="otherFormat" xlink:href="https://www.gpo.gov/fdsys/pkg/CREC-2018-04-10/html/CREC-2018-04-10-pt1-PgS2029.htm">
<identifier type="FDsys Unique ID">D09002ee19a044815</identifier>
</relatedItem>
<relatedItem type="otherFormat" xlink:href="https://www.gpo.gov/fdsys/pkg/CREC-2018-04-10/pdf/CREC-2018-04-10-pt1-PgS2029.pdf">
<identifier type="FDsys Unique ID">D09002ee19a0448c0</identifier>
</relatedItem>
<identifier type="congressional record citation">164 Cong. Rec. S2029</identifier>
<identifier type="uri">https://www.gpo.gov/fdsys/granule/CREC-2018-04-10/CREC-2018-04-10-pt1-PgS2029</identifier>
<identifier type="former granule identifier">CR10AP18-172</identifier>
<location>
<url access="object in context" displayLabel="Content Detail">https://www.gpo.gov/fdsys/granule/CREC-2018-04-10/CREC-2018-04-10-pt1-PgS2029/content-detail.html</url>
<url access="raw object" displayLabel="PDF rendition">https://www.gpo.gov/fdsys/pkg/CREC-2018-04-10/pdf/CREC-2018-04-10-pt1-PgS2029.pdf</url>
<url access="raw object" displayLabel="HTML rendition">https://www.gpo.gov/fdsys/pkg/CREC-2018-04-10/html/CREC-2018-04-10-pt1-PgS2029.htm</url>
</location>
<physicalDescription>
<extent>4 p.</extent>
</physicalDescription>
<part type="article">
<extent unit="pages">
<start>S2029</start>
<end>S2032</end>
</extent>
</part>
<name type="personal">
<namePart>Patty Murray</namePart>
<affiliation>United States Senate</affiliation>
<role>
<roleTerm type="text">speaking</roleTerm>
</role>
<description>United States Congress Member</description>
</name>
<name type="personal">
<namePart>Sheldon Whitehouse</namePart>
<affiliation>United States Senate</affiliation>
<role>
<roleTerm type="text">speaking</roleTerm>
</role>
<description>United States Congress Member</description>
</name>
<name type="personal">
<namePart>Sherrod Brown</namePart>
<affiliation>United States Senate</affiliation>
<role>
<roleTerm type="text">speaking</roleTerm>
</role>
<description>United States Congress Member</description>
</name>
<name type="personal">
<namePart>Mitch McConnell</namePart>
<affiliation>United States Senate</affiliation>
<role>
<roleTerm type="text">speaking</roleTerm>
</role>
<description>United States Congress Member</description>
</name>
<identifier type="preferred citation">164 Cong. Rec. S2029</identifier>
<extension>
<searchTitle>EXECUTIVE CALENDAR; Congressional Record Vol. 164, No. 57</searchTitle>
<granuleClass>SENATE</granuleClass>
<accessId>CREC-2018-04-10-pt1-PgS2029</accessId>
<subGranuleClass>SEXECCAL</subGranuleClass>
<pagePrefix>S</pagePrefix>
<bookNumber>1</bookNumber>
<chamber>SENATE</chamber>
<granuleDate>2018-04-10</granuleDate>
<congMember authorityId="1409" bioGuideId="M001111" chamber="S" congress="115" gpoId="8237" party="D" role="SPEAKING" state="WA">
<name type="parsed">Mrs. MURRAY</name>
<name type="authority-fnf">Patty Murray</name>
<name type="authority-lnf">Murray, Patty</name>
</congMember>
<congMember authorityId="1823" bioGuideId="W000802" chamber="S" congress="115" gpoId="8264" party="D" role="SPEAKING" state="RI">
<name type="parsed">Mr. WHITEHOUSE</name>
<name type="authority-fnf">Sheldon Whitehouse</name>
<name type="authority-lnf">Whitehouse, Sheldon</name>
</congMember>
<congMember authorityId="136" bioGuideId="B000944" chamber="S" congress="115" gpoId="8309" party="D" role="SPEAKING" state="OH">
<name type="parsed">Mr. BROWN</name>
<name type="authority-fnf">Sherrod Brown</name>
<name type="authority-lnf">Brown, Sherrod</name>
</congMember>
<congMember authorityId="1395" bioGuideId="M000355" chamber="S" congress="115" gpoId="8254" party="R" role="SPEAKING" state="KY">
<name type="parsed">Mr. McCONNELL</name>
<name type="authority-fnf">Mitch McConnell</name>
<name type="authority-lnf">McConnell, Mitch</name>
</congMember>
</extension>
<relatedItem ID="P0b002ee19a044735" type="host">
<titleInfo>
<title>Congressional Record</title>
<partNumber>Vol. 164, no. 57</partNumber>
</titleInfo>
<location>
<url access="object in context" displayLabel="Content Detail">https://www.gpo.gov/fdsys/pkg/CREC-2018-04-10/content-detail.html</url>
<url access="raw object" displayLabel="PDF rendition">https://www.gpo.gov/fdsys/pkg/CREC-2018-04-10/pdf/CREC-2018-04-10.pdf</url>
</location>
<part type="issue">
<extent unit="pages">
<start>H3065</start>
<end>H3097</end>
</extent>
<extent unit="pages">
<start>S2021</start>
<end>S2045</end>
</extent>
<extent unit="pages">
<start>E409</start>
<end>E428</end>
</extent>
<extent unit="pages">
<start>D360</start>
<end>D366</end>
</extent>
</part>
<originInfo>
<publisher>U.S. Government Publishing Office</publisher>
<dateIssued encoding="w3cdtf">2018-04-10</dateIssued>
<issuance>continuing</issuance>
<frequency authority="marcfrequency">daily</frequency>
</originInfo>
<physicalDescription>
<note type="source content type">deposited</note>
<digitalOrigin>born digital</digitalOrigin>
<extent>170 p.</extent>
</physicalDescription>
<classification authority="sudocs">X 1.1/A:</classification>
<classification authority="sudocs">X/A.</classification>
<identifier type="uri">https://www.gpo.gov/fdsys/pkg/CREC-2018-04-10</identifier>
<identifier type="local">P0b002ee19a044735</identifier>
<identifier type="stock number">752-002-00000-2</identifier>
<identifier type="ILS system id">000568013</identifier>
<identifier type="former package identifier">CR10AP18</identifier>
<recordInfo>
<recordContentSource authority="marcorg">DGPO</recordContentSource>
<recordCreationDate encoding="w3cdtf">2018-04-12</recordCreationDate>
<recordChangeDate encoding="w3cdtf">2018-04-12</recordChangeDate>
<recordIdentifier source="DGPO">CREC-2018-04-10</recordIdentifier>
<recordOrigin>machine generated</recordOrigin>
<languageOfCataloging>
<languageTerm authority="iso639-2b" type="code">eng</languageTerm>
</languageOfCataloging>
</recordInfo>
<accessCondition type="GPO scope determination">fdlp</accessCondition>
<extension>
<docClass>CREC</docClass>
<accessId>CREC-2018-04-10</accessId>
<volume>164</volume>
<issue>57</issue>
<congress>115</congress>
<session>2</session>
<bookCount>1</bookCount>
</extension>
</relatedItem>
</mods>