<mods ID="id-CREC-2018-01-17-pt1-PgS251-3" version="3.3" xmlns="http://www.loc.gov/mods/v3" xmlns:exslt="http://exslt.org/common" xmlns:xlink="http://www.w3.org/1999/xlink" xmlns:xsi="http://www.w3.org/2001/XMLSchema-instance" xsi:schemaLocation="http://www.loc.gov/mods/v3 http://www.loc.gov/standards/mods/v3/mods-3-3.xsd">
<name type="corporate">
<namePart>United States Government Publishing Office</namePart>
<role>
<roleTerm authority="marcrelator" type="text">publisher</roleTerm>
<roleTerm authority="marcrelator" type="code">pbl</roleTerm>
</role>
<role>
<roleTerm authority="marcrelator" type="text">distributor</roleTerm>
<roleTerm authority="marcrelator" type="code">dst</roleTerm>
</role>
</name>
<name type="corporate">
<namePart>United States</namePart>
<namePart>Congress</namePart>
<role>
<roleTerm authority="marcrelator" type="text">author</roleTerm>
<roleTerm authority="marcrelator" type="code">aut</roleTerm>
</role>
<description>Government Organization</description>
</name>
<typeOfResource>text</typeOfResource>
<genre authority="marcgt">government publication</genre>
<language>
<languageTerm authority="iso639-2b" type="code">eng</languageTerm>
</language>
<extension>
<collectionCode>CREC</collectionCode>
<category>Proceedings of Congress and General Congressional Publications</category>
<waisDatabaseName>2018_record</waisDatabaseName>
<branch>legislative</branch>
<dateIngested>2018-01-18</dateIngested>
</extension>
<titleInfo>
<title>EXECUTIVE AND OTHER COMMUNICATIONS</title>
<partName>Senate</partName>
</titleInfo>
<relatedItem type="otherFormat" xlink:href="https://www.gpo.gov/fdsys/pkg/CREC-2018-01-17/html/CREC-2018-01-17-pt1-PgS251-3.htm">
<identifier type="FDsys Unique ID">D09002ee198076323</identifier>
</relatedItem>
<relatedItem type="otherFormat" xlink:href="https://www.gpo.gov/fdsys/pkg/CREC-2018-01-17/pdf/CREC-2018-01-17-pt1-PgS251-3.pdf">
<identifier type="FDsys Unique ID">D09002ee1980763f4</identifier>
</relatedItem>
<identifier type="congressional record citation">164 Cong. Rec. S251</identifier>
<identifier type="uri">https://www.gpo.gov/fdsys/granule/CREC-2018-01-17/CREC-2018-01-17-pt1-PgS251-3</identifier>
<identifier type="former granule identifier">cr17ja18-161</identifier>
<identifier type="Regulation ID Number">RIN 0720-AB70</identifier>
<identifier type="Regulation ID Number">RIN 3235- AL41</identifier>
<identifier type="Regulation ID Number">RIN 3235- AM02</identifier>
<identifier type="Regulation ID Number">RIN 2577-AJ36</identifier>
<identifier type="Regulation ID Number">RIN 1557-AE30</identifier>
<identifier type="Regulation ID Number">RIN 1024-AE42</identifier>
<identifier type="Regulation ID Number">RIN 1901-AB40</identifier>
<identifier type="Regulation ID Number">RIN 1024-AE42</identifier>
<identifier type="Regulation ID Number">RIN 1004-AE52</identifier>
<identifier type="Regulation ID Number">RIN 1545-BN77</identifier>
<identifier type="Regulation ID Number">RIN 0960-AI17</identifier>
<identifier type="Regulation ID Number">RIN 1801-AA17</identifier>
<identifier type="Regulation ID Number">RIN 3209-AA38</identifier>
<identifier type="Regulation ID Number">RIN 3141-AA64</identifier>
<identifier type="Regulation ID Number">RIN 0651- AD27</identifier>
<identifier type="Regulation ID Number">RIN 3072-AC70</identifier>
<location>
<url access="object in context" displayLabel="Content Detail">https://www.gpo.gov/fdsys/granule/CREC-2018-01-17/CREC-2018-01-17-pt1-PgS251-3/content-detail.html</url>
<url access="raw object" displayLabel="PDF rendition">https://www.gpo.gov/fdsys/pkg/CREC-2018-01-17/pdf/CREC-2018-01-17-pt1-PgS251-3.pdf</url>
<url access="raw object" displayLabel="HTML rendition">https://www.gpo.gov/fdsys/pkg/CREC-2018-01-17/html/CREC-2018-01-17-pt1-PgS251-3.htm</url>
</location>
<physicalDescription>
<extent>3 p.</extent>
</physicalDescription>
<part type="article">
<extent unit="pages">
<start>S251</start>
<end>S253</end>
</extent>
</part>
<name type="corporate">
<namePart>United States</namePart>
<namePart>Congress</namePart>
<namePart>Senate</namePart>
<namePart>Committee on Armed Services</namePart>
<role>
<roleTerm authority="marcrelator" type="text">associated name</roleTerm>
<roleTerm authority="marcrelator" type="code">asn</roleTerm>
</role>
<description>Government Organization</description>
</name>
<name type="corporate">
<namePart>United States</namePart>
<namePart>Congress</namePart>
<namePart>Senate</namePart>
<namePart>Committee on Banking, Housing, and Urban Affairs</namePart>
<role>
<roleTerm authority="marcrelator" type="text">associated name</roleTerm>
<roleTerm authority="marcrelator" type="code">asn</roleTerm>
</role>
<description>Government Organization</description>
</name>
<name type="corporate">
<namePart>United States</namePart>
<namePart>Congress</namePart>
<namePart>Senate</namePart>
<namePart>Committee on Environment and Public Works</namePart>
<role>
<roleTerm authority="marcrelator" type="text">associated name</roleTerm>
<roleTerm authority="marcrelator" type="code">asn</roleTerm>
</role>
<description>Government Organization</description>
</name>
<name type="corporate">
<namePart>United States</namePart>
<namePart>Congress</namePart>
<namePart>Senate</namePart>
<namePart>Committee on Energy and Natural Resources</namePart>
<role>
<roleTerm authority="marcrelator" type="text">associated name</roleTerm>
<roleTerm authority="marcrelator" type="code">asn</roleTerm>
</role>
<description>Government Organization</description>
</name>
<name type="corporate">
<namePart>United States</namePart>
<namePart>Congress</namePart>
<namePart>Senate</namePart>
<namePart>Committee on Finance</namePart>
<role>
<roleTerm authority="marcrelator" type="text">associated name</roleTerm>
<roleTerm authority="marcrelator" type="code">asn</roleTerm>
</role>
<description>Government Organization</description>
</name>
<name type="corporate">
<namePart>United States</namePart>
<namePart>Congress</namePart>
<namePart>Senate</namePart>
<namePart>Committee on Foreign Relations</namePart>
<role>
<roleTerm authority="marcrelator" type="text">associated name</roleTerm>
<roleTerm authority="marcrelator" type="code">asn</roleTerm>
</role>
<description>Government Organization</description>
</name>
<name type="corporate">
<namePart>United States</namePart>
<namePart>Congress</namePart>
<namePart>Senate</namePart>
<namePart>Committee on Health, Education, Labor, and Pensions</namePart>
<role>
<roleTerm authority="marcrelator" type="text">associated name</roleTerm>
<roleTerm authority="marcrelator" type="code">asn</roleTerm>
</role>
<description>Government Organization</description>
</name>
<name type="corporate">
<namePart>United States</namePart>
<namePart>Congress</namePart>
<namePart>Senate</namePart>
<namePart>Committee on Homeland Security and Governmental Affairs</namePart>
<role>
<roleTerm authority="marcrelator" type="text">associated name</roleTerm>
<roleTerm authority="marcrelator" type="code">asn</roleTerm>
</role>
<description>Government Organization</description>
</name>
<name type="corporate">
<namePart>United States</namePart>
<namePart>Congress</namePart>
<namePart>Senate</namePart>
<namePart>Committee on Indian Affairs</namePart>
<role>
<roleTerm authority="marcrelator" type="text">associated name</roleTerm>
<roleTerm authority="marcrelator" type="code">asn</roleTerm>
</role>
<description>Government Organization</description>
</name>
<name type="corporate">
<namePart>United States</namePart>
<namePart>Congress</namePart>
<namePart>Senate</namePart>
<namePart>Committee on Judiciary</namePart>
<role>
<roleTerm authority="marcrelator" type="text">associated name</roleTerm>
<roleTerm authority="marcrelator" type="code">asn</roleTerm>
</role>
<description>Government Organization</description>
</name>
<name type="corporate">
<namePart>United States</namePart>
<namePart>Congress</namePart>
<namePart>Senate</namePart>
<namePart>Committee on Commerce, Science, and Transportation</namePart>
<role>
<roleTerm authority="marcrelator" type="text">associated name</roleTerm>
<roleTerm authority="marcrelator" type="code">asn</roleTerm>
</role>
<description>Government Organization</description>
</name>
<identifier type="preferred citation">164 Cong. Rec. S251</identifier>
<extension>
<searchTitle>EXECUTIVE AND OTHER COMMUNICATIONS; Congressional Record Vol. 164, No. 10</searchTitle>
<granuleClass>SENATE</granuleClass>
<accessId>CREC-2018-01-17-pt1-PgS251-3</accessId>
<subGranuleClass>EXECUTIVECOMM</subGranuleClass>
<pagePrefix>S</pagePrefix>
<bookNumber>1</bookNumber>
<chamber>SENATE</chamber>
<granuleDate>2018-01-17</granuleDate>
<bill congress="115" context="OTHER" number="1129" type="S"/>
<congCommittee authorityId="ssas00" chamber="S" congress="115" type="S">
<name type="authority-standard">Committee on Armed Services</name>
<name type="authority-short">Armed Services</name>
</congCommittee>
<congCommittee authorityId="ssbk00" chamber="S" congress="115" type="S">
<name type="authority-standard">Committee on Banking, Housing, and Urban Affairs</name>
<name type="authority-short">Banking</name>
</congCommittee>
<congCommittee authorityId="ssev00" chamber="S" congress="115" type="S">
<name type="authority-standard">Committee on Environment and Public Works</name>
<name type="authority-short">Environment and Public Works</name>
</congCommittee>
<congCommittee authorityId="sseg00" chamber="S" congress="115" type="S">
<name type="authority-standard">Committee on Energy and Natural Resources</name>
<name type="authority-short">Energy and Natural Resources</name>
</congCommittee>
<congCommittee authorityId="ssfi00" chamber="S" congress="115" type="S">
<name type="authority-standard">Committee on Finance</name>
<name type="authority-short">Finance</name>
</congCommittee>
<congCommittee authorityId="ssfr00" chamber="S" congress="115" type="S">
<name type="authority-standard">Committee on Foreign Relations</name>
<name type="authority-short">Foreign Relations</name>
</congCommittee>
<congCommittee authorityId="sshr00" chamber="S" congress="115" type="S">
<name type="authority-standard">Committee on Health, Education, Labor, and Pensions</name>
<name type="authority-short">HELP</name>
</congCommittee>
<congCommittee authorityId="ssga00" chamber="S" congress="115" type="S">
<name type="authority-standard">Committee on Homeland Security and Governmental Affairs</name>
<name type="authority-short">Homeland and Governmental Affairs</name>
</congCommittee>
<congCommittee authorityId="slia00" chamber="S" congress="115" type="S">
<name type="authority-standard">Committee on Indian Affairs</name>
<name type="authority-short">Indian Affairs</name>
</congCommittee>
<congCommittee authorityId="ssju00" chamber="S" congress="115" type="S">
<name type="authority-standard">Committee on Judiciary</name>
<name type="authority-short">Judiciary</name>
</congCommittee>
<congCommittee authorityId="sscm00" chamber="S" congress="115" type="S">
<name type="authority-standard">Committee on Commerce, Science, and Transportation</name>
<name type="authority-short">Commerce</name>
</congCommittee>
<cfr title="10">
<part detail="218, 429, 431, 490," number="207"/>
</cfr>
<cfr title="12">
<part number="1083"/>
</cfr>
<cfr title="31">
<part number="576"/>
</cfr>
<execCommunication congress="115" number="4041"/>
<execCommunication congress="115" number="4042"/>
<execCommunication congress="115" number="4043"/>
<execCommunication congress="115" number="4044"/>
<execCommunication congress="115" number="4045"/>
<execCommunication congress="115" number="4046"/>
<execCommunication congress="115" number="4047"/>
<execCommunication congress="115" number="4048"/>
<execCommunication congress="115" number="4049"/>
<execCommunication congress="115" number="4050"/>
<execCommunication congress="115" number="4051"/>
<execCommunication congress="115" number="4052"/>
<execCommunication congress="115" number="4053"/>
<execCommunication congress="115" number="4054"/>
<execCommunication congress="115" number="4055"/>
<execCommunication congress="115" number="4056"/>
<execCommunication congress="115" number="4057"/>
<execCommunication congress="115" number="4058"/>
<execCommunication congress="115" number="4059"/>
<execCommunication congress="115" number="4060"/>
<execCommunication congress="115" number="4061"/>
<execCommunication congress="115" number="4062"/>
<execCommunication congress="115" number="4063"/>
<execCommunication congress="115" number="4064"/>
<execCommunication congress="115" number="4065"/>
<execCommunication congress="115" number="4066"/>
<execCommunication congress="115" number="4067"/>
<execCommunication congress="115" number="4068"/>
<execCommunication congress="115" number="4069"/>
<execCommunication congress="115" number="4070"/>
<execCommunication congress="115" number="4071"/>
<execCommunication congress="115" number="4072"/>
<execCommunication congress="115" number="4073"/>
<execCommunication congress="115" number="4074"/>
<execCommunication congress="115" number="4075"/>
<execCommunication congress="115" number="4076"/>
<execCommunication congress="115" number="4077"/>
<execCommunication congress="115" number="4078"/>
<execCommunication congress="115" number="4079"/>
<execCommunication congress="115" number="4080"/>
<execCommunication congress="115" number="4081"/>
<execCommunication congress="115" number="4082"/>
<execCommunication congress="115" number="4083"/>
<execCommunication congress="115" number="4084"/>
<execCommunication congress="115" number="4085"/>
<execCommunication congress="115" number="4086"/>
<execCommunication congress="115" number="4087"/>
<execCommunication congress="115" number="4088"/>
<execCommunication congress="115" number="4089"/>
<execCommunication congress="115" number="4090"/>
<execCommunication congress="115" number="4091"/>
<execCommunication congress="115" number="4092"/>
<execCommunication congress="115" number="4093"/>
<execCommunication congress="115" number="4094"/>
<execCommunication congress="115" number="4095"/>
<execCommunication congress="115" number="4096"/>
<execCommunication congress="115" number="4097"/>
<execCommunication congress="115" number="4098"/>
<execCommunication congress="115" number="4099"/>
<execCommunication congress="115" number="4100"/>
<execCommunication congress="115" number="4101"/>
<rin number="0720-AB70"/>
<rin number="3235- AL41"/>
<rin number="3235- AM02"/>
<rin number="2577-AJ36"/>
<rin number="1557-AE30"/>
<rin number="1024-AE42"/>
<rin number="1901-AB40"/>
<rin number="1024-AE42"/>
<rin number="1004-AE52"/>
<rin number="1545-BN77"/>
<rin number="0960-AI17"/>
<rin number="1801-AA17"/>
<rin number="3209-AA38"/>
<rin number="3141-AA64"/>
<rin number="0651- AD27"/>
<rin number="3072-AC70"/>
</extension>
<relatedItem type="isReferencedBy">
<titleInfo>
<title>United States Senate Bill 1129  (115th Congress)</title>
</titleInfo>
<identifier type="Congressional Bill citation">S. 1129</identifier>
<extension>
<congress>115</congress>
<context>OTHER</context>
</extension>
</relatedItem>
<relatedItem type="isReferencedBy">
<titleInfo>
<title>Code of Federal Regulations</title>
<partNumber>Title 10 Part 207218, 429, 431, 490,</partNumber>
</titleInfo>
<identifier type="CFR citation">10 CFR Part  207218, 429, 431, 490,</identifier>
</relatedItem>
<relatedItem type="isReferencedBy">
<titleInfo>
<title>Code of Federal Regulations</title>
<partNumber>Title 12 Part 1083</partNumber>
</titleInfo>
<identifier type="CFR citation">12 CFR Part  1083</identifier>
</relatedItem>
<relatedItem type="isReferencedBy">
<titleInfo>
<title>Code of Federal Regulations</title>
<partNumber>Title 31 Part 576</partNumber>
</titleInfo>
<identifier type="CFR citation">31 CFR Part  576</identifier>
</relatedItem>
<relatedItem type="isReferencedBy">
<identifier type="executive communication number">EC-4041</identifier>
</relatedItem>
<extension>
<congress>115</congress>
</extension>
<relatedItem type="isReferencedBy">
<identifier type="executive communication number">EC-4042</identifier>
</relatedItem>
<extension>
<congress>115</congress>
</extension>
<relatedItem type="isReferencedBy">
<identifier type="executive communication number">EC-4043</identifier>
</relatedItem>
<extension>
<congress>115</congress>
</extension>
<relatedItem type="isReferencedBy">
<identifier type="executive communication number">EC-4044</identifier>
</relatedItem>
<extension>
<congress>115</congress>
</extension>
<relatedItem type="isReferencedBy">
<identifier type="executive communication number">EC-4045</identifier>
</relatedItem>
<extension>
<congress>115</congress>
</extension>
<relatedItem type="isReferencedBy">
<identifier type="executive communication number">EC-4046</identifier>
</relatedItem>
<extension>
<congress>115</congress>
</extension>
<relatedItem type="isReferencedBy">
<identifier type="executive communication number">EC-4047</identifier>
</relatedItem>
<extension>
<congress>115</congress>
</extension>
<relatedItem type="isReferencedBy">
<identifier type="executive communication number">EC-4048</identifier>
</relatedItem>
<extension>
<congress>115</congress>
</extension>
<relatedItem type="isReferencedBy">
<identifier type="executive communication number">EC-4049</identifier>
</relatedItem>
<extension>
<congress>115</congress>
</extension>
<relatedItem type="isReferencedBy">
<identifier type="executive communication number">EC-4050</identifier>
</relatedItem>
<extension>
<congress>115</congress>
</extension>
<relatedItem type="isReferencedBy">
<identifier type="executive communication number">EC-4051</identifier>
</relatedItem>
<extension>
<congress>115</congress>
</extension>
<relatedItem type="isReferencedBy">
<identifier type="executive communication number">EC-4052</identifier>
</relatedItem>
<extension>
<congress>115</congress>
</extension>
<relatedItem type="isReferencedBy">
<identifier type="executive communication number">EC-4053</identifier>
</relatedItem>
<extension>
<congress>115</congress>
</extension>
<relatedItem type="isReferencedBy">
<identifier type="executive communication number">EC-4054</identifier>
</relatedItem>
<extension>
<congress>115</congress>
</extension>
<relatedItem type="isReferencedBy">
<identifier type="executive communication number">EC-4055</identifier>
</relatedItem>
<extension>
<congress>115</congress>
</extension>
<relatedItem type="isReferencedBy">
<identifier type="executive communication number">EC-4056</identifier>
</relatedItem>
<extension>
<congress>115</congress>
</extension>
<relatedItem type="isReferencedBy">
<identifier type="executive communication number">EC-4057</identifier>
</relatedItem>
<extension>
<congress>115</congress>
</extension>
<relatedItem type="isReferencedBy">
<identifier type="executive communication number">EC-4058</identifier>
</relatedItem>
<extension>
<congress>115</congress>
</extension>
<relatedItem type="isReferencedBy">
<identifier type="executive communication number">EC-4059</identifier>
</relatedItem>
<extension>
<congress>115</congress>
</extension>
<relatedItem type="isReferencedBy">
<identifier type="executive communication number">EC-4060</identifier>
</relatedItem>
<extension>
<congress>115</congress>
</extension>
<relatedItem type="isReferencedBy">
<identifier type="executive communication number">EC-4061</identifier>
</relatedItem>
<extension>
<congress>115</congress>
</extension>
<relatedItem type="isReferencedBy">
<identifier type="executive communication number">EC-4062</identifier>
</relatedItem>
<extension>
<congress>115</congress>
</extension>
<relatedItem type="isReferencedBy">
<identifier type="executive communication number">EC-4063</identifier>
</relatedItem>
<extension>
<congress>115</congress>
</extension>
<relatedItem type="isReferencedBy">
<identifier type="executive communication number">EC-4064</identifier>
</relatedItem>
<extension>
<congress>115</congress>
</extension>
<relatedItem type="isReferencedBy">
<identifier type="executive communication number">EC-4065</identifier>
</relatedItem>
<extension>
<congress>115</congress>
</extension>
<relatedItem type="isReferencedBy">
<identifier type="executive communication number">EC-4066</identifier>
</relatedItem>
<extension>
<congress>115</congress>
</extension>
<relatedItem type="isReferencedBy">
<identifier type="executive communication number">EC-4067</identifier>
</relatedItem>
<extension>
<congress>115</congress>
</extension>
<relatedItem type="isReferencedBy">
<identifier type="executive communication number">EC-4068</identifier>
</relatedItem>
<extension>
<congress>115</congress>
</extension>
<relatedItem type="isReferencedBy">
<identifier type="executive communication number">EC-4069</identifier>
</relatedItem>
<extension>
<congress>115</congress>
</extension>
<relatedItem type="isReferencedBy">
<identifier type="executive communication number">EC-4070</identifier>
</relatedItem>
<extension>
<congress>115</congress>
</extension>
<relatedItem type="isReferencedBy">
<identifier type="executive communication number">EC-4071</identifier>
</relatedItem>
<extension>
<congress>115</congress>
</extension>
<relatedItem type="isReferencedBy">
<identifier type="executive communication number">EC-4072</identifier>
</relatedItem>
<extension>
<congress>115</congress>
</extension>
<relatedItem type="isReferencedBy">
<identifier type="executive communication number">EC-4073</identifier>
</relatedItem>
<extension>
<congress>115</congress>
</extension>
<relatedItem type="isReferencedBy">
<identifier type="executive communication number">EC-4074</identifier>
</relatedItem>
<extension>
<congress>115</congress>
</extension>
<relatedItem type="isReferencedBy">
<identifier type="executive communication number">EC-4075</identifier>
</relatedItem>
<extension>
<congress>115</congress>
</extension>
<relatedItem type="isReferencedBy">
<identifier type="executive communication number">EC-4076</identifier>
</relatedItem>
<extension>
<congress>115</congress>
</extension>
<relatedItem type="isReferencedBy">
<identifier type="executive communication number">EC-4077</identifier>
</relatedItem>
<extension>
<congress>115</congress>
</extension>
<relatedItem type="isReferencedBy">
<identifier type="executive communication number">EC-4078</identifier>
</relatedItem>
<extension>
<congress>115</congress>
</extension>
<relatedItem type="isReferencedBy">
<identifier type="executive communication number">EC-4079</identifier>
</relatedItem>
<extension>
<congress>115</congress>
</extension>
<relatedItem type="isReferencedBy">
<identifier type="executive communication number">EC-4080</identifier>
</relatedItem>
<extension>
<congress>115</congress>
</extension>
<relatedItem type="isReferencedBy">
<identifier type="executive communication number">EC-4081</identifier>
</relatedItem>
<extension>
<congress>115</congress>
</extension>
<relatedItem type="isReferencedBy">
<identifier type="executive communication number">EC-4082</identifier>
</relatedItem>
<extension>
<congress>115</congress>
</extension>
<relatedItem type="isReferencedBy">
<identifier type="executive communication number">EC-4083</identifier>
</relatedItem>
<extension>
<congress>115</congress>
</extension>
<relatedItem type="isReferencedBy">
<identifier type="executive communication number">EC-4084</identifier>
</relatedItem>
<extension>
<congress>115</congress>
</extension>
<relatedItem type="isReferencedBy">
<identifier type="executive communication number">EC-4085</identifier>
</relatedItem>
<extension>
<congress>115</congress>
</extension>
<relatedItem type="isReferencedBy">
<identifier type="executive communication number">EC-4086</identifier>
</relatedItem>
<extension>
<congress>115</congress>
</extension>
<relatedItem type="isReferencedBy">
<identifier type="executive communication number">EC-4087</identifier>
</relatedItem>
<extension>
<congress>115</congress>
</extension>
<relatedItem type="isReferencedBy">
<identifier type="executive communication number">EC-4088</identifier>
</relatedItem>
<extension>
<congress>115</congress>
</extension>
<relatedItem type="isReferencedBy">
<identifier type="executive communication number">EC-4089</identifier>
</relatedItem>
<extension>
<congress>115</congress>
</extension>
<relatedItem type="isReferencedBy">
<identifier type="executive communication number">EC-4090</identifier>
</relatedItem>
<extension>
<congress>115</congress>
</extension>
<relatedItem type="isReferencedBy">
<identifier type="executive communication number">EC-4091</identifier>
</relatedItem>
<extension>
<congress>115</congress>
</extension>
<relatedItem type="isReferencedBy">
<identifier type="executive communication number">EC-4092</identifier>
</relatedItem>
<extension>
<congress>115</congress>
</extension>
<relatedItem type="isReferencedBy">
<identifier type="executive communication number">EC-4093</identifier>
</relatedItem>
<extension>
<congress>115</congress>
</extension>
<relatedItem type="isReferencedBy">
<identifier type="executive communication number">EC-4094</identifier>
</relatedItem>
<extension>
<congress>115</congress>
</extension>
<relatedItem type="isReferencedBy">
<identifier type="executive communication number">EC-4095</identifier>
</relatedItem>
<extension>
<congress>115</congress>
</extension>
<relatedItem type="isReferencedBy">
<identifier type="executive communication number">EC-4096</identifier>
</relatedItem>
<extension>
<congress>115</congress>
</extension>
<relatedItem type="isReferencedBy">
<identifier type="executive communication number">EC-4097</identifier>
</relatedItem>
<extension>
<congress>115</congress>
</extension>
<relatedItem type="isReferencedBy">
<identifier type="executive communication number">EC-4098</identifier>
</relatedItem>
<extension>
<congress>115</congress>
</extension>
<relatedItem type="isReferencedBy">
<identifier type="executive communication number">EC-4099</identifier>
</relatedItem>
<extension>
<congress>115</congress>
</extension>
<relatedItem type="isReferencedBy">
<identifier type="executive communication number">EC-4100</identifier>
</relatedItem>
<extension>
<congress>115</congress>
</extension>
<relatedItem type="isReferencedBy">
<identifier type="executive communication number">EC-4101</identifier>
</relatedItem>
<extension>
<congress>115</congress>
</extension>
<relatedItem type="isReferencedBy">
<identifier type="regulation ID number">RIN 0720-AB70</identifier>
</relatedItem>
<relatedItem type="isReferencedBy">
<identifier type="regulation ID number">RIN 3235- AL41</identifier>
</relatedItem>
<relatedItem type="isReferencedBy">
<identifier type="regulation ID number">RIN 3235- AM02</identifier>
</relatedItem>
<relatedItem type="isReferencedBy">
<identifier type="regulation ID number">RIN 2577-AJ36</identifier>
</relatedItem>
<relatedItem type="isReferencedBy">
<identifier type="regulation ID number">RIN 1557-AE30</identifier>
</relatedItem>
<relatedItem type="isReferencedBy">
<identifier type="regulation ID number">RIN 1024-AE42</identifier>
</relatedItem>
<relatedItem type="isReferencedBy">
<identifier type="regulation ID number">RIN 1901-AB40</identifier>
</relatedItem>
<relatedItem type="isReferencedBy">
<identifier type="regulation ID number">RIN 1024-AE42</identifier>
</relatedItem>
<relatedItem type="isReferencedBy">
<identifier type="regulation ID number">RIN 1004-AE52</identifier>
</relatedItem>
<relatedItem type="isReferencedBy">
<identifier type="regulation ID number">RIN 1545-BN77</identifier>
</relatedItem>
<relatedItem type="isReferencedBy">
<identifier type="regulation ID number">RIN 0960-AI17</identifier>
</relatedItem>
<relatedItem type="isReferencedBy">
<identifier type="regulation ID number">RIN 1801-AA17</identifier>
</relatedItem>
<relatedItem type="isReferencedBy">
<identifier type="regulation ID number">RIN 3209-AA38</identifier>
</relatedItem>
<relatedItem type="isReferencedBy">
<identifier type="regulation ID number">RIN 3141-AA64</identifier>
</relatedItem>
<relatedItem type="isReferencedBy">
<identifier type="regulation ID number">RIN 0651- AD27</identifier>
</relatedItem>
<relatedItem type="isReferencedBy">
<identifier type="regulation ID number">RIN 3072-AC70</identifier>
</relatedItem>
<relatedItem ID="P0b002ee19806992c" type="host">
<titleInfo>
<title>Congressional Record</title>
<partNumber>Vol. 164, no. 10</partNumber>
</titleInfo>
<location>
<url access="object in context" displayLabel="Content Detail">https://www.gpo.gov/fdsys/pkg/CREC-2018-01-17/content-detail.html</url>
<url access="raw object" displayLabel="PDF rendition">https://www.gpo.gov/fdsys/pkg/CREC-2018-01-17/pdf/CREC-2018-01-17.pdf</url>
</location>
<part type="issue">
<extent unit="pages">
<start>H415</start>
<end>H478</end>
</extent>
<extent unit="pages">
<start>S213</start>
<end>S264</end>
</extent>
<extent unit="pages">
<start>E51</start>
<end>E56</end>
</extent>
<extent unit="pages">
<start>D46</start>
<end>D54</end>
</extent>
</part>
<originInfo>
<publisher>U.S. Government Publishing Office</publisher>
<dateIssued encoding="w3cdtf">2018-01-17</dateIssued>
<issuance>continuing</issuance>
<frequency authority="marcfrequency">daily</frequency>
</originInfo>
<physicalDescription>
<note type="source content type">deposited</note>
<digitalOrigin>born digital</digitalOrigin>
<extent>262 p.</extent>
</physicalDescription>
<classification authority="sudocs">X 1.1/A:</classification>
<classification authority="sudocs">X/A.</classification>
<identifier type="uri">https://www.gpo.gov/fdsys/pkg/CREC-2018-01-17</identifier>
<identifier type="local">P0b002ee19806992c</identifier>
<identifier type="stock number">752-002-00000-2</identifier>
<identifier type="ILS system id">000568013</identifier>
<identifier type="former package identifier">cr17ja18</identifier>
<recordInfo>
<recordContentSource authority="marcorg">DGPO</recordContentSource>
<recordCreationDate encoding="w3cdtf">2018-01-18</recordCreationDate>
<recordChangeDate encoding="w3cdtf">2018-01-18</recordChangeDate>
<recordIdentifier source="DGPO">CREC-2018-01-17</recordIdentifier>
<recordOrigin>machine generated</recordOrigin>
<languageOfCataloging>
<languageTerm authority="iso639-2b" type="code">eng</languageTerm>
</languageOfCataloging>
</recordInfo>
<accessCondition type="GPO scope determination">fdlp</accessCondition>
<extension>
<docClass>CREC</docClass>
<accessId>CREC-2018-01-17</accessId>
<volume>164</volume>
<issue>10</issue>
<congress>115</congress>
<session>2</session>
<bookCount>1</bookCount>
</extension>
</relatedItem>
</mods>