<mods ID="id-CREC-2018-03-06-pt1-PgS1402" version="3.3" xmlns="http://www.loc.gov/mods/v3" xmlns:exslt="http://exslt.org/common" xmlns:xlink="http://www.w3.org/1999/xlink" xmlns:xsi="http://www.w3.org/2001/XMLSchema-instance" xsi:schemaLocation="http://www.loc.gov/mods/v3 http://www.loc.gov/standards/mods/v3/mods-3-3.xsd">
<name type="corporate">
<namePart>United States Government Publishing Office</namePart>
<role>
<roleTerm authority="marcrelator" type="text">publisher</roleTerm>
<roleTerm authority="marcrelator" type="code">pbl</roleTerm>
</role>
<role>
<roleTerm authority="marcrelator" type="text">distributor</roleTerm>
<roleTerm authority="marcrelator" type="code">dst</roleTerm>
</role>
</name>
<name type="corporate">
<namePart>United States</namePart>
<namePart>Congress</namePart>
<role>
<roleTerm authority="marcrelator" type="text">author</roleTerm>
<roleTerm authority="marcrelator" type="code">aut</roleTerm>
</role>
<description>Government Organization</description>
</name>
<typeOfResource>text</typeOfResource>
<genre authority="marcgt">government publication</genre>
<language>
<languageTerm authority="iso639-2b" type="code">eng</languageTerm>
</language>
<extension>
<collectionCode>CREC</collectionCode>
<category>Proceedings of Congress and General Congressional Publications</category>
<waisDatabaseName>2018_record</waisDatabaseName>
<branch>legislative</branch>
<dateIngested>2018-03-07</dateIngested>
</extension>
<titleInfo>
<title>ADJOURNMENT UNTIL 9:30 A.M. TOMORROW</title>
<partName>Senate</partName>
</titleInfo>
<relatedItem type="otherFormat" xlink:href="https://www.gpo.gov/fdsys/pkg/CREC-2018-03-06/html/CREC-2018-03-06-pt1-PgS1402.htm">
<identifier type="FDsys Unique ID">D09002ee198bac767</identifier>
</relatedItem>
<relatedItem type="otherFormat" xlink:href="https://www.gpo.gov/fdsys/pkg/CREC-2018-03-06/pdf/CREC-2018-03-06-pt1-PgS1402.pdf">
<identifier type="FDsys Unique ID">D09002ee198bac80d</identifier>
</relatedItem>
<identifier type="congressional record citation">164 Cong. Rec. S1402</identifier>
<identifier type="uri">https://www.gpo.gov/fdsys/granule/CREC-2018-03-06/CREC-2018-03-06-pt1-PgS1402</identifier>
<identifier type="former granule identifier">cr06mr18-160</identifier>
<location>
<url access="object in context" displayLabel="Content Detail">https://www.gpo.gov/fdsys/granule/CREC-2018-03-06/CREC-2018-03-06-pt1-PgS1402/content-detail.html</url>
<url access="raw object" displayLabel="PDF rendition">https://www.gpo.gov/fdsys/pkg/CREC-2018-03-06/pdf/CREC-2018-03-06-pt1-PgS1402.pdf</url>
<url access="raw object" displayLabel="HTML rendition">https://www.gpo.gov/fdsys/pkg/CREC-2018-03-06/html/CREC-2018-03-06-pt1-PgS1402.htm</url>
</location>
<physicalDescription>
<extent>1 p.</extent>
</physicalDescription>
<part type="article">
<extent unit="pages">
<start>S1402</start>
<end>S1402</end>
</extent>
</part>
<identifier type="preferred citation">164 Cong. Rec. S1402</identifier>
<extension>
<searchTitle>ADJOURNMENT UNTIL 9:30 A.M. TOMORROW; Congressional Record Vol. 164, No. 39</searchTitle>
<granuleClass>SENATE</granuleClass>
<accessId>CREC-2018-03-06-pt1-PgS1402</accessId>
<subGranuleClass>ADJOURNMENT</subGranuleClass>
<pagePrefix>S</pagePrefix>
<bookNumber>1</bookNumber>
<chamber>SENATE</chamber>
<granuleDate>2018-03-06</granuleDate>
</extension>
<relatedItem ID="P0b002ee198bac9d6" type="host">
<titleInfo>
<title>Congressional Record</title>
<partNumber>Vol. 164, no. 39</partNumber>
</titleInfo>
<location>
<url access="object in context" displayLabel="Content Detail">https://www.gpo.gov/fdsys/pkg/CREC-2018-03-06/content-detail.html</url>
<url access="raw object" displayLabel="PDF rendition">https://www.gpo.gov/fdsys/pkg/CREC-2018-03-06/pdf/CREC-2018-03-06.pdf</url>
</location>
<part type="issue">
<extent unit="pages">
<start>H1375</start>
<end>H1443</end>
</extent>
<extent unit="pages">
<start>S1343</start>
<end>S1404</end>
</extent>
<extent unit="pages">
<start>E263</start>
<end>E267</end>
</extent>
<extent unit="pages">
<start>D226</start>
<end>D232</end>
</extent>
</part>
<originInfo>
<publisher>U.S. Government Publishing Office</publisher>
<dateIssued encoding="w3cdtf">2018-03-06</dateIssued>
<issuance>continuing</issuance>
<frequency authority="marcfrequency">daily</frequency>
</originInfo>
<physicalDescription>
<note type="source content type">deposited</note>
<digitalOrigin>born digital</digitalOrigin>
<extent>286 p.</extent>
</physicalDescription>
<classification authority="sudocs">X 1.1/A:</classification>
<classification authority="sudocs">X/A.</classification>
<identifier type="uri">https://www.gpo.gov/fdsys/pkg/CREC-2018-03-06</identifier>
<identifier type="local">P0b002ee198bac9d6</identifier>
<identifier type="stock number">752-002-00000-2</identifier>
<identifier type="ILS system id">000568013</identifier>
<identifier type="former package identifier">cr06mr18</identifier>
<recordInfo>
<recordContentSource authority="marcorg">DGPO</recordContentSource>
<recordCreationDate encoding="w3cdtf">2018-03-07</recordCreationDate>
<recordChangeDate encoding="w3cdtf">2018-03-07</recordChangeDate>
<recordIdentifier source="DGPO">CREC-2018-03-06</recordIdentifier>
<recordOrigin>machine generated</recordOrigin>
<languageOfCataloging>
<languageTerm authority="iso639-2b" type="code">eng</languageTerm>
</languageOfCataloging>
</recordInfo>
<accessCondition type="GPO scope determination">fdlp</accessCondition>
<extension>
<docClass>CREC</docClass>
<accessId>CREC-2018-03-06</accessId>
<volume>164</volume>
<issue>39</issue>
<congress>115</congress>
<session>2</session>
<bookCount>1</bookCount>
</extension>
</relatedItem>
</mods>