<mods ID="id-CREC-2018-02-15-pt1-PgS1162-2" version="3.3" xmlns="http://www.loc.gov/mods/v3" xmlns:exslt="http://exslt.org/common" xmlns:xlink="http://www.w3.org/1999/xlink" xmlns:xsi="http://www.w3.org/2001/XMLSchema-instance" xsi:schemaLocation="http://www.loc.gov/mods/v3 http://www.loc.gov/standards/mods/v3/mods-3-3.xsd">
<name type="corporate">
<namePart>United States Government Publishing Office</namePart>
<role>
<roleTerm authority="marcrelator" type="text">publisher</roleTerm>
<roleTerm authority="marcrelator" type="code">pbl</roleTerm>
</role>
<role>
<roleTerm authority="marcrelator" type="text">distributor</roleTerm>
<roleTerm authority="marcrelator" type="code">dst</roleTerm>
</role>
</name>
<name type="corporate">
<namePart>United States</namePart>
<namePart>Congress</namePart>
<role>
<roleTerm authority="marcrelator" type="text">author</roleTerm>
<roleTerm authority="marcrelator" type="code">aut</roleTerm>
</role>
<description>Government Organization</description>
</name>
<typeOfResource>text</typeOfResource>
<genre authority="marcgt">government publication</genre>
<language>
<languageTerm authority="iso639-2b" type="code">eng</languageTerm>
</language>
<extension>
<collectionCode>CREC</collectionCode>
<category>Proceedings of Congress and General Congressional Publications</category>
<waisDatabaseName>2018_record</waisDatabaseName>
<branch>legislative</branch>
<dateIngested>2018-02-16</dateIngested>
</extension>
<titleInfo>
<title>MESSAGES FROM THE PRESIDENT</title>
<partName>Senate</partName>
</titleInfo>
<relatedItem type="otherFormat" xlink:href="https://www.gpo.gov/fdsys/pkg/CREC-2018-02-15/html/CREC-2018-02-15-pt1-PgS1162-2.htm">
<identifier type="FDsys Unique ID">D09002ee19879959e</identifier>
</relatedItem>
<relatedItem type="otherFormat" xlink:href="https://www.gpo.gov/fdsys/pkg/CREC-2018-02-15/pdf/CREC-2018-02-15-pt1-PgS1162-2.pdf">
<identifier type="FDsys Unique ID">D09002ee1987995ed</identifier>
</relatedItem>
<identifier type="congressional record citation">164 Cong. Rec. S1162</identifier>
<identifier type="uri">https://www.gpo.gov/fdsys/granule/CREC-2018-02-15/CREC-2018-02-15-pt1-PgS1162-2</identifier>
<identifier type="former granule identifier">cr15fe18-190</identifier>
<location>
<url access="object in context" displayLabel="Content Detail">https://www.gpo.gov/fdsys/granule/CREC-2018-02-15/CREC-2018-02-15-pt1-PgS1162-2/content-detail.html</url>
<url access="raw object" displayLabel="PDF rendition">https://www.gpo.gov/fdsys/pkg/CREC-2018-02-15/pdf/CREC-2018-02-15-pt1-PgS1162-2.pdf</url>
<url access="raw object" displayLabel="HTML rendition">https://www.gpo.gov/fdsys/pkg/CREC-2018-02-15/html/CREC-2018-02-15-pt1-PgS1162-2.htm</url>
</location>
<physicalDescription>
<extent>1 p.</extent>
</physicalDescription>
<part type="article">
<extent unit="pages">
<start>S1162</start>
<end>S1162</end>
</extent>
</part>
<identifier type="preferred citation">164 Cong. Rec. S1162</identifier>
<extension>
<searchTitle>MESSAGES FROM THE PRESIDENT; Congressional Record Vol. 164, No. 30</searchTitle>
<granuleClass>SENATE</granuleClass>
<accessId>CREC-2018-02-15-pt1-PgS1162-2</accessId>
<subGranuleClass>MSGPRESIDENT</subGranuleClass>
<pagePrefix>S</pagePrefix>
<bookNumber>1</bookNumber>
<chamber>SENATE</chamber>
<granuleDate>2018-02-15</granuleDate>
</extension>
<relatedItem ID="P0b002ee19879783c" type="host">
<titleInfo>
<title>Congressional Record</title>
<partNumber>Vol. 164, no. 30</partNumber>
</titleInfo>
<location>
<url access="object in context" displayLabel="Content Detail">https://www.gpo.gov/fdsys/pkg/CREC-2018-02-15/content-detail.html</url>
<url access="raw object" displayLabel="PDF rendition">https://www.gpo.gov/fdsys/pkg/CREC-2018-02-15/pdf/CREC-2018-02-15.pdf</url>
</location>
<part type="issue">
<extent unit="pages">
<start>H1181</start>
<end>H1214</end>
</extent>
<extent unit="pages">
<start>S1131</start>
<end>S1192</end>
</extent>
<extent unit="pages">
<start>E191</start>
<end>E198</end>
</extent>
<extent unit="pages">
<start>D171</start>
<end>D180</end>
</extent>
</part>
<originInfo>
<publisher>U.S. Government Publishing Office</publisher>
<dateIssued encoding="w3cdtf">2018-02-15</dateIssued>
<issuance>continuing</issuance>
<frequency authority="marcfrequency">daily</frequency>
</originInfo>
<physicalDescription>
<note type="source content type">deposited</note>
<digitalOrigin>born digital</digitalOrigin>
<extent>228 p.</extent>
</physicalDescription>
<classification authority="sudocs">X 1.1/A:</classification>
<classification authority="sudocs">X/A.</classification>
<identifier type="uri">https://www.gpo.gov/fdsys/pkg/CREC-2018-02-15</identifier>
<identifier type="local">P0b002ee19879783c</identifier>
<identifier type="stock number">752-002-00000-2</identifier>
<identifier type="ILS system id">000568013</identifier>
<identifier type="former package identifier">cr15fe18</identifier>
<recordInfo>
<recordContentSource authority="marcorg">DGPO</recordContentSource>
<recordCreationDate encoding="w3cdtf">2018-02-16</recordCreationDate>
<recordChangeDate encoding="w3cdtf">2018-02-16</recordChangeDate>
<recordIdentifier source="DGPO">CREC-2018-02-15</recordIdentifier>
<recordOrigin>machine generated</recordOrigin>
<languageOfCataloging>
<languageTerm authority="iso639-2b" type="code">eng</languageTerm>
</languageOfCataloging>
</recordInfo>
<accessCondition type="GPO scope determination">fdlp</accessCondition>
<extension>
<docClass>CREC</docClass>
<accessId>CREC-2018-02-15</accessId>
<volume>164</volume>
<issue>30</issue>
<congress>115</congress>
<session>2</session>
<bookCount>1</bookCount>
</extension>
</relatedItem>
</mods>