<mods ID="id-CREC-2018-01-19-pt1-PgS349-2" version="3.3" xmlns="http://www.loc.gov/mods/v3" xmlns:exslt="http://exslt.org/common" xmlns:xlink="http://www.w3.org/1999/xlink" xmlns:xsi="http://www.w3.org/2001/XMLSchema-instance" xsi:schemaLocation="http://www.loc.gov/mods/v3 http://www.loc.gov/standards/mods/v3/mods-3-3.xsd">
<name type="corporate">
<namePart>United States Government Publishing Office</namePart>
<role>
<roleTerm authority="marcrelator" type="text">publisher</roleTerm>
<roleTerm authority="marcrelator" type="code">pbl</roleTerm>
</role>
<role>
<roleTerm authority="marcrelator" type="text">distributor</roleTerm>
<roleTerm authority="marcrelator" type="code">dst</roleTerm>
</role>
</name>
<name type="corporate">
<namePart>United States</namePart>
<namePart>Congress</namePart>
<role>
<roleTerm authority="marcrelator" type="text">author</roleTerm>
<roleTerm authority="marcrelator" type="code">aut</roleTerm>
</role>
<description>Government Organization</description>
</name>
<typeOfResource>text</typeOfResource>
<genre authority="marcgt">government publication</genre>
<language>
<languageTerm authority="iso639-2b" type="code">eng</languageTerm>
</language>
<extension>
<collectionCode>CREC</collectionCode>
<category>Proceedings of Congress and General Congressional Publications</category>
<waisDatabaseName>2018_record</waisDatabaseName>
<branch>legislative</branch>
<dateIngested>2018-01-20</dateIngested>
</extension>
<titleInfo>
<title>TEXT OF AMENDMENTS</title>
<partName>Senate</partName>
</titleInfo>
<relatedItem type="otherFormat" xlink:href="https://www.gpo.gov/fdsys/pkg/CREC-2018-01-19/html/CREC-2018-01-19-pt1-PgS349-2.htm">
<identifier type="FDsys Unique ID">D09002ee1980d70b4</identifier>
</relatedItem>
<relatedItem type="otherFormat" xlink:href="https://www.gpo.gov/fdsys/pkg/CREC-2018-01-19/pdf/CREC-2018-01-19-pt1-PgS349-2.pdf">
<identifier type="FDsys Unique ID">D09002ee1980d7987</identifier>
</relatedItem>
<identifier type="congressional record citation">164 Cong. Rec. S349</identifier>
<identifier type="uri">https://www.gpo.gov/fdsys/granule/CREC-2018-01-19/CREC-2018-01-19-pt1-PgS349-2</identifier>
<identifier type="former granule identifier">cr19ja18-161</identifier>
<location>
<url access="object in context" displayLabel="Content Detail">https://www.gpo.gov/fdsys/granule/CREC-2018-01-19/CREC-2018-01-19-pt1-PgS349-2/content-detail.html</url>
<url access="raw object" displayLabel="PDF rendition">https://www.gpo.gov/fdsys/pkg/CREC-2018-01-19/pdf/CREC-2018-01-19-pt1-PgS349-2.pdf</url>
<url access="raw object" displayLabel="HTML rendition">https://www.gpo.gov/fdsys/pkg/CREC-2018-01-19/html/CREC-2018-01-19-pt1-PgS349-2.htm</url>
</location>
<physicalDescription>
<extent>3 p.</extent>
</physicalDescription>
<part type="article">
<extent unit="pages">
<start>S349</start>
<end>S351</end>
</extent>
</part>
<name type="corporate">
<namePart>United States</namePart>
<namePart>Congress</namePart>
<namePart>Senate</namePart>
<namePart>Committee on the Budget</namePart>
<role>
<roleTerm authority="marcrelator" type="text">associated name</roleTerm>
<roleTerm authority="marcrelator" type="code">asn</roleTerm>
</role>
<description>Government Organization</description>
</name>
<name type="corporate">
<namePart>United States</namePart>
<namePart>Congress</namePart>
<namePart>Senate</namePart>
<namePart>Committee on Appropriations</namePart>
<role>
<roleTerm authority="marcrelator" type="text">associated name</roleTerm>
<roleTerm authority="marcrelator" type="code">asn</roleTerm>
</role>
<description>Government Organization</description>
</name>
<name type="corporate">
<namePart>United States</namePart>
<namePart>Congress</namePart>
<namePart>House of Representatives</namePart>
<namePart>Committee on Appropriations</namePart>
<role>
<roleTerm authority="marcrelator" type="text">associated name</roleTerm>
<roleTerm authority="marcrelator" type="code">asn</roleTerm>
</role>
<description>Government Organization</description>
</name>
<identifier type="preferred citation">164 Cong. Rec. S349</identifier>
<extension>
<searchTitle>TEXT OF AMENDMENTS; Congressional Record Vol. 164, No. 12</searchTitle>
<granuleClass>SENATE</granuleClass>
<accessId>CREC-2018-01-19-pt1-PgS349-2</accessId>
<subGranuleClass>SAMENDMENTTEXT</subGranuleClass>
<pagePrefix>S</pagePrefix>
<bookNumber>1</bookNumber>
<chamber>SENATE</chamber>
<granuleDate>2018-01-19</granuleDate>
<bill congress="115" context="FIRSTPARAGRAPH" number="195" type="HR"/>
<bill congress="115" context="OTHER" number="195" type="HR"/>
<congCommittee authorityId="ssbu00" chamber="S" congress="115" type="S">
<name type="authority-standard">Committee on the Budget</name>
<name type="authority-short">Budget</name>
</congCommittee>
<congCommittee authorityId="ssap00" chamber="S" congress="115" type="S">
<name type="authority-standard">Committee on Appropriations</name>
<name type="authority-short">Appropriations</name>
</congCommittee>
<congCommittee authorityId="hsap00" chamber="H" congress="115" type="S">
<name type="authority-standard">Committee on Appropriations</name>
<name type="authority-short">Appropriations</name>
</congCommittee>
<law congress="115" isPrivate="false" number="56"/>
<USCode title="2">
<section number="632"/>
</USCode>
<USCode title="5">
<section number="2106"/>
</USCode>
<USCode title="10">
<section detail="(a)(4)" number="101"/>
</USCode>
<USCode title="31">
<section number="1341"/>
</USCode>
<USCode title="50">
<section number="1805"/>
<section number="1824"/>
<section number="1881a"/>
<section number="1881b"/>
<section number="1881d"/>
</USCode>
</extension>
<relatedItem type="isReferencedBy">
<titleInfo>
<title>United States House Bill 195  (115th Congress)</title>
</titleInfo>
<identifier type="Congressional Bill citation">H.R. 195</identifier>
<extension>
<congress>115</congress>
<context>FIRSTPARAGRAPH</context>
</extension>
</relatedItem>
<relatedItem type="isReferencedBy">
<titleInfo>
<title>United States House Bill 195  (115th Congress)</title>
</titleInfo>
<identifier type="Congressional Bill citation">H.R. 195</identifier>
<extension>
<congress>115</congress>
<context>OTHER</context>
</extension>
</relatedItem>
<relatedItem type="isReferencedBy">
<titleInfo>
<title>United States Code</title>
<partNumber>Title 2 Section 632</partNumber>
</titleInfo>
<identifier type="USC citation">2 U.S.C. 632</identifier>
</relatedItem>
<relatedItem type="isReferencedBy">
<titleInfo>
<title>United States Code</title>
<partNumber>Title 5 Section 2106</partNumber>
</titleInfo>
<identifier type="USC citation">5 U.S.C. 2106</identifier>
</relatedItem>
<relatedItem type="isReferencedBy">
<titleInfo>
<title>United States Code</title>
<partNumber>Title 10 Section 101(a)(4)</partNumber>
</titleInfo>
<identifier type="USC citation">10 U.S.C. 101(a)(4)</identifier>
</relatedItem>
<relatedItem type="isReferencedBy">
<titleInfo>
<title>United States Code</title>
<partNumber>Title 31 Section 1341</partNumber>
</titleInfo>
<identifier type="USC citation">31 U.S.C. 1341</identifier>
</relatedItem>
<relatedItem type="isReferencedBy">
<titleInfo>
<title>United States Code</title>
<partNumber>Title 50 Section 1805</partNumber>
<partNumber>Title 50 Section 1824</partNumber>
<partNumber>Title 50 Section 1881a</partNumber>
<partNumber>Title 50 Section 1881b</partNumber>
<partNumber>Title 50 Section 1881d</partNumber>
</titleInfo>
<identifier type="USC citation">50 U.S.C. 1805</identifier>
<identifier type="USC citation">50 U.S.C. 1824</identifier>
<identifier type="USC citation">50 U.S.C. 1881a</identifier>
<identifier type="USC citation">50 U.S.C. 1881b</identifier>
<identifier type="USC citation">50 U.S.C. 1881d</identifier>
</relatedItem>
<relatedItem>
<titleInfo>
<title>United States Public Law 115-56</title>
</titleInfo>
<identifier type="public law citation">Public Law 115-56</identifier>
</relatedItem>
<relatedItem ID="P0b002ee1980d731e" type="host">
<titleInfo>
<title>Congressional Record</title>
<partNumber>Vol. 164, no. 12</partNumber>
</titleInfo>
<location>
<url access="object in context" displayLabel="Content Detail">https://www.gpo.gov/fdsys/pkg/CREC-2018-01-19/content-detail.html</url>
<url access="raw object" displayLabel="PDF rendition">https://www.gpo.gov/fdsys/pkg/CREC-2018-01-19/pdf/CREC-2018-01-19.pdf</url>
</location>
<part type="issue">
<extent unit="pages">
<start>H557</start>
<end>H584</end>
</extent>
<extent unit="pages">
<start>S315</start>
<end>S357</end>
</extent>
<extent unit="pages">
<start>E69</start>
<end>E81</end>
</extent>
<extent unit="pages">
<start>D64</start>
<end>D68</end>
</extent>
</part>
<originInfo>
<publisher>U.S. Government Publishing Office</publisher>
<dateIssued encoding="w3cdtf">2018-01-19</dateIssued>
<issuance>continuing</issuance>
<frequency authority="marcfrequency">daily</frequency>
</originInfo>
<physicalDescription>
<note type="source content type">deposited</note>
<digitalOrigin>born digital</digitalOrigin>
<extent>178 p.</extent>
</physicalDescription>
<classification authority="sudocs">X 1.1/A:</classification>
<classification authority="sudocs">X/A.</classification>
<identifier type="uri">https://www.gpo.gov/fdsys/pkg/CREC-2018-01-19</identifier>
<identifier type="local">P0b002ee1980d731e</identifier>
<identifier type="stock number">752-002-00000-2</identifier>
<identifier type="ILS system id">000568013</identifier>
<identifier type="former package identifier">cr19ja18</identifier>
<recordInfo>
<recordContentSource authority="marcorg">DGPO</recordContentSource>
<recordCreationDate encoding="w3cdtf">2018-01-20</recordCreationDate>
<recordChangeDate encoding="w3cdtf">2018-01-20</recordChangeDate>
<recordIdentifier source="DGPO">CREC-2018-01-19</recordIdentifier>
<recordOrigin>machine generated</recordOrigin>
<languageOfCataloging>
<languageTerm authority="iso639-2b" type="code">eng</languageTerm>
</languageOfCataloging>
</recordInfo>
<accessCondition type="GPO scope determination">fdlp</accessCondition>
<extension>
<docClass>CREC</docClass>
<accessId>CREC-2018-01-19</accessId>
<volume>164</volume>
<issue>12</issue>
<congress>115</congress>
<session>2</session>
<bookCount>1</bookCount>
</extension>
</relatedItem>
</mods>