<mods ID="id-CREC-2018-01-17-pt1-PgH456-6" version="3.3" xmlns="http://www.loc.gov/mods/v3" xmlns:exslt="http://exslt.org/common" xmlns:xlink="http://www.w3.org/1999/xlink" xmlns:xsi="http://www.w3.org/2001/XMLSchema-instance" xsi:schemaLocation="http://www.loc.gov/mods/v3 http://www.loc.gov/standards/mods/v3/mods-3-3.xsd">
<name type="corporate">
<namePart>United States Government Publishing Office</namePart>
<role>
<roleTerm authority="marcrelator" type="text">publisher</roleTerm>
<roleTerm authority="marcrelator" type="code">pbl</roleTerm>
</role>
<role>
<roleTerm authority="marcrelator" type="text">distributor</roleTerm>
<roleTerm authority="marcrelator" type="code">dst</roleTerm>
</role>
</name>
<name type="corporate">
<namePart>United States</namePart>
<namePart>Congress</namePart>
<role>
<roleTerm authority="marcrelator" type="text">author</roleTerm>
<roleTerm authority="marcrelator" type="code">aut</roleTerm>
</role>
<description>Government Organization</description>
</name>
<typeOfResource>text</typeOfResource>
<genre authority="marcgt">government publication</genre>
<language>
<languageTerm authority="iso639-2b" type="code">eng</languageTerm>
</language>
<extension>
<collectionCode>CREC</collectionCode>
<category>Proceedings of Congress and General Congressional Publications</category>
<waisDatabaseName>2018_record</waisDatabaseName>
<branch>legislative</branch>
<dateIngested>2018-01-18</dateIngested>
</extension>
<titleInfo>
<title>150TH ANNIVERSARY OF THE FOUNDING OF LOUISBURG, KANSAS</title>
<partName>House</partName>
</titleInfo>
<relatedItem type="otherFormat" xlink:href="https://www.gpo.gov/fdsys/pkg/CREC-2018-01-17/html/CREC-2018-01-17-pt1-PgH456-6.htm">
<identifier type="FDsys Unique ID">D09002ee19807631c</identifier>
</relatedItem>
<relatedItem type="otherFormat" xlink:href="https://www.gpo.gov/fdsys/pkg/CREC-2018-01-17/pdf/CREC-2018-01-17-pt1-PgH456-6.pdf">
<identifier type="FDsys Unique ID">D09002ee19807636d</identifier>
</relatedItem>
<identifier type="congressional record citation">164 Cong. Rec. H456</identifier>
<identifier type="uri">https://www.gpo.gov/fdsys/granule/CREC-2018-01-17/CREC-2018-01-17-pt1-PgH456-6</identifier>
<identifier type="former granule identifier">cr17ja18-104</identifier>
<location>
<url access="object in context" displayLabel="Content Detail">https://www.gpo.gov/fdsys/granule/CREC-2018-01-17/CREC-2018-01-17-pt1-PgH456-6/content-detail.html</url>
<url access="raw object" displayLabel="PDF rendition">https://www.gpo.gov/fdsys/pkg/CREC-2018-01-17/pdf/CREC-2018-01-17-pt1-PgH456-6.pdf</url>
<url access="raw object" displayLabel="HTML rendition">https://www.gpo.gov/fdsys/pkg/CREC-2018-01-17/html/CREC-2018-01-17-pt1-PgH456-6.htm</url>
</location>
<physicalDescription>
<extent>2 p.</extent>
</physicalDescription>
<part type="article">
<extent unit="pages">
<start>H456</start>
<end>H457</end>
</extent>
</part>
<name type="personal">
<namePart>Kevin Yoder</namePart>
<affiliation>United States House of Representatives</affiliation>
<role>
<roleTerm type="text">speaking</roleTerm>
</role>
<description>United States Congress Member</description>
</name>
<identifier type="preferred citation">164 Cong. Rec. H456</identifier>
<extension>
<searchTitle>150TH ANNIVERSARY OF THE FOUNDING OF LOUISBURG, KANSAS; Congressional Record Vol. 164, No. 10</searchTitle>
<granuleClass>HOUSE</granuleClass>
<accessId>CREC-2018-01-17-pt1-PgH456-6</accessId>
<subGranuleClass>ALLOTHER</subGranuleClass>
<pagePrefix>H</pagePrefix>
<bookNumber>1</bookNumber>
<chamber>HOUSE</chamber>
<granuleDate>2018-01-17</granuleDate>
<time from="18:00:00" to="18:00:00"/>
<congMember authorityId="2021" bioGuideId="Y000063" chamber="H" congress="115" gpoId="7951" party="R" role="SPEAKING" state="KS">
<name type="parsed">Mr. YODER</name>
<name type="authority-fnf">Kevin Yoder</name>
<name type="authority-lnf">Yoder, Kevin</name>
</congMember>
</extension>
<relatedItem ID="P0b002ee19806992c" type="host">
<titleInfo>
<title>Congressional Record</title>
<partNumber>Vol. 164, no. 10</partNumber>
</titleInfo>
<location>
<url access="object in context" displayLabel="Content Detail">https://www.gpo.gov/fdsys/pkg/CREC-2018-01-17/content-detail.html</url>
<url access="raw object" displayLabel="PDF rendition">https://www.gpo.gov/fdsys/pkg/CREC-2018-01-17/pdf/CREC-2018-01-17.pdf</url>
</location>
<part type="issue">
<extent unit="pages">
<start>H415</start>
<end>H478</end>
</extent>
<extent unit="pages">
<start>S213</start>
<end>S264</end>
</extent>
<extent unit="pages">
<start>E51</start>
<end>E56</end>
</extent>
<extent unit="pages">
<start>D46</start>
<end>D54</end>
</extent>
</part>
<originInfo>
<publisher>U.S. Government Publishing Office</publisher>
<dateIssued encoding="w3cdtf">2018-01-17</dateIssued>
<issuance>continuing</issuance>
<frequency authority="marcfrequency">daily</frequency>
</originInfo>
<physicalDescription>
<note type="source content type">deposited</note>
<digitalOrigin>born digital</digitalOrigin>
<extent>262 p.</extent>
</physicalDescription>
<classification authority="sudocs">X 1.1/A:</classification>
<classification authority="sudocs">X/A.</classification>
<identifier type="uri">https://www.gpo.gov/fdsys/pkg/CREC-2018-01-17</identifier>
<identifier type="local">P0b002ee19806992c</identifier>
<identifier type="stock number">752-002-00000-2</identifier>
<identifier type="ILS system id">000568013</identifier>
<identifier type="former package identifier">cr17ja18</identifier>
<recordInfo>
<recordContentSource authority="marcorg">DGPO</recordContentSource>
<recordCreationDate encoding="w3cdtf">2018-01-18</recordCreationDate>
<recordChangeDate encoding="w3cdtf">2018-01-18</recordChangeDate>
<recordIdentifier source="DGPO">CREC-2018-01-17</recordIdentifier>
<recordOrigin>machine generated</recordOrigin>
<languageOfCataloging>
<languageTerm authority="iso639-2b" type="code">eng</languageTerm>
</languageOfCataloging>
</recordInfo>
<accessCondition type="GPO scope determination">fdlp</accessCondition>
<extension>
<docClass>CREC</docClass>
<accessId>CREC-2018-01-17</accessId>
<volume>164</volume>
<issue>10</issue>
<congress>115</congress>
<session>2</session>
<bookCount>1</bookCount>
</extension>
</relatedItem>
</mods>