<mods ID="id-CREC-2018-03-19-pt1-PgH1659-9" version="3.3" xmlns="http://www.loc.gov/mods/v3" xmlns:exslt="http://exslt.org/common" xmlns:xlink="http://www.w3.org/1999/xlink" xmlns:xsi="http://www.w3.org/2001/XMLSchema-instance" xsi:schemaLocation="http://www.loc.gov/mods/v3 http://www.loc.gov/standards/mods/v3/mods-3-3.xsd">
<name type="corporate">
<namePart>United States Government Publishing Office</namePart>
<role>
<roleTerm authority="marcrelator" type="text">publisher</roleTerm>
<roleTerm authority="marcrelator" type="code">pbl</roleTerm>
</role>
<role>
<roleTerm authority="marcrelator" type="text">distributor</roleTerm>
<roleTerm authority="marcrelator" type="code">dst</roleTerm>
</role>
</name>
<name type="corporate">
<namePart>United States</namePart>
<namePart>Congress</namePart>
<role>
<roleTerm authority="marcrelator" type="text">author</roleTerm>
<roleTerm authority="marcrelator" type="code">aut</roleTerm>
</role>
<description>Government Organization</description>
</name>
<typeOfResource>text</typeOfResource>
<genre authority="marcgt">government publication</genre>
<language>
<languageTerm authority="iso639-2b" type="code">eng</languageTerm>
</language>
<extension>
<collectionCode>CREC</collectionCode>
<category>Proceedings of Congress and General Congressional Publications</category>
<waisDatabaseName>2018_record</waisDatabaseName>
<branch>legislative</branch>
<dateIngested>2018-03-20</dateIngested>
</extension>
<titleInfo>
<title>CEILING FAN ENERGY CONSERVATION HARMONIZATION ACT</title>
<partName>House</partName>
</titleInfo>
<relatedItem type="otherFormat" xlink:href="https://www.gpo.gov/fdsys/pkg/CREC-2018-03-19/html/CREC-2018-03-19-pt1-PgH1659-9.htm">
<identifier type="FDsys Unique ID">D09002ee199b85a90</identifier>
</relatedItem>
<relatedItem type="otherFormat" xlink:href="https://www.gpo.gov/fdsys/pkg/CREC-2018-03-19/pdf/CREC-2018-03-19-pt1-PgH1659-9.pdf">
<identifier type="FDsys Unique ID">D09002ee199b85bb5</identifier>
</relatedItem>
<identifier type="congressional record citation">164 Cong. Rec. H1659</identifier>
<identifier type="uri">https://www.gpo.gov/fdsys/granule/CREC-2018-03-19/CREC-2018-03-19-pt1-PgH1659-9</identifier>
<identifier type="former granule identifier">cr19mr18-64</identifier>
<location>
<url access="object in context" displayLabel="Content Detail">https://www.gpo.gov/fdsys/granule/CREC-2018-03-19/CREC-2018-03-19-pt1-PgH1659-9/content-detail.html</url>
<url access="raw object" displayLabel="PDF rendition">https://www.gpo.gov/fdsys/pkg/CREC-2018-03-19/pdf/CREC-2018-03-19-pt1-PgH1659-9.pdf</url>
<url access="raw object" displayLabel="HTML rendition">https://www.gpo.gov/fdsys/pkg/CREC-2018-03-19/html/CREC-2018-03-19-pt1-PgH1659-9.htm</url>
</location>
<physicalDescription>
<extent>3 p.</extent>
</physicalDescription>
<part type="article">
<extent unit="pages">
<start>H1659</start>
<end>H1661</end>
</extent>
</part>
<name type="personal">
<namePart>Fred Upton</namePart>
<affiliation>United States House of Representatives</affiliation>
<role>
<roleTerm type="text">speaking</roleTerm>
</role>
<description>United States Congress Member</description>
</name>
<name type="personal">
<namePart>Jerry McNerney</namePart>
<affiliation>United States House of Representatives</affiliation>
<role>
<roleTerm type="text">speaking</roleTerm>
</role>
<description>United States Congress Member</description>
</name>
<identifier type="preferred citation">164 Cong. Rec. H1659</identifier>
<extension>
<searchTitle>CEILING FAN ENERGY CONSERVATION HARMONIZATION ACT; Congressional Record Vol. 164, No. 47</searchTitle>
<associatedBills>S. 2030, 115th Congress
        </associatedBills>
<granuleClass>HOUSE</granuleClass>
<accessId>CREC-2018-03-19-pt1-PgH1659-9</accessId>
<subGranuleClass>ALLOTHER</subGranuleClass>
<pagePrefix>H</pagePrefix>
<bookNumber>1</bookNumber>
<chamber>HOUSE</chamber>
<granuleDate>2018-03-19</granuleDate>
<time from="15:45:00" to="15:45:00"/>
<bill congress="115" context="HEADERLINE" number="2030" type="S"/>
<bill congress="115" context="FIRSTPARAGRAPH" number="2030" type="S"/>
<bill congress="115" context="OTHER" number="2030" type="S"/>
<bill congress="115" context="OTHER" number="3477" type="HR"/>
<congMember authorityId="1177" bioGuideId="U000031" chamber="H" congress="115" gpoId="7991" party="R" role="SPEAKING" state="MI">
<name type="parsed">Mr. UPTON</name>
<name type="authority-fnf">Fred Upton</name>
<name type="authority-lnf">Upton, Fred</name>
</congMember>
<congMember authorityId="1832" bioGuideId="M001166" chamber="H" congress="115" gpoId="7816" party="D" role="SPEAKING" state="CA">
<name type="parsed">Mr. McNERNEY</name>
<name type="authority-fnf">Jerry McNerney</name>
<name type="authority-lnf">McNerney, Jerry</name>
</congMember>
</extension>
<relatedItem type="isReferencedBy">
<titleInfo>
<title>United States Senate Bill 2030  (115th Congress)</title>
</titleInfo>
<identifier type="Congressional Bill citation">S. 2030</identifier>
<extension>
<congress>115</congress>
<context>HEADERLINE</context>
</extension>
</relatedItem>
<relatedItem type="isReferencedBy">
<titleInfo>
<title>United States Senate Bill 2030  (115th Congress)</title>
</titleInfo>
<identifier type="Congressional Bill citation">S. 2030</identifier>
<extension>
<congress>115</congress>
<context>FIRSTPARAGRAPH</context>
</extension>
</relatedItem>
<relatedItem type="isReferencedBy">
<titleInfo>
<title>United States Senate Bill 2030  (115th Congress)</title>
</titleInfo>
<identifier type="Congressional Bill citation">S. 2030</identifier>
<extension>
<congress>115</congress>
<context>OTHER</context>
</extension>
</relatedItem>
<relatedItem type="isReferencedBy">
<titleInfo>
<title>United States House Bill 3477  (115th Congress)</title>
</titleInfo>
<identifier type="Congressional Bill citation">H.R. 3477</identifier>
<extension>
<congress>115</congress>
<context>OTHER</context>
</extension>
</relatedItem>
<relatedItem ID="P0b002ee199b850c0" type="host">
<titleInfo>
<title>Congressional Record</title>
<partNumber>Vol. 164, no. 47</partNumber>
</titleInfo>
<location>
<url access="object in context" displayLabel="Content Detail">https://www.gpo.gov/fdsys/pkg/CREC-2018-03-19/content-detail.html</url>
<url access="raw object" displayLabel="PDF rendition">https://www.gpo.gov/fdsys/pkg/CREC-2018-03-19/pdf/CREC-2018-03-19.pdf</url>
</location>
<part type="issue">
<extent unit="pages">
<start>H1655</start>
<end>H1699</end>
</extent>
<extent unit="pages">
<start>S1773</start>
<end>S1797</end>
</extent>
<extent unit="pages">
<start>E333</start>
<end>E339</end>
</extent>
<extent unit="pages">
<start>D300</start>
<end>D310</end>
</extent>
</part>
<originInfo>
<publisher>U.S. Government Publishing Office</publisher>
<dateIssued encoding="w3cdtf">2018-03-19</dateIssued>
<issuance>continuing</issuance>
<frequency authority="marcfrequency">daily</frequency>
</originInfo>
<physicalDescription>
<note type="source content type">deposited</note>
<digitalOrigin>born digital</digitalOrigin>
<extent>176 p.</extent>
</physicalDescription>
<classification authority="sudocs">X 1.1/A:</classification>
<classification authority="sudocs">X/A.</classification>
<identifier type="uri">https://www.gpo.gov/fdsys/pkg/CREC-2018-03-19</identifier>
<identifier type="local">P0b002ee199b850c0</identifier>
<identifier type="stock number">752-002-00000-2</identifier>
<identifier type="ILS system id">000568013</identifier>
<identifier type="former package identifier">cr19mr18</identifier>
<recordInfo>
<recordContentSource authority="marcorg">DGPO</recordContentSource>
<recordCreationDate encoding="w3cdtf">2018-03-20</recordCreationDate>
<recordChangeDate encoding="w3cdtf">2018-03-20</recordChangeDate>
<recordIdentifier source="DGPO">CREC-2018-03-19</recordIdentifier>
<recordOrigin>machine generated</recordOrigin>
<languageOfCataloging>
<languageTerm authority="iso639-2b" type="code">eng</languageTerm>
</languageOfCataloging>
</recordInfo>
<accessCondition type="GPO scope determination">fdlp</accessCondition>
<extension>
<docClass>CREC</docClass>
<accessId>CREC-2018-03-19</accessId>
<volume>164</volume>
<issue>47</issue>
<congress>115</congress>
<session>2</session>
<bookCount>1</bookCount>
</extension>
</relatedItem>
</mods>