<mods ID="id-CREC-2017-03-30-pt1-PgS2151" version="3.3" xmlns="http://www.loc.gov/mods/v3" xmlns:exslt="http://exslt.org/common" xmlns:xlink="http://www.w3.org/1999/xlink" xmlns:xsi="http://www.w3.org/2001/XMLSchema-instance" xsi:schemaLocation="http://www.loc.gov/mods/v3 http://www.loc.gov/standards/mods/v3/mods-3-3.xsd">
<name type="corporate">
<namePart>United States Government Publishing Office</namePart>
<role>
<roleTerm authority="marcrelator" type="text">publisher</roleTerm>
<roleTerm authority="marcrelator" type="code">pbl</roleTerm>
</role>
<role>
<roleTerm authority="marcrelator" type="text">distributor</roleTerm>
<roleTerm authority="marcrelator" type="code">dst</roleTerm>
</role>
</name>
<name type="corporate">
<namePart>United States</namePart>
<namePart>Congress</namePart>
<role>
<roleTerm authority="marcrelator" type="text">author</roleTerm>
<roleTerm authority="marcrelator" type="code">aut</roleTerm>
</role>
<description>Government Organization</description>
</name>
<typeOfResource>text</typeOfResource>
<genre authority="marcgt">government publication</genre>
<language>
<languageTerm authority="iso639-2b" type="code">eng</languageTerm>
</language>
<extension>
<collectionCode>CREC</collectionCode>
<category>Proceedings of Congress and General Congressional Publications</category>
<waisDatabaseName>2017_record</waisDatabaseName>
<branch>legislative</branch>
<dateIngested>2017-03-31</dateIngested>
</extension>
<titleInfo>
<title>MESSAGES FROM THE HOUSE</title>
<partName>Senate</partName>
</titleInfo>
<relatedItem type="otherFormat" xlink:href="https://www.gpo.gov/fdsys/pkg/CREC-2017-03-30/html/CREC-2017-03-30-pt1-PgS2151.htm">
<identifier type="FDsys Unique ID">D09002ee196a7232f</identifier>
</relatedItem>
<relatedItem type="otherFormat" xlink:href="https://www.gpo.gov/fdsys/pkg/CREC-2017-03-30/pdf/CREC-2017-03-30-pt1-PgS2151.pdf">
<identifier type="FDsys Unique ID">D09002ee196a72496</identifier>
</relatedItem>
<identifier type="congressional record citation">163 Cong. Rec. S2151</identifier>
<identifier type="uri">https://www.gpo.gov/fdsys/granule/CREC-2017-03-30/CREC-2017-03-30-pt1-PgS2151</identifier>
<identifier type="former granule identifier">cr30mr17-154</identifier>
<location>
<url access="object in context" displayLabel="Content Detail">https://www.gpo.gov/fdsys/granule/CREC-2017-03-30/CREC-2017-03-30-pt1-PgS2151/content-detail.html</url>
<url access="raw object" displayLabel="PDF rendition">https://www.gpo.gov/fdsys/pkg/CREC-2017-03-30/pdf/CREC-2017-03-30-pt1-PgS2151.pdf</url>
<url access="raw object" displayLabel="HTML rendition">https://www.gpo.gov/fdsys/pkg/CREC-2017-03-30/html/CREC-2017-03-30-pt1-PgS2151.htm</url>
</location>
<physicalDescription>
<extent>1 p.</extent>
</physicalDescription>
<part type="article">
<extent unit="pages">
<start>S2151</start>
<end>S2151</end>
</extent>
</part>
<identifier type="preferred citation">163 Cong. Rec. S2151</identifier>
<extension>
<searchTitle>MESSAGES FROM THE HOUSE; Congressional Record Vol. 163, No. 56</searchTitle>
<granuleClass>SENATE</granuleClass>
<accessId>CREC-2017-03-30-pt1-PgS2151</accessId>
<subGranuleClass>SMSGHOUSE</subGranuleClass>
<pagePrefix>S</pagePrefix>
<bookNumber>1</bookNumber>
<chamber>SENATE</chamber>
<granuleDate>2017-03-30</granuleDate>
<bill congress="115" context="OTHER" number="34" type="SJRES"/>
<bill congress="115" context="OTHER" number="1430" type="HR"/>
<bill congress="115" context="OTHER" number="1431" type="HR"/>
<USCode title="5">
<chapter number="8"/>
</USCode>
</extension>
<relatedItem type="isReferencedBy">
<titleInfo>
<title>United States Senate Joint Resolution 34  (115th Congress)</title>
</titleInfo>
<identifier type="Congressional Bill citation">S.J. Res. 34</identifier>
<extension>
<congress>115</congress>
<context>OTHER</context>
</extension>
</relatedItem>
<relatedItem type="isReferencedBy">
<titleInfo>
<title>United States House Bill 1430  (115th Congress)</title>
</titleInfo>
<identifier type="Congressional Bill citation">H.R. 1430</identifier>
<extension>
<congress>115</congress>
<context>OTHER</context>
</extension>
</relatedItem>
<relatedItem type="isReferencedBy">
<titleInfo>
<title>United States House Bill 1431  (115th Congress)</title>
</titleInfo>
<identifier type="Congressional Bill citation">H.R. 1431</identifier>
<extension>
<congress>115</congress>
<context>OTHER</context>
</extension>
</relatedItem>
<relatedItem type="isReferencedBy">
<titleInfo>
<title>United States Code</title>
<partNumber>Title 5 Chapter 8</partNumber>
</titleInfo>
<identifier type="USC citation">5 U.S.C. Chapter 8</identifier>
</relatedItem>
<relatedItem ID="P0b002ee194430210" type="host">
<titleInfo>
<title>Congressional Record</title>
<partNumber>Vol. 163, no. 56</partNumber>
</titleInfo>
<location>
<url access="object in context" displayLabel="Content Detail">https://www.gpo.gov/fdsys/pkg/CREC-2017-03-30/content-detail.html</url>
<url access="raw object" displayLabel="PDF rendition">https://www.gpo.gov/fdsys/pkg/CREC-2017-03-30/pdf/CREC-2017-03-30.pdf</url>
</location>
<part type="issue">
<extent unit="pages">
<start>H2563</start>
<end>H2601</end>
</extent>
<extent unit="pages">
<start>S2119</start>
<end>S2157</end>
</extent>
<extent unit="pages">
<start>E415</start>
<end>E418</end>
</extent>
<extent unit="pages">
<start>D370</start>
<end>D376</end>
</extent>
</part>
<originInfo>
<publisher>U.S. Government Publishing Office</publisher>
<dateIssued encoding="w3cdtf">2017-03-30</dateIssued>
<issuance>continuing</issuance>
<frequency authority="marcfrequency">daily</frequency>
</originInfo>
<physicalDescription>
<note type="source content type">deposited</note>
<digitalOrigin>born digital</digitalOrigin>
<extent>178 p.</extent>
</physicalDescription>
<classification authority="sudocs">X 1.1/A:</classification>
<classification authority="sudocs">X/A.</classification>
<identifier type="uri">https://www.gpo.gov/fdsys/pkg/CREC-2017-03-30</identifier>
<identifier type="local">P0b002ee194430210</identifier>
<identifier type="stock number">752-002-00000-2</identifier>
<identifier type="ILS system id">000568013</identifier>
<identifier type="former package identifier">cr30mr17</identifier>
<recordInfo>
<recordContentSource authority="marcorg">DGPO</recordContentSource>
<recordCreationDate encoding="w3cdtf">2017-03-31</recordCreationDate>
<recordChangeDate encoding="w3cdtf">2017-08-21</recordChangeDate>
<recordIdentifier source="DGPO">CREC-2017-03-30</recordIdentifier>
<recordOrigin>machine generated</recordOrigin>
<languageOfCataloging>
<languageTerm authority="iso639-2b" type="code">eng</languageTerm>
</languageOfCataloging>
</recordInfo>
<accessCondition type="GPO scope determination">fdlp</accessCondition>
<extension>
<docClass>CREC</docClass>
<accessId>CREC-2017-03-30</accessId>
<volume>163</volume>
<issue>56</issue>
<congress>115</congress>
<session>1</session>
<bookCount>1</bookCount>
</extension>
</relatedItem>
</mods>