<mods ID="id-CREC-2017-01-05-pt1-PgS75-3" version="3.3" xmlns="http://www.loc.gov/mods/v3" xmlns:exslt="http://exslt.org/common" xmlns:xlink="http://www.w3.org/1999/xlink" xmlns:xsi="http://www.w3.org/2001/XMLSchema-instance" xsi:schemaLocation="http://www.loc.gov/mods/v3 http://www.loc.gov/standards/mods/v3/mods-3-3.xsd">
<name type="corporate">
<namePart>United States Government Publishing Office</namePart>
<role>
<roleTerm authority="marcrelator" type="text">publisher</roleTerm>
<roleTerm authority="marcrelator" type="code">pbl</roleTerm>
</role>
<role>
<roleTerm authority="marcrelator" type="text">distributor</roleTerm>
<roleTerm authority="marcrelator" type="code">dst</roleTerm>
</role>
</name>
<name type="corporate">
<namePart>United States</namePart>
<namePart>Congress</namePart>
<role>
<roleTerm authority="marcrelator" type="text">author</roleTerm>
<roleTerm authority="marcrelator" type="code">aut</roleTerm>
</role>
<description>Government Organization</description>
</name>
<typeOfResource>text</typeOfResource>
<genre authority="marcgt">government publication</genre>
<language>
<languageTerm authority="iso639-2b" type="code">eng</languageTerm>
</language>
<extension>
<collectionCode>CREC</collectionCode>
<category>Proceedings of Congress and General Congressional Publications</category>
<waisDatabaseName>2017_record</waisDatabaseName>
<branch>legislative</branch>
<dateIngested>2017-06-09</dateIngested>
</extension>
<titleInfo>
<title>CONCURRENT RESOLUTION ON THE BUDGET, FISCAL YEAR 2017</title>
<partName>Senate</partName>
</titleInfo>
<relatedItem type="otherFormat" xlink:href="https://www.gpo.gov/fdsys/pkg/CREC-2017-01-05/html/CREC-2017-01-05-pt1-PgS75-3.htm">
<identifier type="FDsys Unique ID">D09002ee196a69e21</identifier>
</relatedItem>
<relatedItem type="otherFormat" xlink:href="https://www.gpo.gov/fdsys/pkg/CREC-2017-01-05/pdf/CREC-2017-01-05-pt1-PgS75-3.pdf">
<identifier type="FDsys Unique ID">D09002ee196a69f40</identifier>
</relatedItem>
<identifier type="congressional record citation">163 Cong. Rec. S75</identifier>
<identifier type="uri">https://www.gpo.gov/fdsys/granule/CREC-2017-01-05/CREC-2017-01-05-pt1-PgS75-3</identifier>
<identifier type="former granule identifier">CR05JA17-160</identifier>
<location>
<url access="object in context" displayLabel="Content Detail">https://www.gpo.gov/fdsys/granule/CREC-2017-01-05/CREC-2017-01-05-pt1-PgS75-3/content-detail.html</url>
<url access="raw object" displayLabel="PDF rendition">https://www.gpo.gov/fdsys/pkg/CREC-2017-01-05/pdf/CREC-2017-01-05-pt1-PgS75-3.pdf</url>
<url access="raw object" displayLabel="HTML rendition">https://www.gpo.gov/fdsys/pkg/CREC-2017-01-05/html/CREC-2017-01-05-pt1-PgS75-3.htm</url>
</location>
<physicalDescription>
<extent>32 p.</extent>
</physicalDescription>
<part type="article">
<extent unit="pages">
<start>S75</start>
<end>S106</end>
</extent>
</part>
<name type="personal">
<namePart>Richard Durbin</namePart>
<affiliation>United States Senate</affiliation>
<role>
<roleTerm type="text">speaking</roleTerm>
</role>
<description>United States Congress Member</description>
</name>
<name type="personal">
<namePart>Benjamin L. Cardin</namePart>
<affiliation>United States Senate</affiliation>
<role>
<roleTerm type="text">speaking</roleTerm>
</role>
<description>United States Congress Member</description>
</name>
<name type="personal">
<namePart>Tim Kaine</namePart>
<affiliation>United States Senate</affiliation>
<role>
<roleTerm type="text">speaking</roleTerm>
</role>
<description>United States Congress Member</description>
</name>
<name type="personal">
<namePart>Michael B. Enzi</namePart>
<affiliation>United States Senate</affiliation>
<role>
<roleTerm type="text">speaking</roleTerm>
</role>
<description>United States Congress Member</description>
</name>
<name type="personal">
<namePart>Christopher S. Murphy</namePart>
<affiliation>United States Senate</affiliation>
<role>
<roleTerm type="text">speaking</roleTerm>
</role>
<description>United States Congress Member</description>
</name>
<name type="personal">
<namePart>John Cornyn</namePart>
<affiliation>United States Senate</affiliation>
<role>
<roleTerm type="text">speaking</roleTerm>
</role>
<description>United States Congress Member</description>
</name>
<name type="personal">
<namePart>Roy Blunt</namePart>
<affiliation>United States Senate</affiliation>
<role>
<roleTerm type="text">speaking</roleTerm>
</role>
<description>United States Congress Member</description>
</name>
<name type="personal">
<namePart>Ron Wyden</namePart>
<affiliation>United States Senate</affiliation>
<role>
<roleTerm type="text">speaking</roleTerm>
</role>
<description>United States Congress Member</description>
</name>
<name type="personal">
<namePart>Jerry Moran</namePart>
<affiliation>United States Senate</affiliation>
<role>
<roleTerm type="text">speaking</roleTerm>
</role>
<description>United States Congress Member</description>
</name>
<name type="personal">
<namePart>Thomas R. Carper</namePart>
<affiliation>United States Senate</affiliation>
<role>
<roleTerm type="text">speaking</roleTerm>
</role>
<description>United States Congress Member</description>
</name>
<name type="personal">
<namePart>Bill Cassidy</namePart>
<affiliation>United States Senate</affiliation>
<role>
<roleTerm type="text">speaking</roleTerm>
</role>
<description>United States Congress Member</description>
</name>
<name type="personal">
<namePart>Orrin G. Hatch</namePart>
<affiliation>United States Senate</affiliation>
<role>
<roleTerm type="text">speaking</roleTerm>
</role>
<description>United States Congress Member</description>
</name>
<name type="personal">
<namePart>Rob Portman</namePart>
<affiliation>United States Senate</affiliation>
<role>
<roleTerm type="text">speaking</roleTerm>
</role>
<description>United States Congress Member</description>
</name>
<name type="personal">
<namePart>Ted Cruz</namePart>
<affiliation>United States Senate</affiliation>
<role>
<roleTerm type="text">speaking</roleTerm>
</role>
<description>United States Congress Member</description>
</name>
<name type="personal">
<namePart>Sheldon Whitehouse</namePart>
<affiliation>United States Senate</affiliation>
<role>
<roleTerm type="text">speaking</roleTerm>
</role>
<description>United States Congress Member</description>
</name>
<name type="personal">
<namePart>Cory A. Booker</namePart>
<affiliation>United States Senate</affiliation>
<role>
<roleTerm type="text">speaking</roleTerm>
</role>
<description>United States Congress Member</description>
</name>
<name type="personal">
<namePart>Deb Fischer</namePart>
<affiliation>United States Senate</affiliation>
<role>
<roleTerm type="text">speaking</roleTerm>
</role>
<description>United States Congress Member</description>
</name>
<name type="personal">
<namePart>Mike Lee</namePart>
<affiliation>United States Senate</affiliation>
<role>
<roleTerm type="text">speaking</roleTerm>
</role>
<description>United States Congress Member</description>
</name>
<name type="personal">
<namePart>Chris Van Hollen</namePart>
<affiliation>United States Senate</affiliation>
<role>
<roleTerm type="text">speaking</roleTerm>
</role>
<description>United States Congress Member</description>
</name>
<name type="personal">
<namePart>Chuck Grassley</namePart>
<affiliation>United States Senate</affiliation>
<role>
<roleTerm type="text">speaking</roleTerm>
</role>
<description>United States Congress Member</description>
</name>
<name type="personal">
<namePart>Charles E. Schumer</namePart>
<affiliation>United States Senate</affiliation>
<role>
<roleTerm type="text">speaking</roleTerm>
</role>
<description>United States Congress Member</description>
</name>
<name type="personal">
<namePart>Mitch McConnell</namePart>
<affiliation>United States Senate</affiliation>
<role>
<roleTerm type="text">speaking</roleTerm>
</role>
<description>United States Congress Member</description>
</name>
<name type="corporate">
<namePart>United States</namePart>
<namePart>Congress</namePart>
<namePart/>
<namePart>Joint Committee on Taxation</namePart>
<role>
<roleTerm authority="marcrelator" type="text">associated name</roleTerm>
<roleTerm authority="marcrelator" type="code">asn</roleTerm>
</role>
<description>Government Organization</description>
</name>
<identifier type="preferred citation">163 Cong. Rec. S75</identifier>
<identifier type="congressional vote number">SENATE Rollcall Vote No.2(115th Congress)</identifier>
<extension>
<searchTitle>CONCURRENT RESOLUTION ON THE BUDGET, FISCAL YEAR 2017; Congressional Record Vol. 163, No. 3</searchTitle>
<granuleClass>SENATE</granuleClass>
<accessId>CREC-2017-01-05-pt1-PgS75-3</accessId>
<subGranuleClass>ALLOTHER</subGranuleClass>
<pagePrefix>S</pagePrefix>
<bookNumber>1</bookNumber>
<chamber>SENATE</chamber>
<granuleDate>2017-01-05</granuleDate>
<congVote chamber="SENATE" congress="115" nocount="0" number="2" yescount="0">
<result>Three-fifths of the Senators duly chosen and sworn not having voted
in the affirmative, the motion is rejected.</result>
<inDailyDigest>false</inDailyDigest>
</congVote>
<amendment chamber="SENATE" congress="115" context="HEADERLINE" number="8"/>
<amendment chamber="SENATE" congress="115" context="HEADERLINE" number="8"/>
<amendment chamber="SENATE" congress="115" context="HEADERLINE" number="1"/>
<amendment chamber="SENATE" congress="115" context="OTHER" number="8"/>
<amendment chamber="SENATE" congress="115" context="OTHER" number="8"/>
<amendment chamber="SENATE" congress="115" context="OTHER" number="8"/>
<amendment chamber="SENATE" congress="115" context="OTHER" number="8"/>
<amendment chamber="SENATE" congress="115" context="OTHER" number="8"/>
<amendment chamber="SENATE" congress="115" context="OTHER" number="8"/>
<amendment chamber="SENATE" congress="115" context="OTHER" number="8"/>
<amendment chamber="SENATE" congress="115" context="OTHER" number="8"/>
<amendment chamber="SENATE" congress="115" context="OTHER" number="8"/>
<amendment chamber="SENATE" congress="115" context="OTHER" number="8"/>
<amendment chamber="SENATE" congress="115" context="OTHER" number="1"/>
<amendment chamber="SENATE" congress="115" context="OTHER" number="1"/>
<amendment chamber="SENATE" congress="115" context="OTHER" number="1"/>
<amendment chamber="SENATE" congress="115" context="OTHER" number="19"/>
<bill congress="115" context="OTHER" number="3" type="SCONRES"/>
<congCommittee authorityId="jstx00" chamber="J" congress="115" type="J">
<name type="authority-standard">Joint Committee on Taxation</name>
<name type="authority-short">Joint Taxation</name>
</congCommittee>
<congMember authorityId="326" bioGuideId="D000563" chamber="S" congress="115" gpoId="8326" party="D" role="SPEAKING" state="IL">
<name type="parsed">Mr. DURBIN</name>
<name type="authority-fnf">Richard Durbin</name>
<name type="authority-lnf">Durbin, Richard</name>
<name type="authority-other">Richard J. Durbin</name>
</congMember>
<congMember authorityId="174" bioGuideId="C000141" chamber="S" congress="115" gpoId="8287" party="D" role="SPEAKING" state="MD">
<name type="parsed">Mr. CARDIN</name>
<name type="authority-fnf">Benjamin L. Cardin</name>
<name type="authority-lnf">Cardin, Benjamin L.</name>
<name type="authority-other">Benjamin Cardin</name>
</congMember>
<congMember authorityId="2176" bioGuideId="K000384" chamber="S" congress="115" party="D" role="SPEAKING" state="VA">
<name type="parsed">Mr. KAINE</name>
<name type="authority-fnf">Tim Kaine</name>
<name type="authority-lnf">Kaine, Tim</name>
<name type="authority-other">Mr. Timothy Kaine</name>
</congMember>
<congMember authorityId="1542" bioGuideId="E000285" chamber="S" congress="115" gpoId="8328" party="R" role="SPEAKING" state="WY">
<name type="parsed">Mr. ENZI</name>
<name type="authority-fnf">Michael B. Enzi</name>
<name type="authority-lnf">Enzi, Michael B.</name>
<name type="authority-other">Michael Enzi</name>
</congMember>
<congMember authorityId="1837" bioGuideId="M001169" chamber="S" congress="115" gpoId="7870" party="D" role="SPEAKING" state="CT">
<name type="parsed">Mr. MURPHY</name>
<name type="authority-fnf">Christopher S. Murphy</name>
<name type="authority-lnf">Murphy, Christopher S.</name>
<name type="authority-other">Mr. Christopher Murphy</name>
</congMember>
<congMember authorityId="1692" bioGuideId="C001056" chamber="S" congress="115" gpoId="8295" party="R" role="SPEAKING" state="TX">
<name type="parsed">Mr. CORNYN</name>
<name type="authority-fnf">John Cornyn</name>
<name type="authority-lnf">Cornyn, John</name>
</congMember>
<congMember authorityId="1464" bioGuideId="B000575" chamber="S" congress="115" gpoId="8313" party="R" role="SPEAKING" state="MO">
<name type="parsed">Mr. BLUNT</name>
<name type="authority-fnf">Roy Blunt</name>
<name type="authority-lnf">Blunt, Roy</name>
</congMember>
<congMember authorityId="1247" bioGuideId="W000779" chamber="S" congress="115" gpoId="8265" party="D" role="SPEAKING" state="OR">
<name type="parsed">Mr. WYDEN</name>
<name type="authority-fnf">Ron Wyden</name>
<name type="authority-lnf">Wyden, Ron</name>
</congMember>
<congMember authorityId="1507" bioGuideId="M000934" chamber="S" congress="115" gpoId="8307" party="R" role="SPEAKING" state="KS">
<name type="parsed">Mr. MORAN</name>
<name type="authority-fnf">Jerry Moran</name>
<name type="authority-lnf">Moran, Jerry</name>
</congMember>
<congMember authorityId="179" bioGuideId="C000174" chamber="S" congress="115" gpoId="8283" party="D" role="SPEAKING" state="DE">
<name type="parsed">Mr. CARPER</name>
<name type="authority-fnf">Thomas R. Carper</name>
<name type="authority-lnf">Carper, Thomas R.</name>
<name type="authority-other">Thomas Carper</name>
</congMember>
<congMember authorityId="1925" bioGuideId="C001075" chamber="S" congress="115" gpoId="7964" party="R" role="SPEAKING" state="LA">
<name type="parsed">Mr. CASSIDY</name>
<name type="authority-fnf">Bill Cassidy</name>
<name type="authority-lnf">Cassidy, Bill</name>
</congMember>
<congMember authorityId="1351" bioGuideId="H000338" chamber="S" congress="115" gpoId="8314" party="R" role="SPEAKING" state="UT">
<name type="parsed">Mr. HATCH</name>
<name type="authority-fnf">Orrin G. Hatch</name>
<name type="authority-lnf">Hatch, Orrin G.</name>
<name type="authority-other">Orrin Grant Hatch</name>
</congMember>
<congMember authorityId="924" bioGuideId="P000449" chamber="S" congress="115" gpoId="8266" party="R" role="SPEAKING" state="OH">
<name type="parsed">Mr. PORTMAN</name>
<name type="authority-fnf">Rob Portman</name>
<name type="authority-lnf">Portman, Rob</name>
</congMember>
<congMember authorityId="2175" bioGuideId="C001098" chamber="S" congress="115" party="R" role="SPEAKING" state="TX">
<name type="parsed">Mr. CRUZ</name>
<name type="authority-fnf">Ted Cruz</name>
<name type="authority-lnf">Cruz, Ted</name>
</congMember>
<congMember authorityId="1823" bioGuideId="W000802" chamber="S" congress="115" gpoId="8264" party="D" role="SPEAKING" state="RI">
<name type="parsed">Mr. WHITEHOUSE</name>
<name type="authority-fnf">Sheldon Whitehouse</name>
<name type="authority-lnf">Whitehouse, Sheldon</name>
</congMember>
<congMember authorityId="2194" bioGuideId="B001288" chamber="S" congress="115" party="D" role="SPEAKING" state="NJ">
<name type="parsed">Mr. BOOKER</name>
<name type="authority-fnf">Cory A. Booker</name>
<name type="authority-lnf">Booker, Cory A.</name>
<name type="authority-other">Mr. Cory Booker</name>
</congMember>
<congMember authorityId="2179" bioGuideId="F000463" chamber="S" congress="115" party="R" role="SPEAKING" state="NE">
<name type="parsed">Mrs. FISCHER</name>
<name type="authority-fnf">Deb Fischer</name>
<name type="authority-lnf">Fischer, Deb</name>
</congMember>
<congMember authorityId="2080" bioGuideId="L000577" chamber="S" congress="115" gpoId="8303" party="R" role="SPEAKING" state="UT">
<name type="parsed">Mr. LEE</name>
<name type="authority-fnf">Mike Lee</name>
<name type="authority-lnf">Lee, Mike</name>
</congMember>
<congMember authorityId="1729" bioGuideId="V000128" chamber="S" congress="115" gpoId="7983" party="D" role="SPEAKING" state="MD">
<name type="parsed">Mr. VAN HOLLEN</name>
<name type="authority-fnf">Chris Van Hollen</name>
<name type="authority-lnf">Van Hollen, Chris</name>
</congMember>
<congMember authorityId="457" bioGuideId="G000386" chamber="S" congress="115" gpoId="8316" party="R" role="SPEAKING" state="IA">
<name type="parsed">Mr. GRASSLEY</name>
<name type="authority-fnf">Chuck Grassley</name>
<name type="authority-lnf">Grassley, Chuck</name>
<name type="authority-other">Charles Ernest Grassley</name>
</congMember>
<congMember authorityId="1036" bioGuideId="S000148" chamber="S" congress="115" gpoId="8279" party="D" role="SPEAKING" state="NY">
<name type="parsed">Mr. SCHUMER</name>
<name type="authority-fnf">Charles E. Schumer</name>
<name type="authority-lnf">Schumer, Charles E.</name>
<name type="authority-other">Charles Schumer</name>
</congMember>
<congMember authorityId="1395" bioGuideId="M000355" chamber="S" congress="115" gpoId="8254" party="R" role="SPEAKING" state="KY">
<name type="parsed">Mr. McCONNELL</name>
<name type="authority-fnf">Mitch McConnell</name>
<name type="authority-lnf">McConnell, Mitch</name>
</congMember>
<law congress="111" isPrivate="false" number="148"/>
<statuteAtLarge volume="124">
<pages pages="130"/>
</statuteAtLarge>
</extension>
<relatedItem type="isReferencedBy">
<titleInfo>
<title>United States Senate Concurrent Resolution 3  (115th Congress)</title>
</titleInfo>
<identifier type="Congressional Bill citation">S. Con. Res. 3</identifier>
<extension>
<congress>115</congress>
<context>OTHER</context>
</extension>
</relatedItem>
<relatedItem type="isReferencedBy">
<titleInfo>
<title>United States Statutes at Large</title>
<partNumber>Volume 124 Page 130</partNumber>
</titleInfo>
<identifier type="Statute citation">124 Stat. 130</identifier>
</relatedItem>
<relatedItem>
<titleInfo>
<title>United States Public Law 111-148</title>
</titleInfo>
<identifier type="public law citation">Public Law 111-148</identifier>
</relatedItem>
<relatedItem type="isReferencedBy">
<identifier type="congressional amendment citation"> Amendment No. 8</identifier>
</relatedItem>
<extension>
<congress>115</congress>
<chamber>SENATE</chamber>
</extension>
<relatedItem type="isReferencedBy">
<identifier type="congressional amendment citation"> Amendment No. 8</identifier>
</relatedItem>
<extension>
<congress>115</congress>
<chamber>SENATE</chamber>
</extension>
<relatedItem type="isReferencedBy">
<identifier type="congressional amendment citation"> Amendment No. 1</identifier>
</relatedItem>
<extension>
<congress>115</congress>
<chamber>SENATE</chamber>
</extension>
<relatedItem type="isReferencedBy">
<identifier type="congressional amendment citation"> Amendment No. 8</identifier>
</relatedItem>
<extension>
<congress>115</congress>
<chamber>SENATE</chamber>
</extension>
<relatedItem type="isReferencedBy">
<identifier type="congressional amendment citation"> Amendment No. 8</identifier>
</relatedItem>
<extension>
<congress>115</congress>
<chamber>SENATE</chamber>
</extension>
<relatedItem type="isReferencedBy">
<identifier type="congressional amendment citation"> Amendment No. 8</identifier>
</relatedItem>
<extension>
<congress>115</congress>
<chamber>SENATE</chamber>
</extension>
<relatedItem type="isReferencedBy">
<identifier type="congressional amendment citation"> Amendment No. 8</identifier>
</relatedItem>
<extension>
<congress>115</congress>
<chamber>SENATE</chamber>
</extension>
<relatedItem type="isReferencedBy">
<identifier type="congressional amendment citation"> Amendment No. 8</identifier>
</relatedItem>
<extension>
<congress>115</congress>
<chamber>SENATE</chamber>
</extension>
<relatedItem type="isReferencedBy">
<identifier type="congressional amendment citation"> Amendment No. 8</identifier>
</relatedItem>
<extension>
<congress>115</congress>
<chamber>SENATE</chamber>
</extension>
<relatedItem type="isReferencedBy">
<identifier type="congressional amendment citation"> Amendment No. 8</identifier>
</relatedItem>
<extension>
<congress>115</congress>
<chamber>SENATE</chamber>
</extension>
<relatedItem type="isReferencedBy">
<identifier type="congressional amendment citation"> Amendment No. 8</identifier>
</relatedItem>
<extension>
<congress>115</congress>
<chamber>SENATE</chamber>
</extension>
<relatedItem type="isReferencedBy">
<identifier type="congressional amendment citation"> Amendment No. 8</identifier>
</relatedItem>
<extension>
<congress>115</congress>
<chamber>SENATE</chamber>
</extension>
<relatedItem type="isReferencedBy">
<identifier type="congressional amendment citation"> Amendment No. 8</identifier>
</relatedItem>
<extension>
<congress>115</congress>
<chamber>SENATE</chamber>
</extension>
<relatedItem type="isReferencedBy">
<identifier type="congressional amendment citation"> Amendment No. 1</identifier>
</relatedItem>
<extension>
<congress>115</congress>
<chamber>SENATE</chamber>
</extension>
<relatedItem type="isReferencedBy">
<identifier type="congressional amendment citation"> Amendment No. 1</identifier>
</relatedItem>
<extension>
<congress>115</congress>
<chamber>SENATE</chamber>
</extension>
<relatedItem type="isReferencedBy">
<identifier type="congressional amendment citation"> Amendment No. 1</identifier>
</relatedItem>
<extension>
<congress>115</congress>
<chamber>SENATE</chamber>
</extension>
<relatedItem type="isReferencedBy">
<identifier type="congressional amendment citation"> Amendment No. 19</identifier>
</relatedItem>
<extension>
<congress>115</congress>
<chamber>SENATE</chamber>
</extension>
<relatedItem ID="P0b002ee1951731f8" type="host">
<titleInfo>
<title>Congressional Record</title>
<partNumber>Vol. 163, no. 3</partNumber>
</titleInfo>
<location>
<url access="object in context" displayLabel="Content Detail">https://www.gpo.gov/fdsys/pkg/CREC-2017-01-05/content-detail.html</url>
<url access="raw object" displayLabel="PDF rendition">https://www.gpo.gov/fdsys/pkg/CREC-2017-01-05/pdf/CREC-2017-01-05.pdf</url>
</location>
<part type="issue">
<extent unit="pages">
<start>H101</start>
<end>H184</end>
</extent>
<extent unit="pages">
<start>S73</start>
<end>S121</end>
</extent>
<extent unit="pages">
<start>E23</start>
<end>E28</end>
</extent>
<extent unit="pages">
<start>D14</start>
<end>D18</end>
</extent>
</part>
<originInfo>
<publisher>U.S. Government Publishing Office</publisher>
<dateIssued encoding="w3cdtf">2017-01-05</dateIssued>
<issuance>continuing</issuance>
<frequency authority="marcfrequency">daily</frequency>
</originInfo>
<physicalDescription>
<note type="source content type">deposited</note>
<digitalOrigin>born digital</digitalOrigin>
<extent>288 p.</extent>
</physicalDescription>
<classification authority="sudocs">X 1.1/A:</classification>
<classification authority="sudocs">X/A.</classification>
<identifier type="uri">https://www.gpo.gov/fdsys/pkg/CREC-2017-01-05</identifier>
<identifier type="local">P0b002ee1951731f8</identifier>
<identifier type="stock number">752-002-00000-2</identifier>
<identifier type="ILS system id">000568013</identifier>
<identifier type="former package identifier">CR05JA17</identifier>
<recordInfo>
<recordContentSource authority="marcorg">DGPO</recordContentSource>
<recordCreationDate encoding="w3cdtf">2017-06-09</recordCreationDate>
<recordChangeDate encoding="w3cdtf">2017-08-21</recordChangeDate>
<recordIdentifier source="DGPO">CREC-2017-01-05</recordIdentifier>
<recordOrigin>machine generated</recordOrigin>
<languageOfCataloging>
<languageTerm authority="iso639-2b" type="code">eng</languageTerm>
</languageOfCataloging>
</recordInfo>
<accessCondition type="GPO scope determination">fdlp</accessCondition>
<extension>
<docClass>CREC</docClass>
<accessId>CREC-2017-01-05</accessId>
<volume>163</volume>
<issue>3</issue>
<congress>115</congress>
<session>1</session>
<bookCount>1</bookCount>
</extension>
</relatedItem>
</mods>