<mods ID="id-CREC-2017-03-28-pt1-PgH2505-4" version="3.3" xmlns="http://www.loc.gov/mods/v3" xmlns:exslt="http://exslt.org/common" xmlns:xlink="http://www.w3.org/1999/xlink" xmlns:xsi="http://www.w3.org/2001/XMLSchema-instance" xsi:schemaLocation="http://www.loc.gov/mods/v3 http://www.loc.gov/standards/mods/v3/mods-3-3.xsd">
<name type="corporate">
<namePart>United States Government Publishing Office</namePart>
<role>
<roleTerm authority="marcrelator" type="text">publisher</roleTerm>
<roleTerm authority="marcrelator" type="code">pbl</roleTerm>
</role>
<role>
<roleTerm authority="marcrelator" type="text">distributor</roleTerm>
<roleTerm authority="marcrelator" type="code">dst</roleTerm>
</role>
</name>
<name type="corporate">
<namePart>United States</namePart>
<namePart>Congress</namePart>
<role>
<roleTerm authority="marcrelator" type="text">author</roleTerm>
<roleTerm authority="marcrelator" type="code">aut</roleTerm>
</role>
<description>Government Organization</description>
</name>
<typeOfResource>text</typeOfResource>
<genre authority="marcgt">government publication</genre>
<language>
<languageTerm authority="iso639-2b" type="code">eng</languageTerm>
</language>
<extension>
<collectionCode>CREC</collectionCode>
<category>Proceedings of Congress and General Congressional Publications</category>
<waisDatabaseName>2017_record</waisDatabaseName>
<branch>legislative</branch>
<dateIngested>2017-07-01</dateIngested>
</extension>
<titleInfo>
<title>THE CLEAN POWER PLAN</title>
<partName>House</partName>
</titleInfo>
<relatedItem type="otherFormat" xlink:href="https://www.gpo.gov/fdsys/pkg/CREC-2017-03-28/html/CREC-2017-03-28-pt1-PgH2505-4.htm">
<identifier type="FDsys Unique ID">D09002ee196a7208b</identifier>
</relatedItem>
<relatedItem type="otherFormat" xlink:href="https://www.gpo.gov/fdsys/pkg/CREC-2017-03-28/pdf/CREC-2017-03-28-pt1-PgH2505-4.pdf">
<identifier type="FDsys Unique ID">D09002ee196a72153</identifier>
</relatedItem>
<identifier type="congressional record citation">163 Cong. Rec. H2505</identifier>
<identifier type="uri">https://www.gpo.gov/fdsys/granule/CREC-2017-03-28/CREC-2017-03-28-pt1-PgH2505-4</identifier>
<identifier type="former granule identifier">CR28MR17-88</identifier>
<location>
<url access="object in context" displayLabel="Content Detail">https://www.gpo.gov/fdsys/granule/CREC-2017-03-28/CREC-2017-03-28-pt1-PgH2505-4/content-detail.html</url>
<url access="raw object" displayLabel="PDF rendition">https://www.gpo.gov/fdsys/pkg/CREC-2017-03-28/pdf/CREC-2017-03-28-pt1-PgH2505-4.pdf</url>
<url access="raw object" displayLabel="HTML rendition">https://www.gpo.gov/fdsys/pkg/CREC-2017-03-28/html/CREC-2017-03-28-pt1-PgH2505-4.htm</url>
</location>
<physicalDescription>
<extent>1 p.</extent>
</physicalDescription>
<part type="article">
<extent unit="pages">
<start>H2505</start>
<end>H2505</end>
</extent>
</part>
<name type="personal">
<namePart>Jimmy Panetta</namePart>
<affiliation>United States House of Representatives</affiliation>
<role>
<roleTerm type="text">speaking</roleTerm>
</role>
<description>United States Congress Member</description>
</name>
<identifier type="preferred citation">163 Cong. Rec. H2505</identifier>
<extension>
<searchTitle>THE CLEAN POWER PLAN; Congressional Record Vol. 163, No. 54</searchTitle>
<granuleClass>HOUSE</granuleClass>
<accessId>CREC-2017-03-28-pt1-PgH2505-4</accessId>
<subGranuleClass>ALLOTHER</subGranuleClass>
<pagePrefix>H</pagePrefix>
<bookNumber>1</bookNumber>
<chamber>HOUSE</chamber>
<granuleDate>2017-03-28</granuleDate>
<time from="18:00:00" to="18:00:00"/>
<congMember authorityId="2309" bioGuideId="P000613" chamber="H" congress="115" party="D" role="SPEAKING" state="CA">
<name type="parsed">Mr. PANETTA</name>
<name type="authority-fnf">Jimmy Panetta</name>
<name type="authority-lnf">Panetta, Jimmy</name>
</congMember>
</extension>
<relatedItem ID="P0b002ee1956835b5" type="host">
<titleInfo>
<title>Congressional Record</title>
<partNumber>Vol. 163, no. 54</partNumber>
</titleInfo>
<location>
<url access="object in context" displayLabel="Content Detail">https://www.gpo.gov/fdsys/pkg/CREC-2017-03-28/content-detail.html</url>
<url access="raw object" displayLabel="PDF rendition">https://www.gpo.gov/fdsys/pkg/CREC-2017-03-28/pdf/CREC-2017-03-28.pdf</url>
</location>
<part type="issue">
<extent unit="pages">
<start>H2467</start>
<end>H2518</end>
</extent>
<extent unit="pages">
<start>S2017</start>
<end>S2054</end>
</extent>
<extent unit="pages">
<start>E397</start>
<end>E405</end>
</extent>
<extent unit="pages">
<start>D350</start>
<end>D358</end>
</extent>
</part>
<originInfo>
<publisher>U.S. Government Publishing Office</publisher>
<dateIssued encoding="w3cdtf">2017-03-28</dateIssued>
<issuance>continuing</issuance>
<frequency authority="marcfrequency">daily</frequency>
</originInfo>
<physicalDescription>
<note type="source content type">deposited</note>
<digitalOrigin>born digital</digitalOrigin>
<extent>216 p.</extent>
</physicalDescription>
<classification authority="sudocs">X 1.1/A:</classification>
<classification authority="sudocs">X/A.</classification>
<identifier type="uri">https://www.gpo.gov/fdsys/pkg/CREC-2017-03-28</identifier>
<identifier type="local">P0b002ee1956835b5</identifier>
<identifier type="stock number">752-002-00000-2</identifier>
<identifier type="ILS system id">000568013</identifier>
<identifier type="former package identifier">CR28MR17</identifier>
<recordInfo>
<recordContentSource authority="marcorg">DGPO</recordContentSource>
<recordCreationDate encoding="w3cdtf">2017-07-01</recordCreationDate>
<recordChangeDate encoding="w3cdtf">2017-08-21</recordChangeDate>
<recordIdentifier source="DGPO">CREC-2017-03-28</recordIdentifier>
<recordOrigin>machine generated</recordOrigin>
<languageOfCataloging>
<languageTerm authority="iso639-2b" type="code">eng</languageTerm>
</languageOfCataloging>
</recordInfo>
<accessCondition type="GPO scope determination">fdlp</accessCondition>
<extension>
<docClass>CREC</docClass>
<accessId>CREC-2017-03-28</accessId>
<volume>163</volume>
<issue>54</issue>
<congress>115</congress>
<session>1</session>
<bookCount>1</bookCount>
</extension>
</relatedItem>
</mods>