<mods ID="id-CREC-2017-01-31-pt1-PgH761-2" version="3.3" xmlns="http://www.loc.gov/mods/v3" xmlns:exslt="http://exslt.org/common" xmlns:xlink="http://www.w3.org/1999/xlink" xmlns:xsi="http://www.w3.org/2001/XMLSchema-instance" xsi:schemaLocation="http://www.loc.gov/mods/v3 http://www.loc.gov/standards/mods/v3/mods-3-3.xsd">
<name type="corporate">
<namePart>United States Government Publishing Office</namePart>
<role>
<roleTerm authority="marcrelator" type="text">publisher</roleTerm>
<roleTerm authority="marcrelator" type="code">pbl</roleTerm>
</role>
<role>
<roleTerm authority="marcrelator" type="text">distributor</roleTerm>
<roleTerm authority="marcrelator" type="code">dst</roleTerm>
</role>
</name>
<name type="corporate">
<namePart>United States</namePart>
<namePart>Congress</namePart>
<role>
<roleTerm authority="marcrelator" type="text">author</roleTerm>
<roleTerm authority="marcrelator" type="code">aut</roleTerm>
</role>
<description>Government Organization</description>
</name>
<typeOfResource>text</typeOfResource>
<genre authority="marcgt">government publication</genre>
<language>
<languageTerm authority="iso639-2b" type="code">eng</languageTerm>
</language>
<extension>
<collectionCode>CREC</collectionCode>
<category>Proceedings of Congress and General Congressional Publications</category>
<waisDatabaseName>2017_record</waisDatabaseName>
<branch>legislative</branch>
<dateIngested>2017-02-10</dateIngested>
</extension>
<titleInfo>
<title>PROVIDING FOR CONSIDERATION OF H.J. RES. 38, DISAPPROVING A RULE SUBMITTED BY THE DEPARTMENT OF THE INTERIOR</title>
<partName>House</partName>
</titleInfo>
<relatedItem type="otherFormat" xlink:href="https://www.gpo.gov/fdsys/pkg/CREC-2017-01-31/html/CREC-2017-01-31-pt1-PgH761-2.htm">
<identifier type="FDsys Unique ID">D09002ee196a6e9b1</identifier>
</relatedItem>
<relatedItem type="otherFormat" xlink:href="https://www.gpo.gov/fdsys/pkg/CREC-2017-01-31/pdf/CREC-2017-01-31-pt1-PgH761-2.pdf">
<identifier type="FDsys Unique ID">D09002ee196a6ea7a</identifier>
</relatedItem>
<identifier type="congressional record citation">163 Cong. Rec. H761</identifier>
<identifier type="uri">https://www.gpo.gov/fdsys/granule/CREC-2017-01-31/CREC-2017-01-31-pt1-PgH761-2</identifier>
<identifier type="former granule identifier">CR31JA17-86</identifier>
<location>
<url access="object in context" displayLabel="Content Detail">https://www.gpo.gov/fdsys/granule/CREC-2017-01-31/CREC-2017-01-31-pt1-PgH761-2/content-detail.html</url>
<url access="raw object" displayLabel="PDF rendition">https://www.gpo.gov/fdsys/pkg/CREC-2017-01-31/pdf/CREC-2017-01-31-pt1-PgH761-2.pdf</url>
<url access="raw object" displayLabel="HTML rendition">https://www.gpo.gov/fdsys/pkg/CREC-2017-01-31/html/CREC-2017-01-31-pt1-PgH761-2.htm</url>
</location>
<physicalDescription>
<extent>11 p.</extent>
</physicalDescription>
<part type="article">
<extent unit="pages">
<start>H761</start>
<end>H771</end>
</extent>
</part>
<name type="personal">
<namePart>Dan Newhouse</namePart>
<affiliation>United States House of Representatives</affiliation>
<role>
<roleTerm type="text">speaking</roleTerm>
</role>
<description>United States Congress Member</description>
</name>
<name type="personal">
<namePart>Alcee L. Hastings</namePart>
<affiliation>United States House of Representatives</affiliation>
<role>
<roleTerm type="text">speaking</roleTerm>
</role>
<description>United States Congress Member</description>
</name>
<name type="personal">
<namePart>Glenn Thompson</namePart>
<affiliation>United States House of Representatives</affiliation>
<role>
<roleTerm type="text">speaking</roleTerm>
</role>
<description>United States Congress Member</description>
</name>
<name type="personal">
<namePart>Frank Pallone, Jr.</namePart>
<affiliation>United States House of Representatives</affiliation>
<role>
<roleTerm type="text">speaking</roleTerm>
</role>
<description>United States Congress Member</description>
</name>
<name type="personal">
<namePart>Bill Johnson</namePart>
<affiliation>United States House of Representatives</affiliation>
<role>
<roleTerm type="text">speaking</roleTerm>
</role>
<description>United States Congress Member</description>
</name>
<name type="personal">
<namePart>Zoe Lofgren</namePart>
<affiliation>United States House of Representatives</affiliation>
<role>
<roleTerm type="text">speaking</roleTerm>
</role>
<description>United States Congress Member</description>
</name>
<name type="personal">
<namePart>Alexander X. Mooney</namePart>
<affiliation>United States House of Representatives</affiliation>
<role>
<roleTerm type="text">speaking</roleTerm>
</role>
<description>United States Congress Member</description>
</name>
<name type="personal">
<namePart>Nancy Pelosi</namePart>
<affiliation>United States House of Representatives</affiliation>
<role>
<roleTerm type="text">speaking</roleTerm>
</role>
<description>United States Congress Member</description>
</name>
<name type="personal">
<namePart>Anna G. Eshoo</namePart>
<affiliation>United States House of Representatives</affiliation>
<role>
<roleTerm type="text">speaking</roleTerm>
</role>
<description>United States Congress Member</description>
</name>
<name type="personal">
<namePart>Maxine Waters</namePart>
<affiliation>United States House of Representatives</affiliation>
<role>
<roleTerm type="text">speaking</roleTerm>
</role>
<description>United States Congress Member</description>
</name>
<name type="personal">
<namePart>G. K. Butterfield</namePart>
<affiliation>United States House of Representatives</affiliation>
<role>
<roleTerm type="text">speaking</roleTerm>
</role>
<description>United States Congress Member</description>
</name>
<name type="personal">
<namePart>Tony Cardenas</namePart>
<affiliation>United States House of Representatives</affiliation>
<role>
<roleTerm type="text">speaking</roleTerm>
</role>
<description>United States Congress Member</description>
</name>
<name type="personal">
<namePart>Julia Brownley</namePart>
<affiliation>United States House of Representatives</affiliation>
<role>
<roleTerm type="text">speaking</roleTerm>
</role>
<description>United States Congress Member</description>
</name>
<name type="personal">
<namePart>Jerrold Nadler</namePart>
<affiliation>United States House of Representatives</affiliation>
<role>
<roleTerm type="text">speaking</roleTerm>
</role>
<description>United States Congress Member</description>
</name>
<name type="personal">
<namePart>Grace F. Napolitano</namePart>
<affiliation>United States House of Representatives</affiliation>
<role>
<roleTerm type="text">speaking</roleTerm>
</role>
<description>United States Congress Member</description>
</name>
<name type="personal">
<namePart>Nydia M. Velazquez</namePart>
<affiliation>United States House of Representatives</affiliation>
<role>
<roleTerm type="text">speaking</roleTerm>
</role>
<description>United States Congress Member</description>
</name>
<name type="personal">
<namePart>Earl Blumenauer</namePart>
<affiliation>United States House of Representatives</affiliation>
<role>
<roleTerm type="text">speaking</roleTerm>
</role>
<description>United States Congress Member</description>
</name>
<name type="personal">
<namePart>Sander M. Levin</namePart>
<affiliation>United States House of Representatives</affiliation>
<role>
<roleTerm type="text">speaking</roleTerm>
</role>
<description>United States Congress Member</description>
</name>
<name type="personal">
<namePart>Luis V. Gutierrez</namePart>
<affiliation>United States House of Representatives</affiliation>
<role>
<roleTerm type="text">speaking</roleTerm>
</role>
<description>United States Congress Member</description>
</name>
<name type="personal">
<namePart>Pramila Jayapal</namePart>
<affiliation>United States House of Representatives</affiliation>
<role>
<roleTerm type="text">speaking</roleTerm>
</role>
<description>United States Congress Member</description>
</name>
<name type="personal">
<namePart>Salud O. Carbajal</namePart>
<affiliation>United States House of Representatives</affiliation>
<role>
<roleTerm type="text">speaking</roleTerm>
</role>
<description>United States Congress Member</description>
</name>
<name type="personal">
<namePart>Steny H. Hoyer</namePart>
<affiliation>United States House of Representatives</affiliation>
<role>
<roleTerm type="text">speaking</roleTerm>
</role>
<description>United States Congress Member</description>
</name>
<name type="personal">
<namePart>Bradley S. Schneider</namePart>
<affiliation>United States House of Representatives</affiliation>
<role>
<roleTerm type="text">speaking</roleTerm>
</role>
<description>United States Congress Member</description>
</name>
<name type="personal">
<namePart>Jose E. Serrano</namePart>
<affiliation>United States House of Representatives</affiliation>
<role>
<roleTerm type="text">speaking</roleTerm>
</role>
<description>United States Congress Member</description>
</name>
<name type="personal">
<namePart>Adriano Espaillat</namePart>
<affiliation>United States House of Representatives</affiliation>
<role>
<roleTerm type="text">speaking</roleTerm>
</role>
<description>United States Congress Member</description>
</name>
<name type="personal">
<namePart>Janice D. Schakowsky</namePart>
<affiliation>United States House of Representatives</affiliation>
<role>
<roleTerm type="text">speaking</roleTerm>
</role>
<description>United States Congress Member</description>
</name>
<name type="personal">
<namePart>Barbara Lee</namePart>
<affiliation>United States House of Representatives</affiliation>
<role>
<roleTerm type="text">speaking</roleTerm>
</role>
<description>United States Congress Member</description>
</name>
<name type="personal">
<namePart>Doris O. Matsui</namePart>
<affiliation>United States House of Representatives</affiliation>
<role>
<roleTerm type="text">speaking</roleTerm>
</role>
<description>United States Congress Member</description>
</name>
<name type="personal">
<namePart>Donald S. Beyer, Jr.</namePart>
<affiliation>United States House of Representatives</affiliation>
<role>
<roleTerm type="text">speaking</roleTerm>
</role>
<description>United States Congress Member</description>
</name>
<name type="personal">
<namePart>Susan A. Davis</namePart>
<affiliation>United States House of Representatives</affiliation>
<role>
<roleTerm type="text">speaking</roleTerm>
</role>
<description>United States Congress Member</description>
</name>
<name type="personal">
<namePart>Nanette Diaz Barragan</namePart>
<affiliation>United States House of Representatives</affiliation>
<role>
<roleTerm type="text">speaking</roleTerm>
</role>
<description>United States Congress Member</description>
</name>
<name type="personal">
<namePart>Val Butler Demings</namePart>
<affiliation>United States House of Representatives</affiliation>
<role>
<roleTerm type="text">speaking</roleTerm>
</role>
<description>United States Congress Member</description>
</name>
<name type="personal">
<namePart>Alma S. Adams</namePart>
<affiliation>United States House of Representatives</affiliation>
<role>
<roleTerm type="text">speaking</roleTerm>
</role>
<description>United States Congress Member</description>
</name>
<name type="personal">
<namePart>Gregorio Kilili Camacho Sablan</namePart>
<affiliation>United States House of Representatives</affiliation>
<role>
<roleTerm type="text">speaking</roleTerm>
</role>
<description>United States Congress Member</description>
</name>
<name type="personal">
<namePart>Judy Chu</namePart>
<affiliation>United States House of Representatives</affiliation>
<role>
<roleTerm type="text">speaking</roleTerm>
</role>
<description>United States Congress Member</description>
</name>
<name type="personal">
<namePart>Yvette D. Clarke</namePart>
<affiliation>United States House of Representatives</affiliation>
<role>
<roleTerm type="text">speaking</roleTerm>
</role>
<description>United States Congress Member</description>
</name>
<name type="personal">
<namePart>Carolyn B. Maloney</namePart>
<affiliation>United States House of Representatives</affiliation>
<role>
<roleTerm type="text">speaking</roleTerm>
</role>
<description>United States Congress Member</description>
</name>
<name type="personal">
<namePart>Peter A. DeFazio</namePart>
<affiliation>United States House of Representatives</affiliation>
<role>
<roleTerm type="text">speaking</roleTerm>
</role>
<description>United States Congress Member</description>
</name>
<name type="personal">
<namePart>Sheila Jackson Lee</namePart>
<affiliation>United States House of Representatives</affiliation>
<role>
<roleTerm type="text">speaking</roleTerm>
</role>
<description>United States Congress Member</description>
</name>
<name type="personal">
<namePart>Norma J. Torres</namePart>
<affiliation>United States House of Representatives</affiliation>
<role>
<roleTerm type="text">speaking</roleTerm>
</role>
<description>United States Congress Member</description>
</name>
<name type="personal">
<namePart>James P. McGovern</namePart>
<affiliation>United States House of Representatives</affiliation>
<role>
<roleTerm type="text">speaking</roleTerm>
</role>
<description>United States Congress Member</description>
</name>
<name type="personal">
<namePart>Carol Shea-Porter</namePart>
<affiliation>United States House of Representatives</affiliation>
<role>
<roleTerm type="text">speaking</roleTerm>
</role>
<description>United States Congress Member</description>
</name>
<name type="personal">
<namePart>Brendan F. Boyle</namePart>
<affiliation>United States House of Representatives</affiliation>
<role>
<roleTerm type="text">speaking</roleTerm>
</role>
<description>United States Congress Member</description>
</name>
<name type="personal">
<namePart>Brad Sherman</namePart>
<affiliation>United States House of Representatives</affiliation>
<role>
<roleTerm type="text">speaking</roleTerm>
</role>
<description>United States Congress Member</description>
</name>
<name type="personal">
<namePart>Jared Huffman</namePart>
<affiliation>United States House of Representatives</affiliation>
<role>
<roleTerm type="text">speaking</roleTerm>
</role>
<description>United States Congress Member</description>
</name>
<name type="personal">
<namePart>Henry C. "Hank" Johnson, Jr.</namePart>
<affiliation>United States House of Representatives</affiliation>
<role>
<roleTerm type="text">speaking</roleTerm>
</role>
<description>United States Congress Member</description>
</name>
<name type="personal">
<namePart>Raul Ruiz</namePart>
<affiliation>United States House of Representatives</affiliation>
<role>
<roleTerm type="text">speaking</roleTerm>
</role>
<description>United States Congress Member</description>
</name>
<name type="personal">
<namePart>J. Luis Correa</namePart>
<affiliation>United States House of Representatives</affiliation>
<role>
<roleTerm type="text">speaking</roleTerm>
</role>
<description>United States Congress Member</description>
</name>
<name type="personal">
<namePart>Marcy Kaptur</namePart>
<affiliation>United States House of Representatives</affiliation>
<role>
<roleTerm type="text">speaking</roleTerm>
</role>
<description>United States Congress Member</description>
</name>
<name type="personal">
<namePart>Paul Tonko</namePart>
<affiliation>United States House of Representatives</affiliation>
<role>
<roleTerm type="text">speaking</roleTerm>
</role>
<description>United States Congress Member</description>
</name>
<name type="personal">
<namePart>Niki Tsongas</namePart>
<affiliation>United States House of Representatives</affiliation>
<role>
<roleTerm type="text">speaking</roleTerm>
</role>
<description>United States Congress Member</description>
</name>
<name type="personal">
<namePart>Rosa L. DeLauro</namePart>
<affiliation>United States House of Representatives</affiliation>
<role>
<roleTerm type="text">speaking</roleTerm>
</role>
<description>United States Congress Member</description>
</name>
<name type="personal">
<namePart>Kevin McCarthy</namePart>
<affiliation>United States House of Representatives</affiliation>
<role>
<roleTerm type="text">speaking</roleTerm>
</role>
<description>United States Congress Member</description>
</name>
<name type="personal">
<namePart>Eddie Bernice Johnson</namePart>
<affiliation>United States House of Representatives</affiliation>
<role>
<roleTerm type="text">speaking</roleTerm>
</role>
<description>United States Congress Member</description>
</name>
<name type="corporate">
<namePart>United States</namePart>
<namePart>Congress</namePart>
<namePart>House of Representatives</namePart>
<namePart>Committee on Rules</namePart>
<role>
<roleTerm authority="marcrelator" type="text">associated name</roleTerm>
<roleTerm authority="marcrelator" type="code">asn</roleTerm>
</role>
<description>Government Organization</description>
</name>
<name type="corporate">
<namePart>United States</namePart>
<namePart>Congress</namePart>
<namePart>House of Representatives</namePart>
<namePart>Committee on Natural Resources</namePart>
<role>
<roleTerm authority="marcrelator" type="text">associated name</roleTerm>
<roleTerm authority="marcrelator" type="code">asn</roleTerm>
</role>
<description>Government Organization</description>
</name>
<name type="corporate">
<namePart>United States</namePart>
<namePart>Congress</namePart>
<namePart>House of Representatives</namePart>
<namePart>Committee on Energy and Commerce</namePart>
<role>
<roleTerm authority="marcrelator" type="text">associated name</roleTerm>
<roleTerm authority="marcrelator" type="code">asn</roleTerm>
</role>
<description>Government Organization</description>
</name>
<name type="corporate">
<namePart>United States</namePart>
<namePart>Congress</namePart>
<namePart>House of Representatives</namePart>
<namePart>Committee on the Judiciary</namePart>
<role>
<roleTerm authority="marcrelator" type="text">associated name</roleTerm>
<roleTerm authority="marcrelator" type="code">asn</roleTerm>
</role>
<description>Government Organization</description>
</name>
<identifier type="preferred citation">163 Cong. Rec. H761</identifier>
<extension>
<searchTitle>PROVIDING FOR CONSIDERATION OF H.J. RES. 38, DISAPPROVING A RULE SUBMITTED BY THE DEPARTMENT OF THE INTERIOR; Congressional Record Vol. 163, No. 16</searchTitle>
<associatedBills>H. Res. 70, 115th Congress
        </associatedBills>
<granuleClass>HOUSE</granuleClass>
<accessId>CREC-2017-01-31-pt1-PgH761-2</accessId>
<subGranuleClass>ALLOTHER</subGranuleClass>
<pagePrefix>H</pagePrefix>
<bookNumber>1</bookNumber>
<chamber>HOUSE</chamber>
<granuleDate>2017-01-31</granuleDate>
<time from="12:30:00" to="13:45:00"/>
<bill congress="115" context="TITLE" number="38" type="HJRES"/>
<bill congress="115" context="OTHER" number="38" type="HJRES"/>
<bill congress="115" context="HEADERLINE" number="70" type="HRES"/>
<bill congress="115" context="FIRSTPARAGRAPH" number="70" type="HRES"/>
<bill congress="115" context="OTHER" number="70" type="HRES"/>
<bill congress="115" context="OTHER" number="724" type="HR"/>
<bill congress="115" context="OTHER" number="1644" type="HR"/>
<congCommittee authorityId="hsru00" chamber="H" congress="115" type="S">
<name type="authority-standard">Committee on Rules</name>
<name type="authority-short">Rules</name>
</congCommittee>
<congCommittee authorityId="hsii00" chamber="H" congress="115" type="S">
<name type="authority-standard">Committee on Natural Resources</name>
<name type="authority-short">Natural Resources</name>
</congCommittee>
<congCommittee authorityId="hsif00" chamber="H" congress="115" type="S">
<name type="authority-standard">Committee on Energy and Commerce</name>
<name type="authority-short">Energy and Commerce</name>
</congCommittee>
<congCommittee authorityId="hsju00" chamber="H" congress="115" type="S">
<name type="authority-standard">Committee on the Judiciary</name>
<name type="authority-short">Judiciary</name>
</congCommittee>
<congMember authorityId="2275" bioGuideId="N000189" chamber="H" congress="115" party="R" role="SPEAKING" state="WA">
<name type="parsed">Mr. NEWHOUSE</name>
<name type="authority-fnf">Dan Newhouse</name>
<name type="authority-lnf">Newhouse, Dan</name>
</congMember>
<congMember authorityId="511" bioGuideId="H000324" chamber="H" congress="115" gpoId="7895" party="D" role="SPEAKING" state="FL">
<name type="parsed">Mr. HASTINGS</name>
<name type="authority-fnf">Alcee L. Hastings</name>
<name type="authority-lnf">Hastings, Alcee L.</name>
<name type="authority-other">Alcee Hastings</name>
</congMember>
<congMember authorityId="1952" bioGuideId="T000467" chamber="H" congress="115" gpoId="8123" party="R" role="SPEAKING" state="PA">
<name type="parsed">Mr. THOMPSON of Pennsylvania</name>
<name type="authority-fnf">Glenn Thompson</name>
<name type="authority-lnf">Thompson, Glenn</name>
</congMember>
<congMember authorityId="887" bioGuideId="P000034" chamber="H" congress="115" gpoId="8048" party="D" role="SPEAKING" state="NJ">
<name type="parsed">Mr. PALLONE</name>
<name type="authority-fnf">Frank Pallone, Jr.</name>
<name type="authority-lnf">Pallone, Frank, Jr.</name>
<name type="authority-other">Frank Pallone Jr.</name>
</congMember>
<congMember authorityId="2046" bioGuideId="J000292" chamber="H" congress="115" gpoId="8096" party="R" role="SPEAKING" state="OH">
<name type="parsed">Mr. JOHNSON of Ohio</name>
<name type="authority-fnf">Bill Johnson</name>
<name type="authority-lnf">Johnson, Bill</name>
</congMember>
<congMember authorityId="701" bioGuideId="L000397" chamber="H" congress="115" gpoId="7821" party="D" role="SPEAKING" state="CA">
<name type="parsed">Ms. LOFGREN</name>
<name type="authority-fnf">Zoe Lofgren</name>
<name type="authority-lnf">Lofgren, Zoe</name>
</congMember>
<congMember authorityId="2277" bioGuideId="M001195" chamber="H" congress="115" party="R" role="SPEAKING" state="WV">
<name type="parsed">Mr. MOONEY of West Virginia</name>
<name type="authority-fnf">Alexander X. Mooney</name>
<name type="authority-lnf">Mooney, Alexander X.</name>
<name type="authority-other">Mr. Alexander Mooney</name>
</congMember>
<congMember authorityId="905" bioGuideId="P000197" chamber="H" congress="115" gpoId="7813" party="D" role="SPEAKING" state="CA">
<name type="parsed">Ms. PELOSI</name>
<name type="authority-fnf">Nancy Pelosi</name>
<name type="authority-lnf">Pelosi, Nancy</name>
</congMember>
<congMember authorityId="355" bioGuideId="E000215" chamber="H" congress="115" gpoId="7819" party="D" role="SPEAKING" state="CA">
<name type="parsed">Ms. ESHOO</name>
<name type="authority-fnf">Anna G. Eshoo</name>
<name type="authority-lnf">Eshoo, Anna G.</name>
<name type="authority-other">Anna Eshoo</name>
</congMember>
<congMember authorityId="1205" bioGuideId="W000187" chamber="H" congress="115" gpoId="7840" party="D" role="SPEAKING" state="CA">
<name type="parsed">Ms. MAXINE WATERS of California</name>
<name type="authority-fnf">Maxine Waters</name>
<name type="authority-lnf">Waters, Maxine</name>
</congMember>
<congMember authorityId="1761" bioGuideId="B001251" chamber="H" congress="115" gpoId="8024" party="D" role="SPEAKING" state="NC">
<name type="parsed">Mr. BUTTERFIELD</name>
<name type="authority-fnf">G. K. Butterfield</name>
<name type="authority-lnf">Butterfield, G. K.</name>
</congMember>
<congMember authorityId="2107" bioGuideId="C001097" chamber="H" congress="115" party="D" role="SPEAKING" state="CA">
<name type="parsed">Mr. CARDENAS</name>
<name type="authority-fnf">Tony Cardenas</name>
<name type="authority-lnf">Cardenas, Tony</name>
</congMember>
<congMember authorityId="2106" bioGuideId="B001285" chamber="H" congress="115" party="D" role="SPEAKING" state="CA">
<name type="parsed">Ms. BROWNLEY of California</name>
<name type="authority-fnf">Julia Brownley</name>
<name type="authority-lnf">Brownley, Julia</name>
</congMember>
<congMember authorityId="850" bioGuideId="N000002" chamber="H" congress="115" gpoId="8069" party="D" role="SPEAKING" state="NY">
<name type="parsed">Mr. NADLER</name>
<name type="authority-fnf">Jerrold Nadler</name>
<name type="authority-lnf">Nadler, Jerrold</name>
</congMember>
<congMember authorityId="1602" bioGuideId="N000179" chamber="H" congress="115" gpoId="7843" party="D" role="SPEAKING" state="CA">
<name type="parsed">Mrs. NAPOLITANO</name>
<name type="authority-fnf">Grace F. Napolitano</name>
<name type="authority-lnf">Napolitano, Grace F.</name>
<name type="authority-other">Grace Napolitano</name>
</congMember>
<congMember authorityId="1184" bioGuideId="V000081" chamber="H" congress="115" gpoId="8073" party="D" role="SPEAKING" state="NY">
<name type="parsed">Ms. VELAZQUEZ</name>
<name type="authority-fnf">Nydia M. Velazquez</name>
<name type="authority-lnf">Velazquez, Nydia M.</name>
<name type="authority-other">Nydia Velazquez</name>
</congMember>
<congMember authorityId="99" bioGuideId="B000574" chamber="H" congress="115" gpoId="8116" party="D" role="SPEAKING" state="OR">
<name type="parsed">Mr. BLUMENAUER</name>
<name type="authority-fnf">Earl Blumenauer</name>
<name type="authority-lnf">Blumenauer, Earl</name>
</congMember>
<congMember authorityId="683" bioGuideId="L000263" chamber="H" congress="115" gpoId="7997" party="D" role="SPEAKING" state="MI">
<name type="parsed">Mr. LEVIN</name>
<name type="authority-fnf">Sander M. Levin</name>
<name type="authority-lnf">Levin, Sander M.</name>
<name type="authority-other">Sander Levin</name>
</congMember>
<congMember authorityId="478" bioGuideId="G000535" chamber="H" congress="115" gpoId="7924" party="D" role="SPEAKING" state="IL">
<name type="parsed">Mr. GUTIERREZ</name>
<name type="authority-fnf">Luis V. Gutierrez</name>
<name type="authority-lnf">Gutierrez, Luis V.</name>
<name type="authority-other">Luis Gutierrez</name>
</congMember>
<congMember authorityId="2354" bioGuideId="J000298" chamber="H" congress="115" party="D" role="SPEAKING" state="WA">
<name type="parsed">Ms. JAYAPAL</name>
<name type="authority-fnf">Pramila Jayapal</name>
<name type="authority-lnf">Jayapal, Pramila</name>
</congMember>
<congMember authorityId="2310" bioGuideId="C001112" chamber="H" congress="115" party="D" role="SPEAKING" state="CA">
<name type="parsed">Mr. CARBAJAL</name>
<name type="authority-fnf">Salud O. Carbajal</name>
<name type="authority-lnf">Carbajal, Salud O.</name>
<name type="authority-other">Mr. Salud Carbajal</name>
</congMember>
<congMember authorityId="566" bioGuideId="H000874" chamber="H" congress="115" gpoId="7980" party="D" role="SPEAKING" state="MD">
<name type="parsed">Mr. HOYER</name>
<name type="authority-fnf">Steny H. Hoyer</name>
<name type="authority-lnf">Hoyer, Steny H.</name>
<name type="authority-other">Steny Hoyer</name>
</congMember>
<congMember authorityId="2124" bioGuideId="S001190" chamber="H" congress="115" party="D" role="SPEAKING" state="IL">
<name type="parsed">Mr. SCHNEIDER</name>
<name type="authority-fnf">Bradley S. Schneider</name>
<name type="authority-lnf">Schneider, Bradley S.</name>
<name type="authority-other">Mr. Bradley Schneider</name>
</congMember>
<congMember authorityId="1042" bioGuideId="S000248" chamber="H" congress="115" gpoId="8077" party="D" role="SPEAKING" state="NY">
<name type="parsed">Mr. SERRANO</name>
<name type="authority-fnf">Jose E. Serrano</name>
<name type="authority-lnf">Serrano, Jose E.</name>
<name type="authority-other">Jose Serrano</name>
</congMember>
<congMember authorityId="2342" bioGuideId="E000297" chamber="H" congress="115" party="D" role="SPEAKING" state="NY">
<name type="parsed">Mr. ESPAILLAT</name>
<name type="authority-fnf">Adriano Espaillat</name>
<name type="authority-lnf">Espaillat, Adriano</name>
</congMember>
<congMember authorityId="1588" bioGuideId="S001145" chamber="H" congress="115" gpoId="7929" party="D" role="SPEAKING" state="IL">
<name type="parsed">Ms. SCHAKOWSKY</name>
<name type="authority-fnf">Janice D. Schakowsky</name>
<name type="authority-lnf">Schakowsky, Janice D.</name>
<name type="authority-other">Janice Schakowsky</name>
</congMember>
<congMember authorityId="1501" bioGuideId="L000551" chamber="H" congress="115" gpoId="7814" party="D" role="SPEAKING" state="CA">
<name type="parsed">Ms. LEE</name>
<name type="authority-fnf">Barbara Lee</name>
<name type="authority-lnf">Lee, Barbara</name>
</congMember>
<congMember authorityId="1814" bioGuideId="M001163" chamber="H" congress="115" gpoId="7810" party="D" role="SPEAKING" state="CA">
<name type="parsed">Ms. MATSUI</name>
<name type="authority-fnf">Doris O. Matsui</name>
<name type="authority-lnf">Matsui, Doris O.</name>
<name type="authority-other">Ms. Doris Matsui</name>
</congMember>
<congMember authorityId="2272" bioGuideId="B001292" chamber="H" congress="115" party="D" role="SPEAKING" state="VA">
<name type="parsed">Mr. BEYER</name>
<name type="authority-fnf">Donald S. Beyer, Jr.</name>
<name type="authority-lnf">Beyer, Donald S., Jr.</name>
<name type="authority-other">Mr. Donald Beyer Jr.</name>
</congMember>
<congMember authorityId="1641" bioGuideId="D000598" chamber="H" congress="115" gpoId="7858" party="D" role="SPEAKING" state="CA">
<name type="parsed">Mrs. DAVIS of California</name>
<name type="authority-fnf">Susan A. Davis</name>
<name type="authority-lnf">Davis, Susan A.</name>
<name type="authority-other">Susan Davis</name>
</congMember>
<congMember authorityId="2311" bioGuideId="B001300" chamber="H" congress="115" party="D" role="SPEAKING" state="CA">
<name type="parsed">Ms. BARRAGAN</name>
<name type="authority-fnf">Nanette Diaz Barragan</name>
<name type="authority-lnf">Barragan, Nanette Diaz</name>
<name type="authority-other">Ms. Nanette Barragan</name>
</congMember>
<congMember authorityId="2320" bioGuideId="D000627" chamber="H" congress="115" party="D" role="SPEAKING" state="FL">
<name type="parsed">Mrs. DEMINGS</name>
<name type="authority-fnf">Val Butler Demings</name>
<name type="authority-lnf">Demings, Val Butler</name>
<name type="authority-other">Mrs. Val Demings</name>
</congMember>
<congMember authorityId="2201" bioGuideId="A000370" chamber="H" congress="115" party="D" role="SPEAKING" state="NC">
<name type="parsed">Ms. ADAMS</name>
<name type="authority-fnf">Alma S. Adams</name>
<name type="authority-lnf">Adams, Alma S.</name>
<name type="authority-other">Ms. Alma Adams</name>
</congMember>
<congMember authorityId="1962" bioGuideId="S001177" chamber="H" congress="115" gpoId="8018" party="D" role="SPEAKING" state="MP">
<name type="parsed">Mr. SABLAN</name>
<name type="authority-fnf">Gregorio Kilili Camacho Sablan</name>
<name type="authority-lnf">Sablan, Gregorio Kilili Camacho</name>
<name type="authority-other">Gregorio Sablan</name>
</congMember>
<congMember authorityId="1970" bioGuideId="C001080" chamber="H" congress="115" gpoId="7837" party="D" role="SPEAKING" state="CA">
<name type="parsed">Ms. JUDY CHU of California</name>
<name type="authority-fnf">Judy Chu</name>
<name type="authority-lnf">Chu, Judy</name>
</congMember>
<congMember authorityId="1864" bioGuideId="C001067" chamber="H" congress="115" gpoId="8072" party="D" role="SPEAKING" state="NY">
<name type="parsed">Ms. CLARKE of New York</name>
<name type="authority-fnf">Yvette D. Clarke</name>
<name type="authority-lnf">Clarke, Yvette D.</name>
<name type="authority-other">Ms. Yvette Clarke</name>
</congMember>
<congMember authorityId="729" bioGuideId="M000087" chamber="H" congress="115" gpoId="8075" party="D" role="SPEAKING" state="NY">
<name type="parsed">Mrs. CAROLYN B. MALONEY of New York</name>
<name type="authority-fnf">Carolyn B. Maloney</name>
<name type="authority-lnf">Maloney, Carolyn B.</name>
<name type="authority-other">Carolyn Maloney</name>
</congMember>
<congMember authorityId="279" bioGuideId="D000191" chamber="H" congress="115" gpoId="8117" party="D" role="SPEAKING" state="OR">
<name type="parsed">Mr. DeFAZIO</name>
<name type="authority-fnf">Peter A. DeFazio</name>
<name type="authority-lnf">DeFazio, Peter A.</name>
<name type="authority-other">Peter Defazio</name>
</congMember>
<congMember authorityId="588" bioGuideId="J000032" chamber="H" congress="115" gpoId="8174" party="D" role="SPEAKING" state="TX">
<name type="parsed">Ms. JACKSON LEE</name>
<name type="authority-fnf">Sheila Jackson Lee</name>
<name type="authority-lnf">Jackson Lee, Sheila</name>
</congMember>
<congMember authorityId="2231" bioGuideId="T000474" chamber="H" congress="115" party="D" role="SPEAKING" state="CA">
<name type="parsed">Mrs. TORRES</name>
<name type="authority-fnf">Norma J. Torres</name>
<name type="authority-lnf">Torres, Norma J.</name>
<name type="authority-other">Mrs. Norma Torres</name>
</congMember>
<congMember authorityId="1504" bioGuideId="M000312" chamber="H" congress="115" gpoId="7968" party="D" role="SPEAKING" state="MA">
<name type="parsed">Mr. McGOVERN</name>
<name type="authority-fnf">James P. McGovern</name>
<name type="authority-lnf">McGovern, James P.</name>
<name type="authority-other">James Mcgovern</name>
</congMember>
<congMember authorityId="1861" bioGuideId="S001170" chamber="H" congress="115" gpoId="7528" party="D" role="SPEAKING" state="NH">
<name type="parsed">Ms. SHEA-PORTER</name>
<name type="authority-fnf">Carol Shea-Porter</name>
<name type="authority-lnf">Shea-Porter, Carol</name>
</congMember>
<congMember authorityId="2267" bioGuideId="B001296" chamber="H" congress="115" party="D" role="SPEAKING" state="PA">
<name type="parsed">Mr. BRENDAN F. BOYLE of Pennsylvania</name>
<name type="authority-fnf">Brendan F. Boyle</name>
<name type="authority-lnf">Boyle, Brendan F.</name>
<name type="authority-other">Mr. Brendan Boyle</name>
</congMember>
<congMember authorityId="1526" bioGuideId="S000344" chamber="H" congress="115" gpoId="7832" party="D" role="SPEAKING" state="CA">
<name type="parsed">Mr. SHERMAN</name>
<name type="authority-fnf">Brad Sherman</name>
<name type="authority-lnf">Sherman, Brad</name>
</congMember>
<congMember authorityId="2101" bioGuideId="H001068" chamber="H" congress="115" party="D" role="SPEAKING" state="CA">
<name type="parsed">Mr. HUFFMAN</name>
<name type="authority-fnf">Jared Huffman</name>
<name type="authority-lnf">Huffman, Jared</name>
</congMember>
<congMember authorityId="1843" bioGuideId="J000288" chamber="H" congress="115" gpoId="7901" party="D" role="SPEAKING" state="GA">
<name type="parsed">Mr. JOHNSON of Georgia</name>
<name type="authority-fnf">Henry C. "Hank" Johnson, Jr.</name>
<name type="authority-lnf">Johnson, Henry C. "Hank," Jr.</name>
<name type="authority-other">Mr. Henry Johnson Jr.</name>
</congMember>
<congMember authorityId="2109" bioGuideId="R000599" chamber="H" congress="115" party="D" role="SPEAKING" state="CA">
<name type="parsed">Mr. RUIZ</name>
<name type="authority-fnf">Raul Ruiz</name>
<name type="authority-lnf">Ruiz, Raul</name>
</congMember>
<congMember authorityId="2312" bioGuideId="C001110" chamber="H" congress="115" party="D" role="SPEAKING" state="CA">
<name type="parsed">Mr. CORREA</name>
<name type="authority-fnf">J. Luis Correa</name>
<name type="authority-lnf">Correa, J. Luis</name>
</congMember>
<congMember authorityId="616" bioGuideId="K000009" chamber="H" congress="115" gpoId="8099" party="D" role="SPEAKING" state="OH">
<name type="parsed">Ms. KAPTUR</name>
<name type="authority-fnf">Marcy Kaptur</name>
<name type="authority-lnf">Kaptur, Marcy</name>
</congMember>
<congMember authorityId="1942" bioGuideId="T000469" chamber="H" congress="115" gpoId="8082" party="D" role="SPEAKING" state="NY">
<name type="parsed">Mr. TONKO</name>
<name type="authority-fnf">Paul Tonko</name>
<name type="authority-lnf">Tonko, Paul</name>
</congMember>
<congMember authorityId="1884" bioGuideId="T000465" chamber="H" congress="115" gpoId="7970" party="D" role="SPEAKING" state="MA">
<name type="parsed">Ms. TSONGAS</name>
<name type="authority-fnf">Niki Tsongas</name>
<name type="authority-lnf">Tsongas, Niki</name>
</congMember>
<congMember authorityId="281" bioGuideId="D000216" chamber="H" congress="115" gpoId="7868" party="D" role="SPEAKING" state="CT">
<name type="parsed">Ms. DeLAURO</name>
<name type="authority-fnf">Rosa L. DeLauro</name>
<name type="authority-lnf">DeLauro, Rosa L.</name>
<name type="authority-other">Rosa Delauro</name>
</congMember>
<congMember authorityId="1833" bioGuideId="M001165" chamber="H" congress="115" gpoId="7827" party="R" role="SPEAKING" state="CA">
<name type="parsed">Mr. McCARTHY</name>
<name type="authority-fnf">Kevin McCarthy</name>
<name type="authority-lnf">McCarthy, Kevin</name>
</congMember>
<congMember authorityId="599" bioGuideId="J000126" chamber="H" congress="115" gpoId="8186" party="D" role="SPEAKING" state="TX">
<name type="parsed">Ms. EDDIE BERNICE JOHNSON of Texas</name>
<name type="authority-fnf">Eddie Bernice Johnson</name>
<name type="authority-lnf">Johnson, Eddie Bernice</name>
<name type="authority-other">Eddie Johnson</name>
</congMember>
</extension>
<relatedItem type="isReferencedBy">
<titleInfo>
<title>United States House Joint Resolution 38  (115th Congress)</title>
</titleInfo>
<identifier type="Congressional Bill citation">H.J. Res. 38</identifier>
<extension>
<congress>115</congress>
<context>TITLE</context>
</extension>
</relatedItem>
<relatedItem type="isReferencedBy">
<titleInfo>
<title>United States House Joint Resolution 38  (115th Congress)</title>
</titleInfo>
<identifier type="Congressional Bill citation">H.J. Res. 38</identifier>
<extension>
<congress>115</congress>
<context>OTHER</context>
</extension>
</relatedItem>
<relatedItem type="isReferencedBy">
<titleInfo>
<title>United States House Resolution 70  (115th Congress)</title>
</titleInfo>
<identifier type="Congressional Bill citation">H. Res. 70</identifier>
<extension>
<congress>115</congress>
<context>HEADERLINE</context>
</extension>
</relatedItem>
<relatedItem type="isReferencedBy">
<titleInfo>
<title>United States House Resolution 70  (115th Congress)</title>
</titleInfo>
<identifier type="Congressional Bill citation">H. Res. 70</identifier>
<extension>
<congress>115</congress>
<context>FIRSTPARAGRAPH</context>
</extension>
</relatedItem>
<relatedItem type="isReferencedBy">
<titleInfo>
<title>United States House Resolution 70  (115th Congress)</title>
</titleInfo>
<identifier type="Congressional Bill citation">H. Res. 70</identifier>
<extension>
<congress>115</congress>
<context>OTHER</context>
</extension>
</relatedItem>
<relatedItem type="isReferencedBy">
<titleInfo>
<title>United States House Bill 724  (115th Congress)</title>
</titleInfo>
<identifier type="Congressional Bill citation">H.R. 724</identifier>
<extension>
<congress>115</congress>
<context>OTHER</context>
</extension>
</relatedItem>
<relatedItem type="isReferencedBy">
<titleInfo>
<title>United States House Bill 1644  (115th Congress)</title>
</titleInfo>
<identifier type="Congressional Bill citation">H.R. 1644</identifier>
<extension>
<congress>115</congress>
<context>OTHER</context>
</extension>
</relatedItem>
<relatedItem ID="P0b002ee193a74586" type="host">
<titleInfo>
<title>Congressional Record</title>
<partNumber>Vol. 163, no. 16</partNumber>
</titleInfo>
<location>
<url access="object in context" displayLabel="Content Detail">https://www.gpo.gov/fdsys/pkg/CREC-2017-01-31/content-detail.html</url>
<url access="raw object" displayLabel="PDF rendition">https://www.gpo.gov/fdsys/pkg/CREC-2017-01-31/pdf/CREC-2017-01-31.pdf</url>
</location>
<part type="issue">
<extent unit="pages">
<start>H749</start>
<end>H822</end>
</extent>
<extent unit="pages">
<start>S499</start>
<end>S540</end>
</extent>
<extent unit="pages">
<start>E105</start>
<end>E110</end>
</extent>
<extent unit="pages">
<start>D88</start>
<end>D94</end>
</extent>
</part>
<originInfo>
<publisher>U.S. Government Publishing Office</publisher>
<dateIssued encoding="w3cdtf">2017-01-31</dateIssued>
<issuance>continuing</issuance>
<frequency authority="marcfrequency">daily</frequency>
</originInfo>
<physicalDescription>
<note type="source content type">deposited</note>
<digitalOrigin>born digital</digitalOrigin>
<extent>258 p.</extent>
</physicalDescription>
<classification authority="sudocs">X 1.1/A:</classification>
<classification authority="sudocs">X/A.</classification>
<identifier type="uri">https://www.gpo.gov/fdsys/pkg/CREC-2017-01-31</identifier>
<identifier type="local">P0b002ee193a74586</identifier>
<identifier type="stock number">752-002-00000-2</identifier>
<identifier type="ILS system id">000568013</identifier>
<identifier type="former package identifier">CR31JA17</identifier>
<recordInfo>
<recordContentSource authority="marcorg">DGPO</recordContentSource>
<recordCreationDate encoding="w3cdtf">2017-02-10</recordCreationDate>
<recordChangeDate encoding="w3cdtf">2017-08-21</recordChangeDate>
<recordIdentifier source="DGPO">CREC-2017-01-31</recordIdentifier>
<recordOrigin>machine generated</recordOrigin>
<languageOfCataloging>
<languageTerm authority="iso639-2b" type="code">eng</languageTerm>
</languageOfCataloging>
</recordInfo>
<accessCondition type="GPO scope determination">fdlp</accessCondition>
<extension>
<docClass>CREC</docClass>
<accessId>CREC-2017-01-31</accessId>
<volume>163</volume>
<issue>16</issue>
<congress>115</congress>
<session>1</session>
<bookCount>1</bookCount>
</extension>
</relatedItem>
</mods>