<mods ID="id-CREC-2017-02-15-pt1-PgH1191-6" version="3.3" xmlns="http://www.loc.gov/mods/v3" xmlns:exslt="http://exslt.org/common" xmlns:xlink="http://www.w3.org/1999/xlink" xmlns:xsi="http://www.w3.org/2001/XMLSchema-instance" xsi:schemaLocation="http://www.loc.gov/mods/v3 http://www.loc.gov/standards/mods/v3/mods-3-3.xsd">
<name type="corporate">
<namePart>United States Government Publishing Office</namePart>
<role>
<roleTerm authority="marcrelator" type="text">publisher</roleTerm>
<roleTerm authority="marcrelator" type="code">pbl</roleTerm>
</role>
<role>
<roleTerm authority="marcrelator" type="text">distributor</roleTerm>
<roleTerm authority="marcrelator" type="code">dst</roleTerm>
</role>
</name>
<name type="corporate">
<namePart>United States</namePart>
<namePart>Congress</namePart>
<role>
<roleTerm authority="marcrelator" type="text">author</roleTerm>
<roleTerm authority="marcrelator" type="code">aut</roleTerm>
</role>
<description>Government Organization</description>
</name>
<typeOfResource>text</typeOfResource>
<genre authority="marcgt">government publication</genre>
<language>
<languageTerm authority="iso639-2b" type="code">eng</languageTerm>
</language>
<extension>
<collectionCode>CREC</collectionCode>
<category>Proceedings of Congress and General Congressional Publications</category>
<waisDatabaseName>2017_record</waisDatabaseName>
<branch>legislative</branch>
<dateIngested>2017-02-16</dateIngested>
</extension>
<titleInfo>
<title>WE OWE THE AMERICAN PEOPLE THE ABSOLUTE TRUTH</title>
<partName>House</partName>
</titleInfo>
<relatedItem type="otherFormat" xlink:href="https://www.gpo.gov/fdsys/pkg/CREC-2017-02-15/html/CREC-2017-02-15-pt1-PgH1191-6.htm">
<identifier type="FDsys Unique ID">D09002ee196a6f83f</identifier>
</relatedItem>
<relatedItem type="otherFormat" xlink:href="https://www.gpo.gov/fdsys/pkg/CREC-2017-02-15/pdf/CREC-2017-02-15-pt1-PgH1191-6.pdf">
<identifier type="FDsys Unique ID">D09002ee196a6f924</identifier>
</relatedItem>
<identifier type="congressional record citation">163 Cong. Rec. H1191</identifier>
<identifier type="uri">https://www.gpo.gov/fdsys/granule/CREC-2017-02-15/CREC-2017-02-15-pt1-PgH1191-6</identifier>
<identifier type="former granule identifier">cr15fe17-77</identifier>
<location>
<url access="object in context" displayLabel="Content Detail">https://www.gpo.gov/fdsys/granule/CREC-2017-02-15/CREC-2017-02-15-pt1-PgH1191-6/content-detail.html</url>
<url access="raw object" displayLabel="PDF rendition">https://www.gpo.gov/fdsys/pkg/CREC-2017-02-15/pdf/CREC-2017-02-15-pt1-PgH1191-6.pdf</url>
<url access="raw object" displayLabel="HTML rendition">https://www.gpo.gov/fdsys/pkg/CREC-2017-02-15/html/CREC-2017-02-15-pt1-PgH1191-6.htm</url>
</location>
<physicalDescription>
<extent>2 p.</extent>
</physicalDescription>
<part type="article">
<extent unit="pages">
<start>H1191</start>
<end>H1192</end>
</extent>
</part>
<name type="personal">
<namePart>Daniel T. Kildee</namePart>
<affiliation>United States House of Representatives</affiliation>
<role>
<roleTerm type="text">speaking</roleTerm>
</role>
<description>United States Congress Member</description>
</name>
<identifier type="preferred citation">163 Cong. Rec. H1191</identifier>
<extension>
<searchTitle>WE OWE THE AMERICAN PEOPLE THE ABSOLUTE TRUTH; Congressional Record Vol. 163, No. 27</searchTitle>
<granuleClass>HOUSE</granuleClass>
<accessId>CREC-2017-02-15-pt1-PgH1191-6</accessId>
<subGranuleClass>ALLOTHER</subGranuleClass>
<pagePrefix>H</pagePrefix>
<bookNumber>1</bookNumber>
<chamber>HOUSE</chamber>
<granuleDate>2017-02-15</granuleDate>
<time from="12:00:00" to="12:00:00"/>
<congMember authorityId="2134" bioGuideId="K000380" chamber="H" congress="115" party="D" role="SPEAKING" state="MI">
<name type="parsed">Mr. KILDEE</name>
<name type="authority-fnf">Daniel T. Kildee</name>
<name type="authority-lnf">Kildee, Daniel T.</name>
<name type="authority-other">Mr. Daniel Kildee</name>
</congMember>
</extension>
<relatedItem ID="P0b002ee193b629b8" type="host">
<titleInfo>
<title>Congressional Record</title>
<partNumber>Vol. 163, no. 27</partNumber>
</titleInfo>
<location>
<url access="object in context" displayLabel="Content Detail">https://www.gpo.gov/fdsys/pkg/CREC-2017-02-15/content-detail.html</url>
<url access="raw object" displayLabel="PDF rendition">https://www.gpo.gov/fdsys/pkg/CREC-2017-02-15/pdf/CREC-2017-02-15.pdf</url>
</location>
<part type="issue">
<extent unit="pages">
<start>H1187</start>
<end>H1246</end>
</extent>
<extent unit="pages">
<start>S1165</start>
<end>S1221</end>
</extent>
<extent unit="pages">
<start>E197</start>
<end>E206</end>
</extent>
<extent unit="pages">
<start>D160</start>
<end>D166</end>
</extent>
</part>
<originInfo>
<publisher>U.S. Government Publishing Office</publisher>
<dateIssued encoding="w3cdtf">2017-02-15</dateIssued>
<issuance>continuing</issuance>
<frequency authority="marcfrequency">daily</frequency>
</originInfo>
<physicalDescription>
<note type="source content type">deposited</note>
<digitalOrigin>born digital</digitalOrigin>
<extent>268 p.</extent>
</physicalDescription>
<classification authority="sudocs">X 1.1/A:</classification>
<classification authority="sudocs">X/A.</classification>
<identifier type="uri">https://www.gpo.gov/fdsys/pkg/CREC-2017-02-15</identifier>
<identifier type="local">P0b002ee193b629b8</identifier>
<identifier type="stock number">752-002-00000-2</identifier>
<identifier type="ILS system id">000568013</identifier>
<identifier type="former package identifier">cr15fe17</identifier>
<recordInfo>
<recordContentSource authority="marcorg">DGPO</recordContentSource>
<recordCreationDate encoding="w3cdtf">2017-02-16</recordCreationDate>
<recordChangeDate encoding="w3cdtf">2017-08-21</recordChangeDate>
<recordIdentifier source="DGPO">CREC-2017-02-15</recordIdentifier>
<recordOrigin>machine generated</recordOrigin>
<languageOfCataloging>
<languageTerm authority="iso639-2b" type="code">eng</languageTerm>
</languageOfCataloging>
</recordInfo>
<accessCondition type="GPO scope determination">fdlp</accessCondition>
<extension>
<docClass>CREC</docClass>
<accessId>CREC-2017-02-15</accessId>
<volume>163</volume>
<issue>27</issue>
<congress>115</congress>
<session>1</session>
<bookCount>1</bookCount>
</extension>
</relatedItem>
</mods>