<mods ID="id-CREC-2017-02-14-pt1-PgS1138-2" version="3.3" xmlns="http://www.loc.gov/mods/v3" xmlns:exslt="http://exslt.org/common" xmlns:xlink="http://www.w3.org/1999/xlink" xmlns:xsi="http://www.w3.org/2001/XMLSchema-instance" xsi:schemaLocation="http://www.loc.gov/mods/v3 http://www.loc.gov/standards/mods/v3/mods-3-3.xsd">
<name type="corporate">
<namePart>United States Government Publishing Office</namePart>
<role>
<roleTerm authority="marcrelator" type="text">publisher</roleTerm>
<roleTerm authority="marcrelator" type="code">pbl</roleTerm>
</role>
<role>
<roleTerm authority="marcrelator" type="text">distributor</roleTerm>
<roleTerm authority="marcrelator" type="code">dst</roleTerm>
</role>
</name>
<name type="corporate">
<namePart>United States</namePart>
<namePart>Congress</namePart>
<role>
<roleTerm authority="marcrelator" type="text">author</roleTerm>
<roleTerm authority="marcrelator" type="code">aut</roleTerm>
</role>
<description>Government Organization</description>
</name>
<typeOfResource>text</typeOfResource>
<genre authority="marcgt">government publication</genre>
<language>
<languageTerm authority="iso639-2b" type="code">eng</languageTerm>
</language>
<extension>
<collectionCode>CREC</collectionCode>
<category>Proceedings of Congress and General Congressional Publications</category>
<waisDatabaseName>2017_record</waisDatabaseName>
<branch>legislative</branch>
<dateIngested>2017-06-09</dateIngested>
</extension>
<titleInfo>
<title>EXECUTIVE SESSION</title>
<partName>Senate</partName>
</titleInfo>
<relatedItem type="otherFormat" xlink:href="https://www.gpo.gov/fdsys/pkg/CREC-2017-02-14/html/CREC-2017-02-14-pt1-PgS1138-2.htm">
<identifier type="FDsys Unique ID">D09002ee196a6f528</identifier>
</relatedItem>
<relatedItem type="otherFormat" xlink:href="https://www.gpo.gov/fdsys/pkg/CREC-2017-02-14/pdf/CREC-2017-02-14-pt1-PgS1138-2.pdf">
<identifier type="FDsys Unique ID">D09002ee196a6f646</identifier>
</relatedItem>
<identifier type="congressional record citation">163 Cong. Rec. S1138</identifier>
<identifier type="uri">https://www.gpo.gov/fdsys/granule/CREC-2017-02-14/CREC-2017-02-14-pt1-PgS1138-2</identifier>
<identifier type="former granule identifier">CR14FE17-175</identifier>
<location>
<url access="object in context" displayLabel="Content Detail">https://www.gpo.gov/fdsys/granule/CREC-2017-02-14/CREC-2017-02-14-pt1-PgS1138-2/content-detail.html</url>
<url access="raw object" displayLabel="PDF rendition">https://www.gpo.gov/fdsys/pkg/CREC-2017-02-14/pdf/CREC-2017-02-14-pt1-PgS1138-2.pdf</url>
<url access="raw object" displayLabel="HTML rendition">https://www.gpo.gov/fdsys/pkg/CREC-2017-02-14/html/CREC-2017-02-14-pt1-PgS1138-2.htm</url>
</location>
<physicalDescription>
<extent>5 p.</extent>
</physicalDescription>
<part type="article">
<extent unit="pages">
<start>S1138</start>
<end>S1142</end>
</extent>
</part>
<name type="personal">
<namePart>Richard Durbin</namePart>
<affiliation>United States Senate</affiliation>
<role>
<roleTerm type="text">speaking</roleTerm>
</role>
<description>United States Congress Member</description>
</name>
<name type="personal">
<namePart>Benjamin L. Cardin</namePart>
<affiliation>United States Senate</affiliation>
<role>
<roleTerm type="text">speaking</roleTerm>
</role>
<description>United States Congress Member</description>
</name>
<name type="personal">
<namePart>Chris Van Hollen</namePart>
<affiliation>United States Senate</affiliation>
<role>
<roleTerm type="text">speaking</roleTerm>
</role>
<description>United States Congress Member</description>
</name>
<name type="personal">
<namePart>Jeanne Shaheen</namePart>
<affiliation>United States Senate</affiliation>
<role>
<roleTerm type="text">speaking</roleTerm>
</role>
<description>United States Congress Member</description>
</name>
<name type="personal">
<namePart>James E. Risch</namePart>
<affiliation>United States Senate</affiliation>
<role>
<roleTerm type="text">speaking</roleTerm>
</role>
<description>United States Congress Member</description>
</name>
<name type="corporate">
<namePart>United States</namePart>
<namePart>Congress</namePart>
<namePart>Senate</namePart>
<namePart>Committee on Small Business and Entrepreneurship</namePart>
<role>
<roleTerm authority="marcrelator" type="text">associated name</roleTerm>
<roleTerm authority="marcrelator" type="code">asn</roleTerm>
</role>
<description>Government Organization</description>
</name>
<identifier type="preferred citation">163 Cong. Rec. S1138</identifier>
<identifier type="congressional vote number">SENATE Rollcall Vote No.65(115th Congress)</identifier>
<extension>
<searchTitle>EXECUTIVE SESSION; Congressional Record Vol. 163, No. 26</searchTitle>
<granuleClass>SENATE</granuleClass>
<accessId>CREC-2017-02-14-pt1-PgS1138-2</accessId>
<subGranuleClass>SEXECSESSION</subGranuleClass>
<pagePrefix>S</pagePrefix>
<bookNumber>1</bookNumber>
<chamber>SENATE</chamber>
<granuleDate>2017-02-14</granuleDate>
<congVote chamber="SENATE" congress="115" nocount="19" number="65" yescount="81">
<result>The PRESIDING OFFICER (Mr. Flake). Under the previous order, the
motion to reconsider is considered made and laid upon the table and the 
President will be immediately notified of the Senate's action.
</result>
<inDailyDigest>false</inDailyDigest>
<congMember authorityId="1695" bioGuideId="A000360" chamber="S" congress="115" gpoId="8304" party="R" role="VOTED YES" state="TN">
<name type="parsed">Alexander</name>
<name type="authority-fnf">Lamar Alexander</name>
<name type="authority-lnf">Alexander, Lamar</name>
</congMember>
<congMember authorityId="1881" bioGuideId="B001261" chamber="S" congress="115" gpoId="8300" party="R" role="VOTED YES" state="WY">
<name type="parsed">Barrasso</name>
<name type="authority-fnf">John Barrasso</name>
<name type="authority-lnf">Barrasso, John</name>
</congMember>
<congMember authorityId="1965" bioGuideId="B001267" chamber="S" congress="115" gpoId="8302" party="D" role="VOTED YES" state="CO">
<name type="parsed">Bennet</name>
<name type="authority-fnf">Michael F. Bennet</name>
<name type="authority-lnf">Bennet, Michael F.</name>
<name type="authority-other">Mr. Michael Bennet</name>
</congMember>
<congMember authorityId="2076" bioGuideId="B001277" chamber="S" congress="115" gpoId="8332" party="D" role="VOTED YES" state="CT">
<name type="parsed">Blumenthal</name>
<name type="authority-fnf">Richard Blumenthal</name>
<name type="authority-lnf">Blumenthal, Richard</name>
</congMember>
<congMember authorityId="1464" bioGuideId="B000575" chamber="S" congress="115" gpoId="8313" party="R" role="VOTED YES" state="MO">
<name type="parsed">Blunt</name>
<name type="authority-fnf">Roy Blunt</name>
<name type="authority-lnf">Blunt, Roy</name>
</congMember>
<congMember authorityId="1687" bioGuideId="B001236" chamber="S" congress="115" gpoId="8247" party="R" role="VOTED YES" state="AR">
<name type="parsed">Boozman</name>
<name type="authority-fnf">John Boozman</name>
<name type="authority-lnf">Boozman, John</name>
</congMember>
<congMember authorityId="153" bioGuideId="B001135" chamber="S" congress="115" gpoId="8286" party="R" role="VOTED YES" state="NC">
<name type="parsed">Burr</name>
<name type="authority-fnf">Richard Burr</name>
<name type="authority-lnf">Burr, Richard</name>
</congMember>
<congMember authorityId="172" bioGuideId="C000127" chamber="S" congress="115" gpoId="8288" party="D" role="VOTED YES" state="WA">
<name type="parsed">Cantwell</name>
<name type="authority-fnf">Maria Cantwell</name>
<name type="authority-lnf">Cantwell, Maria</name>
</congMember>
<congMember authorityId="1676" bioGuideId="C001047" chamber="S" congress="115" gpoId="8223" party="R" role="VOTED YES" state="WV">
<name type="parsed">Capito</name>
<name type="authority-fnf">Shelley Moore Capito</name>
<name type="authority-lnf">Capito, Shelley Moore</name>
<name type="authority-other">Shelley Capito</name>
</congMember>
<congMember authorityId="174" bioGuideId="C000141" chamber="S" congress="115" gpoId="8287" party="D" role="VOTED YES" state="MD">
<name type="parsed">Cardin</name>
<name type="authority-fnf">Benjamin L. Cardin</name>
<name type="authority-lnf">Cardin, Benjamin L.</name>
<name type="authority-other">Benjamin Cardin</name>
</congMember>
<congMember authorityId="179" bioGuideId="C000174" chamber="S" congress="115" gpoId="8283" party="D" role="VOTED YES" state="DE">
<name type="parsed">Carper</name>
<name type="authority-fnf">Thomas R. Carper</name>
<name type="authority-lnf">Carper, Thomas R.</name>
<name type="authority-other">Thomas Carper</name>
</congMember>
<congMember authorityId="1828" bioGuideId="C001070" chamber="S" congress="115" gpoId="8282" party="D" role="VOTED YES" state="PA">
<name type="parsed">Casey</name>
<name type="authority-fnf">Robert P. Casey Jr.</name>
<name type="authority-lnf">Casey, Robert P., Jr.</name>
<name type="authority-other">Mr. Bob Casey Jr.</name>
</congMember>
<congMember authorityId="1925" bioGuideId="C001075" chamber="S" congress="115" gpoId="7964" party="R" role="VOTED YES" state="LA">
<name type="parsed">Cassidy</name>
<name type="authority-fnf">Bill Cassidy</name>
<name type="authority-lnf">Cassidy, Bill</name>
</congMember>
<congMember authorityId="213" bioGuideId="C000567" chamber="S" congress="115" gpoId="8292" party="R" role="VOTED YES" state="MS">
<name type="parsed">Cochran</name>
<name type="authority-fnf">Thad Cochran</name>
<name type="authority-lnf">Cochran, Thad</name>
</congMember>
<congMember authorityId="1541" bioGuideId="C001035" chamber="S" congress="115" gpoId="8291" party="R" role="VOTED YES" state="ME">
<name type="parsed">Collins</name>
<name type="authority-fnf">Susan M. Collins</name>
<name type="authority-lnf">Collins, Susan M.</name>
<name type="authority-other">Susan Margaret Collins</name>
</congMember>
<congMember authorityId="1984" bioGuideId="C001088" chamber="S" congress="115" gpoId="8297" party="D" role="VOTED YES" state="DE">
<name type="parsed">Coons</name>
<name type="authority-fnf">Christopher A. Coons</name>
<name type="authority-lnf">Coons, Christopher A.</name>
<name type="authority-other">Mr. Christopher Coons</name>
</congMember>
<congMember authorityId="1825" bioGuideId="C001071" chamber="S" congress="115" gpoId="8294" party="R" role="VOTED YES" state="TN">
<name type="parsed">Corker</name>
<name type="authority-fnf">Bob Corker</name>
<name type="authority-lnf">Corker, Bob</name>
</congMember>
<congMember authorityId="1692" bioGuideId="C001056" chamber="S" congress="115" gpoId="8295" party="R" role="VOTED YES" state="TX">
<name type="parsed">Cornyn</name>
<name type="authority-fnf">John Cornyn</name>
<name type="authority-lnf">Cornyn, John</name>
</congMember>
<congMember authorityId="2098" bioGuideId="C001095" chamber="S" congress="115" party="R" role="VOTED YES" state="AR">
<name type="parsed">Cotton</name>
<name type="authority-fnf">Tom Cotton</name>
<name type="authority-lnf">Cotton, Tom</name>
</congMember>
<congMember authorityId="250" bioGuideId="C000880" chamber="S" congress="115" gpoId="8289" party="R" role="VOTED YES" state="ID">
<name type="parsed">Crapo</name>
<name type="authority-fnf">Mike Crapo</name>
<name type="authority-lnf">Crapo, Mike</name>
<name type="authority-other">Michael Crapo</name>
</congMember>
<congMember authorityId="2175" bioGuideId="C001098" chamber="S" congress="115" party="R" role="VOTED YES" state="TX">
<name type="parsed">Cruz</name>
<name type="authority-fnf">Ted Cruz</name>
<name type="authority-lnf">Cruz, Ted</name>
</congMember>
<congMember authorityId="2138" bioGuideId="D000618" chamber="S" congress="115" party="R" role="VOTED YES" state="MT">
<name type="parsed">Daines</name>
<name type="authority-fnf">Steve Daines</name>
<name type="authority-lnf">Daines, Steve</name>
</congMember>
<congMember authorityId="1850" bioGuideId="D000607" chamber="S" congress="115" gpoId="7941" party="D" role="VOTED YES" state="IN">
<name type="parsed">Donnelly</name>
<name type="authority-fnf">Joe Donnelly</name>
<name type="authority-lnf">Donnelly, Joe</name>
</congMember>
<congMember authorityId="2123" bioGuideId="D000622" chamber="S" congress="115" party="D" role="VOTED YES" state="IL">
<name type="parsed">Duckworth</name>
<name type="authority-fnf">Tammy Duckworth</name>
<name type="authority-lnf">Duckworth, Tammy</name>
</congMember>
<congMember authorityId="1542" bioGuideId="E000285" chamber="S" congress="115" gpoId="8328" party="R" role="VOTED YES" state="WY">
<name type="parsed">Enzi</name>
<name type="authority-fnf">Michael B. Enzi</name>
<name type="authority-lnf">Enzi, Michael B.</name>
<name type="authority-other">Michael Enzi</name>
</congMember>
<congMember authorityId="2283" bioGuideId="E000295" chamber="S" congress="115" party="R" role="VOTED YES" state="IA">
<name type="parsed">Ernst</name>
<name type="authority-fnf">Joni Ernst</name>
<name type="authority-lnf">Ernst, Joni</name>
</congMember>
<congMember authorityId="1332" bioGuideId="F000062" chamber="S" congress="115" gpoId="8338" party="D" role="VOTED YES" state="CA">
<name type="parsed">Feinstein</name>
<name type="authority-fnf">Dianne Feinstein</name>
<name type="authority-lnf">Feinstein, Dianne</name>
</congMember>
<congMember authorityId="2179" bioGuideId="F000463" chamber="S" congress="115" party="R" role="VOTED YES" state="NE">
<name type="parsed">Fischer</name>
<name type="authority-fnf">Deb Fischer</name>
<name type="authority-lnf">Fischer, Deb</name>
</congMember>
<congMember authorityId="1633" bioGuideId="F000444" chamber="S" congress="115" gpoId="7803" party="R" role="VOTED YES" state="AZ">
<name type="parsed">Flake</name>
<name type="authority-fnf">Jeff Flake</name>
<name type="authority-lnf">Flake, Jeff</name>
</congMember>
<congMember authorityId="1969" bioGuideId="F000457" chamber="S" congress="115" gpoId="8339" party="D" role="VOTED YES" state="MN">
<name type="parsed">Franken</name>
<name type="authority-fnf">Al Franken</name>
<name type="authority-lnf">Franken, Al</name>
</congMember>
<congMember authorityId="1998" bioGuideId="G000562" chamber="S" congress="115" gpoId="7862" party="R" role="VOTED YES" state="CO">
<name type="parsed">Gardner</name>
<name type="authority-fnf">Cory Gardner</name>
<name type="authority-lnf">Gardner, Cory</name>
</congMember>
<congMember authorityId="452" bioGuideId="G000359" chamber="S" congress="115" gpoId="8335" party="R" role="VOTED YES" state="SC">
<name type="parsed">Graham</name>
<name type="authority-fnf">Lindsey Graham</name>
<name type="authority-lnf">Graham, Lindsey</name>
<name type="authority-other">Lindsey O. Graham</name>
</congMember>
<congMember authorityId="457" bioGuideId="G000386" chamber="S" congress="115" gpoId="8316" party="R" role="VOTED YES" state="IA">
<name type="parsed">Grassley</name>
<name type="authority-fnf">Chuck Grassley</name>
<name type="authority-lnf">Grassley, Chuck</name>
<name type="authority-other">Charles Ernest Grassley</name>
</congMember>
<congMember authorityId="2302" bioGuideId="H001076" chamber="S" congress="115" party="D" role="VOTED YES" state="NH">
<name type="parsed">Hassan</name>
<name type="authority-fnf">Margaret Wood Hassan</name>
<name type="authority-lnf">Hassan, Margaret Wood</name>
<name type="authority-other">Ms. Margaret Hassan</name>
</congMember>
<congMember authorityId="1351" bioGuideId="H000338" chamber="S" congress="115" gpoId="8314" party="R" role="VOTED YES" state="UT">
<name type="parsed">Hatch</name>
<name type="authority-fnf">Orrin G. Hatch</name>
<name type="authority-lnf">Hatch, Orrin G.</name>
<name type="authority-other">Orrin Grant Hatch</name>
</congMember>
<congMember authorityId="2174" bioGuideId="H001069" chamber="S" congress="115" party="D" role="VOTED YES" state="ND">
<name type="parsed">Heitkamp</name>
<name type="authority-fnf">Heidi Heitkamp</name>
<name type="authority-lnf">Heitkamp, Heidi</name>
</congMember>
<congMember authorityId="1863" bioGuideId="H001041" chamber="S" congress="115" gpoId="8060" party="R" role="VOTED YES" state="NV">
<name type="parsed">Heller</name>
<name type="authority-fnf">Dean Heller</name>
<name type="authority-lnf">Heller, Dean</name>
</congMember>
<congMember authorityId="1844" bioGuideId="H001042" chamber="S" congress="115" gpoId="7913" party="D" role="VOTED YES" state="HI">
<name type="parsed">Hirono</name>
<name type="authority-fnf">Mazie K. Hirono</name>
<name type="authority-lnf">Hirono, Mazie K.</name>
<name type="authority-other">Ms. Mazie Hirono</name>
</congMember>
<congMember authorityId="2079" bioGuideId="H001061" chamber="S" congress="115" gpoId="8331" party="R" role="VOTED YES" state="ND">
<name type="parsed">Hoeven</name>
<name type="authority-fnf">John Hoeven</name>
<name type="authority-lnf">Hoeven, John</name>
</congMember>
<congMember authorityId="583" bioGuideId="I000024" chamber="S" congress="115" gpoId="8322" party="R" role="VOTED YES" state="OK">
<name type="parsed">Inhofe</name>
<name type="authority-fnf">James M. Inhofe</name>
<name type="authority-lnf">Inhofe, James M.</name>
<name type="authority-other">Jim Inhofe</name>
</congMember>
<congMember authorityId="1608" bioGuideId="I000055" chamber="S" congress="115" gpoId="8323" party="R" role="VOTED YES" state="GA">
<name type="parsed">Isakson</name>
<name type="authority-fnf">Johnny Isakson</name>
<name type="authority-lnf">Isakson, Johnny</name>
</congMember>
<congMember authorityId="2086" bioGuideId="J000293" chamber="S" congress="115" gpoId="8355" party="R" role="VOTED YES" state="WI">
<name type="parsed">Johnson</name>
<name type="authority-fnf">Ron Johnson</name>
<name type="authority-lnf">Johnson, Ron</name>
</congMember>
<congMember authorityId="2176" bioGuideId="K000384" chamber="S" congress="115" party="D" role="VOTED YES" state="VA">
<name type="parsed">Kaine</name>
<name type="authority-fnf">Tim Kaine</name>
<name type="authority-lnf">Kaine, Tim</name>
<name type="authority-other">Mr. Timothy Kaine</name>
</congMember>
<congMember authorityId="2303" bioGuideId="K000393" chamber="S" congress="115" party="R" role="VOTED YES" state="LA">
<name type="parsed">Kennedy</name>
<name type="authority-fnf">John Kennedy</name>
<name type="authority-lnf">Kennedy, John</name>
<name type="authority-other">Mr. John Neely Kennedy</name>
</congMember>
<congMember authorityId="2185" bioGuideId="K000383" chamber="S" congress="115" party="I" role="VOTED YES" state="ME">
<name type="parsed">King</name>
<name type="authority-fnf">Angus S. King Jr.</name>
<name type="authority-lnf">King, Angus S., Jr.</name>
<name type="authority-other">Mr. Angus King Jr.</name>
</congMember>
<congMember authorityId="1826" bioGuideId="K000367" chamber="S" congress="115" gpoId="8249" party="D" role="VOTED YES" state="MN">
<name type="parsed">Klobuchar</name>
<name type="authority-fnf">Amy Klobuchar</name>
<name type="authority-lnf">Klobuchar, Amy</name>
</congMember>
<congMember authorityId="2050" bioGuideId="L000575" chamber="S" congress="115" gpoId="8113" party="R" role="VOTED YES" state="OK">
<name type="parsed">Lankford</name>
<name type="authority-fnf">James Lankford</name>
<name type="authority-lnf">Lankford, James</name>
</congMember>
<congMember authorityId="1383" bioGuideId="L000174" chamber="S" congress="115" gpoId="8244" party="D" role="VOTED YES" state="VT">
<name type="parsed">Leahy</name>
<name type="authority-fnf">Patrick J. Leahy</name>
<name type="authority-lnf">Leahy, Patrick J.</name>
<name type="authority-other">Patrick Joseph Leahy</name>
</congMember>
<congMember authorityId="2080" bioGuideId="L000577" chamber="S" congress="115" gpoId="8303" party="R" role="VOTED YES" state="UT">
<name type="parsed">Lee</name>
<name type="authority-fnf">Mike Lee</name>
<name type="authority-lnf">Lee, Mike</name>
</congMember>
<congMember authorityId="1983" bioGuideId="M001183" chamber="S" congress="115" gpoId="8256" party="D" role="VOTED YES" state="WV">
<name type="parsed">Manchin</name>
<name type="authority-fnf">Joe Manchin III</name>
<name type="authority-lnf">Manchin, Joe, III</name>
<name type="authority-other">Mr. Joe Manchin III</name>
</congMember>
<congMember authorityId="754" bioGuideId="M000303" chamber="S" congress="115" gpoId="8253" party="R" role="VOTED YES" state="AZ">
<name type="parsed">McCain</name>
<name type="authority-fnf">John McCain</name>
<name type="authority-lnf">McCain, John</name>
<name type="authority-other">John Sidney Mccain</name>
</congMember>
<congMember authorityId="1820" bioGuideId="M001170" chamber="S" congress="115" gpoId="8252" party="D" role="VOTED YES" state="MO">
<name type="parsed">McCaskill</name>
<name type="authority-fnf">Claire McCaskill</name>
<name type="authority-lnf">McCaskill, Claire</name>
</congMember>
<congMember authorityId="1395" bioGuideId="M000355" chamber="S" congress="115" gpoId="8254" party="R" role="VOTED YES" state="KY">
<name type="parsed">McConnell</name>
<name type="authority-fnf">Mitch McConnell</name>
<name type="authority-lnf">McConnell, Mitch</name>
</congMember>
<congMember authorityId="791" bioGuideId="M000639" chamber="S" congress="115" gpoId="8239" party="D" role="VOTED YES" state="NJ">
<name type="parsed">Menendez</name>
<name type="authority-fnf">Robert Menendez</name>
<name type="authority-lnf">Menendez, Robert</name>
</congMember>
<congMember authorityId="1507" bioGuideId="M000934" chamber="S" congress="115" gpoId="8307" party="R" role="VOTED YES" state="KS">
<name type="parsed">Moran</name>
<name type="authority-fnf">Jerry Moran</name>
<name type="authority-lnf">Moran, Jerry</name>
</congMember>
<congMember authorityId="1694" bioGuideId="M001153" chamber="S" congress="115" gpoId="8234" party="R" role="VOTED YES" state="AK">
<name type="parsed">Murkowski</name>
<name type="authority-fnf">Lisa Murkowski</name>
<name type="authority-lnf">Murkowski, Lisa</name>
</congMember>
<congMember authorityId="1837" bioGuideId="M001169" chamber="S" congress="115" gpoId="7870" party="D" role="VOTED YES" state="CT">
<name type="parsed">Murphy</name>
<name type="authority-fnf">Christopher S. Murphy</name>
<name type="authority-lnf">Murphy, Christopher S.</name>
<name type="authority-other">Mr. Christopher Murphy</name>
</congMember>
<congMember authorityId="859" bioGuideId="N000032" chamber="S" congress="115" gpoId="8236" party="D" role="VOTED YES" state="FL">
<name type="parsed">Nelson</name>
<name type="authority-fnf">Bill Nelson</name>
<name type="authority-lnf">Nelson, Bill</name>
<name type="authority-other">Clarence William Nelson</name>
</congMember>
<congMember authorityId="2082" bioGuideId="P000603" chamber="S" congress="115" gpoId="8308" party="R" role="VOTED YES" state="KY">
<name type="parsed">Paul</name>
<name type="authority-fnf">Rand Paul</name>
<name type="authority-lnf">Paul, Rand</name>
</congMember>
<congMember authorityId="2286" bioGuideId="P000612" chamber="S" congress="115" party="R" role="VOTED YES" state="GA">
<name type="parsed">Perdue</name>
<name type="authority-fnf">David Perdue</name>
<name type="authority-lnf">Perdue, David</name>
<name type="authority-other">Mr. David Alfred Perdue</name>
</congMember>
<congMember authorityId="1929" bioGuideId="P000595" chamber="S" congress="115" gpoId="7994" party="D" role="VOTED YES" state="MI">
<name type="parsed">Peters</name>
<name type="authority-fnf">Gary C. Peters</name>
<name type="authority-lnf">Peters, Gary C.</name>
<name type="authority-other">Mr. Gary Peters</name>
</congMember>
<congMember authorityId="924" bioGuideId="P000449" chamber="S" congress="115" gpoId="8266" party="R" role="VOTED YES" state="OH">
<name type="parsed">Portman</name>
<name type="authority-fnf">Rob Portman</name>
<name type="authority-lnf">Portman, Rob</name>
</congMember>
<congMember authorityId="1896" bioGuideId="R000584" chamber="S" congress="115" gpoId="8274" party="R" role="VOTED YES" state="ID">
<name type="parsed">Risch</name>
<name type="authority-fnf">James E. Risch</name>
<name type="authority-lnf">Risch, James E.</name>
<name type="authority-other">Mr. James Risch</name>
</congMember>
<congMember authorityId="968" bioGuideId="R000307" chamber="S" congress="115" gpoId="8275" party="R" role="VOTED YES" state="KS">
<name type="parsed">Roberts</name>
<name type="authority-fnf">Pat Roberts</name>
<name type="authority-lnf">Roberts, Pat</name>
</congMember>
<congMember authorityId="2288" bioGuideId="R000605" chamber="S" congress="115" party="R" role="VOTED YES" state="SD">
<name type="parsed">Rounds</name>
<name type="authority-fnf">Mike Rounds</name>
<name type="authority-lnf">Rounds, Mike</name>
</congMember>
<congMember authorityId="2084" bioGuideId="R000595" chamber="S" congress="115" gpoId="8242" party="R" role="VOTED YES" state="FL">
<name type="parsed">Rubio</name>
<name type="authority-fnf">Marco Rubio</name>
<name type="authority-lnf">Rubio, Marco</name>
</congMember>
<congMember authorityId="2289" bioGuideId="S001197" chamber="S" congress="115" party="R" role="VOTED YES" state="NE">
<name type="parsed">Sasse</name>
<name type="authority-fnf">Ben Sasse</name>
<name type="authority-lnf">Sasse, Ben</name>
</congMember>
<congMember authorityId="2056" bioGuideId="S001184" chamber="S" congress="115" gpoId="8141" party="R" role="VOTED YES" state="SC">
<name type="parsed">Scott</name>
<name type="authority-fnf">Tim Scott</name>
<name type="authority-lnf">Scott, Tim</name>
</congMember>
<congMember authorityId="1901" bioGuideId="S001181" chamber="S" congress="115" gpoId="8276" party="D" role="VOTED YES" state="NH">
<name type="parsed">Shaheen</name>
<name type="authority-fnf">Jeanne Shaheen</name>
<name type="authority-lnf">Shaheen, Jeanne</name>
</congMember>
<congMember authorityId="1049" bioGuideId="S000320" chamber="S" congress="115" gpoId="8277" party="R" role="VOTED YES" state="AL">
<name type="parsed">Shelby</name>
<name type="authority-fnf">Richard C. Shelby</name>
<name type="authority-lnf">Shelby, Richard C.</name>
<name type="authority-other">Richard Craig Shelby</name>
</congMember>
<congMember authorityId="1531" bioGuideId="S000770" chamber="S" congress="115" gpoId="8261" party="D" role="VOTED YES" state="MI">
<name type="parsed">Stabenow</name>
<name type="authority-fnf">Debbie Stabenow</name>
<name type="authority-lnf">Stabenow, Debbie</name>
<name type="authority-other">Deborah Ann Stabenow</name>
</congMember>
<congMember authorityId="2357" bioGuideId="S001202" chamber="S" congress="115" party="R" role="VOTED YES" state="AL">
<name type="parsed">Strange</name>
<name type="authority-fnf">Luther Strange</name>
<name type="authority-lnf">Strange, Luther</name>
</congMember>
<congMember authorityId="2290" bioGuideId="S001198" chamber="S" congress="115" party="R" role="VOTED YES" state="AK">
<name type="parsed">Sullivan</name>
<name type="authority-fnf">Dan Sullivan</name>
<name type="authority-lnf">Sullivan, Dan</name>
</congMember>
<congMember authorityId="1829" bioGuideId="T000464" chamber="S" congress="115" gpoId="8258" party="D" role="VOTED YES" state="MT">
<name type="parsed">Tester</name>
<name type="authority-fnf">Jon Tester</name>
<name type="authority-lnf">Tester, Jon</name>
</congMember>
<congMember authorityId="1534" bioGuideId="T000250" chamber="S" congress="115" gpoId="8257" party="R" role="VOTED YES" state="SD">
<name type="parsed">Thune</name>
<name type="authority-fnf">John Thune</name>
<name type="authority-lnf">Thune, John</name>
<name type="authority-other">John R. Thune</name>
</congMember>
<congMember authorityId="2291" bioGuideId="T000476" chamber="S" congress="115" party="R" role="VOTED YES" state="NC">
<name type="parsed">Tillis</name>
<name type="authority-fnf">Thom Tillis</name>
<name type="authority-lnf">Tillis, Thom</name>
<name type="authority-other">Mr. Thomas Roland Tillis</name>
</congMember>
<congMember authorityId="1594" bioGuideId="T000461" chamber="S" congress="115" party="R" role="VOTED YES" state="PA">
<name type="parsed">Toomey</name>
<name type="authority-fnf">Patrick J. Toomey</name>
<name type="authority-lnf">Toomey, Patrick J.</name>
<name type="authority-other">Patrick Toomey</name>
</congMember>
<congMember authorityId="1897" bioGuideId="W000805" chamber="S" congress="115" gpoId="8269" party="D" role="VOTED YES" state="VA">
<name type="parsed">Warner</name>
<name type="authority-fnf">Mark R. Warner</name>
<name type="authority-lnf">Warner, Mark R.</name>
<name type="authority-other">Mr. Mark Warner</name>
</congMember>
<congMember authorityId="1226" bioGuideId="W000437" chamber="S" congress="115" gpoId="8263" party="R" role="VOTED YES" state="MS">
<name type="parsed">Wicker</name>
<name type="authority-fnf">Roger F. Wicker</name>
<name type="authority-lnf">Wicker, Roger F.</name>
<name type="authority-other">Roger Wicker</name>
</congMember>
<congMember authorityId="2019" bioGuideId="Y000064" chamber="S" congress="115" gpoId="7948" party="R" role="VOTED YES" state="IN">
<name type="parsed">Young</name>
<name type="authority-fnf">Todd C. Young</name>
<name type="authority-lnf">Young, Todd C.</name>
<name type="authority-other">Mr. Todd Young</name>
</congMember>
<congMember authorityId="1558" bioGuideId="B001230" chamber="S" congress="115" gpoId="8215" party="D" role="VOTED NO" state="WI">
<name type="parsed">Baldwin</name>
<name type="authority-fnf">Tammy Baldwin</name>
<name type="authority-lnf">Baldwin, Tammy</name>
</congMember>
<congMember authorityId="2194" bioGuideId="B001288" chamber="S" congress="115" party="D" role="VOTED NO" state="NJ">
<name type="parsed">Booker</name>
<name type="authority-fnf">Cory A. Booker</name>
<name type="authority-lnf">Booker, Cory A.</name>
<name type="authority-other">Mr. Cory Booker</name>
</congMember>
<congMember authorityId="136" bioGuideId="B000944" chamber="S" congress="115" gpoId="8309" party="D" role="VOTED NO" state="OH">
<name type="parsed">Brown</name>
<name type="authority-fnf">Sherrod Brown</name>
<name type="authority-lnf">Brown, Sherrod</name>
</congMember>
<congMember authorityId="326" bioGuideId="D000563" chamber="S" congress="115" gpoId="8326" party="D" role="VOTED NO" state="IL">
<name type="parsed">Durbin</name>
<name type="authority-fnf">Richard Durbin</name>
<name type="authority-lnf">Durbin, Richard</name>
<name type="authority-other">Richard J. Durbin</name>
</congMember>
<congMember authorityId="1866" bioGuideId="G000555" chamber="S" congress="115" gpoId="8336" party="D" role="VOTED NO" state="NY">
<name type="parsed">Gillibrand</name>
<name type="authority-fnf">Kirsten E. Gillibrand</name>
<name type="authority-lnf">Gillibrand, Kirsten E.</name>
<name type="authority-other">Mrs. Kirsten Gillibrand</name>
</congMember>
<congMember authorityId="2301" bioGuideId="H001075" chamber="S" congress="115" party="D" role="VOTED NO" state="CA">
<name type="parsed">Harris</name>
<name type="authority-fnf">Kamala D. Harris</name>
<name type="authority-lnf">Harris, Kamala D.</name>
<name type="authority-other">Ms. Kamala Harris</name>
</congMember>
<congMember authorityId="1937" bioGuideId="H001046" chamber="S" congress="115" gpoId="8056" party="D" role="VOTED NO" state="NM">
<name type="parsed">Heinrich</name>
<name type="authority-fnf">Martin Heinrich</name>
<name type="authority-lnf">Heinrich, Martin</name>
</congMember>
<congMember authorityId="735" bioGuideId="M000133" chamber="S" congress="115" gpoId="7972" party="D" role="VOTED NO" state="MA">
<name type="parsed">Markey</name>
<name type="authority-fnf">Edward J. Markey</name>
<name type="authority-lnf">Markey, Edward J.</name>
<name type="authority-other">Edward Markey</name>
</congMember>
<congMember authorityId="1900" bioGuideId="M001176" chamber="S" congress="115" gpoId="8238" party="D" role="VOTED NO" state="OR">
<name type="parsed">Merkley</name>
<name type="authority-fnf">Jeff Merkley</name>
<name type="authority-lnf">Merkley, Jeff</name>
</congMember>
<congMember authorityId="1409" bioGuideId="M001111" chamber="S" congress="115" gpoId="8237" party="D" role="VOTED NO" state="WA">
<name type="parsed">Murray</name>
<name type="authority-fnf">Patty Murray</name>
<name type="authority-lnf">Murray, Patty</name>
</congMember>
<congMember authorityId="949" bioGuideId="R000122" chamber="S" congress="115" gpoId="8272" party="D" role="VOTED NO" state="RI">
<name type="parsed">Reed</name>
<name type="authority-fnf">Jack Reed</name>
<name type="authority-lnf">Reed, Jack</name>
<name type="authority-other">John Reed</name>
</congMember>
<congMember authorityId="1010" bioGuideId="S000033" chamber="S" congress="115" gpoId="8270" party="I" role="VOTED NO" state="VT">
<name type="parsed">Sanders</name>
<name type="authority-fnf">Bernard Sanders</name>
<name type="authority-lnf">Sanders, Bernard</name>
</congMember>
<congMember authorityId="2173" bioGuideId="S001194" chamber="S" congress="115" party="D" role="VOTED NO" state="HI">
<name type="parsed">Schatz</name>
<name type="authority-fnf">Brian Schatz</name>
<name type="authority-lnf">Schatz, Brian</name>
</congMember>
<congMember authorityId="1036" bioGuideId="S000148" chamber="S" congress="115" gpoId="8279" party="D" role="VOTED NO" state="NY">
<name type="parsed">Schumer</name>
<name type="authority-fnf">Charles E. Schumer</name>
<name type="authority-lnf">Schumer, Charles E.</name>
<name type="authority-other">Charles Schumer</name>
</congMember>
<congMember authorityId="1567" bioGuideId="U000039" chamber="S" congress="115" gpoId="8260" party="D" role="VOTED NO" state="NM">
<name type="parsed">Udall</name>
<name type="authority-fnf">Tom Udall</name>
<name type="authority-lnf">Udall, Tom</name>
</congMember>
<congMember authorityId="1729" bioGuideId="V000128" chamber="S" congress="115" gpoId="7983" party="D" role="VOTED NO" state="MD">
<name type="parsed">Van Hollen</name>
<name type="authority-fnf">Chris Van Hollen</name>
<name type="authority-lnf">Van Hollen, Chris</name>
</congMember>
<congMember authorityId="2182" bioGuideId="W000817" chamber="S" congress="115" party="D" role="VOTED NO" state="MA">
<name type="parsed">Warren</name>
<name type="authority-fnf">Elizabeth Warren</name>
<name type="authority-lnf">Warren, Elizabeth</name>
<name type="authority-other">Ms. Elizabeth A. Warren</name>
</congMember>
<congMember authorityId="1823" bioGuideId="W000802" chamber="S" congress="115" gpoId="8264" party="D" role="VOTED NO" state="RI">
<name type="parsed">Whitehouse</name>
<name type="authority-fnf">Sheldon Whitehouse</name>
<name type="authority-lnf">Whitehouse, Sheldon</name>
</congMember>
<congMember authorityId="1247" bioGuideId="W000779" chamber="S" congress="115" gpoId="8265" party="D" role="VOTED NO" state="OR">
<name type="parsed">Wyden</name>
<name type="authority-fnf">Ron Wyden</name>
<name type="authority-lnf">Wyden, Ron</name>
</congMember>
</congVote>
<congCommittee authorityId="sssb00" chamber="S" congress="115" type="S">
<name type="authority-standard">Committee on Small Business and Entrepreneurship</name>
<name type="authority-short">Small Business</name>
</congCommittee>
<congMember authorityId="326" bioGuideId="D000563" chamber="S" congress="115" gpoId="8326" party="D" role="SPEAKING" state="IL">
<name type="parsed">Mr. DURBIN</name>
<name type="authority-fnf">Richard Durbin</name>
<name type="authority-lnf">Durbin, Richard</name>
<name type="authority-other">Richard J. Durbin</name>
</congMember>
<congMember authorityId="174" bioGuideId="C000141" chamber="S" congress="115" gpoId="8287" party="D" role="SPEAKING" state="MD">
<name type="parsed">Mr. CARDIN</name>
<name type="authority-fnf">Benjamin L. Cardin</name>
<name type="authority-lnf">Cardin, Benjamin L.</name>
<name type="authority-other">Benjamin Cardin</name>
</congMember>
<congMember authorityId="1729" bioGuideId="V000128" chamber="S" congress="115" gpoId="7983" party="D" role="SPEAKING" state="MD">
<name type="parsed">Mr. VAN HOLLEN</name>
<name type="authority-fnf">Chris Van Hollen</name>
<name type="authority-lnf">Van Hollen, Chris</name>
</congMember>
<congMember authorityId="1901" bioGuideId="S001181" chamber="S" congress="115" gpoId="8276" party="D" role="SPEAKING" state="NH">
<name type="parsed">Mrs. SHAHEEN</name>
<name type="authority-fnf">Jeanne Shaheen</name>
<name type="authority-lnf">Shaheen, Jeanne</name>
</congMember>
<congMember authorityId="1896" bioGuideId="R000584" chamber="S" congress="115" gpoId="8274" party="R" role="SPEAKING" state="ID">
<name type="parsed">Mr. RISCH</name>
<name type="authority-fnf">James E. Risch</name>
<name type="authority-lnf">Risch, James E.</name>
<name type="authority-other">Mr. James Risch</name>
</congMember>
</extension>
<relatedItem ID="P0b002ee195269477" type="host">
<titleInfo>
<title>Congressional Record</title>
<partNumber>Vol. 163, no. 26</partNumber>
</titleInfo>
<location>
<url access="object in context" displayLabel="Content Detail">https://www.gpo.gov/fdsys/pkg/CREC-2017-02-14/content-detail.html</url>
<url access="raw object" displayLabel="PDF rendition">https://www.gpo.gov/fdsys/pkg/CREC-2017-02-14/pdf/CREC-2017-02-14.pdf</url>
</location>
<part type="issue">
<extent unit="pages">
<start>H1129</start>
<end>H1186</end>
</extent>
<extent unit="pages">
<start>S1135</start>
<end>S1163</end>
</extent>
<extent unit="pages">
<start>E185</start>
<end>E195</end>
</extent>
<extent unit="pages">
<start>D153</start>
<end>D158</end>
</extent>
</part>
<originInfo>
<publisher>U.S. Government Publishing Office</publisher>
<dateIssued encoding="w3cdtf">2017-02-14</dateIssued>
<issuance>continuing</issuance>
<frequency authority="marcfrequency">daily</frequency>
</originInfo>
<physicalDescription>
<note type="source content type">deposited</note>
<digitalOrigin>born digital</digitalOrigin>
<extent>208 p.</extent>
</physicalDescription>
<classification authority="sudocs">X 1.1/A:</classification>
<classification authority="sudocs">X/A.</classification>
<identifier type="uri">https://www.gpo.gov/fdsys/pkg/CREC-2017-02-14</identifier>
<identifier type="local">P0b002ee195269477</identifier>
<identifier type="stock number">752-002-00000-2</identifier>
<identifier type="ILS system id">000568013</identifier>
<identifier type="former package identifier">CR14FE17</identifier>
<recordInfo>
<recordContentSource authority="marcorg">DGPO</recordContentSource>
<recordCreationDate encoding="w3cdtf">2017-06-09</recordCreationDate>
<recordChangeDate encoding="w3cdtf">2017-08-21</recordChangeDate>
<recordIdentifier source="DGPO">CREC-2017-02-14</recordIdentifier>
<recordOrigin>machine generated</recordOrigin>
<languageOfCataloging>
<languageTerm authority="iso639-2b" type="code">eng</languageTerm>
</languageOfCataloging>
</recordInfo>
<accessCondition type="GPO scope determination">fdlp</accessCondition>
<extension>
<docClass>CREC</docClass>
<accessId>CREC-2017-02-14</accessId>
<volume>163</volume>
<issue>26</issue>
<congress>115</congress>
<session>1</session>
<bookCount>1</bookCount>
</extension>
</relatedItem>
</mods>