<mods ID="id-CREC-2017-03-30-pt1-PgS2150" version="3.3" xmlns="http://www.loc.gov/mods/v3" xmlns:exslt="http://exslt.org/common" xmlns:xlink="http://www.w3.org/1999/xlink" xmlns:xsi="http://www.w3.org/2001/XMLSchema-instance" xsi:schemaLocation="http://www.loc.gov/mods/v3 http://www.loc.gov/standards/mods/v3/mods-3-3.xsd">
<name type="corporate">
<namePart>United States Government Publishing Office</namePart>
<role>
<roleTerm authority="marcrelator" type="text">publisher</roleTerm>
<roleTerm authority="marcrelator" type="code">pbl</roleTerm>
</role>
<role>
<roleTerm authority="marcrelator" type="text">distributor</roleTerm>
<roleTerm authority="marcrelator" type="code">dst</roleTerm>
</role>
</name>
<name type="corporate">
<namePart>United States</namePart>
<namePart>Congress</namePart>
<role>
<roleTerm authority="marcrelator" type="text">author</roleTerm>
<roleTerm authority="marcrelator" type="code">aut</roleTerm>
</role>
<description>Government Organization</description>
</name>
<typeOfResource>text</typeOfResource>
<genre authority="marcgt">government publication</genre>
<language>
<languageTerm authority="iso639-2b" type="code">eng</languageTerm>
</language>
<extension>
<collectionCode>CREC</collectionCode>
<category>Proceedings of Congress and General Congressional Publications</category>
<waisDatabaseName>2017_record</waisDatabaseName>
<branch>legislative</branch>
<dateIngested>2017-03-31</dateIngested>
</extension>
<titleInfo>
<title>REMEMBERING COLONEL EDWIN DON STRICKFADEN</title>
<partName>Senate</partName>
</titleInfo>
<relatedItem type="otherFormat" xlink:href="https://www.gpo.gov/fdsys/pkg/CREC-2017-03-30/html/CREC-2017-03-30-pt1-PgS2150.htm">
<identifier type="FDsys Unique ID">D09002ee196a72387</identifier>
</relatedItem>
<relatedItem type="otherFormat" xlink:href="https://www.gpo.gov/fdsys/pkg/CREC-2017-03-30/pdf/CREC-2017-03-30-pt1-PgS2150.pdf">
<identifier type="FDsys Unique ID">D09002ee196a7248f</identifier>
</relatedItem>
<identifier type="congressional record citation">163 Cong. Rec. S2150</identifier>
<identifier type="uri">https://www.gpo.gov/fdsys/granule/CREC-2017-03-30/CREC-2017-03-30-pt1-PgS2150</identifier>
<identifier type="former granule identifier">cr30mr17-151</identifier>
<location>
<url access="object in context" displayLabel="Content Detail">https://www.gpo.gov/fdsys/granule/CREC-2017-03-30/CREC-2017-03-30-pt1-PgS2150/content-detail.html</url>
<url access="raw object" displayLabel="PDF rendition">https://www.gpo.gov/fdsys/pkg/CREC-2017-03-30/pdf/CREC-2017-03-30-pt1-PgS2150.pdf</url>
<url access="raw object" displayLabel="HTML rendition">https://www.gpo.gov/fdsys/pkg/CREC-2017-03-30/html/CREC-2017-03-30-pt1-PgS2150.htm</url>
</location>
<physicalDescription>
<extent>1 p.</extent>
</physicalDescription>
<part type="article">
<extent unit="pages">
<start>S2150</start>
<end>S2150</end>
</extent>
</part>
<name type="personal">
<namePart>James E. Risch</namePart>
<affiliation>United States Senate</affiliation>
<role>
<roleTerm type="text">speaking</roleTerm>
</role>
<description>United States Congress Member</description>
</name>
<identifier type="preferred citation">163 Cong. Rec. S2150</identifier>
<extension>
<searchTitle>REMEMBERING COLONEL EDWIN DON STRICKFADEN; Congressional Record Vol. 163, No. 56</searchTitle>
<granuleClass>SENATE</granuleClass>
<accessId>CREC-2017-03-30-pt1-PgS2150</accessId>
<subGranuleClass>ALLOTHER</subGranuleClass>
<pagePrefix>S</pagePrefix>
<bookNumber>1</bookNumber>
<chamber>SENATE</chamber>
<granuleDate>2017-03-30</granuleDate>
<hasInsertedComments>true</hasInsertedComments>
<congMember authorityId="1896" bioGuideId="R000584" chamber="S" congress="115" gpoId="8274" party="R" role="SPEAKING" state="ID">
<name type="parsed">Mr. RISCH</name>
<name type="authority-fnf">James E. Risch</name>
<name type="authority-lnf">Risch, James E.</name>
<name type="authority-other">Mr. James Risch</name>
</congMember>
</extension>
<relatedItem ID="P0b002ee194430210" type="host">
<titleInfo>
<title>Congressional Record</title>
<partNumber>Vol. 163, no. 56</partNumber>
</titleInfo>
<location>
<url access="object in context" displayLabel="Content Detail">https://www.gpo.gov/fdsys/pkg/CREC-2017-03-30/content-detail.html</url>
<url access="raw object" displayLabel="PDF rendition">https://www.gpo.gov/fdsys/pkg/CREC-2017-03-30/pdf/CREC-2017-03-30.pdf</url>
</location>
<part type="issue">
<extent unit="pages">
<start>H2563</start>
<end>H2601</end>
</extent>
<extent unit="pages">
<start>S2119</start>
<end>S2157</end>
</extent>
<extent unit="pages">
<start>E415</start>
<end>E418</end>
</extent>
<extent unit="pages">
<start>D370</start>
<end>D376</end>
</extent>
</part>
<originInfo>
<publisher>U.S. Government Publishing Office</publisher>
<dateIssued encoding="w3cdtf">2017-03-30</dateIssued>
<issuance>continuing</issuance>
<frequency authority="marcfrequency">daily</frequency>
</originInfo>
<physicalDescription>
<note type="source content type">deposited</note>
<digitalOrigin>born digital</digitalOrigin>
<extent>178 p.</extent>
</physicalDescription>
<classification authority="sudocs">X 1.1/A:</classification>
<classification authority="sudocs">X/A.</classification>
<identifier type="uri">https://www.gpo.gov/fdsys/pkg/CREC-2017-03-30</identifier>
<identifier type="local">P0b002ee194430210</identifier>
<identifier type="stock number">752-002-00000-2</identifier>
<identifier type="ILS system id">000568013</identifier>
<identifier type="former package identifier">cr30mr17</identifier>
<recordInfo>
<recordContentSource authority="marcorg">DGPO</recordContentSource>
<recordCreationDate encoding="w3cdtf">2017-03-31</recordCreationDate>
<recordChangeDate encoding="w3cdtf">2017-08-21</recordChangeDate>
<recordIdentifier source="DGPO">CREC-2017-03-30</recordIdentifier>
<recordOrigin>machine generated</recordOrigin>
<languageOfCataloging>
<languageTerm authority="iso639-2b" type="code">eng</languageTerm>
</languageOfCataloging>
</recordInfo>
<accessCondition type="GPO scope determination">fdlp</accessCondition>
<extension>
<docClass>CREC</docClass>
<accessId>CREC-2017-03-30</accessId>
<volume>163</volume>
<issue>56</issue>
<congress>115</congress>
<session>1</session>
<bookCount>1</bookCount>
</extension>
</relatedItem>
</mods>