<mods ID="id-CREC-2017-03-27-pt1-PgH2456-5" version="3.3" xmlns="http://www.loc.gov/mods/v3" xmlns:exslt="http://exslt.org/common" xmlns:xlink="http://www.w3.org/1999/xlink" xmlns:xsi="http://www.w3.org/2001/XMLSchema-instance" xsi:schemaLocation="http://www.loc.gov/mods/v3 http://www.loc.gov/standards/mods/v3/mods-3-3.xsd">
<name type="corporate">
<namePart>United States Government Publishing Office</namePart>
<role>
<roleTerm authority="marcrelator" type="text">publisher</roleTerm>
<roleTerm authority="marcrelator" type="code">pbl</roleTerm>
</role>
<role>
<roleTerm authority="marcrelator" type="text">distributor</roleTerm>
<roleTerm authority="marcrelator" type="code">dst</roleTerm>
</role>
</name>
<name type="corporate">
<namePart>United States</namePart>
<namePart>Congress</namePart>
<role>
<roleTerm authority="marcrelator" type="text">author</roleTerm>
<roleTerm authority="marcrelator" type="code">aut</roleTerm>
</role>
<description>Government Organization</description>
</name>
<typeOfResource>text</typeOfResource>
<genre authority="marcgt">government publication</genre>
<language>
<languageTerm authority="iso639-2b" type="code">eng</languageTerm>
</language>
<extension>
<collectionCode>CREC</collectionCode>
<category>Proceedings of Congress and General Congressional Publications</category>
<waisDatabaseName>2017_record</waisDatabaseName>
<branch>legislative</branch>
<dateIngested>2017-03-28</dateIngested>
</extension>
<titleInfo>
<title>WHAT DO WE HAVE TO LOSE: $54 BILLION IN DOMESTIC SPENDING</title>
<partName>House</partName>
</titleInfo>
<relatedItem type="otherFormat" xlink:href="https://www.gpo.gov/fdsys/pkg/CREC-2017-03-27/html/CREC-2017-03-27-pt1-PgH2456-5.htm">
<identifier type="FDsys Unique ID">D09002ee196a721c3</identifier>
</relatedItem>
<relatedItem type="otherFormat" xlink:href="https://www.gpo.gov/fdsys/pkg/CREC-2017-03-27/pdf/CREC-2017-03-27-pt1-PgH2456-5.pdf">
<identifier type="FDsys Unique ID">D09002ee196a7228e</identifier>
</relatedItem>
<identifier type="congressional record citation">163 Cong. Rec. H2456</identifier>
<identifier type="uri">https://www.gpo.gov/fdsys/granule/CREC-2017-03-27/CREC-2017-03-27-pt1-PgH2456-5</identifier>
<identifier type="former granule identifier">cr27mr17-69</identifier>
<location>
<url access="object in context" displayLabel="Content Detail">https://www.gpo.gov/fdsys/granule/CREC-2017-03-27/CREC-2017-03-27-pt1-PgH2456-5/content-detail.html</url>
<url access="raw object" displayLabel="PDF rendition">https://www.gpo.gov/fdsys/pkg/CREC-2017-03-27/pdf/CREC-2017-03-27-pt1-PgH2456-5.pdf</url>
<url access="raw object" displayLabel="HTML rendition">https://www.gpo.gov/fdsys/pkg/CREC-2017-03-27/html/CREC-2017-03-27-pt1-PgH2456-5.htm</url>
</location>
<physicalDescription>
<extent>7 p.</extent>
</physicalDescription>
<part type="article">
<extent unit="pages">
<start>H2456</start>
<end>H2462</end>
</extent>
</part>
<name type="personal">
<namePart>Marc A. Veasey</namePart>
<affiliation>United States House of Representatives</affiliation>
<role>
<roleTerm type="text">speaking</roleTerm>
</role>
<description>United States Congress Member</description>
</name>
<name type="personal">
<namePart>Val Butler Demings</namePart>
<affiliation>United States House of Representatives</affiliation>
<role>
<roleTerm type="text">speaking</roleTerm>
</role>
<description>United States Congress Member</description>
</name>
<name type="personal">
<namePart>James E. Clyburn</namePart>
<affiliation>United States House of Representatives</affiliation>
<role>
<roleTerm type="text">speaking</roleTerm>
</role>
<description>United States Congress Member</description>
</name>
<name type="personal">
<namePart>Karen Bass</namePart>
<affiliation>United States House of Representatives</affiliation>
<role>
<roleTerm type="text">speaking</roleTerm>
</role>
<description>United States Congress Member</description>
</name>
<name type="personal">
<namePart>Dwight Evans</namePart>
<affiliation>United States House of Representatives</affiliation>
<role>
<roleTerm type="text">speaking</roleTerm>
</role>
<description>United States Congress Member</description>
</name>
<name type="personal">
<namePart>Maxine Waters</namePart>
<affiliation>United States House of Representatives</affiliation>
<role>
<roleTerm type="text">speaking</roleTerm>
</role>
<description>United States Congress Member</description>
</name>
<name type="personal">
<namePart>Robert C. "Bobby" Scott</namePart>
<affiliation>United States House of Representatives</affiliation>
<role>
<roleTerm type="text">speaking</roleTerm>
</role>
<description>United States Congress Member</description>
</name>
<name type="personal">
<namePart>Eddie Bernice Johnson</namePart>
<affiliation>United States House of Representatives</affiliation>
<role>
<roleTerm type="text">speaking</roleTerm>
</role>
<description>United States Congress Member</description>
</name>
<name type="corporate">
<namePart>United States</namePart>
<namePart>Congress</namePart>
<namePart>House of Representatives</namePart>
<namePart>Temporary Jt. Committee on Deficit Reduction</namePart>
<role>
<roleTerm authority="marcrelator" type="text">associated name</roleTerm>
<roleTerm authority="marcrelator" type="code">asn</roleTerm>
</role>
<description>Government Organization</description>
</name>
<identifier type="preferred citation">163 Cong. Rec. H2456</identifier>
<extension>
<searchTitle>WHAT DO WE HAVE TO LOSE: $54 BILLION IN DOMESTIC SPENDING; Congressional Record Vol. 163, No. 53</searchTitle>
<granuleClass>HOUSE</granuleClass>
<accessId>CREC-2017-03-27-pt1-PgH2456-5</accessId>
<subGranuleClass>ALLOTHER</subGranuleClass>
<pagePrefix>H</pagePrefix>
<bookNumber>1</bookNumber>
<chamber>HOUSE</chamber>
<granuleDate>2017-03-27</granuleDate>
<time from="19:30:00" to="20:15:00"/>
<congCommittee authorityId="htde00" chamber="H" congress="100" type="J">
<name type="authority-standard">Temporary Jt. Committee on Deficit Reduction</name>
<name type="authority-short">Joint Deficit Reduction</name>
</congCommittee>
<congMember authorityId="2166" bioGuideId="V000131" chamber="H" congress="115" party="D" role="SPEAKING" state="TX">
<name type="parsed">Mr. VEASEY</name>
<name type="authority-fnf">Marc A. Veasey</name>
<name type="authority-lnf">Veasey, Marc A.</name>
<name type="authority-other">Mr. Marc Veasey</name>
</congMember>
<congMember authorityId="2320" bioGuideId="D000627" chamber="H" congress="115" party="D" role="SPEAKING" state="FL">
<name type="parsed">Mrs. DEMINGS</name>
<name type="authority-fnf">Val Butler Demings</name>
<name type="authority-lnf">Demings, Val Butler</name>
<name type="authority-other">Mrs. Val Demings</name>
</congMember>
<congMember authorityId="208" bioGuideId="C000537" chamber="H" congress="115" gpoId="8146" party="D" role="SPEAKING" state="SC">
<name type="parsed">Mr. CLYBURN</name>
<name type="authority-fnf">James E. Clyburn</name>
<name type="authority-lnf">Clyburn, James E.</name>
<name type="authority-other">James Clyburn</name>
</congMember>
<congMember authorityId="1996" bioGuideId="B001270" chamber="H" congress="115" gpoId="7838" party="D" role="SPEAKING" state="CA">
<name type="parsed">Ms. BASS</name>
<name type="authority-fnf">Karen Bass</name>
<name type="authority-lnf">Bass, Karen</name>
</congMember>
<congMember authorityId="2298" bioGuideId="E000296" chamber="H" congress="115" party="D" role="SPEAKING" state="PA">
<name type="parsed">Mr. EVANS</name>
<name type="authority-fnf">Dwight Evans</name>
<name type="authority-lnf">Evans, Dwight</name>
</congMember>
<congMember authorityId="1205" bioGuideId="W000187" chamber="H" congress="115" gpoId="7840" party="D" role="SPEAKING" state="CA">
<name type="parsed">Ms. MAXINE WATERS of California</name>
<name type="authority-fnf">Maxine Waters</name>
<name type="authority-lnf">Waters, Maxine</name>
</congMember>
<congMember authorityId="1037" bioGuideId="S000185" chamber="H" congress="115" gpoId="8194" party="D" role="SPEAKING" state="VA">
<name type="parsed">Mr. SCOTT of Virginia</name>
<name type="authority-fnf">Robert C. "Bobby" Scott</name>
<name type="authority-lnf">Scott, Robert C. "Bobby"</name>
<name type="authority-other">Robert Scott</name>
</congMember>
<congMember authorityId="599" bioGuideId="J000126" chamber="H" congress="115" gpoId="8186" party="D" role="SPEAKING" state="TX">
<name type="parsed">Ms. EDDIE BERNICE JOHNSON of Texas</name>
<name type="authority-fnf">Eddie Bernice Johnson</name>
<name type="authority-lnf">Johnson, Eddie Bernice</name>
<name type="authority-other">Eddie Johnson</name>
</congMember>
</extension>
<relatedItem ID="P0b002ee194328895" type="host">
<titleInfo>
<title>Congressional Record</title>
<partNumber>Vol. 163, no. 53</partNumber>
</titleInfo>
<location>
<url access="object in context" displayLabel="Content Detail">https://www.gpo.gov/fdsys/pkg/CREC-2017-03-27/content-detail.html</url>
<url access="raw object" displayLabel="PDF rendition">https://www.gpo.gov/fdsys/pkg/CREC-2017-03-27/pdf/CREC-2017-03-27.pdf</url>
</location>
<part type="issue">
<extent unit="pages">
<start>H2447</start>
<end>H2465</end>
</extent>
<extent unit="pages">
<start>S1981</start>
<end>S2015</end>
</extent>
<extent unit="pages">
<start>E389</start>
<end>E395</end>
</extent>
<extent unit="pages">
<start>D341</start>
<end>D348</end>
</extent>
</part>
<originInfo>
<publisher>U.S. Government Publishing Office</publisher>
<dateIssued encoding="w3cdtf">2017-03-27</dateIssued>
<issuance>continuing</issuance>
<frequency authority="marcfrequency">daily</frequency>
</originInfo>
<physicalDescription>
<note type="source content type">deposited</note>
<digitalOrigin>born digital</digitalOrigin>
<extent>138 p.</extent>
</physicalDescription>
<classification authority="sudocs">X 1.1/A:</classification>
<classification authority="sudocs">X/A.</classification>
<identifier type="uri">https://www.gpo.gov/fdsys/pkg/CREC-2017-03-27</identifier>
<identifier type="local">P0b002ee194328895</identifier>
<identifier type="stock number">752-002-00000-2</identifier>
<identifier type="ILS system id">000568013</identifier>
<identifier type="former package identifier">cr27mr17</identifier>
<recordInfo>
<recordContentSource authority="marcorg">DGPO</recordContentSource>
<recordCreationDate encoding="w3cdtf">2017-03-28</recordCreationDate>
<recordChangeDate encoding="w3cdtf">2017-08-21</recordChangeDate>
<recordIdentifier source="DGPO">CREC-2017-03-27</recordIdentifier>
<recordOrigin>machine generated</recordOrigin>
<languageOfCataloging>
<languageTerm authority="iso639-2b" type="code">eng</languageTerm>
</languageOfCataloging>
</recordInfo>
<accessCondition type="GPO scope determination">fdlp</accessCondition>
<extension>
<docClass>CREC</docClass>
<accessId>CREC-2017-03-27</accessId>
<volume>163</volume>
<issue>53</issue>
<congress>115</congress>
<session>1</session>
<bookCount>1</bookCount>
</extension>
</relatedItem>
</mods>