<mods ID="id-CREC-2017-01-13-pt1-PgH475" version="3.3" xmlns="http://www.loc.gov/mods/v3" xmlns:exslt="http://exslt.org/common" xmlns:xlink="http://www.w3.org/1999/xlink" xmlns:xsi="http://www.w3.org/2001/XMLSchema-instance" xsi:schemaLocation="http://www.loc.gov/mods/v3 http://www.loc.gov/standards/mods/v3/mods-3-3.xsd">
<name type="corporate">
<namePart>United States Government Publishing Office</namePart>
<role>
<roleTerm authority="marcrelator" type="text">publisher</roleTerm>
<roleTerm authority="marcrelator" type="code">pbl</roleTerm>
</role>
<role>
<roleTerm authority="marcrelator" type="text">distributor</roleTerm>
<roleTerm authority="marcrelator" type="code">dst</roleTerm>
</role>
</name>
<name type="corporate">
<namePart>United States</namePart>
<namePart>Congress</namePart>
<role>
<roleTerm authority="marcrelator" type="text">author</roleTerm>
<roleTerm authority="marcrelator" type="code">aut</roleTerm>
</role>
<description>Government Organization</description>
</name>
<typeOfResource>text</typeOfResource>
<genre authority="marcgt">government publication</genre>
<language>
<languageTerm authority="iso639-2b" type="code">eng</languageTerm>
</language>
<extension>
<collectionCode>CREC</collectionCode>
<category>Proceedings of Congress and General Congressional Publications</category>
<waisDatabaseName>2017_record</waisDatabaseName>
<branch>legislative</branch>
<dateIngested>2017-05-03</dateIngested>
</extension>
<titleInfo>
<title>House ofRepresentatives</title>
<partName>House</partName>
</titleInfo>
<relatedItem type="otherFormat" xlink:href="https://www.gpo.gov/fdsys/pkg/CREC-2017-01-13/html/CREC-2017-01-13-pt1-PgH475.htm">
<identifier type="FDsys Unique ID">D09002ee196a6d1e2</identifier>
</relatedItem>
<relatedItem type="otherFormat" xlink:href="https://www.gpo.gov/fdsys/pkg/CREC-2017-01-13/pdf/CREC-2017-01-13-pt1-PgH475.pdf">
<identifier type="FDsys Unique ID">D09002ee196a6d24d</identifier>
</relatedItem>
<identifier type="congressional record citation">163 Cong. Rec. H475</identifier>
<identifier type="uri">https://www.gpo.gov/fdsys/granule/CREC-2017-01-13/CREC-2017-01-13-pt1-PgH475</identifier>
<identifier type="former granule identifier">CR13JA17-41</identifier>
<location>
<url access="object in context" displayLabel="Content Detail">https://www.gpo.gov/fdsys/granule/CREC-2017-01-13/CREC-2017-01-13-pt1-PgH475/content-detail.html</url>
<url access="raw object" displayLabel="PDF rendition">https://www.gpo.gov/fdsys/pkg/CREC-2017-01-13/pdf/CREC-2017-01-13-pt1-PgH475.pdf</url>
<url access="raw object" displayLabel="HTML rendition">https://www.gpo.gov/fdsys/pkg/CREC-2017-01-13/html/CREC-2017-01-13-pt1-PgH475.htm</url>
</location>
<physicalDescription>
<extent>1 p.</extent>
</physicalDescription>
<part type="article">
<extent unit="pages">
<start>H475</start>
<end>H475</end>
</extent>
</part>
<identifier type="preferred citation">163 Cong. Rec. H475</identifier>
<extension>
<searchTitle>House ofRepresentatives; Congressional Record Vol. 163, No. 9</searchTitle>
<granuleClass>HOUSE</granuleClass>
<accessId>CREC-2017-01-13-pt1-PgH475</accessId>
<subGranuleClass>ALLOTHER</subGranuleClass>
<pagePrefix>H</pagePrefix>
<bookNumber>1</bookNumber>
<chamber>HOUSE</chamber>
<granuleDate>2017-01-13</granuleDate>
<time from="09:00:00" to="09:00:00"/>
</extension>
<relatedItem ID="P0b002ee194bef173" type="host">
<titleInfo>
<title>Congressional Record</title>
<partNumber>Vol. 163, no. 9</partNumber>
</titleInfo>
<location>
<url access="object in context" displayLabel="Content Detail">https://www.gpo.gov/fdsys/pkg/CREC-2017-01-13/content-detail.html</url>
<url access="raw object" displayLabel="PDF rendition">https://www.gpo.gov/fdsys/pkg/CREC-2017-01-13/pdf/CREC-2017-01-13.pdf</url>
</location>
<part type="issue">
<extent unit="pages">
<start>H475</start>
<end>H549</end>
</extent>
<extent unit="pages">
<start>S321</start>
<end>S321</end>
</extent>
<extent unit="pages">
<start>E61</start>
<end>E69</end>
</extent>
<extent unit="pages">
<start>D48</start>
<end>D50</end>
</extent>
</part>
<originInfo>
<publisher>U.S. Government Publishing Office</publisher>
<dateIssued encoding="w3cdtf">2017-01-13</dateIssued>
<issuance>continuing</issuance>
<frequency authority="marcfrequency">daily</frequency>
</originInfo>
<physicalDescription>
<note type="source content type">deposited</note>
<digitalOrigin>born digital</digitalOrigin>
<extent>176 p.</extent>
</physicalDescription>
<classification authority="sudocs">X 1.1/A:</classification>
<classification authority="sudocs">X/A.</classification>
<identifier type="uri">https://www.gpo.gov/fdsys/pkg/CREC-2017-01-13</identifier>
<identifier type="local">P0b002ee194bef173</identifier>
<identifier type="stock number">752-002-00000-2</identifier>
<identifier type="ILS system id">000568013</identifier>
<identifier type="former package identifier">CR13JA17</identifier>
<recordInfo>
<recordContentSource authority="marcorg">DGPO</recordContentSource>
<recordCreationDate encoding="w3cdtf">2017-05-03</recordCreationDate>
<recordChangeDate encoding="w3cdtf">2017-08-21</recordChangeDate>
<recordIdentifier source="DGPO">CREC-2017-01-13</recordIdentifier>
<recordOrigin>machine generated</recordOrigin>
<languageOfCataloging>
<languageTerm authority="iso639-2b" type="code">eng</languageTerm>
</languageOfCataloging>
</recordInfo>
<accessCondition type="GPO scope determination">fdlp</accessCondition>
<extension>
<docClass>CREC</docClass>
<accessId>CREC-2017-01-13</accessId>
<volume>163</volume>
<issue>9</issue>
<congress>115</congress>
<session>1</session>
<bookCount>1</bookCount>
</extension>
</relatedItem>
</mods>