<mods ID="id-CREC-2017-03-17-pt1-PgH2181" version="3.3" xmlns="http://www.loc.gov/mods/v3" xmlns:exslt="http://exslt.org/common" xmlns:xlink="http://www.w3.org/1999/xlink" xmlns:xsi="http://www.w3.org/2001/XMLSchema-instance" xsi:schemaLocation="http://www.loc.gov/mods/v3 http://www.loc.gov/standards/mods/v3/mods-3-3.xsd">
<name type="corporate">
<namePart>United States Government Publishing Office</namePart>
<role>
<roleTerm authority="marcrelator" type="text">publisher</roleTerm>
<roleTerm authority="marcrelator" type="code">pbl</roleTerm>
</role>
<role>
<roleTerm authority="marcrelator" type="text">distributor</roleTerm>
<roleTerm authority="marcrelator" type="code">dst</roleTerm>
</role>
</name>
<name type="corporate">
<namePart>United States</namePart>
<namePart>Congress</namePart>
<role>
<roleTerm authority="marcrelator" type="text">author</roleTerm>
<roleTerm authority="marcrelator" type="code">aut</roleTerm>
</role>
<description>Government Organization</description>
</name>
<typeOfResource>text</typeOfResource>
<genre authority="marcgt">government publication</genre>
<language>
<languageTerm authority="iso639-2b" type="code">eng</languageTerm>
</language>
<extension>
<collectionCode>CREC</collectionCode>
<category>Proceedings of Congress and General Congressional Publications</category>
<waisDatabaseName>2017_record</waisDatabaseName>
<branch>legislative</branch>
<dateIngested>2017-07-01</dateIngested>
</extension>
<titleInfo>
<title>JOINT RESOLUTIONS PRESENTED TO THE PRESIDENT</title>
<partName>House</partName>
</titleInfo>
<relatedItem type="otherFormat" xlink:href="https://www.gpo.gov/fdsys/pkg/CREC-2017-03-17/html/CREC-2017-03-17-pt1-PgH2181.htm">
<identifier type="FDsys Unique ID">D09002ee196a715de</identifier>
</relatedItem>
<relatedItem type="otherFormat" xlink:href="https://www.gpo.gov/fdsys/pkg/CREC-2017-03-17/pdf/CREC-2017-03-17-pt1-PgH2181.pdf">
<identifier type="FDsys Unique ID">D09002ee196a71670</identifier>
</relatedItem>
<identifier type="congressional record citation">163 Cong. Rec. H2181</identifier>
<identifier type="uri">https://www.gpo.gov/fdsys/granule/CREC-2017-03-17/CREC-2017-03-17-pt1-PgH2181</identifier>
<identifier type="former granule identifier">CR17MR17-77</identifier>
<location>
<url access="object in context" displayLabel="Content Detail">https://www.gpo.gov/fdsys/granule/CREC-2017-03-17/CREC-2017-03-17-pt1-PgH2181/content-detail.html</url>
<url access="raw object" displayLabel="PDF rendition">https://www.gpo.gov/fdsys/pkg/CREC-2017-03-17/pdf/CREC-2017-03-17-pt1-PgH2181.pdf</url>
<url access="raw object" displayLabel="HTML rendition">https://www.gpo.gov/fdsys/pkg/CREC-2017-03-17/html/CREC-2017-03-17-pt1-PgH2181.htm</url>
</location>
<physicalDescription>
<extent>1 p.</extent>
</physicalDescription>
<part type="article">
<extent unit="pages">
<start>H2181</start>
<end>H2181</end>
</extent>
</part>
<identifier type="preferred citation">163 Cong. Rec. H2181</identifier>
<extension>
<searchTitle>JOINT RESOLUTIONS PRESENTED TO THE PRESIDENT; Congressional Record Vol. 163, No. 47</searchTitle>
<granuleClass>HOUSE</granuleClass>
<accessId>CREC-2017-03-17-pt1-PgH2181</accessId>
<subGranuleClass>ALLOTHER</subGranuleClass>
<pagePrefix>H</pagePrefix>
<bookNumber>1</bookNumber>
<chamber>HOUSE</chamber>
<granuleDate>2017-03-17</granuleDate>
<time from="13:45:00" to="13:45:00"/>
<bill congress="115" context="OTHER" number="37" type="HJRES"/>
<bill congress="115" context="OTHER" number="44" type="HJRES"/>
<bill congress="115" context="OTHER" number="57" type="HJRES"/>
<bill congress="115" context="OTHER" number="58" type="HJRES"/>
<USCode title="5">
<chapter number="8"/>
</USCode>
</extension>
<relatedItem type="isReferencedBy">
<titleInfo>
<title>United States House Joint Resolution 37  (115th Congress)</title>
</titleInfo>
<identifier type="Congressional Bill citation">H.J. Res. 37</identifier>
<extension>
<congress>115</congress>
<context>OTHER</context>
</extension>
</relatedItem>
<relatedItem type="isReferencedBy">
<titleInfo>
<title>United States House Joint Resolution 44  (115th Congress)</title>
</titleInfo>
<identifier type="Congressional Bill citation">H.J. Res. 44</identifier>
<extension>
<congress>115</congress>
<context>OTHER</context>
</extension>
</relatedItem>
<relatedItem type="isReferencedBy">
<titleInfo>
<title>United States House Joint Resolution 57  (115th Congress)</title>
</titleInfo>
<identifier type="Congressional Bill citation">H.J. Res. 57</identifier>
<extension>
<congress>115</congress>
<context>OTHER</context>
</extension>
</relatedItem>
<relatedItem type="isReferencedBy">
<titleInfo>
<title>United States House Joint Resolution 58  (115th Congress)</title>
</titleInfo>
<identifier type="Congressional Bill citation">H.J. Res. 58</identifier>
<extension>
<congress>115</congress>
<context>OTHER</context>
</extension>
</relatedItem>
<relatedItem type="isReferencedBy">
<titleInfo>
<title>United States Code</title>
<partNumber>Title 5 Chapter 8</partNumber>
</titleInfo>
<identifier type="USC citation">5 U.S.C. Chapter 8</identifier>
</relatedItem>
<relatedItem ID="P0b002ee19568350a" type="host">
<titleInfo>
<title>Congressional Record</title>
<partNumber>Vol. 163, no. 47</partNumber>
</titleInfo>
<location>
<url access="object in context" displayLabel="Content Detail">https://www.gpo.gov/fdsys/pkg/CREC-2017-03-17/content-detail.html</url>
<url access="raw object" displayLabel="PDF rendition">https://www.gpo.gov/fdsys/pkg/CREC-2017-03-17/pdf/CREC-2017-03-17.pdf</url>
</location>
<part type="issue">
<extent unit="pages">
<start>H2153</start>
<end>H2185</end>
</extent>
<extent unit="pages">
<start>E339</start>
<end>E344</end>
</extent>
<extent unit="pages">
<start>D306</start>
<end>D308</end>
</extent>
</part>
<originInfo>
<publisher>U.S. Government Publishing Office</publisher>
<dateIssued encoding="w3cdtf">2017-03-17</dateIssued>
<issuance>continuing</issuance>
<frequency authority="marcfrequency">daily</frequency>
</originInfo>
<physicalDescription>
<note type="source content type">deposited</note>
<digitalOrigin>born digital</digitalOrigin>
<extent>84 p.</extent>
</physicalDescription>
<classification authority="sudocs">X 1.1/A:</classification>
<classification authority="sudocs">X/A.</classification>
<identifier type="uri">https://www.gpo.gov/fdsys/pkg/CREC-2017-03-17</identifier>
<identifier type="local">P0b002ee19568350a</identifier>
<identifier type="stock number">752-002-00000-2</identifier>
<identifier type="ILS system id">000568013</identifier>
<identifier type="former package identifier">CR17MR17</identifier>
<recordInfo>
<recordContentSource authority="marcorg">DGPO</recordContentSource>
<recordCreationDate encoding="w3cdtf">2017-07-01</recordCreationDate>
<recordChangeDate encoding="w3cdtf">2017-08-21</recordChangeDate>
<recordIdentifier source="DGPO">CREC-2017-03-17</recordIdentifier>
<recordOrigin>machine generated</recordOrigin>
<languageOfCataloging>
<languageTerm authority="iso639-2b" type="code">eng</languageTerm>
</languageOfCataloging>
</recordInfo>
<accessCondition type="GPO scope determination">fdlp</accessCondition>
<extension>
<docClass>CREC</docClass>
<accessId>CREC-2017-03-17</accessId>
<volume>163</volume>
<issue>47</issue>
<congress>115</congress>
<session>1</session>
<bookCount>1</bookCount>
</extension>
</relatedItem>
</mods>