<mods ID="id-CREC-2017-01-31-pt1-PgH792" version="3.3" xmlns="http://www.loc.gov/mods/v3" xmlns:exslt="http://exslt.org/common" xmlns:xlink="http://www.w3.org/1999/xlink" xmlns:xsi="http://www.w3.org/2001/XMLSchema-instance" xsi:schemaLocation="http://www.loc.gov/mods/v3 http://www.loc.gov/standards/mods/v3/mods-3-3.xsd">
<name type="corporate">
<namePart>United States Government Publishing Office</namePart>
<role>
<roleTerm authority="marcrelator" type="text">publisher</roleTerm>
<roleTerm authority="marcrelator" type="code">pbl</roleTerm>
</role>
<role>
<roleTerm authority="marcrelator" type="text">distributor</roleTerm>
<roleTerm authority="marcrelator" type="code">dst</roleTerm>
</role>
</name>
<name type="corporate">
<namePart>United States</namePart>
<namePart>Congress</namePart>
<role>
<roleTerm authority="marcrelator" type="text">author</roleTerm>
<roleTerm authority="marcrelator" type="code">aut</roleTerm>
</role>
<description>Government Organization</description>
</name>
<typeOfResource>text</typeOfResource>
<genre authority="marcgt">government publication</genre>
<language>
<languageTerm authority="iso639-2b" type="code">eng</languageTerm>
</language>
<extension>
<collectionCode>CREC</collectionCode>
<category>Proceedings of Congress and General Congressional Publications</category>
<waisDatabaseName>2017_record</waisDatabaseName>
<branch>legislative</branch>
<dateIngested>2017-02-10</dateIngested>
</extension>
<titleInfo>
<title>FIRST RESPONDER ACCESS TO INNOVATIVE TECHNOLOGIES ACT</title>
<partName>House</partName>
</titleInfo>
<relatedItem type="otherFormat" xlink:href="https://www.gpo.gov/fdsys/pkg/CREC-2017-01-31/html/CREC-2017-01-31-pt1-PgH792.htm">
<identifier type="FDsys Unique ID">D09002ee196a6e9e0</identifier>
</relatedItem>
<relatedItem type="otherFormat" xlink:href="https://www.gpo.gov/fdsys/pkg/CREC-2017-01-31/pdf/CREC-2017-01-31-pt1-PgH792.pdf">
<identifier type="FDsys Unique ID">D09002ee196a6ea3c</identifier>
</relatedItem>
<identifier type="congressional record citation">163 Cong. Rec. H792</identifier>
<identifier type="uri">https://www.gpo.gov/fdsys/granule/CREC-2017-01-31/CREC-2017-01-31-pt1-PgH792</identifier>
<identifier type="former granule identifier">CR31JA17-101</identifier>
<location>
<url access="object in context" displayLabel="Content Detail">https://www.gpo.gov/fdsys/granule/CREC-2017-01-31/CREC-2017-01-31-pt1-PgH792/content-detail.html</url>
<url access="raw object" displayLabel="PDF rendition">https://www.gpo.gov/fdsys/pkg/CREC-2017-01-31/pdf/CREC-2017-01-31-pt1-PgH792.pdf</url>
<url access="raw object" displayLabel="HTML rendition">https://www.gpo.gov/fdsys/pkg/CREC-2017-01-31/html/CREC-2017-01-31-pt1-PgH792.htm</url>
</location>
<physicalDescription>
<extent>2 p.</extent>
</physicalDescription>
<part type="article">
<extent unit="pages">
<start>H792</start>
<end>H793</end>
</extent>
</part>
<name type="personal">
<namePart>Daniel M. Donovan Jr.</namePart>
<affiliation>United States House of Representatives</affiliation>
<role>
<roleTerm type="text">speaking</roleTerm>
</role>
<description>United States Congress Member</description>
</name>
<name type="personal">
<namePart>Donald M. Payne, Jr.</namePart>
<affiliation>United States House of Representatives</affiliation>
<role>
<roleTerm type="text">speaking</roleTerm>
</role>
<description>United States Congress Member</description>
</name>
<name type="corporate">
<namePart>United States</namePart>
<namePart>Congress</namePart>
<namePart>House of Representatives</namePart>
<namePart>Committee on Homeland Security</namePart>
<role>
<roleTerm authority="marcrelator" type="text">associated name</roleTerm>
<roleTerm authority="marcrelator" type="code">asn</roleTerm>
</role>
<description>Government Organization</description>
</name>
<name type="corporate">
<namePart>United States</namePart>
<namePart>Congress</namePart>
<namePart>Senate</namePart>
<namePart>Committee on Homeland Security and Governmental Affairs</namePart>
<role>
<roleTerm authority="marcrelator" type="text">associated name</roleTerm>
<roleTerm authority="marcrelator" type="code">asn</roleTerm>
</role>
<description>Government Organization</description>
</name>
<identifier type="preferred citation">163 Cong. Rec. H792</identifier>
<extension>
<searchTitle>FIRST RESPONDER ACCESS TO INNOVATIVE TECHNOLOGIES ACT; Congressional Record Vol. 163, No. 16</searchTitle>
<associatedBills>H.R. 687, 115th Congress
        </associatedBills>
<granuleClass>HOUSE</granuleClass>
<accessId>CREC-2017-01-31-pt1-PgH792</accessId>
<subGranuleClass>ALLOTHER</subGranuleClass>
<pagePrefix>H</pagePrefix>
<bookNumber>1</bookNumber>
<chamber>HOUSE</chamber>
<granuleDate>2017-01-31</granuleDate>
<time from="15:45:00" to="16:00:00"/>
<bill congress="115" context="HEADERLINE" number="687" type="HR"/>
<bill congress="115" context="FIRSTPARAGRAPH" number="687" type="HR"/>
<bill congress="115" context="OTHER" number="687" type="HR"/>
<congCommittee authorityId="hshm00" chamber="H" congress="115" type="S">
<name type="authority-standard">Committee on Homeland Security</name>
<name type="authority-short">Homeland Security</name>
</congCommittee>
<congCommittee authorityId="ssga00" chamber="S" congress="115" type="S">
<name type="authority-standard">Committee on Homeland Security and Governmental Affairs</name>
<name type="authority-short">Homeland and Governmental Affairs</name>
</congCommittee>
<congMember authorityId="2293" bioGuideId="D000625" chamber="H" congress="115" party="R" role="SPEAKING" state="NY">
<name type="parsed">Mr. DONOVAN</name>
<name type="authority-fnf">Daniel M. Donovan Jr.</name>
<name type="authority-lnf">Donovan, Daniel M., Jr.</name>
<name type="authority-other">Mr. Daniel Donovan Jr.</name>
</congMember>
<congMember authorityId="2097" bioGuideId="P000604" chamber="H" congress="115" gpoId="8373" party="D" role="SPEAKING" state="NJ">
<name type="parsed">Mr. PAYNE</name>
<name type="authority-fnf">Donald M. Payne, Jr.</name>
<name type="authority-lnf">Payne, Donald M., Jr.</name>
<name type="authority-other">Mr. Donald Payne Jr.</name>
</congMember>
<USCode title="6">
<section number="609"/>
</USCode>
</extension>
<relatedItem type="isReferencedBy">
<titleInfo>
<title>United States House Bill 687  (115th Congress)</title>
</titleInfo>
<identifier type="Congressional Bill citation">H.R. 687</identifier>
<extension>
<congress>115</congress>
<context>HEADERLINE</context>
</extension>
</relatedItem>
<relatedItem type="isReferencedBy">
<titleInfo>
<title>United States House Bill 687  (115th Congress)</title>
</titleInfo>
<identifier type="Congressional Bill citation">H.R. 687</identifier>
<extension>
<congress>115</congress>
<context>FIRSTPARAGRAPH</context>
</extension>
</relatedItem>
<relatedItem type="isReferencedBy">
<titleInfo>
<title>United States House Bill 687  (115th Congress)</title>
</titleInfo>
<identifier type="Congressional Bill citation">H.R. 687</identifier>
<extension>
<congress>115</congress>
<context>OTHER</context>
</extension>
</relatedItem>
<relatedItem type="isReferencedBy">
<titleInfo>
<title>United States Code</title>
<partNumber>Title 6 Section 609</partNumber>
</titleInfo>
<identifier type="USC citation">6 U.S.C. 609</identifier>
</relatedItem>
<relatedItem ID="P0b002ee193a74586" type="host">
<titleInfo>
<title>Congressional Record</title>
<partNumber>Vol. 163, no. 16</partNumber>
</titleInfo>
<location>
<url access="object in context" displayLabel="Content Detail">https://www.gpo.gov/fdsys/pkg/CREC-2017-01-31/content-detail.html</url>
<url access="raw object" displayLabel="PDF rendition">https://www.gpo.gov/fdsys/pkg/CREC-2017-01-31/pdf/CREC-2017-01-31.pdf</url>
</location>
<part type="issue">
<extent unit="pages">
<start>H749</start>
<end>H822</end>
</extent>
<extent unit="pages">
<start>S499</start>
<end>S540</end>
</extent>
<extent unit="pages">
<start>E105</start>
<end>E110</end>
</extent>
<extent unit="pages">
<start>D88</start>
<end>D94</end>
</extent>
</part>
<originInfo>
<publisher>U.S. Government Publishing Office</publisher>
<dateIssued encoding="w3cdtf">2017-01-31</dateIssued>
<issuance>continuing</issuance>
<frequency authority="marcfrequency">daily</frequency>
</originInfo>
<physicalDescription>
<note type="source content type">deposited</note>
<digitalOrigin>born digital</digitalOrigin>
<extent>258 p.</extent>
</physicalDescription>
<classification authority="sudocs">X 1.1/A:</classification>
<classification authority="sudocs">X/A.</classification>
<identifier type="uri">https://www.gpo.gov/fdsys/pkg/CREC-2017-01-31</identifier>
<identifier type="local">P0b002ee193a74586</identifier>
<identifier type="stock number">752-002-00000-2</identifier>
<identifier type="ILS system id">000568013</identifier>
<identifier type="former package identifier">CR31JA17</identifier>
<recordInfo>
<recordContentSource authority="marcorg">DGPO</recordContentSource>
<recordCreationDate encoding="w3cdtf">2017-02-10</recordCreationDate>
<recordChangeDate encoding="w3cdtf">2017-08-21</recordChangeDate>
<recordIdentifier source="DGPO">CREC-2017-01-31</recordIdentifier>
<recordOrigin>machine generated</recordOrigin>
<languageOfCataloging>
<languageTerm authority="iso639-2b" type="code">eng</languageTerm>
</languageOfCataloging>
</recordInfo>
<accessCondition type="GPO scope determination">fdlp</accessCondition>
<extension>
<docClass>CREC</docClass>
<accessId>CREC-2017-01-31</accessId>
<volume>163</volume>
<issue>16</issue>
<congress>115</congress>
<session>1</session>
<bookCount>1</bookCount>
</extension>
</relatedItem>
</mods>