<mods ID="id-CREC-2017-04-03-pt1-PgS2176" version="3.3" xmlns="http://www.loc.gov/mods/v3" xmlns:exslt="http://exslt.org/common" xmlns:xlink="http://www.w3.org/1999/xlink" xmlns:xsi="http://www.w3.org/2001/XMLSchema-instance" xsi:schemaLocation="http://www.loc.gov/mods/v3 http://www.loc.gov/standards/mods/v3/mods-3-3.xsd">
<name type="corporate">
<namePart>United States Government Publishing Office</namePart>
<role>
<roleTerm authority="marcrelator" type="text">publisher</roleTerm>
<roleTerm authority="marcrelator" type="code">pbl</roleTerm>
</role>
<role>
<roleTerm authority="marcrelator" type="text">distributor</roleTerm>
<roleTerm authority="marcrelator" type="code">dst</roleTerm>
</role>
</name>
<name type="corporate">
<namePart>United States</namePart>
<namePart>Congress</namePart>
<role>
<roleTerm authority="marcrelator" type="text">author</roleTerm>
<roleTerm authority="marcrelator" type="code">aut</roleTerm>
</role>
<description>Government Organization</description>
</name>
<typeOfResource>text</typeOfResource>
<genre authority="marcgt">government publication</genre>
<language>
<languageTerm authority="iso639-2b" type="code">eng</languageTerm>
</language>
<extension>
<collectionCode>CREC</collectionCode>
<category>Proceedings of Congress and General Congressional Publications</category>
<waisDatabaseName>2017_record</waisDatabaseName>
<branch>legislative</branch>
<dateIngested>2017-09-21</dateIngested>
</extension>
<titleInfo>
<title>STATEMENTS ON INTRODUCED BILLS AND JOINT RESOLUTIONS</title>
<partName>Senate</partName>
</titleInfo>
<relatedItem type="otherFormat" xlink:href="https://www.gpo.gov/fdsys/pkg/CREC-2017-04-03/html/CREC-2017-04-03-pt1-PgS2176.htm">
<identifier type="FDsys Unique ID">D09002ee196f9afb2</identifier>
</relatedItem>
<relatedItem type="otherFormat" xlink:href="https://www.gpo.gov/fdsys/pkg/CREC-2017-04-03/pdf/CREC-2017-04-03-pt1-PgS2176.pdf">
<identifier type="FDsys Unique ID">D09002ee196f9b00e</identifier>
</relatedItem>
<identifier type="congressional record citation">163 Cong. Rec. S2176</identifier>
<identifier type="uri">https://www.gpo.gov/fdsys/granule/CREC-2017-04-03/CREC-2017-04-03-pt1-PgS2176</identifier>
<identifier type="former granule identifier">CR03AP17-172</identifier>
<location>
<url access="object in context" displayLabel="Content Detail">https://www.gpo.gov/fdsys/granule/CREC-2017-04-03/CREC-2017-04-03-pt1-PgS2176/content-detail.html</url>
<url access="raw object" displayLabel="PDF rendition">https://www.gpo.gov/fdsys/pkg/CREC-2017-04-03/pdf/CREC-2017-04-03-pt1-PgS2176.pdf</url>
<url access="raw object" displayLabel="HTML rendition">https://www.gpo.gov/fdsys/pkg/CREC-2017-04-03/html/CREC-2017-04-03-pt1-PgS2176.htm</url>
</location>
<physicalDescription>
<extent>2 p.</extent>
</physicalDescription>
<part type="article">
<extent unit="pages">
<start>S2176</start>
<end>S2177</end>
</extent>
</part>
<name type="personal">
<namePart>Jack Reed</namePart>
<affiliation>United States Senate</affiliation>
<role>
<roleTerm type="text">speaking</roleTerm>
</role>
<description>United States Congress Member</description>
</name>
<name type="corporate">
<namePart>United States</namePart>
<namePart>Congress</namePart>
<namePart>Senate</namePart>
<namePart>Committee on Finance</namePart>
<role>
<roleTerm authority="marcrelator" type="text">associated name</roleTerm>
<roleTerm authority="marcrelator" type="code">asn</roleTerm>
</role>
<description>Government Organization</description>
</name>
<identifier type="preferred citation">163 Cong. Rec. S2176</identifier>
<extension>
<searchTitle>STATEMENTS ON INTRODUCED BILLS AND JOINT RESOLUTIONS; Congressional Record Vol. 163, No. 57</searchTitle>
<granuleClass>SENATE</granuleClass>
<accessId>CREC-2017-04-03-pt1-PgS2176</accessId>
<subGranuleClass>SSTATEMENTS</subGranuleClass>
<pagePrefix>S</pagePrefix>
<bookNumber>1</bookNumber>
<chamber>SENATE</chamber>
<granuleDate>2017-04-03</granuleDate>
<bill congress="115" context="FIRSTPARAGRAPH" number="803" type="S"/>
<bill congress="115" context="OTHER" number="803" type="S"/>
<congCommittee authorityId="ssfi00" chamber="S" congress="115" type="S">
<name type="authority-standard">Committee on Finance</name>
<name type="authority-short">Finance</name>
</congCommittee>
<congMember authorityId="949" bioGuideId="R000122" chamber="S" congress="115" gpoId="8272" party="D" role="SPEAKING" state="RI">
<name type="parsed">Mr. REED</name>
<name type="authority-fnf">Jack Reed</name>
<name type="authority-lnf">Reed, Jack</name>
<name type="authority-other">John Reed</name>
</congMember>
</extension>
<relatedItem type="isReferencedBy">
<titleInfo>
<title>United States Senate Bill 803  (115th Congress)</title>
</titleInfo>
<identifier type="Congressional Bill citation">S. 803</identifier>
<extension>
<congress>115</congress>
<context>FIRSTPARAGRAPH</context>
</extension>
</relatedItem>
<relatedItem type="isReferencedBy">
<titleInfo>
<title>United States Senate Bill 803  (115th Congress)</title>
</titleInfo>
<identifier type="Congressional Bill citation">S. 803</identifier>
<extension>
<congress>115</congress>
<context>OTHER</context>
</extension>
</relatedItem>
<relatedItem ID="P0b002ee196f9ae7f" type="host">
<titleInfo>
<title>Congressional Record</title>
<partNumber>Vol. 163, no. 57</partNumber>
</titleInfo>
<location>
<url access="object in context" displayLabel="Content Detail">https://www.gpo.gov/fdsys/pkg/CREC-2017-04-03/content-detail.html</url>
<url access="raw object" displayLabel="PDF rendition">https://www.gpo.gov/fdsys/pkg/CREC-2017-04-03/pdf/CREC-2017-04-03.pdf</url>
</location>
<part type="issue">
<extent unit="pages">
<start>H2603</start>
<end>H2631</end>
</extent>
<extent unit="pages">
<start>S2159</start>
<end>S2178</end>
</extent>
<extent unit="pages">
<start>E419</start>
<end>E434</end>
</extent>
<extent unit="pages">
<start>D377</start>
<end>D384</end>
</extent>
</part>
<originInfo>
<publisher>U.S. Government Publishing Office</publisher>
<dateIssued encoding="w3cdtf">2017-04-03</dateIssued>
<issuance>continuing</issuance>
<frequency authority="marcfrequency">daily</frequency>
</originInfo>
<physicalDescription>
<note type="source content type">deposited</note>
<digitalOrigin>born digital</digitalOrigin>
<extent>146 p.</extent>
</physicalDescription>
<classification authority="sudocs">X 1.1/A:</classification>
<classification authority="sudocs">X/A.</classification>
<identifier type="uri">https://www.gpo.gov/fdsys/pkg/CREC-2017-04-03</identifier>
<identifier type="local">P0b002ee196f9ae7f</identifier>
<identifier type="stock number">752-002-00000-2</identifier>
<identifier type="ILS system id">000568013</identifier>
<identifier type="former package identifier">CR03AP17</identifier>
<recordInfo>
<recordContentSource authority="marcorg">DGPO</recordContentSource>
<recordCreationDate encoding="w3cdtf">2017-09-21</recordCreationDate>
<recordChangeDate encoding="w3cdtf">2017-09-21</recordChangeDate>
<recordIdentifier source="DGPO">CREC-2017-04-03</recordIdentifier>
<recordOrigin>machine generated</recordOrigin>
<languageOfCataloging>
<languageTerm authority="iso639-2b" type="code">eng</languageTerm>
</languageOfCataloging>
</recordInfo>
<accessCondition type="GPO scope determination">fdlp</accessCondition>
<extension>
<docClass>CREC</docClass>
<accessId>CREC-2017-04-03</accessId>
<volume>163</volume>
<issue>57</issue>
<congress>115</congress>
<session>1</session>
<bookCount>1</bookCount>
</extension>
</relatedItem>
</mods>