<mods ID="id-CREC-2017-03-13-pt1-PgS1754-3" version="3.3" xmlns="http://www.loc.gov/mods/v3" xmlns:exslt="http://exslt.org/common" xmlns:xlink="http://www.w3.org/1999/xlink" xmlns:xsi="http://www.w3.org/2001/XMLSchema-instance" xsi:schemaLocation="http://www.loc.gov/mods/v3 http://www.loc.gov/standards/mods/v3/mods-3-3.xsd">
<name type="corporate">
<namePart>United States Government Publishing Office</namePart>
<role>
<roleTerm authority="marcrelator" type="text">publisher</roleTerm>
<roleTerm authority="marcrelator" type="code">pbl</roleTerm>
</role>
<role>
<roleTerm authority="marcrelator" type="text">distributor</roleTerm>
<roleTerm authority="marcrelator" type="code">dst</roleTerm>
</role>
</name>
<name type="corporate">
<namePart>United States</namePart>
<namePart>Congress</namePart>
<role>
<roleTerm authority="marcrelator" type="text">author</roleTerm>
<roleTerm authority="marcrelator" type="code">aut</roleTerm>
</role>
<description>Government Organization</description>
</name>
<typeOfResource>text</typeOfResource>
<genre authority="marcgt">government publication</genre>
<language>
<languageTerm authority="iso639-2b" type="code">eng</languageTerm>
</language>
<extension>
<collectionCode>CREC</collectionCode>
<category>Proceedings of Congress and General Congressional Publications</category>
<waisDatabaseName>2017_record</waisDatabaseName>
<branch>legislative</branch>
<dateIngested>2018-04-03</dateIngested>
</extension>
<titleInfo>
<title>WISHING THE STENOGRAPHER A SPEEDY RECOVERY</title>
<partName>Senate</partName>
</titleInfo>
<relatedItem type="otherFormat" xlink:href="https://www.gpo.gov/fdsys/pkg/CREC-2017-03-13/html/CREC-2017-03-13-pt1-PgS1754-3.htm">
<identifier type="FDsys Unique ID">D09002ee199f28517</identifier>
</relatedItem>
<relatedItem type="otherFormat" xlink:href="https://www.gpo.gov/fdsys/pkg/CREC-2017-03-13/pdf/CREC-2017-03-13-pt1-PgS1754-3.pdf">
<identifier type="FDsys Unique ID">D09002ee199f285c7</identifier>
</relatedItem>
<identifier type="congressional record citation">163 Cong. Rec. S1754</identifier>
<identifier type="uri">https://www.gpo.gov/fdsys/granule/CREC-2017-03-13/CREC-2017-03-13-pt1-PgS1754-3</identifier>
<identifier type="former granule identifier">CR13MR17-35</identifier>
<location>
<url access="object in context" displayLabel="Content Detail">https://www.gpo.gov/fdsys/granule/CREC-2017-03-13/CREC-2017-03-13-pt1-PgS1754-3/content-detail.html</url>
<url access="raw object" displayLabel="PDF rendition">https://www.gpo.gov/fdsys/pkg/CREC-2017-03-13/pdf/CREC-2017-03-13-pt1-PgS1754-3.pdf</url>
<url access="raw object" displayLabel="HTML rendition">https://www.gpo.gov/fdsys/pkg/CREC-2017-03-13/html/CREC-2017-03-13-pt1-PgS1754-3.htm</url>
</location>
<physicalDescription>
<extent>1 p.</extent>
</physicalDescription>
<part type="article">
<extent unit="pages">
<start>S1754</start>
<end>S1754</end>
</extent>
</part>
<name type="personal">
<namePart>Charles E. Schumer</namePart>
<affiliation>United States Senate</affiliation>
<role>
<roleTerm type="text">speaking</roleTerm>
</role>
<description>United States Congress Member</description>
</name>
<identifier type="preferred citation">163 Cong. Rec. S1754</identifier>
<extension>
<searchTitle>WISHING THE STENOGRAPHER A SPEEDY RECOVERY; Congressional Record Vol. 163, No. 43</searchTitle>
<granuleClass>SENATE</granuleClass>
<accessId>CREC-2017-03-13-pt1-PgS1754-3</accessId>
<subGranuleClass>ALLOTHER</subGranuleClass>
<pagePrefix>S</pagePrefix>
<bookNumber>1</bookNumber>
<chamber>SENATE</chamber>
<granuleDate>2017-03-13</granuleDate>
<congMember authorityId="1036" bioGuideId="S000148" chamber="S" congress="115" gpoId="8279" party="D" role="SPEAKING" state="NY">
<name type="parsed">Mr. SCHUMER</name>
<name type="authority-fnf">Charles E. Schumer</name>
<name type="authority-lnf">Schumer, Charles E.</name>
<name type="authority-other">Charles Schumer</name>
</congMember>
</extension>
<relatedItem ID="P0b002ee199cef584" type="host">
<titleInfo>
<title>Congressional Record</title>
<partNumber>Vol. 163, no. 43</partNumber>
</titleInfo>
<location>
<url access="object in context" displayLabel="Content Detail">https://www.gpo.gov/fdsys/pkg/CREC-2017-03-13/content-detail.html</url>
<url access="raw object" displayLabel="PDF rendition">https://www.gpo.gov/fdsys/pkg/CREC-2017-03-13/pdf/CREC-2017-03-13.pdf</url>
</location>
<part type="issue">
<extent unit="pages">
<start>H2055</start>
<end>H2060</end>
</extent>
<extent unit="pages">
<start>S1753</start>
<end>S1782</end>
</extent>
<extent unit="pages">
<start>E319</start>
<end>E324</end>
</extent>
<extent unit="pages">
<start>D285</start>
<end>D290</end>
</extent>
</part>
<originInfo>
<publisher>U.S. Government Publishing Office</publisher>
<dateIssued encoding="w3cdtf">2017-03-13</dateIssued>
<issuance>continuing</issuance>
<frequency authority="marcfrequency">daily</frequency>
</originInfo>
<physicalDescription>
<note type="source content type">deposited</note>
<digitalOrigin>born digital</digitalOrigin>
<extent>106 p.</extent>
</physicalDescription>
<classification authority="sudocs">X 1.1/A:</classification>
<classification authority="sudocs">X/A.</classification>
<identifier type="uri">https://www.gpo.gov/fdsys/pkg/CREC-2017-03-13</identifier>
<identifier type="local">P0b002ee199cef584</identifier>
<identifier type="stock number">752-002-00000-2</identifier>
<identifier type="ILS system id">000568013</identifier>
<identifier type="former package identifier">CR13MR17</identifier>
<recordInfo>
<recordContentSource authority="marcorg">DGPO</recordContentSource>
<recordCreationDate encoding="w3cdtf">2018-04-03</recordCreationDate>
<recordChangeDate encoding="w3cdtf">2018-04-03</recordChangeDate>
<recordIdentifier source="DGPO">CREC-2017-03-13</recordIdentifier>
<recordOrigin>machine generated</recordOrigin>
<languageOfCataloging>
<languageTerm authority="iso639-2b" type="code">eng</languageTerm>
</languageOfCataloging>
</recordInfo>
<accessCondition type="GPO scope determination">fdlp</accessCondition>
<extension>
<docClass>CREC</docClass>
<accessId>CREC-2017-03-13</accessId>
<volume>163</volume>
<issue>43</issue>
<congress>115</congress>
<session>1</session>
<bookCount>2</bookCount>
</extension>
</relatedItem>
</mods>