<mods ID="id-CREC-2017-02-13-pt1-PgH1117-3" version="3.3" xmlns="http://www.loc.gov/mods/v3" xmlns:exslt="http://exslt.org/common" xmlns:xlink="http://www.w3.org/1999/xlink" xmlns:xsi="http://www.w3.org/2001/XMLSchema-instance" xsi:schemaLocation="http://www.loc.gov/mods/v3 http://www.loc.gov/standards/mods/v3/mods-3-3.xsd">
<name type="corporate">
<namePart>United States Government Publishing Office</namePart>
<role>
<roleTerm authority="marcrelator" type="text">publisher</roleTerm>
<roleTerm authority="marcrelator" type="code">pbl</roleTerm>
</role>
<role>
<roleTerm authority="marcrelator" type="text">distributor</roleTerm>
<roleTerm authority="marcrelator" type="code">dst</roleTerm>
</role>
</name>
<name type="corporate">
<namePart>United States</namePart>
<namePart>Congress</namePart>
<role>
<roleTerm authority="marcrelator" type="text">author</roleTerm>
<roleTerm authority="marcrelator" type="code">aut</roleTerm>
</role>
<description>Government Organization</description>
</name>
<typeOfResource>text</typeOfResource>
<genre authority="marcgt">government publication</genre>
<language>
<languageTerm authority="iso639-2b" type="code">eng</languageTerm>
</language>
<extension>
<collectionCode>CREC</collectionCode>
<category>Proceedings of Congress and General Congressional Publications</category>
<waisDatabaseName>2017_record</waisDatabaseName>
<branch>legislative</branch>
<dateIngested>2017-02-14</dateIngested>
</extension>
<titleInfo>
<title>BLACK HISTORY MONTH</title>
<partName>House</partName>
</titleInfo>
<relatedItem type="otherFormat" xlink:href="https://www.gpo.gov/fdsys/pkg/CREC-2017-02-13/html/CREC-2017-02-13-pt1-PgH1117-3.htm">
<identifier type="FDsys Unique ID">D09002ee196a6f34c</identifier>
</relatedItem>
<relatedItem type="otherFormat" xlink:href="https://www.gpo.gov/fdsys/pkg/CREC-2017-02-13/pdf/CREC-2017-02-13-pt1-PgH1117-3.pdf">
<identifier type="FDsys Unique ID">D09002ee196a6f3e7</identifier>
</relatedItem>
<identifier type="congressional record citation">163 Cong. Rec. H1117</identifier>
<identifier type="uri">https://www.gpo.gov/fdsys/granule/CREC-2017-02-13/CREC-2017-02-13-pt1-PgH1117-3</identifier>
<identifier type="former granule identifier">cr13fe17-87</identifier>
<location>
<url access="object in context" displayLabel="Content Detail">https://www.gpo.gov/fdsys/granule/CREC-2017-02-13/CREC-2017-02-13-pt1-PgH1117-3/content-detail.html</url>
<url access="raw object" displayLabel="PDF rendition">https://www.gpo.gov/fdsys/pkg/CREC-2017-02-13/pdf/CREC-2017-02-13-pt1-PgH1117-3.pdf</url>
<url access="raw object" displayLabel="HTML rendition">https://www.gpo.gov/fdsys/pkg/CREC-2017-02-13/html/CREC-2017-02-13-pt1-PgH1117-3.htm</url>
</location>
<physicalDescription>
<extent>7 p.</extent>
</physicalDescription>
<part type="article">
<extent unit="pages">
<start>H1117</start>
<end>H1123</end>
</extent>
</part>
<name type="personal">
<namePart>Marc A. Veasey</namePart>
<affiliation>United States House of Representatives</affiliation>
<role>
<roleTerm type="text">speaking</roleTerm>
</role>
<description>United States Congress Member</description>
</name>
<name type="personal">
<namePart>James E. Clyburn</namePart>
<affiliation>United States House of Representatives</affiliation>
<role>
<roleTerm type="text">speaking</roleTerm>
</role>
<description>United States Congress Member</description>
</name>
<name type="personal">
<namePart>Sheila Jackson Lee</namePart>
<affiliation>United States House of Representatives</affiliation>
<role>
<roleTerm type="text">speaking</roleTerm>
</role>
<description>United States Congress Member</description>
</name>
<name type="personal">
<namePart>Stacey E. Plaskett</namePart>
<affiliation>United States House of Representatives</affiliation>
<role>
<roleTerm type="text">speaking</roleTerm>
</role>
<description>United States Congress Member</description>
</name>
<name type="personal">
<namePart>Hakeem S. Jeffries</namePart>
<affiliation>United States House of Representatives</affiliation>
<role>
<roleTerm type="text">speaking</roleTerm>
</role>
<description>United States Congress Member</description>
</name>
<name type="personal">
<namePart>Brenda L. Lawrence</namePart>
<affiliation>United States House of Representatives</affiliation>
<role>
<roleTerm type="text">speaking</roleTerm>
</role>
<description>United States Congress Member</description>
</name>
<identifier type="preferred citation">163 Cong. Rec. H1117</identifier>
<extension>
<searchTitle>BLACK HISTORY MONTH; Congressional Record Vol. 163, No. 25</searchTitle>
<granuleClass>HOUSE</granuleClass>
<accessId>CREC-2017-02-13-pt1-PgH1117-3</accessId>
<subGranuleClass>ALLOTHER</subGranuleClass>
<pagePrefix>H</pagePrefix>
<bookNumber>1</bookNumber>
<chamber>HOUSE</chamber>
<granuleDate>2017-02-13</granuleDate>
<time from="19:30:00" to="20:30:00"/>
<congMember authorityId="2166" bioGuideId="V000131" chamber="H" congress="115" party="D" role="SPEAKING" state="TX">
<name type="parsed">Mr. VEASEY</name>
<name type="authority-fnf">Marc A. Veasey</name>
<name type="authority-lnf">Veasey, Marc A.</name>
<name type="authority-other">Mr. Marc Veasey</name>
</congMember>
<congMember authorityId="208" bioGuideId="C000537" chamber="H" congress="115" gpoId="8146" party="D" role="SPEAKING" state="SC">
<name type="parsed">Mr. CLYBURN</name>
<name type="authority-fnf">James E. Clyburn</name>
<name type="authority-lnf">Clyburn, James E.</name>
<name type="authority-other">James Clyburn</name>
</congMember>
<congMember authorityId="588" bioGuideId="J000032" chamber="H" congress="115" gpoId="8174" party="D" role="SPEAKING" state="TX">
<name type="parsed">Ms. JACKSON LEE</name>
<name type="authority-fnf">Sheila Jackson Lee</name>
<name type="authority-lnf">Jackson Lee, Sheila</name>
</congMember>
<congMember authorityId="2274" bioGuideId="P000610" chamber="H" congress="115" party="D" role="SPEAKING" state="VI">
<name type="parsed">Ms. PLASKETT</name>
<name type="authority-fnf">Stacey E. Plaskett</name>
<name type="authority-lnf">Plaskett, Stacey E.</name>
<name type="authority-other">Ms. Stacey Plaskett</name>
</congMember>
<congMember authorityId="2149" bioGuideId="J000294" chamber="H" congress="115" party="D" role="SPEAKING" state="NY">
<name type="parsed">Mr. JEFFRIES</name>
<name type="authority-fnf">Hakeem S. Jeffries</name>
<name type="authority-lnf">Jeffries, Hakeem S.</name>
<name type="authority-other">Mr. Hakeem Jeffries</name>
</congMember>
<congMember authorityId="2252" bioGuideId="L000581" chamber="H" congress="115" party="D" role="SPEAKING" state="MI">
<name type="parsed">Mrs. LAWRENCE</name>
<name type="authority-fnf">Brenda L. Lawrence</name>
<name type="authority-lnf">Lawrence, Brenda L.</name>
<name type="authority-other">Mrs. Brenda Lawrence</name>
</congMember>
</extension>
<relatedItem ID="P0b002ee193aed4f3" type="host">
<titleInfo>
<title>Congressional Record</title>
<partNumber>Vol. 163, no. 25</partNumber>
</titleInfo>
<location>
<url access="object in context" displayLabel="Content Detail">https://www.gpo.gov/fdsys/pkg/CREC-2017-02-13/content-detail.html</url>
<url access="raw object" displayLabel="PDF rendition">https://www.gpo.gov/fdsys/pkg/CREC-2017-02-13/pdf/CREC-2017-02-13.pdf</url>
</location>
<part type="issue">
<extent unit="pages">
<start>H1101</start>
<end>H1127</end>
</extent>
<extent unit="pages">
<start>S1095</start>
<end>S1133</end>
</extent>
<extent unit="pages">
<start>E175</start>
<end>E183</end>
</extent>
<extent unit="pages">
<start>D147</start>
<end>D152</end>
</extent>
</part>
<originInfo>
<publisher>U.S. Government Publishing Office</publisher>
<dateIssued encoding="w3cdtf">2017-02-13</dateIssued>
<issuance>continuing</issuance>
<frequency authority="marcfrequency">daily</frequency>
</originInfo>
<physicalDescription>
<note type="source content type">deposited</note>
<digitalOrigin>born digital</digitalOrigin>
<extent>162 p.</extent>
</physicalDescription>
<classification authority="sudocs">X 1.1/A:</classification>
<classification authority="sudocs">X/A.</classification>
<identifier type="uri">https://www.gpo.gov/fdsys/pkg/CREC-2017-02-13</identifier>
<identifier type="local">P0b002ee193aed4f3</identifier>
<identifier type="stock number">752-002-00000-2</identifier>
<identifier type="ILS system id">000568013</identifier>
<identifier type="former package identifier">cr13fe17</identifier>
<recordInfo>
<recordContentSource authority="marcorg">DGPO</recordContentSource>
<recordCreationDate encoding="w3cdtf">2017-02-14</recordCreationDate>
<recordChangeDate encoding="w3cdtf">2017-08-21</recordChangeDate>
<recordIdentifier source="DGPO">CREC-2017-02-13</recordIdentifier>
<recordOrigin>machine generated</recordOrigin>
<languageOfCataloging>
<languageTerm authority="iso639-2b" type="code">eng</languageTerm>
</languageOfCataloging>
</recordInfo>
<accessCondition type="GPO scope determination">fdlp</accessCondition>
<extension>
<docClass>CREC</docClass>
<accessId>CREC-2017-02-13</accessId>
<volume>163</volume>
<issue>25</issue>
<congress>115</congress>
<session>1</session>
<bookCount>1</bookCount>
</extension>
</relatedItem>
</mods>