<mods ID="id-CREC-2017-03-16-pt1-PgH2147-2" version="3.3" xmlns="http://www.loc.gov/mods/v3" xmlns:exslt="http://exslt.org/common" xmlns:xlink="http://www.w3.org/1999/xlink" xmlns:xsi="http://www.w3.org/2001/XMLSchema-instance" xsi:schemaLocation="http://www.loc.gov/mods/v3 http://www.loc.gov/standards/mods/v3/mods-3-3.xsd">
<name type="corporate">
<namePart>United States Government Publishing Office</namePart>
<role>
<roleTerm authority="marcrelator" type="text">publisher</roleTerm>
<roleTerm authority="marcrelator" type="code">pbl</roleTerm>
</role>
<role>
<roleTerm authority="marcrelator" type="text">distributor</roleTerm>
<roleTerm authority="marcrelator" type="code">dst</roleTerm>
</role>
</name>
<name type="corporate">
<namePart>United States</namePart>
<namePart>Congress</namePart>
<role>
<roleTerm authority="marcrelator" type="text">author</roleTerm>
<roleTerm authority="marcrelator" type="code">aut</roleTerm>
</role>
<description>Government Organization</description>
</name>
<typeOfResource>text</typeOfResource>
<genre authority="marcgt">government publication</genre>
<language>
<languageTerm authority="iso639-2b" type="code">eng</languageTerm>
</language>
<extension>
<collectionCode>CREC</collectionCode>
<category>Proceedings of Congress and General Congressional Publications</category>
<waisDatabaseName>2017_record</waisDatabaseName>
<branch>legislative</branch>
<dateIngested>2017-07-04</dateIngested>
</extension>
<titleInfo>
<title>PUBLIC BILLS AND RESOLUTIONS</title>
<partName>House</partName>
</titleInfo>
<relatedItem type="otherFormat" xlink:href="https://www.gpo.gov/fdsys/pkg/CREC-2017-03-16/html/CREC-2017-03-16-pt1-PgH2147-2.htm">
<identifier type="FDsys Unique ID">D09002ee196a7143a</identifier>
</relatedItem>
<relatedItem type="otherFormat" xlink:href="https://www.gpo.gov/fdsys/pkg/CREC-2017-03-16/pdf/CREC-2017-03-16-pt1-PgH2147-2.pdf">
<identifier type="FDsys Unique ID">D09002ee196a7152a</identifier>
</relatedItem>
<identifier type="congressional record citation">163 Cong. Rec. H2147</identifier>
<identifier type="uri">https://www.gpo.gov/fdsys/granule/CREC-2017-03-16/CREC-2017-03-16-pt1-PgH2147-2</identifier>
<identifier type="former granule identifier">CR16MR17-99</identifier>
<location>
<url access="object in context" displayLabel="Content Detail">https://www.gpo.gov/fdsys/granule/CREC-2017-03-16/CREC-2017-03-16-pt1-PgH2147-2/content-detail.html</url>
<url access="raw object" displayLabel="PDF rendition">https://www.gpo.gov/fdsys/pkg/CREC-2017-03-16/pdf/CREC-2017-03-16-pt1-PgH2147-2.pdf</url>
<url access="raw object" displayLabel="HTML rendition">https://www.gpo.gov/fdsys/pkg/CREC-2017-03-16/html/CREC-2017-03-16-pt1-PgH2147-2.htm</url>
</location>
<physicalDescription>
<extent>3 p.</extent>
</physicalDescription>
<part type="article">
<extent unit="pages">
<start>H2147</start>
<end>H2149</end>
</extent>
</part>
<name type="corporate">
<namePart>United States</namePart>
<namePart>Congress</namePart>
<namePart>House of Representatives</namePart>
<namePart>Committee on Armed Services</namePart>
<role>
<roleTerm authority="marcrelator" type="text">associated name</roleTerm>
<roleTerm authority="marcrelator" type="code">asn</roleTerm>
</role>
<description>Government Organization</description>
</name>
<name type="corporate">
<namePart>United States</namePart>
<namePart>Congress</namePart>
<namePart>House of Representatives</namePart>
<namePart>Committee on Natural Resources</namePart>
<role>
<roleTerm authority="marcrelator" type="text">associated name</roleTerm>
<roleTerm authority="marcrelator" type="code">asn</roleTerm>
</role>
<description>Government Organization</description>
</name>
<name type="corporate">
<namePart>United States</namePart>
<namePart>Congress</namePart>
<namePart>House of Representatives</namePart>
<namePart>Committee on Financial Services</namePart>
<role>
<roleTerm authority="marcrelator" type="text">associated name</roleTerm>
<roleTerm authority="marcrelator" type="code">asn</roleTerm>
</role>
<description>Government Organization</description>
</name>
<name type="corporate">
<namePart>United States</namePart>
<namePart>Congress</namePart>
<namePart>House of Representatives</namePart>
<namePart>Committee on Foreign Affairs</namePart>
<role>
<roleTerm authority="marcrelator" type="text">associated name</roleTerm>
<roleTerm authority="marcrelator" type="code">asn</roleTerm>
</role>
<description>Government Organization</description>
</name>
<name type="corporate">
<namePart>United States</namePart>
<namePart>Congress</namePart>
<namePart>House of Representatives</namePart>
<namePart>Committee on Education and the Workforce</namePart>
<role>
<roleTerm authority="marcrelator" type="text">associated name</roleTerm>
<roleTerm authority="marcrelator" type="code">asn</roleTerm>
</role>
<description>Government Organization</description>
</name>
<name type="corporate">
<namePart>United States</namePart>
<namePart>Congress</namePart>
<namePart>House of Representatives</namePart>
<namePart>Committee on Oversight and Government Reform</namePart>
<role>
<roleTerm authority="marcrelator" type="text">associated name</roleTerm>
<roleTerm authority="marcrelator" type="code">asn</roleTerm>
</role>
<description>Government Organization</description>
</name>
<name type="corporate">
<namePart>United States</namePart>
<namePart>Congress</namePart>
<namePart>House of Representatives</namePart>
<namePart>Committee on House Administration</namePart>
<role>
<roleTerm authority="marcrelator" type="text">associated name</roleTerm>
<roleTerm authority="marcrelator" type="code">asn</roleTerm>
</role>
<description>Government Organization</description>
</name>
<name type="corporate">
<namePart>United States</namePart>
<namePart>Congress</namePart>
<namePart>House of Representatives</namePart>
<namePart>Committee on Science, Space, and Technology</namePart>
<role>
<roleTerm authority="marcrelator" type="text">associated name</roleTerm>
<roleTerm authority="marcrelator" type="code">asn</roleTerm>
</role>
<description>Government Organization</description>
</name>
<name type="corporate">
<namePart>United States</namePart>
<namePart>Congress</namePart>
<namePart>House of Representatives</namePart>
<namePart>Committee on Energy and Commerce</namePart>
<role>
<roleTerm authority="marcrelator" type="text">associated name</roleTerm>
<roleTerm authority="marcrelator" type="code">asn</roleTerm>
</role>
<description>Government Organization</description>
</name>
<name type="corporate">
<namePart>United States</namePart>
<namePart>Congress</namePart>
<namePart>House of Representatives</namePart>
<namePart>Committee on Veterans' Affairs</namePart>
<role>
<roleTerm authority="marcrelator" type="text">associated name</roleTerm>
<roleTerm authority="marcrelator" type="code">asn</roleTerm>
</role>
<description>Government Organization</description>
</name>
<name type="corporate">
<namePart>United States</namePart>
<namePart>Congress</namePart>
<namePart>House of Representatives</namePart>
<namePart>Committee on the Judiciary</namePart>
<role>
<roleTerm authority="marcrelator" type="text">associated name</roleTerm>
<roleTerm authority="marcrelator" type="code">asn</roleTerm>
</role>
<description>Government Organization</description>
</name>
<name type="corporate">
<namePart>United States</namePart>
<namePart>Congress</namePart>
<namePart>House of Representatives</namePart>
<namePart>Committee on Transportation and Infrastructure</namePart>
<role>
<roleTerm authority="marcrelator" type="text">associated name</roleTerm>
<roleTerm authority="marcrelator" type="code">asn</roleTerm>
</role>
<description>Government Organization</description>
</name>
<name type="corporate">
<namePart>United States</namePart>
<namePart>Congress</namePart>
<namePart>House of Representatives</namePart>
<namePart>Committee on the Budget</namePart>
<role>
<roleTerm authority="marcrelator" type="text">associated name</roleTerm>
<roleTerm authority="marcrelator" type="code">asn</roleTerm>
</role>
<description>Government Organization</description>
</name>
<name type="corporate">
<namePart>United States</namePart>
<namePart>Congress</namePart>
<namePart>House of Representatives</namePart>
<namePart>Committee on Ways and Means</namePart>
<role>
<roleTerm authority="marcrelator" type="text">associated name</roleTerm>
<roleTerm authority="marcrelator" type="code">asn</roleTerm>
</role>
<description>Government Organization</description>
</name>
<name type="corporate">
<namePart>United States</namePart>
<namePart>Congress</namePart>
<namePart>House of Representatives</namePart>
<namePart>Committee on Agriculture</namePart>
<role>
<roleTerm authority="marcrelator" type="text">associated name</roleTerm>
<roleTerm authority="marcrelator" type="code">asn</roleTerm>
</role>
<description>Government Organization</description>
</name>
<name type="corporate">
<namePart>United States</namePart>
<namePart>Congress</namePart>
<namePart>House of Representatives</namePart>
<namePart>Committee on Small Business</namePart>
<role>
<roleTerm authority="marcrelator" type="text">associated name</roleTerm>
<roleTerm authority="marcrelator" type="code">asn</roleTerm>
</role>
<description>Government Organization</description>
</name>
<identifier type="preferred citation">163 Cong. Rec. H2147</identifier>
<extension>
<searchTitle>PUBLIC BILLS AND RESOLUTIONS; Congressional Record Vol. 163, No. 46</searchTitle>
<granuleClass>HOUSE</granuleClass>
<accessId>CREC-2017-03-16-pt1-PgH2147-2</accessId>
<subGranuleClass>HPUBBILLS</subGranuleClass>
<pagePrefix>H</pagePrefix>
<bookNumber>1</bookNumber>
<chamber>HOUSE</chamber>
<granuleDate>2017-03-16</granuleDate>
<time from="19:45:00" to="19:45:00"/>
<bill congress="115" context="OTHER" number="90" type="HJRES"/>
<bill congress="115" context="OTHER" number="200" type="HRES"/>
<bill congress="115" context="OTHER" number="201" type="HRES"/>
<bill congress="115" context="OTHER" number="202" type="HRES"/>
<bill congress="115" context="OTHER" number="203" type="HRES"/>
<bill congress="115" context="OTHER" number="204" type="HRES"/>
<bill congress="115" context="OTHER" number="205" type="HRES"/>
<bill congress="115" context="OTHER" number="1556" type="HR"/>
<bill congress="115" context="OTHER" number="1557" type="HR"/>
<bill congress="115" context="OTHER" number="1558" type="HR"/>
<bill congress="115" context="OTHER" number="1559" type="HR"/>
<bill congress="115" context="OTHER" number="1560" type="HR"/>
<bill congress="115" context="OTHER" number="1561" type="HR"/>
<bill congress="115" context="OTHER" number="1562" type="HR"/>
<bill congress="115" context="OTHER" number="1563" type="HR"/>
<bill congress="115" context="OTHER" number="1564" type="HR"/>
<bill congress="115" context="OTHER" number="1565" type="HR"/>
<bill congress="115" context="OTHER" number="1566" type="HR"/>
<bill congress="115" context="OTHER" number="1567" type="HR"/>
<bill congress="115" context="OTHER" number="1568" type="HR"/>
<bill congress="115" context="OTHER" number="1569" type="HR"/>
<bill congress="115" context="OTHER" number="1570" type="HR"/>
<bill congress="115" context="OTHER" number="1571" type="HR"/>
<bill congress="115" context="OTHER" number="1572" type="HR"/>
<bill congress="115" context="OTHER" number="1573" type="HR"/>
<bill congress="115" context="OTHER" number="1574" type="HR"/>
<bill congress="115" context="OTHER" number="1575" type="HR"/>
<bill congress="115" context="OTHER" number="1576" type="HR"/>
<bill congress="115" context="OTHER" number="1577" type="HR"/>
<bill congress="115" context="OTHER" number="1578" type="HR"/>
<bill congress="115" context="OTHER" number="1579" type="HR"/>
<bill congress="115" context="OTHER" number="1580" type="HR"/>
<bill congress="115" context="OTHER" number="1581" type="HR"/>
<bill congress="115" context="OTHER" number="1582" type="HR"/>
<bill congress="115" context="OTHER" number="1583" type="HR"/>
<bill congress="115" context="OTHER" number="1584" type="HR"/>
<bill congress="115" context="OTHER" number="1585" type="HR"/>
<bill congress="115" context="OTHER" number="1586" type="HR"/>
<bill congress="115" context="OTHER" number="1587" type="HR"/>
<bill congress="115" context="OTHER" number="1588" type="HR"/>
<bill congress="115" context="OTHER" number="1589" type="HR"/>
<bill congress="115" context="OTHER" number="1590" type="HR"/>
<bill congress="115" context="OTHER" number="1591" type="HR"/>
<bill congress="115" context="OTHER" number="1592" type="HR"/>
<congCommittee authorityId="hsas00" chamber="H" congress="115" type="S">
<name type="authority-standard">Committee on Armed Services</name>
<name type="authority-short">Armed Services</name>
</congCommittee>
<congCommittee authorityId="hsii00" chamber="H" congress="115" type="S">
<name type="authority-standard">Committee on Natural Resources</name>
<name type="authority-short">Natural Resources</name>
</congCommittee>
<congCommittee authorityId="hsba00" chamber="H" congress="115" type="S">
<name type="authority-standard">Committee on Financial Services</name>
<name type="authority-short">Financial Services</name>
</congCommittee>
<congCommittee authorityId="hsfa00" chamber="H" congress="115" type="S">
<name type="authority-standard">Committee on Foreign Affairs</name>
<name type="authority-short">Foreign Affairs</name>
</congCommittee>
<congCommittee authorityId="hsed00" chamber="H" congress="115" type="S">
<name type="authority-standard">Committee on Education and the Workforce</name>
<name type="authority-short">Education and the Workforce</name>
</congCommittee>
<congCommittee authorityId="hsgo00" chamber="H" congress="115" type="S">
<name type="authority-standard">Committee on Oversight and Government Reform</name>
<name type="authority-short">Oversight and Government Reform</name>
</congCommittee>
<congCommittee authorityId="hsha00" chamber="H" congress="115" type="S">
<name type="authority-standard">Committee on House Administration</name>
<name type="authority-short">House Administration</name>
</congCommittee>
<congCommittee authorityId="hssy00" chamber="H" congress="115" type="S">
<name type="authority-standard">Committee on Science, Space, and Technology</name>
<name type="authority-short">Science, Space, and Technology</name>
</congCommittee>
<congCommittee authorityId="hsif00" chamber="H" congress="115" type="S">
<name type="authority-standard">Committee on Energy and Commerce</name>
<name type="authority-short">Energy and Commerce</name>
</congCommittee>
<congCommittee authorityId="hsvr00" chamber="H" congress="115" type="S">
<name type="authority-standard">Committee on Veterans' Affairs</name>
<name type="authority-short">Veterans' Affairs</name>
</congCommittee>
<congCommittee authorityId="hsju00" chamber="H" congress="115" type="S">
<name type="authority-standard">Committee on the Judiciary</name>
<name type="authority-short">Judiciary</name>
</congCommittee>
<congCommittee authorityId="hspw00" chamber="H" congress="115" type="S">
<name type="authority-standard">Committee on Transportation and Infrastructure</name>
<name type="authority-short">Transportation</name>
</congCommittee>
<congCommittee authorityId="hsbu00" chamber="H" congress="115" type="S">
<name type="authority-standard">Committee on the Budget</name>
<name type="authority-short">The Budget</name>
</congCommittee>
<congCommittee authorityId="hswm00" chamber="H" congress="115" type="S">
<name type="authority-standard">Committee on Ways and Means</name>
<name type="authority-short">Ways and Means</name>
</congCommittee>
<congCommittee authorityId="hsag00" chamber="H" congress="115" type="S">
<name type="authority-standard">Committee on Agriculture</name>
<name type="authority-short">Agriculture</name>
</congCommittee>
<congCommittee authorityId="hssm00" chamber="H" congress="115" type="S">
<name type="authority-standard">Committee on Small Business</name>
<name type="authority-short">Small Business</name>
</congCommittee>
</extension>
<relatedItem type="isReferencedBy">
<titleInfo>
<title>United States House Joint Resolution 90  (115th Congress)</title>
</titleInfo>
<identifier type="Congressional Bill citation">H.J. Res. 90</identifier>
<extension>
<congress>115</congress>
<context>OTHER</context>
</extension>
</relatedItem>
<relatedItem type="isReferencedBy">
<titleInfo>
<title>United States House Resolution 200  (115th Congress)</title>
</titleInfo>
<identifier type="Congressional Bill citation">H. Res. 200</identifier>
<extension>
<congress>115</congress>
<context>OTHER</context>
</extension>
</relatedItem>
<relatedItem type="isReferencedBy">
<titleInfo>
<title>United States House Resolution 201  (115th Congress)</title>
</titleInfo>
<identifier type="Congressional Bill citation">H. Res. 201</identifier>
<extension>
<congress>115</congress>
<context>OTHER</context>
</extension>
</relatedItem>
<relatedItem type="isReferencedBy">
<titleInfo>
<title>United States House Resolution 202  (115th Congress)</title>
</titleInfo>
<identifier type="Congressional Bill citation">H. Res. 202</identifier>
<extension>
<congress>115</congress>
<context>OTHER</context>
</extension>
</relatedItem>
<relatedItem type="isReferencedBy">
<titleInfo>
<title>United States House Resolution 203  (115th Congress)</title>
</titleInfo>
<identifier type="Congressional Bill citation">H. Res. 203</identifier>
<extension>
<congress>115</congress>
<context>OTHER</context>
</extension>
</relatedItem>
<relatedItem type="isReferencedBy">
<titleInfo>
<title>United States House Resolution 204  (115th Congress)</title>
</titleInfo>
<identifier type="Congressional Bill citation">H. Res. 204</identifier>
<extension>
<congress>115</congress>
<context>OTHER</context>
</extension>
</relatedItem>
<relatedItem type="isReferencedBy">
<titleInfo>
<title>United States House Resolution 205  (115th Congress)</title>
</titleInfo>
<identifier type="Congressional Bill citation">H. Res. 205</identifier>
<extension>
<congress>115</congress>
<context>OTHER</context>
</extension>
</relatedItem>
<relatedItem type="isReferencedBy">
<titleInfo>
<title>United States House Bill 1556  (115th Congress)</title>
</titleInfo>
<identifier type="Congressional Bill citation">H.R. 1556</identifier>
<extension>
<congress>115</congress>
<context>OTHER</context>
</extension>
</relatedItem>
<relatedItem type="isReferencedBy">
<titleInfo>
<title>United States House Bill 1557  (115th Congress)</title>
</titleInfo>
<identifier type="Congressional Bill citation">H.R. 1557</identifier>
<extension>
<congress>115</congress>
<context>OTHER</context>
</extension>
</relatedItem>
<relatedItem type="isReferencedBy">
<titleInfo>
<title>United States House Bill 1558  (115th Congress)</title>
</titleInfo>
<identifier type="Congressional Bill citation">H.R. 1558</identifier>
<extension>
<congress>115</congress>
<context>OTHER</context>
</extension>
</relatedItem>
<relatedItem type="isReferencedBy">
<titleInfo>
<title>United States House Bill 1559  (115th Congress)</title>
</titleInfo>
<identifier type="Congressional Bill citation">H.R. 1559</identifier>
<extension>
<congress>115</congress>
<context>OTHER</context>
</extension>
</relatedItem>
<relatedItem type="isReferencedBy">
<titleInfo>
<title>United States House Bill 1560  (115th Congress)</title>
</titleInfo>
<identifier type="Congressional Bill citation">H.R. 1560</identifier>
<extension>
<congress>115</congress>
<context>OTHER</context>
</extension>
</relatedItem>
<relatedItem type="isReferencedBy">
<titleInfo>
<title>United States House Bill 1561  (115th Congress)</title>
</titleInfo>
<identifier type="Congressional Bill citation">H.R. 1561</identifier>
<extension>
<congress>115</congress>
<context>OTHER</context>
</extension>
</relatedItem>
<relatedItem type="isReferencedBy">
<titleInfo>
<title>United States House Bill 1562  (115th Congress)</title>
</titleInfo>
<identifier type="Congressional Bill citation">H.R. 1562</identifier>
<extension>
<congress>115</congress>
<context>OTHER</context>
</extension>
</relatedItem>
<relatedItem type="isReferencedBy">
<titleInfo>
<title>United States House Bill 1563  (115th Congress)</title>
</titleInfo>
<identifier type="Congressional Bill citation">H.R. 1563</identifier>
<extension>
<congress>115</congress>
<context>OTHER</context>
</extension>
</relatedItem>
<relatedItem type="isReferencedBy">
<titleInfo>
<title>United States House Bill 1564  (115th Congress)</title>
</titleInfo>
<identifier type="Congressional Bill citation">H.R. 1564</identifier>
<extension>
<congress>115</congress>
<context>OTHER</context>
</extension>
</relatedItem>
<relatedItem type="isReferencedBy">
<titleInfo>
<title>United States House Bill 1565  (115th Congress)</title>
</titleInfo>
<identifier type="Congressional Bill citation">H.R. 1565</identifier>
<extension>
<congress>115</congress>
<context>OTHER</context>
</extension>
</relatedItem>
<relatedItem type="isReferencedBy">
<titleInfo>
<title>United States House Bill 1566  (115th Congress)</title>
</titleInfo>
<identifier type="Congressional Bill citation">H.R. 1566</identifier>
<extension>
<congress>115</congress>
<context>OTHER</context>
</extension>
</relatedItem>
<relatedItem type="isReferencedBy">
<titleInfo>
<title>United States House Bill 1567  (115th Congress)</title>
</titleInfo>
<identifier type="Congressional Bill citation">H.R. 1567</identifier>
<extension>
<congress>115</congress>
<context>OTHER</context>
</extension>
</relatedItem>
<relatedItem type="isReferencedBy">
<titleInfo>
<title>United States House Bill 1568  (115th Congress)</title>
</titleInfo>
<identifier type="Congressional Bill citation">H.R. 1568</identifier>
<extension>
<congress>115</congress>
<context>OTHER</context>
</extension>
</relatedItem>
<relatedItem type="isReferencedBy">
<titleInfo>
<title>United States House Bill 1569  (115th Congress)</title>
</titleInfo>
<identifier type="Congressional Bill citation">H.R. 1569</identifier>
<extension>
<congress>115</congress>
<context>OTHER</context>
</extension>
</relatedItem>
<relatedItem type="isReferencedBy">
<titleInfo>
<title>United States House Bill 1570  (115th Congress)</title>
</titleInfo>
<identifier type="Congressional Bill citation">H.R. 1570</identifier>
<extension>
<congress>115</congress>
<context>OTHER</context>
</extension>
</relatedItem>
<relatedItem type="isReferencedBy">
<titleInfo>
<title>United States House Bill 1571  (115th Congress)</title>
</titleInfo>
<identifier type="Congressional Bill citation">H.R. 1571</identifier>
<extension>
<congress>115</congress>
<context>OTHER</context>
</extension>
</relatedItem>
<relatedItem type="isReferencedBy">
<titleInfo>
<title>United States House Bill 1572  (115th Congress)</title>
</titleInfo>
<identifier type="Congressional Bill citation">H.R. 1572</identifier>
<extension>
<congress>115</congress>
<context>OTHER</context>
</extension>
</relatedItem>
<relatedItem type="isReferencedBy">
<titleInfo>
<title>United States House Bill 1573  (115th Congress)</title>
</titleInfo>
<identifier type="Congressional Bill citation">H.R. 1573</identifier>
<extension>
<congress>115</congress>
<context>OTHER</context>
</extension>
</relatedItem>
<relatedItem type="isReferencedBy">
<titleInfo>
<title>United States House Bill 1574  (115th Congress)</title>
</titleInfo>
<identifier type="Congressional Bill citation">H.R. 1574</identifier>
<extension>
<congress>115</congress>
<context>OTHER</context>
</extension>
</relatedItem>
<relatedItem type="isReferencedBy">
<titleInfo>
<title>United States House Bill 1575  (115th Congress)</title>
</titleInfo>
<identifier type="Congressional Bill citation">H.R. 1575</identifier>
<extension>
<congress>115</congress>
<context>OTHER</context>
</extension>
</relatedItem>
<relatedItem type="isReferencedBy">
<titleInfo>
<title>United States House Bill 1576  (115th Congress)</title>
</titleInfo>
<identifier type="Congressional Bill citation">H.R. 1576</identifier>
<extension>
<congress>115</congress>
<context>OTHER</context>
</extension>
</relatedItem>
<relatedItem type="isReferencedBy">
<titleInfo>
<title>United States House Bill 1577  (115th Congress)</title>
</titleInfo>
<identifier type="Congressional Bill citation">H.R. 1577</identifier>
<extension>
<congress>115</congress>
<context>OTHER</context>
</extension>
</relatedItem>
<relatedItem type="isReferencedBy">
<titleInfo>
<title>United States House Bill 1578  (115th Congress)</title>
</titleInfo>
<identifier type="Congressional Bill citation">H.R. 1578</identifier>
<extension>
<congress>115</congress>
<context>OTHER</context>
</extension>
</relatedItem>
<relatedItem type="isReferencedBy">
<titleInfo>
<title>United States House Bill 1579  (115th Congress)</title>
</titleInfo>
<identifier type="Congressional Bill citation">H.R. 1579</identifier>
<extension>
<congress>115</congress>
<context>OTHER</context>
</extension>
</relatedItem>
<relatedItem type="isReferencedBy">
<titleInfo>
<title>United States House Bill 1580  (115th Congress)</title>
</titleInfo>
<identifier type="Congressional Bill citation">H.R. 1580</identifier>
<extension>
<congress>115</congress>
<context>OTHER</context>
</extension>
</relatedItem>
<relatedItem type="isReferencedBy">
<titleInfo>
<title>United States House Bill 1581  (115th Congress)</title>
</titleInfo>
<identifier type="Congressional Bill citation">H.R. 1581</identifier>
<extension>
<congress>115</congress>
<context>OTHER</context>
</extension>
</relatedItem>
<relatedItem type="isReferencedBy">
<titleInfo>
<title>United States House Bill 1582  (115th Congress)</title>
</titleInfo>
<identifier type="Congressional Bill citation">H.R. 1582</identifier>
<extension>
<congress>115</congress>
<context>OTHER</context>
</extension>
</relatedItem>
<relatedItem type="isReferencedBy">
<titleInfo>
<title>United States House Bill 1583  (115th Congress)</title>
</titleInfo>
<identifier type="Congressional Bill citation">H.R. 1583</identifier>
<extension>
<congress>115</congress>
<context>OTHER</context>
</extension>
</relatedItem>
<relatedItem type="isReferencedBy">
<titleInfo>
<title>United States House Bill 1584  (115th Congress)</title>
</titleInfo>
<identifier type="Congressional Bill citation">H.R. 1584</identifier>
<extension>
<congress>115</congress>
<context>OTHER</context>
</extension>
</relatedItem>
<relatedItem type="isReferencedBy">
<titleInfo>
<title>United States House Bill 1585  (115th Congress)</title>
</titleInfo>
<identifier type="Congressional Bill citation">H.R. 1585</identifier>
<extension>
<congress>115</congress>
<context>OTHER</context>
</extension>
</relatedItem>
<relatedItem type="isReferencedBy">
<titleInfo>
<title>United States House Bill 1586  (115th Congress)</title>
</titleInfo>
<identifier type="Congressional Bill citation">H.R. 1586</identifier>
<extension>
<congress>115</congress>
<context>OTHER</context>
</extension>
</relatedItem>
<relatedItem type="isReferencedBy">
<titleInfo>
<title>United States House Bill 1587  (115th Congress)</title>
</titleInfo>
<identifier type="Congressional Bill citation">H.R. 1587</identifier>
<extension>
<congress>115</congress>
<context>OTHER</context>
</extension>
</relatedItem>
<relatedItem type="isReferencedBy">
<titleInfo>
<title>United States House Bill 1588  (115th Congress)</title>
</titleInfo>
<identifier type="Congressional Bill citation">H.R. 1588</identifier>
<extension>
<congress>115</congress>
<context>OTHER</context>
</extension>
</relatedItem>
<relatedItem type="isReferencedBy">
<titleInfo>
<title>United States House Bill 1589  (115th Congress)</title>
</titleInfo>
<identifier type="Congressional Bill citation">H.R. 1589</identifier>
<extension>
<congress>115</congress>
<context>OTHER</context>
</extension>
</relatedItem>
<relatedItem type="isReferencedBy">
<titleInfo>
<title>United States House Bill 1590  (115th Congress)</title>
</titleInfo>
<identifier type="Congressional Bill citation">H.R. 1590</identifier>
<extension>
<congress>115</congress>
<context>OTHER</context>
</extension>
</relatedItem>
<relatedItem type="isReferencedBy">
<titleInfo>
<title>United States House Bill 1591  (115th Congress)</title>
</titleInfo>
<identifier type="Congressional Bill citation">H.R. 1591</identifier>
<extension>
<congress>115</congress>
<context>OTHER</context>
</extension>
</relatedItem>
<relatedItem type="isReferencedBy">
<titleInfo>
<title>United States House Bill 1592  (115th Congress)</title>
</titleInfo>
<identifier type="Congressional Bill citation">H.R. 1592</identifier>
<extension>
<congress>115</congress>
<context>OTHER</context>
</extension>
</relatedItem>
<relatedItem ID="P0b002ee1956dc2c7" type="host">
<titleInfo>
<title>Congressional Record</title>
<partNumber>Vol. 163, no. 46</partNumber>
</titleInfo>
<location>
<url access="object in context" displayLabel="Content Detail">https://www.gpo.gov/fdsys/pkg/CREC-2017-03-16/content-detail.html</url>
<url access="raw object" displayLabel="PDF rendition">https://www.gpo.gov/fdsys/pkg/CREC-2017-03-16/pdf/CREC-2017-03-16.pdf</url>
</location>
<part type="issue">
<extent unit="pages">
<start>H2085</start>
<end>H2151</end>
</extent>
<extent unit="pages">
<start>S1853</start>
<end>S1853</end>
</extent>
<extent unit="pages">
<start>E333</start>
<end>E338</end>
</extent>
<extent unit="pages">
<start>D300</start>
<end>D304</end>
</extent>
</part>
<originInfo>
<publisher>U.S. Government Publishing Office</publisher>
<dateIssued encoding="w3cdtf">2017-03-16</dateIssued>
<issuance>continuing</issuance>
<frequency authority="marcfrequency">daily</frequency>
</originInfo>
<physicalDescription>
<note type="source content type">deposited</note>
<digitalOrigin>born digital</digitalOrigin>
<extent>158 p.</extent>
</physicalDescription>
<classification authority="sudocs">X 1.1/A:</classification>
<classification authority="sudocs">X/A.</classification>
<identifier type="uri">https://www.gpo.gov/fdsys/pkg/CREC-2017-03-16</identifier>
<identifier type="local">P0b002ee1956dc2c7</identifier>
<identifier type="stock number">752-002-00000-2</identifier>
<identifier type="ILS system id">000568013</identifier>
<identifier type="former package identifier">CR16MR17</identifier>
<recordInfo>
<recordContentSource authority="marcorg">DGPO</recordContentSource>
<recordCreationDate encoding="w3cdtf">2017-07-04</recordCreationDate>
<recordChangeDate encoding="w3cdtf">2017-08-21</recordChangeDate>
<recordIdentifier source="DGPO">CREC-2017-03-16</recordIdentifier>
<recordOrigin>machine generated</recordOrigin>
<languageOfCataloging>
<languageTerm authority="iso639-2b" type="code">eng</languageTerm>
</languageOfCataloging>
</recordInfo>
<accessCondition type="GPO scope determination">fdlp</accessCondition>
<extension>
<docClass>CREC</docClass>
<accessId>CREC-2017-03-16</accessId>
<volume>163</volume>
<issue>46</issue>
<congress>115</congress>
<session>1</session>
<bookCount>1</bookCount>
</extension>
</relatedItem>
</mods>