<mods ID="id-CREC-2017-01-20-pt1-PgS358" version="3.3" xmlns="http://www.loc.gov/mods/v3" xmlns:exslt="http://exslt.org/common" xmlns:xlink="http://www.w3.org/1999/xlink" xmlns:xsi="http://www.w3.org/2001/XMLSchema-instance" xsi:schemaLocation="http://www.loc.gov/mods/v3 http://www.loc.gov/standards/mods/v3/mods-3-3.xsd">
<name type="corporate">
<namePart>United States Government Publishing Office</namePart>
<role>
<roleTerm authority="marcrelator" type="text">publisher</roleTerm>
<roleTerm authority="marcrelator" type="code">pbl</roleTerm>
</role>
<role>
<roleTerm authority="marcrelator" type="text">distributor</roleTerm>
<roleTerm authority="marcrelator" type="code">dst</roleTerm>
</role>
</name>
<name type="corporate">
<namePart>United States</namePart>
<namePart>Congress</namePart>
<role>
<roleTerm authority="marcrelator" type="text">author</roleTerm>
<roleTerm authority="marcrelator" type="code">aut</roleTerm>
</role>
<description>Government Organization</description>
</name>
<typeOfResource>text</typeOfResource>
<genre authority="marcgt">government publication</genre>
<language>
<languageTerm authority="iso639-2b" type="code">eng</languageTerm>
</language>
<extension>
<collectionCode>CREC</collectionCode>
<category>Proceedings of Congress and General Congressional Publications</category>
<waisDatabaseName>2017_record</waisDatabaseName>
<branch>legislative</branch>
<dateIngested>2017-05-03</dateIngested>
</extension>
<titleInfo>
<title>REMEMBERING KEN HECHLER</title>
<partName>Senate</partName>
</titleInfo>
<relatedItem type="otherFormat" xlink:href="https://www.gpo.gov/fdsys/pkg/CREC-2017-01-20/html/CREC-2017-01-20-pt1-PgS358.htm">
<identifier type="FDsys Unique ID">D09002ee196a6d7fe</identifier>
</relatedItem>
<relatedItem type="otherFormat" xlink:href="https://www.gpo.gov/fdsys/pkg/CREC-2017-01-20/pdf/CREC-2017-01-20-pt1-PgS358.pdf">
<identifier type="FDsys Unique ID">D09002ee196a6d817</identifier>
</relatedItem>
<identifier type="congressional record citation">163 Cong. Rec. S358</identifier>
<identifier type="uri">https://www.gpo.gov/fdsys/granule/CREC-2017-01-20/CREC-2017-01-20-pt1-PgS358</identifier>
<identifier type="former granule identifier">CR20JA17-59</identifier>
<location>
<url access="object in context" displayLabel="Content Detail">https://www.gpo.gov/fdsys/granule/CREC-2017-01-20/CREC-2017-01-20-pt1-PgS358/content-detail.html</url>
<url access="raw object" displayLabel="PDF rendition">https://www.gpo.gov/fdsys/pkg/CREC-2017-01-20/pdf/CREC-2017-01-20-pt1-PgS358.pdf</url>
<url access="raw object" displayLabel="HTML rendition">https://www.gpo.gov/fdsys/pkg/CREC-2017-01-20/html/CREC-2017-01-20-pt1-PgS358.htm</url>
</location>
<physicalDescription>
<extent>1 p.</extent>
</physicalDescription>
<part type="article">
<extent unit="pages">
<start>S358</start>
<end>S358</end>
</extent>
</part>
<name type="personal">
<namePart>Joe Manchin III</namePart>
<affiliation>United States Senate</affiliation>
<role>
<roleTerm type="text">speaking</roleTerm>
</role>
<description>United States Congress Member</description>
</name>
<identifier type="preferred citation">163 Cong. Rec. S358</identifier>
<extension>
<searchTitle>REMEMBERING KEN HECHLER; Congressional Record Vol. 163, No. 11</searchTitle>
<granuleClass>SENATE</granuleClass>
<accessId>CREC-2017-01-20-pt1-PgS358</accessId>
<subGranuleClass>ALLOTHER</subGranuleClass>
<pagePrefix>S</pagePrefix>
<bookNumber>1</bookNumber>
<chamber>SENATE</chamber>
<granuleDate>2017-01-20</granuleDate>
<congMember authorityId="1983" bioGuideId="M001183" chamber="S" congress="115" gpoId="8256" party="D" role="SPEAKING" state="WV">
<name type="parsed">Mr. MANCHIN</name>
<name type="authority-fnf">Joe Manchin III</name>
<name type="authority-lnf">Manchin, Joe, III</name>
<name type="authority-other">Mr. Joe Manchin III</name>
</congMember>
</extension>
<relatedItem ID="P0b002ee194bef178" type="host">
<titleInfo>
<title>Congressional Record</title>
<partNumber>Vol. 163, no. 11</partNumber>
</titleInfo>
<location>
<url access="object in context" displayLabel="Content Detail">https://www.gpo.gov/fdsys/pkg/CREC-2017-01-20/content-detail.html</url>
<url access="raw object" displayLabel="PDF rendition">https://www.gpo.gov/fdsys/pkg/CREC-2017-01-20/pdf/CREC-2017-01-20.pdf</url>
</location>
<part type="issue">
<extent unit="pages">
<start>H555</start>
<end>H561</end>
</extent>
<extent unit="pages">
<start>S347</start>
<end>S366</end>
</extent>
<extent unit="pages">
<start>E73</start>
<end>E74</end>
</extent>
<extent unit="pages">
<start>D55</start>
<end>D60</end>
</extent>
</part>
<originInfo>
<publisher>U.S. Government Publishing Office</publisher>
<dateIssued encoding="w3cdtf">2017-01-20</dateIssued>
<issuance>continuing</issuance>
<frequency authority="marcfrequency">daily</frequency>
</originInfo>
<physicalDescription>
<note type="source content type">deposited</note>
<digitalOrigin>born digital</digitalOrigin>
<extent>70 p.</extent>
</physicalDescription>
<classification authority="sudocs">X 1.1/A:</classification>
<classification authority="sudocs">X/A.</classification>
<identifier type="uri">https://www.gpo.gov/fdsys/pkg/CREC-2017-01-20</identifier>
<identifier type="local">P0b002ee194bef178</identifier>
<identifier type="stock number">752-002-00000-2</identifier>
<identifier type="ILS system id">000568013</identifier>
<identifier type="former package identifier">CR20JA17</identifier>
<recordInfo>
<recordContentSource authority="marcorg">DGPO</recordContentSource>
<recordCreationDate encoding="w3cdtf">2017-05-03</recordCreationDate>
<recordChangeDate encoding="w3cdtf">2017-08-21</recordChangeDate>
<recordIdentifier source="DGPO">CREC-2017-01-20</recordIdentifier>
<recordOrigin>machine generated</recordOrigin>
<languageOfCataloging>
<languageTerm authority="iso639-2b" type="code">eng</languageTerm>
</languageOfCataloging>
</recordInfo>
<accessCondition type="GPO scope determination">fdlp</accessCondition>
<extension>
<docClass>CREC</docClass>
<accessId>CREC-2017-01-20</accessId>
<volume>163</volume>
<issue>11</issue>
<congress>115</congress>
<session>1</session>
<bookCount>1</bookCount>
</extension>
</relatedItem>
</mods>