<mods ID="id-CREC-2017-03-08-pt1-PgS1695" version="3.3" xmlns="http://www.loc.gov/mods/v3" xmlns:exslt="http://exslt.org/common" xmlns:xlink="http://www.w3.org/1999/xlink" xmlns:xsi="http://www.w3.org/2001/XMLSchema-instance" xsi:schemaLocation="http://www.loc.gov/mods/v3 http://www.loc.gov/standards/mods/v3/mods-3-3.xsd">
<name type="corporate">
<namePart>United States Government Publishing Office</namePart>
<role>
<roleTerm authority="marcrelator" type="text">publisher</roleTerm>
<roleTerm authority="marcrelator" type="code">pbl</roleTerm>
</role>
<role>
<roleTerm authority="marcrelator" type="text">distributor</roleTerm>
<roleTerm authority="marcrelator" type="code">dst</roleTerm>
</role>
</name>
<name type="corporate">
<namePart>United States</namePart>
<namePart>Congress</namePart>
<role>
<roleTerm authority="marcrelator" type="text">author</roleTerm>
<roleTerm authority="marcrelator" type="code">aut</roleTerm>
</role>
<description>Government Organization</description>
</name>
<typeOfResource>text</typeOfResource>
<genre authority="marcgt">government publication</genre>
<language>
<languageTerm authority="iso639-2b" type="code">eng</languageTerm>
</language>
<extension>
<collectionCode>CREC</collectionCode>
<category>Proceedings of Congress and General Congressional Publications</category>
<waisDatabaseName>2017_record</waisDatabaseName>
<branch>legislative</branch>
<dateIngested>2017-07-04</dateIngested>
</extension>
<titleInfo>
<title>PRIVILEGES OF THE FLOOR</title>
<partName>Senate</partName>
</titleInfo>
<relatedItem type="otherFormat" xlink:href="https://www.gpo.gov/fdsys/pkg/CREC-2017-03-08/html/CREC-2017-03-08-pt1-PgS1695.htm">
<identifier type="FDsys Unique ID">D09002ee196a70e65</identifier>
</relatedItem>
<relatedItem type="otherFormat" xlink:href="https://www.gpo.gov/fdsys/pkg/CREC-2017-03-08/pdf/CREC-2017-03-08-pt1-PgS1695.pdf">
<identifier type="FDsys Unique ID">D09002ee196a70f46</identifier>
</relatedItem>
<identifier type="congressional record citation">163 Cong. Rec. S1695</identifier>
<identifier type="uri">https://www.gpo.gov/fdsys/granule/CREC-2017-03-08/CREC-2017-03-08-pt1-PgS1695</identifier>
<identifier type="former granule identifier">CR08MR17-158</identifier>
<location>
<url access="object in context" displayLabel="Content Detail">https://www.gpo.gov/fdsys/granule/CREC-2017-03-08/CREC-2017-03-08-pt1-PgS1695/content-detail.html</url>
<url access="raw object" displayLabel="PDF rendition">https://www.gpo.gov/fdsys/pkg/CREC-2017-03-08/pdf/CREC-2017-03-08-pt1-PgS1695.pdf</url>
<url access="raw object" displayLabel="HTML rendition">https://www.gpo.gov/fdsys/pkg/CREC-2017-03-08/html/CREC-2017-03-08-pt1-PgS1695.htm</url>
</location>
<physicalDescription>
<extent>1 p.</extent>
</physicalDescription>
<part type="article">
<extent unit="pages">
<start>S1695</start>
<end>S1695</end>
</extent>
</part>
<name type="personal">
<namePart>Richard Durbin</namePart>
<affiliation>United States Senate</affiliation>
<role>
<roleTerm type="text">speaking</roleTerm>
</role>
<description>United States Congress Member</description>
</name>
<name type="personal">
<namePart>Christopher S. Murphy</namePart>
<affiliation>United States Senate</affiliation>
<role>
<roleTerm type="text">speaking</roleTerm>
</role>
<description>United States Congress Member</description>
</name>
<identifier type="preferred citation">163 Cong. Rec. S1695</identifier>
<extension>
<searchTitle>PRIVILEGES OF THE FLOOR; Congressional Record Vol. 163, No. 40</searchTitle>
<granuleClass>SENATE</granuleClass>
<accessId>CREC-2017-03-08-pt1-PgS1695</accessId>
<subGranuleClass>SPRIVILEGES</subGranuleClass>
<pagePrefix>S</pagePrefix>
<bookNumber>1</bookNumber>
<chamber>SENATE</chamber>
<granuleDate>2017-03-08</granuleDate>
<congMember authorityId="326" bioGuideId="D000563" chamber="S" congress="115" gpoId="8326" party="D" role="SPEAKING" state="IL">
<name type="parsed">Mr. DURBIN</name>
<name type="authority-fnf">Richard Durbin</name>
<name type="authority-lnf">Durbin, Richard</name>
<name type="authority-other">Richard J. Durbin</name>
</congMember>
<congMember authorityId="1837" bioGuideId="M001169" chamber="S" congress="115" gpoId="7870" party="D" role="SPEAKING" state="CT">
<name type="parsed">Mr. MURPHY</name>
<name type="authority-fnf">Christopher S. Murphy</name>
<name type="authority-lnf">Murphy, Christopher S.</name>
<name type="authority-other">Mr. Christopher Murphy</name>
</congMember>
</extension>
<relatedItem ID="P0b002ee1956dc0f0" type="host">
<titleInfo>
<title>Congressional Record</title>
<partNumber>Vol. 163, no. 40</partNumber>
</titleInfo>
<location>
<url access="object in context" displayLabel="Content Detail">https://www.gpo.gov/fdsys/pkg/CREC-2017-03-08/content-detail.html</url>
<url access="raw object" displayLabel="PDF rendition">https://www.gpo.gov/fdsys/pkg/CREC-2017-03-08/pdf/CREC-2017-03-08.pdf</url>
</location>
<part type="issue">
<extent unit="pages">
<start>H1597</start>
<end>H1950</end>
</extent>
<extent unit="pages">
<start>S1649</start>
<end>S1702</end>
</extent>
<extent unit="pages">
<start>E287</start>
<end>E296</end>
</extent>
<extent unit="pages">
<start>D235</start>
<end>D242</end>
</extent>
</part>
<originInfo>
<publisher>U.S. Government Publishing Office</publisher>
<dateIssued encoding="w3cdtf">2017-03-08</dateIssued>
<issuance>continuing</issuance>
<frequency authority="marcfrequency">daily</frequency>
</originInfo>
<physicalDescription>
<note type="source content type">deposited</note>
<digitalOrigin>born digital</digitalOrigin>
<extent>852 p.</extent>
</physicalDescription>
<classification authority="sudocs">X 1.1/A:</classification>
<classification authority="sudocs">X/A.</classification>
<identifier type="uri">https://www.gpo.gov/fdsys/pkg/CREC-2017-03-08</identifier>
<identifier type="local">P0b002ee1956dc0f0</identifier>
<identifier type="stock number">752-002-00000-2</identifier>
<identifier type="ILS system id">000568013</identifier>
<identifier type="former package identifier">CR08MR17</identifier>
<recordInfo>
<recordContentSource authority="marcorg">DGPO</recordContentSource>
<recordCreationDate encoding="w3cdtf">2017-07-04</recordCreationDate>
<recordChangeDate encoding="w3cdtf">2017-08-21</recordChangeDate>
<recordIdentifier source="DGPO">CREC-2017-03-08</recordIdentifier>
<recordOrigin>machine generated</recordOrigin>
<languageOfCataloging>
<languageTerm authority="iso639-2b" type="code">eng</languageTerm>
</languageOfCataloging>
</recordInfo>
<accessCondition type="GPO scope determination">fdlp</accessCondition>
<extension>
<docClass>CREC</docClass>
<accessId>CREC-2017-03-08</accessId>
<volume>163</volume>
<issue>40</issue>
<congress>115</congress>
<session>1</session>
<bookCount>1</bookCount>
</extension>
</relatedItem>
</mods>