<mods ID="id-CREC-2017-02-16-pt1-PgH1251-3" version="3.3" xmlns="http://www.loc.gov/mods/v3" xmlns:exslt="http://exslt.org/common" xmlns:xlink="http://www.w3.org/1999/xlink" xmlns:xsi="http://www.w3.org/2001/XMLSchema-instance" xsi:schemaLocation="http://www.loc.gov/mods/v3 http://www.loc.gov/standards/mods/v3/mods-3-3.xsd">
<name type="corporate">
<namePart>United States Government Publishing Office</namePart>
<role>
<roleTerm authority="marcrelator" type="text">publisher</roleTerm>
<roleTerm authority="marcrelator" type="code">pbl</roleTerm>
</role>
<role>
<roleTerm authority="marcrelator" type="text">distributor</roleTerm>
<roleTerm authority="marcrelator" type="code">dst</roleTerm>
</role>
</name>
<name type="corporate">
<namePart>United States</namePart>
<namePart>Congress</namePart>
<role>
<roleTerm authority="marcrelator" type="text">author</roleTerm>
<roleTerm authority="marcrelator" type="code">aut</roleTerm>
</role>
<description>Government Organization</description>
</name>
<typeOfResource>text</typeOfResource>
<genre authority="marcgt">government publication</genre>
<language>
<languageTerm authority="iso639-2b" type="code">eng</languageTerm>
</language>
<extension>
<collectionCode>CREC</collectionCode>
<category>Proceedings of Congress and General Congressional Publications</category>
<waisDatabaseName>2017_record</waisDatabaseName>
<branch>legislative</branch>
<dateIngested>2017-10-27</dateIngested>
</extension>
<titleInfo>
<title>CONTRIBUTIONS OF AFRICAN AMERICANS DURING WORLD WAR II</title>
<partName>House</partName>
</titleInfo>
<relatedItem type="otherFormat" xlink:href="https://www.gpo.gov/fdsys/pkg/CREC-2017-02-16/html/CREC-2017-02-16-pt1-PgH1251-3.htm">
<identifier type="FDsys Unique ID">D09002ee197412f25</identifier>
</relatedItem>
<relatedItem type="otherFormat" xlink:href="https://www.gpo.gov/fdsys/pkg/CREC-2017-02-16/pdf/CREC-2017-02-16-pt1-PgH1251-3.pdf">
<identifier type="FDsys Unique ID">D09002ee197412fb8</identifier>
</relatedItem>
<identifier type="congressional record citation">163 Cong. Rec. H1251</identifier>
<identifier type="uri">https://www.gpo.gov/fdsys/granule/CREC-2017-02-16/CREC-2017-02-16-pt1-PgH1251-3</identifier>
<identifier type="former granule identifier">CR16FE17-64</identifier>
<location>
<url access="object in context" displayLabel="Content Detail">https://www.gpo.gov/fdsys/granule/CREC-2017-02-16/CREC-2017-02-16-pt1-PgH1251-3/content-detail.html</url>
<url access="raw object" displayLabel="PDF rendition">https://www.gpo.gov/fdsys/pkg/CREC-2017-02-16/pdf/CREC-2017-02-16-pt1-PgH1251-3.pdf</url>
<url access="raw object" displayLabel="HTML rendition">https://www.gpo.gov/fdsys/pkg/CREC-2017-02-16/html/CREC-2017-02-16-pt1-PgH1251-3.htm</url>
</location>
<physicalDescription>
<extent>5 p.</extent>
</physicalDescription>
<part type="article">
<extent unit="pages">
<start>H1251</start>
<end>H1255</end>
</extent>
</part>
<name type="personal">
<namePart>Barbara Lee</namePart>
<affiliation>United States House of Representatives</affiliation>
<role>
<roleTerm type="text">speaking</roleTerm>
</role>
<description>United States Congress Member</description>
</name>
<name type="corporate">
<namePart>United States</namePart>
<namePart>Congress</namePart>
<namePart>House of Representatives</namePart>
<namePart>Committee on Appropriations</namePart>
<role>
<roleTerm authority="marcrelator" type="text">associated name</roleTerm>
<roleTerm authority="marcrelator" type="code">asn</roleTerm>
</role>
<description>Government Organization</description>
</name>
<identifier type="preferred citation">163 Cong. Rec. H1251</identifier>
<extension>
<searchTitle>CONTRIBUTIONS OF AFRICAN AMERICANS DURING WORLD WAR II; Congressional Record Vol. 163, No. 28</searchTitle>
<granuleClass>HOUSE</granuleClass>
<accessId>CREC-2017-02-16-pt1-PgH1251-3</accessId>
<subGranuleClass>ALLOTHER</subGranuleClass>
<pagePrefix>H</pagePrefix>
<bookNumber>1</bookNumber>
<chamber>HOUSE</chamber>
<granuleDate>2017-02-16</granuleDate>
<time from="10:30:00" to="10:30:00"/>
<congCommittee authorityId="hsap00" chamber="H" congress="115" type="S">
<name type="authority-standard">Committee on Appropriations</name>
<name type="authority-short">Appropriations</name>
</congCommittee>
<congMember authorityId="1501" bioGuideId="L000551" chamber="H" congress="115" gpoId="7814" party="D" role="SPEAKING" state="CA">
<name type="parsed">Ms. LEE</name>
<name type="authority-fnf">Barbara Lee</name>
<name type="authority-lnf">Lee, Barbara</name>
</congMember>
</extension>
<relatedItem ID="P0b002ee1973a1134" type="host">
<titleInfo>
<title>Congressional Record</title>
<partNumber>Vol. 163, no. 28</partNumber>
</titleInfo>
<location>
<url access="object in context" displayLabel="Content Detail">https://www.gpo.gov/fdsys/pkg/CREC-2017-02-16/content-detail.html</url>
<url access="raw object" displayLabel="PDF rendition">https://www.gpo.gov/fdsys/pkg/CREC-2017-02-16/pdf/CREC-2017-02-16.pdf</url>
</location>
<part type="issue">
<extent unit="pages">
<start>H1247</start>
<end>H1307</end>
</extent>
<extent unit="pages">
<start>S1223</start>
<end>S1416</end>
</extent>
<extent unit="pages">
<start>E207</start>
<end>E219</end>
</extent>
<extent unit="pages">
<start>D173</start>
<end>D178</end>
</extent>
</part>
<originInfo>
<publisher>U.S. Government Publishing Office</publisher>
<dateIssued encoding="w3cdtf">2017-02-16</dateIssued>
<issuance>continuing</issuance>
<frequency authority="marcfrequency">daily</frequency>
</originInfo>
<physicalDescription>
<note type="source content type">deposited</note>
<digitalOrigin>born digital</digitalOrigin>
<extent>556 p.</extent>
</physicalDescription>
<classification authority="sudocs">X 1.1/A:</classification>
<classification authority="sudocs">X/A.</classification>
<identifier type="uri">https://www.gpo.gov/fdsys/pkg/CREC-2017-02-16</identifier>
<identifier type="local">P0b002ee1973a1134</identifier>
<identifier type="stock number">752-002-00000-2</identifier>
<identifier type="ILS system id">000568013</identifier>
<identifier type="former package identifier">CR16FE17</identifier>
<recordInfo>
<recordContentSource authority="marcorg">DGPO</recordContentSource>
<recordCreationDate encoding="w3cdtf">2017-10-27</recordCreationDate>
<recordChangeDate encoding="w3cdtf">2017-10-27</recordChangeDate>
<recordIdentifier source="DGPO">CREC-2017-02-16</recordIdentifier>
<recordOrigin>machine generated</recordOrigin>
<languageOfCataloging>
<languageTerm authority="iso639-2b" type="code">eng</languageTerm>
</languageOfCataloging>
</recordInfo>
<accessCondition type="GPO scope determination">fdlp</accessCondition>
<extension>
<docClass>CREC</docClass>
<accessId>CREC-2017-02-16</accessId>
<volume>163</volume>
<issue>28</issue>
<congress>115</congress>
<session>1</session>
<bookCount>2</bookCount>
</extension>
</relatedItem>
</mods>