<mods ID="id-CREC-2017-03-20-pt1-PgH2212" version="3.3" xmlns="http://www.loc.gov/mods/v3" xmlns:exslt="http://exslt.org/common" xmlns:xlink="http://www.w3.org/1999/xlink" xmlns:xsi="http://www.w3.org/2001/XMLSchema-instance" xsi:schemaLocation="http://www.loc.gov/mods/v3 http://www.loc.gov/standards/mods/v3/mods-3-3.xsd">
<name type="corporate">
<namePart>United States Government Publishing Office</namePart>
<role>
<roleTerm authority="marcrelator" type="text">publisher</roleTerm>
<roleTerm authority="marcrelator" type="code">pbl</roleTerm>
</role>
<role>
<roleTerm authority="marcrelator" type="text">distributor</roleTerm>
<roleTerm authority="marcrelator" type="code">dst</roleTerm>
</role>
</name>
<name type="corporate">
<namePart>United States</namePart>
<namePart>Congress</namePart>
<role>
<roleTerm authority="marcrelator" type="text">author</roleTerm>
<roleTerm authority="marcrelator" type="code">aut</roleTerm>
</role>
<description>Government Organization</description>
</name>
<typeOfResource>text</typeOfResource>
<genre authority="marcgt">government publication</genre>
<language>
<languageTerm authority="iso639-2b" type="code">eng</languageTerm>
</language>
<extension>
<collectionCode>CREC</collectionCode>
<category>Proceedings of Congress and General Congressional Publications</category>
<waisDatabaseName>2017_record</waisDatabaseName>
<branch>legislative</branch>
<dateIngested>2017-07-01</dateIngested>
</extension>
<titleInfo>
<title>TRANSPARENCY IN TECHNOLOGICAL ACQUISITIONS ACT OF 2017</title>
<partName>House</partName>
</titleInfo>
<relatedItem type="otherFormat" xlink:href="https://www.gpo.gov/fdsys/pkg/CREC-2017-03-20/html/CREC-2017-03-20-pt1-PgH2212.htm">
<identifier type="FDsys Unique ID">D09002ee196a7170e</identifier>
</relatedItem>
<relatedItem type="otherFormat" xlink:href="https://www.gpo.gov/fdsys/pkg/CREC-2017-03-20/pdf/CREC-2017-03-20-pt1-PgH2212.pdf">
<identifier type="FDsys Unique ID">D09002ee196a717bb</identifier>
</relatedItem>
<identifier type="congressional record citation">163 Cong. Rec. H2212</identifier>
<identifier type="uri">https://www.gpo.gov/fdsys/granule/CREC-2017-03-20/CREC-2017-03-20-pt1-PgH2212</identifier>
<identifier type="former granule identifier">CR20MR17-67</identifier>
<location>
<url access="object in context" displayLabel="Content Detail">https://www.gpo.gov/fdsys/granule/CREC-2017-03-20/CREC-2017-03-20-pt1-PgH2212/content-detail.html</url>
<url access="raw object" displayLabel="PDF rendition">https://www.gpo.gov/fdsys/pkg/CREC-2017-03-20/pdf/CREC-2017-03-20-pt1-PgH2212.pdf</url>
<url access="raw object" displayLabel="HTML rendition">https://www.gpo.gov/fdsys/pkg/CREC-2017-03-20/html/CREC-2017-03-20-pt1-PgH2212.htm</url>
</location>
<physicalDescription>
<extent>2 p.</extent>
</physicalDescription>
<part type="article">
<extent unit="pages">
<start>H2212</start>
<end>H2213</end>
</extent>
</part>
<name type="personal">
<namePart>John H. Rutherford</namePart>
<affiliation>United States House of Representatives</affiliation>
<role>
<roleTerm type="text">speaking</roleTerm>
</role>
<description>United States Congress Member</description>
</name>
<name type="personal">
<namePart>Kathleen M. Rice</namePart>
<affiliation>United States House of Representatives</affiliation>
<role>
<roleTerm type="text">speaking</roleTerm>
</role>
<description>United States Congress Member</description>
</name>
<name type="personal">
<namePart>Sheila Jackson Lee</namePart>
<affiliation>United States House of Representatives</affiliation>
<role>
<roleTerm type="text">speaking</roleTerm>
</role>
<description>United States Congress Member</description>
</name>
<name type="corporate">
<namePart>United States</namePart>
<namePart>Congress</namePart>
<namePart>Senate</namePart>
<namePart>Committee on Commerce, Science, and Transportation</namePart>
<role>
<roleTerm authority="marcrelator" type="text">associated name</roleTerm>
<roleTerm authority="marcrelator" type="code">asn</roleTerm>
</role>
<description>Government Organization</description>
</name>
<name type="corporate">
<namePart>United States</namePart>
<namePart>Congress</namePart>
<namePart>House of Representatives</namePart>
<namePart>Committee on Homeland Security</namePart>
<role>
<roleTerm authority="marcrelator" type="text">associated name</roleTerm>
<roleTerm authority="marcrelator" type="code">asn</roleTerm>
</role>
<description>Government Organization</description>
</name>
<identifier type="preferred citation">163 Cong. Rec. H2212</identifier>
<extension>
<searchTitle>TRANSPARENCY IN TECHNOLOGICAL ACQUISITIONS ACT OF 2017; Congressional Record Vol. 163, No. 48</searchTitle>
<associatedBills>H.R. 1353, 115th Congress
        </associatedBills>
<granuleClass>HOUSE</granuleClass>
<accessId>CREC-2017-03-20-pt1-PgH2212</accessId>
<subGranuleClass>ALLOTHER</subGranuleClass>
<pagePrefix>H</pagePrefix>
<bookNumber>1</bookNumber>
<chamber>HOUSE</chamber>
<granuleDate>2017-03-20</granuleDate>
<time from="16:00:00" to="16:00:00"/>
<bill congress="115" context="HEADERLINE" number="1353" type="HR"/>
<bill congress="115" context="FIRSTPARAGRAPH" number="1353" type="HR"/>
<bill congress="115" context="OTHER" number="1353" type="HR"/>
<congCommittee authorityId="sscm00" chamber="S" congress="115" type="S">
<name type="authority-standard">Committee on Commerce, Science, and Transportation</name>
<name type="authority-short">Commerce</name>
</congCommittee>
<congCommittee authorityId="hshm00" chamber="H" congress="115" type="S">
<name type="authority-standard">Committee on Homeland Security</name>
<name type="authority-short">Homeland Security</name>
</congCommittee>
<congMember authorityId="2316" bioGuideId="R000609" chamber="H" congress="115" party="R" role="SPEAKING" state="FL">
<name type="parsed">Mr. RUTHERFORD</name>
<name type="authority-fnf">John H. Rutherford</name>
<name type="authority-lnf">Rutherford, John H.</name>
<name type="authority-other">Mr. John Rutherford</name>
</congMember>
<congMember authorityId="2262" bioGuideId="R000602" chamber="H" congress="115" party="D" role="SPEAKING" state="NY">
<name type="parsed">Miss RICE of New York</name>
<name type="authority-fnf">Kathleen M. Rice</name>
<name type="authority-lnf">Rice, Kathleen M.</name>
<name type="authority-other">Miss Kathleen Rice</name>
</congMember>
<congMember authorityId="588" bioGuideId="J000032" chamber="H" congress="115" gpoId="8174" party="D" role="SPEAKING" state="TX">
<name type="parsed">Ms. JACKSON LEE</name>
<name type="authority-fnf">Sheila Jackson Lee</name>
<name type="authority-lnf">Jackson Lee, Sheila</name>
</congMember>
<USCode title="6">
<section number="563"/>
</USCode>
</extension>
<relatedItem type="isReferencedBy">
<titleInfo>
<title>United States House Bill 1353  (115th Congress)</title>
</titleInfo>
<identifier type="Congressional Bill citation">H.R. 1353</identifier>
<extension>
<congress>115</congress>
<context>HEADERLINE</context>
</extension>
</relatedItem>
<relatedItem type="isReferencedBy">
<titleInfo>
<title>United States House Bill 1353  (115th Congress)</title>
</titleInfo>
<identifier type="Congressional Bill citation">H.R. 1353</identifier>
<extension>
<congress>115</congress>
<context>FIRSTPARAGRAPH</context>
</extension>
</relatedItem>
<relatedItem type="isReferencedBy">
<titleInfo>
<title>United States House Bill 1353  (115th Congress)</title>
</titleInfo>
<identifier type="Congressional Bill citation">H.R. 1353</identifier>
<extension>
<congress>115</congress>
<context>OTHER</context>
</extension>
</relatedItem>
<relatedItem type="isReferencedBy">
<titleInfo>
<title>United States Code</title>
<partNumber>Title 6 Section 563</partNumber>
</titleInfo>
<identifier type="USC citation">6 U.S.C. 563</identifier>
</relatedItem>
<relatedItem ID="P0b002ee19568350f" type="host">
<titleInfo>
<title>Congressional Record</title>
<partNumber>Vol. 163, no. 48</partNumber>
</titleInfo>
<location>
<url access="object in context" displayLabel="Content Detail">https://www.gpo.gov/fdsys/pkg/CREC-2017-03-20/content-detail.html</url>
<url access="raw object" displayLabel="PDF rendition">https://www.gpo.gov/fdsys/pkg/CREC-2017-03-20/pdf/CREC-2017-03-20.pdf</url>
</location>
<part type="issue">
<extent unit="pages">
<start>H2187</start>
<end>H2242</end>
</extent>
<extent unit="pages">
<start>S1855</start>
<end>S1855</end>
</extent>
<extent unit="pages">
<start>E345</start>
<end>E351</end>
</extent>
<extent unit="pages">
<start>D310</start>
<end>D314</end>
</extent>
</part>
<originInfo>
<publisher>U.S. Government Publishing Office</publisher>
<dateIssued encoding="w3cdtf">2017-03-20</dateIssued>
<issuance>continuing</issuance>
<frequency authority="marcfrequency">daily</frequency>
</originInfo>
<physicalDescription>
<note type="source content type">deposited</note>
<digitalOrigin>born digital</digitalOrigin>
<extent>138 p.</extent>
</physicalDescription>
<classification authority="sudocs">X 1.1/A:</classification>
<classification authority="sudocs">X/A.</classification>
<identifier type="uri">https://www.gpo.gov/fdsys/pkg/CREC-2017-03-20</identifier>
<identifier type="local">P0b002ee19568350f</identifier>
<identifier type="stock number">752-002-00000-2</identifier>
<identifier type="ILS system id">000568013</identifier>
<identifier type="former package identifier">CR20MR17</identifier>
<recordInfo>
<recordContentSource authority="marcorg">DGPO</recordContentSource>
<recordCreationDate encoding="w3cdtf">2017-07-01</recordCreationDate>
<recordChangeDate encoding="w3cdtf">2017-08-21</recordChangeDate>
<recordIdentifier source="DGPO">CREC-2017-03-20</recordIdentifier>
<recordOrigin>machine generated</recordOrigin>
<languageOfCataloging>
<languageTerm authority="iso639-2b" type="code">eng</languageTerm>
</languageOfCataloging>
</recordInfo>
<accessCondition type="GPO scope determination">fdlp</accessCondition>
<extension>
<docClass>CREC</docClass>
<accessId>CREC-2017-03-20</accessId>
<volume>163</volume>
<issue>48</issue>
<congress>115</congress>
<session>1</session>
<bookCount>1</bookCount>
</extension>
</relatedItem>
</mods>