<mods ID="id-CREC-2017-03-15-pt1-PgH2062-3" version="3.3" xmlns="http://www.loc.gov/mods/v3" xmlns:exslt="http://exslt.org/common" xmlns:xlink="http://www.w3.org/1999/xlink" xmlns:xsi="http://www.w3.org/2001/XMLSchema-instance" xsi:schemaLocation="http://www.loc.gov/mods/v3 http://www.loc.gov/standards/mods/v3/mods-3-3.xsd">
<name type="corporate">
<namePart>United States Government Publishing Office</namePart>
<role>
<roleTerm authority="marcrelator" type="text">publisher</roleTerm>
<roleTerm authority="marcrelator" type="code">pbl</roleTerm>
</role>
<role>
<roleTerm authority="marcrelator" type="text">distributor</roleTerm>
<roleTerm authority="marcrelator" type="code">dst</roleTerm>
</role>
</name>
<name type="corporate">
<namePart>United States</namePart>
<namePart>Congress</namePart>
<role>
<roleTerm authority="marcrelator" type="text">author</roleTerm>
<roleTerm authority="marcrelator" type="code">aut</roleTerm>
</role>
<description>Government Organization</description>
</name>
<typeOfResource>text</typeOfResource>
<genre authority="marcgt">government publication</genre>
<language>
<languageTerm authority="iso639-2b" type="code">eng</languageTerm>
</language>
<extension>
<collectionCode>CREC</collectionCode>
<category>Proceedings of Congress and General Congressional Publications</category>
<waisDatabaseName>2017_record</waisDatabaseName>
<branch>legislative</branch>
<dateIngested>2017-07-01</dateIngested>
</extension>
<titleInfo>
<title>CELEBRATING ADMIRAL LLOYD ``JOE'' VASEY'S 100TH BIRTHDAY</title>
<partName>House</partName>
</titleInfo>
<relatedItem type="otherFormat" xlink:href="https://www.gpo.gov/fdsys/pkg/CREC-2017-03-15/html/CREC-2017-03-15-pt1-PgH2062-3.htm">
<identifier type="FDsys Unique ID">D09002ee196a7122d</identifier>
</relatedItem>
<relatedItem type="otherFormat" xlink:href="https://www.gpo.gov/fdsys/pkg/CREC-2017-03-15/pdf/CREC-2017-03-15-pt1-PgH2062-3.pdf">
<identifier type="FDsys Unique ID">D09002ee196a712c8</identifier>
</relatedItem>
<identifier type="congressional record citation">163 Cong. Rec. H2062</identifier>
<identifier type="uri">https://www.gpo.gov/fdsys/granule/CREC-2017-03-15/CREC-2017-03-15-pt1-PgH2062-3</identifier>
<identifier type="former granule identifier">CR15MR17-51</identifier>
<location>
<url access="object in context" displayLabel="Content Detail">https://www.gpo.gov/fdsys/granule/CREC-2017-03-15/CREC-2017-03-15-pt1-PgH2062-3/content-detail.html</url>
<url access="raw object" displayLabel="PDF rendition">https://www.gpo.gov/fdsys/pkg/CREC-2017-03-15/pdf/CREC-2017-03-15-pt1-PgH2062-3.pdf</url>
<url access="raw object" displayLabel="HTML rendition">https://www.gpo.gov/fdsys/pkg/CREC-2017-03-15/html/CREC-2017-03-15-pt1-PgH2062-3.htm</url>
</location>
<physicalDescription>
<extent>1 p.</extent>
</physicalDescription>
<part type="article">
<extent unit="pages">
<start>H2062</start>
<end>H2062</end>
</extent>
</part>
<name type="personal">
<namePart>Colleen W. Hanabusa</namePart>
<affiliation>United States House of Representatives</affiliation>
<role>
<roleTerm type="text">speaking</roleTerm>
</role>
<description>United States Congress Member</description>
</name>
<identifier type="preferred citation">163 Cong. Rec. H2062</identifier>
<extension>
<searchTitle>CELEBRATING ADMIRAL LLOYD ``JOE'' VASEY'S 100TH BIRTHDAY; Congressional Record Vol. 163, No. 45</searchTitle>
<granuleClass>HOUSE</granuleClass>
<accessId>CREC-2017-03-15-pt1-PgH2062-3</accessId>
<subGranuleClass>CELEBRATING</subGranuleClass>
<pagePrefix>H</pagePrefix>
<bookNumber>1</bookNumber>
<chamber>HOUSE</chamber>
<granuleDate>2017-03-15</granuleDate>
<time from="16:30:00" to="16:30:00"/>
<congMember authorityId="2010" bioGuideId="H001050" chamber="H" congress="115" gpoId="7912" party="D" role="SPEAKING" state="HI">
<name type="parsed">Ms. HANABUSA</name>
<name type="authority-fnf">Colleen W. Hanabusa</name>
<name type="authority-lnf">Hanabusa, Colleen W.</name>
<name type="authority-other">Ms. Colleen Hanabusa</name>
</congMember>
</extension>
<relatedItem ID="P0b002ee1956834ca" type="host">
<titleInfo>
<title>Congressional Record</title>
<partNumber>Vol. 163, no. 45</partNumber>
</titleInfo>
<location>
<url access="object in context" displayLabel="Content Detail">https://www.gpo.gov/fdsys/pkg/CREC-2017-03-15/content-detail.html</url>
<url access="raw object" displayLabel="PDF rendition">https://www.gpo.gov/fdsys/pkg/CREC-2017-03-15/pdf/CREC-2017-03-15.pdf</url>
</location>
<part type="issue">
<extent unit="pages">
<start>H2061</start>
<end>H2084</end>
</extent>
<extent unit="pages">
<start>S1809</start>
<end>S1851</end>
</extent>
<extent unit="pages">
<start>E325</start>
<end>E331</end>
</extent>
<extent unit="pages">
<start>D292</start>
<end>D298</end>
</extent>
</part>
<originInfo>
<publisher>U.S. Government Publishing Office</publisher>
<dateIssued encoding="w3cdtf">2017-03-15</dateIssued>
<issuance>continuing</issuance>
<frequency authority="marcfrequency">daily</frequency>
</originInfo>
<physicalDescription>
<note type="source content type">deposited</note>
<digitalOrigin>born digital</digitalOrigin>
<extent>162 p.</extent>
</physicalDescription>
<classification authority="sudocs">X 1.1/A:</classification>
<classification authority="sudocs">X/A.</classification>
<identifier type="uri">https://www.gpo.gov/fdsys/pkg/CREC-2017-03-15</identifier>
<identifier type="local">P0b002ee1956834ca</identifier>
<identifier type="stock number">752-002-00000-2</identifier>
<identifier type="ILS system id">000568013</identifier>
<identifier type="former package identifier">CR15MR17</identifier>
<recordInfo>
<recordContentSource authority="marcorg">DGPO</recordContentSource>
<recordCreationDate encoding="w3cdtf">2017-07-01</recordCreationDate>
<recordChangeDate encoding="w3cdtf">2017-08-21</recordChangeDate>
<recordIdentifier source="DGPO">CREC-2017-03-15</recordIdentifier>
<recordOrigin>machine generated</recordOrigin>
<languageOfCataloging>
<languageTerm authority="iso639-2b" type="code">eng</languageTerm>
</languageOfCataloging>
</recordInfo>
<accessCondition type="GPO scope determination">fdlp</accessCondition>
<extension>
<docClass>CREC</docClass>
<accessId>CREC-2017-03-15</accessId>
<volume>163</volume>
<issue>45</issue>
<congress>115</congress>
<session>1</session>
<bookCount>1</bookCount>
</extension>
</relatedItem>
</mods>