<mods ID="id-CREC-2017-01-09-pt1-PgS154-4" version="3.3" xmlns="http://www.loc.gov/mods/v3" xmlns:exslt="http://exslt.org/common" xmlns:xlink="http://www.w3.org/1999/xlink" xmlns:xsi="http://www.w3.org/2001/XMLSchema-instance" xsi:schemaLocation="http://www.loc.gov/mods/v3 http://www.loc.gov/standards/mods/v3/mods-3-3.xsd">
<name type="corporate">
<namePart>United States Government Publishing Office</namePart>
<role>
<roleTerm authority="marcrelator" type="text">publisher</roleTerm>
<roleTerm authority="marcrelator" type="code">pbl</roleTerm>
</role>
<role>
<roleTerm authority="marcrelator" type="text">distributor</roleTerm>
<roleTerm authority="marcrelator" type="code">dst</roleTerm>
</role>
</name>
<name type="corporate">
<namePart>United States</namePart>
<namePart>Congress</namePart>
<role>
<roleTerm authority="marcrelator" type="text">author</roleTerm>
<roleTerm authority="marcrelator" type="code">aut</roleTerm>
</role>
<description>Government Organization</description>
</name>
<typeOfResource>text</typeOfResource>
<genre authority="marcgt">government publication</genre>
<language>
<languageTerm authority="iso639-2b" type="code">eng</languageTerm>
</language>
<extension>
<collectionCode>CREC</collectionCode>
<category>Proceedings of Congress and General Congressional Publications</category>
<waisDatabaseName>2017_record</waisDatabaseName>
<branch>legislative</branch>
<dateIngested>2017-05-03</dateIngested>
</extension>
<titleInfo>
<title>ADDITIONAL COSPONSORS</title>
<partName>Senate</partName>
</titleInfo>
<relatedItem type="otherFormat" xlink:href="https://www.gpo.gov/fdsys/pkg/CREC-2017-01-09/html/CREC-2017-01-09-pt1-PgS154-4.htm">
<identifier type="FDsys Unique ID">D09002ee196a6cd59</identifier>
</relatedItem>
<relatedItem type="otherFormat" xlink:href="https://www.gpo.gov/fdsys/pkg/CREC-2017-01-09/pdf/CREC-2017-01-09-pt1-PgS154-4.pdf">
<identifier type="FDsys Unique ID">D09002ee196a6ce41</identifier>
</relatedItem>
<identifier type="congressional record citation">163 Cong. Rec. S154</identifier>
<identifier type="uri">https://www.gpo.gov/fdsys/granule/CREC-2017-01-09/CREC-2017-01-09-pt1-PgS154-4</identifier>
<identifier type="former granule identifier">CR09JA17-122</identifier>
<location>
<url access="object in context" displayLabel="Content Detail">https://www.gpo.gov/fdsys/granule/CREC-2017-01-09/CREC-2017-01-09-pt1-PgS154-4/content-detail.html</url>
<url access="raw object" displayLabel="PDF rendition">https://www.gpo.gov/fdsys/pkg/CREC-2017-01-09/pdf/CREC-2017-01-09-pt1-PgS154-4.pdf</url>
<url access="raw object" displayLabel="HTML rendition">https://www.gpo.gov/fdsys/pkg/CREC-2017-01-09/html/CREC-2017-01-09-pt1-PgS154-4.htm</url>
</location>
<physicalDescription>
<extent>3 p.</extent>
</physicalDescription>
<part type="article">
<extent unit="pages">
<start>S154</start>
<end>S156</end>
</extent>
</part>
<identifier type="preferred citation">163 Cong. Rec. S154</identifier>
<extension>
<searchTitle>ADDITIONAL COSPONSORS; Congressional Record Vol. 163, No. 5</searchTitle>
<associatedBills>S.J. Res. 1, 115th Congress
        </associatedBills>
<associatedBills>S.J. Res. 2, 115th Congress
        </associatedBills>
<associatedBills>S. Res. 6, 115th Congress
        </associatedBills>
<associatedBills>S. 16, 115th Congress
        </associatedBills>
<associatedBills>S. 23, 115th Congress
        </associatedBills>
<associatedBills>S. 27, 115th Congress
        </associatedBills>
<associatedBills>S. 30, 115th Congress
        </associatedBills>
<associatedBills>S. 41, 115th Congress
        </associatedBills>
<associatedBills>S. 42, 115th Congress
        </associatedBills>
<associatedBills>S. 45, 115th Congress
        </associatedBills>
<associatedBills>S. 51, 115th Congress
        </associatedBills>
<associatedBills>S. 57, 115th Congress
        </associatedBills>
<granuleClass>SENATE</granuleClass>
<accessId>CREC-2017-01-09-pt1-PgS154-4</accessId>
<subGranuleClass>SCOSPONSORS</subGranuleClass>
<pagePrefix>S</pagePrefix>
<bookNumber>1</bookNumber>
<chamber>SENATE</chamber>
<granuleDate>2017-01-09</granuleDate>
<amendment chamber="SENATE" congress="115" context="OTHER" number="9"/>
<amendment chamber="SENATE" congress="115" context="OTHER" number="12"/>
<amendment chamber="SENATE" congress="115" context="OTHER" number="13"/>
<amendment chamber="SENATE" congress="115" context="OTHER" number="15"/>
<amendment chamber="SENATE" congress="115" context="OTHER" number="17"/>
<amendment chamber="SENATE" congress="115" context="OTHER" number="18"/>
<amendment chamber="SENATE" congress="115" context="OTHER" number="19"/>
<amendment chamber="SENATE" congress="115" context="OTHER" number="20"/>
<amendment chamber="SENATE" congress="115" context="OTHER" number="20"/>
<amendment chamber="SENATE" congress="115" context="OTHER" number="21"/>
<bill congress="115" context="HEADERLINE" number="1" type="SJRES"/>
<bill congress="115" context="OTHER" number="1" type="SJRES"/>
<bill congress="115" context="HEADERLINE" number="2" type="SJRES"/>
<bill congress="115" context="OTHER" number="2" type="SJRES"/>
<bill congress="115" context="OTHER" number="3" type="SCONRES"/>
<bill congress="115" context="HEADERLINE" number="6" type="SRES"/>
<bill congress="115" context="OTHER" number="6" type="SRES"/>
<bill congress="115" context="HEADERLINE" number="16" type="S"/>
<bill congress="115" context="FIRSTPARAGRAPH" number="16" type="S"/>
<bill congress="115" context="OTHER" number="16" type="S"/>
<bill congress="115" context="HEADERLINE" number="23" type="S"/>
<bill congress="115" context="OTHER" number="23" type="S"/>
<bill congress="115" context="HEADERLINE" number="27" type="S"/>
<bill congress="115" context="OTHER" number="27" type="S"/>
<bill congress="115" context="HEADERLINE" number="30" type="S"/>
<bill congress="115" context="OTHER" number="30" type="S"/>
<bill congress="115" context="HEADERLINE" number="41" type="S"/>
<bill congress="115" context="OTHER" number="41" type="S"/>
<bill congress="115" context="HEADERLINE" number="42" type="S"/>
<bill congress="115" context="OTHER" number="42" type="S"/>
<bill congress="115" context="HEADERLINE" number="45" type="S"/>
<bill congress="115" context="OTHER" number="45" type="S"/>
<bill congress="115" context="HEADERLINE" number="51" type="S"/>
<bill congress="115" context="OTHER" number="51" type="S"/>
<bill congress="115" context="HEADERLINE" number="57" type="S"/>
<bill congress="115" context="OTHER" number="57" type="S"/>
</extension>
<relatedItem type="isReferencedBy">
<titleInfo>
<title>United States Senate Joint Resolution 1  (115th Congress)</title>
</titleInfo>
<identifier type="Congressional Bill citation">S.J. Res. 1</identifier>
<extension>
<congress>115</congress>
<context>HEADERLINE</context>
</extension>
</relatedItem>
<relatedItem type="isReferencedBy">
<titleInfo>
<title>United States Senate Joint Resolution 1  (115th Congress)</title>
</titleInfo>
<identifier type="Congressional Bill citation">S.J. Res. 1</identifier>
<extension>
<congress>115</congress>
<context>OTHER</context>
</extension>
</relatedItem>
<relatedItem type="isReferencedBy">
<titleInfo>
<title>United States Senate Joint Resolution 2  (115th Congress)</title>
</titleInfo>
<identifier type="Congressional Bill citation">S.J. Res. 2</identifier>
<extension>
<congress>115</congress>
<context>HEADERLINE</context>
</extension>
</relatedItem>
<relatedItem type="isReferencedBy">
<titleInfo>
<title>United States Senate Joint Resolution 2  (115th Congress)</title>
</titleInfo>
<identifier type="Congressional Bill citation">S.J. Res. 2</identifier>
<extension>
<congress>115</congress>
<context>OTHER</context>
</extension>
</relatedItem>
<relatedItem type="isReferencedBy">
<titleInfo>
<title>United States Senate Concurrent Resolution 3  (115th Congress)</title>
</titleInfo>
<identifier type="Congressional Bill citation">S. Con. Res. 3</identifier>
<extension>
<congress>115</congress>
<context>OTHER</context>
</extension>
</relatedItem>
<relatedItem type="isReferencedBy">
<titleInfo>
<title>United States Senate Resolution 6  (115th Congress)</title>
</titleInfo>
<identifier type="Congressional Bill citation">S. Res. 6</identifier>
<extension>
<congress>115</congress>
<context>HEADERLINE</context>
</extension>
</relatedItem>
<relatedItem type="isReferencedBy">
<titleInfo>
<title>United States Senate Resolution 6  (115th Congress)</title>
</titleInfo>
<identifier type="Congressional Bill citation">S. Res. 6</identifier>
<extension>
<congress>115</congress>
<context>OTHER</context>
</extension>
</relatedItem>
<relatedItem type="isReferencedBy">
<titleInfo>
<title>United States Senate Bill 16  (115th Congress)</title>
</titleInfo>
<identifier type="Congressional Bill citation">S. 16</identifier>
<extension>
<congress>115</congress>
<context>HEADERLINE</context>
</extension>
</relatedItem>
<relatedItem type="isReferencedBy">
<titleInfo>
<title>United States Senate Bill 16  (115th Congress)</title>
</titleInfo>
<identifier type="Congressional Bill citation">S. 16</identifier>
<extension>
<congress>115</congress>
<context>FIRSTPARAGRAPH</context>
</extension>
</relatedItem>
<relatedItem type="isReferencedBy">
<titleInfo>
<title>United States Senate Bill 16  (115th Congress)</title>
</titleInfo>
<identifier type="Congressional Bill citation">S. 16</identifier>
<extension>
<congress>115</congress>
<context>OTHER</context>
</extension>
</relatedItem>
<relatedItem type="isReferencedBy">
<titleInfo>
<title>United States Senate Bill 23  (115th Congress)</title>
</titleInfo>
<identifier type="Congressional Bill citation">S. 23</identifier>
<extension>
<congress>115</congress>
<context>HEADERLINE</context>
</extension>
</relatedItem>
<relatedItem type="isReferencedBy">
<titleInfo>
<title>United States Senate Bill 23  (115th Congress)</title>
</titleInfo>
<identifier type="Congressional Bill citation">S. 23</identifier>
<extension>
<congress>115</congress>
<context>OTHER</context>
</extension>
</relatedItem>
<relatedItem type="isReferencedBy">
<titleInfo>
<title>United States Senate Bill 27  (115th Congress)</title>
</titleInfo>
<identifier type="Congressional Bill citation">S. 27</identifier>
<extension>
<congress>115</congress>
<context>HEADERLINE</context>
</extension>
</relatedItem>
<relatedItem type="isReferencedBy">
<titleInfo>
<title>United States Senate Bill 27  (115th Congress)</title>
</titleInfo>
<identifier type="Congressional Bill citation">S. 27</identifier>
<extension>
<congress>115</congress>
<context>OTHER</context>
</extension>
</relatedItem>
<relatedItem type="isReferencedBy">
<titleInfo>
<title>United States Senate Bill 30  (115th Congress)</title>
</titleInfo>
<identifier type="Congressional Bill citation">S. 30</identifier>
<extension>
<congress>115</congress>
<context>HEADERLINE</context>
</extension>
</relatedItem>
<relatedItem type="isReferencedBy">
<titleInfo>
<title>United States Senate Bill 30  (115th Congress)</title>
</titleInfo>
<identifier type="Congressional Bill citation">S. 30</identifier>
<extension>
<congress>115</congress>
<context>OTHER</context>
</extension>
</relatedItem>
<relatedItem type="isReferencedBy">
<titleInfo>
<title>United States Senate Bill 41  (115th Congress)</title>
</titleInfo>
<identifier type="Congressional Bill citation">S. 41</identifier>
<extension>
<congress>115</congress>
<context>HEADERLINE</context>
</extension>
</relatedItem>
<relatedItem type="isReferencedBy">
<titleInfo>
<title>United States Senate Bill 41  (115th Congress)</title>
</titleInfo>
<identifier type="Congressional Bill citation">S. 41</identifier>
<extension>
<congress>115</congress>
<context>OTHER</context>
</extension>
</relatedItem>
<relatedItem type="isReferencedBy">
<titleInfo>
<title>United States Senate Bill 42  (115th Congress)</title>
</titleInfo>
<identifier type="Congressional Bill citation">S. 42</identifier>
<extension>
<congress>115</congress>
<context>HEADERLINE</context>
</extension>
</relatedItem>
<relatedItem type="isReferencedBy">
<titleInfo>
<title>United States Senate Bill 42  (115th Congress)</title>
</titleInfo>
<identifier type="Congressional Bill citation">S. 42</identifier>
<extension>
<congress>115</congress>
<context>OTHER</context>
</extension>
</relatedItem>
<relatedItem type="isReferencedBy">
<titleInfo>
<title>United States Senate Bill 45  (115th Congress)</title>
</titleInfo>
<identifier type="Congressional Bill citation">S. 45</identifier>
<extension>
<congress>115</congress>
<context>HEADERLINE</context>
</extension>
</relatedItem>
<relatedItem type="isReferencedBy">
<titleInfo>
<title>United States Senate Bill 45  (115th Congress)</title>
</titleInfo>
<identifier type="Congressional Bill citation">S. 45</identifier>
<extension>
<congress>115</congress>
<context>OTHER</context>
</extension>
</relatedItem>
<relatedItem type="isReferencedBy">
<titleInfo>
<title>United States Senate Bill 51  (115th Congress)</title>
</titleInfo>
<identifier type="Congressional Bill citation">S. 51</identifier>
<extension>
<congress>115</congress>
<context>HEADERLINE</context>
</extension>
</relatedItem>
<relatedItem type="isReferencedBy">
<titleInfo>
<title>United States Senate Bill 51  (115th Congress)</title>
</titleInfo>
<identifier type="Congressional Bill citation">S. 51</identifier>
<extension>
<congress>115</congress>
<context>OTHER</context>
</extension>
</relatedItem>
<relatedItem type="isReferencedBy">
<titleInfo>
<title>United States Senate Bill 57  (115th Congress)</title>
</titleInfo>
<identifier type="Congressional Bill citation">S. 57</identifier>
<extension>
<congress>115</congress>
<context>HEADERLINE</context>
</extension>
</relatedItem>
<relatedItem type="isReferencedBy">
<titleInfo>
<title>United States Senate Bill 57  (115th Congress)</title>
</titleInfo>
<identifier type="Congressional Bill citation">S. 57</identifier>
<extension>
<congress>115</congress>
<context>OTHER</context>
</extension>
</relatedItem>
<relatedItem type="isReferencedBy">
<identifier type="congressional amendment citation"> Amendment No. 9</identifier>
</relatedItem>
<extension>
<congress>115</congress>
<chamber>SENATE</chamber>
</extension>
<relatedItem type="isReferencedBy">
<identifier type="congressional amendment citation"> Amendment No. 12</identifier>
</relatedItem>
<extension>
<congress>115</congress>
<chamber>SENATE</chamber>
</extension>
<relatedItem type="isReferencedBy">
<identifier type="congressional amendment citation"> Amendment No. 13</identifier>
</relatedItem>
<extension>
<congress>115</congress>
<chamber>SENATE</chamber>
</extension>
<relatedItem type="isReferencedBy">
<identifier type="congressional amendment citation"> Amendment No. 15</identifier>
</relatedItem>
<extension>
<congress>115</congress>
<chamber>SENATE</chamber>
</extension>
<relatedItem type="isReferencedBy">
<identifier type="congressional amendment citation"> Amendment No. 17</identifier>
</relatedItem>
<extension>
<congress>115</congress>
<chamber>SENATE</chamber>
</extension>
<relatedItem type="isReferencedBy">
<identifier type="congressional amendment citation"> Amendment No. 18</identifier>
</relatedItem>
<extension>
<congress>115</congress>
<chamber>SENATE</chamber>
</extension>
<relatedItem type="isReferencedBy">
<identifier type="congressional amendment citation"> Amendment No. 19</identifier>
</relatedItem>
<extension>
<congress>115</congress>
<chamber>SENATE</chamber>
</extension>
<relatedItem type="isReferencedBy">
<identifier type="congressional amendment citation"> Amendment No. 20</identifier>
</relatedItem>
<extension>
<congress>115</congress>
<chamber>SENATE</chamber>
</extension>
<relatedItem type="isReferencedBy">
<identifier type="congressional amendment citation"> Amendment No. 20</identifier>
</relatedItem>
<extension>
<congress>115</congress>
<chamber>SENATE</chamber>
</extension>
<relatedItem type="isReferencedBy">
<identifier type="congressional amendment citation"> Amendment No. 21</identifier>
</relatedItem>
<extension>
<congress>115</congress>
<chamber>SENATE</chamber>
</extension>
<relatedItem ID="P0b002ee194bef0c2" type="host">
<titleInfo>
<title>Congressional Record</title>
<partNumber>Vol. 163, no. 5</partNumber>
</titleInfo>
<location>
<url access="object in context" displayLabel="Content Detail">https://www.gpo.gov/fdsys/pkg/CREC-2017-01-09/content-detail.html</url>
<url access="raw object" displayLabel="PDF rendition">https://www.gpo.gov/fdsys/pkg/CREC-2017-01-09/pdf/CREC-2017-01-09.pdf</url>
</location>
<part type="issue">
<extent unit="pages">
<start>H197</start>
<end>H237</end>
</extent>
<extent unit="pages">
<start>S125</start>
<end>S179</end>
</extent>
<extent unit="pages">
<start>E35</start>
<end>E38</end>
</extent>
<extent unit="pages">
<start>D23</start>
<end>D26</end>
</extent>
</part>
<originInfo>
<publisher>U.S. Government Publishing Office</publisher>
<dateIssued encoding="w3cdtf">2017-01-09</dateIssued>
<issuance>continuing</issuance>
<frequency authority="marcfrequency">daily</frequency>
</originInfo>
<physicalDescription>
<note type="source content type">deposited</note>
<digitalOrigin>born digital</digitalOrigin>
<extent>208 p.</extent>
</physicalDescription>
<classification authority="sudocs">X 1.1/A:</classification>
<classification authority="sudocs">X/A.</classification>
<identifier type="uri">https://www.gpo.gov/fdsys/pkg/CREC-2017-01-09</identifier>
<identifier type="local">P0b002ee194bef0c2</identifier>
<identifier type="stock number">752-002-00000-2</identifier>
<identifier type="ILS system id">000568013</identifier>
<identifier type="former package identifier">CR09JA17</identifier>
<recordInfo>
<recordContentSource authority="marcorg">DGPO</recordContentSource>
<recordCreationDate encoding="w3cdtf">2017-05-03</recordCreationDate>
<recordChangeDate encoding="w3cdtf">2017-08-21</recordChangeDate>
<recordIdentifier source="DGPO">CREC-2017-01-09</recordIdentifier>
<recordOrigin>machine generated</recordOrigin>
<languageOfCataloging>
<languageTerm authority="iso639-2b" type="code">eng</languageTerm>
</languageOfCataloging>
</recordInfo>
<accessCondition type="GPO scope determination">fdlp</accessCondition>
<extension>
<docClass>CREC</docClass>
<accessId>CREC-2017-01-09</accessId>
<volume>163</volume>
<issue>5</issue>
<congress>115</congress>
<session>1</session>
<bookCount>1</bookCount>
</extension>
</relatedItem>
</mods>