<mods ID="id-CREC-2017-03-21-pt1-PgH2278-4" version="3.3" xmlns="http://www.loc.gov/mods/v3" xmlns:exslt="http://exslt.org/common" xmlns:xlink="http://www.w3.org/1999/xlink" xmlns:xsi="http://www.w3.org/2001/XMLSchema-instance" xsi:schemaLocation="http://www.loc.gov/mods/v3 http://www.loc.gov/standards/mods/v3/mods-3-3.xsd">
<name type="corporate">
<namePart>United States Government Publishing Office</namePart>
<role>
<roleTerm authority="marcrelator" type="text">publisher</roleTerm>
<roleTerm authority="marcrelator" type="code">pbl</roleTerm>
</role>
<role>
<roleTerm authority="marcrelator" type="text">distributor</roleTerm>
<roleTerm authority="marcrelator" type="code">dst</roleTerm>
</role>
</name>
<name type="corporate">
<namePart>United States</namePart>
<namePart>Congress</namePart>
<role>
<roleTerm authority="marcrelator" type="text">author</roleTerm>
<roleTerm authority="marcrelator" type="code">aut</roleTerm>
</role>
<description>Government Organization</description>
</name>
<typeOfResource>text</typeOfResource>
<genre authority="marcgt">government publication</genre>
<language>
<languageTerm authority="iso639-2b" type="code">eng</languageTerm>
</language>
<extension>
<collectionCode>CREC</collectionCode>
<category>Proceedings of Congress and General Congressional Publications</category>
<waisDatabaseName>2017_record</waisDatabaseName>
<branch>legislative</branch>
<dateIngested>2017-07-01</dateIngested>
</extension>
<titleInfo>
<title>CONGRATULATING CCDD ON 51 YEARS OF SERVICE</title>
<partName>House</partName>
</titleInfo>
<relatedItem type="otherFormat" xlink:href="https://www.gpo.gov/fdsys/pkg/CREC-2017-03-21/html/CREC-2017-03-21-pt1-PgH2278-4.htm">
<identifier type="FDsys Unique ID">D09002ee196a71c5a</identifier>
</relatedItem>
<relatedItem type="otherFormat" xlink:href="https://www.gpo.gov/fdsys/pkg/CREC-2017-03-21/pdf/CREC-2017-03-21-pt1-PgH2278-4.pdf">
<identifier type="FDsys Unique ID">D09002ee196a71da4</identifier>
</relatedItem>
<identifier type="congressional record citation">163 Cong. Rec. H2278</identifier>
<identifier type="uri">https://www.gpo.gov/fdsys/granule/CREC-2017-03-21/CREC-2017-03-21-pt1-PgH2278-4</identifier>
<identifier type="former granule identifier">CR21MR17-106</identifier>
<location>
<url access="object in context" displayLabel="Content Detail">https://www.gpo.gov/fdsys/granule/CREC-2017-03-21/CREC-2017-03-21-pt1-PgH2278-4/content-detail.html</url>
<url access="raw object" displayLabel="PDF rendition">https://www.gpo.gov/fdsys/pkg/CREC-2017-03-21/pdf/CREC-2017-03-21-pt1-PgH2278-4.pdf</url>
<url access="raw object" displayLabel="HTML rendition">https://www.gpo.gov/fdsys/pkg/CREC-2017-03-21/html/CREC-2017-03-21-pt1-PgH2278-4.htm</url>
</location>
<physicalDescription>
<extent>1 p.</extent>
</physicalDescription>
<part type="article">
<extent unit="pages">
<start>H2278</start>
<end>H2278</end>
</extent>
</part>
<name type="personal">
<namePart>Adriano Espaillat</namePart>
<affiliation>United States House of Representatives</affiliation>
<role>
<roleTerm type="text">speaking</roleTerm>
</role>
<description>United States Congress Member</description>
</name>
<identifier type="preferred citation">163 Cong. Rec. H2278</identifier>
<extension>
<searchTitle>CONGRATULATING CCDD ON 51 YEARS OF SERVICE; Congressional Record Vol. 163, No. 49</searchTitle>
<granuleClass>HOUSE</granuleClass>
<accessId>CREC-2017-03-21-pt1-PgH2278-4</accessId>
<subGranuleClass>CONGRATULATIONS</subGranuleClass>
<pagePrefix>H</pagePrefix>
<bookNumber>1</bookNumber>
<chamber>HOUSE</chamber>
<granuleDate>2017-03-21</granuleDate>
<time from="17:00:00" to="17:00:00"/>
<congMember authorityId="2342" bioGuideId="E000297" chamber="H" congress="115" party="D" role="SPEAKING" state="NY">
<name type="parsed">Mr. ESPAILLAT</name>
<name type="authority-fnf">Adriano Espaillat</name>
<name type="authority-lnf">Espaillat, Adriano</name>
</congMember>
</extension>
<relatedItem ID="P0b002ee19568353f" type="host">
<titleInfo>
<title>Congressional Record</title>
<partNumber>Vol. 163, no. 49</partNumber>
</titleInfo>
<location>
<url access="object in context" displayLabel="Content Detail">https://www.gpo.gov/fdsys/pkg/CREC-2017-03-21/content-detail.html</url>
<url access="raw object" displayLabel="PDF rendition">https://www.gpo.gov/fdsys/pkg/CREC-2017-03-21/pdf/CREC-2017-03-21.pdf</url>
</location>
<part type="issue">
<extent unit="pages">
<start>H2243</start>
<end>H2289</end>
</extent>
<extent unit="pages">
<start>S1857</start>
<end>S1898</end>
</extent>
<extent unit="pages">
<start>E353</start>
<end>E360</end>
</extent>
<extent unit="pages">
<start>D315</start>
<end>D322</end>
</extent>
</part>
<originInfo>
<publisher>U.S. Government Publishing Office</publisher>
<dateIssued encoding="w3cdtf">2017-03-21</dateIssued>
<issuance>continuing</issuance>
<frequency authority="marcfrequency">daily</frequency>
</originInfo>
<physicalDescription>
<note type="source content type">deposited</note>
<digitalOrigin>born digital</digitalOrigin>
<extent>210 p.</extent>
</physicalDescription>
<classification authority="sudocs">X 1.1/A:</classification>
<classification authority="sudocs">X/A.</classification>
<identifier type="uri">https://www.gpo.gov/fdsys/pkg/CREC-2017-03-21</identifier>
<identifier type="local">P0b002ee19568353f</identifier>
<identifier type="stock number">752-002-00000-2</identifier>
<identifier type="ILS system id">000568013</identifier>
<identifier type="former package identifier">CR21MR17</identifier>
<recordInfo>
<recordContentSource authority="marcorg">DGPO</recordContentSource>
<recordCreationDate encoding="w3cdtf">2017-07-01</recordCreationDate>
<recordChangeDate encoding="w3cdtf">2017-08-21</recordChangeDate>
<recordIdentifier source="DGPO">CREC-2017-03-21</recordIdentifier>
<recordOrigin>machine generated</recordOrigin>
<languageOfCataloging>
<languageTerm authority="iso639-2b" type="code">eng</languageTerm>
</languageOfCataloging>
</recordInfo>
<accessCondition type="GPO scope determination">fdlp</accessCondition>
<extension>
<docClass>CREC</docClass>
<accessId>CREC-2017-03-21</accessId>
<volume>163</volume>
<issue>49</issue>
<congress>115</congress>
<session>1</session>
<bookCount>1</bookCount>
</extension>
</relatedItem>
</mods>