<mods ID="id-CREC-2017-01-31-pt1-PgH816-2" version="3.3" xmlns="http://www.loc.gov/mods/v3" xmlns:exslt="http://exslt.org/common" xmlns:xlink="http://www.w3.org/1999/xlink" xmlns:xsi="http://www.w3.org/2001/XMLSchema-instance" xsi:schemaLocation="http://www.loc.gov/mods/v3 http://www.loc.gov/standards/mods/v3/mods-3-3.xsd">
<name type="corporate">
<namePart>United States Government Publishing Office</namePart>
<role>
<roleTerm authority="marcrelator" type="text">publisher</roleTerm>
<roleTerm authority="marcrelator" type="code">pbl</roleTerm>
</role>
<role>
<roleTerm authority="marcrelator" type="text">distributor</roleTerm>
<roleTerm authority="marcrelator" type="code">dst</roleTerm>
</role>
</name>
<name type="corporate">
<namePart>United States</namePart>
<namePart>Congress</namePart>
<role>
<roleTerm authority="marcrelator" type="text">author</roleTerm>
<roleTerm authority="marcrelator" type="code">aut</roleTerm>
</role>
<description>Government Organization</description>
</name>
<typeOfResource>text</typeOfResource>
<genre authority="marcgt">government publication</genre>
<language>
<languageTerm authority="iso639-2b" type="code">eng</languageTerm>
</language>
<extension>
<collectionCode>CREC</collectionCode>
<category>Proceedings of Congress and General Congressional Publications</category>
<waisDatabaseName>2017_record</waisDatabaseName>
<branch>legislative</branch>
<dateIngested>2017-02-10</dateIngested>
</extension>
<titleInfo>
<title>EXECUTIVE COMMUNICATIONS, ETC.</title>
<partName>House</partName>
</titleInfo>
<relatedItem type="otherFormat" xlink:href="https://www.gpo.gov/fdsys/pkg/CREC-2017-01-31/html/CREC-2017-01-31-pt1-PgH816-2.htm">
<identifier type="FDsys Unique ID">D09002ee196a6e9e7</identifier>
</relatedItem>
<relatedItem type="otherFormat" xlink:href="https://www.gpo.gov/fdsys/pkg/CREC-2017-01-31/pdf/CREC-2017-01-31-pt1-PgH816-2.pdf">
<identifier type="FDsys Unique ID">D09002ee196a6ead4</identifier>
</relatedItem>
<identifier type="congressional record citation">163 Cong. Rec. H816</identifier>
<identifier type="uri">https://www.gpo.gov/fdsys/granule/CREC-2017-01-31/CREC-2017-01-31-pt1-PgH816-2</identifier>
<identifier type="former granule identifier">CR31JA17-121</identifier>
<identifier type="Regulation ID Number">RIN 1557-AD95</identifier>
<identifier type="Regulation ID Number">RIN 0648-BF49</identifier>
<identifier type="Regulation ID Number">RIN 0648-BG28</identifier>
<identifier type="Regulation ID Number">RIN 0648-BG22</identifier>
<identifier type="Regulation ID Number">RIN 0648-BG13</identifier>
<identifier type="Regulation ID Number">RIN 0648-BD78</identifier>
<identifier type="Regulation ID Number">RIN 0648-BF64</identifier>
<identifier type="Regulation ID Number">RIN 0648-BF42</identifier>
<identifier type="Regulation ID Number">RIN 0648-BG15</identifier>
<identifier type="Regulation ID Number">RIN 0648-BB92</identifier>
<identifier type="Regulation ID Number">RIN 0790-ZA12</identifier>
<identifier type="Regulation ID Number">RIN 1601-AA80</identifier>
<identifier type="Regulation ID Number">RIN 2900-AP94</identifier>
<location>
<url access="object in context" displayLabel="Content Detail">https://www.gpo.gov/fdsys/granule/CREC-2017-01-31/CREC-2017-01-31-pt1-PgH816-2/content-detail.html</url>
<url access="raw object" displayLabel="PDF rendition">https://www.gpo.gov/fdsys/pkg/CREC-2017-01-31/pdf/CREC-2017-01-31-pt1-PgH816-2.pdf</url>
<url access="raw object" displayLabel="HTML rendition">https://www.gpo.gov/fdsys/pkg/CREC-2017-01-31/html/CREC-2017-01-31-pt1-PgH816-2.htm</url>
</location>
<physicalDescription>
<extent>2 p.</extent>
</physicalDescription>
<part type="article">
<extent unit="pages">
<start>H816</start>
<end>H817</end>
</extent>
</part>
<name type="corporate">
<namePart>United States</namePart>
<namePart>Congress</namePart>
<namePart>House of Representatives</namePart>
<namePart>Committee on Financial Services</namePart>
<role>
<roleTerm authority="marcrelator" type="text">associated name</roleTerm>
<roleTerm authority="marcrelator" type="code">asn</roleTerm>
</role>
<description>Government Organization</description>
</name>
<name type="corporate">
<namePart>United States</namePart>
<namePart>Congress</namePart>
<namePart>House of Representatives</namePart>
<namePart>Committee on Energy and Commerce</namePart>
<role>
<roleTerm authority="marcrelator" type="text">associated name</roleTerm>
<roleTerm authority="marcrelator" type="code">asn</roleTerm>
</role>
<description>Government Organization</description>
</name>
<name type="corporate">
<namePart>United States</namePart>
<namePart>Congress</namePart>
<namePart>House of Representatives</namePart>
<namePart>Committee on Oversight and Government Reform</namePart>
<role>
<roleTerm authority="marcrelator" type="text">associated name</roleTerm>
<roleTerm authority="marcrelator" type="code">asn</roleTerm>
</role>
<description>Government Organization</description>
</name>
<name type="corporate">
<namePart>United States</namePart>
<namePart>Congress</namePart>
<namePart>House of Representatives</namePart>
<namePart>Committee on Natural Resources</namePart>
<role>
<roleTerm authority="marcrelator" type="text">associated name</roleTerm>
<roleTerm authority="marcrelator" type="code">asn</roleTerm>
</role>
<description>Government Organization</description>
</name>
<name type="corporate">
<namePart>United States</namePart>
<namePart>Congress</namePart>
<namePart>House of Representatives</namePart>
<namePart>Committee on the Judiciary</namePart>
<role>
<roleTerm authority="marcrelator" type="text">associated name</roleTerm>
<roleTerm authority="marcrelator" type="code">asn</roleTerm>
</role>
<description>Government Organization</description>
</name>
<name type="corporate">
<namePart>United States</namePart>
<namePart>Congress</namePart>
<namePart>House of Representatives</namePart>
<namePart>Committee on Transportation and Infrastructure</namePart>
<role>
<roleTerm authority="marcrelator" type="text">associated name</roleTerm>
<roleTerm authority="marcrelator" type="code">asn</roleTerm>
</role>
<description>Government Organization</description>
</name>
<name type="corporate">
<namePart>United States</namePart>
<namePart>Congress</namePart>
<namePart>House of Representatives</namePart>
<namePart>Committee on Veterans' Affairs</namePart>
<role>
<roleTerm authority="marcrelator" type="text">associated name</roleTerm>
<roleTerm authority="marcrelator" type="code">asn</roleTerm>
</role>
<description>Government Organization</description>
</name>
<name type="corporate">
<namePart>United States</namePart>
<namePart>Congress</namePart>
<namePart>House of Representatives</namePart>
<namePart>Committee on Homeland Security</namePart>
<role>
<roleTerm authority="marcrelator" type="text">associated name</roleTerm>
<roleTerm authority="marcrelator" type="code">asn</roleTerm>
</role>
<description>Government Organization</description>
</name>
<identifier type="preferred citation">163 Cong. Rec. H816</identifier>
<extension>
<searchTitle>EXECUTIVE COMMUNICATIONS, ETC.; Congressional Record Vol. 163, No. 16</searchTitle>
<granuleClass>HOUSE</granuleClass>
<accessId>CREC-2017-01-31-pt1-PgH816-2</accessId>
<subGranuleClass>EXECUTIVECOMM</subGranuleClass>
<pagePrefix>H</pagePrefix>
<bookNumber>1</bookNumber>
<chamber>HOUSE</chamber>
<granuleDate>2017-01-31</granuleDate>
<time from="19:00:00" to="19:00:00"/>
<congCommittee authorityId="hsba00" chamber="H" congress="115" type="S">
<name type="authority-standard">Committee on Financial Services</name>
<name type="authority-short">Financial Services</name>
</congCommittee>
<congCommittee authorityId="hsif00" chamber="H" congress="115" type="S">
<name type="authority-standard">Committee on Energy and Commerce</name>
<name type="authority-short">Energy and Commerce</name>
</congCommittee>
<congCommittee authorityId="hsgo00" chamber="H" congress="115" type="S">
<name type="authority-standard">Committee on Oversight and Government Reform</name>
<name type="authority-short">Oversight and Government Reform</name>
</congCommittee>
<congCommittee authorityId="hsii00" chamber="H" congress="115" type="S">
<name type="authority-standard">Committee on Natural Resources</name>
<name type="authority-short">Natural Resources</name>
</congCommittee>
<congCommittee authorityId="hsju00" chamber="H" congress="115" type="S">
<name type="authority-standard">Committee on the Judiciary</name>
<name type="authority-short">Judiciary</name>
</congCommittee>
<congCommittee authorityId="hspw00" chamber="H" congress="115" type="S">
<name type="authority-standard">Committee on Transportation and Infrastructure</name>
<name type="authority-short">Transportation</name>
</congCommittee>
<congCommittee authorityId="hsvr00" chamber="H" congress="115" type="S">
<name type="authority-standard">Committee on Veterans' Affairs</name>
<name type="authority-short">Veterans' Affairs</name>
</congCommittee>
<congCommittee authorityId="hshm00" chamber="H" congress="115" type="S">
<name type="authority-standard">Committee on Homeland Security</name>
<name type="authority-short">Homeland Security</name>
</congCommittee>
<law congress="93" isPrivate="false" number="646"/>
<law congress="101" isPrivate="false" number="576"/>
<law congress="104" isPrivate="false" number="121"/>
<law congress="105" isPrivate="false" number="277"/>
<law congress="106" isPrivate="false" number="398"/>
<law congress="107" isPrivate="false" number="174"/>
<law congress="107" isPrivate="false" number="289"/>
<law congress="108" isPrivate="false" number="173"/>
<law congress="112" isPrivate="false" number="272"/>
<law congress="113" isPrivate="false" number="291"/>
<USCode title="5">
<section detail="note" number="2301"/>
<section detail="(a)" number="3349"/>
<section detail="(a)(1)(A)" number="801"/>
<section detail="(k)" number="8344"/>
</USCode>
<USCode title="12">
<section detail="(a)" number="635g"/>
</USCode>
<USCode title="31">
<section detail="(a)(1)" number="3515"/>
</USCode>
<USCode title="42">
<section detail="(e)(2)(C)(ii)" number="1395kk-1"/>
<section number="7385s"/>
</USCode>
<statuteAtLarge volume="88">
<pages pages="2336"/>
</statuteAtLarge>
<statuteAtLarge volume="110">
<pages pages="868"/>
</statuteAtLarge>
<statuteAtLarge volume="112">
<pages pages="2681-614"/>
</statuteAtLarge>
<statuteAtLarge volume="116">
<pages pages="569"/>
<pages pages="2049"/>
</statuteAtLarge>
<statuteAtLarge volume="117">
<pages pages="2388"/>
</statuteAtLarge>
<statuteAtLarge volume="126">
<pages pages="2450"/>
</statuteAtLarge>
<statuteAtLarge volume="128">
<pages pages="3899"/>
</statuteAtLarge>
<rin number="1557-AD95"/>
<rin number="0648-BF49"/>
<rin number="0648-BG28"/>
<rin number="0648-BG22"/>
<rin number="0648-BG13"/>
<rin number="0648-BD78"/>
<rin number="0648-BF64"/>
<rin number="0648-BF42"/>
<rin number="0648-BG15"/>
<rin number="0648-BB92"/>
<rin number="0790-ZA12"/>
<rin number="1601-AA80"/>
<rin number="2900-AP94"/>
</extension>
<relatedItem type="isReferencedBy">
<titleInfo>
<title>United States Code</title>
<partNumber>Title 5 Section 2301note</partNumber>
<partNumber>Title 5 Section 3349(a)</partNumber>
<partNumber>Title 5 Section 801(a)(1)(A)</partNumber>
<partNumber>Title 5 Section 8344(k)</partNumber>
</titleInfo>
<identifier type="USC citation">5 U.S.C. 2301note</identifier>
<identifier type="USC citation">5 U.S.C. 3349(a)</identifier>
<identifier type="USC citation">5 U.S.C. 801(a)(1)(A)</identifier>
<identifier type="USC citation">5 U.S.C. 8344(k)</identifier>
</relatedItem>
<relatedItem type="isReferencedBy">
<titleInfo>
<title>United States Code</title>
<partNumber>Title 12 Section 635g(a)</partNumber>
</titleInfo>
<identifier type="USC citation">12 U.S.C. 635g(a)</identifier>
</relatedItem>
<relatedItem type="isReferencedBy">
<titleInfo>
<title>United States Code</title>
<partNumber>Title 31 Section 3515(a)(1)</partNumber>
</titleInfo>
<identifier type="USC citation">31 U.S.C. 3515(a)(1)</identifier>
</relatedItem>
<relatedItem type="isReferencedBy">
<titleInfo>
<title>United States Code</title>
<partNumber>Title 42 Section 1395kk-1(e)(2)(C)(ii)</partNumber>
<partNumber>Title 42 Section 7385s</partNumber>
</titleInfo>
<identifier type="USC citation">42 U.S.C. 1395kk-1(e)(2)(C)(ii)</identifier>
<identifier type="USC citation">42 U.S.C. 7385s</identifier>
</relatedItem>
<relatedItem type="isReferencedBy">
<titleInfo>
<title>United States Statutes at Large</title>
<partNumber>Volume 88 Page 2336</partNumber>
</titleInfo>
<identifier type="Statute citation">88 Stat. 2336</identifier>
</relatedItem>
<relatedItem type="isReferencedBy">
<titleInfo>
<title>United States Statutes at Large</title>
<partNumber>Volume 110 Page 868</partNumber>
</titleInfo>
<identifier type="Statute citation">110 Stat. 868</identifier>
</relatedItem>
<relatedItem type="isReferencedBy">
<titleInfo>
<title>United States Statutes at Large</title>
<partNumber>Volume 112 Page 2681-614</partNumber>
</titleInfo>
<identifier type="Statute citation">112 Stat. 2681-614</identifier>
</relatedItem>
<relatedItem type="isReferencedBy">
<titleInfo>
<title>United States Statutes at Large</title>
<partNumber>Volume 116 Page 569</partNumber>
<partNumber>Volume 116 Page 2049</partNumber>
</titleInfo>
<identifier type="Statute citation">116 Stat. 569</identifier>
<identifier type="Statute citation">116 Stat. 2049</identifier>
</relatedItem>
<relatedItem type="isReferencedBy">
<titleInfo>
<title>United States Statutes at Large</title>
<partNumber>Volume 117 Page 2388</partNumber>
</titleInfo>
<identifier type="Statute citation">117 Stat. 2388</identifier>
</relatedItem>
<relatedItem type="isReferencedBy">
<titleInfo>
<title>United States Statutes at Large</title>
<partNumber>Volume 126 Page 2450</partNumber>
</titleInfo>
<identifier type="Statute citation">126 Stat. 2450</identifier>
</relatedItem>
<relatedItem type="isReferencedBy">
<titleInfo>
<title>United States Statutes at Large</title>
<partNumber>Volume 128 Page 3899</partNumber>
</titleInfo>
<identifier type="Statute citation">128 Stat. 3899</identifier>
</relatedItem>
<relatedItem>
<titleInfo>
<title>United States Public Law 93-646</title>
</titleInfo>
<identifier type="public law citation">Public Law 93-646</identifier>
</relatedItem>
<relatedItem>
<titleInfo>
<title>United States Public Law 101-576</title>
</titleInfo>
<identifier type="public law citation">Public Law 101-576</identifier>
</relatedItem>
<relatedItem>
<titleInfo>
<title>United States Public Law 104-121</title>
</titleInfo>
<identifier type="public law citation">Public Law 104-121</identifier>
</relatedItem>
<relatedItem>
<titleInfo>
<title>United States Public Law 105-277</title>
</titleInfo>
<identifier type="public law citation">Public Law 105-277</identifier>
</relatedItem>
<relatedItem>
<titleInfo>
<title>United States Public Law 106-398</title>
</titleInfo>
<identifier type="public law citation">Public Law 106-398</identifier>
</relatedItem>
<relatedItem>
<titleInfo>
<title>United States Public Law 107-174</title>
</titleInfo>
<identifier type="public law citation">Public Law 107-174</identifier>
</relatedItem>
<relatedItem>
<titleInfo>
<title>United States Public Law 107-289</title>
</titleInfo>
<identifier type="public law citation">Public Law 107-289</identifier>
</relatedItem>
<relatedItem>
<titleInfo>
<title>United States Public Law 108-173</title>
</titleInfo>
<identifier type="public law citation">Public Law 108-173</identifier>
</relatedItem>
<relatedItem>
<titleInfo>
<title>United States Public Law 112-272</title>
</titleInfo>
<identifier type="public law citation">Public Law 112-272</identifier>
</relatedItem>
<relatedItem>
<titleInfo>
<title>United States Public Law 113-291</title>
</titleInfo>
<identifier type="public law citation">Public Law 113-291</identifier>
</relatedItem>
<relatedItem type="isReferencedBy">
<identifier type="regulation ID number">RIN 1557-AD95</identifier>
</relatedItem>
<relatedItem type="isReferencedBy">
<identifier type="regulation ID number">RIN 0648-BF49</identifier>
</relatedItem>
<relatedItem type="isReferencedBy">
<identifier type="regulation ID number">RIN 0648-BG28</identifier>
</relatedItem>
<relatedItem type="isReferencedBy">
<identifier type="regulation ID number">RIN 0648-BG22</identifier>
</relatedItem>
<relatedItem type="isReferencedBy">
<identifier type="regulation ID number">RIN 0648-BG13</identifier>
</relatedItem>
<relatedItem type="isReferencedBy">
<identifier type="regulation ID number">RIN 0648-BD78</identifier>
</relatedItem>
<relatedItem type="isReferencedBy">
<identifier type="regulation ID number">RIN 0648-BF64</identifier>
</relatedItem>
<relatedItem type="isReferencedBy">
<identifier type="regulation ID number">RIN 0648-BF42</identifier>
</relatedItem>
<relatedItem type="isReferencedBy">
<identifier type="regulation ID number">RIN 0648-BG15</identifier>
</relatedItem>
<relatedItem type="isReferencedBy">
<identifier type="regulation ID number">RIN 0648-BB92</identifier>
</relatedItem>
<relatedItem type="isReferencedBy">
<identifier type="regulation ID number">RIN 0790-ZA12</identifier>
</relatedItem>
<relatedItem type="isReferencedBy">
<identifier type="regulation ID number">RIN 1601-AA80</identifier>
</relatedItem>
<relatedItem type="isReferencedBy">
<identifier type="regulation ID number">RIN 2900-AP94</identifier>
</relatedItem>
<relatedItem ID="P0b002ee193a74586" type="host">
<titleInfo>
<title>Congressional Record</title>
<partNumber>Vol. 163, no. 16</partNumber>
</titleInfo>
<location>
<url access="object in context" displayLabel="Content Detail">https://www.gpo.gov/fdsys/pkg/CREC-2017-01-31/content-detail.html</url>
<url access="raw object" displayLabel="PDF rendition">https://www.gpo.gov/fdsys/pkg/CREC-2017-01-31/pdf/CREC-2017-01-31.pdf</url>
</location>
<part type="issue">
<extent unit="pages">
<start>H749</start>
<end>H822</end>
</extent>
<extent unit="pages">
<start>S499</start>
<end>S540</end>
</extent>
<extent unit="pages">
<start>E105</start>
<end>E110</end>
</extent>
<extent unit="pages">
<start>D88</start>
<end>D94</end>
</extent>
</part>
<originInfo>
<publisher>U.S. Government Publishing Office</publisher>
<dateIssued encoding="w3cdtf">2017-01-31</dateIssued>
<issuance>continuing</issuance>
<frequency authority="marcfrequency">daily</frequency>
</originInfo>
<physicalDescription>
<note type="source content type">deposited</note>
<digitalOrigin>born digital</digitalOrigin>
<extent>258 p.</extent>
</physicalDescription>
<classification authority="sudocs">X 1.1/A:</classification>
<classification authority="sudocs">X/A.</classification>
<identifier type="uri">https://www.gpo.gov/fdsys/pkg/CREC-2017-01-31</identifier>
<identifier type="local">P0b002ee193a74586</identifier>
<identifier type="stock number">752-002-00000-2</identifier>
<identifier type="ILS system id">000568013</identifier>
<identifier type="former package identifier">CR31JA17</identifier>
<recordInfo>
<recordContentSource authority="marcorg">DGPO</recordContentSource>
<recordCreationDate encoding="w3cdtf">2017-02-10</recordCreationDate>
<recordChangeDate encoding="w3cdtf">2017-08-21</recordChangeDate>
<recordIdentifier source="DGPO">CREC-2017-01-31</recordIdentifier>
<recordOrigin>machine generated</recordOrigin>
<languageOfCataloging>
<languageTerm authority="iso639-2b" type="code">eng</languageTerm>
</languageOfCataloging>
</recordInfo>
<accessCondition type="GPO scope determination">fdlp</accessCondition>
<extension>
<docClass>CREC</docClass>
<accessId>CREC-2017-01-31</accessId>
<volume>163</volume>
<issue>16</issue>
<congress>115</congress>
<session>1</session>
<bookCount>1</bookCount>
</extension>
</relatedItem>
</mods>