<mods ID="id-CREC-2017-01-17-pt1-PgS335-2" version="3.3" xmlns="http://www.loc.gov/mods/v3" xmlns:exslt="http://exslt.org/common" xmlns:xlink="http://www.w3.org/1999/xlink" xmlns:xsi="http://www.w3.org/2001/XMLSchema-instance" xsi:schemaLocation="http://www.loc.gov/mods/v3 http://www.loc.gov/standards/mods/v3/mods-3-3.xsd">
<name type="corporate">
<namePart>United States Government Publishing Office</namePart>
<role>
<roleTerm authority="marcrelator" type="text">publisher</roleTerm>
<roleTerm authority="marcrelator" type="code">pbl</roleTerm>
</role>
<role>
<roleTerm authority="marcrelator" type="text">distributor</roleTerm>
<roleTerm authority="marcrelator" type="code">dst</roleTerm>
</role>
</name>
<name type="corporate">
<namePart>United States</namePart>
<namePart>Congress</namePart>
<role>
<roleTerm authority="marcrelator" type="text">author</roleTerm>
<roleTerm authority="marcrelator" type="code">aut</roleTerm>
</role>
<description>Government Organization</description>
</name>
<typeOfResource>text</typeOfResource>
<genre authority="marcgt">government publication</genre>
<language>
<languageTerm authority="iso639-2b" type="code">eng</languageTerm>
</language>
<extension>
<collectionCode>CREC</collectionCode>
<category>Proceedings of Congress and General Congressional Publications</category>
<waisDatabaseName>2017_record</waisDatabaseName>
<branch>legislative</branch>
<dateIngested>2017-01-18</dateIngested>
</extension>
<titleInfo>
<title>NOMINATION OF SCOTT PRUITT</title>
<partName>Senate</partName>
</titleInfo>
<relatedItem type="otherFormat" xlink:href="https://www.gpo.gov/fdsys/pkg/CREC-2017-01-17/html/CREC-2017-01-17-pt1-PgS335-2.htm">
<identifier type="FDsys Unique ID">D09002ee196a6d8e7</identifier>
</relatedItem>
<relatedItem type="otherFormat" xlink:href="https://www.gpo.gov/fdsys/pkg/CREC-2017-01-17/pdf/CREC-2017-01-17-pt1-PgS335-2.pdf">
<identifier type="FDsys Unique ID">D09002ee196a6d92e</identifier>
</relatedItem>
<identifier type="congressional record citation">163 Cong. Rec. S335</identifier>
<identifier type="uri">https://www.gpo.gov/fdsys/granule/CREC-2017-01-17/CREC-2017-01-17-pt1-PgS335-2</identifier>
<identifier type="former granule identifier">cr17ja17-62</identifier>
<location>
<url access="object in context" displayLabel="Content Detail">https://www.gpo.gov/fdsys/granule/CREC-2017-01-17/CREC-2017-01-17-pt1-PgS335-2/content-detail.html</url>
<url access="raw object" displayLabel="PDF rendition">https://www.gpo.gov/fdsys/pkg/CREC-2017-01-17/pdf/CREC-2017-01-17-pt1-PgS335-2.pdf</url>
<url access="raw object" displayLabel="HTML rendition">https://www.gpo.gov/fdsys/pkg/CREC-2017-01-17/html/CREC-2017-01-17-pt1-PgS335-2.htm</url>
</location>
<physicalDescription>
<extent>5 p.</extent>
</physicalDescription>
<part type="article">
<extent unit="pages">
<start>S335</start>
<end>S339</end>
</extent>
</part>
<name type="personal">
<namePart>Brian Schatz</namePart>
<affiliation>United States Senate</affiliation>
<role>
<roleTerm type="text">speaking</roleTerm>
</role>
<description>United States Congress Member</description>
</name>
<name type="personal">
<namePart>Gary C. Peters</namePart>
<affiliation>United States Senate</affiliation>
<role>
<roleTerm type="text">speaking</roleTerm>
</role>
<description>United States Congress Member</description>
</name>
<name type="personal">
<namePart>Ron Wyden</namePart>
<affiliation>United States Senate</affiliation>
<role>
<roleTerm type="text">speaking</roleTerm>
</role>
<description>United States Congress Member</description>
</name>
<name type="personal">
<namePart>Cory A. Booker</namePart>
<affiliation>United States Senate</affiliation>
<role>
<roleTerm type="text">speaking</roleTerm>
</role>
<description>United States Congress Member</description>
</name>
<name type="personal">
<namePart>Mitch McConnell</namePart>
<affiliation>United States Senate</affiliation>
<role>
<roleTerm type="text">speaking</roleTerm>
</role>
<description>United States Congress Member</description>
</name>
<identifier type="preferred citation">163 Cong. Rec. S335</identifier>
<extension>
<searchTitle>NOMINATION OF SCOTT PRUITT; Congressional Record Vol. 163, No. 10</searchTitle>
<granuleClass>SENATE</granuleClass>
<accessId>CREC-2017-01-17-pt1-PgS335-2</accessId>
<subGranuleClass>SNOMINATIONS</subGranuleClass>
<pagePrefix>S</pagePrefix>
<bookNumber>1</bookNumber>
<chamber>SENATE</chamber>
<granuleDate>2017-01-17</granuleDate>
<congMember authorityId="2173" bioGuideId="S001194" chamber="S" congress="115" party="D" role="SPEAKING" state="HI">
<name type="parsed">Mr. SCHATZ</name>
<name type="authority-fnf">Brian Schatz</name>
<name type="authority-lnf">Schatz, Brian</name>
</congMember>
<congMember authorityId="1929" bioGuideId="P000595" chamber="S" congress="115" gpoId="7994" party="D" role="SPEAKING" state="MI">
<name type="parsed">Mr. PETERS</name>
<name type="authority-fnf">Gary C. Peters</name>
<name type="authority-lnf">Peters, Gary C.</name>
<name type="authority-other">Mr. Gary Peters</name>
</congMember>
<congMember authorityId="1247" bioGuideId="W000779" chamber="S" congress="115" gpoId="8265" party="D" role="SPEAKING" state="OR">
<name type="parsed">Mr. WYDEN</name>
<name type="authority-fnf">Ron Wyden</name>
<name type="authority-lnf">Wyden, Ron</name>
</congMember>
<congMember authorityId="2194" bioGuideId="B001288" chamber="S" congress="115" party="D" role="SPEAKING" state="NJ">
<name type="parsed">Mr. BOOKER</name>
<name type="authority-fnf">Cory A. Booker</name>
<name type="authority-lnf">Booker, Cory A.</name>
<name type="authority-other">Mr. Cory Booker</name>
</congMember>
<congMember authorityId="1395" bioGuideId="M000355" chamber="S" congress="115" gpoId="8254" party="R" role="SPEAKING" state="KY">
<name type="parsed">Mr. McCONNELL</name>
<name type="authority-fnf">Mitch McConnell</name>
<name type="authority-lnf">McConnell, Mitch</name>
</congMember>
</extension>
<relatedItem ID="P0b002ee1935e95b7" type="host">
<titleInfo>
<title>Congressional Record</title>
<partNumber>Vol. 163, no. 10</partNumber>
</titleInfo>
<location>
<url access="object in context" displayLabel="Content Detail">https://www.gpo.gov/fdsys/pkg/CREC-2017-01-17/content-detail.html</url>
<url access="raw object" displayLabel="PDF rendition">https://www.gpo.gov/fdsys/pkg/CREC-2017-01-17/pdf/CREC-2017-01-17.pdf</url>
</location>
<part type="issue">
<extent unit="pages">
<start>H551</start>
<end>H553</end>
</extent>
<extent unit="pages">
<start>S323</start>
<end>S346</end>
</extent>
<extent unit="pages">
<start>E71</start>
<end>E71</end>
</extent>
<extent unit="pages">
<start>D51</start>
<end>D54</end>
</extent>
</part>
<originInfo>
<publisher>U.S. Government Publishing Office</publisher>
<dateIssued encoding="w3cdtf">2017-01-17</dateIssued>
<issuance>continuing</issuance>
<frequency authority="marcfrequency">daily</frequency>
</originInfo>
<physicalDescription>
<note type="source content type">deposited</note>
<digitalOrigin>born digital</digitalOrigin>
<extent>64 p.</extent>
</physicalDescription>
<classification authority="sudocs">X 1.1/A:</classification>
<classification authority="sudocs">X/A.</classification>
<identifier type="uri">https://www.gpo.gov/fdsys/pkg/CREC-2017-01-17</identifier>
<identifier type="local">P0b002ee1935e95b7</identifier>
<identifier type="stock number">752-002-00000-2</identifier>
<identifier type="ILS system id">000568013</identifier>
<identifier type="former package identifier">cr17ja17</identifier>
<recordInfo>
<recordContentSource authority="marcorg">DGPO</recordContentSource>
<recordCreationDate encoding="w3cdtf">2017-01-18</recordCreationDate>
<recordChangeDate encoding="w3cdtf">2017-08-21</recordChangeDate>
<recordIdentifier source="DGPO">CREC-2017-01-17</recordIdentifier>
<recordOrigin>machine generated</recordOrigin>
<languageOfCataloging>
<languageTerm authority="iso639-2b" type="code">eng</languageTerm>
</languageOfCataloging>
</recordInfo>
<accessCondition type="GPO scope determination">fdlp</accessCondition>
<extension>
<docClass>CREC</docClass>
<accessId>CREC-2017-01-17</accessId>
<volume>163</volume>
<issue>10</issue>
<congress>115</congress>
<session>1</session>
<bookCount>1</bookCount>
</extension>
</relatedItem>
</mods>