<mods ID="id-CREC-2017-04-05-pt1-PgH2732-5" version="3.3" xmlns="http://www.loc.gov/mods/v3" xmlns:exslt="http://exslt.org/common" xmlns:xlink="http://www.w3.org/1999/xlink" xmlns:xsi="http://www.w3.org/2001/XMLSchema-instance" xsi:schemaLocation="http://www.loc.gov/mods/v3 http://www.loc.gov/standards/mods/v3/mods-3-3.xsd">
<name type="corporate">
<namePart>United States Government Publishing Office</namePart>
<role>
<roleTerm authority="marcrelator" type="text">publisher</roleTerm>
<roleTerm authority="marcrelator" type="code">pbl</roleTerm>
</role>
<role>
<roleTerm authority="marcrelator" type="text">distributor</roleTerm>
<roleTerm authority="marcrelator" type="code">dst</roleTerm>
</role>
</name>
<name type="corporate">
<namePart>United States</namePart>
<namePart>Congress</namePart>
<role>
<roleTerm authority="marcrelator" type="text">author</roleTerm>
<roleTerm authority="marcrelator" type="code">aut</roleTerm>
</role>
<description>Government Organization</description>
</name>
<typeOfResource>text</typeOfResource>
<genre authority="marcgt">government publication</genre>
<language>
<languageTerm authority="iso639-2b" type="code">eng</languageTerm>
</language>
<extension>
<collectionCode>CREC</collectionCode>
<category>Proceedings of Congress and General Congressional Publications</category>
<waisDatabaseName>2017_record</waisDatabaseName>
<branch>legislative</branch>
<dateIngested>2017-04-06</dateIngested>
</extension>
<titleInfo>
<title>HONORING BISHOP JIMMY W. GLENN, SR.</title>
<partName>House</partName>
</titleInfo>
<relatedItem type="otherFormat" xlink:href="https://www.gpo.gov/fdsys/pkg/CREC-2017-04-05/html/CREC-2017-04-05-pt1-PgH2732-5.htm">
<identifier type="FDsys Unique ID">D09002ee196a72cf5</identifier>
</relatedItem>
<relatedItem type="otherFormat" xlink:href="https://www.gpo.gov/fdsys/pkg/CREC-2017-04-05/pdf/CREC-2017-04-05-pt1-PgH2732-5.pdf">
<identifier type="FDsys Unique ID">D09002ee196a72db0</identifier>
</relatedItem>
<identifier type="congressional record citation">163 Cong. Rec. H2732</identifier>
<identifier type="uri">https://www.gpo.gov/fdsys/granule/CREC-2017-04-05/CREC-2017-04-05-pt1-PgH2732-5</identifier>
<identifier type="former granule identifier">cr05ap17-122</identifier>
<location>
<url access="object in context" displayLabel="Content Detail">https://www.gpo.gov/fdsys/granule/CREC-2017-04-05/CREC-2017-04-05-pt1-PgH2732-5/content-detail.html</url>
<url access="raw object" displayLabel="PDF rendition">https://www.gpo.gov/fdsys/pkg/CREC-2017-04-05/pdf/CREC-2017-04-05-pt1-PgH2732-5.pdf</url>
<url access="raw object" displayLabel="HTML rendition">https://www.gpo.gov/fdsys/pkg/CREC-2017-04-05/html/CREC-2017-04-05-pt1-PgH2732-5.htm</url>
</location>
<physicalDescription>
<extent>2 p.</extent>
</physicalDescription>
<part type="article">
<extent unit="pages">
<start>H2732</start>
<end>H2733</end>
</extent>
</part>
<name type="personal">
<namePart>Marc A. Veasey</namePart>
<affiliation>United States House of Representatives</affiliation>
<role>
<roleTerm type="text">speaking</roleTerm>
</role>
<description>United States Congress Member</description>
</name>
<identifier type="preferred citation">163 Cong. Rec. H2732</identifier>
<extension>
<searchTitle>HONORING BISHOP JIMMY W. GLENN, SR.; Congressional Record Vol. 163, No. 59</searchTitle>
<granuleClass>HOUSE</granuleClass>
<accessId>CREC-2017-04-05-pt1-PgH2732-5</accessId>
<subGranuleClass>HONORING</subGranuleClass>
<pagePrefix>H</pagePrefix>
<bookNumber>1</bookNumber>
<chamber>HOUSE</chamber>
<granuleDate>2017-04-05</granuleDate>
<time from="15:57:00" to="15:57:00"/>
<congMember authorityId="2166" bioGuideId="V000131" chamber="H" congress="115" party="D" role="SPEAKING" state="TX">
<name type="parsed">Mr. VEASEY</name>
<name type="authority-fnf">Marc A. Veasey</name>
<name type="authority-lnf">Veasey, Marc A.</name>
<name type="authority-other">Mr. Marc Veasey</name>
</congMember>
</extension>
<relatedItem ID="P0b002ee19473731a" type="host">
<titleInfo>
<title>Congressional Record</title>
<partNumber>Vol. 163, no. 59</partNumber>
</titleInfo>
<location>
<url access="object in context" displayLabel="Content Detail">https://www.gpo.gov/fdsys/pkg/CREC-2017-04-05/content-detail.html</url>
<url access="raw object" displayLabel="PDF rendition">https://www.gpo.gov/fdsys/pkg/CREC-2017-04-05/pdf/CREC-2017-04-05.pdf</url>
</location>
<part type="issue">
<extent unit="pages">
<start>H2699</start>
<end>H2756</end>
</extent>
<extent unit="pages">
<start>E453</start>
<end>E467</end>
</extent>
<extent unit="pages">
<start>D401</start>
<end>D406</end>
</extent>
</part>
<originInfo>
<publisher>U.S. Government Publishing Office</publisher>
<dateIssued encoding="w3cdtf">2017-04-05</dateIssued>
<issuance>continuing</issuance>
<frequency authority="marcfrequency">daily</frequency>
</originInfo>
<physicalDescription>
<note type="source content type">deposited</note>
<digitalOrigin>born digital</digitalOrigin>
<extent>158 p.</extent>
</physicalDescription>
<classification authority="sudocs">X 1.1/A:</classification>
<classification authority="sudocs">X/A.</classification>
<identifier type="uri">https://www.gpo.gov/fdsys/pkg/CREC-2017-04-05</identifier>
<identifier type="local">P0b002ee19473731a</identifier>
<identifier type="stock number">752-002-00000-2</identifier>
<identifier type="ILS system id">000568013</identifier>
<identifier type="former package identifier">cr05ap17</identifier>
<recordInfo>
<recordContentSource authority="marcorg">DGPO</recordContentSource>
<recordCreationDate encoding="w3cdtf">2017-04-06</recordCreationDate>
<recordChangeDate encoding="w3cdtf">2017-08-21</recordChangeDate>
<recordIdentifier source="DGPO">CREC-2017-04-05</recordIdentifier>
<recordOrigin>machine generated</recordOrigin>
<languageOfCataloging>
<languageTerm authority="iso639-2b" type="code">eng</languageTerm>
</languageOfCataloging>
</recordInfo>
<accessCondition type="GPO scope determination">fdlp</accessCondition>
<extension>
<docClass>CREC</docClass>
<accessId>CREC-2017-04-05</accessId>
<volume>163</volume>
<issue>59</issue>
<congress>115</congress>
<session>1</session>
<bookCount>1</bookCount>
</extension>
</relatedItem>
</mods>