<mods ID="id-CREC-2017-03-23-pt1-PgS1979-4" version="3.3" xmlns="http://www.loc.gov/mods/v3" xmlns:exslt="http://exslt.org/common" xmlns:xlink="http://www.w3.org/1999/xlink" xmlns:xsi="http://www.w3.org/2001/XMLSchema-instance" xsi:schemaLocation="http://www.loc.gov/mods/v3 http://www.loc.gov/standards/mods/v3/mods-3-3.xsd">
<name type="corporate">
<namePart>United States Government Publishing Office</namePart>
<role>
<roleTerm authority="marcrelator" type="text">publisher</roleTerm>
<roleTerm authority="marcrelator" type="code">pbl</roleTerm>
</role>
<role>
<roleTerm authority="marcrelator" type="text">distributor</roleTerm>
<roleTerm authority="marcrelator" type="code">dst</roleTerm>
</role>
</name>
<name type="corporate">
<namePart>United States</namePart>
<namePart>Congress</namePart>
<role>
<roleTerm authority="marcrelator" type="text">author</roleTerm>
<roleTerm authority="marcrelator" type="code">aut</roleTerm>
</role>
<description>Government Organization</description>
</name>
<typeOfResource>text</typeOfResource>
<genre authority="marcgt">government publication</genre>
<language>
<languageTerm authority="iso639-2b" type="code">eng</languageTerm>
</language>
<extension>
<collectionCode>CREC</collectionCode>
<category>Proceedings of Congress and General Congressional Publications</category>
<waisDatabaseName>2017_record</waisDatabaseName>
<branch>legislative</branch>
<dateIngested>2017-07-01</dateIngested>
</extension>
<titleInfo>
<title>PRIVILEGES OF THE FLOOR</title>
<partName>Senate</partName>
</titleInfo>
<relatedItem type="otherFormat" xlink:href="https://www.gpo.gov/fdsys/pkg/CREC-2017-03-23/html/CREC-2017-03-23-pt1-PgS1979-4.htm">
<identifier type="FDsys Unique ID">D09002ee196a71a0b</identifier>
</relatedItem>
<relatedItem type="otherFormat" xlink:href="https://www.gpo.gov/fdsys/pkg/CREC-2017-03-23/pdf/CREC-2017-03-23-pt1-PgS1979-4.pdf">
<identifier type="FDsys Unique ID">D09002ee196a71b06</identifier>
</relatedItem>
<identifier type="congressional record citation">163 Cong. Rec. S1979</identifier>
<identifier type="uri">https://www.gpo.gov/fdsys/granule/CREC-2017-03-23/CREC-2017-03-23-pt1-PgS1979-4</identifier>
<identifier type="former granule identifier">CR23MR17-162</identifier>
<location>
<url access="object in context" displayLabel="Content Detail">https://www.gpo.gov/fdsys/granule/CREC-2017-03-23/CREC-2017-03-23-pt1-PgS1979-4/content-detail.html</url>
<url access="raw object" displayLabel="PDF rendition">https://www.gpo.gov/fdsys/pkg/CREC-2017-03-23/pdf/CREC-2017-03-23-pt1-PgS1979-4.pdf</url>
<url access="raw object" displayLabel="HTML rendition">https://www.gpo.gov/fdsys/pkg/CREC-2017-03-23/html/CREC-2017-03-23-pt1-PgS1979-4.htm</url>
</location>
<physicalDescription>
<extent>1 p.</extent>
</physicalDescription>
<part type="article">
<extent unit="pages">
<start>S1979</start>
<end>S1979</end>
</extent>
</part>
<name type="personal">
<namePart>Ron Wyden</namePart>
<affiliation>United States Senate</affiliation>
<role>
<roleTerm type="text">speaking</roleTerm>
</role>
<description>United States Congress Member</description>
</name>
<name type="personal">
<namePart>Tom Udall</namePart>
<affiliation>United States Senate</affiliation>
<role>
<roleTerm type="text">speaking</roleTerm>
</role>
<description>United States Congress Member</description>
</name>
<identifier type="preferred citation">163 Cong. Rec. S1979</identifier>
<extension>
<searchTitle>PRIVILEGES OF THE FLOOR; Congressional Record Vol. 163, No. 51</searchTitle>
<granuleClass>SENATE</granuleClass>
<accessId>CREC-2017-03-23-pt1-PgS1979-4</accessId>
<subGranuleClass>SPRIVILEGES</subGranuleClass>
<pagePrefix>S</pagePrefix>
<bookNumber>1</bookNumber>
<chamber>SENATE</chamber>
<granuleDate>2017-03-23</granuleDate>
<congMember authorityId="1247" bioGuideId="W000779" chamber="S" congress="115" gpoId="8265" party="D" role="SPEAKING" state="OR">
<name type="parsed">Mr. WYDEN</name>
<name type="authority-fnf">Ron Wyden</name>
<name type="authority-lnf">Wyden, Ron</name>
</congMember>
<congMember authorityId="1567" bioGuideId="U000039" chamber="S" congress="115" gpoId="8260" party="D" role="SPEAKING" state="NM">
<name type="parsed">Mr. UDALL</name>
<name type="authority-fnf">Tom Udall</name>
<name type="authority-lnf">Udall, Tom</name>
</congMember>
</extension>
<relatedItem ID="P0b002ee19568357f" type="host">
<titleInfo>
<title>Congressional Record</title>
<partNumber>Vol. 163, no. 51</partNumber>
</titleInfo>
<location>
<url access="object in context" displayLabel="Content Detail">https://www.gpo.gov/fdsys/pkg/CREC-2017-03-23/content-detail.html</url>
<url access="raw object" displayLabel="PDF rendition">https://www.gpo.gov/fdsys/pkg/CREC-2017-03-23/pdf/CREC-2017-03-23.pdf</url>
</location>
<part type="issue">
<extent unit="pages">
<start>H2351</start>
<end>H2371</end>
</extent>
<extent unit="pages">
<start>S1941</start>
<end>S1980</end>
</extent>
<extent unit="pages">
<start>E367</start>
<end>E377</end>
</extent>
<extent unit="pages">
<start>D332</start>
<end>D336</end>
</extent>
</part>
<originInfo>
<publisher>U.S. Government Publishing Office</publisher>
<dateIssued encoding="w3cdtf">2017-03-23</dateIssued>
<issuance>continuing</issuance>
<frequency authority="marcfrequency">daily</frequency>
</originInfo>
<physicalDescription>
<note type="source content type">deposited</note>
<digitalOrigin>born digital</digitalOrigin>
<extent>154 p.</extent>
</physicalDescription>
<classification authority="sudocs">X 1.1/A:</classification>
<classification authority="sudocs">X/A.</classification>
<identifier type="uri">https://www.gpo.gov/fdsys/pkg/CREC-2017-03-23</identifier>
<identifier type="local">P0b002ee19568357f</identifier>
<identifier type="stock number">752-002-00000-2</identifier>
<identifier type="ILS system id">000568013</identifier>
<identifier type="former package identifier">CR23MR17</identifier>
<recordInfo>
<recordContentSource authority="marcorg">DGPO</recordContentSource>
<recordCreationDate encoding="w3cdtf">2017-07-01</recordCreationDate>
<recordChangeDate encoding="w3cdtf">2017-08-21</recordChangeDate>
<recordIdentifier source="DGPO">CREC-2017-03-23</recordIdentifier>
<recordOrigin>machine generated</recordOrigin>
<languageOfCataloging>
<languageTerm authority="iso639-2b" type="code">eng</languageTerm>
</languageOfCataloging>
</recordInfo>
<accessCondition type="GPO scope determination">fdlp</accessCondition>
<extension>
<docClass>CREC</docClass>
<accessId>CREC-2017-03-23</accessId>
<volume>163</volume>
<issue>51</issue>
<congress>115</congress>
<session>1</session>
<bookCount>1</bookCount>
</extension>
</relatedItem>
</mods>