<mods ID="id-CREC-2017-04-04-pt1-PgH2680" version="3.3" xmlns="http://www.loc.gov/mods/v3" xmlns:exslt="http://exslt.org/common" xmlns:xlink="http://www.w3.org/1999/xlink" xmlns:xsi="http://www.w3.org/2001/XMLSchema-instance" xsi:schemaLocation="http://www.loc.gov/mods/v3 http://www.loc.gov/standards/mods/v3/mods-3-3.xsd">
<name type="corporate">
<namePart>United States Government Publishing Office</namePart>
<role>
<roleTerm authority="marcrelator" type="text">publisher</roleTerm>
<roleTerm authority="marcrelator" type="code">pbl</roleTerm>
</role>
<role>
<roleTerm authority="marcrelator" type="text">distributor</roleTerm>
<roleTerm authority="marcrelator" type="code">dst</roleTerm>
</role>
</name>
<name type="corporate">
<namePart>United States</namePart>
<namePart>Congress</namePart>
<role>
<roleTerm authority="marcrelator" type="text">author</roleTerm>
<roleTerm authority="marcrelator" type="code">aut</roleTerm>
</role>
<description>Government Organization</description>
</name>
<typeOfResource>text</typeOfResource>
<genre authority="marcgt">government publication</genre>
<language>
<languageTerm authority="iso639-2b" type="code">eng</languageTerm>
</language>
<extension>
<collectionCode>CREC</collectionCode>
<category>Proceedings of Congress and General Congressional Publications</category>
<waisDatabaseName>2017_record</waisDatabaseName>
<branch>legislative</branch>
<dateIngested>2017-09-20</dateIngested>
</extension>
<titleInfo>
<title>JOBS AND TRADE</title>
<partName>House</partName>
</titleInfo>
<relatedItem type="otherFormat" xlink:href="https://www.gpo.gov/fdsys/pkg/CREC-2017-04-04/html/CREC-2017-04-04-pt1-PgH2680.htm">
<identifier type="FDsys Unique ID">D09002ee196f99718</identifier>
</relatedItem>
<relatedItem type="otherFormat" xlink:href="https://www.gpo.gov/fdsys/pkg/CREC-2017-04-04/pdf/CREC-2017-04-04-pt1-PgH2680.pdf">
<identifier type="FDsys Unique ID">D09002ee196f99865</identifier>
</relatedItem>
<identifier type="congressional record citation">163 Cong. Rec. H2680</identifier>
<identifier type="uri">https://www.gpo.gov/fdsys/granule/CREC-2017-04-04/CREC-2017-04-04-pt1-PgH2680</identifier>
<identifier type="former granule identifier">CR04AP17-143</identifier>
<location>
<url access="object in context" displayLabel="Content Detail">https://www.gpo.gov/fdsys/granule/CREC-2017-04-04/CREC-2017-04-04-pt1-PgH2680/content-detail.html</url>
<url access="raw object" displayLabel="PDF rendition">https://www.gpo.gov/fdsys/pkg/CREC-2017-04-04/pdf/CREC-2017-04-04-pt1-PgH2680.pdf</url>
<url access="raw object" displayLabel="HTML rendition">https://www.gpo.gov/fdsys/pkg/CREC-2017-04-04/html/CREC-2017-04-04-pt1-PgH2680.htm</url>
</location>
<physicalDescription>
<extent>7 p.</extent>
</physicalDescription>
<part type="article">
<extent unit="pages">
<start>H2680</start>
<end>H2686</end>
</extent>
</part>
<name type="personal">
<namePart>Marcy Kaptur</namePart>
<affiliation>United States House of Representatives</affiliation>
<role>
<roleTerm type="text">speaking</roleTerm>
</role>
<description>United States Congress Member</description>
</name>
<name type="personal">
<namePart>Bobby L. Rush</namePart>
<affiliation>United States House of Representatives</affiliation>
<role>
<roleTerm type="text">speaking</roleTerm>
</role>
<description>United States Congress Member</description>
</name>
<name type="personal">
<namePart>David N. Cicilline</namePart>
<affiliation>United States House of Representatives</affiliation>
<role>
<roleTerm type="text">speaking</roleTerm>
</role>
<description>United States Congress Member</description>
</name>
<name type="personal">
<namePart>Brendan F. Boyle</namePart>
<affiliation>United States House of Representatives</affiliation>
<role>
<roleTerm type="text">speaking</roleTerm>
</role>
<description>United States Congress Member</description>
</name>
<name type="personal">
<namePart>Rosa L. DeLauro</namePart>
<affiliation>United States House of Representatives</affiliation>
<role>
<roleTerm type="text">speaking</roleTerm>
</role>
<description>United States Congress Member</description>
</name>
<identifier type="preferred citation">163 Cong. Rec. H2680</identifier>
<extension>
<searchTitle>JOBS AND TRADE; Congressional Record Vol. 163, No. 58</searchTitle>
<granuleClass>HOUSE</granuleClass>
<accessId>CREC-2017-04-04-pt1-PgH2680</accessId>
<subGranuleClass>ALLOTHER</subGranuleClass>
<pagePrefix>H</pagePrefix>
<bookNumber>1</bookNumber>
<chamber>HOUSE</chamber>
<granuleDate>2017-04-04</granuleDate>
<time from="17:15:00" to="18:15:00"/>
<congMember authorityId="616" bioGuideId="K000009" chamber="H" congress="115" gpoId="8099" party="D" role="SPEAKING" state="OH">
<name type="parsed">Ms. KAPTUR</name>
<name type="authority-fnf">Marcy Kaptur</name>
<name type="authority-lnf">Kaptur, Marcy</name>
</congMember>
<congMember authorityId="1003" bioGuideId="R000515" chamber="H" congress="115" gpoId="7921" party="D" role="SPEAKING" state="IL">
<name type="parsed">Mr. RUSH</name>
<name type="authority-fnf">Bobby L. Rush</name>
<name type="authority-lnf">Rush, Bobby L.</name>
<name type="authority-other">Bobby Rush</name>
</congMember>
<congMember authorityId="2055" bioGuideId="C001084" chamber="H" congress="115" gpoId="8139" party="D" role="SPEAKING" state="RI">
<name type="parsed">Mr. CICILLINE</name>
<name type="authority-fnf">David N. Cicilline</name>
<name type="authority-lnf">Cicilline, David N.</name>
<name type="authority-other">Mr. David Cicilline</name>
</congMember>
<congMember authorityId="2267" bioGuideId="B001296" chamber="H" congress="115" party="D" role="SPEAKING" state="PA">
<name type="parsed">Mr. BRENDAN F. BOYLE of Pennsylvania</name>
<name type="authority-fnf">Brendan F. Boyle</name>
<name type="authority-lnf">Boyle, Brendan F.</name>
<name type="authority-other">Mr. Brendan Boyle</name>
</congMember>
<congMember authorityId="281" bioGuideId="D000216" chamber="H" congress="115" gpoId="7868" party="D" role="SPEAKING" state="CT">
<name type="parsed">Ms. DeLAURO</name>
<name type="authority-fnf">Rosa L. DeLauro</name>
<name type="authority-lnf">DeLauro, Rosa L.</name>
<name type="authority-other">Rosa Delauro</name>
</congMember>
</extension>
<relatedItem ID="P0b002ee196f97d8e" type="host">
<titleInfo>
<title>Congressional Record</title>
<partNumber>Vol. 163, no. 58</partNumber>
</titleInfo>
<location>
<url access="object in context" displayLabel="Content Detail">https://www.gpo.gov/fdsys/pkg/CREC-2017-04-04/content-detail.html</url>
<url access="raw object" displayLabel="PDF rendition">https://www.gpo.gov/fdsys/pkg/CREC-2017-04-04/pdf/CREC-2017-04-04.pdf</url>
</location>
<part type="issue">
<extent unit="pages">
<start>H2633</start>
<end>H2698</end>
</extent>
<extent unit="pages">
<start>S2179</start>
<end>S2433</end>
</extent>
<extent unit="pages">
<start>E435</start>
<end>E451</end>
</extent>
<extent unit="pages">
<start>D408</start>
<end>D416</end>
</extent>
</part>
<originInfo>
<publisher>U.S. Government Publishing Office</publisher>
<dateIssued encoding="w3cdtf">2017-04-04</dateIssued>
<issuance>continuing</issuance>
<frequency authority="marcfrequency">daily</frequency>
</originInfo>
<physicalDescription>
<note type="source content type">deposited</note>
<digitalOrigin>born digital</digitalOrigin>
<extent>722 p.</extent>
</physicalDescription>
<classification authority="sudocs">X 1.1/A:</classification>
<classification authority="sudocs">X/A.</classification>
<identifier type="uri">https://www.gpo.gov/fdsys/pkg/CREC-2017-04-04</identifier>
<identifier type="local">P0b002ee196f97d8e</identifier>
<identifier type="stock number">752-002-00000-2</identifier>
<identifier type="ILS system id">000568013</identifier>
<identifier type="former package identifier">CR04AP17</identifier>
<recordInfo>
<recordContentSource authority="marcorg">DGPO</recordContentSource>
<recordCreationDate encoding="w3cdtf">2017-09-20</recordCreationDate>
<recordChangeDate encoding="w3cdtf">2017-09-21</recordChangeDate>
<recordIdentifier source="DGPO">CREC-2017-04-04</recordIdentifier>
<recordOrigin>machine generated</recordOrigin>
<languageOfCataloging>
<languageTerm authority="iso639-2b" type="code">eng</languageTerm>
</languageOfCataloging>
</recordInfo>
<accessCondition type="GPO scope determination">fdlp</accessCondition>
<extension>
<docClass>CREC</docClass>
<accessId>CREC-2017-04-04</accessId>
<volume>163</volume>
<issue>58</issue>
<congress>115</congress>
<session>1</session>
<bookCount>3</bookCount>
</extension>
</relatedItem>
</mods>