<mods ID="id-CREC-2017-03-16-pt1-PgH2102-2" version="3.3" xmlns="http://www.loc.gov/mods/v3" xmlns:exslt="http://exslt.org/common" xmlns:xlink="http://www.w3.org/1999/xlink" xmlns:xsi="http://www.w3.org/2001/XMLSchema-instance" xsi:schemaLocation="http://www.loc.gov/mods/v3 http://www.loc.gov/standards/mods/v3/mods-3-3.xsd">
<name type="corporate">
<namePart>United States Government Publishing Office</namePart>
<role>
<roleTerm authority="marcrelator" type="text">publisher</roleTerm>
<roleTerm authority="marcrelator" type="code">pbl</roleTerm>
</role>
<role>
<roleTerm authority="marcrelator" type="text">distributor</roleTerm>
<roleTerm authority="marcrelator" type="code">dst</roleTerm>
</role>
</name>
<name type="corporate">
<namePart>United States</namePart>
<namePart>Congress</namePart>
<role>
<roleTerm authority="marcrelator" type="text">author</roleTerm>
<roleTerm authority="marcrelator" type="code">aut</roleTerm>
</role>
<description>Government Organization</description>
</name>
<typeOfResource>text</typeOfResource>
<genre authority="marcgt">government publication</genre>
<language>
<languageTerm authority="iso639-2b" type="code">eng</languageTerm>
</language>
<extension>
<collectionCode>CREC</collectionCode>
<category>Proceedings of Congress and General Congressional Publications</category>
<waisDatabaseName>2017_record</waisDatabaseName>
<branch>legislative</branch>
<dateIngested>2017-07-04</dateIngested>
</extension>
<titleInfo>
<title>VETERANS 2ND AMENDMENT PROTECTION ACT</title>
<partName>House</partName>
</titleInfo>
<relatedItem type="otherFormat" xlink:href="https://www.gpo.gov/fdsys/pkg/CREC-2017-03-16/html/CREC-2017-03-16-pt1-PgH2102-2.htm">
<identifier type="FDsys Unique ID">D09002ee196a7147e</identifier>
</relatedItem>
<relatedItem type="otherFormat" xlink:href="https://www.gpo.gov/fdsys/pkg/CREC-2017-03-16/pdf/CREC-2017-03-16-pt1-PgH2102-2.pdf">
<identifier type="FDsys Unique ID">D09002ee196a7152f</identifier>
</relatedItem>
<identifier type="congressional record citation">163 Cong. Rec. H2102</identifier>
<identifier type="uri">https://www.gpo.gov/fdsys/granule/CREC-2017-03-16/CREC-2017-03-16-pt1-PgH2102-2</identifier>
<identifier type="former granule identifier">CR16MR17-84</identifier>
<location>
<url access="object in context" displayLabel="Content Detail">https://www.gpo.gov/fdsys/granule/CREC-2017-03-16/CREC-2017-03-16-pt1-PgH2102-2/content-detail.html</url>
<url access="raw object" displayLabel="PDF rendition">https://www.gpo.gov/fdsys/pkg/CREC-2017-03-16/pdf/CREC-2017-03-16-pt1-PgH2102-2.pdf</url>
<url access="raw object" displayLabel="HTML rendition">https://www.gpo.gov/fdsys/pkg/CREC-2017-03-16/html/CREC-2017-03-16-pt1-PgH2102-2.htm</url>
</location>
<physicalDescription>
<extent>13 p.</extent>
</physicalDescription>
<part type="article">
<extent unit="pages">
<start>H2102</start>
<end>H2114</end>
</extent>
</part>
<name type="personal">
<namePart>David P. Roe</namePart>
<affiliation>United States House of Representatives</affiliation>
<role>
<roleTerm type="text">speaking</roleTerm>
</role>
<description>United States Congress Member</description>
</name>
<name type="personal">
<namePart>Elizabeth H. Esty</namePart>
<affiliation>United States House of Representatives</affiliation>
<role>
<roleTerm type="text">speaking</roleTerm>
</role>
<description>United States Congress Member</description>
</name>
<name type="personal">
<namePart>Mike Bost</namePart>
<affiliation>United States House of Representatives</affiliation>
<role>
<roleTerm type="text">speaking</roleTerm>
</role>
<description>United States Congress Member</description>
</name>
<name type="personal">
<namePart>Mark Takano</namePart>
<affiliation>United States House of Representatives</affiliation>
<role>
<roleTerm type="text">speaking</roleTerm>
</role>
<description>United States Congress Member</description>
</name>
<name type="personal">
<namePart>Doug Lamborn</namePart>
<affiliation>United States House of Representatives</affiliation>
<role>
<roleTerm type="text">speaking</roleTerm>
</role>
<description>United States Congress Member</description>
</name>
<name type="personal">
<namePart>Ami Bera</namePart>
<affiliation>United States House of Representatives</affiliation>
<role>
<roleTerm type="text">speaking</roleTerm>
</role>
<description>United States Congress Member</description>
</name>
<name type="personal">
<namePart>Blake Farenthold</namePart>
<affiliation>United States House of Representatives</affiliation>
<role>
<roleTerm type="text">speaking</roleTerm>
</role>
<description>United States Congress Member</description>
</name>
<name type="personal">
<namePart>Mike Thompson</namePart>
<affiliation>United States House of Representatives</affiliation>
<role>
<roleTerm type="text">speaking</roleTerm>
</role>
<description>United States Congress Member</description>
</name>
<name type="personal">
<namePart>K. Michael Conaway</namePart>
<affiliation>United States House of Representatives</affiliation>
<role>
<roleTerm type="text">speaking</roleTerm>
</role>
<description>United States Congress Member</description>
</name>
<name type="personal">
<namePart>Ruben Gallego</namePart>
<affiliation>United States House of Representatives</affiliation>
<role>
<roleTerm type="text">speaking</roleTerm>
</role>
<description>United States Congress Member</description>
</name>
<name type="personal">
<namePart>Anthony G. Brown</namePart>
<affiliation>United States House of Representatives</affiliation>
<role>
<roleTerm type="text">speaking</roleTerm>
</role>
<description>United States Congress Member</description>
</name>
<name type="personal">
<namePart>Debbie Wasserman Schultz</namePart>
<affiliation>United States House of Representatives</affiliation>
<role>
<roleTerm type="text">speaking</roleTerm>
</role>
<description>United States Congress Member</description>
</name>
<name type="corporate">
<namePart>United States</namePart>
<namePart>Congress</namePart>
<namePart>House of Representatives</namePart>
<namePart>Committee on Veterans' Affairs</namePart>
<role>
<roleTerm authority="marcrelator" type="text">associated name</roleTerm>
<roleTerm authority="marcrelator" type="code">asn</roleTerm>
</role>
<description>Government Organization</description>
</name>
<identifier type="preferred citation">163 Cong. Rec. H2102</identifier>
<extension>
<searchTitle>VETERANS 2ND AMENDMENT PROTECTION ACT; Congressional Record Vol. 163, No. 46</searchTitle>
<associatedBills>H.R. 1181, 115th Congress
        </associatedBills>
<associatedBills>H.R. 2001, 115th Congress
        </associatedBills>
<granuleClass>HOUSE</granuleClass>
<accessId>CREC-2017-03-16-pt1-PgH2102-2</accessId>
<subGranuleClass>ALLOTHER</subGranuleClass>
<pagePrefix>H</pagePrefix>
<bookNumber>1</bookNumber>
<chamber>HOUSE</chamber>
<granuleDate>2017-03-16</granuleDate>
<time from="14:13:00" to="15:15:00"/>
<bill congress="115" context="OTHER" number="40" type="HJRES"/>
<bill congress="115" context="FIRSTPARAGRAPH" number="198" type="HRES"/>
<bill congress="115" context="OTHER" number="198" type="HRES"/>
<bill congress="115" context="HEADERLINE" number="1181" type="HR"/>
<bill congress="115" context="FIRSTPARAGRAPH" number="1181" type="HR"/>
<bill congress="115" context="OTHER" number="1181" type="HR"/>
<bill congress="115" context="HEADERLINE" number="2001" type="HR"/>
<bill congress="115" context="OTHER" number="2001" type="HR"/>
<bill congress="115" context="OTHER" number="2349" type="HR"/>
<congCommittee authorityId="hsvr00" chamber="H" congress="115" type="S">
<name type="authority-standard">Committee on Veterans' Affairs</name>
<name type="authority-short">Veterans' Affairs</name>
</congCommittee>
<congMember authorityId="1954" bioGuideId="R000582" chamber="H" congress="115" gpoId="8148" party="R" role="SPEAKING" state="TN">
<name type="parsed">Mr. ROE of Tennessee</name>
<name type="authority-fnf">David P. Roe</name>
<name type="authority-lnf">Roe, David P.</name>
<name type="authority-other">Mr. David Roe</name>
</congMember>
<congMember authorityId="2114" bioGuideId="E000293" chamber="H" congress="115" party="D" role="SPEAKING" state="CT">
<name type="parsed">Ms. ESTY</name>
<name type="authority-fnf">Elizabeth H. Esty</name>
<name type="authority-lnf">Esty, Elizabeth H.</name>
<name type="authority-other">Ms. Elizabeth Esty</name>
</congMember>
<congMember authorityId="2243" bioGuideId="B001295" chamber="H" congress="115" party="R" role="SPEAKING" state="IL">
<name type="parsed">Mr. BOST</name>
<name type="authority-fnf">Mike Bost</name>
<name type="authority-lnf">Bost, Mike</name>
</congMember>
<congMember authorityId="2110" bioGuideId="T000472" chamber="H" congress="115" party="D" role="SPEAKING" state="CA">
<name type="parsed">Mr. TAKANO</name>
<name type="authority-fnf">Mark Takano</name>
<name type="authority-lnf">Takano, Mark</name>
</congMember>
<congMember authorityId="1834" bioGuideId="L000564" chamber="H" congress="115" gpoId="7863" party="R" role="SPEAKING" state="CO">
<name type="parsed">Mr. LAMBORN</name>
<name type="authority-fnf">Doug Lamborn</name>
<name type="authority-lnf">Lamborn, Doug</name>
</congMember>
<congMember authorityId="2102" bioGuideId="B001287" chamber="H" congress="115" party="D" role="SPEAKING" state="CA">
<name type="parsed">Mr. BERA</name>
<name type="authority-fnf">Ami Bera</name>
<name type="authority-lnf">Bera, Ami</name>
</congMember>
<congMember authorityId="2067" bioGuideId="F000460" chamber="H" congress="115" gpoId="8183" party="R" role="SPEAKING" state="TX">
<name type="parsed">Mr. FARENTHOLD</name>
<name type="authority-fnf">Blake Farenthold</name>
<name type="authority-lnf">Farenthold, Blake</name>
</congMember>
<congMember authorityId="1593" bioGuideId="T000460" chamber="H" congress="115" gpoId="7806" party="D" role="SPEAKING" state="CA">
<name type="parsed">Mr. THOMPSON of California</name>
<name type="authority-fnf">Mike Thompson</name>
<name type="authority-lnf">Thompson, Mike</name>
</congMember>
<congMember authorityId="1805" bioGuideId="C001062" chamber="H" congress="115" gpoId="8167" party="R" role="SPEAKING" state="TX">
<name type="parsed">Mr. CONAWAY</name>
<name type="authority-fnf">K. Michael Conaway</name>
<name type="authority-lnf">Conaway, K. Michael</name>
</congMember>
<congMember authorityId="2226" bioGuideId="G000574" chamber="H" congress="115" party="D" role="SPEAKING" state="AZ">
<name type="parsed">Mr. GALLEGO</name>
<name type="authority-fnf">Ruben Gallego</name>
<name type="authority-lnf">Gallego, Ruben</name>
</congMember>
<congMember authorityId="2331" bioGuideId="B001304" chamber="H" congress="115" party="D" role="SPEAKING" state="MD">
<name type="parsed">Mr. BROWN of Maryland</name>
<name type="authority-fnf">Anthony G. Brown</name>
<name type="authority-lnf">Brown, Anthony G.</name>
<name type="authority-other">Mr. Anthony Brown</name>
</congMember>
<congMember authorityId="1777" bioGuideId="W000797" chamber="H" congress="115" gpoId="7892" party="D" role="SPEAKING" state="FL">
<name type="parsed">Ms. WASSERMAN SCHULTZ</name>
<name type="authority-fnf">Debbie Wasserman Schultz</name>
<name type="authority-lnf">Wasserman Schultz, Debbie</name>
</congMember>
<USCode title="38">
<chapter number="55"/>
</USCode>
</extension>
<relatedItem type="isReferencedBy">
<titleInfo>
<title>United States House Joint Resolution 40  (115th Congress)</title>
</titleInfo>
<identifier type="Congressional Bill citation">H.J. Res. 40</identifier>
<extension>
<congress>115</congress>
<context>OTHER</context>
</extension>
</relatedItem>
<relatedItem type="isReferencedBy">
<titleInfo>
<title>United States House Resolution 198  (115th Congress)</title>
</titleInfo>
<identifier type="Congressional Bill citation">H. Res. 198</identifier>
<extension>
<congress>115</congress>
<context>FIRSTPARAGRAPH</context>
</extension>
</relatedItem>
<relatedItem type="isReferencedBy">
<titleInfo>
<title>United States House Resolution 198  (115th Congress)</title>
</titleInfo>
<identifier type="Congressional Bill citation">H. Res. 198</identifier>
<extension>
<congress>115</congress>
<context>OTHER</context>
</extension>
</relatedItem>
<relatedItem type="isReferencedBy">
<titleInfo>
<title>United States House Bill 1181  (115th Congress)</title>
</titleInfo>
<identifier type="Congressional Bill citation">H.R. 1181</identifier>
<extension>
<congress>115</congress>
<context>HEADERLINE</context>
</extension>
</relatedItem>
<relatedItem type="isReferencedBy">
<titleInfo>
<title>United States House Bill 1181  (115th Congress)</title>
</titleInfo>
<identifier type="Congressional Bill citation">H.R. 1181</identifier>
<extension>
<congress>115</congress>
<context>FIRSTPARAGRAPH</context>
</extension>
</relatedItem>
<relatedItem type="isReferencedBy">
<titleInfo>
<title>United States House Bill 1181  (115th Congress)</title>
</titleInfo>
<identifier type="Congressional Bill citation">H.R. 1181</identifier>
<extension>
<congress>115</congress>
<context>OTHER</context>
</extension>
</relatedItem>
<relatedItem type="isReferencedBy">
<titleInfo>
<title>United States House Bill 2001  (115th Congress)</title>
</titleInfo>
<identifier type="Congressional Bill citation">H.R. 2001</identifier>
<extension>
<congress>115</congress>
<context>HEADERLINE</context>
</extension>
</relatedItem>
<relatedItem type="isReferencedBy">
<titleInfo>
<title>United States House Bill 2001  (115th Congress)</title>
</titleInfo>
<identifier type="Congressional Bill citation">H.R. 2001</identifier>
<extension>
<congress>115</congress>
<context>OTHER</context>
</extension>
</relatedItem>
<relatedItem type="isReferencedBy">
<titleInfo>
<title>United States House Bill 2349  (115th Congress)</title>
</titleInfo>
<identifier type="Congressional Bill citation">H.R. 2349</identifier>
<extension>
<congress>115</congress>
<context>OTHER</context>
</extension>
</relatedItem>
<relatedItem type="isReferencedBy">
<titleInfo>
<title>United States Code</title>
<partNumber>Title 38 Chapter 55</partNumber>
</titleInfo>
<identifier type="USC citation">38 U.S.C. Chapter 55</identifier>
</relatedItem>
<relatedItem ID="P0b002ee1956dc2c7" type="host">
<titleInfo>
<title>Congressional Record</title>
<partNumber>Vol. 163, no. 46</partNumber>
</titleInfo>
<location>
<url access="object in context" displayLabel="Content Detail">https://www.gpo.gov/fdsys/pkg/CREC-2017-03-16/content-detail.html</url>
<url access="raw object" displayLabel="PDF rendition">https://www.gpo.gov/fdsys/pkg/CREC-2017-03-16/pdf/CREC-2017-03-16.pdf</url>
</location>
<part type="issue">
<extent unit="pages">
<start>H2085</start>
<end>H2151</end>
</extent>
<extent unit="pages">
<start>S1853</start>
<end>S1853</end>
</extent>
<extent unit="pages">
<start>E333</start>
<end>E338</end>
</extent>
<extent unit="pages">
<start>D300</start>
<end>D304</end>
</extent>
</part>
<originInfo>
<publisher>U.S. Government Publishing Office</publisher>
<dateIssued encoding="w3cdtf">2017-03-16</dateIssued>
<issuance>continuing</issuance>
<frequency authority="marcfrequency">daily</frequency>
</originInfo>
<physicalDescription>
<note type="source content type">deposited</note>
<digitalOrigin>born digital</digitalOrigin>
<extent>158 p.</extent>
</physicalDescription>
<classification authority="sudocs">X 1.1/A:</classification>
<classification authority="sudocs">X/A.</classification>
<identifier type="uri">https://www.gpo.gov/fdsys/pkg/CREC-2017-03-16</identifier>
<identifier type="local">P0b002ee1956dc2c7</identifier>
<identifier type="stock number">752-002-00000-2</identifier>
<identifier type="ILS system id">000568013</identifier>
<identifier type="former package identifier">CR16MR17</identifier>
<recordInfo>
<recordContentSource authority="marcorg">DGPO</recordContentSource>
<recordCreationDate encoding="w3cdtf">2017-07-04</recordCreationDate>
<recordChangeDate encoding="w3cdtf">2017-08-21</recordChangeDate>
<recordIdentifier source="DGPO">CREC-2017-03-16</recordIdentifier>
<recordOrigin>machine generated</recordOrigin>
<languageOfCataloging>
<languageTerm authority="iso639-2b" type="code">eng</languageTerm>
</languageOfCataloging>
</recordInfo>
<accessCondition type="GPO scope determination">fdlp</accessCondition>
<extension>
<docClass>CREC</docClass>
<accessId>CREC-2017-03-16</accessId>
<volume>163</volume>
<issue>46</issue>
<congress>115</congress>
<session>1</session>
<bookCount>1</bookCount>
</extension>
</relatedItem>
</mods>