<mods ID="id-CREC-2017-01-09-pt1-PgH201-3" version="3.3" xmlns="http://www.loc.gov/mods/v3" xmlns:exslt="http://exslt.org/common" xmlns:xlink="http://www.w3.org/1999/xlink" xmlns:xsi="http://www.w3.org/2001/XMLSchema-instance" xsi:schemaLocation="http://www.loc.gov/mods/v3 http://www.loc.gov/standards/mods/v3/mods-3-3.xsd">
<name type="corporate">
<namePart>United States Government Publishing Office</namePart>
<role>
<roleTerm authority="marcrelator" type="text">publisher</roleTerm>
<roleTerm authority="marcrelator" type="code">pbl</roleTerm>
</role>
<role>
<roleTerm authority="marcrelator" type="text">distributor</roleTerm>
<roleTerm authority="marcrelator" type="code">dst</roleTerm>
</role>
</name>
<name type="corporate">
<namePart>United States</namePart>
<namePart>Congress</namePart>
<role>
<roleTerm authority="marcrelator" type="text">author</roleTerm>
<roleTerm authority="marcrelator" type="code">aut</roleTerm>
</role>
<description>Government Organization</description>
</name>
<typeOfResource>text</typeOfResource>
<genre authority="marcgt">government publication</genre>
<language>
<languageTerm authority="iso639-2b" type="code">eng</languageTerm>
</language>
<extension>
<collectionCode>CREC</collectionCode>
<category>Proceedings of Congress and General Congressional Publications</category>
<waisDatabaseName>2017_record</waisDatabaseName>
<branch>legislative</branch>
<dateIngested>2017-05-03</dateIngested>
</extension>
<titleInfo>
<title>NATIONAL CLINICAL CARE COMMISSION ACT</title>
<partName>House</partName>
</titleInfo>
<relatedItem type="otherFormat" xlink:href="https://www.gpo.gov/fdsys/pkg/CREC-2017-01-09/html/CREC-2017-01-09-pt1-PgH201-3.htm">
<identifier type="FDsys Unique ID">D09002ee196a6cd6d</identifier>
</relatedItem>
<relatedItem type="otherFormat" xlink:href="https://www.gpo.gov/fdsys/pkg/CREC-2017-01-09/pdf/CREC-2017-01-09-pt1-PgH201-3.pdf">
<identifier type="FDsys Unique ID">D09002ee196a6ce4e</identifier>
</relatedItem>
<identifier type="congressional record citation">163 Cong. Rec. H201</identifier>
<identifier type="uri">https://www.gpo.gov/fdsys/granule/CREC-2017-01-09/CREC-2017-01-09-pt1-PgH201-3</identifier>
<identifier type="former granule identifier">CR09JA17-43</identifier>
<location>
<url access="object in context" displayLabel="Content Detail">https://www.gpo.gov/fdsys/granule/CREC-2017-01-09/CREC-2017-01-09-pt1-PgH201-3/content-detail.html</url>
<url access="raw object" displayLabel="PDF rendition">https://www.gpo.gov/fdsys/pkg/CREC-2017-01-09/pdf/CREC-2017-01-09-pt1-PgH201-3.pdf</url>
<url access="raw object" displayLabel="HTML rendition">https://www.gpo.gov/fdsys/pkg/CREC-2017-01-09/html/CREC-2017-01-09-pt1-PgH201-3.htm</url>
</location>
<physicalDescription>
<extent>3 p.</extent>
</physicalDescription>
<part type="article">
<extent unit="pages">
<start>H201</start>
<end>H203</end>
</extent>
</part>
<name type="personal">
<namePart>Michael C. Burgess</namePart>
<affiliation>United States House of Representatives</affiliation>
<role>
<roleTerm type="text">speaking</roleTerm>
</role>
<description>United States Congress Member</description>
</name>
<name type="personal">
<namePart>Gene Green</namePart>
<affiliation>United States House of Representatives</affiliation>
<role>
<roleTerm type="text">speaking</roleTerm>
</role>
<description>United States Congress Member</description>
</name>
<name type="personal">
<namePart>Pete Olson</namePart>
<affiliation>United States House of Representatives</affiliation>
<role>
<roleTerm type="text">speaking</roleTerm>
</role>
<description>United States Congress Member</description>
</name>
<name type="personal">
<namePart>Earl L. "Buddy" Carter</namePart>
<affiliation>United States House of Representatives</affiliation>
<role>
<roleTerm type="text">speaking</roleTerm>
</role>
<description>United States Congress Member</description>
</name>
<identifier type="preferred citation">163 Cong. Rec. H201</identifier>
<extension>
<searchTitle>NATIONAL CLINICAL CARE COMMISSION ACT; Congressional Record Vol. 163, No. 5</searchTitle>
<associatedBills>H.R. 309, 115th Congress
        </associatedBills>
<granuleClass>HOUSE</granuleClass>
<accessId>CREC-2017-01-09-pt1-PgH201-3</accessId>
<subGranuleClass>ALLOTHER</subGranuleClass>
<pagePrefix>H</pagePrefix>
<bookNumber>1</bookNumber>
<chamber>HOUSE</chamber>
<granuleDate>2017-01-09</granuleDate>
<time from="16:30:00" to="16:30:00"/>
<bill congress="115" context="HEADERLINE" number="309" type="HR"/>
<bill congress="115" context="FIRSTPARAGRAPH" number="309" type="HR"/>
<bill congress="115" context="OTHER" number="309" type="HR"/>
<bill congress="115" context="OTHER" number="1192" type="HR"/>
<congMember authorityId="1751" bioGuideId="B001248" chamber="H" congress="115" gpoId="8182" party="R" role="SPEAKING" state="TX">
<name type="parsed">Mr. BURGESS</name>
<name type="authority-fnf">Michael C. Burgess</name>
<name type="authority-lnf">Burgess, Michael C.</name>
<name type="authority-other">Mr. Michael Burgess</name>
</congMember>
<congMember authorityId="462" bioGuideId="G000410" chamber="H" congress="115" gpoId="8185" party="D" role="SPEAKING" state="TX">
<name type="parsed">Mr. GENE GREEN of Texas</name>
<name type="authority-fnf">Gene Green</name>
<name type="authority-lnf">Green, Gene</name>
</congMember>
<congMember authorityId="1955" bioGuideId="O000168" chamber="H" congress="115" gpoId="8178" party="R" role="SPEAKING" state="TX">
<name type="parsed">Mr. OLSON</name>
<name type="authority-fnf">Pete Olson</name>
<name type="authority-lnf">Olson, Pete</name>
</congMember>
<congMember authorityId="2236" bioGuideId="C001103" chamber="H" congress="115" party="R" role="SPEAKING" state="GA">
<name type="parsed">Mr. CARTER of Georgia</name>
<name type="authority-fnf">Earl L. "Buddy" Carter</name>
<name type="authority-lnf">Carter, Earl L. "Buddy"</name>
<name type="authority-other">Mr. Earl Carter</name>
</congMember>
<USCode title="42">
<section detail="et seq." number="280g"/>
</USCode>
</extension>
<relatedItem type="isReferencedBy">
<titleInfo>
<title>United States House Bill 309  (115th Congress)</title>
</titleInfo>
<identifier type="Congressional Bill citation">H.R. 309</identifier>
<extension>
<congress>115</congress>
<context>HEADERLINE</context>
</extension>
</relatedItem>
<relatedItem type="isReferencedBy">
<titleInfo>
<title>United States House Bill 309  (115th Congress)</title>
</titleInfo>
<identifier type="Congressional Bill citation">H.R. 309</identifier>
<extension>
<congress>115</congress>
<context>FIRSTPARAGRAPH</context>
</extension>
</relatedItem>
<relatedItem type="isReferencedBy">
<titleInfo>
<title>United States House Bill 309  (115th Congress)</title>
</titleInfo>
<identifier type="Congressional Bill citation">H.R. 309</identifier>
<extension>
<congress>115</congress>
<context>OTHER</context>
</extension>
</relatedItem>
<relatedItem type="isReferencedBy">
<titleInfo>
<title>United States House Bill 1192  (115th Congress)</title>
</titleInfo>
<identifier type="Congressional Bill citation">H.R. 1192</identifier>
<extension>
<congress>115</congress>
<context>OTHER</context>
</extension>
</relatedItem>
<relatedItem type="isReferencedBy">
<titleInfo>
<title>United States Code</title>
<partNumber>Title 42 Section 280get seq.</partNumber>
</titleInfo>
<identifier type="USC citation">42 U.S.C. 280get seq.</identifier>
</relatedItem>
<relatedItem ID="P0b002ee194bef0c2" type="host">
<titleInfo>
<title>Congressional Record</title>
<partNumber>Vol. 163, no. 5</partNumber>
</titleInfo>
<location>
<url access="object in context" displayLabel="Content Detail">https://www.gpo.gov/fdsys/pkg/CREC-2017-01-09/content-detail.html</url>
<url access="raw object" displayLabel="PDF rendition">https://www.gpo.gov/fdsys/pkg/CREC-2017-01-09/pdf/CREC-2017-01-09.pdf</url>
</location>
<part type="issue">
<extent unit="pages">
<start>H197</start>
<end>H237</end>
</extent>
<extent unit="pages">
<start>S125</start>
<end>S179</end>
</extent>
<extent unit="pages">
<start>E35</start>
<end>E38</end>
</extent>
<extent unit="pages">
<start>D23</start>
<end>D26</end>
</extent>
</part>
<originInfo>
<publisher>U.S. Government Publishing Office</publisher>
<dateIssued encoding="w3cdtf">2017-01-09</dateIssued>
<issuance>continuing</issuance>
<frequency authority="marcfrequency">daily</frequency>
</originInfo>
<physicalDescription>
<note type="source content type">deposited</note>
<digitalOrigin>born digital</digitalOrigin>
<extent>208 p.</extent>
</physicalDescription>
<classification authority="sudocs">X 1.1/A:</classification>
<classification authority="sudocs">X/A.</classification>
<identifier type="uri">https://www.gpo.gov/fdsys/pkg/CREC-2017-01-09</identifier>
<identifier type="local">P0b002ee194bef0c2</identifier>
<identifier type="stock number">752-002-00000-2</identifier>
<identifier type="ILS system id">000568013</identifier>
<identifier type="former package identifier">CR09JA17</identifier>
<recordInfo>
<recordContentSource authority="marcorg">DGPO</recordContentSource>
<recordCreationDate encoding="w3cdtf">2017-05-03</recordCreationDate>
<recordChangeDate encoding="w3cdtf">2017-08-21</recordChangeDate>
<recordIdentifier source="DGPO">CREC-2017-01-09</recordIdentifier>
<recordOrigin>machine generated</recordOrigin>
<languageOfCataloging>
<languageTerm authority="iso639-2b" type="code">eng</languageTerm>
</languageOfCataloging>
</recordInfo>
<accessCondition type="GPO scope determination">fdlp</accessCondition>
<extension>
<docClass>CREC</docClass>
<accessId>CREC-2017-01-09</accessId>
<volume>163</volume>
<issue>5</issue>
<congress>115</congress>
<session>1</session>
<bookCount>1</bookCount>
</extension>
</relatedItem>
</mods>