<mods ID="id-CREC-2017-02-06-pt1-PgH1006-2" version="3.3" xmlns="http://www.loc.gov/mods/v3" xmlns:exslt="http://exslt.org/common" xmlns:xlink="http://www.w3.org/1999/xlink" xmlns:xsi="http://www.w3.org/2001/XMLSchema-instance" xsi:schemaLocation="http://www.loc.gov/mods/v3 http://www.loc.gov/standards/mods/v3/mods-3-3.xsd">
<name type="corporate">
<namePart>United States Government Publishing Office</namePart>
<role>
<roleTerm authority="marcrelator" type="text">publisher</roleTerm>
<roleTerm authority="marcrelator" type="code">pbl</roleTerm>
</role>
<role>
<roleTerm authority="marcrelator" type="text">distributor</roleTerm>
<roleTerm authority="marcrelator" type="code">dst</roleTerm>
</role>
</name>
<name type="corporate">
<namePart>United States</namePart>
<namePart>Congress</namePart>
<role>
<roleTerm authority="marcrelator" type="text">author</roleTerm>
<roleTerm authority="marcrelator" type="code">aut</roleTerm>
</role>
<description>Government Organization</description>
</name>
<typeOfResource>text</typeOfResource>
<genre authority="marcgt">government publication</genre>
<language>
<languageTerm authority="iso639-2b" type="code">eng</languageTerm>
</language>
<extension>
<collectionCode>CREC</collectionCode>
<category>Proceedings of Congress and General Congressional Publications</category>
<waisDatabaseName>2017_record</waisDatabaseName>
<branch>legislative</branch>
<dateIngested>2018-01-31</dateIngested>
</extension>
<titleInfo>
<title>PUBLICATION OF COMMITTEE RULES</title>
<partName>House</partName>
</titleInfo>
<relatedItem type="otherFormat" xlink:href="https://www.gpo.gov/fdsys/pkg/CREC-2017-02-06/html/CREC-2017-02-06-pt1-PgH1006-2.htm">
<identifier type="FDsys Unique ID">D09002ee198292bfe</identifier>
</relatedItem>
<relatedItem type="otherFormat" xlink:href="https://www.gpo.gov/fdsys/pkg/CREC-2017-02-06/pdf/CREC-2017-02-06-pt1-PgH1006-2.pdf">
<identifier type="FDsys Unique ID">D09002ee198292c97</identifier>
</relatedItem>
<identifier type="congressional record citation">163 Cong. Rec. H1006</identifier>
<identifier type="uri">https://www.gpo.gov/fdsys/granule/CREC-2017-02-06/CREC-2017-02-06-pt1-PgH1006-2</identifier>
<identifier type="former granule identifier">cr06fe17-99</identifier>
<location>
<url access="object in context" displayLabel="Content Detail">https://www.gpo.gov/fdsys/granule/CREC-2017-02-06/CREC-2017-02-06-pt1-PgH1006-2/content-detail.html</url>
<url access="raw object" displayLabel="PDF rendition">https://www.gpo.gov/fdsys/pkg/CREC-2017-02-06/pdf/CREC-2017-02-06-pt1-PgH1006-2.pdf</url>
<url access="raw object" displayLabel="HTML rendition">https://www.gpo.gov/fdsys/pkg/CREC-2017-02-06/html/CREC-2017-02-06-pt1-PgH1006-2.htm</url>
</location>
<physicalDescription>
<extent>5 p.</extent>
</physicalDescription>
<part type="article">
<extent unit="pages">
<start>H1006</start>
<end>H1010</end>
</extent>
</part>
<name type="corporate">
<namePart>United States</namePart>
<namePart>Congress</namePart>
<namePart>House of Representatives</namePart>
<namePart>Committee on Small Business</namePart>
<role>
<roleTerm authority="marcrelator" type="text">associated name</roleTerm>
<roleTerm authority="marcrelator" type="code">asn</roleTerm>
</role>
<description>Government Organization</description>
</name>
<identifier type="preferred citation">163 Cong. Rec. H1006</identifier>
<extension>
<searchTitle>PUBLICATION OF COMMITTEE RULES; Congressional Record Vol. 163, No. 20</searchTitle>
<granuleClass>HOUSE</granuleClass>
<accessId>CREC-2017-02-06-pt1-PgH1006-2</accessId>
<subGranuleClass>ALLOTHER</subGranuleClass>
<pagePrefix>H</pagePrefix>
<bookNumber>1</bookNumber>
<chamber>HOUSE</chamber>
<granuleDate>2017-02-06</granuleDate>
<time from="21:00:00" to="21:00:00"/>
<congCommittee authorityId="hssm00" chamber="H" congress="115" type="S">
<name type="authority-standard">Committee on Small Business</name>
<name type="authority-short">Small Business</name>
</congCommittee>
<USCode title="44">
<section number="3502"/>
</USCode>
</extension>
<relatedItem type="isReferencedBy">
<titleInfo>
<title>United States Code</title>
<partNumber>Title 44 Section 3502</partNumber>
</titleInfo>
<identifier type="USC citation">44 U.S.C. 3502</identifier>
</relatedItem>
<relatedItem ID="P0b002ee19828bd5f" type="host">
<titleInfo>
<title>Congressional Record</title>
<partNumber>Vol. 163, no. 20</partNumber>
</titleInfo>
<location>
<url access="object in context" displayLabel="Content Detail">https://www.gpo.gov/fdsys/pkg/CREC-2017-02-06/content-detail.html</url>
<url access="raw object" displayLabel="PDF rendition">https://www.gpo.gov/fdsys/pkg/CREC-2017-02-06/pdf/CREC-2017-02-06.pdf</url>
</location>
<part type="issue">
<extent unit="pages">
<start>H979</start>
<end>H1014</end>
</extent>
<extent unit="pages">
<start>S685</start>
<end>S974</end>
</extent>
<extent unit="pages">
<start>E143</start>
<end>E151</end>
</extent>
<extent unit="pages">
<start>D132</start>
<end>D136</end>
</extent>
</part>
<originInfo>
<publisher>U.S. Government Publishing Office</publisher>
<dateIssued encoding="w3cdtf">2017-02-06</dateIssued>
<issuance>continuing</issuance>
<frequency authority="marcfrequency">daily</frequency>
</originInfo>
<physicalDescription>
<note type="source content type">deposited</note>
<digitalOrigin>born digital</digitalOrigin>
<extent>702 p.</extent>
</physicalDescription>
<classification authority="sudocs">X 1.1/A:</classification>
<classification authority="sudocs">X/A.</classification>
<identifier type="uri">https://www.gpo.gov/fdsys/pkg/CREC-2017-02-06</identifier>
<identifier type="local">P0b002ee19828bd5f</identifier>
<identifier type="stock number">752-002-00000-2</identifier>
<identifier type="ILS system id">000568013</identifier>
<identifier type="former package identifier">cr06fe17</identifier>
<recordInfo>
<recordContentSource authority="marcorg">DGPO</recordContentSource>
<recordCreationDate encoding="w3cdtf">2018-01-31</recordCreationDate>
<recordChangeDate encoding="w3cdtf">2018-01-31</recordChangeDate>
<recordIdentifier source="DGPO">CREC-2017-02-06</recordIdentifier>
<recordOrigin>machine generated</recordOrigin>
<languageOfCataloging>
<languageTerm authority="iso639-2b" type="code">eng</languageTerm>
</languageOfCataloging>
</recordInfo>
<accessCondition type="GPO scope determination">fdlp</accessCondition>
<extension>
<docClass>CREC</docClass>
<accessId>CREC-2017-02-06</accessId>
<volume>163</volume>
<issue>20</issue>
<congress>115</congress>
<session>1</session>
<bookCount>3</bookCount>
</extension>
</relatedItem>
</mods>