<mods ID="id-CREC-2017-01-23-pt1-PgH593" version="3.3" xmlns="http://www.loc.gov/mods/v3" xmlns:exslt="http://exslt.org/common" xmlns:xlink="http://www.w3.org/1999/xlink" xmlns:xsi="http://www.w3.org/2001/XMLSchema-instance" xsi:schemaLocation="http://www.loc.gov/mods/v3 http://www.loc.gov/standards/mods/v3/mods-3-3.xsd">
<name type="corporate">
<namePart>United States Government Publishing Office</namePart>
<role>
<roleTerm authority="marcrelator" type="text">publisher</roleTerm>
<roleTerm authority="marcrelator" type="code">pbl</roleTerm>
</role>
<role>
<roleTerm authority="marcrelator" type="text">distributor</roleTerm>
<roleTerm authority="marcrelator" type="code">dst</roleTerm>
</role>
</name>
<name type="corporate">
<namePart>United States</namePart>
<namePart>Congress</namePart>
<role>
<roleTerm authority="marcrelator" type="text">author</roleTerm>
<roleTerm authority="marcrelator" type="code">aut</roleTerm>
</role>
<description>Government Organization</description>
</name>
<typeOfResource>text</typeOfResource>
<genre authority="marcgt">government publication</genre>
<language>
<languageTerm authority="iso639-2b" type="code">eng</languageTerm>
</language>
<extension>
<collectionCode>CREC</collectionCode>
<category>Proceedings of Congress and General Congressional Publications</category>
<waisDatabaseName>2017_record</waisDatabaseName>
<branch>legislative</branch>
<dateIngested>2017-01-24</dateIngested>
</extension>
<titleInfo>
<title>REPORT ON RESOLUTION PROVIDING FOR CONSIDERATION OF H.R. 7, NO TAXPAYER FUNDING FOR ABORTION AND ABORTION INSURANCE FULL DISCLOSURE ACT OF 2017</title>
<partName>House</partName>
</titleInfo>
<relatedItem type="otherFormat" xlink:href="https://www.gpo.gov/fdsys/pkg/CREC-2017-01-23/html/CREC-2017-01-23-pt1-PgH593.htm">
<identifier type="FDsys Unique ID">D09002ee196a6da3d</identifier>
</relatedItem>
<relatedItem type="otherFormat" xlink:href="https://www.gpo.gov/fdsys/pkg/CREC-2017-01-23/pdf/CREC-2017-01-23-pt1-PgH593.pdf">
<identifier type="FDsys Unique ID">D09002ee196a6dabf</identifier>
</relatedItem>
<identifier type="congressional record citation">163 Cong. Rec. H593</identifier>
<identifier type="uri">https://www.gpo.gov/fdsys/granule/CREC-2017-01-23/CREC-2017-01-23-pt1-PgH593</identifier>
<identifier type="former granule identifier">cr23ja17-76</identifier>
<location>
<url access="object in context" displayLabel="Content Detail">https://www.gpo.gov/fdsys/granule/CREC-2017-01-23/CREC-2017-01-23-pt1-PgH593/content-detail.html</url>
<url access="raw object" displayLabel="PDF rendition">https://www.gpo.gov/fdsys/pkg/CREC-2017-01-23/pdf/CREC-2017-01-23-pt1-PgH593.pdf</url>
<url access="raw object" displayLabel="HTML rendition">https://www.gpo.gov/fdsys/pkg/CREC-2017-01-23/html/CREC-2017-01-23-pt1-PgH593.htm</url>
</location>
<physicalDescription>
<extent>1 p.</extent>
</physicalDescription>
<part type="article">
<extent unit="pages">
<start>H593</start>
<end>H593</end>
</extent>
</part>
<name type="corporate">
<namePart>United States</namePart>
<namePart>Congress</namePart>
<namePart>House of Representatives</namePart>
<namePart>Committee on Rules</namePart>
<role>
<roleTerm authority="marcrelator" type="text">associated name</roleTerm>
<roleTerm authority="marcrelator" type="code">asn</roleTerm>
</role>
<description>Government Organization</description>
</name>
<identifier type="preferred citation">163 Cong. Rec. H593</identifier>
<extension>
<searchTitle>REPORT ON RESOLUTION PROVIDING FOR CONSIDERATION OF H.R. 7, NO TAXPAYER FUNDING FOR ABORTION AND ABORTION INSURANCE FULL DISCLOSURE ACT OF 2017; Congressional Record Vol. 163, No. 12</searchTitle>
<granuleClass>HOUSE</granuleClass>
<accessId>CREC-2017-01-23-pt1-PgH593</accessId>
<subGranuleClass>HREPORTON</subGranuleClass>
<pagePrefix>H</pagePrefix>
<bookNumber>1</bookNumber>
<chamber>HOUSE</chamber>
<granuleDate>2017-01-23</granuleDate>
<time from="19:04:00" to="19:04:00"/>
<bill congress="115" context="TITLE" number="7" type="HR"/>
<bill congress="115" context="FIRSTPARAGRAPH" number="7" type="HR"/>
<bill congress="115" context="OTHER" number="7" type="HR"/>
<bill congress="115" context="FIRSTPARAGRAPH" number="55" type="HRES"/>
<bill congress="115" context="OTHER" number="55" type="HRES"/>
<congCommittee authorityId="hsru00" chamber="H" congress="115" type="S">
<name type="authority-standard">Committee on Rules</name>
<name type="authority-short">Rules</name>
</congCommittee>
</extension>
<relatedItem type="isReferencedBy">
<titleInfo>
<title>United States House Bill 7  (115th Congress)</title>
</titleInfo>
<identifier type="Congressional Bill citation">H.R. 7</identifier>
<extension>
<congress>115</congress>
<context>TITLE</context>
</extension>
</relatedItem>
<relatedItem type="isReferencedBy">
<titleInfo>
<title>United States House Bill 7  (115th Congress)</title>
</titleInfo>
<identifier type="Congressional Bill citation">H.R. 7</identifier>
<extension>
<congress>115</congress>
<context>FIRSTPARAGRAPH</context>
</extension>
</relatedItem>
<relatedItem type="isReferencedBy">
<titleInfo>
<title>United States House Bill 7  (115th Congress)</title>
</titleInfo>
<identifier type="Congressional Bill citation">H.R. 7</identifier>
<extension>
<congress>115</congress>
<context>OTHER</context>
</extension>
</relatedItem>
<relatedItem type="isReferencedBy">
<titleInfo>
<title>United States House Resolution 55  (115th Congress)</title>
</titleInfo>
<identifier type="Congressional Bill citation">H. Res. 55</identifier>
<extension>
<congress>115</congress>
<context>FIRSTPARAGRAPH</context>
</extension>
</relatedItem>
<relatedItem type="isReferencedBy">
<titleInfo>
<title>United States House Resolution 55  (115th Congress)</title>
</titleInfo>
<identifier type="Congressional Bill citation">H. Res. 55</identifier>
<extension>
<congress>115</congress>
<context>OTHER</context>
</extension>
</relatedItem>
<relatedItem ID="P0b002ee1937b4966" type="host">
<titleInfo>
<title>Congressional Record</title>
<partNumber>Vol. 163, no. 12</partNumber>
</titleInfo>
<location>
<url access="object in context" displayLabel="Content Detail">https://www.gpo.gov/fdsys/pkg/CREC-2017-01-23/content-detail.html</url>
<url access="raw object" displayLabel="PDF rendition">https://www.gpo.gov/fdsys/pkg/CREC-2017-01-23/pdf/CREC-2017-01-23.pdf</url>
</location>
<part type="issue">
<extent unit="pages">
<start>H563</start>
<end>H609</end>
</extent>
<extent unit="pages">
<start>S367</start>
<end>S405</end>
</extent>
<extent unit="pages">
<start>E75</start>
<end>E80</end>
</extent>
<extent unit="pages">
<start>D62</start>
<end>D66</end>
</extent>
</part>
<originInfo>
<publisher>U.S. Government Publishing Office</publisher>
<dateIssued encoding="w3cdtf">2017-01-23</dateIssued>
<issuance>continuing</issuance>
<frequency authority="marcfrequency">daily</frequency>
</originInfo>
<physicalDescription>
<note type="source content type">deposited</note>
<digitalOrigin>born digital</digitalOrigin>
<extent>194 p.</extent>
</physicalDescription>
<classification authority="sudocs">X 1.1/A:</classification>
<classification authority="sudocs">X/A.</classification>
<identifier type="uri">https://www.gpo.gov/fdsys/pkg/CREC-2017-01-23</identifier>
<identifier type="local">P0b002ee1937b4966</identifier>
<identifier type="stock number">752-002-00000-2</identifier>
<identifier type="ILS system id">000568013</identifier>
<identifier type="former package identifier">cr23ja17</identifier>
<recordInfo>
<recordContentSource authority="marcorg">DGPO</recordContentSource>
<recordCreationDate encoding="w3cdtf">2017-01-24</recordCreationDate>
<recordChangeDate encoding="w3cdtf">2017-08-21</recordChangeDate>
<recordIdentifier source="DGPO">CREC-2017-01-23</recordIdentifier>
<recordOrigin>machine generated</recordOrigin>
<languageOfCataloging>
<languageTerm authority="iso639-2b" type="code">eng</languageTerm>
</languageOfCataloging>
</recordInfo>
<accessCondition type="GPO scope determination">fdlp</accessCondition>
<extension>
<docClass>CREC</docClass>
<accessId>CREC-2017-01-23</accessId>
<volume>163</volume>
<issue>12</issue>
<congress>115</congress>
<session>1</session>
<bookCount>1</bookCount>
</extension>
</relatedItem>
</mods>