<mods ID="id-CREC-2017-01-04-pt1-PgH63" version="3.3" xmlns="http://www.loc.gov/mods/v3" xmlns:exslt="http://exslt.org/common" xmlns:xlink="http://www.w3.org/1999/xlink" xmlns:xsi="http://www.w3.org/2001/XMLSchema-instance" xsi:schemaLocation="http://www.loc.gov/mods/v3 http://www.loc.gov/standards/mods/v3/mods-3-3.xsd">
<name type="corporate">
<namePart>United States Government Publishing Office</namePart>
<role>
<roleTerm authority="marcrelator" type="text">publisher</roleTerm>
<roleTerm authority="marcrelator" type="code">pbl</roleTerm>
</role>
<role>
<roleTerm authority="marcrelator" type="text">distributor</roleTerm>
<roleTerm authority="marcrelator" type="code">dst</roleTerm>
</role>
</name>
<name type="corporate">
<namePart>United States</namePart>
<namePart>Congress</namePart>
<role>
<roleTerm authority="marcrelator" type="text">author</roleTerm>
<roleTerm authority="marcrelator" type="code">aut</roleTerm>
</role>
<description>Government Organization</description>
</name>
<typeOfResource>text</typeOfResource>
<genre authority="marcgt">government publication</genre>
<language>
<languageTerm authority="iso639-2b" type="code">eng</languageTerm>
</language>
<extension>
<collectionCode>CREC</collectionCode>
<category>Proceedings of Congress and General Congressional Publications</category>
<waisDatabaseName>2017_record</waisDatabaseName>
<branch>legislative</branch>
<dateIngested>2017-05-03</dateIngested>
</extension>
<titleInfo>
<title>TAXPAYERS RIGHT-TO-KNOW ACT</title>
<partName>House</partName>
</titleInfo>
<relatedItem type="otherFormat" xlink:href="https://www.gpo.gov/fdsys/pkg/CREC-2017-01-04/html/CREC-2017-01-04-pt1-PgH63.htm">
<identifier type="FDsys Unique ID">D09002ee196a6991a</identifier>
</relatedItem>
<relatedItem type="otherFormat" xlink:href="https://www.gpo.gov/fdsys/pkg/CREC-2017-01-04/pdf/CREC-2017-01-04-pt1-PgH63.pdf">
<identifier type="FDsys Unique ID">D09002ee196a69b62</identifier>
</relatedItem>
<identifier type="congressional record citation">163 Cong. Rec. H63</identifier>
<identifier type="uri">https://www.gpo.gov/fdsys/granule/CREC-2017-01-04/CREC-2017-01-04-pt1-PgH63</identifier>
<identifier type="former granule identifier">CR04JA17-75</identifier>
<location>
<url access="object in context" displayLabel="Content Detail">https://www.gpo.gov/fdsys/granule/CREC-2017-01-04/CREC-2017-01-04-pt1-PgH63/content-detail.html</url>
<url access="raw object" displayLabel="PDF rendition">https://www.gpo.gov/fdsys/pkg/CREC-2017-01-04/pdf/CREC-2017-01-04-pt1-PgH63.pdf</url>
<url access="raw object" displayLabel="HTML rendition">https://www.gpo.gov/fdsys/pkg/CREC-2017-01-04/html/CREC-2017-01-04-pt1-PgH63.htm</url>
</location>
<physicalDescription>
<extent>3 p.</extent>
</physicalDescription>
<part type="article">
<extent unit="pages">
<start>H63</start>
<end>H65</end>
</extent>
</part>
<name type="personal">
<namePart>Jason Chaffetz</namePart>
<affiliation>United States House of Representatives</affiliation>
<role>
<roleTerm type="text">speaking</roleTerm>
</role>
<description>United States Congress Member</description>
</name>
<name type="personal">
<namePart>Tim Walberg</namePart>
<affiliation>United States House of Representatives</affiliation>
<role>
<roleTerm type="text">speaking</roleTerm>
</role>
<description>United States Congress Member</description>
</name>
<name type="personal">
<namePart>Wm. Lacy Clay</namePart>
<affiliation>United States House of Representatives</affiliation>
<role>
<roleTerm type="text">speaking</roleTerm>
</role>
<description>United States Congress Member</description>
</name>
<name type="personal">
<namePart>Ryan A. Costello</namePart>
<affiliation>United States House of Representatives</affiliation>
<role>
<roleTerm type="text">speaking</roleTerm>
</role>
<description>United States Congress Member</description>
</name>
<identifier type="preferred citation">163 Cong. Rec. H63</identifier>
<extension>
<searchTitle>TAXPAYERS RIGHT-TO-KNOW ACT; Congressional Record Vol. 163, No. 2</searchTitle>
<associatedBills>H.R. 71, 115th Congress
        </associatedBills>
<granuleClass>HOUSE</granuleClass>
<accessId>CREC-2017-01-04-pt1-PgH63</accessId>
<subGranuleClass>ALLOTHER</subGranuleClass>
<pagePrefix>H</pagePrefix>
<bookNumber>1</bookNumber>
<chamber>HOUSE</chamber>
<granuleDate>2017-01-04</granuleDate>
<time from="12:30:00" to="12:45:00"/>
<bill congress="115" context="HEADERLINE" number="71" type="HR"/>
<bill congress="115" context="FIRSTPARAGRAPH" number="71" type="HR"/>
<bill congress="115" context="OTHER" number="71" type="HR"/>
<congMember authorityId="1956" bioGuideId="C001076" chamber="H" congress="115" gpoId="8191" party="R" role="SPEAKING" state="UT">
<name type="parsed">Mr. CHAFFETZ</name>
<name type="authority-fnf">Jason Chaffetz</name>
<name type="authority-lnf">Chaffetz, Jason</name>
</congMember>
<congMember authorityId="1855" bioGuideId="W000798" chamber="H" congress="115" gpoId="7992" party="R" role="SPEAKING" state="MI">
<name type="parsed">Mr. WALBERG</name>
<name type="authority-fnf">Tim Walberg</name>
<name type="authority-lnf">Walberg, Tim</name>
</congMember>
<congMember authorityId="1654" bioGuideId="C001049" chamber="H" congress="115" gpoId="8009" party="D" role="SPEAKING" state="MO">
<name type="parsed">Mr. CLAY</name>
<name type="authority-fnf">Wm. Lacy Clay</name>
<name type="authority-lnf">Clay, Wm. Lacy</name>
<name type="authority-other">William Lacy Clay</name>
</congMember>
<congMember authorityId="2266" bioGuideId="C001106" chamber="H" congress="115" party="R" role="SPEAKING" state="PA">
<name type="parsed">Mr. COSTELLO of Pennsylvania</name>
<name type="authority-fnf">Ryan A. Costello</name>
<name type="authority-lnf">Costello, Ryan A.</name>
<name type="authority-other">Mr. Ryan Costello</name>
</congMember>
<USCode title="2">
<section number="622"/>
</USCode>
<USCode title="31">
<section detail="(a)" number="1122"/>
<section detail="(a)(2)(C)(i)" number="1122"/>
<section detail="note" number="6101"/>
</USCode>
</extension>
<relatedItem type="isReferencedBy">
<titleInfo>
<title>United States House Bill 71  (115th Congress)</title>
</titleInfo>
<identifier type="Congressional Bill citation">H.R. 71</identifier>
<extension>
<congress>115</congress>
<context>HEADERLINE</context>
</extension>
</relatedItem>
<relatedItem type="isReferencedBy">
<titleInfo>
<title>United States House Bill 71  (115th Congress)</title>
</titleInfo>
<identifier type="Congressional Bill citation">H.R. 71</identifier>
<extension>
<congress>115</congress>
<context>FIRSTPARAGRAPH</context>
</extension>
</relatedItem>
<relatedItem type="isReferencedBy">
<titleInfo>
<title>United States House Bill 71  (115th Congress)</title>
</titleInfo>
<identifier type="Congressional Bill citation">H.R. 71</identifier>
<extension>
<congress>115</congress>
<context>OTHER</context>
</extension>
</relatedItem>
<relatedItem type="isReferencedBy">
<titleInfo>
<title>United States Code</title>
<partNumber>Title 2 Section 622</partNumber>
</titleInfo>
<identifier type="USC citation">2 U.S.C. 622</identifier>
</relatedItem>
<relatedItem type="isReferencedBy">
<titleInfo>
<title>United States Code</title>
<partNumber>Title 31 Section 1122(a)</partNumber>
<partNumber>Title 31 Section 1122(a)(2)(C)(i)</partNumber>
<partNumber>Title 31 Section 6101note</partNumber>
</titleInfo>
<identifier type="USC citation">31 U.S.C. 1122(a)</identifier>
<identifier type="USC citation">31 U.S.C. 1122(a)(2)(C)(i)</identifier>
<identifier type="USC citation">31 U.S.C. 6101note</identifier>
</relatedItem>
<relatedItem ID="P0b002ee1949f54ad" type="host">
<titleInfo>
<title>Congressional Record</title>
<partNumber>Vol. 163, no. 2</partNumber>
</titleInfo>
<location>
<url access="object in context" displayLabel="Content Detail">https://www.gpo.gov/fdsys/pkg/CREC-2017-01-04/content-detail.html</url>
<url access="raw object" displayLabel="PDF rendition">https://www.gpo.gov/fdsys/pkg/CREC-2017-01-04/pdf/CREC-2017-01-04.pdf</url>
</location>
<part type="issue">
<extent unit="pages">
<start>H55</start>
<end>H99</end>
</extent>
<extent unit="pages">
<start>S29</start>
<end>S71</end>
</extent>
<extent unit="pages">
<start>E15</start>
<end>E22</end>
</extent>
<extent unit="pages">
<start>D8</start>
<end>D12</end>
</extent>
</part>
<originInfo>
<publisher>U.S. Government Publishing Office</publisher>
<dateIssued encoding="w3cdtf">2017-01-04</dateIssued>
<issuance>continuing</issuance>
<frequency authority="marcfrequency">daily</frequency>
</originInfo>
<physicalDescription>
<note type="source content type">deposited</note>
<digitalOrigin>born digital</digitalOrigin>
<extent>202 p.</extent>
</physicalDescription>
<classification authority="sudocs">X 1.1/A:</classification>
<classification authority="sudocs">X/A.</classification>
<identifier type="uri">https://www.gpo.gov/fdsys/pkg/CREC-2017-01-04</identifier>
<identifier type="local">P0b002ee1949f54ad</identifier>
<identifier type="stock number">752-002-00000-2</identifier>
<identifier type="ILS system id">000568013</identifier>
<identifier type="former package identifier">CR04JA17</identifier>
<recordInfo>
<recordContentSource authority="marcorg">DGPO</recordContentSource>
<recordCreationDate encoding="w3cdtf">2017-05-03</recordCreationDate>
<recordChangeDate encoding="w3cdtf">2017-08-21</recordChangeDate>
<recordIdentifier source="DGPO">CREC-2017-01-04</recordIdentifier>
<recordOrigin>machine generated</recordOrigin>
<languageOfCataloging>
<languageTerm authority="iso639-2b" type="code">eng</languageTerm>
</languageOfCataloging>
</recordInfo>
<accessCondition type="GPO scope determination">fdlp</accessCondition>
<extension>
<docClass>CREC</docClass>
<accessId>CREC-2017-01-04</accessId>
<volume>163</volume>
<issue>2</issue>
<congress>115</congress>
<session>1</session>
<bookCount>1</bookCount>
</extension>
</relatedItem>
</mods>