<mods ID="id-CREC-2017-02-27-pt1-PgH1336-3" version="3.3" xmlns="http://www.loc.gov/mods/v3" xmlns:exslt="http://exslt.org/common" xmlns:xlink="http://www.w3.org/1999/xlink" xmlns:xsi="http://www.w3.org/2001/XMLSchema-instance" xsi:schemaLocation="http://www.loc.gov/mods/v3 http://www.loc.gov/standards/mods/v3/mods-3-3.xsd">
<name type="corporate">
<namePart>United States Government Publishing Office</namePart>
<role>
<roleTerm authority="marcrelator" type="text">publisher</roleTerm>
<roleTerm authority="marcrelator" type="code">pbl</roleTerm>
</role>
<role>
<roleTerm authority="marcrelator" type="text">distributor</roleTerm>
<roleTerm authority="marcrelator" type="code">dst</roleTerm>
</role>
</name>
<name type="corporate">
<namePart>United States</namePart>
<namePart>Congress</namePart>
<role>
<roleTerm authority="marcrelator" type="text">author</roleTerm>
<roleTerm authority="marcrelator" type="code">aut</roleTerm>
</role>
<description>Government Organization</description>
</name>
<typeOfResource>text</typeOfResource>
<genre authority="marcgt">government publication</genre>
<language>
<languageTerm authority="iso639-2b" type="code">eng</languageTerm>
</language>
<extension>
<collectionCode>CREC</collectionCode>
<category>Proceedings of Congress and General Congressional Publications</category>
<waisDatabaseName>2017_record</waisDatabaseName>
<branch>legislative</branch>
<dateIngested>2017-06-09</dateIngested>
</extension>
<titleInfo>
<title>ANNOUNCEMENT BY THE SPEAKER PRO TEMPORE</title>
<partName>House</partName>
</titleInfo>
<relatedItem type="otherFormat" xlink:href="https://www.gpo.gov/fdsys/pkg/CREC-2017-02-27/html/CREC-2017-02-27-pt1-PgH1336-3.htm">
<identifier type="FDsys Unique ID">D09002ee196a700b3</identifier>
</relatedItem>
<relatedItem type="otherFormat" xlink:href="https://www.gpo.gov/fdsys/pkg/CREC-2017-02-27/pdf/CREC-2017-02-27-pt1-PgH1336-3.pdf">
<identifier type="FDsys Unique ID">D09002ee196a705b8</identifier>
</relatedItem>
<identifier type="congressional record citation">163 Cong. Rec. H1336</identifier>
<identifier type="uri">https://www.gpo.gov/fdsys/granule/CREC-2017-02-27/CREC-2017-02-27-pt1-PgH1336-3</identifier>
<identifier type="former granule identifier">CR27FE17-82</identifier>
<location>
<url access="object in context" displayLabel="Content Detail">https://www.gpo.gov/fdsys/granule/CREC-2017-02-27/CREC-2017-02-27-pt1-PgH1336-3/content-detail.html</url>
<url access="raw object" displayLabel="PDF rendition">https://www.gpo.gov/fdsys/pkg/CREC-2017-02-27/pdf/CREC-2017-02-27-pt1-PgH1336-3.pdf</url>
<url access="raw object" displayLabel="HTML rendition">https://www.gpo.gov/fdsys/pkg/CREC-2017-02-27/html/CREC-2017-02-27-pt1-PgH1336-3.htm</url>
</location>
<physicalDescription>
<extent>2 p.</extent>
</physicalDescription>
<part type="article">
<extent unit="pages">
<start>H1336</start>
<end>H1337</end>
</extent>
</part>
<identifier type="preferred citation">163 Cong. Rec. H1336</identifier>
<extension>
<searchTitle>ANNOUNCEMENT BY THE SPEAKER PRO TEMPORE; Congressional Record Vol. 163, No. 34</searchTitle>
<granuleClass>HOUSE</granuleClass>
<accessId>CREC-2017-02-27-pt1-PgH1336-3</accessId>
<subGranuleClass>HANNOUNCEMENT</subGranuleClass>
<pagePrefix>H</pagePrefix>
<bookNumber>1</bookNumber>
<chamber>HOUSE</chamber>
<granuleDate>2017-02-27</granuleDate>
<time from="18:30:00" to="18:30:00"/>
<bill congress="115" context="FIRSTPARAGRAPH" number="699" type="HR"/>
<bill congress="115" context="OTHER" number="699" type="HR"/>
<bill congress="115" context="FIRSTPARAGRAPH" number="863" type="HR"/>
<bill congress="115" context="OTHER" number="863" type="HR"/>
</extension>
<relatedItem type="isReferencedBy">
<titleInfo>
<title>United States House Bill 699  (115th Congress)</title>
</titleInfo>
<identifier type="Congressional Bill citation">H.R. 699</identifier>
<extension>
<congress>115</congress>
<context>FIRSTPARAGRAPH</context>
</extension>
</relatedItem>
<relatedItem type="isReferencedBy">
<titleInfo>
<title>United States House Bill 699  (115th Congress)</title>
</titleInfo>
<identifier type="Congressional Bill citation">H.R. 699</identifier>
<extension>
<congress>115</congress>
<context>OTHER</context>
</extension>
</relatedItem>
<relatedItem type="isReferencedBy">
<titleInfo>
<title>United States House Bill 863  (115th Congress)</title>
</titleInfo>
<identifier type="Congressional Bill citation">H.R. 863</identifier>
<extension>
<congress>115</congress>
<context>FIRSTPARAGRAPH</context>
</extension>
</relatedItem>
<relatedItem type="isReferencedBy">
<titleInfo>
<title>United States House Bill 863  (115th Congress)</title>
</titleInfo>
<identifier type="Congressional Bill citation">H.R. 863</identifier>
<extension>
<congress>115</congress>
<context>OTHER</context>
</extension>
</relatedItem>
<relatedItem ID="P0b002ee1952694bc" type="host">
<titleInfo>
<title>Congressional Record</title>
<partNumber>Vol. 163, no. 34</partNumber>
</titleInfo>
<location>
<url access="object in context" displayLabel="Content Detail">https://www.gpo.gov/fdsys/pkg/CREC-2017-02-27/content-detail.html</url>
<url access="raw object" displayLabel="PDF rendition">https://www.gpo.gov/fdsys/pkg/CREC-2017-02-27/pdf/CREC-2017-02-27.pdf</url>
</location>
<part type="issue">
<extent unit="pages">
<start>H1323</start>
<end>H1357</end>
</extent>
<extent unit="pages">
<start>S1421</start>
<end>S1455</end>
</extent>
<extent unit="pages">
<start>E231</start>
<end>E242</end>
</extent>
<extent unit="pages">
<start>D194</start>
<end>D200</end>
</extent>
</part>
<originInfo>
<publisher>U.S. Government Publishing Office</publisher>
<dateIssued encoding="w3cdtf">2017-02-27</dateIssued>
<issuance>continuing</issuance>
<frequency authority="marcfrequency">daily</frequency>
</originInfo>
<physicalDescription>
<note type="source content type">deposited</note>
<digitalOrigin>born digital</digitalOrigin>
<extent>178 p.</extent>
</physicalDescription>
<classification authority="sudocs">X 1.1/A:</classification>
<classification authority="sudocs">X/A.</classification>
<identifier type="uri">https://www.gpo.gov/fdsys/pkg/CREC-2017-02-27</identifier>
<identifier type="local">P0b002ee1952694bc</identifier>
<identifier type="stock number">752-002-00000-2</identifier>
<identifier type="ILS system id">000568013</identifier>
<identifier type="former package identifier">CR27FE17</identifier>
<recordInfo>
<recordContentSource authority="marcorg">DGPO</recordContentSource>
<recordCreationDate encoding="w3cdtf">2017-06-09</recordCreationDate>
<recordChangeDate encoding="w3cdtf">2017-08-21</recordChangeDate>
<recordIdentifier source="DGPO">CREC-2017-02-27</recordIdentifier>
<recordOrigin>machine generated</recordOrigin>
<languageOfCataloging>
<languageTerm authority="iso639-2b" type="code">eng</languageTerm>
</languageOfCataloging>
</recordInfo>
<accessCondition type="GPO scope determination">fdlp</accessCondition>
<extension>
<docClass>CREC</docClass>
<accessId>CREC-2017-02-27</accessId>
<volume>163</volume>
<issue>34</issue>
<congress>115</congress>
<session>1</session>
<bookCount>1</bookCount>
</extension>
</relatedItem>
</mods>