<mods ID="id-CREC-2017-01-17-pt1-PgH553-7" version="3.3" xmlns="http://www.loc.gov/mods/v3" xmlns:exslt="http://exslt.org/common" xmlns:xlink="http://www.w3.org/1999/xlink" xmlns:xsi="http://www.w3.org/2001/XMLSchema-instance" xsi:schemaLocation="http://www.loc.gov/mods/v3 http://www.loc.gov/standards/mods/v3/mods-3-3.xsd">
<name type="corporate">
<namePart>United States Government Publishing Office</namePart>
<role>
<roleTerm authority="marcrelator" type="text">publisher</roleTerm>
<roleTerm authority="marcrelator" type="code">pbl</roleTerm>
</role>
<role>
<roleTerm authority="marcrelator" type="text">distributor</roleTerm>
<roleTerm authority="marcrelator" type="code">dst</roleTerm>
</role>
</name>
<name type="corporate">
<namePart>United States</namePart>
<namePart>Congress</namePart>
<role>
<roleTerm authority="marcrelator" type="text">author</roleTerm>
<roleTerm authority="marcrelator" type="code">aut</roleTerm>
</role>
<description>Government Organization</description>
</name>
<typeOfResource>text</typeOfResource>
<genre authority="marcgt">government publication</genre>
<language>
<languageTerm authority="iso639-2b" type="code">eng</languageTerm>
</language>
<extension>
<collectionCode>CREC</collectionCode>
<category>Proceedings of Congress and General Congressional Publications</category>
<waisDatabaseName>2017_record</waisDatabaseName>
<branch>legislative</branch>
<dateIngested>2017-01-18</dateIngested>
</extension>
<titleInfo>
<title>ADDITIONAL SPONSORS</title>
<partName>House</partName>
</titleInfo>
<relatedItem type="otherFormat" xlink:href="https://www.gpo.gov/fdsys/pkg/CREC-2017-01-17/html/CREC-2017-01-17-pt1-PgH553-7.htm">
<identifier type="FDsys Unique ID">D09002ee196a6d8e5</identifier>
</relatedItem>
<relatedItem type="otherFormat" xlink:href="https://www.gpo.gov/fdsys/pkg/CREC-2017-01-17/pdf/CREC-2017-01-17-pt1-PgH553-7.pdf">
<identifier type="FDsys Unique ID">D09002ee196a6d957</identifier>
</relatedItem>
<identifier type="congressional record citation">163 Cong. Rec. H553</identifier>
<identifier type="uri">https://www.gpo.gov/fdsys/granule/CREC-2017-01-17/CREC-2017-01-17-pt1-PgH553-7</identifier>
<identifier type="former granule identifier">cr17ja17-37</identifier>
<location>
<url access="object in context" displayLabel="Content Detail">https://www.gpo.gov/fdsys/granule/CREC-2017-01-17/CREC-2017-01-17-pt1-PgH553-7/content-detail.html</url>
<url access="raw object" displayLabel="PDF rendition">https://www.gpo.gov/fdsys/pkg/CREC-2017-01-17/pdf/CREC-2017-01-17-pt1-PgH553-7.pdf</url>
<url access="raw object" displayLabel="HTML rendition">https://www.gpo.gov/fdsys/pkg/CREC-2017-01-17/html/CREC-2017-01-17-pt1-PgH553-7.htm</url>
</location>
<physicalDescription>
<extent>1 p.</extent>
</physicalDescription>
<part type="article">
<extent unit="pages">
<start>H553</start>
<end>H553</end>
</extent>
</part>
<identifier type="preferred citation">163 Cong. Rec. H553</identifier>
<extension>
<searchTitle>ADDITIONAL SPONSORS; Congressional Record Vol. 163, No. 10</searchTitle>
<granuleClass>HOUSE</granuleClass>
<accessId>CREC-2017-01-17-pt1-PgH553-7</accessId>
<subGranuleClass>HADDSPONSORS</subGranuleClass>
<pagePrefix>H</pagePrefix>
<bookNumber>1</bookNumber>
<chamber>HOUSE</chamber>
<granuleDate>2017-01-17</granuleDate>
<bill congress="115" context="OTHER" number="8" type="HCONRES"/>
<bill congress="115" context="OTHER" number="30" type="HRES"/>
<bill congress="115" context="OTHER" number="38" type="HR"/>
<bill congress="115" context="OTHER" number="60" type="HR"/>
<bill congress="115" context="OTHER" number="300" type="HR"/>
<bill congress="115" context="OTHER" number="331" type="HR"/>
<bill congress="115" context="OTHER" number="332" type="HR"/>
<bill congress="115" context="OTHER" number="334" type="HR"/>
<bill congress="115" context="OTHER" number="365" type="HR"/>
<bill congress="115" context="OTHER" number="460" type="HR"/>
<bill congress="115" context="OTHER" number="466" type="HR"/>
<bill congress="115" context="OTHER" number="525" type="HR"/>
</extension>
<relatedItem type="isReferencedBy">
<titleInfo>
<title>United States House Concurrent Resolution 8  (115th Congress)</title>
</titleInfo>
<identifier type="Congressional Bill citation">H. Con. Res. 8</identifier>
<extension>
<congress>115</congress>
<context>OTHER</context>
</extension>
</relatedItem>
<relatedItem type="isReferencedBy">
<titleInfo>
<title>United States House Resolution 30  (115th Congress)</title>
</titleInfo>
<identifier type="Congressional Bill citation">H. Res. 30</identifier>
<extension>
<congress>115</congress>
<context>OTHER</context>
</extension>
</relatedItem>
<relatedItem type="isReferencedBy">
<titleInfo>
<title>United States House Bill 38  (115th Congress)</title>
</titleInfo>
<identifier type="Congressional Bill citation">H.R. 38</identifier>
<extension>
<congress>115</congress>
<context>OTHER</context>
</extension>
</relatedItem>
<relatedItem type="isReferencedBy">
<titleInfo>
<title>United States House Bill 60  (115th Congress)</title>
</titleInfo>
<identifier type="Congressional Bill citation">H.R. 60</identifier>
<extension>
<congress>115</congress>
<context>OTHER</context>
</extension>
</relatedItem>
<relatedItem type="isReferencedBy">
<titleInfo>
<title>United States House Bill 300  (115th Congress)</title>
</titleInfo>
<identifier type="Congressional Bill citation">H.R. 300</identifier>
<extension>
<congress>115</congress>
<context>OTHER</context>
</extension>
</relatedItem>
<relatedItem type="isReferencedBy">
<titleInfo>
<title>United States House Bill 331  (115th Congress)</title>
</titleInfo>
<identifier type="Congressional Bill citation">H.R. 331</identifier>
<extension>
<congress>115</congress>
<context>OTHER</context>
</extension>
</relatedItem>
<relatedItem type="isReferencedBy">
<titleInfo>
<title>United States House Bill 332  (115th Congress)</title>
</titleInfo>
<identifier type="Congressional Bill citation">H.R. 332</identifier>
<extension>
<congress>115</congress>
<context>OTHER</context>
</extension>
</relatedItem>
<relatedItem type="isReferencedBy">
<titleInfo>
<title>United States House Bill 334  (115th Congress)</title>
</titleInfo>
<identifier type="Congressional Bill citation">H.R. 334</identifier>
<extension>
<congress>115</congress>
<context>OTHER</context>
</extension>
</relatedItem>
<relatedItem type="isReferencedBy">
<titleInfo>
<title>United States House Bill 365  (115th Congress)</title>
</titleInfo>
<identifier type="Congressional Bill citation">H.R. 365</identifier>
<extension>
<congress>115</congress>
<context>OTHER</context>
</extension>
</relatedItem>
<relatedItem type="isReferencedBy">
<titleInfo>
<title>United States House Bill 460  (115th Congress)</title>
</titleInfo>
<identifier type="Congressional Bill citation">H.R. 460</identifier>
<extension>
<congress>115</congress>
<context>OTHER</context>
</extension>
</relatedItem>
<relatedItem type="isReferencedBy">
<titleInfo>
<title>United States House Bill 466  (115th Congress)</title>
</titleInfo>
<identifier type="Congressional Bill citation">H.R. 466</identifier>
<extension>
<congress>115</congress>
<context>OTHER</context>
</extension>
</relatedItem>
<relatedItem type="isReferencedBy">
<titleInfo>
<title>United States House Bill 525  (115th Congress)</title>
</titleInfo>
<identifier type="Congressional Bill citation">H.R. 525</identifier>
<extension>
<congress>115</congress>
<context>OTHER</context>
</extension>
</relatedItem>
<relatedItem ID="P0b002ee1935e95b7" type="host">
<titleInfo>
<title>Congressional Record</title>
<partNumber>Vol. 163, no. 10</partNumber>
</titleInfo>
<location>
<url access="object in context" displayLabel="Content Detail">https://www.gpo.gov/fdsys/pkg/CREC-2017-01-17/content-detail.html</url>
<url access="raw object" displayLabel="PDF rendition">https://www.gpo.gov/fdsys/pkg/CREC-2017-01-17/pdf/CREC-2017-01-17.pdf</url>
</location>
<part type="issue">
<extent unit="pages">
<start>H551</start>
<end>H553</end>
</extent>
<extent unit="pages">
<start>S323</start>
<end>S346</end>
</extent>
<extent unit="pages">
<start>E71</start>
<end>E71</end>
</extent>
<extent unit="pages">
<start>D51</start>
<end>D54</end>
</extent>
</part>
<originInfo>
<publisher>U.S. Government Publishing Office</publisher>
<dateIssued encoding="w3cdtf">2017-01-17</dateIssued>
<issuance>continuing</issuance>
<frequency authority="marcfrequency">daily</frequency>
</originInfo>
<physicalDescription>
<note type="source content type">deposited</note>
<digitalOrigin>born digital</digitalOrigin>
<extent>64 p.</extent>
</physicalDescription>
<classification authority="sudocs">X 1.1/A:</classification>
<classification authority="sudocs">X/A.</classification>
<identifier type="uri">https://www.gpo.gov/fdsys/pkg/CREC-2017-01-17</identifier>
<identifier type="local">P0b002ee1935e95b7</identifier>
<identifier type="stock number">752-002-00000-2</identifier>
<identifier type="ILS system id">000568013</identifier>
<identifier type="former package identifier">cr17ja17</identifier>
<recordInfo>
<recordContentSource authority="marcorg">DGPO</recordContentSource>
<recordCreationDate encoding="w3cdtf">2017-01-18</recordCreationDate>
<recordChangeDate encoding="w3cdtf">2017-08-21</recordChangeDate>
<recordIdentifier source="DGPO">CREC-2017-01-17</recordIdentifier>
<recordOrigin>machine generated</recordOrigin>
<languageOfCataloging>
<languageTerm authority="iso639-2b" type="code">eng</languageTerm>
</languageOfCataloging>
</recordInfo>
<accessCondition type="GPO scope determination">fdlp</accessCondition>
<extension>
<docClass>CREC</docClass>
<accessId>CREC-2017-01-17</accessId>
<volume>163</volume>
<issue>10</issue>
<congress>115</congress>
<session>1</session>
<bookCount>1</bookCount>
</extension>
</relatedItem>
</mods>