speaker_id,first_name,last_name,type,party,state,district,bio_guide_id,congress_id
2311,Nanette,BARRAGAN,REPRESENTATIVE,D,CA,N/A,B001300,115
1996,Karen,BASS,REPRESENTATIVE,D,CA,37,B001270,114
2153,Joyce,BEATTY,REPRESENTATIVE,D,OH,3,B001281,114
1965,Michael,BENNET,SENATOR,D,CO,N/A,B001267,114
2071,Jaime,BEUTLER,REPRESENTATIVE,R,WA,3,H001056,114
99,Earl,BLUMENAUER,REPRESENTATIVE,D,OR,3,B000574,114
2076,Richard,BLUMENTHAL,SENATOR,D,CT,N/A,B001277,114
2194,Cory,BOOKER,SENATOR,D,NJ,N/A,B001288,114
1676,Shelley,CAPITO,SENATOR,R,WV,N/A,C001047,115
,,CARDIN,SENATOR,D,MD,N/A,99999999999999999,114
1912,Mike,COFFMAN,REPRESENTATIVE,R,CO,6,C001077,114
,,COHEN,REPRESENTATIVE,D,TN,9,99999999999999999,114
1825,Bob,CORKER,SENATOR,R,TN,N/A,C001071,114
2098,Tom,COTTON,SENATOR,R,AR,N/A,C001095,114
326,Richard,DURBIN,SENATOR,D,IL,N/A,D000563,114
1542,Michael,ENZI,SENATOR,R,WY,N/A,E000285,114
2298,Dwight,EVANS,REPRESENTATIVE,D,PA,N/A,E000296,115
1332,Dianne,FEINSTEIN,SENATOR,D,CA,N/A,F000062,114
2314,Matt,GAETZ,REPRESENTATIVE,R,FL,N/A,G000578,115
1801,Louie,GOHMERT,REPRESENTATIVE,R,TX,1,G000552,114
457,Chuck,GRASSLEY,SENATOR,R,IA,N/A,G000386,114
1937,Martin,HEINRICH,SENATOR,D,NM,N/A,H001046,114
583,James,INHOFE,SENATOR,R,OK,N/A,I000024,114
2264,John,KATKO,REPRESENTATIVE,R,NY,24,K000386,114
2014,Adam,KINZINGER,REPRESENTATIVE,R,IL,16,K000378,114
2325,Raja,KRISHNAMOORTHI,REPRESENTATIVE,D,IL,N/A,K000391,115
1668,James,LANGEVIN,REPRESENTATIVE,D,RI,2,L000559,114
1383,Patrick,LEAHY,SENATOR,D,VT,N/A,L000174,114
1501,Barbara,LEE,REPRESENTATIVE,D,CA,13,L000551,114
701,Zoe,LOFGREN,REPRESENTATIVE,D,CA,19,L000397,114
2238,Barry,LOUDERMILK,REPRESENTATIVE,R,GA,11,L000583,114
2053,Tom,MARINO,REPRESENTATIVE,R,PA,10,M001179,114
1900,Jeff,MERKLEY,SENATOR,D,OR,N/A,M001176,114
1676,Shelley,MOORE,SENATOR,R,WV,N/A,C001047,114
1837,Christopher,MURPHY,SENATOR,D,CT,N/A,M001169,114
1602,Grace,NAPOLITANO,REPRESENTATIVE,D,CA,32,N000179,114
2097,Donald,PAYNE,REPRESENTATIVE,D,NJ,10,P000604,114
,,PLASKETT,DELEGATE,I,VI,N/A,99999999999999999,114
2023,Cedric,RICHMOND,REPRESENTATIVE,D,LA,2,R000588,114
,,SABLAN,DELEGATE,I,MP,N/A,99999999999999999,114
2173,Brian,SCHATZ,SENATOR,D,HI,N/A,S001194,114
1036,Charles,SCHUMER,SENATOR,D,NY,N/A,S000148,114
2110,Mark,TAKANO,REPRESENTATIVE,D,CA,41,T000472,114
1534,John,THUNE,SENATOR,R,SD,N/A,T000250,114
1664,Patrick,TIBERI,REPRESENTATIVE,R,OH,12,T000462,114
1942,Paul,TONKO,REPRESENTATIVE,D,NY,20,T000469,114
2166,Marc,VEASEY,REPRESENTATIVE,D,TX,33,V000131,114
2182,Elizabeth,WARREN,SENATOR,D,MA,N/A,W000817,114
