speaker_id,first_name,last_name,type,party,state,district,bio_guide_id,congress_id
2333,Jack,BERGMAN,REPRESENTATIVE,R,MI,N/A,B001301,115
1748,Marsha,BLACKBURN,REPRESENTATIVE,R,TN,7,B001243,114
2310,Salud,CARBAJAL,REPRESENTATIVE,D,CA,N/A,C001112,115
1912,Mike,COFFMAN,REPRESENTATIVE,R,CO,6,C001077,114
2259,Bonnie,COLE,REPRESENTATIVE,D,NJ,12,W000822,114
1959,Gerald,CONNOLLY,REPRESENTATIVE,D,VA,11,C001078,114
229,John,CONYERS,REPRESENTATIVE,D,MI,13,C000714,114
1670,John,CULBERSON,REPRESENTATIVE,R,TX,7,C001048,114
2320,Val,DEMINGS,REPRESENTATIVE,D,FL,N/A,D000627,115
1995,Jeff,DENHAM,REPRESENTATIVE,R,CA,10,D000612,114
2315,Neal,DUNN,REPRESENTATIVE,R,FL,N/A,D000628,115
,,FLORES,REPRESENTATIVE,R,TX,17,99999999999999999,114
2314,Matt,GAETZ,REPRESENTATIVE,R,FL,N/A,G000578,115
1801,Louie,GOHMERT,REPRESENTATIVE,R,TX,1,G000552,114
446,Bob,GOODLATTE,REPRESENTATIVE,R,VA,6,G000289,114
2338,Josh,GOTTHEIMER,REPRESENTATIVE,D,NJ,N/A,G000583,115
1487,Kay,GRANGER,REPRESENTATIVE,R,TX,12,G000377,114
2032,Vicky,HARTZLER,REPRESENTATIVE,R,MO,4,H001053,114
2223,J.,HILL,REPRESENTATIVE,R,AR,2,H001072,114
566,Steny,HOYER,REPRESENTATIVE,D,MD,5,H000874,114
2028,Bill,HUIZENGA,REPRESENTATIVE,R,MI,2,H001058,114
2264,John,KATKO,REPRESENTATIVE,R,NY,24,K000386,114
2134,Daniel,KILDEE,REPRESENTATIVE,D,MI,5,K000380,114
2325,Raja,KRISHNAMOORTHI,REPRESENTATIVE,D,IL,N/A,K000391,115
2328,Roger,MARSHALL,REPRESENTATIVE,R,KS,N/A,M001198,115
2052,Patrick,MEEHAN,REPRESENTATIVE,R,PA,7,M001181,114
2334,Paul,MITCHELL,REPRESENTATIVE,R,MI,N/A,M001201,115
1510,Bill,PASCRELL,REPRESENTATIVE,D,NJ,9,P000096,114
1930,Erik,PAULSEN,REPRESENTATIVE,R,MN,3,P000594,114
2113,Scott,PETERS,REPRESENTATIVE,D,CA,52,P000608,114
2332,Jamie,RASKIN,REPRESENTATIVE,D,MD,N/A,R000606,115
2268,John,RATCLIFFE,REPRESENTATIVE,R,TX,4,R000601,114
1810,David,REICHERT,REPRESENTATIVE,R,WA,8,R000578,114
1986,Martha,ROBY,REPRESENTATIVE,R,AL,2,R000591,114
1635,Adam,SCHIFF,REPRESENTATIVE,D,CA,28,S001150,114
2124,Bradley,SCHNEIDER,REPRESENTATIVE,D,IL,N/A,S001190,115
1041,F.,SENSENBRENNER,REPRESENTATIVE,R,WI,5,S000244,114
2319,Darren,SOTO,REPRESENTATIVE,D,FL,N/A,S001200,115
2344,Claudia,TENNEY,REPRESENTATIVE,R,NY,N/A,T000478,115
2166,Marc,VEASEY,REPRESENTATIVE,D,TX,33,V000131,114
2224,Bruce,WESTERMAN,REPRESENTATIVE,R,AR,4,W000821,114
1991,Steve,WOMACK,REPRESENTATIVE,R,AR,3,W000809,114
2021,Kevin,YODER,REPRESENTATIVE,R,KS,3,Y000063,114
