speaker_id,first_name,last_name,type,party,state,district,bio_guide_id,congress_id
2201,Alma,ADAMS,REPRESENTATIVE,D,NC,12,A000370,114
2311,Nanette,BARRAGAN,REPRESENTATIVE,D,CA,N/A,B001300,115
2153,Joyce,BEATTY,REPRESENTATIVE,D,OH,3,B001281,114
2106,Julia,BROWN,REPRESENTATIVE,D,CA,26,B001285,114
1564,Michael,CAPUANO,REPRESENTATIVE,D,MA,7,C001037,114
,,CARDIN,SENATOR,D,MD,N/A,99999999999999999,114
1828,Robert,CASEY,SENATOR,D,PA,N/A,C001070,114
208,James,CLYBURN,REPRESENTATIVE,D,SC,6,C000537,114
2121,Doug,COLLINS,REPRESENTATIVE,R,GA,9,C001093,114
1692,John,CORNYN,SENATOR,R,TX,N/A,C001056,114
250,Mike,CRAPO,SENATOR,R,ID,N/A,C000880,114
2138,Steve,DAINES,SENATOR,R,MT,N/A,D000618,114
326,Richard,DURBIN,SENATOR,D,IL,N/A,D000563,114
2298,Dwight,EVANS,REPRESENTATIVE,D,PA,N/A,E000296,115
2122,Tulsi,GABBARD,REPRESENTATIVE,D,HI,2,G000571,114
2314,Matt,GAETZ,REPRESENTATIVE,R,FL,N/A,G000578,115
2355,Mike,GALLAGHER,REPRESENTATIVE,R,WI,N/A,G000579,115
1973,John,GARAMENDI,REPRESENTATIVE,D,CA,3,G000559,114
1998,Cory,GARDNER,SENATOR,R,CO,N/A,G000562,115
446,Bob,GOODLATTE,REPRESENTATIVE,R,VA,6,G000289,114
2302,Margaret,HASSAN,SENATOR,D,NH,N/A,H001076,115
1351,Orrin,HATCH,SENATOR,R,UT,N/A,H000338,114
2040,Joseph,HECK,REPRESENTATIVE,R,NV,3,H001055,114
1863,Dean,HELLER,SENATOR,R,NV,N/A,H001041,114
2079,John,HOEVEN,SENATOR,R,ND,N/A,H001061,114
2327,Trey,HOLLINGSWORTH,REPRESENTATIVE,R,IN,N/A,H001074,115
583,James,INHOFE,SENATOR,R,OK,N/A,I000024,114
2354,Pramila,JAYAPAL,REPRESENTATIVE,D,WA,N/A,J000298,115
2264,John,KATKO,REPRESENTATIVE,R,NY,24,K000386,114
2169,Derek,KILMER,REPRESENTATIVE,D,WA,6,K000381,114
2325,Raja,KRISHNAMOORTHI,REPRESENTATIVE,D,IL,N/A,K000391,115
1668,James,LANGEVIN,REPRESENTATIVE,D,RI,2,L000559,114
2252,Brenda,LAWRENCE,REPRESENTATIVE,D,MI,14,L000581,114
1383,Patrick,LEAHY,SENATOR,D,VT,N/A,L000174,114
1931,Blaine,LUETKEMEYER,REPRESENTATIVE,R,MO,3,L000569,114
1983,Joe,MANCHIN,SENATOR,D,WV,N/A,M001183,114
1507,Jerry,MORAN,SENATOR,R,KS,N/A,M000934,114
1409,Patty,MURRAY,SENATOR,D,WA,N/A,M001111,114
1602,Grace,NAPOLITANO,REPRESENTATIVE,D,CA,32,N000179,114
859,Bill,NELSON,SENATOR,D,FL,N/A,N000032,114
1955,Pete,OLSON,REPRESENTATIVE,R,TX,22,O000168,114
1930,Erik,PAULSEN,REPRESENTATIVE,R,MN,3,P000594,114
2097,Donald,PAYNE,REPRESENTATIVE,D,NJ,10,P000604,114
2332,Jamie,RASKIN,REPRESENTATIVE,D,MD,N/A,R000606,115
2268,John,RATCLIFFE,REPRESENTATIVE,R,TX,4,R000601,114
2084,Marco,RUBIO,SENATOR,R,FL,N/A,R000595,114
1010,Bernard,SANDERS,SENATOR,I,VT,N/A,S000033,114
2289,Ben,SASSE,SENATOR,R,NE,N/A,S001197,114
2124,Bradley,SCHNEIDER,REPRESENTATIVE,D,IL,N/A,S001190,115
1036,Charles,SCHUMER,SENATOR,D,NY,N/A,S000148,114
2357,Luther,STRANGE,SENATOR,R,AL,N/A,S001202,115
2290,Dan,SULLIVAN,SENATOR,R,AK,N/A,S001198,114
2344,Claudia,TENNEY,REPRESENTATIVE,R,NY,N/A,T000478,115
2137,Ann,WAGNER,REPRESENTATIVE,R,MO,2,W000812,114
1247,Ron,WYDEN,SENATOR,D,OR,N/A,W000779,114
