speaker_id,first_name,last_name,type,party,state,district,bio_guide_id,congress_id
2350,Jodey,ARRINGTON,REPRESENTATIVE,R,TX,N/A,A000375,115
1881,John,BARRASSO,SENATOR,R,WY,N/A,B001261,114
2272,Donald,BEYER,REPRESENTATIVE,D,VA,8,B001292,114
2307,Andy,BIGGS,REPRESENTATIVE,R,AZ,N/A,B001302,115
2243,Mike,BOST,REPRESENTATIVE,R,IL,12,B001295,114
2233,Ken,BUCK,REPRESENTATIVE,R,CO,4,B001297,114
2127,Cheri,BUSTOS,REPRESENTATIVE,D,IL,17,B001286,114
165,Ken,CALVERT,REPRESENTATIVE,R,CA,42,C000059,114
2310,Salud,CARBAJAL,REPRESENTATIVE,D,CA,N/A,C001112,115
,,CARDIN,SENATOR,D,MD,N/A,99999999999999999,114
2356,Liz,CHENEY,REPRESENTATIVE,R,WY,N/A,C001109,115
2055,David,CICILLINE,REPRESENTATIVE,D,RI,1,C001084,114
2121,Doug,COLLINS,REPRESENTATIVE,R,GA,9,C001093,114
2273,Barbara,COMSTOCK,REPRESENTATIVE,R,VA,10,C001105,114
1692,John,CORNYN,SENATOR,R,TX,N/A,C001056,114
2312,J.,CORREA,REPRESENTATIVE,D,CA,N/A,C001110,115
1774,Jim,COSTA,REPRESENTATIVE,D,CA,16,C001059,114
2098,Tom,COTTON,SENATOR,R,AR,N/A,C001095,114
250,Mike,CRAPO,SENATOR,R,ID,N/A,C000880,114
2138,Steve,DAINES,SENATOR,R,MT,N/A,D000618,114
1995,Jeff,DENHAM,REPRESENTATIVE,R,CA,10,D000612,114
303,Lloyd,DOGGETT,REPRESENTATIVE,D,TX,35,D000399,114
2123,Tammy,DUCKWORTH,REPRESENTATIVE,D,IL,8,D000622,114
326,Richard,DURBIN,SENATOR,D,IL,N/A,D000563,114
2253,Tom,EMMER,REPRESENTATIVE,R,MN,6,E000294,114
2342,Adriano,ESPAILLAT,REPRESENTATIVE,D,NY,N/A,E000297,115
2298,Dwight,EVANS,REPRESENTATIVE,D,PA,N/A,E000296,115
2343,John,FASO,REPRESENTATIVE,R,NY,N/A,F000464,115
1797,Michael,FITZPATRICK,REPRESENTATIVE,R,PA,8,F000451,114
1793,Jeff,FORTENBERRY,REPRESENTATIVE,R,NE,1,F000449,114
1737,Scott,GARRETT,REPRESENTATIVE,R,NJ,5,G000548,114
2359,Greg,GIANFORTE,REPRESENTATIVE,R,MT,N/A,G000584,115
1992,Paul,GOSAR,REPRESENTATIVE,R,AZ,4,G000565,114
1487,Kay,GRANGER,REPRESENTATIVE,R,TX,12,G000377,114
457,Chuck,GRASSLEY,SENATOR,R,IA,N/A,G000386,114
1708,Raul,GRIJALVA,REPRESENTATIVE,D,AZ,3,G000551,114
478,Luis,GUTIERREZ,REPRESENTATIVE,D,IL,4,G000535,114
2302,Margaret,HASSAN,SENATOR,D,NH,N/A,H001076,115
1937,Martin,HEINRICH,SENATOR,D,NM,N/A,H001046,114
2143,George,HOLDING,REPRESENTATIVE,R,NC,13,H001065,114
566,Steny,HOYER,REPRESENTATIVE,D,MD,5,H000874,114
2134,Daniel,KILDEE,REPRESENTATIVE,D,MI,5,K000380,114
1383,Patrick,LEAHY,SENATOR,D,VT,N/A,L000174,114
2328,Roger,MARSHALL,REPRESENTATIVE,R,KS,N/A,M001198,115
2142,Mark,MEADOWS,REPRESENTATIVE,R,NC,11,M001187,114
791,Robert,MENENDEZ,SENATOR,D,NJ,N/A,M000639,114
1900,Jeff,MERKLEY,SENATOR,D,OR,N/A,M001176,114
1694,Lisa,MURKOWSKI,SENATOR,R,AK,N/A,M001153,114
1409,Patty,MURRAY,SENATOR,D,WA,N/A,M001111,114
1602,Grace,NAPOLITANO,REPRESENTATIVE,D,CA,32,N000179,114
859,Bill,NELSON,SENATOR,D,FL,N/A,N000032,114
2275,Dan,NEWHOUSE,REPRESENTATIVE,R,WA,4,N000189,114
1510,Bill,PASCRELL,REPRESENTATIVE,D,NJ,9,P000096,114
2097,Donald,PAYNE,REPRESENTATIVE,D,NJ,10,P000604,114
2113,Scott,PETERS,REPRESENTATIVE,D,CA,52,P000608,114
910,Collin,PETERSON,REPRESENTATIVE,D,MN,7,P000258,114
1910,Jared,POLIS,REPRESENTATIVE,D,CO,2,P000598,114
1986,Martha,ROBY,REPRESENTATIVE,R,AL,2,R000591,114
979,Dana,ROHRABACHER,REPRESENTATIVE,R,CA,48,R000409,114
1950,Kurt,SCHRADER,REPRESENTATIVE,D,OR,5,S001180,114
1036,Charles,SCHUMER,SENATOR,D,NY,N/A,S000148,114
2113,Scott,SCOTT,REPRESENTATIVE,D,CA,52,P000608,114
2099,Kyrsten,SINEMA,REPRESENTATIVE,D,AZ,9,S001191,114
1829,Jon,TESTER,SENATOR,D,MT,N/A,T000464,114
1534,John,THUNE,SENATOR,R,SD,N/A,T000250,114
1567,Tom,UDALL,SENATOR,D,NM,N/A,U000039,114
1855,Tim,WALBERG,REPRESENTATIVE,R,MI,7,W000798,114
2224,Bruce,WESTERMAN,REPRESENTATIVE,R,AR,4,W000821,114
1226,Roger,WICKER,SENATOR,R,MS,N/A,W000437,114
2021,Kevin,YODER,REPRESENTATIVE,R,KS,3,Y000063,114
