speaker_id,first_name,last_name,type,party,state,district,bio_guide_id,congress_id
1881,John,BARRASSO,SENATOR,R,WY,N/A,B001261,114
1464,Roy,BLUNT,SENATOR,R,MO,N/A,B000575,114
2243,Mike,BOST,REPRESENTATIVE,R,IL,12,B001295,114
2018,Larry,BUCSHON,REPRESENTATIVE,R,IN,8,B001275,114
165,Ken,CALVERT,REPRESENTATIVE,R,CA,42,C000059,114
,,CARDIN,SENATOR,D,MD,N/A,99999999999999999,114
1825,Bob,CORKER,SENATOR,R,TN,N/A,C001071,114
1692,John,CORNYN,SENATOR,R,TX,N/A,C001056,114
2098,Tom,COTTON,SENATOR,R,AR,N/A,C001095,114
1850,Joe,DONNELLY,SENATOR,D,IN,N/A,D000607,114
326,Richard,DURBIN,SENATOR,D,IL,N/A,D000563,114
344,Eliot,ENGEL,REPRESENTATIVE,D,NY,16,E000179,114
2067,Blake,FARENTHOLD,REPRESENTATIVE,R,TX,27,F000460,114
2179,Deb,FISCHER,SENATOR,R,NE,N/A,F000463,114
1797,Michael,FITZPATRICK,REPRESENTATIVE,R,PA,8,F000451,114
414,Rodney,FRELINGHUYSEN,REPRESENTATIVE,R,NJ,11,F000372,114
1737,Scott,GARRETT,REPRESENTATIVE,R,NJ,5,G000548,114
1992,Paul,GOSAR,REPRESENTATIVE,R,AZ,4,G000565,114
1351,Orrin,HATCH,SENATOR,R,UT,N/A,H000338,114
2040,Joseph,HECK,REPRESENTATIVE,R,NV,3,H001055,114
2079,John,HOEVEN,SENATOR,R,ND,N/A,H001061,114
616,Marcy,KAPTUR,REPRESENTATIVE,D,OH,8,K000009,114
2340,Ruben,KIHUEN,REPRESENTATIVE,D,NV,N/A,K000390,115
2134,Daniel,KILDEE,REPRESENTATIVE,D,MI,5,K000380,114
2228,Stephen,KNIGHT,REPRESENTATIVE,R,CA,25,K000387,114
1501,Barbara,LEE,REPRESENTATIVE,D,CA,13,L000551,114
709,Nita,LOWEY,REPRESENTATIVE,D,NY,17,L000480,114
2328,Roger,MARSHALL,REPRESENTATIVE,R,KS,N/A,M001198,115
791,Robert,MENENDEZ,SENATOR,D,NJ,N/A,M000639,114
2156,Markwayne,MULLIN,REPRESENTATIVE,R,OK,2,M001190,114
854,Richard,NEAL,REPRESENTATIVE,D,MA,1,N000015,114
2275,Dan,NEWHOUSE,REPRESENTATIVE,R,WA,4,N000189,114
2361,Ralph,NORMAN,REPRESENTATIVE,R,SC,N/A,N000190,115
2157,Scott,PERRY,REPRESENTATIVE,R,PA,4,P000605,114
1910,Jared,POLIS,REPRESENTATIVE,D,CO,2,P000598,114
1810,David,REICHERT,REPRESENTATIVE,R,WA,8,R000578,114
1036,Charles,SCHUMER,SENATOR,D,NY,N/A,S000148,114
1548,Jeff,SESSIONS,SENATOR,R,AL,N/A,S001141,114
1069,Louise,SLAUGHTER,REPRESENTATIVE,D,NY,25,S000480,114
1155,Mac,THORNBERRY,REPRESENTATIVE,R,TX,13,T000238,114
1534,John,THUNE,SENATOR,R,SD,N/A,T000250,114
1184,Nydia,VELAZQUEZ,REPRESENTATIVE,D,NY,7,V000081,114
1823,Sheldon,WHITEHOUSE,SENATOR,D,RI,N/A,W000802,114
