speaker_id,first_name,last_name,type,party,state,district,bio_guide_id,congress_id
99999999999999,First Name unavailable,,Type Unavailable,Party Info Unavailable,state info unavailable,District Unavailable,BioGuideID unavailable,CongressID unavailable
2337,Don,BACON,REPRESENTATIVE,R,NE,N/A,B001298,115
2054,Lou,BARLETTA,REPRESENTATIVE,R,PA,11,B001269,114
1996,Karen,BASS,REPRESENTATIVE,D,CA,37,B001270,114
2333,Jack,BERGMAN,REPRESENTATIVE,R,MI,N/A,B001301,115
,,CARDIN,SENATOR,D,MD,N/A,99999999999999999,114
208,James,CLYBURN,REPRESENTATIVE,D,SC,6,C000537,114
2121,Doug,COLLINS,REPRESENTATIVE,R,GA,9,C001093,114
1825,Bob,CORKER,SENATOR,R,TN,N/A,C001071,114
1692,John,CORNYN,SENATOR,R,TX,N/A,C001056,114
2320,Val,DEMINGS,REPRESENTATIVE,D,FL,N/A,D000627,115
2072,Sean,DUFFY,REPRESENTATIVE,R,WI,N/A,D000614,115
2298,Dwight,EVANS,REPRESENTATIVE,D,PA,N/A,E000296,115
1332,Dianne,FEINSTEIN,SENATOR,D,CA,N/A,F000062,114
1791,Virginia,FOXX,REPRESENTATIVE,R,NC,5,F000450,114
1866,Kirsten,GILLIBRAND,SENATOR,D,NY,N/A,G000555,114
2234,Gwen,GRAHAM,REPRESENTATIVE,D,FL,2,G000575,114
2032,Vicky,HARTZLER,REPRESENTATIVE,R,MO,4,H001053,114
1844,Mazie,HIRONO,SENATOR,D,HI,N/A,H001042,114
2176,Tim,KAINE,SENATOR,D,VA,N/A,K000384,114
616,Marcy,KAPTUR,REPRESENTATIVE,D,OH,8,K000009,114
2134,Daniel,KILDEE,REPRESENTATIVE,D,MI,5,K000380,114
2325,Raja,KRISHNAMOORTHI,REPRESENTATIVE,D,IL,N/A,K000391,115
701,Zoe,LOFGREN,REPRESENTATIVE,D,CA,19,L000397,114
1992,Paul,PAUL,REPRESENTATIVE,R,AZ,4,G000565,114
1910,Jared,POLIS,REPRESENTATIVE,D,CO,2,P000598,114
2332,Jamie,RASKIN,REPRESENTATIVE,D,MD,N/A,R000606,115
2339,Jacky,ROSEN,REPRESENTATIVE,D,NV,N/A,R000608,115
2084,Marco,RUBIO,SENATOR,R,FL,N/A,R000595,114
2173,Brian,SCHATZ,SENATOR,D,HI,N/A,S001194,114
1036,Charles,SCHUMER,SENATOR,D,NY,N/A,S000148,114
1527,John,SHIMKUS,REPRESENTATIVE,R,IL,15,S000364,114
1534,John,THUNE,SENATOR,R,SD,N/A,T000250,114
2166,Marc,VEASEY,REPRESENTATIVE,D,TX,33,V000131,114
1855,Tim,WALBERG,REPRESENTATIVE,R,MI,7,W000798,114
2182,Elizabeth,WARREN,SENATOR,D,MA,N/A,W000817,114
1879,Peter,WELCH,REPRESENTATIVE,D,VT,0,W000800,114
