speaker_id,first_name,last_name,type,party,state,district,bio_guide_id,congress_id
2311,Nanette,BARRAGAN,REPRESENTATIVE,D,CA,N/A,B001300,115
2155,Jim,BRIDENSTINE,REPRESENTATIVE,R,OK,1,B001283,114
2106,Julia,BROWN,REPRESENTATIVE,D,CA,26,B001285,114
1564,Michael,CAPUANO,REPRESENTATIVE,D,MA,7,C001037,114
,,CARDIN,SENATOR,D,MD,N/A,99999999999999999,114
186,Steve,CHABOT,REPRESENTATIVE,R,OH,1,C000266,114
1984,Christopher,COONS,SENATOR,D,DE,N/A,C001088,114
1825,Bob,CORKER,SENATOR,R,TN,N/A,C001071,114
1692,John,CORNYN,SENATOR,R,TX,N/A,C001056,114
250,Mike,CRAPO,SENATOR,R,ID,N/A,C000880,114
2138,Steve,DAINES,SENATOR,R,MT,N/A,D000618,114
326,Richard,DURBIN,SENATOR,D,IL,N/A,D000563,114
2179,Deb,FISCHER,SENATOR,R,NE,N/A,F000463,114
2314,Matt,GAETZ,REPRESENTATIVE,R,FL,N/A,G000578,115
2226,Ruben,GALLEGO,REPRESENTATIVE,D,AZ,7,G000574,114
566,Steny,HOYER,REPRESENTATIVE,D,MD,5,H000874,114
2140,Richard,HUDSON,REPRESENTATIVE,R,NC,8,H001067,114
2340,Ruben,KIHUEN,REPRESENTATIVE,D,NV,N/A,K000390,115
2134,Daniel,KILDEE,REPRESENTATIVE,D,MI,5,K000380,114
2050,James,LANKFORD,SENATOR,R,OK,N/A,L000575,114
735,Edward,MARKEY,SENATOR,D,MA,N/A,M000133,114
791,Robert,MENENDEZ,SENATOR,D,NJ,N/A,M000639,114
2202,Donald,NORCROSS,REPRESENTATIVE,D,NJ,1,N000188,114
887,Frank,PALLONE,REPRESENTATIVE,D,NJ,6,P000034,114
924,Rob,PORTMAN,SENATOR,R,OH,N/A,P000449,114
2332,Jamie,RASKIN,REPRESENTATIVE,D,MD,N/A,R000606,115
2017,Todd,ROKITA,REPRESENTATIVE,R,IN,4,R000592,114
2158,Keith,ROTHFUS,REPRESENTATIVE,R,PA,12,R000598,114
1036,Charles,SCHUMER,SENATOR,D,NY,N/A,S000148,114
1527,John,SHIMKUS,REPRESENTATIVE,R,IL,15,S000364,114
2290,Dan,SULLIVAN,SENATOR,R,AK,N/A,S001198,114
1829,Jon,TESTER,SENATOR,D,MT,N/A,T000464,114
2291,Thom,TILLIS,SENATOR,R,NC,N/A,T000476,114
1942,Paul,TONKO,REPRESENTATIVE,D,NY,20,T000469,114
1596,Greg,WALDEN,REPRESENTATIVE,R,OR,2,W000791,114
2182,Elizabeth,WARREN,SENATOR,D,MA,N/A,W000817,114
1247,Ron,WYDEN,SENATOR,D,OR,N/A,W000779,114
