speaker_id,first_name,last_name,type,party,state,district,bio_guide_id,congress_id
2229,Pete,AGUILAR,REPRESENTATIVE,D,CA,31,A000371,114
2239,Rick,ALLEN,REPRESENTATIVE,R,GA,12,A000372,114
1558,Tammy,BALDWIN,SENATOR,D,WI,N/A,B001230,114
2238,Barry,BARR,REPRESENTATIVE,R,GA,11,L000583,114
2153,Joyce,BEATTY,REPRESENTATIVE,D,OH,3,B001281,114
99,Earl,BLUMENAUER,REPRESENTATIVE,D,OR,3,B000574,114
2127,Cheri,BUSTOS,REPRESENTATIVE,D,IL,17,B001286,114
172,Maria,CANTWELL,SENATOR,D,WA,N/A,C000127,114
2310,Salud,CARBAJAL,REPRESENTATIVE,D,CA,N/A,C001112,115
,,CARDIN,SENATOR,D,MD,N/A,99999999999999999,114
1828,Robert,CASEY,SENATOR,D,PA,N/A,C001070,114
1692,John,CORNYN,SENATOR,R,TX,N/A,C001056,114
2138,Steve,DAINES,SENATOR,R,MT,N/A,D000618,114
1995,Jeff,DENHAM,REPRESENTATIVE,R,CA,10,D000612,114
1976,Theodore,DEUTCH,REPRESENTATIVE,D,FL,21,D000610,114
2315,Neal,DUNN,REPRESENTATIVE,R,FL,N/A,D000628,115
326,Richard,DURBIN,SENATOR,D,IL,N/A,D000563,114
2298,Dwight,EVANS,REPRESENTATIVE,D,PA,N/A,E000296,115
1633,Jeff,FLAKE,SENATOR,R,AZ,N/A,F000444,114
1969,Al,FRANKEN,SENATOR,D,MN,N/A,F000457,114
478,Luis,GUTIERREZ,REPRESENTATIVE,D,IL,4,G000535,114
2302,Margaret,HASSAN,SENATOR,D,NH,N/A,H001076,115
1351,Orrin,HATCH,SENATOR,R,UT,N/A,H000338,114
1844,Mazie,HIRONO,SENATOR,D,HI,N/A,H001042,114
2176,Tim,KAINE,SENATOR,D,VA,N/A,K000384,114
2172,Joseph,KENNEDY,REPRESENTATIVE,D,MA,4,K000379,114
1826,Amy,KLOBUCHAR,SENATOR,D,MN,N/A,K000367,114
2325,Raja,KRISHNAMOORTHI,REPRESENTATIVE,D,IL,N/A,K000391,115
2011,Raul,LABRADOR,REPRESENTATIVE,R,ID,1,L000573,114
1668,James,LANGEVIN,REPRESENTATIVE,D,RI,2,L000559,114
1900,Jeff,MERKLEY,SENATOR,D,OR,N/A,M001176,114
1694,Lisa,MURKOWSKI,SENATOR,R,AK,N/A,M001153,114
1837,Christopher,MURPHY,SENATOR,D,CT,N/A,M001169,114
1409,Patty,MURRAY,SENATOR,D,WA,N/A,M001111,114
868,Eleanor,NORTON,DELEGATE,D,DC,N/A,N000147,114
1955,Pete,OLSON,REPRESENTATIVE,R,TX,22,O000168,114
1930,Erik,PAULSEN,REPRESENTATIVE,R,MN,3,P000594,114
2097,Donald,PAYNE,REPRESENTATIVE,D,NJ,10,P000604,114
2286,David,PERDUE,SENATOR,R,GA,N/A,P000612,114
,,PLASKETT,DELEGATE,I,VI,N/A,99999999999999999,114
2247,Bruce,POLIQUIN,REPRESENTATIVE,R,ME,2,P000611,114
2332,Jamie,RASKIN,REPRESENTATIVE,D,MD,N/A,R000606,115
1982,Tom,REED,REPRESENTATIVE,R,NY,23,R000585,114
1010,Bernard,SANDERS,SENATOR,I,VT,N/A,S000033,114
2289,Ben,SASSE,SENATOR,R,NE,N/A,S001197,114
2173,Brian,SCHATZ,SENATOR,D,HI,N/A,S001194,114
1036,Charles,SCHUMER,SENATOR,D,NY,N/A,S000148,114
1901,Jeanne,SHAHEEN,SENATOR,D,NH,N/A,S001181,114
2344,Claudia,TENNEY,REPRESENTATIVE,R,NY,N/A,T000478,115
1829,Jon,TESTER,SENATOR,D,MT,N/A,T000464,114
2231,Norma,TORRES,REPRESENTATIVE,D,CA,35,T000474,114
1855,Tim,WALBERG,REPRESENTATIVE,R,MI,7,W000798,114
2128,Jackie,WALORSKI,REPRESENTATIVE,R,IN,2,W000813,114
2182,Elizabeth,WARREN,SENATOR,D,MA,N/A,W000817,114
1823,Sheldon,WHITEHOUSE,SENATOR,D,RI,N/A,W000802,114
