speaker_id,first_name,last_name,type,party,state,district,bio_guide_id,congress_id
2239,Rick,ALLEN,REPRESENTATIVE,R,GA,12,A000372,114
2337,Don,BACON,REPRESENTATIVE,R,NE,N/A,B001298,115
2054,Lou,BARLETTA,REPRESENTATIVE,R,PA,11,B001269,114
2333,Jack,BERGMAN,REPRESENTATIVE,R,MI,N/A,B001301,115
1838,Gus,BILIRAKIS,REPRESENTATIVE,R,FL,12,B001257,114
99,Earl,BLUMENAUER,REPRESENTATIVE,D,OR,3,B000574,114
2018,Larry,BUCSHON,REPRESENTATIVE,R,IN,8,B001275,114
1751,Michael,BURGESS,REPRESENTATIVE,R,TX,26,B001248,114
186,Steve,CHABOT,REPRESENTATIVE,R,OH,1,C000266,114
2273,Barbara,COMSTOCK,REPRESENTATIVE,R,VA,10,C001105,114
1805,K.,CONAWAY,REPRESENTATIVE,R,TX,11,C001062,114
1959,Gerald,CONNOLLY,REPRESENTATIVE,D,VA,11,C001078,114
1774,Jim,COSTA,REPRESENTATIVE,D,CA,16,C001059,114
256,Elijah,CUMMINGS,REPRESENTATIVE,D,MD,7,C000984,114
2315,Neal,DUNN,REPRESENTATIVE,R,FL,N/A,D000628,115
2342,Adriano,ESPAILLAT,REPRESENTATIVE,D,NY,N/A,E000297,115
2067,Blake,FARENTHOLD,REPRESENTATIVE,R,TX,27,F000460,114
2343,John,FASO,REPRESENTATIVE,R,NY,N/A,F000464,115
2061,Charles,FLEISCHMANN,REPRESENTATIVE,R,TN,3,F000459,114
1791,Virginia,FOXX,REPRESENTATIVE,R,NC,5,F000450,114
2122,Tulsi,GABBARD,REPRESENTATIVE,D,HI,2,G000571,114
1973,John,GARAMENDI,REPRESENTATIVE,D,CA,3,G000559,114
2359,Greg,GIANFORTE,REPRESENTATIVE,R,MT,N/A,G000584,115
2362,Jimmy,GOMEZ,REPRESENTATIVE,D,CA,N/A,G000585,115
1487,Kay,GRANGER,REPRESENTATIVE,R,TX,12,G000377,114
478,Luis,GUTIERREZ,REPRESENTATIVE,D,IL,4,G000535,114
2026,Andy,HARRIS,REPRESENTATIVE,R,MD,1,H001052,114
1640,Darrell,ISSA,REPRESENTATIVE,R,CA,49,I000056,114
2354,Pramila,JAYAPAL,REPRESENTATIVE,D,WA,N/A,J000298,115
2149,Hakeem,JEFFRIES,REPRESENTATIVE,D,NY,8,J000294,114
616,Marcy,KAPTUR,REPRESENTATIVE,D,OH,8,K000009,114
2134,Daniel,KILDEE,REPRESENTATIVE,D,MI,5,K000380,114
2169,Derek,KILMER,REPRESENTATIVE,D,WA,6,K000381,114
2228,Stephen,KNIGHT,REPRESENTATIVE,R,CA,25,K000387,114
2325,Raja,KRISHNAMOORTHI,REPRESENTATIVE,D,IL,N/A,K000391,115
1781,Daniel,LIPINSKI,REPRESENTATIVE,D,IL,3,L000563,114
1846,David,LOEBSACK,REPRESENTATIVE,D,IA,2,L000565,114
1931,Blaine,LUETKEMEYER,REPRESENTATIVE,R,MO,3,L000569,114
1686,Stephen,LYNCH,REPRESENTATIVE,D,MA,8,L000562,114
2053,Tom,MARINO,REPRESENTATIVE,R,PA,10,M001179,114
2130,Luke,MESSER,REPRESENTATIVE,R,IN,6,M001189,114
2361,Ralph,NORMAN,REPRESENTATIVE,R,SC,N/A,N000190,115
868,Eleanor,NORTON,DELEGATE,D,DC,N/A,N000147,114
1955,Pete,OLSON,REPRESENTATIVE,R,TX,22,O000168,114
2097,Donald,PAYNE,REPRESENTATIVE,D,NJ,10,P000604,114
2157,Scott,PERRY,REPRESENTATIVE,R,PA,4,P000605,114
1910,Jared,POLIS,REPRESENTATIVE,D,CO,2,P000598,114
1986,Martha,ROBY,REPRESENTATIVE,R,AL,2,R000591,114
2339,Jacky,ROSEN,REPRESENTATIVE,D,NV,N/A,R000608,115
1003,Bobby,RUSH,REPRESENTATIVE,D,IL,1,R000515,114
2265,Steve,RUSSELL,REPRESENTATIVE,R,OK,5,R000604,114
2351,Scott,TAYLOR,REPRESENTATIVE,R,VA,N/A,T000477,115
2344,Claudia,TENNEY,REPRESENTATIVE,R,NY,N/A,T000478,115
1942,Paul,TONKO,REPRESENTATIVE,D,NY,20,T000469,114
2255,Mark,WALKER,REPRESENTATIVE,R,NC,6,W000819,114
2224,Bruce,WESTERMAN,REPRESENTATIVE,R,AR,4,W000821,114
2165,Roger,WILLIAMS,REPRESENTATIVE,R,TX,25,W000816,114
2021,Kevin,YODER,REPRESENTATIVE,R,KS,3,Y000063,114
