speaker_id,first_name,last_name,type,party,state,district,bio_guide_id,congress_id
1695,Lamar,ALEXANDER,SENATOR,R,TN,N/A,A000360,114
1881,John,BARRASSO,SENATOR,R,WY,N/A,B001261,114
99,Earl,BLUMENAUER,REPRESENTATIVE,D,OR,3,B000574,114
2076,Richard,BLUMENTHAL,SENATOR,D,CT,N/A,B001277,114
1687,John,BOOZMAN,SENATOR,R,AR,N/A,B001236,114
2106,Julia,BROWN,REPRESENTATIVE,D,CA,26,B001285,114
1751,Michael,BURGESS,REPRESENTATIVE,R,TX,26,B001248,114
2197,Bradley,BYRNE,REPRESENTATIVE,R,AL,1,B001289,114
,,CARDIN,SENATOR,D,MD,N/A,99999999999999999,114
179,Thomas,CARPER,SENATOR,D,DE,N/A,C000174,114
1828,Robert,CASEY,SENATOR,D,PA,N/A,C001070,114
2356,Liz,CHENEY,REPRESENTATIVE,R,WY,N/A,C001109,115
2055,David,CICILLINE,REPRESENTATIVE,D,RI,1,C001084,114
2259,Bonnie,COLE,REPRESENTATIVE,D,NJ,12,W000822,114
1692,John,CORNYN,SENATOR,R,TX,N/A,C001056,114
1604,Joseph,CROWLEY,REPRESENTATIVE,D,NY,14,C001038,114
2138,Steve,DAINES,SENATOR,R,MT,N/A,D000618,114
303,Lloyd,DOGGETT,REPRESENTATIVE,D,TX,35,D000399,114
1850,Joe,DONNELLY,SENATOR,D,IN,N/A,D000607,114
2123,Tammy,DUCKWORTH,REPRESENTATIVE,D,IL,8,D000622,114
326,Richard,DURBIN,SENATOR,D,IL,N/A,D000563,114
1633,Jeff,FLAKE,SENATOR,R,AZ,N/A,F000444,114
1791,Virginia,FOXX,REPRESENTATIVE,R,NC,5,F000450,114
2122,Tulsi,GABBARD,REPRESENTATIVE,D,HI,2,G000571,114
1998,Cory,GARDNER,SENATOR,R,CO,N/A,G000562,115
457,Chuck,GRASSLEY,SENATOR,R,IA,N/A,G000386,114
1922,Brett,GUTHRIE,REPRESENTATIVE,R,KY,2,G000558,114
1351,Orrin,HATCH,SENATOR,R,UT,N/A,H000338,114
1863,Dean,HELLER,SENATOR,R,NV,N/A,H001041,114
566,Steny,HOYER,REPRESENTATIVE,D,MD,5,H000874,114
583,James,INHOFE,SENATOR,R,OK,N/A,I000024,114
2176,Tim,KAINE,SENATOR,D,VA,N/A,K000384,114
2134,Daniel,KILDEE,REPRESENTATIVE,D,MI,5,K000380,114
1724,Steve,KING,REPRESENTATIVE,R,IA,4,K000362,114
2050,James,LANKFORD,SENATOR,R,OK,N/A,L000575,114
2252,Brenda,LAWRENCE,REPRESENTATIVE,D,MI,14,L000581,114
1383,Patrick,LEAHY,SENATOR,D,VT,N/A,L000174,114
1501,Barbara,LEE,REPRESENTATIVE,D,CA,13,L000551,114
1983,Joe,MANCHIN,SENATOR,D,WV,N/A,M001183,114
735,Edward,MARKEY,SENATOR,D,MA,N/A,M000133,114
2142,Mark,MEADOWS,REPRESENTATIVE,R,NC,11,M001187,114
791,Robert,MENENDEZ,SENATOR,D,NJ,N/A,M000639,114
1900,Jeff,MERKLEY,SENATOR,D,OR,N/A,M001176,114
2130,Luke,MESSER,REPRESENTATIVE,R,IN,6,M001189,114
859,Bill,NELSON,SENATOR,D,FL,N/A,N000032,114
2275,Dan,NEWHOUSE,REPRESENTATIVE,R,WA,4,N000189,114
887,Frank,PALLONE,REPRESENTATIVE,D,NJ,6,P000034,114
905,Nancy,PELOSI,REPRESENTATIVE,D,CA,12,P000197,114
1835,Ed,PERLMUTTER,REPRESENTATIVE,D,CO,7,P000593,114
1910,Jared,POLIS,REPRESENTATIVE,D,CO,2,P000598,114
1896,James,RISCH,SENATOR,R,ID,N/A,R000584,114
2017,Todd,ROKITA,REPRESENTATIVE,R,IN,4,R000592,114
2158,Keith,ROTHFUS,REPRESENTATIVE,R,PA,12,R000598,114
2084,Marco,RUBIO,SENATOR,R,FL,N/A,R000595,114
1010,Bernard,SANDERS,SENATOR,I,VT,N/A,S000033,114
2173,Brian,SCHATZ,SENATOR,D,HI,N/A,S001194,114
1036,Charles,SCHUMER,SENATOR,D,NY,N/A,S000148,114
1548,Jeff,SESSIONS,SENATOR,R,AL,N/A,S001141,114
1069,Louise,SLAUGHTER,REPRESENTATIVE,D,NY,25,S000480,114
1531,Debbie,STABENOW,SENATOR,D,MI,N/A,S000770,114
2290,Dan,SULLIVAN,SENATOR,R,AK,N/A,S001198,114
1829,Jon,TESTER,SENATOR,D,MT,N/A,T000464,114
1155,Mac,THORNBERRY,REPRESENTATIVE,R,TX,13,T000238,114
1534,John,THUNE,SENATOR,R,SD,N/A,T000250,114
2291,Thom,TILLIS,SENATOR,R,NC,N/A,T000476,114
1596,Greg,WALDEN,REPRESENTATIVE,R,OR,2,W000791,114
1879,Peter,WELCH,REPRESENTATIVE,D,VT,0,W000800,114
1823,Sheldon,WHITEHOUSE,SENATOR,D,RI,N/A,W000802,114
1247,Ron,WYDEN,SENATOR,D,OR,N/A,W000779,114
2115,Ted,YOHO,REPRESENTATIVE,R,FL,3,Y000065,114
