speaker_id,first_name,last_name,type,party,state,district,bio_guide_id,congress_id
2229,Pete,AGUILAR,REPRESENTATIVE,D,CA,31,A000371,114
2239,Rick,ALLEN,REPRESENTATIVE,R,GA,12,A000372,114
2350,Jodey,ARRINGTON,REPRESENTATIVE,R,TX,N/A,A000375,115
2307,Andy,BIGGS,REPRESENTATIVE,R,AZ,N/A,B001302,115
1838,Gus,BILIRAKIS,REPRESENTATIVE,R,FL,12,B001257,114
1748,Marsha,BLACKBURN,REPRESENTATIVE,R,TN,7,B001243,114
1687,John,BOOZMAN,SENATOR,R,AR,N/A,B001236,114
2233,Ken,BUCK,REPRESENTATIVE,R,CO,4,B001297,114
1751,Michael,BURGESS,REPRESENTATIVE,R,TX,26,B001248,114
2197,Bradley,BYRNE,REPRESENTATIVE,R,AL,1,B001289,114
,,COHEN,REPRESENTATIVE,D,TN,9,99999999999999999,114
2138,Steve,DAINES,SENATOR,R,MT,N/A,D000618,114
1850,Joe,DONNELLY,SENATOR,D,IN,N/A,D000607,114
2293,Daniel,DONOVAN,REPRESENTATIVE,R,NY,11,D000625,114
2315,Neal,DUNN,REPRESENTATIVE,R,FL,N/A,D000628,115
326,Richard,DURBIN,SENATOR,D,IL,N/A,D000563,114
1542,Michael,ENZI,SENATOR,R,WY,N/A,E000285,114
2342,Adriano,ESPAILLAT,REPRESENTATIVE,D,NY,N/A,E000297,115
1332,Dianne,FEINSTEIN,SENATOR,D,CA,N/A,F000062,114
1797,Michael,FITZPATRICK,REPRESENTATIVE,R,PA,8,F000451,114
2226,Ruben,GALLEGO,REPRESENTATIVE,D,AZ,7,G000574,114
1998,Cory,GARDNER,SENATOR,R,CO,N/A,G000562,115
1992,Paul,GOSAR,REPRESENTATIVE,R,AZ,4,G000565,114
457,Chuck,GRASSLEY,SENATOR,R,IA,N/A,G000386,114
1922,Brett,GUTHRIE,REPRESENTATIVE,R,KY,2,G000558,114
2140,Richard,HUDSON,REPRESENTATIVE,R,NC,8,H001067,114
2354,Pramila,JAYAPAL,REPRESENTATIVE,D,WA,N/A,J000298,115
2149,Hakeem,JEFFRIES,REPRESENTATIVE,D,NY,8,J000294,114
616,Marcy,KAPTUR,REPRESENTATIVE,D,OH,8,K000009,114
1498,Ron,KIND,REPRESENTATIVE,D,WI,3,K000188,114
1724,Steve,KING,REPRESENTATIVE,R,IA,4,K000362,114
683,Sander,LEVIN,REPRESENTATIVE,D,MI,9,L000263,114
735,Edward,MARKEY,SENATOR,D,MA,N/A,M000133,114
1814,Doris,MATSUI,REPRESENTATIVE,D,CA,6,M001163,114
791,Robert,MENENDEZ,SENATOR,D,NJ,N/A,M000639,114
1900,Jeff,MERKLEY,SENATOR,D,OR,N/A,M001176,114
2130,Luke,MESSER,REPRESENTATIVE,R,IN,6,M001189,114
1710,Devin,NUNES,REPRESENTATIVE,R,CA,22,N000181,114
887,Frank,PALLONE,REPRESENTATIVE,D,NJ,6,P000034,114
1930,Erik,PAULSEN,REPRESENTATIVE,R,MN,3,P000594,114
2097,Donald,PAYNE,REPRESENTATIVE,D,NJ,10,P000604,114
2113,Scott,PETERS,REPRESENTATIVE,D,CA,52,P000608,114
1982,Tom,REED,REPRESENTATIVE,R,NY,23,R000585,114
1986,Martha,ROBY,REPRESENTATIVE,R,AL,2,R000591,114
979,Dana,ROHRABACHER,REPRESENTATIVE,R,CA,48,R000409,114
2017,Todd,ROKITA,REPRESENTATIVE,R,IN,4,R000592,114
2158,Keith,ROTHFUS,REPRESENTATIVE,R,PA,12,R000598,114
2109,Raul,RUIZ,REPRESENTATIVE,D,CA,36,R000599,114
1892,Steve,SCALISE,REPRESENTATIVE,R,LA,1,S001176,114
1950,Kurt,SCHRADER,REPRESENTATIVE,D,OR,5,S001180,114
1548,Jeff,SESSIONS,SENATOR,R,AL,N/A,S001141,114
1527,John,SHIMKUS,REPRESENTATIVE,R,IL,15,S000364,114
2099,Kyrsten,SINEMA,REPRESENTATIVE,D,AZ,9,S001191,114
1069,Louise,SLAUGHTER,REPRESENTATIVE,D,NY,25,S000480,114
2263,Elise,STEFANIK,REPRESENTATIVE,R,NY,21,S001196,114
2344,Claudia,TENNEY,REPRESENTATIVE,R,NY,N/A,T000478,115
1596,Greg,WALDEN,REPRESENTATIVE,R,OR,2,W000791,114
2128,Jackie,WALORSKI,REPRESENTATIVE,R,IN,2,W000813,114
1879,Peter,WELCH,REPRESENTATIVE,D,VT,0,W000800,114
2165,Roger,WILLIAMS,REPRESENTATIVE,R,TX,25,W000816,114
