speaker_id,first_name,last_name,type,party,state,district,bio_guide_id,congress_id
2244,Ralph,ABRAHAM,REPRESENTATIVE,R,LA,5,A000374,114
1460,Robert,ADERHOLT,REPRESENTATIVE,R,AL,4,A000055,114
1695,Lamar,ALEXANDER,SENATOR,R,TN,N/A,A000360,114
2270,Brian,BABIN,REPRESENTATIVE,R,TX,36,B001291,114
1881,John,BARRASSO,SENATOR,R,WY,N/A,B001261,114
2102,Ami,BERA,REPRESENTATIVE,D,CA,7,B001287,114
2063,Diane,BLACK,REPRESENTATIVE,R,TN,6,B001273,114
1748,Marsha,BLACKBURN,REPRESENTATIVE,R,TN,7,B001243,114
1464,Roy,BLUNT,SENATOR,R,MO,N/A,B000575,114
2092,Suzanne,BONAMICI,REPRESENTATIVE,D,OR,1,B001278,114
,,BUDD,REPRESENTATIVE,R,GA,1,99999999999999999,114
153,Richard,BURR,SENATOR,R,NC,N/A,B001135,114
,,CARDIN,SENATOR,D,MD,N/A,99999999999999999,114
186,Steve,CHABOT,REPRESENTATIVE,R,OH,1,C000266,114
,,COHEN,REPRESENTATIVE,D,TN,9,99999999999999999,114
1825,Bob,CORKER,SENATOR,R,TN,N/A,C001071,114
1692,John,CORNYN,SENATOR,R,TX,N/A,C001056,114
2138,Steve,DAINES,SENATOR,R,MT,N/A,D000618,114
2293,Daniel,DONOVAN,REPRESENTATIVE,R,NY,11,D000625,114
326,Richard,DURBIN,SENATOR,D,IL,N/A,D000563,114
1542,Michael,ENZI,SENATOR,R,WY,N/A,E000285,114
2283,Joni,ERNST,SENATOR,R,IA,N/A,E000295,114
2342,Adriano,ESPAILLAT,REPRESENTATIVE,D,NY,N/A,E000297,115
2067,Blake,FARENTHOLD,REPRESENTATIVE,R,TX,27,F000460,114
1797,Michael,FITZPATRICK,REPRESENTATIVE,R,PA,8,F000451,114
1791,Virginia,FOXX,REPRESENTATIVE,R,NC,5,F000450,114
1737,Scott,GARRETT,REPRESENTATIVE,R,NJ,5,G000548,114
446,Bob,GOODLATTE,REPRESENTATIVE,R,VA,6,G000289,114
457,Chuck,GRASSLEY,SENATOR,R,IA,N/A,G000386,114
2032,Vicky,HARTZLER,REPRESENTATIVE,R,MO,4,H001053,114
1844,Mazie,HIRONO,SENATOR,D,HI,N/A,H001042,114
566,Steny,HOYER,REPRESENTATIVE,D,MD,5,H000874,114
2015,Randy,HULTGREN,REPRESENTATIVE,R,IL,14,H001059,114
2354,Pramila,JAYAPAL,REPRESENTATIVE,D,WA,N/A,J000298,115
1724,Steve,KING,REPRESENTATIVE,R,IA,4,K000362,114
2050,James,LANKFORD,SENATOR,R,OK,N/A,L000575,114
1383,Patrick,LEAHY,SENATOR,D,VT,N/A,L000174,114
1501,Barbara,LEE,REPRESENTATIVE,D,CA,13,L000551,114
2142,Mark,MEADOWS,REPRESENTATIVE,R,NC,11,M001187,114
2334,Paul,MITCHELL,REPRESENTATIVE,R,MI,N/A,M001201,115
1507,Jerry,MORAN,SENATOR,R,KS,N/A,M000934,114
850,Jerrold,NADLER,REPRESENTATIVE,D,NY,10,N000002,114
2060,Kristi,NOEM,REPRESENTATIVE,R,SD,0,N000184,114
2361,Ralph,NORMAN,REPRESENTATIVE,R,SC,N/A,N000190,115
2097,Donald,PAYNE,REPRESENTATIVE,D,NJ,10,P000604,114
2286,David,PERDUE,SENATOR,R,GA,N/A,P000612,114
924,Rob,PORTMAN,SENATOR,R,OH,N/A,P000449,114
1986,Martha,ROBY,REPRESENTATIVE,R,AL,2,R000591,114
2158,Keith,ROTHFUS,REPRESENTATIVE,R,PA,12,R000598,114
2288,Mike,ROUNDS,SENATOR,R,SD,N/A,R000605,115
1010,Bernard,SANDERS,SENATOR,I,VT,N/A,S000033,114
2289,Ben,SASSE,SENATOR,R,NE,N/A,S001197,114
1588,Janice,SCHAKOWSKY,REPRESENTATIVE,D,IL,9,S001145,114
2124,Bradley,SCHNEIDER,REPRESENTATIVE,D,IL,N/A,S001190,115
1036,Charles,SCHUMER,SENATOR,D,NY,N/A,S000148,114
1901,Jeanne,SHAHEEN,SENATOR,D,NH,N/A,S001181,114
1049,Richard,SHELBY,SENATOR,R,AL,N/A,S000320,114
2344,Claudia,TENNEY,REPRESENTATIVE,R,NY,N/A,T000478,115
1534,John,THUNE,SENATOR,R,SD,N/A,T000250,114
2291,Thom,TILLIS,SENATOR,R,NC,N/A,T000476,114
1184,Nydia,VELAZQUEZ,REPRESENTATIVE,D,NY,7,V000081,114
1856,Timothy,WALZ,REPRESENTATIVE,D,MN,1,W000799,114
1897,Mark,WARNER,SENATOR,D,VA,N/A,W000805,114
2115,Ted,YOHO,REPRESENTATIVE,R,FL,3,Y000065,114
1256,Don,YOUNG,REPRESENTATIVE,R,AK,0,Y000033,114
2261,Lee,ZELDIN,REPRESENTATIVE,R,NY,1,Z000017,114
