speaker_id,first_name,last_name,type,party,state,district,bio_guide_id,congress_id
2244,Ralph,ABRAHAM,REPRESENTATIVE,R,LA,5,A000374,114
1695,Lamar,ALEXANDER,SENATOR,R,TN,N/A,A000360,114
2238,Barry,BARR,REPRESENTATIVE,R,GA,11,L000583,114
2153,Joyce,BEATTY,REPRESENTATIVE,D,OH,3,B001281,114
1838,Gus,BILIRAKIS,REPRESENTATIVE,R,FL,12,B001257,114
2076,Richard,BLUMENTHAL,SENATOR,D,CT,N/A,B001277,114
1692,John,CORNYN,SENATOR,R,TX,N/A,C001056,114
1836,Joe,COURTNEY,REPRESENTATIVE,D,CT,2,C001069,114
1995,Jeff,DENHAM,REPRESENTATIVE,R,CA,10,D000612,114
326,Richard,DURBIN,SENATOR,D,IL,N/A,D000563,114
344,Eliot,ENGEL,REPRESENTATIVE,D,NY,16,E000179,114
1542,Michael,ENZI,SENATOR,R,WY,N/A,E000285,114
2342,Adriano,ESPAILLAT,REPRESENTATIVE,D,NY,N/A,E000297,115
2298,Dwight,EVANS,REPRESENTATIVE,D,PA,N/A,E000296,115
2324,A.,FERGUSON,REPRESENTATIVE,R,GA,N/A,F000465,115
1797,Michael,FITZPATRICK,REPRESENTATIVE,R,PA,8,F000451,114
1351,Orrin,HATCH,SENATOR,R,UT,N/A,H000338,114
1749,Jeb,HENSARLING,REPRESENTATIVE,R,TX,5,H001036,114
2354,Pramila,JAYAPAL,REPRESENTATIVE,D,WA,N/A,J000298,115
2149,Hakeem,JEFFRIES,REPRESENTATIVE,D,NY,8,J000294,114
,,JOHNSON,REPRESENTATIVE,R,GA,4,99999999999999999,114
2325,Raja,KRISHNAMOORTHI,REPRESENTATIVE,D,IL,N/A,K000391,115
1383,Patrick,LEAHY,SENATOR,D,VT,N/A,L000174,114
2111,Alan,LOWENTHAL,REPRESENTATIVE,D,CA,47,L000579,114
2322,Brian,MAST,REPRESENTATIVE,R,FL,N/A,M001199,115
791,Robert,MENENDEZ,SENATOR,D,NJ,N/A,M000639,114
1676,Shelley,MOORE,SENATOR,R,WV,N/A,C001047,114
1409,Patty,MURRAY,SENATOR,D,WA,N/A,M001111,114
854,Richard,NEAL,REPRESENTATIVE,D,MA,1,N000015,114
868,Eleanor,NORTON,DELEGATE,D,DC,N/A,N000147,114
1510,Bill,PASCRELL,REPRESENTATIVE,D,NJ,9,P000096,114
1930,Erik,PAULSEN,REPRESENTATIVE,R,MN,3,P000594,114
2097,Donald,PAYNE,REPRESENTATIVE,D,NJ,10,P000604,114
905,Nancy,PELOSI,REPRESENTATIVE,D,CA,12,P000197,114
2113,Scott,PETERS,REPRESENTATIVE,D,CA,52,P000608,114
2141,Robert,PITTENGER,REPRESENTATIVE,R,NC,9,P000606,114
2023,Cedric,RICHMOND,REPRESENTATIVE,D,LA,2,R000588,114
2158,Keith,ROTHFUS,REPRESENTATIVE,R,PA,12,R000598,114
2084,Marco,RUBIO,SENATOR,R,FL,N/A,R000595,114
1588,Janice,SCHAKOWSKY,REPRESENTATIVE,D,IL,9,S001145,114
1036,Charles,SCHUMER,SENATOR,D,NY,N/A,S000148,114
1681,Bill,SHUSTER,REPRESENTATIVE,R,PA,9,S001154,114
2110,Mark,TAKANO,REPRESENTATIVE,D,CA,41,T000472,114
2344,Claudia,TENNEY,REPRESENTATIVE,R,NY,N/A,T000478,115
2250,David,TROTT,REPRESENTATIVE,R,MI,11,T000475,114
2137,Ann,WAGNER,REPRESENTATIVE,R,MO,2,W000812,114
1856,Timothy,WALZ,REPRESENTATIVE,D,MN,1,W000799,114
2182,Elizabeth,WARREN,SENATOR,D,MA,N/A,W000817,114
2165,Roger,WILLIAMS,REPRESENTATIVE,R,TX,25,W000816,114
2115,Ted,YOHO,REPRESENTATIVE,R,FL,3,Y000065,114
