speaker_id,first_name,last_name,type,party,state,district,bio_guide_id,congress_id
2350,Jodey,ARRINGTON,REPRESENTATIVE,R,TX,N/A,A000375,115
2333,Jack,BERGMAN,REPRESENTATIVE,R,MI,N/A,B001301,115
172,Maria,CANTWELL,SENATOR,D,WA,N/A,C000127,114
2297,James,COMER,REPRESENTATIVE,R,KY,N/A,C001108,115
1959,Gerald,CONNOLLY,REPRESENTATIVE,D,VA,11,C001078,114
1836,Joe,COURTNEY,REPRESENTATIVE,D,CT,2,C001069,114
1807,Henry,CUELLAR,REPRESENTATIVE,D,TX,28,C001063,114
2298,Dwight,EVANS,REPRESENTATIVE,D,PA,N/A,E000296,115
1888,Bill,FOSTER,REPRESENTATIVE,D,IL,11,F000454,114
1791,Virginia,FOXX,REPRESENTATIVE,R,NC,5,F000450,114
2276,Glenn,GROTHMAN,REPRESENTATIVE,R,WI,6,G000576,114
2032,Vicky,HARTZLER,REPRESENTATIVE,R,MO,4,H001053,114
2223,J.,HILL,REPRESENTATIVE,R,AR,2,H001072,114
616,Marcy,KAPTUR,REPRESENTATIVE,D,OH,8,K000009,114
2325,Raja,KRISHNAMOORTHI,REPRESENTATIVE,D,IL,N/A,K000391,115
1668,James,LANGEVIN,REPRESENTATIVE,D,RI,2,L000559,114
1383,Patrick,LEAHY,SENATOR,D,VT,N/A,L000174,114
1930,Erik,PAULSEN,REPRESENTATIVE,R,MN,3,P000594,114
2097,Donald,PAYNE,REPRESENTATIVE,D,NJ,10,P000604,114
2113,Scott,PETERS,REPRESENTATIVE,D,CA,52,P000608,114
,,PLASKETT,DELEGATE,I,VI,N/A,99999999999999999,114
2247,Bruce,POLIQUIN,REPRESENTATIVE,R,ME,2,P000611,114
,,RADEWAGEN,DELEGATE,I,AS,N/A,99999999999999999,114
1986,Martha,ROBY,REPRESENTATIVE,R,AL,2,R000591,114
1036,Charles,SCHUMER,SENATOR,D,NY,N/A,S000148,114
2166,Marc,VEASEY,REPRESENTATIVE,D,TX,33,V000131,114
1184,Nydia,VELAZQUEZ,REPRESENTATIVE,D,NY,7,V000081,114
2137,Ann,WAGNER,REPRESENTATIVE,R,MO,2,W000812,114
2115,Ted,YOHO,REPRESENTATIVE,R,FL,3,Y000065,114
