speaker_id,first_name,last_name,type,party,state,district,bio_guide_id,congress_id
1881,John,BARRASSO,SENATOR,R,WY,N/A,B001261,114
1676,Shelley,CAPITO,SENATOR,R,WV,N/A,C001047,115
1564,Michael,CAPUANO,REPRESENTATIVE,D,MA,7,C001037,114
,,CARDIN,SENATOR,D,MD,N/A,99999999999999999,114
1828,Robert,CASEY,SENATOR,D,PA,N/A,C001070,114
2121,Doug,COLLINS,REPRESENTATIVE,R,GA,9,C001093,114
1805,K.,CONAWAY,REPRESENTATIVE,R,TX,11,C001062,114
1825,Bob,CORKER,SENATOR,R,TN,N/A,C001071,114
1692,John,CORNYN,SENATOR,R,TX,N/A,C001056,114
1836,Joe,COURTNEY,REPRESENTATIVE,D,CT,2,C001069,114
250,Mike,CRAPO,SENATOR,R,ID,N/A,C000880,114
2138,Steve,DAINES,SENATOR,R,MT,N/A,D000618,114
326,Richard,DURBIN,SENATOR,D,IL,N/A,D000563,114
1633,Jeff,FLAKE,SENATOR,R,AZ,N/A,F000444,114
1998,Cory,GARDNER,SENATOR,R,CO,N/A,G000562,115
1866,Kirsten,GILLIBRAND,SENATOR,D,NY,N/A,G000555,114
2234,Gwen,GRAHAM,REPRESENTATIVE,D,FL,2,G000575,114
457,Chuck,GRASSLEY,SENATOR,R,IA,N/A,G000386,114
2174,Heidi,HEITKAMP,SENATOR,D,ND,N/A,H001069,114
1913,James,HIMES,REPRESENTATIVE,D,CT,4,H001047,114
2079,John,HOEVEN,SENATOR,R,ND,N/A,H001061,114
583,James,INHOFE,SENATOR,R,OK,N/A,I000024,114
1608,Johnny,ISAKSON,SENATOR,R,GA,N/A,I000055,114
2176,Tim,KAINE,SENATOR,D,VA,N/A,K000384,114
2134,Daniel,KILDEE,REPRESENTATIVE,D,MI,5,K000380,114
2050,James,LANKFORD,SENATOR,R,OK,N/A,L000575,114
1383,Patrick,LEAHY,SENATOR,D,VT,N/A,L000174,114
1837,Christopher,MURPHY,SENATOR,D,CT,N/A,M001169,114
2286,David,PERDUE,SENATOR,R,GA,N/A,P000612,114
2113,Scott,PETERS,REPRESENTATIVE,D,CA,52,P000608,114
1010,Bernard,SANDERS,SENATOR,I,VT,N/A,S000033,114
2173,Brian,SCHATZ,SENATOR,D,HI,N/A,S001194,114
2113,Scott,SCOTT,REPRESENTATIVE,D,CA,52,P000608,114
1901,Jeanne,SHAHEEN,SENATOR,D,NH,N/A,S001181,114
2290,Dan,SULLIVAN,SENATOR,R,AK,N/A,S001198,114
1534,John,THUNE,SENATOR,R,SD,N/A,T000250,114
1823,Sheldon,WHITEHOUSE,SENATOR,D,RI,N/A,W000802,114
