speaker_id,first_name,last_name,type,party,state,district,bio_guide_id,congress_id
2201,Alma,ADAMS,REPRESENTATIVE,D,NC,12,A000370,114
1695,Lamar,ALEXANDER,SENATOR,R,TN,N/A,A000360,114
2239,Rick,ALLEN,REPRESENTATIVE,R,GA,12,A000372,114
2337,Don,BACON,REPRESENTATIVE,R,NE,N/A,B001298,115
1881,John,BARRASSO,SENATOR,R,WY,N/A,B001261,114
2153,Joyce,BEATTY,REPRESENTATIVE,D,OH,3,B001281,114
2307,Andy,BIGGS,REPRESENTATIVE,R,AZ,N/A,B001302,115
2063,Diane,BLACK,REPRESENTATIVE,R,TN,6,B001273,114
1464,Roy,BLUNT,SENATOR,R,MO,N/A,B000575,114
2203,Dave,BRAT,REPRESENTATIVE,R,VA,7,B001290,114
2233,Ken,BUCK,REPRESENTATIVE,R,CO,4,B001297,114
,,CARDIN,SENATOR,D,MD,N/A,99999999999999999,114
179,Thomas,CARPER,SENATOR,D,DE,N/A,C000174,114
186,Steve,CHABOT,REPRESENTATIVE,R,OH,1,C000266,114
2055,David,CICILLINE,REPRESENTATIVE,D,RI,1,C001084,114
1959,Gerald,CONNOLLY,REPRESENTATIVE,D,VA,11,C001078,114
1692,John,CORNYN,SENATOR,R,TX,N/A,C001056,114
1774,Jim,COSTA,REPRESENTATIVE,D,CA,16,C001059,114
326,Richard,DURBIN,SENATOR,D,IL,N/A,D000563,114
1857,Keith,ELLISON,REPRESENTATIVE,D,MN,5,E000288,114
1332,Dianne,FEINSTEIN,SENATOR,D,CA,N/A,F000062,114
2179,Deb,FISCHER,SENATOR,R,NE,N/A,F000463,114
2122,Tulsi,GABBARD,REPRESENTATIVE,D,HI,2,G000571,114
1737,Scott,GARRETT,REPRESENTATIVE,R,NJ,5,G000548,114
2049,Bob,GIBBS,REPRESENTATIVE,R,OH,7,G000563,114
457,Chuck,GRASSLEY,SENATOR,R,IA,N/A,G000386,114
1933,Gregg,HARPER,REPRESENTATIVE,R,MS,3,H001045,114
1351,Orrin,HATCH,SENATOR,R,UT,N/A,H000338,114
1937,Martin,HEINRICH,SENATOR,D,NM,N/A,H001046,114
2223,J.,HILL,REPRESENTATIVE,R,AR,2,H001072,114
566,Steny,HOYER,REPRESENTATIVE,D,MD,5,H000874,114
2140,Richard,HUDSON,REPRESENTATIVE,R,NC,8,H001067,114
2101,Jared,HUFFMAN,REPRESENTATIVE,D,CA,2,H001068,114
583,James,INHOFE,SENATOR,R,OK,N/A,I000024,114
1608,Johnny,ISAKSON,SENATOR,R,GA,N/A,I000055,114
2176,Tim,KAINE,SENATOR,D,VA,N/A,K000384,114
616,Marcy,KAPTUR,REPRESENTATIVE,D,OH,8,K000009,114
2308,Ro,KHANNA,REPRESENTATIVE,D,CA,N/A,K000389,115
2252,Brenda,LAWRENCE,REPRESENTATIVE,D,MI,14,L000581,114
1383,Patrick,LEAHY,SENATOR,D,VT,N/A,L000174,114
1686,Stephen,LYNCH,REPRESENTATIVE,D,MA,8,L000562,114
1900,Jeff,MERKLEY,SENATOR,D,OR,N/A,M001176,114
1676,Shelley,MOORE,SENATOR,R,WV,N/A,C001047,114
1602,Grace,NAPOLITANO,REPRESENTATIVE,D,CA,32,N000179,114
868,Eleanor,NORTON,DELEGATE,D,DC,N/A,N000147,114
2309,Jimmy,PANETTA,REPRESENTATIVE,D,CA,N/A,P000613,115
1930,Erik,PAULSEN,REPRESENTATIVE,R,MN,3,P000594,114
910,Collin,PETERSON,REPRESENTATIVE,D,MN,7,P000258,114
2141,Robert,PITTENGER,REPRESENTATIVE,R,NC,9,P000606,114
,,PLASKETT,DELEGATE,I,VI,N/A,99999999999999999,114
2171,Mark,POCAN,REPRESENTATIVE,D,WI,2,P000607,114
2247,Bruce,POLIQUIN,REPRESENTATIVE,R,ME,2,P000611,114
2332,Jamie,RASKIN,REPRESENTATIVE,D,MD,N/A,R000606,115
1896,James,RISCH,SENATOR,R,ID,N/A,R000584,114
968,Pat,ROBERTS,SENATOR,R,KS,N/A,R000307,114
2003,Dennis,ROSS,REPRESENTATIVE,R,FL,15,R000593,114
1757,Linda,SANCHEZ,REPRESENTATIVE,D,CA,38,S001156,114
1854,John,SARBANES,REPRESENTATIVE,D,MD,3,S001168,114
1892,Steve,SCALISE,REPRESENTATIVE,R,LA,1,S001176,114
1635,Adam,SCHIFF,REPRESENTATIVE,D,CA,28,S001150,114
1036,Charles,SCHUMER,SENATOR,D,NY,N/A,S000148,114
1901,Jeanne,SHAHEEN,SENATOR,D,NH,N/A,S001181,114
1049,Richard,SHELBY,SENATOR,R,AL,N/A,S000320,114
2099,Kyrsten,SINEMA,REPRESENTATIVE,D,AZ,9,S001191,114
1069,Louise,SLAUGHTER,REPRESENTATIVE,D,NY,25,S000480,114
2346,Lloyd,SMUCKER,REPRESENTATIVE,R,PA,N/A,S001199,115
2110,Mark,TAKANO,REPRESENTATIVE,D,CA,41,T000472,114
2344,Claudia,TENNEY,REPRESENTATIVE,R,NY,N/A,T000478,115
2105,David,VALADAO,REPRESENTATIVE,R,CA,21,V000129,114
2137,Ann,WAGNER,REPRESENTATIVE,R,MO,2,W000812,114
2182,Elizabeth,WARREN,SENATOR,D,MA,N/A,W000817,114
1247,Ron,WYDEN,SENATOR,D,OR,N/A,W000779,114
2115,Ted,YOHO,REPRESENTATIVE,R,FL,3,Y000065,114
