speaker_id,first_name,last_name,type,party,state,district,bio_guide_id,congress_id
1881,John,BARRASSO,SENATOR,R,WY,N/A,B001261,114
2194,Cory,BOOKER,SENATOR,D,NJ,N/A,B001288,114
1751,Michael,BURGESS,REPRESENTATIVE,R,TX,26,B001248,114
2197,Bradley,BYRNE,REPRESENTATIVE,R,AL,1,B001289,114
2273,Barbara,COMSTOCK,REPRESENTATIVE,R,VA,10,C001105,114
1959,Gerald,CONNOLLY,REPRESENTATIVE,D,VA,11,C001078,114
1825,Bob,CORKER,SENATOR,R,TN,N/A,C001071,114
1692,John,CORNYN,SENATOR,R,TX,N/A,C001056,114
256,Elijah,CUMMINGS,REPRESENTATIVE,D,MD,7,C000984,114
2315,Neal,DUNN,REPRESENTATIVE,R,FL,N/A,D000628,115
326,Richard,DURBIN,SENATOR,D,IL,N/A,D000563,114
1791,Virginia,FOXX,REPRESENTATIVE,R,NC,5,F000450,114
1973,John,GARAMENDI,REPRESENTATIVE,D,CA,3,G000559,114
1801,Louie,GOHMERT,REPRESENTATIVE,R,TX,1,G000552,114
2362,Jimmy,GOMEZ,REPRESENTATIVE,D,CA,N/A,G000585,115
446,Bob,GOODLATTE,REPRESENTATIVE,R,VA,6,G000289,114
2234,Gwen,GRAHAM,REPRESENTATIVE,D,FL,2,G000575,114
1708,Raul,GRIJALVA,REPRESENTATIVE,D,AZ,3,G000551,114
2269,Will,HURD,REPRESENTATIVE,R,TX,23,H001073,114
612,Walter,JONES,REPRESENTATIVE,R,NC,3,J000255,114
616,Marcy,KAPTUR,REPRESENTATIVE,D,OH,8,K000009,114
2228,Stephen,KNIGHT,REPRESENTATIVE,R,CA,25,K000387,114
2325,Raja,KRISHNAMOORTHI,REPRESENTATIVE,D,IL,N/A,K000391,115
1668,James,LANGEVIN,REPRESENTATIVE,D,RI,2,L000559,114
2328,Roger,MARSHALL,REPRESENTATIVE,R,KS,N/A,M001198,115
1900,Jeff,MERKLEY,SENATOR,D,OR,N/A,M001176,114
1676,Shelley,MOORE,SENATOR,R,WV,N/A,C001047,114
859,Bill,NELSON,SENATOR,D,FL,N/A,N000032,114
868,Eleanor,NORTON,DELEGATE,D,DC,N/A,N000147,114
2309,Jimmy,PANETTA,REPRESENTATIVE,D,CA,N/A,P000613,115
1930,Erik,PAULSEN,REPRESENTATIVE,R,MN,3,P000594,114
2097,Donald,PAYNE,REPRESENTATIVE,D,NJ,10,P000604,114
2316,John,RUTHERFORD,REPRESENTATIVE,R,FL,N/A,R000609,115
2124,Bradley,SCHNEIDER,REPRESENTATIVE,D,IL,N/A,S001190,115
1036,Charles,SCHUMER,SENATOR,D,NY,N/A,S000148,114
1548,Jeff,SESSIONS,SENATOR,R,AL,N/A,S001141,114
2168,Chris,STEWART,REPRESENTATIVE,R,UT,2,S001192,114
2047,Steve,STIVERS,REPRESENTATIVE,R,OH,15,S001187,114
2357,Luther,STRANGE,SENATOR,R,AL,N/A,S001202,115
2344,Claudia,TENNEY,REPRESENTATIVE,R,NY,N/A,T000478,115
1829,Jon,TESTER,SENATOR,D,MT,N/A,T000464,114
1155,Mac,THORNBERRY,REPRESENTATIVE,R,TX,13,T000238,114
1534,John,THUNE,SENATOR,R,SD,N/A,T000250,114
2182,Elizabeth,WARREN,SENATOR,D,MA,N/A,W000817,114
2021,Kevin,YODER,REPRESENTATIVE,R,KS,3,Y000063,114
