speaker_id,first_name,last_name,type,party,state,district,bio_guide_id,congress_id
2201,Alma,ADAMS,REPRESENTATIVE,D,NC,12,A000370,114
2238,Barry,BARR,REPRESENTATIVE,R,GA,11,L000583,114
2311,Nanette,BARRAGAN,REPRESENTATIVE,D,CA,N/A,B001300,115
2153,Joyce,BEATTY,REPRESENTATIVE,D,OH,3,B001281,114
2063,Diane,BLACK,REPRESENTATIVE,R,TN,6,B001273,114
2194,Cory,BOOKER,SENATOR,D,NJ,N/A,B001288,114
2243,Mike,BOST,REPRESENTATIVE,R,IL,12,B001295,114
2106,Julia,BROWN,REPRESENTATIVE,D,CA,26,B001285,114
2233,Ken,BUCK,REPRESENTATIVE,R,CO,4,B001297,114
,,BUDD,REPRESENTATIVE,R,GA,1,99999999999999999,114
1828,Robert,CASEY,SENATOR,D,PA,N/A,C001070,114
2055,David,CICILLINE,REPRESENTATIVE,D,RI,1,C001084,114
1825,Bob,CORKER,SENATOR,R,TN,N/A,C001071,114
1692,John,CORNYN,SENATOR,R,TX,N/A,C001056,114
1836,Joe,COURTNEY,REPRESENTATIVE,D,CT,2,C001069,114
250,Mike,CRAPO,SENATOR,R,ID,N/A,C000880,114
1604,Joseph,CROWLEY,REPRESENTATIVE,D,NY,14,C001038,114
2138,Steve,DAINES,SENATOR,R,MT,N/A,D000618,114
2133,John,DELANEY,REPRESENTATIVE,D,MD,6,D000620,114
1976,Theodore,DEUTCH,REPRESENTATIVE,D,FL,21,D000610,114
326,Richard,DURBIN,SENATOR,D,IL,N/A,D000563,114
1857,Keith,ELLISON,REPRESENTATIVE,D,MN,5,E000288,114
2359,Greg,GIANFORTE,REPRESENTATIVE,R,MT,N/A,G000584,115
1801,Louie,GOHMERT,REPRESENTATIVE,R,TX,1,G000552,114
478,Luis,GUTIERREZ,REPRESENTATIVE,D,IL,4,G000535,114
1351,Orrin,HATCH,SENATOR,R,UT,N/A,H000338,114
1749,Jeb,HENSARLING,REPRESENTATIVE,R,TX,5,H001036,114
2028,Bill,HUIZENGA,REPRESENTATIVE,R,MI,2,H001058,114
2015,Randy,HULTGREN,REPRESENTATIVE,R,IL,14,H001059,114
583,James,INHOFE,SENATOR,R,OK,N/A,I000024,114
2176,Tim,KAINE,SENATOR,D,VA,N/A,K000384,114
616,Marcy,KAPTUR,REPRESENTATIVE,D,OH,8,K000009,114
2340,Ruben,KIHUEN,REPRESENTATIVE,D,NV,N/A,K000390,115
2271,Mia,LOVE,REPRESENTATIVE,R,UT,4,L000584,114
1931,Blaine,LUETKEMEYER,REPRESENTATIVE,R,MO,3,L000569,114
1409,Patty,MURRAY,SENATOR,D,WA,N/A,M001111,114
2097,Donald,PAYNE,REPRESENTATIVE,D,NJ,10,P000604,114
2268,John,RATCLIFFE,REPRESENTATIVE,R,TX,4,R000601,114
2003,Dennis,ROSS,REPRESENTATIVE,R,FL,15,R000593,114
2158,Keith,ROTHFUS,REPRESENTATIVE,R,PA,12,R000598,114
2084,Marco,RUBIO,SENATOR,R,FL,N/A,R000595,114
1892,Steve,SCALISE,REPRESENTATIVE,R,LA,1,S001176,114
1036,Charles,SCHUMER,SENATOR,D,NY,N/A,S000148,114
1526,Brad,SHERMAN,REPRESENTATIVE,D,CA,30,S000344,114
2344,Claudia,TENNEY,REPRESENTATIVE,R,NY,N/A,T000478,115
1997,Scott,TIPTON,REPRESENTATIVE,R,CO,3,T000470,114
2182,Elizabeth,WARREN,SENATOR,D,MA,N/A,W000817,114
1823,Sheldon,WHITEHOUSE,SENATOR,D,RI,N/A,W000802,114
1886,Robert,WITTMAN,REPRESENTATIVE,R,VA,1,W000804,114
2261,Lee,ZELDIN,REPRESENTATIVE,R,NY,1,Z000017,114
