speaker_id,first_name,last_name,type,party,state,district,bio_guide_id,congress_id
2201,Alma,ADAMS,REPRESENTATIVE,D,NC,12,A000370,114
2153,Joyce,BEATTY,REPRESENTATIVE,D,OH,3,B001281,114
1748,Marsha,BLACKBURN,REPRESENTATIVE,R,TN,7,B001243,114
99,Earl,BLUMENAUER,REPRESENTATIVE,D,OR,3,B000574,114
2243,Mike,BOST,REPRESENTATIVE,R,IL,12,B001295,114
2107,Tony,CARDENAS,REPRESENTATIVE,D,CA,29,C001097,114
,,CARDIN,SENATOR,D,MD,N/A,99999999999999999,114
2055,David,CICILLINE,REPRESENTATIVE,D,RI,1,C001084,114
1654,Wm.,CLAY,REPRESENTATIVE,D,MO,1,C001049,114
,,COHEN,REPRESENTATIVE,D,TN,9,99999999999999999,114
2259,Bonnie,COLE,REPRESENTATIVE,D,NJ,12,W000822,114
229,John,CONYERS,REPRESENTATIVE,D,MI,13,C000714,114
1692,John,CORNYN,SENATOR,R,TX,N/A,C001056,114
1774,Jim,COSTA,REPRESENTATIVE,D,CA,16,C001059,114
2321,Charlie,CRIST,REPRESENTATIVE,D,FL,N/A,C001111,115
2138,Steve,DAINES,SENATOR,R,MT,N/A,D000618,114
2296,Warren,DAVIDSON,REPRESENTATIVE,R,OH,N/A,D000626,115
1976,Theodore,DEUTCH,REPRESENTATIVE,D,FL,21,D000610,114
2253,Tom,EMMER,REPRESENTATIVE,R,MN,6,E000294,114
355,Anna,ESHOO,REPRESENTATIVE,D,CA,18,E000215,114
2298,Dwight,EVANS,REPRESENTATIVE,D,PA,N/A,E000296,115
1801,Louie,GOHMERT,REPRESENTATIVE,R,TX,1,G000552,114
446,Bob,GOODLATTE,REPRESENTATIVE,R,VA,6,G000289,114
457,Chuck,GRASSLEY,SENATOR,R,IA,N/A,G000386,114
2223,J.,HILL,REPRESENTATIVE,R,AR,2,H001072,114
566,Steny,HOYER,REPRESENTATIVE,D,MD,5,H000874,114
616,Marcy,KAPTUR,REPRESENTATIVE,D,OH,8,K000009,114
2172,Joseph,KENNEDY,REPRESENTATIVE,D,MA,4,K000379,114
2134,Daniel,KILDEE,REPRESENTATIVE,D,MI,5,K000380,114
,,LATTA,REPRESENTATIVE,R,OH,5,99999999999999999,114
1383,Patrick,LEAHY,SENATOR,D,VT,N/A,L000174,114
683,Sander,LEVIN,REPRESENTATIVE,D,MI,9,L000263,114
701,Zoe,LOFGREN,REPRESENTATIVE,D,CA,19,L000397,114
2053,Tom,MARINO,REPRESENTATIVE,R,PA,10,M001179,114
1814,Doris,MATSUI,REPRESENTATIVE,D,CA,6,M001163,114
1900,Jeff,MERKLEY,SENATOR,D,OR,N/A,M001176,114
850,Jerrold,NADLER,REPRESENTATIVE,D,NY,10,N000002,114
1602,Grace,NAPOLITANO,REPRESENTATIVE,D,CA,32,N000179,114
2309,Jimmy,PANETTA,REPRESENTATIVE,D,CA,N/A,P000613,115
2097,Donald,PAYNE,REPRESENTATIVE,D,NJ,10,P000604,114
1910,Jared,POLIS,REPRESENTATIVE,D,CO,2,P000598,114
2332,Jamie,RASKIN,REPRESENTATIVE,D,MD,N/A,R000606,115
2048,James,RENACCI,REPRESENTATIVE,R,OH,16,R000586,114
979,Dana,ROHRABACHER,REPRESENTATIVE,R,CA,48,R000409,114
2158,Keith,ROTHFUS,REPRESENTATIVE,R,PA,12,R000598,114
1588,Janice,SCHAKOWSKY,REPRESENTATIVE,D,IL,9,S001145,114
2124,Bradley,SCHNEIDER,REPRESENTATIVE,D,IL,N/A,S001190,115
2319,Darren,SOTO,REPRESENTATIVE,D,FL,N/A,S001200,115
1534,John,THUNE,SENATOR,R,SD,N/A,T000250,114
1664,Patrick,TIBERI,REPRESENTATIVE,R,OH,12,T000462,114
2231,Norma,TORRES,REPRESENTATIVE,D,CA,35,T000474,114
2166,Marc,VEASEY,REPRESENTATIVE,D,TX,33,V000131,114
2152,Brad,WENSTRUP,REPRESENTATIVE,R,OH,2,W000815,114
2224,Bruce,WESTERMAN,REPRESENTATIVE,R,AR,4,W000821,114
1991,Steve,WOMACK,REPRESENTATIVE,R,AR,3,W000809,114
