speaker_id,first_name,last_name,type,party,state,district,bio_guide_id,congress_id
2201,Alma,ADAMS,REPRESENTATIVE,D,NC,12,A000370,114
2337,Don,BACON,REPRESENTATIVE,R,NE,N/A,B001298,115
2311,Nanette,BARRAGAN,REPRESENTATIVE,D,CA,N/A,B001300,115
1881,John,BARRASSO,SENATOR,R,WY,N/A,B001261,114
1965,Michael,BENNET,SENATOR,D,CO,N/A,B001267,114
2076,Richard,BLUMENTHAL,SENATOR,D,CT,N/A,B001277,114
1464,Roy,BLUNT,SENATOR,R,MO,N/A,B000575,114
2194,Cory,BOOKER,SENATOR,D,NJ,N/A,B001288,114
2106,Julia,BROWN,REPRESENTATIVE,D,CA,26,B001285,114
172,Maria,CANTWELL,SENATOR,D,WA,N/A,C000127,114
1676,Shelley,CAPITO,SENATOR,R,WV,N/A,C001047,115
,,CARDIN,SENATOR,D,MD,N/A,99999999999999999,114
179,Thomas,CARPER,SENATOR,D,DE,N/A,C000174,114
1828,Robert,CASEY,SENATOR,D,PA,N/A,C001070,114
2055,David,CICILLINE,REPRESENTATIVE,D,RI,1,C001084,114
229,John,CONYERS,REPRESENTATIVE,D,MI,13,C000714,114
1984,Christopher,COONS,SENATOR,D,DE,N/A,C001088,114
1692,John,CORNYN,SENATOR,R,TX,N/A,C001056,114
1774,Jim,COSTA,REPRESENTATIVE,D,CA,16,C001059,114
2138,Steve,DAINES,SENATOR,R,MT,N/A,D000618,114
2293,Daniel,DONOVAN,REPRESENTATIVE,R,NY,11,D000625,114
2123,Tammy,DUCKWORTH,REPRESENTATIVE,D,IL,8,D000622,114
2072,Sean,DUFFY,REPRESENTATIVE,R,WI,N/A,D000614,115
326,Richard,DURBIN,SENATOR,D,IL,N/A,D000563,114
1857,Keith,ELLISON,REPRESENTATIVE,D,MN,5,E000288,114
1332,Dianne,FEINSTEIN,SENATOR,D,CA,N/A,F000062,114
1797,Michael,FITZPATRICK,REPRESENTATIVE,R,PA,8,F000451,114
1633,Jeff,FLAKE,SENATOR,R,AZ,N/A,F000444,114
1888,Bill,FOSTER,REPRESENTATIVE,D,IL,11,F000454,114
99999999999999,,FROST,REPRESENTATIVE,Party information Unavailable,State Info Unavailable,N/A,9999999999999999,115
2226,Ruben,GALLEGO,REPRESENTATIVE,D,AZ,7,G000574,114
1866,Kirsten,GILLIBRAND,SENATOR,D,NY,N/A,G000555,114
2362,Jimmy,GOMEZ,REPRESENTATIVE,D,CA,N/A,G000585,115
457,Chuck,GRASSLEY,SENATOR,R,IA,N/A,G000386,114
2276,Glenn,GROTHMAN,REPRESENTATIVE,R,WI,6,G000576,114
478,Luis,GUTIERREZ,REPRESENTATIVE,D,IL,4,G000535,114
1937,Martin,HEINRICH,SENATOR,D,NM,N/A,H001046,114
2174,Heidi,HEITKAMP,SENATOR,D,ND,N/A,H001069,114
1749,Jeb,HENSARLING,REPRESENTATIVE,R,TX,5,H001036,114
99999999999999,,HERTEL,REPRESENTATIVE,Party information Unavailable,State Info Unavailable,N/A,9999999999999999,115
2223,J.,HILL,REPRESENTATIVE,R,AR,2,H001072,114
566,Steny,HOYER,REPRESENTATIVE,D,MD,5,H000874,114
2140,Richard,HUDSON,REPRESENTATIVE,R,NC,8,H001067,114
1640,Darrell,ISSA,REPRESENTATIVE,R,CA,49,I000056,114
2354,Pramila,JAYAPAL,REPRESENTATIVE,D,WA,N/A,J000298,115
2149,Hakeem,JEFFRIES,REPRESENTATIVE,D,NY,8,J000294,114
2176,Tim,KAINE,SENATOR,D,VA,N/A,K000384,114
1724,Steve,KING,REPRESENTATIVE,R,IA,4,K000362,114
1826,Amy,KLOBUCHAR,SENATOR,D,MN,N/A,K000367,114
2252,Brenda,LAWRENCE,REPRESENTATIVE,D,MI,14,L000581,114
1383,Patrick,LEAHY,SENATOR,D,VT,N/A,L000174,114
701,Zoe,LOFGREN,REPRESENTATIVE,D,CA,19,L000397,114
735,Edward,MARKEY,SENATOR,D,MA,N/A,M000133,114
1900,Jeff,MERKLEY,SENATOR,D,OR,N/A,M001176,114
99999999999999,,MORELLA,REPRESENTATIVE,Party information Unavailable,State Info Unavailable,N/A,9999999999999999,115
850,Jerrold,NADLER,REPRESENTATIVE,D,NY,10,N000002,114
854,Richard,NEAL,REPRESENTATIVE,D,MA,1,N000015,114
859,Bill,NELSON,SENATOR,D,FL,N/A,N000032,114
2361,Ralph,NORMAN,REPRESENTATIVE,R,SC,N/A,N000190,115
868,Eleanor,NORTON,DELEGATE,D,DC,N/A,N000147,114
887,Frank,PALLONE,REPRESENTATIVE,D,NJ,6,P000034,114
1510,Bill,PASCRELL,REPRESENTATIVE,D,NJ,9,P000096,114
2286,David,PERDUE,SENATOR,R,GA,N/A,P000612,114
924,Rob,PORTMAN,SENATOR,R,OH,N/A,P000449,114
1982,Tom,REED,REPRESENTATIVE,R,NY,23,R000585,114
2003,Dennis,ROSS,REPRESENTATIVE,R,FL,15,R000593,114
2084,Marco,RUBIO,SENATOR,R,FL,N/A,R000595,114
1003,Bobby,RUSH,REPRESENTATIVE,D,IL,1,R000515,114
1757,Linda,SANCHEZ,REPRESENTATIVE,D,CA,38,S001156,114
2289,Ben,SASSE,SENATOR,R,NE,N/A,S001197,114
1588,Janice,SCHAKOWSKY,REPRESENTATIVE,D,IL,9,S001145,114
1036,Charles,SCHUMER,SENATOR,D,NY,N/A,S000148,114
1548,Jeff,SESSIONS,SENATOR,R,AL,N/A,S001141,114
1681,Bill,SHUSTER,REPRESENTATIVE,R,PA,9,S001154,114
2099,Kyrsten,SINEMA,REPRESENTATIVE,D,AZ,9,S001191,114
99999999999999,,SKAGGS,REPRESENTATIVE,Party information Unavailable,State Info Unavailable,N/A,9999999999999999,115
1069,Louise,SLAUGHTER,REPRESENTATIVE,D,NY,25,S000480,114
1531,Debbie,STABENOW,SENATOR,D,MI,N/A,S000770,114
99999999999999,,STEARNS,REPRESENTATIVE,Party information Unavailable,State Info Unavailable,N/A,9999999999999999,115
2341,Thomas,SUOZZI,REPRESENTATIVE,D,NY,N/A,S001201,115
1829,Jon,TESTER,SENATOR,D,MT,N/A,T000464,114
1664,Patrick,TIBERI,REPRESENTATIVE,R,OH,12,T000462,114
2291,Thom,TILLIS,SENATOR,R,NC,N/A,T000476,114
2231,Norma,TORRES,REPRESENTATIVE,D,CA,35,T000474,114
1567,Tom,UDALL,SENATOR,D,NM,N/A,U000039,114
1177,Fred,UPTON,REPRESENTATIVE,R,MI,6,U000031,114
1184,Nydia,VELAZQUEZ,REPRESENTATIVE,D,NY,7,V000081,114
2128,Jackie,WALORSKI,REPRESENTATIVE,R,IN,2,W000813,114
1823,Sheldon,WHITEHOUSE,SENATOR,D,RI,N/A,W000802,114
1247,Ron,WYDEN,SENATOR,D,OR,N/A,W000779,114
2115,Ted,YOHO,REPRESENTATIVE,R,FL,3,Y000065,114
