speaker_id,first_name,last_name,type,party,state,district,bio_guide_id,congress_id
2238,Barry,BARR,REPRESENTATIVE,R,GA,11,L000583,114
2272,Donald,BEYER,REPRESENTATIVE,D,VA,8,B001292,114
2307,Andy,BIGGS,REPRESENTATIVE,R,AZ,N/A,B001302,115
2233,Ken,BUCK,REPRESENTATIVE,R,CO,4,B001297,114
,,BUDD,REPRESENTATIVE,R,GA,1,99999999999999999,114
1751,Michael,BURGESS,REPRESENTATIVE,R,TX,26,B001248,114
2197,Bradley,BYRNE,REPRESENTATIVE,R,AL,1,B001289,114
1564,Michael,CAPUANO,REPRESENTATIVE,D,MA,7,C001037,114
,,CARDIN,SENATOR,D,MD,N/A,99999999999999999,114
1828,Robert,CASEY,SENATOR,D,PA,N/A,C001070,114
,,COHEN,REPRESENTATIVE,D,TN,9,99999999999999999,114
1604,Joseph,CROWLEY,REPRESENTATIVE,D,NY,14,C001038,114
2320,Val,DEMINGS,REPRESENTATIVE,D,FL,N/A,D000627,115
303,Lloyd,DOGGETT,REPRESENTATIVE,D,TX,35,D000399,114
2123,Tammy,DUCKWORTH,REPRESENTATIVE,D,IL,8,D000622,114
2072,Sean,DUFFY,REPRESENTATIVE,R,WI,N/A,D000614,115
326,Richard,DURBIN,SENATOR,D,IL,N/A,D000563,114
1542,Michael,ENZI,SENATOR,R,WY,N/A,E000285,114
1969,Al,FRANKEN,SENATOR,D,MN,N/A,F000457,114
1998,Cory,GARDNER,SENATOR,R,CO,N/A,G000562,115
1866,Kirsten,GILLIBRAND,SENATOR,D,NY,N/A,G000555,114
511,Alcee,HASTINGS,REPRESENTATIVE,D,FL,20,H000324,114
1351,Orrin,HATCH,SENATOR,R,UT,N/A,H000338,114
1749,Jeb,HENSARLING,REPRESENTATIVE,R,TX,5,H001036,114
2223,J.,HILL,REPRESENTATIVE,R,AR,2,H001072,114
566,Steny,HOYER,REPRESENTATIVE,D,MD,5,H000874,114
2101,Jared,HUFFMAN,REPRESENTATIVE,D,CA,2,H001068,114
2028,Bill,HUIZENGA,REPRESENTATIVE,R,MI,2,H001058,114
1608,Johnny,ISAKSON,SENATOR,R,GA,N/A,I000055,114
2149,Hakeem,JEFFRIES,REPRESENTATIVE,D,NY,8,J000294,114
616,Marcy,KAPTUR,REPRESENTATIVE,D,OH,8,K000009,114
2134,Daniel,KILDEE,REPRESENTATIVE,D,MI,5,K000380,114
2014,Adam,KINZINGER,REPRESENTATIVE,R,IL,16,K000378,114
1826,Amy,KLOBUCHAR,SENATOR,D,MN,N/A,K000367,114
683,Sander,LEVIN,REPRESENTATIVE,D,MI,9,L000263,114
2111,Alan,LOWENTHAL,REPRESENTATIVE,D,CA,47,L000579,114
2130,Luke,MESSER,REPRESENTATIVE,R,IN,6,M001189,114
1694,Lisa,MURKOWSKI,SENATOR,R,AK,N/A,M001153,114
1837,Christopher,MURPHY,SENATOR,D,CT,N/A,M001169,114
1602,Grace,NAPOLITANO,REPRESENTATIVE,D,CA,32,N000179,114
854,Richard,NEAL,REPRESENTATIVE,D,MA,1,N000015,114
2097,Donald,PAYNE,REPRESENTATIVE,D,NJ,10,P000604,114
905,Nancy,PELOSI,REPRESENTATIVE,D,CA,12,P000197,114
2157,Scott,PERRY,REPRESENTATIVE,R,PA,4,P000605,114
2141,Robert,PITTENGER,REPRESENTATIVE,R,NC,9,P000606,114
1967,Mike,QUIGLEY,REPRESENTATIVE,D,IL,5,Q000023,114
2332,Jamie,RASKIN,REPRESENTATIVE,D,MD,N/A,R000606,115
2048,James,RENACCI,REPRESENTATIVE,R,OH,16,R000586,114
1848,Peter,ROSKAM,REPRESENTATIVE,R,IL,6,R000580,114
1010,Bernard,SANDERS,SENATOR,I,VT,N/A,S000033,114
1854,John,SARBANES,REPRESENTATIVE,D,MD,3,S001168,114
1892,Steve,SCALISE,REPRESENTATIVE,R,LA,1,S001176,114
1588,Janice,SCHAKOWSKY,REPRESENTATIVE,D,IL,9,S001145,114
2124,Bradley,SCHNEIDER,REPRESENTATIVE,D,IL,N/A,S001190,115
1036,Charles,SCHUMER,SENATOR,D,NY,N/A,S000148,114
1548,Jeff,SESSIONS,SENATOR,R,AL,N/A,S001141,114
1069,Louise,SLAUGHTER,REPRESENTATIVE,D,NY,25,S000480,114
1531,Debbie,STABENOW,SENATOR,D,MI,N/A,S000770,114
1942,Paul,TONKO,REPRESENTATIVE,D,NY,20,T000469,114
2166,Marc,VEASEY,REPRESENTATIVE,D,TX,33,V000131,114
2255,Mark,WALKER,REPRESENTATIVE,R,NC,6,W000819,114
1897,Mark,WARNER,SENATOR,D,VA,N/A,W000805,114
1823,Sheldon,WHITEHOUSE,SENATOR,D,RI,N/A,W000802,114
2008,Rob,WOODALL,REPRESENTATIVE,R,GA,7,W000810,114
2021,Kevin,YODER,REPRESENTATIVE,R,KS,3,Y000063,114
