speaker_id,first_name,last_name,type,party,state,district,bio_guide_id,congress_id
1695,Lamar,ALEXANDER,SENATOR,R,TN,N/A,A000360,114
2239,Rick,ALLEN,REPRESENTATIVE,R,GA,12,A000372,114
1558,Tammy,BALDWIN,SENATOR,D,WI,N/A,B001230,114
2054,Lou,BARLETTA,REPRESENTATIVE,R,PA,11,B001269,114
2076,Richard,BLUMENTHAL,SENATOR,D,CT,N/A,B001277,114
2018,Larry,BUCSHON,REPRESENTATIVE,R,IN,8,B001275,114
2127,Cheri,BUSTOS,REPRESENTATIVE,D,IL,17,B001286,114
2297,James,COMER,REPRESENTATIVE,R,KY,N/A,C001108,115
1959,Gerald,CONNOLLY,REPRESENTATIVE,D,VA,11,C001078,114
1692,John,CORNYN,SENATOR,R,TX,N/A,C001056,114
250,Mike,CRAPO,SENATOR,R,ID,N/A,C000880,114
303,Lloyd,DOGGETT,REPRESENTATIVE,D,TX,35,D000399,114
326,Richard,DURBIN,SENATOR,D,IL,N/A,D000563,114
1797,Michael,FITZPATRICK,REPRESENTATIVE,R,PA,8,F000451,114
2122,Tulsi,GABBARD,REPRESENTATIVE,D,HI,2,G000571,114
2226,Ruben,GALLEGO,REPRESENTATIVE,D,AZ,7,G000574,114
1801,Louie,GOHMERT,REPRESENTATIVE,R,TX,1,G000552,114
2362,Jimmy,GOMEZ,REPRESENTATIVE,D,CA,N/A,G000585,115
457,Chuck,GRASSLEY,SENATOR,R,IA,N/A,G000386,114
2026,Andy,HARRIS,REPRESENTATIVE,R,MD,1,H001052,114
1351,Orrin,HATCH,SENATOR,R,UT,N/A,H000338,114
2174,Heidi,HEITKAMP,SENATOR,D,ND,N/A,H001069,114
2223,J.,HILL,REPRESENTATIVE,R,AR,2,H001072,114
2079,John,HOEVEN,SENATOR,R,ND,N/A,H001061,114
566,Steny,HOYER,REPRESENTATIVE,D,MD,5,H000874,114
583,James,INHOFE,SENATOR,R,OK,N/A,I000024,114
2308,Ro,KHANNA,REPRESENTATIVE,D,CA,N/A,K000389,115
2134,Daniel,KILDEE,REPRESENTATIVE,D,MI,5,K000380,114
1383,Patrick,LEAHY,SENATOR,D,VT,N/A,L000174,114
1501,Barbara,LEE,REPRESENTATIVE,D,CA,13,L000551,114
1983,Joe,MANCHIN,SENATOR,D,WV,N/A,M001183,114
735,Edward,MARKEY,SENATOR,D,MA,N/A,M000133,114
2322,Brian,MAST,REPRESENTATIVE,R,FL,N/A,M001199,115
99999999999999,First Name unavailable,MCCARTHY,Type Unavailable,Party Info Unavailable,state info unavailable,District Unavailable,BioGuideID unavailable,CongressID unavailable
791,Robert,MENENDEZ,SENATOR,D,NJ,N/A,M000639,114
1900,Jeff,MERKLEY,SENATOR,D,OR,N/A,M001176,114
850,Jerrold,NADLER,REPRESENTATIVE,D,NY,10,N000002,114
1602,Grace,NAPOLITANO,REPRESENTATIVE,D,CA,32,N000179,114
2275,Dan,NEWHOUSE,REPRESENTATIVE,R,WA,4,N000189,114
2060,Kristi,NOEM,REPRESENTATIVE,R,SD,0,N000184,114
2309,Jimmy,PANETTA,REPRESENTATIVE,D,CA,N/A,P000613,115
2097,Donald,PAYNE,REPRESENTATIVE,D,NJ,10,P000604,114
905,Nancy,PELOSI,REPRESENTATIVE,D,CA,12,P000197,114
2332,Jamie,RASKIN,REPRESENTATIVE,D,MD,N/A,R000606,115
1896,James,RISCH,SENATOR,R,ID,N/A,R000584,114
2158,Keith,ROTHFUS,REPRESENTATIVE,R,PA,12,R000598,114
2109,Raul,RUIZ,REPRESENTATIVE,D,CA,36,R000599,114
1892,Steve,SCALISE,REPRESENTATIVE,R,LA,1,S001176,114
2124,Bradley,SCHNEIDER,REPRESENTATIVE,D,IL,N/A,S001190,115
1036,Charles,SCHUMER,SENATOR,D,NY,N/A,S000148,114
1994,David,SCHWEIKERT,REPRESENTATIVE,R,AZ,6,S001183,114
1534,John,THUNE,SENATOR,R,SD,N/A,T000250,114
1664,Patrick,TIBERI,REPRESENTATIVE,R,OH,12,T000462,114
1741,Michael,TURNER,REPRESENTATIVE,R,OH,10,T000463,114
1897,Mark,WARNER,SENATOR,D,VA,N/A,W000805,114
2182,Elizabeth,WARREN,SENATOR,D,MA,N/A,W000817,114
1823,Sheldon,WHITEHOUSE,SENATOR,D,RI,N/A,W000802,114
1226,Roger,WICKER,SENATOR,R,MS,N/A,W000437,114
1247,Ron,WYDEN,SENATOR,D,OR,N/A,W000779,114
