speaker_id,first_name,last_name,type,party,state,district,bio_guide_id,congress_id
2239,Rick,ALLEN,REPRESENTATIVE,R,GA,12,A000372,114
2350,Jodey,ARRINGTON,REPRESENTATIVE,R,TX,N/A,A000375,115
1558,Tammy,BALDWIN,SENATOR,D,WI,N/A,B001230,114
1881,John,BARRASSO,SENATOR,R,WY,N/A,B001261,114
2243,Mike,BOST,REPRESENTATIVE,R,IL,12,B001295,114
1751,Michael,BURGESS,REPRESENTATIVE,R,TX,26,B001248,114
1761,G.,BUTTERFIELD,REPRESENTATIVE,D,NC,1,B001251,114
1912,Mike,COFFMAN,REPRESENTATIVE,R,CO,6,C001077,114
1692,John,CORNYN,SENATOR,R,TX,N/A,C001056,114
1774,Jim,COSTA,REPRESENTATIVE,D,CA,16,C001059,114
2144,Kevin,CRAMER,REPRESENTATIVE,R,ND,0,C001096,114
2138,Steve,DAINES,SENATOR,R,MT,N/A,D000618,114
2123,Tammy,DUCKWORTH,REPRESENTATIVE,D,IL,8,D000622,114
2298,Dwight,EVANS,REPRESENTATIVE,D,PA,N/A,E000296,115
1332,Dianne,FEINSTEIN,SENATOR,D,CA,N/A,F000062,114
2324,A.,FERGUSON,REPRESENTATIVE,R,GA,N/A,F000465,115
1791,Virginia,FOXX,REPRESENTATIVE,R,NC,5,F000450,114
1737,Scott,GARRETT,REPRESENTATIVE,R,NJ,5,G000548,114
1801,Louie,GOHMERT,REPRESENTATIVE,R,TX,1,G000552,114
457,Chuck,GRASSLEY,SENATOR,R,IA,N/A,G000386,114
2302,Margaret,HASSAN,SENATOR,D,NH,N/A,H001076,115
511,Alcee,HASTINGS,REPRESENTATIVE,D,FL,20,H000324,114
1937,Martin,HEINRICH,SENATOR,D,NM,N/A,H001046,114
1749,Jeb,HENSARLING,REPRESENTATIVE,R,TX,5,H001036,114
2015,Randy,HULTGREN,REPRESENTATIVE,R,IL,14,H001059,114
1640,Darrell,ISSA,REPRESENTATIVE,R,CA,49,I000056,114
,,JOHNSON,REPRESENTATIVE,R,GA,4,99999999999999999,114
2340,Ruben,KIHUEN,REPRESENTATIVE,D,NV,N/A,K000390,115
2134,Daniel,KILDEE,REPRESENTATIVE,D,MI,5,K000380,114
2252,Brenda,LAWRENCE,REPRESENTATIVE,D,MI,14,L000581,114
1383,Patrick,LEAHY,SENATOR,D,VT,N/A,L000174,114
1501,Barbara,LEE,REPRESENTATIVE,D,CA,13,L000551,114
2238,Barry,LOUDERMILK,REPRESENTATIVE,R,GA,11,L000583,114
1931,Blaine,LUETKEMEYER,REPRESENTATIVE,R,MO,3,L000569,114
1900,Jeff,MERKLEY,SENATOR,D,OR,N/A,M001176,114
2130,Luke,MESSER,REPRESENTATIVE,R,IN,6,M001189,114
2334,Paul,MITCHELL,REPRESENTATIVE,R,MI,N/A,M001201,115
1837,Christopher,MURPHY,SENATOR,D,CT,N/A,M001169,114
859,Bill,NELSON,SENATOR,D,FL,N/A,N000032,114
2275,Dan,NEWHOUSE,REPRESENTATIVE,R,WA,4,N000189,114
2221,Gary,PALMER,REPRESENTATIVE,R,AL,6,P000609,114
2097,Donald,PAYNE,REPRESENTATIVE,D,NJ,10,P000604,114
2247,Bruce,POLIQUIN,REPRESENTATIVE,R,ME,2,P000611,114
924,Rob,PORTMAN,SENATOR,R,OH,N/A,P000449,114
1982,Tom,REED,REPRESENTATIVE,R,NY,23,R000585,114
1588,Janice,SCHAKOWSKY,REPRESENTATIVE,D,IL,9,S001145,114
2124,Bradley,SCHNEIDER,REPRESENTATIVE,D,IL,N/A,S001190,115
2113,Scott,SCOTT,REPRESENTATIVE,D,CA,52,P000608,114
2110,Mark,TAKANO,REPRESENTATIVE,D,CA,41,T000472,114
1829,Jon,TESTER,SENATOR,D,MT,N/A,T000464,114
2165,Roger,WILLIAMS,REPRESENTATIVE,R,TX,25,W000816,114
2008,Rob,WOODALL,REPRESENTATIVE,R,GA,7,W000810,114
1247,Ron,WYDEN,SENATOR,D,OR,N/A,W000779,114
2115,Ted,YOHO,REPRESENTATIVE,R,FL,3,Y000065,114
2261,Lee,ZELDIN,REPRESENTATIVE,R,NY,1,Z000017,114
