speaker_id,first_name,last_name,type,party,state,district,bio_guide_id,congress_id
1460,Robert,ADERHOLT,REPRESENTATIVE,R,AL,4,A000055,114
2350,Jodey,ARRINGTON,REPRESENTATIVE,R,TX,N/A,A000375,115
1464,Roy,BLUNT,SENATOR,R,MO,N/A,B000575,114
2243,Mike,BOST,REPRESENTATIVE,R,IL,12,B001295,114
,,BUDD,REPRESENTATIVE,R,GA,1,99999999999999999,114
153,Richard,BURR,SENATOR,R,NC,N/A,B001135,114
99999999999999,First Name unavailable,CEO,Type Unavailable,Party Info Unavailable,state info unavailable,District Unavailable,BioGuideID unavailable,CongressID unavailable
2121,Doug,COLLINS,REPRESENTATIVE,R,GA,9,C001093,114
1692,John,CORNYN,SENATOR,R,TX,N/A,C001056,114
2138,Steve,DAINES,SENATOR,R,MT,N/A,D000618,114
2123,Tammy,DUCKWORTH,REPRESENTATIVE,D,IL,8,D000622,114
326,Richard,DURBIN,SENATOR,D,IL,N/A,D000563,114
1633,Jeff,FLAKE,SENATOR,R,AZ,N/A,F000444,114
2122,Tulsi,GABBARD,REPRESENTATIVE,D,HI,2,G000571,114
2314,Matt,GAETZ,REPRESENTATIVE,R,FL,N/A,G000578,115
1973,John,GARAMENDI,REPRESENTATIVE,D,CA,3,G000559,114
1737,Scott,GARRETT,REPRESENTATIVE,R,NJ,5,G000548,114
1801,Louie,GOHMERT,REPRESENTATIVE,R,TX,1,G000552,114
2362,Jimmy,GOMEZ,REPRESENTATIVE,D,CA,N/A,G000585,115
457,Chuck,GRASSLEY,SENATOR,R,IA,N/A,G000386,114
1937,Martin,HEINRICH,SENATOR,D,NM,N/A,H001046,114
2140,Richard,HUDSON,REPRESENTATIVE,R,NC,8,H001067,114
2015,Randy,HULTGREN,REPRESENTATIVE,R,IL,14,H001059,114
1608,Johnny,ISAKSON,SENATOR,R,GA,N/A,I000055,114
2176,Tim,KAINE,SENATOR,D,VA,N/A,K000384,114
2340,Ruben,KIHUEN,REPRESENTATIVE,D,NV,N/A,K000390,115
1724,Steve,KING,REPRESENTATIVE,R,IA,4,K000362,114
2014,Adam,KINZINGER,REPRESENTATIVE,R,IL,16,K000378,114
1383,Patrick,LEAHY,SENATOR,D,VT,N/A,L000174,114
1501,Barbara,LEE,REPRESENTATIVE,D,CA,13,L000551,114
2238,Barry,LOUDERMILK,REPRESENTATIVE,R,GA,11,L000583,114
735,Edward,MARKEY,SENATOR,D,MA,N/A,M000133,114
1900,Jeff,MERKLEY,SENATOR,D,OR,N/A,M001176,114
1837,Christopher,MURPHY,SENATOR,D,CT,N/A,M001169,114
1955,Pete,OLSON,REPRESENTATIVE,R,TX,22,O000168,114
2221,Gary,PALMER,REPRESENTATIVE,R,AL,6,P000609,114
2309,Jimmy,PANETTA,REPRESENTATIVE,D,CA,N/A,P000613,115
1930,Erik,PAULSEN,REPRESENTATIVE,R,MN,3,P000594,114
2141,Robert,PITTENGER,REPRESENTATIVE,R,NC,9,P000606,114
924,Rob,PORTMAN,SENATOR,R,OH,N/A,P000449,114
,,RADEWAGEN,DELEGATE,I,AS,N/A,99999999999999999,114
1896,James,RISCH,SENATOR,R,ID,N/A,R000584,114
2158,Keith,ROTHFUS,REPRESENTATIVE,R,PA,12,R000598,114
2256,David,ROUZER,REPRESENTATIVE,R,NC,7,R000603,114
1010,Bernard,SANDERS,SENATOR,I,VT,N/A,S000033,114
1036,Charles,SCHUMER,SENATOR,D,NY,N/A,S000148,114
2344,Claudia,TENNEY,REPRESENTATIVE,R,NY,N/A,T000478,115
1534,John,THUNE,SENATOR,R,SD,N/A,T000250,114
2291,Thom,TILLIS,SENATOR,R,NC,N/A,T000476,114
2166,Marc,VEASEY,REPRESENTATIVE,D,TX,33,V000131,114
2128,Jackie,WALORSKI,REPRESENTATIVE,R,IN,2,W000813,114
2182,Elizabeth,WARREN,SENATOR,D,MA,N/A,W000817,114
2224,Bruce,WESTERMAN,REPRESENTATIVE,R,AR,4,W000821,114
1823,Sheldon,WHITEHOUSE,SENATOR,D,RI,N/A,W000802,114
1226,Roger,WICKER,SENATOR,R,MS,N/A,W000437,114
1247,Ron,WYDEN,SENATOR,D,OR,N/A,W000779,114
1256,Don,YOUNG,REPRESENTATIVE,R,AK,0,Y000033,114
