speaker_id,first_name,last_name,type,party,state,district,bio_guide_id,congress_id
2337,Don,BACON,REPRESENTATIVE,R,NE,N/A,B001298,115
2307,Andy,BIGGS,REPRESENTATIVE,R,AZ,N/A,B001302,115
1751,Michael,BURGESS,REPRESENTATIVE,R,TX,26,B001248,114
,,COHEN,REPRESENTATIVE,D,TN,9,99999999999999999,114
229,John,CONYERS,REPRESENTATIVE,D,MI,13,C000714,114
1774,Jim,COSTA,REPRESENTATIVE,D,CA,16,C001059,114
1976,Theodore,DEUTCH,REPRESENTATIVE,D,FL,21,D000610,114
1857,Keith,ELLISON,REPRESENTATIVE,D,MN,5,E000288,114
344,Eliot,ENGEL,REPRESENTATIVE,D,NY,16,E000179,114
1797,Michael,FITZPATRICK,REPRESENTATIVE,R,PA,8,F000451,114
2314,Matt,GAETZ,REPRESENTATIVE,R,FL,N/A,G000578,115
1801,Louie,GOHMERT,REPRESENTATIVE,R,TX,1,G000552,114
446,Bob,GOODLATTE,REPRESENTATIVE,R,VA,6,G000289,114
511,Alcee,HASTINGS,REPRESENTATIVE,D,FL,20,H000324,114
2149,Hakeem,JEFFRIES,REPRESENTATIVE,D,NY,8,J000294,114
2264,John,KATKO,REPRESENTATIVE,R,NY,24,K000386,114
1936,Leonard,LANCE,REPRESENTATIVE,R,NJ,7,L000567,114
1501,Barbara,LEE,REPRESENTATIVE,D,CA,13,L000551,114
1983,Joe,MANCHIN,SENATOR,D,WV,N/A,M001183,114
2322,Brian,MAST,REPRESENTATIVE,R,FL,N/A,M001199,115
2052,Patrick,MEEHAN,REPRESENTATIVE,R,PA,7,M001181,114
1900,Jeff,MERKLEY,SENATOR,D,OR,N/A,M001176,114
2130,Luke,MESSER,REPRESENTATIVE,R,IN,6,M001189,114
2246,Seth,MOULTON,REPRESENTATIVE,D,MA,6,M001196,114
1955,Pete,OLSON,REPRESENTATIVE,R,TX,22,O000168,114
1930,Erik,PAULSEN,REPRESENTATIVE,R,MN,3,P000594,114
2109,Raul,RUIZ,REPRESENTATIVE,D,CA,36,R000599,114
2124,Bradley,SCHNEIDER,REPRESENTATIVE,D,IL,N/A,S001190,115
2319,Darren,SOTO,REPRESENTATIVE,D,FL,N/A,S001200,115
2290,Dan,SULLIVAN,SENATOR,R,AK,N/A,S001198,114
2341,Thomas,SUOZZI,REPRESENTATIVE,D,NY,N/A,S001201,115
2344,Claudia,TENNEY,REPRESENTATIVE,R,NY,N/A,T000478,115
1991,Steve,WOMACK,REPRESENTATIVE,R,AR,3,W000809,114
1247,Ron,WYDEN,SENATOR,D,OR,N/A,W000779,114
2115,Ted,YOHO,REPRESENTATIVE,R,FL,3,Y000065,114
