speaker_id,first_name,last_name,type,party,state,district,bio_guide_id,congress_id
2239,Rick,ALLEN,REPRESENTATIVE,R,GA,12,A000372,114
2350,Jodey,ARRINGTON,REPRESENTATIVE,R,TX,N/A,A000375,115
1965,Michael,BENNET,SENATOR,D,CO,N/A,B001267,114
2102,Ami,BERA,REPRESENTATIVE,D,CA,7,B001287,114
1838,Gus,BILIRAKIS,REPRESENTATIVE,R,FL,12,B001257,114
99,Earl,BLUMENAUER,REPRESENTATIVE,D,OR,3,B000574,114
2243,Mike,BOST,REPRESENTATIVE,R,IL,12,B001295,114
2233,Ken,BUCK,REPRESENTATIVE,R,CO,4,B001297,114
1956,Jason,CHAFFETZ,REPRESENTATIVE,R,UT,3,C001076,114
1912,Mike,COFFMAN,REPRESENTATIVE,R,CO,6,C001077,114
1805,K.,CONAWAY,REPRESENTATIVE,R,TX,11,C001062,114
1774,Jim,COSTA,REPRESENTATIVE,D,CA,16,C001059,114
2138,Steve,DAINES,SENATOR,R,MT,N/A,D000618,114
2251,Debbie,DINGELL,REPRESENTATIVE,D,MI,12,D000624,114
2315,Neal,DUNN,REPRESENTATIVE,R,FL,N/A,D000628,115
2114,Elizabeth,ESTY,REPRESENTATIVE,D,CT,5,E000293,114
2298,Dwight,EVANS,REPRESENTATIVE,D,PA,N/A,E000296,115
2067,Blake,FARENTHOLD,REPRESENTATIVE,R,TX,27,F000460,114
2226,Ruben,GALLEGO,REPRESENTATIVE,D,AZ,7,G000574,114
2338,Josh,GOTTHEIMER,REPRESENTATIVE,D,NJ,N/A,G000583,115
457,Chuck,GRASSLEY,SENATOR,R,IA,N/A,G000386,114
478,Luis,GUTIERREZ,REPRESENTATIVE,D,IL,4,G000535,114
2302,Margaret,HASSAN,SENATOR,D,NH,N/A,H001076,115
511,Alcee,HASTINGS,REPRESENTATIVE,D,FL,20,H000324,114
1351,Orrin,HATCH,SENATOR,R,UT,N/A,H000338,114
566,Steny,HOYER,REPRESENTATIVE,D,MD,5,H000874,114
2354,Pramila,JAYAPAL,REPRESENTATIVE,D,WA,N/A,J000298,115
2176,Tim,KAINE,SENATOR,D,VA,N/A,K000384,114
616,Marcy,KAPTUR,REPRESENTATIVE,D,OH,8,K000009,114
2172,Joseph,KENNEDY,REPRESENTATIVE,D,MA,4,K000379,114
2340,Ruben,KIHUEN,REPRESENTATIVE,D,NV,N/A,K000390,115
1724,Steve,KING,REPRESENTATIVE,R,IA,4,K000362,114
2325,Raja,KRISHNAMOORTHI,REPRESENTATIVE,D,IL,N/A,K000391,115
1834,Doug,LAMBORN,REPRESENTATIVE,R,CO,5,L000564,114
2050,James,LANKFORD,SENATOR,R,OK,N/A,L000575,114
2033,Billy,LONG,REPRESENTATIVE,R,MO,7,L000576,114
2238,Barry,LOUDERMILK,REPRESENTATIVE,R,GA,11,L000583,114
2322,Brian,MAST,REPRESENTATIVE,R,FL,N/A,M001199,115
1694,Lisa,MURKOWSKI,SENATOR,R,AK,N/A,M001153,114
,,PLASKETT,DELEGATE,I,VI,N/A,99999999999999999,114
2247,Bruce,POLIQUIN,REPRESENTATIVE,R,ME,2,P000611,114
1967,Mike,QUIGLEY,REPRESENTATIVE,D,IL,5,Q000023,114
2332,Jamie,RASKIN,REPRESENTATIVE,D,MD,N/A,R000606,115
1986,Martha,ROBY,REPRESENTATIVE,R,AL,2,R000591,114
2109,Raul,RUIZ,REPRESENTATIVE,D,CA,36,R000599,114
2316,John,RUTHERFORD,REPRESENTATIVE,R,FL,N/A,R000609,115
1901,Jeanne,SHAHEEN,SENATOR,D,NH,N/A,S001181,114
2099,Kyrsten,SINEMA,REPRESENTATIVE,D,AZ,9,S001191,114
1069,Louise,SLAUGHTER,REPRESENTATIVE,D,NY,25,S000480,114
2319,Darren,SOTO,REPRESENTATIVE,D,FL,N/A,S001200,115
2263,Elise,STEFANIK,REPRESENTATIVE,R,NY,21,S001196,114
2290,Dan,SULLIVAN,SENATOR,R,AK,N/A,S001198,114
2110,Mark,TAKANO,REPRESENTATIVE,D,CA,41,T000472,114
2351,Scott,TAYLOR,REPRESENTATIVE,R,VA,N/A,T000477,115
2344,Claudia,TENNEY,REPRESENTATIVE,R,NY,N/A,T000478,115
2128,Jackie,WALORSKI,REPRESENTATIVE,R,IN,2,W000813,114
1856,Timothy,WALZ,REPRESENTATIVE,D,MN,1,W000799,114
2182,Elizabeth,WARREN,SENATOR,D,MA,N/A,W000817,114
2152,Brad,WENSTRUP,REPRESENTATIVE,R,OH,2,W000815,114
2115,Ted,YOHO,REPRESENTATIVE,R,FL,3,Y000065,114
