speaker_id,first_name,last_name,type,party,state,district,bio_guide_id,congress_id
2244,Ralph,ABRAHAM,REPRESENTATIVE,R,LA,5,A000374,114
1695,Lamar,ALEXANDER,SENATOR,R,TN,N/A,A000360,114
2307,Andy,BIGGS,REPRESENTATIVE,R,AZ,N/A,B001302,115
1838,Gus,BILIRAKIS,REPRESENTATIVE,R,FL,12,B001257,114
1751,Michael,BURGESS,REPRESENTATIVE,R,TX,26,B001248,114
1761,G.,BUTTERFIELD,REPRESENTATIVE,D,NC,1,B001251,114
,,COHEN,REPRESENTATIVE,D,TN,9,99999999999999999,114
2315,Neal,DUNN,REPRESENTATIVE,R,FL,N/A,D000628,115
2355,Mike,GALLAGHER,REPRESENTATIVE,R,WI,N/A,G000579,115
2223,J.,HILL,REPRESENTATIVE,R,AR,2,H001072,114
2014,Adam,KINZINGER,REPRESENTATIVE,R,IL,16,K000378,114
2328,Roger,MARSHALL,REPRESENTATIVE,R,KS,N/A,M001198,115
2275,Dan,NEWHOUSE,REPRESENTATIVE,R,WA,4,N000189,114
2332,Jamie,RASKIN,REPRESENTATIVE,D,MD,N/A,R000606,115
2124,Bradley,SCHNEIDER,REPRESENTATIVE,D,IL,N/A,S001190,115
2255,Mark,WALKER,REPRESENTATIVE,R,NC,6,W000819,114
