speaker_id,first_name,last_name,type,party,state,district,bio_guide_id,congress_id
2239,Rick,ALLEN,REPRESENTATIVE,R,GA,12,A000372,114
2350,Jodey,ARRINGTON,REPRESENTATIVE,R,TX,N/A,A000375,115
2337,Don,BACON,REPRESENTATIVE,R,NE,N/A,B001298,115
1881,John,BARRASSO,SENATOR,R,WY,N/A,B001261,114
1838,Gus,BILIRAKIS,REPRESENTATIVE,R,FL,12,B001257,114
2076,Richard,BLUMENTHAL,SENATOR,D,CT,N/A,B001277,114
2233,Ken,BUCK,REPRESENTATIVE,R,CO,4,B001297,114
2018,Larry,BUCSHON,REPRESENTATIVE,R,IN,8,B001275,114
2197,Bradley,BYRNE,REPRESENTATIVE,R,AL,1,B001289,114
172,Maria,CANTWELL,SENATOR,D,WA,N/A,C000127,114
2356,Liz,CHENEY,REPRESENTATIVE,R,WY,N/A,C001109,115
1912,Mike,COFFMAN,REPRESENTATIVE,R,CO,6,C001077,114
2259,Bonnie,COLE,REPRESENTATIVE,D,NJ,12,W000822,114
2297,James,COMER,REPRESENTATIVE,R,KY,N/A,C001108,115
1959,Gerald,CONNOLLY,REPRESENTATIVE,D,VA,11,C001078,114
231,Jim,COOPER,REPRESENTATIVE,D,TN,5,C000754,114
1825,Bob,CORKER,SENATOR,R,TN,N/A,C001071,114
1692,John,CORNYN,SENATOR,R,TX,N/A,C001056,114
1774,Jim,COSTA,REPRESENTATIVE,D,CA,16,C001059,114
2175,Ted,CRUZ,SENATOR,R,TX,N/A,C001098,114
2315,Neal,DUNN,REPRESENTATIVE,R,FL,N/A,D000628,115
1857,Keith,ELLISON,REPRESENTATIVE,D,MN,5,E000288,114
1542,Michael,ENZI,SENATOR,R,WY,N/A,E000285,114
1797,Michael,FITZPATRICK,REPRESENTATIVE,R,PA,8,F000451,114
2122,Tulsi,GABBARD,REPRESENTATIVE,D,HI,2,G000571,114
2226,Ruben,GALLEGO,REPRESENTATIVE,D,AZ,7,G000574,114
1973,John,GARAMENDI,REPRESENTATIVE,D,CA,3,G000559,114
1992,Paul,GOSAR,REPRESENTATIVE,R,AZ,4,G000565,114
2338,Josh,GOTTHEIMER,REPRESENTATIVE,D,NJ,N/A,G000583,115
478,Luis,GUTIERREZ,REPRESENTATIVE,D,IL,4,G000535,114
2032,Vicky,HARTZLER,REPRESENTATIVE,R,MO,4,H001053,114
1351,Orrin,HATCH,SENATOR,R,UT,N/A,H000338,114
566,Steny,HOYER,REPRESENTATIVE,D,MD,5,H000874,114
1909,Duncan,HUNTER,REPRESENTATIVE,R,CA,50,H001048,114
2354,Pramila,JAYAPAL,REPRESENTATIVE,D,WA,N/A,J000298,115
2025,William,KEATING,REPRESENTATIVE,D,MA,9,K000375,114
2308,Ro,KHANNA,REPRESENTATIVE,D,CA,N/A,K000389,115
2134,Daniel,KILDEE,REPRESENTATIVE,D,MI,5,K000380,114
1834,Doug,LAMBORN,REPRESENTATIVE,R,CO,5,L000564,114
1668,James,LANGEVIN,REPRESENTATIVE,D,RI,2,L000559,114
735,Edward,MARKEY,SENATOR,D,MA,N/A,M000133,114
2328,Roger,MARSHALL,REPRESENTATIVE,R,KS,N/A,M001198,115
2322,Brian,MAST,REPRESENTATIVE,R,FL,N/A,M001199,115
2052,Patrick,MEEHAN,REPRESENTATIVE,R,PA,7,M001181,114
1900,Jeff,MERKLEY,SENATOR,D,OR,N/A,M001176,114
2130,Luke,MESSER,REPRESENTATIVE,R,IN,6,M001189,114
1837,Christopher,MURPHY,SENATOR,D,CT,N/A,M001169,114
850,Jerrold,NADLER,REPRESENTATIVE,D,NY,10,N000002,114
2202,Donald,NORCROSS,REPRESENTATIVE,D,NJ,1,N000188,114
905,Nancy,PELOSI,REPRESENTATIVE,D,CA,12,P000197,114
2286,David,PERDUE,SENATOR,R,GA,N/A,P000612,114
2157,Scott,PERRY,REPRESENTATIVE,R,PA,4,P000605,114
2113,Scott,PETERS,REPRESENTATIVE,D,CA,52,P000608,114
2141,Robert,PITTENGER,REPRESENTATIVE,R,NC,9,P000606,114
2171,Mark,POCAN,REPRESENTATIVE,D,WI,2,P000607,114
924,Rob,PORTMAN,SENATOR,R,OH,N/A,P000449,114
2332,Jamie,RASKIN,REPRESENTATIVE,D,MD,N/A,R000606,115
1982,Tom,REED,REPRESENTATIVE,R,NY,23,R000585,114
1848,Peter,ROSKAM,REPRESENTATIVE,R,IL,6,R000580,114
2173,Brian,SCHATZ,SENATOR,D,HI,N/A,S001194,114
1635,Adam,SCHIFF,REPRESENTATIVE,D,CA,28,S001150,114
2124,Bradley,SCHNEIDER,REPRESENTATIVE,D,IL,N/A,S001190,115
1036,Charles,SCHUMER,SENATOR,D,NY,N/A,S000148,114
2346,Lloyd,SMUCKER,REPRESENTATIVE,R,PA,N/A,S001199,115
1890,Jackie,SPEIER,REPRESENTATIVE,D,CA,14,S001175,114
2263,Elise,STEFANIK,REPRESENTATIVE,R,NY,21,S001196,114
1155,Mac,THORNBERRY,REPRESENTATIVE,R,TX,13,T000238,114
2291,Thom,TILLIS,SENATOR,R,NC,N/A,T000476,114
1942,Paul,TONKO,REPRESENTATIVE,D,NY,20,T000469,114
1741,Michael,TURNER,REPRESENTATIVE,R,OH,10,T000463,114
1855,Tim,WALBERG,REPRESENTATIVE,R,MI,7,W000798,114
1823,Sheldon,WHITEHOUSE,SENATOR,D,RI,N/A,W000802,114
1886,Robert,WITTMAN,REPRESENTATIVE,R,VA,1,W000804,114
1247,Ron,WYDEN,SENATOR,D,OR,N/A,W000779,114
2115,Ted,YOHO,REPRESENTATIVE,R,FL,3,Y000065,114
