speaker_id,first_name,last_name,type,party,state,district,bio_guide_id,congress_id
2311,Nanette,BARRAGAN,REPRESENTATIVE,D,CA,N/A,B001300,115
1687,John,BOOZMAN,SENATOR,R,AR,N/A,B001236,114
208,James,CLYBURN,REPRESENTATIVE,D,SC,6,C000537,114
213,Thad,COCHRAN,SENATOR,R,MS,N/A,C000567,114
,,COHEN,REPRESENTATIVE,D,TN,9,99999999999999999,114
2297,James,COMER,REPRESENTATIVE,R,KY,N/A,C001108,115
229,John,CONYERS,REPRESENTATIVE,D,MI,13,C000714,114
1692,John,CORNYN,SENATOR,R,TX,N/A,C001056,114
2138,Steve,DAINES,SENATOR,R,MT,N/A,D000618,114
2293,Daniel,DONOVAN,REPRESENTATIVE,R,NY,11,D000625,114
326,Richard,DURBIN,SENATOR,D,IL,N/A,D000563,114
1797,Michael,FITZPATRICK,REPRESENTATIVE,R,PA,8,F000451,114
2362,Jimmy,GOMEZ,REPRESENTATIVE,D,CA,N/A,G000585,115
446,Bob,GOODLATTE,REPRESENTATIVE,R,VA,6,G000289,114
478,Luis,GUTIERREZ,REPRESENTATIVE,D,IL,4,G000535,114
1863,Dean,HELLER,SENATOR,R,NV,N/A,H001041,114
1640,Darrell,ISSA,REPRESENTATIVE,R,CA,49,I000056,114
2354,Pramila,JAYAPAL,REPRESENTATIVE,D,WA,N/A,J000298,115
616,Marcy,KAPTUR,REPRESENTATIVE,D,OH,8,K000009,114
2264,John,KATKO,REPRESENTATIVE,R,NY,24,K000386,114
2325,Raja,KRISHNAMOORTHI,REPRESENTATIVE,D,IL,N/A,K000391,115
2252,Brenda,LAWRENCE,REPRESENTATIVE,D,MI,14,L000581,114
1383,Patrick,LEAHY,SENATOR,D,VT,N/A,L000174,114
1501,Barbara,LEE,REPRESENTATIVE,D,CA,13,L000551,114
2328,Roger,MARSHALL,REPRESENTATIVE,R,KS,N/A,M001198,115
791,Robert,MENENDEZ,SENATOR,D,NJ,N/A,M000639,114
1676,Shelley,MOORE,SENATOR,R,WV,N/A,C001047,114
850,Jerrold,NADLER,REPRESENTATIVE,D,NY,10,N000002,114
859,Bill,NELSON,SENATOR,D,FL,N/A,N000032,114
1930,Erik,PAULSEN,REPRESENTATIVE,R,MN,3,P000594,114
2097,Donald,PAYNE,REPRESENTATIVE,D,NJ,10,P000604,114
924,Rob,PORTMAN,SENATOR,R,OH,N/A,P000449,114
2084,Marco,RUBIO,SENATOR,R,FL,N/A,R000595,114
2109,Raul,RUIZ,REPRESENTATIVE,D,CA,36,R000599,114
1036,Charles,SCHUMER,SENATOR,D,NY,N/A,S000148,114
2113,Scott,SCOTT,REPRESENTATIVE,D,CA,52,P000608,114
1531,Debbie,STABENOW,SENATOR,D,MI,N/A,S000770,114
2344,Claudia,TENNEY,REPRESENTATIVE,R,NY,N/A,T000478,115
1534,John,THUNE,SENATOR,R,SD,N/A,T000250,114
1594,Patrick,TOOMEY,SENATOR,R,PA,N/A,T000461,114
1884,Niki,TSONGAS,REPRESENTATIVE,D,MA,3,T000465,114
2166,Marc,VEASEY,REPRESENTATIVE,D,TX,33,V000131,114
1184,Nydia,VELA,REPRESENTATIVE,D,NY,7,V000081,114
