speaker_id,first_name,last_name,type,party,state,district,bio_guide_id,congress_id
2311,Nanette,BARRAGAN,REPRESENTATIVE,D,CA,N/A,B001300,115
99,Earl,BLUMENAUER,REPRESENTATIVE,D,OR,3,B000574,114
2076,Richard,BLUMENTHAL,SENATOR,D,CT,N/A,B001277,114
2310,Salud,CARBAJAL,REPRESENTATIVE,D,CA,N/A,C001112,115
,,CARDIN,SENATOR,D,MD,N/A,99999999999999999,114
1912,Mike,COFFMAN,REPRESENTATIVE,R,CO,6,C001077,114
,,COHEN,REPRESENTATIVE,D,TN,9,99999999999999999,114
2259,Bonnie,COLE,REPRESENTATIVE,D,NJ,12,W000822,114
1692,John,CORNYN,SENATOR,R,TX,N/A,C001056,114
326,Richard,DURBIN,SENATOR,D,IL,N/A,D000563,114
2253,Tom,EMMER,REPRESENTATIVE,R,MN,6,E000294,114
2179,Deb,FISCHER,SENATOR,R,NE,N/A,F000463,114
1797,Michael,FITZPATRICK,REPRESENTATIVE,R,PA,8,F000451,114
414,Rodney,FRELINGHUYSEN,REPRESENTATIVE,R,NJ,11,F000372,114
1801,Louie,GOHMERT,REPRESENTATIVE,R,TX,1,G000552,114
457,Chuck,GRASSLEY,SENATOR,R,IA,N/A,G000386,114
2174,Heidi,HEITKAMP,SENATOR,D,ND,N/A,H001069,114
2223,J.,HILL,REPRESENTATIVE,R,AR,2,H001072,114
566,Steny,HOYER,REPRESENTATIVE,D,MD,5,H000874,114
2101,Jared,HUFFMAN,REPRESENTATIVE,D,CA,2,H001068,114
2015,Randy,HULTGREN,REPRESENTATIVE,R,IL,14,H001059,114
612,Walter,JONES,REPRESENTATIVE,R,NC,3,J000255,114
2264,John,KATKO,REPRESENTATIVE,R,NY,24,K000386,114
2340,Ruben,KIHUEN,REPRESENTATIVE,D,NV,N/A,K000390,115
2169,Derek,KILMER,REPRESENTATIVE,D,WA,6,K000381,114
2014,Adam,KINZINGER,REPRESENTATIVE,R,IL,16,K000378,114
1383,Patrick,LEAHY,SENATOR,D,VT,N/A,L000174,114
791,Robert,MENENDEZ,SENATOR,D,NJ,N/A,M000639,114
2130,Luke,MESSER,REPRESENTATIVE,R,IN,6,M001189,114
1694,Lisa,MURKOWSKI,SENATOR,R,AK,N/A,M001153,114
859,Bill,NELSON,SENATOR,D,FL,N/A,N000032,114
1930,Erik,PAULSEN,REPRESENTATIVE,R,MN,3,P000594,114
2141,Robert,PITTENGER,REPRESENTATIVE,R,NC,9,P000606,114
924,Rob,PORTMAN,SENATOR,R,OH,N/A,P000449,114
1896,James,RISCH,SENATOR,R,ID,N/A,R000584,114
2109,Raul,RUIZ,REPRESENTATIVE,D,CA,36,R000599,114
2289,Ben,SASSE,SENATOR,R,NE,N/A,S001197,114
1036,Charles,SCHUMER,SENATOR,D,NY,N/A,S000148,114
1548,Jeff,SESSIONS,SENATOR,R,AL,N/A,S001141,114
1049,Richard,SHELBY,SENATOR,R,AL,N/A,S000320,114
2319,Darren,SOTO,REPRESENTATIVE,D,FL,N/A,S001200,115
2290,Dan,SULLIVAN,SENATOR,R,AK,N/A,S001198,114
2344,Claudia,TENNEY,REPRESENTATIVE,R,NY,N/A,T000478,115
1534,John,THUNE,SENATOR,R,SD,N/A,T000250,114
2008,Rob,WOODALL,REPRESENTATIVE,R,GA,7,W000810,114
1247,Ron,WYDEN,SENATOR,D,OR,N/A,W000779,114
