speaker_id,first_name,last_name,type,party,state,district,bio_guide_id,congress_id
2239,Rick,ALLEN,REPRESENTATIVE,R,GA,12,A000372,114
2350,Jodey,ARRINGTON,REPRESENTATIVE,R,TX,N/A,A000375,115
2270,Brian,BABIN,REPRESENTATIVE,R,TX,36,B001291,114
2337,Don,BACON,REPRESENTATIVE,R,NE,N/A,B001298,115
2238,Barry,BARR,REPRESENTATIVE,R,GA,11,L000583,114
2311,Nanette,BARRAGAN,REPRESENTATIVE,D,CA,N/A,B001300,115
1881,John,BARRASSO,SENATOR,R,WY,N/A,B001261,114
2102,Ami,BERA,REPRESENTATIVE,D,CA,7,B001287,114
2272,Donald,BEYER,REPRESENTATIVE,D,VA,8,B001292,114
2307,Andy,BIGGS,REPRESENTATIVE,R,AZ,N/A,B001302,115
1838,Gus,BILIRAKIS,REPRESENTATIVE,R,FL,12,B001257,114
99,Earl,BLUMENAUER,REPRESENTATIVE,D,OR,3,B000574,114
2092,Suzanne,BONAMICI,REPRESENTATIVE,D,OR,1,B001278,114
2243,Mike,BOST,REPRESENTATIVE,R,IL,12,B001295,114
2106,Julia,BROWN,REPRESENTATIVE,D,CA,26,B001285,114
2197,Bradley,BYRNE,REPRESENTATIVE,R,AL,1,B001289,114
2310,Salud,CARBAJAL,REPRESENTATIVE,D,CA,N/A,C001112,115
2107,Tony,CARDENAS,REPRESENTATIVE,D,CA,29,C001097,114
,,CARDIN,SENATOR,D,MD,N/A,99999999999999999,114
2159,Matt,CARTWRIGHT,REPRESENTATIVE,D,PA,17,C001090,114
2055,David,CICILLINE,REPRESENTATIVE,D,RI,1,C001084,114
,,COHEN,REPRESENTATIVE,D,TN,9,99999999999999999,114
1959,Gerald,CONNOLLY,REPRESENTATIVE,D,VA,11,C001078,114
229,John,CONYERS,REPRESENTATIVE,D,MI,13,C000714,114
1692,John,CORNYN,SENATOR,R,TX,N/A,C001056,114
2312,J.,CORREA,REPRESENTATIVE,D,CA,N/A,C001110,115
2098,Tom,COTTON,SENATOR,R,AR,N/A,C001095,114
1836,Joe,COURTNEY,REPRESENTATIVE,D,CT,2,C001069,114
2321,Charlie,CRIST,REPRESENTATIVE,D,FL,N/A,C001111,115
1604,Joseph,CROWLEY,REPRESENTATIVE,D,NY,14,C001038,114
2138,Steve,DAINES,SENATOR,R,MT,N/A,D000618,114
2296,Warren,DAVIDSON,REPRESENTATIVE,R,OH,N/A,D000626,115
2320,Val,DEMINGS,REPRESENTATIVE,D,FL,N/A,D000627,115
1995,Jeff,DENHAM,REPRESENTATIVE,R,CA,10,D000612,114
1976,Theodore,DEUTCH,REPRESENTATIVE,D,FL,21,D000610,114
303,Lloyd,DOGGETT,REPRESENTATIVE,D,TX,35,D000399,114
2315,Neal,DUNN,REPRESENTATIVE,R,FL,N/A,D000628,115
326,Richard,DURBIN,SENATOR,D,IL,N/A,D000563,114
2253,Tom,EMMER,REPRESENTATIVE,R,MN,6,E000294,114
344,Eliot,ENGEL,REPRESENTATIVE,D,NY,16,E000179,114
1542,Michael,ENZI,SENATOR,R,WY,N/A,E000285,114
2342,Adriano,ESPAILLAT,REPRESENTATIVE,D,NY,N/A,E000297,115
2114,Elizabeth,ESTY,REPRESENTATIVE,D,CT,5,E000293,114
2067,Blake,FARENTHOLD,REPRESENTATIVE,R,TX,27,F000460,114
2343,John,FASO,REPRESENTATIVE,R,NY,N/A,F000464,115
1332,Dianne,FEINSTEIN,SENATOR,D,CA,N/A,F000062,114
1633,Jeff,FLAKE,SENATOR,R,AZ,N/A,F000444,114
,,FLORES,REPRESENTATIVE,R,TX,17,99999999999999999,114
2122,Tulsi,GABBARD,REPRESENTATIVE,D,HI,2,G000571,114
2314,Matt,GAETZ,REPRESENTATIVE,R,FL,N/A,G000578,115
2355,Mike,GALLAGHER,REPRESENTATIVE,R,WI,N/A,G000579,115
1973,John,GARAMENDI,REPRESENTATIVE,D,CA,3,G000559,114
1737,Scott,GARRETT,REPRESENTATIVE,R,NJ,5,G000548,114
2049,Bob,GIBBS,REPRESENTATIVE,R,OH,7,G000563,114
1801,Louie,GOHMERT,REPRESENTATIVE,R,TX,1,G000552,114
446,Bob,GOODLATTE,REPRESENTATIVE,R,VA,6,G000289,114
2070,H.,GRIFFITH,REPRESENTATIVE,R,VA,9,G000568,114
1708,Raul,GRIJALVA,REPRESENTATIVE,D,AZ,3,G000551,114
1922,Brett,GUTHRIE,REPRESENTATIVE,R,KY,2,G000558,114
478,Luis,GUTIERREZ,REPRESENTATIVE,D,IL,4,G000535,114
2223,J.,HILL,REPRESENTATIVE,R,AR,2,H001072,114
2327,Trey,HOLLINGSWORTH,REPRESENTATIVE,R,IN,N/A,H001074,115
566,Steny,HOYER,REPRESENTATIVE,D,MD,5,H000874,114
2028,Bill,HUIZENGA,REPRESENTATIVE,R,MI,2,H001058,114
2015,Randy,HULTGREN,REPRESENTATIVE,R,IL,14,H001059,114
2354,Pramila,JAYAPAL,REPRESENTATIVE,D,WA,N/A,J000298,115
2153,Joyce,JOYCE,REPRESENTATIVE,D,OH,3,B001281,114
2025,William,KEATING,REPRESENTATIVE,D,MA,9,K000375,114
2308,Ro,KHANNA,REPRESENTATIVE,D,CA,N/A,K000389,115
2169,Derek,KILMER,REPRESENTATIVE,D,WA,6,K000381,114
1936,Leonard,LANCE,REPRESENTATIVE,R,NJ,7,L000567,114
1501,Barbara,LEE,REPRESENTATIVE,D,CA,13,L000551,114
683,Sander,LEVIN,REPRESENTATIVE,D,MI,9,L000263,114
1781,Daniel,LIPINSKI,REPRESENTATIVE,D,IL,3,L000563,114
1846,David,LOEBSACK,REPRESENTATIVE,D,IA,2,L000565,114
2238,Barry,LOUDERMILK,REPRESENTATIVE,R,GA,11,L000583,114
2111,Alan,LOWENTHAL,REPRESENTATIVE,D,CA,47,L000579,114
709,Nita,LOWEY,REPRESENTATIVE,D,NY,17,L000480,114
2053,Tom,MARINO,REPRESENTATIVE,R,PA,10,M001179,114
2322,Brian,MAST,REPRESENTATIVE,R,FL,N/A,M001199,115
1814,Doris,MATSUI,REPRESENTATIVE,D,CA,6,M001163,114
2130,Luke,MESSER,REPRESENTATIVE,R,IN,6,M001189,114
2334,Paul,MITCHELL,REPRESENTATIVE,R,MI,N/A,M001201,115
2248,John,MOOLENAAR,REPRESENTATIVE,R,MI,4,M001194,114
850,Jerrold,NADLER,REPRESENTATIVE,D,NY,10,N000002,114
2275,Dan,NEWHOUSE,REPRESENTATIVE,R,WA,4,N000189,114
867,Richard,NOLAN,REPRESENTATIVE,D,MN,8,N000127,114
1955,Pete,OLSON,REPRESENTATIVE,R,TX,22,O000168,114
887,Frank,PALLONE,REPRESENTATIVE,D,NJ,6,P000034,114
1510,Bill,PASCRELL,REPRESENTATIVE,D,NJ,9,P000096,114
1992,Paul,PAUL,REPRESENTATIVE,R,AZ,4,G000565,114
1930,Erik,PAULSEN,REPRESENTATIVE,R,MN,3,P000594,114
1738,Stevan,PEARCE,REPRESENTATIVE,R,NM,2,P000588,114
905,Nancy,PELOSI,REPRESENTATIVE,D,CA,12,P000197,114
1835,Ed,PERLMUTTER,REPRESENTATIVE,D,CO,7,P000593,114
2157,Scott,PERRY,REPRESENTATIVE,R,PA,4,P000605,114
2247,Bruce,POLIQUIN,REPRESENTATIVE,R,ME,2,P000611,114
2332,Jamie,RASKIN,REPRESENTATIVE,D,MD,N/A,R000606,115
979,Dana,ROHRABACHER,REPRESENTATIVE,R,CA,48,R000409,114
2339,Jacky,ROSEN,REPRESENTATIVE,D,NV,N/A,R000608,115
2003,Dennis,ROSS,REPRESENTATIVE,R,FL,15,R000593,114
2158,Keith,ROTHFUS,REPRESENTATIVE,R,PA,12,R000598,114
2256,David,ROUZER,REPRESENTATIVE,R,NC,7,R000603,114
998,Edward,ROYCE,REPRESENTATIVE,R,CA,39,R000487,114
2316,John,RUTHERFORD,REPRESENTATIVE,R,FL,N/A,R000609,115
1010,Bernard,SANDERS,SENATOR,I,VT,N/A,S000033,114
91,Sanford,SANFORD,REPRESENTATIVE,D,GA,2,B000490,114
1588,Janice,SCHAKOWSKY,REPRESENTATIVE,D,IL,9,S001145,114
2124,Bradley,SCHNEIDER,REPRESENTATIVE,D,IL,N/A,S001190,115
1036,Charles,SCHUMER,SENATOR,D,NY,N/A,S000148,114
1042,Jose,SERRANO,REPRESENTATIVE,D,NY,15,S000248,114
1548,Jeff,SESSIONS,SENATOR,R,AL,N/A,S001141,114
1526,Brad,SHERMAN,REPRESENTATIVE,D,CA,30,S000344,114
2099,Kyrsten,SINEMA,REPRESENTATIVE,D,AZ,9,S001191,114
2319,Darren,SOTO,REPRESENTATIVE,D,FL,N/A,S001200,115
1531,Debbie,STABENOW,SENATOR,D,MI,N/A,S000770,114
2341,Thomas,SUOZZI,REPRESENTATIVE,D,NY,N/A,S001201,115
2351,Scott,TAYLOR,REPRESENTATIVE,R,VA,N/A,T000477,115
2344,Claudia,TENNEY,REPRESENTATIVE,R,NY,N/A,T000478,115
2250,David,TROTT,REPRESENTATIVE,R,MI,11,T000475,114
1884,Niki,TSONGAS,REPRESENTATIVE,D,MA,3,T000465,114
1567,Tom,UDALL,SENATOR,D,NM,N/A,U000039,114
2112,Juan,VARGAS,REPRESENTATIVE,D,CA,51,V000130,114
2137,Ann,WAGNER,REPRESENTATIVE,R,MO,2,W000812,114
1855,Tim,WALBERG,REPRESENTATIVE,R,MI,7,W000798,114
1856,Timothy,WALZ,REPRESENTATIVE,D,MN,1,W000799,114
1879,Peter,WELCH,REPRESENTATIVE,D,VT,0,W000800,114
2224,Bruce,WESTERMAN,REPRESENTATIVE,R,AR,4,W000821,114
1823,Sheldon,WHITEHOUSE,SENATOR,D,RI,N/A,W000802,114
2165,Roger,WILLIAMS,REPRESENTATIVE,R,TX,25,W000816,114
1991,Steve,WOMACK,REPRESENTATIVE,R,AR,3,W000809,114
2008,Rob,WOODALL,REPRESENTATIVE,R,GA,7,W000810,114
1853,John,YARMUTH,REPRESENTATIVE,D,KY,3,Y000062,114
2021,Kevin,YODER,REPRESENTATIVE,R,KS,3,Y000063,114
2115,Ted,YOHO,REPRESENTATIVE,R,FL,3,Y000065,114
2261,Lee,ZELDIN,REPRESENTATIVE,R,NY,1,Z000017,114
