speaker_id,first_name,last_name,type,party,state,district,bio_guide_id,congress_id
2244,Ralph,ABRAHAM,REPRESENTATIVE,R,LA,5,A000374,114
2229,Pete,AGUILAR,REPRESENTATIVE,D,CA,31,A000371,114
1965,Michael,BENNET,SENATOR,D,CO,N/A,B001267,114
2076,Richard,BLUMENTHAL,SENATOR,D,CT,N/A,B001277,114
172,Maria,CANTWELL,SENATOR,D,WA,N/A,C000127,114
179,Thomas,CARPER,SENATOR,D,DE,N/A,C000174,114
1828,Robert,CASEY,SENATOR,D,PA,N/A,C001070,114
208,James,CLYBURN,REPRESENTATIVE,D,SC,6,C000537,114
1912,Mike,COFFMAN,REPRESENTATIVE,R,CO,6,C001077,114
1984,Christopher,COONS,SENATOR,D,DE,N/A,C001088,114
1825,Bob,CORKER,SENATOR,R,TN,N/A,C001071,114
1692,John,CORNYN,SENATOR,R,TX,N/A,C001056,114
344,Eliot,ENGEL,REPRESENTATIVE,D,NY,16,E000179,114
2298,Dwight,EVANS,REPRESENTATIVE,D,PA,N/A,E000296,115
1969,Al,FRANKEN,SENATOR,D,MN,N/A,F000457,114
1973,John,GARAMENDI,REPRESENTATIVE,D,CA,3,G000559,114
1979,Tom,GRAVES,REPRESENTATIVE,R,GA,14,G000560,114
2360,Karen,HANDEL,REPRESENTATIVE,R,GA,N/A,H001078,115
1844,Mazie,HIRONO,SENATOR,D,HI,N/A,H001042,114
1909,Duncan,HUNTER,REPRESENTATIVE,R,CA,50,H001048,114
1826,Amy,KLOBUCHAR,SENATOR,D,MN,N/A,K000367,114
2325,Raja,KRISHNAMOORTHI,REPRESENTATIVE,D,IL,N/A,K000391,115
1383,Patrick,LEAHY,SENATOR,D,VT,N/A,L000174,114
1501,Barbara,LEE,REPRESENTATIVE,D,CA,13,L000551,114
1983,Joe,MANCHIN,SENATOR,D,WV,N/A,M001183,114
735,Edward,MARKEY,SENATOR,D,MA,N/A,M000133,114
2328,Roger,MARSHALL,REPRESENTATIVE,R,KS,N/A,M001198,115
1506,Gregory,MEEKS,REPRESENTATIVE,D,NY,5,M001137,114
1900,Jeff,MERKLEY,SENATOR,D,OR,N/A,M001176,114
1676,Shelley,MOORE,SENATOR,R,WV,N/A,C001047,114
1837,Christopher,MURPHY,SENATOR,D,CT,N/A,M001169,114
850,Jerrold,NADLER,REPRESENTATIVE,D,NY,10,N000002,114
859,Bill,NELSON,SENATOR,D,FL,N/A,N000032,114
2361,Ralph,NORMAN,REPRESENTATIVE,R,SC,N/A,N000190,115
868,Eleanor,NORTON,DELEGATE,D,DC,N/A,N000147,114
1955,Pete,OLSON,REPRESENTATIVE,R,TX,22,O000168,114
1930,Erik,PAULSEN,REPRESENTATIVE,R,MN,3,P000594,114
,,PLASKETT,DELEGATE,I,VI,N/A,99999999999999999,114
1982,Tom,REED,REPRESENTATIVE,R,NY,23,R000585,114
1010,Bernard,SANDERS,SENATOR,I,VT,N/A,S000033,114
2173,Brian,SCHATZ,SENATOR,D,HI,N/A,S001194,114
2124,Bradley,SCHNEIDER,REPRESENTATIVE,D,IL,N/A,S001190,115
1036,Charles,SCHUMER,SENATOR,D,NY,N/A,S000148,114
2344,Claudia,TENNEY,REPRESENTATIVE,R,NY,N/A,T000478,115
2291,Thom,TILLIS,SENATOR,R,NC,N/A,T000476,114
2166,Marc,VEASEY,REPRESENTATIVE,D,TX,33,V000131,114
2182,Elizabeth,WARREN,SENATOR,D,MA,N/A,W000817,114
2008,Rob,WOODALL,REPRESENTATIVE,R,GA,7,W000810,114
1256,Don,YOUNG,REPRESENTATIVE,R,AK,0,Y000033,114
