speaker_id,first_name,last_name,type,party,state,district,bio_guide_id,congress_id
1881,John,BARRASSO,SENATOR,R,WY,N/A,B001261,114
1838,Gus,BILIRAKIS,REPRESENTATIVE,R,FL,12,B001257,114
,,COHEN,REPRESENTATIVE,D,TN,9,99999999999999999,114
2312,J.,CORREA,REPRESENTATIVE,D,CA,N/A,C001110,115
1836,Joe,COURTNEY,REPRESENTATIVE,D,CT,2,C001069,114
2320,Val,DEMINGS,REPRESENTATIVE,D,FL,N/A,D000627,115
1797,Michael,FITZPATRICK,REPRESENTATIVE,R,PA,8,F000451,114
1973,John,GARAMENDI,REPRESENTATIVE,D,CA,3,G000559,114
446,Bob,GOODLATTE,REPRESENTATIVE,R,VA,6,G000289,114
2269,Will,HURD,REPRESENTATIVE,R,TX,23,H001073,114
612,Walter,JONES,REPRESENTATIVE,R,NC,3,J000255,114
2176,Tim,KAINE,SENATOR,D,VA,N/A,K000384,114
2264,John,KATKO,REPRESENTATIVE,R,NY,24,K000386,114
2134,Daniel,KILDEE,REPRESENTATIVE,D,MI,5,K000380,114
2325,Raja,KRISHNAMOORTHI,REPRESENTATIVE,D,IL,N/A,K000391,115
1668,James,LANGEVIN,REPRESENTATIVE,D,RI,2,L000559,114
1955,Pete,OLSON,REPRESENTATIVE,R,TX,22,O000168,114
2221,Gary,PALMER,REPRESENTATIVE,R,AL,6,P000609,114
1510,Bill,PASCRELL,REPRESENTATIVE,D,NJ,9,P000096,114
1930,Erik,PAULSEN,REPRESENTATIVE,R,MN,3,P000594,114
2097,Donald,PAYNE,REPRESENTATIVE,D,NJ,10,P000604,114
2332,Jamie,RASKIN,REPRESENTATIVE,D,MD,N/A,R000606,115
2268,John,RATCLIFFE,REPRESENTATIVE,R,TX,4,R000601,114
1892,Steve,SCALISE,REPRESENTATIVE,R,LA,1,S001176,114
1041,F.,SENSENBRENNER,REPRESENTATIVE,R,WI,5,S000244,114
1548,Jeff,SESSIONS,SENATOR,R,AL,N/A,S001141,114
2099,Kyrsten,SINEMA,REPRESENTATIVE,D,AZ,9,S001191,114
1829,Jon,TESTER,SENATOR,D,MT,N/A,T000464,114
2165,Roger,WILLIAMS,REPRESENTATIVE,R,TX,25,W000816,114
