speaker_id,first_name,last_name,type,party,state,district,bio_guide_id,congress_id
2201,Alma,ADAMS,REPRESENTATIVE,D,NC,12,A000370,114
2350,Jodey,ARRINGTON,REPRESENTATIVE,R,TX,N/A,A000375,115
2311,Nanette,BARRAGAN,REPRESENTATIVE,D,CA,N/A,B001300,115
2333,Jack,BERGMAN,REPRESENTATIVE,R,MI,N/A,B001301,115
1838,Gus,BILIRAKIS,REPRESENTATIVE,R,FL,12,B001257,114
1761,G.,BUTTERFIELD,REPRESENTATIVE,D,NC,1,B001251,114
2055,David,CICILLINE,REPRESENTATIVE,D,RI,1,C001084,114
1692,John,CORNYN,SENATOR,R,TX,N/A,C001056,114
2296,Warren,DAVIDSON,REPRESENTATIVE,R,OH,N/A,D000626,115
2123,Tammy,DUCKWORTH,REPRESENTATIVE,D,IL,8,D000622,114
2072,Sean,DUFFY,REPRESENTATIVE,R,WI,N/A,D000614,115
2253,Tom,EMMER,REPRESENTATIVE,R,MN,6,E000294,114
344,Eliot,ENGEL,REPRESENTATIVE,D,NY,16,E000179,114
1332,Dianne,FEINSTEIN,SENATOR,D,CA,N/A,F000062,114
1797,Michael,FITZPATRICK,REPRESENTATIVE,R,PA,8,F000451,114
1969,Al,FRANKEN,SENATOR,D,MN,N/A,F000457,114
1998,Cory,GARDNER,SENATOR,R,CO,N/A,G000562,115
2359,Greg,GIANFORTE,REPRESENTATIVE,R,MT,N/A,G000584,115
1801,Louie,GOHMERT,REPRESENTATIVE,R,TX,1,G000552,114
2338,Josh,GOTTHEIMER,REPRESENTATIVE,D,NJ,N/A,G000583,115
2032,Vicky,HARTZLER,REPRESENTATIVE,R,MO,4,H001053,114
2302,Margaret,HASSAN,SENATOR,D,NH,N/A,H001076,115
1351,Orrin,HATCH,SENATOR,R,UT,N/A,H000338,114
1749,Jeb,HENSARLING,REPRESENTATIVE,R,TX,5,H001036,114
2327,Trey,HOLLINGSWORTH,REPRESENTATIVE,R,IN,N/A,H001074,115
566,Steny,HOYER,REPRESENTATIVE,D,MD,5,H000874,114
2269,Will,HURD,REPRESENTATIVE,R,TX,23,H001073,114
2340,Ruben,KIHUEN,REPRESENTATIVE,D,NV,N/A,K000390,115
1931,Blaine,LUETKEMEYER,REPRESENTATIVE,R,MO,3,L000569,114
791,Robert,MENENDEZ,SENATOR,D,NJ,N/A,M000639,114
1900,Jeff,MERKLEY,SENATOR,D,OR,N/A,M001176,114
867,Richard,NOLAN,REPRESENTATIVE,D,MN,8,N000127,114
2361,Ralph,NORMAN,REPRESENTATIVE,R,SC,N/A,N000190,115
2309,Jimmy,PANETTA,REPRESENTATIVE,D,CA,N/A,P000613,115
2097,Donald,PAYNE,REPRESENTATIVE,D,NJ,10,P000604,114
2286,David,PERDUE,SENATOR,R,GA,N/A,P000612,114
,,PLASKETT,DELEGATE,I,VI,N/A,99999999999999999,114
2158,Keith,ROTHFUS,REPRESENTATIVE,R,PA,12,R000598,114
1526,Brad,SHERMAN,REPRESENTATIVE,D,CA,30,S000344,114
2351,Scott,TAYLOR,REPRESENTATIVE,R,VA,N/A,T000477,115
1829,Jon,TESTER,SENATOR,D,MT,N/A,T000464,114
1997,Scott,TIPTON,REPRESENTATIVE,R,CO,3,T000470,114
1856,Timothy,WALZ,REPRESENTATIVE,D,MN,1,W000799,114
2224,Bruce,WESTERMAN,REPRESENTATIVE,R,AR,4,W000821,114
