speaker_id,first_name,last_name,type,party,state,district,bio_guide_id,congress_id
2201,Alma,ADAMS,REPRESENTATIVE,D,NC,12,A000370,114
2239,Rick,ALLEN,REPRESENTATIVE,R,GA,12,A000372,114
2350,Jodey,ARRINGTON,REPRESENTATIVE,R,TX,N/A,A000375,115
2054,Lou,BARLETTA,REPRESENTATIVE,R,PA,11,B001269,114
1881,John,BARRASSO,SENATOR,R,WY,N/A,B001261,114
1748,Marsha,BLACKBURN,REPRESENTATIVE,R,TN,7,B001243,114
2092,Suzanne,BONAMICI,REPRESENTATIVE,D,OR,1,B001278,114
2243,Mike,BOST,REPRESENTATIVE,R,IL,12,B001295,114
2127,Cheri,BUSTOS,REPRESENTATIVE,D,IL,17,B001286,114
2197,Bradley,BYRNE,REPRESENTATIVE,R,AL,1,B001289,114
2107,Tony,CARDENAS,REPRESENTATIVE,D,CA,29,C001097,114
1925,Bill,CASSIDY,SENATOR,R,LA,N/A,C001075,114
186,Steve,CHABOT,REPRESENTATIVE,R,OH,1,C000266,114
1654,Wm.,CLAY,REPRESENTATIVE,D,MO,1,C001049,114
1959,Gerald,CONNOLLY,REPRESENTATIVE,D,VA,11,C001078,114
229,John,CONYERS,REPRESENTATIVE,D,MI,13,C000714,114
1825,Bob,CORKER,SENATOR,R,TN,N/A,C001071,114
1692,John,CORNYN,SENATOR,R,TX,N/A,C001056,114
250,Mike,CRAPO,SENATOR,R,ID,N/A,C000880,114
2138,Steve,DAINES,SENATOR,R,MT,N/A,D000618,114
1976,Theodore,DEUTCH,REPRESENTATIVE,D,FL,21,D000610,114
2251,Debbie,DINGELL,REPRESENTATIVE,D,MI,12,D000624,114
303,Lloyd,DOGGETT,REPRESENTATIVE,D,TX,35,D000399,114
326,Richard,DURBIN,SENATOR,D,IL,N/A,D000563,114
344,Eliot,ENGEL,REPRESENTATIVE,D,NY,16,E000179,114
2342,Adriano,ESPAILLAT,REPRESENTATIVE,D,NY,N/A,E000297,115
1797,Michael,FITZPATRICK,REPRESENTATIVE,R,PA,8,F000451,114
1791,Virginia,FOXX,REPRESENTATIVE,R,NC,5,F000450,114
2276,Glenn,GROTHMAN,REPRESENTATIVE,R,WI,6,G000576,114
1351,Orrin,HATCH,SENATOR,R,UT,N/A,H000338,114
566,Steny,HOYER,REPRESENTATIVE,D,MD,5,H000874,114
2354,Pramila,JAYAPAL,REPRESENTATIVE,D,WA,N/A,J000298,115
616,Marcy,KAPTUR,REPRESENTATIVE,D,OH,8,K000009,114
2025,William,KEATING,REPRESENTATIVE,D,MA,9,K000375,114
2172,Joseph,KENNEDY,REPRESENTATIVE,D,MA,4,K000379,114
2322,Brian,MAST,REPRESENTATIVE,R,FL,N/A,M001199,115
859,Bill,NELSON,SENATOR,D,FL,N/A,N000032,114
1955,Pete,OLSON,REPRESENTATIVE,R,TX,22,O000168,114
1930,Erik,PAULSEN,REPRESENTATIVE,R,MN,3,P000594,114
,,PLASKETT,DELEGATE,I,VI,N/A,99999999999999999,114
1910,Jared,POLIS,REPRESENTATIVE,D,CO,2,P000598,114
1986,Martha,ROBY,REPRESENTATIVE,R,AL,2,R000591,114
2339,Jacky,ROSEN,REPRESENTATIVE,D,NV,N/A,R000608,115
1728,C.,RUPPERSBERGER,REPRESENTATIVE,D,MD,2,R000576,114
1757,Linda,SANCHEZ,REPRESENTATIVE,D,CA,38,S001156,114
1588,Janice,SCHAKOWSKY,REPRESENTATIVE,D,IL,9,S001145,114
1036,Charles,SCHUMER,SENATOR,D,NY,N/A,S000148,114
1526,Brad,SHERMAN,REPRESENTATIVE,D,CA,30,S000344,114
1069,Louise,SLAUGHTER,REPRESENTATIVE,D,NY,25,S000480,114
2110,Mark,TAKANO,REPRESENTATIVE,D,CA,41,T000472,114
1829,Jon,TESTER,SENATOR,D,MT,N/A,T000464,114
1534,John,THUNE,SENATOR,R,SD,N/A,T000250,114
1884,Niki,TSONGAS,REPRESENTATIVE,D,MA,3,T000465,114
2166,Marc,VEASEY,REPRESENTATIVE,D,TX,33,V000131,114
2115,Ted,YOHO,REPRESENTATIVE,R,FL,3,Y000065,114
1256,Don,YOUNG,REPRESENTATIVE,R,AK,0,Y000033,114
