speaker_id,first_name,last_name,type,party,state,district,bio_guide_id,congress_id
1464,Roy,BLUNT,SENATOR,R,MO,N/A,B000575,114
2194,Cory,BOOKER,SENATOR,D,NJ,N/A,B001288,114
2197,Bradley,BYRNE,REPRESENTATIVE,R,AL,1,B001289,114
,,CARDIN,SENATOR,D,MD,N/A,99999999999999999,114
179,Thomas,CARPER,SENATOR,D,DE,N/A,C000174,114
1925,Bill,CASSIDY,SENATOR,R,LA,N/A,C001075,114
2121,Doug,COLLINS,REPRESENTATIVE,R,GA,9,C001093,114
1692,John,CORNYN,SENATOR,R,TX,N/A,C001056,114
2175,Ted,CRUZ,SENATOR,R,TX,N/A,C001098,114
2138,Steve,DAINES,SENATOR,R,MT,N/A,D000618,114
326,Richard,DURBIN,SENATOR,D,IL,N/A,D000563,114
1542,Michael,ENZI,SENATOR,R,WY,N/A,E000285,114
1332,Dianne,FEINSTEIN,SENATOR,D,CA,N/A,F000062,114
2179,Deb,FISCHER,SENATOR,R,NE,N/A,F000463,114
457,Chuck,GRASSLEY,SENATOR,R,IA,N/A,G000386,114
1708,Raul,GRIJALVA,REPRESENTATIVE,D,AZ,3,G000551,114
1933,Gregg,HARPER,REPRESENTATIVE,R,MS,3,H001045,114
1351,Orrin,HATCH,SENATOR,R,UT,N/A,H000338,114
2354,Pramila,JAYAPAL,REPRESENTATIVE,D,WA,N/A,J000298,115
2176,Tim,KAINE,SENATOR,D,VA,N/A,K000384,114
1501,Barbara,LEE,REPRESENTATIVE,D,CA,13,L000551,114
1507,Jerry,MORAN,SENATOR,R,KS,N/A,M000934,114
1694,Lisa,MURKOWSKI,SENATOR,R,AK,N/A,M001153,114
1837,Christopher,MURPHY,SENATOR,D,CT,N/A,M001169,114
1409,Patty,MURRAY,SENATOR,D,WA,N/A,M001111,114
924,Rob,PORTMAN,SENATOR,R,OH,N/A,P000449,114
2332,Jamie,RASKIN,REPRESENTATIVE,D,MD,N/A,R000606,115
1810,David,REICHERT,REPRESENTATIVE,R,WA,8,R000578,114
1010,Bernard,SANDERS,SENATOR,I,VT,N/A,S000033,114
1036,Charles,SCHUMER,SENATOR,D,NY,N/A,S000148,114
1823,Sheldon,WHITEHOUSE,SENATOR,D,RI,N/A,W000802,114
1247,Ron,WYDEN,SENATOR,D,OR,N/A,W000779,114
