speaker_id,first_name,last_name,type,party,state,district,bio_guide_id,congress_id
1881,John,BARRASSO,SENATOR,R,WY,N/A,B001261,114
1687,John,BOOZMAN,SENATOR,R,AR,N/A,B001236,114
2106,Julia,BROWN,REPRESENTATIVE,D,CA,26,B001285,114
179,Thomas,CARPER,SENATOR,D,DE,N/A,C000174,114
1828,Robert,CASEY,SENATOR,D,PA,N/A,C001070,114
1825,Bob,CORKER,SENATOR,R,TN,N/A,C001071,114
1692,John,CORNYN,SENATOR,R,TX,N/A,C001056,114
326,Richard,DURBIN,SENATOR,D,IL,N/A,D000563,114
1351,Orrin,HATCH,SENATOR,R,UT,N/A,H000338,114
791,Robert,MENENDEZ,SENATOR,D,NJ,N/A,M000639,114
859,Bill,NELSON,SENATOR,D,FL,N/A,N000032,114
1036,Charles,SCHUMER,SENATOR,D,NY,N/A,S000148,114
1049,Richard,SHELBY,SENATOR,R,AL,N/A,S000320,114
1829,Jon,TESTER,SENATOR,D,MT,N/A,T000464,114
1534,John,THUNE,SENATOR,R,SD,N/A,T000250,114
1823,Sheldon,WHITEHOUSE,SENATOR,D,RI,N/A,W000802,114
