speaker_id,first_name,last_name,type,party,state,district,bio_guide_id,congress_id
1695,Lamar,ALEXANDER,SENATOR,R,TN,N/A,A000360,114
1558,Tammy,BALDWIN,SENATOR,D,WI,N/A,B001230,114
1881,John,BARRASSO,SENATOR,R,WY,N/A,B001261,114
1965,Michael,BENNET,SENATOR,D,CO,N/A,B001267,114
1687,John,BOOZMAN,SENATOR,R,AR,N/A,B001236,114
2106,Julia,BROWN,REPRESENTATIVE,D,CA,26,B001285,114
1676,Shelley,CAPITO,SENATOR,R,WV,N/A,C001047,115
,,CARDIN,SENATOR,D,MD,N/A,99999999999999999,114
179,Thomas,CARPER,SENATOR,D,DE,N/A,C000174,114
2121,Doug,COLLINS,REPRESENTATIVE,R,GA,9,C001093,114
1825,Bob,CORKER,SENATOR,R,TN,N/A,C001071,114
1692,John,CORNYN,SENATOR,R,TX,N/A,C001056,114
250,Mike,CRAPO,SENATOR,R,ID,N/A,C000880,114
1850,Joe,DONNELLY,SENATOR,D,IN,N/A,D000607,114
326,Richard,DURBIN,SENATOR,D,IL,N/A,D000563,114
1542,Michael,ENZI,SENATOR,R,WY,N/A,E000285,114
2179,Deb,FISCHER,SENATOR,R,NE,N/A,F000463,114
99999999999999,,FISHER,SENATOR,Party information Unavailable,State Info Unavailable,N/A,9999999999999999,115
1633,Jeff,FLAKE,SENATOR,R,AZ,N/A,F000444,114
1351,Orrin,HATCH,SENATOR,R,UT,N/A,H000338,114
1608,Johnny,ISAKSON,SENATOR,R,GA,N/A,I000055,114
,,JOHNSON,REPRESENTATIVE,R,GA,4,99999999999999999,114
1724,Steve,KING,REPRESENTATIVE,R,IA,4,K000362,114
1383,Patrick,LEAHY,SENATOR,D,VT,N/A,L000174,114
791,Robert,MENENDEZ,SENATOR,D,NJ,N/A,M000639,114
1694,Lisa,MURKOWSKI,SENATOR,R,AK,N/A,M001153,114
1837,Christopher,MURPHY,SENATOR,D,CT,N/A,M001169,114
1409,Patty,MURRAY,SENATOR,D,WA,N/A,M001111,114
859,Bill,NELSON,SENATOR,D,FL,N/A,N000032,114
2286,David,PERDUE,SENATOR,R,GA,N/A,P000612,114
1982,Tom,REED,REPRESENTATIVE,R,NY,23,R000585,114
1896,James,RISCH,SENATOR,R,ID,N/A,R000584,114
968,Pat,ROBERTS,SENATOR,R,KS,N/A,R000307,114
2288,Mike,ROUNDS,SENATOR,R,SD,N/A,R000605,115
2084,Marco,RUBIO,SENATOR,R,FL,N/A,R000595,114
1036,Charles,SCHUMER,SENATOR,D,NY,N/A,S000148,114
2113,Scott,SCOTT,REPRESENTATIVE,D,CA,52,P000608,114
1049,Richard,SHELBY,SENATOR,R,AL,N/A,S000320,114
2290,Dan,SULLIVAN,SENATOR,R,AK,N/A,S001198,114
1829,Jon,TESTER,SENATOR,D,MT,N/A,T000464,114
2291,Thom,TILLIS,SENATOR,R,NC,N/A,T000476,114
1897,Mark,WARNER,SENATOR,D,VA,N/A,W000805,114
2182,Elizabeth,WARREN,SENATOR,D,MA,N/A,W000817,114
1823,Sheldon,WHITEHOUSE,SENATOR,D,RI,N/A,W000802,114
1226,Roger,WICKER,SENATOR,R,MS,N/A,W000437,114
1247,Ron,WYDEN,SENATOR,D,OR,N/A,W000779,114
1256,Don,YOUNG,REPRESENTATIVE,R,AK,0,Y000033,114
