speaker_id,first_name,last_name,type,party,state,district,bio_guide_id,congress_id
1558,Tammy,BALDWIN,SENATOR,D,WI,N/A,B001230,114
2153,Joyce,BEATTY,REPRESENTATIVE,D,OH,3,B001281,114
99,Earl,BLUMENAUER,REPRESENTATIVE,D,OR,3,B000574,114
2076,Richard,BLUMENTHAL,SENATOR,D,CT,N/A,B001277,114
1464,Roy,BLUNT,SENATOR,R,MO,N/A,B000575,114
2194,Cory,BOOKER,SENATOR,D,NJ,N/A,B001288,114
2106,Julia,BROWN,REPRESENTATIVE,D,CA,26,B001285,114
1751,Michael,BURGESS,REPRESENTATIVE,R,TX,26,B001248,114
153,Richard,BURR,SENATOR,R,NC,N/A,B001135,114
,,CARDIN,SENATOR,D,MD,N/A,99999999999999999,114
208,James,CLYBURN,REPRESENTATIVE,D,SC,6,C000537,114
213,Thad,COCHRAN,SENATOR,R,MS,N/A,C000567,114
,,COHEN,REPRESENTATIVE,D,TN,9,99999999999999999,114
1692,John,CORNYN,SENATOR,R,TX,N/A,C001056,114
2144,Kevin,CRAMER,REPRESENTATIVE,R,ND,0,C001096,114
1604,Joseph,CROWLEY,REPRESENTATIVE,D,NY,14,C001038,114
2320,Val,DEMINGS,REPRESENTATIVE,D,FL,N/A,D000627,115
303,Lloyd,DOGGETT,REPRESENTATIVE,D,TX,35,D000399,114
2123,Tammy,DUCKWORTH,REPRESENTATIVE,D,IL,8,D000622,114
326,Richard,DURBIN,SENATOR,D,IL,N/A,D000563,114
2283,Joni,ERNST,SENATOR,R,IA,N/A,E000295,114
2342,Adriano,ESPAILLAT,REPRESENTATIVE,D,NY,N/A,E000297,115
1633,Jeff,FLAKE,SENATOR,R,AZ,N/A,F000444,114
1791,Virginia,FOXX,REPRESENTATIVE,R,NC,5,F000450,114
2359,Greg,GIANFORTE,REPRESENTATIVE,R,MT,N/A,G000584,115
1801,Louie,GOHMERT,REPRESENTATIVE,R,TX,1,G000552,114
2058,Trey,GOWDY,REPRESENTATIVE,R,SC,4,G000566,114
1351,Orrin,HATCH,SENATOR,R,UT,N/A,H000338,114
1844,Mazie,HIRONO,SENATOR,D,HI,N/A,H001042,114
566,Steny,HOYER,REPRESENTATIVE,D,MD,5,H000874,114
2354,Pramila,JAYAPAL,REPRESENTATIVE,D,WA,N/A,J000298,115
2176,Tim,KAINE,SENATOR,D,VA,N/A,K000384,114
2308,Ro,KHANNA,REPRESENTATIVE,D,CA,N/A,K000389,115
2134,Daniel,KILDEE,REPRESENTATIVE,D,MI,5,K000380,114
1383,Patrick,LEAHY,SENATOR,D,VT,N/A,L000174,114
791,Robert,MENENDEZ,SENATOR,D,NJ,N/A,M000639,114
1900,Jeff,MERKLEY,SENATOR,D,OR,N/A,M001176,114
1837,Christopher,MURPHY,SENATOR,D,CT,N/A,M001169,114
1409,Patty,MURRAY,SENATOR,D,WA,N/A,M001111,114
2361,Ralph,NORMAN,REPRESENTATIVE,R,SC,N/A,N000190,115
887,Frank,PALLONE,REPRESENTATIVE,D,NJ,6,P000034,114
2097,Donald,PAYNE,REPRESENTATIVE,D,NJ,10,P000604,114
1738,Stevan,PEARCE,REPRESENTATIVE,R,NM,2,P000588,114
905,Nancy,PELOSI,REPRESENTATIVE,D,CA,12,P000197,114
1835,Ed,PERLMUTTER,REPRESENTATIVE,D,CO,7,P000593,114
2171,Mark,POCAN,REPRESENTATIVE,D,WI,2,P000607,114
924,Rob,PORTMAN,SENATOR,R,OH,N/A,P000449,114
2332,Jamie,RASKIN,REPRESENTATIVE,D,MD,N/A,R000606,115
2023,Cedric,RICHMOND,REPRESENTATIVE,D,LA,2,R000588,114
979,Dana,ROHRABACHER,REPRESENTATIVE,R,CA,48,R000409,114
2017,Todd,ROKITA,REPRESENTATIVE,R,IN,4,R000592,114
2158,Keith,ROTHFUS,REPRESENTATIVE,R,PA,12,R000598,114
1588,Janice,SCHAKOWSKY,REPRESENTATIVE,D,IL,9,S001145,114
2173,Brian,SCHATZ,SENATOR,D,HI,N/A,S001194,114
2124,Bradley,SCHNEIDER,REPRESENTATIVE,D,IL,N/A,S001190,115
1036,Charles,SCHUMER,SENATOR,D,NY,N/A,S000148,114
1548,Jeff,SESSIONS,SENATOR,R,AL,N/A,S001141,114
1901,Jeanne,SHAHEEN,SENATOR,D,NH,N/A,S001181,114
2290,Dan,SULLIVAN,SENATOR,R,AK,N/A,S001198,114
1829,Jon,TESTER,SENATOR,D,MT,N/A,T000464,114
1534,John,THUNE,SENATOR,R,SD,N/A,T000250,114
2291,Thom,TILLIS,SENATOR,R,NC,N/A,T000476,114
2105,David,VALADAO,REPRESENTATIVE,R,CA,21,V000129,114
2137,Ann,WAGNER,REPRESENTATIVE,R,MO,2,W000812,114
1897,Mark,WARNER,SENATOR,D,VA,N/A,W000805,114
2152,Brad,WENSTRUP,REPRESENTATIVE,R,OH,2,W000815,114
1226,Roger,WICKER,SENATOR,R,MS,N/A,W000437,114
