speaker_id,first_name,last_name,type,party,state,district,bio_guide_id,congress_id
2350,Jodey,ARRINGTON,REPRESENTATIVE,R,TX,N/A,A000375,115
2337,Don,BACON,REPRESENTATIVE,R,NE,N/A,B001298,115
2326,Jim,BANKS,REPRESENTATIVE,R,IN,N/A,B001299,115
2272,Donald,BEYER,REPRESENTATIVE,D,VA,8,B001292,114
2063,Diane,BLACK,REPRESENTATIVE,R,TN,6,B001273,114
99,Earl,BLUMENAUER,REPRESENTATIVE,D,OR,3,B000574,114
2076,Richard,BLUMENTHAL,SENATOR,D,CT,N/A,B001277,114
2092,Suzanne,BONAMICI,REPRESENTATIVE,D,OR,1,B001278,114
2197,Bradley,BYRNE,REPRESENTATIVE,R,AL,1,B001289,114
,,CARDIN,SENATOR,D,MD,N/A,99999999999999999,114
2055,David,CICILLINE,REPRESENTATIVE,D,RI,1,C001084,114
1912,Mike,COFFMAN,REPRESENTATIVE,R,CO,6,C001077,114
,,COHEN,REPRESENTATIVE,D,TN,9,99999999999999999,114
2259,Bonnie,COLE,REPRESENTATIVE,D,NJ,12,W000822,114
2121,Doug,COLLINS,REPRESENTATIVE,R,GA,9,C001093,114
1805,K.,CONAWAY,REPRESENTATIVE,R,TX,11,C001062,114
1692,John,CORNYN,SENATOR,R,TX,N/A,C001056,114
1836,Joe,COURTNEY,REPRESENTATIVE,D,CT,2,C001069,114
1604,Joseph,CROWLEY,REPRESENTATIVE,D,NY,14,C001038,114
2138,Steve,DAINES,SENATOR,R,MT,N/A,D000618,114
2133,John,DELANEY,REPRESENTATIVE,D,MD,6,D000620,114
326,Richard,DURBIN,SENATOR,D,IL,N/A,D000563,114
1857,Keith,ELLISON,REPRESENTATIVE,D,MN,5,E000288,114
344,Eliot,ENGEL,REPRESENTATIVE,D,NY,16,E000179,114
355,Anna,ESHOO,REPRESENTATIVE,D,CA,18,E000215,114
2298,Dwight,EVANS,REPRESENTATIVE,D,PA,N/A,E000296,115
2343,John,FASO,REPRESENTATIVE,R,NY,N/A,F000464,115
2324,A.,FERGUSON,REPRESENTATIVE,R,GA,N/A,F000465,115
1793,Jeff,FORTENBERRY,REPRESENTATIVE,R,NE,1,F000449,114
1791,Virginia,FOXX,REPRESENTATIVE,R,NC,5,F000450,114
2122,Tulsi,GABBARD,REPRESENTATIVE,D,HI,2,G000571,114
2314,Matt,GAETZ,REPRESENTATIVE,R,FL,N/A,G000578,115
2355,Mike,GALLAGHER,REPRESENTATIVE,R,WI,N/A,G000579,115
1737,Scott,GARRETT,REPRESENTATIVE,R,NJ,5,G000548,114
1866,Kirsten,GILLIBRAND,SENATOR,D,NY,N/A,G000555,114
457,Chuck,GRASSLEY,SENATOR,R,IA,N/A,G000386,114
1708,Raul,GRIJALVA,REPRESENTATIVE,D,AZ,3,G000551,114
2276,Glenn,GROTHMAN,REPRESENTATIVE,R,WI,6,G000576,114
2032,Vicky,HARTZLER,REPRESENTATIVE,R,MO,4,H001053,114
1351,Orrin,HATCH,SENATOR,R,UT,N/A,H000338,114
2040,Joseph,HECK,REPRESENTATIVE,R,NV,3,H001055,114
566,Steny,HOYER,REPRESENTATIVE,D,MD,5,H000874,114
1909,Duncan,HUNTER,REPRESENTATIVE,R,CA,50,H001048,114
2354,Pramila,JAYAPAL,REPRESENTATIVE,D,WA,N/A,J000298,115
2149,Hakeem,JEFFRIES,REPRESENTATIVE,D,NY,8,J000294,114
616,Marcy,KAPTUR,REPRESENTATIVE,D,OH,8,K000009,114
2308,Ro,KHANNA,REPRESENTATIVE,D,CA,N/A,K000389,115
2325,Raja,KRISHNAMOORTHI,REPRESENTATIVE,D,IL,N/A,K000391,115
1668,James,LANGEVIN,REPRESENTATIVE,D,RI,2,L000559,114
1383,Patrick,LEAHY,SENATOR,D,VT,N/A,L000174,114
1501,Barbara,LEE,REPRESENTATIVE,D,CA,13,L000551,114
683,Sander,LEVIN,REPRESENTATIVE,D,MI,9,L000263,114
2328,Roger,MARSHALL,REPRESENTATIVE,R,KS,N/A,M001198,115
1900,Jeff,MERKLEY,SENATOR,D,OR,N/A,M001176,114
2130,Luke,MESSER,REPRESENTATIVE,R,IN,6,M001189,114
2334,Paul,MITCHELL,REPRESENTATIVE,R,MI,N/A,M001201,115
1694,Lisa,MURKOWSKI,SENATOR,R,AK,N/A,M001153,114
850,Jerrold,NADLER,REPRESENTATIVE,D,NY,10,N000002,114
1602,Grace,NAPOLITANO,REPRESENTATIVE,D,CA,32,N000179,114
854,Richard,NEAL,REPRESENTATIVE,D,MA,1,N000015,114
859,Bill,NELSON,SENATOR,D,FL,N/A,N000032,114
2275,Dan,NEWHOUSE,REPRESENTATIVE,R,WA,4,N000189,114
887,Frank,PALLONE,REPRESENTATIVE,D,NJ,6,P000034,114
905,Nancy,PELOSI,REPRESENTATIVE,D,CA,12,P000197,114
2171,Mark,POCAN,REPRESENTATIVE,D,WI,2,P000607,114
1982,Tom,REED,REPRESENTATIVE,R,NY,23,R000585,114
979,Dana,ROHRABACHER,REPRESENTATIVE,R,CA,48,R000409,114
2017,Todd,ROKITA,REPRESENTATIVE,R,IN,4,R000592,114
2339,Jacky,ROSEN,REPRESENTATIVE,D,NV,N/A,R000608,115
2158,Keith,ROTHFUS,REPRESENTATIVE,R,PA,12,R000598,114
2265,Steve,RUSSELL,REPRESENTATIVE,R,OK,5,R000604,114
1892,Steve,SCALISE,REPRESENTATIVE,R,LA,1,S001176,114
1588,Janice,SCHAKOWSKY,REPRESENTATIVE,D,IL,9,S001145,114
1036,Charles,SCHUMER,SENATOR,D,NY,N/A,S000148,114
1527,John,SHIMKUS,REPRESENTATIVE,R,IL,15,S000364,114
1069,Louise,SLAUGHTER,REPRESENTATIVE,D,NY,25,S000480,114
2346,Lloyd,SMUCKER,REPRESENTATIVE,R,PA,N/A,S001199,115
2319,Darren,SOTO,REPRESENTATIVE,D,FL,N/A,S001200,115
2341,Thomas,SUOZZI,REPRESENTATIVE,D,NY,N/A,S001201,115
2351,Scott,TAYLOR,REPRESENTATIVE,R,VA,N/A,T000477,115
1155,Mac,THORNBERRY,REPRESENTATIVE,R,TX,13,T000238,114
1664,Patrick,TIBERI,REPRESENTATIVE,R,OH,12,T000462,114
1940,Dina,TITUS,REPRESENTATIVE,D,NV,1,T000468,114
1741,Michael,TURNER,REPRESENTATIVE,R,OH,10,T000463,114
99999999999999,First Name unavailable,VANHOLLEN,Type Unavailable,Party Info Unavailable,state info unavailable,District Unavailable,BioGuideID unavailable,CongressID unavailable
1184,Nydia,VELAZQUEZ,REPRESENTATIVE,D,NY,7,V000081,114
1879,Peter,WELCH,REPRESENTATIVE,D,VT,0,W000800,114
2152,Brad,WENSTRUP,REPRESENTATIVE,R,OH,2,W000815,114
1886,Robert,WITTMAN,REPRESENTATIVE,R,VA,1,W000804,114
1991,Steve,WOMACK,REPRESENTATIVE,R,AR,3,W000809,114
2008,Rob,WOODALL,REPRESENTATIVE,R,GA,7,W000810,114
1853,John,YARMUTH,REPRESENTATIVE,D,KY,3,Y000062,114
