speaker_id,first_name,last_name,type,party,state,district,bio_guide_id,congress_id
2201,Alma,ADAMS,REPRESENTATIVE,D,NC,12,A000370,114
1558,Tammy,BALDWIN,SENATOR,D,WI,N/A,B001230,114
2153,Joyce,BEATTY,REPRESENTATIVE,D,OH,3,B001281,114
1965,Michael,BENNET,SENATOR,D,CO,N/A,B001267,114
2102,Ami,BERA,REPRESENTATIVE,D,CA,7,B001287,114
2333,Jack,BERGMAN,REPRESENTATIVE,R,MI,N/A,B001301,115
99,Earl,BLUMENAUER,REPRESENTATIVE,D,OR,3,B000574,114
2076,Richard,BLUMENTHAL,SENATOR,D,CT,N/A,B001277,114
2092,Suzanne,BONAMICI,REPRESENTATIVE,D,OR,1,B001278,114
2194,Cory,BOOKER,SENATOR,D,NJ,N/A,B001288,114
1687,John,BOOZMAN,SENATOR,R,AR,N/A,B001236,114
2155,Jim,BRIDENSTINE,REPRESENTATIVE,R,OK,1,B001283,114
1751,Michael,BURGESS,REPRESENTATIVE,R,TX,26,B001248,114
172,Maria,CANTWELL,SENATOR,D,WA,N/A,C000127,114
1828,Robert,CASEY,SENATOR,D,PA,N/A,C001070,114
1925,Bill,CASSIDY,SENATOR,R,LA,N/A,C001075,114
213,Thad,COCHRAN,SENATOR,R,MS,N/A,C000567,114
229,John,CONYERS,REPRESENTATIVE,D,MI,13,C000714,114
1984,Christopher,COONS,SENATOR,D,DE,N/A,C001088,114
1692,John,CORNYN,SENATOR,R,TX,N/A,C001056,114
1604,Joseph,CROWLEY,REPRESENTATIVE,D,NY,14,C001038,114
2138,Steve,DAINES,SENATOR,R,MT,N/A,D000618,114
2320,Val,DEMINGS,REPRESENTATIVE,D,FL,N/A,D000627,115
1976,Theodore,DEUTCH,REPRESENTATIVE,D,FL,21,D000610,114
1850,Joe,DONNELLY,SENATOR,D,IN,N/A,D000607,114
326,Richard,DURBIN,SENATOR,D,IL,N/A,D000563,114
1542,Michael,ENZI,SENATOR,R,WY,N/A,E000285,114
2342,Adriano,ESPAILLAT,REPRESENTATIVE,D,NY,N/A,E000297,115
2114,Elizabeth,ESTY,REPRESENTATIVE,D,CT,5,E000293,114
1791,Virginia,FOXX,REPRESENTATIVE,R,NC,5,F000450,114
1969,Al,FRANKEN,SENATOR,D,MN,N/A,F000457,114
1895,Marcia,FUDGE,REPRESENTATIVE,D,OH,11,F000455,114
1801,Louie,GOHMERT,REPRESENTATIVE,R,TX,1,G000552,114
1922,Brett,GUTHRIE,REPRESENTATIVE,R,KY,2,G000558,114
478,Luis,GUTIERREZ,REPRESENTATIVE,D,IL,4,G000535,114
1937,Martin,HEINRICH,SENATOR,D,NM,N/A,H001046,114
2223,J.,HILL,REPRESENTATIVE,R,AR,2,H001072,114
1844,Mazie,HIRONO,SENATOR,D,HI,N/A,H001042,114
2143,George,HOLDING,REPRESENTATIVE,R,NC,13,H001065,114
2149,Hakeem,JEFFRIES,REPRESENTATIVE,D,NY,8,J000294,114
2176,Tim,KAINE,SENATOR,D,VA,N/A,K000384,114
616,Marcy,KAPTUR,REPRESENTATIVE,D,OH,8,K000009,114
2308,Ro,KHANNA,REPRESENTATIVE,D,CA,N/A,K000389,115
1724,Steve,KING,REPRESENTATIVE,R,IA,4,K000362,114
1826,Amy,KLOBUCHAR,SENATOR,D,MN,N/A,K000367,114
2252,Brenda,LAWRENCE,REPRESENTATIVE,D,MI,14,L000581,114
1383,Patrick,LEAHY,SENATOR,D,VT,N/A,L000174,114
1501,Barbara,LEE,REPRESENTATIVE,D,CA,13,L000551,114
711,Frank,LUCAS,REPRESENTATIVE,R,OK,3,L000491,114
735,Edward,MARKEY,SENATOR,D,MA,N/A,M000133,114
1900,Jeff,MERKLEY,SENATOR,D,OR,N/A,M001176,114
1676,Shelley,MOORE,SENATOR,R,WV,N/A,C001047,114
1837,Christopher,MURPHY,SENATOR,D,CT,N/A,M001169,114
1409,Patty,MURRAY,SENATOR,D,WA,N/A,M001111,114
1955,Pete,OLSON,REPRESENTATIVE,R,TX,22,O000168,114
1992,Paul,PAUL,REPRESENTATIVE,R,AZ,4,G000565,114
1930,Erik,PAULSEN,REPRESENTATIVE,R,MN,3,P000594,114
2097,Donald,PAYNE,REPRESENTATIVE,D,NJ,10,P000604,114
1982,Tom,REED,REPRESENTATIVE,R,NY,23,R000585,114
2023,Cedric,RICHMOND,REPRESENTATIVE,D,LA,2,R000588,114
2158,Keith,ROTHFUS,REPRESENTATIVE,R,PA,12,R000598,114
1010,Bernard,SANDERS,SENATOR,I,VT,N/A,S000033,114
2173,Brian,SCHATZ,SENATOR,D,HI,N/A,S001194,114
1036,Charles,SCHUMER,SENATOR,D,NY,N/A,S000148,114
1901,Jeanne,SHAHEEN,SENATOR,D,NH,N/A,S001181,114
1531,Debbie,STABENOW,SENATOR,D,MI,N/A,S000770,114
2290,Dan,SULLIVAN,SENATOR,R,AK,N/A,S001198,114
1884,Niki,TSONGAS,REPRESENTATIVE,D,MA,3,T000465,114
1567,Tom,UDALL,SENATOR,D,NM,N/A,U000039,114
2166,Marc,VEASEY,REPRESENTATIVE,D,TX,33,V000131,114
1855,Tim,WALBERG,REPRESENTATIVE,R,MI,7,W000798,114
1596,Greg,WALDEN,REPRESENTATIVE,R,OR,2,W000791,114
2182,Elizabeth,WARREN,SENATOR,D,MA,N/A,W000817,114
1991,Steve,WOMACK,REPRESENTATIVE,R,AR,3,W000809,114
1247,Ron,WYDEN,SENATOR,D,OR,N/A,W000779,114
2115,Ted,YOHO,REPRESENTATIVE,R,FL,3,Y000065,114
