speaker_id,first_name,last_name,type,party,state,district,bio_guide_id,congress_id
2337,Don,BACON,REPRESENTATIVE,R,NE,N/A,B001298,115
2311,Nanette,BARRAGAN,REPRESENTATIVE,D,CA,N/A,B001300,115
2307,Andy,BIGGS,REPRESENTATIVE,R,AZ,N/A,B001302,115
165,Ken,CALVERT,REPRESENTATIVE,R,CA,42,C000059,114
2159,Matt,CARTWRIGHT,REPRESENTATIVE,D,PA,17,C001090,114
2356,Liz,CHENEY,REPRESENTATIVE,R,WY,N/A,C001109,115
2055,David,CICILLINE,REPRESENTATIVE,D,RI,1,C001084,114
,,COHEN,REPRESENTATIVE,D,TN,9,99999999999999999,114
2312,J.,CORREA,REPRESENTATIVE,D,CA,N/A,C001110,115
1774,Jim,COSTA,REPRESENTATIVE,D,CA,16,C001059,114
2296,Warren,DAVIDSON,REPRESENTATIVE,R,OH,N/A,D000626,115
2251,Debbie,DINGELL,REPRESENTATIVE,D,MI,12,D000624,114
303,Lloyd,DOGGETT,REPRESENTATIVE,D,TX,35,D000399,114
2315,Neal,DUNN,REPRESENTATIVE,R,FL,N/A,D000628,115
2342,Adriano,ESPAILLAT,REPRESENTATIVE,D,NY,N/A,E000297,115
2343,John,FASO,REPRESENTATIVE,R,NY,N/A,F000464,115
2324,A.,FERGUSON,REPRESENTATIVE,R,GA,N/A,F000465,115
1797,Michael,FITZPATRICK,REPRESENTATIVE,R,PA,8,F000451,114
1888,Bill,FOSTER,REPRESENTATIVE,D,IL,11,F000454,114
414,Rodney,FRELINGHUYSEN,REPRESENTATIVE,R,NJ,11,F000372,114
2314,Matt,GAETZ,REPRESENTATIVE,R,FL,N/A,G000578,115
2226,Ruben,GALLEGO,REPRESENTATIVE,D,AZ,7,G000574,114
1801,Louie,GOHMERT,REPRESENTATIVE,R,TX,1,G000552,114
1487,Kay,GRANGER,REPRESENTATIVE,R,TX,12,G000377,114
2276,Glenn,GROTHMAN,REPRESENTATIVE,R,WI,6,G000576,114
1933,Gregg,HARPER,REPRESENTATIVE,R,MS,3,H001045,114
2026,Andy,HARRIS,REPRESENTATIVE,R,MD,1,H001052,114
566,Steny,HOYER,REPRESENTATIVE,D,MD,5,H000874,114
1668,James,LANGEVIN,REPRESENTATIVE,D,RI,2,L000559,114
1501,Barbara,LEE,REPRESENTATIVE,D,CA,13,L000551,114
2111,Alan,LOWENTHAL,REPRESENTATIVE,D,CA,47,L000579,114
709,Nita,LOWEY,REPRESENTATIVE,D,NY,17,L000480,114
2094,Thomas,MASSIE,REPRESENTATIVE,R,KY,4,M001184,114
1676,Shelley,MOORE,SENATOR,R,WV,N/A,C001047,114
850,Jerrold,NADLER,REPRESENTATIVE,D,NY,10,N000002,114
1602,Grace,NAPOLITANO,REPRESENTATIVE,D,CA,32,N000179,114
2275,Dan,NEWHOUSE,REPRESENTATIVE,R,WA,4,N000189,114
1927,Chellie,PINGREE,REPRESENTATIVE,D,ME,1,P000597,114
2017,Todd,ROKITA,REPRESENTATIVE,R,IN,4,R000592,114
2339,Jacky,ROSEN,REPRESENTATIVE,D,NV,N/A,R000608,115
2109,Raul,RUIZ,REPRESENTATIVE,D,CA,36,R000599,114
91,Sanford,SANFORD,REPRESENTATIVE,D,GA,2,B000490,114
1854,John,SARBANES,REPRESENTATIVE,D,MD,3,S001168,114
1069,Louise,SLAUGHTER,REPRESENTATIVE,D,NY,25,S000480,114
2319,Darren,SOTO,REPRESENTATIVE,D,FL,N/A,S001200,115
1890,Jackie,SPEIER,REPRESENTATIVE,D,CA,14,S001175,114
2341,Thomas,SUOZZI,REPRESENTATIVE,D,NY,N/A,S001201,115
1188,Peter,VISCLOSKY,REPRESENTATIVE,D,IN,1,V000108,114
1879,Peter,WELCH,REPRESENTATIVE,D,VT,0,W000800,114
2021,Kevin,YODER,REPRESENTATIVE,R,KS,3,Y000063,114
