speaker_id,first_name,last_name,type,party,state,district,bio_guide_id,congress_id
2239,Rick,ALLEN,REPRESENTATIVE,R,GA,12,A000372,114
2350,Jodey,ARRINGTON,REPRESENTATIVE,R,TX,N/A,A000375,115
2270,Brian,BABIN,REPRESENTATIVE,R,TX,36,B001291,114
2337,Don,BACON,REPRESENTATIVE,R,NE,N/A,B001298,115
2311,Nanette,BARRAGAN,REPRESENTATIVE,D,CA,N/A,B001300,115
2153,Joyce,BEATTY,REPRESENTATIVE,D,OH,3,B001281,114
1965,Michael,BENNET,SENATOR,D,CO,N/A,B001267,114
1838,Gus,BILIRAKIS,REPRESENTATIVE,R,FL,12,B001257,114
1687,John,BOOZMAN,SENATOR,R,AR,N/A,B001236,114
2106,Julia,BROWN,REPRESENTATIVE,D,CA,26,B001285,114
2233,Ken,BUCK,REPRESENTATIVE,R,CO,4,B001297,114
1751,Michael,BURGESS,REPRESENTATIVE,R,TX,26,B001248,114
1828,Robert,CASEY,SENATOR,D,PA,N/A,C001070,114
208,James,CLYBURN,REPRESENTATIVE,D,SC,6,C000537,114
1825,Bob,CORKER,SENATOR,R,TN,N/A,C001071,114
1692,John,CORNYN,SENATOR,R,TX,N/A,C001056,114
1774,Jim,COSTA,REPRESENTATIVE,D,CA,16,C001059,114
1989,Eric,CRAWFORD,REPRESENTATIVE,R,AR,1,C001087,114
2296,Warren,DAVIDSON,REPRESENTATIVE,R,OH,N/A,D000626,115
2320,Val,DEMINGS,REPRESENTATIVE,D,FL,N/A,D000627,115
1976,Theodore,DEUTCH,REPRESENTATIVE,D,FL,21,D000610,114
326,Richard,DURBIN,SENATOR,D,IL,N/A,D000563,114
1857,Keith,ELLISON,REPRESENTATIVE,D,MN,5,E000288,114
2342,Adriano,ESPAILLAT,REPRESENTATIVE,D,NY,N/A,E000297,115
2298,Dwight,EVANS,REPRESENTATIVE,D,PA,N/A,E000296,115
2067,Blake,FARENTHOLD,REPRESENTATIVE,R,TX,27,F000460,114
1797,Michael,FITZPATRICK,REPRESENTATIVE,R,PA,8,F000451,114
,,FLORES,REPRESENTATIVE,R,TX,17,99999999999999999,114
1791,Virginia,FOXX,REPRESENTATIVE,R,NC,5,F000450,114
2122,Tulsi,GABBARD,REPRESENTATIVE,D,HI,2,G000571,114
2359,Greg,GIANFORTE,REPRESENTATIVE,R,MT,N/A,G000584,115
1801,Louie,GOHMERT,REPRESENTATIVE,R,TX,1,G000552,114
446,Bob,GOODLATTE,REPRESENTATIVE,R,VA,6,G000289,114
478,Luis,GUTIERREZ,REPRESENTATIVE,D,IL,4,G000535,114
1933,Gregg,HARPER,REPRESENTATIVE,R,MS,3,H001045,114
1351,Orrin,HATCH,SENATOR,R,UT,N/A,H000338,114
1749,Jeb,HENSARLING,REPRESENTATIVE,R,TX,5,H001036,114
2223,J.,HILL,REPRESENTATIVE,R,AR,2,H001072,114
2079,John,HOEVEN,SENATOR,R,ND,N/A,H001061,114
2327,Trey,HOLLINGSWORTH,REPRESENTATIVE,R,IN,N/A,H001074,115
2015,Randy,HULTGREN,REPRESENTATIVE,R,IL,14,H001059,114
1608,Johnny,ISAKSON,SENATOR,R,GA,N/A,I000055,114
616,Marcy,KAPTUR,REPRESENTATIVE,D,OH,8,K000009,114
2340,Ruben,KIHUEN,REPRESENTATIVE,D,NV,N/A,K000390,115
2134,Daniel,KILDEE,REPRESENTATIVE,D,MI,5,K000380,114
99999999999999,First Name unavailable,KILHUEN,Type Unavailable,Party Info Unavailable,state info unavailable,District Unavailable,BioGuideID unavailable,CongressID unavailable
1498,Ron,KIND,REPRESENTATIVE,D,WI,3,K000188,114
1724,Steve,KING,REPRESENTATIVE,R,IA,4,K000362,114
2325,Raja,KRISHNAMOORTHI,REPRESENTATIVE,D,IL,N/A,K000391,115
1668,James,LANGEVIN,REPRESENTATIVE,D,RI,2,L000559,114
1383,Patrick,LEAHY,SENATOR,D,VT,N/A,L000174,114
1501,Barbara,LEE,REPRESENTATIVE,D,CA,13,L000551,114
701,Zoe,LOFGREN,REPRESENTATIVE,D,CA,19,L000397,114
2238,Barry,LOUDERMILK,REPRESENTATIVE,R,GA,11,L000583,114
1931,Blaine,LUETKEMEYER,REPRESENTATIVE,R,MO,3,L000569,114
2322,Brian,MAST,REPRESENTATIVE,R,FL,N/A,M001199,115
2334,Paul,MITCHELL,REPRESENTATIVE,R,MI,N/A,M001201,115
859,Bill,NELSON,SENATOR,D,FL,N/A,N000032,114
1955,Pete,OLSON,REPRESENTATIVE,R,TX,22,O000168,114
1930,Erik,PAULSEN,REPRESENTATIVE,R,MN,3,P000594,114
1927,Chellie,PINGREE,REPRESENTATIVE,D,ME,1,P000597,114
2141,Robert,PITTENGER,REPRESENTATIVE,R,NC,9,P000606,114
1967,Mike,QUIGLEY,REPRESENTATIVE,D,IL,5,Q000023,114
2023,Cedric,RICHMOND,REPRESENTATIVE,D,LA,2,R000588,114
1986,Martha,ROBY,REPRESENTATIVE,R,AL,2,R000591,114
1892,Steve,SCALISE,REPRESENTATIVE,R,LA,1,S001176,114
1588,Janice,SCHAKOWSKY,REPRESENTATIVE,D,IL,9,S001145,114
1036,Charles,SCHUMER,SENATOR,D,NY,N/A,S000148,114
1548,Jeff,SESSIONS,SENATOR,R,AL,N/A,S001141,114
1069,Louise,SLAUGHTER,REPRESENTATIVE,D,NY,25,S000480,114
2047,Steve,STIVERS,REPRESENTATIVE,R,OH,15,S001187,114
2344,Claudia,TENNEY,REPRESENTATIVE,R,NY,N/A,T000478,115
1534,John,THUNE,SENATOR,R,SD,N/A,T000250,114
1942,Paul,TONKO,REPRESENTATIVE,D,NY,20,T000469,114
2231,Norma,TORRES,REPRESENTATIVE,D,CA,35,T000474,114
2166,Marc,VEASEY,REPRESENTATIVE,D,TX,33,V000131,114
2137,Ann,WAGNER,REPRESENTATIVE,R,MO,2,W000812,114
2165,Roger,WILLIAMS,REPRESENTATIVE,R,TX,25,W000816,114
2261,Lee,ZELDIN,REPRESENTATIVE,R,NY,1,Z000017,114
