speaker_id,first_name,last_name,type,party,state,district,bio_guide_id,congress_id
1695,Lamar,ALEXANDER,SENATOR,R,TN,N/A,A000360,114
2239,Rick,ALLEN,REPRESENTATIVE,R,GA,12,A000372,114
2270,Brian,BABIN,REPRESENTATIVE,R,TX,36,B001291,114
1558,Tammy,BALDWIN,SENATOR,D,WI,N/A,B001230,114
2238,Barry,BARR,REPRESENTATIVE,R,GA,11,L000583,114
1881,John,BARRASSO,SENATOR,R,WY,N/A,B001261,114
2272,Donald,BEYER,REPRESENTATIVE,D,VA,8,B001292,114
2076,Richard,BLUMENTHAL,SENATOR,D,CT,N/A,B001277,114
1687,John,BOOZMAN,SENATOR,R,AR,N/A,B001236,114
2243,Mike,BOST,REPRESENTATIVE,R,IL,12,B001295,114
2106,Julia,BROWN,REPRESENTATIVE,D,CA,26,B001285,114
2233,Ken,BUCK,REPRESENTATIVE,R,CO,4,B001297,114
,,BUDD,REPRESENTATIVE,R,GA,1,99999999999999999,114
1676,Shelley,CAPITO,SENATOR,R,WV,N/A,C001047,115
1564,Michael,CAPUANO,REPRESENTATIVE,D,MA,7,C001037,114
,,CARDIN,SENATOR,D,MD,N/A,99999999999999999,114
1925,Bill,CASSIDY,SENATOR,R,LA,N/A,C001075,114
2121,Doug,COLLINS,REPRESENTATIVE,R,GA,9,C001093,114
2297,James,COMER,REPRESENTATIVE,R,KY,N/A,C001108,115
1984,Christopher,COONS,SENATOR,D,DE,N/A,C001088,114
1692,John,CORNYN,SENATOR,R,TX,N/A,C001056,114
1774,Jim,COSTA,REPRESENTATIVE,D,CA,16,C001059,114
2098,Tom,COTTON,SENATOR,R,AR,N/A,C001095,114
2144,Kevin,CRAMER,REPRESENTATIVE,R,ND,0,C001096,114
2251,Debbie,DINGELL,REPRESENTATIVE,D,MI,12,D000624,114
1850,Joe,DONNELLY,SENATOR,D,IN,N/A,D000607,114
326,Richard,DURBIN,SENATOR,D,IL,N/A,D000563,114
2283,Joni,ERNST,SENATOR,R,IA,N/A,E000295,114
2342,Adriano,ESPAILLAT,REPRESENTATIVE,D,NY,N/A,E000297,115
1332,Dianne,FEINSTEIN,SENATOR,D,CA,N/A,F000062,114
1888,Bill,FOSTER,REPRESENTATIVE,D,IL,11,F000454,114
2049,Bob,GIBBS,REPRESENTATIVE,R,OH,7,G000563,114
1992,Paul,GOSAR,REPRESENTATIVE,R,AZ,4,G000565,114
457,Chuck,GRASSLEY,SENATOR,R,IA,N/A,G000386,114
1708,Raul,GRIJALVA,REPRESENTATIVE,D,AZ,3,G000551,114
478,Luis,GUTIERREZ,REPRESENTATIVE,D,IL,4,G000535,114
2026,Andy,HARRIS,REPRESENTATIVE,R,MD,1,H001052,114
2302,Margaret,HASSAN,SENATOR,D,NH,N/A,H001076,115
1937,Martin,HEINRICH,SENATOR,D,NM,N/A,H001046,114
1749,Jeb,HENSARLING,REPRESENTATIVE,R,TX,5,H001036,114
2223,J.,HILL,REPRESENTATIVE,R,AR,2,H001072,114
2101,Jared,HUFFMAN,REPRESENTATIVE,D,CA,2,H001068,114
2028,Bill,HUIZENGA,REPRESENTATIVE,R,MI,2,H001058,114
583,James,INHOFE,SENATOR,R,OK,N/A,I000024,114
1608,Johnny,ISAKSON,SENATOR,R,GA,N/A,I000055,114
2176,Tim,KAINE,SENATOR,D,VA,N/A,K000384,114
1826,Amy,KLOBUCHAR,SENATOR,D,MN,N/A,K000367,114
1834,Doug,LAMBORN,REPRESENTATIVE,R,CO,5,L000564,114
2252,Brenda,LAWRENCE,REPRESENTATIVE,D,MI,14,L000581,114
1383,Patrick,LEAHY,SENATOR,D,VT,N/A,L000174,114
1781,Daniel,LIPINSKI,REPRESENTATIVE,D,IL,3,L000563,114
701,Zoe,LOFGREN,REPRESENTATIVE,D,CA,19,L000397,114
2111,Alan,LOWENTHAL,REPRESENTATIVE,D,CA,47,L000579,114
735,Edward,MARKEY,SENATOR,D,MA,N/A,M000133,114
2094,Thomas,MASSIE,REPRESENTATIVE,R,KY,4,M001184,114
1900,Jeff,MERKLEY,SENATOR,D,OR,N/A,M001176,114
1676,Shelley,MOORE,SENATOR,R,WV,N/A,C001047,114
1694,Lisa,MURKOWSKI,SENATOR,R,AK,N/A,M001153,114
1837,Christopher,MURPHY,SENATOR,D,CT,N/A,M001169,114
1409,Patty,MURRAY,SENATOR,D,WA,N/A,M001111,114
859,Bill,NELSON,SENATOR,D,FL,N/A,N000032,114
1738,Stevan,PEARCE,REPRESENTATIVE,R,NM,2,P000588,114
2113,Scott,PETERS,REPRESENTATIVE,D,CA,52,P000608,114
1927,Chellie,PINGREE,REPRESENTATIVE,D,ME,1,P000597,114
2141,Robert,PITTENGER,REPRESENTATIVE,R,NC,9,P000606,114
1967,Mike,QUIGLEY,REPRESENTATIVE,D,IL,5,Q000023,114
1982,Tom,REED,REPRESENTATIVE,R,NY,23,R000585,114
2048,James,RENACCI,REPRESENTATIVE,R,OH,16,R000586,114
2158,Keith,ROTHFUS,REPRESENTATIVE,R,PA,12,R000598,114
2084,Marco,RUBIO,SENATOR,R,FL,N/A,R000595,114
1010,Bernard,SANDERS,SENATOR,I,VT,N/A,S000033,114
2173,Brian,SCHATZ,SENATOR,D,HI,N/A,S001194,114
1036,Charles,SCHUMER,SENATOR,D,NY,N/A,S000148,114
1548,Jeff,SESSIONS,SENATOR,R,AL,N/A,S001141,114
1901,Jeanne,SHAHEEN,SENATOR,D,NH,N/A,S001181,114
2344,Claudia,TENNEY,REPRESENTATIVE,R,NY,N/A,T000478,115
1829,Jon,TESTER,SENATOR,D,MT,N/A,T000464,114
1534,John,THUNE,SENATOR,R,SD,N/A,T000250,114
1997,Scott,TIPTON,REPRESENTATIVE,R,CO,3,T000470,114
2250,David,TROTT,REPRESENTATIVE,R,MI,11,T000475,114
1567,Tom,UDALL,SENATOR,D,NM,N/A,U000039,114
2137,Ann,WAGNER,REPRESENTATIVE,R,MO,2,W000812,114
2182,Elizabeth,WARREN,SENATOR,D,MA,N/A,W000817,114
2165,Roger,WILLIAMS,REPRESENTATIVE,R,TX,25,W000816,114
1853,John,YARMUTH,REPRESENTATIVE,D,KY,3,Y000062,114
2115,Ted,YOHO,REPRESENTATIVE,R,FL,3,Y000065,114
