speaker_id,first_name,last_name,type,party,state,district,bio_guide_id,congress_id
2229,Pete,AGUILAR,REPRESENTATIVE,D,CA,31,A000371,114
2337,Don,BACON,REPRESENTATIVE,R,NE,N/A,B001298,115
2238,Barry,BARR,REPRESENTATIVE,R,GA,11,L000583,114
2311,Nanette,BARRAGAN,REPRESENTATIVE,D,CA,N/A,B001300,115
2153,Joyce,BEATTY,REPRESENTATIVE,D,OH,3,B001281,114
1838,Gus,BILIRAKIS,REPRESENTATIVE,R,FL,12,B001257,114
2092,Suzanne,BONAMICI,REPRESENTATIVE,D,OR,1,B001278,114
2243,Mike,BOST,REPRESENTATIVE,R,IL,12,B001295,114
2233,Ken,BUCK,REPRESENTATIVE,R,CO,4,B001297,114
,,BUDD,REPRESENTATIVE,R,GA,1,99999999999999999,114
1564,Michael,CAPUANO,REPRESENTATIVE,D,MA,7,C001037,114
2159,Matt,CARTWRIGHT,REPRESENTATIVE,D,PA,17,C001090,114
186,Steve,CHABOT,REPRESENTATIVE,R,OH,1,C000266,114
2055,David,CICILLINE,REPRESENTATIVE,D,RI,1,C001084,114
1654,Wm.,CLAY,REPRESENTATIVE,D,MO,1,C001049,114
2259,Bonnie,COLE,REPRESENTATIVE,D,NJ,12,W000822,114
2297,James,COMER,REPRESENTATIVE,R,KY,N/A,C001108,115
1774,Jim,COSTA,REPRESENTATIVE,D,CA,16,C001059,114
1989,Eric,CRAWFORD,REPRESENTATIVE,R,AR,1,C001087,114
2321,Charlie,CRIST,REPRESENTATIVE,D,FL,N/A,C001111,115
2296,Warren,DAVIDSON,REPRESENTATIVE,R,OH,N/A,D000626,115
2133,John,DELANEY,REPRESENTATIVE,D,MD,6,D000620,114
2320,Val,DEMINGS,REPRESENTATIVE,D,FL,N/A,D000627,115
303,Lloyd,DOGGETT,REPRESENTATIVE,D,TX,35,D000399,114
2072,Sean,DUFFY,REPRESENTATIVE,R,WI,N/A,D000614,115
1857,Keith,ELLISON,REPRESENTATIVE,D,MN,5,E000288,114
2253,Tom,EMMER,REPRESENTATIVE,R,MN,6,E000294,114
344,Eliot,ENGEL,REPRESENTATIVE,D,NY,16,E000179,114
2298,Dwight,EVANS,REPRESENTATIVE,D,PA,N/A,E000296,115
2343,John,FASO,REPRESENTATIVE,R,NY,N/A,F000464,115
2324,A.,FERGUSON,REPRESENTATIVE,R,GA,N/A,F000465,115
1797,Michael,FITZPATRICK,REPRESENTATIVE,R,PA,8,F000451,114
1888,Bill,FOSTER,REPRESENTATIVE,D,IL,11,F000454,114
1973,John,GARAMENDI,REPRESENTATIVE,D,CA,3,G000559,114
1801,Louie,GOHMERT,REPRESENTATIVE,R,TX,1,G000552,114
446,Bob,GOODLATTE,REPRESENTATIVE,R,VA,6,G000289,114
2040,Joseph,HECK,REPRESENTATIVE,R,NV,3,H001055,114
1749,Jeb,HENSARLING,REPRESENTATIVE,R,TX,5,H001036,114
2223,J.,HILL,REPRESENTATIVE,R,AR,2,H001072,114
2327,Trey,HOLLINGSWORTH,REPRESENTATIVE,R,IN,N/A,H001074,115
566,Steny,HOYER,REPRESENTATIVE,D,MD,5,H000874,114
2028,Bill,HUIZENGA,REPRESENTATIVE,R,MI,2,H001058,114
2015,Randy,HULTGREN,REPRESENTATIVE,R,IL,14,H001059,114
2354,Pramila,JAYAPAL,REPRESENTATIVE,D,WA,N/A,J000298,115
616,Marcy,KAPTUR,REPRESENTATIVE,D,OH,8,K000009,114
2264,John,KATKO,REPRESENTATIVE,R,NY,24,K000386,114
2172,Joseph,KENNEDY,REPRESENTATIVE,D,MA,4,K000379,114
2308,Ro,KHANNA,REPRESENTATIVE,D,CA,N/A,K000389,115
2340,Ruben,KIHUEN,REPRESENTATIVE,D,NV,N/A,K000390,115
2134,Daniel,KILDEE,REPRESENTATIVE,D,MI,5,K000380,114
2325,Raja,KRISHNAMOORTHI,REPRESENTATIVE,D,IL,N/A,K000391,115
1936,Leonard,LANCE,REPRESENTATIVE,R,NJ,7,L000567,114
1668,James,LANGEVIN,REPRESENTATIVE,D,RI,2,L000559,114
1501,Barbara,LEE,REPRESENTATIVE,D,CA,13,L000551,114
2238,Barry,LOUDERMILK,REPRESENTATIVE,R,GA,11,L000583,114
2271,Mia,LOVE,REPRESENTATIVE,R,UT,4,L000584,114
1931,Blaine,LUETKEMEYER,REPRESENTATIVE,R,MO,3,L000569,114
1686,Stephen,LYNCH,REPRESENTATIVE,D,MA,8,L000562,114
2053,Tom,MARINO,REPRESENTATIVE,R,PA,10,M001179,114
2328,Roger,MARSHALL,REPRESENTATIVE,R,KS,N/A,M001198,115
1506,Gregory,MEEKS,REPRESENTATIVE,D,NY,5,M001137,114
2130,Luke,MESSER,REPRESENTATIVE,R,IN,6,M001189,114
2334,Paul,MITCHELL,REPRESENTATIVE,R,MI,N/A,M001201,115
1676,Shelley,MOORE,SENATOR,R,WV,N/A,C001047,114
1602,Grace,NAPOLITANO,REPRESENTATIVE,D,CA,32,N000179,114
1510,Bill,PASCRELL,REPRESENTATIVE,D,NJ,9,P000096,114
2097,Donald,PAYNE,REPRESENTATIVE,D,NJ,10,P000604,114
1738,Stevan,PEARCE,REPRESENTATIVE,R,NM,2,P000588,114
905,Nancy,PELOSI,REPRESENTATIVE,D,CA,12,P000197,114
1835,Ed,PERLMUTTER,REPRESENTATIVE,D,CO,7,P000593,114
2141,Robert,PITTENGER,REPRESENTATIVE,R,NC,9,P000606,114
2247,Bruce,POLIQUIN,REPRESENTATIVE,R,ME,2,P000611,114
2332,Jamie,RASKIN,REPRESENTATIVE,D,MD,N/A,R000606,115
1810,David,REICHERT,REPRESENTATIVE,R,WA,8,R000578,114
1986,Martha,ROBY,REPRESENTATIVE,R,AL,2,R000591,114
2003,Dennis,ROSS,REPRESENTATIVE,R,FL,15,R000593,114
2158,Keith,ROTHFUS,REPRESENTATIVE,R,PA,12,R000598,114
2109,Raul,RUIZ,REPRESENTATIVE,D,CA,36,R000599,114
2254,Ryan,RYAN,REPRESENTATIVE,R,MT,0,Z000018,114
1854,John,SARBANES,REPRESENTATIVE,D,MD,3,S001168,114
1588,Janice,SCHAKOWSKY,REPRESENTATIVE,D,IL,9,S001145,114
1526,Brad,SHERMAN,REPRESENTATIVE,D,CA,30,S000344,114
2346,Lloyd,SMUCKER,REPRESENTATIVE,R,PA,N/A,S001199,115
2351,Scott,TAYLOR,REPRESENTATIVE,R,VA,N/A,T000477,115
2344,Claudia,TENNEY,REPRESENTATIVE,R,NY,N/A,T000478,115
2291,Thom,TILLIS,SENATOR,R,NC,N/A,T000476,114
1997,Scott,TIPTON,REPRESENTATIVE,R,CO,3,T000470,114
1942,Paul,TONKO,REPRESENTATIVE,D,NY,20,T000469,114
2250,David,TROTT,REPRESENTATIVE,R,MI,11,T000475,114
1184,Nydia,VELAZQUEZ,REPRESENTATIVE,D,NY,7,V000081,114
2137,Ann,WAGNER,REPRESENTATIVE,R,MO,2,W000812,114
1879,Peter,WELCH,REPRESENTATIVE,D,VT,0,W000800,114
2165,Roger,WILLIAMS,REPRESENTATIVE,R,TX,25,W000816,114
2021,Kevin,YODER,REPRESENTATIVE,R,KS,3,Y000063,114
2261,Lee,ZELDIN,REPRESENTATIVE,R,NY,1,Z000017,114
