speaker_id,first_name,last_name,type,party,state,district,bio_guide_id,congress_id
2229,Pete,AGUILAR,REPRESENTATIVE,D,CA,31,A000371,114
1695,Lamar,ALEXANDER,SENATOR,R,TN,N/A,A000360,114
2270,Brian,BABIN,REPRESENTATIVE,R,TX,36,B001291,114
2337,Don,BACON,REPRESENTATIVE,R,NE,N/A,B001298,115
1881,John,BARRASSO,SENATOR,R,WY,N/A,B001261,114
1464,Roy,BLUNT,SENATOR,R,MO,N/A,B000575,114
1687,John,BOOZMAN,SENATOR,R,AR,N/A,B001236,114
2233,Ken,BUCK,REPRESENTATIVE,R,CO,4,B001297,114
,,BUDD,REPRESENTATIVE,R,GA,1,99999999999999999,114
172,Maria,CANTWELL,SENATOR,D,WA,N/A,C000127,114
2107,Tony,CARDENAS,REPRESENTATIVE,D,CA,29,C001097,114
,,CARDIN,SENATOR,D,MD,N/A,99999999999999999,114
179,Thomas,CARPER,SENATOR,D,DE,N/A,C000174,114
2356,Liz,CHENEY,REPRESENTATIVE,R,WY,N/A,C001109,115
2055,David,CICILLINE,REPRESENTATIVE,D,RI,1,C001084,114
1654,Wm.,CLAY,REPRESENTATIVE,D,MO,1,C001049,114
1912,Mike,COFFMAN,REPRESENTATIVE,R,CO,6,C001077,114
2259,Bonnie,COLE,REPRESENTATIVE,D,NJ,12,W000822,114
1805,K.,CONAWAY,REPRESENTATIVE,R,TX,11,C001062,114
1692,John,CORNYN,SENATOR,R,TX,N/A,C001056,114
2312,J.,CORREA,REPRESENTATIVE,D,CA,N/A,C001110,115
1774,Jim,COSTA,REPRESENTATIVE,D,CA,16,C001059,114
1995,Jeff,DENHAM,REPRESENTATIVE,R,CA,10,D000612,114
2123,Tammy,DUCKWORTH,REPRESENTATIVE,D,IL,8,D000622,114
326,Richard,DURBIN,SENATOR,D,IL,N/A,D000563,114
2253,Tom,EMMER,REPRESENTATIVE,R,MN,6,E000294,114
2342,Adriano,ESPAILLAT,REPRESENTATIVE,D,NY,N/A,E000297,115
2343,John,FASO,REPRESENTATIVE,R,NY,N/A,F000464,115
2179,Deb,FISCHER,SENATOR,R,NE,N/A,F000463,114
1633,Jeff,FLAKE,SENATOR,R,AZ,N/A,F000444,114
1793,Jeff,FORTENBERRY,REPRESENTATIVE,R,NE,1,F000449,114
1969,Al,FRANKEN,SENATOR,D,MN,N/A,F000457,114
2122,Tulsi,GABBARD,REPRESENTATIVE,D,HI,2,G000571,114
1973,John,GARAMENDI,REPRESENTATIVE,D,CA,3,G000559,114
1998,Cory,GARDNER,SENATOR,R,CO,N/A,G000562,115
2359,Greg,GIANFORTE,REPRESENTATIVE,R,MT,N/A,G000584,115
2362,Jimmy,GOMEZ,REPRESENTATIVE,D,CA,N/A,G000585,115
1992,Paul,GOSAR,REPRESENTATIVE,R,AZ,4,G000565,114
2070,H.,GRIFFITH,REPRESENTATIVE,R,VA,9,G000568,114
2276,Glenn,GROTHMAN,REPRESENTATIVE,R,WI,6,G000576,114
478,Luis,GUTIERREZ,REPRESENTATIVE,D,IL,4,G000535,114
2223,J.,HILL,REPRESENTATIVE,R,AR,2,H001072,114
1844,Mazie,HIRONO,SENATOR,D,HI,N/A,H001042,114
2079,John,HOEVEN,SENATOR,R,ND,N/A,H001061,114
2028,Bill,HUIZENGA,REPRESENTATIVE,R,MI,2,H001058,114
2015,Randy,HULTGREN,REPRESENTATIVE,R,IL,14,H001059,114
1909,Duncan,HUNTER,REPRESENTATIVE,R,CA,50,H001048,114
2269,Will,HURD,REPRESENTATIVE,R,TX,23,H001073,114
1608,Johnny,ISAKSON,SENATOR,R,GA,N/A,I000055,114
2354,Pramila,JAYAPAL,REPRESENTATIVE,D,WA,N/A,J000298,115
2149,Hakeem,JEFFRIES,REPRESENTATIVE,D,NY,8,J000294,114
616,Marcy,KAPTUR,REPRESENTATIVE,D,OH,8,K000009,114
2172,Joseph,KENNEDY,REPRESENTATIVE,D,MA,4,K000379,114
2340,Ruben,KIHUEN,REPRESENTATIVE,D,NV,N/A,K000390,115
2134,Daniel,KILDEE,REPRESENTATIVE,D,MI,5,K000380,114
1724,Steve,KING,REPRESENTATIVE,R,IA,4,K000362,114
1826,Amy,KLOBUCHAR,SENATOR,D,MN,N/A,K000367,114
1834,Doug,LAMBORN,REPRESENTATIVE,R,CO,5,L000564,114
1668,James,LANGEVIN,REPRESENTATIVE,D,RI,2,L000559,114
1501,Barbara,LEE,REPRESENTATIVE,D,CA,13,L000551,114
2111,Alan,LOWENTHAL,REPRESENTATIVE,D,CA,47,L000579,114
2328,Roger,MARSHALL,REPRESENTATIVE,R,KS,N/A,M001198,115
1900,Jeff,MERKLEY,SENATOR,D,OR,N/A,M001176,114
1676,Shelley,MOORE,SENATOR,R,WV,N/A,C001047,114
1409,Patty,MURRAY,SENATOR,D,WA,N/A,M001111,114
2202,Donald,NORCROSS,REPRESENTATIVE,D,NJ,1,N000188,114
2361,Ralph,NORMAN,REPRESENTATIVE,R,SC,N/A,N000190,115
868,Eleanor,NORTON,DELEGATE,D,DC,N/A,N000147,114
2035,Steven,PALAZZO,REPRESENTATIVE,R,MS,4,P000601,114
887,Frank,PALLONE,REPRESENTATIVE,D,NJ,6,P000034,114
1930,Erik,PAULSEN,REPRESENTATIVE,R,MN,3,P000594,114
2097,Donald,PAYNE,REPRESENTATIVE,D,NJ,10,P000604,114
2113,Scott,PETERS,REPRESENTATIVE,D,CA,52,P000608,114
2158,Keith,ROTHFUS,REPRESENTATIVE,R,PA,12,R000598,114
2288,Mike,ROUNDS,SENATOR,R,SD,N/A,R000605,115
2109,Raul,RUIZ,REPRESENTATIVE,D,CA,36,R000599,114
1003,Bobby,RUSH,REPRESENTATIVE,D,IL,1,R000515,114
1010,Bernard,SANDERS,SENATOR,I,VT,N/A,S000033,114
91,Sanford,SANFORD,REPRESENTATIVE,D,GA,2,B000490,114
1854,John,SARBANES,REPRESENTATIVE,D,MD,3,S001168,114
1892,Steve,SCALISE,REPRESENTATIVE,R,LA,1,S001176,114
1588,Janice,SCHAKOWSKY,REPRESENTATIVE,D,IL,9,S001145,114
2173,Brian,SCHATZ,SENATOR,D,HI,N/A,S001194,114
2124,Bradley,SCHNEIDER,REPRESENTATIVE,D,IL,N/A,S001190,115
1036,Charles,SCHUMER,SENATOR,D,NY,N/A,S000148,114
1548,Jeff,SESSIONS,SENATOR,R,AL,N/A,S001141,114
1901,Jeanne,SHAHEEN,SENATOR,D,NH,N/A,S001181,114
1527,John,SHIMKUS,REPRESENTATIVE,R,IL,15,S000364,114
1818,Albio,SIRES,REPRESENTATIVE,D,NJ,8,S001165,114
1069,Louise,SLAUGHTER,REPRESENTATIVE,D,NY,25,S000480,114
2344,Claudia,TENNEY,REPRESENTATIVE,R,NY,N/A,T000478,115
2291,Thom,TILLIS,SENATOR,R,NC,N/A,T000476,114
1942,Paul,TONKO,REPRESENTATIVE,D,NY,20,T000469,114
1177,Fred,UPTON,REPRESENTATIVE,R,MI,6,U000031,114
1855,Tim,WALBERG,REPRESENTATIVE,R,MI,7,W000798,114
1596,Greg,WALDEN,REPRESENTATIVE,R,OR,2,W000791,114
1247,Ron,WYDEN,SENATOR,D,OR,N/A,W000779,114
