speaker_id,first_name,last_name,type,party,state,district,bio_guide_id,congress_id
1695,Lamar,ALEXANDER,SENATOR,R,TN,N/A,A000360,114
2270,Brian,BABIN,REPRESENTATIVE,R,TX,36,B001291,114
2337,Don,BACON,REPRESENTATIVE,R,NE,N/A,B001298,115
62,Joe,BARTON,REPRESENTATIVE,R,TX,6,B000213,114
2307,Andy,BIGGS,REPRESENTATIVE,R,AZ,N/A,B001302,115
1838,Gus,BILIRAKIS,REPRESENTATIVE,R,FL,12,B001257,114
1464,Roy,BLUNT,SENATOR,R,MO,N/A,B000575,114
2233,Ken,BUCK,REPRESENTATIVE,R,CO,4,B001297,114
2018,Larry,BUCSHON,REPRESENTATIVE,R,IN,8,B001275,114
2127,Cheri,BUSTOS,REPRESENTATIVE,D,IL,17,B001286,114
2310,Salud,CARBAJAL,REPRESENTATIVE,D,CA,N/A,C001112,115
2107,Tony,CARDENAS,REPRESENTATIVE,D,CA,29,C001097,114
1925,Bill,CASSIDY,SENATOR,R,LA,N/A,C001075,114
2055,David,CICILLINE,REPRESENTATIVE,D,RI,1,C001084,114
1959,Gerald,CONNOLLY,REPRESENTATIVE,D,VA,11,C001078,114
229,John,CONYERS,REPRESENTATIVE,D,MI,13,C000714,114
1984,Christopher,COONS,SENATOR,D,DE,N/A,C001088,114
1825,Bob,CORKER,SENATOR,R,TN,N/A,C001071,114
1692,John,CORNYN,SENATOR,R,TX,N/A,C001056,114
2144,Kevin,CRAMER,REPRESENTATIVE,R,ND,0,C001096,114
256,Elijah,CUMMINGS,REPRESENTATIVE,D,MD,7,C000984,114
2320,Val,DEMINGS,REPRESENTATIVE,D,FL,N/A,D000627,115
303,Lloyd,DOGGETT,REPRESENTATIVE,D,TX,35,D000399,114
2315,Neal,DUNN,REPRESENTATIVE,R,FL,N/A,D000628,115
326,Richard,DURBIN,SENATOR,D,IL,N/A,D000563,114
1857,Keith,ELLISON,REPRESENTATIVE,D,MN,5,E000288,114
2253,Tom,EMMER,REPRESENTATIVE,R,MN,6,E000294,114
344,Eliot,ENGEL,REPRESENTATIVE,D,NY,16,E000179,114
99999999999999,First Name unavailable,ESPAILLAT,Type Unavailable,Party Info Unavailable,state info unavailable,District Unavailable,BioGuideID unavailable,CongressID unavailable
1797,Michael,FITZPATRICK,REPRESENTATIVE,R,PA,8,F000451,114
1791,Virginia,FOXX,REPRESENTATIVE,R,NC,5,F000450,114
1998,Cory,GARDNER,SENATOR,R,CO,N/A,G000562,115
446,Bob,GOODLATTE,REPRESENTATIVE,R,VA,6,G000289,114
457,Chuck,GRASSLEY,SENATOR,R,IA,N/A,G000386,114
511,Alcee,HASTINGS,REPRESENTATIVE,D,FL,20,H000324,114
1351,Orrin,HATCH,SENATOR,R,UT,N/A,H000338,114
2174,Heidi,HEITKAMP,SENATOR,D,ND,N/A,H001069,114
1863,Dean,HELLER,SENATOR,R,NV,N/A,H001041,114
2223,J.,HILL,REPRESENTATIVE,R,AR,2,H001072,114
566,Steny,HOYER,REPRESENTATIVE,D,MD,5,H000874,114
2269,Will,HURD,REPRESENTATIVE,R,TX,23,H001073,114
1886,Robert,J,REPRESENTATIVE,R,VA,N/A,W000804,115
2354,Pramila,JAYAPAL,REPRESENTATIVE,D,WA,N/A,J000298,115
2149,Hakeem,JEFFRIES,REPRESENTATIVE,D,NY,8,J000294,114
616,Marcy,KAPTUR,REPRESENTATIVE,D,OH,8,K000009,114
2264,John,KATKO,REPRESENTATIVE,R,NY,24,K000386,114
2134,Daniel,KILDEE,REPRESENTATIVE,D,MI,5,K000380,114
2014,Adam,KINZINGER,REPRESENTATIVE,R,IL,16,K000378,114
1826,Amy,KLOBUCHAR,SENATOR,D,MN,N/A,K000367,114
2228,Stephen,KNIGHT,REPRESENTATIVE,R,CA,25,K000387,114
1668,James,LANGEVIN,REPRESENTATIVE,D,RI,2,L000559,114
2252,Brenda,LAWRENCE,REPRESENTATIVE,D,MI,14,L000581,114
1501,Barbara,LEE,REPRESENTATIVE,D,CA,13,L000551,114
709,Nita,LOWEY,REPRESENTATIVE,D,NY,17,L000480,114
735,Edward,MARKEY,SENATOR,D,MA,N/A,M000133,114
2248,John,MOOLENAAR,REPRESENTATIVE,R,MI,4,M001194,114
1694,Lisa,MURKOWSKI,SENATOR,R,AK,N/A,M001153,114
1955,Pete,OLSON,REPRESENTATIVE,R,TX,22,O000168,114
1510,Bill,PASCRELL,REPRESENTATIVE,D,NJ,9,P000096,114
910,Collin,PETERSON,REPRESENTATIVE,D,MN,7,P000258,114
2247,Bruce,POLIQUIN,REPRESENTATIVE,R,ME,2,P000611,114
2339,Jacky,ROSEN,REPRESENTATIVE,D,NV,N/A,R000608,115
2158,Keith,ROTHFUS,REPRESENTATIVE,R,PA,12,R000598,114
998,Edward,ROYCE,REPRESENTATIVE,R,CA,39,R000487,114
2084,Marco,RUBIO,SENATOR,R,FL,N/A,R000595,114
2265,Steve,RUSSELL,REPRESENTATIVE,R,OK,5,R000604,114
1635,Adam,SCHIFF,REPRESENTATIVE,D,CA,28,S001150,114
1036,Charles,SCHUMER,SENATOR,D,NY,N/A,S000148,114
2319,Darren,SOTO,REPRESENTATIVE,D,FL,N/A,S001200,115
2341,Thomas,SUOZZI,REPRESENTATIVE,D,NY,N/A,S001201,115
1664,Patrick,TIBERI,REPRESENTATIVE,R,OH,12,T000462,114
1942,Paul,TONKO,REPRESENTATIVE,D,NY,20,T000469,114
2231,Norma,TORRES,REPRESENTATIVE,D,CA,35,T000474,114
1567,Tom,UDALL,SENATOR,D,NM,N/A,U000039,114
1184,Nydia,VELA,REPRESENTATIVE,D,NY,7,V000081,114
1855,Tim,WALBERG,REPRESENTATIVE,R,MI,7,W000798,114
2255,Mark,WALKER,REPRESENTATIVE,R,NC,6,W000819,114
1823,Sheldon,WHITEHOUSE,SENATOR,D,RI,N/A,W000802,114
2165,Roger,WILLIAMS,REPRESENTATIVE,R,TX,25,W000816,114
1886,Robert,WITTMAN,REPRESENTATIVE,R,VA,1,W000804,114
2115,Ted,YOHO,REPRESENTATIVE,R,FL,3,Y000065,114
2261,Lee,ZELDIN,REPRESENTATIVE,R,NY,1,Z000017,114
