speaker_id,first_name,last_name,type,party,state,district,bio_guide_id,congress_id
2350,Jodey,ARRINGTON,REPRESENTATIVE,R,TX,N/A,A000375,115
2054,Lou,BARLETTA,REPRESENTATIVE,R,PA,11,B001269,114
2311,Nanette,BARRAGAN,REPRESENTATIVE,D,CA,N/A,B001300,115
1965,Michael,BENNET,SENATOR,D,CO,N/A,B001267,114
165,Ken,CALVERT,REPRESENTATIVE,R,CA,42,C000059,114
1912,Mike,COFFMAN,REPRESENTATIVE,R,CO,6,C001077,114
1604,Joseph,CROWLEY,REPRESENTATIVE,D,NY,14,C001038,114
1670,John,CULBERSON,REPRESENTATIVE,R,TX,7,C001048,114
303,Lloyd,DOGGETT,REPRESENTATIVE,D,TX,35,D000399,114
2067,Blake,FARENTHOLD,REPRESENTATIVE,R,TX,27,F000460,114
2343,John,FASO,REPRESENTATIVE,R,NY,N/A,F000464,115
1797,Michael,FITZPATRICK,REPRESENTATIVE,R,PA,8,F000451,114
414,Rodney,FRELINGHUYSEN,REPRESENTATIVE,R,NJ,11,F000372,114
1998,Cory,GARDNER,SENATOR,R,CO,N/A,G000562,115
1801,Louie,GOHMERT,REPRESENTATIVE,R,TX,1,G000552,114
2234,Gwen,GRAHAM,REPRESENTATIVE,D,FL,2,G000575,114
457,Chuck,GRASSLEY,SENATOR,R,IA,N/A,G000386,114
2360,Karen,HANDEL,REPRESENTATIVE,R,GA,N/A,H001078,115
1933,Gregg,HARPER,REPRESENTATIVE,R,MS,3,H001045,114
511,Alcee,HASTINGS,REPRESENTATIVE,D,FL,20,H000324,114
2223,J.,HILL,REPRESENTATIVE,R,AR,2,H001072,114
566,Steny,HOYER,REPRESENTATIVE,D,MD,5,H000874,114
616,Marcy,KAPTUR,REPRESENTATIVE,D,OH,8,K000009,114
2134,Daniel,KILDEE,REPRESENTATIVE,D,MI,5,K000380,114
1383,Patrick,LEAHY,SENATOR,D,VT,N/A,L000174,114
1501,Barbara,LEE,REPRESENTATIVE,D,CA,13,L000551,114
709,Nita,LOWEY,REPRESENTATIVE,D,NY,17,L000480,114
2094,Thomas,MASSIE,REPRESENTATIVE,R,KY,4,M001184,114
2052,Patrick,MEEHAN,REPRESENTATIVE,R,PA,7,M001181,114
2130,Luke,MESSER,REPRESENTATIVE,R,IN,6,M001189,114
1602,Grace,NAPOLITANO,REPRESENTATIVE,D,CA,32,N000179,114
868,Eleanor,NORTON,DELEGATE,D,DC,N/A,N000147,114
2097,Donald,PAYNE,REPRESENTATIVE,D,NJ,10,P000604,114
905,Nancy,PELOSI,REPRESENTATIVE,D,CA,12,P000197,114
2113,Scott,PETERS,REPRESENTATIVE,D,CA,52,P000608,114
,,PLASKETT,DELEGATE,I,VI,N/A,99999999999999999,114
2288,Mike,ROUNDS,SENATOR,R,SD,N/A,R000605,115
2256,David,ROUZER,REPRESENTATIVE,R,NC,7,R000603,114
2084,Marco,RUBIO,SENATOR,R,FL,N/A,R000595,114
2109,Raul,RUIZ,REPRESENTATIVE,D,CA,36,R000599,114
2316,John,RUTHERFORD,REPRESENTATIVE,R,FL,N/A,R000609,115
1588,Janice,SCHAKOWSKY,REPRESENTATIVE,D,IL,9,S001145,114
1042,Jose,SERRANO,REPRESENTATIVE,D,NY,15,S000248,114
1548,Jeff,SESSIONS,SENATOR,R,AL,N/A,S001141,114
1681,Bill,SHUSTER,REPRESENTATIVE,R,PA,9,S001154,114
1590,Michael,SIMPSON,REPRESENTATIVE,R,ID,2,S001148,114
2341,Thomas,SUOZZI,REPRESENTATIVE,D,NY,N/A,S001201,115
2344,Claudia,TENNEY,REPRESENTATIVE,R,NY,N/A,T000478,115
1596,Greg,WALDEN,REPRESENTATIVE,R,OR,2,W000791,114
2224,Bruce,WESTERMAN,REPRESENTATIVE,R,AR,4,W000821,114
2008,Rob,WOODALL,REPRESENTATIVE,R,GA,7,W000810,114
