speaker_id,first_name,last_name,type,party,state,district,bio_guide_id,congress_id
2270,Brian,BABIN,REPRESENTATIVE,R,TX,36,B001291,114
2307,Andy,BIGGS,REPRESENTATIVE,R,AZ,N/A,B001302,115
2076,Richard,BLUMENTHAL,SENATOR,D,CT,N/A,B001277,114
2106,Julia,BROWN,REPRESENTATIVE,D,CA,26,B001285,114
2127,Cheri,BUSTOS,REPRESENTATIVE,D,IL,17,B001286,114
2310,Salud,CARBAJAL,REPRESENTATIVE,D,CA,N/A,C001112,115
,,CARDIN,SENATOR,D,MD,N/A,99999999999999999,114
1984,Christopher,COONS,SENATOR,D,DE,N/A,C001088,114
1692,John,CORNYN,SENATOR,R,TX,N/A,C001056,114
250,Mike,CRAPO,SENATOR,R,ID,N/A,C000880,114
2138,Steve,DAINES,SENATOR,R,MT,N/A,D000618,114
326,Richard,DURBIN,SENATOR,D,IL,N/A,D000563,114
1542,Michael,ENZI,SENATOR,R,WY,N/A,E000285,114
2067,Blake,FARENTHOLD,REPRESENTATIVE,R,TX,27,F000460,114
2179,Deb,FISCHER,SENATOR,R,NE,N/A,F000463,114
99999999999999,First Name unavailable,FISHCER,Type Unavailable,Party Info Unavailable,state info unavailable,District Unavailable,BioGuideID unavailable,CongressID unavailable
1797,Michael,FITZPATRICK,REPRESENTATIVE,R,PA,8,F000451,114
1633,Jeff,FLAKE,SENATOR,R,AZ,N/A,F000444,114
1793,Jeff,FORTENBERRY,REPRESENTATIVE,R,NE,1,F000449,114
2122,Tulsi,GABBARD,REPRESENTATIVE,D,HI,2,G000571,114
1801,Louie,GOHMERT,REPRESENTATIVE,R,TX,1,G000552,114
457,Chuck,GRASSLEY,SENATOR,R,IA,N/A,G000386,114
2327,Trey,HOLLINGSWORTH,REPRESENTATIVE,R,IN,N/A,H001074,115
566,Steny,HOYER,REPRESENTATIVE,D,MD,5,H000874,114
2140,Richard,HUDSON,REPRESENTATIVE,R,NC,8,H001067,114
2354,Pramila,JAYAPAL,REPRESENTATIVE,D,WA,N/A,J000298,115
616,Marcy,KAPTUR,REPRESENTATIVE,D,OH,8,K000009,114
2264,John,KATKO,REPRESENTATIVE,R,NY,24,K000386,114
1724,Steve,KING,REPRESENTATIVE,R,IA,4,K000362,114
1846,David,LOEBSACK,REPRESENTATIVE,D,IA,2,L000565,114
1983,Joe,MANCHIN,SENATOR,D,WV,N/A,M001183,114
2322,Brian,MAST,REPRESENTATIVE,R,FL,N/A,M001199,115
2052,Patrick,MEEHAN,REPRESENTATIVE,R,PA,7,M001181,114
2130,Luke,MESSER,REPRESENTATIVE,R,IN,6,M001189,114
2334,Paul,MITCHELL,REPRESENTATIVE,R,MI,N/A,M001201,115
1837,Christopher,MURPHY,SENATOR,D,CT,N/A,M001169,114
1409,Patty,MURRAY,SENATOR,D,WA,N/A,M001111,114
1930,Erik,PAULSEN,REPRESENTATIVE,R,MN,3,P000594,114
2097,Donald,PAYNE,REPRESENTATIVE,D,NJ,10,P000604,114
2332,Jamie,RASKIN,REPRESENTATIVE,D,MD,N/A,R000606,115
2256,David,ROUZER,REPRESENTATIVE,R,NC,7,R000603,114
2084,Marco,RUBIO,SENATOR,R,FL,N/A,R000595,114
2289,Ben,SASSE,SENATOR,R,NE,N/A,S001197,114
1036,Charles,SCHUMER,SENATOR,D,NY,N/A,S000148,114
1901,Jeanne,SHAHEEN,SENATOR,D,NH,N/A,S001181,114
2319,Darren,SOTO,REPRESENTATIVE,D,FL,N/A,S001200,115
1940,Dina,TITUS,REPRESENTATIVE,D,NV,1,T000468,114
2166,Marc,VEASEY,REPRESENTATIVE,D,TX,33,V000131,114
1855,Tim,WALBERG,REPRESENTATIVE,R,MI,7,W000798,114
1823,Sheldon,WHITEHOUSE,SENATOR,D,RI,N/A,W000802,114
1886,Robert,WITTMAN,REPRESENTATIVE,R,VA,1,W000804,114
