speaker_id,first_name,last_name,type,party,state,district,bio_guide_id,congress_id
2307,Andy,BIGGS,REPRESENTATIVE,R,AZ,N/A,B001302,115
1687,John,BOOZMAN,SENATOR,R,AR,N/A,B001236,114
2259,Bonnie,COLE,REPRESENTATIVE,D,NJ,12,W000822,114
2321,Charlie,CRIST,REPRESENTATIVE,D,FL,N/A,C001111,115
1976,Theodore,DEUTCH,REPRESENTATIVE,D,FL,21,D000610,114
2298,Dwight,EVANS,REPRESENTATIVE,D,PA,N/A,E000296,115
2067,Blake,FARENTHOLD,REPRESENTATIVE,R,TX,27,F000460,114
2343,John,FASO,REPRESENTATIVE,R,NY,N/A,F000464,115
1332,Dianne,FEINSTEIN,SENATOR,D,CA,N/A,F000062,114
2179,Deb,FISCHER,SENATOR,R,NE,N/A,F000463,114
1797,Michael,FITZPATRICK,REPRESENTATIVE,R,PA,8,F000451,114
1791,Virginia,FOXX,REPRESENTATIVE,R,NC,5,F000450,114
1801,Louie,GOHMERT,REPRESENTATIVE,R,TX,1,G000552,114
1992,Paul,GOSAR,REPRESENTATIVE,R,AZ,4,G000565,114
457,Chuck,GRASSLEY,SENATOR,R,IA,N/A,G000386,114
2010,Colleen,HANABUSA,REPRESENTATIVE,D,HI,N/A,H001050,115
616,Marcy,KAPTUR,REPRESENTATIVE,D,OH,8,K000009,114
2340,Ruben,KIHUEN,REPRESENTATIVE,D,NV,N/A,K000390,115
2134,Daniel,KILDEE,REPRESENTATIVE,D,MI,5,K000380,114
2325,Raja,KRISHNAMOORTHI,REPRESENTATIVE,D,IL,N/A,K000391,115
2252,Brenda,LAWRENCE,REPRESENTATIVE,D,MI,14,L000581,114
1930,Erik,PAULSEN,REPRESENTATIVE,R,MN,3,P000594,114
2097,Donald,PAYNE,REPRESENTATIVE,D,NJ,10,P000604,114
1927,Chellie,PINGREE,REPRESENTATIVE,D,ME,1,P000597,114
2247,Bruce,POLIQUIN,REPRESENTATIVE,R,ME,2,P000611,114
2332,Jamie,RASKIN,REPRESENTATIVE,D,MD,N/A,R000606,115
1982,Tom,REED,REPRESENTATIVE,R,NY,23,R000585,114
2023,Cedric,RICHMOND,REPRESENTATIVE,D,LA,2,R000588,114
2319,Darren,SOTO,REPRESENTATIVE,D,FL,N/A,S001200,115
2344,Claudia,TENNEY,REPRESENTATIVE,R,NY,N/A,T000478,115
1942,Paul,TONKO,REPRESENTATIVE,D,NY,20,T000469,114
1594,Patrick,TOOMEY,SENATOR,R,PA,N/A,T000461,114
2166,Marc,VEASEY,REPRESENTATIVE,D,TX,33,V000131,114
2137,Ann,WAGNER,REPRESENTATIVE,R,MO,2,W000812,114
2165,Roger,WILLIAMS,REPRESENTATIVE,R,TX,25,W000816,114
2008,Rob,WOODALL,REPRESENTATIVE,R,GA,7,W000810,114
