speaker_id,first_name,last_name,type,party,state,district,bio_guide_id,congress_id
2201,Alma,ADAMS,REPRESENTATIVE,D,NC,12,A000370,114
2238,Barry,BARR,REPRESENTATIVE,R,GA,11,L000583,114
1881,John,BARRASSO,SENATOR,R,WY,N/A,B001261,114
2153,Joyce,BEATTY,REPRESENTATIVE,D,OH,3,B001281,114
1965,Michael,BENNET,SENATOR,D,CO,N/A,B001267,114
2076,Richard,BLUMENTHAL,SENATOR,D,CT,N/A,B001277,114
1464,Roy,BLUNT,SENATOR,R,MO,N/A,B000575,114
,,BUDD,REPRESENTATIVE,R,GA,1,99999999999999999,114
1676,Shelley,CAPITO,SENATOR,R,WV,N/A,C001047,115
,,CARDIN,SENATOR,D,MD,N/A,99999999999999999,114
179,Thomas,CARPER,SENATOR,D,DE,N/A,C000174,114
,,COHEN,REPRESENTATIVE,D,TN,9,99999999999999999,114
2297,James,COMER,REPRESENTATIVE,R,KY,N/A,C001108,115
1959,Gerald,CONNOLLY,REPRESENTATIVE,D,VA,11,C001078,114
1825,Bob,CORKER,SENATOR,R,TN,N/A,C001071,114
1692,John,CORNYN,SENATOR,R,TX,N/A,C001056,114
1774,Jim,COSTA,REPRESENTATIVE,D,CA,16,C001059,114
1604,Joseph,CROWLEY,REPRESENTATIVE,D,NY,14,C001038,114
256,Elijah,CUMMINGS,REPRESENTATIVE,D,MD,7,C000984,114
2251,Debbie,DINGELL,REPRESENTATIVE,D,MI,12,D000624,114
2315,Neal,DUNN,REPRESENTATIVE,R,FL,N/A,D000628,115
326,Richard,DURBIN,SENATOR,D,IL,N/A,D000563,114
1542,Michael,ENZI,SENATOR,R,WY,N/A,E000285,114
2343,John,FASO,REPRESENTATIVE,R,NY,N/A,F000464,115
2179,Deb,FISCHER,SENATOR,R,NE,N/A,F000463,114
1797,Michael,FITZPATRICK,REPRESENTATIVE,R,PA,8,F000451,114
,,FLORES,REPRESENTATIVE,R,TX,17,99999999999999999,114
2314,Matt,GAETZ,REPRESENTATIVE,R,FL,N/A,G000578,115
2359,Greg,GIANFORTE,REPRESENTATIVE,R,MT,N/A,G000584,115
2049,Bob,GIBBS,REPRESENTATIVE,R,OH,7,G000563,114
1866,Kirsten,GILLIBRAND,SENATOR,D,NY,N/A,G000555,114
457,Chuck,GRASSLEY,SENATOR,R,IA,N/A,G000386,114
511,Alcee,HASTINGS,REPRESENTATIVE,D,FL,20,H000324,114
1351,Orrin,HATCH,SENATOR,R,UT,N/A,H000338,114
1794,Brian,HIGGINS,REPRESENTATIVE,D,NY,26,H001038,114
2223,J.,HILL,REPRESENTATIVE,R,AR,2,H001072,114
566,Steny,HOYER,REPRESENTATIVE,D,MD,5,H000874,114
2015,Randy,HULTGREN,REPRESENTATIVE,R,IL,14,H001059,114
583,James,INHOFE,SENATOR,R,OK,N/A,I000024,114
2354,Pramila,JAYAPAL,REPRESENTATIVE,D,WA,N/A,J000298,115
2264,John,KATKO,REPRESENTATIVE,R,NY,24,K000386,114
2014,Adam,KINZINGER,REPRESENTATIVE,R,IL,16,K000378,114
1936,Leonard,LANCE,REPRESENTATIVE,R,NJ,7,L000567,114
1668,James,LANGEVIN,REPRESENTATIVE,D,RI,2,L000559,114
2252,Brenda,LAWRENCE,REPRESENTATIVE,D,MI,14,L000581,114
1501,Barbara,LEE,REPRESENTATIVE,D,CA,13,L000551,114
2111,Alan,LOWENTHAL,REPRESENTATIVE,D,CA,47,L000579,114
709,Nita,LOWEY,REPRESENTATIVE,D,NY,17,L000480,114
2328,Roger,MARSHALL,REPRESENTATIVE,R,KS,N/A,M001198,115
791,Robert,MENENDEZ,SENATOR,D,NJ,N/A,M000639,114
2334,Paul,MITCHELL,REPRESENTATIVE,R,MI,N/A,M001201,115
1676,Shelley,MOORE,SENATOR,R,WV,N/A,C001047,114
1409,Patty,MURRAY,SENATOR,D,WA,N/A,M001111,114
850,Jerrold,NADLER,REPRESENTATIVE,D,NY,10,N000002,114
1602,Grace,NAPOLITANO,REPRESENTATIVE,D,CA,32,N000179,114
859,Bill,NELSON,SENATOR,D,FL,N/A,N000032,114
868,Eleanor,NORTON,DELEGATE,D,DC,N/A,N000147,114
887,Frank,PALLONE,REPRESENTATIVE,D,NJ,6,P000034,114
2309,Jimmy,PANETTA,REPRESENTATIVE,D,CA,N/A,P000613,115
1930,Erik,PAULSEN,REPRESENTATIVE,R,MN,3,P000594,114
2286,David,PERDUE,SENATOR,R,GA,N/A,P000612,114
2113,Scott,PETERS,REPRESENTATIVE,D,CA,52,P000608,114
2247,Bruce,POLIQUIN,REPRESENTATIVE,R,ME,2,P000611,114
924,Rob,PORTMAN,SENATOR,R,OH,N/A,P000449,114
2332,Jamie,RASKIN,REPRESENTATIVE,D,MD,N/A,R000606,115
1982,Tom,REED,REPRESENTATIVE,R,NY,23,R000585,114
2158,Keith,ROTHFUS,REPRESENTATIVE,R,PA,12,R000598,114
2084,Marco,RUBIO,SENATOR,R,FL,N/A,R000595,114
1010,Bernard,SANDERS,SENATOR,I,VT,N/A,S000033,114
1588,Janice,SCHAKOWSKY,REPRESENTATIVE,D,IL,9,S001145,114
1036,Charles,SCHUMER,SENATOR,D,NY,N/A,S000148,114
1042,Jose,SERRANO,REPRESENTATIVE,D,NY,15,S000248,114
1901,Jeanne,SHAHEEN,SENATOR,D,NH,N/A,S001181,114
1527,John,SHIMKUS,REPRESENTATIVE,R,IL,15,S000364,114
1069,Louise,SLAUGHTER,REPRESENTATIVE,D,NY,25,S000480,114
2346,Lloyd,SMUCKER,REPRESENTATIVE,R,PA,N/A,S001199,115
1531,Debbie,STABENOW,SENATOR,D,MI,N/A,S000770,114
2351,Scott,TAYLOR,REPRESENTATIVE,R,VA,N/A,T000477,115
1829,Jon,TESTER,SENATOR,D,MT,N/A,T000464,114
1534,John,THUNE,SENATOR,R,SD,N/A,T000250,114
99999999999999,First Name unavailable,TILIS,Type Unavailable,Party Info Unavailable,state info unavailable,District Unavailable,BioGuideID unavailable,CongressID unavailable
2291,Thom,TILLIS,SENATOR,R,NC,N/A,T000476,114
1942,Paul,TONKO,REPRESENTATIVE,D,NY,20,T000469,114
2231,Norma,TORRES,REPRESENTATIVE,D,CA,35,T000474,114
2166,Marc,VEASEY,REPRESENTATIVE,D,TX,33,V000131,114
1855,Tim,WALBERG,REPRESENTATIVE,R,MI,7,W000798,114
1596,Greg,WALDEN,REPRESENTATIVE,R,OR,2,W000791,114
1897,Mark,WARNER,SENATOR,D,VA,N/A,W000805,114
2182,Elizabeth,WARREN,SENATOR,D,MA,N/A,W000817,114
2008,Rob,WOODALL,REPRESENTATIVE,R,GA,7,W000810,114
1247,Ron,WYDEN,SENATOR,D,OR,N/A,W000779,114
2021,Kevin,YODER,REPRESENTATIVE,R,KS,3,Y000063,114
2261,Lee,ZELDIN,REPRESENTATIVE,R,NY,1,Z000017,114
