speaker_id,first_name,last_name,type,party,state,district,bio_guide_id,congress_id
2270,Brian,BABIN,REPRESENTATIVE,R,TX,36,B001291,114
2153,Joyce,BEATTY,REPRESENTATIVE,D,OH,3,B001281,114
1676,Shelley,CAPITO,SENATOR,R,WV,N/A,C001047,115
,,CARDIN,SENATOR,D,MD,N/A,99999999999999999,114
186,Steve,CHABOT,REPRESENTATIVE,R,OH,1,C000266,114
,,COHEN,REPRESENTATIVE,D,TN,9,99999999999999999,114
2121,Doug,COLLINS,REPRESENTATIVE,R,GA,9,C001093,114
1805,K.,CONAWAY,REPRESENTATIVE,R,TX,11,C001062,114
1692,John,CORNYN,SENATOR,R,TX,N/A,C001056,114
1836,Joe,COURTNEY,REPRESENTATIVE,D,CT,2,C001069,114
250,Mike,CRAPO,SENATOR,R,ID,N/A,C000880,114
326,Richard,DURBIN,SENATOR,D,IL,N/A,D000563,114
2179,Deb,FISCHER,SENATOR,R,NE,N/A,F000463,114
1633,Jeff,FLAKE,SENATOR,R,AZ,N/A,F000444,114
1791,Virginia,FOXX,REPRESENTATIVE,R,NC,5,F000450,114
2314,Matt,GAETZ,REPRESENTATIVE,R,FL,N/A,G000578,115
1998,Cory,GARDNER,SENATOR,R,CO,N/A,G000562,115
2149,Hakeem,JEFFRIES,REPRESENTATIVE,D,NY,8,J000294,114
,,JOHNSON,REPRESENTATIVE,R,GA,4,99999999999999999,114
616,Marcy,KAPTUR,REPRESENTATIVE,D,OH,8,K000009,114
2325,Raja,KRISHNAMOORTHI,REPRESENTATIVE,D,IL,N/A,K000391,115
1501,Barbara,LEE,REPRESENTATIVE,D,CA,13,L000551,114
1507,Jerry,MORAN,SENATOR,R,KS,N/A,M000934,114
859,Bill,NELSON,SENATOR,D,FL,N/A,N000032,114
868,Eleanor,NORTON,DELEGATE,D,DC,N/A,N000147,114
1955,Pete,OLSON,REPRESENTATIVE,R,TX,22,O000168,114
2097,Donald,PAYNE,REPRESENTATIVE,D,NJ,10,P000604,114
924,Rob,PORTMAN,SENATOR,R,OH,N/A,P000449,114
1967,Mike,QUIGLEY,REPRESENTATIVE,D,IL,5,Q000023,114
1982,Tom,REED,REPRESENTATIVE,R,NY,23,R000585,114
2158,Keith,ROTHFUS,REPRESENTATIVE,R,PA,12,R000598,114
1036,Charles,SCHUMER,SENATOR,D,NY,N/A,S000148,114
1526,Brad,SHERMAN,REPRESENTATIVE,D,CA,30,S000344,114
1818,Albio,SIRES,REPRESENTATIVE,D,NJ,8,S001165,114
1829,Jon,TESTER,SENATOR,D,MT,N/A,T000464,114
1997,Scott,TIPTON,REPRESENTATIVE,R,CO,3,T000470,114
2137,Ann,WAGNER,REPRESENTATIVE,R,MO,2,W000812,114
1247,Ron,WYDEN,SENATOR,D,OR,N/A,W000779,114
1853,John,YARMUTH,REPRESENTATIVE,D,KY,3,Y000062,114
2021,Kevin,YODER,REPRESENTATIVE,R,KS,3,Y000063,114
