speaker_id,first_name,last_name,type,party,state,district,bio_guide_id,congress_id
2201,Alma,ADAMS,REPRESENTATIVE,D,NC,12,A000370,114
1460,Robert,ADERHOLT,REPRESENTATIVE,R,AL,4,A000055,114
1695,Lamar,ALEXANDER,SENATOR,R,TN,N/A,A000360,114
2337,Don,BACON,REPRESENTATIVE,R,NE,N/A,B001298,115
1881,John,BARRASSO,SENATOR,R,WY,N/A,B001261,114
99,Earl,BLUMENAUER,REPRESENTATIVE,D,OR,3,B000574,114
1751,Michael,BURGESS,REPRESENTATIVE,R,TX,26,B001248,114
165,Ken,CALVERT,REPRESENTATIVE,R,CA,42,C000059,114
172,Maria,CANTWELL,SENATOR,D,WA,N/A,C000127,114
,,CARDIN,SENATOR,D,MD,N/A,99999999999999999,114
179,Thomas,CARPER,SENATOR,D,DE,N/A,C000174,114
186,Steve,CHABOT,REPRESENTATIVE,R,OH,1,C000266,114
2356,Liz,CHENEY,REPRESENTATIVE,R,WY,N/A,C001109,115
2259,Bonnie,COLE,REPRESENTATIVE,D,NJ,12,W000822,114
2121,Doug,COLLINS,REPRESENTATIVE,R,GA,9,C001093,114
2297,James,COMER,REPRESENTATIVE,R,KY,N/A,C001108,115
1670,John,CULBERSON,REPRESENTATIVE,R,TX,7,C001048,114
2296,Warren,DAVIDSON,REPRESENTATIVE,R,OH,N/A,D000626,115
1799,Charles,DENT,REPRESENTATIVE,R,PA,N/A,D000604,115
326,Richard,DURBIN,SENATOR,D,IL,N/A,D000563,114
2253,Tom,EMMER,REPRESENTATIVE,R,MN,6,E000294,114
2298,Dwight,EVANS,REPRESENTATIVE,D,PA,N/A,E000296,115
2179,Deb,FISCHER,SENATOR,R,NE,N/A,F000463,114
1633,Jeff,FLAKE,SENATOR,R,AZ,N/A,F000444,114
1969,Al,FRANKEN,SENATOR,D,MN,N/A,F000457,114
414,Rodney,FRELINGHUYSEN,REPRESENTATIVE,R,NJ,11,F000372,114
2122,Tulsi,GABBARD,REPRESENTATIVE,D,HI,2,G000571,114
1998,Cory,GARDNER,SENATOR,R,CO,N/A,G000562,115
1737,Scott,GARRETT,REPRESENTATIVE,R,NJ,5,G000548,114
1801,Louie,GOHMERT,REPRESENTATIVE,R,TX,1,G000552,114
1487,Kay,GRANGER,REPRESENTATIVE,R,TX,12,G000377,114
1749,Jeb,HENSARLING,REPRESENTATIVE,R,TX,5,H001036,114
566,Steny,HOYER,REPRESENTATIVE,D,MD,5,H000874,114
2101,Jared,HUFFMAN,REPRESENTATIVE,D,CA,2,H001068,114
2028,Bill,HUIZENGA,REPRESENTATIVE,R,MI,2,H001058,114
2354,Pramila,JAYAPAL,REPRESENTATIVE,D,WA,N/A,J000298,115
616,Marcy,KAPTUR,REPRESENTATIVE,D,OH,8,K000009,114
2134,Daniel,KILDEE,REPRESENTATIVE,D,MI,5,K000380,114
2050,James,LANKFORD,SENATOR,R,OK,N/A,L000575,114
1501,Barbara,LEE,REPRESENTATIVE,D,CA,13,L000551,114
709,Nita,LOWEY,REPRESENTATIVE,D,NY,17,L000480,114
1983,Joe,MANCHIN,SENATOR,D,WV,N/A,M001183,114
791,Robert,MENENDEZ,SENATOR,D,NJ,N/A,M000639,114
1507,Jerry,MORAN,SENATOR,R,KS,N/A,M000934,114
1694,Lisa,MURKOWSKI,SENATOR,R,AK,N/A,M001153,114
1930,Erik,PAULSEN,REPRESENTATIVE,R,MN,3,P000594,114
2097,Donald,PAYNE,REPRESENTATIVE,D,NJ,10,P000604,114
2286,David,PERDUE,SENATOR,R,GA,N/A,P000612,114
2332,Jamie,RASKIN,REPRESENTATIVE,D,MD,N/A,R000606,115
968,Pat,ROBERTS,SENATOR,R,KS,N/A,R000307,114
2339,Jacky,ROSEN,REPRESENTATIVE,D,NV,N/A,R000608,115
2289,Ben,SASSE,SENATOR,R,NE,N/A,S001197,114
1588,Janice,SCHAKOWSKY,REPRESENTATIVE,D,IL,9,S001145,114
1036,Charles,SCHUMER,SENATOR,D,NY,N/A,S000148,114
1526,Brad,SHERMAN,REPRESENTATIVE,D,CA,30,S000344,114
1590,Michael,SIMPSON,REPRESENTATIVE,R,ID,2,S001148,114
1069,Louise,SLAUGHTER,REPRESENTATIVE,D,NY,25,S000480,114
2346,Lloyd,SMUCKER,REPRESENTATIVE,R,PA,N/A,S001199,115
2357,Luther,STRANGE,SENATOR,R,AL,N/A,S001202,115
2290,Dan,SULLIVAN,SENATOR,R,AK,N/A,S001198,114
2344,Claudia,TENNEY,REPRESENTATIVE,R,NY,N/A,T000478,115
1596,Greg,WALDEN,REPRESENTATIVE,R,OR,2,W000791,114
2224,Bruce,WESTERMAN,REPRESENTATIVE,R,AR,4,W000821,114
2008,Rob,WOODALL,REPRESENTATIVE,R,GA,7,W000810,114
2021,Kevin,YODER,REPRESENTATIVE,R,KS,3,Y000063,114
