speaker_id,first_name,last_name,type,party,state,district,bio_guide_id,congress_id
2244,Ralph,ABRAHAM,REPRESENTATIVE,R,LA,5,A000374,114
2350,Jodey,ARRINGTON,REPRESENTATIVE,R,TX,N/A,A000375,115
1881,John,BARRASSO,SENATOR,R,WY,N/A,B001261,114
2333,Jack,BERGMAN,REPRESENTATIVE,R,MI,N/A,B001301,115
2272,Donald,BEYER,REPRESENTATIVE,D,VA,8,B001292,114
2307,Andy,BIGGS,REPRESENTATIVE,R,AZ,N/A,B001302,115
2076,Richard,BLUM,SENATOR,D,CT,N/A,B001277,114
2076,Richard,BLUMENTHAL,SENATOR,D,CT,N/A,B001277,114
1464,Roy,BLUNT,SENATOR,R,MO,N/A,B000575,114
2092,Suzanne,BONAMICI,REPRESENTATIVE,D,OR,1,B001278,114
2106,Julia,BROWN,REPRESENTATIVE,D,CA,26,B001285,114
,,BUDD,REPRESENTATIVE,R,GA,1,99999999999999999,114
165,Ken,CALVERT,REPRESENTATIVE,R,CA,42,C000059,114
1676,Shelley,CAPITO,SENATOR,R,WV,N/A,C001047,115
2310,Salud,CARBAJAL,REPRESENTATIVE,D,CA,N/A,C001112,115
2107,Tony,CARDENAS,REPRESENTATIVE,D,CA,29,C001097,114
1828,Robert,CASEY,SENATOR,D,PA,N/A,C001070,114
2356,Liz,CHENEY,REPRESENTATIVE,R,WY,N/A,C001109,115
2055,David,CICILLINE,REPRESENTATIVE,D,RI,1,C001084,114
1912,Mike,COFFMAN,REPRESENTATIVE,R,CO,6,C001077,114
,,COHEN,REPRESENTATIVE,D,TN,9,99999999999999999,114
2103,Paul,COOK,REPRESENTATIVE,R,CA,8,C001094,114
1692,John,CORNYN,SENATOR,R,TX,N/A,C001056,114
1774,Jim,COSTA,REPRESENTATIVE,D,CA,16,C001059,114
2296,Warren,DAVIDSON,REPRESENTATIVE,R,OH,N/A,D000626,115
1995,Jeff,DENHAM,REPRESENTATIVE,R,CA,10,D000612,114
1976,Theodore,DEUTCH,REPRESENTATIVE,D,FL,21,D000610,114
2293,Daniel,DONOVAN,REPRESENTATIVE,R,NY,11,D000625,114
2123,Tammy,DUCKWORTH,REPRESENTATIVE,D,IL,8,D000622,114
2315,Neal,DUNN,REPRESENTATIVE,R,FL,N/A,D000628,115
326,Richard,DURBIN,SENATOR,D,IL,N/A,D000563,114
2253,Tom,EMMER,REPRESENTATIVE,R,MN,6,E000294,114
344,Eliot,ENGEL,REPRESENTATIVE,D,NY,16,E000179,114
2298,Dwight,EVANS,REPRESENTATIVE,D,PA,N/A,E000296,115
2343,John,FASO,REPRESENTATIVE,R,NY,N/A,F000464,115
1797,Michael,FITZPATRICK,REPRESENTATIVE,R,PA,8,F000451,114
1888,Bill,FOSTER,REPRESENTATIVE,D,IL,11,F000454,114
1791,Virginia,FOXX,REPRESENTATIVE,R,NC,5,F000450,114
2122,Tulsi,GABBARD,REPRESENTATIVE,D,HI,2,G000571,114
2314,Matt,GAETZ,REPRESENTATIVE,R,FL,N/A,G000578,115
1998,Cory,GARDNER,SENATOR,R,CO,N/A,G000562,115
1737,Scott,GARRETT,REPRESENTATIVE,R,NJ,5,G000548,114
2359,Greg,GIANFORTE,REPRESENTATIVE,R,MT,N/A,G000584,115
1801,Louie,GOHMERT,REPRESENTATIVE,R,TX,1,G000552,114
1992,Paul,GOSAR,REPRESENTATIVE,R,AZ,4,G000565,114
457,Chuck,GRASSLEY,SENATOR,R,IA,N/A,G000386,114
1708,Raul,GRIJALVA,REPRESENTATIVE,D,AZ,3,G000551,114
2302,Margaret,HASSAN,SENATOR,D,NH,N/A,H001076,115
511,Alcee,HASTINGS,REPRESENTATIVE,D,FL,20,H000324,114
2101,Jared,HUFFMAN,REPRESENTATIVE,D,CA,2,H001068,114
2028,Bill,HUIZENGA,REPRESENTATIVE,R,MI,2,H001058,114
583,James,INHOFE,SENATOR,R,OK,N/A,I000024,114
2354,Pramila,JAYAPAL,REPRESENTATIVE,D,WA,N/A,J000298,115
2176,Tim,KAINE,SENATOR,D,VA,N/A,K000384,114
616,Marcy,KAPTUR,REPRESENTATIVE,D,OH,8,K000009,114
2025,William,KEATING,REPRESENTATIVE,D,MA,9,K000375,114
2308,Ro,KHANNA,REPRESENTATIVE,D,CA,N/A,K000389,115
2340,Ruben,KIHUEN,REPRESENTATIVE,D,NV,N/A,K000390,115
2134,Daniel,KILDEE,REPRESENTATIVE,D,MI,5,K000380,114
2011,Raul,LABRADOR,REPRESENTATIVE,R,ID,1,L000573,114
2050,James,LANKFORD,SENATOR,R,OK,N/A,L000575,114
1781,Daniel,LIPINSKI,REPRESENTATIVE,D,IL,3,L000563,114
1900,Jeff,MERKLEY,SENATOR,D,OR,N/A,M001176,114
2334,Paul,MITCHELL,REPRESENTATIVE,R,MI,N/A,M001201,115
1676,Shelley,MOORE,SENATOR,R,WV,N/A,C001047,114
1409,Patty,MURRAY,SENATOR,D,WA,N/A,M001111,114
2275,Dan,NEWHOUSE,REPRESENTATIVE,R,WA,4,N000189,114
1955,Pete,OLSON,REPRESENTATIVE,R,TX,22,O000168,114
2309,Jimmy,PANETTA,REPRESENTATIVE,D,CA,N/A,P000613,115
1930,Erik,PAULSEN,REPRESENTATIVE,R,MN,3,P000594,114
1738,Stevan,PEARCE,REPRESENTATIVE,R,NM,2,P000588,114
2157,Scott,PERRY,REPRESENTATIVE,R,PA,4,P000605,114
2113,Scott,PETERS,REPRESENTATIVE,D,CA,52,P000608,114
910,Collin,PETERSON,REPRESENTATIVE,D,MN,7,P000258,114
2247,Bruce,POLIQUIN,REPRESENTATIVE,R,ME,2,P000611,114
2332,Jamie,RASKIN,REPRESENTATIVE,D,MD,N/A,R000606,115
1848,Peter,ROSKAM,REPRESENTATIVE,R,IL,6,R000580,114
2316,John,RUTHERFORD,REPRESENTATIVE,R,FL,N/A,R000609,115
1010,Bernard,SANDERS,SENATOR,I,VT,N/A,S000033,114
1892,Steve,SCALISE,REPRESENTATIVE,R,LA,1,S001176,114
1950,Kurt,SCHRADER,REPRESENTATIVE,D,OR,5,S001180,114
1036,Charles,SCHUMER,SENATOR,D,NY,N/A,S000148,114
1994,David,SCHWEIKERT,REPRESENTATIVE,R,AZ,6,S001183,114
1526,Brad,SHERMAN,REPRESENTATIVE,D,CA,30,S000344,114
2346,Lloyd,SMUCKER,REPRESENTATIVE,R,PA,N/A,S001199,115
2047,Steve,STIVERS,REPRESENTATIVE,R,OH,15,S001187,114
2341,Thomas,SUOZZI,REPRESENTATIVE,D,NY,N/A,S001201,115
1997,Scott,TIPTON,REPRESENTATIVE,R,CO,3,T000470,114
2231,Norma,TORRES,REPRESENTATIVE,D,CA,35,T000474,114
1188,Peter,VISCLOSKY,REPRESENTATIVE,D,IN,1,V000108,114
2137,Ann,WAGNER,REPRESENTATIVE,R,MO,2,W000812,114
1596,Greg,WALDEN,REPRESENTATIVE,R,OR,2,W000791,114
2182,Elizabeth,WARREN,SENATOR,D,MA,N/A,W000817,114
2224,Bruce,WESTERMAN,REPRESENTATIVE,R,AR,4,W000821,114
1823,Sheldon,WHITEHOUSE,SENATOR,D,RI,N/A,W000802,114
2115,Ted,YOHO,REPRESENTATIVE,R,FL,3,Y000065,114
