speaker_id,first_name,last_name,type,party,state,district,bio_guide_id,congress_id
2311,Nanette,BARRAGAN,REPRESENTATIVE,D,CA,N/A,B001300,115
1881,John,BARRASSO,SENATOR,R,WY,N/A,B001261,114
1748,Marsha,BLACKBURN,REPRESENTATIVE,R,TN,7,B001243,114
99,Earl,BLUMENAUER,REPRESENTATIVE,D,OR,3,B000574,114
2106,Julia,BROWN,REPRESENTATIVE,D,CA,26,B001285,114
172,Maria,CANTWELL,SENATOR,D,WA,N/A,C000127,114
179,Thomas,CARPER,SENATOR,D,DE,N/A,C000174,114
1692,John,CORNYN,SENATOR,R,TX,N/A,C001056,114
2098,Tom,COTTON,SENATOR,R,AR,N/A,C001095,114
2138,Steve,DAINES,SENATOR,R,MT,N/A,D000618,114
1850,Joe,DONNELLY,SENATOR,D,IN,N/A,D000607,114
2123,Tammy,DUCKWORTH,REPRESENTATIVE,D,IL,8,D000622,114
326,Richard,DURBIN,SENATOR,D,IL,N/A,D000563,114
1332,Dianne,FEINSTEIN,SENATOR,D,CA,N/A,F000062,114
1969,Al,FRANKEN,SENATOR,D,MN,N/A,F000457,114
1998,Cory,GARDNER,SENATOR,R,CO,N/A,G000562,115
2026,Andy,HARRIS,REPRESENTATIVE,R,MD,1,H001052,114
1351,Orrin,HATCH,SENATOR,R,UT,N/A,H000338,114
1937,Martin,HEINRICH,SENATOR,D,NM,N/A,H001046,114
1844,Mazie,HIRONO,SENATOR,D,HI,N/A,H001042,114
583,James,INHOFE,SENATOR,R,OK,N/A,I000024,114
2176,Tim,KAINE,SENATOR,D,VA,N/A,K000384,114
1724,Steve,KING,REPRESENTATIVE,R,IA,4,K000362,114
1383,Patrick,LEAHY,SENATOR,D,VT,N/A,L000174,114
791,Robert,MENENDEZ,SENATOR,D,NJ,N/A,M000639,114
1900,Jeff,MERKLEY,SENATOR,D,OR,N/A,M001176,114
1507,Jerry,MORAN,SENATOR,R,KS,N/A,M000934,114
1837,Christopher,MURPHY,SENATOR,D,CT,N/A,M001169,114
1409,Patty,MURRAY,SENATOR,D,WA,N/A,M001111,114
2113,Scott,PETERS,REPRESENTATIVE,D,CA,52,P000608,114
2173,Brian,SCHATZ,SENATOR,D,HI,N/A,S001194,114
1036,Charles,SCHUMER,SENATOR,D,NY,N/A,S000148,114
2290,Dan,SULLIVAN,SENATOR,R,AK,N/A,S001198,114
1829,Jon,TESTER,SENATOR,D,MT,N/A,T000464,114
2231,Norma,TORRES,REPRESENTATIVE,D,CA,35,T000474,114
1567,Tom,UDALL,SENATOR,D,NM,N/A,U000039,114
1596,Greg,WALDEN,REPRESENTATIVE,R,OR,2,W000791,114
1823,Sheldon,WHITEHOUSE,SENATOR,D,RI,N/A,W000802,114
1247,Ron,WYDEN,SENATOR,D,OR,N/A,W000779,114
