speaker_id,first_name,last_name,type,party,state,district,bio_guide_id,congress_id
1881,John,BARRASSO,SENATOR,R,WY,N/A,B001261,114
2307,Andy,BIGGS,REPRESENTATIVE,R,AZ,N/A,B001302,115
99999999999999,First Name unavailable,BLUMENTAL,Type Unavailable,Party Info Unavailable,state info unavailable,District Unavailable,BioGuideID unavailable,CongressID unavailable
1464,Roy,BLUNT,SENATOR,R,MO,N/A,B000575,114
2092,Suzanne,BONAMICI,REPRESENTATIVE,D,OR,1,B001278,114
2243,Mike,BOST,REPRESENTATIVE,R,IL,12,B001295,114
172,Maria,CANTWELL,SENATOR,D,WA,N/A,C000127,114
2310,Salud,CARBAJAL,REPRESENTATIVE,D,CA,N/A,C001112,115
,,CARDIN,SENATOR,D,MD,N/A,99999999999999999,114
1828,Robert,CASEY,SENATOR,D,PA,N/A,C001070,114
,,CLEAVER,REPRESENTATIVE,D,MO,5,99999999999999999,114
1692,John,CORNYN,SENATOR,R,TX,N/A,C001056,114
250,Mike,CRAPO,SENATOR,R,ID,N/A,C000880,114
2138,Steve,DAINES,SENATOR,R,MT,N/A,D000618,114
2296,Warren,DAVIDSON,REPRESENTATIVE,R,OH,N/A,D000626,115
303,Lloyd,DOGGETT,REPRESENTATIVE,D,TX,35,D000399,114
2315,Neal,DUNN,REPRESENTATIVE,R,FL,N/A,D000628,115
326,Richard,DURBIN,SENATOR,D,IL,N/A,D000563,114
2342,Adriano,ESPAILLAT,REPRESENTATIVE,D,NY,N/A,E000297,115
1888,Bill,FOSTER,REPRESENTATIVE,D,IL,11,F000454,114
1791,Virginia,FOXX,REPRESENTATIVE,R,NC,5,F000450,114
2355,Mike,GALLAGHER,REPRESENTATIVE,R,WI,N/A,G000579,115
1801,Louie,GOHMERT,REPRESENTATIVE,R,TX,1,G000552,114
457,Chuck,GRASSLEY,SENATOR,R,IA,N/A,G000386,114
1351,Orrin,HATCH,SENATOR,R,UT,N/A,H000338,114
2040,Joseph,HECK,REPRESENTATIVE,R,NV,3,H001055,114
583,James,INHOFE,SENATOR,R,OK,N/A,I000024,114
2176,Tim,KAINE,SENATOR,D,VA,N/A,K000384,114
2308,Ro,KHANNA,REPRESENTATIVE,D,CA,N/A,K000389,115
2169,Derek,KILMER,REPRESENTATIVE,D,WA,6,K000381,114
1724,Steve,KING,REPRESENTATIVE,R,IA,4,K000362,114
1826,Amy,KLOBUCHAR,SENATOR,D,MN,N/A,K000367,114
2325,Raja,KRISHNAMOORTHI,REPRESENTATIVE,D,IL,N/A,K000391,115
1834,Doug,LAMBORN,REPRESENTATIVE,R,CO,5,L000564,114
1383,Patrick,LEAHY,SENATOR,D,VT,N/A,L000174,114
735,Edward,MARKEY,SENATOR,D,MA,N/A,M000133,114
1676,Shelley,MOORE,SENATOR,R,WV,N/A,C001047,114
1409,Patty,MURRAY,SENATOR,D,WA,N/A,M001111,114
1602,Grace,NAPOLITANO,REPRESENTATIVE,D,CA,32,N000179,114
2275,Dan,NEWHOUSE,REPRESENTATIVE,R,WA,4,N000189,114
2309,Jimmy,PANETTA,REPRESENTATIVE,D,CA,N/A,P000613,115
2113,Scott,PETERS,REPRESENTATIVE,D,CA,52,P000608,114
1810,David,REICHERT,REPRESENTATIVE,R,WA,8,R000578,114
2158,Keith,ROTHFUS,REPRESENTATIVE,R,PA,12,R000598,114
2256,David,ROUZER,REPRESENTATIVE,R,NC,7,R000603,114
2265,Steve,RUSSELL,REPRESENTATIVE,R,OK,5,R000604,114
2173,Brian,SCHATZ,SENATOR,D,HI,N/A,S001194,114
1036,Charles,SCHUMER,SENATOR,D,NY,N/A,S000148,114
1901,Jeanne,SHAHEEN,SENATOR,D,NH,N/A,S001181,114
2346,Lloyd,SMUCKER,REPRESENTATIVE,R,PA,N/A,S001199,115
1531,Debbie,STABENOW,SENATOR,D,MI,N/A,S000770,114
1664,Patrick,TIBERI,REPRESENTATIVE,R,OH,12,T000462,114
1741,Michael,TURNER,REPRESENTATIVE,R,OH,10,T000463,114
1567,Tom,UDALL,SENATOR,D,NM,N/A,U000039,114
2182,Elizabeth,WARREN,SENATOR,D,MA,N/A,W000817,114
1247,Ron,WYDEN,SENATOR,D,OR,N/A,W000779,114
