speaker_id,first_name,last_name,type,party,state,district,bio_guide_id,congress_id
172,Maria,CANTWELL,SENATOR,D,WA,N/A,C000127,114
,,CARDIN,SENATOR,D,MD,N/A,99999999999999999,114
2121,Doug,COLLINS,REPRESENTATIVE,R,GA,9,C001093,114
1825,Bob,CORKER,SENATOR,R,TN,N/A,C001071,114
1692,John,CORNYN,SENATOR,R,TX,N/A,C001056,114
2098,Tom,COTTON,SENATOR,R,AR,N/A,C001095,114
2138,Steve,DAINES,SENATOR,R,MT,N/A,D000618,114
2123,Tammy,DUCKWORTH,REPRESENTATIVE,D,IL,8,D000622,114
326,Richard,DURBIN,SENATOR,D,IL,N/A,D000563,114
1351,Orrin,HATCH,SENATOR,R,UT,N/A,H000338,114
2174,Heidi,HEITKAMP,SENATOR,D,ND,N/A,H001069,114
1383,Patrick,LEAHY,SENATOR,D,VT,N/A,L000174,114
791,Robert,MENENDEZ,SENATOR,D,NJ,N/A,M000639,114
1409,Patty,MURRAY,SENATOR,D,WA,N/A,M001111,114
1982,Tom,REED,REPRESENTATIVE,R,NY,23,R000585,114
1036,Charles,SCHUMER,SENATOR,D,NY,N/A,S000148,114
1901,Jeanne,SHAHEEN,SENATOR,D,NH,N/A,S001181,114
2290,Dan,SULLIVAN,SENATOR,R,AK,N/A,S001198,114
