speaker_id,first_name,last_name,type,party,state,district,bio_guide_id,congress_id
2244,Ralph,ABRAHAM,REPRESENTATIVE,R,LA,5,A000374,114
1460,Robert,ADERHOLT,REPRESENTATIVE,R,AL,4,A000055,114
2350,Jodey,ARRINGTON,REPRESENTATIVE,R,TX,N/A,A000375,115
2270,Brian,BABIN,REPRESENTATIVE,R,TX,36,B001291,114
2272,Donald,BEYER,REPRESENTATIVE,D,VA,8,B001292,114
2076,Richard,BLUM,SENATOR,D,CT,N/A,B001277,114
99,Earl,BLUMENAUER,REPRESENTATIVE,D,OR,3,B000574,114
2197,Bradley,BYRNE,REPRESENTATIVE,R,AL,1,B001289,114
165,Ken,CALVERT,REPRESENTATIVE,R,CA,42,C000059,114
2310,Salud,CARBAJAL,REPRESENTATIVE,D,CA,N/A,C001112,115
2055,David,CICILLINE,REPRESENTATIVE,D,RI,1,C001084,114
2297,James,COMER,REPRESENTATIVE,R,KY,N/A,C001108,115
256,Elijah,CUMMINGS,REPRESENTATIVE,D,MD,7,C000984,114
1995,Jeff,DENHAM,REPRESENTATIVE,R,CA,10,D000612,114
2072,Sean,DUFFY,REPRESENTATIVE,R,WI,N/A,D000614,115
1797,Michael,FITZPATRICK,REPRESENTATIVE,R,PA,8,F000451,114
1791,Virginia,FOXX,REPRESENTATIVE,R,NC,5,F000450,114
414,Rodney,FRELINGHUYSEN,REPRESENTATIVE,R,NJ,11,F000372,114
2122,Tulsi,GABBARD,REPRESENTATIVE,D,HI,2,G000571,114
2314,Matt,GAETZ,REPRESENTATIVE,R,FL,N/A,G000578,115
2355,Mike,GALLAGHER,REPRESENTATIVE,R,WI,N/A,G000579,115
1801,Louie,GOHMERT,REPRESENTATIVE,R,TX,1,G000552,114
446,Bob,GOODLATTE,REPRESENTATIVE,R,VA,6,G000289,114
2338,Josh,GOTTHEIMER,REPRESENTATIVE,D,NJ,N/A,G000583,115
478,Luis,GUTIERREZ,REPRESENTATIVE,D,IL,4,G000535,114
2032,Vicky,HARTZLER,REPRESENTATIVE,R,MO,4,H001053,114
566,Steny,HOYER,REPRESENTATIVE,D,MD,5,H000874,114
616,Marcy,KAPTUR,REPRESENTATIVE,D,OH,8,K000009,114
2340,Ruben,KIHUEN,REPRESENTATIVE,D,NV,N/A,K000390,115
1498,Ron,KIND,REPRESENTATIVE,D,WI,3,K000188,114
2228,Stephen,KNIGHT,REPRESENTATIVE,R,CA,25,K000387,114
1936,Leonard,LANCE,REPRESENTATIVE,R,NJ,7,L000567,114
1668,James,LANGEVIN,REPRESENTATIVE,D,RI,2,L000559,114
1501,Barbara,LEE,REPRESENTATIVE,D,CA,13,L000551,114
709,Nita,LOWEY,REPRESENTATIVE,D,NY,17,L000480,114
2328,Roger,MARSHALL,REPRESENTATIVE,R,KS,N/A,M001198,115
2130,Luke,MESSER,REPRESENTATIVE,R,IN,6,M001189,114
2334,Paul,MITCHELL,REPRESENTATIVE,R,MI,N/A,M001201,115
1676,Shelley,MOORE,SENATOR,R,WV,N/A,C001047,114
2361,Ralph,NORMAN,REPRESENTATIVE,R,SC,N/A,N000190,115
2309,Jimmy,PANETTA,REPRESENTATIVE,D,CA,N/A,P000613,115
2097,Donald,PAYNE,REPRESENTATIVE,D,NJ,10,P000604,114
,,PLASKETT,DELEGATE,I,VI,N/A,99999999999999999,114
2268,John,RATCLIFFE,REPRESENTATIVE,R,TX,4,R000601,114
979,Dana,ROHRABACHER,REPRESENTATIVE,R,CA,48,R000409,114
2339,Jacky,ROSEN,REPRESENTATIVE,D,NV,N/A,R000608,115
2158,Keith,ROTHFUS,REPRESENTATIVE,R,PA,12,R000598,114
2109,Raul,RUIZ,REPRESENTATIVE,D,CA,36,R000599,114
91,Sanford,SANFORD,REPRESENTATIVE,D,GA,2,B000490,114
2124,Bradley,SCHNEIDER,REPRESENTATIVE,D,IL,N/A,S001190,115
1950,Kurt,SCHRADER,REPRESENTATIVE,D,OR,5,S001180,114
1042,Jose,SERRANO,REPRESENTATIVE,D,NY,15,S000248,114
1526,Brad,SHERMAN,REPRESENTATIVE,D,CA,30,S000344,114
2346,Lloyd,SMUCKER,REPRESENTATIVE,R,PA,N/A,S001199,115
2319,Darren,SOTO,REPRESENTATIVE,D,FL,N/A,S001200,115
2263,Elise,STEFANIK,REPRESENTATIVE,R,NY,21,S001196,114
2110,Mark,TAKANO,REPRESENTATIVE,D,CA,41,T000472,114
2351,Scott,TAYLOR,REPRESENTATIVE,R,VA,N/A,T000477,115
2344,Claudia,TENNEY,REPRESENTATIVE,R,NY,N/A,T000478,115
1155,Mac,THORNBERRY,REPRESENTATIVE,R,TX,13,T000238,114
1184,Nydia,VELAZQUEZ,REPRESENTATIVE,D,NY,7,V000081,114
2255,Mark,WALKER,REPRESENTATIVE,R,NC,6,W000819,114
2224,Bruce,WESTERMAN,REPRESENTATIVE,R,AR,4,W000821,114
2115,Ted,YOHO,REPRESENTATIVE,R,FL,3,Y000065,114
