speaker_id,first_name,last_name,type,party,state,district,bio_guide_id,congress_id
2201,Alma,ADAMS,REPRESENTATIVE,D,NC,12,A000370,114
1460,Robert,ADERHOLT,REPRESENTATIVE,R,AL,4,A000055,114
2229,Pete,AGUILAR,REPRESENTATIVE,D,CA,31,A000371,114
2337,Don,BACON,REPRESENTATIVE,R,NE,N/A,B001298,115
2311,Nanette,BARRAGAN,REPRESENTATIVE,D,CA,N/A,B001300,115
2153,Joyce,BEATTY,REPRESENTATIVE,D,OH,3,B001281,114
2307,Andy,BIGGS,REPRESENTATIVE,R,AZ,N/A,B001302,115
1838,Gus,BILIRAKIS,REPRESENTATIVE,R,FL,12,B001257,114
99,Earl,BLUMENAUER,REPRESENTATIVE,D,OR,3,B000574,114
2018,Larry,BUCSHON,REPRESENTATIVE,R,IN,8,B001275,114
,,BUDD,REPRESENTATIVE,R,GA,1,99999999999999999,114
2127,Cheri,BUSTOS,REPRESENTATIVE,D,IL,17,B001286,114
2310,Salud,CARBAJAL,REPRESENTATIVE,D,CA,N/A,C001112,115
2297,James,COMER,REPRESENTATIVE,R,KY,N/A,C001108,115
1805,K.,CONAWAY,REPRESENTATIVE,R,TX,11,C001062,114
1692,John,CORNYN,SENATOR,R,TX,N/A,C001056,114
2312,J.,CORREA,REPRESENTATIVE,D,CA,N/A,C001110,115
1836,Joe,COURTNEY,REPRESENTATIVE,D,CT,2,C001069,114
1989,Eric,CRAWFORD,REPRESENTATIVE,R,AR,1,C001087,114
2320,Val,DEMINGS,REPRESENTATIVE,D,FL,N/A,D000627,115
2251,Debbie,DINGELL,REPRESENTATIVE,D,MI,12,D000624,114
2072,Sean,DUFFY,REPRESENTATIVE,R,WI,N/A,D000614,115
2253,Tom,EMMER,REPRESENTATIVE,R,MN,6,E000294,114
1542,Michael,ENZI,SENATOR,R,WY,N/A,E000285,114
2067,Blake,FARENTHOLD,REPRESENTATIVE,R,TX,27,F000460,114
2324,A.,FERGUSON,REPRESENTATIVE,R,GA,N/A,F000465,115
1797,Michael,FITZPATRICK,REPRESENTATIVE,R,PA,8,F000451,114
1791,Virginia,FOXX,REPRESENTATIVE,R,NC,5,F000450,114
2226,Ruben,GALLEGO,REPRESENTATIVE,D,AZ,7,G000574,114
1801,Louie,GOHMERT,REPRESENTATIVE,R,TX,1,G000552,114
446,Bob,GOODLATTE,REPRESENTATIVE,R,VA,6,G000289,114
2032,Vicky,HARTZLER,REPRESENTATIVE,R,MO,4,H001053,114
1749,Jeb,HENSARLING,REPRESENTATIVE,R,TX,5,H001036,114
2223,J.,HILL,REPRESENTATIVE,R,AR,2,H001072,114
566,Steny,HOYER,REPRESENTATIVE,D,MD,5,H000874,114
2028,Bill,HUIZENGA,REPRESENTATIVE,R,MI,2,H001058,114
2015,Randy,HULTGREN,REPRESENTATIVE,R,IL,14,H001059,114
2354,Pramila,JAYAPAL,REPRESENTATIVE,D,WA,N/A,J000298,115
616,Marcy,KAPTUR,REPRESENTATIVE,D,OH,8,K000009,114
2172,Joseph,KENNEDY,REPRESENTATIVE,D,MA,4,K000379,114
2169,Derek,KILMER,REPRESENTATIVE,D,WA,6,K000381,114
2325,Raja,KRISHNAMOORTHI,REPRESENTATIVE,D,IL,N/A,K000391,115
1668,James,LANGEVIN,REPRESENTATIVE,D,RI,2,L000559,114
1501,Barbara,LEE,REPRESENTATIVE,D,CA,13,L000551,114
683,Sander,LEVIN,REPRESENTATIVE,D,MI,9,L000263,114
2238,Barry,LOUDERMILK,REPRESENTATIVE,R,GA,11,L000583,114
711,Frank,LUCAS,REPRESENTATIVE,R,OK,3,L000491,114
2322,Brian,MAST,REPRESENTATIVE,R,FL,N/A,M001199,115
2334,Paul,MITCHELL,REPRESENTATIVE,R,MI,N/A,M001201,115
2248,John,MOOLENAAR,REPRESENTATIVE,R,MI,4,M001194,114
1676,Shelley,MOORE,SENATOR,R,WV,N/A,C001047,114
850,Jerrold,NADLER,REPRESENTATIVE,D,NY,10,N000002,114
887,Frank,PALLONE,REPRESENTATIVE,D,NJ,6,P000034,114
1930,Erik,PAULSEN,REPRESENTATIVE,R,MN,3,P000594,114
2097,Donald,PAYNE,REPRESENTATIVE,D,NJ,10,P000604,114
910,Collin,PETERSON,REPRESENTATIVE,D,MN,7,P000258,114
,,PLASKETT,DELEGATE,I,VI,N/A,99999999999999999,114
2332,Jamie,RASKIN,REPRESENTATIVE,D,MD,N/A,R000606,115
2003,Dennis,ROSS,REPRESENTATIVE,R,FL,15,R000593,114
2124,Bradley,SCHNEIDER,REPRESENTATIVE,D,IL,N/A,S001190,115
1950,Kurt,SCHRADER,REPRESENTATIVE,D,OR,5,S001180,114
2110,Mark,TAKANO,REPRESENTATIVE,D,CA,41,T000472,114
1997,Scott,TIPTON,REPRESENTATIVE,R,CO,3,T000470,114
1942,Paul,TONKO,REPRESENTATIVE,D,NY,20,T000469,114
2250,David,TROTT,REPRESENTATIVE,R,MI,11,T000475,114
1184,Nydia,VELAZQUEZ,REPRESENTATIVE,D,NY,7,V000081,114
2137,Ann,WAGNER,REPRESENTATIVE,R,MO,2,W000812,114
1855,Tim,WALBERG,REPRESENTATIVE,R,MI,7,W000798,114
2008,Rob,WOODALL,REPRESENTATIVE,R,GA,7,W000810,114
2115,Ted,YOHO,REPRESENTATIVE,R,FL,3,Y000065,114
