speaker_id,first_name,last_name,type,party,state,district,bio_guide_id,congress_id
2239,Rick,ALLEN,REPRESENTATIVE,R,GA,12,A000372,114
2270,Brian,BABIN,REPRESENTATIVE,R,TX,36,B001291,114
2272,Donald,BEYER,REPRESENTATIVE,D,VA,8,B001292,114
2092,Suzanne,BONAMICI,REPRESENTATIVE,D,OR,1,B001278,114
,,BUDD,REPRESENTATIVE,R,GA,1,99999999999999999,114
2197,Bradley,BYRNE,REPRESENTATIVE,R,AL,1,B001289,114
2356,Liz,CHENEY,REPRESENTATIVE,R,WY,N/A,C001109,115
2259,Bonnie,COLE,REPRESENTATIVE,D,NJ,12,W000822,114
1836,Joe,COURTNEY,REPRESENTATIVE,D,CT,2,C001069,114
1604,Joseph,CROWLEY,REPRESENTATIVE,D,NY,14,C001038,114
1995,Jeff,DENHAM,REPRESENTATIVE,R,CA,10,D000612,114
2342,Adriano,ESPAILLAT,REPRESENTATIVE,D,NY,N/A,E000297,115
2324,A.,FERGUSON,REPRESENTATIVE,R,GA,N/A,F000465,115
1791,Virginia,FOXX,REPRESENTATIVE,R,NC,5,F000450,114
1973,John,GARAMENDI,REPRESENTATIVE,D,CA,3,G000559,114
1801,Louie,GOHMERT,REPRESENTATIVE,R,TX,1,G000552,114
1992,Paul,GOSAR,REPRESENTATIVE,R,AZ,4,G000565,114
1708,Raul,GRIJALVA,REPRESENTATIVE,D,AZ,3,G000551,114
1922,Brett,GUTHRIE,REPRESENTATIVE,R,KY,2,G000558,114
2223,J.,HILL,REPRESENTATIVE,R,AR,2,H001072,114
616,Marcy,KAPTUR,REPRESENTATIVE,D,OH,8,K000009,114
2308,Ro,KHANNA,REPRESENTATIVE,D,CA,N/A,K000389,115
1668,James,LANGEVIN,REPRESENTATIVE,D,RI,2,L000559,114
2334,Paul,MITCHELL,REPRESENTATIVE,R,MI,N/A,M001201,115
1955,Pete,OLSON,REPRESENTATIVE,R,TX,22,O000168,114
2309,Jimmy,PANETTA,REPRESENTATIVE,D,CA,N/A,P000613,115
2247,Bruce,POLIQUIN,REPRESENTATIVE,R,ME,2,P000611,114
1910,Jared,POLIS,REPRESENTATIVE,D,CO,2,P000598,114
2332,Jamie,RASKIN,REPRESENTATIVE,D,MD,N/A,R000606,115
979,Dana,ROHRABACHER,REPRESENTATIVE,R,CA,48,R000409,114
2017,Todd,ROKITA,REPRESENTATIVE,R,IN,4,R000592,114
2319,Darren,SOTO,REPRESENTATIVE,D,FL,N/A,S001200,115
1890,Jackie,SPEIER,REPRESENTATIVE,D,CA,14,S001175,114
2168,Chris,STEWART,REPRESENTATIVE,R,UT,2,S001192,114
1997,Scott,TIPTON,REPRESENTATIVE,R,CO,3,T000470,114
2231,Norma,TORRES,REPRESENTATIVE,D,CA,35,T000474,114
1884,Niki,TSONGAS,REPRESENTATIVE,D,MA,3,T000465,114
2224,Bruce,WESTERMAN,REPRESENTATIVE,R,AR,4,W000821,114
2115,Ted,YOHO,REPRESENTATIVE,R,FL,3,Y000065,114
