speaker_id,first_name,last_name,type,party,state,district,bio_guide_id,congress_id
2239,Rick,ALLEN,REPRESENTATIVE,R,GA,12,A000372,114
2350,Jodey,ARRINGTON,REPRESENTATIVE,R,TX,N/A,A000375,115
2270,Brian,BABIN,REPRESENTATIVE,R,TX,36,B001291,114
2337,Don,BACON,REPRESENTATIVE,R,NE,N/A,B001298,115
2272,Donald,BEYER,REPRESENTATIVE,D,VA,8,B001292,114
2076,Richard,BLUMENTHAL,SENATOR,D,CT,N/A,B001277,114
2243,Mike,BOST,REPRESENTATIVE,R,IL,12,B001295,114
,,CLEAVER,REPRESENTATIVE,D,MO,5,99999999999999999,114
,,COHEN,REPRESENTATIVE,D,TN,9,99999999999999999,114
2273,Barbara,COMSTOCK,REPRESENTATIVE,R,VA,10,C001105,114
229,John,CONYERS,REPRESENTATIVE,D,MI,13,C000714,114
1692,John,CORNYN,SENATOR,R,TX,N/A,C001056,114
2144,Kevin,CRAMER,REPRESENTATIVE,R,ND,0,C001096,114
2320,Val,DEMINGS,REPRESENTATIVE,D,FL,N/A,D000627,115
326,Richard,DURBIN,SENATOR,D,IL,N/A,D000563,114
2283,Joni,ERNST,SENATOR,R,IA,N/A,E000295,114
1797,Michael,FITZPATRICK,REPRESENTATIVE,R,PA,8,F000451,114
414,Rodney,FRELINGHUYSEN,REPRESENTATIVE,R,NJ,11,F000372,114
1866,Kirsten,GILLIBRAND,SENATOR,D,NY,N/A,G000555,114
1801,Louie,GOHMERT,REPRESENTATIVE,R,TX,1,G000552,114
446,Bob,GOODLATTE,REPRESENTATIVE,R,VA,6,G000289,114
1351,Orrin,HATCH,SENATOR,R,UT,N/A,H000338,114
2223,J.,HILL,REPRESENTATIVE,R,AR,2,H001072,114
2079,John,HOEVEN,SENATOR,R,ND,N/A,H001061,114
1608,Johnny,ISAKSON,SENATOR,R,GA,N/A,I000055,114
1826,Amy,KLOBUCHAR,SENATOR,D,MN,N/A,K000367,114
2325,Raja,KRISHNAMOORTHI,REPRESENTATIVE,D,IL,N/A,K000391,115
2011,Raul,LABRADOR,REPRESENTATIVE,R,ID,1,L000573,114
1936,Leonard,LANCE,REPRESENTATIVE,R,NJ,7,L000567,114
1668,James,LANGEVIN,REPRESENTATIVE,D,RI,2,L000559,114
701,Zoe,LOFGREN,REPRESENTATIVE,D,CA,19,L000397,114
2111,Alan,LOWENTHAL,REPRESENTATIVE,D,CA,47,L000579,114
2130,Luke,MESSER,REPRESENTATIVE,R,IN,6,M001189,114
850,Jerrold,NADLER,REPRESENTATIVE,D,NY,10,N000002,114
2309,Jimmy,PANETTA,REPRESENTATIVE,D,CA,N/A,P000613,115
1930,Erik,PAULSEN,REPRESENTATIVE,R,MN,3,P000594,114
2113,Scott,PETERS,REPRESENTATIVE,D,CA,52,P000608,114
2247,Bruce,POLIQUIN,REPRESENTATIVE,R,ME,2,P000611,114
1982,Tom,REED,REPRESENTATIVE,R,NY,23,R000585,114
1003,Bobby,RUSH,REPRESENTATIVE,D,IL,1,R000515,114
2124,Bradley,SCHNEIDER,REPRESENTATIVE,D,IL,N/A,S001190,115
1036,Charles,SCHUMER,SENATOR,D,NY,N/A,S000148,114
2319,Darren,SOTO,REPRESENTATIVE,D,FL,N/A,S001200,115
2263,Elise,STEFANIK,REPRESENTATIVE,R,NY,21,S001196,114
2290,Dan,SULLIVAN,SENATOR,R,AK,N/A,S001198,114
2341,Thomas,SUOZZI,REPRESENTATIVE,D,NY,N/A,S001201,115
2344,Claudia,TENNEY,REPRESENTATIVE,R,NY,N/A,T000478,115
1664,Patrick,TIBERI,REPRESENTATIVE,R,OH,12,T000462,114
2291,Thom,TILLIS,SENATOR,R,NC,N/A,T000476,114
1884,Niki,TSONGAS,REPRESENTATIVE,D,MA,3,T000465,114
2166,Marc,VEASEY,REPRESENTATIVE,D,TX,33,V000131,114
2255,Mark,WALKER,REPRESENTATIVE,R,NC,6,W000819,114
2182,Elizabeth,WARREN,SENATOR,D,MA,N/A,W000817,114
2115,Ted,YOHO,REPRESENTATIVE,R,FL,3,Y000065,114
