speaker_id,first_name,last_name,type,party,state,district,bio_guide_id,congress_id
2244,Ralph,ABRAHAM,REPRESENTATIVE,R,LA,5,A000374,114
2029,Justin,AMASH,REPRESENTATIVE,R,MI,3,A000367,114
2054,Lou,BARLETTA,REPRESENTATIVE,R,PA,11,B001269,114
2311,Nanette,BARRAGAN,REPRESENTATIVE,D,CA,N/A,B001300,115
2272,Donald,BEYER,REPRESENTATIVE,D,VA,8,B001292,114
1748,Marsha,BLACKBURN,REPRESENTATIVE,R,TN,7,B001243,114
2092,Suzanne,BONAMICI,REPRESENTATIVE,D,OR,1,B001278,114
1687,John,BOOZMAN,SENATOR,R,AR,N/A,B001236,114
2106,Julia,BROWN,REPRESENTATIVE,D,CA,26,B001285,114
2233,Ken,BUCK,REPRESENTATIVE,R,CO,4,B001297,114
1751,Michael,BURGESS,REPRESENTATIVE,R,TX,26,B001248,114
1925,Bill,CASSIDY,SENATOR,R,LA,N/A,C001075,114
,,COHEN,REPRESENTATIVE,D,TN,9,99999999999999999,114
2259,Bonnie,COLE,REPRESENTATIVE,D,NJ,12,W000822,114
2297,James,COMER,REPRESENTATIVE,R,KY,N/A,C001108,115
1692,John,CORNYN,SENATOR,R,TX,N/A,C001056,114
1836,Joe,COURTNEY,REPRESENTATIVE,D,CT,2,C001069,114
250,Mike,CRAPO,SENATOR,R,ID,N/A,C000880,114
2175,Ted,CRUZ,SENATOR,R,TX,N/A,C001098,114
1670,John,CULBERSON,REPRESENTATIVE,R,TX,7,C001048,114
2296,Warren,DAVIDSON,REPRESENTATIVE,R,OH,N/A,D000626,115
2320,Val,DEMINGS,REPRESENTATIVE,D,FL,N/A,D000627,115
1995,Jeff,DENHAM,REPRESENTATIVE,R,CA,10,D000612,114
326,Richard,DURBIN,SENATOR,D,IL,N/A,D000563,114
1857,Keith,ELLISON,REPRESENTATIVE,D,MN,5,E000288,114
2253,Tom,EMMER,REPRESENTATIVE,R,MN,6,E000294,114
2283,Joni,ERNST,SENATOR,R,IA,N/A,E000295,114
2343,John,FASO,REPRESENTATIVE,R,NY,N/A,F000464,115
1332,Dianne,FEINSTEIN,SENATOR,D,CA,N/A,F000062,114
1797,Michael,FITZPATRICK,REPRESENTATIVE,R,PA,8,F000451,114
1633,Jeff,FLAKE,SENATOR,R,AZ,N/A,F000444,114
,,FLORES,REPRESENTATIVE,R,TX,17,99999999999999999,114
1888,Bill,FOSTER,REPRESENTATIVE,D,IL,11,F000454,114
1791,Virginia,FOXX,REPRESENTATIVE,R,NC,5,F000450,114
2122,Tulsi,GABBARD,REPRESENTATIVE,D,HI,2,G000571,114
2314,Matt,GAETZ,REPRESENTATIVE,R,FL,N/A,G000578,115
2355,Mike,GALLAGHER,REPRESENTATIVE,R,WI,N/A,G000579,115
2049,Bob,GIBBS,REPRESENTATIVE,R,OH,7,G000563,114
446,Bob,GOODLATTE,REPRESENTATIVE,R,VA,6,G000289,114
457,Chuck,GRASSLEY,SENATOR,R,IA,N/A,G000386,114
2276,Glenn,GROTHMAN,REPRESENTATIVE,R,WI,6,G000576,114
2010,Colleen,HANABUSA,REPRESENTATIVE,D,HI,N/A,H001050,115
1933,Gregg,HARPER,REPRESENTATIVE,R,MS,3,H001045,114
2026,Andy,HARRIS,REPRESENTATIVE,R,MD,1,H001052,114
2032,Vicky,HARTZLER,REPRESENTATIVE,R,MO,4,H001053,114
2302,Margaret,HASSAN,SENATOR,D,NH,N/A,H001076,115
2223,J.,HILL,REPRESENTATIVE,R,AR,2,H001072,114
2269,Will,HURD,REPRESENTATIVE,R,TX,23,H001073,114
583,James,INHOFE,SENATOR,R,OK,N/A,I000024,114
2176,Tim,KAINE,SENATOR,D,VA,N/A,K000384,114
2172,Joseph,KENNEDY,REPRESENTATIVE,D,MA,4,K000379,114
2134,Daniel,KILDEE,REPRESENTATIVE,D,MI,5,K000380,114
1724,Steve,KING,REPRESENTATIVE,R,IA,4,K000362,114
1936,Leonard,LANCE,REPRESENTATIVE,R,NJ,7,L000567,114
,,LATTA,REPRESENTATIVE,R,OH,5,99999999999999999,114
1501,Barbara,LEE,REPRESENTATIVE,D,CA,13,L000551,114
709,Nita,LOWEY,REPRESENTATIVE,D,NY,17,L000480,114
2142,Mark,MEADOWS,REPRESENTATIVE,R,NC,11,M001187,114
791,Robert,MENENDEZ,SENATOR,D,NJ,N/A,M000639,114
2148,Grace,MENG,REPRESENTATIVE,D,NY,6,M001188,114
2334,Paul,MITCHELL,REPRESENTATIVE,R,MI,N/A,M001201,115
1676,Shelley,MOORE,SENATOR,R,WV,N/A,C001047,114
859,Bill,NELSON,SENATOR,D,FL,N/A,N000032,114
867,Richard,NOLAN,REPRESENTATIVE,D,MN,8,N000127,114
2361,Ralph,NORMAN,REPRESENTATIVE,R,SC,N/A,N000190,115
868,Eleanor,NORTON,DELEGATE,D,DC,N/A,N000147,114
887,Frank,PALLONE,REPRESENTATIVE,D,NJ,6,P000034,114
1510,Bill,PASCRELL,REPRESENTATIVE,D,NJ,9,P000096,114
1992,Paul,PAUL,REPRESENTATIVE,R,AZ,4,G000565,114
2157,Scott,PERRY,REPRESENTATIVE,R,PA,4,P000605,114
2171,Mark,POCAN,REPRESENTATIVE,D,WI,2,P000607,114
1910,Jared,POLIS,REPRESENTATIVE,D,CO,2,P000598,114
2332,Jamie,RASKIN,REPRESENTATIVE,D,MD,N/A,R000606,115
1982,Tom,REED,REPRESENTATIVE,R,NY,23,R000585,114
1810,David,REICHERT,REPRESENTATIVE,R,WA,8,R000578,114
979,Dana,ROHRABACHER,REPRESENTATIVE,R,CA,48,R000409,114
2339,Jacky,ROSEN,REPRESENTATIVE,D,NV,N/A,R000608,115
1848,Peter,ROSKAM,REPRESENTATIVE,R,IL,6,R000580,114
2084,Marco,RUBIO,SENATOR,R,FL,N/A,R000595,114
,,SABLAN,DELEGATE,I,MP,N/A,99999999999999999,114
1950,Kurt,SCHRADER,REPRESENTATIVE,D,OR,5,S001180,114
1036,Charles,SCHUMER,SENATOR,D,NY,N/A,S000148,114
1042,Jose,SERRANO,REPRESENTATIVE,D,NY,15,S000248,114
2344,Claudia,TENNEY,REPRESENTATIVE,R,NY,N/A,T000478,115
2231,Norma,TORRES,REPRESENTATIVE,D,CA,35,T000474,114
1855,Tim,WALBERG,REPRESENTATIVE,R,MI,7,W000798,114
1596,Greg,WALDEN,REPRESENTATIVE,R,OR,2,W000791,114
2182,Elizabeth,WARREN,SENATOR,D,MA,N/A,W000817,114
2224,Bruce,WESTERMAN,REPRESENTATIVE,R,AR,4,W000821,114
2261,Lee,ZELDIN,REPRESENTATIVE,R,NY,1,Z000017,114
