speaker_id,first_name,last_name,type,party,state,district,bio_guide_id,congress_id
2337,Don,BACON,REPRESENTATIVE,R,NE,N/A,B001298,115
1558,Tammy,BALDWIN,SENATOR,D,WI,N/A,B001230,114
62,Joe,BARTON,REPRESENTATIVE,R,TX,6,B000213,114
1996,Karen,BASS,REPRESENTATIVE,D,CA,37,B001270,114
2153,Joyce,BEATTY,REPRESENTATIVE,D,OH,3,B001281,114
1965,Michael,BENNET,SENATOR,D,CO,N/A,B001267,114
2102,Ami,BERA,REPRESENTATIVE,D,CA,7,B001287,114
2307,Andy,BIGGS,REPRESENTATIVE,R,AZ,N/A,B001302,115
1838,Gus,BILIRAKIS,REPRESENTATIVE,R,FL,12,B001257,114
99,Earl,BLUMENAUER,REPRESENTATIVE,D,OR,3,B000574,114
2076,Richard,BLUMENTHAL,SENATOR,D,CT,N/A,B001277,114
2194,Cory,BOOKER,SENATOR,D,NJ,N/A,B001288,114
1723,Madeleine,BORDALLO,REPRESENTATIVE,D,GU,N/A,B001245,115
2018,Larry,BUCSHON,REPRESENTATIVE,R,IN,8,B001275,114
1751,Michael,BURGESS,REPRESENTATIVE,R,TX,26,B001248,114
1761,G.,BUTTERFIELD,REPRESENTATIVE,D,NC,1,B001251,114
2197,Bradley,BYRNE,REPRESENTATIVE,R,AL,1,B001289,114
165,Ken,CALVERT,REPRESENTATIVE,R,CA,42,C000059,114
172,Maria,CANTWELL,SENATOR,D,WA,N/A,C000127,114
2310,Salud,CARBAJAL,REPRESENTATIVE,D,CA,N/A,C001112,115
2107,Tony,CARDENAS,REPRESENTATIVE,D,CA,29,C001097,114
,,CARDIN,SENATOR,D,MD,N/A,99999999999999999,114
179,Thomas,CARPER,SENATOR,D,DE,N/A,C000174,114
1925,Bill,CASSIDY,SENATOR,R,LA,N/A,C001075,114
186,Steve,CHABOT,REPRESENTATIVE,R,OH,1,C000266,114
2356,Liz,CHENEY,REPRESENTATIVE,R,WY,N/A,C001109,115
1654,Wm.,CLAY,REPRESENTATIVE,D,MO,1,C001049,114
208,James,CLYBURN,REPRESENTATIVE,D,SC,6,C000537,114
1912,Mike,COFFMAN,REPRESENTATIVE,R,CO,6,C001077,114
1825,Bob,CORKER,SENATOR,R,TN,N/A,C001071,114
1692,John,CORNYN,SENATOR,R,TX,N/A,C001056,114
1774,Jim,COSTA,REPRESENTATIVE,D,CA,16,C001059,114
1836,Joe,COURTNEY,REPRESENTATIVE,D,CT,2,C001069,114
250,Mike,CRAPO,SENATOR,R,ID,N/A,C000880,114
1604,Joseph,CROWLEY,REPRESENTATIVE,D,NY,14,C001038,114
1995,Jeff,DENHAM,REPRESENTATIVE,R,CA,10,D000612,114
2251,Debbie,DINGELL,REPRESENTATIVE,D,MI,12,D000624,114
2315,Neal,DUNN,REPRESENTATIVE,R,FL,N/A,D000628,115
326,Richard,DURBIN,SENATOR,D,IL,N/A,D000563,114
355,Anna,ESHOO,REPRESENTATIVE,D,CA,18,E000215,114
1797,Michael,FITZPATRICK,REPRESENTATIVE,R,PA,8,F000451,114
1791,Virginia,FOXX,REPRESENTATIVE,R,NC,5,F000450,114
2122,Tulsi,GABBARD,REPRESENTATIVE,D,HI,2,G000571,114
2226,Ruben,GALLEGO,REPRESENTATIVE,D,AZ,7,G000574,114
1973,John,GARAMENDI,REPRESENTATIVE,D,CA,3,G000559,114
446,Bob,GOODLATTE,REPRESENTATIVE,R,VA,6,G000289,114
1992,Paul,GOSAR,REPRESENTATIVE,R,AZ,4,G000565,114
457,Chuck,GRASSLEY,SENATOR,R,IA,N/A,G000386,114
478,Luis,GUTIERREZ,REPRESENTATIVE,D,IL,4,G000535,114
2032,Vicky,HARTZLER,REPRESENTATIVE,R,MO,4,H001053,114
511,Alcee,HASTINGS,REPRESENTATIVE,D,FL,20,H000324,114
2101,Jared,HUFFMAN,REPRESENTATIVE,D,CA,2,H001068,114
2028,Bill,HUIZENGA,REPRESENTATIVE,R,MI,2,H001058,114
2176,Tim,KAINE,SENATOR,D,VA,N/A,K000384,114
2172,Joseph,KENNEDY,REPRESENTATIVE,D,MA,4,K000379,114
2228,Stephen,KNIGHT,REPRESENTATIVE,R,CA,25,K000387,114
1936,Leonard,LANCE,REPRESENTATIVE,R,NJ,7,L000567,114
1668,James,LANGEVIN,REPRESENTATIVE,D,RI,2,L000559,114
1781,Daniel,LIPINSKI,REPRESENTATIVE,D,IL,3,L000563,114
1814,Doris,MATSUI,REPRESENTATIVE,D,CA,6,M001163,114
1900,Jeff,MERKLEY,SENATOR,D,OR,N/A,M001176,114
2156,Markwayne,MULLIN,REPRESENTATIVE,R,OK,2,M001190,114
1694,Lisa,MURKOWSKI,SENATOR,R,AK,N/A,M001153,114
1409,Patty,MURRAY,SENATOR,D,WA,N/A,M001111,114
1602,Grace,NAPOLITANO,REPRESENTATIVE,D,CA,32,N000179,114
859,Bill,NELSON,SENATOR,D,FL,N/A,N000032,114
1710,Devin,NUNES,REPRESENTATIVE,R,CA,22,N000181,114
887,Frank,PALLONE,REPRESENTATIVE,D,NJ,6,P000034,114
2097,Donald,PAYNE,REPRESENTATIVE,D,NJ,10,P000604,114
1738,Stevan,PEARCE,REPRESENTATIVE,R,NM,2,P000588,114
1910,Jared,POLIS,REPRESENTATIVE,D,CO,2,P000598,114
1896,James,RISCH,SENATOR,R,ID,N/A,R000584,114
968,Pat,ROBERTS,SENATOR,R,KS,N/A,R000307,114
979,Dana,ROHRABACHER,REPRESENTATIVE,R,CA,48,R000409,114
2339,Jacky,ROSEN,REPRESENTATIVE,D,NV,N/A,R000608,115
2084,Marco,RUBIO,SENATOR,R,FL,N/A,R000595,114
,,SABLAN,DELEGATE,I,MP,N/A,99999999999999999,114
1010,Bernard,SANDERS,SENATOR,I,VT,N/A,S000033,114
1588,Janice,SCHAKOWSKY,REPRESENTATIVE,D,IL,9,S001145,114
1635,Adam,SCHIFF,REPRESENTATIVE,D,CA,28,S001150,114
1950,Kurt,SCHRADER,REPRESENTATIVE,D,OR,5,S001180,114
1036,Charles,SCHUMER,SENATOR,D,NY,N/A,S000148,114
1548,Jeff,SESSIONS,SENATOR,R,AL,N/A,S001141,114
1890,Jackie,SPEIER,REPRESENTATIVE,D,CA,14,S001175,114
1531,Debbie,STABENOW,SENATOR,D,MI,N/A,S000770,114
2263,Elise,STEFANIK,REPRESENTATIVE,R,NY,21,S001196,114
1155,Mac,THORNBERRY,REPRESENTATIVE,R,TX,13,T000238,114
1534,John,THUNE,SENATOR,R,SD,N/A,T000250,114
1997,Scott,TIPTON,REPRESENTATIVE,R,CO,3,T000470,114
2231,Norma,TORRES,REPRESENTATIVE,D,CA,35,T000474,114
1884,Niki,TSONGAS,REPRESENTATIVE,D,MA,3,T000465,114
1741,Michael,TURNER,REPRESENTATIVE,R,OH,10,T000463,114
1177,Fred,UPTON,REPRESENTATIVE,R,MI,6,U000031,114
2105,David,VALADAO,REPRESENTATIVE,R,CA,21,V000129,114
2137,Ann,WAGNER,REPRESENTATIVE,R,MO,2,W000812,114
1855,Tim,WALBERG,REPRESENTATIVE,R,MI,7,W000798,114
1596,Greg,WALDEN,REPRESENTATIVE,R,OR,2,W000791,114
1879,Peter,WELCH,REPRESENTATIVE,D,VT,0,W000800,114
1886,Robert,WITTMAN,REPRESENTATIVE,R,VA,1,W000804,114
1247,Ron,WYDEN,SENATOR,D,OR,N/A,W000779,114
2261,Lee,ZELDIN,REPRESENTATIVE,R,NY,1,Z000017,114
