speaker_id,first_name,last_name,type,party,state,district,bio_guide_id,congress_id
1695,Lamar,ALEXANDER,SENATOR,R,TN,N/A,A000360,114
2239,Rick,ALLEN,REPRESENTATIVE,R,GA,12,A000372,114
1881,John,BARRASSO,SENATOR,R,WY,N/A,B001261,114
2076,Richard,BLUMENTHAL,SENATOR,D,CT,N/A,B001277,114
1464,Roy,BLUNT,SENATOR,R,MO,N/A,B000575,114
2194,Cory,BOOKER,SENATOR,D,NJ,N/A,B001288,114
1687,John,BOOZMAN,SENATOR,R,AR,N/A,B001236,114
2106,Julia,BROWN,REPRESENTATIVE,D,CA,26,B001285,114
2127,Cheri,BUSTOS,REPRESENTATIVE,D,IL,17,B001286,114
172,Maria,CANTWELL,SENATOR,D,WA,N/A,C000127,114
2107,Tony,CARDENAS,REPRESENTATIVE,D,CA,29,C001097,114
,,CARDIN,SENATOR,D,MD,N/A,99999999999999999,114
1925,Bill,CASSIDY,SENATOR,R,LA,N/A,C001075,114
186,Steve,CHABOT,REPRESENTATIVE,R,OH,1,C000266,114
2356,Liz,CHENEY,REPRESENTATIVE,R,WY,N/A,C001109,115
2055,David,CICILLINE,REPRESENTATIVE,D,RI,1,C001084,114
,,COHEN,REPRESENTATIVE,D,TN,9,99999999999999999,114
2297,James,COMER,REPRESENTATIVE,R,KY,N/A,C001108,115
1825,Bob,CORKER,SENATOR,R,TN,N/A,C001071,114
1692,John,CORNYN,SENATOR,R,TX,N/A,C001056,114
2312,J.,CORREA,REPRESENTATIVE,D,CA,N/A,C001110,115
1836,Joe,COURTNEY,REPRESENTATIVE,D,CT,2,C001069,114
250,Mike,CRAPO,SENATOR,R,ID,N/A,C000880,114
2138,Steve,DAINES,SENATOR,R,MT,N/A,D000618,114
2293,Daniel,DONOVAN,REPRESENTATIVE,R,NY,11,D000625,114
2283,Joni,ERNST,SENATOR,R,IA,N/A,E000295,114
2342,Adriano,ESPAILLAT,REPRESENTATIVE,D,NY,N/A,E000297,115
1332,Dianne,FEINSTEIN,SENATOR,D,CA,N/A,F000062,114
1793,Jeff,FORTENBERRY,REPRESENTATIVE,R,NE,1,F000449,114
1791,Virginia,FOXX,REPRESENTATIVE,R,NC,5,F000450,114
2314,Matt,GAETZ,REPRESENTATIVE,R,FL,N/A,G000578,115
2226,Ruben,GALLEGO,REPRESENTATIVE,D,AZ,7,G000574,114
1998,Cory,GARDNER,SENATOR,R,CO,N/A,G000562,115
478,Luis,GUTIERREZ,REPRESENTATIVE,D,IL,4,G000535,114
511,Alcee,HASTINGS,REPRESENTATIVE,D,FL,20,H000324,114
2040,Joseph,HECK,REPRESENTATIVE,R,NV,3,H001055,114
1937,Martin,HEINRICH,SENATOR,D,NM,N/A,H001046,114
583,James,INHOFE,SENATOR,R,OK,N/A,I000024,114
2149,Hakeem,JEFFRIES,REPRESENTATIVE,D,NY,8,J000294,114
2176,Tim,KAINE,SENATOR,D,VA,N/A,K000384,114
2172,Joseph,KENNEDY,REPRESENTATIVE,D,MA,4,K000379,114
1724,Steve,KING,REPRESENTATIVE,R,IA,4,K000362,114
1383,Patrick,LEAHY,SENATOR,D,VT,N/A,L000174,114
2334,Paul,MITCHELL,REPRESENTATIVE,R,MI,N/A,M001201,115
1507,Jerry,MORAN,SENATOR,R,KS,N/A,M000934,114
1694,Lisa,MURKOWSKI,SENATOR,R,AK,N/A,M001153,114
850,Jerrold,NADLER,REPRESENTATIVE,D,NY,10,N000002,114
859,Bill,NELSON,SENATOR,D,FL,N/A,N000032,114
2309,Jimmy,PANETTA,REPRESENTATIVE,D,CA,N/A,P000613,115
1510,Bill,PASCRELL,REPRESENTATIVE,D,NJ,9,P000096,114
1930,Erik,PAULSEN,REPRESENTATIVE,R,MN,3,P000594,114
1927,Chellie,PINGREE,REPRESENTATIVE,D,ME,1,P000597,114
2141,Robert,PITTENGER,REPRESENTATIVE,R,NC,9,P000606,114
2171,Mark,POCAN,REPRESENTATIVE,D,WI,2,P000607,114
1910,Jared,POLIS,REPRESENTATIVE,D,CO,2,P000598,114
968,Pat,ROBERTS,SENATOR,R,KS,N/A,R000307,114
1986,Martha,ROBY,REPRESENTATIVE,R,AL,2,R000591,114
2109,Raul,RUIZ,REPRESENTATIVE,D,CA,36,R000599,114
1588,Janice,SCHAKOWSKY,REPRESENTATIVE,D,IL,9,S001145,114
1036,Charles,SCHUMER,SENATOR,D,NY,N/A,S000148,114
2290,Dan,SULLIVAN,SENATOR,R,AK,N/A,S001198,114
1940,Dina,TITUS,REPRESENTATIVE,D,NV,1,T000468,114
1567,Tom,UDALL,SENATOR,D,NM,N/A,U000039,114
1177,Fred,UPTON,REPRESENTATIVE,R,MI,6,U000031,114
1855,Tim,WALBERG,REPRESENTATIVE,R,MI,7,W000798,114
1991,Steve,WOMACK,REPRESENTATIVE,R,AR,3,W000809,114
1247,Ron,WYDEN,SENATOR,D,OR,N/A,W000779,114
2021,Kevin,YODER,REPRESENTATIVE,R,KS,3,Y000063,114
2115,Ted,YOHO,REPRESENTATIVE,R,FL,3,Y000065,114
