speaker_id,first_name,last_name,type,party,state,district,bio_guide_id,congress_id
2239,Rick,ALLEN,REPRESENTATIVE,R,GA,12,A000372,114
2307,Andy,BIGGS,REPRESENTATIVE,R,AZ,N/A,B001302,115
2063,Diane,BLACK,REPRESENTATIVE,R,TN,6,B001273,114
2076,Richard,BLUMENTHAL,SENATOR,D,CT,N/A,B001277,114
1687,John,BOOZMAN,SENATOR,R,AR,N/A,B001236,114
2106,Julia,BROWN,REPRESENTATIVE,D,CA,26,B001285,114
1751,Michael,BURGESS,REPRESENTATIVE,R,TX,26,B001248,114
,,CARDIN,SENATOR,D,MD,N/A,99999999999999999,114
2055,David,CICILLINE,REPRESENTATIVE,D,RI,1,C001084,114
1912,Mike,COFFMAN,REPRESENTATIVE,R,CO,6,C001077,114
,,COHEN,REPRESENTATIVE,D,TN,9,99999999999999999,114
2121,Doug,COLLINS,REPRESENTATIVE,R,GA,9,C001093,114
1984,Christopher,COONS,SENATOR,D,DE,N/A,C001088,114
1825,Bob,CORKER,SENATOR,R,TN,N/A,C001071,114
1692,John,CORNYN,SENATOR,R,TX,N/A,C001056,114
1774,Jim,COSTA,REPRESENTATIVE,D,CA,16,C001059,114
326,Richard,DURBIN,SENATOR,D,IL,N/A,D000563,114
1332,Dianne,FEINSTEIN,SENATOR,D,CA,N/A,F000062,114
1797,Michael,FITZPATRICK,REPRESENTATIVE,R,PA,8,F000451,114
1998,Cory,GARDNER,SENATOR,R,CO,N/A,G000562,115
2058,Trey,GOWDY,REPRESENTATIVE,R,SC,4,G000566,114
2070,H.,GRIFFITH,REPRESENTATIVE,R,VA,9,G000568,114
1351,Orrin,HATCH,SENATOR,R,UT,N/A,H000338,114
566,Steny,HOYER,REPRESENTATIVE,D,MD,5,H000874,114
,,JOHNSON,REPRESENTATIVE,R,GA,4,99999999999999999,114
2264,John,KATKO,REPRESENTATIVE,R,NY,24,K000386,114
2228,Stephen,KNIGHT,REPRESENTATIVE,R,CA,25,K000387,114
1383,Patrick,LEAHY,SENATOR,D,VT,N/A,L000174,114
1501,Barbara,LEE,REPRESENTATIVE,D,CA,13,L000551,114
735,Edward,MARKEY,SENATOR,D,MA,N/A,M000133,114
1814,Doris,MATSUI,REPRESENTATIVE,D,CA,6,M001163,114
791,Robert,MENENDEZ,SENATOR,D,NJ,N/A,M000639,114
1900,Jeff,MERKLEY,SENATOR,D,OR,N/A,M001176,114
1676,Shelley,MOORE,SENATOR,R,WV,N/A,C001047,114
1837,Christopher,MURPHY,SENATOR,D,CT,N/A,M001169,114
1409,Patty,MURRAY,SENATOR,D,WA,N/A,M001111,114
887,Frank,PALLONE,REPRESENTATIVE,D,NJ,6,P000034,114
2309,Jimmy,PANETTA,REPRESENTATIVE,D,CA,N/A,P000613,115
2097,Donald,PAYNE,REPRESENTATIVE,D,NJ,10,P000604,114
924,Rob,PORTMAN,SENATOR,R,OH,N/A,P000449,114
1982,Tom,REED,REPRESENTATIVE,R,NY,23,R000585,114
1010,Bernard,SANDERS,SENATOR,I,VT,N/A,S000033,114
1588,Janice,SCHAKOWSKY,REPRESENTATIVE,D,IL,9,S001145,114
1036,Charles,SCHUMER,SENATOR,D,NY,N/A,S000148,114
1901,Jeanne,SHAHEEN,SENATOR,D,NH,N/A,S001181,114
2346,Lloyd,SMUCKER,REPRESENTATIVE,R,PA,N/A,S001199,115
2110,Mark,TAKANO,REPRESENTATIVE,D,CA,41,T000472,114
2351,Scott,TAYLOR,REPRESENTATIVE,R,VA,N/A,T000477,115
2344,Claudia,TENNEY,REPRESENTATIVE,R,NY,N/A,T000478,115
1829,Jon,TESTER,SENATOR,D,MT,N/A,T000464,114
1534,John,THUNE,SENATOR,R,SD,N/A,T000250,114
2250,David,TROTT,REPRESENTATIVE,R,MI,11,T000475,114
1567,Tom,UDALL,SENATOR,D,NM,N/A,U000039,114
1177,Fred,UPTON,REPRESENTATIVE,R,MI,6,U000031,114
1596,Greg,WALDEN,REPRESENTATIVE,R,OR,2,W000791,114
1879,Peter,WELCH,REPRESENTATIVE,D,VT,0,W000800,114
1823,Sheldon,WHITEHOUSE,SENATOR,D,RI,N/A,W000802,114
1256,Don,YOUNG,REPRESENTATIVE,R,AK,0,Y000033,114
