speaker_id,first_name,last_name,type,party,state,district,bio_guide_id,congress_id
2270,Brian,BABIN,REPRESENTATIVE,R,TX,36,B001291,114
1965,Michael,BENNET,SENATOR,D,CO,N/A,B001267,114
2076,Richard,BLUMENTHAL,SENATOR,D,CT,N/A,B001277,114
1687,John,BOOZMAN,SENATOR,R,AR,N/A,B001236,114
2106,Julia,BROWN,REPRESENTATIVE,D,CA,26,B001285,114
1676,Shelley,CAPITO,SENATOR,R,WV,N/A,C001047,115
1828,Robert,CASEY,SENATOR,D,PA,N/A,C001070,114
1654,Wm.,CLAY,REPRESENTATIVE,D,MO,1,C001049,114
,,COHEN,REPRESENTATIVE,D,TN,9,99999999999999999,114
1692,John,CORNYN,SENATOR,R,TX,N/A,C001056,114
2363,John,CURTIS,REPRESENTATIVE,R,UT,N/A,C001114,115
2138,Steve,DAINES,SENATOR,R,MT,N/A,D000618,114
2123,Tammy,DUCKWORTH,REPRESENTATIVE,D,IL,8,D000622,114
2315,Neal,DUNN,REPRESENTATIVE,R,FL,N/A,D000628,115
326,Richard,DURBIN,SENATOR,D,IL,N/A,D000563,114
1332,Dianne,FEINSTEIN,SENATOR,D,CA,N/A,F000062,114
1633,Jeff,FLAKE,SENATOR,R,AZ,N/A,F000444,114
1737,Scott,GARRETT,REPRESENTATIVE,R,NJ,5,G000548,114
2359,Greg,GIANFORTE,REPRESENTATIVE,R,MT,N/A,G000584,115
1801,Louie,GOHMERT,REPRESENTATIVE,R,TX,1,G000552,114
2026,Andy,HARRIS,REPRESENTATIVE,R,MD,1,H001052,114
2032,Vicky,HARTZLER,REPRESENTATIVE,R,MO,4,H001053,114
1749,Jeb,HENSARLING,REPRESENTATIVE,R,TX,5,H001036,114
566,Steny,HOYER,REPRESENTATIVE,D,MD,5,H000874,114
2101,Jared,HUFFMAN,REPRESENTATIVE,D,CA,2,H001068,114
1608,Johnny,ISAKSON,SENATOR,R,GA,N/A,I000055,114
2264,John,KATKO,REPRESENTATIVE,R,NY,24,K000386,114
2172,Joseph,KENNEDY,REPRESENTATIVE,D,MA,4,K000379,114
2134,Daniel,KILDEE,REPRESENTATIVE,D,MI,5,K000380,114
1826,Amy,KLOBUCHAR,SENATOR,D,MN,N/A,K000367,114
1936,Leonard,LANCE,REPRESENTATIVE,R,NJ,7,L000567,114
1383,Patrick,LEAHY,SENATOR,D,VT,N/A,L000174,114
1501,Barbara,LEE,REPRESENTATIVE,D,CA,13,L000551,114
2238,Barry,LOUDERMILK,REPRESENTATIVE,R,GA,11,L000583,114
1931,Blaine,LUETKEMEYER,REPRESENTATIVE,R,MO,3,L000569,114
1900,Jeff,MERKLEY,SENATOR,D,OR,N/A,M001176,114
1507,Jerry,MORAN,SENATOR,R,KS,N/A,M000934,114
1837,Christopher,MURPHY,SENATOR,D,CT,N/A,M001169,114
859,Bill,NELSON,SENATOR,D,FL,N/A,N000032,114
2309,Jimmy,PANETTA,REPRESENTATIVE,D,CA,N/A,P000613,115
2097,Donald,PAYNE,REPRESENTATIVE,D,NJ,10,P000604,114
905,Nancy,PELOSI,REPRESENTATIVE,D,CA,12,P000197,114
2332,Jamie,RASKIN,REPRESENTATIVE,D,MD,N/A,R000606,115
1982,Tom,REED,REPRESENTATIVE,R,NY,23,R000585,114
2124,Bradley,SCHNEIDER,REPRESENTATIVE,D,IL,N/A,S001190,115
1950,Kurt,SCHRADER,REPRESENTATIVE,D,OR,5,S001180,114
1036,Charles,SCHUMER,SENATOR,D,NY,N/A,S000148,114
2290,Dan,SULLIVAN,SENATOR,R,AK,N/A,S001198,114
2250,David,TROTT,REPRESENTATIVE,R,MI,11,T000475,114
1567,Tom,UDALL,SENATOR,D,NM,N/A,U000039,114
1184,Nydia,VELAZQUEZ,REPRESENTATIVE,D,NY,7,V000081,114
1897,Mark,WARNER,SENATOR,D,VA,N/A,W000805,114
2182,Elizabeth,WARREN,SENATOR,D,MA,N/A,W000817,114
1823,Sheldon,WHITEHOUSE,SENATOR,D,RI,N/A,W000802,114
2165,Roger,WILLIAMS,REPRESENTATIVE,R,TX,25,W000816,114
1247,Ron,WYDEN,SENATOR,D,OR,N/A,W000779,114
