speaker_id,first_name,last_name,type,party,state,district,bio_guide_id,congress_id
2244,Ralph,ABRAHAM,REPRESENTATIVE,R,LA,5,A000374,114
2201,Alma,ADAMS,REPRESENTATIVE,D,NC,12,A000370,114
1695,Lamar,ALEXANDER,SENATOR,R,TN,N/A,A000360,114
2239,Rick,ALLEN,REPRESENTATIVE,R,GA,12,A000372,114
2350,Jodey,ARRINGTON,REPRESENTATIVE,R,TX,N/A,A000375,115
2337,Don,BACON,REPRESENTATIVE,R,NE,N/A,B001298,115
2311,Nanette,BARRAGAN,REPRESENTATIVE,D,CA,N/A,B001300,115
2153,Joyce,BEATTY,REPRESENTATIVE,D,OH,3,B001281,114
99,Earl,BLUMENAUER,REPRESENTATIVE,D,OR,3,B000574,114
1464,Roy,BLUNT,SENATOR,R,MO,N/A,B000575,114
2092,Suzanne,BONAMICI,REPRESENTATIVE,D,OR,1,B001278,114
1687,John,BOOZMAN,SENATOR,R,AR,N/A,B001236,114
2197,Bradley,BYRNE,REPRESENTATIVE,R,AL,1,B001289,114
172,Maria,CANTWELL,SENATOR,D,WA,N/A,C000127,114
1676,Shelley,CAPITO,SENATOR,R,WV,N/A,C001047,115
2310,Salud,CARBAJAL,REPRESENTATIVE,D,CA,N/A,C001112,115
,,CARDIN,SENATOR,D,MD,N/A,99999999999999999,114
179,Thomas,CARPER,SENATOR,D,DE,N/A,C000174,114
186,Steve,CHABOT,REPRESENTATIVE,R,OH,1,C000266,114
1956,Jason,CHAFFETZ,REPRESENTATIVE,R,UT,3,C001076,114
2055,David,CICILLINE,REPRESENTATIVE,D,RI,1,C001084,114
2259,Bonnie,COLE,REPRESENTATIVE,D,NJ,12,W000822,114
2121,Doug,COLLINS,REPRESENTATIVE,R,GA,9,C001093,114
2297,James,COMER,REPRESENTATIVE,R,KY,N/A,C001108,115
229,John,CONYERS,REPRESENTATIVE,D,MI,13,C000714,114
1825,Bob,CORKER,SENATOR,R,TN,N/A,C001071,114
1692,John,CORNYN,SENATOR,R,TX,N/A,C001056,114
2312,J.,CORREA,REPRESENTATIVE,D,CA,N/A,C001110,115
250,Mike,CRAPO,SENATOR,R,ID,N/A,C000880,114
256,Elijah,CUMMINGS,REPRESENTATIVE,D,MD,7,C000984,114
303,Lloyd,DOGGETT,REPRESENTATIVE,D,TX,35,D000399,114
326,Richard,DURBIN,SENATOR,D,IL,N/A,D000563,114
1857,Keith,ELLISON,REPRESENTATIVE,D,MN,5,E000288,114
2342,Adriano,ESPAILLAT,REPRESENTATIVE,D,NY,N/A,E000297,115
2343,John,FASO,REPRESENTATIVE,R,NY,N/A,F000464,115
1332,Dianne,FEINSTEIN,SENATOR,D,CA,N/A,F000062,114
1791,Virginia,FOXX,REPRESENTATIVE,R,NC,5,F000450,114
1973,John,GARAMENDI,REPRESENTATIVE,D,CA,3,G000559,114
1998,Cory,GARDNER,SENATOR,R,CO,N/A,G000562,115
1737,Scott,GARRETT,REPRESENTATIVE,R,NJ,5,G000548,114
446,Bob,GOODLATTE,REPRESENTATIVE,R,VA,6,G000289,114
1933,Gregg,HARPER,REPRESENTATIVE,R,MS,3,H001045,114
1351,Orrin,HATCH,SENATOR,R,UT,N/A,H000338,114
1844,Mazie,HIRONO,SENATOR,D,HI,N/A,H001042,114
2079,John,HOEVEN,SENATOR,R,ND,N/A,H001061,114
566,Steny,HOYER,REPRESENTATIVE,D,MD,5,H000874,114
2140,Richard,HUDSON,REPRESENTATIVE,R,NC,8,H001067,114
2354,Pramila,JAYAPAL,REPRESENTATIVE,D,WA,N/A,J000298,115
,,JOHNSON,REPRESENTATIVE,R,GA,4,99999999999999999,114
2176,Tim,KAINE,SENATOR,D,VA,N/A,K000384,114
616,Marcy,KAPTUR,REPRESENTATIVE,D,OH,8,K000009,114
2252,Brenda,LAWRENCE,REPRESENTATIVE,D,MI,14,L000581,114
1383,Patrick,LEAHY,SENATOR,D,VT,N/A,L000174,114
1501,Barbara,LEE,REPRESENTATIVE,D,CA,13,L000551,114
2328,Roger,MARSHALL,REPRESENTATIVE,R,KS,N/A,M001198,115
2052,Patrick,MEEHAN,REPRESENTATIVE,R,PA,7,M001181,114
1900,Jeff,MERKLEY,SENATOR,D,OR,N/A,M001176,114
2334,Paul,MITCHELL,REPRESENTATIVE,R,MI,N/A,M001201,115
1694,Lisa,MURKOWSKI,SENATOR,R,AK,N/A,M001153,114
2202,Donald,NORCROSS,REPRESENTATIVE,D,NJ,1,N000188,114
1930,Erik,PAULSEN,REPRESENTATIVE,R,MN,3,P000594,114
2286,David,PERDUE,SENATOR,R,GA,N/A,P000612,114
2171,Mark,POCAN,REPRESENTATIVE,D,WI,2,P000607,114
1910,Jared,POLIS,REPRESENTATIVE,D,CO,2,P000598,114
924,Rob,PORTMAN,SENATOR,R,OH,N/A,P000449,114
2332,Jamie,RASKIN,REPRESENTATIVE,D,MD,N/A,R000606,115
2048,James,RENACCI,REPRESENTATIVE,R,OH,16,R000586,114
1896,James,RISCH,SENATOR,R,ID,N/A,R000584,114
968,Pat,ROBERTS,SENATOR,R,KS,N/A,R000307,114
2084,Marco,RUBIO,SENATOR,R,FL,N/A,R000595,114
1010,Bernard,SANDERS,SENATOR,I,VT,N/A,S000033,114
1588,Janice,SCHAKOWSKY,REPRESENTATIVE,D,IL,9,S001145,114
2173,Brian,SCHATZ,SENATOR,D,HI,N/A,S001194,114
1036,Charles,SCHUMER,SENATOR,D,NY,N/A,S000148,114
1548,Jeff,SESSIONS,SENATOR,R,AL,N/A,S001141,114
1818,Albio,SIRES,REPRESENTATIVE,D,NJ,8,S001165,114
2110,Mark,TAKANO,REPRESENTATIVE,D,CA,41,T000472,114
2291,Thom,TILLIS,SENATOR,R,NC,N/A,T000476,114
1855,Tim,WALBERG,REPRESENTATIVE,R,MI,7,W000798,114
2128,Jackie,WALORSKI,REPRESENTATIVE,R,IN,2,W000813,114
2182,Elizabeth,WARREN,SENATOR,D,MA,N/A,W000817,114
1823,Sheldon,WHITEHOUSE,SENATOR,D,RI,N/A,W000802,114
1226,Roger,WICKER,SENATOR,R,MS,N/A,W000437,114
2115,Ted,YOHO,REPRESENTATIVE,R,FL,3,Y000065,114
