speaker_id,first_name,last_name,type,party,state,district,bio_guide_id,congress_id
2201,Alma,ADAMS,REPRESENTATIVE,D,NC,12,A000370,114
2229,Pete,AGUILAR,REPRESENTATIVE,D,CA,31,A000371,114
2337,Don,BACON,REPRESENTATIVE,R,NE,N/A,B001298,115
2311,Nanette,BARRAGAN,REPRESENTATIVE,D,CA,N/A,B001300,115
2153,Joyce,BEATTY,REPRESENTATIVE,D,OH,3,B001281,114
2307,Andy,BIGGS,REPRESENTATIVE,R,AZ,N/A,B001302,115
2106,Julia,BROWN,REPRESENTATIVE,D,CA,26,B001285,114
1840,Vern,BUCHANAN,REPRESENTATIVE,R,FL,16,B001260,114
2107,Tony,CARDENAS,REPRESENTATIVE,D,CA,29,C001097,114
1828,Robert,CASEY,SENATOR,D,PA,N/A,C001070,114
2259,Bonnie,COLE,REPRESENTATIVE,D,NJ,12,W000822,114
2121,Doug,COLLINS,REPRESENTATIVE,R,GA,9,C001093,114
229,John,CONYERS,REPRESENTATIVE,D,MI,13,C000714,114
1692,John,CORNYN,SENATOR,R,TX,N/A,C001056,114
250,Mike,CRAPO,SENATOR,R,ID,N/A,C000880,114
326,Richard,DURBIN,SENATOR,D,IL,N/A,D000563,114
344,Eliot,ENGEL,REPRESENTATIVE,D,NY,16,E000179,114
2283,Joni,ERNST,SENATOR,R,IA,N/A,E000295,114
1791,Virginia,FOXX,REPRESENTATIVE,R,NC,5,F000450,114
2314,Matt,GAETZ,REPRESENTATIVE,R,FL,N/A,G000578,115
446,Bob,GOODLATTE,REPRESENTATIVE,R,VA,6,G000289,114
2302,Margaret,HASSAN,SENATOR,D,NH,N/A,H001076,115
1863,Dean,HELLER,SENATOR,R,NV,N/A,H001041,114
2223,J.,HILL,REPRESENTATIVE,R,AR,2,H001072,114
2015,Randy,HULTGREN,REPRESENTATIVE,R,IL,14,H001059,114
2354,Pramila,JAYAPAL,REPRESENTATIVE,D,WA,N/A,J000298,115
612,Walter,JONES,REPRESENTATIVE,R,NC,3,J000255,114
2176,Tim,KAINE,SENATOR,D,VA,N/A,K000384,114
2308,Ro,KHANNA,REPRESENTATIVE,D,CA,N/A,K000389,115
1834,Doug,LAMBORN,REPRESENTATIVE,R,CO,5,L000564,114
2050,James,LANKFORD,SENATOR,R,OK,N/A,L000575,114
1383,Patrick,LEAHY,SENATOR,D,VT,N/A,L000174,114
1501,Barbara,LEE,REPRESENTATIVE,D,CA,13,L000551,114
1900,Jeff,MERKLEY,SENATOR,D,OR,N/A,M001176,114
2248,John,MOOLENAAR,REPRESENTATIVE,R,MI,4,M001194,114
1837,Christopher,MURPHY,SENATOR,D,CT,N/A,M001169,114
850,Jerrold,NADLER,REPRESENTATIVE,D,NY,10,N000002,114
1602,Grace,NAPOLITANO,REPRESENTATIVE,D,CA,32,N000179,114
2309,Jimmy,PANETTA,REPRESENTATIVE,D,CA,N/A,P000613,115
1910,Jared,POLIS,REPRESENTATIVE,D,CO,2,P000598,114
2332,Jamie,RASKIN,REPRESENTATIVE,D,MD,N/A,R000606,115
1986,Martha,ROBY,REPRESENTATIVE,R,AL,2,R000591,114
2289,Ben,SASSE,SENATOR,R,NE,N/A,S001197,114
1588,Janice,SCHAKOWSKY,REPRESENTATIVE,D,IL,9,S001145,114
1036,Charles,SCHUMER,SENATOR,D,NY,N/A,S000148,114
1890,Jackie,SPEIER,REPRESENTATIVE,D,CA,14,S001175,114
2290,Dan,SULLIVAN,SENATOR,R,AK,N/A,S001198,114
2341,Thomas,SUOZZI,REPRESENTATIVE,D,NY,N/A,S001201,115
2351,Scott,TAYLOR,REPRESENTATIVE,R,VA,N/A,T000477,115
1534,John,THUNE,SENATOR,R,SD,N/A,T000250,114
2152,Brad,WENSTRUP,REPRESENTATIVE,R,OH,2,W000815,114
1226,Roger,WICKER,SENATOR,R,MS,N/A,W000437,114
2008,Rob,WOODALL,REPRESENTATIVE,R,GA,7,W000810,114
2115,Ted,YOHO,REPRESENTATIVE,R,FL,3,Y000065,114
