speaker_id,first_name,last_name,type,party,state,district,bio_guide_id,congress_id
2239,Rick,ALLEN,REPRESENTATIVE,R,GA,12,A000372,114
2350,Jodey,ARRINGTON,REPRESENTATIVE,R,TX,N/A,A000375,115
2238,Barry,BARR,REPRESENTATIVE,R,GA,11,L000583,114
1881,John,BARRASSO,SENATOR,R,WY,N/A,B001261,114
1965,Michael,BENNET,SENATOR,D,CO,N/A,B001267,114
99,Earl,BLUMENAUER,REPRESENTATIVE,D,OR,3,B000574,114
2076,Richard,BLUMENTHAL,SENATOR,D,CT,N/A,B001277,114
2203,Dave,BRAT,REPRESENTATIVE,R,VA,7,B001290,114
2233,Ken,BUCK,REPRESENTATIVE,R,CO,4,B001297,114
2197,Bradley,BYRNE,REPRESENTATIVE,R,AL,1,B001289,114
1564,Michael,CAPUANO,REPRESENTATIVE,D,MA,7,C001037,114
179,Thomas,CARPER,SENATOR,D,DE,N/A,C000174,114
1828,Robert,CASEY,SENATOR,D,PA,N/A,C001070,114
1925,Bill,CASSIDY,SENATOR,R,LA,N/A,C001075,114
2356,Liz,CHENEY,REPRESENTATIVE,R,WY,N/A,C001109,115
,,COHEN,REPRESENTATIVE,D,TN,9,99999999999999999,114
1825,Bob,CORKER,SENATOR,R,TN,N/A,C001071,114
1692,John,CORNYN,SENATOR,R,TX,N/A,C001056,114
1807,Henry,CUELLAR,REPRESENTATIVE,D,TX,28,C001063,114
2138,Steve,DAINES,SENATOR,R,MT,N/A,D000618,114
303,Lloyd,DOGGETT,REPRESENTATIVE,D,TX,35,D000399,114
326,Richard,DURBIN,SENATOR,D,IL,N/A,D000563,114
1542,Michael,ENZI,SENATOR,R,WY,N/A,E000285,114
355,Anna,ESHOO,REPRESENTATIVE,D,CA,18,E000215,114
1332,Dianne,FEINSTEIN,SENATOR,D,CA,N/A,F000062,114
1633,Jeff,FLAKE,SENATOR,R,AZ,N/A,F000444,114
2122,Tulsi,GABBARD,REPRESENTATIVE,D,HI,2,G000571,114
1866,Kirsten,GILLIBRAND,SENATOR,D,NY,N/A,G000555,114
1801,Louie,GOHMERT,REPRESENTATIVE,R,TX,1,G000552,114
446,Bob,GOODLATTE,REPRESENTATIVE,R,VA,6,G000289,114
457,Chuck,GRASSLEY,SENATOR,R,IA,N/A,G000386,114
478,Luis,GUTIERREZ,REPRESENTATIVE,D,IL,4,G000535,114
511,Alcee,HASTINGS,REPRESENTATIVE,D,FL,20,H000324,114
2174,Heidi,HEITKAMP,SENATOR,D,ND,N/A,H001069,114
1863,Dean,HELLER,SENATOR,R,NV,N/A,H001041,114
1913,James,HIMES,REPRESENTATIVE,D,CT,4,H001047,114
2028,Bill,HUIZENGA,REPRESENTATIVE,R,MI,2,H001058,114
2354,Pramila,JAYAPAL,REPRESENTATIVE,D,WA,N/A,J000298,115
2149,Hakeem,JEFFRIES,REPRESENTATIVE,D,NY,8,J000294,114
2176,Tim,KAINE,SENATOR,D,VA,N/A,K000384,114
616,Marcy,KAPTUR,REPRESENTATIVE,D,OH,8,K000009,114
2025,William,KEATING,REPRESENTATIVE,D,MA,9,K000375,114
2134,Daniel,KILDEE,REPRESENTATIVE,D,MI,5,K000380,114
1826,Amy,KLOBUCHAR,SENATOR,D,MN,N/A,K000367,114
1383,Patrick,LEAHY,SENATOR,D,VT,N/A,L000174,114
701,Zoe,LOFGREN,REPRESENTATIVE,D,CA,19,L000397,114
1806,Kenny,MARCHANT,REPRESENTATIVE,R,TX,24,M001158,114
2053,Tom,MARINO,REPRESENTATIVE,R,PA,10,M001179,114
791,Robert,MENENDEZ,SENATOR,D,NJ,N/A,M000639,114
1900,Jeff,MERKLEY,SENATOR,D,OR,N/A,M001176,114
2334,Paul,MITCHELL,REPRESENTATIVE,R,MI,N/A,M001201,115
1507,Jerry,MORAN,SENATOR,R,KS,N/A,M000934,114
1694,Lisa,MURKOWSKI,SENATOR,R,AK,N/A,M001153,114
1837,Christopher,MURPHY,SENATOR,D,CT,N/A,M001169,114
1602,Grace,NAPOLITANO,REPRESENTATIVE,D,CA,32,N000179,114
1955,Pete,OLSON,REPRESENTATIVE,R,TX,22,O000168,114
2309,Jimmy,PANETTA,REPRESENTATIVE,D,CA,N/A,P000613,115
1930,Erik,PAULSEN,REPRESENTATIVE,R,MN,3,P000594,114
1738,Stevan,PEARCE,REPRESENTATIVE,R,NM,2,P000588,114
2113,Scott,PETERS,REPRESENTATIVE,D,CA,52,P000608,114
,,PLASKETT,DELEGATE,I,VI,N/A,99999999999999999,114
2158,Keith,ROTHFUS,REPRESENTATIVE,R,PA,12,R000598,114
2316,John,RUTHERFORD,REPRESENTATIVE,R,FL,N/A,R000609,115
1010,Bernard,SANDERS,SENATOR,I,VT,N/A,S000033,114
2124,Bradley,SCHNEIDER,REPRESENTATIVE,D,IL,N/A,S001190,115
1036,Charles,SCHUMER,SENATOR,D,NY,N/A,S000148,114
1526,Brad,SHERMAN,REPRESENTATIVE,D,CA,30,S000344,114
1069,Louise,SLAUGHTER,REPRESENTATIVE,D,NY,25,S000480,114
2319,Darren,SOTO,REPRESENTATIVE,D,FL,N/A,S001200,115
1531,Debbie,STABENOW,SENATOR,D,MI,N/A,S000770,114
2291,Thom,TILLIS,SENATOR,R,NC,N/A,T000476,114
1884,Niki,TSONGAS,REPRESENTATIVE,D,MA,3,T000465,114
2166,Marc,VEASEY,REPRESENTATIVE,D,TX,33,V000131,114
1184,Nydia,VELA,REPRESENTATIVE,D,NY,7,V000081,114
2137,Ann,WAGNER,REPRESENTATIVE,R,MO,2,W000812,114
1823,Sheldon,WHITEHOUSE,SENATOR,D,RI,N/A,W000802,114
2165,Roger,WILLIAMS,REPRESENTATIVE,R,TX,25,W000816,114
1247,Ron,WYDEN,SENATOR,D,OR,N/A,W000779,114
2021,Kevin,YODER,REPRESENTATIVE,R,KS,3,Y000063,114
