speaker_id,first_name,last_name,type,party,state,district,bio_guide_id,congress_id
2238,Barry,BARR,REPRESENTATIVE,R,GA,11,L000583,114
2153,Joyce,BEATTY,REPRESENTATIVE,D,OH,3,B001281,114
2307,Andy,BIGGS,REPRESENTATIVE,R,AZ,N/A,B001302,115
99,Earl,BLUMENAUER,REPRESENTATIVE,D,OR,3,B000574,114
2076,Richard,BLUMENTHAL,SENATOR,D,CT,N/A,B001277,114
2194,Cory,BOOKER,SENATOR,D,NJ,N/A,B001288,114
2106,Julia,BROWN,REPRESENTATIVE,D,CA,26,B001285,114
2018,Larry,BUCSHON,REPRESENTATIVE,R,IN,8,B001275,114
,,BUDD,REPRESENTATIVE,R,GA,1,99999999999999999,114
2127,Cheri,BUSTOS,REPRESENTATIVE,D,IL,17,B001286,114
2055,David,CICILLINE,REPRESENTATIVE,D,RI,1,C001084,114
,,COHEN,REPRESENTATIVE,D,TN,9,99999999999999999,114
1692,John,CORNYN,SENATOR,R,TX,N/A,C001056,114
250,Mike,CRAPO,SENATOR,R,ID,N/A,C000880,114
1807,Henry,CUELLAR,REPRESENTATIVE,D,TX,28,C001063,114
2363,John,CURTIS,REPRESENTATIVE,R,UT,N/A,C001114,115
2320,Val,DEMINGS,REPRESENTATIVE,D,FL,N/A,D000627,115
326,Richard,DURBIN,SENATOR,D,IL,N/A,D000563,114
344,Eliot,ENGEL,REPRESENTATIVE,D,NY,16,E000179,114
2179,Deb,FISCHER,SENATOR,R,NE,N/A,F000463,114
2314,Matt,GAETZ,REPRESENTATIVE,R,FL,N/A,G000578,115
2226,Ruben,GALLEGO,REPRESENTATIVE,D,AZ,7,G000574,114
1973,John,GARAMENDI,REPRESENTATIVE,D,CA,3,G000559,114
2359,Greg,GIANFORTE,REPRESENTATIVE,R,MT,N/A,G000584,115
1801,Louie,GOHMERT,REPRESENTATIVE,R,TX,1,G000552,114
2070,H.,GRIFFITH,REPRESENTATIVE,R,VA,9,G000568,114
2276,Glenn,GROTHMAN,REPRESENTATIVE,R,WI,6,G000576,114
1749,Jeb,HENSARLING,REPRESENTATIVE,R,TX,5,H001036,114
1844,Mazie,HIRONO,SENATOR,D,HI,N/A,H001042,114
2079,John,HOEVEN,SENATOR,R,ND,N/A,H001061,114
2149,Hakeem,JEFFRIES,REPRESENTATIVE,D,NY,8,J000294,114
,,JORDAN,REPRESENTATIVE,R,OH,4,99999999999999999,114
616,Marcy,KAPTUR,REPRESENTATIVE,D,OH,8,K000009,114
1826,Amy,KLOBUCHAR,SENATOR,D,MN,N/A,K000367,114
1936,Leonard,LANCE,REPRESENTATIVE,R,NJ,7,L000567,114
2252,Brenda,LAWRENCE,REPRESENTATIVE,D,MI,14,L000581,114
1501,Barbara,LEE,REPRESENTATIVE,D,CA,13,L000551,114
1846,David,LOEBSACK,REPRESENTATIVE,D,IA,2,L000565,114
2271,Mia,LOVE,REPRESENTATIVE,R,UT,4,L000584,114
1931,Blaine,LUETKEMEYER,REPRESENTATIVE,R,MO,3,L000569,114
2328,Roger,MARSHALL,REPRESENTATIVE,R,KS,N/A,M001198,115
1409,Patty,MURRAY,SENATOR,D,WA,N/A,M001111,114
859,Bill,NELSON,SENATOR,D,FL,N/A,N000032,114
868,Eleanor,NORTON,DELEGATE,D,DC,N/A,N000147,114
2309,Jimmy,PANETTA,REPRESENTATIVE,D,CA,N/A,P000613,115
1510,Bill,PASCRELL,REPRESENTATIVE,D,NJ,9,P000096,114
2097,Donald,PAYNE,REPRESENTATIVE,D,NJ,10,P000604,114
2157,Scott,PERRY,REPRESENTATIVE,R,PA,4,P000605,114
2113,Scott,PETERS,REPRESENTATIVE,D,CA,52,P000608,114
1982,Tom,REED,REPRESENTATIVE,R,NY,23,R000585,114
2158,Keith,ROTHFUS,REPRESENTATIVE,R,PA,12,R000598,114
1003,Bobby,RUSH,REPRESENTATIVE,D,IL,1,R000515,114
1010,Bernard,SANDERS,SENATOR,I,VT,N/A,S000033,114
2289,Ben,SASSE,SENATOR,R,NE,N/A,S001197,114
1892,Steve,SCALISE,REPRESENTATIVE,R,LA,1,S001176,114
1036,Charles,SCHUMER,SENATOR,D,NY,N/A,S000148,114
1526,Brad,SHERMAN,REPRESENTATIVE,D,CA,30,S000344,114
2319,Darren,SOTO,REPRESENTATIVE,D,FL,N/A,S001200,115
1531,Debbie,STABENOW,SENATOR,D,MI,N/A,S000770,114
2344,Claudia,TENNEY,REPRESENTATIVE,R,NY,N/A,T000478,115
1534,John,THUNE,SENATOR,R,SD,N/A,T000250,114
1940,Dina,TITUS,REPRESENTATIVE,D,NV,1,T000468,114
2231,Norma,TORRES,REPRESENTATIVE,D,CA,35,T000474,114
1177,Fred,UPTON,REPRESENTATIVE,R,MI,6,U000031,114
1596,Greg,WALDEN,REPRESENTATIVE,R,OR,2,W000791,114
2224,Bruce,WESTERMAN,REPRESENTATIVE,R,AR,4,W000821,114
1823,Sheldon,WHITEHOUSE,SENATOR,D,RI,N/A,W000802,114
2165,Roger,WILLIAMS,REPRESENTATIVE,R,TX,25,W000816,114
1247,Ron,WYDEN,SENATOR,D,OR,N/A,W000779,114
2115,Ted,YOHO,REPRESENTATIVE,R,FL,3,Y000065,114
