speaker_id,first_name,last_name,type,party,state,district,bio_guide_id,congress_id
1695,Lamar,ALEXANDER,SENATOR,R,TN,N/A,A000360,114
2350,Jodey,ARRINGTON,REPRESENTATIVE,R,TX,N/A,A000375,115
2337,Don,BACON,REPRESENTATIVE,R,NE,N/A,B001298,115
1558,Tammy,BALDWIN,SENATOR,D,WI,N/A,B001230,114
2238,Barry,BARR,REPRESENTATIVE,R,GA,11,L000583,114
2307,Andy,BIGGS,REPRESENTATIVE,R,AZ,N/A,B001302,115
2076,Richard,BLUMENTHAL,SENATOR,D,CT,N/A,B001277,114
2106,Julia,BROWN,REPRESENTATIVE,D,CA,26,B001285,114
,,CARDIN,SENATOR,D,MD,N/A,99999999999999999,114
2159,Matt,CARTWRIGHT,REPRESENTATIVE,D,PA,17,C001090,114
2055,David,CICILLINE,REPRESENTATIVE,D,RI,1,C001084,114
229,John,CONYERS,REPRESENTATIVE,D,MI,13,C000714,114
1984,Christopher,COONS,SENATOR,D,DE,N/A,C001088,114
1692,John,CORNYN,SENATOR,R,TX,N/A,C001056,114
2321,Charlie,CRIST,REPRESENTATIVE,D,FL,N/A,C001111,115
1976,Theodore,DEUTCH,REPRESENTATIVE,D,FL,21,D000610,114
326,Richard,DURBIN,SENATOR,D,IL,N/A,D000563,114
2342,Adriano,ESPAILLAT,REPRESENTATIVE,D,NY,,E000297,115
2298,Dwight,EVANS,REPRESENTATIVE,D,PA,N/A,E000296,115
2067,Blake,FARENTHOLD,REPRESENTATIVE,R,TX,27,F000460,114
2324,A.,FERGUSON,REPRESENTATIVE,R,GA,N/A,F000465,115
1633,Jeff,FLAKE,SENATOR,R,AZ,N/A,F000444,114
2061,Charles,FLEISCHMANN,REPRESENTATIVE,R,TN,3,F000459,114
1888,Bill,FOSTER,REPRESENTATIVE,D,IL,11,F000454,114
2122,Tulsi,GABBARD,REPRESENTATIVE,D,HI,2,G000571,114
1998,Cory,GARDNER,SENATOR,R,CO,N/A,G000562,115
2049,Bob,GIBBS,REPRESENTATIVE,R,OH,7,G000563,114
1866,Kirsten,GILLIBRAND,SENATOR,D,NY,N/A,G000555,114
446,Bob,GOODLATTE,REPRESENTATIVE,R,VA,6,G000289,114
478,Luis,GUTIERREZ,REPRESENTATIVE,D,IL,4,G000535,114
2223,J.,HILL,REPRESENTATIVE,R,AR,2,H001072,114
1844,Mazie,HIRONO,SENATOR,D,HI,N/A,H001042,114
566,Steny,HOYER,REPRESENTATIVE,D,MD,5,H000874,114
2354,Pramila,JAYAPAL,REPRESENTATIVE,D,WA,N/A,J000298,115
2149,Hakeem,JEFFRIES,REPRESENTATIVE,D,NY,8,J000294,114
2176,Tim,KAINE,SENATOR,D,VA,N/A,K000384,114
2264,John,KATKO,REPRESENTATIVE,R,NY,24,K000386,114
2134,Daniel,KILDEE,REPRESENTATIVE,D,MI,5,K000380,114
2169,Derek,KILMER,REPRESENTATIVE,D,WA,6,K000381,114
1724,Steve,KING,REPRESENTATIVE,R,IA,4,K000362,114
2050,James,LANKFORD,SENATOR,R,OK,N/A,L000575,114
1383,Patrick,LEAHY,SENATOR,D,VT,N/A,L000174,114
1983,Joe,MANCHIN,SENATOR,D,WV,N/A,M001183,114
2328,Roger,MARSHALL,REPRESENTATIVE,R,KS,N/A,M001198,115
791,Robert,MENENDEZ,SENATOR,D,NJ,N/A,M000639,114
1676,Shelley,MOORE,SENATOR,R,WV,N/A,C001047,114
1837,Christopher,MURPHY,SENATOR,D,CT,N/A,M001169,114
1409,Patty,MURRAY,SENATOR,D,WA,N/A,M001111,114
850,Jerrold,NADLER,REPRESENTATIVE,D,NY,10,N000002,114
859,Bill,NELSON,SENATOR,D,FL,N/A,N000032,114
2286,David,PERDUE,SENATOR,R,GA,N/A,P000612,114
1910,Jared,POLIS,REPRESENTATIVE,D,CO,2,P000598,114
2332,Jamie,RASKIN,REPRESENTATIVE,D,MD,,R000606,115
2288,Mike,ROUNDS,SENATOR,R,SD,N/A,R000605,115
91,Sanford,SANFORD,REPRESENTATIVE,D,GA,2,B000490,114
2289,Ben,SASSE,SENATOR,R,NE,N/A,S001197,114
1036,Charles,SCHUMER,SENATOR,D,NY,N/A,S000148,114
1548,Jeff,SESSIONS,SENATOR,R,AL,N/A,S001141,114
1901,Jeanne,SHAHEEN,SENATOR,D,NH,N/A,S001181,114
1069,Louise,SLAUGHTER,REPRESENTATIVE,D,NY,25,S000480,114
2319,Darren,SOTO,REPRESENTATIVE,D,FL,,S001200,115
2263,Elise,STEFANIK,REPRESENTATIVE,R,NY,21,S001196,114
2110,Mark,TAKANO,REPRESENTATIVE,D,CA,41,T000472,114
1567,Tom,UDALL,SENATOR,D,NM,N/A,U000039,114
2182,Elizabeth,WARREN,SENATOR,D,MA,N/A,W000817,114
2021,Kevin,YODER,REPRESENTATIVE,R,KS,3,Y000063,114
2115,Ted,YOHO,REPRESENTATIVE,R,FL,3,Y000065,114
