speaker_id,first_name,last_name,type,party,state,district,bio_guide_id,congress_id
2201,Alma,ADAMS,REPRESENTATIVE,D,NC,12,A000370,114
2229,Pete,AGUILAR,REPRESENTATIVE,D,CA,31,A000371,114
2238,Barry,BARR,REPRESENTATIVE,R,GA,11,L000583,114
1881,John,BARRASSO,SENATOR,R,WY,N/A,B001261,114
62,Joe,BARTON,REPRESENTATIVE,R,TX,6,B000213,114
2063,Diane,BLACK,REPRESENTATIVE,R,TN,6,B001273,114
99,Earl,BLUMENAUER,REPRESENTATIVE,D,OR,3,B000574,114
2076,Richard,BLUMENTHAL,SENATOR,D,CT,N/A,B001277,114
1687,John,BOOZMAN,SENATOR,R,AR,N/A,B001236,114
2106,Julia,BROWN,REPRESENTATIVE,D,CA,26,B001285,114
,,BUDD,REPRESENTATIVE,R,GA,1,99999999999999999,114
153,Richard,BURR,SENATOR,R,NC,N/A,B001135,114
2127,Cheri,BUSTOS,REPRESENTATIVE,D,IL,17,B001286,114
2197,Bradley,BYRNE,REPRESENTATIVE,R,AL,1,B001289,114
172,Maria,CANTWELL,SENATOR,D,WA,N/A,C000127,114
,,CARDIN,SENATOR,D,MD,N/A,99999999999999999,114
179,Thomas,CARPER,SENATOR,D,DE,N/A,C000174,114
1828,Robert,CASEY,SENATOR,D,PA,N/A,C001070,114
2055,David,CICILLINE,REPRESENTATIVE,D,RI,1,C001084,114
208,James,CLYBURN,REPRESENTATIVE,D,SC,6,C000537,114
2297,James,COMER,REPRESENTATIVE,R,KY,N/A,C001108,115
2273,Barbara,COMSTOCK,REPRESENTATIVE,R,VA,10,C001105,114
1825,Bob,CORKER,SENATOR,R,TN,N/A,C001071,114
1692,John,CORNYN,SENATOR,R,TX,N/A,C001056,114
1774,Jim,COSTA,REPRESENTATIVE,D,CA,16,C001059,114
250,Mike,CRAPO,SENATOR,R,ID,N/A,C000880,114
1604,Joseph,CROWLEY,REPRESENTATIVE,D,NY,14,C001038,114
2175,Ted,CRUZ,SENATOR,R,TX,N/A,C001098,114
2138,Steve,DAINES,SENATOR,R,MT,N/A,D000618,114
2296,Warren,DAVIDSON,REPRESENTATIVE,R,OH,N/A,D000626,115
303,Lloyd,DOGGETT,REPRESENTATIVE,D,TX,35,D000399,114
1850,Joe,DONNELLY,SENATOR,D,IN,N/A,D000607,114
326,Richard,DURBIN,SENATOR,D,IL,N/A,D000563,114
1857,Keith,ELLISON,REPRESENTATIVE,D,MN,5,E000288,114
2253,Tom,EMMER,REPRESENTATIVE,R,MN,6,E000294,114
344,Eliot,ENGEL,REPRESENTATIVE,D,NY,16,E000179,114
1542,Michael,ENZI,SENATOR,R,WY,N/A,E000285,114
2342,Adriano,ESPAILLAT,REPRESENTATIVE,D,NY,N/A,E000297,115
2343,John,FASO,REPRESENTATIVE,R,NY,N/A,F000464,115
,,FLORES,REPRESENTATIVE,R,TX,17,99999999999999999,114
2122,Tulsi,GABBARD,REPRESENTATIVE,D,HI,2,G000571,114
1973,John,GARAMENDI,REPRESENTATIVE,D,CA,3,G000559,114
2338,Josh,GOTTHEIMER,REPRESENTATIVE,D,NJ,N/A,G000583,115
2234,Gwen,GRAHAM,REPRESENTATIVE,D,FL,2,G000575,114
457,Chuck,GRASSLEY,SENATOR,R,IA,N/A,G000386,114
1351,Orrin,HATCH,SENATOR,R,UT,N/A,H000338,114
1863,Dean,HELLER,SENATOR,R,NV,N/A,H001041,114
1749,Jeb,HENSARLING,REPRESENTATIVE,R,TX,5,H001036,114
2223,J.,HILL,REPRESENTATIVE,R,AR,2,H001072,114
2079,John,HOEVEN,SENATOR,R,ND,N/A,H001061,114
2143,George,HOLDING,REPRESENTATIVE,R,NC,13,H001065,114
2327,Trey,HOLLINGSWORTH,REPRESENTATIVE,R,IN,N/A,H001074,115
566,Steny,HOYER,REPRESENTATIVE,D,MD,5,H000874,114
2015,Randy,HULTGREN,REPRESENTATIVE,R,IL,14,H001059,114
583,James,INHOFE,SENATOR,R,OK,N/A,I000024,114
1608,Johnny,ISAKSON,SENATOR,R,GA,N/A,I000055,114
2354,Pramila,JAYAPAL,REPRESENTATIVE,D,WA,N/A,J000298,115
2176,Tim,KAINE,SENATOR,D,VA,N/A,K000384,114
616,Marcy,KAPTUR,REPRESENTATIVE,D,OH,8,K000009,114
2264,John,KATKO,REPRESENTATIVE,R,NY,24,K000386,114
1498,Ron,KIND,REPRESENTATIVE,D,WI,3,K000188,114
1826,Amy,KLOBUCHAR,SENATOR,D,MN,N/A,K000367,114
1668,James,LANGEVIN,REPRESENTATIVE,D,RI,2,L000559,114
2050,James,LANKFORD,SENATOR,R,OK,N/A,L000575,114
2252,Brenda,LAWRENCE,REPRESENTATIVE,D,MI,14,L000581,114
1383,Patrick,LEAHY,SENATOR,D,VT,N/A,L000174,114
1501,Barbara,LEE,REPRESENTATIVE,D,CA,13,L000551,114
683,Sander,LEVIN,REPRESENTATIVE,D,MI,9,L000263,114
1931,Blaine,LUETKEMEYER,REPRESENTATIVE,R,MO,3,L000569,114
1686,Stephen,LYNCH,REPRESENTATIVE,D,MA,8,L000562,114
1806,Kenny,MARCHANT,REPRESENTATIVE,R,TX,24,M001158,114
735,Edward,MARKEY,SENATOR,D,MA,N/A,M000133,114
1900,Jeff,MERKLEY,SENATOR,D,OR,N/A,M001176,114
2334,Paul,MITCHELL,REPRESENTATIVE,R,MI,N/A,M001201,115
1676,Shelley,MOORE,SENATOR,R,WV,N/A,C001047,114
1694,Lisa,MURKOWSKI,SENATOR,R,AK,N/A,M001153,114
1837,Christopher,MURPHY,SENATOR,D,CT,N/A,M001169,114
1602,Grace,NAPOLITANO,REPRESENTATIVE,D,CA,32,N000179,114
854,Richard,NEAL,REPRESENTATIVE,D,MA,1,N000015,114
859,Bill,NELSON,SENATOR,D,FL,N/A,N000032,114
2060,Kristi,NOEM,REPRESENTATIVE,R,SD,0,N000184,114
2202,Donald,NORCROSS,REPRESENTATIVE,D,NJ,1,N000188,114
2361,Ralph,NORMAN,REPRESENTATIVE,R,SC,N/A,N000190,115
868,Eleanor,NORTON,DELEGATE,D,DC,N/A,N000147,114
1710,Devin,NUNES,REPRESENTATIVE,R,CA,22,N000181,114
1510,Bill,PASCRELL,REPRESENTATIVE,D,NJ,9,P000096,114
1930,Erik,PAULSEN,REPRESENTATIVE,R,MN,3,P000594,114
2097,Donald,PAYNE,REPRESENTATIVE,D,NJ,10,P000604,114
905,Nancy,PELOSI,REPRESENTATIVE,D,CA,12,P000197,114
2286,David,PERDUE,SENATOR,R,GA,N/A,P000612,114
1835,Ed,PERLMUTTER,REPRESENTATIVE,D,CO,7,P000593,114
2113,Scott,PETERS,REPRESENTATIVE,D,CA,52,P000608,114
2247,Bruce,POLIQUIN,REPRESENTATIVE,R,ME,2,P000611,114
924,Rob,PORTMAN,SENATOR,R,OH,N/A,P000449,114
2332,Jamie,RASKIN,REPRESENTATIVE,D,MD,N/A,R000606,115
1982,Tom,REED,REPRESENTATIVE,R,NY,23,R000585,114
1896,James,RISCH,SENATOR,R,ID,N/A,R000584,114
1848,Peter,ROSKAM,REPRESENTATIVE,R,IL,6,R000580,114
2158,Keith,ROTHFUS,REPRESENTATIVE,R,PA,12,R000598,114
1010,Bernard,SANDERS,SENATOR,I,VT,N/A,S000033,114
1854,John,SARBANES,REPRESENTATIVE,D,MD,3,S001168,114
1892,Steve,SCALISE,REPRESENTATIVE,R,LA,1,S001176,114
2173,Brian,SCHATZ,SENATOR,D,HI,N/A,S001194,114
1036,Charles,SCHUMER,SENATOR,D,NY,N/A,S000148,114
1994,David,SCHWEIKERT,REPRESENTATIVE,R,AZ,6,S001183,114
2113,Scott,SCOTT,REPRESENTATIVE,D,CA,52,P000608,114
1548,Jeff,SESSIONS,SENATOR,R,AL,N/A,S001141,114
1901,Jeanne,SHAHEEN,SENATOR,D,NH,N/A,S001181,114
1049,Richard,SHELBY,SENATOR,R,AL,N/A,S000320,114
1069,Louise,SLAUGHTER,REPRESENTATIVE,D,NY,25,S000480,114
2346,Lloyd,SMUCKER,REPRESENTATIVE,R,PA,N/A,S001199,115
2319,Darren,SOTO,REPRESENTATIVE,D,FL,N/A,S001200,115
1531,Debbie,STABENOW,SENATOR,D,MI,N/A,S000770,114
2290,Dan,SULLIVAN,SENATOR,R,AK,N/A,S001198,114
2344,Claudia,TENNEY,REPRESENTATIVE,R,NY,N/A,T000478,115
1829,Jon,TESTER,SENATOR,D,MT,N/A,T000464,114
1534,John,THUNE,SENATOR,R,SD,N/A,T000250,114
1664,Patrick,TIBERI,REPRESENTATIVE,R,OH,12,T000462,114
2291,Thom,TILLIS,SENATOR,R,NC,N/A,T000476,114
1594,Patrick,TOOMEY,SENATOR,R,PA,N/A,T000461,114
1567,Tom,UDALL,SENATOR,D,NM,N/A,U000039,114
2166,Marc,VEASEY,REPRESENTATIVE,D,TX,33,V000131,114
1184,Nydia,VELAZQUEZ,REPRESENTATIVE,D,NY,7,V000081,114
2137,Ann,WAGNER,REPRESENTATIVE,R,MO,2,W000812,114
1855,Tim,WALBERG,REPRESENTATIVE,R,MI,7,W000798,114
2128,Jackie,WALORSKI,REPRESENTATIVE,R,IN,2,W000813,114
2182,Elizabeth,WARREN,SENATOR,D,MA,N/A,W000817,114
1879,Peter,WELCH,REPRESENTATIVE,D,VT,0,W000800,114
2008,Rob,WOODALL,REPRESENTATIVE,R,GA,7,W000810,114
1247,Ron,WYDEN,SENATOR,D,OR,N/A,W000779,114
1853,John,YARMUTH,REPRESENTATIVE,D,KY,3,Y000062,114
2115,Ted,YOHO,REPRESENTATIVE,R,FL,3,Y000065,114
1256,Don,YOUNG,REPRESENTATIVE,R,AK,0,Y000033,114
