speaker_id,first_name,last_name,type,party,state,district,bio_guide_id,congress_id
2244,Ralph,ABRAHAM,REPRESENTATIVE,R,LA,5,A000374,114
2270,Brian,BABIN,REPRESENTATIVE,R,TX,36,B001291,114
2076,Richard,BLUM,SENATOR,D,CT,N/A,B001277,114
2127,Cheri,BUSTOS,REPRESENTATIVE,D,IL,17,B001286,114
2197,Bradley,BYRNE,REPRESENTATIVE,R,AL,1,B001289,114
1956,Jason,CHAFFETZ,REPRESENTATIVE,R,UT,3,C001076,114
2055,David,CICILLINE,REPRESENTATIVE,D,RI,1,C001084,114
1654,Wm.,CLAY,REPRESENTATIVE,D,MO,1,C001049,114
208,James,CLYBURN,REPRESENTATIVE,D,SC,6,C000537,114
,,COHEN,REPRESENTATIVE,D,TN,9,99999999999999999,114
1959,Gerald,CONNOLLY,REPRESENTATIVE,D,VA,11,C001078,114
229,John,CONYERS,REPRESENTATIVE,D,MI,13,C000714,114
1825,Bob,CORKER,SENATOR,R,TN,N/A,C001071,114
1692,John,CORNYN,SENATOR,R,TX,N/A,C001056,114
1604,Joseph,CROWLEY,REPRESENTATIVE,D,NY,14,C001038,114
326,Richard,DURBIN,SENATOR,D,IL,N/A,D000563,114
2253,Tom,EMMER,REPRESENTATIVE,R,MN,6,E000294,114
1801,Louie,GOHMERT,REPRESENTATIVE,R,TX,1,G000552,114
446,Bob,GOODLATTE,REPRESENTATIVE,R,VA,6,G000289,114
2223,J.,HILL,REPRESENTATIVE,R,AR,2,H001072,114
566,Steny,HOYER,REPRESENTATIVE,D,MD,5,H000874,114
1640,Darrell,ISSA,REPRESENTATIVE,R,CA,49,I000056,114
2149,Hakeem,JEFFRIES,REPRESENTATIVE,D,NY,8,J000294,114
2325,Raja,KRISHNAMOORTHI,REPRESENTATIVE,D,IL,N/A,K000391,115
2053,Tom,MARINO,REPRESENTATIVE,R,PA,10,M001179,114
1900,Jeff,MERKLEY,SENATOR,D,OR,N/A,M001176,114
1507,Jerry,MORAN,SENATOR,R,KS,N/A,M000934,114
850,Jerrold,NADLER,REPRESENTATIVE,D,NY,10,N000002,114
854,Richard,NEAL,REPRESENTATIVE,D,MA,1,N000015,114
2275,Dan,NEWHOUSE,REPRESENTATIVE,R,WA,4,N000189,114
868,Eleanor,NORTON,DELEGATE,D,DC,N/A,N000147,114
1955,Pete,OLSON,REPRESENTATIVE,R,TX,22,O000168,114
887,Frank,PALLONE,REPRESENTATIVE,D,NJ,6,P000034,114
905,Nancy,PELOSI,REPRESENTATIVE,D,CA,12,P000197,114
2113,Scott,PETERS,REPRESENTATIVE,D,CA,52,P000608,114
1967,Mike,QUIGLEY,REPRESENTATIVE,D,IL,5,Q000023,114
2048,James,RENACCI,REPRESENTATIVE,R,OH,16,R000586,114
1757,Linda,SANCHEZ,REPRESENTATIVE,D,CA,38,S001156,114
1036,Charles,SCHUMER,SENATOR,D,NY,N/A,S000148,114
1548,Jeff,SESSIONS,SENATOR,R,AL,N/A,S001141,114
1069,Louise,SLAUGHTER,REPRESENTATIVE,D,NY,25,S000480,114
1884,Niki,TSONGAS,REPRESENTATIVE,D,MA,3,T000465,114
1184,Nydia,VELAZQUEZ,REPRESENTATIVE,D,NY,7,V000081,114
2137,Ann,WAGNER,REPRESENTATIVE,R,MO,2,W000812,114
1855,Tim,WALBERG,REPRESENTATIVE,R,MI,7,W000798,114
2128,Jackie,WALORSKI,REPRESENTATIVE,R,IN,2,W000813,114
2021,Kevin,YODER,REPRESENTATIVE,R,KS,3,Y000063,114
