speaker_id,first_name,last_name,type,party,state,district,bio_guide_id,congress_id
1965,Michael,BENNET,SENATOR,D,CO,N/A,B001267,114
2076,Richard,BLUMENTHAL,SENATOR,D,CT,N/A,B001277,114
1464,Roy,BLUNT,SENATOR,R,MO,N/A,B000575,114
1687,John,BOOZMAN,SENATOR,R,AR,N/A,B001236,114
2106,Julia,BROWN,REPRESENTATIVE,D,CA,26,B001285,114
1676,Shelley,CAPITO,SENATOR,R,WV,N/A,C001047,115
,,CARDIN,SENATOR,D,MD,N/A,99999999999999999,114
1828,Robert,CASEY,SENATOR,D,PA,N/A,C001070,114
2121,Doug,COLLINS,REPRESENTATIVE,R,GA,9,C001093,114
1984,Christopher,COONS,SENATOR,D,DE,N/A,C001088,114
1692,John,CORNYN,SENATOR,R,TX,N/A,C001056,114
2175,Ted,CRUZ,SENATOR,R,TX,N/A,C001098,114
2138,Steve,DAINES,SENATOR,R,MT,N/A,D000618,114
1850,Joe,DONNELLY,SENATOR,D,IN,N/A,D000607,114
326,Richard,DURBIN,SENATOR,D,IL,N/A,D000563,114
1542,Michael,ENZI,SENATOR,R,WY,N/A,E000285,114
1332,Dianne,FEINSTEIN,SENATOR,D,CA,N/A,F000062,114
2179,Deb,FISCHER,SENATOR,R,NE,N/A,F000463,114
1633,Jeff,FLAKE,SENATOR,R,AZ,N/A,F000444,114
1969,Al,FRANKEN,SENATOR,D,MN,N/A,F000457,114
1351,Orrin,HATCH,SENATOR,R,UT,N/A,H000338,114
583,James,INHOFE,SENATOR,R,OK,N/A,I000024,114
1608,Johnny,ISAKSON,SENATOR,R,GA,N/A,I000055,114
2176,Tim,KAINE,SENATOR,D,VA,N/A,K000384,114
1826,Amy,KLOBUCHAR,SENATOR,D,MN,N/A,K000367,114
2050,James,LANKFORD,SENATOR,R,OK,N/A,L000575,114
1383,Patrick,LEAHY,SENATOR,D,VT,N/A,L000174,114
735,Edward,MARKEY,SENATOR,D,MA,N/A,M000133,114
1900,Jeff,MERKLEY,SENATOR,D,OR,N/A,M001176,114
1694,Lisa,MURKOWSKI,SENATOR,R,AK,N/A,M001153,114
1409,Patty,MURRAY,SENATOR,D,WA,N/A,M001111,114
1992,Paul,PAUL,REPRESENTATIVE,R,AZ,4,G000565,114
924,Rob,PORTMAN,SENATOR,R,OH,N/A,P000449,114
1982,Tom,REED,REPRESENTATIVE,R,NY,23,R000585,114
2288,Mike,ROUNDS,SENATOR,R,SD,N/A,R000605,115
2084,Marco,RUBIO,SENATOR,R,FL,N/A,R000595,114
2289,Ben,SASSE,SENATOR,R,NE,N/A,S001197,114
1036,Charles,SCHUMER,SENATOR,D,NY,N/A,S000148,114
2113,Scott,SCOTT,REPRESENTATIVE,D,CA,52,P000608,114
1901,Jeanne,SHAHEEN,SENATOR,D,NH,N/A,S001181,114
1049,Richard,SHELBY,SENATOR,R,AL,N/A,S000320,114
2290,Dan,SULLIVAN,SENATOR,R,AK,N/A,S001198,114
1829,Jon,TESTER,SENATOR,D,MT,N/A,T000464,114
1534,John,THUNE,SENATOR,R,SD,N/A,T000250,114
2182,Elizabeth,WARREN,SENATOR,D,MA,N/A,W000817,114
1823,Sheldon,WHITEHOUSE,SENATOR,D,RI,N/A,W000802,114
1247,Ron,WYDEN,SENATOR,D,OR,N/A,W000779,114
