speaker_id,first_name,last_name,type,party,state,district,bio_guide_id,congress_id
1695,Lamar,ALEXANDER,SENATOR,R,TN,N/A,A000360,114
1965,Michael,BENNET,SENATOR,D,CO,N/A,B001267,114
2063,Diane,BLACK,REPRESENTATIVE,R,TN,6,B001273,114
2076,Richard,BLUMENTHAL,SENATOR,D,CT,N/A,B001277,114
1464,Roy,BLUNT,SENATOR,R,MO,N/A,B000575,114
1676,Shelley,CAPITO,SENATOR,R,WV,N/A,C001047,115
2159,Matt,CARTWRIGHT,REPRESENTATIVE,D,PA,17,C001090,114
1828,Robert,CASEY,SENATOR,D,PA,N/A,C001070,114
1925,Bill,CASSIDY,SENATOR,R,LA,N/A,C001075,114
2121,Doug,COLLINS,REPRESENTATIVE,R,GA,9,C001093,114
1692,John,CORNYN,SENATOR,R,TX,N/A,C001056,114
2138,Steve,DAINES,SENATOR,R,MT,N/A,D000618,114
1850,Joe,DONNELLY,SENATOR,D,IN,N/A,D000607,114
2123,Tammy,DUCKWORTH,REPRESENTATIVE,D,IL,8,D000622,114
326,Richard,DURBIN,SENATOR,D,IL,N/A,D000563,114
1542,Michael,ENZI,SENATOR,R,WY,N/A,E000285,114
2342,Adriano,ESPAILLAT,REPRESENTATIVE,D,NY,N/A,E000297,115
1332,Dianne,FEINSTEIN,SENATOR,D,CA,N/A,F000062,114
414,Rodney,FRELINGHUYSEN,REPRESENTATIVE,R,NJ,11,F000372,114
2302,Margaret,HASSAN,SENATOR,D,NH,N/A,H001076,115
1351,Orrin,HATCH,SENATOR,R,UT,N/A,H000338,114
566,Steny,HOYER,REPRESENTATIVE,D,MD,5,H000874,114
1608,Johnny,ISAKSON,SENATOR,R,GA,N/A,I000055,114
2176,Tim,KAINE,SENATOR,D,VA,N/A,K000384,114
616,Marcy,KAPTUR,REPRESENTATIVE,D,OH,8,K000009,114
1724,Steve,KING,REPRESENTATIVE,R,IA,4,K000362,114
1826,Amy,KLOBUCHAR,SENATOR,D,MN,N/A,K000367,114
1668,James,LANGEVIN,REPRESENTATIVE,D,RI,2,L000559,114
1983,Joe,MANCHIN,SENATOR,D,WV,N/A,M001183,114
1900,Jeff,MERKLEY,SENATOR,D,OR,N/A,M001176,114
1507,Jerry,MORAN,SENATOR,R,KS,N/A,M000934,114
1837,Christopher,MURPHY,SENATOR,D,CT,N/A,M001169,114
1409,Patty,MURRAY,SENATOR,D,WA,N/A,M001111,114
859,Bill,NELSON,SENATOR,D,FL,N/A,N000032,114
2097,Donald,PAYNE,REPRESENTATIVE,D,NJ,10,P000604,114
2113,Scott,PETERS,REPRESENTATIVE,D,CA,52,P000608,114
2171,Mark,POCAN,REPRESENTATIVE,D,WI,2,P000607,114
924,Rob,PORTMAN,SENATOR,R,OH,N/A,P000449,114
2332,Jamie,RASKIN,REPRESENTATIVE,D,MD,N/A,R000606,115
1982,Tom,REED,REPRESENTATIVE,R,NY,23,R000585,114
1896,James,RISCH,SENATOR,R,ID,N/A,R000584,114
1036,Charles,SCHUMER,SENATOR,D,NY,N/A,S000148,114
1994,David,SCHWEIKERT,REPRESENTATIVE,R,AZ,6,S001183,114
2113,Scott,SCOTT,REPRESENTATIVE,D,CA,52,P000608,114
1901,Jeanne,SHAHEEN,SENATOR,D,NH,N/A,S001181,114
1897,Mark,WARNER,SENATOR,D,VA,N/A,W000805,114
2182,Elizabeth,WARREN,SENATOR,D,MA,N/A,W000817,114
1823,Sheldon,WHITEHOUSE,SENATOR,D,RI,N/A,W000802,114
1247,Ron,WYDEN,SENATOR,D,OR,N/A,W000779,114
