speaker_id,first_name,last_name,type,party,state,district,bio_guide_id,congress_id
1695,Lamar,ALEXANDER,SENATOR,R,TN,N/A,A000360,114
2350,Jodey,ARRINGTON,REPRESENTATIVE,R,TX,N/A,A000375,115
2337,Don,BACON,REPRESENTATIVE,R,NE,N/A,B001298,115
2153,Joyce,BEATTY,REPRESENTATIVE,D,OH,3,B001281,114
2102,Ami,BERA,REPRESENTATIVE,D,CA,7,B001287,114
2333,Jack,BERGMAN,REPRESENTATIVE,R,MI,N/A,B001301,115
99,Earl,BLUMENAUER,REPRESENTATIVE,D,OR,3,B000574,114
2076,Richard,BLUMENTHAL,SENATOR,D,CT,N/A,B001277,114
2243,Mike,BOST,REPRESENTATIVE,R,IL,12,B001295,114
2106,Julia,BROWN,REPRESENTATIVE,D,CA,26,B001285,114
1925,Bill,CASSIDY,SENATOR,R,LA,N/A,C001075,114
2055,David,CICILLINE,REPRESENTATIVE,D,RI,1,C001084,114
,,CLEAVER,REPRESENTATIVE,D,MO,5,99999999999999999,114
1692,John,CORNYN,SENATOR,R,TX,N/A,C001056,114
2321,Charlie,CRIST,REPRESENTATIVE,D,FL,N/A,C001111,115
2138,Steve,DAINES,SENATOR,R,MT,N/A,D000618,114
1976,Theodore,DEUTCH,REPRESENTATIVE,D,FL,21,D000610,114
303,Lloyd,DOGGETT,REPRESENTATIVE,D,TX,35,D000399,114
326,Richard,DURBIN,SENATOR,D,IL,N/A,D000563,114
344,Eliot,ENGEL,REPRESENTATIVE,D,NY,16,E000179,114
1542,Michael,ENZI,SENATOR,R,WY,N/A,E000285,114
355,Anna,ESHOO,REPRESENTATIVE,D,CA,18,E000215,114
1797,Michael,FITZPATRICK,REPRESENTATIVE,R,PA,8,F000451,114
1633,Jeff,FLAKE,SENATOR,R,AZ,N/A,F000444,114
1969,Al,FRANKEN,SENATOR,D,MN,N/A,F000457,114
2355,Mike,GALLAGHER,REPRESENTATIVE,R,WI,N/A,G000579,115
1998,Cory,GARDNER,SENATOR,R,CO,N/A,G000562,115
1708,Raul,GRIJALVA,REPRESENTATIVE,D,AZ,3,G000551,114
566,Steny,HOYER,REPRESENTATIVE,D,MD,5,H000874,114
2354,Pramila,JAYAPAL,REPRESENTATIVE,D,WA,N/A,J000298,115
616,Marcy,KAPTUR,REPRESENTATIVE,D,OH,8,K000009,114
2172,Joseph,KENNEDY,REPRESENTATIVE,D,MA,4,K000379,114
2308,Ro,KHANNA,REPRESENTATIVE,D,CA,N/A,K000389,115
1724,Steve,KING,REPRESENTATIVE,R,IA,4,K000362,114
1668,James,LANGEVIN,REPRESENTATIVE,D,RI,2,L000559,114
709,Nita,LOWEY,REPRESENTATIVE,D,NY,17,L000480,114
1983,Joe,MANCHIN,SENATOR,D,WV,N/A,M001183,114
735,Edward,MARKEY,SENATOR,D,MA,N/A,M000133,114
1900,Jeff,MERKLEY,SENATOR,D,OR,N/A,M001176,114
1837,Christopher,MURPHY,SENATOR,D,CT,N/A,M001169,114
1409,Patty,MURRAY,SENATOR,D,WA,N/A,M001111,114
859,Bill,NELSON,SENATOR,D,FL,N/A,N000032,114
867,Richard,NOLAN,REPRESENTATIVE,D,MN,8,N000127,114
868,Eleanor,NORTON,DELEGATE,D,DC,N/A,N000147,114
,,PLASKETT,DELEGATE,I,VI,N/A,99999999999999999,114
2332,Jamie,RASKIN,REPRESENTATIVE,D,MD,N/A,R000606,115
1896,James,RISCH,SENATOR,R,ID,N/A,R000584,114
2289,Ben,SASSE,SENATOR,R,NE,N/A,S001197,114
2173,Brian,SCHATZ,SENATOR,D,HI,N/A,S001194,114
1036,Charles,SCHUMER,SENATOR,D,NY,N/A,S000148,114
1548,Jeff,SESSIONS,SENATOR,R,AL,N/A,S001141,114
1901,Jeanne,SHAHEEN,SENATOR,D,NH,N/A,S001181,114
1527,John,SHIMKUS,REPRESENTATIVE,R,IL,15,S000364,114
2341,Thomas,SUOZZI,REPRESENTATIVE,D,NY,N/A,S001201,115
1534,John,THUNE,SENATOR,R,SD,N/A,T000250,114
1942,Paul,TONKO,REPRESENTATIVE,D,NY,20,T000469,114
1567,Tom,UDALL,SENATOR,D,NM,N/A,U000039,114
2166,Marc,VEASEY,REPRESENTATIVE,D,TX,33,V000131,114
1184,Nydia,VELAZQUEZ,REPRESENTATIVE,D,NY,7,V000081,114
2182,Elizabeth,WARREN,SENATOR,D,MA,N/A,W000817,114
1879,Peter,WELCH,REPRESENTATIVE,D,VT,0,W000800,114
1823,Sheldon,WHITEHOUSE,SENATOR,D,RI,N/A,W000802,114
2008,Rob,WOODALL,REPRESENTATIVE,R,GA,7,W000810,114
