speaker_id,first_name,last_name,type,party,state,district,bio_guide_id,congress_id
2201,Alma,ADAMS,REPRESENTATIVE,D,NC,12,A000370,114
2239,Rick,ALLEN,REPRESENTATIVE,R,GA,12,A000372,114
1881,John,BARRASSO,SENATOR,R,WY,N/A,B001261,114
2307,Andy,BIGGS,REPRESENTATIVE,R,AZ,N/A,B001302,115
1838,Gus,BILIRAKIS,REPRESENTATIVE,R,FL,12,B001257,114
2092,Suzanne,BONAMICI,REPRESENTATIVE,D,OR,1,B001278,114
2194,Cory,BOOKER,SENATOR,D,NJ,N/A,B001288,114
2106,Julia,BROWN,REPRESENTATIVE,D,CA,26,B001285,114
2233,Ken,BUCK,REPRESENTATIVE,R,CO,4,B001297,114
2197,Bradley,BYRNE,REPRESENTATIVE,R,AL,1,B001289,114
1676,Shelley,CAPITO,SENATOR,R,WV,N/A,C001047,115
179,Thomas,CARPER,SENATOR,D,DE,N/A,C000174,114
2055,David,CICILLINE,REPRESENTATIVE,D,RI,1,C001084,114
1692,John,CORNYN,SENATOR,R,TX,N/A,C001056,114
2098,Tom,COTTON,SENATOR,R,AR,N/A,C001095,114
2175,Ted,CRUZ,SENATOR,R,TX,N/A,C001098,114
2138,Steve,DAINES,SENATOR,R,MT,N/A,D000618,114
2133,John,DELANEY,REPRESENTATIVE,D,MD,6,D000620,114
2123,Tammy,DUCKWORTH,REPRESENTATIVE,D,IL,8,D000622,114
2315,Neal,DUNN,REPRESENTATIVE,R,FL,N/A,D000628,115
326,Richard,DURBIN,SENATOR,D,IL,N/A,D000563,114
1857,Keith,ELLISON,REPRESENTATIVE,D,MN,5,E000288,114
344,Eliot,ENGEL,REPRESENTATIVE,D,NY,16,E000179,114
2283,Joni,ERNST,SENATOR,R,IA,N/A,E000295,114
2342,Adriano,ESPAILLAT,REPRESENTATIVE,D,NY,N/A,E000297,115
1797,Michael,FITZPATRICK,REPRESENTATIVE,R,PA,8,F000451,114
2122,Tulsi,GABBARD,REPRESENTATIVE,D,HI,2,G000571,114
2355,Mike,GALLAGHER,REPRESENTATIVE,R,WI,N/A,G000579,115
1998,Cory,GARDNER,SENATOR,R,CO,N/A,G000562,115
1487,Kay,GRANGER,REPRESENTATIVE,R,TX,12,G000377,114
457,Chuck,GRASSLEY,SENATOR,R,IA,N/A,G000386,114
2026,Andy,HARRIS,REPRESENTATIVE,R,MD,1,H001052,114
511,Alcee,HASTINGS,REPRESENTATIVE,D,FL,20,H000324,114
1351,Orrin,HATCH,SENATOR,R,UT,N/A,H000338,114
1749,Jeb,HENSARLING,REPRESENTATIVE,R,TX,5,H001036,114
2223,J.,HILL,REPRESENTATIVE,R,AR,2,H001072,114
1844,Mazie,HIRONO,SENATOR,D,HI,N/A,H001042,114
2028,Bill,HUIZENGA,REPRESENTATIVE,R,MI,2,H001058,114
2015,Randy,HULTGREN,REPRESENTATIVE,R,IL,14,H001059,114
583,James,INHOFE,SENATOR,R,OK,N/A,I000024,114
616,Marcy,KAPTUR,REPRESENTATIVE,D,OH,8,K000009,114
2172,Joseph,KENNEDY,REPRESENTATIVE,D,MA,4,K000379,114
2134,Daniel,KILDEE,REPRESENTATIVE,D,MI,5,K000380,114
2014,Adam,KINZINGER,REPRESENTATIVE,R,IL,16,K000378,114
1834,Doug,LAMBORN,REPRESENTATIVE,R,CO,5,L000564,114
1383,Patrick,LEAHY,SENATOR,D,VT,N/A,L000174,114
2238,Barry,LOUDERMILK,REPRESENTATIVE,R,GA,11,L000583,114
711,Frank,LUCAS,REPRESENTATIVE,R,OK,3,L000491,114
1931,Blaine,LUETKEMEYER,REPRESENTATIVE,R,MO,3,L000569,114
735,Edward,MARKEY,SENATOR,D,MA,N/A,M000133,114
2328,Roger,MARSHALL,REPRESENTATIVE,R,KS,N/A,M001198,115
2052,Patrick,MEEHAN,REPRESENTATIVE,R,PA,7,M001181,114
2334,Paul,MITCHELL,REPRESENTATIVE,R,MI,N/A,M001201,115
1409,Patty,MURRAY,SENATOR,D,WA,N/A,M001111,114
2309,Jimmy,PANETTA,REPRESENTATIVE,D,CA,N/A,P000613,115
2141,Robert,PITTENGER,REPRESENTATIVE,R,NC,9,P000606,114
1910,Jared,POLIS,REPRESENTATIVE,D,CO,2,P000598,114
2339,Jacky,ROSEN,REPRESENTATIVE,D,NV,N/A,R000608,115
1003,Bobby,RUSH,REPRESENTATIVE,D,IL,1,R000515,114
2265,Steve,RUSSELL,REPRESENTATIVE,R,OK,5,R000604,114
1010,Bernard,SANDERS,SENATOR,I,VT,N/A,S000033,114
1036,Charles,SCHUMER,SENATOR,D,NY,N/A,S000148,114
1901,Jeanne,SHAHEEN,SENATOR,D,NH,N/A,S001181,114
1818,Albio,SIRES,REPRESENTATIVE,D,NJ,8,S001165,114
2346,Lloyd,SMUCKER,REPRESENTATIVE,R,PA,N/A,S001199,115
2341,Thomas,SUOZZI,REPRESENTATIVE,D,NY,N/A,S001201,115
2344,Claudia,TENNEY,REPRESENTATIVE,R,NY,N/A,T000478,115
1829,Jon,TESTER,SENATOR,D,MT,N/A,T000464,114
1534,John,THUNE,SENATOR,R,SD,N/A,T000250,114
1594,Patrick,TOOMEY,SENATOR,R,PA,N/A,T000461,114
2250,David,TROTT,REPRESENTATIVE,R,MI,11,T000475,114
2166,Marc,VEASEY,REPRESENTATIVE,D,TX,33,V000131,114
1897,Mark,WARNER,SENATOR,D,VA,N/A,W000805,114
2182,Elizabeth,WARREN,SENATOR,D,MA,N/A,W000817,114
2165,Roger,WILLIAMS,REPRESENTATIVE,R,TX,25,W000816,114
1247,Ron,WYDEN,SENATOR,D,OR,N/A,W000779,114
2261,Lee,ZELDIN,REPRESENTATIVE,R,NY,1,Z000017,114
