speaker_id,first_name,last_name,type,party,state,district,bio_guide_id,congress_id
2229,Pete,AGUILAR,REPRESENTATIVE,D,CA,31,A000371,114
2311,Nanette,BARRAGAN,REPRESENTATIVE,D,CA,N/A,B001300,115
1881,John,BARRASSO,SENATOR,R,WY,N/A,B001261,114
1996,Karen,BASS,REPRESENTATIVE,D,CA,37,B001270,114
1838,Gus,BILIRAKIS,REPRESENTATIVE,R,FL,12,B001257,114
99,Earl,BLUMENAUER,REPRESENTATIVE,D,OR,3,B000574,114
2076,Richard,BLUMENTHAL,SENATOR,D,CT,N/A,B001277,114
1723,Madeleine,BORDALLO,REPRESENTATIVE,D,GU,N/A,B001245,115
2310,Salud,CARBAJAL,REPRESENTATIVE,D,CA,N/A,C001112,115
179,Thomas,CARPER,SENATOR,D,DE,N/A,C000174,114
2159,Matt,CARTWRIGHT,REPRESENTATIVE,D,PA,17,C001090,114
1925,Bill,CASSIDY,SENATOR,R,LA,N/A,C001075,114
2055,David,CICILLINE,REPRESENTATIVE,D,RI,1,C001084,114
2259,Bonnie,COLE,REPRESENTATIVE,D,NJ,12,W000822,114
1692,John,CORNYN,SENATOR,R,TX,N/A,C001056,114
2312,J.,CORREA,REPRESENTATIVE,D,CA,N/A,C001110,115
250,Mike,CRAPO,SENATOR,R,ID,N/A,C000880,114
2321,Charlie,CRIST,REPRESENTATIVE,D,FL,N/A,C001111,115
2175,Ted,CRUZ,SENATOR,R,TX,N/A,C001098,114
2138,Steve,DAINES,SENATOR,R,MT,N/A,D000618,114
2293,Daniel,DONOVAN,REPRESENTATIVE,R,NY,11,D000625,114
326,Richard,DURBIN,SENATOR,D,IL,N/A,D000563,114
2342,Adriano,ESPAILLAT,REPRESENTATIVE,D,NY,N/A,E000297,115
1332,Dianne,FEINSTEIN,SENATOR,D,CA,N/A,F000062,114
2324,A.,FERGUSON,REPRESENTATIVE,R,GA,N/A,F000465,115
1797,Michael,FITZPATRICK,REPRESENTATIVE,R,PA,8,F000451,114
1633,Jeff,FLAKE,SENATOR,R,AZ,N/A,F000444,114
1791,Virginia,FOXX,REPRESENTATIVE,R,NC,5,F000450,114
2122,Tulsi,GABBARD,REPRESENTATIVE,D,HI,2,G000571,114
2226,Ruben,GALLEGO,REPRESENTATIVE,D,AZ,7,G000574,114
1998,Cory,GARDNER,SENATOR,R,CO,N/A,G000562,115
1708,Raul,GRIJALVA,REPRESENTATIVE,D,AZ,3,G000551,114
478,Luis,GUTIERREZ,REPRESENTATIVE,D,IL,4,G000535,114
1844,Mazie,HIRONO,SENATOR,D,HI,N/A,H001042,114
566,Steny,HOYER,REPRESENTATIVE,D,MD,5,H000874,114
2101,Jared,HUFFMAN,REPRESENTATIVE,D,CA,2,H001068,114
2015,Randy,HULTGREN,REPRESENTATIVE,R,IL,14,H001059,114
1909,Duncan,HUNTER,REPRESENTATIVE,R,CA,50,H001048,114
583,James,INHOFE,SENATOR,R,OK,N/A,I000024,114
2354,Pramila,JAYAPAL,REPRESENTATIVE,D,WA,N/A,J000298,115
616,Marcy,KAPTUR,REPRESENTATIVE,D,OH,8,K000009,114
2025,William,KEATING,REPRESENTATIVE,D,MA,9,K000375,114
2172,Joseph,KENNEDY,REPRESENTATIVE,D,MA,4,K000379,114
2134,Daniel,KILDEE,REPRESENTATIVE,D,MI,5,K000380,114
2169,Derek,KILMER,REPRESENTATIVE,D,WA,6,K000381,114
2050,James,LANKFORD,SENATOR,R,OK,N/A,L000575,114
,,LATTA,REPRESENTATIVE,R,OH,5,99999999999999999,114
2252,Brenda,LAWRENCE,REPRESENTATIVE,D,MI,14,L000581,114
1383,Patrick,LEAHY,SENATOR,D,VT,N/A,L000174,114
1501,Barbara,LEE,REPRESENTATIVE,D,CA,13,L000551,114
701,Zoe,LOFGREN,REPRESENTATIVE,D,CA,19,L000397,114
2111,Alan,LOWENTHAL,REPRESENTATIVE,D,CA,47,L000579,114
1983,Joe,MANCHIN,SENATOR,D,WV,N/A,M001183,114
735,Edward,MARKEY,SENATOR,D,MA,N/A,M000133,114
2328,Roger,MARSHALL,REPRESENTATIVE,R,KS,N/A,M001198,115
1814,Doris,MATSUI,REPRESENTATIVE,D,CA,6,M001163,114
1900,Jeff,MERKLEY,SENATOR,D,OR,N/A,M001176,114
1409,Patty,MURRAY,SENATOR,D,WA,N/A,M001111,114
850,Jerrold,NADLER,REPRESENTATIVE,D,NY,10,N000002,114
1602,Grace,NAPOLITANO,REPRESENTATIVE,D,CA,32,N000179,114
867,Richard,NOLAN,REPRESENTATIVE,D,MN,8,N000127,114
868,Eleanor,NORTON,DELEGATE,D,DC,N/A,N000147,114
1955,Pete,OLSON,REPRESENTATIVE,R,TX,22,O000168,114
2309,Jimmy,PANETTA,REPRESENTATIVE,D,CA,N/A,P000613,115
905,Nancy,PELOSI,REPRESENTATIVE,D,CA,12,P000197,114
2113,Scott,PETERS,REPRESENTATIVE,D,CA,52,P000608,114
1910,Jared,POLIS,REPRESENTATIVE,D,CO,2,P000598,114
2332,Jamie,RASKIN,REPRESENTATIVE,D,MD,N/A,R000606,115
1982,Tom,REED,REPRESENTATIVE,R,NY,23,R000585,114
2109,Raul,RUIZ,REPRESENTATIVE,D,CA,36,R000599,114
,,SABLAN,DELEGATE,I,MP,N/A,99999999999999999,114
1757,Linda,SANCHEZ,REPRESENTATIVE,D,CA,38,S001156,114
1010,Bernard,SANDERS,SENATOR,I,VT,N/A,S000033,114
1588,Janice,SCHAKOWSKY,REPRESENTATIVE,D,IL,9,S001145,114
1036,Charles,SCHUMER,SENATOR,D,NY,N/A,S000148,114
1042,Jose,SERRANO,REPRESENTATIVE,D,NY,15,S000248,114
2319,Darren,SOTO,REPRESENTATIVE,D,FL,N/A,S001200,115
1890,Jackie,SPEIER,REPRESENTATIVE,D,CA,14,S001175,114
1531,Debbie,STABENOW,SENATOR,D,MI,N/A,S000770,114
2341,Thomas,SUOZZI,REPRESENTATIVE,D,NY,N/A,S001201,115
2110,Mark,TAKANO,REPRESENTATIVE,D,CA,41,T000472,114
1829,Jon,TESTER,SENATOR,D,MT,N/A,T000464,114
1534,John,THUNE,SENATOR,R,SD,N/A,T000250,114
1940,Dina,TITUS,REPRESENTATIVE,D,NV,1,T000468,114
1942,Paul,TONKO,REPRESENTATIVE,D,NY,20,T000469,114
2231,Norma,TORRES,REPRESENTATIVE,D,CA,35,T000474,114
1884,Niki,TSONGAS,REPRESENTATIVE,D,MA,3,T000465,114
1567,Tom,UDALL,SENATOR,D,NM,N/A,U000039,114
2112,Juan,VARGAS,REPRESENTATIVE,D,CA,51,V000130,114
2166,Marc,VEASEY,REPRESENTATIVE,D,TX,33,V000131,114
1184,Nydia,VELAZQUEZ,REPRESENTATIVE,D,NY,7,V000081,114
1855,Tim,WALBERG,REPRESENTATIVE,R,MI,7,W000798,114
2128,Jackie,WALORSKI,REPRESENTATIVE,R,IN,2,W000813,114
1897,Mark,WARNER,SENATOR,D,VA,N/A,W000805,114
2182,Elizabeth,WARREN,SENATOR,D,MA,N/A,W000817,114
1823,Sheldon,WHITEHOUSE,SENATOR,D,RI,N/A,W000802,114
2008,Rob,WOODALL,REPRESENTATIVE,R,GA,7,W000810,114
2261,Lee,ZELDIN,REPRESENTATIVE,R,NY,1,Z000017,114
