speaker_id,first_name,last_name,type,party,state,district,bio_guide_id,congress_id
2311,Nanette,BARRAGAN,REPRESENTATIVE,D,CA,N/A,B001300,115
1881,John,BARRASSO,SENATOR,R,WY,N/A,B001261,114
1838,Gus,BILIRAKIS,REPRESENTATIVE,R,FL,12,B001257,114
1464,Roy,BLUNT,SENATOR,R,MO,N/A,B000575,114
1687,John,BOOZMAN,SENATOR,R,AR,N/A,B001236,114
2106,Julia,BROWN,REPRESENTATIVE,D,CA,26,B001285,114
1751,Michael,BURGESS,REPRESENTATIVE,R,TX,26,B001248,114
153,Richard,BURR,SENATOR,R,NC,N/A,B001135,114
172,Maria,CANTWELL,SENATOR,D,WA,N/A,C000127,114
,,CARDIN,SENATOR,D,MD,N/A,99999999999999999,114
1925,Bill,CASSIDY,SENATOR,R,LA,N/A,C001075,114
2121,Doug,COLLINS,REPRESENTATIVE,R,GA,9,C001093,114
1984,Christopher,COONS,SENATOR,D,DE,N/A,C001088,114
1825,Bob,CORKER,SENATOR,R,TN,N/A,C001071,114
1692,John,CORNYN,SENATOR,R,TX,N/A,C001056,114
2098,Tom,COTTON,SENATOR,R,AR,N/A,C001095,114
250,Mike,CRAPO,SENATOR,R,ID,N/A,C000880,114
1989,Eric,CRAWFORD,REPRESENTATIVE,R,AR,1,C001087,114
2138,Steve,DAINES,SENATOR,R,MT,N/A,D000618,114
326,Richard,DURBIN,SENATOR,D,IL,N/A,D000563,114
1633,Jeff,FLAKE,SENATOR,R,AZ,N/A,F000444,114
1998,Cory,GARDNER,SENATOR,R,CO,N/A,G000562,115
2234,Gwen,GRAHAM,REPRESENTATIVE,D,FL,2,G000575,114
1351,Orrin,HATCH,SENATOR,R,UT,N/A,H000338,114
2172,Joseph,KENNEDY,REPRESENTATIVE,D,MA,4,K000379,114
1498,Ron,KIND,REPRESENTATIVE,D,WI,3,K000188,114
1724,Steve,KING,REPRESENTATIVE,R,IA,4,K000362,114
1826,Amy,KLOBUCHAR,SENATOR,D,MN,N/A,K000367,114
2050,James,LANKFORD,SENATOR,R,OK,N/A,L000575,114
2252,Brenda,LAWRENCE,REPRESENTATIVE,D,MI,14,L000581,114
1383,Patrick,LEAHY,SENATOR,D,VT,N/A,L000174,114
1983,Joe,MANCHIN,SENATOR,D,WV,N/A,M001183,114
1806,Kenny,MARCHANT,REPRESENTATIVE,R,TX,24,M001158,114
1837,Christopher,MURPHY,SENATOR,D,CT,N/A,M001169,114
854,Richard,NEAL,REPRESENTATIVE,D,MA,1,N000015,114
1992,Paul,PAUL,REPRESENTATIVE,R,AZ,4,G000565,114
905,Nancy,PELOSI,REPRESENTATIVE,D,CA,12,P000197,114
1982,Tom,REED,REPRESENTATIVE,R,NY,23,R000585,114
2256,David,ROUZER,REPRESENTATIVE,R,NC,7,R000603,114
1003,Bobby,RUSH,REPRESENTATIVE,D,IL,1,R000515,114
1010,Bernard,SANDERS,SENATOR,I,VT,N/A,S000033,114
1036,Charles,SCHUMER,SENATOR,D,NY,N/A,S000148,114
2113,Scott,SCOTT,REPRESENTATIVE,D,CA,52,P000608,114
1901,Jeanne,SHAHEEN,SENATOR,D,NH,N/A,S001181,114
2290,Dan,SULLIVAN,SENATOR,R,AK,N/A,S001198,114
2110,Mark,TAKANO,REPRESENTATIVE,D,CA,41,T000472,114
1534,John,THUNE,SENATOR,R,SD,N/A,T000250,114
1664,Patrick,TIBERI,REPRESENTATIVE,R,OH,12,T000462,114
1594,Patrick,TOOMEY,SENATOR,R,PA,N/A,T000461,114
1823,Sheldon,WHITEHOUSE,SENATOR,D,RI,N/A,W000802,114
1247,Ron,WYDEN,SENATOR,D,OR,N/A,W000779,114
1256,Don,YOUNG,REPRESENTATIVE,R,AK,0,Y000033,114
