speaker_id,first_name,last_name,type,party,state,district,bio_guide_id,congress_id
2244,Ralph,ABRAHAM,REPRESENTATIVE,R,LA,5,A000374,114
2201,Alma,ADAMS,REPRESENTATIVE,D,NC,12,A000370,114
2238,Barry,BARR,REPRESENTATIVE,R,GA,11,L000583,114
99,Earl,BLUMENAUER,REPRESENTATIVE,D,OR,3,B000574,114
2092,Suzanne,BONAMICI,REPRESENTATIVE,D,OR,1,B001278,114
2243,Mike,BOST,REPRESENTATIVE,R,IL,12,B001295,114
1761,G.,BUTTERFIELD,REPRESENTATIVE,D,NC,1,B001251,114
2159,Matt,CARTWRIGHT,REPRESENTATIVE,D,PA,17,C001090,114
2055,David,CICILLINE,REPRESENTATIVE,D,RI,1,C001084,114
229,John,CONYERS,REPRESENTATIVE,D,MI,13,C000714,114
1692,John,CORNYN,SENATOR,R,TX,N/A,C001056,114
1774,Jim,COSTA,REPRESENTATIVE,D,CA,16,C001059,114
1995,Jeff,DENHAM,REPRESENTATIVE,R,CA,10,D000612,114
1976,Theodore,DEUTCH,REPRESENTATIVE,D,FL,21,D000610,114
303,Lloyd,DOGGETT,REPRESENTATIVE,D,TX,35,D000399,114
344,Eliot,ENGEL,REPRESENTATIVE,D,NY,16,E000179,114
2342,Adriano,ESPAILLAT,REPRESENTATIVE,D,NY,N/A,E000297,115
2324,A.,FERGUSON,REPRESENTATIVE,R,GA,N/A,F000465,115
1791,Virginia,FOXX,REPRESENTATIVE,R,NC,5,F000450,114
1969,Al,FRANKEN,SENATOR,D,MN,N/A,F000457,114
2122,Tulsi,GABBARD,REPRESENTATIVE,D,HI,2,G000571,114
2355,Mike,GALLAGHER,REPRESENTATIVE,R,WI,N/A,G000579,115
1737,Scott,GARRETT,REPRESENTATIVE,R,NJ,5,G000548,114
2359,Greg,GIANFORTE,REPRESENTATIVE,R,MT,N/A,G000584,115
446,Bob,GOODLATTE,REPRESENTATIVE,R,VA,6,G000289,114
478,Luis,GUTIERREZ,REPRESENTATIVE,D,IL,4,G000535,114
1933,Gregg,HARPER,REPRESENTATIVE,R,MS,3,H001045,114
1749,Jeb,HENSARLING,REPRESENTATIVE,R,TX,5,H001036,114
1498,Ron,KIND,REPRESENTATIVE,D,WI,3,K000188,114
1668,James,LANGEVIN,REPRESENTATIVE,D,RI,2,L000559,114
2252,Brenda,LAWRENCE,REPRESENTATIVE,D,MI,14,L000581,114
1686,Stephen,LYNCH,REPRESENTATIVE,D,MA,8,L000562,114
850,Jerrold,NADLER,REPRESENTATIVE,D,NY,10,N000002,114
2361,Ralph,NORMAN,REPRESENTATIVE,R,SC,N/A,N000190,115
1510,Bill,PASCRELL,REPRESENTATIVE,D,NJ,9,P000096,114
1930,Erik,PAULSEN,REPRESENTATIVE,R,MN,3,P000594,114
1927,Chellie,PINGREE,REPRESENTATIVE,D,ME,1,P000597,114
2141,Robert,PITTENGER,REPRESENTATIVE,R,NC,9,P000606,114
2247,Bruce,POLIQUIN,REPRESENTATIVE,R,ME,2,P000611,114
2332,Jamie,RASKIN,REPRESENTATIVE,D,MD,N/A,R000606,115
979,Dana,ROHRABACHER,REPRESENTATIVE,R,CA,48,R000409,114
2017,Todd,ROKITA,REPRESENTATIVE,R,IN,4,R000592,114
2109,Raul,RUIZ,REPRESENTATIVE,D,CA,36,R000599,114
2124,Bradley,SCHNEIDER,REPRESENTATIVE,D,IL,N/A,S001190,115
2346,Lloyd,SMUCKER,REPRESENTATIVE,R,PA,N/A,S001199,115
2319,Darren,SOTO,REPRESENTATIVE,D,FL,N/A,S001200,115
2168,Chris,STEWART,REPRESENTATIVE,R,UT,2,S001192,114
2341,Thomas,SUOZZI,REPRESENTATIVE,D,NY,N/A,S001201,115
2110,Mark,TAKANO,REPRESENTATIVE,D,CA,41,T000472,114
2344,Claudia,TENNEY,REPRESENTATIVE,R,NY,N/A,T000478,115
1940,Dina,TITUS,REPRESENTATIVE,D,NV,1,T000468,114
2231,Norma,TORRES,REPRESENTATIVE,D,CA,35,T000474,114
2166,Marc,VEASEY,REPRESENTATIVE,D,TX,33,V000131,114
2137,Ann,WAGNER,REPRESENTATIVE,R,MO,2,W000812,114
2008,Rob,WOODALL,REPRESENTATIVE,R,GA,7,W000810,114
2021,Kevin,YODER,REPRESENTATIVE,R,KS,3,Y000063,114
2115,Ted,YOHO,REPRESENTATIVE,R,FL,3,Y000065,114
2261,Lee,ZELDIN,REPRESENTATIVE,R,NY,1,Z000017,114
