speaker_id,first_name,last_name,type,party,state,district,bio_guide_id,congress_id
1695,Lamar,ALEXANDER,SENATOR,R,TN,N/A,A000360,114
2239,Rick,ALLEN,REPRESENTATIVE,R,GA,12,A000372,114
2270,Brian,BABIN,REPRESENTATIVE,R,TX,36,B001291,114
2311,Nanette,BARRAGAN,REPRESENTATIVE,D,CA,N/A,B001300,115
2307,Andy,BIGGS,REPRESENTATIVE,R,AZ,N/A,B001302,115
2076,Richard,BLUMENTHAL,SENATOR,D,CT,N/A,B001277,114
,,CARDIN,SENATOR,D,MD,N/A,99999999999999999,114
1805,K.,CONAWAY,REPRESENTATIVE,R,TX,11,C001062,114
1692,John,CORNYN,SENATOR,R,TX,N/A,C001056,114
2138,Steve,DAINES,SENATOR,R,MT,N/A,D000618,114
1850,Joe,DONNELLY,SENATOR,D,IN,N/A,D000607,114
326,Richard,DURBIN,SENATOR,D,IL,N/A,D000563,114
344,Eliot,ENGEL,REPRESENTATIVE,D,NY,16,E000179,114
2343,John,FASO,REPRESENTATIVE,R,NY,N/A,F000464,115
1737,Scott,GARRETT,REPRESENTATIVE,R,NJ,5,G000548,114
1801,Louie,GOHMERT,REPRESENTATIVE,R,TX,1,G000552,114
457,Chuck,GRASSLEY,SENATOR,R,IA,N/A,G000386,114
2032,Vicky,HARTZLER,REPRESENTATIVE,R,MO,4,H001053,114
2302,Margaret,HASSAN,SENATOR,D,NH,N/A,H001076,115
1844,Mazie,HIRONO,SENATOR,D,HI,N/A,H001042,114
2354,Pramila,JAYAPAL,REPRESENTATIVE,D,WA,N/A,J000298,115
2325,Raja,KRISHNAMOORTHI,REPRESENTATIVE,D,IL,N/A,K000391,115
1668,James,LANGEVIN,REPRESENTATIVE,D,RI,2,L000559,114
2271,Mia,LOVE,REPRESENTATIVE,R,UT,4,L000584,114
735,Edward,MARKEY,SENATOR,D,MA,N/A,M000133,114
791,Robert,MENENDEZ,SENATOR,D,NJ,N/A,M000639,114
1900,Jeff,MERKLEY,SENATOR,D,OR,N/A,M001176,114
1507,Jerry,MORAN,SENATOR,R,KS,N/A,M000934,114
859,Bill,NELSON,SENATOR,D,FL,N/A,N000032,114
2060,Kristi,NOEM,REPRESENTATIVE,R,SD,0,N000184,114
2361,Ralph,NORMAN,REPRESENTATIVE,R,SC,N/A,N000190,115
2097,Donald,PAYNE,REPRESENTATIVE,D,NJ,10,P000604,114
,,PLASKETT,DELEGATE,I,VI,N/A,99999999999999999,114
924,Rob,PORTMAN,SENATOR,R,OH,N/A,P000449,114
2339,Jacky,ROSEN,REPRESENTATIVE,D,NV,N/A,R000608,115
2158,Keith,ROTHFUS,REPRESENTATIVE,R,PA,12,R000598,114
2316,John,RUTHERFORD,REPRESENTATIVE,R,FL,N/A,R000609,115
1757,Linda,SANCHEZ,REPRESENTATIVE,D,CA,38,S001156,114
2289,Ben,SASSE,SENATOR,R,NE,N/A,S001197,114
2173,Brian,SCHATZ,SENATOR,D,HI,N/A,S001194,114
2290,Dan,SULLIVAN,SENATOR,R,AK,N/A,S001198,114
2344,Claudia,TENNEY,REPRESENTATIVE,R,NY,N/A,T000478,115
1534,John,THUNE,SENATOR,R,SD,N/A,T000250,114
1855,Tim,WALBERG,REPRESENTATIVE,R,MI,7,W000798,114
1226,Roger,WICKER,SENATOR,R,MS,N/A,W000437,114
1247,Ron,WYDEN,SENATOR,D,OR,N/A,W000779,114
