speaker_id,first_name,last_name,type,party,state,district,bio_guide_id,congress_id
1695,Lamar,ALEXANDER,SENATOR,R,TN,N/A,A000360,114
1881,John,BARRASSO,SENATOR,R,WY,N/A,B001261,114
229,John,CONYERS,REPRESENTATIVE,D,MI,13,C000714,114
326,Richard,DURBIN,SENATOR,D,IL,N/A,D000563,114
2253,Tom,EMMER,REPRESENTATIVE,R,MN,6,E000294,114
2283,Joni,ERNST,SENATOR,R,IA,N/A,E000295,114
1793,Jeff,FORTENBERRY,REPRESENTATIVE,R,NE,1,F000449,114
1866,Kirsten,GILLIBRAND,SENATOR,D,NY,N/A,G000555,114
446,Bob,GOODLATTE,REPRESENTATIVE,R,VA,6,G000289,114
1351,Orrin,HATCH,SENATOR,R,UT,N/A,H000338,114
2174,Heidi,HEITKAMP,SENATOR,D,ND,N/A,H001069,114
2223,J.,HILL,REPRESENTATIVE,R,AR,2,H001072,114
1844,Mazie,HIRONO,SENATOR,D,HI,N/A,H001042,114
1724,Steve,KING,REPRESENTATIVE,R,IA,4,K000362,114
1834,Doug,LAMBORN,REPRESENTATIVE,R,CO,5,L000564,114
2050,James,LANKFORD,SENATOR,R,OK,N/A,L000575,114
1409,Patty,MURRAY,SENATOR,D,WA,N/A,M001111,114
850,Jerrold,NADLER,REPRESENTATIVE,D,NY,10,N000002,114
2060,Kristi,NOEM,REPRESENTATIVE,R,SD,0,N000184,114
1910,Jared,POLIS,REPRESENTATIVE,D,CO,2,P000598,114
1982,Tom,REED,REPRESENTATIVE,R,NY,23,R000585,114
1036,Charles,SCHUMER,SENATOR,D,NY,N/A,S000148,114
1829,Jon,TESTER,SENATOR,D,MT,N/A,T000464,114
1997,Scott,TIPTON,REPRESENTATIVE,R,CO,3,T000470,114
2021,Kevin,YODER,REPRESENTATIVE,R,KS,3,Y000063,114
