speaker_id,first_name,last_name,type,party,state,district,bio_guide_id,congress_id
2106,Julia,BROWN,REPRESENTATIVE,D,CA,26,B001285,114
1825,Bob,CORKER,SENATOR,R,TN,N/A,C001071,114
1692,John,CORNYN,SENATOR,R,TX,N/A,C001056,114
326,Richard,DURBIN,SENATOR,D,IL,N/A,D000563,114
2253,Tom,EMMER,REPRESENTATIVE,R,MN,6,E000294,114
2342,Adriano,ESPAILLAT,REPRESENTATIVE,D,NY,N/A,E000297,115
2067,Blake,FARENTHOLD,REPRESENTATIVE,R,TX,27,F000460,114
1797,Michael,FITZPATRICK,REPRESENTATIVE,R,PA,8,F000451,114
1351,Orrin,HATCH,SENATOR,R,UT,N/A,H000338,114
2174,Heidi,HEITKAMP,SENATOR,D,ND,N/A,H001069,114
1863,Dean,HELLER,SENATOR,R,NV,N/A,H001041,114
2223,J.,HILL,REPRESENTATIVE,R,AR,2,H001072,114
566,Steny,HOYER,REPRESENTATIVE,D,MD,5,H000874,114
1383,Patrick,LEAHY,SENATOR,D,VT,N/A,L000174,114
791,Robert,MENENDEZ,SENATOR,D,NJ,N/A,M000639,114
859,Bill,NELSON,SENATOR,D,FL,N/A,N000032,114
868,Eleanor,NORTON,DELEGATE,D,DC,N/A,N000147,114
1510,Bill,PASCRELL,REPRESENTATIVE,D,NJ,9,P000096,114
1854,John,SARBANES,REPRESENTATIVE,D,MD,3,S001168,114
1036,Charles,SCHUMER,SENATOR,D,NY,N/A,S000148,114
1247,Ron,WYDEN,SENATOR,D,OR,N/A,W000779,114
