speaker_id,first_name,last_name,type,party,state,district,bio_guide_id,congress_id
2244,Ralph,ABRAHAM,REPRESENTATIVE,R,LA,5,A000374,114
2229,Pete,AGUILAR,REPRESENTATIVE,D,CA,31,A000371,114
2270,Brian,BABIN,REPRESENTATIVE,R,TX,36,B001291,114
1838,Gus,BILIRAKIS,REPRESENTATIVE,R,FL,12,B001257,114
1464,Roy,BLUNT,SENATOR,R,MO,N/A,B000575,114
1687,John,BOOZMAN,SENATOR,R,AR,N/A,B001236,114
2106,Julia,BROWN,REPRESENTATIVE,D,CA,26,B001285,114
1751,Michael,BURGESS,REPRESENTATIVE,R,TX,26,B001248,114
1828,Robert,CASEY,SENATOR,D,PA,N/A,C001070,114
2297,James,COMER,REPRESENTATIVE,R,KY,N/A,C001108,115
1774,Jim,COSTA,REPRESENTATIVE,D,CA,16,C001059,114
1976,Theodore,DEUTCH,REPRESENTATIVE,D,FL,21,D000610,114
2251,Debbie,DINGELL,REPRESENTATIVE,D,MI,12,D000624,114
303,Lloyd,DOGGETT,REPRESENTATIVE,D,TX,35,D000399,114
2253,Tom,EMMER,REPRESENTATIVE,R,MN,6,E000294,114
344,Eliot,ENGEL,REPRESENTATIVE,D,NY,16,E000179,114
2342,Adriano,ESPAILLAT,REPRESENTATIVE,D,NY,N/A,E000297,115
2067,Blake,FARENTHOLD,REPRESENTATIVE,R,TX,27,F000460,114
2343,John,FASO,REPRESENTATIVE,R,NY,N/A,F000464,115
1332,Dianne,FEINSTEIN,SENATOR,D,CA,N/A,F000062,114
2314,Matt,GAETZ,REPRESENTATIVE,R,FL,N/A,G000578,115
1973,John,GARAMENDI,REPRESENTATIVE,D,CA,3,G000559,114
2359,Greg,GIANFORTE,REPRESENTATIVE,R,MT,N/A,G000584,115
1487,Kay,GRANGER,REPRESENTATIVE,R,TX,12,G000377,114
478,Luis,GUTIERREZ,REPRESENTATIVE,D,IL,4,G000535,114
511,Alcee,HASTINGS,REPRESENTATIVE,D,FL,20,H000324,114
1351,Orrin,HATCH,SENATOR,R,UT,N/A,H000338,114
1863,Dean,HELLER,SENATOR,R,NV,N/A,H001041,114
2223,J.,HILL,REPRESENTATIVE,R,AR,2,H001072,114
2327,Trey,HOLLINGSWORTH,REPRESENTATIVE,R,IN,N/A,H001074,115
616,Marcy,KAPTUR,REPRESENTATIVE,D,OH,8,K000009,114
2172,Joseph,KENNEDY,REPRESENTATIVE,D,MA,4,K000379,114
1501,Barbara,LEE,REPRESENTATIVE,D,CA,13,L000551,114
683,Sander,LEVIN,REPRESENTATIVE,D,MI,9,L000263,114
2111,Alan,LOWENTHAL,REPRESENTATIVE,D,CA,47,L000579,114
2052,Patrick,MEEHAN,REPRESENTATIVE,R,PA,7,M001181,114
2248,John,MOOLENAAR,REPRESENTATIVE,R,MI,4,M001194,114
1837,Christopher,MURPHY,SENATOR,D,CT,N/A,M001169,114
1409,Patty,MURRAY,SENATOR,D,WA,N/A,M001111,114
2275,Dan,NEWHOUSE,REPRESENTATIVE,R,WA,4,N000189,114
1510,Bill,PASCRELL,REPRESENTATIVE,D,NJ,9,P000096,114
2171,Mark,POCAN,REPRESENTATIVE,D,WI,2,P000607,114
2158,Keith,ROTHFUS,REPRESENTATIVE,R,PA,12,R000598,114
2109,Raul,RUIZ,REPRESENTATIVE,D,CA,36,R000599,114
1036,Charles,SCHUMER,SENATOR,D,NY,N/A,S000148,114
1527,John,SHIMKUS,REPRESENTATIVE,R,IL,15,S000364,114
2319,Darren,SOTO,REPRESENTATIVE,D,FL,N/A,S001200,115
2344,Claudia,TENNEY,REPRESENTATIVE,R,NY,N/A,T000478,115
1664,Patrick,TIBERI,REPRESENTATIVE,R,OH,12,T000462,114
2128,Jackie,WALORSKI,REPRESENTATIVE,R,IN,2,W000813,114
2182,Elizabeth,WARREN,SENATOR,D,MA,N/A,W000817,114
