speaker_id,first_name,last_name,type,party,state,district,bio_guide_id,congress_id
2307,Andy,BIGGS,REPRESENTATIVE,R,AZ,N/A,B001302,115
,,BUDD,REPRESENTATIVE,R,GA,1,99999999999999999,114
1564,Michael,CAPUANO,REPRESENTATIVE,D,MA,7,C001037,114
,,CARDIN,SENATOR,D,MD,N/A,99999999999999999,114
2055,David,CICILLINE,REPRESENTATIVE,D,RI,1,C001084,114
2297,James,COMER,REPRESENTATIVE,R,KY,N/A,C001108,115
1692,John,CORNYN,SENATOR,R,TX,N/A,C001056,114
2312,J.,CORREA,REPRESENTATIVE,D,CA,N/A,C001110,115
2144,Kevin,CRAMER,REPRESENTATIVE,R,ND,0,C001096,114
2138,Steve,DAINES,SENATOR,R,MT,N/A,D000618,114
2072,Sean,DUFFY,REPRESENTATIVE,R,WI,N/A,D000614,115
326,Richard,DURBIN,SENATOR,D,IL,N/A,D000563,114
2253,Tom,EMMER,REPRESENTATIVE,R,MN,6,E000294,114
355,Anna,ESHOO,REPRESENTATIVE,D,CA,18,E000215,114
2342,Adriano,ESPAILLAT,REPRESENTATIVE,D,NY,N/A,E000297,115
1797,Michael,FITZPATRICK,REPRESENTATIVE,R,PA,8,F000451,114
1888,Bill,FOSTER,REPRESENTATIVE,D,IL,11,F000454,114
1791,Virginia,FOXX,REPRESENTATIVE,R,NC,5,F000450,114
1973,John,GARAMENDI,REPRESENTATIVE,D,CA,3,G000559,114
457,Chuck,GRASSLEY,SENATOR,R,IA,N/A,G000386,114
2070,H.,GRIFFITH,REPRESENTATIVE,R,VA,9,G000568,114
478,Luis,GUTIERREZ,REPRESENTATIVE,D,IL,4,G000535,114
1933,Gregg,HARPER,REPRESENTATIVE,R,MS,3,H001045,114
1749,Jeb,HENSARLING,REPRESENTATIVE,R,TX,5,H001036,114
2223,J.,HILL,REPRESENTATIVE,R,AR,2,H001072,114
2327,Trey,HOLLINGSWORTH,REPRESENTATIVE,R,IN,N/A,H001074,115
2101,Jared,HUFFMAN,REPRESENTATIVE,D,CA,2,H001068,114
2015,Randy,HULTGREN,REPRESENTATIVE,R,IL,14,H001059,114
1608,Johnny,ISAKSON,SENATOR,R,GA,N/A,I000055,114
616,Marcy,KAPTUR,REPRESENTATIVE,D,OH,8,K000009,114
2308,Ro,KHANNA,REPRESENTATIVE,D,CA,N/A,K000389,115
2134,Daniel,KILDEE,REPRESENTATIVE,D,MI,5,K000380,114
1668,James,LANGEVIN,REPRESENTATIVE,D,RI,2,L000559,114
,,LATTA,REPRESENTATIVE,R,OH,5,99999999999999999,114
2238,Barry,LOUDERMILK,REPRESENTATIVE,R,GA,11,L000583,114
2130,Luke,MESSER,REPRESENTATIVE,R,IN,6,M001189,114
1507,Jerry,MORAN,SENATOR,R,KS,N/A,M000934,114
1409,Patty,MURRAY,SENATOR,D,WA,N/A,M001111,114
1955,Pete,OLSON,REPRESENTATIVE,R,TX,22,O000168,114
887,Frank,PALLONE,REPRESENTATIVE,D,NJ,6,P000034,114
1930,Erik,PAULSEN,REPRESENTATIVE,R,MN,3,P000594,114
2097,Donald,PAYNE,REPRESENTATIVE,D,NJ,10,P000604,114
2157,Scott,PERRY,REPRESENTATIVE,R,PA,4,P000605,114
2113,Scott,PETERS,REPRESENTATIVE,D,CA,52,P000608,114
2141,Robert,PITTENGER,REPRESENTATIVE,R,NC,9,P000606,114
2247,Bruce,POLIQUIN,REPRESENTATIVE,R,ME,2,P000611,114
1910,Jared,POLIS,REPRESENTATIVE,D,CO,2,P000598,114
1982,Tom,REED,REPRESENTATIVE,R,NY,23,R000585,114
1986,Martha,ROBY,REPRESENTATIVE,R,AL,2,R000591,114
2003,Dennis,ROSS,REPRESENTATIVE,R,FL,15,R000593,114
2158,Keith,ROTHFUS,REPRESENTATIVE,R,PA,12,R000598,114
2109,Raul,RUIZ,REPRESENTATIVE,D,CA,36,R000599,114
1003,Bobby,RUSH,REPRESENTATIVE,D,IL,1,R000515,114
1892,Steve,SCALISE,REPRESENTATIVE,R,LA,1,S001176,114
1036,Charles,SCHUMER,SENATOR,D,NY,N/A,S000148,114
1527,John,SHIMKUS,REPRESENTATIVE,R,IL,15,S000364,114
2099,Kyrsten,SINEMA,REPRESENTATIVE,D,AZ,9,S001191,114
1534,John,THUNE,SENATOR,R,SD,N/A,T000250,114
1997,Scott,TIPTON,REPRESENTATIVE,R,CO,3,T000470,114
2250,David,TROTT,REPRESENTATIVE,R,MI,11,T000475,114
2166,Marc,VEASEY,REPRESENTATIVE,D,TX,33,V000131,114
1596,Greg,WALDEN,REPRESENTATIVE,R,OR,2,W000791,114
1823,Sheldon,WHITEHOUSE,SENATOR,D,RI,N/A,W000802,114
2165,Roger,WILLIAMS,REPRESENTATIVE,R,TX,25,W000816,114
2021,Kevin,YODER,REPRESENTATIVE,R,KS,3,Y000063,114
2115,Ted,YOHO,REPRESENTATIVE,R,FL,3,Y000065,114
2261,Lee,ZELDIN,REPRESENTATIVE,R,NY,1,Z000017,114
