speaker_id,first_name,last_name,type,party,state,district,bio_guide_id,congress_id
1695,Lamar,ALEXANDER,SENATOR,R,TN,N/A,A000360,114
2337,Don,BACON,REPRESENTATIVE,R,NE,N/A,B001298,115
1881,John,BARRASSO,SENATOR,R,WY,N/A,B001261,114
2076,Richard,BLUMENTHAL,SENATOR,D,CT,N/A,B001277,114
2194,Cory,BOOKER,SENATOR,D,NJ,N/A,B001288,114
2106,Julia,BROWN,REPRESENTATIVE,D,CA,26,B001285,114
,,CARDIN,SENATOR,D,MD,N/A,99999999999999999,114
179,Thomas,CARPER,SENATOR,D,DE,N/A,C000174,114
1828,Robert,CASEY,SENATOR,D,PA,N/A,C001070,114
1925,Bill,CASSIDY,SENATOR,R,LA,N/A,C001075,114
213,Thad,COCHRAN,SENATOR,R,MS,N/A,C000567,114
2121,Doug,COLLINS,REPRESENTATIVE,R,GA,9,C001093,114
1825,Bob,CORKER,SENATOR,R,TN,N/A,C001071,114
1692,John,CORNYN,SENATOR,R,TX,N/A,C001056,114
2138,Steve,DAINES,SENATOR,R,MT,N/A,D000618,114
2320,Val,DEMINGS,REPRESENTATIVE,D,FL,N/A,D000627,115
326,Richard,DURBIN,SENATOR,D,IL,N/A,D000563,114
344,Eliot,ENGEL,REPRESENTATIVE,D,NY,16,E000179,114
1332,Dianne,FEINSTEIN,SENATOR,D,CA,N/A,F000062,114
1998,Cory,GARDNER,SENATOR,R,CO,N/A,G000562,115
1937,Martin,HEINRICH,SENATOR,D,NM,N/A,H001046,114
566,Steny,HOYER,REPRESENTATIVE,D,MD,5,H000874,114
583,James,INHOFE,SENATOR,R,OK,N/A,I000024,114
2176,Tim,KAINE,SENATOR,D,VA,N/A,K000384,114
1383,Patrick,LEAHY,SENATOR,D,VT,N/A,L000174,114
2111,Alan,LOWENTHAL,REPRESENTATIVE,D,CA,47,L000579,114
2328,Roger,MARSHALL,REPRESENTATIVE,R,KS,N/A,M001198,115
1900,Jeff,MERKLEY,SENATOR,D,OR,N/A,M001176,114
1507,Jerry,MORAN,SENATOR,R,KS,N/A,M000934,114
859,Bill,NELSON,SENATOR,D,FL,N/A,N000032,114
2097,Donald,PAYNE,REPRESENTATIVE,D,NJ,10,P000604,114
2286,David,PERDUE,SENATOR,R,GA,N/A,P000612,114
2113,Scott,PETERS,REPRESENTATIVE,D,CA,52,P000608,114
1896,James,RISCH,SENATOR,R,ID,N/A,R000584,114
1003,Bobby,RUSH,REPRESENTATIVE,D,IL,1,R000515,114
2316,John,RUTHERFORD,REPRESENTATIVE,R,FL,N/A,R000609,115
1036,Charles,SCHUMER,SENATOR,D,NY,N/A,S000148,114
1890,Jackie,SPEIER,REPRESENTATIVE,D,CA,14,S001175,114
1534,John,THUNE,SENATOR,R,SD,N/A,T000250,114
1940,Dina,TITUS,REPRESENTATIVE,D,NV,1,T000468,114
1897,Mark,WARNER,SENATOR,D,VA,N/A,W000805,114
1226,Roger,WICKER,SENATOR,R,MS,N/A,W000437,114
1247,Ron,WYDEN,SENATOR,D,OR,N/A,W000779,114
