speaker_id,first_name,last_name,type,party,state,district,bio_guide_id,congress_id
1695,Lamar,ALEXANDER,SENATOR,R,TN,N/A,A000360,114
2307,Andy,BIGGS,REPRESENTATIVE,R,AZ,N/A,B001302,115
1748,Marsha,BLACKBURN,REPRESENTATIVE,R,TN,7,B001243,114
1464,Roy,BLUNT,SENATOR,R,MO,N/A,B000575,114
,,BUDD,REPRESENTATIVE,R,GA,1,99999999999999999,114
1751,Michael,BURGESS,REPRESENTATIVE,R,TX,26,B001248,114
153,Richard,BURR,SENATOR,R,NC,N/A,B001135,114
1564,Michael,CAPUANO,REPRESENTATIVE,D,MA,7,C001037,114
2107,Tony,CARDENAS,REPRESENTATIVE,D,CA,29,C001097,114
,,CARDIN,SENATOR,D,MD,N/A,99999999999999999,114
,,COHEN,REPRESENTATIVE,D,TN,9,99999999999999999,114
2121,Doug,COLLINS,REPRESENTATIVE,R,GA,9,C001093,114
1825,Bob,CORKER,SENATOR,R,TN,N/A,C001071,114
1692,John,CORNYN,SENATOR,R,TX,N/A,C001056,114
2098,Tom,COTTON,SENATOR,R,AR,N/A,C001095,114
2296,Warren,DAVIDSON,REPRESENTATIVE,R,OH,N/A,D000626,115
2320,Val,DEMINGS,REPRESENTATIVE,D,FL,N/A,D000627,115
1850,Joe,DONNELLY,SENATOR,D,IN,N/A,D000607,114
2072,Sean,DUFFY,REPRESENTATIVE,R,WI,N/A,D000614,115
326,Richard,DURBIN,SENATOR,D,IL,N/A,D000563,114
1857,Keith,ELLISON,REPRESENTATIVE,D,MN,5,E000288,114
355,Anna,ESHOO,REPRESENTATIVE,D,CA,18,E000215,114
2067,Blake,FARENTHOLD,REPRESENTATIVE,R,TX,27,F000460,114
1633,Jeff,FLAKE,SENATOR,R,AZ,N/A,F000444,114
2061,Charles,FLEISCHMANN,REPRESENTATIVE,R,TN,3,F000459,114
,,FLORES,REPRESENTATIVE,R,TX,17,99999999999999999,114
1969,Al,FRANKEN,SENATOR,D,MN,N/A,F000457,114
2314,Matt,GAETZ,REPRESENTATIVE,R,FL,N/A,G000578,115
2355,Mike,GALLAGHER,REPRESENTATIVE,R,WI,N/A,G000579,115
1973,John,GARAMENDI,REPRESENTATIVE,D,CA,3,G000559,114
99999999999999,First Name unavailable,GARDENER,Type Unavailable,Party Info Unavailable,state info unavailable,District Unavailable,BioGuideID unavailable,CongressID unavailable
1998,Cory,GARDNER,SENATOR,R,CO,N/A,G000562,115
1801,Louie,GOHMERT,REPRESENTATIVE,R,TX,1,G000552,114
478,Luis,GUTIERREZ,REPRESENTATIVE,D,IL,4,G000535,114
1937,Martin,HEINRICH,SENATOR,D,NM,N/A,H001046,114
2223,J.,HILL,REPRESENTATIVE,R,AR,2,H001072,114
1844,Mazie,HIRONO,SENATOR,D,HI,N/A,H001042,114
566,Steny,HOYER,REPRESENTATIVE,D,MD,5,H000874,114
,,JOHNSON,REPRESENTATIVE,R,GA,4,99999999999999999,114
2176,Tim,KAINE,SENATOR,D,VA,N/A,K000384,114
616,Marcy,KAPTUR,REPRESENTATIVE,D,OH,8,K000009,114
2308,Ro,KHANNA,REPRESENTATIVE,D,CA,N/A,K000389,115
1724,Steve,KING,REPRESENTATIVE,R,IA,4,K000362,114
1936,Leonard,LANCE,REPRESENTATIVE,R,NJ,7,L000567,114
1668,James,LANGEVIN,REPRESENTATIVE,D,RI,2,L000559,114
,,LATTA,REPRESENTATIVE,R,OH,5,99999999999999999,114
1383,Patrick,LEAHY,SENATOR,D,VT,N/A,L000174,114
1501,Barbara,LEE,REPRESENTATIVE,D,CA,13,L000551,114
701,Zoe,LOFGREN,REPRESENTATIVE,D,CA,19,L000397,114
2322,Brian,MAST,REPRESENTATIVE,R,FL,N/A,M001199,115
1814,Doris,MATSUI,REPRESENTATIVE,D,CA,6,M001163,114
1837,Christopher,MURPHY,SENATOR,D,CT,N/A,M001169,114
2275,Dan,NEWHOUSE,REPRESENTATIVE,R,WA,4,N000189,114
1955,Pete,OLSON,REPRESENTATIVE,R,TX,22,O000168,114
887,Frank,PALLONE,REPRESENTATIVE,D,NJ,6,P000034,114
2309,Jimmy,PANETTA,REPRESENTATIVE,D,CA,N/A,P000613,115
905,Nancy,PELOSI,REPRESENTATIVE,D,CA,12,P000197,114
2113,Scott,PETERS,REPRESENTATIVE,D,CA,52,P000608,114
1910,Jared,POLIS,REPRESENTATIVE,D,CO,2,P000598,114
924,Rob,PORTMAN,SENATOR,R,OH,N/A,P000449,114
2332,Jamie,RASKIN,REPRESENTATIVE,D,MD,N/A,R000606,115
1982,Tom,REED,REPRESENTATIVE,R,NY,23,R000585,114
2289,Ben,SASSE,SENATOR,R,NE,N/A,S001197,114
1892,Steve,SCALISE,REPRESENTATIVE,R,LA,1,S001176,114
1588,Janice,SCHAKOWSKY,REPRESENTATIVE,D,IL,9,S001145,114
1036,Charles,SCHUMER,SENATOR,D,NY,N/A,S000148,114
1901,Jeanne,SHAHEEN,SENATOR,D,NH,N/A,S001181,114
1527,John,SHIMKUS,REPRESENTATIVE,R,IL,15,S000364,114
1590,Michael,SIMPSON,REPRESENTATIVE,R,ID,2,S001148,114
2263,Elise,STEFANIK,REPRESENTATIVE,R,NY,21,S001196,114
1534,John,THUNE,SENATOR,R,SD,N/A,T000250,114
1942,Paul,TONKO,REPRESENTATIVE,D,NY,20,T000469,114
1741,Michael,TURNER,REPRESENTATIVE,R,OH,10,T000463,114
1596,Greg,WALDEN,REPRESENTATIVE,R,OR,2,W000791,114
1823,Sheldon,WHITEHOUSE,SENATOR,D,RI,N/A,W000802,114
2008,Rob,WOODALL,REPRESENTATIVE,R,GA,7,W000810,114
