speaker_id,first_name,last_name,type,party,state,district,bio_guide_id,congress_id
1881,John,BARRASSO,SENATOR,R,WY,N/A,B001261,114
2333,Jack,BERGMAN,REPRESENTATIVE,R,MI,N/A,B001301,115
1838,Gus,BILIRAKIS,REPRESENTATIVE,R,FL,12,B001257,114
2194,Cory,BOOKER,SENATOR,D,NJ,N/A,B001288,114
,,CARDIN,SENATOR,D,MD,N/A,99999999999999999,114
1828,Robert,CASEY,SENATOR,D,PA,N/A,C001070,114
208,James,CLYBURN,REPRESENTATIVE,D,SC,6,C000537,114
213,Thad,COCHRAN,SENATOR,R,MS,N/A,C000567,114
2121,Doug,COLLINS,REPRESENTATIVE,R,GA,9,C001093,114
2103,Paul,COOK,REPRESENTATIVE,R,CA,8,C001094,114
1774,Jim,COSTA,REPRESENTATIVE,D,CA,16,C001059,114
326,Richard,DURBIN,SENATOR,D,IL,N/A,D000563,114
2343,John,FASO,REPRESENTATIVE,R,NY,N/A,F000464,115
1332,Dianne,FEINSTEIN,SENATOR,D,CA,N/A,F000062,114
1797,Michael,FITZPATRICK,REPRESENTATIVE,R,PA,8,F000451,114
2122,Tulsi,GABBARD,REPRESENTATIVE,D,HI,2,G000571,114
457,Chuck,GRASSLEY,SENATOR,R,IA,N/A,G000386,114
2302,Margaret,HASSAN,SENATOR,D,NH,N/A,H001076,115
1351,Orrin,HATCH,SENATOR,R,UT,N/A,H000338,114
2040,Joseph,HECK,REPRESENTATIVE,R,NV,3,H001055,114
1844,Mazie,HIRONO,SENATOR,D,HI,N/A,H001042,114
566,Steny,HOYER,REPRESENTATIVE,D,MD,5,H000874,114
1608,Johnny,ISAKSON,SENATOR,R,GA,N/A,I000055,114
2149,Hakeem,JEFFRIES,REPRESENTATIVE,D,NY,8,J000294,114
616,Marcy,KAPTUR,REPRESENTATIVE,D,OH,8,K000009,114
2172,Joseph,KENNEDY,REPRESENTATIVE,D,MA,4,K000379,114
1498,Ron,KIND,REPRESENTATIVE,D,WI,3,K000188,114
1724,Steve,KING,REPRESENTATIVE,R,IA,4,K000362,114
1668,James,LANGEVIN,REPRESENTATIVE,D,RI,2,L000559,114
2252,Brenda,LAWRENCE,REPRESENTATIVE,D,MI,14,L000581,114
1383,Patrick,LEAHY,SENATOR,D,VT,N/A,L000174,114
2322,Brian,MAST,REPRESENTATIVE,R,FL,N/A,M001199,115
791,Robert,MENENDEZ,SENATOR,D,NJ,N/A,M000639,114
1900,Jeff,MERKLEY,SENATOR,D,OR,N/A,M001176,114
1694,Lisa,MURKOWSKI,SENATOR,R,AK,N/A,M001153,114
2097,Donald,PAYNE,REPRESENTATIVE,D,NJ,10,P000604,114
,,PLASKETT,DELEGATE,I,VI,N/A,99999999999999999,114
2171,Mark,POCAN,REPRESENTATIVE,D,WI,2,P000607,114
2084,Marco,RUBIO,SENATOR,R,FL,N/A,R000595,114
,,SABLAN,DELEGATE,I,MP,N/A,99999999999999999,114
1036,Charles,SCHUMER,SENATOR,D,NY,N/A,S000148,114
1531,Debbie,STABENOW,SENATOR,D,MI,N/A,S000770,114
1829,Jon,TESTER,SENATOR,D,MT,N/A,T000464,114
2166,Marc,VEASEY,REPRESENTATIVE,D,TX,33,V000131,114
1856,Timothy,WALZ,REPRESENTATIVE,D,MN,1,W000799,114
1823,Sheldon,WHITEHOUSE,SENATOR,D,RI,N/A,W000802,114
1247,Ron,WYDEN,SENATOR,D,OR,N/A,W000779,114
2115,Ted,YOHO,REPRESENTATIVE,R,FL,3,Y000065,114
2261,Lee,ZELDIN,REPRESENTATIVE,R,NY,1,Z000017,114
