speaker_id,first_name,last_name,type,party,state,district,bio_guide_id,congress_id
1695,Lamar,ALEXANDER,SENATOR,R,TN,N/A,A000360,114
2337,Don,BACON,REPRESENTATIVE,R,NE,N/A,B001298,115
99999999999999,First Name unavailable,BARRAGAN,Type Unavailable,Party Info Unavailable,state info unavailable,District Unavailable,BioGuideID unavailable,CongressID unavailable
99,Earl,BLUMENAUER,REPRESENTATIVE,D,OR,3,B000574,114
1464,Roy,BLUNT,SENATOR,R,MO,N/A,B000575,114
1723,Madeleine,BORDALLO,REPRESENTATIVE,D,GU,N/A,B001245,115
2106,Julia,BROWN,REPRESENTATIVE,D,CA,26,B001285,114
2197,Bradley,BYRNE,REPRESENTATIVE,R,AL,1,B001289,114
,,COHEN,REPRESENTATIVE,D,TN,9,99999999999999999,114
1692,John,CORNYN,SENATOR,R,TX,N/A,C001056,114
2138,Steve,DAINES,SENATOR,R,MT,N/A,D000618,114
2315,Neal,DUNN,REPRESENTATIVE,R,FL,N/A,D000628,115
326,Richard,DURBIN,SENATOR,D,IL,N/A,D000563,114
1542,Michael,ENZI,SENATOR,R,WY,N/A,E000285,114
1332,Dianne,FEINSTEIN,SENATOR,D,CA,N/A,F000062,114
2179,Deb,FISCHER,SENATOR,R,NE,N/A,F000463,114
1797,Michael,FITZPATRICK,REPRESENTATIVE,R,PA,8,F000451,114
457,Chuck,GRASSLEY,SENATOR,R,IA,N/A,G000386,114
2010,Colleen,HANABUSA,REPRESENTATIVE,D,HI,N/A,H001050,115
1351,Orrin,HATCH,SENATOR,R,UT,N/A,H000338,114
2176,Tim,KAINE,SENATOR,D,VA,N/A,K000384,114
616,Marcy,KAPTUR,REPRESENTATIVE,D,OH,8,K000009,114
2340,Ruben,KIHUEN,REPRESENTATIVE,D,NV,N/A,K000390,115
1826,Amy,KLOBUCHAR,SENATOR,D,MN,N/A,K000367,114
2325,Raja,KRISHNAMOORTHI,REPRESENTATIVE,D,IL,N/A,K000391,115
1834,Doug,LAMBORN,REPRESENTATIVE,R,CO,5,L000564,114
1668,James,LANGEVIN,REPRESENTATIVE,D,RI,2,L000559,114
,,LATTA,REPRESENTATIVE,R,OH,5,99999999999999999,114
2328,Roger,MARSHALL,REPRESENTATIVE,R,KS,N/A,M001198,115
1694,Lisa,MURKOWSKI,SENATOR,R,AK,N/A,M001153,114
859,Bill,NELSON,SENATOR,D,FL,N/A,N000032,114
2275,Dan,NEWHOUSE,REPRESENTATIVE,R,WA,4,N000189,114
1955,Pete,OLSON,REPRESENTATIVE,R,TX,22,O000168,114
1930,Erik,PAULSEN,REPRESENTATIVE,R,MN,3,P000594,114
2097,Donald,PAYNE,REPRESENTATIVE,D,NJ,10,P000604,114
2286,David,PERDUE,SENATOR,R,GA,N/A,P000612,114
2113,Scott,PETERS,REPRESENTATIVE,D,CA,52,P000608,114
2141,Robert,PITTENGER,REPRESENTATIVE,R,NC,9,P000606,114
2171,Mark,POCAN,REPRESENTATIVE,D,WI,2,P000607,114
924,Rob,PORTMAN,SENATOR,R,OH,N/A,P000449,114
1982,Tom,REED,REPRESENTATIVE,R,NY,23,R000585,114
968,Pat,ROBERTS,SENATOR,R,KS,N/A,R000307,114
1036,Charles,SCHUMER,SENATOR,D,NY,N/A,S000148,114
2344,Claudia,TENNEY,REPRESENTATIVE,R,NY,N/A,T000478,115
1942,Paul,TONKO,REPRESENTATIVE,D,NY,20,T000469,114
1177,Fred,UPTON,REPRESENTATIVE,R,MI,6,U000031,114
2166,Marc,VEASEY,REPRESENTATIVE,D,TX,33,V000131,114
1188,Peter,VISCLOSKY,REPRESENTATIVE,D,IN,1,V000108,114
2182,Elizabeth,WARREN,SENATOR,D,MA,N/A,W000817,114
