speaker_id,first_name,last_name,type,party,state,district,bio_guide_id,congress_id
1695,Lamar,ALEXANDER,SENATOR,R,TN,N/A,A000360,114
2311,Nanette,BARRAGAN,REPRESENTATIVE,D,CA,N/A,B001300,115
62,Joe,BARTON,REPRESENTATIVE,R,TX,6,B000213,114
2272,Donald,BEYER,REPRESENTATIVE,D,VA,8,B001292,114
2307,Andy,BIGGS,REPRESENTATIVE,R,AZ,N/A,B001302,115
1751,Michael,BURGESS,REPRESENTATIVE,R,TX,26,B001248,114
1761,G.,BUTTERFIELD,REPRESENTATIVE,D,NC,1,B001251,114
2107,Tony,CARDENAS,REPRESENTATIVE,D,CA,29,C001097,114
179,Thomas,CARPER,SENATOR,D,DE,N/A,C000174,114
2159,Matt,CARTWRIGHT,REPRESENTATIVE,D,PA,17,C001090,114
186,Steve,CHABOT,REPRESENTATIVE,R,OH,1,C000266,114
2055,David,CICILLINE,REPRESENTATIVE,D,RI,1,C001084,114
,,COHEN,REPRESENTATIVE,D,TN,9,99999999999999999,114
1959,Gerald,CONNOLLY,REPRESENTATIVE,D,VA,11,C001078,114
1692,John,CORNYN,SENATOR,R,TX,N/A,C001056,114
1604,Joseph,CROWLEY,REPRESENTATIVE,D,NY,14,C001038,114
2320,Val,DEMINGS,REPRESENTATIVE,D,FL,N/A,D000627,115
1976,Theodore,DEUTCH,REPRESENTATIVE,D,FL,21,D000610,114
2251,Debbie,DINGELL,REPRESENTATIVE,D,MI,12,D000624,114
2293,Daniel,DONOVAN,REPRESENTATIVE,R,NY,11,D000625,114
326,Richard,DURBIN,SENATOR,D,IL,N/A,D000563,114
1857,Keith,ELLISON,REPRESENTATIVE,D,MN,5,E000288,114
1542,Michael,ENZI,SENATOR,R,WY,N/A,E000285,114
2342,Adriano,ESPAILLAT,REPRESENTATIVE,D,NY,N/A,E000297,115
2343,John,FASO,REPRESENTATIVE,R,NY,N/A,F000464,115
1797,Michael,FITZPATRICK,REPRESENTATIVE,R,PA,8,F000451,114
1969,Al,FRANKEN,SENATOR,D,MN,N/A,F000457,114
2122,Tulsi,GABBARD,REPRESENTATIVE,D,HI,2,G000571,114
2355,Mike,GALLAGHER,REPRESENTATIVE,R,WI,N/A,G000579,115
1973,John,GARAMENDI,REPRESENTATIVE,D,CA,3,G000559,114
1737,Scott,GARRETT,REPRESENTATIVE,R,NJ,5,G000548,114
1801,Louie,GOHMERT,REPRESENTATIVE,R,TX,1,G000552,114
446,Bob,GOODLATTE,REPRESENTATIVE,R,VA,6,G000289,114
1992,Paul,GOSAR,REPRESENTATIVE,R,AZ,4,G000565,114
1708,Raul,GRIJALVA,REPRESENTATIVE,D,AZ,3,G000551,114
2302,Margaret,HASSAN,SENATOR,D,NH,N/A,H001076,115
511,Alcee,HASTINGS,REPRESENTATIVE,D,FL,20,H000324,114
1351,Orrin,HATCH,SENATOR,R,UT,N/A,H000338,114
2174,Heidi,HEITKAMP,SENATOR,D,ND,N/A,H001069,114
566,Steny,HOYER,REPRESENTATIVE,D,MD,5,H000874,114
2140,Richard,HUDSON,REPRESENTATIVE,R,NC,8,H001067,114
1909,Duncan,HUNTER,REPRESENTATIVE,R,CA,50,H001048,114
2354,Pramila,JAYAPAL,REPRESENTATIVE,D,WA,N/A,J000298,115
2176,Tim,KAINE,SENATOR,D,VA,N/A,K000384,114
2264,John,KATKO,REPRESENTATIVE,R,NY,24,K000386,114
1826,Amy,KLOBUCHAR,SENATOR,D,MN,N/A,K000367,114
1936,Leonard,LANCE,REPRESENTATIVE,R,NJ,7,L000567,114
1814,Doris,MATSUI,REPRESENTATIVE,D,CA,6,M001163,114
2334,Paul,MITCHELL,REPRESENTATIVE,R,MI,N/A,M001201,115
1676,Shelley,MOORE,SENATOR,R,WV,N/A,C001047,114
1694,Lisa,MURKOWSKI,SENATOR,R,AK,N/A,M001153,114
1602,Grace,NAPOLITANO,REPRESENTATIVE,D,CA,32,N000179,114
2275,Dan,NEWHOUSE,REPRESENTATIVE,R,WA,4,N000189,114
1955,Pete,OLSON,REPRESENTATIVE,R,TX,22,O000168,114
2309,Jimmy,PANETTA,REPRESENTATIVE,D,CA,N/A,P000613,115
1835,Ed,PERLMUTTER,REPRESENTATIVE,D,CO,7,P000593,114
2113,Scott,PETERS,REPRESENTATIVE,D,CA,52,P000608,114
1910,Jared,POLIS,REPRESENTATIVE,D,CO,2,P000598,114
1982,Tom,REED,REPRESENTATIVE,R,NY,23,R000585,114
2339,Jacky,ROSEN,REPRESENTATIVE,D,NV,N/A,R000608,115
1848,Peter,ROSKAM,REPRESENTATIVE,R,IL,6,R000580,114
2109,Raul,RUIZ,REPRESENTATIVE,D,CA,36,R000599,114
1003,Bobby,RUSH,REPRESENTATIVE,D,IL,1,R000515,114
91,Sanford,SANFORD,REPRESENTATIVE,D,GA,2,B000490,114
2124,Bradley,SCHNEIDER,REPRESENTATIVE,D,IL,N/A,S001190,115
1036,Charles,SCHUMER,SENATOR,D,NY,N/A,S000148,114
1901,Jeanne,SHAHEEN,SENATOR,D,NH,N/A,S001181,114
1527,John,SHIMKUS,REPRESENTATIVE,R,IL,15,S000364,114
1681,Bill,SHUSTER,REPRESENTATIVE,R,PA,9,S001154,114
2319,Darren,SOTO,REPRESENTATIVE,D,FL,N/A,S001200,115
2341,Thomas,SUOZZI,REPRESENTATIVE,D,NY,N/A,S001201,115
2344,Claudia,TENNEY,REPRESENTATIVE,R,NY,N/A,T000478,115
1942,Paul,TONKO,REPRESENTATIVE,D,NY,20,T000469,114
1884,Niki,TSONGAS,REPRESENTATIVE,D,MA,3,T000465,114
1567,Tom,UDALL,SENATOR,D,NM,N/A,U000039,114
1177,Fred,UPTON,REPRESENTATIVE,R,MI,6,U000031,114
1184,Nydia,VELAZQUEZ,REPRESENTATIVE,D,NY,7,V000081,114
2224,Bruce,WESTERMAN,REPRESENTATIVE,R,AR,4,W000821,114
