speaker_id,first_name,last_name,type,party,state,district,bio_guide_id,congress_id
1695,Lamar,ALEXANDER,SENATOR,R,TN,N/A,A000360,114
99,Earl,BLUMENAUER,REPRESENTATIVE,D,OR,3,B000574,114
2076,Richard,BLUMENTHAL,SENATOR,D,CT,N/A,B001277,114
1723,Madeleine,BORDALLO,REPRESENTATIVE,D,GU,N/A,B001245,115
2243,Mike,BOST,REPRESENTATIVE,R,IL,12,B001295,114
2106,Julia,BROWN,REPRESENTATIVE,D,CA,26,B001285,114
2107,Tony,CARDENAS,REPRESENTATIVE,D,CA,29,C001097,114
186,Steve,CHABOT,REPRESENTATIVE,R,OH,1,C000266,114
2356,Liz,CHENEY,REPRESENTATIVE,R,WY,N/A,C001109,115
2055,David,CICILLINE,REPRESENTATIVE,D,RI,1,C001084,114
1805,K.,CONAWAY,REPRESENTATIVE,R,TX,11,C001062,114
1825,Bob,CORKER,SENATOR,R,TN,N/A,C001071,114
1692,John,CORNYN,SENATOR,R,TX,N/A,C001056,114
1670,John,CULBERSON,REPRESENTATIVE,R,TX,7,C001048,114
2363,John,CURTIS,REPRESENTATIVE,R,UT,N/A,C001114,115
2138,Steve,DAINES,SENATOR,R,MT,N/A,D000618,114
1850,Joe,DONNELLY,SENATOR,D,IN,N/A,D000607,114
2342,Adriano,ESPAILLAT,REPRESENTATIVE,D,NY,N/A,E000297,115
1797,Michael,FITZPATRICK,REPRESENTATIVE,R,PA,8,F000451,114
1791,Virginia,FOXX,REPRESENTATIVE,R,NC,5,F000450,114
1708,Raul,GRIJALVA,REPRESENTATIVE,D,AZ,3,G000551,114
511,Alcee,HASTINGS,REPRESENTATIVE,D,FL,20,H000324,114
1351,Orrin,HATCH,SENATOR,R,UT,N/A,H000338,114
2040,Joseph,HECK,REPRESENTATIVE,R,NV,3,H001055,114
2079,John,HOEVEN,SENATOR,R,ND,N/A,H001061,114
566,Steny,HOYER,REPRESENTATIVE,D,MD,5,H000874,114
2101,Jared,HUFFMAN,REPRESENTATIVE,D,CA,2,H001068,114
2354,Pramila,JAYAPAL,REPRESENTATIVE,D,WA,N/A,J000298,115
616,Marcy,KAPTUR,REPRESENTATIVE,D,OH,8,K000009,114
2025,William,KEATING,REPRESENTATIVE,D,MA,9,K000375,114
2340,Ruben,KIHUEN,REPRESENTATIVE,D,NV,N/A,K000390,115
1668,James,LANGEVIN,REPRESENTATIVE,D,RI,2,L000559,114
2252,Brenda,LAWRENCE,REPRESENTATIVE,D,MI,14,L000581,114
701,Zoe,LOFGREN,REPRESENTATIVE,D,CA,19,L000397,114
1507,Jerry,MORAN,SENATOR,R,KS,N/A,M000934,114
2275,Dan,NEWHOUSE,REPRESENTATIVE,R,WA,4,N000189,114
2060,Kristi,NOEM,REPRESENTATIVE,R,SD,0,N000184,114
2202,Donald,NORCROSS,REPRESENTATIVE,D,NJ,1,N000188,114
1955,Pete,OLSON,REPRESENTATIVE,R,TX,22,O000168,114
2035,Steven,PALAZZO,REPRESENTATIVE,R,MS,4,P000601,114
2309,Jimmy,PANETTA,REPRESENTATIVE,D,CA,N/A,P000613,115
2097,Donald,PAYNE,REPRESENTATIVE,D,NJ,10,P000604,114
1738,Stevan,PEARCE,REPRESENTATIVE,R,NM,2,P000588,114
905,Nancy,PELOSI,REPRESENTATIVE,D,CA,12,P000197,114
2141,Robert,PITTENGER,REPRESENTATIVE,R,NC,9,P000606,114
2171,Mark,POCAN,REPRESENTATIVE,D,WI,2,P000607,114
1910,Jared,POLIS,REPRESENTATIVE,D,CO,2,P000598,114
924,Rob,PORTMAN,SENATOR,R,OH,N/A,P000449,114
2017,Todd,ROKITA,REPRESENTATIVE,R,IN,4,R000592,114
2109,Raul,RUIZ,REPRESENTATIVE,D,CA,36,R000599,114
,,SABLAN,DELEGATE,I,MP,N/A,99999999999999999,114
1010,Bernard,SANDERS,SENATOR,I,VT,N/A,S000033,114
1588,Janice,SCHAKOWSKY,REPRESENTATIVE,D,IL,9,S001145,114
1036,Charles,SCHUMER,SENATOR,D,NY,N/A,S000148,114
1041,F.,SENSENBRENNER,REPRESENTATIVE,R,WI,5,S000244,114
2263,Elise,STEFANIK,REPRESENTATIVE,R,NY,21,S001196,114
2110,Mark,TAKANO,REPRESENTATIVE,D,CA,41,T000472,114
2344,Claudia,TENNEY,REPRESENTATIVE,R,NY,N/A,T000478,115
1534,John,THUNE,SENATOR,R,SD,N/A,T000250,114
1664,Patrick,TIBERI,REPRESENTATIVE,R,OH,12,T000462,114
1942,Paul,TONKO,REPRESENTATIVE,D,NY,20,T000469,114
1855,Tim,WALBERG,REPRESENTATIVE,R,MI,7,W000798,114
1856,Timothy,WALZ,REPRESENTATIVE,D,MN,1,W000799,114
1823,Sheldon,WHITEHOUSE,SENATOR,D,RI,N/A,W000802,114
2021,Kevin,YODER,REPRESENTATIVE,R,KS,3,Y000063,114
2115,Ted,YOHO,REPRESENTATIVE,R,FL,3,Y000065,114
