speaker_id,first_name,last_name,type,party,state,district,bio_guide_id,congress_id
2201,Alma,ADAMS,REPRESENTATIVE,D,NC,12,A000370,114
2229,Pete,AGUILAR,REPRESENTATIVE,D,CA,31,A000371,114
2054,Lou,BARLETTA,REPRESENTATIVE,R,PA,11,B001269,114
2311,Nanette,BARRAGAN,REPRESENTATIVE,D,CA,N/A,B001300,115
2272,Donald,BEYER,REPRESENTATIVE,D,VA,8,B001292,114
1838,Gus,BILIRAKIS,REPRESENTATIVE,R,FL,12,B001257,114
99,Earl,BLUMENAUER,REPRESENTATIVE,D,OR,3,B000574,114
1761,G.,BUTTERFIELD,REPRESENTATIVE,D,NC,1,B001251,114
2197,Bradley,BYRNE,REPRESENTATIVE,R,AL,1,B001289,114
1676,Shelley,CAPITO,SENATOR,R,WV,N/A,C001047,115
2310,Salud,CARBAJAL,REPRESENTATIVE,D,CA,N/A,C001112,115
2107,Tony,CARDENAS,REPRESENTATIVE,D,CA,29,C001097,114
2259,Bonnie,COLE,REPRESENTATIVE,D,NJ,12,W000822,114
2312,J.,CORREA,REPRESENTATIVE,D,CA,N/A,C001110,115
2138,Steve,DAINES,SENATOR,R,MT,N/A,D000618,114
2320,Val,DEMINGS,REPRESENTATIVE,D,FL,N/A,D000627,115
2293,Daniel,DONOVAN,REPRESENTATIVE,R,NY,11,D000625,114
2253,Tom,EMMER,REPRESENTATIVE,R,MN,6,E000294,114
355,Anna,ESHOO,REPRESENTATIVE,D,CA,18,E000215,114
2342,Adriano,ESPAILLAT,REPRESENTATIVE,D,NY,N/A,E000297,115
1332,Dianne,FEINSTEIN,SENATOR,D,CA,N/A,F000062,114
1633,Jeff,FLAKE,SENATOR,R,AZ,N/A,F000444,114
1791,Virginia,FOXX,REPRESENTATIVE,R,NC,5,F000450,114
1973,John,GARAMENDI,REPRESENTATIVE,D,CA,3,G000559,114
1801,Louie,GOHMERT,REPRESENTATIVE,R,TX,1,G000552,114
457,Chuck,GRASSLEY,SENATOR,R,IA,N/A,G000386,114
478,Luis,GUTIERREZ,REPRESENTATIVE,D,IL,4,G000535,114
511,Alcee,HASTINGS,REPRESENTATIVE,D,FL,20,H000324,114
2223,J.,HILL,REPRESENTATIVE,R,AR,2,H001072,114
2079,John,HOEVEN,SENATOR,R,ND,N/A,H001061,114
566,Steny,HOYER,REPRESENTATIVE,D,MD,5,H000874,114
2101,Jared,HUFFMAN,REPRESENTATIVE,D,CA,2,H001068,114
583,James,INHOFE,SENATOR,R,OK,N/A,I000024,114
2354,Pramila,JAYAPAL,REPRESENTATIVE,D,WA,N/A,J000298,115
616,Marcy,KAPTUR,REPRESENTATIVE,D,OH,8,K000009,114
2264,John,KATKO,REPRESENTATIVE,R,NY,24,K000386,114
2025,William,KEATING,REPRESENTATIVE,D,MA,9,K000375,114
2172,Joseph,KENNEDY,REPRESENTATIVE,D,MA,4,K000379,114
1668,James,LANGEVIN,REPRESENTATIVE,D,RI,2,L000559,114
1501,Barbara,LEE,REPRESENTATIVE,D,CA,13,L000551,114
683,Sander,LEVIN,REPRESENTATIVE,D,MI,9,L000263,114
701,Zoe,LOFGREN,REPRESENTATIVE,D,CA,19,L000397,114
2328,Roger,MARSHALL,REPRESENTATIVE,R,KS,N/A,M001198,115
1814,Doris,MATSUI,REPRESENTATIVE,D,CA,6,M001163,114
2052,Patrick,MEEHAN,REPRESENTATIVE,R,PA,7,M001181,114
850,Jerrold,NADLER,REPRESENTATIVE,D,NY,10,N000002,114
1602,Grace,NAPOLITANO,REPRESENTATIVE,D,CA,32,N000179,114
2275,Dan,NEWHOUSE,REPRESENTATIVE,R,WA,4,N000189,114
887,Frank,PALLONE,REPRESENTATIVE,D,NJ,6,P000034,114
1510,Bill,PASCRELL,REPRESENTATIVE,D,NJ,9,P000096,114
2097,Donald,PAYNE,REPRESENTATIVE,D,NJ,10,P000604,114
905,Nancy,PELOSI,REPRESENTATIVE,D,CA,12,P000197,114
2157,Scott,PERRY,REPRESENTATIVE,R,PA,4,P000605,114
,,RADEWAGEN,DELEGATE,I,AS,N/A,99999999999999999,114
2268,John,RATCLIFFE,REPRESENTATIVE,R,TX,4,R000601,114
2023,Cedric,RICHMOND,REPRESENTATIVE,D,LA,2,R000588,114
2109,Raul,RUIZ,REPRESENTATIVE,D,CA,36,R000599,114
,,SABLAN,DELEGATE,I,MP,N/A,99999999999999999,114
1010,Bernard,SANDERS,SENATOR,I,VT,N/A,S000033,114
91,Sanford,SANFORD,REPRESENTATIVE,D,GA,2,B000490,114
1588,Janice,SCHAKOWSKY,REPRESENTATIVE,D,IL,9,S001145,114
2124,Bradley,SCHNEIDER,REPRESENTATIVE,D,IL,N/A,S001190,115
1042,Jose,SERRANO,REPRESENTATIVE,D,NY,15,S000248,114
1526,Brad,SHERMAN,REPRESENTATIVE,D,CA,30,S000344,114
1890,Jackie,SPEIER,REPRESENTATIVE,D,CA,14,S001175,114
2351,Scott,TAYLOR,REPRESENTATIVE,R,VA,N/A,T000477,115
1942,Paul,TONKO,REPRESENTATIVE,D,NY,20,T000469,114
2231,Norma,TORRES,REPRESENTATIVE,D,CA,35,T000474,114
1884,Niki,TSONGAS,REPRESENTATIVE,D,MA,3,T000465,114
1184,Nydia,VELAZQUEZ,REPRESENTATIVE,D,NY,7,V000081,114
1879,Peter,WELCH,REPRESENTATIVE,D,VT,0,W000800,114
2021,Kevin,YODER,REPRESENTATIVE,R,KS,3,Y000063,114
