speaker_id,first_name,last_name,type,party,state,district,bio_guide_id,congress_id
2272,Donald,BEYER,REPRESENTATIVE,D,VA,8,B001292,114
2307,Andy,BIGGS,REPRESENTATIVE,R,AZ,N/A,B001302,115
1838,Gus,BILIRAKIS,REPRESENTATIVE,R,FL,12,B001257,114
2063,Diane,BLACK,REPRESENTATIVE,R,TN,6,B001273,114
2107,Tony,CARDENAS,REPRESENTATIVE,D,CA,29,C001097,114
186,Steve,CHABOT,REPRESENTATIVE,R,OH,1,C000266,114
1912,Mike,COFFMAN,REPRESENTATIVE,R,CO,6,C001077,114
229,John,CONYERS,REPRESENTATIVE,D,MI,13,C000714,114
2312,J.,CORREA,REPRESENTATIVE,D,CA,N/A,C001110,115
1774,Jim,COSTA,REPRESENTATIVE,D,CA,16,C001059,114
2296,Warren,DAVIDSON,REPRESENTATIVE,R,OH,N/A,D000626,115
2253,Tom,EMMER,REPRESENTATIVE,R,MN,6,E000294,114
1797,Michael,FITZPATRICK,REPRESENTATIVE,R,PA,8,F000451,114
1888,Bill,FOSTER,REPRESENTATIVE,D,IL,11,F000454,114
1791,Virginia,FOXX,REPRESENTATIVE,R,NC,5,F000450,114
2355,Mike,GALLAGHER,REPRESENTATIVE,R,WI,N/A,G000579,115
1973,John,GARAMENDI,REPRESENTATIVE,D,CA,3,G000559,114
1737,Scott,GARRETT,REPRESENTATIVE,R,NJ,5,G000548,114
446,Bob,GOODLATTE,REPRESENTATIVE,R,VA,6,G000289,114
2070,H.,GRIFFITH,REPRESENTATIVE,R,VA,9,G000568,114
1933,Gregg,HARPER,REPRESENTATIVE,R,MS,3,H001045,114
1749,Jeb,HENSARLING,REPRESENTATIVE,R,TX,5,H001036,114
2223,J.,HILL,REPRESENTATIVE,R,AR,2,H001072,114
2327,Trey,HOLLINGSWORTH,REPRESENTATIVE,R,IN,N/A,H001074,115
2028,Bill,HUIZENGA,REPRESENTATIVE,R,MI,2,H001058,114
2015,Randy,HULTGREN,REPRESENTATIVE,R,IL,14,H001059,114
2354,Pramila,JAYAPAL,REPRESENTATIVE,D,WA,N/A,J000298,115
2149,Hakeem,JEFFRIES,REPRESENTATIVE,D,NY,8,J000294,114
2340,Ruben,KIHUEN,REPRESENTATIVE,D,NV,N/A,K000390,115
1936,Leonard,LANCE,REPRESENTATIVE,R,NJ,7,L000567,114
1668,James,LANGEVIN,REPRESENTATIVE,D,RI,2,L000559,114
2252,Brenda,LAWRENCE,REPRESENTATIVE,D,MI,14,L000581,114
1814,Doris,MATSUI,REPRESENTATIVE,D,CA,6,M001163,114
2130,Luke,MESSER,REPRESENTATIVE,R,IN,6,M001189,114
2334,Paul,MITCHELL,REPRESENTATIVE,R,MI,N/A,M001201,115
2275,Dan,NEWHOUSE,REPRESENTATIVE,R,WA,4,N000189,114
2309,Jimmy,PANETTA,REPRESENTATIVE,D,CA,N/A,P000613,115
2247,Bruce,POLIQUIN,REPRESENTATIVE,R,ME,2,P000611,114
,,RADEWAGEN,DELEGATE,I,AS,N/A,99999999999999999,114
2332,Jamie,RASKIN,REPRESENTATIVE,D,MD,N/A,R000606,115
2109,Raul,RUIZ,REPRESENTATIVE,D,CA,36,R000599,114
1003,Bobby,RUSH,REPRESENTATIVE,D,IL,1,R000515,114
1757,Linda,SANCHEZ,REPRESENTATIVE,D,CA,38,S001156,114
1588,Janice,SCHAKOWSKY,REPRESENTATIVE,D,IL,9,S001145,114
2124,Bradley,SCHNEIDER,REPRESENTATIVE,D,IL,N/A,S001190,115
1069,Louise,SLAUGHTER,REPRESENTATIVE,D,NY,25,S000480,114
1890,Jackie,SPEIER,REPRESENTATIVE,D,CA,14,S001175,114
2263,Elise,STEFANIK,REPRESENTATIVE,R,NY,21,S001196,114
2110,Mark,TAKANO,REPRESENTATIVE,D,CA,41,T000472,114
2344,Claudia,TENNEY,REPRESENTATIVE,R,NY,N/A,T000478,115
2166,Marc,VEASEY,REPRESENTATIVE,D,TX,33,V000131,114
1184,Nydia,VELAZQUEZ,REPRESENTATIVE,D,NY,7,V000081,114
1855,Tim,WALBERG,REPRESENTATIVE,R,MI,7,W000798,114
1856,Timothy,WALZ,REPRESENTATIVE,D,MN,1,W000799,114
1991,Steve,WOMACK,REPRESENTATIVE,R,AR,3,W000809,114
