speaker_id,first_name,last_name,type,party,state,district,bio_guide_id,congress_id
2201,Alma,ADAMS,REPRESENTATIVE,D,NC,12,A000370,114
2229,Pete,AGUILAR,REPRESENTATIVE,D,CA,31,A000371,114
2239,Rick,ALLEN,REPRESENTATIVE,R,GA,12,A000372,114
2238,Barry,BARR,REPRESENTATIVE,R,GA,11,L000583,114
1881,John,BARRASSO,SENATOR,R,WY,N/A,B001261,114
62,Joe,BARTON,REPRESENTATIVE,R,TX,6,B000213,114
1965,Michael,BENNET,SENATOR,D,CO,N/A,B001267,114
2102,Ami,BERA,REPRESENTATIVE,D,CA,7,B001287,114
1838,Gus,BILIRAKIS,REPRESENTATIVE,R,FL,12,B001257,114
2076,Richard,BLUMENTHAL,SENATOR,D,CT,N/A,B001277,114
2092,Suzanne,BONAMICI,REPRESENTATIVE,D,OR,1,B001278,114
1687,John,BOOZMAN,SENATOR,R,AR,N/A,B001236,114
2203,Dave,BRAT,REPRESENTATIVE,R,VA,7,B001290,114
2197,Bradley,BYRNE,REPRESENTATIVE,R,AL,1,B001289,114
179,Thomas,CARPER,SENATOR,D,DE,N/A,C000174,114
1925,Bill,CASSIDY,SENATOR,R,LA,N/A,C001075,114
2356,Liz,CHENEY,REPRESENTATIVE,R,WY,N/A,C001109,115
2259,Bonnie,COLE,REPRESENTATIVE,D,NJ,12,W000822,114
2121,Doug,COLLINS,REPRESENTATIVE,R,GA,9,C001093,114
2297,James,COMER,REPRESENTATIVE,R,KY,N/A,C001108,115
1692,John,CORNYN,SENATOR,R,TX,N/A,C001056,114
1774,Jim,COSTA,REPRESENTATIVE,D,CA,16,C001059,114
1836,Joe,COURTNEY,REPRESENTATIVE,D,CT,2,C001069,114
250,Mike,CRAPO,SENATOR,R,ID,N/A,C000880,114
2296,Warren,DAVIDSON,REPRESENTATIVE,R,OH,N/A,D000626,115
99999999999999,First Name unavailable,DENT,Type Unavailable,Party Info Unavailable,state info unavailable,District Unavailable,BioGuideID unavailable,CongressID unavailable
326,Richard,DURBIN,SENATOR,D,IL,N/A,D000563,114
2283,Joni,ERNST,SENATOR,R,IA,N/A,E000295,114
2324,A.,FERGUSON,REPRESENTATIVE,R,GA,N/A,F000465,115
1791,Virginia,FOXX,REPRESENTATIVE,R,NC,5,F000450,114
1992,Paul,GOSAR,REPRESENTATIVE,R,AZ,4,G000565,114
2338,Josh,GOTTHEIMER,REPRESENTATIVE,D,NJ,N/A,G000583,115
1487,Kay,GRANGER,REPRESENTATIVE,R,TX,12,G000377,114
2276,Glenn,GROTHMAN,REPRESENTATIVE,R,WI,6,G000576,114
1922,Brett,GUTHRIE,REPRESENTATIVE,R,KY,2,G000558,114
478,Luis,GUTIERREZ,REPRESENTATIVE,D,IL,4,G000535,114
2032,Vicky,HARTZLER,REPRESENTATIVE,R,MO,4,H001053,114
2302,Margaret,HASSAN,SENATOR,D,NH,N/A,H001076,115
511,Alcee,HASTINGS,REPRESENTATIVE,D,FL,20,H000324,114
1351,Orrin,HATCH,SENATOR,R,UT,N/A,H000338,114
1844,Mazie,HIRONO,SENATOR,D,HI,N/A,H001042,114
2101,Jared,HUFFMAN,REPRESENTATIVE,D,CA,2,H001068,114
2028,Bill,HUIZENGA,REPRESENTATIVE,R,MI,2,H001058,114
1608,Johnny,ISAKSON,SENATOR,R,GA,N/A,I000055,114
2354,Pramila,JAYAPAL,REPRESENTATIVE,D,WA,N/A,J000298,115
612,Walter,JONES,REPRESENTATIVE,R,NC,3,J000255,114
616,Marcy,KAPTUR,REPRESENTATIVE,D,OH,8,K000009,114
2264,John,KATKO,REPRESENTATIVE,R,NY,24,K000386,114
2172,Joseph,KENNEDY,REPRESENTATIVE,D,MA,4,K000379,114
2308,Ro,KHANNA,REPRESENTATIVE,D,CA,N/A,K000389,115
2134,Daniel,KILDEE,REPRESENTATIVE,D,MI,5,K000380,114
1724,Steve,KING,REPRESENTATIVE,R,IA,4,K000362,114
2325,Raja,KRISHNAMOORTHI,REPRESENTATIVE,D,IL,N/A,K000391,115
1834,Doug,LAMBORN,REPRESENTATIVE,R,CO,5,L000564,114
1936,Leonard,LANCE,REPRESENTATIVE,R,NJ,7,L000567,114
1668,James,LANGEVIN,REPRESENTATIVE,D,RI,2,L000559,114
1781,Daniel,LIPINSKI,REPRESENTATIVE,D,IL,3,L000563,114
2111,Alan,LOWENTHAL,REPRESENTATIVE,D,CA,47,L000579,114
2334,Paul,MITCHELL,REPRESENTATIVE,R,MI,N/A,M001201,115
1409,Patty,MURRAY,SENATOR,D,WA,N/A,M001111,114
1602,Grace,NAPOLITANO,REPRESENTATIVE,D,CA,32,N000179,114
867,Richard,NOLAN,REPRESENTATIVE,D,MN,8,N000127,114
2202,Donald,NORCROSS,REPRESENTATIVE,D,NJ,1,N000188,114
1930,Erik,PAULSEN,REPRESENTATIVE,R,MN,3,P000594,114
2097,Donald,PAYNE,REPRESENTATIVE,D,NJ,10,P000604,114
2157,Scott,PERRY,REPRESENTATIVE,R,PA,4,P000605,114
2113,Scott,PETERS,REPRESENTATIVE,D,CA,52,P000608,114
1927,Chellie,PINGREE,REPRESENTATIVE,D,ME,1,P000597,114
2141,Robert,PITTENGER,REPRESENTATIVE,R,NC,9,P000606,114
1910,Jared,POLIS,REPRESENTATIVE,D,CO,2,P000598,114
924,Rob,PORTMAN,SENATOR,R,OH,N/A,P000449,114
2332,Jamie,RASKIN,REPRESENTATIVE,D,MD,N/A,R000606,115
1982,Tom,REED,REPRESENTATIVE,R,NY,23,R000585,114
1986,Martha,ROBY,REPRESENTATIVE,R,AL,2,R000591,114
979,Dana,ROHRABACHER,REPRESENTATIVE,R,CA,48,R000409,114
2109,Raul,RUIZ,REPRESENTATIVE,D,CA,36,R000599,114
1010,Bernard,SANDERS,SENATOR,I,VT,N/A,S000033,114
1588,Janice,SCHAKOWSKY,REPRESENTATIVE,D,IL,9,S001145,114
2124,Bradley,SCHNEIDER,REPRESENTATIVE,D,IL,N/A,S001190,115
1036,Charles,SCHUMER,SENATOR,D,NY,N/A,S000148,114
1901,Jeanne,SHAHEEN,SENATOR,D,NH,N/A,S001181,114
2346,Lloyd,SMUCKER,REPRESENTATIVE,R,PA,N/A,S001199,115
2357,Luther,STRANGE,SENATOR,R,AL,N/A,S001202,115
1664,Patrick,TIBERI,REPRESENTATIVE,R,OH,12,T000462,114
1997,Scott,TIPTON,REPRESENTATIVE,R,CO,3,T000470,114
2250,David,TROTT,REPRESENTATIVE,R,MI,11,T000475,114
2166,Marc,VEASEY,REPRESENTATIVE,D,TX,33,V000131,114
1855,Tim,WALBERG,REPRESENTATIVE,R,MI,7,W000798,114
2182,Elizabeth,WARREN,SENATOR,D,MA,N/A,W000817,114
2152,Brad,WENSTRUP,REPRESENTATIVE,R,OH,2,W000815,114
1823,Sheldon,WHITEHOUSE,SENATOR,D,RI,N/A,W000802,114
2008,Rob,WOODALL,REPRESENTATIVE,R,GA,7,W000810,114
1247,Ron,WYDEN,SENATOR,D,OR,N/A,W000779,114
1853,John,YARMUTH,REPRESENTATIVE,D,KY,3,Y000062,114
