speaker_id,first_name,last_name,type,party,state,district,bio_guide_id,congress_id
2201,Alma,ADAMS,REPRESENTATIVE,D,NC,12,A000370,114
2350,Jodey,ARRINGTON,REPRESENTATIVE,R,TX,N/A,A000375,115
2311,Nanette,BARRAGAN,REPRESENTATIVE,D,CA,N/A,B001300,115
2333,Jack,BERGMAN,REPRESENTATIVE,R,MI,N/A,B001301,115
1838,Gus,BILIRAKIS,REPRESENTATIVE,R,FL,12,B001257,114
1687,John,BOOZMAN,SENATOR,R,AR,N/A,B001236,114
2243,Mike,BOST,REPRESENTATIVE,R,IL,12,B001295,114
2106,Julia,BROWN,REPRESENTATIVE,D,CA,26,B001285,114
1676,Shelley,CAPITO,SENATOR,R,WV,N/A,C001047,115
2310,Salud,CARBAJAL,REPRESENTATIVE,D,CA,N/A,C001112,115
2107,Tony,CARDENAS,REPRESENTATIVE,D,CA,29,C001097,114
,,CARDIN,SENATOR,D,MD,N/A,99999999999999999,114
1959,Gerald,CONNOLLY,REPRESENTATIVE,D,VA,11,C001078,114
1825,Bob,CORKER,SENATOR,R,TN,N/A,C001071,114
1692,John,CORNYN,SENATOR,R,TX,N/A,C001056,114
2312,J.,CORREA,REPRESENTATIVE,D,CA,N/A,C001110,115
1836,Joe,COURTNEY,REPRESENTATIVE,D,CT,2,C001069,114
2315,Neal,DUNN,REPRESENTATIVE,R,FL,N/A,D000628,115
326,Richard,DURBIN,SENATOR,D,IL,N/A,D000563,114
2283,Joni,ERNST,SENATOR,R,IA,N/A,E000295,114
2298,Dwight,EVANS,REPRESENTATIVE,D,PA,N/A,E000296,115
2343,John,FASO,REPRESENTATIVE,R,NY,N/A,F000464,115
2324,A.,FERGUSON,REPRESENTATIVE,R,GA,N/A,F000465,115
1791,Virginia,FOXX,REPRESENTATIVE,R,NC,5,F000450,114
2122,Tulsi,GABBARD,REPRESENTATIVE,D,HI,2,G000571,114
1998,Cory,GARDNER,SENATOR,R,CO,N/A,G000562,115
457,Chuck,GRASSLEY,SENATOR,R,IA,N/A,G000386,114
1922,Brett,GUTHRIE,REPRESENTATIVE,R,KY,2,G000558,114
2026,Andy,HARRIS,REPRESENTATIVE,R,MD,1,H001052,114
2223,J.,HILL,REPRESENTATIVE,R,AR,2,H001072,114
2172,Joseph,KENNEDY,REPRESENTATIVE,D,MA,4,K000379,114
2134,Daniel,KILDEE,REPRESENTATIVE,D,MI,5,K000380,114
2228,Stephen,KNIGHT,REPRESENTATIVE,R,CA,25,K000387,114
1668,James,LANGEVIN,REPRESENTATIVE,D,RI,2,L000559,114
2252,Brenda,LAWRENCE,REPRESENTATIVE,D,MI,14,L000581,114
1983,Joe,MANCHIN,SENATOR,D,WV,N/A,M001183,114
791,Robert,MENENDEZ,SENATOR,D,NJ,N/A,M000639,114
2130,Luke,MESSER,REPRESENTATIVE,R,IN,6,M001189,114
2334,Paul,MITCHELL,REPRESENTATIVE,R,MI,N/A,M001201,115
859,Bill,NELSON,SENATOR,D,FL,N/A,N000032,114
868,Eleanor,NORTON,DELEGATE,D,DC,N/A,N000147,114
1930,Erik,PAULSEN,REPRESENTATIVE,R,MN,3,P000594,114
,,PLASKETT,DELEGATE,I,VI,N/A,99999999999999999,114
2247,Bruce,POLIQUIN,REPRESENTATIVE,R,ME,2,P000611,114
924,Rob,PORTMAN,SENATOR,R,OH,N/A,P000449,114
1982,Tom,REED,REPRESENTATIVE,R,NY,23,R000585,114
1036,Charles,SCHUMER,SENATOR,D,NY,N/A,S000148,114
2346,Lloyd,SMUCKER,REPRESENTATIVE,R,PA,N/A,S001199,115
2319,Darren,SOTO,REPRESENTATIVE,D,FL,N/A,S001200,115
2110,Mark,TAKANO,REPRESENTATIVE,D,CA,41,T000472,114
1940,Dina,TITUS,REPRESENTATIVE,D,NV,1,T000468,114
1855,Tim,WALBERG,REPRESENTATIVE,R,MI,7,W000798,114
2128,Jackie,WALORSKI,REPRESENTATIVE,R,IN,2,W000813,114
1856,Timothy,WALZ,REPRESENTATIVE,D,MN,1,W000799,114
2165,Roger,WILLIAMS,REPRESENTATIVE,R,TX,25,W000816,114
2008,Rob,WOODALL,REPRESENTATIVE,R,GA,7,W000810,114
2021,Kevin,YODER,REPRESENTATIVE,R,KS,3,Y000063,114
1256,Don,YOUNG,REPRESENTATIVE,R,AK,0,Y000033,114
2261,Lee,ZELDIN,REPRESENTATIVE,R,NY,1,Z000017,114
