speaker_id,first_name,last_name,type,party,state,district,bio_guide_id,congress_id
2201,Alma,ADAMS,REPRESENTATIVE,D,NC,12,A000370,114
1695,Lamar,ALEXANDER,SENATOR,R,TN,N/A,A000360,114
2311,Nanette,BARRAGAN,REPRESENTATIVE,D,CA,N/A,B001300,115
2307,Andy,BIGGS,REPRESENTATIVE,R,AZ,N/A,B001302,115
1838,Gus,BILIRAKIS,REPRESENTATIVE,R,FL,12,B001257,114
2076,Richard,BLUMENTHAL,SENATOR,D,CT,N/A,B001277,114
1464,Roy,BLUNT,SENATOR,R,MO,N/A,B000575,114
2243,Mike,BOST,REPRESENTATIVE,R,IL,12,B001295,114
153,Richard,BURR,SENATOR,R,NC,N/A,B001135,114
2127,Cheri,BUSTOS,REPRESENTATIVE,D,IL,17,B001286,114
1761,G.,BUTTERFIELD,REPRESENTATIVE,D,NC,1,B001251,114
2197,Bradley,BYRNE,REPRESENTATIVE,R,AL,1,B001289,114
172,Maria,CANTWELL,SENATOR,D,WA,N/A,C000127,114
1676,Shelley,CAPITO,SENATOR,R,WV,N/A,C001047,115
2310,Salud,CARBAJAL,REPRESENTATIVE,D,CA,N/A,C001112,115
,,CARDIN,SENATOR,D,MD,N/A,99999999999999999,114
1925,Bill,CASSIDY,SENATOR,R,LA,N/A,C001075,114
,,CLEAVER,REPRESENTATIVE,D,MO,5,99999999999999999,114
1825,Bob,CORKER,SENATOR,R,TN,N/A,C001071,114
1692,John,CORNYN,SENATOR,R,TX,N/A,C001056,114
1836,Joe,COURTNEY,REPRESENTATIVE,D,CT,2,C001069,114
2138,Steve,DAINES,SENATOR,R,MT,N/A,D000618,114
2296,Warren,DAVIDSON,REPRESENTATIVE,R,OH,N/A,D000626,115
1976,Theodore,DEUTCH,REPRESENTATIVE,D,FL,21,D000610,114
326,Richard,DURBIN,SENATOR,D,IL,N/A,D000563,114
2253,Tom,EMMER,REPRESENTATIVE,R,MN,6,E000294,114
344,Eliot,ENGEL,REPRESENTATIVE,D,NY,16,E000179,114
1797,Michael,FITZPATRICK,REPRESENTATIVE,R,PA,8,F000451,114
1633,Jeff,FLAKE,SENATOR,R,AZ,N/A,F000444,114
2226,Ruben,GALLEGO,REPRESENTATIVE,D,AZ,7,G000574,114
1801,Louie,GOHMERT,REPRESENTATIVE,R,TX,1,G000552,114
1351,Orrin,HATCH,SENATOR,R,UT,N/A,H000338,114
2174,Heidi,HEITKAMP,SENATOR,D,ND,N/A,H001069,114
566,Steny,HOYER,REPRESENTATIVE,D,MD,5,H000874,114
1909,Duncan,HUNTER,REPRESENTATIVE,R,CA,50,H001048,114
,,JOHNSON,REPRESENTATIVE,R,GA,4,99999999999999999,114
1826,Amy,KLOBUCHAR,SENATOR,D,MN,N/A,K000367,114
1834,Doug,LAMBORN,REPRESENTATIVE,R,CO,5,L000564,114
1781,Daniel,LIPINSKI,REPRESENTATIVE,D,IL,3,L000563,114
1983,Joe,MANCHIN,SENATOR,D,WV,N/A,M001183,114
735,Edward,MARKEY,SENATOR,D,MA,N/A,M000133,114
1676,Shelley,MOORE,SENATOR,R,WV,N/A,C001047,114
2246,Seth,MOULTON,REPRESENTATIVE,D,MA,6,M001196,114
850,Jerrold,NADLER,REPRESENTATIVE,D,NY,10,N000002,114
1602,Grace,NAPOLITANO,REPRESENTATIVE,D,CA,32,N000179,114
2275,Dan,NEWHOUSE,REPRESENTATIVE,R,WA,4,N000189,114
867,Richard,NOLAN,REPRESENTATIVE,D,MN,8,N000127,114
2113,Scott,PETERS,REPRESENTATIVE,D,CA,52,P000608,114
2141,Robert,PITTENGER,REPRESENTATIVE,R,NC,9,P000606,114
,,PLASKETT,DELEGATE,I,VI,N/A,99999999999999999,114
2247,Bruce,POLIQUIN,REPRESENTATIVE,R,ME,2,P000611,114
1910,Jared,POLIS,REPRESENTATIVE,D,CO,2,P000598,114
924,Rob,PORTMAN,SENATOR,R,OH,N/A,P000449,114
979,Dana,ROHRABACHER,REPRESENTATIVE,R,CA,48,R000409,114
2339,Jacky,ROSEN,REPRESENTATIVE,D,NV,N/A,R000608,115
1848,Peter,ROSKAM,REPRESENTATIVE,R,IL,6,R000580,114
2265,Steve,RUSSELL,REPRESENTATIVE,R,OK,5,R000604,114
1010,Bernard,SANDERS,SENATOR,I,VT,N/A,S000033,114
1036,Charles,SCHUMER,SENATOR,D,NY,N/A,S000148,114
1548,Jeff,SESSIONS,SENATOR,R,AL,N/A,S001141,114
1901,Jeanne,SHAHEEN,SENATOR,D,NH,N/A,S001181,114
2346,Lloyd,SMUCKER,REPRESENTATIVE,R,PA,N/A,S001199,115
1531,Debbie,STABENOW,SENATOR,D,MI,N/A,S000770,114
2290,Dan,SULLIVAN,SENATOR,R,AK,N/A,S001198,114
2351,Scott,TAYLOR,REPRESENTATIVE,R,VA,N/A,T000477,115
2344,Claudia,TENNEY,REPRESENTATIVE,R,NY,N/A,T000478,115
1829,Jon,TESTER,SENATOR,D,MT,N/A,T000464,114
1155,Mac,THORNBERRY,REPRESENTATIVE,R,TX,13,T000238,114
1534,John,THUNE,SENATOR,R,SD,N/A,T000250,114
1823,Sheldon,WHITEHOUSE,SENATOR,D,RI,N/A,W000802,114
1886,Robert,WITTMAN,REPRESENTATIVE,R,VA,1,W000804,114
