speaker_id,first_name,last_name,type,party,state,district,bio_guide_id,congress_id
2239,Rick,ALLEN,REPRESENTATIVE,R,GA,12,A000372,114
2270,Brian,BABIN,REPRESENTATIVE,R,TX,36,B001291,114
2337,Don,BACON,REPRESENTATIVE,R,NE,N/A,B001298,115
2307,Andy,BIGGS,REPRESENTATIVE,R,AZ,N/A,B001302,115
1838,Gus,BILIRAKIS,REPRESENTATIVE,R,FL,12,B001257,114
2063,Diane,BLACK,REPRESENTATIVE,R,TN,6,B001273,114
2018,Larry,BUCSHON,REPRESENTATIVE,R,IN,8,B001275,114
2310,Salud,CARBAJAL,REPRESENTATIVE,D,CA,N/A,C001112,115
186,Steve,CHABOT,REPRESENTATIVE,R,OH,1,C000266,114
1959,Gerald,CONNOLLY,REPRESENTATIVE,D,VA,11,C001078,114
229,John,CONYERS,REPRESENTATIVE,D,MI,13,C000714,114
1604,Joseph,CROWLEY,REPRESENTATIVE,D,NY,14,C001038,114
2320,Val,DEMINGS,REPRESENTATIVE,D,FL,N/A,D000627,115
303,Lloyd,DOGGETT,REPRESENTATIVE,D,TX,35,D000399,114
2315,Neal,DUNN,REPRESENTATIVE,R,FL,N/A,D000628,115
2253,Tom,EMMER,REPRESENTATIVE,R,MN,6,E000294,114
2343,John,FASO,REPRESENTATIVE,R,NY,N/A,F000464,115
1797,Michael,FITZPATRICK,REPRESENTATIVE,R,PA,8,F000451,114
,,FLORES,REPRESENTATIVE,R,TX,17,99999999999999999,114
2314,Matt,GAETZ,REPRESENTATIVE,R,FL,N/A,G000578,115
446,Bob,GOODLATTE,REPRESENTATIVE,R,VA,6,G000289,114
478,Luis,GUTIERREZ,REPRESENTATIVE,D,IL,4,G000535,114
2032,Vicky,HARTZLER,REPRESENTATIVE,R,MO,4,H001053,114
2223,J.,HILL,REPRESENTATIVE,R,AR,2,H001072,114
616,Marcy,KAPTUR,REPRESENTATIVE,D,OH,8,K000009,114
2172,Joseph,KENNEDY,REPRESENTATIVE,D,MA,4,K000379,114
1936,Leonard,LANCE,REPRESENTATIVE,R,NJ,7,L000567,114
701,Zoe,LOFGREN,REPRESENTATIVE,D,CA,19,L000397,114
2111,Alan,LOWENTHAL,REPRESENTATIVE,D,CA,47,L000579,114
2322,Brian,MAST,REPRESENTATIVE,R,FL,N/A,M001199,115
2142,Mark,MEADOWS,REPRESENTATIVE,R,NC,11,M001187,114
2130,Luke,MESSER,REPRESENTATIVE,R,IN,6,M001189,114
1676,Shelley,MOORE,SENATOR,R,WV,N/A,C001047,114
850,Jerrold,NADLER,REPRESENTATIVE,D,NY,10,N000002,114
1602,Grace,NAPOLITANO,REPRESENTATIVE,D,CA,32,N000179,114
1710,Devin,NUNES,REPRESENTATIVE,R,CA,22,N000181,114
2309,Jimmy,PANETTA,REPRESENTATIVE,D,CA,N/A,P000613,115
1510,Bill,PASCRELL,REPRESENTATIVE,D,NJ,9,P000096,114
1930,Erik,PAULSEN,REPRESENTATIVE,R,MN,3,P000594,114
905,Nancy,PELOSI,REPRESENTATIVE,D,CA,12,P000197,114
2157,Scott,PERRY,REPRESENTATIVE,R,PA,4,P000605,114
2158,Keith,ROTHFUS,REPRESENTATIVE,R,PA,12,R000598,114
2109,Raul,RUIZ,REPRESENTATIVE,D,CA,36,R000599,114
1588,Janice,SCHAKOWSKY,REPRESENTATIVE,D,IL,9,S001145,114
1950,Kurt,SCHRADER,REPRESENTATIVE,D,OR,5,S001180,114
1548,Jeff,SESSIONS,SENATOR,R,AL,N/A,S001141,114
1069,Louise,SLAUGHTER,REPRESENTATIVE,D,NY,25,S000480,114
2346,Lloyd,SMUCKER,REPRESENTATIVE,R,PA,N/A,S001199,115
2344,Claudia,TENNEY,REPRESENTATIVE,R,NY,N/A,T000478,115
2255,Mark,WALKER,REPRESENTATIVE,R,NC,6,W000819,114
2224,Bruce,WESTERMAN,REPRESENTATIVE,R,AR,4,W000821,114
2115,Ted,YOHO,REPRESENTATIVE,R,FL,3,Y000065,114
