speaker_id,first_name,last_name,type,party,state,district,bio_guide_id,congress_id
2244,Ralph,ABRAHAM,REPRESENTATIVE,R,LA,5,A000374,114
2201,Alma,ADAMS,REPRESENTATIVE,D,NC,12,A000370,114
1695,Lamar,ALEXANDER,SENATOR,R,TN,N/A,A000360,114
2239,Rick,ALLEN,REPRESENTATIVE,R,GA,12,A000372,114
2350,Jodey,ARRINGTON,REPRESENTATIVE,R,TX,N/A,A000375,115
2270,Brian,BABIN,REPRESENTATIVE,R,TX,36,B001291,114
2337,Don,BACON,REPRESENTATIVE,R,NE,N/A,B001298,115
2076,Richard,BLUM,SENATOR,D,CT,N/A,B001277,114
99,Earl,BLUMENAUER,REPRESENTATIVE,D,OR,3,B000574,114
2194,Cory,BOOKER,SENATOR,D,NJ,N/A,B001288,114
1723,Madeleine,BORDALLO,REPRESENTATIVE,D,GU,N/A,B001245,115
2197,Bradley,BYRNE,REPRESENTATIVE,R,AL,1,B001289,114
1564,Michael,CAPUANO,REPRESENTATIVE,D,MA,7,C001037,114
2310,Salud,CARBAJAL,REPRESENTATIVE,D,CA,N/A,C001112,115
2356,Liz,CHENEY,REPRESENTATIVE,R,WY,N/A,C001109,115
,,CLEAVER,REPRESENTATIVE,D,MO,5,99999999999999999,114
1912,Mike,COFFMAN,REPRESENTATIVE,R,CO,6,C001077,114
2297,James,COMER,REPRESENTATIVE,R,KY,N/A,C001108,115
1805,K.,CONAWAY,REPRESENTATIVE,R,TX,11,C001062,114
231,Jim,COOPER,REPRESENTATIVE,D,TN,5,C000754,114
1692,John,CORNYN,SENATOR,R,TX,N/A,C001056,114
1836,Joe,COURTNEY,REPRESENTATIVE,D,CT,2,C001069,114
2321,Charlie,CRIST,REPRESENTATIVE,D,FL,N/A,C001111,115
303,Lloyd,DOGGETT,REPRESENTATIVE,D,TX,35,D000399,114
2072,Sean,DUFFY,REPRESENTATIVE,R,WI,N/A,D000614,115
326,Richard,DURBIN,SENATOR,D,IL,N/A,D000563,114
2253,Tom,EMMER,REPRESENTATIVE,R,MN,6,E000294,114
344,Eliot,ENGEL,REPRESENTATIVE,D,NY,16,E000179,114
2342,Adriano,ESPAILLAT,REPRESENTATIVE,D,NY,N/A,E000297,115
1797,Michael,FITZPATRICK,REPRESENTATIVE,R,PA,8,F000451,114
1969,Al,FRANKEN,SENATOR,D,MN,N/A,F000457,114
2355,Mike,GALLAGHER,REPRESENTATIVE,R,WI,N/A,G000579,115
1973,John,GARAMENDI,REPRESENTATIVE,D,CA,3,G000559,114
457,Chuck,GRASSLEY,SENATOR,R,IA,N/A,G000386,114
2360,Karen,HANDEL,REPRESENTATIVE,R,GA,N/A,H001078,115
2032,Vicky,HARTZLER,REPRESENTATIVE,R,MO,4,H001053,114
511,Alcee,HASTINGS,REPRESENTATIVE,D,FL,20,H000324,114
1749,Jeb,HENSARLING,REPRESENTATIVE,R,TX,5,H001036,114
2223,J.,HILL,REPRESENTATIVE,R,AR,2,H001072,114
2143,George,HOLDING,REPRESENTATIVE,R,NC,13,H001065,114
566,Steny,HOYER,REPRESENTATIVE,D,MD,5,H000874,114
2354,Pramila,JAYAPAL,REPRESENTATIVE,D,WA,N/A,J000298,115
616,Marcy,KAPTUR,REPRESENTATIVE,D,OH,8,K000009,114
1826,Amy,KLOBUCHAR,SENATOR,D,MN,N/A,K000367,114
1834,Doug,LAMBORN,REPRESENTATIVE,R,CO,5,L000564,114
1668,James,LANGEVIN,REPRESENTATIVE,D,RI,2,L000559,114
1383,Patrick,LEAHY,SENATOR,D,VT,N/A,L000174,114
1501,Barbara,LEE,REPRESENTATIVE,D,CA,13,L000551,114
2238,Barry,LOUDERMILK,REPRESENTATIVE,R,GA,11,L000583,114
2111,Alan,LOWENTHAL,REPRESENTATIVE,D,CA,47,L000579,114
1931,Blaine,LUETKEMEYER,REPRESENTATIVE,R,MO,3,L000569,114
791,Robert,MENENDEZ,SENATOR,D,NJ,N/A,M000639,114
2246,Seth,MOULTON,REPRESENTATIVE,D,MA,6,M001196,114
850,Jerrold,NADLER,REPRESENTATIVE,D,NY,10,N000002,114
859,Bill,NELSON,SENATOR,D,FL,N/A,N000032,114
2060,Kristi,NOEM,REPRESENTATIVE,R,SD,0,N000184,114
2361,Ralph,NORMAN,REPRESENTATIVE,R,SC,N/A,N000190,115
868,Eleanor,NORTON,DELEGATE,D,DC,N/A,N000147,114
887,Frank,PALLONE,REPRESENTATIVE,D,NJ,6,P000034,114
1510,Bill,PASCRELL,REPRESENTATIVE,D,NJ,9,P000096,114
1930,Erik,PAULSEN,REPRESENTATIVE,R,MN,3,P000594,114
2097,Donald,PAYNE,REPRESENTATIVE,D,NJ,10,P000604,114
2141,Robert,PITTENGER,REPRESENTATIVE,R,NC,9,P000606,114
1967,Mike,QUIGLEY,REPRESENTATIVE,D,IL,5,Q000023,114
2023,Cedric,RICHMOND,REPRESENTATIVE,D,LA,2,R000588,114
2003,Dennis,ROSS,REPRESENTATIVE,R,FL,15,R000593,114
2158,Keith,ROTHFUS,REPRESENTATIVE,R,PA,12,R000598,114
2256,David,ROUZER,REPRESENTATIVE,R,NC,7,R000603,114
1728,C.,RUPPERSBERGER,REPRESENTATIVE,D,MD,2,R000576,114
1892,Steve,SCALISE,REPRESENTATIVE,R,LA,1,S001176,114
1950,Kurt,SCHRADER,REPRESENTATIVE,D,OR,5,S001180,114
1036,Charles,SCHUMER,SENATOR,D,NY,N/A,S000148,114
1548,Jeff,SESSIONS,SENATOR,R,AL,N/A,S001141,114
1681,Bill,SHUSTER,REPRESENTATIVE,R,PA,9,S001154,114
1069,Louise,SLAUGHTER,REPRESENTATIVE,D,NY,25,S000480,114
2263,Elise,STEFANIK,REPRESENTATIVE,R,NY,21,S001196,114
2341,Thomas,SUOZZI,REPRESENTATIVE,D,NY,N/A,S001201,115
1155,Mac,THORNBERRY,REPRESENTATIVE,R,TX,13,T000238,114
1534,John,THUNE,SENATOR,R,SD,N/A,T000250,114
1942,Paul,TONKO,REPRESENTATIVE,D,NY,20,T000469,114
1594,Patrick,TOOMEY,SENATOR,R,PA,N/A,T000461,114
1884,Niki,TSONGAS,REPRESENTATIVE,D,MA,3,T000465,114
1741,Michael,TURNER,REPRESENTATIVE,R,OH,10,T000463,114
2166,Marc,VEASEY,REPRESENTATIVE,D,TX,33,V000131,114
1184,Nydia,VELAZQUEZ,REPRESENTATIVE,D,NY,7,V000081,114
1855,Tim,WALBERG,REPRESENTATIVE,R,MI,7,W000798,114
2152,Brad,WENSTRUP,REPRESENTATIVE,R,OH,2,W000815,114
1823,Sheldon,WHITEHOUSE,SENATOR,D,RI,N/A,W000802,114
1886,Robert,WITTMAN,REPRESENTATIVE,R,VA,1,W000804,114
2261,Lee,ZELDIN,REPRESENTATIVE,R,NY,1,Z000017,114
