speaker_id,first_name,last_name,type,party,state,district,bio_guide_id,congress_id
1695,Lamar,ALEXANDER,SENATOR,R,TN,N/A,A000360,114
2350,Jodey,ARRINGTON,REPRESENTATIVE,R,TX,N/A,A000375,115
2337,Don,BACON,REPRESENTATIVE,R,NE,N/A,B001298,115
1881,John,BARRASSO,SENATOR,R,WY,N/A,B001261,114
1996,Karen,BASS,REPRESENTATIVE,D,CA,37,B001270,114
2333,Jack,BERGMAN,REPRESENTATIVE,R,MI,N/A,B001301,115
1464,Roy,BLUNT,SENATOR,R,MO,N/A,B000575,114
153,Richard,BURR,SENATOR,R,NC,N/A,B001135,114
,,CARDIN,SENATOR,D,MD,N/A,99999999999999999,114
2356,Liz,CHENEY,REPRESENTATIVE,R,WY,N/A,C001109,115
1692,John,CORNYN,SENATOR,R,TX,N/A,C001056,114
1604,Joseph,CROWLEY,REPRESENTATIVE,D,NY,14,C001038,114
2175,Ted,CRUZ,SENATOR,R,TX,N/A,C001098,114
2138,Steve,DAINES,SENATOR,R,MT,N/A,D000618,114
2315,Neal,DUNN,REPRESENTATIVE,R,FL,N/A,D000628,115
326,Richard,DURBIN,SENATOR,D,IL,N/A,D000563,114
2324,A.,FERGUSON,REPRESENTATIVE,R,GA,N/A,F000465,115
1633,Jeff,FLAKE,SENATOR,R,AZ,N/A,F000444,114
1791,Virginia,FOXX,REPRESENTATIVE,R,NC,5,F000450,114
99999999999999,,GARDNER,N/A,Party information Unavailable,State Info Unavailable,N/A,9999999999999999,115
457,Chuck,GRASSLEY,SENATOR,R,IA,N/A,G000386,114
2010,Colleen,HANABUSA,REPRESENTATIVE,D,HI,N/A,H001050,115
1933,Gregg,HARPER,REPRESENTATIVE,R,MS,3,H001045,114
2302,Margaret,HASSAN,SENATOR,D,NH,N/A,H001076,115
1351,Orrin,HATCH,SENATOR,R,UT,N/A,H000338,114
2269,Will,HURD,REPRESENTATIVE,R,TX,23,H001073,114
583,James,INHOFE,SENATOR,R,OK,N/A,I000024,114
2354,Pramila,JAYAPAL,REPRESENTATIVE,D,WA,N/A,J000298,115
2176,Tim,KAINE,SENATOR,D,VA,N/A,K000384,114
2134,Daniel,KILDEE,REPRESENTATIVE,D,MI,5,K000380,114
1668,James,LANGEVIN,REPRESENTATIVE,D,RI,2,L000559,114
1501,Barbara,LEE,REPRESENTATIVE,D,CA,13,L000551,114
2111,Alan,LOWENTHAL,REPRESENTATIVE,D,CA,47,L000579,114
2328,Roger,MARSHALL,REPRESENTATIVE,R,KS,N/A,M001198,115
2334,Paul,MITCHELL,REPRESENTATIVE,R,MI,N/A,M001201,115
859,Bill,NELSON,SENATOR,D,FL,N/A,N000032,114
2309,Jimmy,PANETTA,REPRESENTATIVE,D,CA,N/A,P000613,115
1510,Bill,PASCRELL,REPRESENTATIVE,D,NJ,9,P000096,114
1992,Paul,PAUL,REPRESENTATIVE,R,AZ,4,G000565,114
1930,Erik,PAULSEN,REPRESENTATIVE,R,MN,3,P000594,114
2113,Scott,PETERS,REPRESENTATIVE,D,CA,52,P000608,114
1982,Tom,REED,REPRESENTATIVE,R,NY,23,R000585,114
2288,Mike,ROUNDS,SENATOR,R,SD,N/A,R000605,115
2316,John,RUTHERFORD,REPRESENTATIVE,R,FL,N/A,R000609,115
2289,Ben,SASSE,SENATOR,R,NE,N/A,S001197,114
2173,Brian,SCHATZ,SENATOR,D,HI,N/A,S001194,114
2124,Bradley,SCHNEIDER,REPRESENTATIVE,D,IL,N/A,S001190,115
1036,Charles,SCHUMER,SENATOR,D,NY,N/A,S000148,114
1901,Jeanne,SHAHEEN,SENATOR,D,NH,N/A,S001181,114
1531,Debbie,STABENOW,SENATOR,D,MI,N/A,S000770,114
2290,Dan,SULLIVAN,SENATOR,R,AK,N/A,S001198,114
2344,Claudia,TENNEY,REPRESENTATIVE,R,NY,N/A,T000478,115
1997,Scott,TIPTON,REPRESENTATIVE,R,CO,3,T000470,114
1594,Patrick,TOOMEY,SENATOR,R,PA,N/A,T000461,114
1567,Tom,UDALL,SENATOR,D,NM,N/A,U000039,114
1897,Mark,WARNER,SENATOR,D,VA,N/A,W000805,114
1823,Sheldon,WHITEHOUSE,SENATOR,D,RI,N/A,W000802,114
1247,Ron,WYDEN,SENATOR,D,OR,N/A,W000779,114
