speaker_id,first_name,last_name,type,party,state,district,bio_guide_id,congress_id
1695,Lamar,ALEXANDER,SENATOR,R,TN,N/A,A000360,114
2337,Don,BACON,REPRESENTATIVE,R,NE,N/A,B001298,115
2311,Nanette,BARRAGAN,REPRESENTATIVE,D,CA,N/A,B001300,115
1881,John,BARRASSO,SENATOR,R,WY,N/A,B001261,114
1838,Gus,BILIRAKIS,REPRESENTATIVE,R,FL,12,B001257,114
1748,Marsha,BLACKBURN,REPRESENTATIVE,R,TN,7,B001243,114
2106,Julia,BROWN,REPRESENTATIVE,D,CA,26,B001285,114
186,Steve,CHABOT,REPRESENTATIVE,R,OH,1,C000266,114
1956,Jason,CHAFFETZ,REPRESENTATIVE,R,UT,3,C001076,114
1654,Wm.,CLAY,REPRESENTATIVE,D,MO,1,C001049,114
2273,Barbara,COMSTOCK,REPRESENTATIVE,R,VA,10,C001105,114
1692,John,CORNYN,SENATOR,R,TX,N/A,C001056,114
1604,Joseph,CROWLEY,REPRESENTATIVE,D,NY,14,C001038,114
256,Elijah,CUMMINGS,REPRESENTATIVE,D,MD,7,C000984,114
326,Richard,DURBIN,SENATOR,D,IL,N/A,D000563,114
1542,Michael,ENZI,SENATOR,R,WY,N/A,E000285,114
355,Anna,ESHOO,REPRESENTATIVE,D,CA,18,E000215,114
2114,Elizabeth,ESTY,REPRESENTATIVE,D,CT,5,E000293,114
1633,Jeff,FLAKE,SENATOR,R,AZ,N/A,F000444,114
1973,John,GARAMENDI,REPRESENTATIVE,D,CA,3,G000559,114
1801,Louie,GOHMERT,REPRESENTATIVE,R,TX,1,G000552,114
1749,Jeb,HENSARLING,REPRESENTATIVE,R,TX,5,H001036,114
566,Steny,HOYER,REPRESENTATIVE,D,MD,5,H000874,114
2028,Bill,HUIZENGA,REPRESENTATIVE,R,MI,2,H001058,114
2015,Randy,HULTGREN,REPRESENTATIVE,R,IL,14,H001059,114
2269,Will,HURD,REPRESENTATIVE,R,TX,23,H001073,114
616,Marcy,KAPTUR,REPRESENTATIVE,D,OH,8,K000009,114
1724,Steve,KING,REPRESENTATIVE,R,IA,4,K000362,114
1383,Patrick,LEAHY,SENATOR,D,VT,N/A,L000174,114
2246,Seth,MOULTON,REPRESENTATIVE,D,MA,6,M001196,114
859,Bill,NELSON,SENATOR,D,FL,N/A,N000032,114
1955,Pete,OLSON,REPRESENTATIVE,R,TX,22,O000168,114
2113,Scott,PETERS,REPRESENTATIVE,D,CA,52,P000608,114
1910,Jared,POLIS,REPRESENTATIVE,D,CO,2,P000598,114
2268,John,RATCLIFFE,REPRESENTATIVE,R,TX,4,R000601,114
1982,Tom,REED,REPRESENTATIVE,R,NY,23,R000585,114
1010,Bernard,SANDERS,SENATOR,I,VT,N/A,S000033,114
2124,Bradley,SCHNEIDER,REPRESENTATIVE,D,IL,N/A,S001190,115
1036,Charles,SCHUMER,SENATOR,D,NY,N/A,S000148,114
2099,Kyrsten,SINEMA,REPRESENTATIVE,D,AZ,9,S001191,114
1531,Debbie,STABENOW,SENATOR,D,MI,N/A,S000770,114
1534,John,THUNE,SENATOR,R,SD,N/A,T000250,114
1942,Paul,TONKO,REPRESENTATIVE,D,NY,20,T000469,114
1184,Nydia,VELAZQUEZ,REPRESENTATIVE,D,NY,7,V000081,114
1596,Greg,WALDEN,REPRESENTATIVE,R,OR,2,W000791,114
2165,Roger,WILLIAMS,REPRESENTATIVE,R,TX,25,W000816,114
2115,Ted,YOHO,REPRESENTATIVE,R,FL,3,Y000065,114
