speaker_id,first_name,last_name,type,party,state,district,bio_guide_id,congress_id
2076,Richard,BLUMENTHAL,SENATOR,D,CT,N/A,B001277,114
172,Maria,CANTWELL,SENATOR,D,WA,N/A,C000127,114
,,CARDIN,SENATOR,D,MD,N/A,99999999999999999,114
179,Thomas,CARPER,SENATOR,D,DE,N/A,C000174,114
1984,Christopher,COONS,SENATOR,D,DE,N/A,C001088,114
1692,John,CORNYN,SENATOR,R,TX,N/A,C001056,114
2363,John,CURTIS,REPRESENTATIVE,R,UT,N/A,C001114,115
2296,Warren,DAVIDSON,REPRESENTATIVE,R,OH,N/A,D000626,115
326,Richard,DURBIN,SENATOR,D,IL,N/A,D000563,114
1332,Dianne,FEINSTEIN,SENATOR,D,CA,N/A,F000062,114
2179,Deb,FISCHER,SENATOR,R,NE,N/A,F000463,114
1633,Jeff,FLAKE,SENATOR,R,AZ,N/A,F000444,114
457,Chuck,GRASSLEY,SENATOR,R,IA,N/A,G000386,114
1937,Martin,HEINRICH,SENATOR,D,NM,N/A,H001046,114
1749,Jeb,HENSARLING,REPRESENTATIVE,R,TX,5,H001036,114
1844,Mazie,HIRONO,SENATOR,D,HI,N/A,H001042,114
2028,Bill,HUIZENGA,REPRESENTATIVE,R,MI,2,H001058,114
1640,Darrell,ISSA,REPRESENTATIVE,R,CA,49,I000056,114
2340,Ruben,KIHUEN,REPRESENTATIVE,D,NV,N/A,K000390,115
1724,Steve,KING,REPRESENTATIVE,R,IA,4,K000362,114
1826,Amy,KLOBUCHAR,SENATOR,D,MN,N/A,K000367,114
1936,Leonard,LANCE,REPRESENTATIVE,R,NJ,7,L000567,114
99999999999999,First Name unavailable,LEUTKEMEYER,Type Unavailable,Party Info Unavailable,state info unavailable,District Unavailable,BioGuideID unavailable,CongressID unavailable
1983,Joe,MANCHIN,SENATOR,D,WV,N/A,M001183,114
735,Edward,MARKEY,SENATOR,D,MA,N/A,M000133,114
791,Robert,MENENDEZ,SENATOR,D,NJ,N/A,M000639,114
1900,Jeff,MERKLEY,SENATOR,D,OR,N/A,M001176,114
2334,Paul,MITCHELL,REPRESENTATIVE,R,MI,N/A,M001201,115
1409,Patty,MURRAY,SENATOR,D,WA,N/A,M001111,114
859,Bill,NELSON,SENATOR,D,FL,N/A,N000032,114
2361,Ralph,NORMAN,REPRESENTATIVE,R,SC,N/A,N000190,115
2309,Jimmy,PANETTA,REPRESENTATIVE,D,CA,N/A,P000613,115
905,Nancy,PELOSI,REPRESENTATIVE,D,CA,12,P000197,114
2247,Bruce,POLIQUIN,REPRESENTATIVE,R,ME,2,P000611,114
2158,Keith,ROTHFUS,REPRESENTATIVE,R,PA,12,R000598,114
2288,Mike,ROUNDS,SENATOR,R,SD,N/A,R000605,115
1757,Linda,SANCHEZ,REPRESENTATIVE,D,CA,38,S001156,114
1010,Bernard,SANDERS,SENATOR,I,VT,N/A,S000033,114
1036,Charles,SCHUMER,SENATOR,D,NY,N/A,S000148,114
1901,Jeanne,SHAHEEN,SENATOR,D,NH,N/A,S001181,114
1534,John,THUNE,SENATOR,R,SD,N/A,T000250,114
1594,Patrick,TOOMEY,SENATOR,R,PA,N/A,T000461,114
2250,David,TROTT,REPRESENTATIVE,R,MI,11,T000475,114
2137,Ann,WAGNER,REPRESENTATIVE,R,MO,2,W000812,114
1897,Mark,WARNER,SENATOR,D,VA,N/A,W000805,114
1823,Sheldon,WHITEHOUSE,SENATOR,D,RI,N/A,W000802,114
2008,Rob,WOODALL,REPRESENTATIVE,R,GA,7,W000810,114
1247,Ron,WYDEN,SENATOR,D,OR,N/A,W000779,114
