speaker_id,first_name,last_name,type,party,state,district,bio_guide_id,congress_id
2239,Rick,ALLEN,REPRESENTATIVE,R,GA,12,A000372,114
2350,Jodey,ARRINGTON,REPRESENTATIVE,R,TX,N/A,A000375,115
2337,Don,BACON,REPRESENTATIVE,R,NE,N/A,B001298,115
1838,Gus,BILIRAKIS,REPRESENTATIVE,R,FL,12,B001257,114
99,Earl,BLUMENAUER,REPRESENTATIVE,D,OR,3,B000574,114
2092,Suzanne,BONAMICI,REPRESENTATIVE,D,OR,1,B001278,114
2233,Ken,BUCK,REPRESENTATIVE,R,CO,4,B001297,114
153,Richard,BURR,SENATOR,R,NC,N/A,B001135,114
2197,Bradley,BYRNE,REPRESENTATIVE,R,AL,1,B001289,114
172,Maria,CANTWELL,SENATOR,D,WA,N/A,C000127,114
179,Thomas,CARPER,SENATOR,D,DE,N/A,C000174,114
2159,Matt,CARTWRIGHT,REPRESENTATIVE,D,PA,17,C001090,114
1956,Jason,CHAFFETZ,REPRESENTATIVE,R,UT,3,C001076,114
2055,David,CICILLINE,REPRESENTATIVE,D,RI,1,C001084,114
2121,Doug,COLLINS,REPRESENTATIVE,R,GA,9,C001093,114
1959,Gerald,CONNOLLY,REPRESENTATIVE,D,VA,11,C001078,114
1984,Christopher,COONS,SENATOR,D,DE,N/A,C001088,114
1692,John,CORNYN,SENATOR,R,TX,N/A,C001056,114
256,Elijah,CUMMINGS,REPRESENTATIVE,D,MD,7,C000984,114
326,Richard,DURBIN,SENATOR,D,IL,N/A,D000563,114
1791,Virginia,FOXX,REPRESENTATIVE,R,NC,5,F000450,114
1844,Mazie,HIRONO,SENATOR,D,HI,N/A,H001042,114
2149,Hakeem,JEFFRIES,REPRESENTATIVE,D,NY,8,J000294,114
,,JOHNSON,REPRESENTATIVE,R,GA,4,99999999999999999,114
1936,Leonard,LANCE,REPRESENTATIVE,R,NJ,7,L000567,114
2328,Roger,MARSHALL,REPRESENTATIVE,R,KS,N/A,M001198,115
2142,Mark,MEADOWS,REPRESENTATIVE,R,NC,11,M001187,114
2334,Paul,MITCHELL,REPRESENTATIVE,R,MI,N/A,M001201,115
1676,Shelley,MOORE,SENATOR,R,WV,N/A,C001047,114
1694,Lisa,MURKOWSKI,SENATOR,R,AK,N/A,M001153,114
2275,Dan,NEWHOUSE,REPRESENTATIVE,R,WA,4,N000189,114
868,Eleanor,NORTON,DELEGATE,D,DC,N/A,N000147,114
1955,Pete,OLSON,REPRESENTATIVE,R,TX,22,O000168,114
2309,Jimmy,PANETTA,REPRESENTATIVE,D,CA,N/A,P000613,115
2141,Robert,PITTENGER,REPRESENTATIVE,R,NC,9,P000606,114
,,PLASKETT,DELEGATE,I,VI,N/A,99999999999999999,114
1910,Jared,POLIS,REPRESENTATIVE,D,CO,2,P000598,114
2332,Jamie,RASKIN,REPRESENTATIVE,D,MD,N/A,R000606,115
2003,Dennis,ROSS,REPRESENTATIVE,R,FL,15,R000593,114
2084,Marco,RUBIO,SENATOR,R,FL,N/A,R000595,114
2173,Brian,SCHATZ,SENATOR,D,HI,N/A,S001194,114
1635,Adam,SCHIFF,REPRESENTATIVE,D,CA,28,S001150,114
1036,Charles,SCHUMER,SENATOR,D,NY,N/A,S000148,114
1548,Jeff,SESSIONS,SENATOR,R,AL,N/A,S001141,114
2319,Darren,SOTO,REPRESENTATIVE,D,FL,N/A,S001200,115
1890,Jackie,SPEIER,REPRESENTATIVE,D,CA,14,S001175,114
2290,Dan,SULLIVAN,SENATOR,R,AK,N/A,S001198,114
2110,Mark,TAKANO,REPRESENTATIVE,D,CA,41,T000472,114
1664,Patrick,TIBERI,REPRESENTATIVE,R,OH,12,T000462,114
1247,Ron,WYDEN,SENATOR,D,OR,N/A,W000779,114
