speaker_id,first_name,last_name,type,party,state,district,bio_guide_id,congress_id
2090,Mark,AMODEI,REPRESENTATIVE,R,NV,2,A000369,114
2337,Don,BACON,REPRESENTATIVE,R,NE,N/A,B001298,115
2307,Andy,BIGGS,REPRESENTATIVE,R,AZ,N/A,B001302,115
2076,Richard,BLUMENTHAL,SENATOR,D,CT,N/A,B001277,114
2194,Cory,BOOKER,SENATOR,D,NJ,N/A,B001288,114
2106,Julia,BROWN,REPRESENTATIVE,D,CA,26,B001285,114
,,BUDD,REPRESENTATIVE,R,GA,1,99999999999999999,114
2356,Liz,CHENEY,REPRESENTATIVE,R,WY,N/A,C001109,115
1654,Wm.,CLAY,REPRESENTATIVE,D,MO,1,C001049,114
208,James,CLYBURN,REPRESENTATIVE,D,SC,6,C000537,114
1692,John,CORNYN,SENATOR,R,TX,N/A,C001056,114
2098,Tom,COTTON,SENATOR,R,AR,N/A,C001095,114
2138,Steve,DAINES,SENATOR,R,MT,N/A,D000618,114
2320,Val,DEMINGS,REPRESENTATIVE,D,FL,N/A,D000627,115
303,Lloyd,DOGGETT,REPRESENTATIVE,D,TX,35,D000399,114
326,Richard,DURBIN,SENATOR,D,IL,N/A,D000563,114
2253,Tom,EMMER,REPRESENTATIVE,R,MN,6,E000294,114
1332,Dianne,FEINSTEIN,SENATOR,D,CA,N/A,F000062,114
1633,Jeff,FLAKE,SENATOR,R,AZ,N/A,F000444,114
1888,Bill,FOSTER,REPRESENTATIVE,D,IL,11,F000454,114
2122,Tulsi,GABBARD,REPRESENTATIVE,D,HI,2,G000571,114
1801,Louie,GOHMERT,REPRESENTATIVE,R,TX,1,G000552,114
2338,Josh,GOTTHEIMER,REPRESENTATIVE,D,NJ,N/A,G000583,115
457,Chuck,GRASSLEY,SENATOR,R,IA,N/A,G000386,114
478,Luis,GUTIERREZ,REPRESENTATIVE,D,IL,4,G000535,114
2223,J.,HILL,REPRESENTATIVE,R,AR,2,H001072,114
2015,Randy,HULTGREN,REPRESENTATIVE,R,IL,14,H001059,114
2354,Pramila,JAYAPAL,REPRESENTATIVE,D,WA,N/A,J000298,115
612,Walter,JONES,REPRESENTATIVE,R,NC,3,J000255,114
616,Marcy,KAPTUR,REPRESENTATIVE,D,OH,8,K000009,114
2308,Ro,KHANNA,REPRESENTATIVE,D,CA,N/A,K000389,115
2111,Alan,LOWENTHAL,REPRESENTATIVE,D,CA,47,L000579,114
1931,Blaine,LUETKEMEYER,REPRESENTATIVE,R,MO,3,L000569,114
2053,Tom,MARINO,REPRESENTATIVE,R,PA,10,M001179,114
1409,Patty,MURRAY,SENATOR,D,WA,N/A,M001111,114
1602,Grace,NAPOLITANO,REPRESENTATIVE,D,CA,32,N000179,114
859,Bill,NELSON,SENATOR,D,FL,N/A,N000032,114
1955,Pete,OLSON,REPRESENTATIVE,R,TX,22,O000168,114
1510,Bill,PASCRELL,REPRESENTATIVE,D,NJ,9,P000096,114
1927,Chellie,PINGREE,REPRESENTATIVE,D,ME,1,P000597,114
2332,Jamie,RASKIN,REPRESENTATIVE,D,MD,N/A,R000606,115
2339,Jacky,ROSEN,REPRESENTATIVE,D,NV,N/A,R000608,115
2003,Dennis,ROSS,REPRESENTATIVE,R,FL,15,R000593,114
2158,Keith,ROTHFUS,REPRESENTATIVE,R,PA,12,R000598,114
2084,Marco,RUBIO,SENATOR,R,FL,N/A,R000595,114
1010,Bernard,SANDERS,SENATOR,I,VT,N/A,S000033,114
1854,John,SARBANES,REPRESENTATIVE,D,MD,3,S001168,114
1036,Charles,SCHUMER,SENATOR,D,NY,N/A,S000148,114
1548,Jeff,SESSIONS,SENATOR,R,AL,N/A,S001141,114
1997,Scott,TIPTON,REPRESENTATIVE,R,CO,3,T000470,114
2105,David,VALADAO,REPRESENTATIVE,R,CA,21,V000129,114
1184,Nydia,VELAZQUEZ,REPRESENTATIVE,D,NY,7,V000081,114
2182,Elizabeth,WARREN,SENATOR,D,MA,N/A,W000817,114
2008,Rob,WOODALL,REPRESENTATIVE,R,GA,7,W000810,114
