speaker_id,first_name,last_name,type,party,state,district,bio_guide_id,congress_id
1695,Lamar,ALEXANDER,SENATOR,R,TN,N/A,A000360,114
2239,Rick,ALLEN,REPRESENTATIVE,R,GA,12,A000372,114
1881,John,BARRASSO,SENATOR,R,WY,N/A,B001261,114
2153,Joyce,BEATTY,REPRESENTATIVE,D,OH,3,B001281,114
2063,Diane,BLACK,REPRESENTATIVE,R,TN,6,B001273,114
1464,Roy,BLUNT,SENATOR,R,MO,N/A,B000575,114
2106,Julia,BROWN,REPRESENTATIVE,D,CA,26,B001285,114
2310,Salud,CARBAJAL,REPRESENTATIVE,D,CA,N/A,C001112,115
1828,Robert,CASEY,SENATOR,D,PA,N/A,C001070,114
208,James,CLYBURN,REPRESENTATIVE,D,SC,6,C000537,114
2121,Doug,COLLINS,REPRESENTATIVE,R,GA,9,C001093,114
1984,Christopher,COONS,SENATOR,D,DE,N/A,C001088,114
1692,John,CORNYN,SENATOR,R,TX,N/A,C001056,114
2175,Ted,CRUZ,SENATOR,R,TX,N/A,C001098,114
1976,Theodore,DEUTCH,REPRESENTATIVE,D,FL,21,D000610,114
1850,Joe,DONNELLY,SENATOR,D,IN,N/A,D000607,114
326,Richard,DURBIN,SENATOR,D,IL,N/A,D000563,114
2283,Joni,ERNST,SENATOR,R,IA,N/A,E000295,114
2342,Adriano,ESPAILLAT,REPRESENTATIVE,D,NY,N/A,E000297,115
1332,Dianne,FEINSTEIN,SENATOR,D,CA,N/A,F000062,114
2324,A.,FERGUSON,REPRESENTATIVE,R,GA,N/A,F000465,115
1797,Michael,FITZPATRICK,REPRESENTATIVE,R,PA,8,F000451,114
,,FLORES,REPRESENTATIVE,R,TX,17,99999999999999999,114
1969,Al,FRANKEN,SENATOR,D,MN,N/A,F000457,114
2122,Tulsi,GABBARD,REPRESENTATIVE,D,HI,2,G000571,114
2226,Ruben,GALLEGO,REPRESENTATIVE,D,AZ,7,G000574,114
1998,Cory,GARDNER,SENATOR,R,CO,N/A,G000562,115
1801,Louie,GOHMERT,REPRESENTATIVE,R,TX,1,G000552,114
2302,Margaret,HASSAN,SENATOR,D,NH,N/A,H001076,115
2040,Joseph,HECK,REPRESENTATIVE,R,NV,3,H001055,114
2223,J.,HILL,REPRESENTATIVE,R,AR,2,H001072,114
1844,Mazie,HIRONO,SENATOR,D,HI,N/A,H001042,114
566,Steny,HOYER,REPRESENTATIVE,D,MD,5,H000874,114
583,James,INHOFE,SENATOR,R,OK,N/A,I000024,114
2354,Pramila,JAYAPAL,REPRESENTATIVE,D,WA,N/A,J000298,115
2149,Hakeem,JEFFRIES,REPRESENTATIVE,D,NY,8,J000294,114
616,Marcy,KAPTUR,REPRESENTATIVE,D,OH,8,K000009,114
2172,Joseph,KENNEDY,REPRESENTATIVE,D,MA,4,K000379,114
2340,Ruben,KIHUEN,REPRESENTATIVE,D,NV,N/A,K000390,115
1826,Amy,KLOBUCHAR,SENATOR,D,MN,N/A,K000367,114
2050,James,LANKFORD,SENATOR,R,OK,N/A,L000575,114
1501,Barbara,LEE,REPRESENTATIVE,D,CA,13,L000551,114
683,Sander,LEVIN,REPRESENTATIVE,D,MI,9,L000263,114
735,Edward,MARKEY,SENATOR,D,MA,N/A,M000133,114
791,Robert,MENENDEZ,SENATOR,D,NJ,N/A,M000639,114
1900,Jeff,MERKLEY,SENATOR,D,OR,N/A,M001176,114
1837,Christopher,MURPHY,SENATOR,D,CT,N/A,M001169,114
1409,Patty,MURRAY,SENATOR,D,WA,N/A,M001111,114
854,Richard,NEAL,REPRESENTATIVE,D,MA,1,N000015,114
2275,Dan,NEWHOUSE,REPRESENTATIVE,R,WA,4,N000189,114
2361,Ralph,NORMAN,REPRESENTATIVE,R,SC,N/A,N000190,115
2309,Jimmy,PANETTA,REPRESENTATIVE,D,CA,N/A,P000613,115
905,Nancy,PELOSI,REPRESENTATIVE,D,CA,12,P000197,114
2157,Scott,PERRY,REPRESENTATIVE,R,PA,4,P000605,114
2113,Scott,PETERS,REPRESENTATIVE,D,CA,52,P000608,114
1848,Peter,ROSKAM,REPRESENTATIVE,R,IL,6,R000580,114
1892,Steve,SCALISE,REPRESENTATIVE,R,LA,1,S001176,114
1588,Janice,SCHAKOWSKY,REPRESENTATIVE,D,IL,9,S001145,114
2124,Bradley,SCHNEIDER,REPRESENTATIVE,D,IL,N/A,S001190,115
1950,Kurt,SCHRADER,REPRESENTATIVE,D,OR,5,S001180,114
1036,Charles,SCHUMER,SENATOR,D,NY,N/A,S000148,114
1901,Jeanne,SHAHEEN,SENATOR,D,NH,N/A,S001181,114
1049,Richard,SHELBY,SENATOR,R,AL,N/A,S000320,114
2168,Chris,STEWART,REPRESENTATIVE,R,UT,2,S001192,114
2290,Dan,SULLIVAN,SENATOR,R,AK,N/A,S001198,114
2344,Claudia,TENNEY,REPRESENTATIVE,R,NY,N/A,T000478,115
2291,Thom,TILLIS,SENATOR,R,NC,N/A,T000476,114
1567,Tom,UDALL,SENATOR,D,NM,N/A,U000039,114
2255,Mark,WALKER,REPRESENTATIVE,R,NC,6,W000819,114
2182,Elizabeth,WARREN,SENATOR,D,MA,N/A,W000817,114
1879,Peter,WELCH,REPRESENTATIVE,D,VT,0,W000800,114
1823,Sheldon,WHITEHOUSE,SENATOR,D,RI,N/A,W000802,114
1247,Ron,WYDEN,SENATOR,D,OR,N/A,W000779,114
1853,John,YARMUTH,REPRESENTATIVE,D,KY,3,Y000062,114
1256,Don,YOUNG,REPRESENTATIVE,R,AK,0,Y000033,114
