speaker_id,first_name,last_name,type,party,state,district,bio_guide_id,congress_id
2244,Ralph,ABRAHAM,REPRESENTATIVE,R,LA,5,A000374,114
2239,Rick,ALLEN,REPRESENTATIVE,R,GA,12,A000372,114
1996,Karen,BASS,REPRESENTATIVE,D,CA,37,B001270,114
2063,Diane,BLACK,REPRESENTATIVE,R,TN,6,B001273,114
99,Earl,BLUMENAUER,REPRESENTATIVE,D,OR,3,B000574,114
1751,Michael,BURGESS,REPRESENTATIVE,R,TX,26,B001248,114
2197,Bradley,BYRNE,REPRESENTATIVE,R,AL,1,B001289,114
2107,Tony,CARDENAS,REPRESENTATIVE,D,CA,29,C001097,114
2055,David,CICILLINE,REPRESENTATIVE,D,RI,1,C001084,114
1654,Wm.,CLAY,REPRESENTATIVE,D,MO,1,C001049,114
229,John,CONYERS,REPRESENTATIVE,D,MI,13,C000714,114
2312,J.,CORREA,REPRESENTATIVE,D,CA,N/A,C001110,115
1774,Jim,COSTA,REPRESENTATIVE,D,CA,16,C001059,114
2320,Val,DEMINGS,REPRESENTATIVE,D,FL,N/A,D000627,115
303,Lloyd,DOGGETT,REPRESENTATIVE,D,TX,35,D000399,114
2315,Neal,DUNN,REPRESENTATIVE,R,FL,N/A,D000628,115
2342,Adriano,ESPAILLAT,REPRESENTATIVE,D,NY,N/A,E000297,115
2298,Dwight,EVANS,REPRESENTATIVE,D,PA,N/A,E000296,115
1797,Michael,FITZPATRICK,REPRESENTATIVE,R,PA,8,F000451,114
2122,Tulsi,GABBARD,REPRESENTATIVE,D,HI,2,G000571,114
2314,Matt,GAETZ,REPRESENTATIVE,R,FL,N/A,G000578,115
1973,John,GARAMENDI,REPRESENTATIVE,D,CA,3,G000559,114
1801,Louie,GOHMERT,REPRESENTATIVE,R,TX,1,G000552,114
446,Bob,GOODLATTE,REPRESENTATIVE,R,VA,6,G000289,114
1992,Paul,GOSAR,REPRESENTATIVE,R,AZ,4,G000565,114
511,Alcee,HASTINGS,REPRESENTATIVE,D,FL,20,H000324,114
566,Steny,HOYER,REPRESENTATIVE,D,MD,5,H000874,114
2354,Pramila,JAYAPAL,REPRESENTATIVE,D,WA,N/A,J000298,115
2149,Hakeem,JEFFRIES,REPRESENTATIVE,D,NY,8,J000294,114
616,Marcy,KAPTUR,REPRESENTATIVE,D,OH,8,K000009,114
2134,Daniel,KILDEE,REPRESENTATIVE,D,MI,5,K000380,114
2325,Raja,KRISHNAMOORTHI,REPRESENTATIVE,D,IL,N/A,K000391,115
1668,James,LANGEVIN,REPRESENTATIVE,D,RI,2,L000559,114
2252,Brenda,LAWRENCE,REPRESENTATIVE,D,MI,14,L000581,114
1501,Barbara,LEE,REPRESENTATIVE,D,CA,13,L000551,114
2328,Roger,MARSHALL,REPRESENTATIVE,R,KS,N/A,M001198,115
2130,Luke,MESSER,REPRESENTATIVE,R,IN,6,M001189,114
1602,Grace,NAPOLITANO,REPRESENTATIVE,D,CA,32,N000179,114
,,PLASKETT,DELEGATE,I,VI,N/A,99999999999999999,114
1910,Jared,POLIS,REPRESENTATIVE,D,CO,2,P000598,114
1967,Mike,QUIGLEY,REPRESENTATIVE,D,IL,5,Q000023,114
2339,Jacky,ROSEN,REPRESENTATIVE,D,NV,N/A,R000608,115
2124,Bradley,SCHNEIDER,REPRESENTATIVE,D,IL,N/A,S001190,115
1548,Jeff,SESSIONS,SENATOR,R,AL,N/A,S001141,114
2319,Darren,SOTO,REPRESENTATIVE,D,FL,N/A,S001200,115
2166,Marc,VEASEY,REPRESENTATIVE,D,TX,33,V000131,114
1879,Peter,WELCH,REPRESENTATIVE,D,VT,0,W000800,114
1853,John,YARMUTH,REPRESENTATIVE,D,KY,3,Y000062,114
