speaker_id,first_name,last_name,type,party,state,district,bio_guide_id,congress_id
2244,Ralph,ABRAHAM,REPRESENTATIVE,R,LA,5,A000374,114
2239,Rick,ALLEN,REPRESENTATIVE,R,GA,12,A000372,114
2350,Jodey,ARRINGTON,REPRESENTATIVE,R,TX,N/A,A000375,115
62,Joe,BARTON,REPRESENTATIVE,R,TX,6,B000213,114
2333,Jack,BERGMAN,REPRESENTATIVE,R,MI,N/A,B001301,115
2307,Andy,BIGGS,REPRESENTATIVE,R,AZ,N/A,B001302,115
2076,Richard,BLUMENTHAL,SENATOR,D,CT,N/A,B001277,114
1687,John,BOOZMAN,SENATOR,R,AR,N/A,B001236,114
2106,Julia,BROWN,REPRESENTATIVE,D,CA,26,B001285,114
1751,Michael,BURGESS,REPRESENTATIVE,R,TX,26,B001248,114
2121,Doug,COLLINS,REPRESENTATIVE,R,GA,9,C001093,114
1692,John,CORNYN,SENATOR,R,TX,N/A,C001056,114
1836,Joe,COURTNEY,REPRESENTATIVE,D,CT,2,C001069,114
2363,John,CURTIS,REPRESENTATIVE,R,UT,N/A,C001114,115
2123,Tammy,DUCKWORTH,REPRESENTATIVE,D,IL,8,D000622,114
326,Richard,DURBIN,SENATOR,D,IL,N/A,D000563,114
1857,Keith,ELLISON,REPRESENTATIVE,D,MN,5,E000288,114
2067,Blake,FARENTHOLD,REPRESENTATIVE,R,TX,27,F000460,114
1797,Michael,FITZPATRICK,REPRESENTATIVE,R,PA,8,F000451,114
1633,Jeff,FLAKE,SENATOR,R,AZ,N/A,F000444,114
1737,Scott,GARRETT,REPRESENTATIVE,R,NJ,5,G000548,114
457,Chuck,GRASSLEY,SENATOR,R,IA,N/A,G000386,114
2070,H.,GRIFFITH,REPRESENTATIVE,R,VA,9,G000568,114
2149,Hakeem,JEFFRIES,REPRESENTATIVE,D,NY,8,J000294,114
612,Walter,JONES,REPRESENTATIVE,R,NC,3,J000255,114
2340,Ruben,KIHUEN,REPRESENTATIVE,D,NV,N/A,K000390,115
2111,Alan,LOWENTHAL,REPRESENTATIVE,D,CA,47,L000579,114
1814,Doris,MATSUI,REPRESENTATIVE,D,CA,6,M001163,114
859,Bill,NELSON,SENATOR,D,FL,N/A,N000032,114
867,Richard,NOLAN,REPRESENTATIVE,D,MN,8,N000127,114
1955,Pete,OLSON,REPRESENTATIVE,R,TX,22,O000168,114
887,Frank,PALLONE,REPRESENTATIVE,D,NJ,6,P000034,114
1930,Erik,PAULSEN,REPRESENTATIVE,R,MN,3,P000594,114
2097,Donald,PAYNE,REPRESENTATIVE,D,NJ,10,P000604,114
2157,Scott,PERRY,REPRESENTATIVE,R,PA,4,P000605,114
1927,Chellie,PINGREE,REPRESENTATIVE,D,ME,1,P000597,114
2247,Bruce,POLIQUIN,REPRESENTATIVE,R,ME,2,P000611,114
1588,Janice,SCHAKOWSKY,REPRESENTATIVE,D,IL,9,S001145,114
1036,Charles,SCHUMER,SENATOR,D,NY,N/A,S000148,114
1994,David,SCHWEIKERT,REPRESENTATIVE,R,AZ,6,S001183,114
2344,Claudia,TENNEY,REPRESENTATIVE,R,NY,N/A,T000478,115
2231,Norma,TORRES,REPRESENTATIVE,D,CA,35,T000474,114
1596,Greg,WALDEN,REPRESENTATIVE,R,OR,2,W000791,114
1856,Timothy,WALZ,REPRESENTATIVE,D,MN,1,W000799,114
2182,Elizabeth,WARREN,SENATOR,D,MA,N/A,W000817,114
2115,Ted,YOHO,REPRESENTATIVE,R,FL,3,Y000065,114
2261,Lee,ZELDIN,REPRESENTATIVE,R,NY,1,Z000017,114
