speaker_id,first_name,last_name,type,party,state,district,bio_guide_id,congress_id
1460,Robert,ADERHOLT,REPRESENTATIVE,R,AL,4,A000055,114
1695,Lamar,ALEXANDER,SENATOR,R,TN,N/A,A000360,114
1881,John,BARRASSO,SENATOR,R,WY,N/A,B001261,114
2076,Richard,BLUMENTHAL,SENATOR,D,CT,N/A,B001277,114
1464,Roy,BLUNT,SENATOR,R,MO,N/A,B000575,114
2106,Julia,BROWN,REPRESENTATIVE,D,CA,26,B001285,114
153,Richard,BURR,SENATOR,R,NC,N/A,B001135,114
172,Maria,CANTWELL,SENATOR,D,WA,N/A,C000127,114
1828,Robert,CASEY,SENATOR,D,PA,N/A,C001070,114
1984,Christopher,COONS,SENATOR,D,DE,N/A,C001088,114
1692,John,CORNYN,SENATOR,R,TX,N/A,C001056,114
250,Mike,CRAPO,SENATOR,R,ID,N/A,C000880,114
2138,Steve,DAINES,SENATOR,R,MT,N/A,D000618,114
326,Richard,DURBIN,SENATOR,D,IL,N/A,D000563,114
1332,Dianne,FEINSTEIN,SENATOR,D,CA,N/A,F000062,114
1633,Jeff,FLAKE,SENATOR,R,AZ,N/A,F000444,114
457,Chuck,GRASSLEY,SENATOR,R,IA,N/A,G000386,114
1351,Orrin,HATCH,SENATOR,R,UT,N/A,H000338,114
583,James,INHOFE,SENATOR,R,OK,N/A,I000024,114
1383,Patrick,LEAHY,SENATOR,D,VT,N/A,L000174,114
1501,Barbara,LEE,REPRESENTATIVE,D,CA,13,L000551,114
791,Robert,MENENDEZ,SENATOR,D,NJ,N/A,M000639,114
1900,Jeff,MERKLEY,SENATOR,D,OR,N/A,M001176,114
1507,Jerry,MORAN,SENATOR,R,KS,N/A,M000934,114
1837,Christopher,MURPHY,SENATOR,D,CT,N/A,M001169,114
1409,Patty,MURRAY,SENATOR,D,WA,N/A,M001111,114
859,Bill,NELSON,SENATOR,D,FL,N/A,N000032,114
1896,James,RISCH,SENATOR,R,ID,N/A,R000584,114
1036,Charles,SCHUMER,SENATOR,D,NY,N/A,S000148,114
1901,Jeanne,SHAHEEN,SENATOR,D,NH,N/A,S001181,114
2191,Jason,SMITH,REPRESENTATIVE,R,MO,8,S001195,114
1531,Debbie,STABENOW,SENATOR,D,MI,N/A,S000770,114
1534,John,THUNE,SENATOR,R,SD,N/A,T000250,114
2182,Elizabeth,WARREN,SENATOR,D,MA,N/A,W000817,114
1823,Sheldon,WHITEHOUSE,SENATOR,D,RI,N/A,W000802,114
1226,Roger,WICKER,SENATOR,R,MS,N/A,W000437,114
1247,Ron,WYDEN,SENATOR,D,OR,N/A,W000779,114
