speaker_id,first_name,last_name,type,party,state,district,bio_guide_id,congress_id
2350,Jodey,ARRINGTON,REPRESENTATIVE,R,TX,N/A,A000375,115
2270,Brian,BABIN,REPRESENTATIVE,R,TX,36,B001291,114
2054,Lou,BARLETTA,REPRESENTATIVE,R,PA,11,B001269,114
1965,Michael,BENNET,SENATOR,D,CO,N/A,B001267,114
1838,Gus,BILIRAKIS,REPRESENTATIVE,R,FL,12,B001257,114
99,Earl,BLUMENAUER,REPRESENTATIVE,D,OR,3,B000574,114
1464,Roy,BLUNT,SENATOR,R,MO,N/A,B000575,114
2018,Larry,BUCSHON,REPRESENTATIVE,R,IN,8,B001275,114
1751,Michael,BURGESS,REPRESENTATIVE,R,TX,26,B001248,114
172,Maria,CANTWELL,SENATOR,D,WA,N/A,C000127,114
1828,Robert,CASEY,SENATOR,D,PA,N/A,C001070,114
2259,Bonnie,COLE,REPRESENTATIVE,D,NJ,12,W000822,114
2121,Doug,COLLINS,REPRESENTATIVE,R,GA,9,C001093,114
1825,Bob,CORKER,SENATOR,R,TN,N/A,C001071,114
1692,John,CORNYN,SENATOR,R,TX,N/A,C001056,114
2098,Tom,COTTON,SENATOR,R,AR,N/A,C001095,114
1604,Joseph,CROWLEY,REPRESENTATIVE,D,NY,14,C001038,114
1807,Henry,CUELLAR,REPRESENTATIVE,D,TX,28,C001063,114
1670,John,CULBERSON,REPRESENTATIVE,R,TX,7,C001048,114
2251,Debbie,DINGELL,REPRESENTATIVE,D,MI,12,D000624,114
326,Richard,DURBIN,SENATOR,D,IL,N/A,D000563,114
2253,Tom,EMMER,REPRESENTATIVE,R,MN,6,E000294,114
344,Eliot,ENGEL,REPRESENTATIVE,D,NY,16,E000179,114
355,Anna,ESHOO,REPRESENTATIVE,D,CA,18,E000215,114
2067,Blake,FARENTHOLD,REPRESENTATIVE,R,TX,27,F000460,114
2343,John,FASO,REPRESENTATIVE,R,NY,N/A,F000464,115
1332,Dianne,FEINSTEIN,SENATOR,D,CA,N/A,F000062,114
1797,Michael,FITZPATRICK,REPRESENTATIVE,R,PA,8,F000451,114
414,Rodney,FRELINGHUYSEN,REPRESENTATIVE,R,NJ,11,F000372,114
2355,Mike,GALLAGHER,REPRESENTATIVE,R,WI,N/A,G000579,115
1737,Scott,GARRETT,REPRESENTATIVE,R,NJ,5,G000548,114
457,Chuck,GRASSLEY,SENATOR,R,IA,N/A,G000386,114
1933,Gregg,HARPER,REPRESENTATIVE,R,MS,3,H001045,114
2302,Margaret,HASSAN,SENATOR,D,NH,N/A,H001076,115
2223,J.,HILL,REPRESENTATIVE,R,AR,2,H001072,114
2327,Trey,HOLLINGSWORTH,REPRESENTATIVE,R,IN,N/A,H001074,115
2015,Randy,HULTGREN,REPRESENTATIVE,R,IL,14,H001059,114
583,James,INHOFE,SENATOR,R,OK,N/A,I000024,114
616,Marcy,KAPTUR,REPRESENTATIVE,D,OH,8,K000009,114
2134,Daniel,KILDEE,REPRESENTATIVE,D,MI,5,K000380,114
2325,Raja,KRISHNAMOORTHI,REPRESENTATIVE,D,IL,N/A,K000391,115
1936,Leonard,LANCE,REPRESENTATIVE,R,NJ,7,L000567,114
1668,James,LANGEVIN,REPRESENTATIVE,D,RI,2,L000559,114
,,LATTA,REPRESENTATIVE,R,OH,5,99999999999999999,114
1781,Daniel,LIPINSKI,REPRESENTATIVE,D,IL,3,L000563,114
709,Nita,LOWEY,REPRESENTATIVE,D,NY,17,L000480,114
2328,Roger,MARSHALL,REPRESENTATIVE,R,KS,N/A,M001198,115
1814,Doris,MATSUI,REPRESENTATIVE,D,CA,6,M001163,114
2156,Markwayne,MULLIN,REPRESENTATIVE,R,OK,2,M001190,114
887,Frank,PALLONE,REPRESENTATIVE,D,NJ,6,P000034,114
2097,Donald,PAYNE,REPRESENTATIVE,D,NJ,10,P000604,114
,,PLASKETT,DELEGATE,I,VI,N/A,99999999999999999,114
979,Dana,ROHRABACHER,REPRESENTATIVE,R,CA,48,R000409,114
1848,Peter,ROSKAM,REPRESENTATIVE,R,IL,6,R000580,114
2084,Marco,RUBIO,SENATOR,R,FL,N/A,R000595,114
1588,Janice,SCHAKOWSKY,REPRESENTATIVE,D,IL,9,S001145,114
1036,Charles,SCHUMER,SENATOR,D,NY,N/A,S000148,114
2099,Kyrsten,SINEMA,REPRESENTATIVE,D,AZ,9,S001191,114
1818,Albio,SIRES,REPRESENTATIVE,D,NJ,8,S001165,114
2341,Thomas,SUOZZI,REPRESENTATIVE,D,NY,N/A,S001201,115
2344,Claudia,TENNEY,REPRESENTATIVE,R,NY,N/A,T000478,115
1177,Fred,UPTON,REPRESENTATIVE,R,MI,6,U000031,114
1596,Greg,WALDEN,REPRESENTATIVE,R,OR,2,W000791,114
2021,Kevin,YODER,REPRESENTATIVE,R,KS,3,Y000063,114
