speaker_id,first_name,last_name,type,party,state,district,bio_guide_id,congress_id
1996,Karen,BASS,REPRESENTATIVE,D,CA,37,B001270,114
2333,Jack,BERGMAN,REPRESENTATIVE,R,MI,N/A,B001301,115
2272,Donald,BEYER,REPRESENTATIVE,D,VA,8,B001292,114
2307,Andy,BIGGS,REPRESENTATIVE,R,AZ,N/A,B001302,115
1838,Gus,BILIRAKIS,REPRESENTATIVE,R,FL,12,B001257,114
2076,Richard,BLUMENTHAL,SENATOR,D,CT,N/A,B001277,114
172,Maria,CANTWELL,SENATOR,D,WA,N/A,C000127,114
2310,Salud,CARBAJAL,REPRESENTATIVE,D,CA,N/A,C001112,115
,,CARDIN,SENATOR,D,MD,N/A,99999999999999999,114
179,Thomas,CARPER,SENATOR,D,DE,N/A,C000174,114
1925,Bill,CASSIDY,SENATOR,R,LA,N/A,C001075,114
,,CLEAVER,REPRESENTATIVE,D,MO,5,99999999999999999,114
2297,James,COMER,REPRESENTATIVE,R,KY,N/A,C001108,115
1984,Christopher,COONS,SENATOR,D,DE,N/A,C001088,114
1825,Bob,CORKER,SENATOR,R,TN,N/A,C001071,114
1692,John,CORNYN,SENATOR,R,TX,N/A,C001056,114
1604,Joseph,CROWLEY,REPRESENTATIVE,D,NY,14,C001038,114
2138,Steve,DAINES,SENATOR,R,MT,N/A,D000618,114
2293,Daniel,DONOVAN,REPRESENTATIVE,R,NY,11,D000625,114
2123,Tammy,DUCKWORTH,REPRESENTATIVE,D,IL,8,D000622,114
2315,Neal,DUNN,REPRESENTATIVE,R,FL,N/A,D000628,115
326,Richard,DURBIN,SENATOR,D,IL,N/A,D000563,114
2253,Tom,EMMER,REPRESENTATIVE,R,MN,6,E000294,114
2358,Ron,ESTES,REPRESENTATIVE,R,KS,N/A,E000298,115
2324,A.,FERGUSON,REPRESENTATIVE,R,GA,N/A,F000465,115
2179,Deb,FISCHER,SENATOR,R,NE,N/A,F000463,114
1797,Michael,FITZPATRICK,REPRESENTATIVE,R,PA,8,F000451,114
1791,Virginia,FOXX,REPRESENTATIVE,R,NC,5,F000450,114
1973,John,GARAMENDI,REPRESENTATIVE,D,CA,3,G000559,114
457,Chuck,GRASSLEY,SENATOR,R,IA,N/A,G000386,114
2079,John,HOEVEN,SENATOR,R,ND,N/A,H001061,114
566,Steny,HOYER,REPRESENTATIVE,D,MD,5,H000874,114
2264,John,KATKO,REPRESENTATIVE,R,NY,24,K000386,114
2172,Joseph,KENNEDY,REPRESENTATIVE,D,MA,4,K000379,114
2134,Daniel,KILDEE,REPRESENTATIVE,D,MI,5,K000380,114
1724,Steve,KING,REPRESENTATIVE,R,IA,4,K000362,114
2325,Raja,KRISHNAMOORTHI,REPRESENTATIVE,D,IL,N/A,K000391,115
1936,Leonard,LANCE,REPRESENTATIVE,R,NJ,7,L000567,114
1668,James,LANGEVIN,REPRESENTATIVE,D,RI,2,L000559,114
1383,Patrick,LEAHY,SENATOR,D,VT,N/A,L000174,114
791,Robert,MENENDEZ,SENATOR,D,NJ,N/A,M000639,114
1900,Jeff,MERKLEY,SENATOR,D,OR,N/A,M001176,114
2130,Luke,MESSER,REPRESENTATIVE,R,IN,6,M001189,114
1676,Shelley,MOORE,SENATOR,R,WV,N/A,C001047,114
1510,Bill,PASCRELL,REPRESENTATIVE,D,NJ,9,P000096,114
1930,Erik,PAULSEN,REPRESENTATIVE,R,MN,3,P000594,114
2097,Donald,PAYNE,REPRESENTATIVE,D,NJ,10,P000604,114
2113,Scott,PETERS,REPRESENTATIVE,D,CA,52,P000608,114
1896,James,RISCH,SENATOR,R,ID,N/A,R000584,114
2158,Keith,ROTHFUS,REPRESENTATIVE,R,PA,12,R000598,114
1036,Charles,SCHUMER,SENATOR,D,NY,N/A,S000148,114
1526,Brad,SHERMAN,REPRESENTATIVE,D,CA,30,S000344,114
2319,Darren,SOTO,REPRESENTATIVE,D,FL,N/A,S001200,115
2341,Thomas,SUOZZI,REPRESENTATIVE,D,NY,N/A,S001201,115
1534,John,THUNE,SENATOR,R,SD,N/A,T000250,114
2231,Norma,TORRES,REPRESENTATIVE,D,CA,35,T000474,114
2105,David,VALADAO,REPRESENTATIVE,R,CA,21,V000129,114
