speaker_id,first_name,last_name,type,party,state,district,bio_guide_id,congress_id
2201,Alma,ADAMS,REPRESENTATIVE,D,NC,12,A000370,114
2337,Don,BACON,REPRESENTATIVE,R,NE,N/A,B001298,115
2055,David,CICILLINE,REPRESENTATIVE,D,RI,1,C001084,114
344,Eliot,ENGEL,REPRESENTATIVE,D,NY,16,E000179,114
1888,Bill,FOSTER,REPRESENTATIVE,D,IL,11,F000454,114
1791,Virginia,FOXX,REPRESENTATIVE,R,NC,5,F000450,114
2314,Matt,GAETZ,REPRESENTATIVE,R,FL,N/A,G000578,115
1801,Louie,GOHMERT,REPRESENTATIVE,R,TX,1,G000552,114
616,Marcy,KAPTUR,REPRESENTATIVE,D,OH,8,K000009,114
2340,Ruben,KIHUEN,REPRESENTATIVE,D,NV,N/A,K000390,115
1668,James,LANGEVIN,REPRESENTATIVE,D,RI,2,L000559,114
2248,John,MOOLENAAR,REPRESENTATIVE,R,MI,4,M001194,114
1510,Bill,PASCRELL,REPRESENTATIVE,D,NJ,9,P000096,114
2332,Jamie,RASKIN,REPRESENTATIVE,D,MD,N/A,R000606,115
2265,Steve,RUSSELL,REPRESENTATIVE,R,OK,5,R000604,114
1548,Jeff,SESSIONS,SENATOR,R,AL,N/A,S001141,114
1942,Paul,TONKO,REPRESENTATIVE,D,NY,20,T000469,114
2115,Ted,YOHO,REPRESENTATIVE,R,FL,3,Y000065,114
