speaker_id,first_name,last_name,type,party,state,district,bio_guide_id,congress_id
2201,Alma,ADAMS,REPRESENTATIVE,D,NC,12,A000370,114
2337,Don,BACON,REPRESENTATIVE,R,NE,N/A,B001298,115
62,Joe,BARTON,REPRESENTATIVE,R,TX,6,B000213,114
2333,Jack,BERGMAN,REPRESENTATIVE,R,MI,N/A,B001301,115
1838,Gus,BILIRAKIS,REPRESENTATIVE,R,FL,12,B001257,114
1464,Roy,BLUNT,SENATOR,R,MO,N/A,B000575,114
2243,Mike,BOST,REPRESENTATIVE,R,IL,12,B001295,114
2233,Ken,BUCK,REPRESENTATIVE,R,CO,4,B001297,114
172,Maria,CANTWELL,SENATOR,D,WA,N/A,C000127,114
186,Steve,CHABOT,REPRESENTATIVE,R,OH,1,C000266,114
213,Thad,COCHRAN,SENATOR,R,MS,N/A,C000567,114
1912,Mike,COFFMAN,REPRESENTATIVE,R,CO,6,C001077,114
1692,John,CORNYN,SENATOR,R,TX,N/A,C001056,114
250,Mike,CRAPO,SENATOR,R,ID,N/A,C000880,114
2138,Steve,DAINES,SENATOR,R,MT,N/A,D000618,114
2315,Neal,DUNN,REPRESENTATIVE,R,FL,N/A,D000628,115
326,Richard,DURBIN,SENATOR,D,IL,N/A,D000563,114
1542,Michael,ENZI,SENATOR,R,WY,N/A,E000285,114
99999999999999,First Name unavailable,FITZPATRICIK,Type Unavailable,Party Info Unavailable,state info unavailable,District Unavailable,BioGuideID unavailable,CongressID unavailable
1797,Michael,FITZPATRICK,REPRESENTATIVE,R,PA,8,F000451,114
1998,Cory,GARDNER,SENATOR,R,CO,N/A,G000562,115
1933,Gregg,HARPER,REPRESENTATIVE,R,MS,3,H001045,114
2302,Margaret,HASSAN,SENATOR,D,NH,N/A,H001076,115
1351,Orrin,HATCH,SENATOR,R,UT,N/A,H000338,114
2269,Will,HURD,REPRESENTATIVE,R,TX,23,H001073,114
2176,Tim,KAINE,SENATOR,D,VA,N/A,K000384,114
2308,Ro,KHANNA,REPRESENTATIVE,D,CA,N/A,K000389,115
2238,Barry,LOUDERMILK,REPRESENTATIVE,R,GA,11,L000583,114
1983,Joe,MANCHIN,SENATOR,D,WV,N/A,M001183,114
2328,Roger,MARSHALL,REPRESENTATIVE,R,KS,N/A,M001198,115
2130,Luke,MESSER,REPRESENTATIVE,R,IN,6,M001189,114
1837,Christopher,MURPHY,SENATOR,D,CT,N/A,M001169,114
1409,Patty,MURRAY,SENATOR,D,WA,N/A,M001111,114
859,Bill,NELSON,SENATOR,D,FL,N/A,N000032,114
2361,Ralph,NORMAN,REPRESENTATIVE,R,SC,N/A,N000190,115
1710,Devin,NUNES,REPRESENTATIVE,R,CA,22,N000181,114
2309,Jimmy,PANETTA,REPRESENTATIVE,D,CA,N/A,P000613,115
1896,James,RISCH,SENATOR,R,ID,N/A,R000584,114
2316,John,RUTHERFORD,REPRESENTATIVE,R,FL,N/A,R000609,115
,,SABLAN,DELEGATE,I,MP,N/A,99999999999999999,114
2289,Ben,SASSE,SENATOR,R,NE,N/A,S001197,114
1635,Adam,SCHIFF,REPRESENTATIVE,D,CA,28,S001150,114
1036,Charles,SCHUMER,SENATOR,D,NY,N/A,S000148,114
1531,Debbie,STABENOW,SENATOR,D,MI,N/A,S000770,114
2263,Elise,STEFANIK,REPRESENTATIVE,R,NY,21,S001196,114
2110,Mark,TAKANO,REPRESENTATIVE,D,CA,41,T000472,114
2344,Claudia,TENNEY,REPRESENTATIVE,R,NY,N/A,T000478,115
2255,Mark,WALKER,REPRESENTATIVE,R,NC,6,W000819,114
1856,Timothy,WALZ,REPRESENTATIVE,D,MN,1,W000799,114
2182,Elizabeth,WARREN,SENATOR,D,MA,N/A,W000817,114
2152,Brad,WENSTRUP,REPRESENTATIVE,R,OH,2,W000815,114
1823,Sheldon,WHITEHOUSE,SENATOR,D,RI,N/A,W000802,114
1247,Ron,WYDEN,SENATOR,D,OR,N/A,W000779,114
