speaker_id,first_name,last_name,type,party,state,district,bio_guide_id,congress_id
1558,Tammy,BALDWIN,SENATOR,D,WI,N/A,B001230,114
2076,Richard,BLUMENTHAL,SENATOR,D,CT,N/A,B001277,114
1464,Roy,BLUNT,SENATOR,R,MO,N/A,B000575,114
172,Maria,CANTWELL,SENATOR,D,WA,N/A,C000127,114
,,CARDIN,SENATOR,D,MD,N/A,99999999999999999,114
213,Thad,COCHRAN,SENATOR,R,MS,N/A,C000567,114
1692,John,CORNYN,SENATOR,R,TX,N/A,C001056,114
250,Mike,CRAPO,SENATOR,R,ID,N/A,C000880,114
2175,Ted,CRUZ,SENATOR,R,TX,N/A,C001098,114
2138,Steve,DAINES,SENATOR,R,MT,N/A,D000618,114
326,Richard,DURBIN,SENATOR,D,IL,N/A,D000563,114
1633,Jeff,FLAKE,SENATOR,R,AZ,N/A,F000444,114
457,Chuck,GRASSLEY,SENATOR,R,IA,N/A,G000386,114
1351,Orrin,HATCH,SENATOR,R,UT,N/A,H000338,114
1844,Mazie,HIRONO,SENATOR,D,HI,N/A,H001042,114
,,JOHNSON,REPRESENTATIVE,R,GA,4,99999999999999999,114
1826,Amy,KLOBUCHAR,SENATOR,D,MN,N/A,K000367,114
1383,Patrick,LEAHY,SENATOR,D,VT,N/A,L000174,114
1694,Lisa,MURKOWSKI,SENATOR,R,AK,N/A,M001153,114
1409,Patty,MURRAY,SENATOR,D,WA,N/A,M001111,114
859,Bill,NELSON,SENATOR,D,FL,N/A,N000032,114
868,Eleanor,NORTON,DELEGATE,D,DC,N/A,N000147,114
2286,David,PERDUE,SENATOR,R,GA,N/A,P000612,114
1982,Tom,REED,REPRESENTATIVE,R,NY,23,R000585,114
1896,James,RISCH,SENATOR,R,ID,N/A,R000584,114
2084,Marco,RUBIO,SENATOR,R,FL,N/A,R000595,114
1010,Bernard,SANDERS,SENATOR,I,VT,N/A,S000033,114
2113,Scott,SCOTT,REPRESENTATIVE,D,CA,52,P000608,114
2290,Dan,SULLIVAN,SENATOR,R,AK,N/A,S001198,114
1226,Roger,WICKER,SENATOR,R,MS,N/A,W000437,114
1247,Ron,WYDEN,SENATOR,D,OR,N/A,W000779,114
