speaker_id,first_name,last_name,type,party,state,district,bio_guide_id,congress_id
2350,Jodey,ARRINGTON,REPRESENTATIVE,R,TX,N/A,A000375,115
2238,Barry,BARR,REPRESENTATIVE,R,GA,11,L000583,114
2076,Richard,BLUMENTHAL,SENATOR,D,CT,N/A,B001277,114
2197,Bradley,BYRNE,REPRESENTATIVE,R,AL,1,B001289,114
179,Thomas,CARPER,SENATOR,D,DE,N/A,C000174,114
186,Steve,CHABOT,REPRESENTATIVE,R,OH,1,C000266,114
213,Thad,COCHRAN,SENATOR,R,MS,N/A,C000567,114
2121,Doug,COLLINS,REPRESENTATIVE,R,GA,9,C001093,114
2297,James,COMER,REPRESENTATIVE,R,KY,N/A,C001108,115
2103,Paul,COOK,REPRESENTATIVE,R,CA,8,C001094,114
1692,John,CORNYN,SENATOR,R,TX,N/A,C001056,114
2098,Tom,COTTON,SENATOR,R,AR,N/A,C001095,114
1604,Joseph,CROWLEY,REPRESENTATIVE,D,NY,14,C001038,114
256,Elijah,CUMMINGS,REPRESENTATIVE,D,MD,7,C000984,114
1976,Theodore,DEUTCH,REPRESENTATIVE,D,FL,21,D000610,114
326,Richard,DURBIN,SENATOR,D,IL,N/A,D000563,114
344,Eliot,ENGEL,REPRESENTATIVE,D,NY,16,E000179,114
1542,Michael,ENZI,SENATOR,R,WY,N/A,E000285,114
1797,Michael,FITZPATRICK,REPRESENTATIVE,R,PA,8,F000451,114
1633,Jeff,FLAKE,SENATOR,R,AZ,N/A,F000444,114
446,Bob,GOODLATTE,REPRESENTATIVE,R,VA,6,G000289,114
2338,Josh,GOTTHEIMER,REPRESENTATIVE,D,NJ,N/A,G000583,115
457,Chuck,GRASSLEY,SENATOR,R,IA,N/A,G000386,114
2070,H.,GRIFFITH,REPRESENTATIVE,R,VA,9,G000568,114
478,Luis,GUTIERREZ,REPRESENTATIVE,D,IL,4,G000535,114
2026,Andy,HARRIS,REPRESENTATIVE,R,MD,1,H001052,114
2302,Margaret,HASSAN,SENATOR,D,NH,N/A,H001076,115
2174,Heidi,HEITKAMP,SENATOR,D,ND,N/A,H001069,114
2269,Will,HURD,REPRESENTATIVE,R,TX,23,H001073,114
2264,John,KATKO,REPRESENTATIVE,R,NY,24,K000386,114
1834,Doug,LAMBORN,REPRESENTATIVE,R,CO,5,L000564,114
2050,James,LANKFORD,SENATOR,R,OK,N/A,L000575,114
1383,Patrick,LEAHY,SENATOR,D,VT,N/A,L000174,114
683,Sander,LEVIN,REPRESENTATIVE,D,MI,9,L000263,114
1806,Kenny,MARCHANT,REPRESENTATIVE,R,TX,24,M001158,114
735,Edward,MARKEY,SENATOR,D,MA,N/A,M000133,114
1900,Jeff,MERKLEY,SENATOR,D,OR,N/A,M001176,114
2156,Markwayne,MULLIN,REPRESENTATIVE,R,OK,2,M001190,114
850,Jerrold,NADLER,REPRESENTATIVE,D,NY,10,N000002,114
2361,Ralph,NORMAN,REPRESENTATIVE,R,SC,N/A,N000190,115
1982,Tom,REED,REPRESENTATIVE,R,NY,23,R000585,114
979,Dana,ROHRABACHER,REPRESENTATIVE,R,CA,48,R000409,114
998,Edward,ROYCE,REPRESENTATIVE,R,CA,39,R000487,114
2316,John,RUTHERFORD,REPRESENTATIVE,R,FL,N/A,R000609,115
1010,Bernard,SANDERS,SENATOR,I,VT,N/A,S000033,114
1588,Janice,SCHAKOWSKY,REPRESENTATIVE,D,IL,9,S001145,114
2124,Bradley,SCHNEIDER,REPRESENTATIVE,D,IL,N/A,S001190,115
1036,Charles,SCHUMER,SENATOR,D,NY,N/A,S000148,114
2113,Scott,SCOTT,REPRESENTATIVE,D,CA,52,P000608,114
1590,Michael,SIMPSON,REPRESENTATIVE,R,ID,2,S001148,114
1818,Albio,SIRES,REPRESENTATIVE,D,NJ,8,S001165,114
1531,Debbie,STABENOW,SENATOR,D,MI,N/A,S000770,114
2357,Luther,STRANGE,SENATOR,R,AL,N/A,S001202,115
2110,Mark,TAKANO,REPRESENTATIVE,D,CA,41,T000472,114
1534,John,THUNE,SENATOR,R,SD,N/A,T000250,114
2291,Thom,TILLIS,SENATOR,R,NC,N/A,T000476,114
2250,David,TROTT,REPRESENTATIVE,R,MI,11,T000475,114
2137,Ann,WAGNER,REPRESENTATIVE,R,MO,2,W000812,114
1856,Timothy,WALZ,REPRESENTATIVE,D,MN,1,W000799,114
2182,Elizabeth,WARREN,SENATOR,D,MA,N/A,W000817,114
2261,Lee,ZELDIN,REPRESENTATIVE,R,NY,1,Z000017,114
