speaker_id,first_name,last_name,type,party,state,district,bio_guide_id,congress_id
1695,Lamar,ALEXANDER,SENATOR,R,TN,N/A,A000360,114
2350,Jodey,ARRINGTON,REPRESENTATIVE,R,TX,N/A,A000375,115
2270,Brian,BABIN,REPRESENTATIVE,R,TX,36,B001291,114
1558,Tammy,BALDWIN,SENATOR,D,WI,N/A,B001230,114
2054,Lou,BARLETTA,REPRESENTATIVE,R,PA,11,B001269,114
2311,Nanette,BARRAGAN,REPRESENTATIVE,D,CA,N/A,B001300,115
2333,Jack,BERGMAN,REPRESENTATIVE,R,MI,N/A,B001301,115
2272,Donald,BEYER,REPRESENTATIVE,D,VA,8,B001292,114
2307,Andy,BIGGS,REPRESENTATIVE,R,AZ,N/A,B001302,115
1838,Gus,BILIRAKIS,REPRESENTATIVE,R,FL,12,B001257,114
2063,Diane,BLACK,REPRESENTATIVE,R,TN,6,B001273,114
1748,Marsha,BLACKBURN,REPRESENTATIVE,R,TN,7,B001243,114
99,Earl,BLUMENAUER,REPRESENTATIVE,D,OR,3,B000574,114
2233,Ken,BUCK,REPRESENTATIVE,R,CO,4,B001297,114
179,Thomas,CARPER,SENATOR,D,DE,N/A,C000174,114
1828,Robert,CASEY,SENATOR,D,PA,N/A,C001070,114
1912,Mike,COFFMAN,REPRESENTATIVE,R,CO,6,C001077,114
1959,Gerald,CONNOLLY,REPRESENTATIVE,D,VA,11,C001078,114
1692,John,CORNYN,SENATOR,R,TX,N/A,C001056,114
303,Lloyd,DOGGETT,REPRESENTATIVE,D,TX,35,D000399,114
2315,Neal,DUNN,REPRESENTATIVE,R,FL,N/A,D000628,115
326,Richard,DURBIN,SENATOR,D,IL,N/A,D000563,114
2253,Tom,EMMER,REPRESENTATIVE,R,MN,6,E000294,114
2298,Dwight,EVANS,REPRESENTATIVE,D,PA,N/A,E000296,115
1797,Michael,FITZPATRICK,REPRESENTATIVE,R,PA,8,F000451,114
1801,Louie,GOHMERT,REPRESENTATIVE,R,TX,1,G000552,114
478,Luis,GUTIERREZ,REPRESENTATIVE,D,IL,4,G000535,114
511,Alcee,HASTINGS,REPRESENTATIVE,D,FL,20,H000324,114
1749,Jeb,HENSARLING,REPRESENTATIVE,R,TX,5,H001036,114
2140,Richard,HUDSON,REPRESENTATIVE,R,NC,8,H001067,114
2028,Bill,HUIZENGA,REPRESENTATIVE,R,MI,2,H001058,114
612,Walter,JONES,REPRESENTATIVE,R,NC,3,J000255,114
2134,Daniel,KILDEE,REPRESENTATIVE,D,MI,5,K000380,114
1501,Barbara,LEE,REPRESENTATIVE,D,CA,13,L000551,114
683,Sander,LEVIN,REPRESENTATIVE,D,MI,9,L000263,114
2053,Tom,MARINO,REPRESENTATIVE,R,PA,10,M001179,114
2328,Roger,MARSHALL,REPRESENTATIVE,R,KS,N/A,M001198,115
2322,Brian,MAST,REPRESENTATIVE,R,FL,N/A,M001199,115
1900,Jeff,MERKLEY,SENATOR,D,OR,N/A,M001176,114
2130,Luke,MESSER,REPRESENTATIVE,R,IN,6,M001189,114
1602,Grace,NAPOLITANO,REPRESENTATIVE,D,CA,32,N000179,114
859,Bill,NELSON,SENATOR,D,FL,N/A,N000032,114
2221,Gary,PALMER,REPRESENTATIVE,R,AL,6,P000609,114
2113,Scott,PETERS,REPRESENTATIVE,D,CA,52,P000608,114
,,PLASKETT,DELEGATE,I,VI,N/A,99999999999999999,114
2247,Bruce,POLIQUIN,REPRESENTATIVE,R,ME,2,P000611,114
1967,Mike,QUIGLEY,REPRESENTATIVE,D,IL,5,Q000023,114
2332,Jamie,RASKIN,REPRESENTATIVE,D,MD,N/A,R000606,115
2268,John,RATCLIFFE,REPRESENTATIVE,R,TX,4,R000601,114
2048,James,RENACCI,REPRESENTATIVE,R,OH,16,R000586,114
1986,Martha,ROBY,REPRESENTATIVE,R,AL,2,R000591,114
2084,Marco,RUBIO,SENATOR,R,FL,N/A,R000595,114
2316,John,RUTHERFORD,REPRESENTATIVE,R,FL,N/A,R000609,115
1757,Linda,SANCHEZ,REPRESENTATIVE,D,CA,38,S001156,114
1036,Charles,SCHUMER,SENATOR,D,NY,N/A,S000148,114
1526,Brad,SHERMAN,REPRESENTATIVE,D,CA,30,S000344,114
2346,Lloyd,SMUCKER,REPRESENTATIVE,R,PA,N/A,S001199,115
1531,Debbie,STABENOW,SENATOR,D,MI,N/A,S000770,114
2110,Mark,TAKANO,REPRESENTATIVE,D,CA,41,T000472,114
2351,Scott,TAYLOR,REPRESENTATIVE,R,VA,N/A,T000477,115
2344,Claudia,TENNEY,REPRESENTATIVE,R,NY,N/A,T000478,115
2231,Norma,TORRES,REPRESENTATIVE,D,CA,35,T000474,114
2255,Mark,WALKER,REPRESENTATIVE,R,NC,6,W000819,114
1856,Timothy,WALZ,REPRESENTATIVE,D,MN,1,W000799,114
2152,Brad,WENSTRUP,REPRESENTATIVE,R,OH,2,W000815,114
1226,Roger,WICKER,SENATOR,R,MS,N/A,W000437,114
2021,Kevin,YODER,REPRESENTATIVE,R,KS,3,Y000063,114
1256,Don,YOUNG,REPRESENTATIVE,R,AK,0,Y000033,114
