speaker_id,first_name,last_name,type,party,state,district,bio_guide_id,congress_id
2201,Alma,ADAMS,REPRESENTATIVE,D,NC,12,A000370,114
2239,Rick,ALLEN,REPRESENTATIVE,R,GA,12,A000372,114
2350,Jodey,ARRINGTON,REPRESENTATIVE,R,TX,N/A,A000375,115
1881,John,BARRASSO,SENATOR,R,WY,N/A,B001261,114
2333,Jack,BERGMAN,REPRESENTATIVE,R,MI,N/A,B001301,115
2272,Donald,BEYER,REPRESENTATIVE,D,VA,8,B001292,114
2063,Diane,BLACK,REPRESENTATIVE,R,TN,6,B001273,114
1464,Roy,BLUNT,SENATOR,R,MO,N/A,B000575,114
2106,Julia,BROWN,REPRESENTATIVE,D,CA,26,B001285,114
153,Richard,BURR,SENATOR,R,NC,N/A,B001135,114
2310,Salud,CARBAJAL,REPRESENTATIVE,D,CA,N/A,C001112,115
1828,Robert,CASEY,SENATOR,D,PA,N/A,C001070,114
,,COHEN,REPRESENTATIVE,D,TN,9,99999999999999999,114
2259,Bonnie,COLE,REPRESENTATIVE,D,NJ,12,W000822,114
2121,Doug,COLLINS,REPRESENTATIVE,R,GA,9,C001093,114
1805,K.,CONAWAY,REPRESENTATIVE,R,TX,11,C001062,114
1959,Gerald,CONNOLLY,REPRESENTATIVE,D,VA,11,C001078,114
1692,John,CORNYN,SENATOR,R,TX,N/A,C001056,114
250,Mike,CRAPO,SENATOR,R,ID,N/A,C000880,114
1604,Joseph,CROWLEY,REPRESENTATIVE,D,NY,14,C001038,114
303,Lloyd,DOGGETT,REPRESENTATIVE,D,TX,35,D000399,114
326,Richard,DURBIN,SENATOR,D,IL,N/A,D000563,114
2342,Adriano,ESPAILLAT,REPRESENTATIVE,D,NY,N/A,E000297,115
2324,A.,FERGUSON,REPRESENTATIVE,R,GA,N/A,F000465,115
1797,Michael,FITZPATRICK,REPRESENTATIVE,R,PA,8,F000451,114
,,FLORES,REPRESENTATIVE,R,TX,17,99999999999999999,114
1791,Virginia,FOXX,REPRESENTATIVE,R,NC,5,F000450,114
1895,Marcia,FUDGE,REPRESENTATIVE,D,OH,11,F000455,114
2122,Tulsi,GABBARD,REPRESENTATIVE,D,HI,2,G000571,114
2314,Matt,GAETZ,REPRESENTATIVE,R,FL,N/A,G000578,115
1737,Scott,GARRETT,REPRESENTATIVE,R,NJ,5,G000548,114
2359,Greg,GIANFORTE,REPRESENTATIVE,R,MT,N/A,G000584,115
1801,Louie,GOHMERT,REPRESENTATIVE,R,TX,1,G000552,114
457,Chuck,GRASSLEY,SENATOR,R,IA,N/A,G000386,114
1708,Raul,GRIJALVA,REPRESENTATIVE,D,AZ,3,G000551,114
2276,Glenn,GROTHMAN,REPRESENTATIVE,R,WI,6,G000576,114
1351,Orrin,HATCH,SENATOR,R,UT,N/A,H000338,114
566,Steny,HOYER,REPRESENTATIVE,D,MD,5,H000874,114
1608,Johnny,ISAKSON,SENATOR,R,GA,N/A,I000055,114
2354,Pramila,JAYAPAL,REPRESENTATIVE,D,WA,N/A,J000298,115
2149,Hakeem,JEFFRIES,REPRESENTATIVE,D,NY,8,J000294,114
,,JOHNSON,REPRESENTATIVE,R,GA,4,99999999999999999,114
616,Marcy,KAPTUR,REPRESENTATIVE,D,OH,8,K000009,114
2308,Ro,KHANNA,REPRESENTATIVE,D,CA,N/A,K000389,115
1724,Steve,KING,REPRESENTATIVE,R,IA,4,K000362,114
2325,Raja,KRISHNAMOORTHI,REPRESENTATIVE,D,IL,N/A,K000391,115
2050,James,LANKFORD,SENATOR,R,OK,N/A,L000575,114
1383,Patrick,LEAHY,SENATOR,D,VT,N/A,L000174,114
1501,Barbara,LEE,REPRESENTATIVE,D,CA,13,L000551,114
709,Nita,LOWEY,REPRESENTATIVE,D,NY,17,L000480,114
99999999999999,First Name unavailable,MCCLINTOCK,Type Unavailable,Party Info Unavailable,state info unavailable,District Unavailable,BioGuideID unavailable,CongressID unavailable
791,Robert,MENENDEZ,SENATOR,D,NJ,N/A,M000639,114
1900,Jeff,MERKLEY,SENATOR,D,OR,N/A,M001176,114
2334,Paul,MITCHELL,REPRESENTATIVE,R,MI,N/A,M001201,115
2246,Seth,MOULTON,REPRESENTATIVE,D,MA,6,M001196,114
1602,Grace,NAPOLITANO,REPRESENTATIVE,D,CA,32,N000179,114
854,Richard,NEAL,REPRESENTATIVE,D,MA,1,N000015,114
2275,Dan,NEWHOUSE,REPRESENTATIVE,R,WA,4,N000189,114
867,Richard,NOLAN,REPRESENTATIVE,D,MN,8,N000127,114
2361,Ralph,NORMAN,REPRESENTATIVE,R,SC,N/A,N000190,115
2221,Gary,PALMER,REPRESENTATIVE,R,AL,6,P000609,114
2309,Jimmy,PANETTA,REPRESENTATIVE,D,CA,N/A,P000613,115
1510,Bill,PASCRELL,REPRESENTATIVE,D,NJ,9,P000096,114
1930,Erik,PAULSEN,REPRESENTATIVE,R,MN,3,P000594,114
1738,Stevan,PEARCE,REPRESENTATIVE,R,NM,2,P000588,114
905,Nancy,PELOSI,REPRESENTATIVE,D,CA,12,P000197,114
2113,Scott,PETERS,REPRESENTATIVE,D,CA,52,P000608,114
2171,Mark,POCAN,REPRESENTATIVE,D,WI,2,P000607,114
2023,Cedric,RICHMOND,REPRESENTATIVE,D,LA,2,R000588,114
2017,Todd,ROKITA,REPRESENTATIVE,R,IN,4,R000592,114
1848,Peter,ROSKAM,REPRESENTATIVE,R,IL,6,R000580,114
2288,Mike,ROUNDS,SENATOR,R,SD,N/A,R000605,115
91,Sanford,SANFORD,REPRESENTATIVE,D,GA,2,B000490,114
1588,Janice,SCHAKOWSKY,REPRESENTATIVE,D,IL,9,S001145,114
1036,Charles,SCHUMER,SENATOR,D,NY,N/A,S000148,114
1527,John,SHIMKUS,REPRESENTATIVE,R,IL,15,S000364,114
2346,Lloyd,SMUCKER,REPRESENTATIVE,R,PA,N/A,S001199,115
2344,Claudia,TENNEY,REPRESENTATIVE,R,NY,N/A,T000478,115
1664,Patrick,TIBERI,REPRESENTATIVE,R,OH,12,T000462,114
2291,Thom,TILLIS,SENATOR,R,NC,N/A,T000476,114
2255,Mark,WALKER,REPRESENTATIVE,R,NC,6,W000819,114
1879,Peter,WELCH,REPRESENTATIVE,D,VT,0,W000800,114
2224,Bruce,WESTERMAN,REPRESENTATIVE,R,AR,4,W000821,114
1991,Steve,WOMACK,REPRESENTATIVE,R,AR,3,W000809,114
2008,Rob,WOODALL,REPRESENTATIVE,R,GA,7,W000810,114
1247,Ron,WYDEN,SENATOR,D,OR,N/A,W000779,114
1853,John,YARMUTH,REPRESENTATIVE,D,KY,3,Y000062,114
