speaker_id,first_name,last_name,type,party,state,district,bio_guide_id,congress_id
2090,Mark,AMODEI,REPRESENTATIVE,R,NV,2,A000369,114
1558,Tammy,BALDWIN,SENATOR,D,WI,N/A,B001230,114
2238,Barry,BARR,REPRESENTATIVE,R,GA,11,L000583,114
2153,Joyce,BEATTY,REPRESENTATIVE,D,OH,3,B001281,114
1965,Michael,BENNET,SENATOR,D,CO,N/A,B001267,114
1838,Gus,BILIRAKIS,REPRESENTATIVE,R,FL,12,B001257,114
2076,Richard,BLUMENTHAL,SENATOR,D,CT,N/A,B001277,114
2194,Cory,BOOKER,SENATOR,D,NJ,N/A,B001288,114
1687,John,BOOZMAN,SENATOR,R,AR,N/A,B001236,114
2106,Julia,BROWN,REPRESENTATIVE,D,CA,26,B001285,114
,,BUDD,REPRESENTATIVE,R,GA,1,99999999999999999,114
,,CARDIN,SENATOR,D,MD,N/A,99999999999999999,114
179,Thomas,CARPER,SENATOR,D,DE,N/A,C000174,114
1828,Robert,CASEY,SENATOR,D,PA,N/A,C001070,114
1925,Bill,CASSIDY,SENATOR,R,LA,N/A,C001075,114
2055,David,CICILLINE,REPRESENTATIVE,D,RI,1,C001084,114
,,COHEN,REPRESENTATIVE,D,TN,9,99999999999999999,114
2121,Doug,COLLINS,REPRESENTATIVE,R,GA,9,C001093,114
1984,Christopher,COONS,SENATOR,D,DE,N/A,C001088,114
1692,John,CORNYN,SENATOR,R,TX,N/A,C001056,114
1604,Joseph,CROWLEY,REPRESENTATIVE,D,NY,14,C001038,114
1670,John,CULBERSON,REPRESENTATIVE,R,TX,7,C001048,114
256,Elijah,CUMMINGS,REPRESENTATIVE,D,MD,7,C000984,114
2138,Steve,DAINES,SENATOR,R,MT,N/A,D000618,114
1976,Theodore,DEUTCH,REPRESENTATIVE,D,FL,21,D000610,114
2293,Daniel,DONOVAN,REPRESENTATIVE,R,NY,11,D000625,114
326,Richard,DURBIN,SENATOR,D,IL,N/A,D000563,114
1857,Keith,ELLISON,REPRESENTATIVE,D,MN,5,E000288,114
2253,Tom,EMMER,REPRESENTATIVE,R,MN,6,E000294,114
344,Eliot,ENGEL,REPRESENTATIVE,D,NY,16,E000179,114
1542,Michael,ENZI,SENATOR,R,WY,N/A,E000285,114
355,Anna,ESHOO,REPRESENTATIVE,D,CA,18,E000215,114
2342,Adriano,ESPAILLAT,REPRESENTATIVE,D,NY,N/A,E000297,115
1332,Dianne,FEINSTEIN,SENATOR,D,CA,N/A,F000062,114
1797,Michael,FITZPATRICK,REPRESENTATIVE,R,PA,8,F000451,114
1998,Cory,GARDNER,SENATOR,R,CO,N/A,G000562,115
1801,Louie,GOHMERT,REPRESENTATIVE,R,TX,1,G000552,114
2362,Jimmy,GOMEZ,REPRESENTATIVE,D,CA,N/A,G000585,115
446,Bob,GOODLATTE,REPRESENTATIVE,R,VA,6,G000289,114
2026,Andy,HARRIS,REPRESENTATIVE,R,MD,1,H001052,114
1351,Orrin,HATCH,SENATOR,R,UT,N/A,H000338,114
1749,Jeb,HENSARLING,REPRESENTATIVE,R,TX,5,H001036,114
2223,J.,HILL,REPRESENTATIVE,R,AR,2,H001072,114
1844,Mazie,HIRONO,SENATOR,D,HI,N/A,H001042,114
2101,Jared,HUFFMAN,REPRESENTATIVE,D,CA,2,H001068,114
1724,Steve,KING,REPRESENTATIVE,R,IA,4,K000362,114
1826,Amy,KLOBUCHAR,SENATOR,D,MN,N/A,K000367,114
1936,Leonard,LANCE,REPRESENTATIVE,R,NJ,7,L000567,114
2252,Brenda,LAWRENCE,REPRESENTATIVE,D,MI,14,L000581,114
1383,Patrick,LEAHY,SENATOR,D,VT,N/A,L000174,114
1501,Barbara,LEE,REPRESENTATIVE,D,CA,13,L000551,114
2238,Barry,LOUDERMILK,REPRESENTATIVE,R,GA,11,L000583,114
2111,Alan,LOWENTHAL,REPRESENTATIVE,D,CA,47,L000579,114
1931,Blaine,LUETKEMEYER,REPRESENTATIVE,R,MO,3,L000569,114
735,Edward,MARKEY,SENATOR,D,MA,N/A,M000133,114
791,Robert,MENENDEZ,SENATOR,D,NJ,N/A,M000639,114
1900,Jeff,MERKLEY,SENATOR,D,OR,N/A,M001176,114
1694,Lisa,MURKOWSKI,SENATOR,R,AK,N/A,M001153,114
859,Bill,NELSON,SENATOR,D,FL,N/A,N000032,114
2275,Dan,NEWHOUSE,REPRESENTATIVE,R,WA,4,N000189,114
2361,Ralph,NORMAN,REPRESENTATIVE,R,SC,N/A,N000190,115
2309,Jimmy,PANETTA,REPRESENTATIVE,D,CA,N/A,P000613,115
2097,Donald,PAYNE,REPRESENTATIVE,D,NJ,10,P000604,114
1738,Stevan,PEARCE,REPRESENTATIVE,R,NM,2,P000588,114
2286,David,PERDUE,SENATOR,R,GA,N/A,P000612,114
2113,Scott,PETERS,REPRESENTATIVE,D,CA,52,P000608,114
2247,Bruce,POLIQUIN,REPRESENTATIVE,R,ME,2,P000611,114
924,Rob,PORTMAN,SENATOR,R,OH,N/A,P000449,114
2332,Jamie,RASKIN,REPRESENTATIVE,D,MD,N/A,R000606,115
1982,Tom,REED,REPRESENTATIVE,R,NY,23,R000585,114
2048,James,RENACCI,REPRESENTATIVE,R,OH,16,R000586,114
968,Pat,ROBERTS,SENATOR,R,KS,N/A,R000307,114
2158,Keith,ROTHFUS,REPRESENTATIVE,R,PA,12,R000598,114
2288,Mike,ROUNDS,SENATOR,R,SD,N/A,R000605,115
2084,Marco,RUBIO,SENATOR,R,FL,N/A,R000595,114
2109,Raul,RUIZ,REPRESENTATIVE,D,CA,36,R000599,114
1010,Bernard,SANDERS,SENATOR,I,VT,N/A,S000033,114
1588,Janice,SCHAKOWSKY,REPRESENTATIVE,D,IL,9,S001145,114
1036,Charles,SCHUMER,SENATOR,D,NY,N/A,S000148,114
2113,Scott,SCOTT,REPRESENTATIVE,D,CA,52,P000608,114
2099,Kyrsten,SINEMA,REPRESENTATIVE,D,AZ,9,S001191,114
2319,Darren,SOTO,REPRESENTATIVE,D,FL,N/A,S001200,115
1531,Debbie,STABENOW,SENATOR,D,MI,N/A,S000770,114
2290,Dan,SULLIVAN,SENATOR,R,AK,N/A,S001198,114
2110,Mark,TAKANO,REPRESENTATIVE,D,CA,41,T000472,114
2351,Scott,TAYLOR,REPRESENTATIVE,R,VA,N/A,T000477,115
2344,Claudia,TENNEY,REPRESENTATIVE,R,NY,N/A,T000478,115
1829,Jon,TESTER,SENATOR,D,MT,N/A,T000464,114
1534,John,THUNE,SENATOR,R,SD,N/A,T000250,114
1594,Patrick,TOOMEY,SENATOR,R,PA,N/A,T000461,114
1567,Tom,UDALL,SENATOR,D,NM,N/A,U000039,114
1177,Fred,UPTON,REPRESENTATIVE,R,MI,6,U000031,114
1247,Ron,WYDEN,SENATOR,D,OR,N/A,W000779,114
