speaker_id,first_name,last_name,type,party,state,district,bio_guide_id,congress_id
2350,Jodey,ARRINGTON,REPRESENTATIVE,R,TX,N/A,A000375,115
2337,Don,BACON,REPRESENTATIVE,R,NE,N/A,B001298,115
2238,Barry,BARR,REPRESENTATIVE,R,GA,11,L000583,114
2153,Joyce,BEATTY,REPRESENTATIVE,D,OH,3,B001281,114
1748,Marsha,BLACKBURN,REPRESENTATIVE,R,TN,7,B001243,114
2092,Suzanne,BONAMICI,REPRESENTATIVE,D,OR,1,B001278,114
2106,Julia,BROWN,REPRESENTATIVE,D,CA,26,B001285,114
2197,Bradley,BYRNE,REPRESENTATIVE,R,AL,1,B001289,114
1676,Shelley,CAPITO,SENATOR,R,WV,N/A,C001047,115
2159,Matt,CARTWRIGHT,REPRESENTATIVE,D,PA,17,C001090,114
208,James,CLYBURN,REPRESENTATIVE,D,SC,6,C000537,114
2121,Doug,COLLINS,REPRESENTATIVE,R,GA,9,C001093,114
1692,John,CORNYN,SENATOR,R,TX,N/A,C001056,114
1807,Henry,CUELLAR,REPRESENTATIVE,D,TX,28,C001063,114
2138,Steve,DAINES,SENATOR,R,MT,N/A,D000618,114
2320,Val,DEMINGS,REPRESENTATIVE,D,FL,N/A,D000627,115
326,Richard,DURBIN,SENATOR,D,IL,N/A,D000563,114
2253,Tom,EMMER,REPRESENTATIVE,R,MN,6,E000294,114
2283,Joni,ERNST,SENATOR,R,IA,N/A,E000295,114
2342,Adriano,ESPAILLAT,REPRESENTATIVE,D,NY,N/A,E000297,115
2298,Dwight,EVANS,REPRESENTATIVE,D,PA,N/A,E000296,115
2067,Blake,FARENTHOLD,REPRESENTATIVE,R,TX,27,F000460,114
1797,Michael,FITZPATRICK,REPRESENTATIVE,R,PA,8,F000451,114
1737,Scott,GARRETT,REPRESENTATIVE,R,NJ,5,G000548,114
1866,Kirsten,GILLIBRAND,SENATOR,D,NY,N/A,G000555,114
2026,Andy,HARRIS,REPRESENTATIVE,R,MD,1,H001052,114
2015,Randy,HULTGREN,REPRESENTATIVE,R,IL,14,H001059,114
612,Walter,JONES,REPRESENTATIVE,R,NC,3,J000255,114
616,Marcy,KAPTUR,REPRESENTATIVE,D,OH,8,K000009,114
2169,Derek,KILMER,REPRESENTATIVE,D,WA,6,K000381,114
1724,Steve,KING,REPRESENTATIVE,R,IA,4,K000362,114
1501,Barbara,LEE,REPRESENTATIVE,D,CA,13,L000551,114
2271,Mia,LOVE,REPRESENTATIVE,R,UT,4,L000584,114
1814,Doris,MATSUI,REPRESENTATIVE,D,CA,6,M001163,114
859,Bill,NELSON,SENATOR,D,FL,N/A,N000032,114
2097,Donald,PAYNE,REPRESENTATIVE,D,NJ,10,P000604,114
2141,Robert,PITTENGER,REPRESENTATIVE,R,NC,9,P000606,114
,,PLASKETT,DELEGATE,I,VI,N/A,99999999999999999,114
2247,Bruce,POLIQUIN,REPRESENTATIVE,R,ME,2,P000611,114
1967,Mike,QUIGLEY,REPRESENTATIVE,D,IL,5,Q000023,114
2023,Cedric,RICHMOND,REPRESENTATIVE,D,LA,2,R000588,114
1986,Martha,ROBY,REPRESENTATIVE,R,AL,2,R000591,114
1954,David,ROE,REPRESENTATIVE,R,TN,1,R000582,114
2316,John,RUTHERFORD,REPRESENTATIVE,R,FL,N/A,R000609,115
2357,Luther,STRANGE,SENATOR,R,AL,N/A,S001202,115
2110,Mark,TAKANO,REPRESENTATIVE,D,CA,41,T000472,114
2344,Claudia,TENNEY,REPRESENTATIVE,R,NY,N/A,T000478,115
