speaker_id,first_name,last_name,type,party,state,district,bio_guide_id,congress_id
2244,Ralph,ABRAHAM,REPRESENTATIVE,R,LA,5,A000374,114
1558,Tammy,BALDWIN,SENATOR,D,WI,N/A,B001230,114
2153,Joyce,BEATTY,REPRESENTATIVE,D,OH,3,B001281,114
1838,Gus,BILIRAKIS,REPRESENTATIVE,R,FL,12,B001257,114
2107,Tony,CARDENAS,REPRESENTATIVE,D,CA,29,C001097,114
213,Thad,COCHRAN,SENATOR,R,MS,N/A,C000567,114
2297,James,COMER,REPRESENTATIVE,R,KY,N/A,C001108,115
2273,Barbara,COMSTOCK,REPRESENTATIVE,R,VA,10,C001105,114
1959,Gerald,CONNOLLY,REPRESENTATIVE,D,VA,11,C001078,114
229,John,CONYERS,REPRESENTATIVE,D,MI,13,C000714,114
1692,John,CORNYN,SENATOR,R,TX,N/A,C001056,114
2098,Tom,COTTON,SENATOR,R,AR,N/A,C001095,114
2315,Neal,DUNN,REPRESENTATIVE,R,FL,N/A,D000628,115
326,Richard,DURBIN,SENATOR,D,IL,N/A,D000563,114
2253,Tom,EMMER,REPRESENTATIVE,R,MN,6,E000294,114
2298,Dwight,EVANS,REPRESENTATIVE,D,PA,N/A,E000296,115
2067,Blake,FARENTHOLD,REPRESENTATIVE,R,TX,27,F000460,114
2122,Tulsi,GABBARD,REPRESENTATIVE,D,HI,2,G000571,114
446,Bob,GOODLATTE,REPRESENTATIVE,R,VA,6,G000289,114
1351,Orrin,HATCH,SENATOR,R,UT,N/A,H000338,114
566,Steny,HOYER,REPRESENTATIVE,D,MD,5,H000874,114
1608,Johnny,ISAKSON,SENATOR,R,GA,N/A,I000055,114
2176,Tim,KAINE,SENATOR,D,VA,N/A,K000384,114
2134,Daniel,KILDEE,REPRESENTATIVE,D,MI,5,K000380,114
2228,Stephen,KNIGHT,REPRESENTATIVE,R,CA,25,K000387,114
2325,Raja,KRISHNAMOORTHI,REPRESENTATIVE,D,IL,N/A,K000391,115
1383,Patrick,LEAHY,SENATOR,D,VT,N/A,L000174,114
683,Sander,LEVIN,REPRESENTATIVE,D,MI,9,L000263,114
1806,Kenny,MARCHANT,REPRESENTATIVE,R,TX,24,M001158,114
2328,Roger,MARSHALL,REPRESENTATIVE,R,KS,N/A,M001198,115
2322,Brian,MAST,REPRESENTATIVE,R,FL,N/A,M001199,115
1900,Jeff,MERKLEY,SENATOR,D,OR,N/A,M001176,114
859,Bill,NELSON,SENATOR,D,FL,N/A,N000032,114
868,Eleanor,NORTON,DELEGATE,D,DC,N/A,N000147,114
1930,Erik,PAULSEN,REPRESENTATIVE,R,MN,3,P000594,114
2097,Donald,PAYNE,REPRESENTATIVE,D,NJ,10,P000604,114
,,PLASKETT,DELEGATE,I,VI,N/A,99999999999999999,114
1910,Jared,POLIS,REPRESENTATIVE,D,CO,2,P000598,114
2332,Jamie,RASKIN,REPRESENTATIVE,D,MD,N/A,R000606,115
1036,Charles,SCHUMER,SENATOR,D,NY,N/A,S000148,114
1681,Bill,SHUSTER,REPRESENTATIVE,R,PA,9,S001154,114
2290,Dan,SULLIVAN,SENATOR,R,AK,N/A,S001198,114
2110,Mark,TAKANO,REPRESENTATIVE,D,CA,41,T000472,114
2344,Claudia,TENNEY,REPRESENTATIVE,R,NY,N/A,T000478,115
2166,Marc,VEASEY,REPRESENTATIVE,D,TX,33,V000131,114
