speaker_id,first_name,last_name,type,party,state,district,bio_guide_id,congress_id
2238,Barry,BARR,REPRESENTATIVE,R,GA,11,L000583,114
1881,John,BARRASSO,SENATOR,R,WY,N/A,B001261,114
99,Earl,BLUMENAUER,REPRESENTATIVE,D,OR,3,B000574,114
2076,Richard,BLUMENTHAL,SENATOR,D,CT,N/A,B001277,114
172,Maria,CANTWELL,SENATOR,D,WA,N/A,C000127,114
,,CLEAVER,REPRESENTATIVE,D,MO,5,99999999999999999,114
2121,Doug,COLLINS,REPRESENTATIVE,R,GA,9,C001093,114
1692,John,CORNYN,SENATOR,R,TX,N/A,C001056,114
2098,Tom,COTTON,SENATOR,R,AR,N/A,C001095,114
1836,Joe,COURTNEY,REPRESENTATIVE,D,CT,2,C001069,114
2138,Steve,DAINES,SENATOR,R,MT,N/A,D000618,114
2123,Tammy,DUCKWORTH,REPRESENTATIVE,D,IL,8,D000622,114
326,Richard,DURBIN,SENATOR,D,IL,N/A,D000563,114
2283,Joni,ERNST,SENATOR,R,IA,N/A,E000295,114
1797,Michael,FITZPATRICK,REPRESENTATIVE,R,PA,8,F000451,114
2234,Gwen,GRAHAM,REPRESENTATIVE,D,FL,2,G000575,114
457,Chuck,GRASSLEY,SENATOR,R,IA,N/A,G000386,114
2302,Margaret,HASSAN,SENATOR,D,NH,N/A,H001076,115
1351,Orrin,HATCH,SENATOR,R,UT,N/A,H000338,114
2015,Randy,HULTGREN,REPRESENTATIVE,R,IL,14,H001059,114
1724,Steve,KING,REPRESENTATIVE,R,IA,4,K000362,114
2228,Stephen,KNIGHT,REPRESENTATIVE,R,CA,25,K000387,114
2325,Raja,KRISHNAMOORTHI,REPRESENTATIVE,D,IL,N/A,K000391,115
1668,James,LANGEVIN,REPRESENTATIVE,D,RI,2,L000559,114
2050,James,LANKFORD,SENATOR,R,OK,N/A,L000575,114
2328,Roger,MARSHALL,REPRESENTATIVE,R,KS,N/A,M001198,115
859,Bill,NELSON,SENATOR,D,FL,N/A,N000032,114
2361,Ralph,NORMAN,REPRESENTATIVE,R,SC,N/A,N000190,115
1510,Bill,PASCRELL,REPRESENTATIVE,D,NJ,9,P000096,114
1992,Paul,PAUL,REPRESENTATIVE,R,AZ,4,G000565,114
1930,Erik,PAULSEN,REPRESENTATIVE,R,MN,3,P000594,114
1810,David,REICHERT,REPRESENTATIVE,R,WA,8,R000578,114
2339,Jacky,ROSEN,REPRESENTATIVE,D,NV,N/A,R000608,115
2288,Mike,ROUNDS,SENATOR,R,SD,N/A,R000605,115
998,Edward,ROYCE,REPRESENTATIVE,R,CA,39,R000487,114
2124,Bradley,SCHNEIDER,REPRESENTATIVE,D,IL,N/A,S001190,115
1036,Charles,SCHUMER,SENATOR,D,NY,N/A,S000148,114
1526,Brad,SHERMAN,REPRESENTATIVE,D,CA,30,S000344,114
2110,Mark,TAKANO,REPRESENTATIVE,D,CA,41,T000472,114
2291,Thom,TILLIS,SENATOR,R,NC,N/A,T000476,114
2128,Jackie,WALORSKI,REPRESENTATIVE,R,IN,2,W000813,114
