speaker_id,first_name,last_name,type,party,state,district,bio_guide_id,congress_id
1695,Lamar,ALEXANDER,SENATOR,R,TN,N/A,A000360,114
2307,Andy,BIGGS,REPRESENTATIVE,R,AZ,N/A,B001302,115
2076,Richard,BLUMENTHAL,SENATOR,D,CT,N/A,B001277,114
99999999999999,First Name unavailable,CAPITO,Type Unavailable,Party Info Unavailable,state info unavailable,District Unavailable,BioGuideID unavailable,CongressID unavailable
2144,Kevin,CRAMER,REPRESENTATIVE,R,ND,0,C001096,114
1791,Virginia,FOXX,REPRESENTATIVE,R,NC,5,F000450,114
1801,Louie,GOHMERT,REPRESENTATIVE,R,TX,1,G000552,114
2028,Bill,HUIZENGA,REPRESENTATIVE,R,MI,2,H001058,114
2354,Pramila,JAYAPAL,REPRESENTATIVE,D,WA,N/A,J000298,115
1834,Doug,LAMBORN,REPRESENTATIVE,R,CO,5,L000564,114
2248,John,MOOLENAAR,REPRESENTATIVE,R,MI,4,M001194,114
1409,Patty,MURRAY,SENATOR,D,WA,N/A,M001111,114
2158,Keith,ROTHFUS,REPRESENTATIVE,R,PA,12,R000598,114
2124,Bradley,SCHNEIDER,REPRESENTATIVE,D,IL,N/A,S001190,115
1036,Charles,SCHUMER,SENATOR,D,NY,N/A,S000148,114
1548,Jeff,SESSIONS,SENATOR,R,AL,N/A,S001141,114
2319,Darren,SOTO,REPRESENTATIVE,D,FL,N/A,S001200,115
1855,Tim,WALBERG,REPRESENTATIVE,R,MI,7,W000798,114
2021,Kevin,YODER,REPRESENTATIVE,R,KS,3,Y000063,114
