speaker_id,first_name,last_name,type,party,state,district,bio_guide_id,congress_id
2076,Richard,BLUMENTHAL,SENATOR,D,CT,N/A,B001277,114
1464,Roy,BLUNT,SENATOR,R,MO,N/A,B000575,114
1687,John,BOOZMAN,SENATOR,R,AR,N/A,B001236,114
1692,John,CORNYN,SENATOR,R,TX,N/A,C001056,114
250,Mike,CRAPO,SENATOR,R,ID,N/A,C000880,114
326,Richard,DURBIN,SENATOR,D,IL,N/A,D000563,114
457,Chuck,GRASSLEY,SENATOR,R,IA,N/A,G000386,114
2302,Margaret,HASSAN,SENATOR,D,NH,N/A,H001076,115
1351,Orrin,HATCH,SENATOR,R,UT,N/A,H000338,114
1608,Johnny,ISAKSON,SENATOR,R,GA,N/A,I000055,114
1383,Patrick,LEAHY,SENATOR,D,VT,N/A,L000174,114
735,Edward,MARKEY,SENATOR,D,MA,N/A,M000133,114
1694,Lisa,MURKOWSKI,SENATOR,R,AK,N/A,M001153,114
859,Bill,NELSON,SENATOR,D,FL,N/A,N000032,114
2286,David,PERDUE,SENATOR,R,GA,N/A,P000612,114
1982,Tom,REED,REPRESENTATIVE,R,NY,23,R000585,114
968,Pat,ROBERTS,SENATOR,R,KS,N/A,R000307,114
2288,Mike,ROUNDS,SENATOR,R,SD,N/A,R000605,115
2084,Marco,RUBIO,SENATOR,R,FL,N/A,R000595,114
1036,Charles,SCHUMER,SENATOR,D,NY,N/A,S000148,114
1531,Debbie,STABENOW,SENATOR,D,MI,N/A,S000770,114
1829,Jon,TESTER,SENATOR,D,MT,N/A,T000464,114
1226,Roger,WICKER,SENATOR,R,MS,N/A,W000437,114
1256,Don,YOUNG,REPRESENTATIVE,R,AK,0,Y000033,114
