speaker_id,first_name,last_name,type,party,state,district,bio_guide_id,congress_id
2201,Alma,ADAMS,REPRESENTATIVE,D,NC,12,A000370,114
1460,Robert,ADERHOLT,REPRESENTATIVE,R,AL,4,A000055,114
2270,Brian,BABIN,REPRESENTATIVE,R,TX,36,B001291,114
2311,Nanette,BARRAGAN,REPRESENTATIVE,D,CA,N/A,B001300,115
1996,Karen,BASS,REPRESENTATIVE,D,CA,37,B001270,114
2307,Andy,BIGGS,REPRESENTATIVE,R,AZ,N/A,B001302,115
2063,Diane,BLACK,REPRESENTATIVE,R,TN,6,B001273,114
2092,Suzanne,BONAMICI,REPRESENTATIVE,D,OR,1,B001278,114
2243,Mike,BOST,REPRESENTATIVE,R,IL,12,B001295,114
,,BUDD,REPRESENTATIVE,R,GA,1,99999999999999999,114
153,Richard,BURR,SENATOR,R,NC,N/A,B001135,114
1925,Bill,CASSIDY,SENATOR,R,LA,N/A,C001075,114
2356,Liz,CHENEY,REPRESENTATIVE,R,WY,N/A,C001109,115
2055,David,CICILLINE,REPRESENTATIVE,D,RI,1,C001084,114
1912,Mike,COFFMAN,REPRESENTATIVE,R,CO,6,C001077,114
,,COHEN,REPRESENTATIVE,D,TN,9,99999999999999999,114
2121,Doug,COLLINS,REPRESENTATIVE,R,GA,9,C001093,114
229,John,CONYERS,REPRESENTATIVE,D,MI,13,C000714,114
1825,Bob,CORKER,SENATOR,R,TN,N/A,C001071,114
1692,John,CORNYN,SENATOR,R,TX,N/A,C001056,114
2098,Tom,COTTON,SENATOR,R,AR,N/A,C001095,114
1604,Joseph,CROWLEY,REPRESENTATIVE,D,NY,14,C001038,114
1976,Theodore,DEUTCH,REPRESENTATIVE,D,FL,21,D000610,114
2315,Neal,DUNN,REPRESENTATIVE,R,FL,N/A,D000628,115
326,Richard,DURBIN,SENATOR,D,IL,N/A,D000563,114
2253,Tom,EMMER,REPRESENTATIVE,R,MN,6,E000294,114
344,Eliot,ENGEL,REPRESENTATIVE,D,NY,16,E000179,114
355,Anna,ESHOO,REPRESENTATIVE,D,CA,18,E000215,114
2342,Adriano,ESPAILLAT,REPRESENTATIVE,D,NY,N/A,E000297,115
2067,Blake,FARENTHOLD,REPRESENTATIVE,R,TX,27,F000460,114
1332,Dianne,FEINSTEIN,SENATOR,D,CA,N/A,F000062,114
1793,Jeff,FORTENBERRY,REPRESENTATIVE,R,NE,1,F000449,114
1888,Bill,FOSTER,REPRESENTATIVE,D,IL,11,F000454,114
1791,Virginia,FOXX,REPRESENTATIVE,R,NC,5,F000450,114
2049,Bob,GIBBS,REPRESENTATIVE,R,OH,7,G000563,114
446,Bob,GOODLATTE,REPRESENTATIVE,R,VA,6,G000289,114
2338,Josh,GOTTHEIMER,REPRESENTATIVE,D,NJ,N/A,G000583,115
2032,Vicky,HARTZLER,REPRESENTATIVE,R,MO,4,H001053,114
1937,Martin,HEINRICH,SENATOR,D,NM,N/A,H001046,114
1844,Mazie,HIRONO,SENATOR,D,HI,N/A,H001042,114
2143,George,HOLDING,REPRESENTATIVE,R,NC,13,H001065,114
566,Steny,HOYER,REPRESENTATIVE,D,MD,5,H000874,114
2015,Randy,HULTGREN,REPRESENTATIVE,R,IL,14,H001059,114
2354,Pramila,JAYAPAL,REPRESENTATIVE,D,WA,N/A,J000298,115
616,Marcy,KAPTUR,REPRESENTATIVE,D,OH,8,K000009,114
2025,William,KEATING,REPRESENTATIVE,D,MA,9,K000375,114
2172,Joseph,KENNEDY,REPRESENTATIVE,D,MA,4,K000379,114
2134,Daniel,KILDEE,REPRESENTATIVE,D,MI,5,K000380,114
2228,Stephen,KNIGHT,REPRESENTATIVE,R,CA,25,K000387,114
2325,Raja,KRISHNAMOORTHI,REPRESENTATIVE,D,IL,N/A,K000391,115
2050,James,LANKFORD,SENATOR,R,OK,N/A,L000575,114
2252,Brenda,LAWRENCE,REPRESENTATIVE,D,MI,14,L000581,114
1383,Patrick,LEAHY,SENATOR,D,VT,N/A,L000174,114
1501,Barbara,LEE,REPRESENTATIVE,D,CA,13,L000551,114
683,Sander,LEVIN,REPRESENTATIVE,D,MI,9,L000263,114
701,Zoe,LOFGREN,REPRESENTATIVE,D,CA,19,L000397,114
2271,Mia,LOVE,REPRESENTATIVE,R,UT,4,L000584,114
709,Nita,LOWEY,REPRESENTATIVE,D,NY,17,L000480,114
1814,Doris,MATSUI,REPRESENTATIVE,D,CA,6,M001163,114
2334,Paul,MITCHELL,REPRESENTATIVE,R,MI,N/A,M001201,115
1676,Shelley,MOORE,SENATOR,R,WV,N/A,C001047,114
1507,Jerry,MORAN,SENATOR,R,KS,N/A,M000934,114
850,Jerrold,NADLER,REPRESENTATIVE,D,NY,10,N000002,114
2060,Kristi,NOEM,REPRESENTATIVE,R,SD,0,N000184,114
868,Eleanor,NORTON,DELEGATE,D,DC,N/A,N000147,114
887,Frank,PALLONE,REPRESENTATIVE,D,NJ,6,P000034,114
2309,Jimmy,PANETTA,REPRESENTATIVE,D,CA,N/A,P000613,115
1835,Ed,PERLMUTTER,REPRESENTATIVE,D,CO,7,P000593,114
2141,Robert,PITTENGER,REPRESENTATIVE,R,NC,9,P000606,114
2332,Jamie,RASKIN,REPRESENTATIVE,D,MD,N/A,R000606,115
968,Pat,ROBERTS,SENATOR,R,KS,N/A,R000307,114
1986,Martha,ROBY,REPRESENTATIVE,R,AL,2,R000591,114
1848,Peter,ROSKAM,REPRESENTATIVE,R,IL,6,R000580,114
2158,Keith,ROTHFUS,REPRESENTATIVE,R,PA,12,R000598,114
2084,Marco,RUBIO,SENATOR,R,FL,N/A,R000595,114
2265,Steve,RUSSELL,REPRESENTATIVE,R,OK,5,R000604,114
1757,Linda,SANCHEZ,REPRESENTATIVE,D,CA,38,S001156,114
1010,Bernard,SANDERS,SENATOR,I,VT,N/A,S000033,114
1588,Janice,SCHAKOWSKY,REPRESENTATIVE,D,IL,9,S001145,114
1036,Charles,SCHUMER,SENATOR,D,NY,N/A,S000148,114
1548,Jeff,SESSIONS,SENATOR,R,AL,N/A,S001141,114
1527,John,SHIMKUS,REPRESENTATIVE,R,IL,15,S000364,114
1069,Louise,SLAUGHTER,REPRESENTATIVE,D,NY,25,S000480,114
1890,Jackie,SPEIER,REPRESENTATIVE,D,CA,14,S001175,114
1829,Jon,TESTER,SENATOR,D,MT,N/A,T000464,114
1567,Tom,UDALL,SENATOR,D,NM,N/A,U000039,114
1184,Nydia,VELAZQUEZ,REPRESENTATIVE,D,NY,7,V000081,114
2137,Ann,WAGNER,REPRESENTATIVE,R,MO,2,W000812,114
1897,Mark,WARNER,SENATOR,D,VA,N/A,W000805,114
1823,Sheldon,WHITEHOUSE,SENATOR,D,RI,N/A,W000802,114
2165,Roger,WILLIAMS,REPRESENTATIVE,R,TX,25,W000816,114
1247,Ron,WYDEN,SENATOR,D,OR,N/A,W000779,114
2115,Ted,YOHO,REPRESENTATIVE,R,FL,3,Y000065,114
