speaker_id,first_name,last_name,type,party,state,district,bio_guide_id,congress_id
2244,Ralph,ABRAHAM,REPRESENTATIVE,R,LA,5,A000374,114
2229,Pete,AGUILAR,REPRESENTATIVE,D,CA,31,A000371,114
2311,Nanette,BARRAGAN,REPRESENTATIVE,D,CA,N/A,B001300,115
2307,Andy,BIGGS,REPRESENTATIVE,R,AZ,N/A,B001302,115
2243,Mike,BOST,REPRESENTATIVE,R,IL,12,B001295,114
2233,Ken,BUCK,REPRESENTATIVE,R,CO,4,B001297,114
,,COHEN,REPRESENTATIVE,D,TN,9,99999999999999999,114
1836,Joe,COURTNEY,REPRESENTATIVE,D,CT,2,C001069,114
2296,Warren,DAVIDSON,REPRESENTATIVE,R,OH,N/A,D000626,115
2253,Tom,EMMER,REPRESENTATIVE,R,MN,6,E000294,114
344,Eliot,ENGEL,REPRESENTATIVE,D,NY,16,E000179,114
1797,Michael,FITZPATRICK,REPRESENTATIVE,R,PA,8,F000451,114
1791,Virginia,FOXX,REPRESENTATIVE,R,NC,5,F000450,114
2226,Ruben,GALLEGO,REPRESENTATIVE,D,AZ,7,G000574,114
1801,Louie,GOHMERT,REPRESENTATIVE,R,TX,1,G000552,114
2338,Josh,GOTTHEIMER,REPRESENTATIVE,D,NJ,N/A,G000583,115
478,Luis,GUTIERREZ,REPRESENTATIVE,D,IL,4,G000535,114
2010,Colleen,HANABUSA,REPRESENTATIVE,D,HI,N/A,H001050,115
1933,Gregg,HARPER,REPRESENTATIVE,R,MS,3,H001045,114
566,Steny,HOYER,REPRESENTATIVE,D,MD,5,H000874,114
2101,Jared,HUFFMAN,REPRESENTATIVE,D,CA,2,H001068,114
2264,John,KATKO,REPRESENTATIVE,R,NY,24,K000386,114
2111,Alan,LOWENTHAL,REPRESENTATIVE,D,CA,47,L000579,114
1506,Gregory,MEEKS,REPRESENTATIVE,D,NY,5,M001137,114
2148,Grace,MENG,REPRESENTATIVE,D,NY,6,M001188,114
2309,Jimmy,PANETTA,REPRESENTATIVE,D,CA,N/A,P000613,115
1910,Jared,POLIS,REPRESENTATIVE,D,CO,2,P000598,114
2316,John,RUTHERFORD,REPRESENTATIVE,R,FL,N/A,R000609,115
,,SABLAN,DELEGATE,I,MP,N/A,99999999999999999,114
1588,Janice,SCHAKOWSKY,REPRESENTATIVE,D,IL,9,S001145,114
1526,Brad,SHERMAN,REPRESENTATIVE,D,CA,30,S000344,114
1527,John,SHIMKUS,REPRESENTATIVE,R,IL,15,S000364,114
1069,Louise,SLAUGHTER,REPRESENTATIVE,D,NY,25,S000480,114
2341,Thomas,SUOZZI,REPRESENTATIVE,D,NY,N/A,S001201,115
1856,Timothy,WALZ,REPRESENTATIVE,D,MN,1,W000799,114
1879,Peter,WELCH,REPRESENTATIVE,D,VT,0,W000800,114
2152,Brad,WENSTRUP,REPRESENTATIVE,R,OH,2,W000815,114
