speaker_id,first_name,last_name,type,party,state,district,bio_guide_id,congress_id
2239,Rick,ALLEN,REPRESENTATIVE,R,GA,12,A000372,114
2270,Brian,BABIN,REPRESENTATIVE,R,TX,36,B001291,114
1881,John,BARRASSO,SENATOR,R,WY,N/A,B001261,114
1965,Michael,BENNET,SENATOR,D,CO,N/A,B001267,114
99,Earl,BLUMENAUER,REPRESENTATIVE,D,OR,3,B000574,114
1464,Roy,BLUNT,SENATOR,R,MO,N/A,B000575,114
2194,Cory,BOOKER,SENATOR,D,NJ,N/A,B001288,114
,,BUDD,REPRESENTATIVE,R,GA,1,99999999999999999,114
1676,Shelley,CAPITO,SENATOR,R,WV,N/A,C001047,115
,,CARDIN,SENATOR,D,MD,N/A,99999999999999999,114
2356,Liz,CHENEY,REPRESENTATIVE,R,WY,N/A,C001109,115
2055,David,CICILLINE,REPRESENTATIVE,D,RI,1,C001084,114
,,COHEN,REPRESENTATIVE,D,TN,9,99999999999999999,114
1984,Christopher,COONS,SENATOR,D,DE,N/A,C001088,114
1692,John,CORNYN,SENATOR,R,TX,N/A,C001056,114
1604,Joseph,CROWLEY,REPRESENTATIVE,D,NY,14,C001038,114
1807,Henry,CUELLAR,REPRESENTATIVE,D,TX,28,C001063,114
1670,John,CULBERSON,REPRESENTATIVE,R,TX,7,C001048,114
2320,Val,DEMINGS,REPRESENTATIVE,D,FL,N/A,D000627,115
1976,Theodore,DEUTCH,REPRESENTATIVE,D,FL,21,D000610,114
2315,Neal,DUNN,REPRESENTATIVE,R,FL,N/A,D000628,115
326,Richard,DURBIN,SENATOR,D,IL,N/A,D000563,114
344,Eliot,ENGEL,REPRESENTATIVE,D,NY,16,E000179,114
2067,Blake,FARENTHOLD,REPRESENTATIVE,R,TX,27,F000460,114
2324,A.,FERGUSON,REPRESENTATIVE,R,GA,N/A,F000465,115
1791,Virginia,FOXX,REPRESENTATIVE,R,NC,5,F000450,114
2314,Matt,GAETZ,REPRESENTATIVE,R,FL,N/A,G000578,115
446,Bob,GOODLATTE,REPRESENTATIVE,R,VA,6,G000289,114
457,Chuck,GRASSLEY,SENATOR,R,IA,N/A,G000386,114
1708,Raul,GRIJALVA,REPRESENTATIVE,D,AZ,3,G000551,114
2010,Colleen,HANABUSA,REPRESENTATIVE,D,HI,N/A,H001050,115
2026,Andy,HARRIS,REPRESENTATIVE,R,MD,1,H001052,114
2032,Vicky,HARTZLER,REPRESENTATIVE,R,MO,4,H001053,114
511,Alcee,HASTINGS,REPRESENTATIVE,D,FL,20,H000324,114
1351,Orrin,HATCH,SENATOR,R,UT,N/A,H000338,114
1937,Martin,HEINRICH,SENATOR,D,NM,N/A,H001046,114
2079,John,HOEVEN,SENATOR,R,ND,N/A,H001061,114
2143,George,HOLDING,REPRESENTATIVE,R,NC,13,H001065,114
566,Steny,HOYER,REPRESENTATIVE,D,MD,5,H000874,114
2140,Richard,HUDSON,REPRESENTATIVE,R,NC,8,H001067,114
2015,Randy,HULTGREN,REPRESENTATIVE,R,IL,14,H001059,114
2354,Pramila,JAYAPAL,REPRESENTATIVE,D,WA,N/A,J000298,115
612,Walter,JONES,REPRESENTATIVE,R,NC,3,J000255,114
2176,Tim,KAINE,SENATOR,D,VA,N/A,K000384,114
616,Marcy,KAPTUR,REPRESENTATIVE,D,OH,8,K000009,114
1724,Steve,KING,REPRESENTATIVE,R,IA,4,K000362,114
1668,James,LANGEVIN,REPRESENTATIVE,D,RI,2,L000559,114
,,LATTA,REPRESENTATIVE,R,OH,5,99999999999999999,114
1383,Patrick,LEAHY,SENATOR,D,VT,N/A,L000174,114
735,Edward,MARKEY,SENATOR,D,MA,N/A,M000133,114
2328,Roger,MARSHALL,REPRESENTATIVE,R,KS,N/A,M001198,115
2130,Luke,MESSER,REPRESENTATIVE,R,IN,6,M001189,114
2334,Paul,MITCHELL,REPRESENTATIVE,R,MI,N/A,M001201,115
2246,Seth,MOULTON,REPRESENTATIVE,D,MA,6,M001196,114
850,Jerrold,NADLER,REPRESENTATIVE,D,NY,10,N000002,114
1510,Bill,PASCRELL,REPRESENTATIVE,D,NJ,9,P000096,114
1930,Erik,PAULSEN,REPRESENTATIVE,R,MN,3,P000594,114
2097,Donald,PAYNE,REPRESENTATIVE,D,NJ,10,P000604,114
905,Nancy,PELOSI,REPRESENTATIVE,D,CA,12,P000197,114
1835,Ed,PERLMUTTER,REPRESENTATIVE,D,CO,7,P000593,114
2247,Bruce,POLIQUIN,REPRESENTATIVE,R,ME,2,P000611,114
2332,Jamie,RASKIN,REPRESENTATIVE,D,MD,N/A,R000606,115
1982,Tom,REED,REPRESENTATIVE,R,NY,23,R000585,114
1986,Martha,ROBY,REPRESENTATIVE,R,AL,2,R000591,114
2288,Mike,ROUNDS,SENATOR,R,SD,N/A,R000605,115
2084,Marco,RUBIO,SENATOR,R,FL,N/A,R000595,114
2316,John,RUTHERFORD,REPRESENTATIVE,R,FL,N/A,R000609,115
2289,Ben,SASSE,SENATOR,R,NE,N/A,S001197,114
1994,David,SCHWEIKERT,REPRESENTATIVE,R,AZ,6,S001183,114
1041,F.,SENSENBRENNER,REPRESENTATIVE,R,WI,5,S000244,114
1818,Albio,SIRES,REPRESENTATIVE,D,NJ,8,S001165,114
1531,Debbie,STABENOW,SENATOR,D,MI,N/A,S000770,114
2344,Claudia,TENNEY,REPRESENTATIVE,R,NY,N/A,T000478,115
2291,Thom,TILLIS,SENATOR,R,NC,N/A,T000476,114
1997,Scott,TIPTON,REPRESENTATIVE,R,CO,3,T000470,114
1594,Patrick,TOOMEY,SENATOR,R,PA,N/A,T000461,114
1823,Sheldon,WHITEHOUSE,SENATOR,D,RI,N/A,W000802,114
1247,Ron,WYDEN,SENATOR,D,OR,N/A,W000779,114
1256,Don,YOUNG,REPRESENTATIVE,R,AK,0,Y000033,114
