speaker_id,first_name,last_name,type,party,state,district,bio_guide_id,congress_id
2311,Nanette,BARRAGAN,REPRESENTATIVE,D,CA,N/A,B001300,115
1881,John,BARRASSO,SENATOR,R,WY,N/A,B001261,114
2307,Andy,BIGGS,REPRESENTATIVE,R,AZ,N/A,B001302,115
2106,Julia,BROWN,REPRESENTATIVE,D,CA,26,B001285,114
,,CARDIN,SENATOR,D,MD,N/A,99999999999999999,114
,,CLEAVER,REPRESENTATIVE,D,MO,5,99999999999999999,114
2297,James,COMER,REPRESENTATIVE,R,KY,N/A,C001108,115
1692,John,CORNYN,SENATOR,R,TX,N/A,C001056,114
2138,Steve,DAINES,SENATOR,R,MT,N/A,D000618,114
2320,Val,DEMINGS,REPRESENTATIVE,D,FL,N/A,D000627,115
326,Richard,DURBIN,SENATOR,D,IL,N/A,D000563,114
1857,Keith,ELLISON,REPRESENTATIVE,D,MN,5,E000288,114
2298,Dwight,EVANS,REPRESENTATIVE,D,PA,N/A,E000296,115
2067,Blake,FARENTHOLD,REPRESENTATIVE,R,TX,27,F000460,114
1797,Michael,FITZPATRICK,REPRESENTATIVE,R,PA,8,F000451,114
1791,Virginia,FOXX,REPRESENTATIVE,R,NC,5,F000450,114
1895,Marcia,FUDGE,REPRESENTATIVE,D,OH,11,F000455,114
2314,Matt,GAETZ,REPRESENTATIVE,R,FL,N/A,G000578,115
1801,Louie,GOHMERT,REPRESENTATIVE,R,TX,1,G000552,114
1351,Orrin,HATCH,SENATOR,R,UT,N/A,H000338,114
2040,Joseph,HECK,REPRESENTATIVE,R,NV,3,H001055,114
2101,Jared,HUFFMAN,REPRESENTATIVE,D,CA,2,H001068,114
2149,Hakeem,JEFFRIES,REPRESENTATIVE,D,NY,8,J000294,114
616,Marcy,KAPTUR,REPRESENTATIVE,D,OH,8,K000009,114
2340,Ruben,KIHUEN,REPRESENTATIVE,D,NV,N/A,K000390,115
2134,Daniel,KILDEE,REPRESENTATIVE,D,MI,5,K000380,114
1826,Amy,KLOBUCHAR,SENATOR,D,MN,N/A,K000367,114
2325,Raja,KRISHNAMOORTHI,REPRESENTATIVE,D,IL,N/A,K000391,115
1834,Doug,LAMBORN,REPRESENTATIVE,R,CO,5,L000564,114
1501,Barbara,LEE,REPRESENTATIVE,D,CA,13,L000551,114
2328,Roger,MARSHALL,REPRESENTATIVE,R,KS,N/A,M001198,115
1955,Pete,OLSON,REPRESENTATIVE,R,TX,22,O000168,114
1930,Erik,PAULSEN,REPRESENTATIVE,R,MN,3,P000594,114
2097,Donald,PAYNE,REPRESENTATIVE,D,NJ,10,P000604,114
1835,Ed,PERLMUTTER,REPRESENTATIVE,D,CO,7,P000593,114
2113,Scott,PETERS,REPRESENTATIVE,D,CA,52,P000608,114
2247,Bruce,POLIQUIN,REPRESENTATIVE,R,ME,2,P000611,114
2158,Keith,ROTHFUS,REPRESENTATIVE,R,PA,12,R000598,114
2084,Marco,RUBIO,SENATOR,R,FL,N/A,R000595,114
1588,Janice,SCHAKOWSKY,REPRESENTATIVE,D,IL,9,S001145,114
2124,Bradley,SCHNEIDER,REPRESENTATIVE,D,IL,N/A,S001190,115
1036,Charles,SCHUMER,SENATOR,D,NY,N/A,S000148,114
2099,Kyrsten,SINEMA,REPRESENTATIVE,D,AZ,9,S001191,114
1069,Louise,SLAUGHTER,REPRESENTATIVE,D,NY,25,S000480,114
2290,Dan,SULLIVAN,SENATOR,R,AK,N/A,S001198,114
2110,Mark,TAKANO,REPRESENTATIVE,D,CA,41,T000472,114
1534,John,THUNE,SENATOR,R,SD,N/A,T000250,114
1997,Scott,TIPTON,REPRESENTATIVE,R,CO,3,T000470,114
1942,Paul,TONKO,REPRESENTATIVE,D,NY,20,T000469,114
2250,David,TROTT,REPRESENTATIVE,R,MI,11,T000475,114
1184,Nydia,VELAZQUEZ,REPRESENTATIVE,D,NY,7,V000081,114
1226,Roger,WICKER,SENATOR,R,MS,N/A,W000437,114
2261,Lee,ZELDIN,REPRESENTATIVE,R,NY,1,Z000017,114
