speaker_id,first_name,last_name,type,party,state,district,bio_guide_id,congress_id
2350,Jodey,ARRINGTON,REPRESENTATIVE,R,TX,N/A,A000375,115
1558,Tammy,BALDWIN,SENATOR,D,WI,N/A,B001230,114
2238,Barry,BARR,REPRESENTATIVE,R,GA,11,L000583,114
2092,Suzanne,BONAMICI,REPRESENTATIVE,D,OR,1,B001278,114
2243,Mike,BOST,REPRESENTATIVE,R,IL,12,B001295,114
2106,Julia,BROWN,REPRESENTATIVE,D,CA,26,B001285,114
2233,Ken,BUCK,REPRESENTATIVE,R,CO,4,B001297,114
1761,G.,BUTTERFIELD,REPRESENTATIVE,D,NC,1,B001251,114
,,CARDIN,SENATOR,D,MD,N/A,99999999999999999,114
179,Thomas,CARPER,SENATOR,D,DE,N/A,C000174,114
186,Steve,CHABOT,REPRESENTATIVE,R,OH,1,C000266,114
2055,David,CICILLINE,REPRESENTATIVE,D,RI,1,C001084,114
1654,Wm.,CLAY,REPRESENTATIVE,D,MO,1,C001049,114
2297,James,COMER,REPRESENTATIVE,R,KY,N/A,C001108,115
2273,Barbara,COMSTOCK,REPRESENTATIVE,R,VA,10,C001105,114
1959,Gerald,CONNOLLY,REPRESENTATIVE,D,VA,11,C001078,114
1984,Christopher,COONS,SENATOR,D,DE,N/A,C001088,114
1692,John,CORNYN,SENATOR,R,TX,N/A,C001056,114
2312,J.,CORREA,REPRESENTATIVE,D,CA,N/A,C001110,115
2320,Val,DEMINGS,REPRESENTATIVE,D,FL,N/A,D000627,115
1976,Theodore,DEUTCH,REPRESENTATIVE,D,FL,21,D000610,114
326,Richard,DURBIN,SENATOR,D,IL,N/A,D000563,114
2253,Tom,EMMER,REPRESENTATIVE,R,MN,6,E000294,114
1332,Dianne,FEINSTEIN,SENATOR,D,CA,N/A,F000062,114
2179,Deb,FISCHER,SENATOR,R,NE,N/A,F000463,114
1797,Michael,FITZPATRICK,REPRESENTATIVE,R,PA,8,F000451,114
1633,Jeff,FLAKE,SENATOR,R,AZ,N/A,F000444,114
1791,Virginia,FOXX,REPRESENTATIVE,R,NC,5,F000450,114
1895,Marcia,FUDGE,REPRESENTATIVE,D,OH,11,F000455,114
2122,Tulsi,GABBARD,REPRESENTATIVE,D,HI,2,G000571,114
1801,Louie,GOHMERT,REPRESENTATIVE,R,TX,1,G000552,114
446,Bob,GOODLATTE,REPRESENTATIVE,R,VA,6,G000289,114
478,Luis,GUTIERREZ,REPRESENTATIVE,D,IL,4,G000535,114
2026,Andy,HARRIS,REPRESENTATIVE,R,MD,1,H001052,114
2032,Vicky,HARTZLER,REPRESENTATIVE,R,MO,4,H001053,114
2174,Heidi,HEITKAMP,SENATOR,D,ND,N/A,H001069,114
1863,Dean,HELLER,SENATOR,R,NV,N/A,H001041,114
1749,Jeb,HENSARLING,REPRESENTATIVE,R,TX,5,H001036,114
1844,Mazie,HIRONO,SENATOR,D,HI,N/A,H001042,114
566,Steny,HOYER,REPRESENTATIVE,D,MD,5,H000874,114
2028,Bill,HUIZENGA,REPRESENTATIVE,R,MI,2,H001058,114
583,James,INHOFE,SENATOR,R,OK,N/A,I000024,114
1640,Darrell,ISSA,REPRESENTATIVE,R,CA,49,I000056,114
2149,Hakeem,JEFFRIES,REPRESENTATIVE,D,NY,8,J000294,114
616,Marcy,KAPTUR,REPRESENTATIVE,D,OH,8,K000009,114
2340,Ruben,KIHUEN,REPRESENTATIVE,D,NV,N/A,K000390,115
1724,Steve,KING,REPRESENTATIVE,R,IA,4,K000362,114
1826,Amy,KLOBUCHAR,SENATOR,D,MN,N/A,K000367,114
1501,Barbara,LEE,REPRESENTATIVE,D,CA,13,L000551,114
683,Sander,LEVIN,REPRESENTATIVE,D,MI,9,L000263,114
2238,Barry,LOUDERMILK,REPRESENTATIVE,R,GA,11,L000583,114
711,Frank,LUCAS,REPRESENTATIVE,R,OK,3,L000491,114
1931,Blaine,LUETKEMEYER,REPRESENTATIVE,R,MO,3,L000569,114
735,Edward,MARKEY,SENATOR,D,MA,N/A,M000133,114
1814,Doris,MATSUI,REPRESENTATIVE,D,CA,6,M001163,114
1506,Gregory,MEEKS,REPRESENTATIVE,D,NY,5,M001137,114
791,Robert,MENENDEZ,SENATOR,D,NJ,N/A,M000639,114
1900,Jeff,MERKLEY,SENATOR,D,OR,N/A,M001176,114
1676,Shelley,MOORE,SENATOR,R,WV,N/A,C001047,114
1837,Christopher,MURPHY,SENATOR,D,CT,N/A,M001169,114
850,Jerrold,NADLER,REPRESENTATIVE,D,NY,10,N000002,114
859,Bill,NELSON,SENATOR,D,FL,N/A,N000032,114
2275,Dan,NEWHOUSE,REPRESENTATIVE,R,WA,4,N000189,114
2361,Ralph,NORMAN,REPRESENTATIVE,R,SC,N/A,N000190,115
1955,Pete,OLSON,REPRESENTATIVE,R,TX,22,O000168,114
2035,Steven,PALAZZO,REPRESENTATIVE,R,MS,4,P000601,114
2309,Jimmy,PANETTA,REPRESENTATIVE,D,CA,N/A,P000613,115
1930,Erik,PAULSEN,REPRESENTATIVE,R,MN,3,P000594,114
2097,Donald,PAYNE,REPRESENTATIVE,D,NJ,10,P000604,114
905,Nancy,PELOSI,REPRESENTATIVE,D,CA,12,P000197,114
2286,David,PERDUE,SENATOR,R,GA,N/A,P000612,114
1910,Jared,POLIS,REPRESENTATIVE,D,CO,2,P000598,114
924,Rob,PORTMAN,SENATOR,R,OH,N/A,P000449,114
1982,Tom,REED,REPRESENTATIVE,R,NY,23,R000585,114
2158,Keith,ROTHFUS,REPRESENTATIVE,R,PA,12,R000598,114
2288,Mike,ROUNDS,SENATOR,R,SD,N/A,R000605,115
2316,John,RUTHERFORD,REPRESENTATIVE,R,FL,N/A,R000609,115
1757,Linda,SANCHEZ,REPRESENTATIVE,D,CA,38,S001156,114
1010,Bernard,SANDERS,SENATOR,I,VT,N/A,S000033,114
1588,Janice,SCHAKOWSKY,REPRESENTATIVE,D,IL,9,S001145,114
2173,Brian,SCHATZ,SENATOR,D,HI,N/A,S001194,114
2124,Bradley,SCHNEIDER,REPRESENTATIVE,D,IL,N/A,S001190,115
1036,Charles,SCHUMER,SENATOR,D,NY,N/A,S000148,114
2319,Darren,SOTO,REPRESENTATIVE,D,FL,N/A,S001200,115
1890,Jackie,SPEIER,REPRESENTATIVE,D,CA,14,S001175,114
2047,Steve,STIVERS,REPRESENTATIVE,R,OH,15,S001187,114
2110,Mark,TAKANO,REPRESENTATIVE,D,CA,41,T000472,114
2344,Claudia,TENNEY,REPRESENTATIVE,R,NY,N/A,T000478,115
1829,Jon,TESTER,SENATOR,D,MT,N/A,T000464,114
1997,Scott,TIPTON,REPRESENTATIVE,R,CO,3,T000470,114
1942,Paul,TONKO,REPRESENTATIVE,D,NY,20,T000469,114
1567,Tom,UDALL,SENATOR,D,NM,N/A,U000039,114
1184,Nydia,VELAZQUEZ,REPRESENTATIVE,D,NY,7,V000081,114
2137,Ann,WAGNER,REPRESENTATIVE,R,MO,2,W000812,114
2182,Elizabeth,WARREN,SENATOR,D,MA,N/A,W000817,114
2224,Bruce,WESTERMAN,REPRESENTATIVE,R,AR,4,W000821,114
1823,Sheldon,WHITEHOUSE,SENATOR,D,RI,N/A,W000802,114
2165,Roger,WILLIAMS,REPRESENTATIVE,R,TX,25,W000816,114
