speaker_id,first_name,last_name,type,party,state,district,bio_guide_id,congress_id
1881,John,BARRASSO,SENATOR,R,WY,N/A,B001261,114
2153,Joyce,BEATTY,REPRESENTATIVE,D,OH,3,B001281,114
2076,Richard,BLUMENTHAL,SENATOR,D,CT,N/A,B001277,114
1464,Roy,BLUNT,SENATOR,R,MO,N/A,B000575,114
2194,Cory,BOOKER,SENATOR,D,NJ,N/A,B001288,114
1687,John,BOOZMAN,SENATOR,R,AR,N/A,B001236,114
1925,Bill,CASSIDY,SENATOR,R,LA,N/A,C001075,114
1692,John,CORNYN,SENATOR,R,TX,N/A,C001056,114
2144,Kevin,CRAMER,REPRESENTATIVE,R,ND,0,C001096,114
2138,Steve,DAINES,SENATOR,R,MT,N/A,D000618,114
326,Richard,DURBIN,SENATOR,D,IL,N/A,D000563,114
2298,Dwight,EVANS,REPRESENTATIVE,D,PA,N/A,E000296,115
1633,Jeff,FLAKE,SENATOR,R,AZ,N/A,F000444,114
1998,Cory,GARDNER,SENATOR,R,CO,N/A,G000562,115
2040,Joseph,HECK,REPRESENTATIVE,R,NV,3,H001055,114
1608,Johnny,ISAKSON,SENATOR,R,GA,N/A,I000055,114
2354,Pramila,JAYAPAL,REPRESENTATIVE,D,WA,N/A,J000298,115
1826,Amy,KLOBUCHAR,SENATOR,D,MN,N/A,K000367,114
2325,Raja,KRISHNAMOORTHI,REPRESENTATIVE,D,IL,N/A,K000391,115
1501,Barbara,LEE,REPRESENTATIVE,D,CA,13,L000551,114
791,Robert,MENENDEZ,SENATOR,D,NJ,N/A,M000639,114
859,Bill,NELSON,SENATOR,D,FL,N/A,N000032,114
1955,Pete,OLSON,REPRESENTATIVE,R,TX,22,O000168,114
1930,Erik,PAULSEN,REPRESENTATIVE,R,MN,3,P000594,114
2097,Donald,PAYNE,REPRESENTATIVE,D,NJ,10,P000604,114
1982,Tom,REED,REPRESENTATIVE,R,NY,23,R000585,114
2023,Cedric,RICHMOND,REPRESENTATIVE,D,LA,2,R000588,114
2084,Marco,RUBIO,SENATOR,R,FL,N/A,R000595,114
1010,Bernard,SANDERS,SENATOR,I,VT,N/A,S000033,114
1036,Charles,SCHUMER,SENATOR,D,NY,N/A,S000148,114
2290,Dan,SULLIVAN,SENATOR,R,AK,N/A,S001198,114
2344,Claudia,TENNEY,REPRESENTATIVE,R,NY,N/A,T000478,115
2291,Thom,TILLIS,SENATOR,R,NC,N/A,T000476,114
