speaker_id,first_name,last_name,type,party,state,district,bio_guide_id,congress_id
1695,Lamar,ALEXANDER,SENATOR,R,TN,N/A,A000360,114
2350,Jodey,ARRINGTON,REPRESENTATIVE,R,TX,N/A,A000375,115
2238,Barry,BARR,REPRESENTATIVE,R,GA,11,L000583,114
2333,Jack,BERGMAN,REPRESENTATIVE,R,MI,N/A,B001301,115
1838,Gus,BILIRAKIS,REPRESENTATIVE,R,FL,12,B001257,114
1748,Marsha,BLACKBURN,REPRESENTATIVE,R,TN,7,B001243,114
2076,Richard,BLUM,SENATOR,D,CT,N/A,B001277,114
99,Earl,BLUMENAUER,REPRESENTATIVE,D,OR,3,B000574,114
2076,Richard,BLUMENTHAL,SENATOR,D,CT,N/A,B001277,114
2243,Mike,BOST,REPRESENTATIVE,R,IL,12,B001295,114
2106,Julia,BROWN,REPRESENTATIVE,D,CA,26,B001285,114
2233,Ken,BUCK,REPRESENTATIVE,R,CO,4,B001297,114
,,BUDD,REPRESENTATIVE,R,GA,1,99999999999999999,114
2310,Salud,CARBAJAL,REPRESENTATIVE,D,CA,N/A,C001112,115
2159,Matt,CARTWRIGHT,REPRESENTATIVE,D,PA,17,C001090,114
186,Steve,CHABOT,REPRESENTATIVE,R,OH,1,C000266,114
1959,Gerald,CONNOLLY,REPRESENTATIVE,D,VA,11,C001078,114
1825,Bob,CORKER,SENATOR,R,TN,N/A,C001071,114
1692,John,CORNYN,SENATOR,R,TX,N/A,C001056,114
250,Mike,CRAPO,SENATOR,R,ID,N/A,C000880,114
1604,Joseph,CROWLEY,REPRESENTATIVE,D,NY,14,C001038,114
2138,Steve,DAINES,SENATOR,R,MT,N/A,D000618,114
1976,Theodore,DEUTCH,REPRESENTATIVE,D,FL,21,D000610,114
1850,Joe,DONNELLY,SENATOR,D,IN,N/A,D000607,114
326,Richard,DURBIN,SENATOR,D,IL,N/A,D000563,114
2253,Tom,EMMER,REPRESENTATIVE,R,MN,6,E000294,114
355,Anna,ESHOO,REPRESENTATIVE,D,CA,18,E000215,114
1797,Michael,FITZPATRICK,REPRESENTATIVE,R,PA,8,F000451,114
1633,Jeff,FLAKE,SENATOR,R,AZ,N/A,F000444,114
2314,Matt,GAETZ,REPRESENTATIVE,R,FL,N/A,G000578,115
1973,John,GARAMENDI,REPRESENTATIVE,D,CA,3,G000559,114
2359,Greg,GIANFORTE,REPRESENTATIVE,R,MT,N/A,G000584,115
2338,Josh,GOTTHEIMER,REPRESENTATIVE,D,NJ,N/A,G000583,115
478,Luis,GUTIERREZ,REPRESENTATIVE,D,IL,4,G000535,114
2174,Heidi,HEITKAMP,SENATOR,D,ND,N/A,H001069,114
1863,Dean,HELLER,SENATOR,R,NV,N/A,H001041,114
1749,Jeb,HENSARLING,REPRESENTATIVE,R,TX,5,H001036,114
2015,Randy,HULTGREN,REPRESENTATIVE,R,IL,14,H001059,114
2149,Hakeem,JEFFRIES,REPRESENTATIVE,D,NY,8,J000294,114
2172,Joseph,KENNEDY,REPRESENTATIVE,D,MA,4,K000379,114
2134,Daniel,KILDEE,REPRESENTATIVE,D,MI,5,K000380,114
1724,Steve,KING,REPRESENTATIVE,R,IA,4,K000362,114
2014,Adam,KINZINGER,REPRESENTATIVE,R,IL,16,K000378,114
1826,Amy,KLOBUCHAR,SENATOR,D,MN,N/A,K000367,114
1834,Doug,LAMBORN,REPRESENTATIVE,R,CO,5,L000564,114
1936,Leonard,LANCE,REPRESENTATIVE,R,NJ,7,L000567,114
2050,James,LANKFORD,SENATOR,R,OK,N/A,L000575,114
99999999999999,First Name unavailable,LEUTKEMEYER,Type Unavailable,Party Info Unavailable,state info unavailable,District Unavailable,BioGuideID unavailable,CongressID unavailable
1846,David,LOEBSACK,REPRESENTATIVE,D,IA,2,L000565,114
2238,Barry,LOUDERMILK,REPRESENTATIVE,R,GA,11,L000583,114
1931,Blaine,LUETKEMEYER,REPRESENTATIVE,R,MO,3,L000569,114
1983,Joe,MANCHIN,SENATOR,D,WV,N/A,M001183,114
1814,Doris,MATSUI,REPRESENTATIVE,D,CA,6,M001163,114
791,Robert,MENENDEZ,SENATOR,D,NJ,N/A,M000639,114
2334,Paul,MITCHELL,REPRESENTATIVE,R,MI,N/A,M001201,115
1507,Jerry,MORAN,SENATOR,R,KS,N/A,M000934,114
859,Bill,NELSON,SENATOR,D,FL,N/A,N000032,114
868,Eleanor,NORTON,DELEGATE,D,DC,N/A,N000147,114
887,Frank,PALLONE,REPRESENTATIVE,D,NJ,6,P000034,114
1930,Erik,PAULSEN,REPRESENTATIVE,R,MN,3,P000594,114
2097,Donald,PAYNE,REPRESENTATIVE,D,NJ,10,P000604,114
2286,David,PERDUE,SENATOR,R,GA,N/A,P000612,114
924,Rob,PORTMAN,SENATOR,R,OH,N/A,P000449,114
1967,Mike,QUIGLEY,REPRESENTATIVE,D,IL,5,Q000023,114
1986,Martha,ROBY,REPRESENTATIVE,R,AL,2,R000591,114
1848,Peter,ROSKAM,REPRESENTATIVE,R,IL,6,R000580,114
2158,Keith,ROTHFUS,REPRESENTATIVE,R,PA,12,R000598,114
2084,Marco,RUBIO,SENATOR,R,FL,N/A,R000595,114
2109,Raul,RUIZ,REPRESENTATIVE,D,CA,36,R000599,114
1010,Bernard,SANDERS,SENATOR,I,VT,N/A,S000033,114
1892,Steve,SCALISE,REPRESENTATIVE,R,LA,1,S001176,114
1036,Charles,SCHUMER,SENATOR,D,NY,N/A,S000148,114
1527,John,SHIMKUS,REPRESENTATIVE,R,IL,15,S000364,114
2099,Kyrsten,SINEMA,REPRESENTATIVE,D,AZ,9,S001191,114
2319,Darren,SOTO,REPRESENTATIVE,D,FL,N/A,S001200,115
2263,Elise,STEFANIK,REPRESENTATIVE,R,NY,21,S001196,114
1829,Jon,TESTER,SENATOR,D,MT,N/A,T000464,114
1534,John,THUNE,SENATOR,R,SD,N/A,T000250,114
1997,Scott,TIPTON,REPRESENTATIVE,R,CO,3,T000470,114
1177,Fred,UPTON,REPRESENTATIVE,R,MI,6,U000031,114
1855,Tim,WALBERG,REPRESENTATIVE,R,MI,7,W000798,114
1596,Greg,WALDEN,REPRESENTATIVE,R,OR,2,W000791,114
1897,Mark,WARNER,SENATOR,D,VA,N/A,W000805,114
2182,Elizabeth,WARREN,SENATOR,D,MA,N/A,W000817,114
1823,Sheldon,WHITEHOUSE,SENATOR,D,RI,N/A,W000802,114
1247,Ron,WYDEN,SENATOR,D,OR,N/A,W000779,114
2115,Ted,YOHO,REPRESENTATIVE,R,FL,3,Y000065,114
