speaker_id,first_name,last_name,type,party,state,district,bio_guide_id,congress_id
1695,Lamar,ALEXANDER,SENATOR,R,TN,N/A,A000360,114
1558,Tammy,BALDWIN,SENATOR,D,WI,N/A,B001230,114
1881,John,BARRASSO,SENATOR,R,WY,N/A,B001261,114
1464,Roy,BLUNT,SENATOR,R,MO,N/A,B000575,114
2194,Cory,BOOKER,SENATOR,D,NJ,N/A,B001288,114
1687,John,BOOZMAN,SENATOR,R,AR,N/A,B001236,114
2106,Julia,BROWN,REPRESENTATIVE,D,CA,26,B001285,114
1676,Shelley,CAPITO,SENATOR,R,WV,N/A,C001047,115
,,CARDIN,SENATOR,D,MD,N/A,99999999999999999,114
1692,John,CORNYN,SENATOR,R,TX,N/A,C001056,114
2098,Tom,COTTON,SENATOR,R,AR,N/A,C001095,114
326,Richard,DURBIN,SENATOR,D,IL,N/A,D000563,114
1998,Cory,GARDNER,SENATOR,R,CO,N/A,G000562,115
1724,Steve,KING,REPRESENTATIVE,R,IA,4,K000362,114
2050,James,LANKFORD,SENATOR,R,OK,N/A,L000575,114
1409,Patty,MURRAY,SENATOR,D,WA,N/A,M001111,114
2286,David,PERDUE,SENATOR,R,GA,N/A,P000612,114
2113,Scott,PETERS,REPRESENTATIVE,D,CA,52,P000608,114
924,Rob,PORTMAN,SENATOR,R,OH,N/A,P000449,114
1036,Charles,SCHUMER,SENATOR,D,NY,N/A,S000148,114
2113,Scott,SCOTT,REPRESENTATIVE,D,CA,52,P000608,114
2290,Dan,SULLIVAN,SENATOR,R,AK,N/A,S001198,114
1534,John,THUNE,SENATOR,R,SD,N/A,T000250,114
1594,Patrick,TOOMEY,SENATOR,R,PA,N/A,T000461,114
1823,Sheldon,WHITEHOUSE,SENATOR,D,RI,N/A,W000802,114
1247,Ron,WYDEN,SENATOR,D,OR,N/A,W000779,114
