speaker_id,first_name,last_name,type,party,state,district,bio_guide_id,congress_id
1881,John,BARRASSO,SENATOR,R,WY,N/A,B001261,114
1965,Michael,BENNET,SENATOR,D,CO,N/A,B001267,114
2106,Julia,BROWN,REPRESENTATIVE,D,CA,26,B001285,114
1761,G.,BUTTERFIELD,REPRESENTATIVE,D,NC,1,B001251,114
1676,Shelley,CAPITO,SENATOR,R,WV,N/A,C001047,115
,,CARDIN,SENATOR,D,MD,N/A,99999999999999999,114
1825,Bob,CORKER,SENATOR,R,TN,N/A,C001071,114
1692,John,CORNYN,SENATOR,R,TX,N/A,C001056,114
1836,Joe,COURTNEY,REPRESENTATIVE,D,CT,2,C001069,114
250,Mike,CRAPO,SENATOR,R,ID,N/A,C000880,114
2138,Steve,DAINES,SENATOR,R,MT,N/A,D000618,114
326,Richard,DURBIN,SENATOR,D,IL,N/A,D000563,114
1332,Dianne,FEINSTEIN,SENATOR,D,CA,N/A,F000062,114
1797,Michael,FITZPATRICK,REPRESENTATIVE,R,PA,8,F000451,114
1633,Jeff,FLAKE,SENATOR,R,AZ,N/A,F000444,114
457,Chuck,GRASSLEY,SENATOR,R,IA,N/A,G000386,114
1351,Orrin,HATCH,SENATOR,R,UT,N/A,H000338,114
2174,Heidi,HEITKAMP,SENATOR,D,ND,N/A,H001069,114
2079,John,HOEVEN,SENATOR,R,ND,N/A,H001061,114
583,James,INHOFE,SENATOR,R,OK,N/A,I000024,114
1608,Johnny,ISAKSON,SENATOR,R,GA,N/A,I000055,114
1826,Amy,KLOBUCHAR,SENATOR,D,MN,N/A,K000367,114
2050,James,LANKFORD,SENATOR,R,OK,N/A,L000575,114
1501,Barbara,LEE,REPRESENTATIVE,D,CA,13,L000551,114
1983,Joe,MANCHIN,SENATOR,D,WV,N/A,M001183,114
791,Robert,MENENDEZ,SENATOR,D,NJ,N/A,M000639,114
1900,Jeff,MERKLEY,SENATOR,D,OR,N/A,M001176,114
2334,Paul,MITCHELL,REPRESENTATIVE,R,MI,N/A,M001201,115
1694,Lisa,MURKOWSKI,SENATOR,R,AK,N/A,M001153,114
859,Bill,NELSON,SENATOR,D,FL,N/A,N000032,114
2113,Scott,PETERS,REPRESENTATIVE,D,CA,52,P000608,114
2173,Brian,SCHATZ,SENATOR,D,HI,N/A,S001194,114
1036,Charles,SCHUMER,SENATOR,D,NY,N/A,S000148,114
2113,Scott,SCOTT,REPRESENTATIVE,D,CA,52,P000608,114
2290,Dan,SULLIVAN,SENATOR,R,AK,N/A,S001198,114
1829,Jon,TESTER,SENATOR,D,MT,N/A,T000464,114
2182,Elizabeth,WARREN,SENATOR,D,MA,N/A,W000817,114
1823,Sheldon,WHITEHOUSE,SENATOR,D,RI,N/A,W000802,114
1226,Roger,WICKER,SENATOR,R,MS,N/A,W000437,114
1247,Ron,WYDEN,SENATOR,D,OR,N/A,W000779,114
