speaker_id,first_name,last_name,type,party,state,district,bio_guide_id,congress_id
2244,Ralph,ABRAHAM,REPRESENTATIVE,R,LA,5,A000374,114
2350,Jodey,ARRINGTON,REPRESENTATIVE,R,TX,N/A,A000375,115
62,Joe,BARTON,REPRESENTATIVE,R,TX,6,B000213,114
2153,Joyce,BEATTY,REPRESENTATIVE,D,OH,3,B001281,114
2333,Jack,BERGMAN,REPRESENTATIVE,R,MI,N/A,B001301,115
2063,Diane,BLACK,REPRESENTATIVE,R,TN,6,B001273,114
99,Earl,BLUMENAUER,REPRESENTATIVE,D,OR,3,B000574,114
2076,Richard,BLUMENTHAL,SENATOR,D,CT,N/A,B001277,114
2018,Larry,BUCSHON,REPRESENTATIVE,R,IN,8,B001275,114
1751,Michael,BURGESS,REPRESENTATIVE,R,TX,26,B001248,114
1761,G.,BUTTERFIELD,REPRESENTATIVE,D,NC,1,B001251,114
2197,Bradley,BYRNE,REPRESENTATIVE,R,AL,1,B001289,114
2310,Salud,CARBAJAL,REPRESENTATIVE,D,CA,N/A,C001112,115
2107,Tony,CARDENAS,REPRESENTATIVE,D,CA,29,C001097,114
,,CARDIN,SENATOR,D,MD,N/A,99999999999999999,114
1828,Robert,CASEY,SENATOR,D,PA,N/A,C001070,114
2356,Liz,CHENEY,REPRESENTATIVE,R,WY,N/A,C001109,115
2055,David,CICILLINE,REPRESENTATIVE,D,RI,1,C001084,114
,,COHEN,REPRESENTATIVE,D,TN,9,99999999999999999,114
2259,Bonnie,COLE,REPRESENTATIVE,D,NJ,12,W000822,114
1805,K.,CONAWAY,REPRESENTATIVE,R,TX,11,C001062,114
1959,Gerald,CONNOLLY,REPRESENTATIVE,D,VA,11,C001078,114
229,John,CONYERS,REPRESENTATIVE,D,MI,13,C000714,114
1692,John,CORNYN,SENATOR,R,TX,N/A,C001056,114
1836,Joe,COURTNEY,REPRESENTATIVE,D,CT,2,C001069,114
2321,Charlie,CRIST,REPRESENTATIVE,D,FL,N/A,C001111,115
1604,Joseph,CROWLEY,REPRESENTATIVE,D,NY,14,C001038,114
2138,Steve,DAINES,SENATOR,R,MT,N/A,D000618,114
2251,Debbie,DINGELL,REPRESENTATIVE,D,MI,12,D000624,114
303,Lloyd,DOGGETT,REPRESENTATIVE,D,TX,35,D000399,114
2315,Neal,DUNN,REPRESENTATIVE,R,FL,N/A,D000628,115
326,Richard,DURBIN,SENATOR,D,IL,N/A,D000563,114
344,Eliot,ENGEL,REPRESENTATIVE,D,NY,16,E000179,114
355,Anna,ESHOO,REPRESENTATIVE,D,CA,18,E000215,114
2343,John,FASO,REPRESENTATIVE,R,NY,N/A,F000464,115
,,FLORES,REPRESENTATIVE,R,TX,17,99999999999999999,114
1791,Virginia,FOXX,REPRESENTATIVE,R,NC,5,F000450,114
1969,Al,FRANKEN,SENATOR,D,MN,N/A,F000457,114
1895,Marcia,FUDGE,REPRESENTATIVE,D,OH,11,F000455,114
2122,Tulsi,GABBARD,REPRESENTATIVE,D,HI,2,G000571,114
2314,Matt,GAETZ,REPRESENTATIVE,R,FL,N/A,G000578,115
446,Bob,GOODLATTE,REPRESENTATIVE,R,VA,6,G000289,114
2276,Glenn,GROTHMAN,REPRESENTATIVE,R,WI,6,G000576,114
1922,Brett,GUTHRIE,REPRESENTATIVE,R,KY,2,G000558,114
1933,Gregg,HARPER,REPRESENTATIVE,R,MS,3,H001045,114
2026,Andy,HARRIS,REPRESENTATIVE,R,MD,1,H001052,114
2302,Margaret,HASSAN,SENATOR,D,NH,N/A,H001076,115
511,Alcee,HASTINGS,REPRESENTATIVE,D,FL,20,H000324,114
1351,Orrin,HATCH,SENATOR,R,UT,N/A,H000338,114
1749,Jeb,HENSARLING,REPRESENTATIVE,R,TX,5,H001036,114
2028,Bill,HUIZENGA,REPRESENTATIVE,R,MI,2,H001058,114
2354,Pramila,JAYAPAL,REPRESENTATIVE,D,WA,N/A,J000298,115
2149,Hakeem,JEFFRIES,REPRESENTATIVE,D,NY,8,J000294,114
616,Marcy,KAPTUR,REPRESENTATIVE,D,OH,8,K000009,114
2172,Joseph,KENNEDY,REPRESENTATIVE,D,MA,4,K000379,114
2134,Daniel,KILDEE,REPRESENTATIVE,D,MI,5,K000380,114
1498,Ron,KIND,REPRESENTATIVE,D,WI,3,K000188,114
1668,James,LANGEVIN,REPRESENTATIVE,D,RI,2,L000559,114
1383,Patrick,LEAHY,SENATOR,D,VT,N/A,L000174,114
1501,Barbara,LEE,REPRESENTATIVE,D,CA,13,L000551,114
683,Sander,LEVIN,REPRESENTATIVE,D,MI,9,L000263,114
1846,David,LOEBSACK,REPRESENTATIVE,D,IA,2,L000565,114
701,Zoe,LOFGREN,REPRESENTATIVE,D,CA,19,L000397,114
1686,Stephen,LYNCH,REPRESENTATIVE,D,MA,8,L000562,114
735,Edward,MARKEY,SENATOR,D,MA,N/A,M000133,114
2328,Roger,MARSHALL,REPRESENTATIVE,R,KS,N/A,M001198,115
1814,Doris,MATSUI,REPRESENTATIVE,D,CA,6,M001163,114
2130,Luke,MESSER,REPRESENTATIVE,R,IN,6,M001189,114
2246,Seth,MOULTON,REPRESENTATIVE,D,MA,6,M001196,114
1837,Christopher,MURPHY,SENATOR,D,CT,N/A,M001169,114
1409,Patty,MURRAY,SENATOR,D,WA,N/A,M001111,114
850,Jerrold,NADLER,REPRESENTATIVE,D,NY,10,N000002,114
854,Richard,NEAL,REPRESENTATIVE,D,MA,1,N000015,114
2275,Dan,NEWHOUSE,REPRESENTATIVE,R,WA,4,N000189,114
2060,Kristi,NOEM,REPRESENTATIVE,R,SD,0,N000184,114
1955,Pete,OLSON,REPRESENTATIVE,R,TX,22,O000168,114
887,Frank,PALLONE,REPRESENTATIVE,D,NJ,6,P000034,114
2309,Jimmy,PANETTA,REPRESENTATIVE,D,CA,N/A,P000613,115
1510,Bill,PASCRELL,REPRESENTATIVE,D,NJ,9,P000096,114
1930,Erik,PAULSEN,REPRESENTATIVE,R,MN,3,P000594,114
1835,Ed,PERLMUTTER,REPRESENTATIVE,D,CO,7,P000593,114
2113,Scott,PETERS,REPRESENTATIVE,D,CA,52,P000608,114
1910,Jared,POLIS,REPRESENTATIVE,D,CO,2,P000598,114
1982,Tom,REED,REPRESENTATIVE,R,NY,23,R000585,114
2017,Todd,ROKITA,REPRESENTATIVE,R,IN,4,R000592,114
99999999999999,First Name unavailable,ROUNDS,Type Unavailable,Party Info Unavailable,state info unavailable,District Unavailable,BioGuideID unavailable,CongressID unavailable
2109,Raul,RUIZ,REPRESENTATIVE,D,CA,36,R000599,114
,,SABLAN,DELEGATE,I,MP,N/A,99999999999999999,114
1757,Linda,SANCHEZ,REPRESENTATIVE,D,CA,38,S001156,114
91,Sanford,SANFORD,REPRESENTATIVE,D,GA,2,B000490,114
1854,John,SARBANES,REPRESENTATIVE,D,MD,3,S001168,114
1588,Janice,SCHAKOWSKY,REPRESENTATIVE,D,IL,9,S001145,114
2173,Brian,SCHATZ,SENATOR,D,HI,N/A,S001194,114
1950,Kurt,SCHRADER,REPRESENTATIVE,D,OR,5,S001180,114
1036,Charles,SCHUMER,SENATOR,D,NY,N/A,S000148,114
1548,Jeff,SESSIONS,SENATOR,R,AL,N/A,S001141,114
2290,Dan,SULLIVAN,SENATOR,R,AK,N/A,S001198,114
1664,Patrick,TIBERI,REPRESENTATIVE,R,OH,12,T000462,114
1942,Paul,TONKO,REPRESENTATIVE,D,NY,20,T000469,114
1567,Tom,UDALL,SENATOR,D,NM,N/A,U000039,114
1177,Fred,UPTON,REPRESENTATIVE,R,MI,6,U000031,114
1188,Peter,VISCLOSKY,REPRESENTATIVE,D,IN,1,V000108,114
1855,Tim,WALBERG,REPRESENTATIVE,R,MI,7,W000798,114
1596,Greg,WALDEN,REPRESENTATIVE,R,OR,2,W000791,114
2128,Jackie,WALORSKI,REPRESENTATIVE,R,IN,2,W000813,114
1879,Peter,WELCH,REPRESENTATIVE,D,VT,0,W000800,114
2008,Rob,WOODALL,REPRESENTATIVE,R,GA,7,W000810,114
1247,Ron,WYDEN,SENATOR,D,OR,N/A,W000779,114
1853,John,YARMUTH,REPRESENTATIVE,D,KY,3,Y000062,114
