speaker_id,first_name,last_name,type,party,state,district,bio_guide_id,congress_id
1695,Lamar,ALEXANDER,SENATOR,R,TN,N/A,A000360,114
1558,Tammy,BALDWIN,SENATOR,D,WI,N/A,B001230,114
1881,John,BARRASSO,SENATOR,R,WY,N/A,B001261,114
2076,Richard,BLUMENTHAL,SENATOR,D,CT,N/A,B001277,114
1464,Roy,BLUNT,SENATOR,R,MO,N/A,B000575,114
2106,Julia,BROWN,REPRESENTATIVE,D,CA,26,B001285,114
172,Maria,CANTWELL,SENATOR,D,WA,N/A,C000127,114
1676,Shelley,CAPITO,SENATOR,R,WV,N/A,C001047,115
,,CARDIN,SENATOR,D,MD,N/A,99999999999999999,114
179,Thomas,CARPER,SENATOR,D,DE,N/A,C000174,114
1828,Robert,CASEY,SENATOR,D,PA,N/A,C001070,114
1925,Bill,CASSIDY,SENATOR,R,LA,N/A,C001075,114
213,Thad,COCHRAN,SENATOR,R,MS,N/A,C000567,114
2121,Doug,COLLINS,REPRESENTATIVE,R,GA,9,C001093,114
1984,Christopher,COONS,SENATOR,D,DE,N/A,C001088,114
1825,Bob,CORKER,SENATOR,R,TN,N/A,C001071,114
1692,John,CORNYN,SENATOR,R,TX,N/A,C001056,114
2138,Steve,DAINES,SENATOR,R,MT,N/A,D000618,114
1850,Joe,DONNELLY,SENATOR,D,IN,N/A,D000607,114
326,Richard,DURBIN,SENATOR,D,IL,N/A,D000563,114
1542,Michael,ENZI,SENATOR,R,WY,N/A,E000285,114
1332,Dianne,FEINSTEIN,SENATOR,D,CA,N/A,F000062,114
1633,Jeff,FLAKE,SENATOR,R,AZ,N/A,F000444,114
1998,Cory,GARDNER,SENATOR,R,CO,N/A,G000562,115
2234,Gwen,GRAHAM,REPRESENTATIVE,D,FL,2,G000575,114
457,Chuck,GRASSLEY,SENATOR,R,IA,N/A,G000386,114
1351,Orrin,HATCH,SENATOR,R,UT,N/A,H000338,114
1937,Martin,HEINRICH,SENATOR,D,NM,N/A,H001046,114
2174,Heidi,HEITKAMP,SENATOR,D,ND,N/A,H001069,114
1863,Dean,HELLER,SENATOR,R,NV,N/A,H001041,114
2079,John,HOEVEN,SENATOR,R,ND,N/A,H001061,114
2176,Tim,KAINE,SENATOR,D,VA,N/A,K000384,114
1724,Steve,KING,REPRESENTATIVE,R,IA,4,K000362,114
1383,Patrick,LEAHY,SENATOR,D,VT,N/A,L000174,114
1501,Barbara,LEE,REPRESENTATIVE,D,CA,13,L000551,114
1983,Joe,MANCHIN,SENATOR,D,WV,N/A,M001183,114
735,Edward,MARKEY,SENATOR,D,MA,N/A,M000133,114
791,Robert,MENENDEZ,SENATOR,D,NJ,N/A,M000639,114
1900,Jeff,MERKLEY,SENATOR,D,OR,N/A,M001176,114
1694,Lisa,MURKOWSKI,SENATOR,R,AK,N/A,M001153,114
1409,Patty,MURRAY,SENATOR,D,WA,N/A,M001111,114
859,Bill,NELSON,SENATOR,D,FL,N/A,N000032,114
1992,Paul,PAUL,REPRESENTATIVE,R,AZ,4,G000565,114
2286,David,PERDUE,SENATOR,R,GA,N/A,P000612,114
2113,Scott,PETERS,REPRESENTATIVE,D,CA,52,P000608,114
924,Rob,PORTMAN,SENATOR,R,OH,N/A,P000449,114
1982,Tom,REED,REPRESENTATIVE,R,NY,23,R000585,114
2084,Marco,RUBIO,SENATOR,R,FL,N/A,R000595,114
1010,Bernard,SANDERS,SENATOR,I,VT,N/A,S000033,114
1036,Charles,SCHUMER,SENATOR,D,NY,N/A,S000148,114
2113,Scott,SCOTT,REPRESENTATIVE,D,CA,52,P000608,114
1531,Debbie,STABENOW,SENATOR,D,MI,N/A,S000770,114
2290,Dan,SULLIVAN,SENATOR,R,AK,N/A,S001198,114
1534,John,THUNE,SENATOR,R,SD,N/A,T000250,114
2291,Thom,TILLIS,SENATOR,R,NC,N/A,T000476,114
1594,Patrick,TOOMEY,SENATOR,R,PA,N/A,T000461,114
1567,Tom,UDALL,SENATOR,D,NM,N/A,U000039,114
1897,Mark,WARNER,SENATOR,D,VA,N/A,W000805,114
1823,Sheldon,WHITEHOUSE,SENATOR,D,RI,N/A,W000802,114
1226,Roger,WICKER,SENATOR,R,MS,N/A,W000437,114
1247,Ron,WYDEN,SENATOR,D,OR,N/A,W000779,114
