speaker_id,first_name,last_name,type,party,state,district,bio_guide_id,congress_id
2076,Richard,BLUMENTHAL,SENATOR,D,CT,N/A,B001277,114
2194,Cory,BOOKER,SENATOR,D,NJ,N/A,B001288,114
213,Thad,COCHRAN,SENATOR,R,MS,N/A,C000567,114
1984,Christopher,COONS,SENATOR,D,DE,N/A,C001088,114
1692,John,CORNYN,SENATOR,R,TX,N/A,C001056,114
250,Mike,CRAPO,SENATOR,R,ID,N/A,C000880,114
2138,Steve,DAINES,SENATOR,R,MT,N/A,D000618,114
326,Richard,DURBIN,SENATOR,D,IL,N/A,D000563,114
2179,Deb,FISCHER,SENATOR,R,NE,N/A,F000463,114
457,Chuck,GRASSLEY,SENATOR,R,IA,N/A,G000386,114
583,James,INHOFE,SENATOR,R,OK,N/A,I000024,114
1724,Steve,KING,REPRESENTATIVE,R,IA,4,K000362,114
1983,Joe,MANCHIN,SENATOR,D,WV,N/A,M001183,114
791,Robert,MENENDEZ,SENATOR,D,NJ,N/A,M000639,114
2113,Scott,PETERS,REPRESENTATIVE,D,CA,52,P000608,114
1982,Tom,REED,REPRESENTATIVE,R,NY,23,R000585,114
1896,James,RISCH,SENATOR,R,ID,N/A,R000584,114
2288,Mike,ROUNDS,SENATOR,R,SD,N/A,R000605,115
2289,Ben,SASSE,SENATOR,R,NE,N/A,S001197,114
1036,Charles,SCHUMER,SENATOR,D,NY,N/A,S000148,114
1226,Roger,WICKER,SENATOR,R,MS,N/A,W000437,114
