speaker_id,first_name,last_name,type,party,state,district,bio_guide_id,congress_id
1695,Lamar,ALEXANDER,SENATOR,R,TN,N/A,A000360,114
1881,John,BARRASSO,SENATOR,R,WY,N/A,B001261,114
1464,Roy,BLUNT,SENATOR,R,MO,N/A,B000575,114
,,CARDIN,SENATOR,D,MD,N/A,99999999999999999,114
1692,John,CORNYN,SENATOR,R,TX,N/A,C001056,114
326,Richard,DURBIN,SENATOR,D,IL,N/A,D000563,114
1332,Dianne,FEINSTEIN,SENATOR,D,CA,N/A,F000062,114
1998,Cory,GARDNER,SENATOR,R,CO,N/A,G000562,115
457,Chuck,GRASSLEY,SENATOR,R,IA,N/A,G000386,114
1351,Orrin,HATCH,SENATOR,R,UT,N/A,H000338,114
1863,Dean,HELLER,SENATOR,R,NV,N/A,H001041,114
2289,Ben,SASSE,SENATOR,R,NE,N/A,S001197,114
1036,Charles,SCHUMER,SENATOR,D,NY,N/A,S000148,114
1594,Patrick,TOOMEY,SENATOR,R,PA,N/A,T000461,114
