speaker_id,first_name,last_name,type,party,state,district,bio_guide_id,congress_id
2270,Brian,BABIN,REPRESENTATIVE,R,TX,36,B001291,114
1558,Tammy,BALDWIN,SENATOR,D,WI,N/A,B001230,114
1965,Michael,BENNET,SENATOR,D,CO,N/A,B001267,114
2076,Richard,BLUMENTHAL,SENATOR,D,CT,N/A,B001277,114
2106,Julia,BROWN,REPRESENTATIVE,D,CA,26,B001285,114
172,Maria,CANTWELL,SENATOR,D,WA,N/A,C000127,114
,,CARDIN,SENATOR,D,MD,N/A,99999999999999999,114
179,Thomas,CARPER,SENATOR,D,DE,N/A,C000174,114
2356,Liz,CHENEY,REPRESENTATIVE,R,WY,N/A,C001109,115
1912,Mike,COFFMAN,REPRESENTATIVE,R,CO,6,C001077,114
1692,John,CORNYN,SENATOR,R,TX,N/A,C001056,114
2098,Tom,COTTON,SENATOR,R,AR,N/A,C001095,114
2138,Steve,DAINES,SENATOR,R,MT,N/A,D000618,114
2123,Tammy,DUCKWORTH,REPRESENTATIVE,D,IL,8,D000622,114
326,Richard,DURBIN,SENATOR,D,IL,N/A,D000563,114
2283,Joni,ERNST,SENATOR,R,IA,N/A,E000295,114
1332,Dianne,FEINSTEIN,SENATOR,D,CA,N/A,F000062,114
1969,Al,FRANKEN,SENATOR,D,MN,N/A,F000457,114
2355,Mike,GALLAGHER,REPRESENTATIVE,R,WI,N/A,G000579,115
1866,Kirsten,GILLIBRAND,SENATOR,D,NY,N/A,G000555,114
1801,Louie,GOHMERT,REPRESENTATIVE,R,TX,1,G000552,114
2302,Margaret,HASSAN,SENATOR,D,NH,N/A,H001076,115
1351,Orrin,HATCH,SENATOR,R,UT,N/A,H000338,114
1844,Mazie,HIRONO,SENATOR,D,HI,N/A,H001042,114
583,James,INHOFE,SENATOR,R,OK,N/A,I000024,114
1826,Amy,KLOBUCHAR,SENATOR,D,MN,N/A,K000367,114
2050,James,LANKFORD,SENATOR,R,OK,N/A,L000575,114
1383,Patrick,LEAHY,SENATOR,D,VT,N/A,L000174,114
735,Edward,MARKEY,SENATOR,D,MA,N/A,M000133,114
791,Robert,MENENDEZ,SENATOR,D,NJ,N/A,M000639,114
1900,Jeff,MERKLEY,SENATOR,D,OR,N/A,M001176,114
1507,Jerry,MORAN,SENATOR,R,KS,N/A,M000934,114
1409,Patty,MURRAY,SENATOR,D,WA,N/A,M001111,114
2113,Scott,PETERS,REPRESENTATIVE,D,CA,52,P000608,114
1982,Tom,REED,REPRESENTATIVE,R,NY,23,R000585,114
1896,James,RISCH,SENATOR,R,ID,N/A,R000584,114
2084,Marco,RUBIO,SENATOR,R,FL,N/A,R000595,114
2173,Brian,SCHATZ,SENATOR,D,HI,N/A,S001194,114
2124,Bradley,SCHNEIDER,REPRESENTATIVE,D,IL,N/A,S001190,115
1036,Charles,SCHUMER,SENATOR,D,NY,N/A,S000148,114
1901,Jeanne,SHAHEEN,SENATOR,D,NH,N/A,S001181,114
1531,Debbie,STABENOW,SENATOR,D,MI,N/A,S000770,114
2290,Dan,SULLIVAN,SENATOR,R,AK,N/A,S001198,114
1829,Jon,TESTER,SENATOR,D,MT,N/A,T000464,114
1567,Tom,UDALL,SENATOR,D,NM,N/A,U000039,114
2182,Elizabeth,WARREN,SENATOR,D,MA,N/A,W000817,114
1247,Ron,WYDEN,SENATOR,D,OR,N/A,W000779,114
