speaker_id,first_name,last_name,type,party,state,district,bio_guide_id,congress_id
2201,Alma,ADAMS,REPRESENTATIVE,D,NC,12,A000370,114
99999999999999,First Name unavailable,BARRAGAN,Type Unavailable,Party Info Unavailable,state info unavailable,District Unavailable,BioGuideID unavailable,CongressID unavailable
2272,Donald,BEYER,REPRESENTATIVE,D,VA,8,B001292,114
99999999999999,First Name unavailable,BIGGS,Type Unavailable,Party Info Unavailable,state info unavailable,District Unavailable,BioGuideID unavailable,CongressID unavailable
2063,Diane,BLACK,REPRESENTATIVE,R,TN,6,B001273,114
99,Earl,BLUMENAUER,REPRESENTATIVE,D,OR,3,B000574,114
2076,Richard,BLUMENTHAL,SENATOR,D,CT,N/A,B001277,114
1464,Roy,BLUNT,SENATOR,R,MO,N/A,B000575,114
2194,Cory,BOOKER,SENATOR,D,NJ,N/A,B001288,114
1687,John,BOOZMAN,SENATOR,R,AR,N/A,B001236,114
2106,Julia,BROWN,REPRESENTATIVE,D,CA,26,B001285,114
1761,G.,BUTTERFIELD,REPRESENTATIVE,D,NC,1,B001251,114
99999999999999,First Name unavailable,CAPITO,Type Unavailable,Party Info Unavailable,state info unavailable,District Unavailable,BioGuideID unavailable,CongressID unavailable
99999999999999,First Name unavailable,CARBAJAL,Type Unavailable,Party Info Unavailable,state info unavailable,District Unavailable,BioGuideID unavailable,CongressID unavailable
2107,Tony,CARDENAS,REPRESENTATIVE,D,CA,29,C001097,114
,,CARDIN,SENATOR,D,MD,N/A,99999999999999999,114
179,Thomas,CARPER,SENATOR,D,DE,N/A,C000174,114
1925,Bill,CASSIDY,SENATOR,R,LA,N/A,C001075,114
1956,Jason,CHAFFETZ,REPRESENTATIVE,R,UT,3,C001076,114
2055,David,CICILLINE,REPRESENTATIVE,D,RI,1,C001084,114
1654,Wm.,CLAY,REPRESENTATIVE,D,MO,1,C001049,114
1692,John,CORNYN,SENATOR,R,TX,N/A,C001056,114
99999999999999,First Name unavailable,CORREA,Type Unavailable,Party Info Unavailable,state info unavailable,District Unavailable,BioGuideID unavailable,CongressID unavailable
1604,Joseph,CROWLEY,REPRESENTATIVE,D,NY,14,C001038,114
2175,Ted,CRUZ,SENATOR,R,TX,N/A,C001098,114
99999999999999,First Name unavailable,DEMINGS,Type Unavailable,Party Info Unavailable,state info unavailable,District Unavailable,BioGuideID unavailable,CongressID unavailable
1995,Jeff,DENHAM,REPRESENTATIVE,R,CA,10,D000612,114
326,Richard,DURBIN,SENATOR,D,IL,N/A,D000563,114
1542,Michael,ENZI,SENATOR,R,WY,N/A,E000285,114
355,Anna,ESHOO,REPRESENTATIVE,D,CA,18,E000215,114
99999999999999,First Name unavailable,ESPAILLAT,Type Unavailable,Party Info Unavailable,state info unavailable,District Unavailable,BioGuideID unavailable,CongressID unavailable
2179,Deb,FISCHER,SENATOR,R,NE,N/A,F000463,114
1633,Jeff,FLAKE,SENATOR,R,AZ,N/A,F000444,114
1973,John,GARAMENDI,REPRESENTATIVE,D,CA,3,G000559,114
99999999999999,First Name unavailable,GARDNER,Type Unavailable,Party Info Unavailable,state info unavailable,District Unavailable,BioGuideID unavailable,CongressID unavailable
1866,Kirsten,GILLIBRAND,SENATOR,D,NY,N/A,G000555,114
1801,Louie,GOHMERT,REPRESENTATIVE,R,TX,1,G000552,114
457,Chuck,GRASSLEY,SENATOR,R,IA,N/A,G000386,114
478,Luis,GUTIERREZ,REPRESENTATIVE,D,IL,4,G000535,114
99999999999999,First Name unavailable,HANABUSA,Type Unavailable,Party Info Unavailable,state info unavailable,District Unavailable,BioGuideID unavailable,CongressID unavailable
511,Alcee,HASTINGS,REPRESENTATIVE,D,FL,20,H000324,114
1351,Orrin,HATCH,SENATOR,R,UT,N/A,H000338,114
1844,Mazie,HIRONO,SENATOR,D,HI,N/A,H001042,114
566,Steny,HOYER,REPRESENTATIVE,D,MD,5,H000874,114
2101,Jared,HUFFMAN,REPRESENTATIVE,D,CA,2,H001068,114
99999999999999,First Name unavailable,JAYAPAL,Type Unavailable,Party Info Unavailable,state info unavailable,District Unavailable,BioGuideID unavailable,CongressID unavailable
2176,Tim,KAINE,SENATOR,D,VA,N/A,K000384,114
616,Marcy,KAPTUR,REPRESENTATIVE,D,OH,8,K000009,114
2025,William,KEATING,REPRESENTATIVE,D,MA,9,K000375,114
1724,Steve,KING,REPRESENTATIVE,R,IA,4,K000362,114
99999999999999,First Name unavailable,KRISHNAMOORTHI,Type Unavailable,Party Info Unavailable,state info unavailable,District Unavailable,BioGuideID unavailable,CongressID unavailable
2252,Brenda,LAWRENCE,REPRESENTATIVE,D,MI,14,L000581,114
1383,Patrick,LEAHY,SENATOR,D,VT,N/A,L000174,114
1501,Barbara,LEE,REPRESENTATIVE,D,CA,13,L000551,114
683,Sander,LEVIN,REPRESENTATIVE,D,MI,9,L000263,114
701,Zoe,LOFGREN,REPRESENTATIVE,D,CA,19,L000397,114
1983,Joe,MANCHIN,SENATOR,D,WV,N/A,M001183,114
99999999999999,First Name unavailable,MARSHALL,Type Unavailable,Party Info Unavailable,state info unavailable,District Unavailable,BioGuideID unavailable,CongressID unavailable
1814,Doris,MATSUI,REPRESENTATIVE,D,CA,6,M001163,114
1900,Jeff,MERKLEY,SENATOR,D,OR,N/A,M001176,114
1507,Jerry,MORAN,SENATOR,R,KS,N/A,M000934,114
1837,Christopher,MURPHY,SENATOR,D,CT,N/A,M001169,114
1409,Patty,MURRAY,SENATOR,D,WA,N/A,M001111,114
850,Jerrold,NADLER,REPRESENTATIVE,D,NY,10,N000002,114
1602,Grace,NAPOLITANO,REPRESENTATIVE,D,CA,32,N000179,114
2275,Dan,NEWHOUSE,REPRESENTATIVE,R,WA,4,N000189,114
1955,Pete,OLSON,REPRESENTATIVE,R,TX,22,O000168,114
887,Frank,PALLONE,REPRESENTATIVE,D,NJ,6,P000034,114
99999999999999,First Name unavailable,PANETTA,Type Unavailable,Party Info Unavailable,state info unavailable,District Unavailable,BioGuideID unavailable,CongressID unavailable
1510,Bill,PASCRELL,REPRESENTATIVE,D,NJ,9,P000096,114
905,Nancy,PELOSI,REPRESENTATIVE,D,CA,12,P000197,114
1927,Chellie,PINGREE,REPRESENTATIVE,D,ME,1,P000597,114
924,Rob,PORTMAN,SENATOR,R,OH,N/A,P000449,114
,,RADEWAGEN,DELEGATE,I,AS,N/A,99999999999999999,114
99999999999999,First Name unavailable,RASKIN,Type Unavailable,Party Info Unavailable,state info unavailable,District Unavailable,BioGuideID unavailable,CongressID unavailable
979,Dana,ROHRABACHER,REPRESENTATIVE,R,CA,48,R000409,114
2109,Raul,RUIZ,REPRESENTATIVE,D,CA,36,R000599,114
1003,Bobby,RUSH,REPRESENTATIVE,D,IL,1,R000515,114
99999999999999,First Name unavailable,RUTHERFORD,Type Unavailable,Party Info Unavailable,state info unavailable,District Unavailable,BioGuideID unavailable,CongressID unavailable
,,SABLAN,DELEGATE,I,MP,N/A,99999999999999999,114
2289,Ben,SASSE,SENATOR,R,NE,N/A,S001197,114
1588,Janice,SCHAKOWSKY,REPRESENTATIVE,D,IL,9,S001145,114
2173,Brian,SCHATZ,SENATOR,D,HI,N/A,S001194,114
99999999999999,First Name unavailable,SCHNEIDER,Type Unavailable,Party Info Unavailable,state info unavailable,District Unavailable,BioGuideID unavailable,CongressID unavailable
1036,Charles,SCHUMER,SENATOR,D,NY,N/A,S000148,114
1042,Jose,SERRANO,REPRESENTATIVE,D,NY,15,S000248,114
1548,Jeff,SESSIONS,SENATOR,R,AL,N/A,S001141,114
1901,Jeanne,SHAHEEN,SENATOR,D,NH,N/A,S001181,114
1526,Brad,SHERMAN,REPRESENTATIVE,D,CA,30,S000344,114
1890,Jackie,SPEIER,REPRESENTATIVE,D,CA,14,S001175,114
99999999999999,First Name unavailable,SUOZZI,Type Unavailable,Party Info Unavailable,state info unavailable,District Unavailable,BioGuideID unavailable,CongressID unavailable
2110,Mark,TAKANO,REPRESENTATIVE,D,CA,41,T000472,114
1829,Jon,TESTER,SENATOR,D,MT,N/A,T000464,114
1940,Dina,TITUS,REPRESENTATIVE,D,NV,1,T000468,114
1942,Paul,TONKO,REPRESENTATIVE,D,NY,20,T000469,114
2231,Norma,TORRES,REPRESENTATIVE,D,CA,35,T000474,114
1884,Niki,TSONGAS,REPRESENTATIVE,D,MA,3,T000465,114
1567,Tom,UDALL,SENATOR,D,NM,N/A,U000039,114
2166,Marc,VEASEY,REPRESENTATIVE,D,TX,33,V000131,114
1184,Nydia,VELAZQUEZ,REPRESENTATIVE,D,NY,7,V000081,114
1855,Tim,WALBERG,REPRESENTATIVE,R,MI,7,W000798,114
1596,Greg,WALDEN,REPRESENTATIVE,R,OR,2,W000791,114
1856,Timothy,WALZ,REPRESENTATIVE,D,MN,1,W000799,114
1823,Sheldon,WHITEHOUSE,SENATOR,D,RI,N/A,W000802,114
1247,Ron,WYDEN,SENATOR,D,OR,N/A,W000779,114
