speaker_id,first_name,last_name,type,party,state,district,bio_guide_id,congress_id
2201,Alma,ADAMS,REPRESENTATIVE,D,NC,12,A000370,114
2229,Pete,AGUILAR,REPRESENTATIVE,D,CA,31,A000371,114
99999999999999,First Name unavailable,ARRINGTON,Type Unavailable,Party Info Unavailable,state info unavailable,District Unavailable,BioGuideID unavailable,CongressID unavailable
2054,Lou,BARLETTA,REPRESENTATIVE,R,PA,11,B001269,114
2238,Barry,BARR,REPRESENTATIVE,R,GA,11,L000583,114
99999999999999,First Name unavailable,BARRAGAN,Type Unavailable,Party Info Unavailable,state info unavailable,District Unavailable,BioGuideID unavailable,CongressID unavailable
1881,John,BARRASSO,SENATOR,R,WY,N/A,B001261,114
62,Joe,BARTON,REPRESENTATIVE,R,TX,6,B000213,114
1965,Michael,BENNET,SENATOR,D,CO,N/A,B001267,114
2272,Donald,BEYER,REPRESENTATIVE,D,VA,8,B001292,114
99999999999999,First Name unavailable,BIGGS,Type Unavailable,Party Info Unavailable,state info unavailable,District Unavailable,BioGuideID unavailable,CongressID unavailable
2063,Diane,BLACK,REPRESENTATIVE,R,TN,6,B001273,114
99,Earl,BLUMENAUER,REPRESENTATIVE,D,OR,3,B000574,114
2076,Richard,BLUMENTHAL,SENATOR,D,CT,N/A,B001277,114
1464,Roy,BLUNT,SENATOR,R,MO,N/A,B000575,114
1687,John,BOOZMAN,SENATOR,R,AR,N/A,B001236,114
2106,Julia,BROWN,REPRESENTATIVE,D,CA,26,B001285,114
2233,Ken,BUCK,REPRESENTATIVE,R,CO,4,B001297,114
,,BUDD,REPRESENTATIVE,R,GA,1,99999999999999999,114
1751,Michael,BURGESS,REPRESENTATIVE,R,TX,26,B001248,114
153,Richard,BURR,SENATOR,R,NC,N/A,B001135,114
2127,Cheri,BUSTOS,REPRESENTATIVE,D,IL,17,B001286,114
2197,Bradley,BYRNE,REPRESENTATIVE,R,AL,1,B001289,114
165,Ken,CALVERT,REPRESENTATIVE,R,CA,42,C000059,114
172,Maria,CANTWELL,SENATOR,D,WA,N/A,C000127,114
99999999999999,First Name unavailable,CAPITO,Type Unavailable,Party Info Unavailable,state info unavailable,District Unavailable,BioGuideID unavailable,CongressID unavailable
1564,Michael,CAPUANO,REPRESENTATIVE,D,MA,7,C001037,114
,,CARDIN,SENATOR,D,MD,N/A,99999999999999999,114
179,Thomas,CARPER,SENATOR,D,DE,N/A,C000174,114
1828,Robert,CASEY,SENATOR,D,PA,N/A,C001070,114
2055,David,CICILLINE,REPRESENTATIVE,D,RI,1,C001084,114
208,James,CLYBURN,REPRESENTATIVE,D,SC,6,C000537,114
1912,Mike,COFFMAN,REPRESENTATIVE,R,CO,6,C001077,114
,,COHEN,REPRESENTATIVE,D,TN,9,99999999999999999,114
2121,Doug,COLLINS,REPRESENTATIVE,R,GA,9,C001093,114
99999999999999,First Name unavailable,COMER,Type Unavailable,Party Info Unavailable,state info unavailable,District Unavailable,BioGuideID unavailable,CongressID unavailable
2273,Barbara,COMSTOCK,REPRESENTATIVE,R,VA,10,C001105,114
1984,Christopher,COONS,SENATOR,D,DE,N/A,C001088,114
1825,Bob,CORKER,SENATOR,R,TN,N/A,C001071,114
1692,John,CORNYN,SENATOR,R,TX,N/A,C001056,114
1774,Jim,COSTA,REPRESENTATIVE,D,CA,16,C001059,114
250,Mike,CRAPO,SENATOR,R,ID,N/A,C000880,114
1604,Joseph,CROWLEY,REPRESENTATIVE,D,NY,14,C001038,114
2175,Ted,CRUZ,SENATOR,R,TX,N/A,C001098,114
1670,John,CULBERSON,REPRESENTATIVE,R,TX,7,C001048,114
2138,Steve,DAINES,SENATOR,R,MT,N/A,D000618,114
99999999999999,First Name unavailable,DAVIDSON,Type Unavailable,Party Info Unavailable,state info unavailable,District Unavailable,BioGuideID unavailable,CongressID unavailable
99999999999999,First Name unavailable,DEMINGS,Type Unavailable,Party Info Unavailable,state info unavailable,District Unavailable,BioGuideID unavailable,CongressID unavailable
303,Lloyd,DOGGETT,REPRESENTATIVE,D,TX,35,D000399,114
1850,Joe,DONNELLY,SENATOR,D,IN,N/A,D000607,114
2123,Tammy,DUCKWORTH,REPRESENTATIVE,D,IL,8,D000622,114
99999999999999,First Name unavailable,DUFFY,Type Unavailable,Party Info Unavailable,state info unavailable,District Unavailable,BioGuideID unavailable,CongressID unavailable
326,Richard,DURBIN,SENATOR,D,IL,N/A,D000563,114
1857,Keith,ELLISON,REPRESENTATIVE,D,MN,5,E000288,114
2253,Tom,EMMER,REPRESENTATIVE,R,MN,6,E000294,114
344,Eliot,ENGEL,REPRESENTATIVE,D,NY,16,E000179,114
1542,Michael,ENZI,SENATOR,R,WY,N/A,E000285,114
99999999999999,First Name unavailable,ESPAILLAT,Type Unavailable,Party Info Unavailable,state info unavailable,District Unavailable,BioGuideID unavailable,CongressID unavailable
2067,Blake,FARENTHOLD,REPRESENTATIVE,R,TX,27,F000460,114
99999999999999,First Name unavailable,FASO,Type Unavailable,Party Info Unavailable,state info unavailable,District Unavailable,BioGuideID unavailable,CongressID unavailable
1332,Dianne,FEINSTEIN,SENATOR,D,CA,N/A,F000062,114
2179,Deb,FISCHER,SENATOR,R,NE,N/A,F000463,114
1797,Michael,FITZPATRICK,REPRESENTATIVE,R,PA,8,F000451,114
1633,Jeff,FLAKE,SENATOR,R,AZ,N/A,F000444,114
,,FLORES,REPRESENTATIVE,R,TX,17,99999999999999999,114
1969,Al,FRANKEN,SENATOR,D,MN,N/A,F000457,114
414,Rodney,FRELINGHUYSEN,REPRESENTATIVE,R,NJ,11,F000372,114
2122,Tulsi,GABBARD,REPRESENTATIVE,D,HI,2,G000571,114
1973,John,GARAMENDI,REPRESENTATIVE,D,CA,3,G000559,114
99999999999999,First Name unavailable,GARDNER,Type Unavailable,Party Info Unavailable,state info unavailable,District Unavailable,BioGuideID unavailable,CongressID unavailable
1866,Kirsten,GILLIBRAND,SENATOR,D,NY,N/A,G000555,114
1801,Louie,GOHMERT,REPRESENTATIVE,R,TX,1,G000552,114
99999999999999,First Name unavailable,GOTTHEIMER,Type Unavailable,Party Info Unavailable,state info unavailable,District Unavailable,BioGuideID unavailable,CongressID unavailable
2234,Gwen,GRAHAM,REPRESENTATIVE,D,FL,2,G000575,114
457,Chuck,GRASSLEY,SENATOR,R,IA,N/A,G000386,114
99999999999999,First Name unavailable,HANDEL,Type Unavailable,Party Info Unavailable,state info unavailable,District Unavailable,BioGuideID unavailable,CongressID unavailable
1933,Gregg,HARPER,REPRESENTATIVE,R,MS,3,H001045,114
511,Alcee,HASTINGS,REPRESENTATIVE,D,FL,20,H000324,114
1351,Orrin,HATCH,SENATOR,R,UT,N/A,H000338,114
1863,Dean,HELLER,SENATOR,R,NV,N/A,H001041,114
1749,Jeb,HENSARLING,REPRESENTATIVE,R,TX,5,H001036,114
2223,J.,HILL,REPRESENTATIVE,R,AR,2,H001072,114
2079,John,HOEVEN,SENATOR,R,ND,N/A,H001061,114
2143,George,HOLDING,REPRESENTATIVE,R,NC,13,H001065,114
99999999999999,First Name unavailable,HOLLINGSWORTH,Type Unavailable,Party Info Unavailable,state info unavailable,District Unavailable,BioGuideID unavailable,CongressID unavailable
566,Steny,HOYER,REPRESENTATIVE,D,MD,5,H000874,114
2101,Jared,HUFFMAN,REPRESENTATIVE,D,CA,2,H001068,114
2028,Bill,HUIZENGA,REPRESENTATIVE,R,MI,2,H001058,114
2015,Randy,HULTGREN,REPRESENTATIVE,R,IL,14,H001059,114
583,James,INHOFE,SENATOR,R,OK,N/A,I000024,114
1608,Johnny,ISAKSON,SENATOR,R,GA,N/A,I000055,114
99999999999999,First Name unavailable,JAYAPAL,Type Unavailable,Party Info Unavailable,state info unavailable,District Unavailable,BioGuideID unavailable,CongressID unavailable
2149,Hakeem,JEFFRIES,REPRESENTATIVE,D,NY,8,J000294,114
2176,Tim,KAINE,SENATOR,D,VA,N/A,K000384,114
616,Marcy,KAPTUR,REPRESENTATIVE,D,OH,8,K000009,114
2264,John,KATKO,REPRESENTATIVE,R,NY,24,K000386,114
2134,Daniel,KILDEE,REPRESENTATIVE,D,MI,5,K000380,114
1498,Ron,KIND,REPRESENTATIVE,D,WI,3,K000188,114
2014,Adam,KINZINGER,REPRESENTATIVE,R,IL,16,K000378,114
1826,Amy,KLOBUCHAR,SENATOR,D,MN,N/A,K000367,114
1668,James,LANGEVIN,REPRESENTATIVE,D,RI,2,L000559,114
2050,James,LANKFORD,SENATOR,R,OK,N/A,L000575,114
2252,Brenda,LAWRENCE,REPRESENTATIVE,D,MI,14,L000581,114
1383,Patrick,LEAHY,SENATOR,D,VT,N/A,L000174,114
1501,Barbara,LEE,REPRESENTATIVE,D,CA,13,L000551,114
683,Sander,LEVIN,REPRESENTATIVE,D,MI,9,L000263,114
2111,Alan,LOWENTHAL,REPRESENTATIVE,D,CA,47,L000579,114
709,Nita,LOWEY,REPRESENTATIVE,D,NY,17,L000480,114
1931,Blaine,LUETKEMEYER,REPRESENTATIVE,R,MO,3,L000569,114
1686,Stephen,LYNCH,REPRESENTATIVE,D,MA,8,L000562,114
1806,Kenny,MARCHANT,REPRESENTATIVE,R,TX,24,M001158,114
735,Edward,MARKEY,SENATOR,D,MA,N/A,M000133,114
2094,Thomas,MASSIE,REPRESENTATIVE,R,KY,4,M001184,114
2052,Patrick,MEEHAN,REPRESENTATIVE,R,PA,7,M001181,114
1900,Jeff,MERKLEY,SENATOR,D,OR,N/A,M001176,114
2130,Luke,MESSER,REPRESENTATIVE,R,IN,6,M001189,114
99999999999999,First Name unavailable,MITCHELL,Type Unavailable,Party Info Unavailable,state info unavailable,District Unavailable,BioGuideID unavailable,CongressID unavailable
1676,Shelley,MOORE,SENATOR,R,WV,N/A,C001047,114
1694,Lisa,MURKOWSKI,SENATOR,R,AK,N/A,M001153,114
1837,Christopher,MURPHY,SENATOR,D,CT,N/A,M001169,114
1409,Patty,MURRAY,SENATOR,D,WA,N/A,M001111,114
1602,Grace,NAPOLITANO,REPRESENTATIVE,D,CA,32,N000179,114
854,Richard,NEAL,REPRESENTATIVE,D,MA,1,N000015,114
859,Bill,NELSON,SENATOR,D,FL,N/A,N000032,114
2060,Kristi,NOEM,REPRESENTATIVE,R,SD,0,N000184,114
2202,Donald,NORCROSS,REPRESENTATIVE,D,NJ,1,N000188,114
99999999999999,First Name unavailable,NORMAN,Type Unavailable,Party Info Unavailable,state info unavailable,District Unavailable,BioGuideID unavailable,CongressID unavailable
868,Eleanor,NORTON,DELEGATE,D,DC,N/A,N000147,114
1710,Devin,NUNES,REPRESENTATIVE,R,CA,22,N000181,114
1510,Bill,PASCRELL,REPRESENTATIVE,D,NJ,9,P000096,114
1992,Paul,PAUL,REPRESENTATIVE,R,AZ,4,G000565,114
1930,Erik,PAULSEN,REPRESENTATIVE,R,MN,3,P000594,114
2097,Donald,PAYNE,REPRESENTATIVE,D,NJ,10,P000604,114
905,Nancy,PELOSI,REPRESENTATIVE,D,CA,12,P000197,114
2286,David,PERDUE,SENATOR,R,GA,N/A,P000612,114
1835,Ed,PERLMUTTER,REPRESENTATIVE,D,CO,7,P000593,114
2157,Scott,PERRY,REPRESENTATIVE,R,PA,4,P000605,114
2113,Scott,PETERS,REPRESENTATIVE,D,CA,52,P000608,114
2141,Robert,PITTENGER,REPRESENTATIVE,R,NC,9,P000606,114
,,PLASKETT,DELEGATE,I,VI,N/A,99999999999999999,114
2247,Bruce,POLIQUIN,REPRESENTATIVE,R,ME,2,P000611,114
924,Rob,PORTMAN,SENATOR,R,OH,N/A,P000449,114
1967,Mike,QUIGLEY,REPRESENTATIVE,D,IL,5,Q000023,114
99999999999999,First Name unavailable,RASKIN,Type Unavailable,Party Info Unavailable,state info unavailable,District Unavailable,BioGuideID unavailable,CongressID unavailable
1982,Tom,REED,REPRESENTATIVE,R,NY,23,R000585,114
2048,James,RENACCI,REPRESENTATIVE,R,OH,16,R000586,114
1896,James,RISCH,SENATOR,R,ID,N/A,R000584,114
1848,Peter,ROSKAM,REPRESENTATIVE,R,IL,6,R000580,114
2158,Keith,ROTHFUS,REPRESENTATIVE,R,PA,12,R000598,114
99999999999999,First Name unavailable,ROUNDS,Type Unavailable,Party Info Unavailable,state info unavailable,District Unavailable,BioGuideID unavailable,CongressID unavailable
2256,David,ROUZER,REPRESENTATIVE,R,NC,7,R000603,114
2084,Marco,RUBIO,SENATOR,R,FL,N/A,R000595,114
2109,Raul,RUIZ,REPRESENTATIVE,D,CA,36,R000599,114
99999999999999,First Name unavailable,RUTHERFORD,Type Unavailable,Party Info Unavailable,state info unavailable,District Unavailable,BioGuideID unavailable,CongressID unavailable
1010,Bernard,SANDERS,SENATOR,I,VT,N/A,S000033,114
1854,John,SARBANES,REPRESENTATIVE,D,MD,3,S001168,114
2289,Ben,SASSE,SENATOR,R,NE,N/A,S001197,114
1892,Steve,SCALISE,REPRESENTATIVE,R,LA,1,S001176,114
1588,Janice,SCHAKOWSKY,REPRESENTATIVE,D,IL,9,S001145,114
2173,Brian,SCHATZ,SENATOR,D,HI,N/A,S001194,114
99999999999999,First Name unavailable,SCHNEIDER,Type Unavailable,Party Info Unavailable,state info unavailable,District Unavailable,BioGuideID unavailable,CongressID unavailable
1036,Charles,SCHUMER,SENATOR,D,NY,N/A,S000148,114
1994,David,SCHWEIKERT,REPRESENTATIVE,R,AZ,6,S001183,114
2113,Scott,SCOTT,REPRESENTATIVE,D,CA,52,P000608,114
1042,Jose,SERRANO,REPRESENTATIVE,D,NY,15,S000248,114
1548,Jeff,SESSIONS,SENATOR,R,AL,N/A,S001141,114
1901,Jeanne,SHAHEEN,SENATOR,D,NH,N/A,S001181,114
1049,Richard,SHELBY,SENATOR,R,AL,N/A,S000320,114
1681,Bill,SHUSTER,REPRESENTATIVE,R,PA,9,S001154,114
1590,Michael,SIMPSON,REPRESENTATIVE,R,ID,2,S001148,114
1069,Louise,SLAUGHTER,REPRESENTATIVE,D,NY,25,S000480,114
99999999999999,First Name unavailable,SMUCKER,Type Unavailable,Party Info Unavailable,state info unavailable,District Unavailable,BioGuideID unavailable,CongressID unavailable
99999999999999,First Name unavailable,SOTO,Type Unavailable,Party Info Unavailable,state info unavailable,District Unavailable,BioGuideID unavailable,CongressID unavailable
1531,Debbie,STABENOW,SENATOR,D,MI,N/A,S000770,114
2290,Dan,SULLIVAN,SENATOR,R,AK,N/A,S001198,114
99999999999999,First Name unavailable,SUOZZI,Type Unavailable,Party Info Unavailable,state info unavailable,District Unavailable,BioGuideID unavailable,CongressID unavailable
99999999999999,First Name unavailable,TENNEY,Type Unavailable,Party Info Unavailable,state info unavailable,District Unavailable,BioGuideID unavailable,CongressID unavailable
1829,Jon,TESTER,SENATOR,D,MT,N/A,T000464,114
1534,John,THUNE,SENATOR,R,SD,N/A,T000250,114
1664,Patrick,TIBERI,REPRESENTATIVE,R,OH,12,T000462,114
2291,Thom,TILLIS,SENATOR,R,NC,N/A,T000476,114
1942,Paul,TONKO,REPRESENTATIVE,D,NY,20,T000469,114
1594,Patrick,TOOMEY,SENATOR,R,PA,N/A,T000461,114
1567,Tom,UDALL,SENATOR,D,NM,N/A,U000039,114
2166,Marc,VEASEY,REPRESENTATIVE,D,TX,33,V000131,114
1184,Nydia,VELAZQUEZ,REPRESENTATIVE,D,NY,7,V000081,114
2137,Ann,WAGNER,REPRESENTATIVE,R,MO,2,W000812,114
1855,Tim,WALBERG,REPRESENTATIVE,R,MI,7,W000798,114
1596,Greg,WALDEN,REPRESENTATIVE,R,OR,2,W000791,114
2255,Mark,WALKER,REPRESENTATIVE,R,NC,6,W000819,114
2128,Jackie,WALORSKI,REPRESENTATIVE,R,IN,2,W000813,114
1897,Mark,WARNER,SENATOR,D,VA,N/A,W000805,114
2182,Elizabeth,WARREN,SENATOR,D,MA,N/A,W000817,114
1879,Peter,WELCH,REPRESENTATIVE,D,VT,0,W000800,114
2224,Bruce,WESTERMAN,REPRESENTATIVE,R,AR,4,W000821,114
1823,Sheldon,WHITEHOUSE,SENATOR,D,RI,N/A,W000802,114
2008,Rob,WOODALL,REPRESENTATIVE,R,GA,7,W000810,114
1247,Ron,WYDEN,SENATOR,D,OR,N/A,W000779,114
1853,John,YARMUTH,REPRESENTATIVE,D,KY,3,Y000062,114
2021,Kevin,YODER,REPRESENTATIVE,R,KS,3,Y000063,114
2115,Ted,YOHO,REPRESENTATIVE,R,FL,3,Y000065,114
1256,Don,YOUNG,REPRESENTATIVE,R,AK,0,Y000033,114
