speaker_id,first_name,last_name,type,party,state,district,bio_guide_id,congress_id
2201,Alma,ADAMS,REPRESENTATIVE,D,NC,12,A000370,114
99999999999999,First Name unavailable,ARRINGTON,Type Unavailable,Party Info Unavailable,state info unavailable,District Unavailable,BioGuideID unavailable,CongressID unavailable
1881,John,BARRASSO,SENATOR,R,WY,N/A,B001261,114
2063,Diane,BLACK,REPRESENTATIVE,R,TN,6,B001273,114
1748,Marsha,BLACKBURN,REPRESENTATIVE,R,TN,7,B001243,114
99,Earl,BLUMENAUER,REPRESENTATIVE,D,OR,3,B000574,114
2076,Richard,BLUMENTHAL,SENATOR,D,CT,N/A,B001277,114
2092,Suzanne,BONAMICI,REPRESENTATIVE,D,OR,1,B001278,114
1687,John,BOOZMAN,SENATOR,R,AR,N/A,B001236,114
2155,Jim,BRIDENSTINE,REPRESENTATIVE,R,OK,1,B001283,114
172,Maria,CANTWELL,SENATOR,D,WA,N/A,C000127,114
99999999999999,First Name unavailable,CAPITO,Type Unavailable,Party Info Unavailable,state info unavailable,District Unavailable,BioGuideID unavailable,CongressID unavailable
179,Thomas,CARPER,SENATOR,D,DE,N/A,C000174,114
1828,Robert,CASEY,SENATOR,D,PA,N/A,C001070,114
186,Steve,CHABOT,REPRESENTATIVE,R,OH,1,C000266,114
2121,Doug,COLLINS,REPRESENTATIVE,R,GA,9,C001093,114
99999999999999,First Name unavailable,COMER,Type Unavailable,Party Info Unavailable,state info unavailable,District Unavailable,BioGuideID unavailable,CongressID unavailable
1692,John,CORNYN,SENATOR,R,TX,N/A,C001056,114
99999999999999,First Name unavailable,CORREA,Type Unavailable,Party Info Unavailable,state info unavailable,District Unavailable,BioGuideID unavailable,CongressID unavailable
250,Mike,CRAPO,SENATOR,R,ID,N/A,C000880,114
99999999999999,First Name unavailable,CRIST,Type Unavailable,Party Info Unavailable,state info unavailable,District Unavailable,BioGuideID unavailable,CongressID unavailable
1604,Joseph,CROWLEY,REPRESENTATIVE,D,NY,14,C001038,114
2138,Steve,DAINES,SENATOR,R,MT,N/A,D000618,114
99999999999999,First Name unavailable,DEMINGS,Type Unavailable,Party Info Unavailable,state info unavailable,District Unavailable,BioGuideID unavailable,CongressID unavailable
1332,Dianne,FEINSTEIN,SENATOR,D,CA,N/A,F000062,114
1793,Jeff,FORTENBERRY,REPRESENTATIVE,R,NE,1,F000449,114
1888,Bill,FOSTER,REPRESENTATIVE,D,IL,11,F000454,114
1791,Virginia,FOXX,REPRESENTATIVE,R,NC,5,F000450,114
99999999999999,First Name unavailable,GAETZ,Type Unavailable,Party Info Unavailable,state info unavailable,District Unavailable,BioGuideID unavailable,CongressID unavailable
1973,John,GARAMENDI,REPRESENTATIVE,D,CA,3,G000559,114
1801,Louie,GOHMERT,REPRESENTATIVE,R,TX,1,G000552,114
457,Chuck,GRASSLEY,SENATOR,R,IA,N/A,G000386,114
478,Luis,GUTIERREZ,REPRESENTATIVE,D,IL,4,G000535,114
1351,Orrin,HATCH,SENATOR,R,UT,N/A,H000338,114
566,Steny,HOYER,REPRESENTATIVE,D,MD,5,H000874,114
2015,Randy,HULTGREN,REPRESENTATIVE,R,IL,14,H001059,114
2172,Joseph,KENNEDY,REPRESENTATIVE,D,MA,4,K000379,114
1501,Barbara,LEE,REPRESENTATIVE,D,CA,13,L000551,114
711,Frank,LUCAS,REPRESENTATIVE,R,OK,3,L000491,114
2053,Tom,MARINO,REPRESENTATIVE,R,PA,10,M001179,114
735,Edward,MARKEY,SENATOR,D,MA,N/A,M000133,114
2052,Patrick,MEEHAN,REPRESENTATIVE,R,PA,7,M001181,114
1900,Jeff,MERKLEY,SENATOR,D,OR,N/A,M001176,114
1837,Christopher,MURPHY,SENATOR,D,CT,N/A,M001169,114
859,Bill,NELSON,SENATOR,D,FL,N/A,N000032,114
2286,David,PERDUE,SENATOR,R,GA,N/A,P000612,114
2171,Mark,POCAN,REPRESENTATIVE,D,WI,2,P000607,114
1910,Jared,POLIS,REPRESENTATIVE,D,CO,2,P000598,114
1967,Mike,QUIGLEY,REPRESENTATIVE,D,IL,5,Q000023,114
99999999999999,First Name unavailable,RASKIN,Type Unavailable,Party Info Unavailable,state info unavailable,District Unavailable,BioGuideID unavailable,CongressID unavailable
2023,Cedric,RICHMOND,REPRESENTATIVE,D,LA,2,R000588,114
979,Dana,ROHRABACHER,REPRESENTATIVE,R,CA,48,R000409,114
99999999999999,First Name unavailable,ROUNDS,Type Unavailable,Party Info Unavailable,state info unavailable,District Unavailable,BioGuideID unavailable,CongressID unavailable
,,SABLAN,DELEGATE,I,MP,N/A,99999999999999999,114
2289,Ben,SASSE,SENATOR,R,NE,N/A,S001197,114
2173,Brian,SCHATZ,SENATOR,D,HI,N/A,S001194,114
1036,Charles,SCHUMER,SENATOR,D,NY,N/A,S000148,114
1548,Jeff,SESSIONS,SENATOR,R,AL,N/A,S001141,114
1526,Brad,SHERMAN,REPRESENTATIVE,D,CA,30,S000344,114
1531,Debbie,STABENOW,SENATOR,D,MI,N/A,S000770,114
2110,Mark,TAKANO,REPRESENTATIVE,D,CA,41,T000472,114
1664,Patrick,TIBERI,REPRESENTATIVE,R,OH,12,T000462,114
2291,Thom,TILLIS,SENATOR,R,NC,N/A,T000476,114
1594,Patrick,TOOMEY,SENATOR,R,PA,N/A,T000461,114
1567,Tom,UDALL,SENATOR,D,NM,N/A,U000039,114
1596,Greg,WALDEN,REPRESENTATIVE,R,OR,2,W000791,114
2182,Elizabeth,WARREN,SENATOR,D,MA,N/A,W000817,114
1823,Sheldon,WHITEHOUSE,SENATOR,D,RI,N/A,W000802,114
