speaker_id,first_name,last_name,type,party,state,district,bio_guide_id,congress_id
1881,John,BARRASSO,SENATOR,R,WY,N/A,B001261,114
1965,Michael,BENNET,SENATOR,D,CO,N/A,B001267,114
1838,Gus,BILIRAKIS,REPRESENTATIVE,R,FL,12,B001257,114
2063,Diane,BLACK,REPRESENTATIVE,R,TN,6,B001273,114
1751,Michael,BURGESS,REPRESENTATIVE,R,TX,26,B001248,114
1761,G.,BUTTERFIELD,REPRESENTATIVE,D,NC,1,B001251,114
172,Maria,CANTWELL,SENATOR,D,WA,N/A,C000127,114
,,CARDIN,SENATOR,D,MD,N/A,99999999999999999,114
179,Thomas,CARPER,SENATOR,D,DE,N/A,C000174,114
2055,David,CICILLINE,REPRESENTATIVE,D,RI,1,C001084,114
229,John,CONYERS,REPRESENTATIVE,D,MI,13,C000714,114
1825,Bob,CORKER,SENATOR,R,TN,N/A,C001071,114
1692,John,CORNYN,SENATOR,R,TX,N/A,C001056,114
99999999999999,First Name unavailable,CORREA,Type Unavailable,Party Info Unavailable,state info unavailable,District Unavailable,BioGuideID unavailable,CongressID unavailable
2098,Tom,COTTON,SENATOR,R,AR,N/A,C001095,114
250,Mike,CRAPO,SENATOR,R,ID,N/A,C000880,114
1604,Joseph,CROWLEY,REPRESENTATIVE,D,NY,14,C001038,114
2138,Steve,DAINES,SENATOR,R,MT,N/A,D000618,114
1995,Jeff,DENHAM,REPRESENTATIVE,R,CA,10,D000612,114
2251,Debbie,DINGELL,REPRESENTATIVE,D,MI,12,D000624,114
2123,Tammy,DUCKWORTH,REPRESENTATIVE,D,IL,8,D000622,114
99999999999999,First Name unavailable,DUNN,Type Unavailable,Party Info Unavailable,state info unavailable,District Unavailable,BioGuideID unavailable,CongressID unavailable
326,Richard,DURBIN,SENATOR,D,IL,N/A,D000563,114
2253,Tom,EMMER,REPRESENTATIVE,R,MN,6,E000294,114
344,Eliot,ENGEL,REPRESENTATIVE,D,NY,16,E000179,114
1542,Michael,ENZI,SENATOR,R,WY,N/A,E000285,114
355,Anna,ESHOO,REPRESENTATIVE,D,CA,18,E000215,114
99999999999999,First Name unavailable,FASO,Type Unavailable,Party Info Unavailable,state info unavailable,District Unavailable,BioGuideID unavailable,CongressID unavailable
99999999999999,First Name unavailable,FISHER,Type Unavailable,Party Info Unavailable,state info unavailable,District Unavailable,BioGuideID unavailable,CongressID unavailable
2122,Tulsi,GABBARD,REPRESENTATIVE,D,HI,2,G000571,114
99999999999999,First Name unavailable,GAETZ,Type Unavailable,Party Info Unavailable,state info unavailable,District Unavailable,BioGuideID unavailable,CongressID unavailable
99999999999999,First Name unavailable,GARDNER,Type Unavailable,Party Info Unavailable,state info unavailable,District Unavailable,BioGuideID unavailable,CongressID unavailable
1737,Scott,GARRETT,REPRESENTATIVE,R,NJ,5,G000548,114
446,Bob,GOODLATTE,REPRESENTATIVE,R,VA,6,G000289,114
457,Chuck,GRASSLEY,SENATOR,R,IA,N/A,G000386,114
2070,H.,GRIFFITH,REPRESENTATIVE,R,VA,9,G000568,114
1922,Brett,GUTHRIE,REPRESENTATIVE,R,KY,2,G000558,114
1937,Martin,HEINRICH,SENATOR,D,NM,N/A,H001046,114
2223,J.,HILL,REPRESENTATIVE,R,AR,2,H001072,114
2143,George,HOLDING,REPRESENTATIVE,R,NC,13,H001065,114
99999999999999,First Name unavailable,JAYAPAL,Type Unavailable,Party Info Unavailable,state info unavailable,District Unavailable,BioGuideID unavailable,CongressID unavailable
2176,Tim,KAINE,SENATOR,D,VA,N/A,K000384,114
616,Marcy,KAPTUR,REPRESENTATIVE,D,OH,8,K000009,114
2172,Joseph,KENNEDY,REPRESENTATIVE,D,MA,4,K000379,114
2134,Daniel,KILDEE,REPRESENTATIVE,D,MI,5,K000380,114
2252,Brenda,LAWRENCE,REPRESENTATIVE,D,MI,14,L000581,114
1383,Patrick,LEAHY,SENATOR,D,VT,N/A,L000174,114
1501,Barbara,LEE,REPRESENTATIVE,D,CA,13,L000551,114
709,Nita,LOWEY,REPRESENTATIVE,D,NY,17,L000480,114
1814,Doris,MATSUI,REPRESENTATIVE,D,CA,6,M001163,114
1900,Jeff,MERKLEY,SENATOR,D,OR,N/A,M001176,114
1694,Lisa,MURKOWSKI,SENATOR,R,AK,N/A,M001153,114
1409,Patty,MURRAY,SENATOR,D,WA,N/A,M001111,114
850,Jerrold,NADLER,REPRESENTATIVE,D,NY,10,N000002,114
859,Bill,NELSON,SENATOR,D,FL,N/A,N000032,114
868,Eleanor,NORTON,DELEGATE,D,DC,N/A,N000147,114
1955,Pete,OLSON,REPRESENTATIVE,R,TX,22,O000168,114
887,Frank,PALLONE,REPRESENTATIVE,D,NJ,6,P000034,114
99999999999999,First Name unavailable,PANETTA,Type Unavailable,Party Info Unavailable,state info unavailable,District Unavailable,BioGuideID unavailable,CongressID unavailable
2113,Scott,PETERS,REPRESENTATIVE,D,CA,52,P000608,114
2141,Robert,PITTENGER,REPRESENTATIVE,R,NC,9,P000606,114
1896,James,RISCH,SENATOR,R,ID,N/A,R000584,114
99999999999999,First Name unavailable,ROUNDS,Type Unavailable,Party Info Unavailable,state info unavailable,District Unavailable,BioGuideID unavailable,CongressID unavailable
2084,Marco,RUBIO,SENATOR,R,FL,N/A,R000595,114
2109,Raul,RUIZ,REPRESENTATIVE,D,CA,36,R000599,114
1854,John,SARBANES,REPRESENTATIVE,D,MD,3,S001168,114
1588,Janice,SCHAKOWSKY,REPRESENTATIVE,D,IL,9,S001145,114
1036,Charles,SCHUMER,SENATOR,D,NY,N/A,S000148,114
2113,Scott,SCOTT,REPRESENTATIVE,D,CA,52,P000608,114
99999999999999,First Name unavailable,SOTO,Type Unavailable,Party Info Unavailable,state info unavailable,District Unavailable,BioGuideID unavailable,CongressID unavailable
2290,Dan,SULLIVAN,SENATOR,R,AK,N/A,S001198,114
99999999999999,First Name unavailable,TENNEY,Type Unavailable,Party Info Unavailable,state info unavailable,District Unavailable,BioGuideID unavailable,CongressID unavailable
1829,Jon,TESTER,SENATOR,D,MT,N/A,T000464,114
1534,John,THUNE,SENATOR,R,SD,N/A,T000250,114
1567,Tom,UDALL,SENATOR,D,NM,N/A,U000039,114
1855,Tim,WALBERG,REPRESENTATIVE,R,MI,7,W000798,114
1596,Greg,WALDEN,REPRESENTATIVE,R,OR,2,W000791,114
2182,Elizabeth,WARREN,SENATOR,D,MA,N/A,W000817,114
1226,Roger,WICKER,SENATOR,R,MS,N/A,W000437,114
1247,Ron,WYDEN,SENATOR,D,OR,N/A,W000779,114
1256,Don,YOUNG,REPRESENTATIVE,R,AK,0,Y000033,114
