speaker_id,first_name,last_name,type,party,state,district,bio_guide_id,congress_id
2201,Alma,ADAMS,REPRESENTATIVE,D,NC,12,A000370,114
1695,Lamar,ALEXANDER,SENATOR,R,TN,N/A,A000360,114
2239,Rick,ALLEN,REPRESENTATIVE,R,GA,12,A000372,114
2270,Brian,BABIN,REPRESENTATIVE,R,TX,36,B001291,114
99999999999999,First Name unavailable,BACON,Type Unavailable,Party Info Unavailable,state info unavailable,District Unavailable,BioGuideID unavailable,CongressID unavailable
99999999999999,First Name unavailable,BARRAGAN,Type Unavailable,Party Info Unavailable,state info unavailable,District Unavailable,BioGuideID unavailable,CongressID unavailable
1881,John,BARRASSO,SENATOR,R,WY,N/A,B001261,114
1838,Gus,BILIRAKIS,REPRESENTATIVE,R,FL,12,B001257,114
2063,Diane,BLACK,REPRESENTATIVE,R,TN,6,B001273,114
2092,Suzanne,BONAMICI,REPRESENTATIVE,D,OR,1,B001278,114
2203,Dave,BRAT,REPRESENTATIVE,R,VA,7,B001290,114
2106,Julia,BROWN,REPRESENTATIVE,D,CA,26,B001285,114
2233,Ken,BUCK,REPRESENTATIVE,R,CO,4,B001297,114
2018,Larry,BUCSHON,REPRESENTATIVE,R,IN,8,B001275,114
2127,Cheri,BUSTOS,REPRESENTATIVE,D,IL,17,B001286,114
2197,Bradley,BYRNE,REPRESENTATIVE,R,AL,1,B001289,114
172,Maria,CANTWELL,SENATOR,D,WA,N/A,C000127,114
,,CARDIN,SENATOR,D,MD,N/A,99999999999999999,114
1828,Robert,CASEY,SENATOR,D,PA,N/A,C001070,114
99999999999999,First Name unavailable,CHENEY,Type Unavailable,Party Info Unavailable,state info unavailable,District Unavailable,BioGuideID unavailable,CongressID unavailable
2055,David,CICILLINE,REPRESENTATIVE,D,RI,1,C001084,114
1912,Mike,COFFMAN,REPRESENTATIVE,R,CO,6,C001077,114
1825,Bob,CORKER,SENATOR,R,TN,N/A,C001071,114
1692,John,CORNYN,SENATOR,R,TX,N/A,C001056,114
1836,Joe,COURTNEY,REPRESENTATIVE,D,CT,2,C001069,114
99999999999999,First Name unavailable,CRIST,Type Unavailable,Party Info Unavailable,state info unavailable,District Unavailable,BioGuideID unavailable,CongressID unavailable
1807,Henry,CUELLAR,REPRESENTATIVE,D,TX,28,C001063,114
1670,John,CULBERSON,REPRESENTATIVE,R,TX,7,C001048,114
99999999999999,First Name unavailable,DAVIDSON,Type Unavailable,Party Info Unavailable,state info unavailable,District Unavailable,BioGuideID unavailable,CongressID unavailable
99999999999999,First Name unavailable,DEMINGS,Type Unavailable,Party Info Unavailable,state info unavailable,District Unavailable,BioGuideID unavailable,CongressID unavailable
1976,Theodore,DEUTCH,REPRESENTATIVE,D,FL,21,D000610,114
326,Richard,DURBIN,SENATOR,D,IL,N/A,D000563,114
1542,Michael,ENZI,SENATOR,R,WY,N/A,E000285,114
1332,Dianne,FEINSTEIN,SENATOR,D,CA,N/A,F000062,114
99999999999999,First Name unavailable,FERGUSON,Type Unavailable,Party Info Unavailable,state info unavailable,District Unavailable,BioGuideID unavailable,CongressID unavailable
2179,Deb,FISCHER,SENATOR,R,NE,N/A,F000463,114
1791,Virginia,FOXX,REPRESENTATIVE,R,NC,5,F000450,114
1969,Al,FRANKEN,SENATOR,D,MN,N/A,F000457,114
414,Rodney,FRELINGHUYSEN,REPRESENTATIVE,R,NJ,11,F000372,114
1973,John,GARAMENDI,REPRESENTATIVE,D,CA,3,G000559,114
1992,Paul,GOSAR,REPRESENTATIVE,R,AZ,4,G000565,114
2234,Gwen,GRAHAM,REPRESENTATIVE,D,FL,2,G000575,114
457,Chuck,GRASSLEY,SENATOR,R,IA,N/A,G000386,114
1708,Raul,GRIJALVA,REPRESENTATIVE,D,AZ,3,G000551,114
2276,Glenn,GROTHMAN,REPRESENTATIVE,R,WI,6,G000576,114
2032,Vicky,HARTZLER,REPRESENTATIVE,R,MO,4,H001053,114
1863,Dean,HELLER,SENATOR,R,NV,N/A,H001041,114
566,Steny,HOYER,REPRESENTATIVE,D,MD,5,H000874,114
1909,Duncan,HUNTER,REPRESENTATIVE,R,CA,50,H001048,114
583,James,INHOFE,SENATOR,R,OK,N/A,I000024,114
99999999999999,First Name unavailable,JAYAPAL,Type Unavailable,Party Info Unavailable,state info unavailable,District Unavailable,BioGuideID unavailable,CongressID unavailable
2264,John,KATKO,REPRESENTATIVE,R,NY,24,K000386,114
2025,William,KEATING,REPRESENTATIVE,D,MA,9,K000375,114
2134,Daniel,KILDEE,REPRESENTATIVE,D,MI,5,K000380,114
99999999999999,First Name unavailable,KRISHNAMOORTHI,Type Unavailable,Party Info Unavailable,state info unavailable,District Unavailable,BioGuideID unavailable,CongressID unavailable
1668,James,LANGEVIN,REPRESENTATIVE,D,RI,2,L000559,114
1383,Patrick,LEAHY,SENATOR,D,VT,N/A,L000174,114
1781,Daniel,LIPINSKI,REPRESENTATIVE,D,IL,3,L000563,114
701,Zoe,LOFGREN,REPRESENTATIVE,D,CA,19,L000397,114
1931,Blaine,LUETKEMEYER,REPRESENTATIVE,R,MO,3,L000569,114
735,Edward,MARKEY,SENATOR,D,MA,N/A,M000133,114
2142,Mark,MEADOWS,REPRESENTATIVE,R,NC,11,M001187,114
1900,Jeff,MERKLEY,SENATOR,D,OR,N/A,M001176,114
99999999999999,First Name unavailable,MITCHELL,Type Unavailable,Party Info Unavailable,state info unavailable,District Unavailable,BioGuideID unavailable,CongressID unavailable
1507,Jerry,MORAN,SENATOR,R,KS,N/A,M000934,114
1409,Patty,MURRAY,SENATOR,D,WA,N/A,M001111,114
850,Jerrold,NADLER,REPRESENTATIVE,D,NY,10,N000002,114
1602,Grace,NAPOLITANO,REPRESENTATIVE,D,CA,32,N000179,114
867,Richard,NOLAN,REPRESENTATIVE,D,MN,8,N000127,114
2202,Donald,NORCROSS,REPRESENTATIVE,D,NJ,1,N000188,114
99999999999999,First Name unavailable,PANETTA,Type Unavailable,Party Info Unavailable,state info unavailable,District Unavailable,BioGuideID unavailable,CongressID unavailable
1510,Bill,PASCRELL,REPRESENTATIVE,D,NJ,9,P000096,114
1992,Paul,PAUL,REPRESENTATIVE,R,AZ,4,G000565,114
2097,Donald,PAYNE,REPRESENTATIVE,D,NJ,10,P000604,114
905,Nancy,PELOSI,REPRESENTATIVE,D,CA,12,P000197,114
2157,Scott,PERRY,REPRESENTATIVE,R,PA,4,P000605,114
2113,Scott,PETERS,REPRESENTATIVE,D,CA,52,P000608,114
1910,Jared,POLIS,REPRESENTATIVE,D,CO,2,P000598,114
1010,Bernard,SANDERS,SENATOR,I,VT,N/A,S000033,114
1635,Adam,SCHIFF,REPRESENTATIVE,D,CA,28,S001150,114
99999999999999,First Name unavailable,SCHNEIDER,Type Unavailable,Party Info Unavailable,state info unavailable,District Unavailable,BioGuideID unavailable,CongressID unavailable
1036,Charles,SCHUMER,SENATOR,D,NY,N/A,S000148,114
1548,Jeff,SESSIONS,SENATOR,R,AL,N/A,S001141,114
1901,Jeanne,SHAHEEN,SENATOR,D,NH,N/A,S001181,114
1069,Louise,SLAUGHTER,REPRESENTATIVE,D,NY,25,S000480,114
99999999999999,First Name unavailable,SMUCKER,Type Unavailable,Party Info Unavailable,state info unavailable,District Unavailable,BioGuideID unavailable,CongressID unavailable
1890,Jackie,SPEIER,REPRESENTATIVE,D,CA,14,S001175,114
1531,Debbie,STABENOW,SENATOR,D,MI,N/A,S000770,114
2263,Elise,STEFANIK,REPRESENTATIVE,R,NY,21,S001196,114
1155,Mac,THORNBERRY,REPRESENTATIVE,R,TX,13,T000238,114
1884,Niki,TSONGAS,REPRESENTATIVE,D,MA,3,T000465,114
1741,Michael,TURNER,REPRESENTATIVE,R,OH,10,T000463,114
1855,Tim,WALBERG,REPRESENTATIVE,R,MI,7,W000798,114
2182,Elizabeth,WARREN,SENATOR,D,MA,N/A,W000817,114
2224,Bruce,WESTERMAN,REPRESENTATIVE,R,AR,4,W000821,114
1823,Sheldon,WHITEHOUSE,SENATOR,D,RI,N/A,W000802,114
1886,Robert,WITTMAN,REPRESENTATIVE,R,VA,1,W000804,114
1247,Ron,WYDEN,SENATOR,D,OR,N/A,W000779,114
