speaker_id,first_name,last_name,type,party,state,district,bio_guide_id,congress_id
1695,Lamar,ALEXANDER,SENATOR,R,TN,N/A,A000360,114
99999999999999,First Name unavailable,ARRINGTON,Type Unavailable,Party Info Unavailable,state info unavailable,District Unavailable,BioGuideID unavailable,CongressID unavailable
2153,Joyce,BEATTY,REPRESENTATIVE,D,OH,3,B001281,114
1965,Michael,BENNET,SENATOR,D,CO,N/A,B001267,114
2076,Richard,BLUMENTHAL,SENATOR,D,CT,N/A,B001277,114
2106,Julia,BROWN,REPRESENTATIVE,D,CA,26,B001285,114
2233,Ken,BUCK,REPRESENTATIVE,R,CO,4,B001297,114
,,CARDIN,SENATOR,D,MD,N/A,99999999999999999,114
179,Thomas,CARPER,SENATOR,D,DE,N/A,C000174,114
2159,Matt,CARTWRIGHT,REPRESENTATIVE,D,PA,17,C001090,114
1828,Robert,CASEY,SENATOR,D,PA,N/A,C001070,114
1956,Jason,CHAFFETZ,REPRESENTATIVE,R,UT,3,C001076,114
2055,David,CICILLINE,REPRESENTATIVE,D,RI,1,C001084,114
208,James,CLYBURN,REPRESENTATIVE,D,SC,6,C000537,114
2121,Doug,COLLINS,REPRESENTATIVE,R,GA,9,C001093,114
1959,Gerald,CONNOLLY,REPRESENTATIVE,D,VA,11,C001078,114
1984,Christopher,COONS,SENATOR,D,DE,N/A,C001088,114
1825,Bob,CORKER,SENATOR,R,TN,N/A,C001071,114
1692,John,CORNYN,SENATOR,R,TX,N/A,C001056,114
1604,Joseph,CROWLEY,REPRESENTATIVE,D,NY,14,C001038,114
2138,Steve,DAINES,SENATOR,R,MT,N/A,D000618,114
2123,Tammy,DUCKWORTH,REPRESENTATIVE,D,IL,8,D000622,114
326,Richard,DURBIN,SENATOR,D,IL,N/A,D000563,114
1542,Michael,ENZI,SENATOR,R,WY,N/A,E000285,114
99999999999999,First Name unavailable,ESPAILLAT,Type Unavailable,Party Info Unavailable,state info unavailable,District Unavailable,BioGuideID unavailable,CongressID unavailable
99999999999999,First Name unavailable,EVANS,Type Unavailable,Party Info Unavailable,state info unavailable,District Unavailable,BioGuideID unavailable,CongressID unavailable
1332,Dianne,FEINSTEIN,SENATOR,D,CA,N/A,F000062,114
1791,Virginia,FOXX,REPRESENTATIVE,R,NC,5,F000450,114
1969,Al,FRANKEN,SENATOR,D,MN,N/A,F000457,114
99999999999999,First Name unavailable,GARDNER,Type Unavailable,Party Info Unavailable,state info unavailable,District Unavailable,BioGuideID unavailable,CongressID unavailable
1801,Louie,GOHMERT,REPRESENTATIVE,R,TX,1,G000552,114
2234,Gwen,GRAHAM,REPRESENTATIVE,D,FL,2,G000575,114
1487,Kay,GRANGER,REPRESENTATIVE,R,TX,12,G000377,114
1708,Raul,GRIJALVA,REPRESENTATIVE,D,AZ,3,G000551,114
99999999999999,First Name unavailable,HASSAN,Type Unavailable,Party Info Unavailable,state info unavailable,District Unavailable,BioGuideID unavailable,CongressID unavailable
1351,Orrin,HATCH,SENATOR,R,UT,N/A,H000338,114
1844,Mazie,HIRONO,SENATOR,D,HI,N/A,H001042,114
99999999999999,First Name unavailable,JAYAPAL,Type Unavailable,Party Info Unavailable,state info unavailable,District Unavailable,BioGuideID unavailable,CongressID unavailable
2176,Tim,KAINE,SENATOR,D,VA,N/A,K000384,114
2025,William,KEATING,REPRESENTATIVE,D,MA,9,K000375,114
2172,Joseph,KENNEDY,REPRESENTATIVE,D,MA,4,K000379,114
1724,Steve,KING,REPRESENTATIVE,R,IA,4,K000362,114
1826,Amy,KLOBUCHAR,SENATOR,D,MN,N/A,K000367,114
2050,James,LANKFORD,SENATOR,R,OK,N/A,L000575,114
1383,Patrick,LEAHY,SENATOR,D,VT,N/A,L000174,114
99999999999999,First Name unavailable,MARSHALL,Type Unavailable,Party Info Unavailable,state info unavailable,District Unavailable,BioGuideID unavailable,CongressID unavailable
2142,Mark,MEADOWS,REPRESENTATIVE,R,NC,11,M001187,114
1900,Jeff,MERKLEY,SENATOR,D,OR,N/A,M001176,114
99999999999999,First Name unavailable,MITCHELL,Type Unavailable,Party Info Unavailable,state info unavailable,District Unavailable,BioGuideID unavailable,CongressID unavailable
1837,Christopher,MURPHY,SENATOR,D,CT,N/A,M001169,114
1409,Patty,MURRAY,SENATOR,D,WA,N/A,M001111,114
867,Richard,NOLAN,REPRESENTATIVE,D,MN,8,N000127,114
868,Eleanor,NORTON,DELEGATE,D,DC,N/A,N000147,114
,,PLASKETT,DELEGATE,I,VI,N/A,99999999999999999,114
2247,Bruce,POLIQUIN,REPRESENTATIVE,R,ME,2,P000611,114
1910,Jared,POLIS,REPRESENTATIVE,D,CO,2,P000598,114
99999999999999,First Name unavailable,RASKIN,Type Unavailable,Party Info Unavailable,state info unavailable,District Unavailable,BioGuideID unavailable,CongressID unavailable
1982,Tom,REED,REPRESENTATIVE,R,NY,23,R000585,114
2023,Cedric,RICHMOND,REPRESENTATIVE,D,LA,2,R000588,114
,,SABLAN,DELEGATE,I,MP,N/A,99999999999999999,114
1010,Bernard,SANDERS,SENATOR,I,VT,N/A,S000033,114
1588,Janice,SCHAKOWSKY,REPRESENTATIVE,D,IL,9,S001145,114
2173,Brian,SCHATZ,SENATOR,D,HI,N/A,S001194,114
1036,Charles,SCHUMER,SENATOR,D,NY,N/A,S000148,114
2113,Scott,SCOTT,REPRESENTATIVE,D,CA,52,P000608,114
1548,Jeff,SESSIONS,SENATOR,R,AL,N/A,S001141,114
1531,Debbie,STABENOW,SENATOR,D,MI,N/A,S000770,114
2290,Dan,SULLIVAN,SENATOR,R,AK,N/A,S001198,114
2110,Mark,TAKANO,REPRESENTATIVE,D,CA,41,T000472,114
1534,John,THUNE,SENATOR,R,SD,N/A,T000250,114
1567,Tom,UDALL,SENATOR,D,NM,N/A,U000039,114
2166,Marc,VEASEY,REPRESENTATIVE,D,TX,33,V000131,114
2182,Elizabeth,WARREN,SENATOR,D,MA,N/A,W000817,114
1823,Sheldon,WHITEHOUSE,SENATOR,D,RI,N/A,W000802,114
1226,Roger,WICKER,SENATOR,R,MS,N/A,W000437,114
2165,Roger,WILLIAMS,REPRESENTATIVE,R,TX,25,W000816,114
1247,Ron,WYDEN,SENATOR,D,OR,N/A,W000779,114
