speaker_id,first_name,last_name,type,party,state,district,bio_guide_id,congress_id
2201,Alma,ADAMS,REPRESENTATIVE,D,NC,12,A000370,114
2229,Pete,AGUILAR,REPRESENTATIVE,D,CA,31,A000371,114
1695,Lamar,ALEXANDER,SENATOR,R,TN,N/A,A000360,114
2239,Rick,ALLEN,REPRESENTATIVE,R,GA,12,A000372,114
1881,John,BARRASSO,SENATOR,R,WY,N/A,B001261,114
62,Joe,BARTON,REPRESENTATIVE,R,TX,6,B000213,114
1965,Michael,BENNET,SENATOR,D,CO,N/A,B001267,114
2272,Donald,BEYER,REPRESENTATIVE,D,VA,8,B001292,114
2076,Richard,BLUMENTHAL,SENATOR,D,CT,N/A,B001277,114
2194,Cory,BOOKER,SENATOR,D,NJ,N/A,B001288,114
2106,Julia,BROWN,REPRESENTATIVE,D,CA,26,B001285,114
153,Richard,BURR,SENATOR,R,NC,N/A,B001135,114
165,Ken,CALVERT,REPRESENTATIVE,R,CA,42,C000059,114
172,Maria,CANTWELL,SENATOR,D,WA,N/A,C000127,114
99999999999999,First Name unavailable,CARBAJAL,Type Unavailable,Party Info Unavailable,state info unavailable,District Unavailable,BioGuideID unavailable,CongressID unavailable
179,Thomas,CARPER,SENATOR,D,DE,N/A,C000174,114
1828,Robert,CASEY,SENATOR,D,PA,N/A,C001070,114
2273,Barbara,COMSTOCK,REPRESENTATIVE,R,VA,10,C001105,114
1959,Gerald,CONNOLLY,REPRESENTATIVE,D,VA,11,C001078,114
2103,Paul,COOK,REPRESENTATIVE,R,CA,8,C001094,114
1692,John,CORNYN,SENATOR,R,TX,N/A,C001056,114
1774,Jim,COSTA,REPRESENTATIVE,D,CA,16,C001059,114
99999999999999,First Name unavailable,CRIST,Type Unavailable,Party Info Unavailable,state info unavailable,District Unavailable,BioGuideID unavailable,CongressID unavailable
2138,Steve,DAINES,SENATOR,R,MT,N/A,D000618,114
1995,Jeff,DENHAM,REPRESENTATIVE,R,CA,10,D000612,114
1850,Joe,DONNELLY,SENATOR,D,IN,N/A,D000607,114
2123,Tammy,DUCKWORTH,REPRESENTATIVE,D,IL,8,D000622,114
99999999999999,First Name unavailable,DUNN,Type Unavailable,Party Info Unavailable,state info unavailable,District Unavailable,BioGuideID unavailable,CongressID unavailable
326,Richard,DURBIN,SENATOR,D,IL,N/A,D000563,114
344,Eliot,ENGEL,REPRESENTATIVE,D,NY,16,E000179,114
1542,Michael,ENZI,SENATOR,R,WY,N/A,E000285,114
1332,Dianne,FEINSTEIN,SENATOR,D,CA,N/A,F000062,114
1633,Jeff,FLAKE,SENATOR,R,AZ,N/A,F000444,114
1969,Al,FRANKEN,SENATOR,D,MN,N/A,F000457,114
2122,Tulsi,GABBARD,REPRESENTATIVE,D,HI,2,G000571,114
99999999999999,First Name unavailable,GARDNER,Type Unavailable,Party Info Unavailable,state info unavailable,District Unavailable,BioGuideID unavailable,CongressID unavailable
1866,Kirsten,GILLIBRAND,SENATOR,D,NY,N/A,G000555,114
446,Bob,GOODLATTE,REPRESENTATIVE,R,VA,6,G000289,114
1992,Paul,GOSAR,REPRESENTATIVE,R,AZ,4,G000565,114
1708,Raul,GRIJALVA,REPRESENTATIVE,D,AZ,3,G000551,114
2026,Andy,HARRIS,REPRESENTATIVE,R,MD,1,H001052,114
99999999999999,First Name unavailable,HASSAN,Type Unavailable,Party Info Unavailable,state info unavailable,District Unavailable,BioGuideID unavailable,CongressID unavailable
1351,Orrin,HATCH,SENATOR,R,UT,N/A,H000338,114
2174,Heidi,HEITKAMP,SENATOR,D,ND,N/A,H001069,114
583,James,INHOFE,SENATOR,R,OK,N/A,I000024,114
99999999999999,First Name unavailable,JAYAPAL,Type Unavailable,Party Info Unavailable,state info unavailable,District Unavailable,BioGuideID unavailable,CongressID unavailable
612,Walter,JONES,REPRESENTATIVE,R,NC,3,J000255,114
2176,Tim,KAINE,SENATOR,D,VA,N/A,K000384,114
99999999999999,First Name unavailable,KHANNA,Type Unavailable,Party Info Unavailable,state info unavailable,District Unavailable,BioGuideID unavailable,CongressID unavailable
1724,Steve,KING,REPRESENTATIVE,R,IA,4,K000362,114
1826,Amy,KLOBUCHAR,SENATOR,D,MN,N/A,K000367,114
1668,James,LANGEVIN,REPRESENTATIVE,D,RI,2,L000559,114
1501,Barbara,LEE,REPRESENTATIVE,D,CA,13,L000551,114
735,Edward,MARKEY,SENATOR,D,MA,N/A,M000133,114
2142,Mark,MEADOWS,REPRESENTATIVE,R,NC,11,M001187,114
791,Robert,MENENDEZ,SENATOR,D,NJ,N/A,M000639,114
99999999999999,First Name unavailable,MERKELY,Type Unavailable,Party Info Unavailable,state info unavailable,District Unavailable,BioGuideID unavailable,CongressID unavailable
1900,Jeff,MERKLEY,SENATOR,D,OR,N/A,M001176,114
1507,Jerry,MORAN,SENATOR,R,KS,N/A,M000934,114
1837,Christopher,MURPHY,SENATOR,D,CT,N/A,M001169,114
1409,Patty,MURRAY,SENATOR,D,WA,N/A,M001111,114
1602,Grace,NAPOLITANO,REPRESENTATIVE,D,CA,32,N000179,114
859,Bill,NELSON,SENATOR,D,FL,N/A,N000032,114
868,Eleanor,NORTON,DELEGATE,D,DC,N/A,N000147,114
1930,Erik,PAULSEN,REPRESENTATIVE,R,MN,3,P000594,114
2113,Scott,PETERS,REPRESENTATIVE,D,CA,52,P000608,114
910,Collin,PETERSON,REPRESENTATIVE,D,MN,7,P000258,114
2141,Robert,PITTENGER,REPRESENTATIVE,R,NC,9,P000606,114
99999999999999,First Name unavailable,RASKIN,Type Unavailable,Party Info Unavailable,state info unavailable,District Unavailable,BioGuideID unavailable,CongressID unavailable
1982,Tom,REED,REPRESENTATIVE,R,NY,23,R000585,114
1986,Martha,ROBY,REPRESENTATIVE,R,AL,2,R000591,114
2158,Keith,ROTHFUS,REPRESENTATIVE,R,PA,12,R000598,114
1003,Bobby,RUSH,REPRESENTATIVE,D,IL,1,R000515,114
1010,Bernard,SANDERS,SENATOR,I,VT,N/A,S000033,114
2173,Brian,SCHATZ,SENATOR,D,HI,N/A,S001194,114
1950,Kurt,SCHRADER,REPRESENTATIVE,D,OR,5,S001180,114
1036,Charles,SCHUMER,SENATOR,D,NY,N/A,S000148,114
1041,F.,SENSENBRENNER,REPRESENTATIVE,R,WI,5,S000244,114
1901,Jeanne,SHAHEEN,SENATOR,D,NH,N/A,S001181,114
2099,Kyrsten,SINEMA,REPRESENTATIVE,D,AZ,9,S001191,114
1531,Debbie,STABENOW,SENATOR,D,MI,N/A,S000770,114
2290,Dan,SULLIVAN,SENATOR,R,AK,N/A,S001198,114
99999999999999,First Name unavailable,SUOZZI,Type Unavailable,Party Info Unavailable,state info unavailable,District Unavailable,BioGuideID unavailable,CongressID unavailable
1829,Jon,TESTER,SENATOR,D,MT,N/A,T000464,114
1534,John,THUNE,SENATOR,R,SD,N/A,T000250,114
2291,Thom,TILLIS,SENATOR,R,NC,N/A,T000476,114
1567,Tom,UDALL,SENATOR,D,NM,N/A,U000039,114
1177,Fred,UPTON,REPRESENTATIVE,R,MI,6,U000031,114
2166,Marc,VEASEY,REPRESENTATIVE,D,TX,33,V000131,114
1897,Mark,WARNER,SENATOR,D,VA,N/A,W000805,114
2182,Elizabeth,WARREN,SENATOR,D,MA,N/A,W000817,114
2224,Bruce,WESTERMAN,REPRESENTATIVE,R,AR,4,W000821,114
1823,Sheldon,WHITEHOUSE,SENATOR,D,RI,N/A,W000802,114
1247,Ron,WYDEN,SENATOR,D,OR,N/A,W000779,114
2115,Ted,YOHO,REPRESENTATIVE,R,FL,3,Y000065,114
