speaker_id,first_name,last_name,type,party,state,district,bio_guide_id,congress_id
2239,Rick,ALLEN,REPRESENTATIVE,R,GA,12,A000372,114
99999999999999,First Name unavailable,ARRINGTON,Type Unavailable,Party Info Unavailable,state info unavailable,District Unavailable,BioGuideID unavailable,CongressID unavailable
99999999999999,First Name unavailable,BACON,Type Unavailable,Party Info Unavailable,state info unavailable,District Unavailable,BioGuideID unavailable,CongressID unavailable
2071,Jaime,BEUTLER,REPRESENTATIVE,R,WA,3,H001056,114
99,Earl,BLUMENAUER,REPRESENTATIVE,D,OR,3,B000574,114
2092,Suzanne,BONAMICI,REPRESENTATIVE,D,OR,1,B001278,114
1687,John,BOOZMAN,SENATOR,R,AR,N/A,B001236,114
2106,Julia,BROWN,REPRESENTATIVE,D,CA,26,B001285,114
153,Richard,BURR,SENATOR,R,NC,N/A,B001135,114
2127,Cheri,BUSTOS,REPRESENTATIVE,D,IL,17,B001286,114
172,Maria,CANTWELL,SENATOR,D,WA,N/A,C000127,114
99999999999999,First Name unavailable,CAPITO,Type Unavailable,Party Info Unavailable,state info unavailable,District Unavailable,BioGuideID unavailable,CongressID unavailable
,,CARDIN,SENATOR,D,MD,N/A,99999999999999999,114
179,Thomas,CARPER,SENATOR,D,DE,N/A,C000174,114
1828,Robert,CASEY,SENATOR,D,PA,N/A,C001070,114
1925,Bill,CASSIDY,SENATOR,R,LA,N/A,C001075,114
2055,David,CICILLINE,REPRESENTATIVE,D,RI,1,C001084,114
1692,John,CORNYN,SENATOR,R,TX,N/A,C001056,114
2098,Tom,COTTON,SENATOR,R,AR,N/A,C001095,114
1836,Joe,COURTNEY,REPRESENTATIVE,D,CT,2,C001069,114
1604,Joseph,CROWLEY,REPRESENTATIVE,D,NY,14,C001038,114
99999999999999,First Name unavailable,DAVIDSON,Type Unavailable,Party Info Unavailable,state info unavailable,District Unavailable,BioGuideID unavailable,CongressID unavailable
99999999999999,First Name unavailable,DUFFY,Type Unavailable,Party Info Unavailable,state info unavailable,District Unavailable,BioGuideID unavailable,CongressID unavailable
326,Richard,DURBIN,SENATOR,D,IL,N/A,D000563,114
2253,Tom,EMMER,REPRESENTATIVE,R,MN,6,E000294,114
1542,Michael,ENZI,SENATOR,R,WY,N/A,E000285,114
99999999999999,First Name unavailable,ESPAILLAT,Type Unavailable,Party Info Unavailable,state info unavailable,District Unavailable,BioGuideID unavailable,CongressID unavailable
99999999999999,First Name unavailable,FERGUSON,Type Unavailable,Party Info Unavailable,state info unavailable,District Unavailable,BioGuideID unavailable,CongressID unavailable
99999999999999,First Name unavailable,GAETZ,Type Unavailable,Party Info Unavailable,state info unavailable,District Unavailable,BioGuideID unavailable,CongressID unavailable
99999999999999,First Name unavailable,GARDNER,Type Unavailable,Party Info Unavailable,state info unavailable,District Unavailable,BioGuideID unavailable,CongressID unavailable
457,Chuck,GRASSLEY,SENATOR,R,IA,N/A,G000386,114
478,Luis,GUTIERREZ,REPRESENTATIVE,D,IL,4,G000535,114
99999999999999,First Name unavailable,HASSAN,Type Unavailable,Party Info Unavailable,state info unavailable,District Unavailable,BioGuideID unavailable,CongressID unavailable
1351,Orrin,HATCH,SENATOR,R,UT,N/A,H000338,114
1937,Martin,HEINRICH,SENATOR,D,NM,N/A,H001046,114
1913,James,HIMES,REPRESENTATIVE,D,CT,4,H001047,114
583,James,INHOFE,SENATOR,R,OK,N/A,I000024,114
1608,Johnny,ISAKSON,SENATOR,R,GA,N/A,I000055,114
99999999999999,First Name unavailable,JAYAPAL,Type Unavailable,Party Info Unavailable,state info unavailable,District Unavailable,BioGuideID unavailable,CongressID unavailable
2149,Hakeem,JEFFRIES,REPRESENTATIVE,D,NY,8,J000294,114
,,JOHNSON,REPRESENTATIVE,R,GA,4,99999999999999999,114
616,Marcy,KAPTUR,REPRESENTATIVE,D,OH,8,K000009,114
2264,John,KATKO,REPRESENTATIVE,R,NY,24,K000386,114
2134,Daniel,KILDEE,REPRESENTATIVE,D,MI,5,K000380,114
2169,Derek,KILMER,REPRESENTATIVE,D,WA,6,K000381,114
99999999999999,First Name unavailable,KRISHNAMOORTHI,Type Unavailable,Party Info Unavailable,state info unavailable,District Unavailable,BioGuideID unavailable,CongressID unavailable
1668,James,LANGEVIN,REPRESENTATIVE,D,RI,2,L000559,114
1383,Patrick,LEAHY,SENATOR,D,VT,N/A,L000174,114
2238,Barry,LOUDERMILK,REPRESENTATIVE,R,GA,11,L000583,114
735,Edward,MARKEY,SENATOR,D,MA,N/A,M000133,114
99999999999999,First Name unavailable,MARSHALL,Type Unavailable,Party Info Unavailable,state info unavailable,District Unavailable,BioGuideID unavailable,CongressID unavailable
2052,Patrick,MEEHAN,REPRESENTATIVE,R,PA,7,M001181,114
1507,Jerry,MORAN,SENATOR,R,KS,N/A,M000934,114
1602,Grace,NAPOLITANO,REPRESENTATIVE,D,CA,32,N000179,114
859,Bill,NELSON,SENATOR,D,FL,N/A,N000032,114
1955,Pete,OLSON,REPRESENTATIVE,R,TX,22,O000168,114
99999999999999,First Name unavailable,PANETTA,Type Unavailable,Party Info Unavailable,state info unavailable,District Unavailable,BioGuideID unavailable,CongressID unavailable
2097,Donald,PAYNE,REPRESENTATIVE,D,NJ,10,P000604,114
2113,Scott,PETERS,REPRESENTATIVE,D,CA,52,P000608,114
,,PLASKETT,DELEGATE,I,VI,N/A,99999999999999999,114
1982,Tom,REED,REPRESENTATIVE,R,NY,23,R000585,114
99999999999999,First Name unavailable,ROSEN,Type Unavailable,Party Info Unavailable,state info unavailable,District Unavailable,BioGuideID unavailable,CongressID unavailable
2084,Marco,RUBIO,SENATOR,R,FL,N/A,R000595,114
99999999999999,First Name unavailable,RUTHERFORD,Type Unavailable,Party Info Unavailable,state info unavailable,District Unavailable,BioGuideID unavailable,CongressID unavailable
,,SABLAN,DELEGATE,I,MP,N/A,99999999999999999,114
1010,Bernard,SANDERS,SENATOR,I,VT,N/A,S000033,114
1892,Steve,SCALISE,REPRESENTATIVE,R,LA,1,S001176,114
2173,Brian,SCHATZ,SENATOR,D,HI,N/A,S001194,114
99999999999999,First Name unavailable,SCHNEIDER,Type Unavailable,Party Info Unavailable,state info unavailable,District Unavailable,BioGuideID unavailable,CongressID unavailable
1036,Charles,SCHUMER,SENATOR,D,NY,N/A,S000148,114
2113,Scott,SCOTT,REPRESENTATIVE,D,CA,52,P000608,114
1901,Jeanne,SHAHEEN,SENATOR,D,NH,N/A,S001181,114
1527,John,SHIMKUS,REPRESENTATIVE,R,IL,15,S000364,114
1531,Debbie,STABENOW,SENATOR,D,MI,N/A,S000770,114
2290,Dan,SULLIVAN,SENATOR,R,AK,N/A,S001198,114
2110,Mark,TAKANO,REPRESENTATIVE,D,CA,41,T000472,114
99999999999999,First Name unavailable,TENNEY,Type Unavailable,Party Info Unavailable,state info unavailable,District Unavailable,BioGuideID unavailable,CongressID unavailable
1534,John,THUNE,SENATOR,R,SD,N/A,T000250,114
1942,Paul,TONKO,REPRESENTATIVE,D,NY,20,T000469,114
2166,Marc,VEASEY,REPRESENTATIVE,D,TX,33,V000131,114
1855,Tim,WALBERG,REPRESENTATIVE,R,MI,7,W000798,114
2165,Roger,WILLIAMS,REPRESENTATIVE,R,TX,25,W000816,114
1247,Ron,WYDEN,SENATOR,D,OR,N/A,W000779,114
2115,Ted,YOHO,REPRESENTATIVE,R,FL,3,Y000065,114
