speaker_id,first_name,last_name,type,party,state,district,bio_guide_id,congress_id
2244,Ralph,ABRAHAM,REPRESENTATIVE,R,LA,5,A000374,114
2201,Alma,ADAMS,REPRESENTATIVE,D,NC,12,A000370,114
1695,Lamar,ALEXANDER,SENATOR,R,TN,N/A,A000360,114
2239,Rick,ALLEN,REPRESENTATIVE,R,GA,12,A000372,114
99999999999999,First Name unavailable,ARRINGTON,Type Unavailable,Party Info Unavailable,state info unavailable,District Unavailable,BioGuideID unavailable,CongressID unavailable
2270,Brian,BABIN,REPRESENTATIVE,R,TX,36,B001291,114
99999999999999,First Name unavailable,BACON,Type Unavailable,Party Info Unavailable,state info unavailable,District Unavailable,BioGuideID unavailable,CongressID unavailable
2238,Barry,BARR,REPRESENTATIVE,R,GA,11,L000583,114
99999999999999,First Name unavailable,BARRAGAN,Type Unavailable,Party Info Unavailable,state info unavailable,District Unavailable,BioGuideID unavailable,CongressID unavailable
1881,John,BARRASSO,SENATOR,R,WY,N/A,B001261,114
1965,Michael,BENNET,SENATOR,D,CO,N/A,B001267,114
99999999999999,First Name unavailable,BERGMAN,Type Unavailable,Party Info Unavailable,state info unavailable,District Unavailable,BioGuideID unavailable,CongressID unavailable
1838,Gus,BILIRAKIS,REPRESENTATIVE,R,FL,12,B001257,114
2063,Diane,BLACK,REPRESENTATIVE,R,TN,6,B001273,114
2076,Richard,BLUM,SENATOR,D,CT,N/A,B001277,114
99,Earl,BLUMENAUER,REPRESENTATIVE,D,OR,3,B000574,114
2076,Richard,BLUMENTHAL,SENATOR,D,CT,N/A,B001277,114
1464,Roy,BLUNT,SENATOR,R,MO,N/A,B000575,114
2092,Suzanne,BONAMICI,REPRESENTATIVE,D,OR,1,B001278,114
2194,Cory,BOOKER,SENATOR,D,NJ,N/A,B001288,114
99999999999999,First Name unavailable,BORDALLO,Type Unavailable,Party Info Unavailable,state info unavailable,District Unavailable,BioGuideID unavailable,CongressID unavailable
2243,Mike,BOST,REPRESENTATIVE,R,IL,12,B001295,114
2106,Julia,BROWN,REPRESENTATIVE,D,CA,26,B001285,114
,,BUDD,REPRESENTATIVE,R,GA,1,99999999999999999,114
1751,Michael,BURGESS,REPRESENTATIVE,R,TX,26,B001248,114
2127,Cheri,BUSTOS,REPRESENTATIVE,D,IL,17,B001286,114
1761,G.,BUTTERFIELD,REPRESENTATIVE,D,NC,1,B001251,114
2197,Bradley,BYRNE,REPRESENTATIVE,R,AL,1,B001289,114
172,Maria,CANTWELL,SENATOR,D,WA,N/A,C000127,114
99999999999999,First Name unavailable,CAPITO,Type Unavailable,Party Info Unavailable,state info unavailable,District Unavailable,BioGuideID unavailable,CongressID unavailable
1564,Michael,CAPUANO,REPRESENTATIVE,D,MA,7,C001037,114
99999999999999,First Name unavailable,CARBAJAL,Type Unavailable,Party Info Unavailable,state info unavailable,District Unavailable,BioGuideID unavailable,CongressID unavailable
,,CARDIN,SENATOR,D,MD,N/A,99999999999999999,114
179,Thomas,CARPER,SENATOR,D,DE,N/A,C000174,114
2159,Matt,CARTWRIGHT,REPRESENTATIVE,D,PA,17,C001090,114
1925,Bill,CASSIDY,SENATOR,R,LA,N/A,C001075,114
186,Steve,CHABOT,REPRESENTATIVE,R,OH,1,C000266,114
99999999999999,First Name unavailable,CHENEY,Type Unavailable,Party Info Unavailable,state info unavailable,District Unavailable,BioGuideID unavailable,CongressID unavailable
2055,David,CICILLINE,REPRESENTATIVE,D,RI,1,C001084,114
,,CLEAVER,REPRESENTATIVE,D,MO,5,99999999999999999,114
1912,Mike,COFFMAN,REPRESENTATIVE,R,CO,6,C001077,114
2121,Doug,COLLINS,REPRESENTATIVE,R,GA,9,C001093,114
99999999999999,First Name unavailable,COMER,Type Unavailable,Party Info Unavailable,state info unavailable,District Unavailable,BioGuideID unavailable,CongressID unavailable
1805,K.,CONAWAY,REPRESENTATIVE,R,TX,11,C001062,114
1959,Gerald,CONNOLLY,REPRESENTATIVE,D,VA,11,C001078,114
231,Jim,COOPER,REPRESENTATIVE,D,TN,5,C000754,114
1825,Bob,CORKER,SENATOR,R,TN,N/A,C001071,114
1692,John,CORNYN,SENATOR,R,TX,N/A,C001056,114
2098,Tom,COTTON,SENATOR,R,AR,N/A,C001095,114
1836,Joe,COURTNEY,REPRESENTATIVE,D,CT,2,C001069,114
99999999999999,First Name unavailable,CRIST,Type Unavailable,Party Info Unavailable,state info unavailable,District Unavailable,BioGuideID unavailable,CongressID unavailable
2175,Ted,CRUZ,SENATOR,R,TX,N/A,C001098,114
1807,Henry,CUELLAR,REPRESENTATIVE,D,TX,28,C001063,114
99999999999999,First Name unavailable,CURTIS,Type Unavailable,Party Info Unavailable,state info unavailable,District Unavailable,BioGuideID unavailable,CongressID unavailable
2138,Steve,DAINES,SENATOR,R,MT,N/A,D000618,114
99999999999999,First Name unavailable,DAVIDSON,Type Unavailable,Party Info Unavailable,state info unavailable,District Unavailable,BioGuideID unavailable,CongressID unavailable
99999999999999,First Name unavailable,DEMINGS,Type Unavailable,Party Info Unavailable,state info unavailable,District Unavailable,BioGuideID unavailable,CongressID unavailable
303,Lloyd,DOGGETT,REPRESENTATIVE,D,TX,35,D000399,114
1850,Joe,DONNELLY,SENATOR,D,IN,N/A,D000607,114
2123,Tammy,DUCKWORTH,REPRESENTATIVE,D,IL,8,D000622,114
99999999999999,First Name unavailable,DUFFY,Type Unavailable,Party Info Unavailable,state info unavailable,District Unavailable,BioGuideID unavailable,CongressID unavailable
99999999999999,First Name unavailable,DUNN,Type Unavailable,Party Info Unavailable,state info unavailable,District Unavailable,BioGuideID unavailable,CongressID unavailable
326,Richard,DURBIN,SENATOR,D,IL,N/A,D000563,114
1857,Keith,ELLISON,REPRESENTATIVE,D,MN,5,E000288,114
2253,Tom,EMMER,REPRESENTATIVE,R,MN,6,E000294,114
344,Eliot,ENGEL,REPRESENTATIVE,D,NY,16,E000179,114
2283,Joni,ERNST,SENATOR,R,IA,N/A,E000295,114
355,Anna,ESHOO,REPRESENTATIVE,D,CA,18,E000215,114
99999999999999,First Name unavailable,ESPAILLAT,Type Unavailable,Party Info Unavailable,state info unavailable,District Unavailable,BioGuideID unavailable,CongressID unavailable
99999999999999,First Name unavailable,EVANS,Type Unavailable,Party Info Unavailable,state info unavailable,District Unavailable,BioGuideID unavailable,CongressID unavailable
2067,Blake,FARENTHOLD,REPRESENTATIVE,R,TX,27,F000460,114
1332,Dianne,FEINSTEIN,SENATOR,D,CA,N/A,F000062,114
2179,Deb,FISCHER,SENATOR,R,NE,N/A,F000463,114
1797,Michael,FITZPATRICK,REPRESENTATIVE,R,PA,8,F000451,114
1791,Virginia,FOXX,REPRESENTATIVE,R,NC,5,F000450,114
1969,Al,FRANKEN,SENATOR,D,MN,N/A,F000457,114
99999999999999,First Name unavailable,GALLAGHER,Type Unavailable,Party Info Unavailable,state info unavailable,District Unavailable,BioGuideID unavailable,CongressID unavailable
1973,John,GARAMENDI,REPRESENTATIVE,D,CA,3,G000559,114
99999999999999,First Name unavailable,GARDNER,Type Unavailable,Party Info Unavailable,state info unavailable,District Unavailable,BioGuideID unavailable,CongressID unavailable
1737,Scott,GARRETT,REPRESENTATIVE,R,NJ,5,G000548,114
99999999999999,First Name unavailable,GIANFORTE,Type Unavailable,Party Info Unavailable,state info unavailable,District Unavailable,BioGuideID unavailable,CongressID unavailable
1801,Louie,GOHMERT,REPRESENTATIVE,R,TX,1,G000552,114
99999999999999,First Name unavailable,GOTTHEIMER,Type Unavailable,Party Info Unavailable,state info unavailable,District Unavailable,BioGuideID unavailable,CongressID unavailable
1487,Kay,GRANGER,REPRESENTATIVE,R,TX,12,G000377,114
457,Chuck,GRASSLEY,SENATOR,R,IA,N/A,G000386,114
99999999999999,First Name unavailable,HANDEL,Type Unavailable,Party Info Unavailable,state info unavailable,District Unavailable,BioGuideID unavailable,CongressID unavailable
2026,Andy,HARRIS,REPRESENTATIVE,R,MD,1,H001052,114
2032,Vicky,HARTZLER,REPRESENTATIVE,R,MO,4,H001053,114
99999999999999,First Name unavailable,HASSAN,Type Unavailable,Party Info Unavailable,state info unavailable,District Unavailable,BioGuideID unavailable,CongressID unavailable
511,Alcee,HASTINGS,REPRESENTATIVE,D,FL,20,H000324,114
1351,Orrin,HATCH,SENATOR,R,UT,N/A,H000338,114
2174,Heidi,HEITKAMP,SENATOR,D,ND,N/A,H001069,114
1749,Jeb,HENSARLING,REPRESENTATIVE,R,TX,5,H001036,114
2223,J.,HILL,REPRESENTATIVE,R,AR,2,H001072,114
2143,George,HOLDING,REPRESENTATIVE,R,NC,13,H001065,114
99999999999999,First Name unavailable,HOLLINGSWORTH,Type Unavailable,Party Info Unavailable,state info unavailable,District Unavailable,BioGuideID unavailable,CongressID unavailable
566,Steny,HOYER,REPRESENTATIVE,D,MD,5,H000874,114
2140,Richard,HUDSON,REPRESENTATIVE,R,NC,8,H001067,114
2028,Bill,HUIZENGA,REPRESENTATIVE,R,MI,2,H001058,114
2269,Will,HURD,REPRESENTATIVE,R,TX,23,H001073,114
1608,Johnny,ISAKSON,SENATOR,R,GA,N/A,I000055,114
99999999999999,First Name unavailable,JAYAPAL,Type Unavailable,Party Info Unavailable,state info unavailable,District Unavailable,BioGuideID unavailable,CongressID unavailable
2149,Hakeem,JEFFRIES,REPRESENTATIVE,D,NY,8,J000294,114
616,Marcy,KAPTUR,REPRESENTATIVE,D,OH,8,K000009,114
2172,Joseph,KENNEDY,REPRESENTATIVE,D,MA,4,K000379,114
99999999999999,First Name unavailable,KHANNA,Type Unavailable,Party Info Unavailable,state info unavailable,District Unavailable,BioGuideID unavailable,CongressID unavailable
99999999999999,First Name unavailable,KIHUEN,Type Unavailable,Party Info Unavailable,state info unavailable,District Unavailable,BioGuideID unavailable,CongressID unavailable
2134,Daniel,KILDEE,REPRESENTATIVE,D,MI,5,K000380,114
2169,Derek,KILMER,REPRESENTATIVE,D,WA,6,K000381,114
1498,Ron,KIND,REPRESENTATIVE,D,WI,3,K000188,114
1724,Steve,KING,REPRESENTATIVE,R,IA,4,K000362,114
1826,Amy,KLOBUCHAR,SENATOR,D,MN,N/A,K000367,114
2228,Stephen,KNIGHT,REPRESENTATIVE,R,CA,25,K000387,114
99999999999999,First Name unavailable,KRISHNAMOORTHI,Type Unavailable,Party Info Unavailable,state info unavailable,District Unavailable,BioGuideID unavailable,CongressID unavailable
1834,Doug,LAMBORN,REPRESENTATIVE,R,CO,5,L000564,114
1668,James,LANGEVIN,REPRESENTATIVE,D,RI,2,L000559,114
2050,James,LANKFORD,SENATOR,R,OK,N/A,L000575,114
1383,Patrick,LEAHY,SENATOR,D,VT,N/A,L000174,114
1501,Barbara,LEE,REPRESENTATIVE,D,CA,13,L000551,114
683,Sander,LEVIN,REPRESENTATIVE,D,MI,9,L000263,114
1781,Daniel,LIPINSKI,REPRESENTATIVE,D,IL,3,L000563,114
2238,Barry,LOUDERMILK,REPRESENTATIVE,R,GA,11,L000583,114
2111,Alan,LOWENTHAL,REPRESENTATIVE,D,CA,47,L000579,114
1931,Blaine,LUETKEMEYER,REPRESENTATIVE,R,MO,3,L000569,114
1983,Joe,MANCHIN,SENATOR,D,WV,N/A,M001183,114
1814,Doris,MATSUI,REPRESENTATIVE,D,CA,6,M001163,114
2052,Patrick,MEEHAN,REPRESENTATIVE,R,PA,7,M001181,114
791,Robert,MENENDEZ,SENATOR,D,NJ,N/A,M000639,114
2148,Grace,MENG,REPRESENTATIVE,D,NY,6,M001188,114
1900,Jeff,MERKLEY,SENATOR,D,OR,N/A,M001176,114
99999999999999,First Name unavailable,MITCHELL,Type Unavailable,Party Info Unavailable,state info unavailable,District Unavailable,BioGuideID unavailable,CongressID unavailable
2246,Seth,MOULTON,REPRESENTATIVE,D,MA,6,M001196,114
1837,Christopher,MURPHY,SENATOR,D,CT,N/A,M001169,114
1409,Patty,MURRAY,SENATOR,D,WA,N/A,M001111,114
850,Jerrold,NADLER,REPRESENTATIVE,D,NY,10,N000002,114
854,Richard,NEAL,REPRESENTATIVE,D,MA,1,N000015,114
859,Bill,NELSON,SENATOR,D,FL,N/A,N000032,114
2275,Dan,NEWHOUSE,REPRESENTATIVE,R,WA,4,N000189,114
2060,Kristi,NOEM,REPRESENTATIVE,R,SD,0,N000184,114
867,Richard,NOLAN,REPRESENTATIVE,D,MN,8,N000127,114
99999999999999,First Name unavailable,NORMAN,Type Unavailable,Party Info Unavailable,state info unavailable,District Unavailable,BioGuideID unavailable,CongressID unavailable
868,Eleanor,NORTON,DELEGATE,D,DC,N/A,N000147,114
1955,Pete,OLSON,REPRESENTATIVE,R,TX,22,O000168,114
887,Frank,PALLONE,REPRESENTATIVE,D,NJ,6,P000034,114
99999999999999,First Name unavailable,PANETTA,Type Unavailable,Party Info Unavailable,state info unavailable,District Unavailable,BioGuideID unavailable,CongressID unavailable
1510,Bill,PASCRELL,REPRESENTATIVE,D,NJ,9,P000096,114
1930,Erik,PAULSEN,REPRESENTATIVE,R,MN,3,P000594,114
2097,Donald,PAYNE,REPRESENTATIVE,D,NJ,10,P000604,114
905,Nancy,PELOSI,REPRESENTATIVE,D,CA,12,P000197,114
2286,David,PERDUE,SENATOR,R,GA,N/A,P000612,114
2113,Scott,PETERS,REPRESENTATIVE,D,CA,52,P000608,114
2141,Robert,PITTENGER,REPRESENTATIVE,R,NC,9,P000606,114
,,PLASKETT,DELEGATE,I,VI,N/A,99999999999999999,114
1910,Jared,POLIS,REPRESENTATIVE,D,CO,2,P000598,114
924,Rob,PORTMAN,SENATOR,R,OH,N/A,P000449,114
1967,Mike,QUIGLEY,REPRESENTATIVE,D,IL,5,Q000023,114
99999999999999,First Name unavailable,RASKIN,Type Unavailable,Party Info Unavailable,state info unavailable,District Unavailable,BioGuideID unavailable,CongressID unavailable
1982,Tom,REED,REPRESENTATIVE,R,NY,23,R000585,114
1810,David,REICHERT,REPRESENTATIVE,R,WA,8,R000578,114
2023,Cedric,RICHMOND,REPRESENTATIVE,D,LA,2,R000588,114
1896,James,RISCH,SENATOR,R,ID,N/A,R000584,114
979,Dana,ROHRABACHER,REPRESENTATIVE,R,CA,48,R000409,114
1848,Peter,ROSKAM,REPRESENTATIVE,R,IL,6,R000580,114
2003,Dennis,ROSS,REPRESENTATIVE,R,FL,15,R000593,114
2158,Keith,ROTHFUS,REPRESENTATIVE,R,PA,12,R000598,114
99999999999999,First Name unavailable,ROUNDS,Type Unavailable,Party Info Unavailable,state info unavailable,District Unavailable,BioGuideID unavailable,CongressID unavailable
2256,David,ROUZER,REPRESENTATIVE,R,NC,7,R000603,114
2109,Raul,RUIZ,REPRESENTATIVE,D,CA,36,R000599,114
1728,C.,RUPPERSBERGER,REPRESENTATIVE,D,MD,2,R000576,114
1003,Bobby,RUSH,REPRESENTATIVE,D,IL,1,R000515,114
99999999999999,First Name unavailable,RUTHERFORD,Type Unavailable,Party Info Unavailable,state info unavailable,District Unavailable,BioGuideID unavailable,CongressID unavailable
1892,Steve,SCALISE,REPRESENTATIVE,R,LA,1,S001176,114
1588,Janice,SCHAKOWSKY,REPRESENTATIVE,D,IL,9,S001145,114
99999999999999,First Name unavailable,SCHNEIDER,Type Unavailable,Party Info Unavailable,state info unavailable,District Unavailable,BioGuideID unavailable,CongressID unavailable
1950,Kurt,SCHRADER,REPRESENTATIVE,D,OR,5,S001180,114
1036,Charles,SCHUMER,SENATOR,D,NY,N/A,S000148,114
1994,David,SCHWEIKERT,REPRESENTATIVE,R,AZ,6,S001183,114
2113,Scott,SCOTT,REPRESENTATIVE,D,CA,52,P000608,114
1548,Jeff,SESSIONS,SENATOR,R,AL,N/A,S001141,114
1526,Brad,SHERMAN,REPRESENTATIVE,D,CA,30,S000344,114
1527,John,SHIMKUS,REPRESENTATIVE,R,IL,15,S000364,114
1681,Bill,SHUSTER,REPRESENTATIVE,R,PA,9,S001154,114
1069,Louise,SLAUGHTER,REPRESENTATIVE,D,NY,25,S000480,114
2263,Elise,STEFANIK,REPRESENTATIVE,R,NY,21,S001196,114
2290,Dan,SULLIVAN,SENATOR,R,AK,N/A,S001198,114
99999999999999,First Name unavailable,SUOZZI,Type Unavailable,Party Info Unavailable,state info unavailable,District Unavailable,BioGuideID unavailable,CongressID unavailable
2110,Mark,TAKANO,REPRESENTATIVE,D,CA,41,T000472,114
99999999999999,First Name unavailable,TAYLOR,Type Unavailable,Party Info Unavailable,state info unavailable,District Unavailable,BioGuideID unavailable,CongressID unavailable
99999999999999,First Name unavailable,TENNEY,Type Unavailable,Party Info Unavailable,state info unavailable,District Unavailable,BioGuideID unavailable,CongressID unavailable
1829,Jon,TESTER,SENATOR,D,MT,N/A,T000464,114
1155,Mac,THORNBERRY,REPRESENTATIVE,R,TX,13,T000238,114
1534,John,THUNE,SENATOR,R,SD,N/A,T000250,114
2291,Thom,TILLIS,SENATOR,R,NC,N/A,T000476,114
1997,Scott,TIPTON,REPRESENTATIVE,R,CO,3,T000470,114
1940,Dina,TITUS,REPRESENTATIVE,D,NV,1,T000468,114
1942,Paul,TONKO,REPRESENTATIVE,D,NY,20,T000469,114
1594,Patrick,TOOMEY,SENATOR,R,PA,N/A,T000461,114
1884,Niki,TSONGAS,REPRESENTATIVE,D,MA,3,T000465,114
1741,Michael,TURNER,REPRESENTATIVE,R,OH,10,T000463,114
2112,Juan,VARGAS,REPRESENTATIVE,D,CA,51,V000130,114
2166,Marc,VEASEY,REPRESENTATIVE,D,TX,33,V000131,114
1184,Nydia,VELAZQUEZ,REPRESENTATIVE,D,NY,7,V000081,114
2137,Ann,WAGNER,REPRESENTATIVE,R,MO,2,W000812,114
1855,Tim,WALBERG,REPRESENTATIVE,R,MI,7,W000798,114
1596,Greg,WALDEN,REPRESENTATIVE,R,OR,2,W000791,114
2128,Jackie,WALORSKI,REPRESENTATIVE,R,IN,2,W000813,114
1856,Timothy,WALZ,REPRESENTATIVE,D,MN,1,W000799,114
2182,Elizabeth,WARREN,SENATOR,D,MA,N/A,W000817,114
1879,Peter,WELCH,REPRESENTATIVE,D,VT,0,W000800,114
2152,Brad,WENSTRUP,REPRESENTATIVE,R,OH,2,W000815,114
2224,Bruce,WESTERMAN,REPRESENTATIVE,R,AR,4,W000821,114
1823,Sheldon,WHITEHOUSE,SENATOR,D,RI,N/A,W000802,114
1226,Roger,WICKER,SENATOR,R,MS,N/A,W000437,114
1886,Robert,WITTMAN,REPRESENTATIVE,R,VA,1,W000804,114
2008,Rob,WOODALL,REPRESENTATIVE,R,GA,7,W000810,114
2021,Kevin,YODER,REPRESENTATIVE,R,KS,3,Y000063,114
2115,Ted,YOHO,REPRESENTATIVE,R,FL,3,Y000065,114
2261,Lee,ZELDIN,REPRESENTATIVE,R,NY,1,Z000017,114
