speaker_id,first_name,last_name,type,party,state,district,bio_guide_id,congress_id
99999999999999,First Name unavailable,BACON,Type Unavailable,Party Info Unavailable,state info unavailable,District Unavailable,BioGuideID unavailable,CongressID unavailable
1558,Tammy,BALDWIN,SENATOR,D,WI,N/A,B001230,114
2054,Lou,BARLETTA,REPRESENTATIVE,R,PA,11,B001269,114
1881,John,BARRASSO,SENATOR,R,WY,N/A,B001261,114
1996,Karen,BASS,REPRESENTATIVE,D,CA,37,B001270,114
2153,Joyce,BEATTY,REPRESENTATIVE,D,OH,3,B001281,114
1965,Michael,BENNET,SENATOR,D,CO,N/A,B001267,114
99999999999999,First Name unavailable,BIGGS,Type Unavailable,Party Info Unavailable,state info unavailable,District Unavailable,BioGuideID unavailable,CongressID unavailable
2076,Richard,BLUMENTHAL,SENATOR,D,CT,N/A,B001277,114
2194,Cory,BOOKER,SENATOR,D,NJ,N/A,B001288,114
2243,Mike,BOST,REPRESENTATIVE,R,IL,12,B001295,114
2127,Cheri,BUSTOS,REPRESENTATIVE,D,IL,17,B001286,114
172,Maria,CANTWELL,SENATOR,D,WA,N/A,C000127,114
,,CARDIN,SENATOR,D,MD,N/A,99999999999999999,114
179,Thomas,CARPER,SENATOR,D,DE,N/A,C000174,114
1828,Robert,CASEY,SENATOR,D,PA,N/A,C001070,114
1925,Bill,CASSIDY,SENATOR,R,LA,N/A,C001075,114
1912,Mike,COFFMAN,REPRESENTATIVE,R,CO,6,C001077,114
2259,Bonnie,COLE,REPRESENTATIVE,D,NJ,12,W000822,114
1692,John,CORNYN,SENATOR,R,TX,N/A,C001056,114
99999999999999,First Name unavailable,CORREA,Type Unavailable,Party Info Unavailable,state info unavailable,District Unavailable,BioGuideID unavailable,CongressID unavailable
2138,Steve,DAINES,SENATOR,R,MT,N/A,D000618,114
1850,Joe,DONNELLY,SENATOR,D,IN,N/A,D000607,114
2123,Tammy,DUCKWORTH,REPRESENTATIVE,D,IL,8,D000622,114
326,Richard,DURBIN,SENATOR,D,IL,N/A,D000563,114
2253,Tom,EMMER,REPRESENTATIVE,R,MN,6,E000294,114
1542,Michael,ENZI,SENATOR,R,WY,N/A,E000285,114
2067,Blake,FARENTHOLD,REPRESENTATIVE,R,TX,27,F000460,114
1332,Dianne,FEINSTEIN,SENATOR,D,CA,N/A,F000062,114
1797,Michael,FITZPATRICK,REPRESENTATIVE,R,PA,8,F000451,114
1791,Virginia,FOXX,REPRESENTATIVE,R,NC,5,F000450,114
1969,Al,FRANKEN,SENATOR,D,MN,N/A,F000457,114
414,Rodney,FRELINGHUYSEN,REPRESENTATIVE,R,NJ,11,F000372,114
1973,John,GARAMENDI,REPRESENTATIVE,D,CA,3,G000559,114
1801,Louie,GOHMERT,REPRESENTATIVE,R,TX,1,G000552,114
446,Bob,GOODLATTE,REPRESENTATIVE,R,VA,6,G000289,114
2234,Gwen,GRAHAM,REPRESENTATIVE,D,FL,2,G000575,114
1933,Gregg,HARPER,REPRESENTATIVE,R,MS,3,H001045,114
99999999999999,First Name unavailable,HASSAN,Type Unavailable,Party Info Unavailable,state info unavailable,District Unavailable,BioGuideID unavailable,CongressID unavailable
511,Alcee,HASTINGS,REPRESENTATIVE,D,FL,20,H000324,114
1937,Martin,HEINRICH,SENATOR,D,NM,N/A,H001046,114
2174,Heidi,HEITKAMP,SENATOR,D,ND,N/A,H001069,114
1863,Dean,HELLER,SENATOR,R,NV,N/A,H001041,114
583,James,INHOFE,SENATOR,R,OK,N/A,I000024,114
,,JOHNSON,REPRESENTATIVE,R,GA,4,99999999999999999,114
616,Marcy,KAPTUR,REPRESENTATIVE,D,OH,8,K000009,114
2134,Daniel,KILDEE,REPRESENTATIVE,D,MI,5,K000380,114
1724,Steve,KING,REPRESENTATIVE,R,IA,4,K000362,114
1826,Amy,KLOBUCHAR,SENATOR,D,MN,N/A,K000367,114
99999999999999,First Name unavailable,KRISHNAMOORTHI,Type Unavailable,Party Info Unavailable,state info unavailable,District Unavailable,BioGuideID unavailable,CongressID unavailable
701,Zoe,LOFGREN,REPRESENTATIVE,D,CA,19,L000397,114
1983,Joe,MANCHIN,SENATOR,D,WV,N/A,M001183,114
735,Edward,MARKEY,SENATOR,D,MA,N/A,M000133,114
2142,Mark,MEADOWS,REPRESENTATIVE,R,NC,11,M001187,114
2052,Patrick,MEEHAN,REPRESENTATIVE,R,PA,7,M001181,114
791,Robert,MENENDEZ,SENATOR,D,NJ,N/A,M000639,114
1900,Jeff,MERKLEY,SENATOR,D,OR,N/A,M001176,114
99999999999999,First Name unavailable,MITCHELL,Type Unavailable,Party Info Unavailable,state info unavailable,District Unavailable,BioGuideID unavailable,CongressID unavailable
1837,Christopher,MURPHY,SENATOR,D,CT,N/A,M001169,114
1409,Patty,MURRAY,SENATOR,D,WA,N/A,M001111,114
1602,Grace,NAPOLITANO,REPRESENTATIVE,D,CA,32,N000179,114
859,Bill,NELSON,SENATOR,D,FL,N/A,N000032,114
1955,Pete,OLSON,REPRESENTATIVE,R,TX,22,O000168,114
1992,Paul,PAUL,REPRESENTATIVE,R,AZ,4,G000565,114
2157,Scott,PERRY,REPRESENTATIVE,R,PA,4,P000605,114
924,Rob,PORTMAN,SENATOR,R,OH,N/A,P000449,114
99999999999999,First Name unavailable,RASKIN,Type Unavailable,Party Info Unavailable,state info unavailable,District Unavailable,BioGuideID unavailable,CongressID unavailable
1982,Tom,REED,REPRESENTATIVE,R,NY,23,R000585,114
1896,James,RISCH,SENATOR,R,ID,N/A,R000584,114
2017,Todd,ROKITA,REPRESENTATIVE,R,IN,4,R000592,114
2109,Raul,RUIZ,REPRESENTATIVE,D,CA,36,R000599,114
1010,Bernard,SANDERS,SENATOR,I,VT,N/A,S000033,114
99999999999999,First Name unavailable,SCHNEIDER,Type Unavailable,Party Info Unavailable,state info unavailable,District Unavailable,BioGuideID unavailable,CongressID unavailable
1036,Charles,SCHUMER,SENATOR,D,NY,N/A,S000148,114
1901,Jeanne,SHAHEEN,SENATOR,D,NH,N/A,S001181,114
1531,Debbie,STABENOW,SENATOR,D,MI,N/A,S000770,114
99999999999999,First Name unavailable,STRANGE,Type Unavailable,Party Info Unavailable,state info unavailable,District Unavailable,BioGuideID unavailable,CongressID unavailable
1829,Jon,TESTER,SENATOR,D,MT,N/A,T000464,114
1534,John,THUNE,SENATOR,R,SD,N/A,T000250,114
1940,Dina,TITUS,REPRESENTATIVE,D,NV,1,T000468,114
1594,Patrick,TOOMEY,SENATOR,R,PA,N/A,T000461,114
2231,Norma,TORRES,REPRESENTATIVE,D,CA,35,T000474,114
1567,Tom,UDALL,SENATOR,D,NM,N/A,U000039,114
1177,Fred,UPTON,REPRESENTATIVE,R,MI,6,U000031,114
1184,Nydia,VELAZQUEZ,REPRESENTATIVE,D,NY,7,V000081,114
2137,Ann,WAGNER,REPRESENTATIVE,R,MO,2,W000812,114
1856,Timothy,WALZ,REPRESENTATIVE,D,MN,1,W000799,114
1897,Mark,WARNER,SENATOR,D,VA,N/A,W000805,114
2182,Elizabeth,WARREN,SENATOR,D,MA,N/A,W000817,114
2152,Brad,WENSTRUP,REPRESENTATIVE,R,OH,2,W000815,114
1823,Sheldon,WHITEHOUSE,SENATOR,D,RI,N/A,W000802,114
1247,Ron,WYDEN,SENATOR,D,OR,N/A,W000779,114
2261,Lee,ZELDIN,REPRESENTATIVE,R,NY,1,Z000017,114
