speaker_id,first_name,last_name,type,party,state,district,bio_guide_id,congress_id
1460,Robert,ADERHOLT,REPRESENTATIVE,R,AL,4,A000055,114
1695,Lamar,ALEXANDER,SENATOR,R,TN,N/A,A000360,114
1558,Tammy,BALDWIN,SENATOR,D,WI,N/A,B001230,114
2311,Nanette,BARRAGAN,REPRESENTATIVE,D,CA,N/A,B001300,115
1881,John,BARRASSO,SENATOR,R,WY,N/A,B001261,114
2153,Joyce,BEATTY,REPRESENTATIVE,D,OH,3,B001281,114
2314,Matt,BIGGS,REPRESENTATIVE,R,FL,N/A,G000578,115
99,Earl,BLUMENAUER,REPRESENTATIVE,D,OR,3,B000574,114
2076,Richard,BLUMENTHAL,SENATOR,D,CT,N/A,B001277,114
1464,Roy,BLUNT,SENATOR,R,MO,N/A,B000575,114
2194,Cory,BOOKER,SENATOR,D,NJ,N/A,B001288,114
1687,John,BOOZMAN,SENATOR,R,AR,N/A,B001236,114
2106,Julia,BROWN,REPRESENTATIVE,D,CA,26,B001285,114
1751,Michael,BURGESS,REPRESENTATIVE,R,TX,26,B001248,114
153,Richard,BURR,SENATOR,R,NC,N/A,B001135,114
2197,Bradley,BYRNE,REPRESENTATIVE,R,AL,1,B001289,114
165,Ken,CALVERT,REPRESENTATIVE,R,CA,42,C000059,114
172,Maria,CANTWELL,SENATOR,D,WA,N/A,C000127,114
,,CARDIN,SENATOR,D,MD,N/A,99999999999999999,114
1828,Robert,CASEY,SENATOR,D,PA,N/A,C001070,114
1925,Bill,CASSIDY,SENATOR,R,LA,N/A,C001075,114
99999999999999,,CHENEY,N/A,Party information Unavailable,State Info Unavailable,N/A,9999999999999999,115
,,CLEAVER,REPRESENTATIVE,D,MO,5,99999999999999999,114
208,James,CLYBURN,REPRESENTATIVE,D,SC,6,C000537,114
213,Thad,COCHRAN,SENATOR,R,MS,N/A,C000567,114
,,COHEN,REPRESENTATIVE,D,TN,9,99999999999999999,114
2297,James,COMER,REPRESENTATIVE,R,KY,N/A,C001108,115
1984,Christopher,COONS,SENATOR,D,DE,N/A,C001088,114
1692,John,CORNYN,SENATOR,R,TX,N/A,C001056,114
1774,Jim,COSTA,REPRESENTATIVE,D,CA,16,C001059,114
2144,Kevin,CRAMER,REPRESENTATIVE,R,ND,0,C001096,114
250,Mike,CRAPO,SENATOR,R,ID,N/A,C000880,114
1604,Joseph,CROWLEY,REPRESENTATIVE,D,NY,14,C001038,114
2138,Steve,DAINES,SENATOR,R,MT,N/A,D000618,114
2320,Val,DEMINGS,REPRESENTATIVE,D,FL,N/A,D000627,115
303,Lloyd,DOGGETT,REPRESENTATIVE,D,TX,35,D000399,114
2123,Tammy,DUCKWORTH,REPRESENTATIVE,D,IL,8,D000622,114
326,Richard,DURBIN,SENATOR,D,IL,N/A,D000563,114
1857,Keith,ELLISON,REPRESENTATIVE,D,MN,5,E000288,114
2283,Joni,ERNST,SENATOR,R,IA,N/A,E000295,114
2342,Adriano,ESPAILLAT,REPRESENTATIVE,D,NY,N/A,E000297,115
1722,David,EVANS,REPRESENTATIVE,D,GA,N/A,S001157,115
2067,Blake,FARENTHOLD,REPRESENTATIVE,R,TX,27,F000460,114
1332,Dianne,FEINSTEIN,SENATOR,D,CA,N/A,F000062,114
2179,Deb,FISCHER,SENATOR,R,NE,N/A,F000463,114
1797,Michael,FITZPATRICK,REPRESENTATIVE,R,PA,8,F000451,114
1633,Jeff,FLAKE,SENATOR,R,AZ,N/A,F000444,114
1791,Virginia,FOXX,REPRESENTATIVE,R,NC,5,F000450,114
414,Rodney,FRELINGHUYSEN,REPRESENTATIVE,R,NJ,11,F000372,114
1895,Marcia,FUDGE,REPRESENTATIVE,D,OH,11,F000455,114
2122,Tulsi,GABBARD,REPRESENTATIVE,D,HI,2,G000571,114
2314,Matt,GAETZ,REPRESENTATIVE,R,FL,N/A,G000578,115
2226,Ruben,GALLEGO,REPRESENTATIVE,D,AZ,7,G000574,114
1395,Mitch,GARDNER,SENATOR,R,KY,N/A,M000355,115
2359,Greg,GIANFORTE,REPRESENTATIVE,R,MT,N/A,G000584,115
1801,Louie,GOHMERT,REPRESENTATIVE,R,TX,1,G000552,114
2058,Trey,GOWDY,REPRESENTATIVE,R,SC,4,G000566,114
2234,Gwen,GRAHAM,REPRESENTATIVE,D,FL,2,G000575,114
1487,Kay,GRANGER,REPRESENTATIVE,R,TX,12,G000377,114
457,Chuck,GRASSLEY,SENATOR,R,IA,N/A,G000386,114
2032,Vicky,HARTZLER,REPRESENTATIVE,R,MO,4,H001053,114
2302,Margaret,HASSAN,SENATOR,D,NH,N/A,H001076,115
1351,Orrin,HATCH,SENATOR,R,UT,N/A,H000338,114
2040,Joseph,HECK,REPRESENTATIVE,R,NV,3,H001055,114
1863,Dean,HELLER,SENATOR,R,NV,N/A,H001041,114
1844,Mazie,HIRONO,SENATOR,D,HI,N/A,H001042,114
566,Steny,HOYER,REPRESENTATIVE,D,MD,5,H000874,114
2101,Jared,HUFFMAN,REPRESENTATIVE,D,CA,2,H001068,114
583,James,INHOFE,SENATOR,R,OK,N/A,I000024,114
2354,Pramila,JAYAPAL,REPRESENTATIVE,D,WA,N/A,J000298,115
2149,Hakeem,JEFFRIES,REPRESENTATIVE,D,NY,8,J000294,114
2176,Tim,KAINE,SENATOR,D,VA,N/A,K000384,114
616,Marcy,KAPTUR,REPRESENTATIVE,D,OH,8,K000009,114
2308,Ro,KHANNA,REPRESENTATIVE,D,CA,N/A,K000389,115
1997,Scott,KIHUEN,REPRESENTATIVE,R,CO,N/A,T000470,115
2134,Daniel,KILDEE,REPRESENTATIVE,D,MI,5,K000380,114
1826,Amy,KLOBUCHAR,SENATOR,D,MN,N/A,K000367,114
2325,Raja,KRISHNAMOORTHI,REPRESENTATIVE,D,IL,N/A,K000391,115
1834,Doug,LAMBORN,REPRESENTATIVE,R,CO,5,L000564,114
2050,James,LANKFORD,SENATOR,R,OK,N/A,L000575,114
1383,Patrick,LEAHY,SENATOR,D,VT,N/A,L000174,114
1501,Barbara,LEE,REPRESENTATIVE,D,CA,13,L000551,114
709,Nita,LOWEY,REPRESENTATIVE,D,NY,17,L000480,114
2328,Roger,MARSHALL,REPRESENTATIVE,R,KS,N/A,M001198,115
791,Robert,MENENDEZ,SENATOR,D,NJ,N/A,M000639,114
1900,Jeff,MERKLEY,SENATOR,D,OR,N/A,M001176,114
1507,Jerry,MORAN,SENATOR,R,KS,N/A,M000934,114
1837,Christopher,MURPHY,SENATOR,D,CT,N/A,M001169,114
1409,Patty,MURRAY,SENATOR,D,WA,N/A,M001111,114
859,Bill,NELSON,SENATOR,D,FL,N/A,N000032,114
2361,Ralph,NORMAN,REPRESENTATIVE,R,SC,N/A,N000190,115
1955,Pete,OLSON,REPRESENTATIVE,R,TX,22,O000168,114
887,Frank,PALLONE,REPRESENTATIVE,D,NJ,6,P000034,114
2309,Jimmy,PANETTA,REPRESENTATIVE,D,CA,N/A,P000613,115
1930,Erik,PAULSEN,REPRESENTATIVE,R,MN,3,P000594,114
2097,Donald,PAYNE,REPRESENTATIVE,D,NJ,10,P000604,114
1738,Stevan,PEARCE,REPRESENTATIVE,R,NM,2,P000588,114
905,Nancy,PELOSI,REPRESENTATIVE,D,CA,12,P000197,114
1835,Ed,PERLMUTTER,REPRESENTATIVE,D,CO,7,P000593,114
2113,Scott,PETERS,REPRESENTATIVE,D,CA,52,P000608,114
,,PLASKETT,DELEGATE,I,VI,N/A,99999999999999999,114
2171,Mark,POCAN,REPRESENTATIVE,D,WI,2,P000607,114
2247,Bruce,POLIQUIN,REPRESENTATIVE,R,ME,2,P000611,114
924,Rob,PORTMAN,SENATOR,R,OH,N/A,P000449,114
2332,Jamie,RASKIN,REPRESENTATIVE,D,MD,N/A,R000606,115
1982,Tom,REED,REPRESENTATIVE,R,NY,23,R000585,114
2023,Cedric,RICHMOND,REPRESENTATIVE,D,LA,2,R000588,114
1896,James,RISCH,SENATOR,R,ID,N/A,R000584,114
979,Dana,ROHRABACHER,REPRESENTATIVE,R,CA,48,R000409,114
2017,Todd,ROKITA,REPRESENTATIVE,R,IN,4,R000592,114
2158,Keith,ROTHFUS,REPRESENTATIVE,R,PA,12,R000598,114
2084,Marco,RUBIO,SENATOR,R,FL,N/A,R000595,114
1010,Bernard,SANDERS,SENATOR,I,VT,N/A,S000033,114
2289,Ben,SASSE,SENATOR,R,NE,N/A,S001197,114
1588,Janice,SCHAKOWSKY,REPRESENTATIVE,D,IL,9,S001145,114
2173,Brian,SCHATZ,SENATOR,D,HI,N/A,S001194,114
2124,Bradley,SCHNEIDER,REPRESENTATIVE,D,IL,N/A,S001190,115
1036,Charles,SCHUMER,SENATOR,D,NY,N/A,S000148,114
1548,Jeff,SESSIONS,SENATOR,R,AL,N/A,S001141,114
1901,Jeanne,SHAHEEN,SENATOR,D,NH,N/A,S001181,114
1049,Richard,SHELBY,SENATOR,R,AL,N/A,S000320,114
2099,Kyrsten,SINEMA,REPRESENTATIVE,D,AZ,9,S001191,114
1069,Louise,SLAUGHTER,REPRESENTATIVE,D,NY,25,S000480,114
2191,Jason,SMITH,REPRESENTATIVE,R,MO,8,S001195,114
1531,Debbie,STABENOW,SENATOR,D,MI,N/A,S000770,114
2290,Dan,SULLIVAN,SENATOR,R,AK,N/A,S001198,114
2110,Mark,TAKANO,REPRESENTATIVE,D,CA,41,T000472,114
99999999999999,,TENNEY,N/A,Party information Unavailable,State Info Unavailable,N/A,9999999999999999,115
1829,Jon,TESTER,SENATOR,D,MT,N/A,T000464,114
1155,Mac,THORNBERRY,REPRESENTATIVE,R,TX,13,T000238,114
1534,John,THUNE,SENATOR,R,SD,N/A,T000250,114
2291,Thom,TILLIS,SENATOR,R,NC,N/A,T000476,114
1997,Scott,TIPTON,REPRESENTATIVE,R,CO,3,T000470,114
1942,Paul,TONKO,REPRESENTATIVE,D,NY,20,T000469,114
1594,Patrick,TOOMEY,SENATOR,R,PA,N/A,T000461,114
2250,David,TROTT,REPRESENTATIVE,R,MI,11,T000475,114
2105,David,VALADAO,REPRESENTATIVE,R,CA,21,V000129,114
1184,Nydia,VELAZQUEZ,REPRESENTATIVE,D,NY,7,V000081,114
1188,Peter,VISCLOSKY,REPRESENTATIVE,D,IN,1,V000108,114
2137,Ann,WAGNER,REPRESENTATIVE,R,MO,2,W000812,114
2128,Jackie,WALORSKI,REPRESENTATIVE,R,IN,2,W000813,114
1897,Mark,WARNER,SENATOR,D,VA,N/A,W000805,114
2182,Elizabeth,WARREN,SENATOR,D,MA,N/A,W000817,114
1879,Peter,WELCH,REPRESENTATIVE,D,VT,0,W000800,114
2152,Brad,WENSTRUP,REPRESENTATIVE,R,OH,2,W000815,114
1823,Sheldon,WHITEHOUSE,SENATOR,D,RI,N/A,W000802,114
1226,Roger,WICKER,SENATOR,R,MS,N/A,W000437,114
1247,Ron,WYDEN,SENATOR,D,OR,N/A,W000779,114
2261,Lee,ZELDIN,REPRESENTATIVE,R,NY,1,Z000017,114
