speaker_id,first_name,last_name,type,party,state,district,bio_guide_id,congress_id
2201,Alma,ADAMS,REPRESENTATIVE,D,NC,12,A000370,114
99999999999999,First Name unavailable,BIGGS,Type Unavailable,Party Info Unavailable,state info unavailable,District Unavailable,BioGuideID unavailable,CongressID unavailable
1838,Gus,BILIRAKIS,REPRESENTATIVE,R,FL,12,B001257,114
1748,Marsha,BLACKBURN,REPRESENTATIVE,R,TN,7,B001243,114
99,Earl,BLUMENAUER,REPRESENTATIVE,D,OR,3,B000574,114
2076,Richard,BLUMENTHAL,SENATOR,D,CT,N/A,B001277,114
2092,Suzanne,BONAMICI,REPRESENTATIVE,D,OR,1,B001278,114
172,Maria,CANTWELL,SENATOR,D,WA,N/A,C000127,114
99999999999999,First Name unavailable,CAPITO,Type Unavailable,Party Info Unavailable,state info unavailable,District Unavailable,BioGuideID unavailable,CongressID unavailable
1564,Michael,CAPUANO,REPRESENTATIVE,D,MA,7,C001037,114
,,CARDIN,SENATOR,D,MD,N/A,99999999999999999,114
1925,Bill,CASSIDY,SENATOR,R,LA,N/A,C001075,114
2055,David,CICILLINE,REPRESENTATIVE,D,RI,1,C001084,114
2121,Doug,COLLINS,REPRESENTATIVE,R,GA,9,C001093,114
1692,John,CORNYN,SENATOR,R,TX,N/A,C001056,114
2144,Kevin,CRAMER,REPRESENTATIVE,R,ND,0,C001096,114
250,Mike,CRAPO,SENATOR,R,ID,N/A,C000880,114
2138,Steve,DAINES,SENATOR,R,MT,N/A,D000618,114
99999999999999,First Name unavailable,DEMINGS,Type Unavailable,Party Info Unavailable,state info unavailable,District Unavailable,BioGuideID unavailable,CongressID unavailable
1850,Joe,DONNELLY,SENATOR,D,IN,N/A,D000607,114
99999999999999,First Name unavailable,DUNN,Type Unavailable,Party Info Unavailable,state info unavailable,District Unavailable,BioGuideID unavailable,CongressID unavailable
326,Richard,DURBIN,SENATOR,D,IL,N/A,D000563,114
1542,Michael,ENZI,SENATOR,R,WY,N/A,E000285,114
355,Anna,ESHOO,REPRESENTATIVE,D,CA,18,E000215,114
1332,Dianne,FEINSTEIN,SENATOR,D,CA,N/A,F000062,114
,,FLORES,REPRESENTATIVE,R,TX,17,99999999999999999,114
1791,Virginia,FOXX,REPRESENTATIVE,R,NC,5,F000450,114
1969,Al,FRANKEN,SENATOR,D,MN,N/A,F000457,114
1973,John,GARAMENDI,REPRESENTATIVE,D,CA,3,G000559,114
1737,Scott,GARRETT,REPRESENTATIVE,R,NJ,5,G000548,114
1801,Louie,GOHMERT,REPRESENTATIVE,R,TX,1,G000552,114
446,Bob,GOODLATTE,REPRESENTATIVE,R,VA,6,G000289,114
457,Chuck,GRASSLEY,SENATOR,R,IA,N/A,G000386,114
2040,Joseph,HECK,REPRESENTATIVE,R,NV,3,H001055,114
1937,Martin,HEINRICH,SENATOR,D,NM,N/A,H001046,114
2223,J.,HILL,REPRESENTATIVE,R,AR,2,H001072,114
1844,Mazie,HIRONO,SENATOR,D,HI,N/A,H001042,114
2028,Bill,HUIZENGA,REPRESENTATIVE,R,MI,2,H001058,114
616,Marcy,KAPTUR,REPRESENTATIVE,D,OH,8,K000009,114
2264,John,KATKO,REPRESENTATIVE,R,NY,24,K000386,114
99999999999999,First Name unavailable,KHANNA,Type Unavailable,Party Info Unavailable,state info unavailable,District Unavailable,BioGuideID unavailable,CongressID unavailable
2169,Derek,KILMER,REPRESENTATIVE,D,WA,6,K000381,114
1724,Steve,KING,REPRESENTATIVE,R,IA,4,K000362,114
99999999999999,First Name unavailable,KRISHNAMOORTHI,Type Unavailable,Party Info Unavailable,state info unavailable,District Unavailable,BioGuideID unavailable,CongressID unavailable
1834,Doug,LAMBORN,REPRESENTATIVE,R,CO,5,L000564,114
1936,Leonard,LANCE,REPRESENTATIVE,R,NJ,7,L000567,114
1668,James,LANGEVIN,REPRESENTATIVE,D,RI,2,L000559,114
,,LATTA,REPRESENTATIVE,R,OH,5,99999999999999999,114
1383,Patrick,LEAHY,SENATOR,D,VT,N/A,L000174,114
701,Zoe,LOFGREN,REPRESENTATIVE,D,CA,19,L000397,114
2053,Tom,MARINO,REPRESENTATIVE,R,PA,10,M001179,114
735,Edward,MARKEY,SENATOR,D,MA,N/A,M000133,114
1814,Doris,MATSUI,REPRESENTATIVE,D,CA,6,M001163,114
1507,Jerry,MORAN,SENATOR,R,KS,N/A,M000934,114
1409,Patty,MURRAY,SENATOR,D,WA,N/A,M001111,114
854,Richard,NEAL,REPRESENTATIVE,D,MA,1,N000015,114
1955,Pete,OLSON,REPRESENTATIVE,R,TX,22,O000168,114
887,Frank,PALLONE,REPRESENTATIVE,D,NJ,6,P000034,114
99999999999999,First Name unavailable,PANETTA,Type Unavailable,Party Info Unavailable,state info unavailable,District Unavailable,BioGuideID unavailable,CongressID unavailable
1992,Paul,PAUL,REPRESENTATIVE,R,AZ,4,G000565,114
2097,Donald,PAYNE,REPRESENTATIVE,D,NJ,10,P000604,114
1738,Stevan,PEARCE,REPRESENTATIVE,R,NM,2,P000588,114
905,Nancy,PELOSI,REPRESENTATIVE,D,CA,12,P000197,114
99999999999999,First Name unavailable,RASKIN,Type Unavailable,Party Info Unavailable,state info unavailable,District Unavailable,BioGuideID unavailable,CongressID unavailable
1982,Tom,REED,REPRESENTATIVE,R,NY,23,R000585,114
1848,Peter,ROSKAM,REPRESENTATIVE,R,IL,6,R000580,114
2158,Keith,ROTHFUS,REPRESENTATIVE,R,PA,12,R000598,114
1010,Bernard,SANDERS,SENATOR,I,VT,N/A,S000033,114
1854,John,SARBANES,REPRESENTATIVE,D,MD,3,S001168,114
1892,Steve,SCALISE,REPRESENTATIVE,R,LA,1,S001176,114
1588,Janice,SCHAKOWSKY,REPRESENTATIVE,D,IL,9,S001145,114
2173,Brian,SCHATZ,SENATOR,D,HI,N/A,S001194,114
99999999999999,First Name unavailable,SCHNEIDER,Type Unavailable,Party Info Unavailable,state info unavailable,District Unavailable,BioGuideID unavailable,CongressID unavailable
1036,Charles,SCHUMER,SENATOR,D,NY,N/A,S000148,114
1901,Jeanne,SHAHEEN,SENATOR,D,NH,N/A,S001181,114
2290,Dan,SULLIVAN,SENATOR,R,AK,N/A,S001198,114
1942,Paul,TONKO,REPRESENTATIVE,D,NY,20,T000469,114
2250,David,TROTT,REPRESENTATIVE,R,MI,11,T000475,114
1884,Niki,TSONGAS,REPRESENTATIVE,D,MA,3,T000465,114
1567,Tom,UDALL,SENATOR,D,NM,N/A,U000039,114
1855,Tim,WALBERG,REPRESENTATIVE,R,MI,7,W000798,114
1596,Greg,WALDEN,REPRESENTATIVE,R,OR,2,W000791,114
1856,Timothy,WALZ,REPRESENTATIVE,D,MN,1,W000799,114
2182,Elizabeth,WARREN,SENATOR,D,MA,N/A,W000817,114
1247,Ron,WYDEN,SENATOR,D,OR,N/A,W000779,114
