speaker_id,first_name,last_name,type,party,state,district,bio_guide_id,congress_id
2201,Alma,ADAMS,REPRESENTATIVE,D,NC,12,A000370,114
2270,Brian,BABIN,REPRESENTATIVE,R,TX,36,B001291,114
1881,John,BARRASSO,SENATOR,R,WY,N/A,B001261,114
1965,Michael,BENNET,SENATOR,D,CO,N/A,B001267,114
1838,Gus,BILIRAKIS,REPRESENTATIVE,R,FL,12,B001257,114
2076,Richard,BLUMENTHAL,SENATOR,D,CT,N/A,B001277,114
2194,Cory,BOOKER,SENATOR,D,NJ,N/A,B001288,114
1687,John,BOOZMAN,SENATOR,R,AR,N/A,B001236,114
2233,Ken,BUCK,REPRESENTATIVE,R,CO,4,B001297,114
2127,Cheri,BUSTOS,REPRESENTATIVE,D,IL,17,B001286,114
2197,Bradley,BYRNE,REPRESENTATIVE,R,AL,1,B001289,114
172,Maria,CANTWELL,SENATOR,D,WA,N/A,C000127,114
99999999999999,First Name unavailable,CAPITO,Type Unavailable,Party Info Unavailable,state info unavailable,District Unavailable,BioGuideID unavailable,CongressID unavailable
,,CARDIN,SENATOR,D,MD,N/A,99999999999999999,114
179,Thomas,CARPER,SENATOR,D,DE,N/A,C000174,114
1828,Robert,CASEY,SENATOR,D,PA,N/A,C001070,114
,,COHEN,REPRESENTATIVE,D,TN,9,99999999999999999,114
2103,Paul,COOK,REPRESENTATIVE,R,CA,8,C001094,114
1984,Christopher,COONS,SENATOR,D,DE,N/A,C001088,114
1692,John,CORNYN,SENATOR,R,TX,N/A,C001056,114
99999999999999,First Name unavailable,CORREA,Type Unavailable,Party Info Unavailable,state info unavailable,District Unavailable,BioGuideID unavailable,CongressID unavailable
1774,Jim,COSTA,REPRESENTATIVE,D,CA,16,C001059,114
2098,Tom,COTTON,SENATOR,R,AR,N/A,C001095,114
2293,Daniel,DONOVAN,REPRESENTATIVE,R,NY,11,D000625,114
326,Richard,DURBIN,SENATOR,D,IL,N/A,D000563,114
1797,Michael,FITZPATRICK,REPRESENTATIVE,R,PA,8,F000451,114
1793,Jeff,FORTENBERRY,REPRESENTATIVE,R,NE,1,F000449,114
1791,Virginia,FOXX,REPRESENTATIVE,R,NC,5,F000450,114
1969,Al,FRANKEN,SENATOR,D,MN,N/A,F000457,114
2122,Tulsi,GABBARD,REPRESENTATIVE,D,HI,2,G000571,114
99999999999999,First Name unavailable,GARDNER,Type Unavailable,Party Info Unavailable,state info unavailable,District Unavailable,BioGuideID unavailable,CongressID unavailable
457,Chuck,GRASSLEY,SENATOR,R,IA,N/A,G000386,114
2026,Andy,HARRIS,REPRESENTATIVE,R,MD,1,H001052,114
99999999999999,First Name unavailable,HASSAN,Type Unavailable,Party Info Unavailable,state info unavailable,District Unavailable,BioGuideID unavailable,CongressID unavailable
1351,Orrin,HATCH,SENATOR,R,UT,N/A,H000338,114
1937,Martin,HEINRICH,SENATOR,D,NM,N/A,H001046,114
2174,Heidi,HEITKAMP,SENATOR,D,ND,N/A,H001069,114
2028,Bill,HUIZENGA,REPRESENTATIVE,R,MI,2,H001058,114
2015,Randy,HULTGREN,REPRESENTATIVE,R,IL,14,H001059,114
583,James,INHOFE,SENATOR,R,OK,N/A,I000024,114
1608,Johnny,ISAKSON,SENATOR,R,GA,N/A,I000055,114
2176,Tim,KAINE,SENATOR,D,VA,N/A,K000384,114
99999999999999,First Name unavailable,KIHUEN,Type Unavailable,Party Info Unavailable,state info unavailable,District Unavailable,BioGuideID unavailable,CongressID unavailable
2134,Daniel,KILDEE,REPRESENTATIVE,D,MI,5,K000380,114
1826,Amy,KLOBUCHAR,SENATOR,D,MN,N/A,K000367,114
1668,James,LANGEVIN,REPRESENTATIVE,D,RI,2,L000559,114
2050,James,LANKFORD,SENATOR,R,OK,N/A,L000575,114
1501,Barbara,LEE,REPRESENTATIVE,D,CA,13,L000551,114
735,Edward,MARKEY,SENATOR,D,MA,N/A,M000133,114
1900,Jeff,MERKLEY,SENATOR,D,OR,N/A,M001176,114
1507,Jerry,MORAN,SENATOR,R,KS,N/A,M000934,114
1694,Lisa,MURKOWSKI,SENATOR,R,AK,N/A,M001153,114
1837,Christopher,MURPHY,SENATOR,D,CT,N/A,M001169,114
1409,Patty,MURRAY,SENATOR,D,WA,N/A,M001111,114
859,Bill,NELSON,SENATOR,D,FL,N/A,N000032,114
99999999999999,First Name unavailable,PANETTA,Type Unavailable,Party Info Unavailable,state info unavailable,District Unavailable,BioGuideID unavailable,CongressID unavailable
1930,Erik,PAULSEN,REPRESENTATIVE,R,MN,3,P000594,114
2113,Scott,PETERS,REPRESENTATIVE,D,CA,52,P000608,114
1927,Chellie,PINGREE,REPRESENTATIVE,D,ME,1,P000597,114
1910,Jared,POLIS,REPRESENTATIVE,D,CO,2,P000598,114
924,Rob,PORTMAN,SENATOR,R,OH,N/A,P000449,114
1982,Tom,REED,REPRESENTATIVE,R,NY,23,R000585,114
99999999999999,First Name unavailable,ROUNDS,Type Unavailable,Party Info Unavailable,state info unavailable,District Unavailable,BioGuideID unavailable,CongressID unavailable
,,SABLAN,DELEGATE,I,MP,N/A,99999999999999999,114
2173,Brian,SCHATZ,SENATOR,D,HI,N/A,S001194,114
1901,Jeanne,SHAHEEN,SENATOR,D,NH,N/A,S001181,114
1527,John,SHIMKUS,REPRESENTATIVE,R,IL,15,S000364,114
99999999999999,First Name unavailable,SOTO,Type Unavailable,Party Info Unavailable,state info unavailable,District Unavailable,BioGuideID unavailable,CongressID unavailable
1531,Debbie,STABENOW,SENATOR,D,MI,N/A,S000770,114
2290,Dan,SULLIVAN,SENATOR,R,AK,N/A,S001198,114
99999999999999,First Name unavailable,SUOZZI,Type Unavailable,Party Info Unavailable,state info unavailable,District Unavailable,BioGuideID unavailable,CongressID unavailable
2110,Mark,TAKANO,REPRESENTATIVE,D,CA,41,T000472,114
1534,John,THUNE,SENATOR,R,SD,N/A,T000250,114
1184,Nydia,VELAZQUEZ,REPRESENTATIVE,D,NY,7,V000081,114
1856,Timothy,WALZ,REPRESENTATIVE,D,MN,1,W000799,114
2182,Elizabeth,WARREN,SENATOR,D,MA,N/A,W000817,114
1823,Sheldon,WHITEHOUSE,SENATOR,D,RI,N/A,W000802,114
1226,Roger,WICKER,SENATOR,R,MS,N/A,W000437,114
2021,Kevin,YODER,REPRESENTATIVE,R,KS,3,Y000063,114
2261,Lee,ZELDIN,REPRESENTATIVE,R,NY,1,Z000017,114
