speaker_id,first_name,last_name,type,party,state,district,bio_guide_id,congress_id
1695,Lamar,ALEXANDER,SENATOR,R,TN,N/A,A000360,114
2239,Rick,ALLEN,REPRESENTATIVE,R,GA,12,A000372,114
99999999999999,First Name unavailable,BACON,Type Unavailable,Party Info Unavailable,state info unavailable,District Unavailable,BioGuideID unavailable,CongressID unavailable
1558,Tammy,BALDWIN,SENATOR,D,WI,N/A,B001230,114
2054,Lou,BARLETTA,REPRESENTATIVE,R,PA,11,B001269,114
2238,Barry,BARR,REPRESENTATIVE,R,GA,11,L000583,114
1965,Michael,BENNET,SENATOR,D,CO,N/A,B001267,114
99999999999999,First Name unavailable,BIGGS,Type Unavailable,Party Info Unavailable,state info unavailable,District Unavailable,BioGuideID unavailable,CongressID unavailable
1748,Marsha,BLACKBURN,REPRESENTATIVE,R,TN,7,B001243,114
99,Earl,BLUMENAUER,REPRESENTATIVE,D,OR,3,B000574,114
2076,Richard,BLUMENTHAL,SENATOR,D,CT,N/A,B001277,114
2194,Cory,BOOKER,SENATOR,D,NJ,N/A,B001288,114
99999999999999,First Name unavailable,BORDALLO,Type Unavailable,Party Info Unavailable,state info unavailable,District Unavailable,BioGuideID unavailable,CongressID unavailable
2106,Julia,BROWN,REPRESENTATIVE,D,CA,26,B001285,114
2018,Larry,BUCSHON,REPRESENTATIVE,R,IN,8,B001275,114
1751,Michael,BURGESS,REPRESENTATIVE,R,TX,26,B001248,114
1828,Robert,CASEY,SENATOR,D,PA,N/A,C001070,114
99999999999999,First Name unavailable,CHENEY,Type Unavailable,Party Info Unavailable,state info unavailable,District Unavailable,BioGuideID unavailable,CongressID unavailable
2055,David,CICILLINE,REPRESENTATIVE,D,RI,1,C001084,114
1912,Mike,COFFMAN,REPRESENTATIVE,R,CO,6,C001077,114
1984,Christopher,COONS,SENATOR,D,DE,N/A,C001088,114
1692,John,CORNYN,SENATOR,R,TX,N/A,C001056,114
250,Mike,CRAPO,SENATOR,R,ID,N/A,C000880,114
2175,Ted,CRUZ,SENATOR,R,TX,N/A,C001098,114
2138,Steve,DAINES,SENATOR,R,MT,N/A,D000618,114
1850,Joe,DONNELLY,SENATOR,D,IN,N/A,D000607,114
2293,Daniel,DONOVAN,REPRESENTATIVE,R,NY,11,D000625,114
99999999999999,First Name unavailable,DUNN,Type Unavailable,Party Info Unavailable,state info unavailable,District Unavailable,BioGuideID unavailable,CongressID unavailable
326,Richard,DURBIN,SENATOR,D,IL,N/A,D000563,114
1797,Michael,FITZPATRICK,REPRESENTATIVE,R,PA,8,F000451,114
1633,Jeff,FLAKE,SENATOR,R,AZ,N/A,F000444,114
1791,Virginia,FOXX,REPRESENTATIVE,R,NC,5,F000450,114
1969,Al,FRANKEN,SENATOR,D,MN,N/A,F000457,114
99999999999999,First Name unavailable,GAETZ,Type Unavailable,Party Info Unavailable,state info unavailable,District Unavailable,BioGuideID unavailable,CongressID unavailable
99999999999999,First Name unavailable,GARDNER,Type Unavailable,Party Info Unavailable,state info unavailable,District Unavailable,BioGuideID unavailable,CongressID unavailable
1801,Louie,GOHMERT,REPRESENTATIVE,R,TX,1,G000552,114
2234,Gwen,GRAHAM,REPRESENTATIVE,D,FL,2,G000575,114
457,Chuck,GRASSLEY,SENATOR,R,IA,N/A,G000386,114
2026,Andy,HARRIS,REPRESENTATIVE,R,MD,1,H001052,114
99999999999999,First Name unavailable,HASSAN,Type Unavailable,Party Info Unavailable,state info unavailable,District Unavailable,BioGuideID unavailable,CongressID unavailable
1351,Orrin,HATCH,SENATOR,R,UT,N/A,H000338,114
2040,Joseph,HECK,REPRESENTATIVE,R,NV,3,H001055,114
1937,Martin,HEINRICH,SENATOR,D,NM,N/A,H001046,114
2223,J.,HILL,REPRESENTATIVE,R,AR,2,H001072,114
1844,Mazie,HIRONO,SENATOR,D,HI,N/A,H001042,114
566,Steny,HOYER,REPRESENTATIVE,D,MD,5,H000874,114
2269,Will,HURD,REPRESENTATIVE,R,TX,23,H001073,114
583,James,INHOFE,SENATOR,R,OK,N/A,I000024,114
1608,Johnny,ISAKSON,SENATOR,R,GA,N/A,I000055,114
99999999999999,First Name unavailable,JAYAPAL,Type Unavailable,Party Info Unavailable,state info unavailable,District Unavailable,BioGuideID unavailable,CongressID unavailable
616,Marcy,KAPTUR,REPRESENTATIVE,D,OH,8,K000009,114
2172,Joseph,KENNEDY,REPRESENTATIVE,D,MA,4,K000379,114
1826,Amy,KLOBUCHAR,SENATOR,D,MN,N/A,K000367,114
1834,Doug,LAMBORN,REPRESENTATIVE,R,CO,5,L000564,114
1936,Leonard,LANCE,REPRESENTATIVE,R,NJ,7,L000567,114
2050,James,LANKFORD,SENATOR,R,OK,N/A,L000575,114
2252,Brenda,LAWRENCE,REPRESENTATIVE,D,MI,14,L000581,114
1383,Patrick,LEAHY,SENATOR,D,VT,N/A,L000174,114
1983,Joe,MANCHIN,SENATOR,D,WV,N/A,M001183,114
735,Edward,MARKEY,SENATOR,D,MA,N/A,M000133,114
99999999999999,First Name unavailable,MARSHALL,Type Unavailable,Party Info Unavailable,state info unavailable,District Unavailable,BioGuideID unavailable,CongressID unavailable
791,Robert,MENENDEZ,SENATOR,D,NJ,N/A,M000639,114
1507,Jerry,MORAN,SENATOR,R,KS,N/A,M000934,114
1409,Patty,MURRAY,SENATOR,D,WA,N/A,M001111,114
850,Jerrold,NADLER,REPRESENTATIVE,D,NY,10,N000002,114
859,Bill,NELSON,SENATOR,D,FL,N/A,N000032,114
1955,Pete,OLSON,REPRESENTATIVE,R,TX,22,O000168,114
887,Frank,PALLONE,REPRESENTATIVE,D,NJ,6,P000034,114
2097,Donald,PAYNE,REPRESENTATIVE,D,NJ,10,P000604,114
2286,David,PERDUE,SENATOR,R,GA,N/A,P000612,114
2113,Scott,PETERS,REPRESENTATIVE,D,CA,52,P000608,114
2141,Robert,PITTENGER,REPRESENTATIVE,R,NC,9,P000606,114
1910,Jared,POLIS,REPRESENTATIVE,D,CO,2,P000598,114
924,Rob,PORTMAN,SENATOR,R,OH,N/A,P000449,114
,,RADEWAGEN,DELEGATE,I,AS,N/A,99999999999999999,114
2268,John,RATCLIFFE,REPRESENTATIVE,R,TX,4,R000601,114
1982,Tom,REED,REPRESENTATIVE,R,NY,23,R000585,114
1896,James,RISCH,SENATOR,R,ID,N/A,R000584,114
2084,Marco,RUBIO,SENATOR,R,FL,N/A,R000595,114
,,SABLAN,DELEGATE,I,MP,N/A,99999999999999999,114
1892,Steve,SCALISE,REPRESENTATIVE,R,LA,1,S001176,114
2173,Brian,SCHATZ,SENATOR,D,HI,N/A,S001194,114
1036,Charles,SCHUMER,SENATOR,D,NY,N/A,S000148,114
2113,Scott,SCOTT,REPRESENTATIVE,D,CA,52,P000608,114
1548,Jeff,SESSIONS,SENATOR,R,AL,N/A,S001141,114
1901,Jeanne,SHAHEEN,SENATOR,D,NH,N/A,S001181,114
1049,Richard,SHELBY,SENATOR,R,AL,N/A,S000320,114
1526,Brad,SHERMAN,REPRESENTATIVE,D,CA,30,S000344,114
1818,Albio,SIRES,REPRESENTATIVE,D,NJ,8,S001165,114
99999999999999,First Name unavailable,SOTO,Type Unavailable,Party Info Unavailable,state info unavailable,District Unavailable,BioGuideID unavailable,CongressID unavailable
1531,Debbie,STABENOW,SENATOR,D,MI,N/A,S000770,114
2263,Elise,STEFANIK,REPRESENTATIVE,R,NY,21,S001196,114
1829,Jon,TESTER,SENATOR,D,MT,N/A,T000464,114
1534,John,THUNE,SENATOR,R,SD,N/A,T000250,114
1997,Scott,TIPTON,REPRESENTATIVE,R,CO,3,T000470,114
1942,Paul,TONKO,REPRESENTATIVE,D,NY,20,T000469,114
1856,Timothy,WALZ,REPRESENTATIVE,D,MN,1,W000799,114
1897,Mark,WARNER,SENATOR,D,VA,N/A,W000805,114
2182,Elizabeth,WARREN,SENATOR,D,MA,N/A,W000817,114
1823,Sheldon,WHITEHOUSE,SENATOR,D,RI,N/A,W000802,114
1226,Roger,WICKER,SENATOR,R,MS,N/A,W000437,114
2008,Rob,WOODALL,REPRESENTATIVE,R,GA,7,W000810,114
1247,Ron,WYDEN,SENATOR,D,OR,N/A,W000779,114
2021,Kevin,YODER,REPRESENTATIVE,R,KS,3,Y000063,114
2115,Ted,YOHO,REPRESENTATIVE,R,FL,3,Y000065,114
