speaker_id,first_name,last_name,type,party,state,district,bio_guide_id,congress_id
1460,Robert,ADERHOLT,REPRESENTATIVE,R,AL,4,A000055,114
1881,John,BARRASSO,SENATOR,R,WY,N/A,B001261,114
62,Joe,BARTON,REPRESENTATIVE,R,TX,6,B000213,114
2272,Donald,BEYER,REPRESENTATIVE,D,VA,8,B001292,114
2307,Andy,BIGGS,REPRESENTATIVE,R,AZ,N/A,B001302,115
1838,Gus,BILIRAKIS,REPRESENTATIVE,R,FL,12,B001257,114
1748,Marsha,BLACKBURN,REPRESENTATIVE,R,TN,7,B001243,114
99,Earl,BLUMENAUER,REPRESENTATIVE,D,OR,3,B000574,114
2076,Richard,BLUMENTHAL,SENATOR,D,CT,N/A,B001277,114
2233,Ken,BUCK,REPRESENTATIVE,R,CO,4,B001297,114
1751,Michael,BURGESS,REPRESENTATIVE,R,TX,26,B001248,114
2197,Bradley,BYRNE,REPRESENTATIVE,R,AL,1,B001289,114
172,Maria,CANTWELL,SENATOR,D,WA,N/A,C000127,114
2107,Tony,CARDENAS,REPRESENTATIVE,D,CA,29,C001097,114
,,CARDIN,SENATOR,D,MD,N/A,99999999999999999,114
179,Thomas,CARPER,SENATOR,D,DE,N/A,C000174,114
2259,Bonnie,COLE,REPRESENTATIVE,D,NJ,12,W000822,114
2273,Barbara,COMSTOCK,REPRESENTATIVE,R,VA,10,C001105,114
1984,Christopher,COONS,SENATOR,D,DE,N/A,C001088,114
1825,Bob,CORKER,SENATOR,R,TN,N/A,C001071,114
1692,John,CORNYN,SENATOR,R,TX,N/A,C001056,114
2321,Charlie,CRIST,REPRESENTATIVE,D,FL,N/A,C001111,115
1976,Theodore,DEUTCH,REPRESENTATIVE,D,FL,21,D000610,114
303,Lloyd,DOGGETT,REPRESENTATIVE,D,TX,35,D000399,114
99999999999999,,DUNN,N/A,Party information Unavailable,State Info Unavailable,N/A,9999999999999999,115
326,Richard,DURBIN,SENATOR,D,IL,N/A,D000563,114
344,Eliot,ENGEL,REPRESENTATIVE,D,NY,16,E000179,114
2298,Dwight,EVANS,REPRESENTATIVE,D,PA,N/A,E000296,115
2067,Blake,FARENTHOLD,REPRESENTATIVE,R,TX,27,F000460,114
2343,John,FASO,REPRESENTATIVE,R,NY,N/A,F000464,115
1332,Dianne,FEINSTEIN,SENATOR,D,CA,N/A,F000062,114
2179,Deb,FISCHER,SENATOR,R,NE,N/A,F000463,114
1797,Michael,FITZPATRICK,REPRESENTATIVE,R,PA,8,F000451,114
1633,Jeff,FLAKE,SENATOR,R,AZ,N/A,F000444,114
1791,Virginia,FOXX,REPRESENTATIVE,R,NC,5,F000450,114
414,Rodney,FRELINGHUYSEN,REPRESENTATIVE,R,NJ,11,F000372,114
2314,Matt,GAETZ,REPRESENTATIVE,R,FL,N/A,G000578,115
2359,Greg,GIANFORTE,REPRESENTATIVE,R,MT,N/A,G000584,115
1801,Louie,GOHMERT,REPRESENTATIVE,R,TX,1,G000552,114
1992,Paul,GOSAR,REPRESENTATIVE,R,AZ,4,G000565,114
457,Chuck,GRASSLEY,SENATOR,R,IA,N/A,G000386,114
478,Luis,GUTIERREZ,REPRESENTATIVE,D,IL,4,G000535,114
1992,Paul,HANABUSA,REPRESENTATIVE,R,AZ,N/A,G000565,115
1933,Gregg,HARPER,REPRESENTATIVE,R,MS,3,H001045,114
511,Alcee,HASTINGS,REPRESENTATIVE,D,FL,20,H000324,114
1351,Orrin,HATCH,SENATOR,R,UT,N/A,H000338,114
1937,Martin,HEINRICH,SENATOR,D,NM,N/A,H001046,114
1844,Mazie,HIRONO,SENATOR,D,HI,N/A,H001042,114
2149,Hakeem,JEFFRIES,REPRESENTATIVE,D,NY,8,J000294,114
,,JOHNSON,REPRESENTATIVE,R,GA,4,99999999999999999,114
616,Marcy,KAPTUR,REPRESENTATIVE,D,OH,8,K000009,114
2340,Ruben,KIHUEN,REPRESENTATIVE,D,NV,N/A,K000390,115
2134,Daniel,KILDEE,REPRESENTATIVE,D,MI,5,K000380,114
1724,Steve,KING,REPRESENTATIVE,R,IA,4,K000362,114
1826,Amy,KLOBUCHAR,SENATOR,D,MN,N/A,K000367,114
2325,Raja,KRISHNAMOORTHI,REPRESENTATIVE,D,IL,N/A,K000391,115
1936,Leonard,LANCE,REPRESENTATIVE,R,NJ,7,L000567,114
2252,Brenda,LAWRENCE,REPRESENTATIVE,D,MI,14,L000581,114
1383,Patrick,LEAHY,SENATOR,D,VT,N/A,L000174,114
1501,Barbara,LEE,REPRESENTATIVE,D,CA,13,L000551,114
701,Zoe,LOFGREN,REPRESENTATIVE,D,CA,19,L000397,114
2271,Mia,LOVE,REPRESENTATIVE,R,UT,4,L000584,114
709,Nita,LOWEY,REPRESENTATIVE,D,NY,17,L000480,114
1983,Joe,MANCHIN,SENATOR,D,WV,N/A,M001183,114
735,Edward,MARKEY,SENATOR,D,MA,N/A,M000133,114
2322,Brian,MAST,REPRESENTATIVE,R,FL,N/A,M001199,115
791,Robert,MENENDEZ,SENATOR,D,NJ,N/A,M000639,114
1900,Jeff,MERKLEY,SENATOR,D,OR,N/A,M001176,114
1525,Pete,MITCHELL,REPRESENTATIVE,R,TX,N/A,S000250,115
1409,Patty,MURRAY,SENATOR,D,WA,N/A,M001111,114
1602,Grace,NAPOLITANO,REPRESENTATIVE,D,CA,32,N000179,114
859,Bill,NELSON,SENATOR,D,FL,N/A,N000032,114
868,Eleanor,NORTON,DELEGATE,D,DC,N/A,N000147,114
887,Frank,PALLONE,REPRESENTATIVE,D,NJ,6,P000034,114
1930,Erik,PAULSEN,REPRESENTATIVE,R,MN,3,P000594,114
2097,Donald,PAYNE,REPRESENTATIVE,D,NJ,10,P000604,114
905,Nancy,PELOSI,REPRESENTATIVE,D,CA,12,P000197,114
1927,Chellie,PINGREE,REPRESENTATIVE,D,ME,1,P000597,114
2247,Bruce,POLIQUIN,REPRESENTATIVE,R,ME,2,P000611,114
99999999999999,,RASKIN,N/A,Party information Unavailable,State Info Unavailable,N/A,9999999999999999,115
2023,Cedric,RICHMOND,REPRESENTATIVE,D,LA,2,R000588,114
2288,Mike,ROUNDS,SENATOR,R,SD,N/A,R000605,115
1010,Bernard,SANDERS,SENATOR,I,VT,N/A,S000033,114
1588,Janice,SCHAKOWSKY,REPRESENTATIVE,D,IL,9,S001145,114
2124,Bradley,SCHNEIDER,REPRESENTATIVE,D,IL,N/A,S001190,115
1036,Charles,SCHUMER,SENATOR,D,NY,N/A,S000148,114
1548,Jeff,SESSIONS,SENATOR,R,AL,N/A,S001141,114
1901,Jeanne,SHAHEEN,SENATOR,D,NH,N/A,S001181,114
1069,Louise,SLAUGHTER,REPRESENTATIVE,D,NY,25,S000480,114
2319,Darren,SOTO,REPRESENTATIVE,D,FL,N/A,S001200,115
1890,Jackie,SPEIER,REPRESENTATIVE,D,CA,14,S001175,114
2168,Chris,STEWART,REPRESENTATIVE,R,UT,2,S001192,114
2351,Scott,TAYLOR,REPRESENTATIVE,R,VA,N/A,T000477,115
2344,Claudia,TENNEY,REPRESENTATIVE,R,NY,N/A,T000478,115
1534,John,THUNE,SENATOR,R,SD,N/A,T000250,114
1942,Paul,TONKO,REPRESENTATIVE,D,NY,20,T000469,114
1594,Patrick,TOOMEY,SENATOR,R,PA,N/A,T000461,114
1177,Fred,UPTON,REPRESENTATIVE,R,MI,6,U000031,114
2166,Marc,VEASEY,REPRESENTATIVE,D,TX,33,V000131,114
1188,Peter,VISCLOSKY,REPRESENTATIVE,D,IN,1,V000108,114
2137,Ann,WAGNER,REPRESENTATIVE,R,MO,2,W000812,114
1855,Tim,WALBERG,REPRESENTATIVE,R,MI,7,W000798,114
1596,Greg,WALDEN,REPRESENTATIVE,R,OR,2,W000791,114
1897,Mark,WARNER,SENATOR,D,VA,N/A,W000805,114
1823,Sheldon,WHITEHOUSE,SENATOR,D,RI,N/A,W000802,114
2165,Roger,WILLIAMS,REPRESENTATIVE,R,TX,25,W000816,114
2008,Rob,WOODALL,REPRESENTATIVE,R,GA,7,W000810,114
1247,Ron,WYDEN,SENATOR,D,OR,N/A,W000779,114
