speaker_id,first_name,last_name,type,party,state,district,bio_guide_id,congress_id
2239,Rick,ALLEN,REPRESENTATIVE,R,GA,12,A000372,114
99999999999999,First Name unavailable,ARRINGTON,Type Unavailable,Party Info Unavailable,state info unavailable,District Unavailable,BioGuideID unavailable,CongressID unavailable
2270,Brian,BABIN,REPRESENTATIVE,R,TX,36,B001291,114
99999999999999,First Name unavailable,BACON,Type Unavailable,Party Info Unavailable,state info unavailable,District Unavailable,BioGuideID unavailable,CongressID unavailable
1558,Tammy,BALDWIN,SENATOR,D,WI,N/A,B001230,114
1881,John,BARRASSO,SENATOR,R,WY,N/A,B001261,114
2272,Donald,BEYER,REPRESENTATIVE,D,VA,8,B001292,114
2076,Richard,BLUMENTHAL,SENATOR,D,CT,N/A,B001277,114
1464,Roy,BLUNT,SENATOR,R,MO,N/A,B000575,114
1687,John,BOOZMAN,SENATOR,R,AR,N/A,B001236,114
2243,Mike,BOST,REPRESENTATIVE,R,IL,12,B001295,114
2106,Julia,BROWN,REPRESENTATIVE,D,CA,26,B001285,114
153,Richard,BURR,SENATOR,R,NC,N/A,B001135,114
172,Maria,CANTWELL,SENATOR,D,WA,N/A,C000127,114
,,CARDIN,SENATOR,D,MD,N/A,99999999999999999,114
1925,Bill,CASSIDY,SENATOR,R,LA,N/A,C001075,114
,,CLEAVER,REPRESENTATIVE,D,MO,5,99999999999999999,114
213,Thad,COCHRAN,SENATOR,R,MS,N/A,C000567,114
,,COHEN,REPRESENTATIVE,D,TN,9,99999999999999999,114
2121,Doug,COLLINS,REPRESENTATIVE,R,GA,9,C001093,114
2273,Barbara,COMSTOCK,REPRESENTATIVE,R,VA,10,C001105,114
229,John,CONYERS,REPRESENTATIVE,D,MI,13,C000714,114
1692,John,CORNYN,SENATOR,R,TX,N/A,C001056,114
2098,Tom,COTTON,SENATOR,R,AR,N/A,C001095,114
2144,Kevin,CRAMER,REPRESENTATIVE,R,ND,0,C001096,114
250,Mike,CRAPO,SENATOR,R,ID,N/A,C000880,114
2138,Steve,DAINES,SENATOR,R,MT,N/A,D000618,114
99999999999999,First Name unavailable,DEMINGS,Type Unavailable,Party Info Unavailable,state info unavailable,District Unavailable,BioGuideID unavailable,CongressID unavailable
2123,Tammy,DUCKWORTH,REPRESENTATIVE,D,IL,8,D000622,114
326,Richard,DURBIN,SENATOR,D,IL,N/A,D000563,114
1542,Michael,ENZI,SENATOR,R,WY,N/A,E000285,114
2283,Joni,ERNST,SENATOR,R,IA,N/A,E000295,114
2179,Deb,FISCHER,SENATOR,R,NE,N/A,F000463,114
1797,Michael,FITZPATRICK,REPRESENTATIVE,R,PA,8,F000451,114
1969,Al,FRANKEN,SENATOR,D,MN,N/A,F000457,114
414,Rodney,FRELINGHUYSEN,REPRESENTATIVE,R,NJ,11,F000372,114
1866,Kirsten,GILLIBRAND,SENATOR,D,NY,N/A,G000555,114
1801,Louie,GOHMERT,REPRESENTATIVE,R,TX,1,G000552,114
446,Bob,GOODLATTE,REPRESENTATIVE,R,VA,6,G000289,114
2234,Gwen,GRAHAM,REPRESENTATIVE,D,FL,2,G000575,114
457,Chuck,GRASSLEY,SENATOR,R,IA,N/A,G000386,114
99999999999999,First Name unavailable,HASSAN,Type Unavailable,Party Info Unavailable,state info unavailable,District Unavailable,BioGuideID unavailable,CongressID unavailable
1351,Orrin,HATCH,SENATOR,R,UT,N/A,H000338,114
2223,J.,HILL,REPRESENTATIVE,R,AR,2,H001072,114
1844,Mazie,HIRONO,SENATOR,D,HI,N/A,H001042,114
583,James,INHOFE,SENATOR,R,OK,N/A,I000024,114
2176,Tim,KAINE,SENATOR,D,VA,N/A,K000384,114
2172,Joseph,KENNEDY,REPRESENTATIVE,D,MA,4,K000379,114
1724,Steve,KING,REPRESENTATIVE,R,IA,4,K000362,114
1826,Amy,KLOBUCHAR,SENATOR,D,MN,N/A,K000367,114
99999999999999,First Name unavailable,KRISHNAMOORTHI,Type Unavailable,Party Info Unavailable,state info unavailable,District Unavailable,BioGuideID unavailable,CongressID unavailable
2011,Raul,LABRADOR,REPRESENTATIVE,R,ID,1,L000573,114
1936,Leonard,LANCE,REPRESENTATIVE,R,NJ,7,L000567,114
1668,James,LANGEVIN,REPRESENTATIVE,D,RI,2,L000559,114
2050,James,LANKFORD,SENATOR,R,OK,N/A,L000575,114
1383,Patrick,LEAHY,SENATOR,D,VT,N/A,L000174,114
1501,Barbara,LEE,REPRESENTATIVE,D,CA,13,L000551,114
701,Zoe,LOFGREN,REPRESENTATIVE,D,CA,19,L000397,114
2111,Alan,LOWENTHAL,REPRESENTATIVE,D,CA,47,L000579,114
735,Edward,MARKEY,SENATOR,D,MA,N/A,M000133,114
791,Robert,MENENDEZ,SENATOR,D,NJ,N/A,M000639,114
1900,Jeff,MERKLEY,SENATOR,D,OR,N/A,M001176,114
2130,Luke,MESSER,REPRESENTATIVE,R,IN,6,M001189,114
1694,Lisa,MURKOWSKI,SENATOR,R,AK,N/A,M001153,114
850,Jerrold,NADLER,REPRESENTATIVE,D,NY,10,N000002,114
859,Bill,NELSON,SENATOR,D,FL,N/A,N000032,114
99999999999999,First Name unavailable,PANETTA,Type Unavailable,Party Info Unavailable,state info unavailable,District Unavailable,BioGuideID unavailable,CongressID unavailable
1930,Erik,PAULSEN,REPRESENTATIVE,R,MN,3,P000594,114
2113,Scott,PETERS,REPRESENTATIVE,D,CA,52,P000608,114
2247,Bruce,POLIQUIN,REPRESENTATIVE,R,ME,2,P000611,114
1982,Tom,REED,REPRESENTATIVE,R,NY,23,R000585,114
2084,Marco,RUBIO,SENATOR,R,FL,N/A,R000595,114
1003,Bobby,RUSH,REPRESENTATIVE,D,IL,1,R000515,114
99999999999999,First Name unavailable,SCHNEIDER,Type Unavailable,Party Info Unavailable,state info unavailable,District Unavailable,BioGuideID unavailable,CongressID unavailable
1036,Charles,SCHUMER,SENATOR,D,NY,N/A,S000148,114
1901,Jeanne,SHAHEEN,SENATOR,D,NH,N/A,S001181,114
99999999999999,First Name unavailable,SOTO,Type Unavailable,Party Info Unavailable,state info unavailable,District Unavailable,BioGuideID unavailable,CongressID unavailable
2263,Elise,STEFANIK,REPRESENTATIVE,R,NY,21,S001196,114
2290,Dan,SULLIVAN,SENATOR,R,AK,N/A,S001198,114
99999999999999,First Name unavailable,SUOZZI,Type Unavailable,Party Info Unavailable,state info unavailable,District Unavailable,BioGuideID unavailable,CongressID unavailable
99999999999999,First Name unavailable,TENNEY,Type Unavailable,Party Info Unavailable,state info unavailable,District Unavailable,BioGuideID unavailable,CongressID unavailable
1534,John,THUNE,SENATOR,R,SD,N/A,T000250,114
1664,Patrick,TIBERI,REPRESENTATIVE,R,OH,12,T000462,114
2291,Thom,TILLIS,SENATOR,R,NC,N/A,T000476,114
1594,Patrick,TOOMEY,SENATOR,R,PA,N/A,T000461,114
1884,Niki,TSONGAS,REPRESENTATIVE,D,MA,3,T000465,114
2166,Marc,VEASEY,REPRESENTATIVE,D,TX,33,V000131,114
2255,Mark,WALKER,REPRESENTATIVE,R,NC,6,W000819,114
2182,Elizabeth,WARREN,SENATOR,D,MA,N/A,W000817,114
1823,Sheldon,WHITEHOUSE,SENATOR,D,RI,N/A,W000802,114
1247,Ron,WYDEN,SENATOR,D,OR,N/A,W000779,114
2115,Ted,YOHO,REPRESENTATIVE,R,FL,3,Y000065,114
1256,Don,YOUNG,REPRESENTATIVE,R,AK,0,Y000033,114
