<mods ID="id-CREC-2017-06-06-pt1-PgH4643-4" version="3.3" xmlns="http://www.loc.gov/mods/v3" xmlns:exslt="http://exslt.org/common" xmlns:xlink="http://www.w3.org/1999/xlink" xmlns:xsi="http://www.w3.org/2001/XMLSchema-instance" xsi:schemaLocation="http://www.loc.gov/mods/v3 http://www.loc.gov/standards/mods/v3/mods-3-3.xsd">
<name type="corporate">
<namePart>United States Government Publishing Office</namePart>
<role>
<roleTerm authority="marcrelator" type="text">publisher</roleTerm>
<roleTerm authority="marcrelator" type="code">pbl</roleTerm>
</role>
<role>
<roleTerm authority="marcrelator" type="text">distributor</roleTerm>
<roleTerm authority="marcrelator" type="code">dst</roleTerm>
</role>
</name>
<name type="corporate">
<namePart>United States</namePart>
<namePart>Congress</namePart>
<role>
<roleTerm authority="marcrelator" type="text">author</roleTerm>
<roleTerm authority="marcrelator" type="code">aut</roleTerm>
</role>
<description>Government Organization</description>
</name>
<typeOfResource>text</typeOfResource>
<genre authority="marcgt">government publication</genre>
<language>
<languageTerm authority="iso639-2b" type="code">eng</languageTerm>
</language>
<extension>
<collectionCode>CREC</collectionCode>
<category>Proceedings of Congress and General Congressional Publications</category>
<waisDatabaseName>2017_record</waisDatabaseName>
<branch>legislative</branch>
<dateIngested>2017-09-29</dateIngested>
</extension>
<titleInfo>
<title>HIT THE BEACHES, JUNE 6, 1944, D-DAY</title>
<partName>House</partName>
</titleInfo>
<relatedItem type="otherFormat" xlink:href="https://www.gpo.gov/fdsys/pkg/CREC-2017-06-06/html/CREC-2017-06-06-pt1-PgH4643-4.htm">
<identifier type="FDsys Unique ID">D09002ee197057fb6</identifier>
</relatedItem>
<relatedItem type="otherFormat" xlink:href="https://www.gpo.gov/fdsys/pkg/CREC-2017-06-06/pdf/CREC-2017-06-06-pt1-PgH4643-4.pdf">
<identifier type="FDsys Unique ID">D09002ee1970580d2</identifier>
</relatedItem>
<identifier type="congressional record citation">163 Cong. Rec. H4643</identifier>
<identifier type="uri">https://www.gpo.gov/fdsys/granule/CREC-2017-06-06/CREC-2017-06-06-pt1-PgH4643-4</identifier>
<identifier type="former granule identifier">CR06JN17-117</identifier>
<location>
<url access="object in context" displayLabel="Content Detail">https://www.gpo.gov/fdsys/granule/CREC-2017-06-06/CREC-2017-06-06-pt1-PgH4643-4/content-detail.html</url>
<url access="raw object" displayLabel="PDF rendition">https://www.gpo.gov/fdsys/pkg/CREC-2017-06-06/pdf/CREC-2017-06-06-pt1-PgH4643-4.pdf</url>
<url access="raw object" displayLabel="HTML rendition">https://www.gpo.gov/fdsys/pkg/CREC-2017-06-06/html/CREC-2017-06-06-pt1-PgH4643-4.htm</url>
</location>
<physicalDescription>
<extent>1 p.</extent>
</physicalDescription>
<part type="article">
<extent unit="pages">
<start>H4643</start>
<end>H4643</end>
</extent>
</part>
<name type="personal">
<namePart>Ted Poe</namePart>
<affiliation>United States House of Representatives</affiliation>
<role>
<roleTerm type="text">speaking</roleTerm>
</role>
<description>United States Congress Member</description>
</name>
<identifier type="preferred citation">163 Cong. Rec. H4643</identifier>
<extension>
<searchTitle>HIT THE BEACHES, JUNE 6, 1944, D-DAY; Congressional Record Vol. 163, No. 96</searchTitle>
<granuleClass>HOUSE</granuleClass>
<accessId>CREC-2017-06-06-pt1-PgH4643-4</accessId>
<subGranuleClass>ALLOTHER</subGranuleClass>
<pagePrefix>H</pagePrefix>
<bookNumber>1</bookNumber>
<chamber>HOUSE</chamber>
<granuleDate>2017-06-06</granuleDate>
<time from="19:15:00" to="19:15:00"/>
<congMember authorityId="1802" bioGuideId="P000592" chamber="H" congress="115" gpoId="8158" party="R" role="SPEAKING" state="TX">
<name type="parsed">Mr. POE of Texas</name>
<name type="authority-fnf">Ted Poe</name>
<name type="authority-lnf">Poe, Ted</name>
</congMember>
</extension>
<relatedItem ID="P0b002ee1970571fc" type="host">
<titleInfo>
<title>Congressional Record</title>
<partNumber>Vol. 163, no. 96</partNumber>
</titleInfo>
<location>
<url access="object in context" displayLabel="Content Detail">https://www.gpo.gov/fdsys/pkg/CREC-2017-06-06/content-detail.html</url>
<url access="raw object" displayLabel="PDF rendition">https://www.gpo.gov/fdsys/pkg/CREC-2017-06-06/pdf/CREC-2017-06-06.pdf</url>
</location>
<part type="issue">
<extent unit="pages">
<start>H4625</start>
<end>H4650</end>
</extent>
<extent unit="pages">
<start>S3253</start>
<end>S3299</end>
</extent>
<extent unit="pages">
<start>E757</start>
<end>E774</end>
</extent>
<extent unit="pages">
<start>D610</start>
<end>D616</end>
</extent>
</part>
<originInfo>
<publisher>U.S. Government Publishing Office</publisher>
<dateIssued encoding="w3cdtf">2017-06-06</dateIssued>
<issuance>continuing</issuance>
<frequency authority="marcfrequency">daily</frequency>
</originInfo>
<physicalDescription>
<note type="source content type">deposited</note>
<digitalOrigin>born digital</digitalOrigin>
<extent>196 p.</extent>
</physicalDescription>
<classification authority="sudocs">X 1.1/A:</classification>
<classification authority="sudocs">X/A.</classification>
<identifier type="uri">https://www.gpo.gov/fdsys/pkg/CREC-2017-06-06</identifier>
<identifier type="local">P0b002ee1970571fc</identifier>
<identifier type="stock number">752-002-00000-2</identifier>
<identifier type="ILS system id">000568013</identifier>
<identifier type="former package identifier">CR06JN17</identifier>
<recordInfo>
<recordContentSource authority="marcorg">DGPO</recordContentSource>
<recordCreationDate encoding="w3cdtf">2017-09-29</recordCreationDate>
<recordChangeDate encoding="w3cdtf">2017-09-29</recordChangeDate>
<recordIdentifier source="DGPO">CREC-2017-06-06</recordIdentifier>
<recordOrigin>machine generated</recordOrigin>
<languageOfCataloging>
<languageTerm authority="iso639-2b" type="code">eng</languageTerm>
</languageOfCataloging>
</recordInfo>
<accessCondition type="GPO scope determination">fdlp</accessCondition>
<extension>
<docClass>CREC</docClass>
<accessId>CREC-2017-06-06</accessId>
<volume>163</volume>
<issue>96</issue>
<congress>115</congress>
<session>1</session>
<bookCount>1</bookCount>
</extension>
</relatedItem>
</mods>