<mods ID="id-CREC-2017-05-04-pt1-PgS2781-2" version="3.3" xmlns="http://www.loc.gov/mods/v3" xmlns:exslt="http://exslt.org/common" xmlns:xlink="http://www.w3.org/1999/xlink" xmlns:xsi="http://www.w3.org/2001/XMLSchema-instance" xsi:schemaLocation="http://www.loc.gov/mods/v3 http://www.loc.gov/standards/mods/v3/mods-3-3.xsd">
<name type="corporate">
<namePart>United States Government Publishing Office</namePart>
<role>
<roleTerm authority="marcrelator" type="text">publisher</roleTerm>
<roleTerm authority="marcrelator" type="code">pbl</roleTerm>
</role>
<role>
<roleTerm authority="marcrelator" type="text">distributor</roleTerm>
<roleTerm authority="marcrelator" type="code">dst</roleTerm>
</role>
</name>
<name type="corporate">
<namePart>United States</namePart>
<namePart>Congress</namePart>
<role>
<roleTerm authority="marcrelator" type="text">author</roleTerm>
<roleTerm authority="marcrelator" type="code">aut</roleTerm>
</role>
<description>Government Organization</description>
</name>
<typeOfResource>text</typeOfResource>
<genre authority="marcgt">government publication</genre>
<language>
<languageTerm authority="iso639-2b" type="code">eng</languageTerm>
</language>
<extension>
<collectionCode>CREC</collectionCode>
<category>Proceedings of Congress and General Congressional Publications</category>
<waisDatabaseName>2017_record</waisDatabaseName>
<branch>legislative</branch>
<dateIngested>2017-09-19</dateIngested>
</extension>
<titleInfo>
<title>RECOGNIZING THE CULTURAL AND HISTORICAL SIGNIFICANCE OF THE CINCO DE MAYO HOLIDAY</title>
<partName>Senate</partName>
</titleInfo>
<relatedItem type="otherFormat" xlink:href="https://www.gpo.gov/fdsys/pkg/CREC-2017-05-04/html/CREC-2017-05-04-pt1-PgS2781-2.htm">
<identifier type="FDsys Unique ID">D09002ee196f3fa07</identifier>
</relatedItem>
<relatedItem type="otherFormat" xlink:href="https://www.gpo.gov/fdsys/pkg/CREC-2017-05-04/pdf/CREC-2017-05-04-pt1-PgS2781-2.pdf">
<identifier type="FDsys Unique ID">D09002ee196f3fad2</identifier>
</relatedItem>
<identifier type="congressional record citation">163 Cong. Rec. S2781</identifier>
<identifier type="uri">https://www.gpo.gov/fdsys/granule/CREC-2017-05-04/CREC-2017-05-04-pt1-PgS2781-2</identifier>
<identifier type="former granule identifier">CR04MY17-182</identifier>
<location>
<url access="object in context" displayLabel="Content Detail">https://www.gpo.gov/fdsys/granule/CREC-2017-05-04/CREC-2017-05-04-pt1-PgS2781-2/content-detail.html</url>
<url access="raw object" displayLabel="PDF rendition">https://www.gpo.gov/fdsys/pkg/CREC-2017-05-04/pdf/CREC-2017-05-04-pt1-PgS2781-2.pdf</url>
<url access="raw object" displayLabel="HTML rendition">https://www.gpo.gov/fdsys/pkg/CREC-2017-05-04/html/CREC-2017-05-04-pt1-PgS2781-2.htm</url>
</location>
<physicalDescription>
<extent>1 p.</extent>
</physicalDescription>
<part type="article">
<extent unit="pages">
<start>S2781</start>
<end>S2781</end>
</extent>
</part>
<name type="personal">
<namePart>Mitch McConnell</namePart>
<affiliation>United States Senate</affiliation>
<role>
<roleTerm type="text">speaking</roleTerm>
</role>
<description>United States Congress Member</description>
</name>
<identifier type="preferred citation">163 Cong. Rec. S2781</identifier>
<extension>
<searchTitle>RECOGNIZING THE CULTURAL AND HISTORICAL SIGNIFICANCE OF THE CINCO DE MAYO HOLIDAY; Congressional Record Vol. 163, No. 77</searchTitle>
<granuleClass>SENATE</granuleClass>
<accessId>CREC-2017-05-04-pt1-PgS2781-2</accessId>
<subGranuleClass>RECOGNIZING</subGranuleClass>
<pagePrefix>S</pagePrefix>
<bookNumber>1</bookNumber>
<chamber>SENATE</chamber>
<granuleDate>2017-05-04</granuleDate>
<bill congress="115" context="FIRSTPARAGRAPH" number="158" type="SRES"/>
<bill congress="115" context="OTHER" number="158" type="SRES"/>
<congMember authorityId="1395" bioGuideId="M000355" chamber="S" congress="115" gpoId="8254" party="R" role="SPEAKING" state="KY">
<name type="parsed">Mr. McCONNELL</name>
<name type="authority-fnf">Mitch McConnell</name>
<name type="authority-lnf">McConnell, Mitch</name>
</congMember>
</extension>
<relatedItem type="isReferencedBy">
<titleInfo>
<title>United States Senate Resolution 158  (115th Congress)</title>
</titleInfo>
<identifier type="Congressional Bill citation">S. Res. 158</identifier>
<extension>
<congress>115</congress>
<context>FIRSTPARAGRAPH</context>
</extension>
</relatedItem>
<relatedItem type="isReferencedBy">
<titleInfo>
<title>United States Senate Resolution 158  (115th Congress)</title>
</titleInfo>
<identifier type="Congressional Bill citation">S. Res. 158</identifier>
<extension>
<congress>115</congress>
<context>OTHER</context>
</extension>
</relatedItem>
<relatedItem ID="P0b002ee196f3f4e1" type="host">
<titleInfo>
<title>Congressional Record</title>
<partNumber>Vol. 163, no. 77</partNumber>
</titleInfo>
<location>
<url access="object in context" displayLabel="Content Detail">https://www.gpo.gov/fdsys/pkg/CREC-2017-05-04/content-detail.html</url>
<url access="raw object" displayLabel="PDF rendition">https://www.gpo.gov/fdsys/pkg/CREC-2017-05-04/pdf/CREC-2017-05-04.pdf</url>
</location>
<part type="issue">
<extent unit="pages">
<start>H4113</start>
<end>H4181</end>
</extent>
<extent unit="pages">
<start>S2735</start>
<end>S2781</end>
</extent>
<extent unit="pages">
<start>E603</start>
<end>E613</end>
</extent>
<extent unit="pages">
<start>D494</start>
<end>D498</end>
</extent>
</part>
<originInfo>
<publisher>U.S. Government Publishing Office</publisher>
<dateIssued encoding="w3cdtf">2017-05-04</dateIssued>
<issuance>continuing</issuance>
<frequency authority="marcfrequency">daily</frequency>
</originInfo>
<physicalDescription>
<note type="source content type">deposited</note>
<digitalOrigin>born digital</digitalOrigin>
<extent>264 p.</extent>
</physicalDescription>
<classification authority="sudocs">X 1.1/A:</classification>
<classification authority="sudocs">X/A.</classification>
<identifier type="uri">https://www.gpo.gov/fdsys/pkg/CREC-2017-05-04</identifier>
<identifier type="local">P0b002ee196f3f4e1</identifier>
<identifier type="stock number">752-002-00000-2</identifier>
<identifier type="ILS system id">000568013</identifier>
<identifier type="former package identifier">CR04MY17</identifier>
<recordInfo>
<recordContentSource authority="marcorg">DGPO</recordContentSource>
<recordCreationDate encoding="w3cdtf">2017-09-19</recordCreationDate>
<recordChangeDate encoding="w3cdtf">2017-09-19</recordChangeDate>
<recordIdentifier source="DGPO">CREC-2017-05-04</recordIdentifier>
<recordOrigin>machine generated</recordOrigin>
<languageOfCataloging>
<languageTerm authority="iso639-2b" type="code">eng</languageTerm>
</languageOfCataloging>
</recordInfo>
<accessCondition type="GPO scope determination">fdlp</accessCondition>
<extension>
<docClass>CREC</docClass>
<accessId>CREC-2017-05-04</accessId>
<volume>163</volume>
<issue>77</issue>
<congress>115</congress>
<session>1</session>
<bookCount>1</bookCount>
</extension>
</relatedItem>
</mods>