<mods ID="id-CREC-2017-06-12-pt1-PgH4830" version="3.3" xmlns="http://www.loc.gov/mods/v3" xmlns:exslt="http://exslt.org/common" xmlns:xlink="http://www.w3.org/1999/xlink" xmlns:xsi="http://www.w3.org/2001/XMLSchema-instance" xsi:schemaLocation="http://www.loc.gov/mods/v3 http://www.loc.gov/standards/mods/v3/mods-3-3.xsd">
<name type="corporate">
<namePart>United States Government Publishing Office</namePart>
<role>
<roleTerm authority="marcrelator" type="text">publisher</roleTerm>
<roleTerm authority="marcrelator" type="code">pbl</roleTerm>
</role>
<role>
<roleTerm authority="marcrelator" type="text">distributor</roleTerm>
<roleTerm authority="marcrelator" type="code">dst</roleTerm>
</role>
</name>
<name type="corporate">
<namePart>United States</namePart>
<namePart>Congress</namePart>
<role>
<roleTerm authority="marcrelator" type="text">author</roleTerm>
<roleTerm authority="marcrelator" type="code">aut</roleTerm>
</role>
<description>Government Organization</description>
</name>
<typeOfResource>text</typeOfResource>
<genre authority="marcgt">government publication</genre>
<language>
<languageTerm authority="iso639-2b" type="code">eng</languageTerm>
</language>
<extension>
<collectionCode>CREC</collectionCode>
<category>Proceedings of Congress and General Congressional Publications</category>
<waisDatabaseName>2017_record</waisDatabaseName>
<branch>legislative</branch>
<dateIngested>2017-06-15</dateIngested>
</extension>
<titleInfo>
<title>J. BENNETT JOHNSTON WATERWAY HYDROPOWER EXTENSION ACT OF 2017</title>
<partName>House</partName>
</titleInfo>
<relatedItem type="otherFormat" xlink:href="https://www.gpo.gov/fdsys/pkg/CREC-2017-06-12/html/CREC-2017-06-12-pt1-PgH4830.htm">
<identifier type="FDsys Unique ID">D09002ee196a775a1</identifier>
</relatedItem>
<relatedItem type="otherFormat" xlink:href="https://www.gpo.gov/fdsys/pkg/CREC-2017-06-12/pdf/CREC-2017-06-12-pt1-PgH4830.pdf">
<identifier type="FDsys Unique ID">D09002ee196a7767e</identifier>
</relatedItem>
<identifier type="congressional record citation">163 Cong. Rec. H4830</identifier>
<identifier type="uri">https://www.gpo.gov/fdsys/granule/CREC-2017-06-12/CREC-2017-06-12-pt1-PgH4830</identifier>
<identifier type="former granule identifier">CR12JN17-85</identifier>
<location>
<url access="object in context" displayLabel="Content Detail">https://www.gpo.gov/fdsys/granule/CREC-2017-06-12/CREC-2017-06-12-pt1-PgH4830/content-detail.html</url>
<url access="raw object" displayLabel="PDF rendition">https://www.gpo.gov/fdsys/pkg/CREC-2017-06-12/pdf/CREC-2017-06-12-pt1-PgH4830.pdf</url>
<url access="raw object" displayLabel="HTML rendition">https://www.gpo.gov/fdsys/pkg/CREC-2017-06-12/html/CREC-2017-06-12-pt1-PgH4830.htm</url>
</location>
<physicalDescription>
<extent>2 p.</extent>
</physicalDescription>
<part type="article">
<extent unit="pages">
<start>H4830</start>
<end>H4831</end>
</extent>
</part>
<name type="personal">
<namePart>Fred Upton</namePart>
<affiliation>United States House of Representatives</affiliation>
<role>
<roleTerm type="text">speaking</roleTerm>
</role>
<description>United States Congress Member</description>
</name>
<name type="personal">
<namePart>Diana DeGette</namePart>
<affiliation>United States House of Representatives</affiliation>
<role>
<roleTerm type="text">speaking</roleTerm>
</role>
<description>United States Congress Member</description>
</name>
<identifier type="preferred citation">163 Cong. Rec. H4830</identifier>
<extension>
<searchTitle>J. BENNETT JOHNSTON WATERWAY HYDROPOWER EXTENSION ACT OF 2017; Congressional Record Vol. 163, No. 99</searchTitle>
<associatedBills>H.R. 2457, 115th Congress
        </associatedBills>
<granuleClass>HOUSE</granuleClass>
<accessId>CREC-2017-06-12-pt1-PgH4830</accessId>
<subGranuleClass>ALLOTHER</subGranuleClass>
<pagePrefix>H</pagePrefix>
<bookNumber>1</bookNumber>
<chamber>HOUSE</chamber>
<granuleDate>2017-06-12</granuleDate>
<time from="16:15:00" to="16:15:00"/>
<bill congress="115" context="HEADERLINE" number="2457" type="HR"/>
<bill congress="115" context="FIRSTPARAGRAPH" number="2457" type="HR"/>
<bill congress="115" context="OTHER" number="2457" type="HR"/>
<congMember authorityId="1177" bioGuideId="U000031" chamber="H" congress="115" gpoId="7991" party="R" role="SPEAKING" state="MI">
<name type="parsed">Mr. UPTON</name>
<name type="authority-fnf">Fred Upton</name>
<name type="authority-lnf">Upton, Fred</name>
</congMember>
<congMember authorityId="1479" bioGuideId="D000197" chamber="H" congress="115" gpoId="7859" party="D" role="SPEAKING" state="CO">
<name type="parsed">Ms. DeGETTE</name>
<name type="authority-fnf">Diana DeGette</name>
<name type="authority-lnf">DeGette, Diana</name>
</congMember>
<USCode title="16">
<section detail="(e)" number="803"/>
<section number="806"/>
</USCode>
</extension>
<relatedItem type="isReferencedBy">
<titleInfo>
<title>United States House Bill 2457  (115th Congress)</title>
</titleInfo>
<identifier type="Congressional Bill citation">H.R. 2457</identifier>
<extension>
<congress>115</congress>
<context>HEADERLINE</context>
</extension>
</relatedItem>
<relatedItem type="isReferencedBy">
<titleInfo>
<title>United States House Bill 2457  (115th Congress)</title>
</titleInfo>
<identifier type="Congressional Bill citation">H.R. 2457</identifier>
<extension>
<congress>115</congress>
<context>FIRSTPARAGRAPH</context>
</extension>
</relatedItem>
<relatedItem type="isReferencedBy">
<titleInfo>
<title>United States House Bill 2457  (115th Congress)</title>
</titleInfo>
<identifier type="Congressional Bill citation">H.R. 2457</identifier>
<extension>
<congress>115</congress>
<context>OTHER</context>
</extension>
</relatedItem>
<relatedItem type="isReferencedBy">
<titleInfo>
<title>United States Code</title>
<partNumber>Title 16 Section 803(e)</partNumber>
<partNumber>Title 16 Section 806</partNumber>
</titleInfo>
<identifier type="USC citation">16 U.S.C. 803(e)</identifier>
<identifier type="USC citation">16 U.S.C. 806</identifier>
</relatedItem>
<relatedItem ID="P0b002ee19534e833" type="host">
<titleInfo>
<title>Congressional Record</title>
<partNumber>Vol. 163, no. 99</partNumber>
</titleInfo>
<location>
<url access="object in context" displayLabel="Content Detail">https://www.gpo.gov/fdsys/pkg/CREC-2017-06-12/content-detail.html</url>
<url access="raw object" displayLabel="PDF rendition">https://www.gpo.gov/fdsys/pkg/CREC-2017-06-12/pdf/CREC-2017-06-12.pdf</url>
</location>
<part type="issue">
<extent unit="pages">
<start>H4823</start>
<end>H4856</end>
</extent>
<extent unit="pages">
<start>S3381</start>
<end>S3411</end>
</extent>
<extent unit="pages">
<start>E801</start>
<end>E811</end>
</extent>
<extent unit="pages">
<start>D633</start>
<end>D642</end>
</extent>
</part>
<originInfo>
<publisher>U.S. Government Publishing Office</publisher>
<dateIssued encoding="w3cdtf">2017-06-12</dateIssued>
<issuance>continuing</issuance>
<frequency authority="marcfrequency">daily</frequency>
</originInfo>
<physicalDescription>
<note type="source content type">deposited</note>
<digitalOrigin>born digital</digitalOrigin>
<extent>172 p.</extent>
</physicalDescription>
<classification authority="sudocs">X 1.1/A:</classification>
<classification authority="sudocs">X/A.</classification>
<identifier type="uri">https://www.gpo.gov/fdsys/pkg/CREC-2017-06-12</identifier>
<identifier type="local">P0b002ee19534e833</identifier>
<identifier type="stock number">752-002-00000-2</identifier>
<identifier type="ILS system id">000568013</identifier>
<identifier type="former package identifier">CR12JN17</identifier>
<recordInfo>
<recordContentSource authority="marcorg">DGPO</recordContentSource>
<recordCreationDate encoding="w3cdtf">2017-06-15</recordCreationDate>
<recordChangeDate encoding="w3cdtf">2017-08-21</recordChangeDate>
<recordIdentifier source="DGPO">CREC-2017-06-12</recordIdentifier>
<recordOrigin>machine generated</recordOrigin>
<languageOfCataloging>
<languageTerm authority="iso639-2b" type="code">eng</languageTerm>
</languageOfCataloging>
</recordInfo>
<accessCondition type="GPO scope determination">fdlp</accessCondition>
<extension>
<docClass>CREC</docClass>
<accessId>CREC-2017-06-12</accessId>
<volume>163</volume>
<issue>99</issue>
<congress>115</congress>
<session>1</session>
<bookCount>1</bookCount>
</extension>
</relatedItem>
</mods>