<mods ID="id-CREC-2017-05-18-pt1-PgH4351" version="3.3" xmlns="http://www.loc.gov/mods/v3" xmlns:exslt="http://exslt.org/common" xmlns:xlink="http://www.w3.org/1999/xlink" xmlns:xsi="http://www.w3.org/2001/XMLSchema-instance" xsi:schemaLocation="http://www.loc.gov/mods/v3 http://www.loc.gov/standards/mods/v3/mods-3-3.xsd">
<name type="corporate">
<namePart>United States Government Publishing Office</namePart>
<role>
<roleTerm authority="marcrelator" type="text">publisher</roleTerm>
<roleTerm authority="marcrelator" type="code">pbl</roleTerm>
</role>
<role>
<roleTerm authority="marcrelator" type="text">distributor</roleTerm>
<roleTerm authority="marcrelator" type="code">dst</roleTerm>
</role>
</name>
<name type="corporate">
<namePart>United States</namePart>
<namePart>Congress</namePart>
<role>
<roleTerm authority="marcrelator" type="text">author</roleTerm>
<roleTerm authority="marcrelator" type="code">aut</roleTerm>
</role>
<description>Government Organization</description>
</name>
<typeOfResource>text</typeOfResource>
<genre authority="marcgt">government publication</genre>
<language>
<languageTerm authority="iso639-2b" type="code">eng</languageTerm>
</language>
<extension>
<collectionCode>CREC</collectionCode>
<category>Proceedings of Congress and General Congressional Publications</category>
<waisDatabaseName>2017_record</waisDatabaseName>
<branch>legislative</branch>
<dateIngested>2017-09-19</dateIngested>
</extension>
<titleInfo>
<title>AUTHORIZATION FOR USE OF MILITARY FORCE</title>
<partName>House</partName>
</titleInfo>
<relatedItem type="otherFormat" xlink:href="https://www.gpo.gov/fdsys/pkg/CREC-2017-05-18/html/CREC-2017-05-18-pt1-PgH4351.htm">
<identifier type="FDsys Unique ID">D09002ee196f3fcbe</identifier>
</relatedItem>
<relatedItem type="otherFormat" xlink:href="https://www.gpo.gov/fdsys/pkg/CREC-2017-05-18/pdf/CREC-2017-05-18-pt1-PgH4351.pdf">
<identifier type="FDsys Unique ID">D09002ee196f3fd2b</identifier>
</relatedItem>
<identifier type="congressional record citation">163 Cong. Rec. H4351</identifier>
<identifier type="uri">https://www.gpo.gov/fdsys/granule/CREC-2017-05-18/CREC-2017-05-18-pt1-PgH4351</identifier>
<identifier type="former granule identifier">CR18MY17-144</identifier>
<location>
<url access="object in context" displayLabel="Content Detail">https://www.gpo.gov/fdsys/granule/CREC-2017-05-18/CREC-2017-05-18-pt1-PgH4351/content-detail.html</url>
<url access="raw object" displayLabel="PDF rendition">https://www.gpo.gov/fdsys/pkg/CREC-2017-05-18/pdf/CREC-2017-05-18-pt1-PgH4351.pdf</url>
<url access="raw object" displayLabel="HTML rendition">https://www.gpo.gov/fdsys/pkg/CREC-2017-05-18/html/CREC-2017-05-18-pt1-PgH4351.htm</url>
</location>
<physicalDescription>
<extent>5 p.</extent>
</physicalDescription>
<part type="article">
<extent unit="pages">
<start>H4351</start>
<end>H4355</end>
</extent>
</part>
<name type="personal">
<namePart>Barbara Lee</namePart>
<affiliation>United States House of Representatives</affiliation>
<role>
<roleTerm type="text">speaking</roleTerm>
</role>
<description>United States Congress Member</description>
</name>
<name type="personal">
<namePart>Bonnie Watson Coleman</namePart>
<affiliation>United States House of Representatives</affiliation>
<role>
<roleTerm type="text">speaking</roleTerm>
</role>
<description>United States Congress Member</description>
</name>
<name type="personal">
<namePart>Ted S. Yoho</namePart>
<affiliation>United States House of Representatives</affiliation>
<role>
<roleTerm type="text">speaking</roleTerm>
</role>
<description>United States Congress Member</description>
</name>
<name type="personal">
<namePart>Eliot L. Engel</namePart>
<affiliation>United States House of Representatives</affiliation>
<role>
<roleTerm type="text">speaking</roleTerm>
</role>
<description>United States Congress Member</description>
</name>
<name type="personal">
<namePart>Walter B. Jones Jr.</namePart>
<affiliation>United States House of Representatives</affiliation>
<role>
<roleTerm type="text">speaking</roleTerm>
</role>
<description>United States Congress Member</description>
</name>
<name type="personal">
<namePart>Ro Khanna</namePart>
<affiliation>United States House of Representatives</affiliation>
<role>
<roleTerm type="text">speaking</roleTerm>
</role>
<description>United States Congress Member</description>
</name>
<identifier type="preferred citation">163 Cong. Rec. H4351</identifier>
<extension>
<searchTitle>AUTHORIZATION FOR USE OF MILITARY FORCE; Congressional Record Vol. 163, No. 86</searchTitle>
<granuleClass>HOUSE</granuleClass>
<accessId>CREC-2017-05-18-pt1-PgH4351</accessId>
<subGranuleClass>ALLOTHER</subGranuleClass>
<pagePrefix>H</pagePrefix>
<bookNumber>1</bookNumber>
<chamber>HOUSE</chamber>
<granuleDate>2017-05-18</granuleDate>
<time from="17:45:00" to="18:15:00"/>
<bill congress="115" context="OTHER" number="1666" type="HR"/>
<congMember authorityId="1501" bioGuideId="L000551" chamber="H" congress="115" gpoId="7814" party="D" role="SPEAKING" state="CA">
<name type="parsed">Ms. LEE</name>
<name type="authority-fnf">Barbara Lee</name>
<name type="authority-lnf">Lee, Barbara</name>
</congMember>
<congMember authorityId="2259" bioGuideId="W000822" chamber="H" congress="115" party="D" role="SPEAKING" state="NJ">
<name type="parsed">Mrs. WATSON COLEMAN</name>
<name type="authority-fnf">Bonnie Watson Coleman</name>
<name type="authority-lnf">Watson Coleman, Bonnie</name>
</congMember>
<congMember authorityId="2115" bioGuideId="Y000065" chamber="H" congress="115" party="R" role="SPEAKING" state="FL">
<name type="parsed">Mr. YOHO</name>
<name type="authority-fnf">Ted S. Yoho</name>
<name type="authority-lnf">Yoho, Ted S.</name>
<name type="authority-other">Mr. Ted Yoho</name>
</congMember>
<congMember authorityId="344" bioGuideId="E000179" chamber="H" congress="115" gpoId="8078" party="D" role="SPEAKING" state="NY">
<name type="parsed">Mr. ENGEL</name>
<name type="authority-fnf">Eliot L. Engel</name>
<name type="authority-lnf">Engel, Eliot L.</name>
<name type="authority-other">Eliot Engel</name>
</congMember>
<congMember authorityId="612" bioGuideId="J000255" chamber="H" congress="115" gpoId="8026" party="R" role="SPEAKING" state="NC">
<name type="parsed">Mr. JONES</name>
<name type="authority-fnf">Walter B. Jones Jr.</name>
<name type="authority-lnf">Jones, Walter B., Jr.</name>
<name type="authority-other">Walter Jones Jr.</name>
</congMember>
<congMember authorityId="2308" bioGuideId="K000389" chamber="H" congress="115" party="D" role="SPEAKING" state="CA">
<name type="parsed">Mr. KHANNA</name>
<name type="authority-fnf">Ro Khanna</name>
<name type="authority-lnf">Khanna, Ro</name>
</congMember>
</extension>
<relatedItem type="isReferencedBy">
<titleInfo>
<title>United States House Bill 1666  (115th Congress)</title>
</titleInfo>
<identifier type="Congressional Bill citation">H.R. 1666</identifier>
<extension>
<congress>115</congress>
<context>OTHER</context>
</extension>
</relatedItem>
<relatedItem ID="P0b002ee196f3f4e6" type="host">
<titleInfo>
<title>Congressional Record</title>
<partNumber>Vol. 163, no. 86</partNumber>
</titleInfo>
<location>
<url access="object in context" displayLabel="Content Detail">https://www.gpo.gov/fdsys/pkg/CREC-2017-05-18/content-detail.html</url>
<url access="raw object" displayLabel="PDF rendition">https://www.gpo.gov/fdsys/pkg/CREC-2017-05-18/pdf/CREC-2017-05-18.pdf</url>
</location>
<part type="issue">
<extent unit="pages">
<start>H4315</start>
<end>H4360</end>
</extent>
<extent unit="pages">
<start>S3023</start>
<end>S3049</end>
</extent>
<extent unit="pages">
<start>E659</start>
<end>E672</end>
</extent>
<extent unit="pages">
<start>D547</start>
<end>D552</end>
</extent>
</part>
<originInfo>
<publisher>U.S. Government Publishing Office</publisher>
<dateIssued encoding="w3cdtf">2017-05-18</dateIssued>
<issuance>continuing</issuance>
<frequency authority="marcfrequency">daily</frequency>
</originInfo>
<physicalDescription>
<note type="source content type">deposited</note>
<digitalOrigin>born digital</digitalOrigin>
<extent>186 p.</extent>
</physicalDescription>
<classification authority="sudocs">X 1.1/A:</classification>
<classification authority="sudocs">X/A.</classification>
<identifier type="uri">https://www.gpo.gov/fdsys/pkg/CREC-2017-05-18</identifier>
<identifier type="local">P0b002ee196f3f4e6</identifier>
<identifier type="stock number">752-002-00000-2</identifier>
<identifier type="ILS system id">000568013</identifier>
<identifier type="former package identifier">CR18MY17</identifier>
<recordInfo>
<recordContentSource authority="marcorg">DGPO</recordContentSource>
<recordCreationDate encoding="w3cdtf">2017-09-19</recordCreationDate>
<recordChangeDate encoding="w3cdtf">2017-09-19</recordChangeDate>
<recordIdentifier source="DGPO">CREC-2017-05-18</recordIdentifier>
<recordOrigin>machine generated</recordOrigin>
<languageOfCataloging>
<languageTerm authority="iso639-2b" type="code">eng</languageTerm>
</languageOfCataloging>
</recordInfo>
<accessCondition type="GPO scope determination">fdlp</accessCondition>
<extension>
<docClass>CREC</docClass>
<accessId>CREC-2017-05-18</accessId>
<volume>163</volume>
<issue>86</issue>
<congress>115</congress>
<session>1</session>
<bookCount>1</bookCount>
</extension>
</relatedItem>
</mods>