<mods ID="id-CREC-2017-06-19-pt1-PgS3573-2" version="3.3" xmlns="http://www.loc.gov/mods/v3" xmlns:exslt="http://exslt.org/common" xmlns:xlink="http://www.w3.org/1999/xlink" xmlns:xsi="http://www.w3.org/2001/XMLSchema-instance" xsi:schemaLocation="http://www.loc.gov/mods/v3 http://www.loc.gov/standards/mods/v3/mods-3-3.xsd">
<name type="corporate">
<namePart>United States Government Publishing Office</namePart>
<role>
<roleTerm authority="marcrelator" type="text">publisher</roleTerm>
<roleTerm authority="marcrelator" type="code">pbl</roleTerm>
</role>
<role>
<roleTerm authority="marcrelator" type="text">distributor</roleTerm>
<roleTerm authority="marcrelator" type="code">dst</roleTerm>
</role>
</name>
<name type="corporate">
<namePart>United States</namePart>
<namePart>Congress</namePart>
<role>
<roleTerm authority="marcrelator" type="text">author</roleTerm>
<roleTerm authority="marcrelator" type="code">aut</roleTerm>
</role>
<description>Government Organization</description>
</name>
<typeOfResource>text</typeOfResource>
<genre authority="marcgt">government publication</genre>
<language>
<languageTerm authority="iso639-2b" type="code">eng</languageTerm>
</language>
<extension>
<collectionCode>CREC</collectionCode>
<category>Proceedings of Congress and General Congressional Publications</category>
<waisDatabaseName>2017_record</waisDatabaseName>
<branch>legislative</branch>
<dateIngested>2017-06-20</dateIngested>
</extension>
<titleInfo>
<title>EXECUTIVE SESSION</title>
<partName>Senate</partName>
</titleInfo>
<relatedItem type="otherFormat" xlink:href="https://www.gpo.gov/fdsys/pkg/CREC-2017-06-19/html/CREC-2017-06-19-pt1-PgS3573-2.htm">
<identifier type="FDsys Unique ID">D09002ee196a77a96</identifier>
</relatedItem>
<relatedItem type="otherFormat" xlink:href="https://www.gpo.gov/fdsys/pkg/CREC-2017-06-19/pdf/CREC-2017-06-19-pt1-PgS3573-2.pdf">
<identifier type="FDsys Unique ID">D09002ee196a77ac9</identifier>
</relatedItem>
<identifier type="congressional record citation">163 Cong. Rec. S3573</identifier>
<identifier type="uri">https://www.gpo.gov/fdsys/granule/CREC-2017-06-19/CREC-2017-06-19-pt1-PgS3573-2</identifier>
<identifier type="former granule identifier">cr19jn17-34</identifier>
<location>
<url access="object in context" displayLabel="Content Detail">https://www.gpo.gov/fdsys/granule/CREC-2017-06-19/CREC-2017-06-19-pt1-PgS3573-2/content-detail.html</url>
<url access="raw object" displayLabel="PDF rendition">https://www.gpo.gov/fdsys/pkg/CREC-2017-06-19/pdf/CREC-2017-06-19-pt1-PgS3573-2.pdf</url>
<url access="raw object" displayLabel="HTML rendition">https://www.gpo.gov/fdsys/pkg/CREC-2017-06-19/html/CREC-2017-06-19-pt1-PgS3573-2.htm</url>
</location>
<physicalDescription>
<extent>33 p.</extent>
</physicalDescription>
<part type="article">
<extent unit="pages">
<start>S3573</start>
<end>S3605</end>
</extent>
</part>
<name type="personal">
<namePart>Richard Burr</namePart>
<affiliation>United States Senate</affiliation>
<role>
<roleTerm type="text">speaking</roleTerm>
</role>
<description>United States Congress Member</description>
</name>
<name type="personal">
<namePart>Dan Sullivan</namePart>
<affiliation>United States Senate</affiliation>
<role>
<roleTerm type="text">speaking</roleTerm>
</role>
<description>United States Congress Member</description>
</name>
<name type="personal">
<namePart>Charles E. Schumer</namePart>
<affiliation>United States Senate</affiliation>
<role>
<roleTerm type="text">speaking</roleTerm>
</role>
<description>United States Congress Member</description>
</name>
<name type="personal">
<namePart>Mitch McConnell</namePart>
<affiliation>United States Senate</affiliation>
<role>
<roleTerm type="text">speaking</roleTerm>
</role>
<description>United States Congress Member</description>
</name>
<name type="personal">
<namePart>Debbie Stabenow</namePart>
<affiliation>United States Senate</affiliation>
<role>
<roleTerm type="text">speaking</roleTerm>
</role>
<description>United States Congress Member</description>
</name>
<name type="personal">
<namePart>Brian Schatz</namePart>
<affiliation>United States Senate</affiliation>
<role>
<roleTerm type="text">speaking</roleTerm>
</role>
<description>United States Congress Member</description>
</name>
<name type="personal">
<namePart>Cory A. Booker</namePart>
<affiliation>United States Senate</affiliation>
<role>
<roleTerm type="text">speaking</roleTerm>
</role>
<description>United States Congress Member</description>
</name>
<name type="personal">
<namePart>Tammy Duckworth</namePart>
<affiliation>United States Senate</affiliation>
<role>
<roleTerm type="text">speaking</roleTerm>
</role>
<description>United States Congress Member</description>
</name>
<name type="personal">
<namePart>Robert P. Casey Jr.</namePart>
<affiliation>United States Senate</affiliation>
<role>
<roleTerm type="text">speaking</roleTerm>
</role>
<description>United States Congress Member</description>
</name>
<name type="personal">
<namePart>Amy Klobuchar</namePart>
<affiliation>United States Senate</affiliation>
<role>
<roleTerm type="text">speaking</roleTerm>
</role>
<description>United States Congress Member</description>
</name>
<name type="personal">
<namePart>Kamala D. Harris</namePart>
<affiliation>United States Senate</affiliation>
<role>
<roleTerm type="text">speaking</roleTerm>
</role>
<description>United States Congress Member</description>
</name>
<name type="personal">
<namePart>Edward J. Markey</namePart>
<affiliation>United States Senate</affiliation>
<role>
<roleTerm type="text">speaking</roleTerm>
</role>
<description>United States Congress Member</description>
</name>
<name type="personal">
<namePart>Kirsten E. Gillibrand</namePart>
<affiliation>United States Senate</affiliation>
<role>
<roleTerm type="text">speaking</roleTerm>
</role>
<description>United States Congress Member</description>
</name>
<name type="personal">
<namePart>Elizabeth Warren</namePart>
<affiliation>United States Senate</affiliation>
<role>
<roleTerm type="text">speaking</roleTerm>
</role>
<description>United States Congress Member</description>
</name>
<name type="personal">
<namePart>Jeff Merkley</namePart>
<affiliation>United States Senate</affiliation>
<role>
<roleTerm type="text">speaking</roleTerm>
</role>
<description>United States Congress Member</description>
</name>
<name type="personal">
<namePart>Thomas R. Carper</namePart>
<affiliation>United States Senate</affiliation>
<role>
<roleTerm type="text">speaking</roleTerm>
</role>
<description>United States Congress Member</description>
</name>
<name type="personal">
<namePart>Bernard Sanders</namePart>
<affiliation>United States Senate</affiliation>
<role>
<roleTerm type="text">speaking</roleTerm>
</role>
<description>United States Congress Member</description>
</name>
<name type="personal">
<namePart>Patty Murray</namePart>
<affiliation>United States Senate</affiliation>
<role>
<roleTerm type="text">speaking</roleTerm>
</role>
<description>United States Congress Member</description>
</name>
<name type="personal">
<namePart>Richard Blumenthal</namePart>
<affiliation>United States Senate</affiliation>
<role>
<roleTerm type="text">speaking</roleTerm>
</role>
<description>United States Congress Member</description>
</name>
<name type="personal">
<namePart>Maria Cantwell</namePart>
<affiliation>United States Senate</affiliation>
<role>
<roleTerm type="text">speaking</roleTerm>
</role>
<description>United States Congress Member</description>
</name>
<name type="personal">
<namePart>Tim Kaine</namePart>
<affiliation>United States Senate</affiliation>
<role>
<roleTerm type="text">speaking</roleTerm>
</role>
<description>United States Congress Member</description>
</name>
<name type="personal">
<namePart>Al Franken</namePart>
<affiliation>United States Senate</affiliation>
<role>
<roleTerm type="text">speaking</roleTerm>
</role>
<description>United States Congress Member</description>
</name>
<name type="personal">
<namePart>Sheldon Whitehouse</namePart>
<affiliation>United States Senate</affiliation>
<role>
<roleTerm type="text">speaking</roleTerm>
</role>
<description>United States Congress Member</description>
</name>
<name type="personal">
<namePart>Christopher S. Murphy</namePart>
<affiliation>United States Senate</affiliation>
<role>
<roleTerm type="text">speaking</roleTerm>
</role>
<description>United States Congress Member</description>
</name>
<name type="corporate">
<namePart>United States</namePart>
<namePart>Congress</namePart>
<namePart>Senate</namePart>
<namePart>Committee on Finance</namePart>
<role>
<roleTerm authority="marcrelator" type="text">associated name</roleTerm>
<roleTerm authority="marcrelator" type="code">asn</roleTerm>
</role>
<description>Government Organization</description>
</name>
<name type="corporate">
<namePart>United States</namePart>
<namePart>Congress</namePart>
<namePart>Senate</namePart>
<namePart>Committee on Health, Education, Labor, and Pensions</namePart>
<role>
<roleTerm authority="marcrelator" type="text">associated name</roleTerm>
<roleTerm authority="marcrelator" type="code">asn</roleTerm>
</role>
<description>Government Organization</description>
</name>
<name type="corporate">
<namePart>United States</namePart>
<namePart>Congress</namePart>
<namePart>Senate</namePart>
<namePart>Committee on the Budget</namePart>
<role>
<roleTerm authority="marcrelator" type="text">associated name</roleTerm>
<roleTerm authority="marcrelator" type="code">asn</roleTerm>
</role>
<description>Government Organization</description>
</name>
<identifier type="preferred citation">163 Cong. Rec. S3573</identifier>
<extension>
<searchTitle>EXECUTIVE SESSION; Congressional Record Vol. 163, No. 104</searchTitle>
<associatedBills>S. 1376, 115th Congress
        </associatedBills>
<associatedBills>H.R. 1628, 115th Congress
        </associatedBills>
<granuleClass>SENATE</granuleClass>
<accessId>CREC-2017-06-19-pt1-PgS3573-2</accessId>
<subGranuleClass>SEXECSESSION</subGranuleClass>
<pagePrefix>S</pagePrefix>
<bookNumber>1</bookNumber>
<chamber>SENATE</chamber>
<granuleDate>2017-06-19</granuleDate>
<bill congress="115" context="HEADERLINE" number="1376" type="S"/>
<bill congress="115" context="OTHER" number="1376" type="S"/>
<bill congress="115" context="HEADERLINE" number="1628" type="HR"/>
<bill congress="115" context="OTHER" number="1628" type="HR"/>
<bill congress="115" context="OTHER" number="1679" type="S"/>
<bill congress="115" context="OTHER" number="1796" type="S"/>
<bill congress="115" context="OTHER" number="3590" type="HR"/>
<congCommittee authorityId="ssfi00" chamber="S" congress="115" type="S">
<name type="authority-standard">Committee on Finance</name>
<name type="authority-short">Finance</name>
</congCommittee>
<congCommittee authorityId="sshr00" chamber="S" congress="115" type="S">
<name type="authority-standard">Committee on Health, Education, Labor, and Pensions</name>
<name type="authority-short">HELP</name>
</congCommittee>
<congCommittee authorityId="ssbu00" chamber="S" congress="115" type="S">
<name type="authority-standard">Committee on the Budget</name>
<name type="authority-short">Budget</name>
</congCommittee>
<congMember authorityId="153" bioGuideId="B001135" chamber="S" congress="115" gpoId="8286" party="R" role="SPEAKING" state="NC">
<name type="parsed">Mr. BURR</name>
<name type="authority-fnf">Richard Burr</name>
<name type="authority-lnf">Burr, Richard</name>
</congMember>
<congMember authorityId="2290" bioGuideId="S001198" chamber="S" congress="115" party="R" role="SPEAKING" state="AK">
<name type="parsed">Mr. SULLIVAN</name>
<name type="authority-fnf">Dan Sullivan</name>
<name type="authority-lnf">Sullivan, Dan</name>
</congMember>
<congMember authorityId="1036" bioGuideId="S000148" chamber="S" congress="115" gpoId="8279" party="D" role="SPEAKING" state="NY">
<name type="parsed">Mr. SCHUMER</name>
<name type="authority-fnf">Charles E. Schumer</name>
<name type="authority-lnf">Schumer, Charles E.</name>
<name type="authority-other">Charles Schumer</name>
</congMember>
<congMember authorityId="1395" bioGuideId="M000355" chamber="S" congress="115" gpoId="8254" party="R" role="SPEAKING" state="KY">
<name type="parsed">Mr. McCONNELL</name>
<name type="authority-fnf">Mitch McConnell</name>
<name type="authority-lnf">McConnell, Mitch</name>
</congMember>
<congMember authorityId="1531" bioGuideId="S000770" chamber="S" congress="115" gpoId="8261" party="D" role="SPEAKING" state="MI">
<name type="parsed">Ms. STABENOW</name>
<name type="authority-fnf">Debbie Stabenow</name>
<name type="authority-lnf">Stabenow, Debbie</name>
<name type="authority-other">Deborah Ann Stabenow</name>
</congMember>
<congMember authorityId="2173" bioGuideId="S001194" chamber="S" congress="115" party="D" role="SPEAKING" state="HI">
<name type="parsed">Mr. SCHATZ</name>
<name type="authority-fnf">Brian Schatz</name>
<name type="authority-lnf">Schatz, Brian</name>
</congMember>
<congMember authorityId="2194" bioGuideId="B001288" chamber="S" congress="115" party="D" role="SPEAKING" state="NJ">
<name type="parsed">Mr. BOOKER</name>
<name type="authority-fnf">Cory A. Booker</name>
<name type="authority-lnf">Booker, Cory A.</name>
<name type="authority-other">Mr. Cory Booker</name>
</congMember>
<congMember authorityId="2123" bioGuideId="D000622" chamber="S" congress="115" party="D" role="SPEAKING" state="IL">
<name type="parsed">Ms. DUCKWORTH</name>
<name type="authority-fnf">Tammy Duckworth</name>
<name type="authority-lnf">Duckworth, Tammy</name>
</congMember>
<congMember authorityId="1828" bioGuideId="C001070" chamber="S" congress="115" gpoId="8282" party="D" role="SPEAKING" state="PA">
<name type="parsed">Mr. CASEY</name>
<name type="authority-fnf">Robert P. Casey Jr.</name>
<name type="authority-lnf">Casey, Robert P., Jr.</name>
<name type="authority-other">Mr. Bob Casey Jr.</name>
</congMember>
<congMember authorityId="1826" bioGuideId="K000367" chamber="S" congress="115" gpoId="8249" party="D" role="SPEAKING" state="MN">
<name type="parsed">Ms. KLOBUCHAR</name>
<name type="authority-fnf">Amy Klobuchar</name>
<name type="authority-lnf">Klobuchar, Amy</name>
</congMember>
<congMember authorityId="2301" bioGuideId="H001075" chamber="S" congress="115" party="D" role="SPEAKING" state="CA">
<name type="parsed">Ms. HARRIS</name>
<name type="authority-fnf">Kamala D. Harris</name>
<name type="authority-lnf">Harris, Kamala D.</name>
<name type="authority-other">Ms. Kamala Harris</name>
</congMember>
<congMember authorityId="735" bioGuideId="M000133" chamber="S" congress="115" gpoId="7972" party="D" role="SPEAKING" state="MA">
<name type="parsed">Mr. MARKEY</name>
<name type="authority-fnf">Edward J. Markey</name>
<name type="authority-lnf">Markey, Edward J.</name>
<name type="authority-other">Edward Markey</name>
</congMember>
<congMember authorityId="1866" bioGuideId="G000555" chamber="S" congress="115" gpoId="8336" party="D" role="SPEAKING" state="NY">
<name type="parsed">Mrs. GILLIBRAND</name>
<name type="authority-fnf">Kirsten E. Gillibrand</name>
<name type="authority-lnf">Gillibrand, Kirsten E.</name>
<name type="authority-other">Mrs. Kirsten Gillibrand</name>
</congMember>
<congMember authorityId="2182" bioGuideId="W000817" chamber="S" congress="115" party="D" role="SPEAKING" state="MA">
<name type="parsed">Ms. WARREN</name>
<name type="authority-fnf">Elizabeth Warren</name>
<name type="authority-lnf">Warren, Elizabeth</name>
<name type="authority-other">Ms. Elizabeth A. Warren</name>
</congMember>
<congMember authorityId="1900" bioGuideId="M001176" chamber="S" congress="115" gpoId="8238" party="D" role="SPEAKING" state="OR">
<name type="parsed">Mr. MERKLEY</name>
<name type="authority-fnf">Jeff Merkley</name>
<name type="authority-lnf">Merkley, Jeff</name>
</congMember>
<congMember authorityId="179" bioGuideId="C000174" chamber="S" congress="115" gpoId="8283" party="D" role="SPEAKING" state="DE">
<name type="parsed">Mr. CARPER</name>
<name type="authority-fnf">Thomas R. Carper</name>
<name type="authority-lnf">Carper, Thomas R.</name>
<name type="authority-other">Thomas Carper</name>
</congMember>
<congMember authorityId="1010" bioGuideId="S000033" chamber="S" congress="115" gpoId="8270" party="I" role="SPEAKING" state="VT">
<name type="parsed">Mr. SANDERS</name>
<name type="authority-fnf">Bernard Sanders</name>
<name type="authority-lnf">Sanders, Bernard</name>
</congMember>
<congMember authorityId="1409" bioGuideId="M001111" chamber="S" congress="115" gpoId="8237" party="D" role="SPEAKING" state="WA">
<name type="parsed">Mrs. MURRAY</name>
<name type="authority-fnf">Patty Murray</name>
<name type="authority-lnf">Murray, Patty</name>
</congMember>
<congMember authorityId="2076" bioGuideId="B001277" chamber="S" congress="115" gpoId="8332" party="D" role="SPEAKING" state="CT">
<name type="parsed">Mr. BLUMENTHAL</name>
<name type="authority-fnf">Richard Blumenthal</name>
<name type="authority-lnf">Blumenthal, Richard</name>
</congMember>
<congMember authorityId="172" bioGuideId="C000127" chamber="S" congress="115" gpoId="8288" party="D" role="SPEAKING" state="WA">
<name type="parsed">Ms. CANTWELL</name>
<name type="authority-fnf">Maria Cantwell</name>
<name type="authority-lnf">Cantwell, Maria</name>
</congMember>
<congMember authorityId="2176" bioGuideId="K000384" chamber="S" congress="115" party="D" role="SPEAKING" state="VA">
<name type="parsed">Mr. KAINE</name>
<name type="authority-fnf">Tim Kaine</name>
<name type="authority-lnf">Kaine, Tim</name>
<name type="authority-other">Mr. Timothy Kaine</name>
</congMember>
<congMember authorityId="1969" bioGuideId="F000457" chamber="S" congress="115" gpoId="8339" party="D" role="SPEAKING" state="MN">
<name type="parsed">Mr. FRANKEN</name>
<name type="authority-fnf">Al Franken</name>
<name type="authority-lnf">Franken, Al</name>
</congMember>
<congMember authorityId="1823" bioGuideId="W000802" chamber="S" congress="115" gpoId="8264" party="D" role="SPEAKING" state="RI">
<name type="parsed">Mr. WHITEHOUSE</name>
<name type="authority-fnf">Sheldon Whitehouse</name>
<name type="authority-lnf">Whitehouse, Sheldon</name>
</congMember>
<congMember authorityId="1837" bioGuideId="M001169" chamber="S" congress="115" gpoId="7870" party="D" role="SPEAKING" state="CT">
<name type="parsed">Mr. MURPHY</name>
<name type="authority-fnf">Christopher S. Murphy</name>
<name type="authority-lnf">Murphy, Christopher S.</name>
<name type="authority-other">Mr. Christopher Murphy</name>
</congMember>
</extension>
<relatedItem type="isReferencedBy">
<titleInfo>
<title>United States Senate Bill 1376  (115th Congress)</title>
</titleInfo>
<identifier type="Congressional Bill citation">S. 1376</identifier>
<extension>
<congress>115</congress>
<context>HEADERLINE</context>
</extension>
</relatedItem>
<relatedItem type="isReferencedBy">
<titleInfo>
<title>United States Senate Bill 1376  (115th Congress)</title>
</titleInfo>
<identifier type="Congressional Bill citation">S. 1376</identifier>
<extension>
<congress>115</congress>
<context>OTHER</context>
</extension>
</relatedItem>
<relatedItem type="isReferencedBy">
<titleInfo>
<title>United States House Bill 1628  (115th Congress)</title>
</titleInfo>
<identifier type="Congressional Bill citation">H.R. 1628</identifier>
<extension>
<congress>115</congress>
<context>HEADERLINE</context>
</extension>
</relatedItem>
<relatedItem type="isReferencedBy">
<titleInfo>
<title>United States House Bill 1628  (115th Congress)</title>
</titleInfo>
<identifier type="Congressional Bill citation">H.R. 1628</identifier>
<extension>
<congress>115</congress>
<context>OTHER</context>
</extension>
</relatedItem>
<relatedItem type="isReferencedBy">
<titleInfo>
<title>United States Senate Bill 1679  (115th Congress)</title>
</titleInfo>
<identifier type="Congressional Bill citation">S. 1679</identifier>
<extension>
<congress>115</congress>
<context>OTHER</context>
</extension>
</relatedItem>
<relatedItem type="isReferencedBy">
<titleInfo>
<title>United States Senate Bill 1796  (115th Congress)</title>
</titleInfo>
<identifier type="Congressional Bill citation">S. 1796</identifier>
<extension>
<congress>115</congress>
<context>OTHER</context>
</extension>
</relatedItem>
<relatedItem type="isReferencedBy">
<titleInfo>
<title>United States House Bill 3590  (115th Congress)</title>
</titleInfo>
<identifier type="Congressional Bill citation">H.R. 3590</identifier>
<extension>
<congress>115</congress>
<context>OTHER</context>
</extension>
</relatedItem>
<relatedItem ID="P0b002ee19542db9a" type="host">
<titleInfo>
<title>Congressional Record</title>
<partNumber>Vol. 163, no. 104</partNumber>
</titleInfo>
<location>
<url access="object in context" displayLabel="Content Detail">https://www.gpo.gov/fdsys/pkg/CREC-2017-06-19/content-detail.html</url>
<url access="raw object" displayLabel="PDF rendition">https://www.gpo.gov/fdsys/pkg/CREC-2017-06-19/pdf/CREC-2017-06-19.pdf</url>
</location>
<part type="issue">
<extent unit="pages">
<start>S3567</start>
<end>S3613</end>
</extent>
<extent unit="pages">
<start>E843</start>
<end>E844</end>
</extent>
<extent unit="pages">
<start>D669</start>
<end>D674</end>
</extent>
</part>
<originInfo>
<publisher>U.S. Government Publishing Office</publisher>
<dateIssued encoding="w3cdtf">2017-06-19</dateIssued>
<issuance>continuing</issuance>
<frequency authority="marcfrequency">daily</frequency>
</originInfo>
<physicalDescription>
<note type="source content type">deposited</note>
<digitalOrigin>born digital</digitalOrigin>
<extent>110 p.</extent>
</physicalDescription>
<classification authority="sudocs">X 1.1/A:</classification>
<classification authority="sudocs">X/A.</classification>
<identifier type="uri">https://www.gpo.gov/fdsys/pkg/CREC-2017-06-19</identifier>
<identifier type="local">P0b002ee19542db9a</identifier>
<identifier type="stock number">752-002-00000-2</identifier>
<identifier type="ILS system id">000568013</identifier>
<identifier type="former package identifier">cr19jn17</identifier>
<recordInfo>
<recordContentSource authority="marcorg">DGPO</recordContentSource>
<recordCreationDate encoding="w3cdtf">2017-06-20</recordCreationDate>
<recordChangeDate encoding="w3cdtf">2017-08-21</recordChangeDate>
<recordIdentifier source="DGPO">CREC-2017-06-19</recordIdentifier>
<recordOrigin>machine generated</recordOrigin>
<languageOfCataloging>
<languageTerm authority="iso639-2b" type="code">eng</languageTerm>
</languageOfCataloging>
</recordInfo>
<accessCondition type="GPO scope determination">fdlp</accessCondition>
<extension>
<docClass>CREC</docClass>
<accessId>CREC-2017-06-19</accessId>
<volume>163</volume>
<issue>104</issue>
<congress>115</congress>
<session>1</session>
<bookCount>1</bookCount>
</extension>
</relatedItem>
</mods>