<mods ID="id-CREC-2017-07-24-pt1-PgS4136-2" version="3.3" xmlns="http://www.loc.gov/mods/v3" xmlns:exslt="http://exslt.org/common" xmlns:xlink="http://www.w3.org/1999/xlink" xmlns:xsi="http://www.w3.org/2001/XMLSchema-instance" xsi:schemaLocation="http://www.loc.gov/mods/v3 http://www.loc.gov/standards/mods/v3/mods-3-3.xsd">
<name type="corporate">
<namePart>United States Government Publishing Office</namePart>
<role>
<roleTerm authority="marcrelator" type="text">publisher</roleTerm>
<roleTerm authority="marcrelator" type="code">pbl</roleTerm>
</role>
<role>
<roleTerm authority="marcrelator" type="text">distributor</roleTerm>
<roleTerm authority="marcrelator" type="code">dst</roleTerm>
</role>
</name>
<name type="corporate">
<namePart>United States</namePart>
<namePart>Congress</namePart>
<role>
<roleTerm authority="marcrelator" type="text">author</roleTerm>
<roleTerm authority="marcrelator" type="code">aut</roleTerm>
</role>
<description>Government Organization</description>
</name>
<typeOfResource>text</typeOfResource>
<genre authority="marcgt">government publication</genre>
<language>
<languageTerm authority="iso639-2b" type="code">eng</languageTerm>
</language>
<extension>
<collectionCode>CREC</collectionCode>
<category>Proceedings of Congress and General Congressional Publications</category>
<waisDatabaseName>2017_record</waisDatabaseName>
<branch>legislative</branch>
<dateIngested>2017-11-04</dateIngested>
</extension>
<titleInfo>
<title>ADDITIONAL COSPONSORS</title>
<partName>Senate</partName>
</titleInfo>
<relatedItem type="otherFormat" xlink:href="https://www.gpo.gov/fdsys/pkg/CREC-2017-07-24/html/CREC-2017-07-24-pt1-PgS4136-2.htm">
<identifier type="FDsys Unique ID">D09002ee19763991d</identifier>
</relatedItem>
<relatedItem type="otherFormat" xlink:href="https://www.gpo.gov/fdsys/pkg/CREC-2017-07-24/pdf/CREC-2017-07-24-pt1-PgS4136-2.pdf">
<identifier type="FDsys Unique ID">D09002ee1976399e4</identifier>
</relatedItem>
<identifier type="congressional record citation">163 Cong. Rec. S4136</identifier>
<identifier type="uri">https://www.gpo.gov/fdsys/granule/CREC-2017-07-24/CREC-2017-07-24-pt1-PgS4136-2</identifier>
<identifier type="former granule identifier">CR24JY17-158</identifier>
<location>
<url access="object in context" displayLabel="Content Detail">https://www.gpo.gov/fdsys/granule/CREC-2017-07-24/CREC-2017-07-24-pt1-PgS4136-2/content-detail.html</url>
<url access="raw object" displayLabel="PDF rendition">https://www.gpo.gov/fdsys/pkg/CREC-2017-07-24/pdf/CREC-2017-07-24-pt1-PgS4136-2.pdf</url>
<url access="raw object" displayLabel="HTML rendition">https://www.gpo.gov/fdsys/pkg/CREC-2017-07-24/html/CREC-2017-07-24-pt1-PgS4136-2.htm</url>
</location>
<physicalDescription>
<extent>2 p.</extent>
</physicalDescription>
<part type="article">
<extent unit="pages">
<start>S4136</start>
<end>S4137</end>
</extent>
</part>
<identifier type="preferred citation">163 Cong. Rec. S4136</identifier>
<extension>
<searchTitle>ADDITIONAL COSPONSORS; Congressional Record Vol. 163, No. 124</searchTitle>
<associatedBills>S. Con. Res. 6, 115th Congress
        </associatedBills>
<associatedBills>S.J. Res. 17, 115th Congress
        </associatedBills>
<associatedBills>S.J. Res. 47, 115th Congress
        </associatedBills>
<associatedBills>S. 59, 115th Congress
        </associatedBills>
<associatedBills>S. Res. 75, 115th Congress
        </associatedBills>
<associatedBills>S. 170, 115th Congress
        </associatedBills>
<associatedBills>S. 298, 115th Congress
        </associatedBills>
<associatedBills>S. 372, 115th Congress
        </associatedBills>
<associatedBills>S. 407, 115th Congress
        </associatedBills>
<associatedBills>S. 474, 115th Congress
        </associatedBills>
<associatedBills>S. 497, 115th Congress
        </associatedBills>
<associatedBills>S. 642, 115th Congress
        </associatedBills>
<associatedBills>S. 693, 115th Congress
        </associatedBills>
<associatedBills>S. 860, 115th Congress
        </associatedBills>
<associatedBills>S. 980, 115th Congress
        </associatedBills>
<associatedBills>S. 1002, 115th Congress
        </associatedBills>
<associatedBills>S. 1014, 115th Congress
        </associatedBills>
<associatedBills>S. 1024, 115th Congress
        </associatedBills>
<associatedBills>S. 1182, 115th Congress
        </associatedBills>
<associatedBills>S. 1311, 115th Congress
        </associatedBills>
<associatedBills>S. 1343, 115th Congress
        </associatedBills>
<associatedBills>S. 1353, 115th Congress
        </associatedBills>
<associatedBills>S. 1453, 115th Congress
        </associatedBills>
<associatedBills>S. 1520, 115th Congress
        </associatedBills>
<associatedBills>S. 1562, 115th Congress
        </associatedBills>
<associatedBills>S. 1564, 115th Congress
        </associatedBills>
<associatedBills>S. 1595, 115th Congress
        </associatedBills>
<associatedBills>S. 1598, 115th Congress
        </associatedBills>
<associatedBills>S. 1615, 115th Congress
        </associatedBills>
<granuleClass>SENATE</granuleClass>
<accessId>CREC-2017-07-24-pt1-PgS4136-2</accessId>
<subGranuleClass>SCOSPONSORS</subGranuleClass>
<pagePrefix>S</pagePrefix>
<bookNumber>1</bookNumber>
<chamber>SENATE</chamber>
<granuleDate>2017-07-24</granuleDate>
<bill congress="115" context="HEADERLINE" number="6" type="SCONRES"/>
<bill congress="115" context="OTHER" number="6" type="SCONRES"/>
<bill congress="115" context="HEADERLINE" number="17" type="SJRES"/>
<bill congress="115" context="OTHER" number="17" type="SJRES"/>
<bill congress="115" context="HEADERLINE" number="47" type="SJRES"/>
<bill congress="115" context="OTHER" number="47" type="SJRES"/>
<bill congress="115" context="HEADERLINE" number="59" type="S"/>
<bill congress="115" context="FIRSTPARAGRAPH" number="59" type="S"/>
<bill congress="115" context="OTHER" number="59" type="S"/>
<bill congress="115" context="HEADERLINE" number="75" type="SRES"/>
<bill congress="115" context="OTHER" number="75" type="SRES"/>
<bill congress="115" context="HEADERLINE" number="170" type="S"/>
<bill congress="115" context="OTHER" number="170" type="S"/>
<bill congress="115" context="HEADERLINE" number="298" type="S"/>
<bill congress="115" context="OTHER" number="298" type="S"/>
<bill congress="115" context="HEADERLINE" number="372" type="S"/>
<bill congress="115" context="OTHER" number="372" type="S"/>
<bill congress="115" context="HEADERLINE" number="407" type="S"/>
<bill congress="115" context="OTHER" number="407" type="S"/>
<bill congress="115" context="HEADERLINE" number="474" type="S"/>
<bill congress="115" context="OTHER" number="474" type="S"/>
<bill congress="115" context="HEADERLINE" number="497" type="S"/>
<bill congress="115" context="OTHER" number="497" type="S"/>
<bill congress="115" context="HEADERLINE" number="642" type="S"/>
<bill congress="115" context="OTHER" number="642" type="S"/>
<bill congress="115" context="HEADERLINE" number="693" type="S"/>
<bill congress="115" context="OTHER" number="693" type="S"/>
<bill congress="115" context="HEADERLINE" number="860" type="S"/>
<bill congress="115" context="OTHER" number="860" type="S"/>
<bill congress="115" context="HEADERLINE" number="980" type="S"/>
<bill congress="115" context="OTHER" number="980" type="S"/>
<bill congress="115" context="HEADERLINE" number="1002" type="S"/>
<bill congress="115" context="OTHER" number="1002" type="S"/>
<bill congress="115" context="HEADERLINE" number="1014" type="S"/>
<bill congress="115" context="OTHER" number="1014" type="S"/>
<bill congress="115" context="HEADERLINE" number="1024" type="S"/>
<bill congress="115" context="OTHER" number="1024" type="S"/>
<bill congress="115" context="HEADERLINE" number="1182" type="S"/>
<bill congress="115" context="OTHER" number="1182" type="S"/>
<bill congress="115" context="HEADERLINE" number="1311" type="S"/>
<bill congress="115" context="OTHER" number="1311" type="S"/>
<bill congress="115" context="HEADERLINE" number="1343" type="S"/>
<bill congress="115" context="OTHER" number="1343" type="S"/>
<bill congress="115" context="HEADERLINE" number="1353" type="S"/>
<bill congress="115" context="OTHER" number="1353" type="S"/>
<bill congress="115" context="HEADERLINE" number="1453" type="S"/>
<bill congress="115" context="OTHER" number="1453" type="S"/>
<bill congress="115" context="HEADERLINE" number="1520" type="S"/>
<bill congress="115" context="OTHER" number="1520" type="S"/>
<bill congress="115" context="HEADERLINE" number="1562" type="S"/>
<bill congress="115" context="OTHER" number="1562" type="S"/>
<bill congress="115" context="HEADERLINE" number="1564" type="S"/>
<bill congress="115" context="OTHER" number="1564" type="S"/>
<bill congress="115" context="HEADERLINE" number="1595" type="S"/>
<bill congress="115" context="OTHER" number="1595" type="S"/>
<bill congress="115" context="HEADERLINE" number="1598" type="S"/>
<bill congress="115" context="OTHER" number="1598" type="S"/>
<bill congress="115" context="HEADERLINE" number="1615" type="S"/>
<bill congress="115" context="OTHER" number="1615" type="S"/>
<USCode title="5">
<chapter number="8"/>
</USCode>
</extension>
<relatedItem type="isReferencedBy">
<titleInfo>
<title>United States Senate Concurrent Resolution 6  (115th Congress)</title>
</titleInfo>
<identifier type="Congressional Bill citation">S. Con. Res. 6</identifier>
<extension>
<congress>115</congress>
<context>HEADERLINE</context>
</extension>
</relatedItem>
<relatedItem type="isReferencedBy">
<titleInfo>
<title>United States Senate Concurrent Resolution 6  (115th Congress)</title>
</titleInfo>
<identifier type="Congressional Bill citation">S. Con. Res. 6</identifier>
<extension>
<congress>115</congress>
<context>OTHER</context>
</extension>
</relatedItem>
<relatedItem type="isReferencedBy">
<titleInfo>
<title>United States Senate Joint Resolution 17  (115th Congress)</title>
</titleInfo>
<identifier type="Congressional Bill citation">S.J. Res. 17</identifier>
<extension>
<congress>115</congress>
<context>HEADERLINE</context>
</extension>
</relatedItem>
<relatedItem type="isReferencedBy">
<titleInfo>
<title>United States Senate Joint Resolution 17  (115th Congress)</title>
</titleInfo>
<identifier type="Congressional Bill citation">S.J. Res. 17</identifier>
<extension>
<congress>115</congress>
<context>OTHER</context>
</extension>
</relatedItem>
<relatedItem type="isReferencedBy">
<titleInfo>
<title>United States Senate Joint Resolution 47  (115th Congress)</title>
</titleInfo>
<identifier type="Congressional Bill citation">S.J. Res. 47</identifier>
<extension>
<congress>115</congress>
<context>HEADERLINE</context>
</extension>
</relatedItem>
<relatedItem type="isReferencedBy">
<titleInfo>
<title>United States Senate Joint Resolution 47  (115th Congress)</title>
</titleInfo>
<identifier type="Congressional Bill citation">S.J. Res. 47</identifier>
<extension>
<congress>115</congress>
<context>OTHER</context>
</extension>
</relatedItem>
<relatedItem type="isReferencedBy">
<titleInfo>
<title>United States Senate Bill 59  (115th Congress)</title>
</titleInfo>
<identifier type="Congressional Bill citation">S. 59</identifier>
<extension>
<congress>115</congress>
<context>HEADERLINE</context>
</extension>
</relatedItem>
<relatedItem type="isReferencedBy">
<titleInfo>
<title>United States Senate Bill 59  (115th Congress)</title>
</titleInfo>
<identifier type="Congressional Bill citation">S. 59</identifier>
<extension>
<congress>115</congress>
<context>FIRSTPARAGRAPH</context>
</extension>
</relatedItem>
<relatedItem type="isReferencedBy">
<titleInfo>
<title>United States Senate Bill 59  (115th Congress)</title>
</titleInfo>
<identifier type="Congressional Bill citation">S. 59</identifier>
<extension>
<congress>115</congress>
<context>OTHER</context>
</extension>
</relatedItem>
<relatedItem type="isReferencedBy">
<titleInfo>
<title>United States Senate Resolution 75  (115th Congress)</title>
</titleInfo>
<identifier type="Congressional Bill citation">S. Res. 75</identifier>
<extension>
<congress>115</congress>
<context>HEADERLINE</context>
</extension>
</relatedItem>
<relatedItem type="isReferencedBy">
<titleInfo>
<title>United States Senate Resolution 75  (115th Congress)</title>
</titleInfo>
<identifier type="Congressional Bill citation">S. Res. 75</identifier>
<extension>
<congress>115</congress>
<context>OTHER</context>
</extension>
</relatedItem>
<relatedItem type="isReferencedBy">
<titleInfo>
<title>United States Senate Bill 170  (115th Congress)</title>
</titleInfo>
<identifier type="Congressional Bill citation">S. 170</identifier>
<extension>
<congress>115</congress>
<context>HEADERLINE</context>
</extension>
</relatedItem>
<relatedItem type="isReferencedBy">
<titleInfo>
<title>United States Senate Bill 170  (115th Congress)</title>
</titleInfo>
<identifier type="Congressional Bill citation">S. 170</identifier>
<extension>
<congress>115</congress>
<context>OTHER</context>
</extension>
</relatedItem>
<relatedItem type="isReferencedBy">
<titleInfo>
<title>United States Senate Bill 298  (115th Congress)</title>
</titleInfo>
<identifier type="Congressional Bill citation">S. 298</identifier>
<extension>
<congress>115</congress>
<context>HEADERLINE</context>
</extension>
</relatedItem>
<relatedItem type="isReferencedBy">
<titleInfo>
<title>United States Senate Bill 298  (115th Congress)</title>
</titleInfo>
<identifier type="Congressional Bill citation">S. 298</identifier>
<extension>
<congress>115</congress>
<context>OTHER</context>
</extension>
</relatedItem>
<relatedItem type="isReferencedBy">
<titleInfo>
<title>United States Senate Bill 372  (115th Congress)</title>
</titleInfo>
<identifier type="Congressional Bill citation">S. 372</identifier>
<extension>
<congress>115</congress>
<context>HEADERLINE</context>
</extension>
</relatedItem>
<relatedItem type="isReferencedBy">
<titleInfo>
<title>United States Senate Bill 372  (115th Congress)</title>
</titleInfo>
<identifier type="Congressional Bill citation">S. 372</identifier>
<extension>
<congress>115</congress>
<context>OTHER</context>
</extension>
</relatedItem>
<relatedItem type="isReferencedBy">
<titleInfo>
<title>United States Senate Bill 407  (115th Congress)</title>
</titleInfo>
<identifier type="Congressional Bill citation">S. 407</identifier>
<extension>
<congress>115</congress>
<context>HEADERLINE</context>
</extension>
</relatedItem>
<relatedItem type="isReferencedBy">
<titleInfo>
<title>United States Senate Bill 407  (115th Congress)</title>
</titleInfo>
<identifier type="Congressional Bill citation">S. 407</identifier>
<extension>
<congress>115</congress>
<context>OTHER</context>
</extension>
</relatedItem>
<relatedItem type="isReferencedBy">
<titleInfo>
<title>United States Senate Bill 474  (115th Congress)</title>
</titleInfo>
<identifier type="Congressional Bill citation">S. 474</identifier>
<extension>
<congress>115</congress>
<context>HEADERLINE</context>
</extension>
</relatedItem>
<relatedItem type="isReferencedBy">
<titleInfo>
<title>United States Senate Bill 474  (115th Congress)</title>
</titleInfo>
<identifier type="Congressional Bill citation">S. 474</identifier>
<extension>
<congress>115</congress>
<context>OTHER</context>
</extension>
</relatedItem>
<relatedItem type="isReferencedBy">
<titleInfo>
<title>United States Senate Bill 497  (115th Congress)</title>
</titleInfo>
<identifier type="Congressional Bill citation">S. 497</identifier>
<extension>
<congress>115</congress>
<context>HEADERLINE</context>
</extension>
</relatedItem>
<relatedItem type="isReferencedBy">
<titleInfo>
<title>United States Senate Bill 497  (115th Congress)</title>
</titleInfo>
<identifier type="Congressional Bill citation">S. 497</identifier>
<extension>
<congress>115</congress>
<context>OTHER</context>
</extension>
</relatedItem>
<relatedItem type="isReferencedBy">
<titleInfo>
<title>United States Senate Bill 642  (115th Congress)</title>
</titleInfo>
<identifier type="Congressional Bill citation">S. 642</identifier>
<extension>
<congress>115</congress>
<context>HEADERLINE</context>
</extension>
</relatedItem>
<relatedItem type="isReferencedBy">
<titleInfo>
<title>United States Senate Bill 642  (115th Congress)</title>
</titleInfo>
<identifier type="Congressional Bill citation">S. 642</identifier>
<extension>
<congress>115</congress>
<context>OTHER</context>
</extension>
</relatedItem>
<relatedItem type="isReferencedBy">
<titleInfo>
<title>United States Senate Bill 693  (115th Congress)</title>
</titleInfo>
<identifier type="Congressional Bill citation">S. 693</identifier>
<extension>
<congress>115</congress>
<context>HEADERLINE</context>
</extension>
</relatedItem>
<relatedItem type="isReferencedBy">
<titleInfo>
<title>United States Senate Bill 693  (115th Congress)</title>
</titleInfo>
<identifier type="Congressional Bill citation">S. 693</identifier>
<extension>
<congress>115</congress>
<context>OTHER</context>
</extension>
</relatedItem>
<relatedItem type="isReferencedBy">
<titleInfo>
<title>United States Senate Bill 860  (115th Congress)</title>
</titleInfo>
<identifier type="Congressional Bill citation">S. 860</identifier>
<extension>
<congress>115</congress>
<context>HEADERLINE</context>
</extension>
</relatedItem>
<relatedItem type="isReferencedBy">
<titleInfo>
<title>United States Senate Bill 860  (115th Congress)</title>
</titleInfo>
<identifier type="Congressional Bill citation">S. 860</identifier>
<extension>
<congress>115</congress>
<context>OTHER</context>
</extension>
</relatedItem>
<relatedItem type="isReferencedBy">
<titleInfo>
<title>United States Senate Bill 980  (115th Congress)</title>
</titleInfo>
<identifier type="Congressional Bill citation">S. 980</identifier>
<extension>
<congress>115</congress>
<context>HEADERLINE</context>
</extension>
</relatedItem>
<relatedItem type="isReferencedBy">
<titleInfo>
<title>United States Senate Bill 980  (115th Congress)</title>
</titleInfo>
<identifier type="Congressional Bill citation">S. 980</identifier>
<extension>
<congress>115</congress>
<context>OTHER</context>
</extension>
</relatedItem>
<relatedItem type="isReferencedBy">
<titleInfo>
<title>United States Senate Bill 1002  (115th Congress)</title>
</titleInfo>
<identifier type="Congressional Bill citation">S. 1002</identifier>
<extension>
<congress>115</congress>
<context>HEADERLINE</context>
</extension>
</relatedItem>
<relatedItem type="isReferencedBy">
<titleInfo>
<title>United States Senate Bill 1002  (115th Congress)</title>
</titleInfo>
<identifier type="Congressional Bill citation">S. 1002</identifier>
<extension>
<congress>115</congress>
<context>OTHER</context>
</extension>
</relatedItem>
<relatedItem type="isReferencedBy">
<titleInfo>
<title>United States Senate Bill 1014  (115th Congress)</title>
</titleInfo>
<identifier type="Congressional Bill citation">S. 1014</identifier>
<extension>
<congress>115</congress>
<context>HEADERLINE</context>
</extension>
</relatedItem>
<relatedItem type="isReferencedBy">
<titleInfo>
<title>United States Senate Bill 1014  (115th Congress)</title>
</titleInfo>
<identifier type="Congressional Bill citation">S. 1014</identifier>
<extension>
<congress>115</congress>
<context>OTHER</context>
</extension>
</relatedItem>
<relatedItem type="isReferencedBy">
<titleInfo>
<title>United States Senate Bill 1024  (115th Congress)</title>
</titleInfo>
<identifier type="Congressional Bill citation">S. 1024</identifier>
<extension>
<congress>115</congress>
<context>HEADERLINE</context>
</extension>
</relatedItem>
<relatedItem type="isReferencedBy">
<titleInfo>
<title>United States Senate Bill 1024  (115th Congress)</title>
</titleInfo>
<identifier type="Congressional Bill citation">S. 1024</identifier>
<extension>
<congress>115</congress>
<context>OTHER</context>
</extension>
</relatedItem>
<relatedItem type="isReferencedBy">
<titleInfo>
<title>United States Senate Bill 1182  (115th Congress)</title>
</titleInfo>
<identifier type="Congressional Bill citation">S. 1182</identifier>
<extension>
<congress>115</congress>
<context>HEADERLINE</context>
</extension>
</relatedItem>
<relatedItem type="isReferencedBy">
<titleInfo>
<title>United States Senate Bill 1182  (115th Congress)</title>
</titleInfo>
<identifier type="Congressional Bill citation">S. 1182</identifier>
<extension>
<congress>115</congress>
<context>OTHER</context>
</extension>
</relatedItem>
<relatedItem type="isReferencedBy">
<titleInfo>
<title>United States Senate Bill 1311  (115th Congress)</title>
</titleInfo>
<identifier type="Congressional Bill citation">S. 1311</identifier>
<extension>
<congress>115</congress>
<context>HEADERLINE</context>
</extension>
</relatedItem>
<relatedItem type="isReferencedBy">
<titleInfo>
<title>United States Senate Bill 1311  (115th Congress)</title>
</titleInfo>
<identifier type="Congressional Bill citation">S. 1311</identifier>
<extension>
<congress>115</congress>
<context>OTHER</context>
</extension>
</relatedItem>
<relatedItem type="isReferencedBy">
<titleInfo>
<title>United States Senate Bill 1343  (115th Congress)</title>
</titleInfo>
<identifier type="Congressional Bill citation">S. 1343</identifier>
<extension>
<congress>115</congress>
<context>HEADERLINE</context>
</extension>
</relatedItem>
<relatedItem type="isReferencedBy">
<titleInfo>
<title>United States Senate Bill 1343  (115th Congress)</title>
</titleInfo>
<identifier type="Congressional Bill citation">S. 1343</identifier>
<extension>
<congress>115</congress>
<context>OTHER</context>
</extension>
</relatedItem>
<relatedItem type="isReferencedBy">
<titleInfo>
<title>United States Senate Bill 1353  (115th Congress)</title>
</titleInfo>
<identifier type="Congressional Bill citation">S. 1353</identifier>
<extension>
<congress>115</congress>
<context>HEADERLINE</context>
</extension>
</relatedItem>
<relatedItem type="isReferencedBy">
<titleInfo>
<title>United States Senate Bill 1353  (115th Congress)</title>
</titleInfo>
<identifier type="Congressional Bill citation">S. 1353</identifier>
<extension>
<congress>115</congress>
<context>OTHER</context>
</extension>
</relatedItem>
<relatedItem type="isReferencedBy">
<titleInfo>
<title>United States Senate Bill 1453  (115th Congress)</title>
</titleInfo>
<identifier type="Congressional Bill citation">S. 1453</identifier>
<extension>
<congress>115</congress>
<context>HEADERLINE</context>
</extension>
</relatedItem>
<relatedItem type="isReferencedBy">
<titleInfo>
<title>United States Senate Bill 1453  (115th Congress)</title>
</titleInfo>
<identifier type="Congressional Bill citation">S. 1453</identifier>
<extension>
<congress>115</congress>
<context>OTHER</context>
</extension>
</relatedItem>
<relatedItem type="isReferencedBy">
<titleInfo>
<title>United States Senate Bill 1520  (115th Congress)</title>
</titleInfo>
<identifier type="Congressional Bill citation">S. 1520</identifier>
<extension>
<congress>115</congress>
<context>HEADERLINE</context>
</extension>
</relatedItem>
<relatedItem type="isReferencedBy">
<titleInfo>
<title>United States Senate Bill 1520  (115th Congress)</title>
</titleInfo>
<identifier type="Congressional Bill citation">S. 1520</identifier>
<extension>
<congress>115</congress>
<context>OTHER</context>
</extension>
</relatedItem>
<relatedItem type="isReferencedBy">
<titleInfo>
<title>United States Senate Bill 1562  (115th Congress)</title>
</titleInfo>
<identifier type="Congressional Bill citation">S. 1562</identifier>
<extension>
<congress>115</congress>
<context>HEADERLINE</context>
</extension>
</relatedItem>
<relatedItem type="isReferencedBy">
<titleInfo>
<title>United States Senate Bill 1562  (115th Congress)</title>
</titleInfo>
<identifier type="Congressional Bill citation">S. 1562</identifier>
<extension>
<congress>115</congress>
<context>OTHER</context>
</extension>
</relatedItem>
<relatedItem type="isReferencedBy">
<titleInfo>
<title>United States Senate Bill 1564  (115th Congress)</title>
</titleInfo>
<identifier type="Congressional Bill citation">S. 1564</identifier>
<extension>
<congress>115</congress>
<context>HEADERLINE</context>
</extension>
</relatedItem>
<relatedItem type="isReferencedBy">
<titleInfo>
<title>United States Senate Bill 1564  (115th Congress)</title>
</titleInfo>
<identifier type="Congressional Bill citation">S. 1564</identifier>
<extension>
<congress>115</congress>
<context>OTHER</context>
</extension>
</relatedItem>
<relatedItem type="isReferencedBy">
<titleInfo>
<title>United States Senate Bill 1595  (115th Congress)</title>
</titleInfo>
<identifier type="Congressional Bill citation">S. 1595</identifier>
<extension>
<congress>115</congress>
<context>HEADERLINE</context>
</extension>
</relatedItem>
<relatedItem type="isReferencedBy">
<titleInfo>
<title>United States Senate Bill 1595  (115th Congress)</title>
</titleInfo>
<identifier type="Congressional Bill citation">S. 1595</identifier>
<extension>
<congress>115</congress>
<context>OTHER</context>
</extension>
</relatedItem>
<relatedItem type="isReferencedBy">
<titleInfo>
<title>United States Senate Bill 1598  (115th Congress)</title>
</titleInfo>
<identifier type="Congressional Bill citation">S. 1598</identifier>
<extension>
<congress>115</congress>
<context>HEADERLINE</context>
</extension>
</relatedItem>
<relatedItem type="isReferencedBy">
<titleInfo>
<title>United States Senate Bill 1598  (115th Congress)</title>
</titleInfo>
<identifier type="Congressional Bill citation">S. 1598</identifier>
<extension>
<congress>115</congress>
<context>OTHER</context>
</extension>
</relatedItem>
<relatedItem type="isReferencedBy">
<titleInfo>
<title>United States Senate Bill 1615  (115th Congress)</title>
</titleInfo>
<identifier type="Congressional Bill citation">S. 1615</identifier>
<extension>
<congress>115</congress>
<context>HEADERLINE</context>
</extension>
</relatedItem>
<relatedItem type="isReferencedBy">
<titleInfo>
<title>United States Senate Bill 1615  (115th Congress)</title>
</titleInfo>
<identifier type="Congressional Bill citation">S. 1615</identifier>
<extension>
<congress>115</congress>
<context>OTHER</context>
</extension>
</relatedItem>
<relatedItem type="isReferencedBy">
<titleInfo>
<title>United States Code</title>
<partNumber>Title 5 Chapter 8</partNumber>
</titleInfo>
<identifier type="USC citation">5 U.S.C. Chapter 8</identifier>
</relatedItem>
<relatedItem ID="P0b002ee197638a30" type="host">
<titleInfo>
<title>Congressional Record</title>
<partNumber>Vol. 163, no. 124</partNumber>
</titleInfo>
<location>
<url access="object in context" displayLabel="Content Detail">https://www.gpo.gov/fdsys/pkg/CREC-2017-07-24/content-detail.html</url>
<url access="raw object" displayLabel="PDF rendition">https://www.gpo.gov/fdsys/pkg/CREC-2017-07-24/pdf/CREC-2017-07-24.pdf</url>
</location>
<part type="issue">
<extent unit="pages">
<start>H6149</start>
<end>H6215</end>
</extent>
<extent unit="pages">
<start>S4123</start>
<end>S4163</end>
</extent>
<extent unit="pages">
<start>E1035</start>
<end>E1042</end>
</extent>
<extent unit="pages">
<start>D817</start>
<end>D826</end>
</extent>
</part>
<originInfo>
<publisher>U.S. Government Publishing Office</publisher>
<dateIssued encoding="w3cdtf">2017-07-24</dateIssued>
<issuance>continuing</issuance>
<frequency authority="marcfrequency">daily</frequency>
</originInfo>
<physicalDescription>
<note type="source content type">deposited</note>
<digitalOrigin>born digital</digitalOrigin>
<extent>252 p.</extent>
</physicalDescription>
<classification authority="sudocs">X 1.1/A:</classification>
<classification authority="sudocs">X/A.</classification>
<identifier type="uri">https://www.gpo.gov/fdsys/pkg/CREC-2017-07-24</identifier>
<identifier type="local">P0b002ee197638a30</identifier>
<identifier type="stock number">752-002-00000-2</identifier>
<identifier type="ILS system id">000568013</identifier>
<identifier type="former package identifier">CR24JY17</identifier>
<recordInfo>
<recordContentSource authority="marcorg">DGPO</recordContentSource>
<recordCreationDate encoding="w3cdtf">2017-11-04</recordCreationDate>
<recordChangeDate encoding="w3cdtf">2017-11-04</recordChangeDate>
<recordIdentifier source="DGPO">CREC-2017-07-24</recordIdentifier>
<recordOrigin>machine generated</recordOrigin>
<languageOfCataloging>
<languageTerm authority="iso639-2b" type="code">eng</languageTerm>
</languageOfCataloging>
</recordInfo>
<accessCondition type="GPO scope determination">fdlp</accessCondition>
<extension>
<docClass>CREC</docClass>
<accessId>CREC-2017-07-24</accessId>
<volume>163</volume>
<issue>124</issue>
<congress>115</congress>
<session>1</session>
<bookCount>1</bookCount>
</extension>
</relatedItem>
</mods>