<mods ID="id-CREC-2017-07-25-pt1-PgH6298-10" version="3.3" xmlns="http://www.loc.gov/mods/v3" xmlns:exslt="http://exslt.org/common" xmlns:xlink="http://www.w3.org/1999/xlink" xmlns:xsi="http://www.w3.org/2001/XMLSchema-instance" xsi:schemaLocation="http://www.loc.gov/mods/v3 http://www.loc.gov/standards/mods/v3/mods-3-3.xsd">
<name type="corporate">
<namePart>United States Government Publishing Office</namePart>
<role>
<roleTerm authority="marcrelator" type="text">publisher</roleTerm>
<roleTerm authority="marcrelator" type="code">pbl</roleTerm>
</role>
<role>
<roleTerm authority="marcrelator" type="text">distributor</roleTerm>
<roleTerm authority="marcrelator" type="code">dst</roleTerm>
</role>
</name>
<name type="corporate">
<namePart>United States</namePart>
<namePart>Congress</namePart>
<role>
<roleTerm authority="marcrelator" type="text">author</roleTerm>
<roleTerm authority="marcrelator" type="code">aut</roleTerm>
</role>
<description>Government Organization</description>
</name>
<typeOfResource>text</typeOfResource>
<genre authority="marcgt">government publication</genre>
<language>
<languageTerm authority="iso639-2b" type="code">eng</languageTerm>
</language>
<extension>
<collectionCode>CREC</collectionCode>
<category>Proceedings of Congress and General Congressional Publications</category>
<waisDatabaseName>2017_record</waisDatabaseName>
<branch>legislative</branch>
<dateIngested>2017-11-04</dateIngested>
</extension>
<titleInfo>
<title>Constitutional Authority Statement for H.R. 3385</title>
<partName>House</partName>
</titleInfo>
<relatedItem type="otherFormat" xlink:href="https://www.gpo.gov/fdsys/pkg/CREC-2017-07-25/html/CREC-2017-07-25-pt1-PgH6298-10.htm">
<identifier type="FDsys Unique ID">D09002ee19763979e</identifier>
</relatedItem>
<relatedItem type="otherFormat" xlink:href="https://www.gpo.gov/fdsys/pkg/CREC-2017-07-25/pdf/CREC-2017-07-25-pt1-PgH6298-10.pdf">
<identifier type="FDsys Unique ID">D09002ee1976397d7</identifier>
</relatedItem>
<identifier type="congressional record citation">163 Cong. Rec. H6298</identifier>
<identifier type="uri">https://www.gpo.gov/fdsys/granule/CREC-2017-07-25/CREC-2017-07-25-pt1-PgH6298-10</identifier>
<identifier type="former granule identifier">CR25JY17-124</identifier>
<location>
<url access="object in context" displayLabel="Content Detail">https://www.gpo.gov/fdsys/granule/CREC-2017-07-25/CREC-2017-07-25-pt1-PgH6298-10/content-detail.html</url>
<url access="raw object" displayLabel="PDF rendition">https://www.gpo.gov/fdsys/pkg/CREC-2017-07-25/pdf/CREC-2017-07-25-pt1-PgH6298-10.pdf</url>
<url access="raw object" displayLabel="HTML rendition">https://www.gpo.gov/fdsys/pkg/CREC-2017-07-25/html/CREC-2017-07-25-pt1-PgH6298-10.htm</url>
</location>
<physicalDescription>
<extent>1 p.</extent>
</physicalDescription>
<part type="article">
<extent unit="pages">
<start>H6298</start>
<end>H6298</end>
</extent>
</part>
<identifier type="preferred citation">163 Cong. Rec. H6298</identifier>
<extension>
<searchTitle>Constitutional Authority Statement for H.R. 3385; Congressional Record Vol. 163, No. 125</searchTitle>
<granuleClass>HOUSE</granuleClass>
<accessId>CREC-2017-07-25-pt1-PgH6298-10</accessId>
<subGranuleClass>CASTATEMENT</subGranuleClass>
<pagePrefix>H</pagePrefix>
<bookNumber>1</bookNumber>
<chamber>HOUSE</chamber>
<granuleDate>2017-07-25</granuleDate>
<time from="21:39:00" to="21:39:00"/>
<bill congress="115" context="TITLE" number="3385" type="HR"/>
</extension>
<relatedItem type="isReferencedBy">
<titleInfo>
<title>United States House Bill 3385  (115th Congress)</title>
</titleInfo>
<identifier type="Congressional Bill citation">H.R. 3385</identifier>
<extension>
<congress>115</congress>
<context>TITLE</context>
</extension>
</relatedItem>
<relatedItem ID="P0b002ee197638a6b" type="host">
<titleInfo>
<title>Congressional Record</title>
<partNumber>Vol. 163, no. 125</partNumber>
</titleInfo>
<location>
<url access="object in context" displayLabel="Content Detail">https://www.gpo.gov/fdsys/pkg/CREC-2017-07-25/content-detail.html</url>
<url access="raw object" displayLabel="PDF rendition">https://www.gpo.gov/fdsys/pkg/CREC-2017-07-25/pdf/CREC-2017-07-25.pdf</url>
</location>
<part type="issue">
<extent unit="pages">
<start>H6217</start>
<end>H6300</end>
</extent>
<extent unit="pages">
<start>S4165</start>
<end>S4225</end>
</extent>
<extent unit="pages">
<start>E1043</start>
<end>E1052</end>
</extent>
<extent unit="pages">
<start>D827</start>
<end>D836</end>
</extent>
</part>
<originInfo>
<publisher>U.S. Government Publishing Office</publisher>
<dateIssued encoding="w3cdtf">2017-07-25</dateIssued>
<issuance>continuing</issuance>
<frequency authority="marcfrequency">daily</frequency>
</originInfo>
<physicalDescription>
<note type="source content type">deposited</note>
<digitalOrigin>born digital</digitalOrigin>
<extent>330 p.</extent>
</physicalDescription>
<classification authority="sudocs">X 1.1/A:</classification>
<classification authority="sudocs">X/A.</classification>
<identifier type="uri">https://www.gpo.gov/fdsys/pkg/CREC-2017-07-25</identifier>
<identifier type="local">P0b002ee197638a6b</identifier>
<identifier type="stock number">752-002-00000-2</identifier>
<identifier type="ILS system id">000568013</identifier>
<identifier type="former package identifier">CR25JY17</identifier>
<recordInfo>
<recordContentSource authority="marcorg">DGPO</recordContentSource>
<recordCreationDate encoding="w3cdtf">2017-11-04</recordCreationDate>
<recordChangeDate encoding="w3cdtf">2017-11-04</recordChangeDate>
<recordIdentifier source="DGPO">CREC-2017-07-25</recordIdentifier>
<recordOrigin>machine generated</recordOrigin>
<languageOfCataloging>
<languageTerm authority="iso639-2b" type="code">eng</languageTerm>
</languageOfCataloging>
</recordInfo>
<accessCondition type="GPO scope determination">fdlp</accessCondition>
<extension>
<docClass>CREC</docClass>
<accessId>CREC-2017-07-25</accessId>
<volume>163</volume>
<issue>125</issue>
<congress>115</congress>
<session>1</session>
<bookCount>1</bookCount>
</extension>
</relatedItem>
</mods>