<mods ID="id-CREC-2017-06-27-pt1-PgH5202-4" version="3.3" xmlns="http://www.loc.gov/mods/v3" xmlns:exslt="http://exslt.org/common" xmlns:xlink="http://www.w3.org/1999/xlink" xmlns:xsi="http://www.w3.org/2001/XMLSchema-instance" xsi:schemaLocation="http://www.loc.gov/mods/v3 http://www.loc.gov/standards/mods/v3/mods-3-3.xsd">
<name type="corporate">
<namePart>United States Government Publishing Office</namePart>
<role>
<roleTerm authority="marcrelator" type="text">publisher</roleTerm>
<roleTerm authority="marcrelator" type="code">pbl</roleTerm>
</role>
<role>
<roleTerm authority="marcrelator" type="text">distributor</roleTerm>
<roleTerm authority="marcrelator" type="code">dst</roleTerm>
</role>
</name>
<name type="corporate">
<namePart>United States</namePart>
<namePart>Congress</namePart>
<role>
<roleTerm authority="marcrelator" type="text">author</roleTerm>
<roleTerm authority="marcrelator" type="code">aut</roleTerm>
</role>
<description>Government Organization</description>
</name>
<typeOfResource>text</typeOfResource>
<genre authority="marcgt">government publication</genre>
<language>
<languageTerm authority="iso639-2b" type="code">eng</languageTerm>
</language>
<extension>
<collectionCode>CREC</collectionCode>
<category>Proceedings of Congress and General Congressional Publications</category>
<waisDatabaseName>2017_record</waisDatabaseName>
<branch>legislative</branch>
<dateIngested>2017-06-28</dateIngested>
</extension>
<titleInfo>
<title>SANTA ANA RIVER WASH PLAN LAND EXCHANGE ACT</title>
<partName>House</partName>
</titleInfo>
<relatedItem type="otherFormat" xlink:href="https://www.gpo.gov/fdsys/pkg/CREC-2017-06-27/html/CREC-2017-06-27-pt1-PgH5202-4.htm">
<identifier type="FDsys Unique ID">D09002ee196a78ad1</identifier>
</relatedItem>
<relatedItem type="otherFormat" xlink:href="https://www.gpo.gov/fdsys/pkg/CREC-2017-06-27/pdf/CREC-2017-06-27-pt1-PgH5202-4.pdf">
<identifier type="FDsys Unique ID">D09002ee196a78b1a</identifier>
</relatedItem>
<identifier type="congressional record citation">163 Cong. Rec. H5202</identifier>
<identifier type="uri">https://www.gpo.gov/fdsys/granule/CREC-2017-06-27/CREC-2017-06-27-pt1-PgH5202-4</identifier>
<identifier type="former granule identifier">cr27jn17-92</identifier>
<location>
<url access="object in context" displayLabel="Content Detail">https://www.gpo.gov/fdsys/granule/CREC-2017-06-27/CREC-2017-06-27-pt1-PgH5202-4/content-detail.html</url>
<url access="raw object" displayLabel="PDF rendition">https://www.gpo.gov/fdsys/pkg/CREC-2017-06-27/pdf/CREC-2017-06-27-pt1-PgH5202-4.pdf</url>
<url access="raw object" displayLabel="HTML rendition">https://www.gpo.gov/fdsys/pkg/CREC-2017-06-27/html/CREC-2017-06-27-pt1-PgH5202-4.htm</url>
</location>
<physicalDescription>
<extent>3 p.</extent>
</physicalDescription>
<part type="article">
<extent unit="pages">
<start>H5202</start>
<end>H5204</end>
</extent>
</part>
<name type="personal">
<namePart>Paul Cook</namePart>
<affiliation>United States House of Representatives</affiliation>
<role>
<roleTerm type="text">speaking</roleTerm>
</role>
<description>United States Congress Member</description>
</name>
<name type="personal">
<namePart>Donald S. Beyer, Jr.</namePart>
<affiliation>United States House of Representatives</affiliation>
<role>
<roleTerm type="text">speaking</roleTerm>
</role>
<description>United States Congress Member</description>
</name>
<name type="personal">
<namePart>Pete Aguilar</namePart>
<affiliation>United States House of Representatives</affiliation>
<role>
<roleTerm type="text">speaking</roleTerm>
</role>
<description>United States Congress Member</description>
</name>
<identifier type="preferred citation">163 Cong. Rec. H5202</identifier>
<extension>
<searchTitle>SANTA ANA RIVER WASH PLAN LAND EXCHANGE ACT; Congressional Record Vol. 163, No. 110</searchTitle>
<associatedBills>H.R. 497, 115th Congress
        </associatedBills>
<granuleClass>HOUSE</granuleClass>
<accessId>CREC-2017-06-27-pt1-PgH5202-4</accessId>
<subGranuleClass>ALLOTHER</subGranuleClass>
<pagePrefix>H</pagePrefix>
<bookNumber>1</bookNumber>
<chamber>HOUSE</chamber>
<granuleDate>2017-06-27</granuleDate>
<time from="13:55:00" to="13:55:00"/>
<bill congress="115" context="HEADERLINE" number="497" type="HR"/>
<bill congress="115" context="FIRSTPARAGRAPH" number="497" type="HR"/>
<bill congress="115" context="OTHER" number="497" type="HR"/>
<congMember authorityId="2103" bioGuideId="C001094" chamber="H" congress="115" party="R" role="SPEAKING" state="CA">
<name type="parsed">Mr. COOK</name>
<name type="authority-fnf">Paul Cook</name>
<name type="authority-lnf">Cook, Paul</name>
</congMember>
<congMember authorityId="2272" bioGuideId="B001292" chamber="H" congress="115" party="D" role="SPEAKING" state="VA">
<name type="parsed">Mr. BEYER</name>
<name type="authority-fnf">Donald S. Beyer, Jr.</name>
<name type="authority-lnf">Beyer, Donald S., Jr.</name>
<name type="authority-other">Mr. Donald Beyer Jr.</name>
</congMember>
<congMember authorityId="2229" bioGuideId="A000371" chamber="H" congress="115" party="D" role="SPEAKING" state="CA">
<name type="parsed">Mr. AGUILAR</name>
<name type="authority-fnf">Pete Aguilar</name>
<name type="authority-lnf">Aguilar, Pete</name>
</congMember>
<USCode title="43">
<section number="1701"/>
<section number="1712"/>
<section number="1716"/>
<section detail="(b)" number="1716"/>
<section number="1720-21"/>
</USCode>
<statuteAtLarge volume="35">
<pages pages="641"/>
</statuteAtLarge>
</extension>
<relatedItem type="isReferencedBy">
<titleInfo>
<title>United States House Bill 497  (115th Congress)</title>
</titleInfo>
<identifier type="Congressional Bill citation">H.R. 497</identifier>
<extension>
<congress>115</congress>
<context>HEADERLINE</context>
</extension>
</relatedItem>
<relatedItem type="isReferencedBy">
<titleInfo>
<title>United States House Bill 497  (115th Congress)</title>
</titleInfo>
<identifier type="Congressional Bill citation">H.R. 497</identifier>
<extension>
<congress>115</congress>
<context>FIRSTPARAGRAPH</context>
</extension>
</relatedItem>
<relatedItem type="isReferencedBy">
<titleInfo>
<title>United States House Bill 497  (115th Congress)</title>
</titleInfo>
<identifier type="Congressional Bill citation">H.R. 497</identifier>
<extension>
<congress>115</congress>
<context>OTHER</context>
</extension>
</relatedItem>
<relatedItem type="isReferencedBy">
<titleInfo>
<title>United States Code</title>
<partNumber>Title 43 Section 1701</partNumber>
<partNumber>Title 43 Section 1712</partNumber>
<partNumber>Title 43 Section 1716</partNumber>
<partNumber>Title 43 Section 1716(b)</partNumber>
<partNumber>Title 43 Section 1720-21</partNumber>
</titleInfo>
<identifier type="USC citation">43 U.S.C. 1701</identifier>
<identifier type="USC citation">43 U.S.C. 1712</identifier>
<identifier type="USC citation">43 U.S.C. 1716</identifier>
<identifier type="USC citation">43 U.S.C. 1716(b)</identifier>
<identifier type="USC citation">43 U.S.C. 1720-21</identifier>
</relatedItem>
<relatedItem type="isReferencedBy">
<titleInfo>
<title>United States Statutes at Large</title>
<partNumber>Volume 35 Page 641</partNumber>
</titleInfo>
<identifier type="Statute citation">35 Stat. 641</identifier>
</relatedItem>
<relatedItem ID="P0b002ee1955c485f" type="host">
<titleInfo>
<title>Congressional Record</title>
<partNumber>Vol. 163, no. 110</partNumber>
</titleInfo>
<location>
<url access="object in context" displayLabel="Content Detail">https://www.gpo.gov/fdsys/pkg/CREC-2017-06-27/content-detail.html</url>
<url access="raw object" displayLabel="PDF rendition">https://www.gpo.gov/fdsys/pkg/CREC-2017-06-27/pdf/CREC-2017-06-27.pdf</url>
</location>
<part type="issue">
<extent unit="pages">
<start>H5183</start>
<end>H5234</end>
</extent>
<extent unit="pages">
<start>S3781</start>
<end>S3806</end>
</extent>
<extent unit="pages">
<start>E907</start>
<end>E912</end>
</extent>
<extent unit="pages">
<start>D708</start>
<end>D714</end>
</extent>
</part>
<originInfo>
<publisher>U.S. Government Publishing Office</publisher>
<dateIssued encoding="w3cdtf">2017-06-27</dateIssued>
<issuance>continuing</issuance>
<frequency authority="marcfrequency">daily</frequency>
</originInfo>
<physicalDescription>
<note type="source content type">deposited</note>
<digitalOrigin>born digital</digitalOrigin>
<extent>182 p.</extent>
</physicalDescription>
<classification authority="sudocs">X 1.1/A:</classification>
<classification authority="sudocs">X/A.</classification>
<identifier type="uri">https://www.gpo.gov/fdsys/pkg/CREC-2017-06-27</identifier>
<identifier type="local">P0b002ee1955c485f</identifier>
<identifier type="stock number">752-002-00000-2</identifier>
<identifier type="ILS system id">000568013</identifier>
<identifier type="former package identifier">cr27jn17</identifier>
<recordInfo>
<recordContentSource authority="marcorg">DGPO</recordContentSource>
<recordCreationDate encoding="w3cdtf">2017-06-28</recordCreationDate>
<recordChangeDate encoding="w3cdtf">2017-08-21</recordChangeDate>
<recordIdentifier source="DGPO">CREC-2017-06-27</recordIdentifier>
<recordOrigin>machine generated</recordOrigin>
<languageOfCataloging>
<languageTerm authority="iso639-2b" type="code">eng</languageTerm>
</languageOfCataloging>
</recordInfo>
<accessCondition type="GPO scope determination">fdlp</accessCondition>
<extension>
<docClass>CREC</docClass>
<accessId>CREC-2017-06-27</accessId>
<volume>163</volume>
<issue>110</issue>
<congress>115</congress>
<session>1</session>
<bookCount>1</bookCount>
</extension>
</relatedItem>
</mods>