<mods ID="id-CREC-2017-06-28-pt1-PgS3807-6" version="3.3" xmlns="http://www.loc.gov/mods/v3" xmlns:exslt="http://exslt.org/common" xmlns:xlink="http://www.w3.org/1999/xlink" xmlns:xsi="http://www.w3.org/2001/XMLSchema-instance" xsi:schemaLocation="http://www.loc.gov/mods/v3 http://www.loc.gov/standards/mods/v3/mods-3-3.xsd">
<name type="corporate">
<namePart>United States Government Publishing Office</namePart>
<role>
<roleTerm authority="marcrelator" type="text">publisher</roleTerm>
<roleTerm authority="marcrelator" type="code">pbl</roleTerm>
</role>
<role>
<roleTerm authority="marcrelator" type="text">distributor</roleTerm>
<roleTerm authority="marcrelator" type="code">dst</roleTerm>
</role>
</name>
<name type="corporate">
<namePart>United States</namePart>
<namePart>Congress</namePart>
<role>
<roleTerm authority="marcrelator" type="text">author</roleTerm>
<roleTerm authority="marcrelator" type="code">aut</roleTerm>
</role>
<description>Government Organization</description>
</name>
<typeOfResource>text</typeOfResource>
<genre authority="marcgt">government publication</genre>
<language>
<languageTerm authority="iso639-2b" type="code">eng</languageTerm>
</language>
<extension>
<collectionCode>CREC</collectionCode>
<category>Proceedings of Congress and General Congressional Publications</category>
<waisDatabaseName>2017_record</waisDatabaseName>
<branch>legislative</branch>
<dateIngested>2017-10-04</dateIngested>
</extension>
<titleInfo>
<title>EXECUTIVE SESSION</title>
<partName>Senate</partName>
</titleInfo>
<relatedItem type="otherFormat" xlink:href="https://www.gpo.gov/fdsys/pkg/CREC-2017-06-28/html/CREC-2017-06-28-pt1-PgS3807-6.htm">
<identifier type="FDsys Unique ID">D09002ee1971781fa</identifier>
</relatedItem>
<relatedItem type="otherFormat" xlink:href="https://www.gpo.gov/fdsys/pkg/CREC-2017-06-28/pdf/CREC-2017-06-28-pt1-PgS3807-6.pdf">
<identifier type="FDsys Unique ID">D09002ee19717824e</identifier>
</relatedItem>
<identifier type="congressional record citation">163 Cong. Rec. S3807</identifier>
<identifier type="uri">https://www.gpo.gov/fdsys/granule/CREC-2017-06-28/CREC-2017-06-28-pt1-PgS3807-6</identifier>
<identifier type="former granule identifier">CR28JN17-113</identifier>
<location>
<url access="object in context" displayLabel="Content Detail">https://www.gpo.gov/fdsys/granule/CREC-2017-06-28/CREC-2017-06-28-pt1-PgS3807-6/content-detail.html</url>
<url access="raw object" displayLabel="PDF rendition">https://www.gpo.gov/fdsys/pkg/CREC-2017-06-28/pdf/CREC-2017-06-28-pt1-PgS3807-6.pdf</url>
<url access="raw object" displayLabel="HTML rendition">https://www.gpo.gov/fdsys/pkg/CREC-2017-06-28/html/CREC-2017-06-28-pt1-PgS3807-6.htm</url>
</location>
<physicalDescription>
<extent>21 p.</extent>
</physicalDescription>
<part type="article">
<extent unit="pages">
<start>S3807</start>
<end>S3827</end>
</extent>
</part>
<name type="personal">
<namePart>Mitch McConnell</namePart>
<affiliation>United States Senate</affiliation>
<role>
<roleTerm type="text">speaking</roleTerm>
</role>
<description>United States Congress Member</description>
</name>
<name type="personal">
<namePart>Richard Durbin</namePart>
<affiliation>United States Senate</affiliation>
<role>
<roleTerm type="text">speaking</roleTerm>
</role>
<description>United States Congress Member</description>
</name>
<name type="personal">
<namePart>Charles E. Schumer</namePart>
<affiliation>United States Senate</affiliation>
<role>
<roleTerm type="text">speaking</roleTerm>
</role>
<description>United States Congress Member</description>
</name>
<name type="personal">
<namePart>Joe Donnelly</namePart>
<affiliation>United States Senate</affiliation>
<role>
<roleTerm type="text">speaking</roleTerm>
</role>
<description>United States Congress Member</description>
</name>
<name type="personal">
<namePart>Gary C. Peters</namePart>
<affiliation>United States Senate</affiliation>
<role>
<roleTerm type="text">speaking</roleTerm>
</role>
<description>United States Congress Member</description>
</name>
<name type="personal">
<namePart>John Barrasso</namePart>
<affiliation>United States Senate</affiliation>
<role>
<roleTerm type="text">speaking</roleTerm>
</role>
<description>United States Congress Member</description>
</name>
<name type="personal">
<namePart>Jeanne Shaheen</namePart>
<affiliation>United States Senate</affiliation>
<role>
<roleTerm type="text">speaking</roleTerm>
</role>
<description>United States Congress Member</description>
</name>
<name type="personal">
<namePart>Margaret Wood Hassan</namePart>
<affiliation>United States Senate</affiliation>
<role>
<roleTerm type="text">speaking</roleTerm>
</role>
<description>United States Congress Member</description>
</name>
<name type="personal">
<namePart>Angus S. King Jr.</namePart>
<affiliation>United States Senate</affiliation>
<role>
<roleTerm type="text">speaking</roleTerm>
</role>
<description>United States Congress Member</description>
</name>
<name type="personal">
<namePart>James M. Inhofe</namePart>
<affiliation>United States Senate</affiliation>
<role>
<roleTerm type="text">speaking</roleTerm>
</role>
<description>United States Congress Member</description>
</name>
<name type="personal">
<namePart>Richard Blumenthal</namePart>
<affiliation>United States Senate</affiliation>
<role>
<roleTerm type="text">speaking</roleTerm>
</role>
<description>United States Congress Member</description>
</name>
<name type="personal">
<namePart>Tom Udall</namePart>
<affiliation>United States Senate</affiliation>
<role>
<roleTerm type="text">speaking</roleTerm>
</role>
<description>United States Congress Member</description>
</name>
<name type="personal">
<namePart>Heidi Heitkamp</namePart>
<affiliation>United States Senate</affiliation>
<role>
<roleTerm type="text">speaking</roleTerm>
</role>
<description>United States Congress Member</description>
</name>
<name type="personal">
<namePart>Claire McCaskill</namePart>
<affiliation>United States Senate</affiliation>
<role>
<roleTerm type="text">speaking</roleTerm>
</role>
<description>United States Congress Member</description>
</name>
<name type="personal">
<namePart>Amy Klobuchar</namePart>
<affiliation>United States Senate</affiliation>
<role>
<roleTerm type="text">speaking</roleTerm>
</role>
<description>United States Congress Member</description>
</name>
<name type="personal">
<namePart>Thomas R. Carper</namePart>
<affiliation>United States Senate</affiliation>
<role>
<roleTerm type="text">speaking</roleTerm>
</role>
<description>United States Congress Member</description>
</name>
<name type="personal">
<namePart>Mark R. Warner</namePart>
<affiliation>United States Senate</affiliation>
<role>
<roleTerm type="text">speaking</roleTerm>
</role>
<description>United States Congress Member</description>
</name>
<name type="personal">
<namePart>Bill Nelson</namePart>
<affiliation>United States Senate</affiliation>
<role>
<roleTerm type="text">speaking</roleTerm>
</role>
<description>United States Congress Member</description>
</name>
<name type="personal">
<namePart>Tim Kaine</namePart>
<affiliation>United States Senate</affiliation>
<role>
<roleTerm type="text">speaking</roleTerm>
</role>
<description>United States Congress Member</description>
</name>
<name type="corporate">
<namePart>United States</namePart>
<namePart>Congress</namePart>
<namePart>Senate</namePart>
<namePart>Committee on Finance</namePart>
<role>
<roleTerm authority="marcrelator" type="text">associated name</roleTerm>
<roleTerm authority="marcrelator" type="code">asn</roleTerm>
</role>
<description>Government Organization</description>
</name>
<identifier type="preferred citation">163 Cong. Rec. S3807</identifier>
<extension>
<searchTitle>EXECUTIVE SESSION; Congressional Record Vol. 163, No. 111</searchTitle>
<associatedBills>S. 1201, 115th Congress
        </associatedBills>
<associatedBills>S. 1462, 115th Congress
        </associatedBills>
<granuleClass>SENATE</granuleClass>
<accessId>CREC-2017-06-28-pt1-PgS3807-6</accessId>
<subGranuleClass>SEXECSESSION</subGranuleClass>
<pagePrefix>S</pagePrefix>
<bookNumber>1</bookNumber>
<chamber>SENATE</chamber>
<granuleDate>2017-06-28</granuleDate>
<bill congress="115" context="HEADERLINE" number="1201" type="S"/>
<bill congress="115" context="OTHER" number="1201" type="S"/>
<bill congress="115" context="HEADERLINE" number="1462" type="S"/>
<bill congress="115" context="OTHER" number="1462" type="S"/>
<congCommittee authorityId="ssfi00" chamber="S" congress="115" type="S">
<name type="authority-standard">Committee on Finance</name>
<name type="authority-short">Finance</name>
</congCommittee>
<congMember authorityId="1395" bioGuideId="M000355" chamber="S" congress="115" gpoId="8254" party="R" role="SPEAKING" state="KY">
<name type="parsed">Mr. McCONNELL</name>
<name type="authority-fnf">Mitch McConnell</name>
<name type="authority-lnf">McConnell, Mitch</name>
</congMember>
<congMember authorityId="326" bioGuideId="D000563" chamber="S" congress="115" gpoId="8326" party="D" role="SPEAKING" state="IL">
<name type="parsed">Mr. DURBIN</name>
<name type="authority-fnf">Richard Durbin</name>
<name type="authority-lnf">Durbin, Richard</name>
<name type="authority-other">Richard J. Durbin</name>
</congMember>
<congMember authorityId="1036" bioGuideId="S000148" chamber="S" congress="115" gpoId="8279" party="D" role="SPEAKING" state="NY">
<name type="parsed">Mr. SCHUMER</name>
<name type="authority-fnf">Charles E. Schumer</name>
<name type="authority-lnf">Schumer, Charles E.</name>
<name type="authority-other">Charles Schumer</name>
</congMember>
<congMember authorityId="1850" bioGuideId="D000607" chamber="S" congress="115" gpoId="7941" party="D" role="SPEAKING" state="IN">
<name type="parsed">Mr. DONNELLY</name>
<name type="authority-fnf">Joe Donnelly</name>
<name type="authority-lnf">Donnelly, Joe</name>
</congMember>
<congMember authorityId="1929" bioGuideId="P000595" chamber="S" congress="115" gpoId="7994" party="D" role="SPEAKING" state="MI">
<name type="parsed">Mr. PETERS</name>
<name type="authority-fnf">Gary C. Peters</name>
<name type="authority-lnf">Peters, Gary C.</name>
<name type="authority-other">Mr. Gary Peters</name>
</congMember>
<congMember authorityId="1881" bioGuideId="B001261" chamber="S" congress="115" gpoId="8300" party="R" role="SPEAKING" state="WY">
<name type="parsed">Mr. BARRASSO</name>
<name type="authority-fnf">John Barrasso</name>
<name type="authority-lnf">Barrasso, John</name>
</congMember>
<congMember authorityId="1901" bioGuideId="S001181" chamber="S" congress="115" gpoId="8276" party="D" role="SPEAKING" state="NH">
<name type="parsed">Mrs. SHAHEEN</name>
<name type="authority-fnf">Jeanne Shaheen</name>
<name type="authority-lnf">Shaheen, Jeanne</name>
</congMember>
<congMember authorityId="2302" bioGuideId="H001076" chamber="S" congress="115" party="D" role="SPEAKING" state="NH">
<name type="parsed">Ms. HASSAN</name>
<name type="authority-fnf">Margaret Wood Hassan</name>
<name type="authority-lnf">Hassan, Margaret Wood</name>
<name type="authority-other">Ms. Margaret Hassan</name>
</congMember>
<congMember authorityId="2185" bioGuideId="K000383" chamber="S" congress="115" party="I" role="SPEAKING" state="ME">
<name type="parsed">Mr. KING</name>
<name type="authority-fnf">Angus S. King Jr.</name>
<name type="authority-lnf">King, Angus S., Jr.</name>
<name type="authority-other">Mr. Angus King Jr.</name>
</congMember>
<congMember authorityId="583" bioGuideId="I000024" chamber="S" congress="115" gpoId="8322" party="R" role="SPEAKING" state="OK">
<name type="parsed">Mr. INHOFE</name>
<name type="authority-fnf">James M. Inhofe</name>
<name type="authority-lnf">Inhofe, James M.</name>
<name type="authority-other">Jim Inhofe</name>
</congMember>
<congMember authorityId="2076" bioGuideId="B001277" chamber="S" congress="115" gpoId="8332" party="D" role="SPEAKING" state="CT">
<name type="parsed">Mr. BLUMENTHAL</name>
<name type="authority-fnf">Richard Blumenthal</name>
<name type="authority-lnf">Blumenthal, Richard</name>
</congMember>
<congMember authorityId="1567" bioGuideId="U000039" chamber="S" congress="115" gpoId="8260" party="D" role="SPEAKING" state="NM">
<name type="parsed">Mr. UDALL</name>
<name type="authority-fnf">Tom Udall</name>
<name type="authority-lnf">Udall, Tom</name>
</congMember>
<congMember authorityId="2174" bioGuideId="H001069" chamber="S" congress="115" party="D" role="SPEAKING" state="ND">
<name type="parsed">Ms. HEITKAMP</name>
<name type="authority-fnf">Heidi Heitkamp</name>
<name type="authority-lnf">Heitkamp, Heidi</name>
</congMember>
<congMember authorityId="1820" bioGuideId="M001170" chamber="S" congress="115" gpoId="8252" party="D" role="SPEAKING" state="MO">
<name type="parsed">Mrs. McCASKILL</name>
<name type="authority-fnf">Claire McCaskill</name>
<name type="authority-lnf">McCaskill, Claire</name>
</congMember>
<congMember authorityId="1826" bioGuideId="K000367" chamber="S" congress="115" gpoId="8249" party="D" role="SPEAKING" state="MN">
<name type="parsed">Ms. KLOBUCHAR</name>
<name type="authority-fnf">Amy Klobuchar</name>
<name type="authority-lnf">Klobuchar, Amy</name>
</congMember>
<congMember authorityId="179" bioGuideId="C000174" chamber="S" congress="115" gpoId="8283" party="D" role="SPEAKING" state="DE">
<name type="parsed">Mr. CARPER</name>
<name type="authority-fnf">Thomas R. Carper</name>
<name type="authority-lnf">Carper, Thomas R.</name>
<name type="authority-other">Thomas Carper</name>
</congMember>
<congMember authorityId="1897" bioGuideId="W000805" chamber="S" congress="115" gpoId="8269" party="D" role="SPEAKING" state="VA">
<name type="parsed">Mr. WARNER</name>
<name type="authority-fnf">Mark R. Warner</name>
<name type="authority-lnf">Warner, Mark R.</name>
<name type="authority-other">Mr. Mark Warner</name>
</congMember>
<congMember authorityId="859" bioGuideId="N000032" chamber="S" congress="115" gpoId="8236" party="D" role="SPEAKING" state="FL">
<name type="parsed">Mr. NELSON</name>
<name type="authority-fnf">Bill Nelson</name>
<name type="authority-lnf">Nelson, Bill</name>
<name type="authority-other">Clarence William Nelson</name>
</congMember>
<congMember authorityId="2176" bioGuideId="K000384" chamber="S" congress="115" party="D" role="SPEAKING" state="VA">
<name type="parsed">Mr. KAINE</name>
<name type="authority-fnf">Tim Kaine</name>
<name type="authority-lnf">Kaine, Tim</name>
<name type="authority-other">Mr. Timothy Kaine</name>
</congMember>
</extension>
<relatedItem type="isReferencedBy">
<titleInfo>
<title>United States Senate Bill 1201  (115th Congress)</title>
</titleInfo>
<identifier type="Congressional Bill citation">S. 1201</identifier>
<extension>
<congress>115</congress>
<context>HEADERLINE</context>
</extension>
</relatedItem>
<relatedItem type="isReferencedBy">
<titleInfo>
<title>United States Senate Bill 1201  (115th Congress)</title>
</titleInfo>
<identifier type="Congressional Bill citation">S. 1201</identifier>
<extension>
<congress>115</congress>
<context>OTHER</context>
</extension>
</relatedItem>
<relatedItem type="isReferencedBy">
<titleInfo>
<title>United States Senate Bill 1462  (115th Congress)</title>
</titleInfo>
<identifier type="Congressional Bill citation">S. 1462</identifier>
<extension>
<congress>115</congress>
<context>HEADERLINE</context>
</extension>
</relatedItem>
<relatedItem type="isReferencedBy">
<titleInfo>
<title>United States Senate Bill 1462  (115th Congress)</title>
</titleInfo>
<identifier type="Congressional Bill citation">S. 1462</identifier>
<extension>
<congress>115</congress>
<context>OTHER</context>
</extension>
</relatedItem>
<relatedItem ID="P0b002ee197178128" type="host">
<titleInfo>
<title>Congressional Record</title>
<partNumber>Vol. 163, no. 111</partNumber>
</titleInfo>
<location>
<url access="object in context" displayLabel="Content Detail">https://www.gpo.gov/fdsys/pkg/CREC-2017-06-28/content-detail.html</url>
<url access="raw object" displayLabel="PDF rendition">https://www.gpo.gov/fdsys/pkg/CREC-2017-06-28/pdf/CREC-2017-06-28.pdf</url>
</location>
<part type="issue">
<extent unit="pages">
<start>H5235</start>
<end>H5297</end>
</extent>
<extent unit="pages">
<start>S3807</start>
<end>S3836</end>
</extent>
<extent unit="pages">
<start>E913</start>
<end>E919</end>
</extent>
<extent unit="pages">
<start>D716</start>
<end>D722</end>
</extent>
</part>
<originInfo>
<publisher>U.S. Government Publishing Office</publisher>
<dateIssued encoding="w3cdtf">2017-06-28</dateIssued>
<issuance>continuing</issuance>
<frequency authority="marcfrequency">daily</frequency>
</originInfo>
<physicalDescription>
<note type="source content type">deposited</note>
<digitalOrigin>born digital</digitalOrigin>
<extent>214 p.</extent>
</physicalDescription>
<classification authority="sudocs">X 1.1/A:</classification>
<classification authority="sudocs">X/A.</classification>
<identifier type="uri">https://www.gpo.gov/fdsys/pkg/CREC-2017-06-28</identifier>
<identifier type="local">P0b002ee197178128</identifier>
<identifier type="stock number">752-002-00000-2</identifier>
<identifier type="ILS system id">000568013</identifier>
<identifier type="former package identifier">CR28JN17</identifier>
<recordInfo>
<recordContentSource authority="marcorg">DGPO</recordContentSource>
<recordCreationDate encoding="w3cdtf">2017-10-04</recordCreationDate>
<recordChangeDate encoding="w3cdtf">2017-10-04</recordChangeDate>
<recordIdentifier source="DGPO">CREC-2017-06-28</recordIdentifier>
<recordOrigin>machine generated</recordOrigin>
<languageOfCataloging>
<languageTerm authority="iso639-2b" type="code">eng</languageTerm>
</languageOfCataloging>
</recordInfo>
<accessCondition type="GPO scope determination">fdlp</accessCondition>
<extension>
<docClass>CREC</docClass>
<accessId>CREC-2017-06-28</accessId>
<volume>163</volume>
<issue>111</issue>
<congress>115</congress>
<session>1</session>
<bookCount>1</bookCount>
</extension>
</relatedItem>
</mods>