<mods ID="id-CREC-2017-04-27-pt1-PgS-FrontMatter" version="3.3" xmlns="http://www.loc.gov/mods/v3" xmlns:exslt="http://exslt.org/common" xmlns:xlink="http://www.w3.org/1999/xlink" xmlns:xsi="http://www.w3.org/2001/XMLSchema-instance" xsi:schemaLocation="http://www.loc.gov/mods/v3 http://www.loc.gov/standards/mods/v3/mods-3-3.xsd">
<name type="corporate">
<namePart>United States Government Publishing Office</namePart>
<role>
<roleTerm authority="marcrelator" type="text">publisher</roleTerm>
<roleTerm authority="marcrelator" type="code">pbl</roleTerm>
</role>
<role>
<roleTerm authority="marcrelator" type="text">distributor</roleTerm>
<roleTerm authority="marcrelator" type="code">dst</roleTerm>
</role>
</name>
<name type="corporate">
<namePart>United States</namePart>
<namePart>Congress</namePart>
<role>
<roleTerm authority="marcrelator" type="text">author</roleTerm>
<roleTerm authority="marcrelator" type="code">aut</roleTerm>
</role>
<description>Government Organization</description>
</name>
<typeOfResource>text</typeOfResource>
<genre authority="marcgt">government publication</genre>
<language>
<languageTerm authority="iso639-2b" type="code">eng</languageTerm>
</language>
<extension>
<collectionCode>CREC</collectionCode>
<category>Proceedings of Congress and General Congressional Publications</category>
<waisDatabaseName>2017_record</waisDatabaseName>
<branch>legislative</branch>
<dateIngested>2017-05-02</dateIngested>
</extension>
<titleInfo>
<title>CONGRESSIONAL RECORD</title>
<partName>Senate</partName>
</titleInfo>
<relatedItem type="otherFormat" xlink:href="https://www.gpo.gov/fdsys/pkg/CREC-2017-04-27/html/CREC-2017-04-27-pt1-PgS-FrontMatter.htm">
<identifier type="FDsys Unique ID">D09002ee196a7393d</identifier>
</relatedItem>
<relatedItem type="otherFormat" xlink:href="https://www.gpo.gov/fdsys/pkg/CREC-2017-04-27/pdf/CREC-2017-04-27-pt1-PgS-FrontMatter.pdf">
<identifier type="FDsys Unique ID">D09002ee196a73a30</identifier>
</relatedItem>
<identifier type="congressional record citation">163 Cong. Rec. S2565</identifier>
<identifier type="uri">https://www.gpo.gov/fdsys/granule/CREC-2017-04-27/CREC-2017-04-27-pt1-PgS-FrontMatter</identifier>
<identifier type="former granule identifier">CR27AP17-153</identifier>
<location>
<url access="object in context" displayLabel="Content Detail">https://www.gpo.gov/fdsys/granule/CREC-2017-04-27/CREC-2017-04-27-pt1-PgS-FrontMatter/content-detail.html</url>
<url access="raw object" displayLabel="PDF rendition">https://www.gpo.gov/fdsys/pkg/CREC-2017-04-27/pdf/CREC-2017-04-27-pt1-PgS-FrontMatter.pdf</url>
<url access="raw object" displayLabel="HTML rendition">https://www.gpo.gov/fdsys/pkg/CREC-2017-04-27/html/CREC-2017-04-27-pt1-PgS-FrontMatter.htm</url>
</location>
<physicalDescription>
<extent>1 p.</extent>
</physicalDescription>
<part type="article">
<extent unit="pages">
<start>S2565</start>
<end>S2565</end>
</extent>
</part>
<identifier type="preferred citation">163 Cong. Rec. S2565</identifier>
<extension>
<searchTitle>CONGRESSIONAL RECORD; Congressional Record Vol. 163, No. 72</searchTitle>
<granuleClass>SENATE</granuleClass>
<accessId>CREC-2017-04-27-pt1-PgS-FrontMatter</accessId>
<subGranuleClass>FRONTMATTER</subGranuleClass>
<pagePrefix>S</pagePrefix>
<bookNumber>1</bookNumber>
<chamber>SENATE</chamber>
<granuleDate>2017-04-27</granuleDate>
</extension>
<relatedItem ID="P0b002ee194b77168" type="host">
<titleInfo>
<title>Congressional Record</title>
<partNumber>Vol. 163, no. 72</partNumber>
</titleInfo>
<location>
<url access="object in context" displayLabel="Content Detail">https://www.gpo.gov/fdsys/pkg/CREC-2017-04-27/content-detail.html</url>
<url access="raw object" displayLabel="PDF rendition">https://www.gpo.gov/fdsys/pkg/CREC-2017-04-27/pdf/CREC-2017-04-27.pdf</url>
</location>
<part type="issue">
<extent unit="pages">
<start>H2901</start>
<end>H2944</end>
</extent>
<extent unit="pages">
<start>S2565</start>
<end>S2631</end>
</extent>
<extent unit="pages">
<start>E551</start>
<end>E557</end>
</extent>
<extent unit="pages">
<start>D459</start>
<end>D464</end>
</extent>
</part>
<originInfo>
<publisher>U.S. Government Publishing Office</publisher>
<dateIssued encoding="w3cdtf">2017-04-27</dateIssued>
<issuance>continuing</issuance>
<frequency authority="marcfrequency">daily</frequency>
</originInfo>
<physicalDescription>
<note type="source content type">deposited</note>
<digitalOrigin>born digital</digitalOrigin>
<extent>248 p.</extent>
</physicalDescription>
<classification authority="sudocs">X 1.1/A:</classification>
<classification authority="sudocs">X/A.</classification>
<identifier type="uri">https://www.gpo.gov/fdsys/pkg/CREC-2017-04-27</identifier>
<identifier type="local">P0b002ee194b77168</identifier>
<identifier type="stock number">752-002-00000-2</identifier>
<identifier type="ILS system id">000568013</identifier>
<identifier type="former package identifier">CR27AP17</identifier>
<recordInfo>
<recordContentSource authority="marcorg">DGPO</recordContentSource>
<recordCreationDate encoding="w3cdtf">2017-05-02</recordCreationDate>
<recordChangeDate encoding="w3cdtf">2017-08-21</recordChangeDate>
<recordIdentifier source="DGPO">CREC-2017-04-27</recordIdentifier>
<recordOrigin>machine generated</recordOrigin>
<languageOfCataloging>
<languageTerm authority="iso639-2b" type="code">eng</languageTerm>
</languageOfCataloging>
</recordInfo>
<accessCondition type="GPO scope determination">fdlp</accessCondition>
<extension>
<docClass>CREC</docClass>
<accessId>CREC-2017-04-27</accessId>
<volume>163</volume>
<issue>72</issue>
<congress>115</congress>
<session>1</session>
<bookCount>1</bookCount>
</extension>
</relatedItem>
</mods>