<mods ID="id-CREC-2017-07-18-pt1-PgS4038-3" version="3.3" xmlns="http://www.loc.gov/mods/v3" xmlns:exslt="http://exslt.org/common" xmlns:xlink="http://www.w3.org/1999/xlink" xmlns:xsi="http://www.w3.org/2001/XMLSchema-instance" xsi:schemaLocation="http://www.loc.gov/mods/v3 http://www.loc.gov/standards/mods/v3/mods-3-3.xsd">
<name type="corporate">
<namePart>United States Government Publishing Office</namePart>
<role>
<roleTerm authority="marcrelator" type="text">publisher</roleTerm>
<roleTerm authority="marcrelator" type="code">pbl</roleTerm>
</role>
<role>
<roleTerm authority="marcrelator" type="text">distributor</roleTerm>
<roleTerm authority="marcrelator" type="code">dst</roleTerm>
</role>
</name>
<name type="corporate">
<namePart>United States</namePart>
<namePart>Congress</namePart>
<role>
<roleTerm authority="marcrelator" type="text">author</roleTerm>
<roleTerm authority="marcrelator" type="code">aut</roleTerm>
</role>
<description>Government Organization</description>
</name>
<typeOfResource>text</typeOfResource>
<genre authority="marcgt">government publication</genre>
<language>
<languageTerm authority="iso639-2b" type="code">eng</languageTerm>
</language>
<extension>
<collectionCode>CREC</collectionCode>
<category>Proceedings of Congress and General Congressional Publications</category>
<waisDatabaseName>2017_record</waisDatabaseName>
<branch>legislative</branch>
<dateIngested>2017-11-07</dateIngested>
</extension>
<titleInfo>
<title>EXECUTIVE CALENDAR--Continued</title>
<partName>Senate</partName>
</titleInfo>
<relatedItem type="otherFormat" xlink:href="https://www.gpo.gov/fdsys/pkg/CREC-2017-07-18/html/CREC-2017-07-18-pt1-PgS4038-3.htm">
<identifier type="FDsys Unique ID">D09002ee1976b7472</identifier>
</relatedItem>
<relatedItem type="otherFormat" xlink:href="https://www.gpo.gov/fdsys/pkg/CREC-2017-07-18/pdf/CREC-2017-07-18-pt1-PgS4038-3.pdf">
<identifier type="FDsys Unique ID">D09002ee1976b74b5</identifier>
</relatedItem>
<identifier type="congressional record citation">163 Cong. Rec. S4038</identifier>
<identifier type="uri">https://www.gpo.gov/fdsys/granule/CREC-2017-07-18/CREC-2017-07-18-pt1-PgS4038-3</identifier>
<identifier type="former granule identifier">CR18JY17-135</identifier>
<location>
<url access="object in context" displayLabel="Content Detail">https://www.gpo.gov/fdsys/granule/CREC-2017-07-18/CREC-2017-07-18-pt1-PgS4038-3/content-detail.html</url>
<url access="raw object" displayLabel="PDF rendition">https://www.gpo.gov/fdsys/pkg/CREC-2017-07-18/pdf/CREC-2017-07-18-pt1-PgS4038-3.pdf</url>
<url access="raw object" displayLabel="HTML rendition">https://www.gpo.gov/fdsys/pkg/CREC-2017-07-18/html/CREC-2017-07-18-pt1-PgS4038-3.htm</url>
</location>
<physicalDescription>
<extent>14 p.</extent>
</physicalDescription>
<part type="article">
<extent unit="pages">
<start>S4038</start>
<end>S4051</end>
</extent>
</part>
<name type="personal">
<namePart>Orrin G. Hatch</namePart>
<affiliation>United States Senate</affiliation>
<role>
<roleTerm type="text">speaking</roleTerm>
</role>
<description>United States Congress Member</description>
</name>
<name type="personal">
<namePart>Thomas R. Carper</namePart>
<affiliation>United States Senate</affiliation>
<role>
<roleTerm type="text">speaking</roleTerm>
</role>
<description>United States Congress Member</description>
</name>
<name type="personal">
<namePart>John Cornyn</namePart>
<affiliation>United States Senate</affiliation>
<role>
<roleTerm type="text">speaking</roleTerm>
</role>
<description>United States Congress Member</description>
</name>
<name type="personal">
<namePart>Tom Udall</namePart>
<affiliation>United States Senate</affiliation>
<role>
<roleTerm type="text">speaking</roleTerm>
</role>
<description>United States Congress Member</description>
</name>
<name type="personal">
<namePart>Al Franken</namePart>
<affiliation>United States Senate</affiliation>
<role>
<roleTerm type="text">speaking</roleTerm>
</role>
<description>United States Congress Member</description>
</name>
<name type="personal">
<namePart>Heidi Heitkamp</namePart>
<affiliation>United States Senate</affiliation>
<role>
<roleTerm type="text">speaking</roleTerm>
</role>
<description>United States Congress Member</description>
</name>
<name type="personal">
<namePart>Richard Durbin</namePart>
<affiliation>United States Senate</affiliation>
<role>
<roleTerm type="text">speaking</roleTerm>
</role>
<description>United States Congress Member</description>
</name>
<name type="personal">
<namePart>Michael B. Enzi</namePart>
<affiliation>United States Senate</affiliation>
<role>
<roleTerm type="text">speaking</roleTerm>
</role>
<description>United States Congress Member</description>
</name>
<name type="personal">
<namePart>Mitch McConnell</namePart>
<affiliation>United States Senate</affiliation>
<role>
<roleTerm type="text">speaking</roleTerm>
</role>
<description>United States Congress Member</description>
</name>
<name type="corporate">
<namePart>United States</namePart>
<namePart>Congress</namePart>
<namePart>Senate</namePart>
<namePart>Committee on Indian Affairs</namePart>
<role>
<roleTerm authority="marcrelator" type="text">associated name</roleTerm>
<roleTerm authority="marcrelator" type="code">asn</roleTerm>
</role>
<description>Government Organization</description>
</name>
<identifier type="preferred citation">163 Cong. Rec. S4038</identifier>
<extension>
<searchTitle>EXECUTIVE CALENDAR--Continued; Congressional Record Vol. 163, No. 121</searchTitle>
<granuleClass>SENATE</granuleClass>
<accessId>CREC-2017-07-18-pt1-PgS4038-3</accessId>
<subGranuleClass>SEXECCAL</subGranuleClass>
<pagePrefix>S</pagePrefix>
<bookNumber>1</bookNumber>
<chamber>SENATE</chamber>
<granuleDate>2017-07-18</granuleDate>
<bill congress="115" context="OTHER" number="3153" type="HR"/>
<congCommittee authorityId="slia00" chamber="S" congress="115" type="S">
<name type="authority-standard">Committee on Indian Affairs</name>
<name type="authority-short">Indian Affairs</name>
</congCommittee>
<congMember authorityId="1351" bioGuideId="H000338" chamber="S" congress="115" gpoId="8314" party="R" role="SPEAKING" state="UT">
<name type="parsed">Mr. HATCH</name>
<name type="authority-fnf">Orrin G. Hatch</name>
<name type="authority-lnf">Hatch, Orrin G.</name>
<name type="authority-other">Orrin Grant Hatch</name>
</congMember>
<congMember authorityId="179" bioGuideId="C000174" chamber="S" congress="115" gpoId="8283" party="D" role="SPEAKING" state="DE">
<name type="parsed">Mr. CARPER</name>
<name type="authority-fnf">Thomas R. Carper</name>
<name type="authority-lnf">Carper, Thomas R.</name>
<name type="authority-other">Thomas Carper</name>
</congMember>
<congMember authorityId="1692" bioGuideId="C001056" chamber="S" congress="115" gpoId="8295" party="R" role="SPEAKING" state="TX">
<name type="parsed">Mr. CORNYN</name>
<name type="authority-fnf">John Cornyn</name>
<name type="authority-lnf">Cornyn, John</name>
</congMember>
<congMember authorityId="1567" bioGuideId="U000039" chamber="S" congress="115" gpoId="8260" party="D" role="SPEAKING" state="NM">
<name type="parsed">Mr. UDALL</name>
<name type="authority-fnf">Tom Udall</name>
<name type="authority-lnf">Udall, Tom</name>
</congMember>
<congMember authorityId="1969" bioGuideId="F000457" chamber="S" congress="115" gpoId="8339" party="D" role="SPEAKING" state="MN">
<name type="parsed">Mr. FRANKEN</name>
<name type="authority-fnf">Al Franken</name>
<name type="authority-lnf">Franken, Al</name>
</congMember>
<congMember authorityId="2174" bioGuideId="H001069" chamber="S" congress="115" party="D" role="SPEAKING" state="ND">
<name type="parsed">Ms. HEITKAMP</name>
<name type="authority-fnf">Heidi Heitkamp</name>
<name type="authority-lnf">Heitkamp, Heidi</name>
</congMember>
<congMember authorityId="326" bioGuideId="D000563" chamber="S" congress="115" gpoId="8326" party="D" role="SPEAKING" state="IL">
<name type="parsed">Mr. DURBIN</name>
<name type="authority-fnf">Richard Durbin</name>
<name type="authority-lnf">Durbin, Richard</name>
<name type="authority-other">Richard J. Durbin</name>
</congMember>
<congMember authorityId="1542" bioGuideId="E000285" chamber="S" congress="115" gpoId="8328" party="R" role="SPEAKING" state="WY">
<name type="parsed">Mr. ENZI</name>
<name type="authority-fnf">Michael B. Enzi</name>
<name type="authority-lnf">Enzi, Michael B.</name>
<name type="authority-other">Michael Enzi</name>
</congMember>
<congMember authorityId="1395" bioGuideId="M000355" chamber="S" congress="115" gpoId="8254" party="R" role="SPEAKING" state="KY">
<name type="parsed">Mr. McCONNELL</name>
<name type="authority-fnf">Mitch McConnell</name>
<name type="authority-lnf">McConnell, Mitch</name>
</congMember>
</extension>
<relatedItem type="isReferencedBy">
<titleInfo>
<title>United States House Bill 3153  (115th Congress)</title>
</titleInfo>
<identifier type="Congressional Bill citation">H.R. 3153</identifier>
<extension>
<congress>115</congress>
<context>OTHER</context>
</extension>
</relatedItem>
<relatedItem ID="P0b002ee1976b726e" type="host">
<titleInfo>
<title>Congressional Record</title>
<partNumber>Vol. 163, no. 121</partNumber>
</titleInfo>
<location>
<url access="object in context" displayLabel="Content Detail">https://www.gpo.gov/fdsys/pkg/CREC-2017-07-18/content-detail.html</url>
<url access="raw object" displayLabel="PDF rendition">https://www.gpo.gov/fdsys/pkg/CREC-2017-07-18/pdf/CREC-2017-07-18.pdf</url>
</location>
<part type="issue">
<extent unit="pages">
<start>H5923</start>
<end>H5979</end>
</extent>
<extent unit="pages">
<start>S4029</start>
<end>S4059</end>
</extent>
<extent unit="pages">
<start>E1007</start>
<end>E1014</end>
</extent>
<extent unit="pages">
<start>D792</start>
<end>D800</end>
</extent>
</part>
<originInfo>
<publisher>U.S. Government Publishing Office</publisher>
<dateIssued encoding="w3cdtf">2017-07-18</dateIssued>
<issuance>continuing</issuance>
<frequency authority="marcfrequency">daily</frequency>
</originInfo>
<physicalDescription>
<note type="source content type">deposited</note>
<digitalOrigin>born digital</digitalOrigin>
<extent>210 p.</extent>
</physicalDescription>
<classification authority="sudocs">X 1.1/A:</classification>
<classification authority="sudocs">X/A.</classification>
<identifier type="uri">https://www.gpo.gov/fdsys/pkg/CREC-2017-07-18</identifier>
<identifier type="local">P0b002ee1976b726e</identifier>
<identifier type="stock number">752-002-00000-2</identifier>
<identifier type="ILS system id">000568013</identifier>
<identifier type="former package identifier">CR18JY17</identifier>
<recordInfo>
<recordContentSource authority="marcorg">DGPO</recordContentSource>
<recordCreationDate encoding="w3cdtf">2017-11-07</recordCreationDate>
<recordChangeDate encoding="w3cdtf">2017-11-07</recordChangeDate>
<recordIdentifier source="DGPO">CREC-2017-07-18</recordIdentifier>
<recordOrigin>machine generated</recordOrigin>
<languageOfCataloging>
<languageTerm authority="iso639-2b" type="code">eng</languageTerm>
</languageOfCataloging>
</recordInfo>
<accessCondition type="GPO scope determination">fdlp</accessCondition>
<extension>
<docClass>CREC</docClass>
<accessId>CREC-2017-07-18</accessId>
<volume>163</volume>
<issue>121</issue>
<congress>115</congress>
<session>1</session>
<bookCount>1</bookCount>
</extension>
</relatedItem>
</mods>