<mods ID="id-CREC-2017-06-28-pt1-PgH5243" version="3.3" xmlns="http://www.loc.gov/mods/v3" xmlns:exslt="http://exslt.org/common" xmlns:xlink="http://www.w3.org/1999/xlink" xmlns:xsi="http://www.w3.org/2001/XMLSchema-instance" xsi:schemaLocation="http://www.loc.gov/mods/v3 http://www.loc.gov/standards/mods/v3/mods-3-3.xsd">
<name type="corporate">
<namePart>United States Government Publishing Office</namePart>
<role>
<roleTerm authority="marcrelator" type="text">publisher</roleTerm>
<roleTerm authority="marcrelator" type="code">pbl</roleTerm>
</role>
<role>
<roleTerm authority="marcrelator" type="text">distributor</roleTerm>
<roleTerm authority="marcrelator" type="code">dst</roleTerm>
</role>
</name>
<name type="corporate">
<namePart>United States</namePart>
<namePart>Congress</namePart>
<role>
<roleTerm authority="marcrelator" type="text">author</roleTerm>
<roleTerm authority="marcrelator" type="code">aut</roleTerm>
</role>
<description>Government Organization</description>
</name>
<typeOfResource>text</typeOfResource>
<genre authority="marcgt">government publication</genre>
<language>
<languageTerm authority="iso639-2b" type="code">eng</languageTerm>
</language>
<extension>
<collectionCode>CREC</collectionCode>
<category>Proceedings of Congress and General Congressional Publications</category>
<waisDatabaseName>2017_record</waisDatabaseName>
<branch>legislative</branch>
<dateIngested>2017-10-04</dateIngested>
</extension>
<titleInfo>
<title>BILL THREATENS OHIOANS</title>
<partName>House</partName>
</titleInfo>
<relatedItem type="otherFormat" xlink:href="https://www.gpo.gov/fdsys/pkg/CREC-2017-06-28/html/CREC-2017-06-28-pt1-PgH5243.htm">
<identifier type="FDsys Unique ID">D09002ee1971781e6</identifier>
</relatedItem>
<relatedItem type="otherFormat" xlink:href="https://www.gpo.gov/fdsys/pkg/CREC-2017-06-28/pdf/CREC-2017-06-28-pt1-PgH5243.pdf">
<identifier type="FDsys Unique ID">D09002ee19717826a</identifier>
</relatedItem>
<identifier type="congressional record citation">163 Cong. Rec. H5243</identifier>
<identifier type="uri">https://www.gpo.gov/fdsys/granule/CREC-2017-06-28/CREC-2017-06-28-pt1-PgH5243</identifier>
<identifier type="former granule identifier">CR28JN17-66</identifier>
<location>
<url access="object in context" displayLabel="Content Detail">https://www.gpo.gov/fdsys/granule/CREC-2017-06-28/CREC-2017-06-28-pt1-PgH5243/content-detail.html</url>
<url access="raw object" displayLabel="PDF rendition">https://www.gpo.gov/fdsys/pkg/CREC-2017-06-28/pdf/CREC-2017-06-28-pt1-PgH5243.pdf</url>
<url access="raw object" displayLabel="HTML rendition">https://www.gpo.gov/fdsys/pkg/CREC-2017-06-28/html/CREC-2017-06-28-pt1-PgH5243.htm</url>
</location>
<physicalDescription>
<extent>1 p.</extent>
</physicalDescription>
<part type="article">
<extent unit="pages">
<start>H5243</start>
<end>H5243</end>
</extent>
</part>
<name type="personal">
<namePart>Marcy Kaptur</namePart>
<affiliation>United States House of Representatives</affiliation>
<role>
<roleTerm type="text">speaking</roleTerm>
</role>
<description>United States Congress Member</description>
</name>
<identifier type="preferred citation">163 Cong. Rec. H5243</identifier>
<extension>
<searchTitle>BILL THREATENS OHIOANS; Congressional Record Vol. 163, No. 111</searchTitle>
<granuleClass>HOUSE</granuleClass>
<accessId>CREC-2017-06-28-pt1-PgH5243</accessId>
<subGranuleClass>ALLOTHER</subGranuleClass>
<pagePrefix>H</pagePrefix>
<bookNumber>1</bookNumber>
<chamber>HOUSE</chamber>
<granuleDate>2017-06-28</granuleDate>
<time from="12:15:00" to="12:15:00"/>
<congMember authorityId="616" bioGuideId="K000009" chamber="H" congress="115" gpoId="8099" party="D" role="SPEAKING" state="OH">
<name type="parsed">Ms. KAPTUR</name>
<name type="authority-fnf">Marcy Kaptur</name>
<name type="authority-lnf">Kaptur, Marcy</name>
</congMember>
</extension>
<relatedItem ID="P0b002ee197178128" type="host">
<titleInfo>
<title>Congressional Record</title>
<partNumber>Vol. 163, no. 111</partNumber>
</titleInfo>
<location>
<url access="object in context" displayLabel="Content Detail">https://www.gpo.gov/fdsys/pkg/CREC-2017-06-28/content-detail.html</url>
<url access="raw object" displayLabel="PDF rendition">https://www.gpo.gov/fdsys/pkg/CREC-2017-06-28/pdf/CREC-2017-06-28.pdf</url>
</location>
<part type="issue">
<extent unit="pages">
<start>H5235</start>
<end>H5297</end>
</extent>
<extent unit="pages">
<start>S3807</start>
<end>S3836</end>
</extent>
<extent unit="pages">
<start>E913</start>
<end>E919</end>
</extent>
<extent unit="pages">
<start>D716</start>
<end>D722</end>
</extent>
</part>
<originInfo>
<publisher>U.S. Government Publishing Office</publisher>
<dateIssued encoding="w3cdtf">2017-06-28</dateIssued>
<issuance>continuing</issuance>
<frequency authority="marcfrequency">daily</frequency>
</originInfo>
<physicalDescription>
<note type="source content type">deposited</note>
<digitalOrigin>born digital</digitalOrigin>
<extent>214 p.</extent>
</physicalDescription>
<classification authority="sudocs">X 1.1/A:</classification>
<classification authority="sudocs">X/A.</classification>
<identifier type="uri">https://www.gpo.gov/fdsys/pkg/CREC-2017-06-28</identifier>
<identifier type="local">P0b002ee197178128</identifier>
<identifier type="stock number">752-002-00000-2</identifier>
<identifier type="ILS system id">000568013</identifier>
<identifier type="former package identifier">CR28JN17</identifier>
<recordInfo>
<recordContentSource authority="marcorg">DGPO</recordContentSource>
<recordCreationDate encoding="w3cdtf">2017-10-04</recordCreationDate>
<recordChangeDate encoding="w3cdtf">2017-10-04</recordChangeDate>
<recordIdentifier source="DGPO">CREC-2017-06-28</recordIdentifier>
<recordOrigin>machine generated</recordOrigin>
<languageOfCataloging>
<languageTerm authority="iso639-2b" type="code">eng</languageTerm>
</languageOfCataloging>
</recordInfo>
<accessCondition type="GPO scope determination">fdlp</accessCondition>
<extension>
<docClass>CREC</docClass>
<accessId>CREC-2017-06-28</accessId>
<volume>163</volume>
<issue>111</issue>
<congress>115</congress>
<session>1</session>
<bookCount>1</bookCount>
</extension>
</relatedItem>
</mods>