<mods ID="id-CREC-2017-07-18-pt1-PgS4052" version="3.3" xmlns="http://www.loc.gov/mods/v3" xmlns:exslt="http://exslt.org/common" xmlns:xlink="http://www.w3.org/1999/xlink" xmlns:xsi="http://www.w3.org/2001/XMLSchema-instance" xsi:schemaLocation="http://www.loc.gov/mods/v3 http://www.loc.gov/standards/mods/v3/mods-3-3.xsd">
<name type="corporate">
<namePart>United States Government Publishing Office</namePart>
<role>
<roleTerm authority="marcrelator" type="text">publisher</roleTerm>
<roleTerm authority="marcrelator" type="code">pbl</roleTerm>
</role>
<role>
<roleTerm authority="marcrelator" type="text">distributor</roleTerm>
<roleTerm authority="marcrelator" type="code">dst</roleTerm>
</role>
</name>
<name type="corporate">
<namePart>United States</namePart>
<namePart>Congress</namePart>
<role>
<roleTerm authority="marcrelator" type="text">author</roleTerm>
<roleTerm authority="marcrelator" type="code">aut</roleTerm>
</role>
<description>Government Organization</description>
</name>
<typeOfResource>text</typeOfResource>
<genre authority="marcgt">government publication</genre>
<language>
<languageTerm authority="iso639-2b" type="code">eng</languageTerm>
</language>
<extension>
<collectionCode>CREC</collectionCode>
<category>Proceedings of Congress and General Congressional Publications</category>
<waisDatabaseName>2017_record</waisDatabaseName>
<branch>legislative</branch>
<dateIngested>2017-11-07</dateIngested>
</extension>
<titleInfo>
<title>RECOGNIZING UNIDOSUS</title>
<partName>Senate</partName>
</titleInfo>
<relatedItem type="otherFormat" xlink:href="https://www.gpo.gov/fdsys/pkg/CREC-2017-07-18/html/CREC-2017-07-18-pt1-PgS4052.htm">
<identifier type="FDsys Unique ID">D09002ee1976b740d</identifier>
</relatedItem>
<relatedItem type="otherFormat" xlink:href="https://www.gpo.gov/fdsys/pkg/CREC-2017-07-18/pdf/CREC-2017-07-18-pt1-PgS4052.pdf">
<identifier type="FDsys Unique ID">D09002ee1976b74ff</identifier>
</relatedItem>
<identifier type="congressional record citation">163 Cong. Rec. S4052</identifier>
<identifier type="uri">https://www.gpo.gov/fdsys/granule/CREC-2017-07-18/CREC-2017-07-18-pt1-PgS4052</identifier>
<identifier type="former granule identifier">CR18JY17-139</identifier>
<location>
<url access="object in context" displayLabel="Content Detail">https://www.gpo.gov/fdsys/granule/CREC-2017-07-18/CREC-2017-07-18-pt1-PgS4052/content-detail.html</url>
<url access="raw object" displayLabel="PDF rendition">https://www.gpo.gov/fdsys/pkg/CREC-2017-07-18/pdf/CREC-2017-07-18-pt1-PgS4052.pdf</url>
<url access="raw object" displayLabel="HTML rendition">https://www.gpo.gov/fdsys/pkg/CREC-2017-07-18/html/CREC-2017-07-18-pt1-PgS4052.htm</url>
</location>
<physicalDescription>
<extent>1 p.</extent>
</physicalDescription>
<part type="article">
<extent unit="pages">
<start>S4052</start>
<end>S4052</end>
</extent>
</part>
<identifier type="preferred citation">163 Cong. Rec. S4052</identifier>
<extension>
<searchTitle>RECOGNIZING UNIDOSUS; Congressional Record Vol. 163, No. 121</searchTitle>
<granuleClass>SENATE</granuleClass>
<accessId>CREC-2017-07-18-pt1-PgS4052</accessId>
<subGranuleClass>RECOGNIZING</subGranuleClass>
<pagePrefix>S</pagePrefix>
<bookNumber>1</bookNumber>
<chamber>SENATE</chamber>
<granuleDate>2017-07-18</granuleDate>
</extension>
<relatedItem ID="P0b002ee1976b726e" type="host">
<titleInfo>
<title>Congressional Record</title>
<partNumber>Vol. 163, no. 121</partNumber>
</titleInfo>
<location>
<url access="object in context" displayLabel="Content Detail">https://www.gpo.gov/fdsys/pkg/CREC-2017-07-18/content-detail.html</url>
<url access="raw object" displayLabel="PDF rendition">https://www.gpo.gov/fdsys/pkg/CREC-2017-07-18/pdf/CREC-2017-07-18.pdf</url>
</location>
<part type="issue">
<extent unit="pages">
<start>H5923</start>
<end>H5979</end>
</extent>
<extent unit="pages">
<start>S4029</start>
<end>S4059</end>
</extent>
<extent unit="pages">
<start>E1007</start>
<end>E1014</end>
</extent>
<extent unit="pages">
<start>D792</start>
<end>D800</end>
</extent>
</part>
<originInfo>
<publisher>U.S. Government Publishing Office</publisher>
<dateIssued encoding="w3cdtf">2017-07-18</dateIssued>
<issuance>continuing</issuance>
<frequency authority="marcfrequency">daily</frequency>
</originInfo>
<physicalDescription>
<note type="source content type">deposited</note>
<digitalOrigin>born digital</digitalOrigin>
<extent>210 p.</extent>
</physicalDescription>
<classification authority="sudocs">X 1.1/A:</classification>
<classification authority="sudocs">X/A.</classification>
<identifier type="uri">https://www.gpo.gov/fdsys/pkg/CREC-2017-07-18</identifier>
<identifier type="local">P0b002ee1976b726e</identifier>
<identifier type="stock number">752-002-00000-2</identifier>
<identifier type="ILS system id">000568013</identifier>
<identifier type="former package identifier">CR18JY17</identifier>
<recordInfo>
<recordContentSource authority="marcorg">DGPO</recordContentSource>
<recordCreationDate encoding="w3cdtf">2017-11-07</recordCreationDate>
<recordChangeDate encoding="w3cdtf">2017-11-07</recordChangeDate>
<recordIdentifier source="DGPO">CREC-2017-07-18</recordIdentifier>
<recordOrigin>machine generated</recordOrigin>
<languageOfCataloging>
<languageTerm authority="iso639-2b" type="code">eng</languageTerm>
</languageOfCataloging>
</recordInfo>
<accessCondition type="GPO scope determination">fdlp</accessCondition>
<extension>
<docClass>CREC</docClass>
<accessId>CREC-2017-07-18</accessId>
<volume>163</volume>
<issue>121</issue>
<congress>115</congress>
<session>1</session>
<bookCount>1</bookCount>
</extension>
</relatedItem>
</mods>