<mods ID="id-CREC-2017-04-07-pt1-PgS2460-2" version="3.3" xmlns="http://www.loc.gov/mods/v3" xmlns:exslt="http://exslt.org/common" xmlns:xlink="http://www.w3.org/1999/xlink" xmlns:xsi="http://www.w3.org/2001/XMLSchema-instance" xsi:schemaLocation="http://www.loc.gov/mods/v3 http://www.loc.gov/standards/mods/v3/mods-3-3.xsd">
<name type="corporate">
<namePart>United States Government Publishing Office</namePart>
<role>
<roleTerm authority="marcrelator" type="text">publisher</roleTerm>
<roleTerm authority="marcrelator" type="code">pbl</roleTerm>
</role>
<role>
<roleTerm authority="marcrelator" type="text">distributor</roleTerm>
<roleTerm authority="marcrelator" type="code">dst</roleTerm>
</role>
</name>
<name type="corporate">
<namePart>United States</namePart>
<namePart>Congress</namePart>
<role>
<roleTerm authority="marcrelator" type="text">author</roleTerm>
<roleTerm authority="marcrelator" type="code">aut</roleTerm>
</role>
<description>Government Organization</description>
</name>
<typeOfResource>text</typeOfResource>
<genre authority="marcgt">government publication</genre>
<language>
<languageTerm authority="iso639-2b" type="code">eng</languageTerm>
</language>
<extension>
<collectionCode>CREC</collectionCode>
<category>Proceedings of Congress and General Congressional Publications</category>
<waisDatabaseName>2017_record</waisDatabaseName>
<branch>legislative</branch>
<dateIngested>2017-04-08</dateIngested>
</extension>
<titleInfo>
<title>SENATE RESOLUTION 130--EXPRESSING GRATITUDE AND APPRECIATION FOR THE ENTRY OF THE UNITED STATES INTO WORLD WAR I</title>
<partName>Senate</partName>
</titleInfo>
<relatedItem type="otherFormat" xlink:href="https://www.gpo.gov/fdsys/pkg/CREC-2017-04-07/html/CREC-2017-04-07-pt1-PgS2460-2.htm">
<identifier type="FDsys Unique ID">D09002ee196a731d2</identifier>
</relatedItem>
<relatedItem type="otherFormat" xlink:href="https://www.gpo.gov/fdsys/pkg/CREC-2017-04-07/pdf/CREC-2017-04-07-pt1-PgS2460-2.pdf">
<identifier type="FDsys Unique ID">D09002ee196a732a9</identifier>
</relatedItem>
<identifier type="congressional record citation">163 Cong. Rec. S2460</identifier>
<identifier type="uri">https://www.gpo.gov/fdsys/granule/CREC-2017-04-07/CREC-2017-04-07-pt1-PgS2460-2</identifier>
<identifier type="former granule identifier">cr07ap17-43</identifier>
<location>
<url access="object in context" displayLabel="Content Detail">https://www.gpo.gov/fdsys/granule/CREC-2017-04-07/CREC-2017-04-07-pt1-PgS2460-2/content-detail.html</url>
<url access="raw object" displayLabel="PDF rendition">https://www.gpo.gov/fdsys/pkg/CREC-2017-04-07/pdf/CREC-2017-04-07-pt1-PgS2460-2.pdf</url>
<url access="raw object" displayLabel="HTML rendition">https://www.gpo.gov/fdsys/pkg/CREC-2017-04-07/html/CREC-2017-04-07-pt1-PgS2460-2.htm</url>
</location>
<physicalDescription>
<extent>1 p.</extent>
</physicalDescription>
<part type="article">
<extent unit="pages">
<start>S2460</start>
<end>S2460</end>
</extent>
</part>
<name type="corporate">
<namePart>United States</namePart>
<namePart>Congress</namePart>
<namePart>Senate</namePart>
<namePart>Committee on Foreign Relations</namePart>
<role>
<roleTerm authority="marcrelator" type="text">associated name</roleTerm>
<roleTerm authority="marcrelator" type="code">asn</roleTerm>
</role>
<description>Government Organization</description>
</name>
<identifier type="preferred citation">163 Cong. Rec. S2460</identifier>
<extension>
<searchTitle>SENATE RESOLUTION 130--EXPRESSING GRATITUDE AND APPRECIATION FOR THE ENTRY OF THE UNITED STATES INTO WORLD WAR I; Congressional Record Vol. 163, No. 61</searchTitle>
<associatedBills>S. Res. 130, 115th Congress
        </associatedBills>
<granuleClass>SENATE</granuleClass>
<accessId>CREC-2017-04-07-pt1-PgS2460-2</accessId>
<subGranuleClass>SRESOLUTION</subGranuleClass>
<pagePrefix>S</pagePrefix>
<bookNumber>1</bookNumber>
<chamber>SENATE</chamber>
<granuleDate>2017-04-07</granuleDate>
<bill congress="115" context="TITLE" number="130" type="SRES"/>
<bill congress="115" context="HEADERLINE" number="130" type="SRES"/>
<bill congress="115" context="OTHER" number="130" type="SRES"/>
<congCommittee authorityId="ssfr00" chamber="S" congress="115" type="S">
<name type="authority-standard">Committee on Foreign Relations</name>
<name type="authority-short">Foreign Relations</name>
</congCommittee>
<statuteAtLarge volume="40">
<pages pages="76"/>
</statuteAtLarge>
</extension>
<relatedItem type="isReferencedBy">
<titleInfo>
<title>United States Senate Resolution 130  (115th Congress)</title>
</titleInfo>
<identifier type="Congressional Bill citation">S. Res. 130</identifier>
<extension>
<congress>115</congress>
<context>TITLE</context>
</extension>
</relatedItem>
<relatedItem type="isReferencedBy">
<titleInfo>
<title>United States Senate Resolution 130  (115th Congress)</title>
</titleInfo>
<identifier type="Congressional Bill citation">S. Res. 130</identifier>
<extension>
<congress>115</congress>
<context>HEADERLINE</context>
</extension>
</relatedItem>
<relatedItem type="isReferencedBy">
<titleInfo>
<title>United States Senate Resolution 130  (115th Congress)</title>
</titleInfo>
<identifier type="Congressional Bill citation">S. Res. 130</identifier>
<extension>
<congress>115</congress>
<context>OTHER</context>
</extension>
</relatedItem>
<relatedItem type="isReferencedBy">
<titleInfo>
<title>United States Statutes at Large</title>
<partNumber>Volume 40 Page 76</partNumber>
</titleInfo>
<identifier type="Statute citation">40 Stat. 76</identifier>
</relatedItem>
<relatedItem ID="P0b002ee1947de2ed" type="host">
<titleInfo>
<title>Congressional Record</title>
<partNumber>Vol. 163, no. 61</partNumber>
</titleInfo>
<location>
<url access="object in context" displayLabel="Content Detail">https://www.gpo.gov/fdsys/pkg/CREC-2017-04-07/content-detail.html</url>
<url access="raw object" displayLabel="PDF rendition">https://www.gpo.gov/fdsys/pkg/CREC-2017-04-07/pdf/CREC-2017-04-07.pdf</url>
</location>
<part type="issue">
<extent unit="pages">
<start>S2435</start>
<end>S2463</end>
</extent>
<extent unit="pages">
<start>D422</start>
<end>D424</end>
</extent>
</part>
<originInfo>
<publisher>U.S. Government Publishing Office</publisher>
<dateIssued encoding="w3cdtf">2017-04-07</dateIssued>
<issuance>continuing</issuance>
<frequency authority="marcfrequency">daily</frequency>
</originInfo>
<physicalDescription>
<note type="source content type">deposited</note>
<digitalOrigin>born digital</digitalOrigin>
<extent>64 p.</extent>
</physicalDescription>
<classification authority="sudocs">X 1.1/A:</classification>
<classification authority="sudocs">X/A.</classification>
<identifier type="uri">https://www.gpo.gov/fdsys/pkg/CREC-2017-04-07</identifier>
<identifier type="local">P0b002ee1947de2ed</identifier>
<identifier type="stock number">752-002-00000-2</identifier>
<identifier type="ILS system id">000568013</identifier>
<identifier type="former package identifier">cr07ap17</identifier>
<recordInfo>
<recordContentSource authority="marcorg">DGPO</recordContentSource>
<recordCreationDate encoding="w3cdtf">2017-04-08</recordCreationDate>
<recordChangeDate encoding="w3cdtf">2017-08-21</recordChangeDate>
<recordIdentifier source="DGPO">CREC-2017-04-07</recordIdentifier>
<recordOrigin>machine generated</recordOrigin>
<languageOfCataloging>
<languageTerm authority="iso639-2b" type="code">eng</languageTerm>
</languageOfCataloging>
</recordInfo>
<accessCondition type="GPO scope determination">fdlp</accessCondition>
<extension>
<docClass>CREC</docClass>
<accessId>CREC-2017-04-07</accessId>
<volume>163</volume>
<issue>61</issue>
<congress>115</congress>
<session>1</session>
<bookCount>1</bookCount>
</extension>
</relatedItem>
</mods>