<mods ID="id-CREC-2017-06-07-pt1-PgH4651" version="3.3" xmlns="http://www.loc.gov/mods/v3" xmlns:exslt="http://exslt.org/common" xmlns:xlink="http://www.w3.org/1999/xlink" xmlns:xsi="http://www.w3.org/2001/XMLSchema-instance" xsi:schemaLocation="http://www.loc.gov/mods/v3 http://www.loc.gov/standards/mods/v3/mods-3-3.xsd">
<name type="corporate">
<namePart>United States Government Publishing Office</namePart>
<role>
<roleTerm authority="marcrelator" type="text">publisher</roleTerm>
<roleTerm authority="marcrelator" type="code">pbl</roleTerm>
</role>
<role>
<roleTerm authority="marcrelator" type="text">distributor</roleTerm>
<roleTerm authority="marcrelator" type="code">dst</roleTerm>
</role>
</name>
<name type="corporate">
<namePart>United States</namePart>
<namePart>Congress</namePart>
<role>
<roleTerm authority="marcrelator" type="text">author</roleTerm>
<roleTerm authority="marcrelator" type="code">aut</roleTerm>
</role>
<description>Government Organization</description>
</name>
<typeOfResource>text</typeOfResource>
<genre authority="marcgt">government publication</genre>
<language>
<languageTerm authority="iso639-2b" type="code">eng</languageTerm>
</language>
<extension>
<collectionCode>CREC</collectionCode>
<category>Proceedings of Congress and General Congressional Publications</category>
<waisDatabaseName>2017_record</waisDatabaseName>
<branch>legislative</branch>
<dateIngested>2017-06-08</dateIngested>
</extension>
<titleInfo>
<title>House of Representatives</title>
<partName>House</partName>
</titleInfo>
<relatedItem type="otherFormat" xlink:href="https://www.gpo.gov/fdsys/pkg/CREC-2017-06-07/html/CREC-2017-06-07-pt1-PgH4651.htm">
<identifier type="FDsys Unique ID">D09002ee196a76f96</identifier>
</relatedItem>
<relatedItem type="otherFormat" xlink:href="https://www.gpo.gov/fdsys/pkg/CREC-2017-06-07/pdf/CREC-2017-06-07-pt1-PgH4651.pdf">
<identifier type="FDsys Unique ID">D09002ee196a7705c</identifier>
</relatedItem>
<identifier type="congressional record citation">163 Cong. Rec. H4651</identifier>
<identifier type="uri">https://www.gpo.gov/fdsys/granule/CREC-2017-06-07/CREC-2017-06-07-pt1-PgH4651</identifier>
<identifier type="former granule identifier">cr07jn17-58</identifier>
<location>
<url access="object in context" displayLabel="Content Detail">https://www.gpo.gov/fdsys/granule/CREC-2017-06-07/CREC-2017-06-07-pt1-PgH4651/content-detail.html</url>
<url access="raw object" displayLabel="PDF rendition">https://www.gpo.gov/fdsys/pkg/CREC-2017-06-07/pdf/CREC-2017-06-07-pt1-PgH4651.pdf</url>
<url access="raw object" displayLabel="HTML rendition">https://www.gpo.gov/fdsys/pkg/CREC-2017-06-07/html/CREC-2017-06-07-pt1-PgH4651.htm</url>
</location>
<physicalDescription>
<extent>1 p.</extent>
</physicalDescription>
<part type="article">
<extent unit="pages">
<start>H4651</start>
<end>H4651</end>
</extent>
</part>
<identifier type="preferred citation">163 Cong. Rec. H4651</identifier>
<extension>
<searchTitle>House of Representatives; Congressional Record Vol. 163, No. 97</searchTitle>
<granuleClass>HOUSE</granuleClass>
<accessId>CREC-2017-06-07-pt1-PgH4651</accessId>
<subGranuleClass>CALLTOORDER</subGranuleClass>
<pagePrefix>H</pagePrefix>
<bookNumber>1</bookNumber>
<chamber>HOUSE</chamber>
<granuleDate>2017-06-07</granuleDate>
<time from="10:00:00" to="10:00:00"/>
</extension>
<relatedItem ID="P0b002ee19520c4bc" type="host">
<titleInfo>
<title>Congressional Record</title>
<partNumber>Vol. 163, no. 97</partNumber>
</titleInfo>
<location>
<url access="object in context" displayLabel="Content Detail">https://www.gpo.gov/fdsys/pkg/CREC-2017-06-07/content-detail.html</url>
<url access="raw object" displayLabel="PDF rendition">https://www.gpo.gov/fdsys/pkg/CREC-2017-06-07/pdf/CREC-2017-06-07.pdf</url>
</location>
<part type="issue">
<extent unit="pages">
<start>H4651</start>
<end>H4703</end>
</extent>
<extent unit="pages">
<start>S3301</start>
<end>S3344</end>
</extent>
<extent unit="pages">
<start>E775</start>
<end>E785</end>
</extent>
<extent unit="pages">
<start>D617</start>
<end>D624</end>
</extent>
</part>
<originInfo>
<publisher>U.S. Government Publishing Office</publisher>
<dateIssued encoding="w3cdtf">2017-06-07</dateIssued>
<issuance>continuing</issuance>
<frequency authority="marcfrequency">daily</frequency>
</originInfo>
<physicalDescription>
<note type="source content type">deposited</note>
<digitalOrigin>born digital</digitalOrigin>
<extent>232 p.</extent>
</physicalDescription>
<classification authority="sudocs">X 1.1/A:</classification>
<classification authority="sudocs">X/A.</classification>
<identifier type="uri">https://www.gpo.gov/fdsys/pkg/CREC-2017-06-07</identifier>
<identifier type="local">P0b002ee19520c4bc</identifier>
<identifier type="stock number">752-002-00000-2</identifier>
<identifier type="ILS system id">000568013</identifier>
<identifier type="former package identifier">cr07jn17</identifier>
<recordInfo>
<recordContentSource authority="marcorg">DGPO</recordContentSource>
<recordCreationDate encoding="w3cdtf">2017-06-08</recordCreationDate>
<recordChangeDate encoding="w3cdtf">2017-08-21</recordChangeDate>
<recordIdentifier source="DGPO">CREC-2017-06-07</recordIdentifier>
<recordOrigin>machine generated</recordOrigin>
<languageOfCataloging>
<languageTerm authority="iso639-2b" type="code">eng</languageTerm>
</languageOfCataloging>
</recordInfo>
<accessCondition type="GPO scope determination">fdlp</accessCondition>
<extension>
<docClass>CREC</docClass>
<accessId>CREC-2017-06-07</accessId>
<volume>163</volume>
<issue>97</issue>
<congress>115</congress>
<session>1</session>
<bookCount>1</bookCount>
</extension>
</relatedItem>
</mods>