<mods ID="id-CREC-2017-06-26-pt1-PgH5146" version="3.3" xmlns="http://www.loc.gov/mods/v3" xmlns:exslt="http://exslt.org/common" xmlns:xlink="http://www.w3.org/1999/xlink" xmlns:xsi="http://www.w3.org/2001/XMLSchema-instance" xsi:schemaLocation="http://www.loc.gov/mods/v3 http://www.loc.gov/standards/mods/v3/mods-3-3.xsd">
<name type="corporate">
<namePart>United States Government Publishing Office</namePart>
<role>
<roleTerm authority="marcrelator" type="text">publisher</roleTerm>
<roleTerm authority="marcrelator" type="code">pbl</roleTerm>
</role>
<role>
<roleTerm authority="marcrelator" type="text">distributor</roleTerm>
<roleTerm authority="marcrelator" type="code">dst</roleTerm>
</role>
</name>
<name type="corporate">
<namePart>United States</namePart>
<namePart>Congress</namePart>
<role>
<roleTerm authority="marcrelator" type="text">author</roleTerm>
<roleTerm authority="marcrelator" type="code">aut</roleTerm>
</role>
<description>Government Organization</description>
</name>
<typeOfResource>text</typeOfResource>
<genre authority="marcgt">government publication</genre>
<language>
<languageTerm authority="iso639-2b" type="code">eng</languageTerm>
</language>
<extension>
<collectionCode>CREC</collectionCode>
<category>Proceedings of Congress and General Congressional Publications</category>
<waisDatabaseName>2017_record</waisDatabaseName>
<branch>legislative</branch>
<dateIngested>2017-09-29</dateIngested>
</extension>
<titleInfo>
<title>ACTIVE DUTY VOLUNTARY ACQUISITION OF NECESSARY CREDENTIALS FOR EMPLOYMENT ACT</title>
<partName>House</partName>
</titleInfo>
<relatedItem type="otherFormat" xlink:href="https://www.gpo.gov/fdsys/pkg/CREC-2017-06-26/html/CREC-2017-06-26-pt1-PgH5146.htm">
<identifier type="FDsys Unique ID">D09002ee1970575da</identifier>
</relatedItem>
<relatedItem type="otherFormat" xlink:href="https://www.gpo.gov/fdsys/pkg/CREC-2017-06-26/pdf/CREC-2017-06-26-pt1-PgH5146.pdf">
<identifier type="FDsys Unique ID">D09002ee197057658</identifier>
</relatedItem>
<identifier type="congressional record citation">163 Cong. Rec. H5146</identifier>
<identifier type="uri">https://www.gpo.gov/fdsys/granule/CREC-2017-06-26/CREC-2017-06-26-pt1-PgH5146</identifier>
<identifier type="former granule identifier">CR26JN17-67</identifier>
<location>
<url access="object in context" displayLabel="Content Detail">https://www.gpo.gov/fdsys/granule/CREC-2017-06-26/CREC-2017-06-26-pt1-PgH5146/content-detail.html</url>
<url access="raw object" displayLabel="PDF rendition">https://www.gpo.gov/fdsys/pkg/CREC-2017-06-26/pdf/CREC-2017-06-26-pt1-PgH5146.pdf</url>
<url access="raw object" displayLabel="HTML rendition">https://www.gpo.gov/fdsys/pkg/CREC-2017-06-26/html/CREC-2017-06-26-pt1-PgH5146.htm</url>
</location>
<physicalDescription>
<extent>2 p.</extent>
</physicalDescription>
<part type="article">
<extent unit="pages">
<start>H5146</start>
<end>H5147</end>
</extent>
</part>
<name type="personal">
<namePart>Sam Graves</namePart>
<affiliation>United States House of Representatives</affiliation>
<role>
<roleTerm type="text">speaking</roleTerm>
</role>
<description>United States Congress Member</description>
</name>
<name type="personal">
<namePart>Eleanor Holmes Norton</namePart>
<affiliation>United States House of Representatives</affiliation>
<role>
<roleTerm type="text">speaking</roleTerm>
</role>
<description>United States Congress Member</description>
</name>
<name type="personal">
<namePart>Pete Aguilar</namePart>
<affiliation>United States House of Representatives</affiliation>
<role>
<roleTerm type="text">speaking</roleTerm>
</role>
<description>United States Congress Member</description>
</name>
<identifier type="preferred citation">163 Cong. Rec. H5146</identifier>
<extension>
<searchTitle>ACTIVE DUTY VOLUNTARY ACQUISITION OF NECESSARY CREDENTIALS FOR EMPLOYMENT ACT; Congressional Record Vol. 163, No. 109</searchTitle>
<associatedBills>H.R. 2258, 115th Congress
        </associatedBills>
<granuleClass>HOUSE</granuleClass>
<accessId>CREC-2017-06-26-pt1-PgH5146</accessId>
<subGranuleClass>ALLOTHER</subGranuleClass>
<pagePrefix>H</pagePrefix>
<bookNumber>1</bookNumber>
<chamber>HOUSE</chamber>
<granuleDate>2017-06-26</granuleDate>
<time from="17:15:00" to="17:30:00"/>
<bill congress="115" context="HEADERLINE" number="2258" type="HR"/>
<bill congress="115" context="FIRSTPARAGRAPH" number="2258" type="HR"/>
<bill congress="115" context="OTHER" number="2258" type="HR"/>
<congMember authorityId="1656" bioGuideId="G000546" chamber="H" congress="115" gpoId="8014" party="R" role="SPEAKING" state="MO">
<name type="parsed">Mr. GRAVES of Missouri</name>
<name type="authority-fnf">Sam Graves</name>
<name type="authority-lnf">Graves, Sam</name>
</congMember>
<congMember authorityId="868" bioGuideId="N000147" chamber="H" congress="115" gpoId="7871" party="D" role="SPEAKING" state="DC">
<name type="parsed">Ms. NORTON</name>
<name type="authority-fnf">Eleanor Holmes Norton</name>
<name type="authority-lnf">Norton, Eleanor Holmes</name>
<name type="authority-other">Eleanor Norton</name>
</congMember>
<congMember authorityId="2229" bioGuideId="A000371" chamber="H" congress="115" party="D" role="SPEAKING" state="CA">
<name type="parsed">Mr. AGUILAR</name>
<name type="authority-fnf">Pete Aguilar</name>
<name type="authority-lnf">Aguilar, Pete</name>
</congMember>
<USCode title="49">
<section detail="(d)" number="31305"/>
</USCode>
</extension>
<relatedItem type="isReferencedBy">
<titleInfo>
<title>United States House Bill 2258  (115th Congress)</title>
</titleInfo>
<identifier type="Congressional Bill citation">H.R. 2258</identifier>
<extension>
<congress>115</congress>
<context>HEADERLINE</context>
</extension>
</relatedItem>
<relatedItem type="isReferencedBy">
<titleInfo>
<title>United States House Bill 2258  (115th Congress)</title>
</titleInfo>
<identifier type="Congressional Bill citation">H.R. 2258</identifier>
<extension>
<congress>115</congress>
<context>FIRSTPARAGRAPH</context>
</extension>
</relatedItem>
<relatedItem type="isReferencedBy">
<titleInfo>
<title>United States House Bill 2258  (115th Congress)</title>
</titleInfo>
<identifier type="Congressional Bill citation">H.R. 2258</identifier>
<extension>
<congress>115</congress>
<context>OTHER</context>
</extension>
</relatedItem>
<relatedItem type="isReferencedBy">
<titleInfo>
<title>United States Code</title>
<partNumber>Title 49 Section 31305(d)</partNumber>
</titleInfo>
<identifier type="USC citation">49 U.S.C. 31305(d)</identifier>
</relatedItem>
<relatedItem ID="P0b002ee197057399" type="host">
<titleInfo>
<title>Congressional Record</title>
<partNumber>Vol. 163, no. 109</partNumber>
</titleInfo>
<location>
<url access="object in context" displayLabel="Content Detail">https://www.gpo.gov/fdsys/pkg/CREC-2017-06-26/content-detail.html</url>
<url access="raw object" displayLabel="PDF rendition">https://www.gpo.gov/fdsys/pkg/CREC-2017-06-26/pdf/CREC-2017-06-26.pdf</url>
</location>
<part type="issue">
<extent unit="pages">
<start>H5141</start>
<end>H5181</end>
</extent>
<extent unit="pages">
<start>S3743</start>
<end>S3780</end>
</extent>
<extent unit="pages">
<start>E897</start>
<end>E905</end>
</extent>
<extent unit="pages">
<start>D699</start>
<end>D706</end>
</extent>
</part>
<originInfo>
<publisher>U.S. Government Publishing Office</publisher>
<dateIssued encoding="w3cdtf">2017-06-26</dateIssued>
<issuance>continuing</issuance>
<frequency authority="marcfrequency">daily</frequency>
</originInfo>
<physicalDescription>
<note type="source content type">deposited</note>
<digitalOrigin>born digital</digitalOrigin>
<extent>192 p.</extent>
</physicalDescription>
<classification authority="sudocs">X 1.1/A:</classification>
<classification authority="sudocs">X/A.</classification>
<identifier type="uri">https://www.gpo.gov/fdsys/pkg/CREC-2017-06-26</identifier>
<identifier type="local">P0b002ee197057399</identifier>
<identifier type="stock number">752-002-00000-2</identifier>
<identifier type="ILS system id">000568013</identifier>
<identifier type="former package identifier">CR26JN17</identifier>
<recordInfo>
<recordContentSource authority="marcorg">DGPO</recordContentSource>
<recordCreationDate encoding="w3cdtf">2017-09-29</recordCreationDate>
<recordChangeDate encoding="w3cdtf">2017-09-29</recordChangeDate>
<recordIdentifier source="DGPO">CREC-2017-06-26</recordIdentifier>
<recordOrigin>machine generated</recordOrigin>
<languageOfCataloging>
<languageTerm authority="iso639-2b" type="code">eng</languageTerm>
</languageOfCataloging>
</recordInfo>
<accessCondition type="GPO scope determination">fdlp</accessCondition>
<extension>
<docClass>CREC</docClass>
<accessId>CREC-2017-06-26</accessId>
<volume>163</volume>
<issue>109</issue>
<congress>115</congress>
<session>1</session>
<bookCount>1</bookCount>
</extension>
</relatedItem>
</mods>