<mods ID="id-CREC-2017-05-22-pt1-PgH4396-7" version="3.3" xmlns="http://www.loc.gov/mods/v3" xmlns:exslt="http://exslt.org/common" xmlns:xlink="http://www.w3.org/1999/xlink" xmlns:xsi="http://www.w3.org/2001/XMLSchema-instance" xsi:schemaLocation="http://www.loc.gov/mods/v3 http://www.loc.gov/standards/mods/v3/mods-3-3.xsd">
<name type="corporate">
<namePart>United States Government Publishing Office</namePart>
<role>
<roleTerm authority="marcrelator" type="text">publisher</roleTerm>
<roleTerm authority="marcrelator" type="code">pbl</roleTerm>
</role>
<role>
<roleTerm authority="marcrelator" type="text">distributor</roleTerm>
<roleTerm authority="marcrelator" type="code">dst</roleTerm>
</role>
</name>
<name type="corporate">
<namePart>United States</namePart>
<namePart>Congress</namePart>
<role>
<roleTerm authority="marcrelator" type="text">author</roleTerm>
<roleTerm authority="marcrelator" type="code">aut</roleTerm>
</role>
<description>Government Organization</description>
</name>
<typeOfResource>text</typeOfResource>
<genre authority="marcgt">government publication</genre>
<language>
<languageTerm authority="iso639-2b" type="code">eng</languageTerm>
</language>
<extension>
<collectionCode>CREC</collectionCode>
<category>Proceedings of Congress and General Congressional Publications</category>
<waisDatabaseName>2017_record</waisDatabaseName>
<branch>legislative</branch>
<dateIngested>2017-09-19</dateIngested>
</extension>
<titleInfo>
<title>ADAM WALSH REAUTHORIZATION ACT OF 2017</title>
<partName>House</partName>
</titleInfo>
<relatedItem type="otherFormat" xlink:href="https://www.gpo.gov/fdsys/pkg/CREC-2017-05-22/html/CREC-2017-05-22-pt1-PgH4396-7.htm">
<identifier type="FDsys Unique ID">D09002ee196f3fe35</identifier>
</relatedItem>
<relatedItem type="otherFormat" xlink:href="https://www.gpo.gov/fdsys/pkg/CREC-2017-05-22/pdf/CREC-2017-05-22-pt1-PgH4396-7.pdf">
<identifier type="FDsys Unique ID">D09002ee196f3fee9</identifier>
</relatedItem>
<identifier type="congressional record citation">163 Cong. Rec. H4396</identifier>
<identifier type="uri">https://www.gpo.gov/fdsys/granule/CREC-2017-05-22/CREC-2017-05-22-pt1-PgH4396-7</identifier>
<identifier type="former granule identifier">CR22MY17-67</identifier>
<location>
<url access="object in context" displayLabel="Content Detail">https://www.gpo.gov/fdsys/granule/CREC-2017-05-22/CREC-2017-05-22-pt1-PgH4396-7/content-detail.html</url>
<url access="raw object" displayLabel="PDF rendition">https://www.gpo.gov/fdsys/pkg/CREC-2017-05-22/pdf/CREC-2017-05-22-pt1-PgH4396-7.pdf</url>
<url access="raw object" displayLabel="HTML rendition">https://www.gpo.gov/fdsys/pkg/CREC-2017-05-22/html/CREC-2017-05-22-pt1-PgH4396-7.htm</url>
</location>
<physicalDescription>
<extent>4 p.</extent>
</physicalDescription>
<part type="article">
<extent unit="pages">
<start>H4396</start>
<end>H4399</end>
</extent>
</part>
<name type="personal">
<namePart>Bob Goodlatte</namePart>
<affiliation>United States House of Representatives</affiliation>
<role>
<roleTerm type="text">speaking</roleTerm>
</role>
<description>United States Congress Member</description>
</name>
<name type="personal">
<namePart>Sheila Jackson Lee</namePart>
<affiliation>United States House of Representatives</affiliation>
<role>
<roleTerm type="text">speaking</roleTerm>
</role>
<description>United States Congress Member</description>
</name>
<name type="personal">
<namePart>F. James Sensenbrenner, Jr.</namePart>
<affiliation>United States House of Representatives</affiliation>
<role>
<roleTerm type="text">speaking</roleTerm>
</role>
<description>United States Congress Member</description>
</name>
<name type="corporate">
<namePart>United States</namePart>
<namePart>Congress</namePart>
<namePart>House of Representatives</namePart>
<namePart>Committee on the Judiciary</namePart>
<role>
<roleTerm authority="marcrelator" type="text">associated name</roleTerm>
<roleTerm authority="marcrelator" type="code">asn</roleTerm>
</role>
<description>Government Organization</description>
</name>
<identifier type="preferred citation">163 Cong. Rec. H4396</identifier>
<extension>
<searchTitle>ADAM WALSH REAUTHORIZATION ACT OF 2017; Congressional Record Vol. 163, No. 88</searchTitle>
<associatedBills>H.R. 1188, 115th Congress
        </associatedBills>
<granuleClass>HOUSE</granuleClass>
<accessId>CREC-2017-05-22-pt1-PgH4396-7</accessId>
<subGranuleClass>ALLOTHER</subGranuleClass>
<pagePrefix>H</pagePrefix>
<bookNumber>1</bookNumber>
<chamber>HOUSE</chamber>
<granuleDate>2017-05-22</granuleDate>
<time from="16:03:00" to="16:15:00"/>
<bill congress="115" context="HEADERLINE" number="1188" type="HR"/>
<bill congress="115" context="FIRSTPARAGRAPH" number="1188" type="HR"/>
<bill congress="115" context="OTHER" number="1188" type="HR"/>
<congCommittee authorityId="hsju00" chamber="H" congress="115" type="S">
<name type="authority-standard">Committee on the Judiciary</name>
<name type="authority-short">Judiciary</name>
</congCommittee>
<congMember authorityId="446" bioGuideId="G000289" chamber="H" congress="115" gpoId="8197" party="R" role="SPEAKING" state="VA">
<name type="parsed">Mr. GOODLATTE</name>
<name type="authority-fnf">Bob Goodlatte</name>
<name type="authority-lnf">Goodlatte, Bob</name>
<name type="authority-other">Robert Goodlatte</name>
</congMember>
<congMember authorityId="588" bioGuideId="J000032" chamber="H" congress="115" gpoId="8174" party="D" role="SPEAKING" state="TX">
<name type="parsed">Ms. JACKSON LEE</name>
<name type="authority-fnf">Sheila Jackson Lee</name>
<name type="authority-lnf">Jackson Lee, Sheila</name>
</congMember>
<congMember authorityId="1041" bioGuideId="S000244" chamber="H" congress="115" gpoId="8218" party="R" role="SPEAKING" state="WI">
<name type="parsed">Mr. SENSENBRENNER</name>
<name type="authority-fnf">F. James Sensenbrenner, Jr.</name>
<name type="authority-lnf">Sensenbrenner, F. James, Jr.</name>
<name type="authority-other">F. James Sensenbrenner Jr.</name>
</congMember>
<USCode title="18">
<section number="2241"/>
<section detail="(b)" number="2255"/>
<section number="3154"/>
<section number="3603"/>
</USCode>
<USCode title="28">
<section number="527"/>
<section detail="(d)" number="534"/>
</USCode>
<USCode title="42">
<section detail="(8)" number="16911"/>
<section detail="(b)(2)" number="16915"/>
<section number="16916"/>
<section detail="(c)" number="16918"/>
<section detail="(a)" number="16925"/>
<section detail="(d)" number="16926"/>
<section detail="(b)" number="16941"/>
<section number="16991"/>
<section detail="et seq." number="3750"/>
<section detail="(c)" number="3755"/>
</USCode>
</extension>
<relatedItem type="isReferencedBy">
<titleInfo>
<title>United States House Bill 1188  (115th Congress)</title>
</titleInfo>
<identifier type="Congressional Bill citation">H.R. 1188</identifier>
<extension>
<congress>115</congress>
<context>HEADERLINE</context>
</extension>
</relatedItem>
<relatedItem type="isReferencedBy">
<titleInfo>
<title>United States House Bill 1188  (115th Congress)</title>
</titleInfo>
<identifier type="Congressional Bill citation">H.R. 1188</identifier>
<extension>
<congress>115</congress>
<context>FIRSTPARAGRAPH</context>
</extension>
</relatedItem>
<relatedItem type="isReferencedBy">
<titleInfo>
<title>United States House Bill 1188  (115th Congress)</title>
</titleInfo>
<identifier type="Congressional Bill citation">H.R. 1188</identifier>
<extension>
<congress>115</congress>
<context>OTHER</context>
</extension>
</relatedItem>
<relatedItem type="isReferencedBy">
<titleInfo>
<title>United States Code</title>
<partNumber>Title 18 Section 2241</partNumber>
<partNumber>Title 18 Section 2255(b)</partNumber>
<partNumber>Title 18 Section 3154</partNumber>
<partNumber>Title 18 Section 3603</partNumber>
</titleInfo>
<identifier type="USC citation">18 U.S.C. 2241</identifier>
<identifier type="USC citation">18 U.S.C. 2255(b)</identifier>
<identifier type="USC citation">18 U.S.C. 3154</identifier>
<identifier type="USC citation">18 U.S.C. 3603</identifier>
</relatedItem>
<relatedItem type="isReferencedBy">
<titleInfo>
<title>United States Code</title>
<partNumber>Title 28 Section 527</partNumber>
<partNumber>Title 28 Section 534(d)</partNumber>
</titleInfo>
<identifier type="USC citation">28 U.S.C. 527</identifier>
<identifier type="USC citation">28 U.S.C. 534(d)</identifier>
</relatedItem>
<relatedItem type="isReferencedBy">
<titleInfo>
<title>United States Code</title>
<partNumber>Title 42 Section 16911(8)</partNumber>
<partNumber>Title 42 Section 16915(b)(2)</partNumber>
<partNumber>Title 42 Section 16916</partNumber>
<partNumber>Title 42 Section 16918(c)</partNumber>
<partNumber>Title 42 Section 16925(a)</partNumber>
<partNumber>Title 42 Section 16926(d)</partNumber>
<partNumber>Title 42 Section 16941(b)</partNumber>
<partNumber>Title 42 Section 16991</partNumber>
<partNumber>Title 42 Section 3750et seq.</partNumber>
<partNumber>Title 42 Section 3755(c)</partNumber>
</titleInfo>
<identifier type="USC citation">42 U.S.C. 16911(8)</identifier>
<identifier type="USC citation">42 U.S.C. 16915(b)(2)</identifier>
<identifier type="USC citation">42 U.S.C. 16916</identifier>
<identifier type="USC citation">42 U.S.C. 16918(c)</identifier>
<identifier type="USC citation">42 U.S.C. 16925(a)</identifier>
<identifier type="USC citation">42 U.S.C. 16926(d)</identifier>
<identifier type="USC citation">42 U.S.C. 16941(b)</identifier>
<identifier type="USC citation">42 U.S.C. 16991</identifier>
<identifier type="USC citation">42 U.S.C. 3750et seq.</identifier>
<identifier type="USC citation">42 U.S.C. 3755(c)</identifier>
</relatedItem>
<relatedItem ID="P0b002ee196f3f51a" type="host">
<titleInfo>
<title>Congressional Record</title>
<partNumber>Vol. 163, no. 88</partNumber>
</titleInfo>
<location>
<url access="object in context" displayLabel="Content Detail">https://www.gpo.gov/fdsys/pkg/CREC-2017-05-22/content-detail.html</url>
<url access="raw object" displayLabel="PDF rendition">https://www.gpo.gov/fdsys/pkg/CREC-2017-05-22/pdf/CREC-2017-05-22.pdf</url>
</location>
<part type="issue">
<extent unit="pages">
<start>H4393</start>
<end>H4425</end>
</extent>
<extent unit="pages">
<start>S3051</start>
<end>S3074</end>
</extent>
<extent unit="pages">
<start>E687</start>
<end>E695</end>
</extent>
<extent unit="pages">
<start>D557</start>
<end>D564</end>
</extent>
</part>
<originInfo>
<publisher>U.S. Government Publishing Office</publisher>
<dateIssued encoding="w3cdtf">2017-05-22</dateIssued>
<issuance>continuing</issuance>
<frequency authority="marcfrequency">daily</frequency>
</originInfo>
<physicalDescription>
<note type="source content type">deposited</note>
<digitalOrigin>born digital</digitalOrigin>
<extent>148 p.</extent>
</physicalDescription>
<classification authority="sudocs">X 1.1/A:</classification>
<classification authority="sudocs">X/A.</classification>
<identifier type="uri">https://www.gpo.gov/fdsys/pkg/CREC-2017-05-22</identifier>
<identifier type="local">P0b002ee196f3f51a</identifier>
<identifier type="stock number">752-002-00000-2</identifier>
<identifier type="ILS system id">000568013</identifier>
<identifier type="former package identifier">CR22MY17</identifier>
<recordInfo>
<recordContentSource authority="marcorg">DGPO</recordContentSource>
<recordCreationDate encoding="w3cdtf">2017-09-19</recordCreationDate>
<recordChangeDate encoding="w3cdtf">2017-09-19</recordChangeDate>
<recordIdentifier source="DGPO">CREC-2017-05-22</recordIdentifier>
<recordOrigin>machine generated</recordOrigin>
<languageOfCataloging>
<languageTerm authority="iso639-2b" type="code">eng</languageTerm>
</languageOfCataloging>
</recordInfo>
<accessCondition type="GPO scope determination">fdlp</accessCondition>
<extension>
<docClass>CREC</docClass>
<accessId>CREC-2017-05-22</accessId>
<volume>163</volume>
<issue>88</issue>
<congress>115</congress>
<session>1</session>
<bookCount>1</bookCount>
</extension>
</relatedItem>
</mods>