<mods ID="id-CREC-2017-07-27-pt1-PgS4426-2" version="3.3" xmlns="http://www.loc.gov/mods/v3" xmlns:exslt="http://exslt.org/common" xmlns:xlink="http://www.w3.org/1999/xlink" xmlns:xsi="http://www.w3.org/2001/XMLSchema-instance" xsi:schemaLocation="http://www.loc.gov/mods/v3 http://www.loc.gov/standards/mods/v3/mods-3-3.xsd">
<name type="corporate">
<namePart>United States Government Publishing Office</namePart>
<role>
<roleTerm authority="marcrelator" type="text">publisher</roleTerm>
<roleTerm authority="marcrelator" type="code">pbl</roleTerm>
</role>
<role>
<roleTerm authority="marcrelator" type="text">distributor</roleTerm>
<roleTerm authority="marcrelator" type="code">dst</roleTerm>
</role>
</name>
<name type="corporate">
<namePart>United States</namePart>
<namePart>Congress</namePart>
<role>
<roleTerm authority="marcrelator" type="text">author</roleTerm>
<roleTerm authority="marcrelator" type="code">aut</roleTerm>
</role>
<description>Government Organization</description>
</name>
<typeOfResource>text</typeOfResource>
<genre authority="marcgt">government publication</genre>
<language>
<languageTerm authority="iso639-2b" type="code">eng</languageTerm>
</language>
<extension>
<collectionCode>CREC</collectionCode>
<category>Proceedings of Congress and General Congressional Publications</category>
<waisDatabaseName>2017_record</waisDatabaseName>
<branch>legislative</branch>
<dateIngested>2017-11-04</dateIngested>
</extension>
<titleInfo>
<title>STATEMENTS ON INTRODUCED BILLS AND JOINT RESOLUTIONS</title>
<partName>Senate</partName>
</titleInfo>
<relatedItem type="otherFormat" xlink:href="https://www.gpo.gov/fdsys/pkg/CREC-2017-07-27/html/CREC-2017-07-27-pt1-PgS4426-2.htm">
<identifier type="FDsys Unique ID">D09002ee197639507</identifier>
</relatedItem>
<relatedItem type="otherFormat" xlink:href="https://www.gpo.gov/fdsys/pkg/CREC-2017-07-27/pdf/CREC-2017-07-27-pt1-PgS4426-2.pdf">
<identifier type="FDsys Unique ID">D09002ee1976395be</identifier>
</relatedItem>
<identifier type="congressional record citation">163 Cong. Rec. S4426</identifier>
<identifier type="uri">https://www.gpo.gov/fdsys/granule/CREC-2017-07-27/CREC-2017-07-27-pt1-PgS4426-2</identifier>
<identifier type="former granule identifier">CR27JY17-247</identifier>
<location>
<url access="object in context" displayLabel="Content Detail">https://www.gpo.gov/fdsys/granule/CREC-2017-07-27/CREC-2017-07-27-pt1-PgS4426-2/content-detail.html</url>
<url access="raw object" displayLabel="PDF rendition">https://www.gpo.gov/fdsys/pkg/CREC-2017-07-27/pdf/CREC-2017-07-27-pt1-PgS4426-2.pdf</url>
<url access="raw object" displayLabel="HTML rendition">https://www.gpo.gov/fdsys/pkg/CREC-2017-07-27/html/CREC-2017-07-27-pt1-PgS4426-2.htm</url>
</location>
<physicalDescription>
<extent>6 p.</extent>
</physicalDescription>
<part type="article">
<extent unit="pages">
<start>S4426</start>
<end>S4431</end>
</extent>
</part>
<name type="personal">
<namePart>Jack Reed</namePart>
<affiliation>United States Senate</affiliation>
<role>
<roleTerm type="text">speaking</roleTerm>
</role>
<description>United States Congress Member</description>
</name>
<name type="personal">
<namePart>Mike Lee</namePart>
<affiliation>United States Senate</affiliation>
<role>
<roleTerm type="text">speaking</roleTerm>
</role>
<description>United States Congress Member</description>
</name>
<name type="personal">
<namePart>Richard Durbin</namePart>
<affiliation>United States Senate</affiliation>
<role>
<roleTerm type="text">speaking</roleTerm>
</role>
<description>United States Congress Member</description>
</name>
<name type="personal">
<namePart>John Cornyn</namePart>
<affiliation>United States Senate</affiliation>
<role>
<roleTerm type="text">speaking</roleTerm>
</role>
<description>United States Congress Member</description>
</name>
<name type="personal">
<namePart>Dianne Feinstein</namePart>
<affiliation>United States Senate</affiliation>
<role>
<roleTerm type="text">speaking</roleTerm>
</role>
<description>United States Congress Member</description>
</name>
<name type="personal">
<namePart>Charles E. Schumer</namePart>
<affiliation>United States Senate</affiliation>
<role>
<roleTerm type="text">speaking</roleTerm>
</role>
<description>United States Congress Member</description>
</name>
<name type="corporate">
<namePart>United States</namePart>
<namePart>Congress</namePart>
<namePart>Senate</namePart>
<namePart>Committee on Finance</namePart>
<role>
<roleTerm authority="marcrelator" type="text">associated name</roleTerm>
<roleTerm authority="marcrelator" type="code">asn</roleTerm>
</role>
<description>Government Organization</description>
</name>
<name type="corporate">
<namePart>United States</namePart>
<namePart>Congress</namePart>
<namePart>Senate</namePart>
<namePart>Committee on Judiciary</namePart>
<role>
<roleTerm authority="marcrelator" type="text">associated name</roleTerm>
<roleTerm authority="marcrelator" type="code">asn</roleTerm>
</role>
<description>Government Organization</description>
</name>
<name type="corporate">
<namePart>United States</namePart>
<namePart>Congress</namePart>
<namePart>Senate</namePart>
<namePart>Committee on Health, Education, Labor, and Pensions</namePart>
<role>
<roleTerm authority="marcrelator" type="text">associated name</roleTerm>
<roleTerm authority="marcrelator" type="code">asn</roleTerm>
</role>
<description>Government Organization</description>
</name>
<name type="corporate">
<namePart>United States</namePart>
<namePart>Congress</namePart>
<namePart>Senate</namePart>
<namePart>Committee on Banking, Housing, and Urban Affairs</namePart>
<role>
<roleTerm authority="marcrelator" type="text">associated name</roleTerm>
<roleTerm authority="marcrelator" type="code">asn</roleTerm>
</role>
<description>Government Organization</description>
</name>
<name type="corporate">
<namePart>United States</namePart>
<namePart>Congress</namePart>
<namePart>Senate</namePart>
<namePart>Committee on Commerce, Science, and Transportation</namePart>
<role>
<roleTerm authority="marcrelator" type="text">associated name</roleTerm>
<roleTerm authority="marcrelator" type="code">asn</roleTerm>
</role>
<description>Government Organization</description>
</name>
<identifier type="preferred citation">163 Cong. Rec. S4426</identifier>
<extension>
<searchTitle>STATEMENTS ON INTRODUCED BILLS AND JOINT RESOLUTIONS; Congressional Record Vol. 163, No. 127</searchTitle>
<associatedBills>S. 1658, 115th Congress
        </associatedBills>
<associatedBills>S. 1659, 115th Congress
        </associatedBills>
<associatedBills>S. 1664, 115th Congress
        </associatedBills>
<associatedBills>S. 1668, 115th Congress
        </associatedBills>
<granuleClass>SENATE</granuleClass>
<accessId>CREC-2017-07-27-pt1-PgS4426-2</accessId>
<subGranuleClass>SSTATEMENTS</subGranuleClass>
<pagePrefix>S</pagePrefix>
<bookNumber>1</bookNumber>
<chamber>SENATE</chamber>
<granuleDate>2017-07-27</granuleDate>
<bill congress="115" context="FIRSTPARAGRAPH" number="1651" type="S"/>
<bill congress="115" context="OTHER" number="1651" type="S"/>
<bill congress="115" context="OTHER" number="1654" type="S"/>
<bill congress="115" context="HEADERLINE" number="1658" type="S"/>
<bill congress="115" context="OTHER" number="1658" type="S"/>
<bill congress="115" context="HEADERLINE" number="1659" type="S"/>
<bill congress="115" context="OTHER" number="1659" type="S"/>
<bill congress="115" context="HEADERLINE" number="1664" type="S"/>
<bill congress="115" context="OTHER" number="1664" type="S"/>
<bill congress="115" context="OTHER" number="1667" type="S"/>
<bill congress="115" context="HEADERLINE" number="1668" type="S"/>
<bill congress="115" context="OTHER" number="1668" type="S"/>
<congCommittee authorityId="ssfi00" chamber="S" congress="115" type="S">
<name type="authority-standard">Committee on Finance</name>
<name type="authority-short">Finance</name>
</congCommittee>
<congCommittee authorityId="ssju00" chamber="S" congress="115" type="S">
<name type="authority-standard">Committee on Judiciary</name>
<name type="authority-short">Judiciary</name>
</congCommittee>
<congCommittee authorityId="sshr00" chamber="S" congress="115" type="S">
<name type="authority-standard">Committee on Health, Education, Labor, and Pensions</name>
<name type="authority-short">HELP</name>
</congCommittee>
<congCommittee authorityId="ssbk00" chamber="S" congress="115" type="S">
<name type="authority-standard">Committee on Banking, Housing, and Urban Affairs</name>
<name type="authority-short">Banking</name>
</congCommittee>
<congCommittee authorityId="sscm00" chamber="S" congress="115" type="S">
<name type="authority-standard">Committee on Commerce, Science, and Transportation</name>
<name type="authority-short">Commerce</name>
</congCommittee>
<congMember authorityId="949" bioGuideId="R000122" chamber="S" congress="115" gpoId="8272" party="D" role="SPEAKING" state="RI">
<name type="parsed">Mr. REED</name>
<name type="authority-fnf">Jack Reed</name>
<name type="authority-lnf">Reed, Jack</name>
<name type="authority-other">John Reed</name>
</congMember>
<congMember authorityId="2080" bioGuideId="L000577" chamber="S" congress="115" gpoId="8303" party="R" role="SPEAKING" state="UT">
<name type="parsed">Mr. LEE</name>
<name type="authority-fnf">Mike Lee</name>
<name type="authority-lnf">Lee, Mike</name>
</congMember>
<congMember authorityId="326" bioGuideId="D000563" chamber="S" congress="115" gpoId="8326" party="D" role="SPEAKING" state="IL">
<name type="parsed">Mr. DURBIN</name>
<name type="authority-fnf">Richard Durbin</name>
<name type="authority-lnf">Durbin, Richard</name>
<name type="authority-other">Richard J. Durbin</name>
</congMember>
<congMember authorityId="1692" bioGuideId="C001056" chamber="S" congress="115" gpoId="8295" party="R" role="SPEAKING" state="TX">
<name type="parsed">Mr. CORNYN</name>
<name type="authority-fnf">John Cornyn</name>
<name type="authority-lnf">Cornyn, John</name>
</congMember>
<congMember authorityId="1332" bioGuideId="F000062" chamber="S" congress="115" gpoId="8338" party="D" role="SPEAKING" state="CA">
<name type="parsed">Mrs. FEINSTEIN</name>
<name type="authority-fnf">Dianne Feinstein</name>
<name type="authority-lnf">Feinstein, Dianne</name>
</congMember>
<congMember authorityId="1036" bioGuideId="S000148" chamber="S" congress="115" gpoId="8279" party="D" role="SPEAKING" state="NY">
<name type="parsed">Mr. SCHUMER</name>
<name type="authority-fnf">Charles E. Schumer</name>
<name type="authority-lnf">Schumer, Charles E.</name>
<name type="authority-other">Charles Schumer</name>
</congMember>
<USCode title="15">
<section number="1631"/>
<section detail="(b)(6)" number="1637"/>
<section detail="(e)" number="1691a"/>
</USCode>
<USCode title="20">
<section number="1001"/>
<section number="1232g"/>
<section detail="et seq." number="2351"/>
<section number="6631"/>
<section number="7801"/>
</USCode>
<USCode title="42">
<section number="11434a"/>
<section detail="(2)" number="5122"/>
</USCode>
<USCode title="49">
<section number="5307"/>
</USCode>
</extension>
<relatedItem type="isReferencedBy">
<titleInfo>
<title>United States Senate Bill 1651  (115th Congress)</title>
</titleInfo>
<identifier type="Congressional Bill citation">S. 1651</identifier>
<extension>
<congress>115</congress>
<context>FIRSTPARAGRAPH</context>
</extension>
</relatedItem>
<relatedItem type="isReferencedBy">
<titleInfo>
<title>United States Senate Bill 1651  (115th Congress)</title>
</titleInfo>
<identifier type="Congressional Bill citation">S. 1651</identifier>
<extension>
<congress>115</congress>
<context>OTHER</context>
</extension>
</relatedItem>
<relatedItem type="isReferencedBy">
<titleInfo>
<title>United States Senate Bill 1654  (115th Congress)</title>
</titleInfo>
<identifier type="Congressional Bill citation">S. 1654</identifier>
<extension>
<congress>115</congress>
<context>OTHER</context>
</extension>
</relatedItem>
<relatedItem type="isReferencedBy">
<titleInfo>
<title>United States Senate Bill 1658  (115th Congress)</title>
</titleInfo>
<identifier type="Congressional Bill citation">S. 1658</identifier>
<extension>
<congress>115</congress>
<context>HEADERLINE</context>
</extension>
</relatedItem>
<relatedItem type="isReferencedBy">
<titleInfo>
<title>United States Senate Bill 1658  (115th Congress)</title>
</titleInfo>
<identifier type="Congressional Bill citation">S. 1658</identifier>
<extension>
<congress>115</congress>
<context>OTHER</context>
</extension>
</relatedItem>
<relatedItem type="isReferencedBy">
<titleInfo>
<title>United States Senate Bill 1659  (115th Congress)</title>
</titleInfo>
<identifier type="Congressional Bill citation">S. 1659</identifier>
<extension>
<congress>115</congress>
<context>HEADERLINE</context>
</extension>
</relatedItem>
<relatedItem type="isReferencedBy">
<titleInfo>
<title>United States Senate Bill 1659  (115th Congress)</title>
</titleInfo>
<identifier type="Congressional Bill citation">S. 1659</identifier>
<extension>
<congress>115</congress>
<context>OTHER</context>
</extension>
</relatedItem>
<relatedItem type="isReferencedBy">
<titleInfo>
<title>United States Senate Bill 1664  (115th Congress)</title>
</titleInfo>
<identifier type="Congressional Bill citation">S. 1664</identifier>
<extension>
<congress>115</congress>
<context>HEADERLINE</context>
</extension>
</relatedItem>
<relatedItem type="isReferencedBy">
<titleInfo>
<title>United States Senate Bill 1664  (115th Congress)</title>
</titleInfo>
<identifier type="Congressional Bill citation">S. 1664</identifier>
<extension>
<congress>115</congress>
<context>OTHER</context>
</extension>
</relatedItem>
<relatedItem type="isReferencedBy">
<titleInfo>
<title>United States Senate Bill 1667  (115th Congress)</title>
</titleInfo>
<identifier type="Congressional Bill citation">S. 1667</identifier>
<extension>
<congress>115</congress>
<context>OTHER</context>
</extension>
</relatedItem>
<relatedItem type="isReferencedBy">
<titleInfo>
<title>United States Senate Bill 1668  (115th Congress)</title>
</titleInfo>
<identifier type="Congressional Bill citation">S. 1668</identifier>
<extension>
<congress>115</congress>
<context>HEADERLINE</context>
</extension>
</relatedItem>
<relatedItem type="isReferencedBy">
<titleInfo>
<title>United States Senate Bill 1668  (115th Congress)</title>
</titleInfo>
<identifier type="Congressional Bill citation">S. 1668</identifier>
<extension>
<congress>115</congress>
<context>OTHER</context>
</extension>
</relatedItem>
<relatedItem type="isReferencedBy">
<titleInfo>
<title>United States Code</title>
<partNumber>Title 15 Section 1631</partNumber>
<partNumber>Title 15 Section 1637(b)(6)</partNumber>
<partNumber>Title 15 Section 1691a(e)</partNumber>
</titleInfo>
<identifier type="USC citation">15 U.S.C. 1631</identifier>
<identifier type="USC citation">15 U.S.C. 1637(b)(6)</identifier>
<identifier type="USC citation">15 U.S.C. 1691a(e)</identifier>
</relatedItem>
<relatedItem type="isReferencedBy">
<titleInfo>
<title>United States Code</title>
<partNumber>Title 20 Section 1001</partNumber>
<partNumber>Title 20 Section 1232g</partNumber>
<partNumber>Title 20 Section 2351et seq.</partNumber>
<partNumber>Title 20 Section 6631</partNumber>
<partNumber>Title 20 Section 7801</partNumber>
</titleInfo>
<identifier type="USC citation">20 U.S.C. 1001</identifier>
<identifier type="USC citation">20 U.S.C. 1232g</identifier>
<identifier type="USC citation">20 U.S.C. 2351et seq.</identifier>
<identifier type="USC citation">20 U.S.C. 6631</identifier>
<identifier type="USC citation">20 U.S.C. 7801</identifier>
</relatedItem>
<relatedItem type="isReferencedBy">
<titleInfo>
<title>United States Code</title>
<partNumber>Title 42 Section 11434a</partNumber>
<partNumber>Title 42 Section 5122(2)</partNumber>
</titleInfo>
<identifier type="USC citation">42 U.S.C. 11434a</identifier>
<identifier type="USC citation">42 U.S.C. 5122(2)</identifier>
</relatedItem>
<relatedItem type="isReferencedBy">
<titleInfo>
<title>United States Code</title>
<partNumber>Title 49 Section 5307</partNumber>
</titleInfo>
<identifier type="USC citation">49 U.S.C. 5307</identifier>
</relatedItem>
<relatedItem ID="P0b002ee197638a70" type="host">
<titleInfo>
<title>Congressional Record</title>
<partNumber>Vol. 163, no. 127</partNumber>
</titleInfo>
<location>
<url access="object in context" displayLabel="Content Detail">https://www.gpo.gov/fdsys/pkg/CREC-2017-07-27/content-detail.html</url>
<url access="raw object" displayLabel="PDF rendition">https://www.gpo.gov/fdsys/pkg/CREC-2017-07-27/pdf/CREC-2017-07-27.pdf</url>
</location>
<part type="issue">
<extent unit="pages">
<start>H6469</start>
<end>H6521</end>
</extent>
<extent unit="pages">
<start>S4349</start>
<end>S4608</end>
</extent>
<extent unit="pages">
<start>E1065</start>
<end>E1076</end>
</extent>
<extent unit="pages">
<start>D849</start>
<end>D858</end>
</extent>
</part>
<originInfo>
<publisher>U.S. Government Publishing Office</publisher>
<dateIssued encoding="w3cdtf">2017-07-27</dateIssued>
<issuance>continuing</issuance>
<frequency authority="marcfrequency">daily</frequency>
</originInfo>
<physicalDescription>
<note type="source content type">deposited</note>
<digitalOrigin>born digital</digitalOrigin>
<extent>670 p.</extent>
</physicalDescription>
<classification authority="sudocs">X 1.1/A:</classification>
<classification authority="sudocs">X/A.</classification>
<identifier type="uri">https://www.gpo.gov/fdsys/pkg/CREC-2017-07-27</identifier>
<identifier type="local">P0b002ee197638a70</identifier>
<identifier type="stock number">752-002-00000-2</identifier>
<identifier type="ILS system id">000568013</identifier>
<identifier type="former package identifier">CR27JY17</identifier>
<recordInfo>
<recordContentSource authority="marcorg">DGPO</recordContentSource>
<recordCreationDate encoding="w3cdtf">2017-11-04</recordCreationDate>
<recordChangeDate encoding="w3cdtf">2017-11-04</recordChangeDate>
<recordIdentifier source="DGPO">CREC-2017-07-27</recordIdentifier>
<recordOrigin>machine generated</recordOrigin>
<languageOfCataloging>
<languageTerm authority="iso639-2b" type="code">eng</languageTerm>
</languageOfCataloging>
</recordInfo>
<accessCondition type="GPO scope determination">fdlp</accessCondition>
<extension>
<docClass>CREC</docClass>
<accessId>CREC-2017-07-27</accessId>
<volume>163</volume>
<issue>127</issue>
<congress>115</congress>
<session>1</session>
<bookCount>1</bookCount>
</extension>
</relatedItem>
</mods>