<mods ID="id-CREC-2017-06-20-pt1-PgH4947" version="3.3" xmlns="http://www.loc.gov/mods/v3" xmlns:exslt="http://exslt.org/common" xmlns:xlink="http://www.w3.org/1999/xlink" xmlns:xsi="http://www.w3.org/2001/XMLSchema-instance" xsi:schemaLocation="http://www.loc.gov/mods/v3 http://www.loc.gov/standards/mods/v3/mods-3-3.xsd">
<name type="corporate">
<namePart>United States Government Publishing Office</namePart>
<role>
<roleTerm authority="marcrelator" type="text">publisher</roleTerm>
<roleTerm authority="marcrelator" type="code">pbl</roleTerm>
</role>
<role>
<roleTerm authority="marcrelator" type="text">distributor</roleTerm>
<roleTerm authority="marcrelator" type="code">dst</roleTerm>
</role>
</name>
<name type="corporate">
<namePart>United States</namePart>
<namePart>Congress</namePart>
<role>
<roleTerm authority="marcrelator" type="text">author</roleTerm>
<roleTerm authority="marcrelator" type="code">aut</roleTerm>
</role>
<description>Government Organization</description>
</name>
<typeOfResource>text</typeOfResource>
<genre authority="marcgt">government publication</genre>
<language>
<languageTerm authority="iso639-2b" type="code">eng</languageTerm>
</language>
<extension>
<collectionCode>CREC</collectionCode>
<category>Proceedings of Congress and General Congressional Publications</category>
<waisDatabaseName>2017_record</waisDatabaseName>
<branch>legislative</branch>
<dateIngested>2017-06-21</dateIngested>
</extension>
<titleInfo>
<title>MOBILE WORKFORCE STATE INCOME TAX SIMPLIFICATION ACT OF 2017</title>
<partName>House</partName>
</titleInfo>
<relatedItem type="otherFormat" xlink:href="https://www.gpo.gov/fdsys/pkg/CREC-2017-06-20/html/CREC-2017-06-20-pt1-PgH4947.htm">
<identifier type="FDsys Unique ID">D09002ee196a781bf</identifier>
</relatedItem>
<relatedItem type="otherFormat" xlink:href="https://www.gpo.gov/fdsys/pkg/CREC-2017-06-20/pdf/CREC-2017-06-20-pt1-PgH4947.pdf">
<identifier type="FDsys Unique ID">D09002ee196a7821a</identifier>
</relatedItem>
<identifier type="congressional record citation">163 Cong. Rec. H4947</identifier>
<identifier type="uri">https://www.gpo.gov/fdsys/granule/CREC-2017-06-20/CREC-2017-06-20-pt1-PgH4947</identifier>
<identifier type="former granule identifier">cr20jn17-83</identifier>
<location>
<url access="object in context" displayLabel="Content Detail">https://www.gpo.gov/fdsys/granule/CREC-2017-06-20/CREC-2017-06-20-pt1-PgH4947/content-detail.html</url>
<url access="raw object" displayLabel="PDF rendition">https://www.gpo.gov/fdsys/pkg/CREC-2017-06-20/pdf/CREC-2017-06-20-pt1-PgH4947.pdf</url>
<url access="raw object" displayLabel="HTML rendition">https://www.gpo.gov/fdsys/pkg/CREC-2017-06-20/html/CREC-2017-06-20-pt1-PgH4947.htm</url>
</location>
<physicalDescription>
<extent>5 p.</extent>
</physicalDescription>
<part type="article">
<extent unit="pages">
<start>H4947</start>
<end>H4951</end>
</extent>
</part>
<name type="personal">
<namePart>Bob Goodlatte</namePart>
<affiliation>United States House of Representatives</affiliation>
<role>
<roleTerm type="text">speaking</roleTerm>
</role>
<description>United States Congress Member</description>
</name>
<name type="personal">
<namePart>Jerrold Nadler</namePart>
<affiliation>United States House of Representatives</affiliation>
<role>
<roleTerm type="text">speaking</roleTerm>
</role>
<description>United States Congress Member</description>
</name>
<name type="personal">
<namePart>Mike Bishop</namePart>
<affiliation>United States House of Representatives</affiliation>
<role>
<roleTerm type="text">speaking</roleTerm>
</role>
<description>United States Congress Member</description>
</name>
<name type="personal">
<namePart>Henry C. "Hank" Johnson, Jr.</namePart>
<affiliation>United States House of Representatives</affiliation>
<role>
<roleTerm type="text">speaking</roleTerm>
</role>
<description>United States Congress Member</description>
</name>
<name type="personal">
<namePart>Ted Poe</namePart>
<affiliation>United States House of Representatives</affiliation>
<role>
<roleTerm type="text">speaking</roleTerm>
</role>
<description>United States Congress Member</description>
</name>
<name type="personal">
<namePart>John Conyers, Jr.</namePart>
<affiliation>United States House of Representatives</affiliation>
<role>
<roleTerm type="text">speaking</roleTerm>
</role>
<description>United States Congress Member</description>
</name>
<identifier type="preferred citation">163 Cong. Rec. H4947</identifier>
<extension>
<searchTitle>MOBILE WORKFORCE STATE INCOME TAX SIMPLIFICATION ACT OF 2017; Congressional Record Vol. 163, No. 105</searchTitle>
<associatedBills>H.R. 1393, 115th Congress
        </associatedBills>
<granuleClass>HOUSE</granuleClass>
<accessId>CREC-2017-06-20-pt1-PgH4947</accessId>
<subGranuleClass>ALLOTHER</subGranuleClass>
<pagePrefix>H</pagePrefix>
<bookNumber>1</bookNumber>
<chamber>HOUSE</chamber>
<granuleDate>2017-06-20</granuleDate>
<time from="15:06:00" to="15:30:00"/>
<bill congress="115" context="HEADERLINE" number="1393" type="HR"/>
<bill congress="115" context="FIRSTPARAGRAPH" number="1393" type="HR"/>
<bill congress="115" context="OTHER" number="1393" type="HR"/>
<congMember authorityId="446" bioGuideId="G000289" chamber="H" congress="115" gpoId="8197" party="R" role="SPEAKING" state="VA">
<name type="parsed">Mr. GOODLATTE</name>
<name type="authority-fnf">Bob Goodlatte</name>
<name type="authority-lnf">Goodlatte, Bob</name>
<name type="authority-other">Robert Goodlatte</name>
</congMember>
<congMember authorityId="850" bioGuideId="N000002" chamber="H" congress="115" gpoId="8069" party="D" role="SPEAKING" state="NY">
<name type="parsed">Mr. NADLER</name>
<name type="authority-fnf">Jerrold Nadler</name>
<name type="authority-lnf">Nadler, Jerrold</name>
</congMember>
<congMember authorityId="2249" bioGuideId="B001293" chamber="H" congress="115" party="R" role="SPEAKING" state="MI">
<name type="parsed">Mr. BISHOP of Michigan</name>
<name type="authority-fnf">Mike Bishop</name>
<name type="authority-lnf">Bishop, Mike</name>
</congMember>
<congMember authorityId="1843" bioGuideId="J000288" chamber="H" congress="115" gpoId="7901" party="D" role="SPEAKING" state="GA">
<name type="parsed">Mr. JOHNSON of Georgia</name>
<name type="authority-fnf">Henry C. "Hank" Johnson, Jr.</name>
<name type="authority-lnf">Johnson, Henry C. "Hank," Jr.</name>
<name type="authority-other">Mr. Henry Johnson Jr.</name>
</congMember>
<congMember authorityId="1802" bioGuideId="P000592" chamber="H" congress="115" gpoId="8158" party="R" role="SPEAKING" state="TX">
<name type="parsed">Mr. POE of Texas</name>
<name type="authority-fnf">Ted Poe</name>
<name type="authority-lnf">Poe, Ted</name>
</congMember>
<congMember authorityId="229" bioGuideId="C000714" chamber="H" congress="115" gpoId="7999" party="D" role="SPEAKING" state="MI">
<name type="parsed">Mr. CONYERS</name>
<name type="authority-fnf">John Conyers, Jr.</name>
<name type="authority-lnf">Conyers, John, Jr.</name>
<name type="authority-other">John Conyers Jr.</name>
</congMember>
<USCode title="26">
<section detail="(d)" number="3401"/>
</USCode>
</extension>
<relatedItem type="isReferencedBy">
<titleInfo>
<title>United States House Bill 1393  (115th Congress)</title>
</titleInfo>
<identifier type="Congressional Bill citation">H.R. 1393</identifier>
<extension>
<congress>115</congress>
<context>HEADERLINE</context>
</extension>
</relatedItem>
<relatedItem type="isReferencedBy">
<titleInfo>
<title>United States House Bill 1393  (115th Congress)</title>
</titleInfo>
<identifier type="Congressional Bill citation">H.R. 1393</identifier>
<extension>
<congress>115</congress>
<context>FIRSTPARAGRAPH</context>
</extension>
</relatedItem>
<relatedItem type="isReferencedBy">
<titleInfo>
<title>United States House Bill 1393  (115th Congress)</title>
</titleInfo>
<identifier type="Congressional Bill citation">H.R. 1393</identifier>
<extension>
<congress>115</congress>
<context>OTHER</context>
</extension>
</relatedItem>
<relatedItem type="isReferencedBy">
<titleInfo>
<title>United States Code</title>
<partNumber>Title 26 Section 3401(d)</partNumber>
</titleInfo>
<identifier type="USC citation">26 U.S.C. 3401(d)</identifier>
</relatedItem>
<relatedItem ID="P0b002ee1954666c0" type="host">
<titleInfo>
<title>Congressional Record</title>
<partNumber>Vol. 163, no. 105</partNumber>
</titleInfo>
<location>
<url access="object in context" displayLabel="Content Detail">https://www.gpo.gov/fdsys/pkg/CREC-2017-06-20/content-detail.html</url>
<url access="raw object" displayLabel="PDF rendition">https://www.gpo.gov/fdsys/pkg/CREC-2017-06-20/pdf/CREC-2017-06-20.pdf</url>
</location>
<part type="issue">
<extent unit="pages">
<start>H4945</start>
<end>H4996</end>
</extent>
<extent unit="pages">
<start>S3615</start>
<end>S3655</end>
</extent>
<extent unit="pages">
<start>E845</start>
<end>E857</end>
</extent>
<extent unit="pages">
<start>D675</start>
<end>D680</end>
</extent>
</part>
<originInfo>
<publisher>U.S. Government Publishing Office</publisher>
<dateIssued encoding="w3cdtf">2017-06-20</dateIssued>
<issuance>continuing</issuance>
<frequency authority="marcfrequency">daily</frequency>
</originInfo>
<physicalDescription>
<note type="source content type">deposited</note>
<digitalOrigin>born digital</digitalOrigin>
<extent>224 p.</extent>
</physicalDescription>
<classification authority="sudocs">X 1.1/A:</classification>
<classification authority="sudocs">X/A.</classification>
<identifier type="uri">https://www.gpo.gov/fdsys/pkg/CREC-2017-06-20</identifier>
<identifier type="local">P0b002ee1954666c0</identifier>
<identifier type="stock number">752-002-00000-2</identifier>
<identifier type="ILS system id">000568013</identifier>
<identifier type="former package identifier">cr20jn17</identifier>
<recordInfo>
<recordContentSource authority="marcorg">DGPO</recordContentSource>
<recordCreationDate encoding="w3cdtf">2017-06-21</recordCreationDate>
<recordChangeDate encoding="w3cdtf">2017-08-21</recordChangeDate>
<recordIdentifier source="DGPO">CREC-2017-06-20</recordIdentifier>
<recordOrigin>machine generated</recordOrigin>
<languageOfCataloging>
<languageTerm authority="iso639-2b" type="code">eng</languageTerm>
</languageOfCataloging>
</recordInfo>
<accessCondition type="GPO scope determination">fdlp</accessCondition>
<extension>
<docClass>CREC</docClass>
<accessId>CREC-2017-06-20</accessId>
<volume>163</volume>
<issue>105</issue>
<congress>115</congress>
<session>1</session>
<bookCount>1</bookCount>
</extension>
</relatedItem>
</mods>