<mods ID="id-CREC-2017-06-22-pt1-PgH5067" version="3.3" xmlns="http://www.loc.gov/mods/v3" xmlns:exslt="http://exslt.org/common" xmlns:xlink="http://www.w3.org/1999/xlink" xmlns:xsi="http://www.w3.org/2001/XMLSchema-instance" xsi:schemaLocation="http://www.loc.gov/mods/v3 http://www.loc.gov/standards/mods/v3/mods-3-3.xsd">
<name type="corporate">
<namePart>United States Government Publishing Office</namePart>
<role>
<roleTerm authority="marcrelator" type="text">publisher</roleTerm>
<roleTerm authority="marcrelator" type="code">pbl</roleTerm>
</role>
<role>
<roleTerm authority="marcrelator" type="text">distributor</roleTerm>
<roleTerm authority="marcrelator" type="code">dst</roleTerm>
</role>
</name>
<name type="corporate">
<namePart>United States</namePart>
<namePart>Congress</namePart>
<role>
<roleTerm authority="marcrelator" type="text">author</roleTerm>
<roleTerm authority="marcrelator" type="code">aut</roleTerm>
</role>
<description>Government Organization</description>
</name>
<typeOfResource>text</typeOfResource>
<genre authority="marcgt">government publication</genre>
<language>
<languageTerm authority="iso639-2b" type="code">eng</languageTerm>
</language>
<extension>
<collectionCode>CREC</collectionCode>
<category>Proceedings of Congress and General Congressional Publications</category>
<waisDatabaseName>2017_record</waisDatabaseName>
<branch>legislative</branch>
<dateIngested>2017-06-23</dateIngested>
</extension>
<titleInfo>
<title>REPORT ON H.R. 2998, MILITARY CONSTRUCTION AND VETERANS AFFAIRS AND RELATED AGENCIES APPROPRIATIONS ACT, 2018</title>
<partName>House</partName>
</titleInfo>
<relatedItem type="otherFormat" xlink:href="https://www.gpo.gov/fdsys/pkg/CREC-2017-06-22/html/CREC-2017-06-22-pt1-PgH5067.htm">
<identifier type="FDsys Unique ID">D09002ee196a785a9</identifier>
</relatedItem>
<relatedItem type="otherFormat" xlink:href="https://www.gpo.gov/fdsys/pkg/CREC-2017-06-22/pdf/CREC-2017-06-22-pt1-PgH5067.pdf">
<identifier type="FDsys Unique ID">D09002ee196a7867b</identifier>
</relatedItem>
<identifier type="congressional record citation">163 Cong. Rec. H5067</identifier>
<identifier type="uri">https://www.gpo.gov/fdsys/granule/CREC-2017-06-22/CREC-2017-06-22-pt1-PgH5067</identifier>
<identifier type="former granule identifier">cr22jn17-116</identifier>
<location>
<url access="object in context" displayLabel="Content Detail">https://www.gpo.gov/fdsys/granule/CREC-2017-06-22/CREC-2017-06-22-pt1-PgH5067/content-detail.html</url>
<url access="raw object" displayLabel="PDF rendition">https://www.gpo.gov/fdsys/pkg/CREC-2017-06-22/pdf/CREC-2017-06-22-pt1-PgH5067.pdf</url>
<url access="raw object" displayLabel="HTML rendition">https://www.gpo.gov/fdsys/pkg/CREC-2017-06-22/html/CREC-2017-06-22-pt1-PgH5067.htm</url>
</location>
<physicalDescription>
<extent>1 p.</extent>
</physicalDescription>
<part type="article">
<extent unit="pages">
<start>H5067</start>
<end>H5067</end>
</extent>
</part>
<name type="corporate">
<namePart>United States</namePart>
<namePart>Congress</namePart>
<namePart>House of Representatives</namePart>
<namePart>Committee on Appropriations</namePart>
<role>
<roleTerm authority="marcrelator" type="text">associated name</roleTerm>
<roleTerm authority="marcrelator" type="code">asn</roleTerm>
</role>
<description>Government Organization</description>
</name>
<identifier type="preferred citation">163 Cong. Rec. H5067</identifier>
<extension>
<searchTitle>REPORT ON H.R. 2998, MILITARY CONSTRUCTION AND VETERANS AFFAIRS AND RELATED AGENCIES APPROPRIATIONS ACT, 2018; Congressional Record Vol. 163, No. 107</searchTitle>
<granuleClass>HOUSE</granuleClass>
<accessId>CREC-2017-06-22-pt1-PgH5067</accessId>
<subGranuleClass>HREPORTON</subGranuleClass>
<pagePrefix>H</pagePrefix>
<bookNumber>1</bookNumber>
<chamber>HOUSE</chamber>
<granuleDate>2017-06-22</granuleDate>
<time from="13:42:00" to="13:42:00"/>
<bill congress="115" context="TITLE" number="2998" type="HR"/>
<bill congress="115" context="FIRSTPARAGRAPH" number="2998" type="HR"/>
<bill congress="115" context="OTHER" number="2998" type="HR"/>
<congCommittee authorityId="hsap00" chamber="H" congress="115" type="S">
<name type="authority-standard">Committee on Appropriations</name>
<name type="authority-short">Appropriations</name>
</congCommittee>
</extension>
<relatedItem type="isReferencedBy">
<titleInfo>
<title>United States House Bill 2998  (115th Congress)</title>
</titleInfo>
<identifier type="Congressional Bill citation">H.R. 2998</identifier>
<extension>
<congress>115</congress>
<context>TITLE</context>
</extension>
</relatedItem>
<relatedItem type="isReferencedBy">
<titleInfo>
<title>United States House Bill 2998  (115th Congress)</title>
</titleInfo>
<identifier type="Congressional Bill citation">H.R. 2998</identifier>
<extension>
<congress>115</congress>
<context>FIRSTPARAGRAPH</context>
</extension>
</relatedItem>
<relatedItem type="isReferencedBy">
<titleInfo>
<title>United States House Bill 2998  (115th Congress)</title>
</titleInfo>
<identifier type="Congressional Bill citation">H.R. 2998</identifier>
<extension>
<congress>115</congress>
<context>OTHER</context>
</extension>
</relatedItem>
<relatedItem ID="P0b002ee1954f5aa5" type="host">
<titleInfo>
<title>Congressional Record</title>
<partNumber>Vol. 163, no. 107</partNumber>
</titleInfo>
<location>
<url access="object in context" displayLabel="Content Detail">https://www.gpo.gov/fdsys/pkg/CREC-2017-06-22/content-detail.html</url>
<url access="raw object" displayLabel="PDF rendition">https://www.gpo.gov/fdsys/pkg/CREC-2017-06-22/pdf/CREC-2017-06-22.pdf</url>
</location>
<part type="issue">
<extent unit="pages">
<start>H5051</start>
<end>H5112</end>
</extent>
<extent unit="pages">
<start>S3697</start>
<end>S3741</end>
</extent>
<extent unit="pages">
<start>E871</start>
<end>E885</end>
</extent>
<extent unit="pages">
<start>D690</start>
<end>D694</end>
</extent>
</part>
<originInfo>
<publisher>U.S. Government Publishing Office</publisher>
<dateIssued encoding="w3cdtf">2017-06-22</dateIssued>
<issuance>continuing</issuance>
<frequency authority="marcfrequency">daily</frequency>
</originInfo>
<physicalDescription>
<note type="source content type">deposited</note>
<digitalOrigin>born digital</digitalOrigin>
<extent>254 p.</extent>
</physicalDescription>
<classification authority="sudocs">X 1.1/A:</classification>
<classification authority="sudocs">X/A.</classification>
<identifier type="uri">https://www.gpo.gov/fdsys/pkg/CREC-2017-06-22</identifier>
<identifier type="local">P0b002ee1954f5aa5</identifier>
<identifier type="stock number">752-002-00000-2</identifier>
<identifier type="ILS system id">000568013</identifier>
<identifier type="former package identifier">cr22jn17</identifier>
<recordInfo>
<recordContentSource authority="marcorg">DGPO</recordContentSource>
<recordCreationDate encoding="w3cdtf">2017-06-23</recordCreationDate>
<recordChangeDate encoding="w3cdtf">2017-08-21</recordChangeDate>
<recordIdentifier source="DGPO">CREC-2017-06-22</recordIdentifier>
<recordOrigin>machine generated</recordOrigin>
<languageOfCataloging>
<languageTerm authority="iso639-2b" type="code">eng</languageTerm>
</languageOfCataloging>
</recordInfo>
<accessCondition type="GPO scope determination">fdlp</accessCondition>
<extension>
<docClass>CREC</docClass>
<accessId>CREC-2017-06-22</accessId>
<volume>163</volume>
<issue>107</issue>
<congress>115</congress>
<session>1</session>
<bookCount>1</bookCount>
</extension>
</relatedItem>
</mods>