<mods ID="id-CREC-2017-07-25-pt1-PgS4188-2" version="3.3" xmlns="http://www.loc.gov/mods/v3" xmlns:exslt="http://exslt.org/common" xmlns:xlink="http://www.w3.org/1999/xlink" xmlns:xsi="http://www.w3.org/2001/XMLSchema-instance" xsi:schemaLocation="http://www.loc.gov/mods/v3 http://www.loc.gov/standards/mods/v3/mods-3-3.xsd">
<name type="corporate">
<namePart>United States Government Publishing Office</namePart>
<role>
<roleTerm authority="marcrelator" type="text">publisher</roleTerm>
<roleTerm authority="marcrelator" type="code">pbl</roleTerm>
</role>
<role>
<roleTerm authority="marcrelator" type="text">distributor</roleTerm>
<roleTerm authority="marcrelator" type="code">dst</roleTerm>
</role>
</name>
<name type="corporate">
<namePart>United States</namePart>
<namePart>Congress</namePart>
<role>
<roleTerm authority="marcrelator" type="text">author</roleTerm>
<roleTerm authority="marcrelator" type="code">aut</roleTerm>
</role>
<description>Government Organization</description>
</name>
<typeOfResource>text</typeOfResource>
<genre authority="marcgt">government publication</genre>
<language>
<languageTerm authority="iso639-2b" type="code">eng</languageTerm>
</language>
<extension>
<collectionCode>CREC</collectionCode>
<category>Proceedings of Congress and General Congressional Publications</category>
<waisDatabaseName>2017_record</waisDatabaseName>
<branch>legislative</branch>
<dateIngested>2017-11-04</dateIngested>
</extension>
<titleInfo>
<title>EXECUTIVE AND OTHER COMMUNICATIONS</title>
<partName>Senate</partName>
</titleInfo>
<relatedItem type="otherFormat" xlink:href="https://www.gpo.gov/fdsys/pkg/CREC-2017-07-25/html/CREC-2017-07-25-pt1-PgS4188-2.htm">
<identifier type="FDsys Unique ID">D09002ee197639700</identifier>
</relatedItem>
<relatedItem type="otherFormat" xlink:href="https://www.gpo.gov/fdsys/pkg/CREC-2017-07-25/pdf/CREC-2017-07-25-pt1-PgS4188-2.pdf">
<identifier type="FDsys Unique ID">D09002ee197639834</identifier>
</relatedItem>
<identifier type="congressional record citation">163 Cong. Rec. S4188</identifier>
<identifier type="uri">https://www.gpo.gov/fdsys/granule/CREC-2017-07-25/CREC-2017-07-25-pt1-PgS4188-2</identifier>
<identifier type="former granule identifier">CR25JY17-163</identifier>
<identifier type="Regulation ID Number">RIN 3133-AE67</identifier>
<identifier type="Regulation ID Number">RIN 3150-AJ73</identifier>
<identifier type="Regulation ID Number">RIN 1810- AB27</identifier>
<identifier type="Regulation ID Number">RIN 1840-AD07</identifier>
<identifier type="Regulation ID Number">RIN 2900-AP93</identifier>
<identifier type="Regulation ID Number">RIN 2120-AA65</identifier>
<identifier type="Regulation ID Number">RIN 2120- AA65</identifier>
<identifier type="Regulation ID Number">RIN 2120-AA65</identifier>
<identifier type="Regulation ID Number">RIN 2120- AA65</identifier>
<identifier type="Regulation ID Number">RIN 2120-AA64</identifier>
<identifier type="Regulation ID Number">RIN 2120-AA64</identifier>
<identifier type="Regulation ID Number">RIN 2120-AA64</identifier>
<identifier type="Regulation ID Number">RIN 2120-AA64</identifier>
<identifier type="Regulation ID Number">RIN 2120-AA64</identifier>
<identifier type="Regulation ID Number">RIN 2120-AA64</identifier>
<identifier type="Regulation ID Number">RIN 2120-AA64</identifier>
<identifier type="Regulation ID Number">RIN 2120-AA64</identifier>
<identifier type="Regulation ID Number">RIN 2120-AA64</identifier>
<identifier type="Regulation ID Number">RIN 2120-AA64</identifier>
<identifier type="Regulation ID Number">RIN 2120-AA64</identifier>
<identifier type="Regulation ID Number">RIN 2120-AA64</identifier>
<identifier type="Regulation ID Number">RIN 2120-AA64</identifier>
<identifier type="Regulation ID Number">RIN 2120-AA64</identifier>
<identifier type="Regulation ID Number">RIN 2120-AA64</identifier>
<identifier type="Regulation ID Number">RIN 2120-AA64</identifier>
<identifier type="Regulation ID Number">RIN 2120-AA64</identifier>
<identifier type="Regulation ID Number">RIN 2120-AA64</identifier>
<identifier type="Regulation ID Number">RIN 2120-AA64</identifier>
<identifier type="Regulation ID Number">RIN 2120-AA64</identifier>
<identifier type="Regulation ID Number">RIN 2120-AA64</identifier>
<identifier type="Regulation ID Number">RIN 2120-AA64</identifier>
<identifier type="Regulation ID Number">RIN 2120-AA64</identifier>
<identifier type="Regulation ID Number">RIN 2120-AA64</identifier>
<identifier type="Regulation ID Number">RIN 2120-AA64</identifier>
<identifier type="Regulation ID Number">RIN 2120-AA66</identifier>
<identifier type="Regulation ID Number">RIN 2120-AA66</identifier>
<identifier type="Regulation ID Number">RIN 2120-AA66</identifier>
<identifier type="Regulation ID Number">RIN 2120-AA66</identifier>
<identifier type="Regulation ID Number">RIN 2120-AA66</identifier>
<identifier type="Regulation ID Number">RIN 2120-AA66</identifier>
<identifier type="Regulation ID Number">RIN 2120-AA66</identifier>
<identifier type="Regulation ID Number">RIN 2120-AA66</identifier>
<identifier type="Regulation ID Number">RIN 2120-AA66</identifier>
<identifier type="Regulation ID Number">RIN 2120-AA66</identifier>
<identifier type="Regulation ID Number">RIN 2120-AA66</identifier>
<identifier type="Regulation ID Number">RIN 2120-AA66</identifier>
<identifier type="Regulation ID Number">RIN 1625-AA09</identifier>
<identifier type="Regulation ID Number">RIN 1625-AA08</identifier>
<identifier type="Regulation ID Number">RIN 1625-AA00</identifier>
<identifier type="Regulation ID Number">RIN 1625-AA00</identifier>
<identifier type="Regulation ID Number">RIN 1625-AA00</identifier>
<identifier type="Regulation ID Number">RIN 1625-AA00</identifier>
<identifier type="Regulation ID Number">RIN 1625-AA00</identifier>
<identifier type="Regulation ID Number">RIN 1625-AA00</identifier>
<identifier type="Regulation ID Number">RIN 1625-AA00</identifier>
<identifier type="Regulation ID Number">RIN 1625-AA00</identifier>
<identifier type="Regulation ID Number">RIN 1625-AA00</identifier>
<identifier type="Regulation ID Number">RIN 1625-AA00</identifier>
<identifier type="Regulation ID Number">RIN 1625-AA00</identifier>
<identifier type="Regulation ID Number">RIN 1625-AA00</identifier>
<identifier type="Regulation ID Number">RIN 2130-AC60</identifier>
<identifier type="Regulation ID Number">RIN 2140-AB27</identifier>
<location>
<url access="object in context" displayLabel="Content Detail">https://www.gpo.gov/fdsys/granule/CREC-2017-07-25/CREC-2017-07-25-pt1-PgS4188-2/content-detail.html</url>
<url access="raw object" displayLabel="PDF rendition">https://www.gpo.gov/fdsys/pkg/CREC-2017-07-25/pdf/CREC-2017-07-25-pt1-PgS4188-2.pdf</url>
<url access="raw object" displayLabel="HTML rendition">https://www.gpo.gov/fdsys/pkg/CREC-2017-07-25/html/CREC-2017-07-25-pt1-PgS4188-2.htm</url>
</location>
<physicalDescription>
<extent>4 p.</extent>
</physicalDescription>
<part type="article">
<extent unit="pages">
<start>S4188</start>
<end>S4191</end>
</extent>
</part>
<name type="corporate">
<namePart>United States</namePart>
<namePart>Congress</namePart>
<namePart>Senate</namePart>
<namePart>Committee on Armed Services</namePart>
<role>
<roleTerm authority="marcrelator" type="text">associated name</roleTerm>
<roleTerm authority="marcrelator" type="code">asn</roleTerm>
</role>
<description>Government Organization</description>
</name>
<name type="corporate">
<namePart>United States</namePart>
<namePart>Congress</namePart>
<namePart>Senate</namePart>
<namePart>Committee on Banking, Housing, and Urban Affairs</namePart>
<role>
<roleTerm authority="marcrelator" type="text">associated name</roleTerm>
<roleTerm authority="marcrelator" type="code">asn</roleTerm>
</role>
<description>Government Organization</description>
</name>
<name type="corporate">
<namePart>United States</namePart>
<namePart>Congress</namePart>
<namePart>Senate</namePart>
<namePart>Committee on Environment and Public Works</namePart>
<role>
<roleTerm authority="marcrelator" type="text">associated name</roleTerm>
<roleTerm authority="marcrelator" type="code">asn</roleTerm>
</role>
<description>Government Organization</description>
</name>
<name type="corporate">
<namePart>United States</namePart>
<namePart>Congress</namePart>
<namePart>Senate</namePart>
<namePart>Committee on Finance</namePart>
<role>
<roleTerm authority="marcrelator" type="text">associated name</roleTerm>
<roleTerm authority="marcrelator" type="code">asn</roleTerm>
</role>
<description>Government Organization</description>
</name>
<name type="corporate">
<namePart>United States</namePart>
<namePart>Congress</namePart>
<namePart>Senate</namePart>
<namePart>Committee on Foreign Relations</namePart>
<role>
<roleTerm authority="marcrelator" type="text">associated name</roleTerm>
<roleTerm authority="marcrelator" type="code">asn</roleTerm>
</role>
<description>Government Organization</description>
</name>
<name type="corporate">
<namePart>United States</namePart>
<namePart>Congress</namePart>
<namePart>Senate</namePart>
<namePart>Committee on Health, Education, Labor, and Pensions</namePart>
<role>
<roleTerm authority="marcrelator" type="text">associated name</roleTerm>
<roleTerm authority="marcrelator" type="code">asn</roleTerm>
</role>
<description>Government Organization</description>
</name>
<name type="corporate">
<namePart>United States</namePart>
<namePart>Congress</namePart>
<namePart>Senate</namePart>
<namePart>Committee on Homeland Security and Governmental Affairs</namePart>
<role>
<roleTerm authority="marcrelator" type="text">associated name</roleTerm>
<roleTerm authority="marcrelator" type="code">asn</roleTerm>
</role>
<description>Government Organization</description>
</name>
<name type="corporate">
<namePart>United States</namePart>
<namePart>Congress</namePart>
<namePart>Senate</namePart>
<namePart>Committee on Veterans' Affairs</namePart>
<role>
<roleTerm authority="marcrelator" type="text">associated name</roleTerm>
<roleTerm authority="marcrelator" type="code">asn</roleTerm>
</role>
<description>Government Organization</description>
</name>
<name type="corporate">
<namePart>United States</namePart>
<namePart>Congress</namePart>
<namePart>Senate</namePart>
<namePart>Committee on Commerce, Science, and Transportation</namePart>
<role>
<roleTerm authority="marcrelator" type="text">associated name</roleTerm>
<roleTerm authority="marcrelator" type="code">asn</roleTerm>
</role>
<description>Government Organization</description>
</name>
<identifier type="preferred citation">163 Cong. Rec. S4188</identifier>
<extension>
<searchTitle>EXECUTIVE AND OTHER COMMUNICATIONS; Congressional Record Vol. 163, No. 125</searchTitle>
<granuleClass>SENATE</granuleClass>
<accessId>CREC-2017-07-25-pt1-PgS4188-2</accessId>
<subGranuleClass>EXECUTIVECOMM</subGranuleClass>
<pagePrefix>S</pagePrefix>
<bookNumber>1</bookNumber>
<chamber>SENATE</chamber>
<granuleDate>2017-07-25</granuleDate>
<amendment chamber="SENATE" congress="115" context="OTHER" number="3750"/>
<amendment chamber="SENATE" congress="115" context="OTHER" number="3747"/>
<amendment chamber="SENATE" congress="115" context="OTHER" number="3749"/>
<amendment chamber="SENATE" congress="115" context="OTHER" number="3748"/>
<congCommittee authorityId="ssas00" chamber="S" congress="115" type="S">
<name type="authority-standard">Committee on Armed Services</name>
<name type="authority-short">Armed Services</name>
</congCommittee>
<congCommittee authorityId="ssbk00" chamber="S" congress="115" type="S">
<name type="authority-standard">Committee on Banking, Housing, and Urban Affairs</name>
<name type="authority-short">Banking</name>
</congCommittee>
<congCommittee authorityId="ssev00" chamber="S" congress="115" type="S">
<name type="authority-standard">Committee on Environment and Public Works</name>
<name type="authority-short">Environment and Public Works</name>
</congCommittee>
<congCommittee authorityId="ssfi00" chamber="S" congress="115" type="S">
<name type="authority-standard">Committee on Finance</name>
<name type="authority-short">Finance</name>
</congCommittee>
<congCommittee authorityId="ssfr00" chamber="S" congress="115" type="S">
<name type="authority-standard">Committee on Foreign Relations</name>
<name type="authority-short">Foreign Relations</name>
</congCommittee>
<congCommittee authorityId="sshr00" chamber="S" congress="115" type="S">
<name type="authority-standard">Committee on Health, Education, Labor, and Pensions</name>
<name type="authority-short">HELP</name>
</congCommittee>
<congCommittee authorityId="ssga00" chamber="S" congress="115" type="S">
<name type="authority-standard">Committee on Homeland Security and Governmental Affairs</name>
<name type="authority-short">Homeland and Governmental Affairs</name>
</congCommittee>
<congCommittee authorityId="ssva00" chamber="S" congress="115" type="S">
<name type="authority-standard">Committee on Veterans' Affairs</name>
<name type="authority-short">Veterans' Affairs</name>
</congCommittee>
<congCommittee authorityId="sscm00" chamber="S" congress="115" type="S">
<name type="authority-standard">Committee on Commerce, Science, and Transportation</name>
<name type="authority-short">Commerce</name>
</congCommittee>
<execCommunication congress="115" number="2289"/>
<execCommunication congress="115" number="2290"/>
<execCommunication congress="115" number="2291"/>
<execCommunication congress="115" number="2292"/>
<execCommunication congress="115" number="2293"/>
<execCommunication congress="115" number="2294"/>
<execCommunication congress="115" number="2295"/>
<execCommunication congress="115" number="2296"/>
<execCommunication congress="115" number="2297"/>
<execCommunication congress="115" number="2298"/>
<execCommunication congress="115" number="2299"/>
<execCommunication congress="115" number="2300"/>
<execCommunication congress="115" number="2301"/>
<execCommunication congress="115" number="2302"/>
<execCommunication congress="115" number="2303"/>
<execCommunication congress="115" number="2304"/>
<execCommunication congress="115" number="2305"/>
<execCommunication congress="115" number="2306"/>
<execCommunication congress="115" number="2307"/>
<execCommunication congress="115" number="2308"/>
<execCommunication congress="115" number="2309"/>
<execCommunication congress="115" number="2310"/>
<execCommunication congress="115" number="2311"/>
<execCommunication congress="115" number="2312"/>
<execCommunication congress="115" number="2313"/>
<execCommunication congress="115" number="2314"/>
<execCommunication congress="115" number="2315"/>
<execCommunication congress="115" number="2316"/>
<execCommunication congress="115" number="2317"/>
<execCommunication congress="115" number="2318"/>
<execCommunication congress="115" number="2319"/>
<execCommunication congress="115" number="2320"/>
<execCommunication congress="115" number="2321"/>
<execCommunication congress="115" number="2322"/>
<execCommunication congress="115" number="2323"/>
<execCommunication congress="115" number="2324"/>
<execCommunication congress="115" number="2325"/>
<execCommunication congress="115" number="2326"/>
<execCommunication congress="115" number="2327"/>
<execCommunication congress="115" number="2328"/>
<execCommunication congress="115" number="2329"/>
<execCommunication congress="115" number="2330"/>
<execCommunication congress="115" number="2331"/>
<execCommunication congress="115" number="2332"/>
<execCommunication congress="115" number="2333"/>
<execCommunication congress="115" number="2334"/>
<execCommunication congress="115" number="2335"/>
<execCommunication congress="115" number="2336"/>
<execCommunication congress="115" number="2337"/>
<execCommunication congress="115" number="2338"/>
<execCommunication congress="115" number="2339"/>
<execCommunication congress="115" number="2340"/>
<execCommunication congress="115" number="2341"/>
<execCommunication congress="115" number="2342"/>
<execCommunication congress="115" number="2343"/>
<execCommunication congress="115" number="2344"/>
<execCommunication congress="115" number="2345"/>
<execCommunication congress="115" number="2346"/>
<execCommunication congress="115" number="2347"/>
<execCommunication congress="115" number="2348"/>
<execCommunication congress="115" number="2349"/>
<execCommunication congress="115" number="2350"/>
<execCommunication congress="115" number="2351"/>
<execCommunication congress="115" number="2352"/>
<execCommunication congress="115" number="2353"/>
<execCommunication congress="115" number="2354"/>
<execCommunication congress="115" number="2355"/>
<execCommunication congress="115" number="2356"/>
<execCommunication congress="115" number="2357"/>
<execCommunication congress="115" number="2358"/>
<execCommunication congress="115" number="2359"/>
<execCommunication congress="115" number="2360"/>
<execCommunication congress="115" number="2361"/>
<execCommunication congress="115" number="2362"/>
<rin number="3133-AE67"/>
<rin number="3150-AJ73"/>
<rin number="1810- AB27"/>
<rin number="1840-AD07"/>
<rin number="2900-AP93"/>
<rin number="2120-AA65"/>
<rin number="2120- AA65"/>
<rin number="2120-AA65"/>
<rin number="2120- AA65"/>
<rin number="2120-AA64"/>
<rin number="2120-AA64"/>
<rin number="2120-AA64"/>
<rin number="2120-AA64"/>
<rin number="2120-AA64"/>
<rin number="2120-AA64"/>
<rin number="2120-AA64"/>
<rin number="2120-AA64"/>
<rin number="2120-AA64"/>
<rin number="2120-AA64"/>
<rin number="2120-AA64"/>
<rin number="2120-AA64"/>
<rin number="2120-AA64"/>
<rin number="2120-AA64"/>
<rin number="2120-AA64"/>
<rin number="2120-AA64"/>
<rin number="2120-AA64"/>
<rin number="2120-AA64"/>
<rin number="2120-AA64"/>
<rin number="2120-AA64"/>
<rin number="2120-AA64"/>
<rin number="2120-AA64"/>
<rin number="2120-AA64"/>
<rin number="2120-AA64"/>
<rin number="2120-AA64"/>
<rin number="2120-AA66"/>
<rin number="2120-AA66"/>
<rin number="2120-AA66"/>
<rin number="2120-AA66"/>
<rin number="2120-AA66"/>
<rin number="2120-AA66"/>
<rin number="2120-AA66"/>
<rin number="2120-AA66"/>
<rin number="2120-AA66"/>
<rin number="2120-AA66"/>
<rin number="2120-AA66"/>
<rin number="2120-AA66"/>
<rin number="1625-AA09"/>
<rin number="1625-AA08"/>
<rin number="1625-AA00"/>
<rin number="1625-AA00"/>
<rin number="1625-AA00"/>
<rin number="1625-AA00"/>
<rin number="1625-AA00"/>
<rin number="1625-AA00"/>
<rin number="1625-AA00"/>
<rin number="1625-AA00"/>
<rin number="1625-AA00"/>
<rin number="1625-AA00"/>
<rin number="1625-AA00"/>
<rin number="1625-AA00"/>
<rin number="2130-AC60"/>
<rin number="2140-AB27"/>
</extension>
<relatedItem type="isReferencedBy">
<identifier type="congressional amendment citation"> Amendment No. 3750</identifier>
</relatedItem>
<extension>
<congress>115</congress>
<chamber>SENATE</chamber>
</extension>
<relatedItem type="isReferencedBy">
<identifier type="congressional amendment citation"> Amendment No. 3747</identifier>
</relatedItem>
<extension>
<congress>115</congress>
<chamber>SENATE</chamber>
</extension>
<relatedItem type="isReferencedBy">
<identifier type="congressional amendment citation"> Amendment No. 3749</identifier>
</relatedItem>
<extension>
<congress>115</congress>
<chamber>SENATE</chamber>
</extension>
<relatedItem type="isReferencedBy">
<identifier type="congressional amendment citation"> Amendment No. 3748</identifier>
</relatedItem>
<extension>
<congress>115</congress>
<chamber>SENATE</chamber>
</extension>
<relatedItem type="isReferencedBy">
<identifier type="executive communication number">EC-2289</identifier>
</relatedItem>
<extension>
<congress>115</congress>
</extension>
<relatedItem type="isReferencedBy">
<identifier type="executive communication number">EC-2290</identifier>
</relatedItem>
<extension>
<congress>115</congress>
</extension>
<relatedItem type="isReferencedBy">
<identifier type="executive communication number">EC-2291</identifier>
</relatedItem>
<extension>
<congress>115</congress>
</extension>
<relatedItem type="isReferencedBy">
<identifier type="executive communication number">EC-2292</identifier>
</relatedItem>
<extension>
<congress>115</congress>
</extension>
<relatedItem type="isReferencedBy">
<identifier type="executive communication number">EC-2293</identifier>
</relatedItem>
<extension>
<congress>115</congress>
</extension>
<relatedItem type="isReferencedBy">
<identifier type="executive communication number">EC-2294</identifier>
</relatedItem>
<extension>
<congress>115</congress>
</extension>
<relatedItem type="isReferencedBy">
<identifier type="executive communication number">EC-2295</identifier>
</relatedItem>
<extension>
<congress>115</congress>
</extension>
<relatedItem type="isReferencedBy">
<identifier type="executive communication number">EC-2296</identifier>
</relatedItem>
<extension>
<congress>115</congress>
</extension>
<relatedItem type="isReferencedBy">
<identifier type="executive communication number">EC-2297</identifier>
</relatedItem>
<extension>
<congress>115</congress>
</extension>
<relatedItem type="isReferencedBy">
<identifier type="executive communication number">EC-2298</identifier>
</relatedItem>
<extension>
<congress>115</congress>
</extension>
<relatedItem type="isReferencedBy">
<identifier type="executive communication number">EC-2299</identifier>
</relatedItem>
<extension>
<congress>115</congress>
</extension>
<relatedItem type="isReferencedBy">
<identifier type="executive communication number">EC-2300</identifier>
</relatedItem>
<extension>
<congress>115</congress>
</extension>
<relatedItem type="isReferencedBy">
<identifier type="executive communication number">EC-2301</identifier>
</relatedItem>
<extension>
<congress>115</congress>
</extension>
<relatedItem type="isReferencedBy">
<identifier type="executive communication number">EC-2302</identifier>
</relatedItem>
<extension>
<congress>115</congress>
</extension>
<relatedItem type="isReferencedBy">
<identifier type="executive communication number">EC-2303</identifier>
</relatedItem>
<extension>
<congress>115</congress>
</extension>
<relatedItem type="isReferencedBy">
<identifier type="executive communication number">EC-2304</identifier>
</relatedItem>
<extension>
<congress>115</congress>
</extension>
<relatedItem type="isReferencedBy">
<identifier type="executive communication number">EC-2305</identifier>
</relatedItem>
<extension>
<congress>115</congress>
</extension>
<relatedItem type="isReferencedBy">
<identifier type="executive communication number">EC-2306</identifier>
</relatedItem>
<extension>
<congress>115</congress>
</extension>
<relatedItem type="isReferencedBy">
<identifier type="executive communication number">EC-2307</identifier>
</relatedItem>
<extension>
<congress>115</congress>
</extension>
<relatedItem type="isReferencedBy">
<identifier type="executive communication number">EC-2308</identifier>
</relatedItem>
<extension>
<congress>115</congress>
</extension>
<relatedItem type="isReferencedBy">
<identifier type="executive communication number">EC-2309</identifier>
</relatedItem>
<extension>
<congress>115</congress>
</extension>
<relatedItem type="isReferencedBy">
<identifier type="executive communication number">EC-2310</identifier>
</relatedItem>
<extension>
<congress>115</congress>
</extension>
<relatedItem type="isReferencedBy">
<identifier type="executive communication number">EC-2311</identifier>
</relatedItem>
<extension>
<congress>115</congress>
</extension>
<relatedItem type="isReferencedBy">
<identifier type="executive communication number">EC-2312</identifier>
</relatedItem>
<extension>
<congress>115</congress>
</extension>
<relatedItem type="isReferencedBy">
<identifier type="executive communication number">EC-2313</identifier>
</relatedItem>
<extension>
<congress>115</congress>
</extension>
<relatedItem type="isReferencedBy">
<identifier type="executive communication number">EC-2314</identifier>
</relatedItem>
<extension>
<congress>115</congress>
</extension>
<relatedItem type="isReferencedBy">
<identifier type="executive communication number">EC-2315</identifier>
</relatedItem>
<extension>
<congress>115</congress>
</extension>
<relatedItem type="isReferencedBy">
<identifier type="executive communication number">EC-2316</identifier>
</relatedItem>
<extension>
<congress>115</congress>
</extension>
<relatedItem type="isReferencedBy">
<identifier type="executive communication number">EC-2317</identifier>
</relatedItem>
<extension>
<congress>115</congress>
</extension>
<relatedItem type="isReferencedBy">
<identifier type="executive communication number">EC-2318</identifier>
</relatedItem>
<extension>
<congress>115</congress>
</extension>
<relatedItem type="isReferencedBy">
<identifier type="executive communication number">EC-2319</identifier>
</relatedItem>
<extension>
<congress>115</congress>
</extension>
<relatedItem type="isReferencedBy">
<identifier type="executive communication number">EC-2320</identifier>
</relatedItem>
<extension>
<congress>115</congress>
</extension>
<relatedItem type="isReferencedBy">
<identifier type="executive communication number">EC-2321</identifier>
</relatedItem>
<extension>
<congress>115</congress>
</extension>
<relatedItem type="isReferencedBy">
<identifier type="executive communication number">EC-2322</identifier>
</relatedItem>
<extension>
<congress>115</congress>
</extension>
<relatedItem type="isReferencedBy">
<identifier type="executive communication number">EC-2323</identifier>
</relatedItem>
<extension>
<congress>115</congress>
</extension>
<relatedItem type="isReferencedBy">
<identifier type="executive communication number">EC-2324</identifier>
</relatedItem>
<extension>
<congress>115</congress>
</extension>
<relatedItem type="isReferencedBy">
<identifier type="executive communication number">EC-2325</identifier>
</relatedItem>
<extension>
<congress>115</congress>
</extension>
<relatedItem type="isReferencedBy">
<identifier type="executive communication number">EC-2326</identifier>
</relatedItem>
<extension>
<congress>115</congress>
</extension>
<relatedItem type="isReferencedBy">
<identifier type="executive communication number">EC-2327</identifier>
</relatedItem>
<extension>
<congress>115</congress>
</extension>
<relatedItem type="isReferencedBy">
<identifier type="executive communication number">EC-2328</identifier>
</relatedItem>
<extension>
<congress>115</congress>
</extension>
<relatedItem type="isReferencedBy">
<identifier type="executive communication number">EC-2329</identifier>
</relatedItem>
<extension>
<congress>115</congress>
</extension>
<relatedItem type="isReferencedBy">
<identifier type="executive communication number">EC-2330</identifier>
</relatedItem>
<extension>
<congress>115</congress>
</extension>
<relatedItem type="isReferencedBy">
<identifier type="executive communication number">EC-2331</identifier>
</relatedItem>
<extension>
<congress>115</congress>
</extension>
<relatedItem type="isReferencedBy">
<identifier type="executive communication number">EC-2332</identifier>
</relatedItem>
<extension>
<congress>115</congress>
</extension>
<relatedItem type="isReferencedBy">
<identifier type="executive communication number">EC-2333</identifier>
</relatedItem>
<extension>
<congress>115</congress>
</extension>
<relatedItem type="isReferencedBy">
<identifier type="executive communication number">EC-2334</identifier>
</relatedItem>
<extension>
<congress>115</congress>
</extension>
<relatedItem type="isReferencedBy">
<identifier type="executive communication number">EC-2335</identifier>
</relatedItem>
<extension>
<congress>115</congress>
</extension>
<relatedItem type="isReferencedBy">
<identifier type="executive communication number">EC-2336</identifier>
</relatedItem>
<extension>
<congress>115</congress>
</extension>
<relatedItem type="isReferencedBy">
<identifier type="executive communication number">EC-2337</identifier>
</relatedItem>
<extension>
<congress>115</congress>
</extension>
<relatedItem type="isReferencedBy">
<identifier type="executive communication number">EC-2338</identifier>
</relatedItem>
<extension>
<congress>115</congress>
</extension>
<relatedItem type="isReferencedBy">
<identifier type="executive communication number">EC-2339</identifier>
</relatedItem>
<extension>
<congress>115</congress>
</extension>
<relatedItem type="isReferencedBy">
<identifier type="executive communication number">EC-2340</identifier>
</relatedItem>
<extension>
<congress>115</congress>
</extension>
<relatedItem type="isReferencedBy">
<identifier type="executive communication number">EC-2341</identifier>
</relatedItem>
<extension>
<congress>115</congress>
</extension>
<relatedItem type="isReferencedBy">
<identifier type="executive communication number">EC-2342</identifier>
</relatedItem>
<extension>
<congress>115</congress>
</extension>
<relatedItem type="isReferencedBy">
<identifier type="executive communication number">EC-2343</identifier>
</relatedItem>
<extension>
<congress>115</congress>
</extension>
<relatedItem type="isReferencedBy">
<identifier type="executive communication number">EC-2344</identifier>
</relatedItem>
<extension>
<congress>115</congress>
</extension>
<relatedItem type="isReferencedBy">
<identifier type="executive communication number">EC-2345</identifier>
</relatedItem>
<extension>
<congress>115</congress>
</extension>
<relatedItem type="isReferencedBy">
<identifier type="executive communication number">EC-2346</identifier>
</relatedItem>
<extension>
<congress>115</congress>
</extension>
<relatedItem type="isReferencedBy">
<identifier type="executive communication number">EC-2347</identifier>
</relatedItem>
<extension>
<congress>115</congress>
</extension>
<relatedItem type="isReferencedBy">
<identifier type="executive communication number">EC-2348</identifier>
</relatedItem>
<extension>
<congress>115</congress>
</extension>
<relatedItem type="isReferencedBy">
<identifier type="executive communication number">EC-2349</identifier>
</relatedItem>
<extension>
<congress>115</congress>
</extension>
<relatedItem type="isReferencedBy">
<identifier type="executive communication number">EC-2350</identifier>
</relatedItem>
<extension>
<congress>115</congress>
</extension>
<relatedItem type="isReferencedBy">
<identifier type="executive communication number">EC-2351</identifier>
</relatedItem>
<extension>
<congress>115</congress>
</extension>
<relatedItem type="isReferencedBy">
<identifier type="executive communication number">EC-2352</identifier>
</relatedItem>
<extension>
<congress>115</congress>
</extension>
<relatedItem type="isReferencedBy">
<identifier type="executive communication number">EC-2353</identifier>
</relatedItem>
<extension>
<congress>115</congress>
</extension>
<relatedItem type="isReferencedBy">
<identifier type="executive communication number">EC-2354</identifier>
</relatedItem>
<extension>
<congress>115</congress>
</extension>
<relatedItem type="isReferencedBy">
<identifier type="executive communication number">EC-2355</identifier>
</relatedItem>
<extension>
<congress>115</congress>
</extension>
<relatedItem type="isReferencedBy">
<identifier type="executive communication number">EC-2356</identifier>
</relatedItem>
<extension>
<congress>115</congress>
</extension>
<relatedItem type="isReferencedBy">
<identifier type="executive communication number">EC-2357</identifier>
</relatedItem>
<extension>
<congress>115</congress>
</extension>
<relatedItem type="isReferencedBy">
<identifier type="executive communication number">EC-2358</identifier>
</relatedItem>
<extension>
<congress>115</congress>
</extension>
<relatedItem type="isReferencedBy">
<identifier type="executive communication number">EC-2359</identifier>
</relatedItem>
<extension>
<congress>115</congress>
</extension>
<relatedItem type="isReferencedBy">
<identifier type="executive communication number">EC-2360</identifier>
</relatedItem>
<extension>
<congress>115</congress>
</extension>
<relatedItem type="isReferencedBy">
<identifier type="executive communication number">EC-2361</identifier>
</relatedItem>
<extension>
<congress>115</congress>
</extension>
<relatedItem type="isReferencedBy">
<identifier type="executive communication number">EC-2362</identifier>
</relatedItem>
<extension>
<congress>115</congress>
</extension>
<relatedItem type="isReferencedBy">
<identifier type="regulation ID number">RIN 3133-AE67</identifier>
</relatedItem>
<relatedItem type="isReferencedBy">
<identifier type="regulation ID number">RIN 3150-AJ73</identifier>
</relatedItem>
<relatedItem type="isReferencedBy">
<identifier type="regulation ID number">RIN 1810- AB27</identifier>
</relatedItem>
<relatedItem type="isReferencedBy">
<identifier type="regulation ID number">RIN 1840-AD07</identifier>
</relatedItem>
<relatedItem type="isReferencedBy">
<identifier type="regulation ID number">RIN 2900-AP93</identifier>
</relatedItem>
<relatedItem type="isReferencedBy">
<identifier type="regulation ID number">RIN 2120-AA65</identifier>
</relatedItem>
<relatedItem type="isReferencedBy">
<identifier type="regulation ID number">RIN 2120- AA65</identifier>
</relatedItem>
<relatedItem type="isReferencedBy">
<identifier type="regulation ID number">RIN 2120-AA65</identifier>
</relatedItem>
<relatedItem type="isReferencedBy">
<identifier type="regulation ID number">RIN 2120- AA65</identifier>
</relatedItem>
<relatedItem type="isReferencedBy">
<identifier type="regulation ID number">RIN 2120-AA64</identifier>
</relatedItem>
<relatedItem type="isReferencedBy">
<identifier type="regulation ID number">RIN 2120-AA64</identifier>
</relatedItem>
<relatedItem type="isReferencedBy">
<identifier type="regulation ID number">RIN 2120-AA64</identifier>
</relatedItem>
<relatedItem type="isReferencedBy">
<identifier type="regulation ID number">RIN 2120-AA64</identifier>
</relatedItem>
<relatedItem type="isReferencedBy">
<identifier type="regulation ID number">RIN 2120-AA64</identifier>
</relatedItem>
<relatedItem type="isReferencedBy">
<identifier type="regulation ID number">RIN 2120-AA64</identifier>
</relatedItem>
<relatedItem type="isReferencedBy">
<identifier type="regulation ID number">RIN 2120-AA64</identifier>
</relatedItem>
<relatedItem type="isReferencedBy">
<identifier type="regulation ID number">RIN 2120-AA64</identifier>
</relatedItem>
<relatedItem type="isReferencedBy">
<identifier type="regulation ID number">RIN 2120-AA64</identifier>
</relatedItem>
<relatedItem type="isReferencedBy">
<identifier type="regulation ID number">RIN 2120-AA64</identifier>
</relatedItem>
<relatedItem type="isReferencedBy">
<identifier type="regulation ID number">RIN 2120-AA64</identifier>
</relatedItem>
<relatedItem type="isReferencedBy">
<identifier type="regulation ID number">RIN 2120-AA64</identifier>
</relatedItem>
<relatedItem type="isReferencedBy">
<identifier type="regulation ID number">RIN 2120-AA64</identifier>
</relatedItem>
<relatedItem type="isReferencedBy">
<identifier type="regulation ID number">RIN 2120-AA64</identifier>
</relatedItem>
<relatedItem type="isReferencedBy">
<identifier type="regulation ID number">RIN 2120-AA64</identifier>
</relatedItem>
<relatedItem type="isReferencedBy">
<identifier type="regulation ID number">RIN 2120-AA64</identifier>
</relatedItem>
<relatedItem type="isReferencedBy">
<identifier type="regulation ID number">RIN 2120-AA64</identifier>
</relatedItem>
<relatedItem type="isReferencedBy">
<identifier type="regulation ID number">RIN 2120-AA64</identifier>
</relatedItem>
<relatedItem type="isReferencedBy">
<identifier type="regulation ID number">RIN 2120-AA64</identifier>
</relatedItem>
<relatedItem type="isReferencedBy">
<identifier type="regulation ID number">RIN 2120-AA64</identifier>
</relatedItem>
<relatedItem type="isReferencedBy">
<identifier type="regulation ID number">RIN 2120-AA64</identifier>
</relatedItem>
<relatedItem type="isReferencedBy">
<identifier type="regulation ID number">RIN 2120-AA64</identifier>
</relatedItem>
<relatedItem type="isReferencedBy">
<identifier type="regulation ID number">RIN 2120-AA64</identifier>
</relatedItem>
<relatedItem type="isReferencedBy">
<identifier type="regulation ID number">RIN 2120-AA64</identifier>
</relatedItem>
<relatedItem type="isReferencedBy">
<identifier type="regulation ID number">RIN 2120-AA64</identifier>
</relatedItem>
<relatedItem type="isReferencedBy">
<identifier type="regulation ID number">RIN 2120-AA66</identifier>
</relatedItem>
<relatedItem type="isReferencedBy">
<identifier type="regulation ID number">RIN 2120-AA66</identifier>
</relatedItem>
<relatedItem type="isReferencedBy">
<identifier type="regulation ID number">RIN 2120-AA66</identifier>
</relatedItem>
<relatedItem type="isReferencedBy">
<identifier type="regulation ID number">RIN 2120-AA66</identifier>
</relatedItem>
<relatedItem type="isReferencedBy">
<identifier type="regulation ID number">RIN 2120-AA66</identifier>
</relatedItem>
<relatedItem type="isReferencedBy">
<identifier type="regulation ID number">RIN 2120-AA66</identifier>
</relatedItem>
<relatedItem type="isReferencedBy">
<identifier type="regulation ID number">RIN 2120-AA66</identifier>
</relatedItem>
<relatedItem type="isReferencedBy">
<identifier type="regulation ID number">RIN 2120-AA66</identifier>
</relatedItem>
<relatedItem type="isReferencedBy">
<identifier type="regulation ID number">RIN 2120-AA66</identifier>
</relatedItem>
<relatedItem type="isReferencedBy">
<identifier type="regulation ID number">RIN 2120-AA66</identifier>
</relatedItem>
<relatedItem type="isReferencedBy">
<identifier type="regulation ID number">RIN 2120-AA66</identifier>
</relatedItem>
<relatedItem type="isReferencedBy">
<identifier type="regulation ID number">RIN 2120-AA66</identifier>
</relatedItem>
<relatedItem type="isReferencedBy">
<identifier type="regulation ID number">RIN 1625-AA09</identifier>
</relatedItem>
<relatedItem type="isReferencedBy">
<identifier type="regulation ID number">RIN 1625-AA08</identifier>
</relatedItem>
<relatedItem type="isReferencedBy">
<identifier type="regulation ID number">RIN 1625-AA00</identifier>
</relatedItem>
<relatedItem type="isReferencedBy">
<identifier type="regulation ID number">RIN 1625-AA00</identifier>
</relatedItem>
<relatedItem type="isReferencedBy">
<identifier type="regulation ID number">RIN 1625-AA00</identifier>
</relatedItem>
<relatedItem type="isReferencedBy">
<identifier type="regulation ID number">RIN 1625-AA00</identifier>
</relatedItem>
<relatedItem type="isReferencedBy">
<identifier type="regulation ID number">RIN 1625-AA00</identifier>
</relatedItem>
<relatedItem type="isReferencedBy">
<identifier type="regulation ID number">RIN 1625-AA00</identifier>
</relatedItem>
<relatedItem type="isReferencedBy">
<identifier type="regulation ID number">RIN 1625-AA00</identifier>
</relatedItem>
<relatedItem type="isReferencedBy">
<identifier type="regulation ID number">RIN 1625-AA00</identifier>
</relatedItem>
<relatedItem type="isReferencedBy">
<identifier type="regulation ID number">RIN 1625-AA00</identifier>
</relatedItem>
<relatedItem type="isReferencedBy">
<identifier type="regulation ID number">RIN 1625-AA00</identifier>
</relatedItem>
<relatedItem type="isReferencedBy">
<identifier type="regulation ID number">RIN 1625-AA00</identifier>
</relatedItem>
<relatedItem type="isReferencedBy">
<identifier type="regulation ID number">RIN 1625-AA00</identifier>
</relatedItem>
<relatedItem type="isReferencedBy">
<identifier type="regulation ID number">RIN 2130-AC60</identifier>
</relatedItem>
<relatedItem type="isReferencedBy">
<identifier type="regulation ID number">RIN 2140-AB27</identifier>
</relatedItem>
<relatedItem ID="P0b002ee197638a6b" type="host">
<titleInfo>
<title>Congressional Record</title>
<partNumber>Vol. 163, no. 125</partNumber>
</titleInfo>
<location>
<url access="object in context" displayLabel="Content Detail">https://www.gpo.gov/fdsys/pkg/CREC-2017-07-25/content-detail.html</url>
<url access="raw object" displayLabel="PDF rendition">https://www.gpo.gov/fdsys/pkg/CREC-2017-07-25/pdf/CREC-2017-07-25.pdf</url>
</location>
<part type="issue">
<extent unit="pages">
<start>H6217</start>
<end>H6300</end>
</extent>
<extent unit="pages">
<start>S4165</start>
<end>S4225</end>
</extent>
<extent unit="pages">
<start>E1043</start>
<end>E1052</end>
</extent>
<extent unit="pages">
<start>D827</start>
<end>D836</end>
</extent>
</part>
<originInfo>
<publisher>U.S. Government Publishing Office</publisher>
<dateIssued encoding="w3cdtf">2017-07-25</dateIssued>
<issuance>continuing</issuance>
<frequency authority="marcfrequency">daily</frequency>
</originInfo>
<physicalDescription>
<note type="source content type">deposited</note>
<digitalOrigin>born digital</digitalOrigin>
<extent>330 p.</extent>
</physicalDescription>
<classification authority="sudocs">X 1.1/A:</classification>
<classification authority="sudocs">X/A.</classification>
<identifier type="uri">https://www.gpo.gov/fdsys/pkg/CREC-2017-07-25</identifier>
<identifier type="local">P0b002ee197638a6b</identifier>
<identifier type="stock number">752-002-00000-2</identifier>
<identifier type="ILS system id">000568013</identifier>
<identifier type="former package identifier">CR25JY17</identifier>
<recordInfo>
<recordContentSource authority="marcorg">DGPO</recordContentSource>
<recordCreationDate encoding="w3cdtf">2017-11-04</recordCreationDate>
<recordChangeDate encoding="w3cdtf">2017-11-04</recordChangeDate>
<recordIdentifier source="DGPO">CREC-2017-07-25</recordIdentifier>
<recordOrigin>machine generated</recordOrigin>
<languageOfCataloging>
<languageTerm authority="iso639-2b" type="code">eng</languageTerm>
</languageOfCataloging>
</recordInfo>
<accessCondition type="GPO scope determination">fdlp</accessCondition>
<extension>
<docClass>CREC</docClass>
<accessId>CREC-2017-07-25</accessId>
<volume>163</volume>
<issue>125</issue>
<congress>115</congress>
<session>1</session>
<bookCount>1</bookCount>
</extension>
</relatedItem>
</mods>