<mods ID="id-CREC-2017-05-09-pt1-PgS2846-3" version="3.3" xmlns="http://www.loc.gov/mods/v3" xmlns:exslt="http://exslt.org/common" xmlns:xlink="http://www.w3.org/1999/xlink" xmlns:xsi="http://www.w3.org/2001/XMLSchema-instance" xsi:schemaLocation="http://www.loc.gov/mods/v3 http://www.loc.gov/standards/mods/v3/mods-3-3.xsd">
<name type="corporate">
<namePart>United States Government Publishing Office</namePart>
<role>
<roleTerm authority="marcrelator" type="text">publisher</roleTerm>
<roleTerm authority="marcrelator" type="code">pbl</roleTerm>
</role>
<role>
<roleTerm authority="marcrelator" type="text">distributor</roleTerm>
<roleTerm authority="marcrelator" type="code">dst</roleTerm>
</role>
</name>
<name type="corporate">
<namePart>United States</namePart>
<namePart>Congress</namePart>
<role>
<roleTerm authority="marcrelator" type="text">author</roleTerm>
<roleTerm authority="marcrelator" type="code">aut</roleTerm>
</role>
<description>Government Organization</description>
</name>
<typeOfResource>text</typeOfResource>
<genre authority="marcgt">government publication</genre>
<language>
<languageTerm authority="iso639-2b" type="code">eng</languageTerm>
</language>
<extension>
<collectionCode>CREC</collectionCode>
<category>Proceedings of Congress and General Congressional Publications</category>
<waisDatabaseName>2017_record</waisDatabaseName>
<branch>legislative</branch>
<dateIngested>2017-05-10</dateIngested>
</extension>
<titleInfo>
<title>ADDITIONAL COSPONSORS</title>
<partName>Senate</partName>
</titleInfo>
<relatedItem type="otherFormat" xlink:href="https://www.gpo.gov/fdsys/pkg/CREC-2017-05-09/html/CREC-2017-05-09-pt1-PgS2846-3.htm">
<identifier type="FDsys Unique ID">D09002ee196a74736</identifier>
</relatedItem>
<relatedItem type="otherFormat" xlink:href="https://www.gpo.gov/fdsys/pkg/CREC-2017-05-09/pdf/CREC-2017-05-09-pt1-PgS2846-3.pdf">
<identifier type="FDsys Unique ID">D09002ee196a74783</identifier>
</relatedItem>
<identifier type="congressional record citation">163 Cong. Rec. S2846</identifier>
<identifier type="uri">https://www.gpo.gov/fdsys/granule/CREC-2017-05-09/CREC-2017-05-09-pt1-PgS2846-3</identifier>
<identifier type="former granule identifier">cr09my17-30</identifier>
<location>
<url access="object in context" displayLabel="Content Detail">https://www.gpo.gov/fdsys/granule/CREC-2017-05-09/CREC-2017-05-09-pt1-PgS2846-3/content-detail.html</url>
<url access="raw object" displayLabel="PDF rendition">https://www.gpo.gov/fdsys/pkg/CREC-2017-05-09/pdf/CREC-2017-05-09-pt1-PgS2846-3.pdf</url>
<url access="raw object" displayLabel="HTML rendition">https://www.gpo.gov/fdsys/pkg/CREC-2017-05-09/html/CREC-2017-05-09-pt1-PgS2846-3.htm</url>
</location>
<physicalDescription>
<extent>2 p.</extent>
</physicalDescription>
<part type="article">
<extent unit="pages">
<start>S2846</start>
<end>S2847</end>
</extent>
</part>
<identifier type="preferred citation">163 Cong. Rec. S2846</identifier>
<extension>
<searchTitle>ADDITIONAL COSPONSORS; Congressional Record Vol. 163, No. 80</searchTitle>
<associatedBills>S. Res. 109, 115th Congress
        </associatedBills>
<associatedBills>S. Res. 139, 115th Congress
        </associatedBills>
<associatedBills>S. Res. 155, 115th Congress
        </associatedBills>
<associatedBills>S. 324, 115th Congress
        </associatedBills>
<associatedBills>S. 422, 115th Congress
        </associatedBills>
<associatedBills>S. 447, 115th Congress
        </associatedBills>
<associatedBills>S. 473, 115th Congress
        </associatedBills>
<associatedBills>S. 540, 115th Congress
        </associatedBills>
<associatedBills>S. 569, 115th Congress
        </associatedBills>
<associatedBills>S. 654, 115th Congress
        </associatedBills>
<associatedBills>S. 656, 115th Congress
        </associatedBills>
<associatedBills>S. 712, 115th Congress
        </associatedBills>
<associatedBills>S. 720, 115th Congress
        </associatedBills>
<associatedBills>S. 765, 115th Congress
        </associatedBills>
<associatedBills>S. 838, 115th Congress
        </associatedBills>
<associatedBills>S. 916, 115th Congress
        </associatedBills>
<associatedBills>S. 926, 115th Congress
        </associatedBills>
<associatedBills>S. 976, 115th Congress
        </associatedBills>
<associatedBills>S. 978, 115th Congress
        </associatedBills>
<associatedBills>S. 985, 115th Congress
        </associatedBills>
<associatedBills>S. 992, 115th Congress
        </associatedBills>
<associatedBills>S. 1034, 115th Congress
        </associatedBills>
<associatedBills>S. 1055, 115th Congress
        </associatedBills>
<granuleClass>SENATE</granuleClass>
<accessId>CREC-2017-05-09-pt1-PgS2846-3</accessId>
<subGranuleClass>SCOSPONSORS</subGranuleClass>
<pagePrefix>S</pagePrefix>
<bookNumber>1</bookNumber>
<chamber>SENATE</chamber>
<granuleDate>2017-05-09</granuleDate>
<bill congress="115" context="HEADERLINE" number="109" type="SRES"/>
<bill congress="115" context="OTHER" number="109" type="SRES"/>
<bill congress="115" context="HEADERLINE" number="139" type="SRES"/>
<bill congress="115" context="OTHER" number="139" type="SRES"/>
<bill congress="115" context="HEADERLINE" number="155" type="SRES"/>
<bill congress="115" context="OTHER" number="155" type="SRES"/>
<bill congress="115" context="HEADERLINE" number="324" type="S"/>
<bill congress="115" context="FIRSTPARAGRAPH" number="324" type="S"/>
<bill congress="115" context="OTHER" number="324" type="S"/>
<bill congress="115" context="HEADERLINE" number="422" type="S"/>
<bill congress="115" context="OTHER" number="422" type="S"/>
<bill congress="115" context="HEADERLINE" number="447" type="S"/>
<bill congress="115" context="OTHER" number="447" type="S"/>
<bill congress="115" context="HEADERLINE" number="473" type="S"/>
<bill congress="115" context="OTHER" number="473" type="S"/>
<bill congress="115" context="HEADERLINE" number="540" type="S"/>
<bill congress="115" context="OTHER" number="540" type="S"/>
<bill congress="115" context="HEADERLINE" number="569" type="S"/>
<bill congress="115" context="OTHER" number="569" type="S"/>
<bill congress="115" context="HEADERLINE" number="654" type="S"/>
<bill congress="115" context="OTHER" number="654" type="S"/>
<bill congress="115" context="HEADERLINE" number="656" type="S"/>
<bill congress="115" context="OTHER" number="656" type="S"/>
<bill congress="115" context="HEADERLINE" number="712" type="S"/>
<bill congress="115" context="OTHER" number="712" type="S"/>
<bill congress="115" context="HEADERLINE" number="720" type="S"/>
<bill congress="115" context="OTHER" number="720" type="S"/>
<bill congress="115" context="HEADERLINE" number="765" type="S"/>
<bill congress="115" context="OTHER" number="765" type="S"/>
<bill congress="115" context="HEADERLINE" number="838" type="S"/>
<bill congress="115" context="OTHER" number="838" type="S"/>
<bill congress="115" context="HEADERLINE" number="916" type="S"/>
<bill congress="115" context="OTHER" number="916" type="S"/>
<bill congress="115" context="HEADERLINE" number="926" type="S"/>
<bill congress="115" context="OTHER" number="926" type="S"/>
<bill congress="115" context="HEADERLINE" number="976" type="S"/>
<bill congress="115" context="OTHER" number="976" type="S"/>
<bill congress="115" context="HEADERLINE" number="978" type="S"/>
<bill congress="115" context="OTHER" number="978" type="S"/>
<bill congress="115" context="HEADERLINE" number="985" type="S"/>
<bill congress="115" context="OTHER" number="985" type="S"/>
<bill congress="115" context="HEADERLINE" number="992" type="S"/>
<bill congress="115" context="OTHER" number="992" type="S"/>
<bill congress="115" context="HEADERLINE" number="1034" type="S"/>
<bill congress="115" context="OTHER" number="1034" type="S"/>
<bill congress="115" context="HEADERLINE" number="1055" type="S"/>
<bill congress="115" context="OTHER" number="1055" type="S"/>
<USCode title="18">
<section number="48"/>
</USCode>
</extension>
<relatedItem type="isReferencedBy">
<titleInfo>
<title>United States Senate Resolution 109  (115th Congress)</title>
</titleInfo>
<identifier type="Congressional Bill citation">S. Res. 109</identifier>
<extension>
<congress>115</congress>
<context>HEADERLINE</context>
</extension>
</relatedItem>
<relatedItem type="isReferencedBy">
<titleInfo>
<title>United States Senate Resolution 109  (115th Congress)</title>
</titleInfo>
<identifier type="Congressional Bill citation">S. Res. 109</identifier>
<extension>
<congress>115</congress>
<context>OTHER</context>
</extension>
</relatedItem>
<relatedItem type="isReferencedBy">
<titleInfo>
<title>United States Senate Resolution 139  (115th Congress)</title>
</titleInfo>
<identifier type="Congressional Bill citation">S. Res. 139</identifier>
<extension>
<congress>115</congress>
<context>HEADERLINE</context>
</extension>
</relatedItem>
<relatedItem type="isReferencedBy">
<titleInfo>
<title>United States Senate Resolution 139  (115th Congress)</title>
</titleInfo>
<identifier type="Congressional Bill citation">S. Res. 139</identifier>
<extension>
<congress>115</congress>
<context>OTHER</context>
</extension>
</relatedItem>
<relatedItem type="isReferencedBy">
<titleInfo>
<title>United States Senate Resolution 155  (115th Congress)</title>
</titleInfo>
<identifier type="Congressional Bill citation">S. Res. 155</identifier>
<extension>
<congress>115</congress>
<context>HEADERLINE</context>
</extension>
</relatedItem>
<relatedItem type="isReferencedBy">
<titleInfo>
<title>United States Senate Resolution 155  (115th Congress)</title>
</titleInfo>
<identifier type="Congressional Bill citation">S. Res. 155</identifier>
<extension>
<congress>115</congress>
<context>OTHER</context>
</extension>
</relatedItem>
<relatedItem type="isReferencedBy">
<titleInfo>
<title>United States Senate Bill 324  (115th Congress)</title>
</titleInfo>
<identifier type="Congressional Bill citation">S. 324</identifier>
<extension>
<congress>115</congress>
<context>HEADERLINE</context>
</extension>
</relatedItem>
<relatedItem type="isReferencedBy">
<titleInfo>
<title>United States Senate Bill 324  (115th Congress)</title>
</titleInfo>
<identifier type="Congressional Bill citation">S. 324</identifier>
<extension>
<congress>115</congress>
<context>FIRSTPARAGRAPH</context>
</extension>
</relatedItem>
<relatedItem type="isReferencedBy">
<titleInfo>
<title>United States Senate Bill 324  (115th Congress)</title>
</titleInfo>
<identifier type="Congressional Bill citation">S. 324</identifier>
<extension>
<congress>115</congress>
<context>OTHER</context>
</extension>
</relatedItem>
<relatedItem type="isReferencedBy">
<titleInfo>
<title>United States Senate Bill 422  (115th Congress)</title>
</titleInfo>
<identifier type="Congressional Bill citation">S. 422</identifier>
<extension>
<congress>115</congress>
<context>HEADERLINE</context>
</extension>
</relatedItem>
<relatedItem type="isReferencedBy">
<titleInfo>
<title>United States Senate Bill 422  (115th Congress)</title>
</titleInfo>
<identifier type="Congressional Bill citation">S. 422</identifier>
<extension>
<congress>115</congress>
<context>OTHER</context>
</extension>
</relatedItem>
<relatedItem type="isReferencedBy">
<titleInfo>
<title>United States Senate Bill 447  (115th Congress)</title>
</titleInfo>
<identifier type="Congressional Bill citation">S. 447</identifier>
<extension>
<congress>115</congress>
<context>HEADERLINE</context>
</extension>
</relatedItem>
<relatedItem type="isReferencedBy">
<titleInfo>
<title>United States Senate Bill 447  (115th Congress)</title>
</titleInfo>
<identifier type="Congressional Bill citation">S. 447</identifier>
<extension>
<congress>115</congress>
<context>OTHER</context>
</extension>
</relatedItem>
<relatedItem type="isReferencedBy">
<titleInfo>
<title>United States Senate Bill 473  (115th Congress)</title>
</titleInfo>
<identifier type="Congressional Bill citation">S. 473</identifier>
<extension>
<congress>115</congress>
<context>HEADERLINE</context>
</extension>
</relatedItem>
<relatedItem type="isReferencedBy">
<titleInfo>
<title>United States Senate Bill 473  (115th Congress)</title>
</titleInfo>
<identifier type="Congressional Bill citation">S. 473</identifier>
<extension>
<congress>115</congress>
<context>OTHER</context>
</extension>
</relatedItem>
<relatedItem type="isReferencedBy">
<titleInfo>
<title>United States Senate Bill 540  (115th Congress)</title>
</titleInfo>
<identifier type="Congressional Bill citation">S. 540</identifier>
<extension>
<congress>115</congress>
<context>HEADERLINE</context>
</extension>
</relatedItem>
<relatedItem type="isReferencedBy">
<titleInfo>
<title>United States Senate Bill 540  (115th Congress)</title>
</titleInfo>
<identifier type="Congressional Bill citation">S. 540</identifier>
<extension>
<congress>115</congress>
<context>OTHER</context>
</extension>
</relatedItem>
<relatedItem type="isReferencedBy">
<titleInfo>
<title>United States Senate Bill 569  (115th Congress)</title>
</titleInfo>
<identifier type="Congressional Bill citation">S. 569</identifier>
<extension>
<congress>115</congress>
<context>HEADERLINE</context>
</extension>
</relatedItem>
<relatedItem type="isReferencedBy">
<titleInfo>
<title>United States Senate Bill 569  (115th Congress)</title>
</titleInfo>
<identifier type="Congressional Bill citation">S. 569</identifier>
<extension>
<congress>115</congress>
<context>OTHER</context>
</extension>
</relatedItem>
<relatedItem type="isReferencedBy">
<titleInfo>
<title>United States Senate Bill 654  (115th Congress)</title>
</titleInfo>
<identifier type="Congressional Bill citation">S. 654</identifier>
<extension>
<congress>115</congress>
<context>HEADERLINE</context>
</extension>
</relatedItem>
<relatedItem type="isReferencedBy">
<titleInfo>
<title>United States Senate Bill 654  (115th Congress)</title>
</titleInfo>
<identifier type="Congressional Bill citation">S. 654</identifier>
<extension>
<congress>115</congress>
<context>OTHER</context>
</extension>
</relatedItem>
<relatedItem type="isReferencedBy">
<titleInfo>
<title>United States Senate Bill 656  (115th Congress)</title>
</titleInfo>
<identifier type="Congressional Bill citation">S. 656</identifier>
<extension>
<congress>115</congress>
<context>HEADERLINE</context>
</extension>
</relatedItem>
<relatedItem type="isReferencedBy">
<titleInfo>
<title>United States Senate Bill 656  (115th Congress)</title>
</titleInfo>
<identifier type="Congressional Bill citation">S. 656</identifier>
<extension>
<congress>115</congress>
<context>OTHER</context>
</extension>
</relatedItem>
<relatedItem type="isReferencedBy">
<titleInfo>
<title>United States Senate Bill 712  (115th Congress)</title>
</titleInfo>
<identifier type="Congressional Bill citation">S. 712</identifier>
<extension>
<congress>115</congress>
<context>HEADERLINE</context>
</extension>
</relatedItem>
<relatedItem type="isReferencedBy">
<titleInfo>
<title>United States Senate Bill 712  (115th Congress)</title>
</titleInfo>
<identifier type="Congressional Bill citation">S. 712</identifier>
<extension>
<congress>115</congress>
<context>OTHER</context>
</extension>
</relatedItem>
<relatedItem type="isReferencedBy">
<titleInfo>
<title>United States Senate Bill 720  (115th Congress)</title>
</titleInfo>
<identifier type="Congressional Bill citation">S. 720</identifier>
<extension>
<congress>115</congress>
<context>HEADERLINE</context>
</extension>
</relatedItem>
<relatedItem type="isReferencedBy">
<titleInfo>
<title>United States Senate Bill 720  (115th Congress)</title>
</titleInfo>
<identifier type="Congressional Bill citation">S. 720</identifier>
<extension>
<congress>115</congress>
<context>OTHER</context>
</extension>
</relatedItem>
<relatedItem type="isReferencedBy">
<titleInfo>
<title>United States Senate Bill 765  (115th Congress)</title>
</titleInfo>
<identifier type="Congressional Bill citation">S. 765</identifier>
<extension>
<congress>115</congress>
<context>HEADERLINE</context>
</extension>
</relatedItem>
<relatedItem type="isReferencedBy">
<titleInfo>
<title>United States Senate Bill 765  (115th Congress)</title>
</titleInfo>
<identifier type="Congressional Bill citation">S. 765</identifier>
<extension>
<congress>115</congress>
<context>OTHER</context>
</extension>
</relatedItem>
<relatedItem type="isReferencedBy">
<titleInfo>
<title>United States Senate Bill 838  (115th Congress)</title>
</titleInfo>
<identifier type="Congressional Bill citation">S. 838</identifier>
<extension>
<congress>115</congress>
<context>HEADERLINE</context>
</extension>
</relatedItem>
<relatedItem type="isReferencedBy">
<titleInfo>
<title>United States Senate Bill 838  (115th Congress)</title>
</titleInfo>
<identifier type="Congressional Bill citation">S. 838</identifier>
<extension>
<congress>115</congress>
<context>OTHER</context>
</extension>
</relatedItem>
<relatedItem type="isReferencedBy">
<titleInfo>
<title>United States Senate Bill 916  (115th Congress)</title>
</titleInfo>
<identifier type="Congressional Bill citation">S. 916</identifier>
<extension>
<congress>115</congress>
<context>HEADERLINE</context>
</extension>
</relatedItem>
<relatedItem type="isReferencedBy">
<titleInfo>
<title>United States Senate Bill 916  (115th Congress)</title>
</titleInfo>
<identifier type="Congressional Bill citation">S. 916</identifier>
<extension>
<congress>115</congress>
<context>OTHER</context>
</extension>
</relatedItem>
<relatedItem type="isReferencedBy">
<titleInfo>
<title>United States Senate Bill 926  (115th Congress)</title>
</titleInfo>
<identifier type="Congressional Bill citation">S. 926</identifier>
<extension>
<congress>115</congress>
<context>HEADERLINE</context>
</extension>
</relatedItem>
<relatedItem type="isReferencedBy">
<titleInfo>
<title>United States Senate Bill 926  (115th Congress)</title>
</titleInfo>
<identifier type="Congressional Bill citation">S. 926</identifier>
<extension>
<congress>115</congress>
<context>OTHER</context>
</extension>
</relatedItem>
<relatedItem type="isReferencedBy">
<titleInfo>
<title>United States Senate Bill 976  (115th Congress)</title>
</titleInfo>
<identifier type="Congressional Bill citation">S. 976</identifier>
<extension>
<congress>115</congress>
<context>HEADERLINE</context>
</extension>
</relatedItem>
<relatedItem type="isReferencedBy">
<titleInfo>
<title>United States Senate Bill 976  (115th Congress)</title>
</titleInfo>
<identifier type="Congressional Bill citation">S. 976</identifier>
<extension>
<congress>115</congress>
<context>OTHER</context>
</extension>
</relatedItem>
<relatedItem type="isReferencedBy">
<titleInfo>
<title>United States Senate Bill 978  (115th Congress)</title>
</titleInfo>
<identifier type="Congressional Bill citation">S. 978</identifier>
<extension>
<congress>115</congress>
<context>HEADERLINE</context>
</extension>
</relatedItem>
<relatedItem type="isReferencedBy">
<titleInfo>
<title>United States Senate Bill 978  (115th Congress)</title>
</titleInfo>
<identifier type="Congressional Bill citation">S. 978</identifier>
<extension>
<congress>115</congress>
<context>OTHER</context>
</extension>
</relatedItem>
<relatedItem type="isReferencedBy">
<titleInfo>
<title>United States Senate Bill 985  (115th Congress)</title>
</titleInfo>
<identifier type="Congressional Bill citation">S. 985</identifier>
<extension>
<congress>115</congress>
<context>HEADERLINE</context>
</extension>
</relatedItem>
<relatedItem type="isReferencedBy">
<titleInfo>
<title>United States Senate Bill 985  (115th Congress)</title>
</titleInfo>
<identifier type="Congressional Bill citation">S. 985</identifier>
<extension>
<congress>115</congress>
<context>OTHER</context>
</extension>
</relatedItem>
<relatedItem type="isReferencedBy">
<titleInfo>
<title>United States Senate Bill 992  (115th Congress)</title>
</titleInfo>
<identifier type="Congressional Bill citation">S. 992</identifier>
<extension>
<congress>115</congress>
<context>HEADERLINE</context>
</extension>
</relatedItem>
<relatedItem type="isReferencedBy">
<titleInfo>
<title>United States Senate Bill 992  (115th Congress)</title>
</titleInfo>
<identifier type="Congressional Bill citation">S. 992</identifier>
<extension>
<congress>115</congress>
<context>OTHER</context>
</extension>
</relatedItem>
<relatedItem type="isReferencedBy">
<titleInfo>
<title>United States Senate Bill 1034  (115th Congress)</title>
</titleInfo>
<identifier type="Congressional Bill citation">S. 1034</identifier>
<extension>
<congress>115</congress>
<context>HEADERLINE</context>
</extension>
</relatedItem>
<relatedItem type="isReferencedBy">
<titleInfo>
<title>United States Senate Bill 1034  (115th Congress)</title>
</titleInfo>
<identifier type="Congressional Bill citation">S. 1034</identifier>
<extension>
<congress>115</congress>
<context>OTHER</context>
</extension>
</relatedItem>
<relatedItem type="isReferencedBy">
<titleInfo>
<title>United States Senate Bill 1055  (115th Congress)</title>
</titleInfo>
<identifier type="Congressional Bill citation">S. 1055</identifier>
<extension>
<congress>115</congress>
<context>HEADERLINE</context>
</extension>
</relatedItem>
<relatedItem type="isReferencedBy">
<titleInfo>
<title>United States Senate Bill 1055  (115th Congress)</title>
</titleInfo>
<identifier type="Congressional Bill citation">S. 1055</identifier>
<extension>
<congress>115</congress>
<context>OTHER</context>
</extension>
</relatedItem>
<relatedItem type="isReferencedBy">
<titleInfo>
<title>United States Code</title>
<partNumber>Title 18 Section 48</partNumber>
</titleInfo>
<identifier type="USC citation">18 U.S.C. 48</identifier>
</relatedItem>
<relatedItem ID="P0b002ee194d1ef5f" type="host">
<titleInfo>
<title>Congressional Record</title>
<partNumber>Vol. 163, no. 80</partNumber>
</titleInfo>
<location>
<url access="object in context" displayLabel="Content Detail">https://www.gpo.gov/fdsys/pkg/CREC-2017-05-09/content-detail.html</url>
<url access="raw object" displayLabel="PDF rendition">https://www.gpo.gov/fdsys/pkg/CREC-2017-05-09/pdf/CREC-2017-05-09.pdf</url>
</location>
<part type="issue">
<extent unit="pages">
<start>S2821</start>
<end>S2849</end>
</extent>
<extent unit="pages">
<start>D508</start>
<end>D512</end>
</extent>
</part>
<originInfo>
<publisher>U.S. Government Publishing Office</publisher>
<dateIssued encoding="w3cdtf">2017-05-09</dateIssued>
<issuance>continuing</issuance>
<frequency authority="marcfrequency">daily</frequency>
</originInfo>
<physicalDescription>
<note type="source content type">deposited</note>
<digitalOrigin>born digital</digitalOrigin>
<extent>68 p.</extent>
</physicalDescription>
<classification authority="sudocs">X 1.1/A:</classification>
<classification authority="sudocs">X/A.</classification>
<identifier type="uri">https://www.gpo.gov/fdsys/pkg/CREC-2017-05-09</identifier>
<identifier type="local">P0b002ee194d1ef5f</identifier>
<identifier type="stock number">752-002-00000-2</identifier>
<identifier type="ILS system id">000568013</identifier>
<identifier type="former package identifier">cr09my17</identifier>
<recordInfo>
<recordContentSource authority="marcorg">DGPO</recordContentSource>
<recordCreationDate encoding="w3cdtf">2017-05-10</recordCreationDate>
<recordChangeDate encoding="w3cdtf">2017-08-21</recordChangeDate>
<recordIdentifier source="DGPO">CREC-2017-05-09</recordIdentifier>
<recordOrigin>machine generated</recordOrigin>
<languageOfCataloging>
<languageTerm authority="iso639-2b" type="code">eng</languageTerm>
</languageOfCataloging>
</recordInfo>
<accessCondition type="GPO scope determination">fdlp</accessCondition>
<extension>
<docClass>CREC</docClass>
<accessId>CREC-2017-05-09</accessId>
<volume>163</volume>
<issue>80</issue>
<congress>115</congress>
<session>1</session>
<bookCount>1</bookCount>
</extension>
</relatedItem>
</mods>