<mods ID="id-CREC-2017-05-24-pt1-PgH4569-11" version="3.3" xmlns="http://www.loc.gov/mods/v3" xmlns:exslt="http://exslt.org/common" xmlns:xlink="http://www.w3.org/1999/xlink" xmlns:xsi="http://www.w3.org/2001/XMLSchema-instance" xsi:schemaLocation="http://www.loc.gov/mods/v3 http://www.loc.gov/standards/mods/v3/mods-3-3.xsd">
<name type="corporate">
<namePart>United States Government Publishing Office</namePart>
<role>
<roleTerm authority="marcrelator" type="text">publisher</roleTerm>
<roleTerm authority="marcrelator" type="code">pbl</roleTerm>
</role>
<role>
<roleTerm authority="marcrelator" type="text">distributor</roleTerm>
<roleTerm authority="marcrelator" type="code">dst</roleTerm>
</role>
</name>
<name type="corporate">
<namePart>United States</namePart>
<namePart>Congress</namePart>
<role>
<roleTerm authority="marcrelator" type="text">author</roleTerm>
<roleTerm authority="marcrelator" type="code">aut</roleTerm>
</role>
<description>Government Organization</description>
</name>
<typeOfResource>text</typeOfResource>
<genre authority="marcgt">government publication</genre>
<language>
<languageTerm authority="iso639-2b" type="code">eng</languageTerm>
</language>
<extension>
<collectionCode>CREC</collectionCode>
<category>Proceedings of Congress and General Congressional Publications</category>
<waisDatabaseName>2017_record</waisDatabaseName>
<branch>legislative</branch>
<dateIngested>2017-09-21</dateIngested>
</extension>
<titleInfo>
<title>Constitutional Authority Statement for H.R. 2626</title>
<partName>House</partName>
</titleInfo>
<relatedItem type="otherFormat" xlink:href="https://www.gpo.gov/fdsys/pkg/CREC-2017-05-24/html/CREC-2017-05-24-pt1-PgH4569-11.htm">
<identifier type="FDsys Unique ID">D09002ee196f9a926</identifier>
</relatedItem>
<relatedItem type="otherFormat" xlink:href="https://www.gpo.gov/fdsys/pkg/CREC-2017-05-24/pdf/CREC-2017-05-24-pt1-PgH4569-11.pdf">
<identifier type="FDsys Unique ID">D09002ee196f9aac5</identifier>
</relatedItem>
<identifier type="congressional record citation">163 Cong. Rec. H4569</identifier>
<identifier type="uri">https://www.gpo.gov/fdsys/granule/CREC-2017-05-24/CREC-2017-05-24-pt1-PgH4569-11</identifier>
<identifier type="former granule identifier">CR24MY17-151</identifier>
<location>
<url access="object in context" displayLabel="Content Detail">https://www.gpo.gov/fdsys/granule/CREC-2017-05-24/CREC-2017-05-24-pt1-PgH4569-11/content-detail.html</url>
<url access="raw object" displayLabel="PDF rendition">https://www.gpo.gov/fdsys/pkg/CREC-2017-05-24/pdf/CREC-2017-05-24-pt1-PgH4569-11.pdf</url>
<url access="raw object" displayLabel="HTML rendition">https://www.gpo.gov/fdsys/pkg/CREC-2017-05-24/html/CREC-2017-05-24-pt1-PgH4569-11.htm</url>
</location>
<physicalDescription>
<extent>1 p.</extent>
</physicalDescription>
<part type="article">
<extent unit="pages">
<start>H4569</start>
<end>H4569</end>
</extent>
</part>
<identifier type="preferred citation">163 Cong. Rec. H4569</identifier>
<extension>
<searchTitle>Constitutional Authority Statement for H.R. 2626; Congressional Record Vol. 163, No. 90</searchTitle>
<granuleClass>HOUSE</granuleClass>
<accessId>CREC-2017-05-24-pt1-PgH4569-11</accessId>
<subGranuleClass>CASTATEMENT</subGranuleClass>
<pagePrefix>H</pagePrefix>
<bookNumber>1</bookNumber>
<chamber>HOUSE</chamber>
<granuleDate>2017-05-24</granuleDate>
<time from="19:00:00" to="19:00:00"/>
<bill congress="115" context="TITLE" number="2626" type="HR"/>
</extension>
<relatedItem type="isReferencedBy">
<titleInfo>
<title>United States House Bill 2626  (115th Congress)</title>
</titleInfo>
<identifier type="Congressional Bill citation">H.R. 2626</identifier>
<extension>
<congress>115</congress>
<context>TITLE</context>
</extension>
</relatedItem>
<relatedItem ID="P0b002ee196f97d93" type="host">
<titleInfo>
<title>Congressional Record</title>
<partNumber>Vol. 163, no. 90</partNumber>
</titleInfo>
<location>
<url access="object in context" displayLabel="Content Detail">https://www.gpo.gov/fdsys/pkg/CREC-2017-05-24/content-detail.html</url>
<url access="raw object" displayLabel="PDF rendition">https://www.gpo.gov/fdsys/pkg/CREC-2017-05-24/pdf/CREC-2017-05-24.pdf</url>
</location>
<part type="issue">
<extent unit="pages">
<start>H4507</start>
<end>H4571</end>
</extent>
<extent unit="pages">
<start>S3103</start>
<end>S3157</end>
</extent>
<extent unit="pages">
<start>E705</start>
<end>E717</end>
</extent>
<extent unit="pages">
<start>D576</start>
<end>D584</end>
</extent>
</part>
<originInfo>
<publisher>U.S. Government Publishing Office</publisher>
<dateIssued encoding="w3cdtf">2017-05-24</dateIssued>
<issuance>continuing</issuance>
<frequency authority="marcfrequency">daily</frequency>
</originInfo>
<physicalDescription>
<note type="source content type">deposited</note>
<digitalOrigin>born digital</digitalOrigin>
<extent>284 p.</extent>
</physicalDescription>
<classification authority="sudocs">X 1.1/A:</classification>
<classification authority="sudocs">X/A.</classification>
<identifier type="uri">https://www.gpo.gov/fdsys/pkg/CREC-2017-05-24</identifier>
<identifier type="local">P0b002ee196f97d93</identifier>
<identifier type="stock number">752-002-00000-2</identifier>
<identifier type="ILS system id">000568013</identifier>
<identifier type="former package identifier">CR24MY17</identifier>
<recordInfo>
<recordContentSource authority="marcorg">DGPO</recordContentSource>
<recordCreationDate encoding="w3cdtf">2017-09-21</recordCreationDate>
<recordChangeDate encoding="w3cdtf">2017-09-21</recordChangeDate>
<recordIdentifier source="DGPO">CREC-2017-05-24</recordIdentifier>
<recordOrigin>machine generated</recordOrigin>
<languageOfCataloging>
<languageTerm authority="iso639-2b" type="code">eng</languageTerm>
</languageOfCataloging>
</recordInfo>
<accessCondition type="GPO scope determination">fdlp</accessCondition>
<extension>
<docClass>CREC</docClass>
<accessId>CREC-2017-05-24</accessId>
<volume>163</volume>
<issue>90</issue>
<congress>115</congress>
<session>1</session>
<bookCount>1</bookCount>
</extension>
</relatedItem>
</mods>