<mods ID="id-CREC-2017-04-06-pt1-PgH2767-8" version="3.3" xmlns="http://www.loc.gov/mods/v3" xmlns:exslt="http://exslt.org/common" xmlns:xlink="http://www.w3.org/1999/xlink" xmlns:xsi="http://www.w3.org/2001/XMLSchema-instance" xsi:schemaLocation="http://www.loc.gov/mods/v3 http://www.loc.gov/standards/mods/v3/mods-3-3.xsd">
<name type="corporate">
<namePart>United States Government Publishing Office</namePart>
<role>
<roleTerm authority="marcrelator" type="text">publisher</roleTerm>
<roleTerm authority="marcrelator" type="code">pbl</roleTerm>
</role>
<role>
<roleTerm authority="marcrelator" type="text">distributor</roleTerm>
<roleTerm authority="marcrelator" type="code">dst</roleTerm>
</role>
</name>
<name type="corporate">
<namePart>United States</namePart>
<namePart>Congress</namePart>
<role>
<roleTerm authority="marcrelator" type="text">author</roleTerm>
<roleTerm authority="marcrelator" type="code">aut</roleTerm>
</role>
<description>Government Organization</description>
</name>
<typeOfResource>text</typeOfResource>
<genre authority="marcgt">government publication</genre>
<language>
<languageTerm authority="iso639-2b" type="code">eng</languageTerm>
</language>
<extension>
<collectionCode>CREC</collectionCode>
<category>Proceedings of Congress and General Congressional Publications</category>
<waisDatabaseName>2017_record</waisDatabaseName>
<branch>legislative</branch>
<dateIngested>2017-09-12</dateIngested>
</extension>
<titleInfo>
<title>CONTINUATION OF THE NATIONAL EMERGENCY WITH RESPECT TO SOMALIA--MESSAGE FROM THE PRESIDENT OF THE UNITED STATES (H. DOC. NO. 115-28)</title>
<partName>House</partName>
</titleInfo>
<relatedItem type="otherFormat" xlink:href="https://www.gpo.gov/fdsys/pkg/CREC-2017-04-06/html/CREC-2017-04-06-pt1-PgH2767-8.htm">
<identifier type="FDsys Unique ID">D09002ee196e5a75c</identifier>
</relatedItem>
<relatedItem type="otherFormat" xlink:href="https://www.gpo.gov/fdsys/pkg/CREC-2017-04-06/pdf/CREC-2017-04-06-pt1-PgH2767-8.pdf">
<identifier type="FDsys Unique ID">D09002ee196e5a967</identifier>
</relatedItem>
<identifier type="congressional record citation">163 Cong. Rec. H2767</identifier>
<identifier type="uri">https://www.gpo.gov/fdsys/granule/CREC-2017-04-06/CREC-2017-04-06-pt1-PgH2767-8</identifier>
<identifier type="former granule identifier">CR06AP17-108</identifier>
<location>
<url access="object in context" displayLabel="Content Detail">https://www.gpo.gov/fdsys/granule/CREC-2017-04-06/CREC-2017-04-06-pt1-PgH2767-8/content-detail.html</url>
<url access="raw object" displayLabel="PDF rendition">https://www.gpo.gov/fdsys/pkg/CREC-2017-04-06/pdf/CREC-2017-04-06-pt1-PgH2767-8.pdf</url>
<url access="raw object" displayLabel="HTML rendition">https://www.gpo.gov/fdsys/pkg/CREC-2017-04-06/html/CREC-2017-04-06-pt1-PgH2767-8.htm</url>
</location>
<physicalDescription>
<extent>2 p.</extent>
</physicalDescription>
<part type="article">
<extent unit="pages">
<start>H2767</start>
<end>H2768</end>
</extent>
</part>
<name type="corporate">
<namePart>United States</namePart>
<namePart>Congress</namePart>
<namePart>House of Representatives</namePart>
<namePart>Committee on Foreign Affairs</namePart>
<role>
<roleTerm authority="marcrelator" type="text">associated name</roleTerm>
<roleTerm authority="marcrelator" type="code">asn</roleTerm>
</role>
<description>Government Organization</description>
</name>
<identifier type="preferred citation">163 Cong. Rec. H2767</identifier>
<extension>
<searchTitle>CONTINUATION OF THE NATIONAL EMERGENCY WITH RESPECT TO SOMALIA--MESSAGE FROM THE PRESIDENT OF THE UNITED STATES (H. DOC. NO. 115-28); Congressional Record Vol. 163, No. 60</searchTitle>
<granuleClass>HOUSE</granuleClass>
<accessId>CREC-2017-04-06-pt1-PgH2767-8</accessId>
<subGranuleClass>ALLOTHER</subGranuleClass>
<pagePrefix>H</pagePrefix>
<bookNumber>1</bookNumber>
<chamber>HOUSE</chamber>
<granuleDate>2017-04-06</granuleDate>
<time from="10:31:00" to="10:31:00"/>
<congCommittee authorityId="hsfa00" chamber="H" congress="115" type="S">
<name type="authority-standard">Committee on Foreign Affairs</name>
<name type="authority-short">Foreign Affairs</name>
</congCommittee>
<USCode title="50">
<section detail="(d)" number="1622"/>
</USCode>
<congDoc congress="115" number="28" type="H"/>
</extension>
<relatedItem type="isReferencedBy">
<titleInfo>
<title>United States Code</title>
<partNumber>Title 50 Section 1622(d)</partNumber>
</titleInfo>
<identifier type="USC citation">50 U.S.C. 1622(d)</identifier>
</relatedItem>
<relatedItem type="isReferencedBy">
<titleInfo>
<title>United States H. Doc. 28 (115th Congress)</title>
</titleInfo>
<identifier type="congressional document citation">H. Doc. 115-28</identifier>
<extension>
<congress>115</congress>
</extension>
</relatedItem>
<relatedItem ID="P0b002ee196e59f28" type="host">
<titleInfo>
<title>Congressional Record</title>
<partNumber>Vol. 163, no. 60</partNumber>
</titleInfo>
<location>
<url access="object in context" displayLabel="Content Detail">https://www.gpo.gov/fdsys/pkg/CREC-2017-04-06/content-detail.html</url>
<url access="raw object" displayLabel="PDF rendition">https://www.gpo.gov/fdsys/pkg/CREC-2017-04-06/pdf/CREC-2017-04-06.pdf</url>
</location>
<part type="issue">
<extent unit="pages">
<start>H2757</start>
<end>H2794</end>
</extent>
<extent unit="pages">
<start>E469</start>
<end>E489</end>
</extent>
<extent unit="pages">
<start>D417</start>
<end>D420</end>
</extent>
</part>
<originInfo>
<publisher>U.S. Government Publishing Office</publisher>
<dateIssued encoding="w3cdtf">2017-04-06</dateIssued>
<issuance>continuing</issuance>
<frequency authority="marcfrequency">daily</frequency>
</originInfo>
<physicalDescription>
<note type="source content type">deposited</note>
<digitalOrigin>born digital</digitalOrigin>
<extent>126 p.</extent>
</physicalDescription>
<classification authority="sudocs">X 1.1/A:</classification>
<classification authority="sudocs">X/A.</classification>
<identifier type="uri">https://www.gpo.gov/fdsys/pkg/CREC-2017-04-06</identifier>
<identifier type="local">P0b002ee196e59f28</identifier>
<identifier type="stock number">752-002-00000-2</identifier>
<identifier type="ILS system id">000568013</identifier>
<identifier type="former package identifier">CR06AP17</identifier>
<recordInfo>
<recordContentSource authority="marcorg">DGPO</recordContentSource>
<recordCreationDate encoding="w3cdtf">2017-09-12</recordCreationDate>
<recordChangeDate encoding="w3cdtf">2017-09-12</recordChangeDate>
<recordIdentifier source="DGPO">CREC-2017-04-06</recordIdentifier>
<recordOrigin>machine generated</recordOrigin>
<languageOfCataloging>
<languageTerm authority="iso639-2b" type="code">eng</languageTerm>
</languageOfCataloging>
</recordInfo>
<accessCondition type="GPO scope determination">fdlp</accessCondition>
<extension>
<docClass>CREC</docClass>
<accessId>CREC-2017-04-06</accessId>
<volume>163</volume>
<issue>60</issue>
<congress>115</congress>
<session>1</session>
<bookCount>1</bookCount>
</extension>
</relatedItem>
</mods>