<mods ID="id-CREC-2017-05-02-pt1-PgH3067-5" version="3.3" xmlns="http://www.loc.gov/mods/v3" xmlns:exslt="http://exslt.org/common" xmlns:xlink="http://www.w3.org/1999/xlink" xmlns:xsi="http://www.w3.org/2001/XMLSchema-instance" xsi:schemaLocation="http://www.loc.gov/mods/v3 http://www.loc.gov/standards/mods/v3/mods-3-3.xsd">
<name type="corporate">
<namePart>United States Government Publishing Office</namePart>
<role>
<roleTerm authority="marcrelator" type="text">publisher</roleTerm>
<roleTerm authority="marcrelator" type="code">pbl</roleTerm>
</role>
<role>
<roleTerm authority="marcrelator" type="text">distributor</roleTerm>
<roleTerm authority="marcrelator" type="code">dst</roleTerm>
</role>
</name>
<name type="corporate">
<namePart>United States</namePart>
<namePart>Congress</namePart>
<role>
<roleTerm authority="marcrelator" type="text">author</roleTerm>
<roleTerm authority="marcrelator" type="code">aut</roleTerm>
</role>
<description>Government Organization</description>
</name>
<typeOfResource>text</typeOfResource>
<genre authority="marcgt">government publication</genre>
<language>
<languageTerm authority="iso639-2b" type="code">eng</languageTerm>
</language>
<extension>
<collectionCode>CREC</collectionCode>
<category>Proceedings of Congress and General Congressional Publications</category>
<waisDatabaseName>2017_record</waisDatabaseName>
<branch>legislative</branch>
<dateIngested>2017-09-19</dateIngested>
</extension>
<titleInfo>
<title>Constitutional Authority Statement for H.R. 2284</title>
<partName>House</partName>
</titleInfo>
<relatedItem type="otherFormat" xlink:href="https://www.gpo.gov/fdsys/pkg/CREC-2017-05-02/html/CREC-2017-05-02-pt1-PgH3067-5.htm">
<identifier type="FDsys Unique ID">D09002ee196f3f853</identifier>
</relatedItem>
<relatedItem type="otherFormat" xlink:href="https://www.gpo.gov/fdsys/pkg/CREC-2017-05-02/pdf/CREC-2017-05-02-pt1-PgH3067-5.pdf">
<identifier type="FDsys Unique ID">D09002ee196f3f918</identifier>
</relatedItem>
<identifier type="congressional record citation">163 Cong. Rec. H3067</identifier>
<identifier type="uri">https://www.gpo.gov/fdsys/granule/CREC-2017-05-02/CREC-2017-05-02-pt1-PgH3067-5</identifier>
<identifier type="former granule identifier">CR02MY17-121</identifier>
<location>
<url access="object in context" displayLabel="Content Detail">https://www.gpo.gov/fdsys/granule/CREC-2017-05-02/CREC-2017-05-02-pt1-PgH3067-5/content-detail.html</url>
<url access="raw object" displayLabel="PDF rendition">https://www.gpo.gov/fdsys/pkg/CREC-2017-05-02/pdf/CREC-2017-05-02-pt1-PgH3067-5.pdf</url>
<url access="raw object" displayLabel="HTML rendition">https://www.gpo.gov/fdsys/pkg/CREC-2017-05-02/html/CREC-2017-05-02-pt1-PgH3067-5.htm</url>
</location>
<physicalDescription>
<extent>1 p.</extent>
</physicalDescription>
<part type="article">
<extent unit="pages">
<start>H3067</start>
<end>H3067</end>
</extent>
</part>
<identifier type="preferred citation">163 Cong. Rec. H3067</identifier>
<extension>
<searchTitle>Constitutional Authority Statement for H.R. 2284; Congressional Record Vol. 163, No. 75</searchTitle>
<granuleClass>HOUSE</granuleClass>
<accessId>CREC-2017-05-02-pt1-PgH3067-5</accessId>
<subGranuleClass>CASTATEMENT</subGranuleClass>
<pagePrefix>H</pagePrefix>
<bookNumber>1</bookNumber>
<chamber>HOUSE</chamber>
<granuleDate>2017-05-02</granuleDate>
<time from="19:45:00" to="19:45:00"/>
<bill congress="115" context="TITLE" number="2284" type="HR"/>
</extension>
<relatedItem type="isReferencedBy">
<titleInfo>
<title>United States House Bill 2284  (115th Congress)</title>
</titleInfo>
<identifier type="Congressional Bill citation">H.R. 2284</identifier>
<extension>
<congress>115</congress>
<context>TITLE</context>
</extension>
</relatedItem>
<relatedItem ID="P0b002ee196f3f45d" type="host">
<titleInfo>
<title>Congressional Record</title>
<partNumber>Vol. 163, no. 75</partNumber>
</titleInfo>
<location>
<url access="object in context" displayLabel="Content Detail">https://www.gpo.gov/fdsys/pkg/CREC-2017-05-02/content-detail.html</url>
<url access="raw object" displayLabel="PDF rendition">https://www.gpo.gov/fdsys/pkg/CREC-2017-05-02/pdf/CREC-2017-05-02.pdf</url>
</location>
<part type="issue">
<extent unit="pages">
<start>H3005</start>
<end>H3069</end>
</extent>
<extent unit="pages">
<start>S2659</start>
<end>S2685</end>
</extent>
<extent unit="pages">
<start>E581</start>
<end>E588</end>
</extent>
<extent unit="pages">
<start>D478</start>
<end>D484</end>
</extent>
</part>
<originInfo>
<publisher>U.S. Government Publishing Office</publisher>
<dateIssued encoding="w3cdtf">2017-05-02</dateIssued>
<issuance>continuing</issuance>
<frequency authority="marcfrequency">daily</frequency>
</originInfo>
<physicalDescription>
<note type="source content type">deposited</note>
<digitalOrigin>born digital</digitalOrigin>
<extent>214 p.</extent>
</physicalDescription>
<classification authority="sudocs">X 1.1/A:</classification>
<classification authority="sudocs">X/A.</classification>
<identifier type="uri">https://www.gpo.gov/fdsys/pkg/CREC-2017-05-02</identifier>
<identifier type="local">P0b002ee196f3f45d</identifier>
<identifier type="stock number">752-002-00000-2</identifier>
<identifier type="ILS system id">000568013</identifier>
<identifier type="former package identifier">CR02MY17</identifier>
<recordInfo>
<recordContentSource authority="marcorg">DGPO</recordContentSource>
<recordCreationDate encoding="w3cdtf">2017-09-19</recordCreationDate>
<recordChangeDate encoding="w3cdtf">2017-09-19</recordChangeDate>
<recordIdentifier source="DGPO">CREC-2017-05-02</recordIdentifier>
<recordOrigin>machine generated</recordOrigin>
<languageOfCataloging>
<languageTerm authority="iso639-2b" type="code">eng</languageTerm>
</languageOfCataloging>
</recordInfo>
<accessCondition type="GPO scope determination">fdlp</accessCondition>
<extension>
<docClass>CREC</docClass>
<accessId>CREC-2017-05-02</accessId>
<volume>163</volume>
<issue>75</issue>
<congress>115</congress>
<session>1</session>
<bookCount>1</bookCount>
</extension>
</relatedItem>
</mods>