<mods ID="id-CREC-2017-06-27-pt1-PgH5220-3" version="3.3" xmlns="http://www.loc.gov/mods/v3" xmlns:exslt="http://exslt.org/common" xmlns:xlink="http://www.w3.org/1999/xlink" xmlns:xsi="http://www.w3.org/2001/XMLSchema-instance" xsi:schemaLocation="http://www.loc.gov/mods/v3 http://www.loc.gov/standards/mods/v3/mods-3-3.xsd">
<name type="corporate">
<namePart>United States Government Publishing Office</namePart>
<role>
<roleTerm authority="marcrelator" type="text">publisher</roleTerm>
<roleTerm authority="marcrelator" type="code">pbl</roleTerm>
</role>
<role>
<roleTerm authority="marcrelator" type="text">distributor</roleTerm>
<roleTerm authority="marcrelator" type="code">dst</roleTerm>
</role>
</name>
<name type="corporate">
<namePart>United States</namePart>
<namePart>Congress</namePart>
<role>
<roleTerm authority="marcrelator" type="text">author</roleTerm>
<roleTerm authority="marcrelator" type="code">aut</roleTerm>
</role>
<description>Government Organization</description>
</name>
<typeOfResource>text</typeOfResource>
<genre authority="marcgt">government publication</genre>
<language>
<languageTerm authority="iso639-2b" type="code">eng</languageTerm>
</language>
<extension>
<collectionCode>CREC</collectionCode>
<category>Proceedings of Congress and General Congressional Publications</category>
<waisDatabaseName>2017_record</waisDatabaseName>
<branch>legislative</branch>
<dateIngested>2017-06-28</dateIngested>
</extension>
<titleInfo>
<title>CONGRESSIONALLY DIRECTED FUNDING TO VETTED WATER RESOURCE DEVELOPMENT PROJECTS</title>
<partName>House</partName>
</titleInfo>
<relatedItem type="otherFormat" xlink:href="https://www.gpo.gov/fdsys/pkg/CREC-2017-06-27/html/CREC-2017-06-27-pt1-PgH5220-3.htm">
<identifier type="FDsys Unique ID">D09002ee196a78aef</identifier>
</relatedItem>
<relatedItem type="otherFormat" xlink:href="https://www.gpo.gov/fdsys/pkg/CREC-2017-06-27/pdf/CREC-2017-06-27-pt1-PgH5220-3.pdf">
<identifier type="FDsys Unique ID">D09002ee196a78b97</identifier>
</relatedItem>
<identifier type="congressional record citation">163 Cong. Rec. H5220</identifier>
<identifier type="uri">https://www.gpo.gov/fdsys/granule/CREC-2017-06-27/CREC-2017-06-27-pt1-PgH5220-3</identifier>
<identifier type="former granule identifier">cr27jn17-111</identifier>
<location>
<url access="object in context" displayLabel="Content Detail">https://www.gpo.gov/fdsys/granule/CREC-2017-06-27/CREC-2017-06-27-pt1-PgH5220-3/content-detail.html</url>
<url access="raw object" displayLabel="PDF rendition">https://www.gpo.gov/fdsys/pkg/CREC-2017-06-27/pdf/CREC-2017-06-27-pt1-PgH5220-3.pdf</url>
<url access="raw object" displayLabel="HTML rendition">https://www.gpo.gov/fdsys/pkg/CREC-2017-06-27/html/CREC-2017-06-27-pt1-PgH5220-3.htm</url>
</location>
<physicalDescription>
<extent>1 p.</extent>
</physicalDescription>
<part type="article">
<extent unit="pages">
<start>H5220</start>
<end>H5220</end>
</extent>
</part>
<name type="personal">
<namePart>Thomas J. Rooney</namePart>
<affiliation>United States House of Representatives</affiliation>
<role>
<roleTerm type="text">speaking</roleTerm>
</role>
<description>United States Congress Member</description>
</name>
<identifier type="preferred citation">163 Cong. Rec. H5220</identifier>
<extension>
<searchTitle>CONGRESSIONALLY DIRECTED FUNDING TO VETTED WATER RESOURCE DEVELOPMENT PROJECTS; Congressional Record Vol. 163, No. 110</searchTitle>
<granuleClass>HOUSE</granuleClass>
<accessId>CREC-2017-06-27-pt1-PgH5220-3</accessId>
<subGranuleClass>ALLOTHER</subGranuleClass>
<pagePrefix>H</pagePrefix>
<bookNumber>1</bookNumber>
<chamber>HOUSE</chamber>
<granuleDate>2017-06-27</granuleDate>
<time from="16:30:00" to="16:30:00"/>
<congMember authorityId="1916" bioGuideId="R000583" chamber="H" congress="115" gpoId="7888" party="R" role="SPEAKING" state="FL">
<name type="parsed">Mr. THOMAS J. ROONEY of Florida</name>
<name type="authority-fnf">Thomas J. Rooney</name>
<name type="authority-lnf">Rooney, Thomas J.</name>
<name type="authority-other">Mr. Thomas Rooney</name>
</congMember>
</extension>
<relatedItem ID="P0b002ee1955c485f" type="host">
<titleInfo>
<title>Congressional Record</title>
<partNumber>Vol. 163, no. 110</partNumber>
</titleInfo>
<location>
<url access="object in context" displayLabel="Content Detail">https://www.gpo.gov/fdsys/pkg/CREC-2017-06-27/content-detail.html</url>
<url access="raw object" displayLabel="PDF rendition">https://www.gpo.gov/fdsys/pkg/CREC-2017-06-27/pdf/CREC-2017-06-27.pdf</url>
</location>
<part type="issue">
<extent unit="pages">
<start>H5183</start>
<end>H5234</end>
</extent>
<extent unit="pages">
<start>S3781</start>
<end>S3806</end>
</extent>
<extent unit="pages">
<start>E907</start>
<end>E912</end>
</extent>
<extent unit="pages">
<start>D708</start>
<end>D714</end>
</extent>
</part>
<originInfo>
<publisher>U.S. Government Publishing Office</publisher>
<dateIssued encoding="w3cdtf">2017-06-27</dateIssued>
<issuance>continuing</issuance>
<frequency authority="marcfrequency">daily</frequency>
</originInfo>
<physicalDescription>
<note type="source content type">deposited</note>
<digitalOrigin>born digital</digitalOrigin>
<extent>182 p.</extent>
</physicalDescription>
<classification authority="sudocs">X 1.1/A:</classification>
<classification authority="sudocs">X/A.</classification>
<identifier type="uri">https://www.gpo.gov/fdsys/pkg/CREC-2017-06-27</identifier>
<identifier type="local">P0b002ee1955c485f</identifier>
<identifier type="stock number">752-002-00000-2</identifier>
<identifier type="ILS system id">000568013</identifier>
<identifier type="former package identifier">cr27jn17</identifier>
<recordInfo>
<recordContentSource authority="marcorg">DGPO</recordContentSource>
<recordCreationDate encoding="w3cdtf">2017-06-28</recordCreationDate>
<recordChangeDate encoding="w3cdtf">2017-08-21</recordChangeDate>
<recordIdentifier source="DGPO">CREC-2017-06-27</recordIdentifier>
<recordOrigin>machine generated</recordOrigin>
<languageOfCataloging>
<languageTerm authority="iso639-2b" type="code">eng</languageTerm>
</languageOfCataloging>
</recordInfo>
<accessCondition type="GPO scope determination">fdlp</accessCondition>
<extension>
<docClass>CREC</docClass>
<accessId>CREC-2017-06-27</accessId>
<volume>163</volume>
<issue>110</issue>
<congress>115</congress>
<session>1</session>
<bookCount>1</bookCount>
</extension>
</relatedItem>
</mods>