<mods ID="id-CREC-2017-07-20-pt1-PgS4116-2" version="3.3" xmlns="http://www.loc.gov/mods/v3" xmlns:exslt="http://exslt.org/common" xmlns:xlink="http://www.w3.org/1999/xlink" xmlns:xsi="http://www.w3.org/2001/XMLSchema-instance" xsi:schemaLocation="http://www.loc.gov/mods/v3 http://www.loc.gov/standards/mods/v3/mods-3-3.xsd">
<name type="corporate">
<namePart>United States Government Publishing Office</namePart>
<role>
<roleTerm authority="marcrelator" type="text">publisher</roleTerm>
<roleTerm authority="marcrelator" type="code">pbl</roleTerm>
</role>
<role>
<roleTerm authority="marcrelator" type="text">distributor</roleTerm>
<roleTerm authority="marcrelator" type="code">dst</roleTerm>
</role>
</name>
<name type="corporate">
<namePart>United States</namePart>
<namePart>Congress</namePart>
<role>
<roleTerm authority="marcrelator" type="text">author</roleTerm>
<roleTerm authority="marcrelator" type="code">aut</roleTerm>
</role>
<description>Government Organization</description>
</name>
<typeOfResource>text</typeOfResource>
<genre authority="marcgt">government publication</genre>
<language>
<languageTerm authority="iso639-2b" type="code">eng</languageTerm>
</language>
<extension>
<collectionCode>CREC</collectionCode>
<category>Proceedings of Congress and General Congressional Publications</category>
<waisDatabaseName>2017_record</waisDatabaseName>
<branch>legislative</branch>
<dateIngested>2017-11-04</dateIngested>
</extension>
<titleInfo>
<title>ADDITIONAL COSPONSORS</title>
<partName>Senate</partName>
</titleInfo>
<relatedItem type="otherFormat" xlink:href="https://www.gpo.gov/fdsys/pkg/CREC-2017-07-20/html/CREC-2017-07-20-pt1-PgS4116-2.htm">
<identifier type="FDsys Unique ID">D09002ee197639acd</identifier>
</relatedItem>
<relatedItem type="otherFormat" xlink:href="https://www.gpo.gov/fdsys/pkg/CREC-2017-07-20/pdf/CREC-2017-07-20-pt1-PgS4116-2.pdf">
<identifier type="FDsys Unique ID">D09002ee197639b5e</identifier>
</relatedItem>
<identifier type="congressional record citation">163 Cong. Rec. S4116</identifier>
<identifier type="uri">https://www.gpo.gov/fdsys/granule/CREC-2017-07-20/CREC-2017-07-20-pt1-PgS4116-2</identifier>
<identifier type="former granule identifier">CR20JY17-157</identifier>
<location>
<url access="object in context" displayLabel="Content Detail">https://www.gpo.gov/fdsys/granule/CREC-2017-07-20/CREC-2017-07-20-pt1-PgS4116-2/content-detail.html</url>
<url access="raw object" displayLabel="PDF rendition">https://www.gpo.gov/fdsys/pkg/CREC-2017-07-20/pdf/CREC-2017-07-20-pt1-PgS4116-2.pdf</url>
<url access="raw object" displayLabel="HTML rendition">https://www.gpo.gov/fdsys/pkg/CREC-2017-07-20/html/CREC-2017-07-20-pt1-PgS4116-2.htm</url>
</location>
<physicalDescription>
<extent>2 p.</extent>
</physicalDescription>
<part type="article">
<extent unit="pages">
<start>S4116</start>
<end>S4117</end>
</extent>
</part>
<identifier type="preferred citation">163 Cong. Rec. S4116</identifier>
<extension>
<searchTitle>ADDITIONAL COSPONSORS; Congressional Record Vol. 163, No. 123</searchTitle>
<associatedBills>S. Con. Res. 15, 115th Congress
        </associatedBills>
<associatedBills>S.J. Res. 17, 115th Congress
        </associatedBills>
<associatedBills>S. Res. 75, 115th Congress
        </associatedBills>
<associatedBills>S. Res. 160, 115th Congress
        </associatedBills>
<associatedBills>S. 170, 115th Congress
        </associatedBills>
<associatedBills>S. Res. 223, 115th Congress
        </associatedBills>
<associatedBills>S. 372, 115th Congress
        </associatedBills>
<associatedBills>S. 431, 115th Congress
        </associatedBills>
<associatedBills>S. 563, 115th Congress
        </associatedBills>
<associatedBills>S. 609, 115th Congress
        </associatedBills>
<associatedBills>S. 690, 115th Congress
        </associatedBills>
<associatedBills>S. 708, 115th Congress
        </associatedBills>
<associatedBills>S. 794, 115th Congress
        </associatedBills>
<associatedBills>S. 952, 115th Congress
        </associatedBills>
<associatedBills>S. 1034, 115th Congress
        </associatedBills>
<associatedBills>S. 1122, 115th Congress
        </associatedBills>
<associatedBills>S. 1182, 115th Congress
        </associatedBills>
<associatedBills>S. 1311, 115th Congress
        </associatedBills>
<associatedBills>S. 1393, 115th Congress
        </associatedBills>
<associatedBills>S. 1462, 115th Congress
        </associatedBills>
<associatedBills>S. 1526, 115th Congress
        </associatedBills>
<associatedBills>S. 1533, 115th Congress
        </associatedBills>
<associatedBills>S. 1546, 115th Congress
        </associatedBills>
<associatedBills>S. 1552, 115th Congress
        </associatedBills>
<associatedBills>S. 1558, 115th Congress
        </associatedBills>
<associatedBills>S. 1559, 115th Congress
        </associatedBills>
<associatedBills>S. 1562, 115th Congress
        </associatedBills>
<associatedBills>S. 1587, 115th Congress
        </associatedBills>
<associatedBills>S. 1588, 115th Congress
        </associatedBills>
<associatedBills>S. 1589, 115th Congress
        </associatedBills>
<granuleClass>SENATE</granuleClass>
<accessId>CREC-2017-07-20-pt1-PgS4116-2</accessId>
<subGranuleClass>SCOSPONSORS</subGranuleClass>
<pagePrefix>S</pagePrefix>
<bookNumber>1</bookNumber>
<chamber>SENATE</chamber>
<granuleDate>2017-07-20</granuleDate>
<bill congress="115" context="HEADERLINE" number="15" type="SCONRES"/>
<bill congress="115" context="OTHER" number="15" type="SCONRES"/>
<bill congress="115" context="HEADERLINE" number="17" type="SJRES"/>
<bill congress="115" context="OTHER" number="17" type="SJRES"/>
<bill congress="115" context="HEADERLINE" number="75" type="SRES"/>
<bill congress="115" context="OTHER" number="75" type="SRES"/>
<bill congress="115" context="HEADERLINE" number="160" type="SRES"/>
<bill congress="115" context="OTHER" number="160" type="SRES"/>
<bill congress="115" context="HEADERLINE" number="170" type="S"/>
<bill congress="115" context="FIRSTPARAGRAPH" number="170" type="S"/>
<bill congress="115" context="OTHER" number="170" type="S"/>
<bill congress="115" context="HEADERLINE" number="223" type="SRES"/>
<bill congress="115" context="OTHER" number="223" type="SRES"/>
<bill congress="115" context="HEADERLINE" number="372" type="S"/>
<bill congress="115" context="OTHER" number="372" type="S"/>
<bill congress="115" context="HEADERLINE" number="431" type="S"/>
<bill congress="115" context="OTHER" number="431" type="S"/>
<bill congress="115" context="HEADERLINE" number="563" type="S"/>
<bill congress="115" context="OTHER" number="563" type="S"/>
<bill congress="115" context="HEADERLINE" number="609" type="S"/>
<bill congress="115" context="OTHER" number="609" type="S"/>
<bill congress="115" context="HEADERLINE" number="690" type="S"/>
<bill congress="115" context="OTHER" number="690" type="S"/>
<bill congress="115" context="HEADERLINE" number="708" type="S"/>
<bill congress="115" context="OTHER" number="708" type="S"/>
<bill congress="115" context="HEADERLINE" number="794" type="S"/>
<bill congress="115" context="OTHER" number="794" type="S"/>
<bill congress="115" context="HEADERLINE" number="952" type="S"/>
<bill congress="115" context="OTHER" number="952" type="S"/>
<bill congress="115" context="HEADERLINE" number="1034" type="S"/>
<bill congress="115" context="OTHER" number="1034" type="S"/>
<bill congress="115" context="HEADERLINE" number="1122" type="S"/>
<bill congress="115" context="OTHER" number="1122" type="S"/>
<bill congress="115" context="HEADERLINE" number="1182" type="S"/>
<bill congress="115" context="OTHER" number="1182" type="S"/>
<bill congress="115" context="HEADERLINE" number="1311" type="S"/>
<bill congress="115" context="OTHER" number="1311" type="S"/>
<bill congress="115" context="HEADERLINE" number="1393" type="S"/>
<bill congress="115" context="OTHER" number="1393" type="S"/>
<bill congress="115" context="HEADERLINE" number="1462" type="S"/>
<bill congress="115" context="OTHER" number="1462" type="S"/>
<bill congress="115" context="HEADERLINE" number="1526" type="S"/>
<bill congress="115" context="OTHER" number="1526" type="S"/>
<bill congress="115" context="HEADERLINE" number="1533" type="S"/>
<bill congress="115" context="OTHER" number="1533" type="S"/>
<bill congress="115" context="HEADERLINE" number="1546" type="S"/>
<bill congress="115" context="OTHER" number="1546" type="S"/>
<bill congress="115" context="HEADERLINE" number="1552" type="S"/>
<bill congress="115" context="OTHER" number="1552" type="S"/>
<bill congress="115" context="HEADERLINE" number="1558" type="S"/>
<bill congress="115" context="OTHER" number="1558" type="S"/>
<bill congress="115" context="HEADERLINE" number="1559" type="S"/>
<bill congress="115" context="OTHER" number="1559" type="S"/>
<bill congress="115" context="HEADERLINE" number="1562" type="S"/>
<bill congress="115" context="OTHER" number="1562" type="S"/>
<bill congress="115" context="HEADERLINE" number="1587" type="S"/>
<bill congress="115" context="OTHER" number="1587" type="S"/>
<bill congress="115" context="HEADERLINE" number="1588" type="S"/>
<bill congress="115" context="OTHER" number="1588" type="S"/>
<bill congress="115" context="HEADERLINE" number="1589" type="S"/>
<bill congress="115" context="OTHER" number="1589" type="S"/>
<law congress="94" isPrivate="false" number="305"/>
</extension>
<relatedItem type="isReferencedBy">
<titleInfo>
<title>United States Senate Concurrent Resolution 15  (115th Congress)</title>
</titleInfo>
<identifier type="Congressional Bill citation">S. Con. Res. 15</identifier>
<extension>
<congress>115</congress>
<context>HEADERLINE</context>
</extension>
</relatedItem>
<relatedItem type="isReferencedBy">
<titleInfo>
<title>United States Senate Concurrent Resolution 15  (115th Congress)</title>
</titleInfo>
<identifier type="Congressional Bill citation">S. Con. Res. 15</identifier>
<extension>
<congress>115</congress>
<context>OTHER</context>
</extension>
</relatedItem>
<relatedItem type="isReferencedBy">
<titleInfo>
<title>United States Senate Joint Resolution 17  (115th Congress)</title>
</titleInfo>
<identifier type="Congressional Bill citation">S.J. Res. 17</identifier>
<extension>
<congress>115</congress>
<context>HEADERLINE</context>
</extension>
</relatedItem>
<relatedItem type="isReferencedBy">
<titleInfo>
<title>United States Senate Joint Resolution 17  (115th Congress)</title>
</titleInfo>
<identifier type="Congressional Bill citation">S.J. Res. 17</identifier>
<extension>
<congress>115</congress>
<context>OTHER</context>
</extension>
</relatedItem>
<relatedItem type="isReferencedBy">
<titleInfo>
<title>United States Senate Resolution 75  (115th Congress)</title>
</titleInfo>
<identifier type="Congressional Bill citation">S. Res. 75</identifier>
<extension>
<congress>115</congress>
<context>HEADERLINE</context>
</extension>
</relatedItem>
<relatedItem type="isReferencedBy">
<titleInfo>
<title>United States Senate Resolution 75  (115th Congress)</title>
</titleInfo>
<identifier type="Congressional Bill citation">S. Res. 75</identifier>
<extension>
<congress>115</congress>
<context>OTHER</context>
</extension>
</relatedItem>
<relatedItem type="isReferencedBy">
<titleInfo>
<title>United States Senate Resolution 160  (115th Congress)</title>
</titleInfo>
<identifier type="Congressional Bill citation">S. Res. 160</identifier>
<extension>
<congress>115</congress>
<context>HEADERLINE</context>
</extension>
</relatedItem>
<relatedItem type="isReferencedBy">
<titleInfo>
<title>United States Senate Resolution 160  (115th Congress)</title>
</titleInfo>
<identifier type="Congressional Bill citation">S. Res. 160</identifier>
<extension>
<congress>115</congress>
<context>OTHER</context>
</extension>
</relatedItem>
<relatedItem type="isReferencedBy">
<titleInfo>
<title>United States Senate Bill 170  (115th Congress)</title>
</titleInfo>
<identifier type="Congressional Bill citation">S. 170</identifier>
<extension>
<congress>115</congress>
<context>HEADERLINE</context>
</extension>
</relatedItem>
<relatedItem type="isReferencedBy">
<titleInfo>
<title>United States Senate Bill 170  (115th Congress)</title>
</titleInfo>
<identifier type="Congressional Bill citation">S. 170</identifier>
<extension>
<congress>115</congress>
<context>FIRSTPARAGRAPH</context>
</extension>
</relatedItem>
<relatedItem type="isReferencedBy">
<titleInfo>
<title>United States Senate Bill 170  (115th Congress)</title>
</titleInfo>
<identifier type="Congressional Bill citation">S. 170</identifier>
<extension>
<congress>115</congress>
<context>OTHER</context>
</extension>
</relatedItem>
<relatedItem type="isReferencedBy">
<titleInfo>
<title>United States Senate Resolution 223  (115th Congress)</title>
</titleInfo>
<identifier type="Congressional Bill citation">S. Res. 223</identifier>
<extension>
<congress>115</congress>
<context>HEADERLINE</context>
</extension>
</relatedItem>
<relatedItem type="isReferencedBy">
<titleInfo>
<title>United States Senate Resolution 223  (115th Congress)</title>
</titleInfo>
<identifier type="Congressional Bill citation">S. Res. 223</identifier>
<extension>
<congress>115</congress>
<context>OTHER</context>
</extension>
</relatedItem>
<relatedItem type="isReferencedBy">
<titleInfo>
<title>United States Senate Bill 372  (115th Congress)</title>
</titleInfo>
<identifier type="Congressional Bill citation">S. 372</identifier>
<extension>
<congress>115</congress>
<context>HEADERLINE</context>
</extension>
</relatedItem>
<relatedItem type="isReferencedBy">
<titleInfo>
<title>United States Senate Bill 372  (115th Congress)</title>
</titleInfo>
<identifier type="Congressional Bill citation">S. 372</identifier>
<extension>
<congress>115</congress>
<context>OTHER</context>
</extension>
</relatedItem>
<relatedItem type="isReferencedBy">
<titleInfo>
<title>United States Senate Bill 431  (115th Congress)</title>
</titleInfo>
<identifier type="Congressional Bill citation">S. 431</identifier>
<extension>
<congress>115</congress>
<context>HEADERLINE</context>
</extension>
</relatedItem>
<relatedItem type="isReferencedBy">
<titleInfo>
<title>United States Senate Bill 431  (115th Congress)</title>
</titleInfo>
<identifier type="Congressional Bill citation">S. 431</identifier>
<extension>
<congress>115</congress>
<context>OTHER</context>
</extension>
</relatedItem>
<relatedItem type="isReferencedBy">
<titleInfo>
<title>United States Senate Bill 563  (115th Congress)</title>
</titleInfo>
<identifier type="Congressional Bill citation">S. 563</identifier>
<extension>
<congress>115</congress>
<context>HEADERLINE</context>
</extension>
</relatedItem>
<relatedItem type="isReferencedBy">
<titleInfo>
<title>United States Senate Bill 563  (115th Congress)</title>
</titleInfo>
<identifier type="Congressional Bill citation">S. 563</identifier>
<extension>
<congress>115</congress>
<context>OTHER</context>
</extension>
</relatedItem>
<relatedItem type="isReferencedBy">
<titleInfo>
<title>United States Senate Bill 609  (115th Congress)</title>
</titleInfo>
<identifier type="Congressional Bill citation">S. 609</identifier>
<extension>
<congress>115</congress>
<context>HEADERLINE</context>
</extension>
</relatedItem>
<relatedItem type="isReferencedBy">
<titleInfo>
<title>United States Senate Bill 609  (115th Congress)</title>
</titleInfo>
<identifier type="Congressional Bill citation">S. 609</identifier>
<extension>
<congress>115</congress>
<context>OTHER</context>
</extension>
</relatedItem>
<relatedItem type="isReferencedBy">
<titleInfo>
<title>United States Senate Bill 690  (115th Congress)</title>
</titleInfo>
<identifier type="Congressional Bill citation">S. 690</identifier>
<extension>
<congress>115</congress>
<context>HEADERLINE</context>
</extension>
</relatedItem>
<relatedItem type="isReferencedBy">
<titleInfo>
<title>United States Senate Bill 690  (115th Congress)</title>
</titleInfo>
<identifier type="Congressional Bill citation">S. 690</identifier>
<extension>
<congress>115</congress>
<context>OTHER</context>
</extension>
</relatedItem>
<relatedItem type="isReferencedBy">
<titleInfo>
<title>United States Senate Bill 708  (115th Congress)</title>
</titleInfo>
<identifier type="Congressional Bill citation">S. 708</identifier>
<extension>
<congress>115</congress>
<context>HEADERLINE</context>
</extension>
</relatedItem>
<relatedItem type="isReferencedBy">
<titleInfo>
<title>United States Senate Bill 708  (115th Congress)</title>
</titleInfo>
<identifier type="Congressional Bill citation">S. 708</identifier>
<extension>
<congress>115</congress>
<context>OTHER</context>
</extension>
</relatedItem>
<relatedItem type="isReferencedBy">
<titleInfo>
<title>United States Senate Bill 794  (115th Congress)</title>
</titleInfo>
<identifier type="Congressional Bill citation">S. 794</identifier>
<extension>
<congress>115</congress>
<context>HEADERLINE</context>
</extension>
</relatedItem>
<relatedItem type="isReferencedBy">
<titleInfo>
<title>United States Senate Bill 794  (115th Congress)</title>
</titleInfo>
<identifier type="Congressional Bill citation">S. 794</identifier>
<extension>
<congress>115</congress>
<context>OTHER</context>
</extension>
</relatedItem>
<relatedItem type="isReferencedBy">
<titleInfo>
<title>United States Senate Bill 952  (115th Congress)</title>
</titleInfo>
<identifier type="Congressional Bill citation">S. 952</identifier>
<extension>
<congress>115</congress>
<context>HEADERLINE</context>
</extension>
</relatedItem>
<relatedItem type="isReferencedBy">
<titleInfo>
<title>United States Senate Bill 952  (115th Congress)</title>
</titleInfo>
<identifier type="Congressional Bill citation">S. 952</identifier>
<extension>
<congress>115</congress>
<context>OTHER</context>
</extension>
</relatedItem>
<relatedItem type="isReferencedBy">
<titleInfo>
<title>United States Senate Bill 1034  (115th Congress)</title>
</titleInfo>
<identifier type="Congressional Bill citation">S. 1034</identifier>
<extension>
<congress>115</congress>
<context>HEADERLINE</context>
</extension>
</relatedItem>
<relatedItem type="isReferencedBy">
<titleInfo>
<title>United States Senate Bill 1034  (115th Congress)</title>
</titleInfo>
<identifier type="Congressional Bill citation">S. 1034</identifier>
<extension>
<congress>115</congress>
<context>OTHER</context>
</extension>
</relatedItem>
<relatedItem type="isReferencedBy">
<titleInfo>
<title>United States Senate Bill 1122  (115th Congress)</title>
</titleInfo>
<identifier type="Congressional Bill citation">S. 1122</identifier>
<extension>
<congress>115</congress>
<context>HEADERLINE</context>
</extension>
</relatedItem>
<relatedItem type="isReferencedBy">
<titleInfo>
<title>United States Senate Bill 1122  (115th Congress)</title>
</titleInfo>
<identifier type="Congressional Bill citation">S. 1122</identifier>
<extension>
<congress>115</congress>
<context>OTHER</context>
</extension>
</relatedItem>
<relatedItem type="isReferencedBy">
<titleInfo>
<title>United States Senate Bill 1182  (115th Congress)</title>
</titleInfo>
<identifier type="Congressional Bill citation">S. 1182</identifier>
<extension>
<congress>115</congress>
<context>HEADERLINE</context>
</extension>
</relatedItem>
<relatedItem type="isReferencedBy">
<titleInfo>
<title>United States Senate Bill 1182  (115th Congress)</title>
</titleInfo>
<identifier type="Congressional Bill citation">S. 1182</identifier>
<extension>
<congress>115</congress>
<context>OTHER</context>
</extension>
</relatedItem>
<relatedItem type="isReferencedBy">
<titleInfo>
<title>United States Senate Bill 1311  (115th Congress)</title>
</titleInfo>
<identifier type="Congressional Bill citation">S. 1311</identifier>
<extension>
<congress>115</congress>
<context>HEADERLINE</context>
</extension>
</relatedItem>
<relatedItem type="isReferencedBy">
<titleInfo>
<title>United States Senate Bill 1311  (115th Congress)</title>
</titleInfo>
<identifier type="Congressional Bill citation">S. 1311</identifier>
<extension>
<congress>115</congress>
<context>OTHER</context>
</extension>
</relatedItem>
<relatedItem type="isReferencedBy">
<titleInfo>
<title>United States Senate Bill 1393  (115th Congress)</title>
</titleInfo>
<identifier type="Congressional Bill citation">S. 1393</identifier>
<extension>
<congress>115</congress>
<context>HEADERLINE</context>
</extension>
</relatedItem>
<relatedItem type="isReferencedBy">
<titleInfo>
<title>United States Senate Bill 1393  (115th Congress)</title>
</titleInfo>
<identifier type="Congressional Bill citation">S. 1393</identifier>
<extension>
<congress>115</congress>
<context>OTHER</context>
</extension>
</relatedItem>
<relatedItem type="isReferencedBy">
<titleInfo>
<title>United States Senate Bill 1462  (115th Congress)</title>
</titleInfo>
<identifier type="Congressional Bill citation">S. 1462</identifier>
<extension>
<congress>115</congress>
<context>HEADERLINE</context>
</extension>
</relatedItem>
<relatedItem type="isReferencedBy">
<titleInfo>
<title>United States Senate Bill 1462  (115th Congress)</title>
</titleInfo>
<identifier type="Congressional Bill citation">S. 1462</identifier>
<extension>
<congress>115</congress>
<context>OTHER</context>
</extension>
</relatedItem>
<relatedItem type="isReferencedBy">
<titleInfo>
<title>United States Senate Bill 1526  (115th Congress)</title>
</titleInfo>
<identifier type="Congressional Bill citation">S. 1526</identifier>
<extension>
<congress>115</congress>
<context>HEADERLINE</context>
</extension>
</relatedItem>
<relatedItem type="isReferencedBy">
<titleInfo>
<title>United States Senate Bill 1526  (115th Congress)</title>
</titleInfo>
<identifier type="Congressional Bill citation">S. 1526</identifier>
<extension>
<congress>115</congress>
<context>OTHER</context>
</extension>
</relatedItem>
<relatedItem type="isReferencedBy">
<titleInfo>
<title>United States Senate Bill 1533  (115th Congress)</title>
</titleInfo>
<identifier type="Congressional Bill citation">S. 1533</identifier>
<extension>
<congress>115</congress>
<context>HEADERLINE</context>
</extension>
</relatedItem>
<relatedItem type="isReferencedBy">
<titleInfo>
<title>United States Senate Bill 1533  (115th Congress)</title>
</titleInfo>
<identifier type="Congressional Bill citation">S. 1533</identifier>
<extension>
<congress>115</congress>
<context>OTHER</context>
</extension>
</relatedItem>
<relatedItem type="isReferencedBy">
<titleInfo>
<title>United States Senate Bill 1546  (115th Congress)</title>
</titleInfo>
<identifier type="Congressional Bill citation">S. 1546</identifier>
<extension>
<congress>115</congress>
<context>HEADERLINE</context>
</extension>
</relatedItem>
<relatedItem type="isReferencedBy">
<titleInfo>
<title>United States Senate Bill 1546  (115th Congress)</title>
</titleInfo>
<identifier type="Congressional Bill citation">S. 1546</identifier>
<extension>
<congress>115</congress>
<context>OTHER</context>
</extension>
</relatedItem>
<relatedItem type="isReferencedBy">
<titleInfo>
<title>United States Senate Bill 1552  (115th Congress)</title>
</titleInfo>
<identifier type="Congressional Bill citation">S. 1552</identifier>
<extension>
<congress>115</congress>
<context>HEADERLINE</context>
</extension>
</relatedItem>
<relatedItem type="isReferencedBy">
<titleInfo>
<title>United States Senate Bill 1552  (115th Congress)</title>
</titleInfo>
<identifier type="Congressional Bill citation">S. 1552</identifier>
<extension>
<congress>115</congress>
<context>OTHER</context>
</extension>
</relatedItem>
<relatedItem type="isReferencedBy">
<titleInfo>
<title>United States Senate Bill 1558  (115th Congress)</title>
</titleInfo>
<identifier type="Congressional Bill citation">S. 1558</identifier>
<extension>
<congress>115</congress>
<context>HEADERLINE</context>
</extension>
</relatedItem>
<relatedItem type="isReferencedBy">
<titleInfo>
<title>United States Senate Bill 1558  (115th Congress)</title>
</titleInfo>
<identifier type="Congressional Bill citation">S. 1558</identifier>
<extension>
<congress>115</congress>
<context>OTHER</context>
</extension>
</relatedItem>
<relatedItem type="isReferencedBy">
<titleInfo>
<title>United States Senate Bill 1559  (115th Congress)</title>
</titleInfo>
<identifier type="Congressional Bill citation">S. 1559</identifier>
<extension>
<congress>115</congress>
<context>HEADERLINE</context>
</extension>
</relatedItem>
<relatedItem type="isReferencedBy">
<titleInfo>
<title>United States Senate Bill 1559  (115th Congress)</title>
</titleInfo>
<identifier type="Congressional Bill citation">S. 1559</identifier>
<extension>
<congress>115</congress>
<context>OTHER</context>
</extension>
</relatedItem>
<relatedItem type="isReferencedBy">
<titleInfo>
<title>United States Senate Bill 1562  (115th Congress)</title>
</titleInfo>
<identifier type="Congressional Bill citation">S. 1562</identifier>
<extension>
<congress>115</congress>
<context>HEADERLINE</context>
</extension>
</relatedItem>
<relatedItem type="isReferencedBy">
<titleInfo>
<title>United States Senate Bill 1562  (115th Congress)</title>
</titleInfo>
<identifier type="Congressional Bill citation">S. 1562</identifier>
<extension>
<congress>115</congress>
<context>OTHER</context>
</extension>
</relatedItem>
<relatedItem type="isReferencedBy">
<titleInfo>
<title>United States Senate Bill 1587  (115th Congress)</title>
</titleInfo>
<identifier type="Congressional Bill citation">S. 1587</identifier>
<extension>
<congress>115</congress>
<context>HEADERLINE</context>
</extension>
</relatedItem>
<relatedItem type="isReferencedBy">
<titleInfo>
<title>United States Senate Bill 1587  (115th Congress)</title>
</titleInfo>
<identifier type="Congressional Bill citation">S. 1587</identifier>
<extension>
<congress>115</congress>
<context>OTHER</context>
</extension>
</relatedItem>
<relatedItem type="isReferencedBy">
<titleInfo>
<title>United States Senate Bill 1588  (115th Congress)</title>
</titleInfo>
<identifier type="Congressional Bill citation">S. 1588</identifier>
<extension>
<congress>115</congress>
<context>HEADERLINE</context>
</extension>
</relatedItem>
<relatedItem type="isReferencedBy">
<titleInfo>
<title>United States Senate Bill 1588  (115th Congress)</title>
</titleInfo>
<identifier type="Congressional Bill citation">S. 1588</identifier>
<extension>
<congress>115</congress>
<context>OTHER</context>
</extension>
</relatedItem>
<relatedItem type="isReferencedBy">
<titleInfo>
<title>United States Senate Bill 1589  (115th Congress)</title>
</titleInfo>
<identifier type="Congressional Bill citation">S. 1589</identifier>
<extension>
<congress>115</congress>
<context>HEADERLINE</context>
</extension>
</relatedItem>
<relatedItem type="isReferencedBy">
<titleInfo>
<title>United States Senate Bill 1589  (115th Congress)</title>
</titleInfo>
<identifier type="Congressional Bill citation">S. 1589</identifier>
<extension>
<congress>115</congress>
<context>OTHER</context>
</extension>
</relatedItem>
<relatedItem>
<titleInfo>
<title>United States Public Law 94-305</title>
</titleInfo>
<identifier type="public law citation">Public Law 94-305</identifier>
</relatedItem>
<relatedItem ID="P0b002ee197638a2b" type="host">
<titleInfo>
<title>Congressional Record</title>
<partNumber>Vol. 163, no. 123</partNumber>
</titleInfo>
<location>
<url access="object in context" displayLabel="Content Detail">https://www.gpo.gov/fdsys/pkg/CREC-2017-07-20/content-detail.html</url>
<url access="raw object" displayLabel="PDF rendition">https://www.gpo.gov/fdsys/pkg/CREC-2017-07-20/pdf/CREC-2017-07-20.pdf</url>
</location>
<part type="issue">
<extent unit="pages">
<start>H6045</start>
<end>H6148</end>
</extent>
<extent unit="pages">
<start>S4087</start>
<end>S4122</end>
</extent>
<extent unit="pages">
<start>E1025</start>
<end>E1033</end>
</extent>
<extent unit="pages">
<start>D812</start>
<end>D816</end>
</extent>
</part>
<originInfo>
<publisher>U.S. Government Publishing Office</publisher>
<dateIssued encoding="w3cdtf">2017-07-20</dateIssued>
<issuance>continuing</issuance>
<frequency authority="marcfrequency">daily</frequency>
</originInfo>
<physicalDescription>
<note type="source content type">deposited</note>
<digitalOrigin>born digital</digitalOrigin>
<extent>308 p.</extent>
</physicalDescription>
<classification authority="sudocs">X 1.1/A:</classification>
<classification authority="sudocs">X/A.</classification>
<identifier type="uri">https://www.gpo.gov/fdsys/pkg/CREC-2017-07-20</identifier>
<identifier type="local">P0b002ee197638a2b</identifier>
<identifier type="stock number">752-002-00000-2</identifier>
<identifier type="ILS system id">000568013</identifier>
<identifier type="former package identifier">CR20JY17</identifier>
<recordInfo>
<recordContentSource authority="marcorg">DGPO</recordContentSource>
<recordCreationDate encoding="w3cdtf">2017-11-04</recordCreationDate>
<recordChangeDate encoding="w3cdtf">2017-11-04</recordChangeDate>
<recordIdentifier source="DGPO">CREC-2017-07-20</recordIdentifier>
<recordOrigin>machine generated</recordOrigin>
<languageOfCataloging>
<languageTerm authority="iso639-2b" type="code">eng</languageTerm>
</languageOfCataloging>
</recordInfo>
<accessCondition type="GPO scope determination">fdlp</accessCondition>
<extension>
<docClass>CREC</docClass>
<accessId>CREC-2017-07-20</accessId>
<volume>163</volume>
<issue>123</issue>
<congress>115</congress>
<session>1</session>
<bookCount>1</bookCount>
</extension>
</relatedItem>
</mods>