<mods ID="id-CREC-2017-05-03-pt1-PgS2721-2" version="3.3" xmlns="http://www.loc.gov/mods/v3" xmlns:exslt="http://exslt.org/common" xmlns:xlink="http://www.w3.org/1999/xlink" xmlns:xsi="http://www.w3.org/2001/XMLSchema-instance" xsi:schemaLocation="http://www.loc.gov/mods/v3 http://www.loc.gov/standards/mods/v3/mods-3-3.xsd">
<name type="corporate">
<namePart>United States Government Publishing Office</namePart>
<role>
<roleTerm authority="marcrelator" type="text">publisher</roleTerm>
<roleTerm authority="marcrelator" type="code">pbl</roleTerm>
</role>
<role>
<roleTerm authority="marcrelator" type="text">distributor</roleTerm>
<roleTerm authority="marcrelator" type="code">dst</roleTerm>
</role>
</name>
<name type="corporate">
<namePart>United States</namePart>
<namePart>Congress</namePart>
<role>
<roleTerm authority="marcrelator" type="text">author</roleTerm>
<roleTerm authority="marcrelator" type="code">aut</roleTerm>
</role>
<description>Government Organization</description>
</name>
<typeOfResource>text</typeOfResource>
<genre authority="marcgt">government publication</genre>
<language>
<languageTerm authority="iso639-2b" type="code">eng</languageTerm>
</language>
<extension>
<collectionCode>CREC</collectionCode>
<category>Proceedings of Congress and General Congressional Publications</category>
<waisDatabaseName>2017_record</waisDatabaseName>
<branch>legislative</branch>
<dateIngested>2017-09-19</dateIngested>
</extension>
<titleInfo>
<title>ADDITIONAL COSPONSORS</title>
<partName>Senate</partName>
</titleInfo>
<relatedItem type="otherFormat" xlink:href="https://www.gpo.gov/fdsys/pkg/CREC-2017-05-03/html/CREC-2017-05-03-pt1-PgS2721-2.htm">
<identifier type="FDsys Unique ID">D09002ee196f3ff89</identifier>
</relatedItem>
<relatedItem type="otherFormat" xlink:href="https://www.gpo.gov/fdsys/pkg/CREC-2017-05-03/pdf/CREC-2017-05-03-pt1-PgS2721-2.pdf">
<identifier type="FDsys Unique ID">D09002ee196f40195</identifier>
</relatedItem>
<identifier type="congressional record citation">163 Cong. Rec. S2721</identifier>
<identifier type="uri">https://www.gpo.gov/fdsys/granule/CREC-2017-05-03/CREC-2017-05-03-pt1-PgS2721-2</identifier>
<identifier type="former granule identifier">CR03MY17-216</identifier>
<location>
<url access="object in context" displayLabel="Content Detail">https://www.gpo.gov/fdsys/granule/CREC-2017-05-03/CREC-2017-05-03-pt1-PgS2721-2/content-detail.html</url>
<url access="raw object" displayLabel="PDF rendition">https://www.gpo.gov/fdsys/pkg/CREC-2017-05-03/pdf/CREC-2017-05-03-pt1-PgS2721-2.pdf</url>
<url access="raw object" displayLabel="HTML rendition">https://www.gpo.gov/fdsys/pkg/CREC-2017-05-03/html/CREC-2017-05-03-pt1-PgS2721-2.htm</url>
</location>
<physicalDescription>
<extent>3 p.</extent>
</physicalDescription>
<part type="article">
<extent unit="pages">
<start>S2721</start>
<end>S2723</end>
</extent>
</part>
<identifier type="preferred citation">163 Cong. Rec. S2721</identifier>
<extension>
<searchTitle>ADDITIONAL COSPONSORS; Congressional Record Vol. 163, No. 76</searchTitle>
<associatedBills>S.J. Res. 17, 115th Congress
        </associatedBills>
<associatedBills>S. Res. 60, 115th Congress
        </associatedBills>
<associatedBills>S. 128, 115th Congress
        </associatedBills>
<associatedBills>S. Res. 136, 115th Congress
        </associatedBills>
<associatedBills>S. 168, 115th Congress
        </associatedBills>
<associatedBills>S. 223, 115th Congress
        </associatedBills>
<associatedBills>S. 236, 115th Congress
        </associatedBills>
<associatedBills>S. 241, 115th Congress
        </associatedBills>
<associatedBills>S. 260, 115th Congress
        </associatedBills>
<associatedBills>S. 275, 115th Congress
        </associatedBills>
<associatedBills>S. 292, 115th Congress
        </associatedBills>
<associatedBills>S. 326, 115th Congress
        </associatedBills>
<associatedBills>S. 428, 115th Congress
        </associatedBills>
<associatedBills>S. 534, 115th Congress
        </associatedBills>
<associatedBills>S. 693, 115th Congress
        </associatedBills>
<associatedBills>S. 708, 115th Congress
        </associatedBills>
<associatedBills>S. 766, 115th Congress
        </associatedBills>
<associatedBills>S. 770, 115th Congress
        </associatedBills>
<associatedBills>S. 829, 115th Congress
        </associatedBills>
<associatedBills>S. 832, 115th Congress
        </associatedBills>
<associatedBills>S. 881, 115th Congress
        </associatedBills>
<associatedBills>S. 905, 115th Congress
        </associatedBills>
<associatedBills>S. 910, 115th Congress
        </associatedBills>
<associatedBills>S. 957, 115th Congress
        </associatedBills>
<associatedBills>S. 976, 115th Congress
        </associatedBills>
<associatedBills>S. 1001, 115th Congress
        </associatedBills>
<associatedBills>S. 1002, 115th Congress
        </associatedBills>
<associatedBills>S. 1004, 115th Congress
        </associatedBills>
<granuleClass>SENATE</granuleClass>
<accessId>CREC-2017-05-03-pt1-PgS2721-2</accessId>
<subGranuleClass>SCOSPONSORS</subGranuleClass>
<pagePrefix>S</pagePrefix>
<bookNumber>1</bookNumber>
<chamber>SENATE</chamber>
<granuleDate>2017-05-03</granuleDate>
<bill congress="115" context="HEADERLINE" number="17" type="SJRES"/>
<bill congress="115" context="OTHER" number="17" type="SJRES"/>
<bill congress="115" context="HEADERLINE" number="60" type="SRES"/>
<bill congress="115" context="OTHER" number="60" type="SRES"/>
<bill congress="115" context="HEADERLINE" number="128" type="S"/>
<bill congress="115" context="FIRSTPARAGRAPH" number="128" type="S"/>
<bill congress="115" context="OTHER" number="128" type="S"/>
<bill congress="115" context="HEADERLINE" number="136" type="SRES"/>
<bill congress="115" context="OTHER" number="136" type="SRES"/>
<bill congress="115" context="HEADERLINE" number="168" type="S"/>
<bill congress="115" context="OTHER" number="168" type="S"/>
<bill congress="115" context="HEADERLINE" number="223" type="S"/>
<bill congress="115" context="OTHER" number="223" type="S"/>
<bill congress="115" context="HEADERLINE" number="236" type="S"/>
<bill congress="115" context="OTHER" number="236" type="S"/>
<bill congress="115" context="HEADERLINE" number="241" type="S"/>
<bill congress="115" context="OTHER" number="241" type="S"/>
<bill congress="115" context="HEADERLINE" number="260" type="S"/>
<bill congress="115" context="OTHER" number="260" type="S"/>
<bill congress="115" context="HEADERLINE" number="275" type="S"/>
<bill congress="115" context="OTHER" number="275" type="S"/>
<bill congress="115" context="HEADERLINE" number="292" type="S"/>
<bill congress="115" context="OTHER" number="292" type="S"/>
<bill congress="115" context="HEADERLINE" number="326" type="S"/>
<bill congress="115" context="OTHER" number="326" type="S"/>
<bill congress="115" context="HEADERLINE" number="428" type="S"/>
<bill congress="115" context="OTHER" number="428" type="S"/>
<bill congress="115" context="HEADERLINE" number="534" type="S"/>
<bill congress="115" context="OTHER" number="534" type="S"/>
<bill congress="115" context="HEADERLINE" number="693" type="S"/>
<bill congress="115" context="OTHER" number="693" type="S"/>
<bill congress="115" context="HEADERLINE" number="708" type="S"/>
<bill congress="115" context="OTHER" number="708" type="S"/>
<bill congress="115" context="HEADERLINE" number="766" type="S"/>
<bill congress="115" context="OTHER" number="766" type="S"/>
<bill congress="115" context="HEADERLINE" number="770" type="S"/>
<bill congress="115" context="OTHER" number="770" type="S"/>
<bill congress="115" context="HEADERLINE" number="829" type="S"/>
<bill congress="115" context="OTHER" number="829" type="S"/>
<bill congress="115" context="HEADERLINE" number="832" type="S"/>
<bill congress="115" context="OTHER" number="832" type="S"/>
<bill congress="115" context="HEADERLINE" number="881" type="S"/>
<bill congress="115" context="OTHER" number="881" type="S"/>
<bill congress="115" context="HEADERLINE" number="905" type="S"/>
<bill congress="115" context="OTHER" number="905" type="S"/>
<bill congress="115" context="HEADERLINE" number="910" type="S"/>
<bill congress="115" context="OTHER" number="910" type="S"/>
<bill congress="115" context="HEADERLINE" number="957" type="S"/>
<bill congress="115" context="OTHER" number="957" type="S"/>
<bill congress="115" context="HEADERLINE" number="976" type="S"/>
<bill congress="115" context="OTHER" number="976" type="S"/>
<bill congress="115" context="HEADERLINE" number="1001" type="S"/>
<bill congress="115" context="OTHER" number="1001" type="S"/>
<bill congress="115" context="HEADERLINE" number="1002" type="S"/>
<bill congress="115" context="OTHER" number="1002" type="S"/>
<bill congress="115" context="HEADERLINE" number="1004" type="S"/>
<bill congress="115" context="OTHER" number="1004" type="S"/>
</extension>
<relatedItem type="isReferencedBy">
<titleInfo>
<title>United States Senate Joint Resolution 17  (115th Congress)</title>
</titleInfo>
<identifier type="Congressional Bill citation">S.J. Res. 17</identifier>
<extension>
<congress>115</congress>
<context>HEADERLINE</context>
</extension>
</relatedItem>
<relatedItem type="isReferencedBy">
<titleInfo>
<title>United States Senate Joint Resolution 17  (115th Congress)</title>
</titleInfo>
<identifier type="Congressional Bill citation">S.J. Res. 17</identifier>
<extension>
<congress>115</congress>
<context>OTHER</context>
</extension>
</relatedItem>
<relatedItem type="isReferencedBy">
<titleInfo>
<title>United States Senate Resolution 60  (115th Congress)</title>
</titleInfo>
<identifier type="Congressional Bill citation">S. Res. 60</identifier>
<extension>
<congress>115</congress>
<context>HEADERLINE</context>
</extension>
</relatedItem>
<relatedItem type="isReferencedBy">
<titleInfo>
<title>United States Senate Resolution 60  (115th Congress)</title>
</titleInfo>
<identifier type="Congressional Bill citation">S. Res. 60</identifier>
<extension>
<congress>115</congress>
<context>OTHER</context>
</extension>
</relatedItem>
<relatedItem type="isReferencedBy">
<titleInfo>
<title>United States Senate Bill 128  (115th Congress)</title>
</titleInfo>
<identifier type="Congressional Bill citation">S. 128</identifier>
<extension>
<congress>115</congress>
<context>HEADERLINE</context>
</extension>
</relatedItem>
<relatedItem type="isReferencedBy">
<titleInfo>
<title>United States Senate Bill 128  (115th Congress)</title>
</titleInfo>
<identifier type="Congressional Bill citation">S. 128</identifier>
<extension>
<congress>115</congress>
<context>FIRSTPARAGRAPH</context>
</extension>
</relatedItem>
<relatedItem type="isReferencedBy">
<titleInfo>
<title>United States Senate Bill 128  (115th Congress)</title>
</titleInfo>
<identifier type="Congressional Bill citation">S. 128</identifier>
<extension>
<congress>115</congress>
<context>OTHER</context>
</extension>
</relatedItem>
<relatedItem type="isReferencedBy">
<titleInfo>
<title>United States Senate Resolution 136  (115th Congress)</title>
</titleInfo>
<identifier type="Congressional Bill citation">S. Res. 136</identifier>
<extension>
<congress>115</congress>
<context>HEADERLINE</context>
</extension>
</relatedItem>
<relatedItem type="isReferencedBy">
<titleInfo>
<title>United States Senate Resolution 136  (115th Congress)</title>
</titleInfo>
<identifier type="Congressional Bill citation">S. Res. 136</identifier>
<extension>
<congress>115</congress>
<context>OTHER</context>
</extension>
</relatedItem>
<relatedItem type="isReferencedBy">
<titleInfo>
<title>United States Senate Bill 168  (115th Congress)</title>
</titleInfo>
<identifier type="Congressional Bill citation">S. 168</identifier>
<extension>
<congress>115</congress>
<context>HEADERLINE</context>
</extension>
</relatedItem>
<relatedItem type="isReferencedBy">
<titleInfo>
<title>United States Senate Bill 168  (115th Congress)</title>
</titleInfo>
<identifier type="Congressional Bill citation">S. 168</identifier>
<extension>
<congress>115</congress>
<context>OTHER</context>
</extension>
</relatedItem>
<relatedItem type="isReferencedBy">
<titleInfo>
<title>United States Senate Bill 223  (115th Congress)</title>
</titleInfo>
<identifier type="Congressional Bill citation">S. 223</identifier>
<extension>
<congress>115</congress>
<context>HEADERLINE</context>
</extension>
</relatedItem>
<relatedItem type="isReferencedBy">
<titleInfo>
<title>United States Senate Bill 223  (115th Congress)</title>
</titleInfo>
<identifier type="Congressional Bill citation">S. 223</identifier>
<extension>
<congress>115</congress>
<context>OTHER</context>
</extension>
</relatedItem>
<relatedItem type="isReferencedBy">
<titleInfo>
<title>United States Senate Bill 236  (115th Congress)</title>
</titleInfo>
<identifier type="Congressional Bill citation">S. 236</identifier>
<extension>
<congress>115</congress>
<context>HEADERLINE</context>
</extension>
</relatedItem>
<relatedItem type="isReferencedBy">
<titleInfo>
<title>United States Senate Bill 236  (115th Congress)</title>
</titleInfo>
<identifier type="Congressional Bill citation">S. 236</identifier>
<extension>
<congress>115</congress>
<context>OTHER</context>
</extension>
</relatedItem>
<relatedItem type="isReferencedBy">
<titleInfo>
<title>United States Senate Bill 241  (115th Congress)</title>
</titleInfo>
<identifier type="Congressional Bill citation">S. 241</identifier>
<extension>
<congress>115</congress>
<context>HEADERLINE</context>
</extension>
</relatedItem>
<relatedItem type="isReferencedBy">
<titleInfo>
<title>United States Senate Bill 241  (115th Congress)</title>
</titleInfo>
<identifier type="Congressional Bill citation">S. 241</identifier>
<extension>
<congress>115</congress>
<context>OTHER</context>
</extension>
</relatedItem>
<relatedItem type="isReferencedBy">
<titleInfo>
<title>United States Senate Bill 260  (115th Congress)</title>
</titleInfo>
<identifier type="Congressional Bill citation">S. 260</identifier>
<extension>
<congress>115</congress>
<context>HEADERLINE</context>
</extension>
</relatedItem>
<relatedItem type="isReferencedBy">
<titleInfo>
<title>United States Senate Bill 260  (115th Congress)</title>
</titleInfo>
<identifier type="Congressional Bill citation">S. 260</identifier>
<extension>
<congress>115</congress>
<context>OTHER</context>
</extension>
</relatedItem>
<relatedItem type="isReferencedBy">
<titleInfo>
<title>United States Senate Bill 275  (115th Congress)</title>
</titleInfo>
<identifier type="Congressional Bill citation">S. 275</identifier>
<extension>
<congress>115</congress>
<context>HEADERLINE</context>
</extension>
</relatedItem>
<relatedItem type="isReferencedBy">
<titleInfo>
<title>United States Senate Bill 275  (115th Congress)</title>
</titleInfo>
<identifier type="Congressional Bill citation">S. 275</identifier>
<extension>
<congress>115</congress>
<context>OTHER</context>
</extension>
</relatedItem>
<relatedItem type="isReferencedBy">
<titleInfo>
<title>United States Senate Bill 292  (115th Congress)</title>
</titleInfo>
<identifier type="Congressional Bill citation">S. 292</identifier>
<extension>
<congress>115</congress>
<context>HEADERLINE</context>
</extension>
</relatedItem>
<relatedItem type="isReferencedBy">
<titleInfo>
<title>United States Senate Bill 292  (115th Congress)</title>
</titleInfo>
<identifier type="Congressional Bill citation">S. 292</identifier>
<extension>
<congress>115</congress>
<context>OTHER</context>
</extension>
</relatedItem>
<relatedItem type="isReferencedBy">
<titleInfo>
<title>United States Senate Bill 326  (115th Congress)</title>
</titleInfo>
<identifier type="Congressional Bill citation">S. 326</identifier>
<extension>
<congress>115</congress>
<context>HEADERLINE</context>
</extension>
</relatedItem>
<relatedItem type="isReferencedBy">
<titleInfo>
<title>United States Senate Bill 326  (115th Congress)</title>
</titleInfo>
<identifier type="Congressional Bill citation">S. 326</identifier>
<extension>
<congress>115</congress>
<context>OTHER</context>
</extension>
</relatedItem>
<relatedItem type="isReferencedBy">
<titleInfo>
<title>United States Senate Bill 428  (115th Congress)</title>
</titleInfo>
<identifier type="Congressional Bill citation">S. 428</identifier>
<extension>
<congress>115</congress>
<context>HEADERLINE</context>
</extension>
</relatedItem>
<relatedItem type="isReferencedBy">
<titleInfo>
<title>United States Senate Bill 428  (115th Congress)</title>
</titleInfo>
<identifier type="Congressional Bill citation">S. 428</identifier>
<extension>
<congress>115</congress>
<context>OTHER</context>
</extension>
</relatedItem>
<relatedItem type="isReferencedBy">
<titleInfo>
<title>United States Senate Bill 534  (115th Congress)</title>
</titleInfo>
<identifier type="Congressional Bill citation">S. 534</identifier>
<extension>
<congress>115</congress>
<context>HEADERLINE</context>
</extension>
</relatedItem>
<relatedItem type="isReferencedBy">
<titleInfo>
<title>United States Senate Bill 534  (115th Congress)</title>
</titleInfo>
<identifier type="Congressional Bill citation">S. 534</identifier>
<extension>
<congress>115</congress>
<context>OTHER</context>
</extension>
</relatedItem>
<relatedItem type="isReferencedBy">
<titleInfo>
<title>United States Senate Bill 693  (115th Congress)</title>
</titleInfo>
<identifier type="Congressional Bill citation">S. 693</identifier>
<extension>
<congress>115</congress>
<context>HEADERLINE</context>
</extension>
</relatedItem>
<relatedItem type="isReferencedBy">
<titleInfo>
<title>United States Senate Bill 693  (115th Congress)</title>
</titleInfo>
<identifier type="Congressional Bill citation">S. 693</identifier>
<extension>
<congress>115</congress>
<context>OTHER</context>
</extension>
</relatedItem>
<relatedItem type="isReferencedBy">
<titleInfo>
<title>United States Senate Bill 708  (115th Congress)</title>
</titleInfo>
<identifier type="Congressional Bill citation">S. 708</identifier>
<extension>
<congress>115</congress>
<context>HEADERLINE</context>
</extension>
</relatedItem>
<relatedItem type="isReferencedBy">
<titleInfo>
<title>United States Senate Bill 708  (115th Congress)</title>
</titleInfo>
<identifier type="Congressional Bill citation">S. 708</identifier>
<extension>
<congress>115</congress>
<context>OTHER</context>
</extension>
</relatedItem>
<relatedItem type="isReferencedBy">
<titleInfo>
<title>United States Senate Bill 766  (115th Congress)</title>
</titleInfo>
<identifier type="Congressional Bill citation">S. 766</identifier>
<extension>
<congress>115</congress>
<context>HEADERLINE</context>
</extension>
</relatedItem>
<relatedItem type="isReferencedBy">
<titleInfo>
<title>United States Senate Bill 766  (115th Congress)</title>
</titleInfo>
<identifier type="Congressional Bill citation">S. 766</identifier>
<extension>
<congress>115</congress>
<context>OTHER</context>
</extension>
</relatedItem>
<relatedItem type="isReferencedBy">
<titleInfo>
<title>United States Senate Bill 770  (115th Congress)</title>
</titleInfo>
<identifier type="Congressional Bill citation">S. 770</identifier>
<extension>
<congress>115</congress>
<context>HEADERLINE</context>
</extension>
</relatedItem>
<relatedItem type="isReferencedBy">
<titleInfo>
<title>United States Senate Bill 770  (115th Congress)</title>
</titleInfo>
<identifier type="Congressional Bill citation">S. 770</identifier>
<extension>
<congress>115</congress>
<context>OTHER</context>
</extension>
</relatedItem>
<relatedItem type="isReferencedBy">
<titleInfo>
<title>United States Senate Bill 829  (115th Congress)</title>
</titleInfo>
<identifier type="Congressional Bill citation">S. 829</identifier>
<extension>
<congress>115</congress>
<context>HEADERLINE</context>
</extension>
</relatedItem>
<relatedItem type="isReferencedBy">
<titleInfo>
<title>United States Senate Bill 829  (115th Congress)</title>
</titleInfo>
<identifier type="Congressional Bill citation">S. 829</identifier>
<extension>
<congress>115</congress>
<context>OTHER</context>
</extension>
</relatedItem>
<relatedItem type="isReferencedBy">
<titleInfo>
<title>United States Senate Bill 832  (115th Congress)</title>
</titleInfo>
<identifier type="Congressional Bill citation">S. 832</identifier>
<extension>
<congress>115</congress>
<context>HEADERLINE</context>
</extension>
</relatedItem>
<relatedItem type="isReferencedBy">
<titleInfo>
<title>United States Senate Bill 832  (115th Congress)</title>
</titleInfo>
<identifier type="Congressional Bill citation">S. 832</identifier>
<extension>
<congress>115</congress>
<context>OTHER</context>
</extension>
</relatedItem>
<relatedItem type="isReferencedBy">
<titleInfo>
<title>United States Senate Bill 881  (115th Congress)</title>
</titleInfo>
<identifier type="Congressional Bill citation">S. 881</identifier>
<extension>
<congress>115</congress>
<context>HEADERLINE</context>
</extension>
</relatedItem>
<relatedItem type="isReferencedBy">
<titleInfo>
<title>United States Senate Bill 881  (115th Congress)</title>
</titleInfo>
<identifier type="Congressional Bill citation">S. 881</identifier>
<extension>
<congress>115</congress>
<context>OTHER</context>
</extension>
</relatedItem>
<relatedItem type="isReferencedBy">
<titleInfo>
<title>United States Senate Bill 905  (115th Congress)</title>
</titleInfo>
<identifier type="Congressional Bill citation">S. 905</identifier>
<extension>
<congress>115</congress>
<context>HEADERLINE</context>
</extension>
</relatedItem>
<relatedItem type="isReferencedBy">
<titleInfo>
<title>United States Senate Bill 905  (115th Congress)</title>
</titleInfo>
<identifier type="Congressional Bill citation">S. 905</identifier>
<extension>
<congress>115</congress>
<context>OTHER</context>
</extension>
</relatedItem>
<relatedItem type="isReferencedBy">
<titleInfo>
<title>United States Senate Bill 910  (115th Congress)</title>
</titleInfo>
<identifier type="Congressional Bill citation">S. 910</identifier>
<extension>
<congress>115</congress>
<context>HEADERLINE</context>
</extension>
</relatedItem>
<relatedItem type="isReferencedBy">
<titleInfo>
<title>United States Senate Bill 910  (115th Congress)</title>
</titleInfo>
<identifier type="Congressional Bill citation">S. 910</identifier>
<extension>
<congress>115</congress>
<context>OTHER</context>
</extension>
</relatedItem>
<relatedItem type="isReferencedBy">
<titleInfo>
<title>United States Senate Bill 957  (115th Congress)</title>
</titleInfo>
<identifier type="Congressional Bill citation">S. 957</identifier>
<extension>
<congress>115</congress>
<context>HEADERLINE</context>
</extension>
</relatedItem>
<relatedItem type="isReferencedBy">
<titleInfo>
<title>United States Senate Bill 957  (115th Congress)</title>
</titleInfo>
<identifier type="Congressional Bill citation">S. 957</identifier>
<extension>
<congress>115</congress>
<context>OTHER</context>
</extension>
</relatedItem>
<relatedItem type="isReferencedBy">
<titleInfo>
<title>United States Senate Bill 976  (115th Congress)</title>
</titleInfo>
<identifier type="Congressional Bill citation">S. 976</identifier>
<extension>
<congress>115</congress>
<context>HEADERLINE</context>
</extension>
</relatedItem>
<relatedItem type="isReferencedBy">
<titleInfo>
<title>United States Senate Bill 976  (115th Congress)</title>
</titleInfo>
<identifier type="Congressional Bill citation">S. 976</identifier>
<extension>
<congress>115</congress>
<context>OTHER</context>
</extension>
</relatedItem>
<relatedItem type="isReferencedBy">
<titleInfo>
<title>United States Senate Bill 1001  (115th Congress)</title>
</titleInfo>
<identifier type="Congressional Bill citation">S. 1001</identifier>
<extension>
<congress>115</congress>
<context>HEADERLINE</context>
</extension>
</relatedItem>
<relatedItem type="isReferencedBy">
<titleInfo>
<title>United States Senate Bill 1001  (115th Congress)</title>
</titleInfo>
<identifier type="Congressional Bill citation">S. 1001</identifier>
<extension>
<congress>115</congress>
<context>OTHER</context>
</extension>
</relatedItem>
<relatedItem type="isReferencedBy">
<titleInfo>
<title>United States Senate Bill 1002  (115th Congress)</title>
</titleInfo>
<identifier type="Congressional Bill citation">S. 1002</identifier>
<extension>
<congress>115</congress>
<context>HEADERLINE</context>
</extension>
</relatedItem>
<relatedItem type="isReferencedBy">
<titleInfo>
<title>United States Senate Bill 1002  (115th Congress)</title>
</titleInfo>
<identifier type="Congressional Bill citation">S. 1002</identifier>
<extension>
<congress>115</congress>
<context>OTHER</context>
</extension>
</relatedItem>
<relatedItem type="isReferencedBy">
<titleInfo>
<title>United States Senate Bill 1004  (115th Congress)</title>
</titleInfo>
<identifier type="Congressional Bill citation">S. 1004</identifier>
<extension>
<congress>115</congress>
<context>HEADERLINE</context>
</extension>
</relatedItem>
<relatedItem type="isReferencedBy">
<titleInfo>
<title>United States Senate Bill 1004  (115th Congress)</title>
</titleInfo>
<identifier type="Congressional Bill citation">S. 1004</identifier>
<extension>
<congress>115</congress>
<context>OTHER</context>
</extension>
</relatedItem>
<relatedItem ID="P0b002ee196f3f462" type="host">
<titleInfo>
<title>Congressional Record</title>
<partNumber>Vol. 163, no. 76</partNumber>
</titleInfo>
<location>
<url access="object in context" displayLabel="Content Detail">https://www.gpo.gov/fdsys/pkg/CREC-2017-05-03/content-detail.html</url>
<url access="raw object" displayLabel="PDF rendition">https://www.gpo.gov/fdsys/pkg/CREC-2017-05-03/pdf/CREC-2017-05-03.pdf</url>
</location>
<part type="issue">
<extent unit="pages">
<start>H3071</start>
<end>H4112</end>
</extent>
<extent unit="pages">
<start>S2687</start>
<end>S2733</end>
</extent>
<extent unit="pages">
<start>E589</start>
<end>E602</end>
</extent>
<extent unit="pages">
<start>D485</start>
<end>D492</end>
</extent>
</part>
<originInfo>
<publisher>U.S. Government Publishing Office</publisher>
<dateIssued encoding="w3cdtf">2017-05-03</dateIssued>
<issuance>continuing</issuance>
<frequency authority="marcfrequency">daily</frequency>
</originInfo>
<physicalDescription>
<note type="source content type">deposited</note>
<digitalOrigin>born digital</digitalOrigin>
<extent>2252 p.</extent>
</physicalDescription>
<classification authority="sudocs">X 1.1/A:</classification>
<classification authority="sudocs">X/A.</classification>
<identifier type="uri">https://www.gpo.gov/fdsys/pkg/CREC-2017-05-03</identifier>
<identifier type="local">P0b002ee196f3f462</identifier>
<identifier type="stock number">752-002-00000-2</identifier>
<identifier type="ILS system id">000568013</identifier>
<identifier type="former package identifier">CR03MY17</identifier>
<recordInfo>
<recordContentSource authority="marcorg">DGPO</recordContentSource>
<recordCreationDate encoding="w3cdtf">2017-09-19</recordCreationDate>
<recordChangeDate encoding="w3cdtf">2017-09-19</recordChangeDate>
<recordIdentifier source="DGPO">CREC-2017-05-03</recordIdentifier>
<recordOrigin>machine generated</recordOrigin>
<languageOfCataloging>
<languageTerm authority="iso639-2b" type="code">eng</languageTerm>
</languageOfCataloging>
</recordInfo>
<accessCondition type="GPO scope determination">fdlp</accessCondition>
<extension>
<docClass>CREC</docClass>
<accessId>CREC-2017-05-03</accessId>
<volume>163</volume>
<issue>76</issue>
<congress>115</congress>
<session>1</session>
<bookCount>3</bookCount>
</extension>
</relatedItem>
</mods>