<mods ID="id-CREC-2017-08-01-pt1-PgH6584" version="3.3" xmlns="http://www.loc.gov/mods/v3" xmlns:exslt="http://exslt.org/common" xmlns:xlink="http://www.w3.org/1999/xlink" xmlns:xsi="http://www.w3.org/2001/XMLSchema-instance" xsi:schemaLocation="http://www.loc.gov/mods/v3 http://www.loc.gov/standards/mods/v3/mods-3-3.xsd">
<name type="corporate">
<namePart>United States Government Publishing Office</namePart>
<role>
<roleTerm authority="marcrelator" type="text">publisher</roleTerm>
<roleTerm authority="marcrelator" type="code">pbl</roleTerm>
</role>
<role>
<roleTerm authority="marcrelator" type="text">distributor</roleTerm>
<roleTerm authority="marcrelator" type="code">dst</roleTerm>
</role>
</name>
<name type="corporate">
<namePart>United States</namePart>
<namePart>Congress</namePart>
<role>
<roleTerm authority="marcrelator" type="text">author</roleTerm>
<roleTerm authority="marcrelator" type="code">aut</roleTerm>
</role>
<description>Government Organization</description>
</name>
<typeOfResource>text</typeOfResource>
<genre authority="marcgt">government publication</genre>
<language>
<languageTerm authority="iso639-2b" type="code">eng</languageTerm>
</language>
<extension>
<collectionCode>CREC</collectionCode>
<category>Proceedings of Congress and General Congressional Publications</category>
<waisDatabaseName>2017_record</waisDatabaseName>
<branch>legislative</branch>
<dateIngested>2017-08-04</dateIngested>
</extension>
<titleInfo>
<title>REPORTS OF COMMITTEES ON PUBLIC BILLS AND RESOLUTIONS</title>
<partName>House</partName>
</titleInfo>
<relatedItem type="otherFormat" xlink:href="https://www.gpo.gov/fdsys/pkg/CREC-2017-08-01/html/CREC-2017-08-01-pt1-PgH6584.htm">
<identifier type="FDsys Unique ID">D09002ee195f932dd</identifier>
</relatedItem>
<relatedItem type="otherFormat" xlink:href="https://www.gpo.gov/fdsys/pkg/CREC-2017-08-01/pdf/CREC-2017-08-01-pt1-PgH6584.pdf">
<identifier type="FDsys Unique ID">D09002ee195f93342</identifier>
</relatedItem>
<identifier type="congressional record citation">163 Cong. Rec. H6584</identifier>
<identifier type="uri">https://www.gpo.gov/fdsys/granule/CREC-2017-08-01/CREC-2017-08-01-pt1-PgH6584</identifier>
<identifier type="former granule identifier">CR01AU17-37</identifier>
<location>
<url access="object in context" displayLabel="Content Detail">https://www.gpo.gov/fdsys/granule/CREC-2017-08-01/CREC-2017-08-01-pt1-PgH6584/content-detail.html</url>
<url access="raw object" displayLabel="PDF rendition">https://www.gpo.gov/fdsys/pkg/CREC-2017-08-01/pdf/CREC-2017-08-01-pt1-PgH6584.pdf</url>
<url access="raw object" displayLabel="HTML rendition">https://www.gpo.gov/fdsys/pkg/CREC-2017-08-01/html/CREC-2017-08-01-pt1-PgH6584.htm</url>
</location>
<physicalDescription>
<extent>1 p.</extent>
</physicalDescription>
<part type="article">
<extent unit="pages">
<start>H6584</start>
<end>H6584</end>
</extent>
</part>
<name type="corporate">
<namePart>United States</namePart>
<namePart>Congress</namePart>
<namePart>House of Representatives</namePart>
<namePart>Committee on Ethics</namePart>
<role>
<roleTerm authority="marcrelator" type="text">associated name</roleTerm>
<roleTerm authority="marcrelator" type="code">asn</roleTerm>
</role>
<description>Government Organization</description>
</name>
<identifier type="preferred citation">163 Cong. Rec. H6584</identifier>
<extension>
<searchTitle>REPORTS OF COMMITTEES ON PUBLIC BILLS AND RESOLUTIONS; Congressional Record Vol. 163, No. 130</searchTitle>
<granuleClass>HOUSE</granuleClass>
<accessId>CREC-2017-08-01-pt1-PgH6584</accessId>
<subGranuleClass>HPUBCOMMREPORT</subGranuleClass>
<pagePrefix>H</pagePrefix>
<bookNumber>1</bookNumber>
<chamber>HOUSE</chamber>
<granuleDate>2017-08-01</granuleDate>
<time from="11:00:00" to="11:00:00"/>
<congCommittee authorityId="hsso00" chamber="H" congress="115" type="S">
<name type="authority-standard">Committee on Ethics</name>
<name type="authority-short">Ethics</name>
</congCommittee>
</extension>
<relatedItem ID="P0b002ee195f83162" type="host">
<titleInfo>
<title>Congressional Record</title>
<partNumber>Vol. 163, no. 130</partNumber>
</titleInfo>
<location>
<url access="object in context" displayLabel="Content Detail">https://www.gpo.gov/fdsys/pkg/CREC-2017-08-01/content-detail.html</url>
<url access="raw object" displayLabel="PDF rendition">https://www.gpo.gov/fdsys/pkg/CREC-2017-08-01/pdf/CREC-2017-08-01.pdf</url>
</location>
<part type="issue">
<extent unit="pages">
<start>H6583</start>
<end>H6585</end>
</extent>
<extent unit="pages">
<start>S4633</start>
<end>S4695</end>
</extent>
<extent unit="pages">
<start>E1107</start>
<end>E1110</end>
</extent>
<extent unit="pages">
<start>D869</start>
<end>D876</end>
</extent>
</part>
<originInfo>
<publisher>U.S. Government Publishing Office</publisher>
<dateIssued encoding="w3cdtf">2017-08-01</dateIssued>
<issuance>continuing</issuance>
<frequency authority="marcfrequency">daily</frequency>
</originInfo>
<physicalDescription>
<note type="source content type">deposited</note>
<digitalOrigin>born digital</digitalOrigin>
<extent>156 p.</extent>
</physicalDescription>
<classification authority="sudocs">X 1.1/A:</classification>
<classification authority="sudocs">X/A.</classification>
<identifier type="uri">https://www.gpo.gov/fdsys/pkg/CREC-2017-08-01</identifier>
<identifier type="local">P0b002ee195f83162</identifier>
<identifier type="stock number">752-002-00000-2</identifier>
<identifier type="ILS system id">000568013</identifier>
<identifier type="former package identifier">CR01AU17</identifier>
<recordInfo>
<recordContentSource authority="marcorg">DGPO</recordContentSource>
<recordCreationDate encoding="w3cdtf">2017-08-04</recordCreationDate>
<recordChangeDate encoding="w3cdtf">2017-08-04</recordChangeDate>
<recordIdentifier source="DGPO">CREC-2017-08-01</recordIdentifier>
<recordOrigin>machine generated</recordOrigin>
<languageOfCataloging>
<languageTerm authority="iso639-2b" type="code">eng</languageTerm>
</languageOfCataloging>
</recordInfo>
<accessCondition type="GPO scope determination">fdlp</accessCondition>
<extension>
<docClass>CREC</docClass>
<accessId>CREC-2017-08-01</accessId>
<volume>163</volume>
<issue>130</issue>
<congress>115</congress>
<session>1</session>
<bookCount>1</bookCount>
</extension>
</relatedItem>
</mods>