<mods ID="id-CREC-2017-07-11-pt1-PgH5422" version="3.3" xmlns="http://www.loc.gov/mods/v3" xmlns:exslt="http://exslt.org/common" xmlns:xlink="http://www.w3.org/1999/xlink" xmlns:xsi="http://www.w3.org/2001/XMLSchema-instance" xsi:schemaLocation="http://www.loc.gov/mods/v3 http://www.loc.gov/standards/mods/v3/mods-3-3.xsd">
<name type="corporate">
<namePart>United States Government Publishing Office</namePart>
<role>
<roleTerm authority="marcrelator" type="text">publisher</roleTerm>
<roleTerm authority="marcrelator" type="code">pbl</roleTerm>
</role>
<role>
<roleTerm authority="marcrelator" type="text">distributor</roleTerm>
<roleTerm authority="marcrelator" type="code">dst</roleTerm>
</role>
</name>
<name type="corporate">
<namePart>United States</namePart>
<namePart>Congress</namePart>
<role>
<roleTerm authority="marcrelator" type="text">author</roleTerm>
<roleTerm authority="marcrelator" type="code">aut</roleTerm>
</role>
<description>Government Organization</description>
</name>
<typeOfResource>text</typeOfResource>
<genre authority="marcgt">government publication</genre>
<language>
<languageTerm authority="iso639-2b" type="code">eng</languageTerm>
</language>
<extension>
<collectionCode>CREC</collectionCode>
<category>Proceedings of Congress and General Congressional Publications</category>
<waisDatabaseName>2017_record</waisDatabaseName>
<branch>legislative</branch>
<dateIngested>2017-11-04</dateIngested>
</extension>
<titleInfo>
<title>THE TEST OF OUR PROGRESS</title>
<partName>House</partName>
</titleInfo>
<relatedItem type="otherFormat" xlink:href="https://www.gpo.gov/fdsys/pkg/CREC-2017-07-11/html/CREC-2017-07-11-pt1-PgH5422.htm">
<identifier type="FDsys Unique ID">D09002ee197638bee</identifier>
</relatedItem>
<relatedItem type="otherFormat" xlink:href="https://www.gpo.gov/fdsys/pkg/CREC-2017-07-11/pdf/CREC-2017-07-11-pt1-PgH5422.pdf">
<identifier type="FDsys Unique ID">D09002ee197638cf9</identifier>
</relatedItem>
<identifier type="congressional record citation">163 Cong. Rec. H5422</identifier>
<identifier type="uri">https://www.gpo.gov/fdsys/granule/CREC-2017-07-11/CREC-2017-07-11-pt1-PgH5422</identifier>
<identifier type="former granule identifier">CR11JY17-117</identifier>
<location>
<url access="object in context" displayLabel="Content Detail">https://www.gpo.gov/fdsys/granule/CREC-2017-07-11/CREC-2017-07-11-pt1-PgH5422/content-detail.html</url>
<url access="raw object" displayLabel="PDF rendition">https://www.gpo.gov/fdsys/pkg/CREC-2017-07-11/pdf/CREC-2017-07-11-pt1-PgH5422.pdf</url>
<url access="raw object" displayLabel="HTML rendition">https://www.gpo.gov/fdsys/pkg/CREC-2017-07-11/html/CREC-2017-07-11-pt1-PgH5422.htm</url>
</location>
<physicalDescription>
<extent>4 p.</extent>
</physicalDescription>
<part type="article">
<extent unit="pages">
<start>H5422</start>
<end>H5425</end>
</extent>
</part>
<name type="personal">
<namePart>John Garamendi</namePart>
<affiliation>United States House of Representatives</affiliation>
<role>
<roleTerm type="text">speaking</roleTerm>
</role>
<description>United States Congress Member</description>
</name>
<identifier type="preferred citation">163 Cong. Rec. H5422</identifier>
<extension>
<searchTitle>THE TEST OF OUR PROGRESS; Congressional Record Vol. 163, No. 116</searchTitle>
<granuleClass>HOUSE</granuleClass>
<accessId>CREC-2017-07-11-pt1-PgH5422</accessId>
<subGranuleClass>ALLOTHER</subGranuleClass>
<pagePrefix>H</pagePrefix>
<bookNumber>1</bookNumber>
<chamber>HOUSE</chamber>
<granuleDate>2017-07-11</granuleDate>
<time from="19:30:00" to="20:00:00"/>
<congMember authorityId="1973" bioGuideId="G000559" chamber="H" congress="115" gpoId="7815" party="D" role="SPEAKING" state="CA">
<name type="parsed">Mr. GARAMENDI</name>
<name type="authority-fnf">John Garamendi</name>
<name type="authority-lnf">Garamendi, John</name>
</congMember>
</extension>
<relatedItem ID="P0b002ee1975fa542" type="host">
<titleInfo>
<title>Congressional Record</title>
<partNumber>Vol. 163, no. 116</partNumber>
</titleInfo>
<location>
<url access="object in context" displayLabel="Content Detail">https://www.gpo.gov/fdsys/pkg/CREC-2017-07-11/content-detail.html</url>
<url access="raw object" displayLabel="PDF rendition">https://www.gpo.gov/fdsys/pkg/CREC-2017-07-11/pdf/CREC-2017-07-11.pdf</url>
</location>
<part type="issue">
<extent unit="pages">
<start>H5393</start>
<end>H5435</end>
</extent>
<extent unit="pages">
<start>S3889</start>
<end>S3931</end>
</extent>
<extent unit="pages">
<start>E953</start>
<end>E962</end>
</extent>
<extent unit="pages">
<start>D743</start>
<end>D750</end>
</extent>
</part>
<originInfo>
<publisher>U.S. Government Publishing Office</publisher>
<dateIssued encoding="w3cdtf">2017-07-11</dateIssued>
<issuance>continuing</issuance>
<frequency authority="marcfrequency">daily</frequency>
</originInfo>
<physicalDescription>
<note type="source content type">deposited</note>
<digitalOrigin>born digital</digitalOrigin>
<extent>208 p.</extent>
</physicalDescription>
<classification authority="sudocs">X 1.1/A:</classification>
<classification authority="sudocs">X/A.</classification>
<identifier type="uri">https://www.gpo.gov/fdsys/pkg/CREC-2017-07-11</identifier>
<identifier type="local">P0b002ee1975fa542</identifier>
<identifier type="stock number">752-002-00000-2</identifier>
<identifier type="ILS system id">000568013</identifier>
<identifier type="former package identifier">CR11JY17</identifier>
<recordInfo>
<recordContentSource authority="marcorg">DGPO</recordContentSource>
<recordCreationDate encoding="w3cdtf">2017-11-04</recordCreationDate>
<recordChangeDate encoding="w3cdtf">2017-11-04</recordChangeDate>
<recordIdentifier source="DGPO">CREC-2017-07-11</recordIdentifier>
<recordOrigin>machine generated</recordOrigin>
<languageOfCataloging>
<languageTerm authority="iso639-2b" type="code">eng</languageTerm>
</languageOfCataloging>
</recordInfo>
<accessCondition type="GPO scope determination">fdlp</accessCondition>
<extension>
<docClass>CREC</docClass>
<accessId>CREC-2017-07-11</accessId>
<volume>163</volume>
<issue>116</issue>
<congress>115</congress>
<session>1</session>
<bookCount>1</bookCount>
</extension>
</relatedItem>
</mods>