<mods ID="id-CREC-2017-07-18-pt1-PgH5938" version="3.3" xmlns="http://www.loc.gov/mods/v3" xmlns:exslt="http://exslt.org/common" xmlns:xlink="http://www.w3.org/1999/xlink" xmlns:xsi="http://www.w3.org/2001/XMLSchema-instance" xsi:schemaLocation="http://www.loc.gov/mods/v3 http://www.loc.gov/standards/mods/v3/mods-3-3.xsd">
<name type="corporate">
<namePart>United States Government Publishing Office</namePart>
<role>
<roleTerm authority="marcrelator" type="text">publisher</roleTerm>
<roleTerm authority="marcrelator" type="code">pbl</roleTerm>
</role>
<role>
<roleTerm authority="marcrelator" type="text">distributor</roleTerm>
<roleTerm authority="marcrelator" type="code">dst</roleTerm>
</role>
</name>
<name type="corporate">
<namePart>United States</namePart>
<namePart>Congress</namePart>
<role>
<roleTerm authority="marcrelator" type="text">author</roleTerm>
<roleTerm authority="marcrelator" type="code">aut</roleTerm>
</role>
<description>Government Organization</description>
</name>
<typeOfResource>text</typeOfResource>
<genre authority="marcgt">government publication</genre>
<language>
<languageTerm authority="iso639-2b" type="code">eng</languageTerm>
</language>
<extension>
<collectionCode>CREC</collectionCode>
<category>Proceedings of Congress and General Congressional Publications</category>
<waisDatabaseName>2017_record</waisDatabaseName>
<branch>legislative</branch>
<dateIngested>2017-11-07</dateIngested>
</extension>
<titleInfo>
<title>ENHANCING STATE ENERGY SECURITY PLANNING AND EMERGENCY PREPAREDNESS ACT OF 2017</title>
<partName>House</partName>
</titleInfo>
<relatedItem type="otherFormat" xlink:href="https://www.gpo.gov/fdsys/pkg/CREC-2017-07-18/html/CREC-2017-07-18-pt1-PgH5938.htm">
<identifier type="FDsys Unique ID">D09002ee1976b7437</identifier>
</relatedItem>
<relatedItem type="otherFormat" xlink:href="https://www.gpo.gov/fdsys/pkg/CREC-2017-07-18/pdf/CREC-2017-07-18-pt1-PgH5938.pdf">
<identifier type="FDsys Unique ID">D09002ee1976b7529</identifier>
</relatedItem>
<identifier type="congressional record citation">163 Cong. Rec. H5938</identifier>
<identifier type="uri">https://www.gpo.gov/fdsys/granule/CREC-2017-07-18/CREC-2017-07-18-pt1-PgH5938</identifier>
<identifier type="former granule identifier">CR18JY17-77</identifier>
<location>
<url access="object in context" displayLabel="Content Detail">https://www.gpo.gov/fdsys/granule/CREC-2017-07-18/CREC-2017-07-18-pt1-PgH5938/content-detail.html</url>
<url access="raw object" displayLabel="PDF rendition">https://www.gpo.gov/fdsys/pkg/CREC-2017-07-18/pdf/CREC-2017-07-18-pt1-PgH5938.pdf</url>
<url access="raw object" displayLabel="HTML rendition">https://www.gpo.gov/fdsys/pkg/CREC-2017-07-18/html/CREC-2017-07-18-pt1-PgH5938.htm</url>
</location>
<physicalDescription>
<extent>2 p.</extent>
</physicalDescription>
<part type="article">
<extent unit="pages">
<start>H5938</start>
<end>H5939</end>
</extent>
</part>
<name type="personal">
<namePart>Fred Upton</namePart>
<affiliation>United States House of Representatives</affiliation>
<role>
<roleTerm type="text">speaking</roleTerm>
</role>
<description>United States Congress Member</description>
</name>
<name type="personal">
<namePart>Bobby L. Rush</namePart>
<affiliation>United States House of Representatives</affiliation>
<role>
<roleTerm type="text">speaking</roleTerm>
</role>
<description>United States Congress Member</description>
</name>
<name type="personal">
<namePart>Joe Barton</namePart>
<affiliation>United States House of Representatives</affiliation>
<role>
<roleTerm type="text">speaking</roleTerm>
</role>
<description>United States Congress Member</description>
</name>
<identifier type="preferred citation">163 Cong. Rec. H5938</identifier>
<extension>
<searchTitle>ENHANCING STATE ENERGY SECURITY PLANNING AND EMERGENCY PREPAREDNESS ACT OF 2017; Congressional Record Vol. 163, No. 121</searchTitle>
<associatedBills>H.R. 3050, 115th Congress
        </associatedBills>
<granuleClass>HOUSE</granuleClass>
<accessId>CREC-2017-07-18-pt1-PgH5938</accessId>
<subGranuleClass>ALLOTHER</subGranuleClass>
<pagePrefix>H</pagePrefix>
<bookNumber>1</bookNumber>
<chamber>HOUSE</chamber>
<granuleDate>2017-07-18</granuleDate>
<time from="13:30:00" to="13:30:00"/>
<bill congress="115" context="HEADERLINE" number="3050" type="HR"/>
<bill congress="115" context="FIRSTPARAGRAPH" number="3050" type="HR"/>
<bill congress="115" context="OTHER" number="3050" type="HR"/>
<congMember authorityId="1177" bioGuideId="U000031" chamber="H" congress="115" gpoId="7991" party="R" role="SPEAKING" state="MI">
<name type="parsed">Mr. UPTON</name>
<name type="authority-fnf">Fred Upton</name>
<name type="authority-lnf">Upton, Fred</name>
</congMember>
<congMember authorityId="1003" bioGuideId="R000515" chamber="H" congress="115" gpoId="7921" party="D" role="SPEAKING" state="IL">
<name type="parsed">Mr. RUSH</name>
<name type="authority-fnf">Bobby L. Rush</name>
<name type="authority-lnf">Rush, Bobby L.</name>
<name type="authority-other">Bobby Rush</name>
</congMember>
<congMember authorityId="62" bioGuideId="B000213" chamber="H" congress="115" gpoId="8162" party="R" role="SPEAKING" state="TX">
<name type="parsed">Mr. BARTON</name>
<name type="authority-fnf">Joe Barton</name>
<name type="authority-lnf">Barton, Joe</name>
<name type="authority-other">Joe L. Barton</name>
</congMember>
<USCode title="42">
<section detail="et seq." number="6321"/>
<section number="6323a"/>
<section number="6323"/>
<section detail="(f)" number="6325"/>
<section detail="(3)(B)(i)" number="6326"/>
</USCode>
</extension>
<relatedItem type="isReferencedBy">
<titleInfo>
<title>United States House Bill 3050  (115th Congress)</title>
</titleInfo>
<identifier type="Congressional Bill citation">H.R. 3050</identifier>
<extension>
<congress>115</congress>
<context>HEADERLINE</context>
</extension>
</relatedItem>
<relatedItem type="isReferencedBy">
<titleInfo>
<title>United States House Bill 3050  (115th Congress)</title>
</titleInfo>
<identifier type="Congressional Bill citation">H.R. 3050</identifier>
<extension>
<congress>115</congress>
<context>FIRSTPARAGRAPH</context>
</extension>
</relatedItem>
<relatedItem type="isReferencedBy">
<titleInfo>
<title>United States House Bill 3050  (115th Congress)</title>
</titleInfo>
<identifier type="Congressional Bill citation">H.R. 3050</identifier>
<extension>
<congress>115</congress>
<context>OTHER</context>
</extension>
</relatedItem>
<relatedItem type="isReferencedBy">
<titleInfo>
<title>United States Code</title>
<partNumber>Title 42 Section 6321et seq.</partNumber>
<partNumber>Title 42 Section 6323a</partNumber>
<partNumber>Title 42 Section 6323</partNumber>
<partNumber>Title 42 Section 6325(f)</partNumber>
<partNumber>Title 42 Section 6326(3)(B)(i)</partNumber>
</titleInfo>
<identifier type="USC citation">42 U.S.C. 6321et seq.</identifier>
<identifier type="USC citation">42 U.S.C. 6323a</identifier>
<identifier type="USC citation">42 U.S.C. 6323</identifier>
<identifier type="USC citation">42 U.S.C. 6325(f)</identifier>
<identifier type="USC citation">42 U.S.C. 6326(3)(B)(i)</identifier>
</relatedItem>
<relatedItem ID="P0b002ee1976b726e" type="host">
<titleInfo>
<title>Congressional Record</title>
<partNumber>Vol. 163, no. 121</partNumber>
</titleInfo>
<location>
<url access="object in context" displayLabel="Content Detail">https://www.gpo.gov/fdsys/pkg/CREC-2017-07-18/content-detail.html</url>
<url access="raw object" displayLabel="PDF rendition">https://www.gpo.gov/fdsys/pkg/CREC-2017-07-18/pdf/CREC-2017-07-18.pdf</url>
</location>
<part type="issue">
<extent unit="pages">
<start>H5923</start>
<end>H5979</end>
</extent>
<extent unit="pages">
<start>S4029</start>
<end>S4059</end>
</extent>
<extent unit="pages">
<start>E1007</start>
<end>E1014</end>
</extent>
<extent unit="pages">
<start>D792</start>
<end>D800</end>
</extent>
</part>
<originInfo>
<publisher>U.S. Government Publishing Office</publisher>
<dateIssued encoding="w3cdtf">2017-07-18</dateIssued>
<issuance>continuing</issuance>
<frequency authority="marcfrequency">daily</frequency>
</originInfo>
<physicalDescription>
<note type="source content type">deposited</note>
<digitalOrigin>born digital</digitalOrigin>
<extent>210 p.</extent>
</physicalDescription>
<classification authority="sudocs">X 1.1/A:</classification>
<classification authority="sudocs">X/A.</classification>
<identifier type="uri">https://www.gpo.gov/fdsys/pkg/CREC-2017-07-18</identifier>
<identifier type="local">P0b002ee1976b726e</identifier>
<identifier type="stock number">752-002-00000-2</identifier>
<identifier type="ILS system id">000568013</identifier>
<identifier type="former package identifier">CR18JY17</identifier>
<recordInfo>
<recordContentSource authority="marcorg">DGPO</recordContentSource>
<recordCreationDate encoding="w3cdtf">2017-11-07</recordCreationDate>
<recordChangeDate encoding="w3cdtf">2017-11-07</recordChangeDate>
<recordIdentifier source="DGPO">CREC-2017-07-18</recordIdentifier>
<recordOrigin>machine generated</recordOrigin>
<languageOfCataloging>
<languageTerm authority="iso639-2b" type="code">eng</languageTerm>
</languageOfCataloging>
</recordInfo>
<accessCondition type="GPO scope determination">fdlp</accessCondition>
<extension>
<docClass>CREC</docClass>
<accessId>CREC-2017-07-18</accessId>
<volume>163</volume>
<issue>121</issue>
<congress>115</congress>
<session>1</session>
<bookCount>1</bookCount>
</extension>
</relatedItem>
</mods>