<mods ID="id-CREC-2017-07-17-pt1-PgH5919-5" version="3.3" xmlns="http://www.loc.gov/mods/v3" xmlns:exslt="http://exslt.org/common" xmlns:xlink="http://www.w3.org/1999/xlink" xmlns:xsi="http://www.w3.org/2001/XMLSchema-instance" xsi:schemaLocation="http://www.loc.gov/mods/v3 http://www.loc.gov/standards/mods/v3/mods-3-3.xsd">
<name type="corporate">
<namePart>United States Government Publishing Office</namePart>
<role>
<roleTerm authority="marcrelator" type="text">publisher</roleTerm>
<roleTerm authority="marcrelator" type="code">pbl</roleTerm>
</role>
<role>
<roleTerm authority="marcrelator" type="text">distributor</roleTerm>
<roleTerm authority="marcrelator" type="code">dst</roleTerm>
</role>
</name>
<name type="corporate">
<namePart>United States</namePart>
<namePart>Congress</namePart>
<role>
<roleTerm authority="marcrelator" type="text">author</roleTerm>
<roleTerm authority="marcrelator" type="code">aut</roleTerm>
</role>
<description>Government Organization</description>
</name>
<typeOfResource>text</typeOfResource>
<genre authority="marcgt">government publication</genre>
<language>
<languageTerm authority="iso639-2b" type="code">eng</languageTerm>
</language>
<extension>
<collectionCode>CREC</collectionCode>
<category>Proceedings of Congress and General Congressional Publications</category>
<waisDatabaseName>2017_record</waisDatabaseName>
<branch>legislative</branch>
<dateIngested>2017-11-04</dateIngested>
</extension>
<titleInfo>
<title>PUBLIC BILLS AND RESOLUTIONS</title>
<partName>House</partName>
</titleInfo>
<relatedItem type="otherFormat" xlink:href="https://www.gpo.gov/fdsys/pkg/CREC-2017-07-17/html/CREC-2017-07-17-pt1-PgH5919-5.htm">
<identifier type="FDsys Unique ID">D09002ee19763a0b5</identifier>
</relatedItem>
<relatedItem type="otherFormat" xlink:href="https://www.gpo.gov/fdsys/pkg/CREC-2017-07-17/pdf/CREC-2017-07-17-pt1-PgH5919-5.pdf">
<identifier type="FDsys Unique ID">D09002ee19763a0d1</identifier>
</relatedItem>
<identifier type="congressional record citation">163 Cong. Rec. H5919</identifier>
<identifier type="uri">https://www.gpo.gov/fdsys/granule/CREC-2017-07-17/CREC-2017-07-17-pt1-PgH5919-5</identifier>
<identifier type="former granule identifier">CR17JY17-78</identifier>
<location>
<url access="object in context" displayLabel="Content Detail">https://www.gpo.gov/fdsys/granule/CREC-2017-07-17/CREC-2017-07-17-pt1-PgH5919-5/content-detail.html</url>
<url access="raw object" displayLabel="PDF rendition">https://www.gpo.gov/fdsys/pkg/CREC-2017-07-17/pdf/CREC-2017-07-17-pt1-PgH5919-5.pdf</url>
<url access="raw object" displayLabel="HTML rendition">https://www.gpo.gov/fdsys/pkg/CREC-2017-07-17/html/CREC-2017-07-17-pt1-PgH5919-5.htm</url>
</location>
<physicalDescription>
<extent>2 p.</extent>
</physicalDescription>
<part type="article">
<extent unit="pages">
<start>H5919</start>
<end>H5920</end>
</extent>
</part>
<name type="corporate">
<namePart>United States</namePart>
<namePart>Congress</namePart>
<namePart>House of Representatives</namePart>
<namePart>Committee on Veterans' Affairs</namePart>
<role>
<roleTerm authority="marcrelator" type="text">associated name</roleTerm>
<roleTerm authority="marcrelator" type="code">asn</roleTerm>
</role>
<description>Government Organization</description>
</name>
<name type="corporate">
<namePart>United States</namePart>
<namePart>Congress</namePart>
<namePart>House of Representatives</namePart>
<namePart>Committee on Ways and Means</namePart>
<role>
<roleTerm authority="marcrelator" type="text">associated name</roleTerm>
<roleTerm authority="marcrelator" type="code">asn</roleTerm>
</role>
<description>Government Organization</description>
</name>
<name type="corporate">
<namePart>United States</namePart>
<namePart>Congress</namePart>
<namePart>House of Representatives</namePart>
<namePart>Committee on Energy and Commerce</namePart>
<role>
<roleTerm authority="marcrelator" type="text">associated name</roleTerm>
<roleTerm authority="marcrelator" type="code">asn</roleTerm>
</role>
<description>Government Organization</description>
</name>
<name type="corporate">
<namePart>United States</namePart>
<namePart>Congress</namePart>
<namePart>House of Representatives</namePart>
<namePart>Committee on the Judiciary</namePart>
<role>
<roleTerm authority="marcrelator" type="text">associated name</roleTerm>
<roleTerm authority="marcrelator" type="code">asn</roleTerm>
</role>
<description>Government Organization</description>
</name>
<name type="corporate">
<namePart>United States</namePart>
<namePart>Congress</namePart>
<namePart>House of Representatives</namePart>
<namePart>Committee on Oversight and Government Reform</namePart>
<role>
<roleTerm authority="marcrelator" type="text">associated name</roleTerm>
<roleTerm authority="marcrelator" type="code">asn</roleTerm>
</role>
<description>Government Organization</description>
</name>
<name type="corporate">
<namePart>United States</namePart>
<namePart>Congress</namePart>
<namePart>House of Representatives</namePart>
<namePart>Committee on Foreign Affairs</namePart>
<role>
<roleTerm authority="marcrelator" type="text">associated name</roleTerm>
<roleTerm authority="marcrelator" type="code">asn</roleTerm>
</role>
<description>Government Organization</description>
</name>
<name type="corporate">
<namePart>United States</namePart>
<namePart>Congress</namePart>
<namePart>House of Representatives</namePart>
<namePart>Committee on Natural Resources</namePart>
<role>
<roleTerm authority="marcrelator" type="text">associated name</roleTerm>
<roleTerm authority="marcrelator" type="code">asn</roleTerm>
</role>
<description>Government Organization</description>
</name>
<name type="corporate">
<namePart>United States</namePart>
<namePart>Congress</namePart>
<namePart>House of Representatives</namePart>
<namePart>Committee on Financial Services</namePart>
<role>
<roleTerm authority="marcrelator" type="text">associated name</roleTerm>
<roleTerm authority="marcrelator" type="code">asn</roleTerm>
</role>
<description>Government Organization</description>
</name>
<name type="corporate">
<namePart>United States</namePart>
<namePart>Congress</namePart>
<namePart>House of Representatives</namePart>
<namePart>Committee on Armed Services</namePart>
<role>
<roleTerm authority="marcrelator" type="text">associated name</roleTerm>
<roleTerm authority="marcrelator" type="code">asn</roleTerm>
</role>
<description>Government Organization</description>
</name>
<identifier type="preferred citation">163 Cong. Rec. H5919</identifier>
<extension>
<searchTitle>PUBLIC BILLS AND RESOLUTIONS; Congressional Record Vol. 163, No. 120</searchTitle>
<granuleClass>HOUSE</granuleClass>
<accessId>CREC-2017-07-17-pt1-PgH5919-5</accessId>
<subGranuleClass>HPUBBILLS</subGranuleClass>
<pagePrefix>H</pagePrefix>
<bookNumber>1</bookNumber>
<chamber>HOUSE</chamber>
<granuleDate>2017-07-17</granuleDate>
<time from="21:15:00" to="21:15:00"/>
<bill congress="115" context="OTHER" number="452" type="HRES"/>
<bill congress="115" context="OTHER" number="3262" type="HR"/>
<bill congress="115" context="OTHER" number="3263" type="HR"/>
<bill congress="115" context="OTHER" number="3264" type="HR"/>
<bill congress="115" context="OTHER" number="3265" type="HR"/>
<bill congress="115" context="OTHER" number="3269" type="HR"/>
<bill congress="115" context="OTHER" number="3270" type="HR"/>
<bill congress="115" context="OTHER" number="3271" type="HR"/>
<bill congress="115" context="OTHER" number="3272" type="HR"/>
<bill congress="115" context="OTHER" number="3273" type="HR"/>
<bill congress="115" context="OTHER" number="3274" type="HR"/>
<bill congress="115" context="OTHER" number="3275" type="HR"/>
<congCommittee authorityId="hsvr00" chamber="H" congress="115" type="S">
<name type="authority-standard">Committee on Veterans' Affairs</name>
<name type="authority-short">Veterans' Affairs</name>
</congCommittee>
<congCommittee authorityId="hswm00" chamber="H" congress="115" type="S">
<name type="authority-standard">Committee on Ways and Means</name>
<name type="authority-short">Ways and Means</name>
</congCommittee>
<congCommittee authorityId="hsif00" chamber="H" congress="115" type="S">
<name type="authority-standard">Committee on Energy and Commerce</name>
<name type="authority-short">Energy and Commerce</name>
</congCommittee>
<congCommittee authorityId="hsju00" chamber="H" congress="115" type="S">
<name type="authority-standard">Committee on the Judiciary</name>
<name type="authority-short">Judiciary</name>
</congCommittee>
<congCommittee authorityId="hsgo00" chamber="H" congress="115" type="S">
<name type="authority-standard">Committee on Oversight and Government Reform</name>
<name type="authority-short">Oversight and Government Reform</name>
</congCommittee>
<congCommittee authorityId="hsfa00" chamber="H" congress="115" type="S">
<name type="authority-standard">Committee on Foreign Affairs</name>
<name type="authority-short">Foreign Affairs</name>
</congCommittee>
<congCommittee authorityId="hsii00" chamber="H" congress="115" type="S">
<name type="authority-standard">Committee on Natural Resources</name>
<name type="authority-short">Natural Resources</name>
</congCommittee>
<congCommittee authorityId="hsba00" chamber="H" congress="115" type="S">
<name type="authority-standard">Committee on Financial Services</name>
<name type="authority-short">Financial Services</name>
</congCommittee>
<congCommittee authorityId="hsas00" chamber="H" congress="115" type="S">
<name type="authority-standard">Committee on Armed Services</name>
<name type="authority-short">Armed Services</name>
</congCommittee>
</extension>
<relatedItem type="isReferencedBy">
<titleInfo>
<title>United States House Resolution 452  (115th Congress)</title>
</titleInfo>
<identifier type="Congressional Bill citation">H. Res. 452</identifier>
<extension>
<congress>115</congress>
<context>OTHER</context>
</extension>
</relatedItem>
<relatedItem type="isReferencedBy">
<titleInfo>
<title>United States House Bill 3262  (115th Congress)</title>
</titleInfo>
<identifier type="Congressional Bill citation">H.R. 3262</identifier>
<extension>
<congress>115</congress>
<context>OTHER</context>
</extension>
</relatedItem>
<relatedItem type="isReferencedBy">
<titleInfo>
<title>United States House Bill 3263  (115th Congress)</title>
</titleInfo>
<identifier type="Congressional Bill citation">H.R. 3263</identifier>
<extension>
<congress>115</congress>
<context>OTHER</context>
</extension>
</relatedItem>
<relatedItem type="isReferencedBy">
<titleInfo>
<title>United States House Bill 3264  (115th Congress)</title>
</titleInfo>
<identifier type="Congressional Bill citation">H.R. 3264</identifier>
<extension>
<congress>115</congress>
<context>OTHER</context>
</extension>
</relatedItem>
<relatedItem type="isReferencedBy">
<titleInfo>
<title>United States House Bill 3265  (115th Congress)</title>
</titleInfo>
<identifier type="Congressional Bill citation">H.R. 3265</identifier>
<extension>
<congress>115</congress>
<context>OTHER</context>
</extension>
</relatedItem>
<relatedItem type="isReferencedBy">
<titleInfo>
<title>United States House Bill 3269  (115th Congress)</title>
</titleInfo>
<identifier type="Congressional Bill citation">H.R. 3269</identifier>
<extension>
<congress>115</congress>
<context>OTHER</context>
</extension>
</relatedItem>
<relatedItem type="isReferencedBy">
<titleInfo>
<title>United States House Bill 3270  (115th Congress)</title>
</titleInfo>
<identifier type="Congressional Bill citation">H.R. 3270</identifier>
<extension>
<congress>115</congress>
<context>OTHER</context>
</extension>
</relatedItem>
<relatedItem type="isReferencedBy">
<titleInfo>
<title>United States House Bill 3271  (115th Congress)</title>
</titleInfo>
<identifier type="Congressional Bill citation">H.R. 3271</identifier>
<extension>
<congress>115</congress>
<context>OTHER</context>
</extension>
</relatedItem>
<relatedItem type="isReferencedBy">
<titleInfo>
<title>United States House Bill 3272  (115th Congress)</title>
</titleInfo>
<identifier type="Congressional Bill citation">H.R. 3272</identifier>
<extension>
<congress>115</congress>
<context>OTHER</context>
</extension>
</relatedItem>
<relatedItem type="isReferencedBy">
<titleInfo>
<title>United States House Bill 3273  (115th Congress)</title>
</titleInfo>
<identifier type="Congressional Bill citation">H.R. 3273</identifier>
<extension>
<congress>115</congress>
<context>OTHER</context>
</extension>
</relatedItem>
<relatedItem type="isReferencedBy">
<titleInfo>
<title>United States House Bill 3274  (115th Congress)</title>
</titleInfo>
<identifier type="Congressional Bill citation">H.R. 3274</identifier>
<extension>
<congress>115</congress>
<context>OTHER</context>
</extension>
</relatedItem>
<relatedItem type="isReferencedBy">
<titleInfo>
<title>United States House Bill 3275  (115th Congress)</title>
</titleInfo>
<identifier type="Congressional Bill citation">H.R. 3275</identifier>
<extension>
<congress>115</congress>
<context>OTHER</context>
</extension>
</relatedItem>
<relatedItem ID="P0b002ee1976389ae" type="host">
<titleInfo>
<title>Congressional Record</title>
<partNumber>Vol. 163, no. 120</partNumber>
</titleInfo>
<location>
<url access="object in context" displayLabel="Content Detail">https://www.gpo.gov/fdsys/pkg/CREC-2017-07-17/content-detail.html</url>
<url access="raw object" displayLabel="PDF rendition">https://www.gpo.gov/fdsys/pkg/CREC-2017-07-17/pdf/CREC-2017-07-17.pdf</url>
</location>
<part type="issue">
<extent unit="pages">
<start>H5887</start>
<end>H5922</end>
</extent>
<extent unit="pages">
<start>S4009</start>
<end>S4027</end>
</extent>
<extent unit="pages">
<start>E999</start>
<end>E1005</end>
</extent>
<extent unit="pages">
<start>D782</start>
<end>D790</end>
</extent>
</part>
<originInfo>
<publisher>U.S. Government Publishing Office</publisher>
<dateIssued encoding="w3cdtf">2017-07-17</dateIssued>
<issuance>continuing</issuance>
<frequency authority="marcfrequency">daily</frequency>
</originInfo>
<physicalDescription>
<note type="source content type">deposited</note>
<digitalOrigin>born digital</digitalOrigin>
<extent>142 p.</extent>
</physicalDescription>
<classification authority="sudocs">X 1.1/A:</classification>
<classification authority="sudocs">X/A.</classification>
<identifier type="uri">https://www.gpo.gov/fdsys/pkg/CREC-2017-07-17</identifier>
<identifier type="local">P0b002ee1976389ae</identifier>
<identifier type="stock number">752-002-00000-2</identifier>
<identifier type="ILS system id">000568013</identifier>
<identifier type="former package identifier">CR17JY17</identifier>
<recordInfo>
<recordContentSource authority="marcorg">DGPO</recordContentSource>
<recordCreationDate encoding="w3cdtf">2017-11-04</recordCreationDate>
<recordChangeDate encoding="w3cdtf">2017-11-04</recordChangeDate>
<recordIdentifier source="DGPO">CREC-2017-07-17</recordIdentifier>
<recordOrigin>machine generated</recordOrigin>
<languageOfCataloging>
<languageTerm authority="iso639-2b" type="code">eng</languageTerm>
</languageOfCataloging>
</recordInfo>
<accessCondition type="GPO scope determination">fdlp</accessCondition>
<extension>
<docClass>CREC</docClass>
<accessId>CREC-2017-07-17</accessId>
<volume>163</volume>
<issue>120</issue>
<congress>115</congress>
<session>1</session>
<bookCount>1</bookCount>
</extension>
</relatedItem>
</mods>