<mods ID="id-CREC-2017-05-22-pt1-PgS3061-3" version="3.3" xmlns="http://www.loc.gov/mods/v3" xmlns:exslt="http://exslt.org/common" xmlns:xlink="http://www.w3.org/1999/xlink" xmlns:xsi="http://www.w3.org/2001/XMLSchema-instance" xsi:schemaLocation="http://www.loc.gov/mods/v3 http://www.loc.gov/standards/mods/v3/mods-3-3.xsd">
<name type="corporate">
<namePart>United States Government Publishing Office</namePart>
<role>
<roleTerm authority="marcrelator" type="text">publisher</roleTerm>
<roleTerm authority="marcrelator" type="code">pbl</roleTerm>
</role>
<role>
<roleTerm authority="marcrelator" type="text">distributor</roleTerm>
<roleTerm authority="marcrelator" type="code">dst</roleTerm>
</role>
</name>
<name type="corporate">
<namePart>United States</namePart>
<namePart>Congress</namePart>
<role>
<roleTerm authority="marcrelator" type="text">author</roleTerm>
<roleTerm authority="marcrelator" type="code">aut</roleTerm>
</role>
<description>Government Organization</description>
</name>
<typeOfResource>text</typeOfResource>
<genre authority="marcgt">government publication</genre>
<language>
<languageTerm authority="iso639-2b" type="code">eng</languageTerm>
</language>
<extension>
<collectionCode>CREC</collectionCode>
<category>Proceedings of Congress and General Congressional Publications</category>
<waisDatabaseName>2017_record</waisDatabaseName>
<branch>legislative</branch>
<dateIngested>2017-09-19</dateIngested>
</extension>
<titleInfo>
<title>NATIONAL POLICE WEEK</title>
<partName>Senate</partName>
</titleInfo>
<relatedItem type="otherFormat" xlink:href="https://www.gpo.gov/fdsys/pkg/CREC-2017-05-22/html/CREC-2017-05-22-pt1-PgS3061-3.htm">
<identifier type="FDsys Unique ID">D09002ee196f3fe9a</identifier>
</relatedItem>
<relatedItem type="otherFormat" xlink:href="https://www.gpo.gov/fdsys/pkg/CREC-2017-05-22/pdf/CREC-2017-05-22-pt1-PgS3061-3.pdf">
<identifier type="FDsys Unique ID">D09002ee196f3ff48</identifier>
</relatedItem>
<identifier type="congressional record citation">163 Cong. Rec. S3061</identifier>
<identifier type="uri">https://www.gpo.gov/fdsys/granule/CREC-2017-05-22/CREC-2017-05-22-pt1-PgS3061-3</identifier>
<identifier type="former granule identifier">CR22MY17-129</identifier>
<location>
<url access="object in context" displayLabel="Content Detail">https://www.gpo.gov/fdsys/granule/CREC-2017-05-22/CREC-2017-05-22-pt1-PgS3061-3/content-detail.html</url>
<url access="raw object" displayLabel="PDF rendition">https://www.gpo.gov/fdsys/pkg/CREC-2017-05-22/pdf/CREC-2017-05-22-pt1-PgS3061-3.pdf</url>
<url access="raw object" displayLabel="HTML rendition">https://www.gpo.gov/fdsys/pkg/CREC-2017-05-22/html/CREC-2017-05-22-pt1-PgS3061-3.htm</url>
</location>
<physicalDescription>
<extent>2 p.</extent>
</physicalDescription>
<part type="article">
<extent unit="pages">
<start>S3061</start>
<end>S3062</end>
</extent>
</part>
<name type="personal">
<namePart>Robert Menendez</namePart>
<affiliation>United States Senate</affiliation>
<role>
<roleTerm type="text">speaking</roleTerm>
</role>
<description>United States Congress Member</description>
</name>
<identifier type="preferred citation">163 Cong. Rec. S3061</identifier>
<extension>
<searchTitle>NATIONAL POLICE WEEK; Congressional Record Vol. 163, No. 88</searchTitle>
<granuleClass>SENATE</granuleClass>
<accessId>CREC-2017-05-22-pt1-PgS3061-3</accessId>
<subGranuleClass>ALLOTHER</subGranuleClass>
<pagePrefix>S</pagePrefix>
<bookNumber>1</bookNumber>
<chamber>SENATE</chamber>
<granuleDate>2017-05-22</granuleDate>
<congMember authorityId="791" bioGuideId="M000639" chamber="S" congress="115" gpoId="8239" party="D" role="SPEAKING" state="NJ">
<name type="parsed">Mr. MENENDEZ</name>
<name type="authority-fnf">Robert Menendez</name>
<name type="authority-lnf">Menendez, Robert</name>
</congMember>
</extension>
<relatedItem ID="P0b002ee196f3f51a" type="host">
<titleInfo>
<title>Congressional Record</title>
<partNumber>Vol. 163, no. 88</partNumber>
</titleInfo>
<location>
<url access="object in context" displayLabel="Content Detail">https://www.gpo.gov/fdsys/pkg/CREC-2017-05-22/content-detail.html</url>
<url access="raw object" displayLabel="PDF rendition">https://www.gpo.gov/fdsys/pkg/CREC-2017-05-22/pdf/CREC-2017-05-22.pdf</url>
</location>
<part type="issue">
<extent unit="pages">
<start>H4393</start>
<end>H4425</end>
</extent>
<extent unit="pages">
<start>S3051</start>
<end>S3074</end>
</extent>
<extent unit="pages">
<start>E687</start>
<end>E695</end>
</extent>
<extent unit="pages">
<start>D557</start>
<end>D564</end>
</extent>
</part>
<originInfo>
<publisher>U.S. Government Publishing Office</publisher>
<dateIssued encoding="w3cdtf">2017-05-22</dateIssued>
<issuance>continuing</issuance>
<frequency authority="marcfrequency">daily</frequency>
</originInfo>
<physicalDescription>
<note type="source content type">deposited</note>
<digitalOrigin>born digital</digitalOrigin>
<extent>148 p.</extent>
</physicalDescription>
<classification authority="sudocs">X 1.1/A:</classification>
<classification authority="sudocs">X/A.</classification>
<identifier type="uri">https://www.gpo.gov/fdsys/pkg/CREC-2017-05-22</identifier>
<identifier type="local">P0b002ee196f3f51a</identifier>
<identifier type="stock number">752-002-00000-2</identifier>
<identifier type="ILS system id">000568013</identifier>
<identifier type="former package identifier">CR22MY17</identifier>
<recordInfo>
<recordContentSource authority="marcorg">DGPO</recordContentSource>
<recordCreationDate encoding="w3cdtf">2017-09-19</recordCreationDate>
<recordChangeDate encoding="w3cdtf">2017-09-19</recordChangeDate>
<recordIdentifier source="DGPO">CREC-2017-05-22</recordIdentifier>
<recordOrigin>machine generated</recordOrigin>
<languageOfCataloging>
<languageTerm authority="iso639-2b" type="code">eng</languageTerm>
</languageOfCataloging>
</recordInfo>
<accessCondition type="GPO scope determination">fdlp</accessCondition>
<extension>
<docClass>CREC</docClass>
<accessId>CREC-2017-05-22</accessId>
<volume>163</volume>
<issue>88</issue>
<congress>115</congress>
<session>1</session>
<bookCount>1</bookCount>
</extension>
</relatedItem>
</mods>