<mods ID="id-CREC-2017-05-02-pt1-PgS2666-2" version="3.3" xmlns="http://www.loc.gov/mods/v3" xmlns:exslt="http://exslt.org/common" xmlns:xlink="http://www.w3.org/1999/xlink" xmlns:xsi="http://www.w3.org/2001/XMLSchema-instance" xsi:schemaLocation="http://www.loc.gov/mods/v3 http://www.loc.gov/standards/mods/v3/mods-3-3.xsd">
<name type="corporate">
<namePart>United States Government Publishing Office</namePart>
<role>
<roleTerm authority="marcrelator" type="text">publisher</roleTerm>
<roleTerm authority="marcrelator" type="code">pbl</roleTerm>
</role>
<role>
<roleTerm authority="marcrelator" type="text">distributor</roleTerm>
<roleTerm authority="marcrelator" type="code">dst</roleTerm>
</role>
</name>
<name type="corporate">
<namePart>United States</namePart>
<namePart>Congress</namePart>
<role>
<roleTerm authority="marcrelator" type="text">author</roleTerm>
<roleTerm authority="marcrelator" type="code">aut</roleTerm>
</role>
<description>Government Organization</description>
</name>
<typeOfResource>text</typeOfResource>
<genre authority="marcgt">government publication</genre>
<language>
<languageTerm authority="iso639-2b" type="code">eng</languageTerm>
</language>
<extension>
<collectionCode>CREC</collectionCode>
<category>Proceedings of Congress and General Congressional Publications</category>
<waisDatabaseName>2017_record</waisDatabaseName>
<branch>legislative</branch>
<dateIngested>2017-09-19</dateIngested>
</extension>
<titleInfo>
<title>EXECUTIVE CALENDAR--Continued</title>
<partName>Senate</partName>
</titleInfo>
<relatedItem type="otherFormat" xlink:href="https://www.gpo.gov/fdsys/pkg/CREC-2017-05-02/html/CREC-2017-05-02-pt1-PgS2666-2.htm">
<identifier type="FDsys Unique ID">D09002ee196f3f87d</identifier>
</relatedItem>
<relatedItem type="otherFormat" xlink:href="https://www.gpo.gov/fdsys/pkg/CREC-2017-05-02/pdf/CREC-2017-05-02-pt1-PgS2666-2.pdf">
<identifier type="FDsys Unique ID">D09002ee196f3f8d6</identifier>
</relatedItem>
<identifier type="congressional record citation">163 Cong. Rec. S2666</identifier>
<identifier type="uri">https://www.gpo.gov/fdsys/granule/CREC-2017-05-02/CREC-2017-05-02-pt1-PgS2666-2</identifier>
<identifier type="former granule identifier">CR02MY17-155</identifier>
<location>
<url access="object in context" displayLabel="Content Detail">https://www.gpo.gov/fdsys/granule/CREC-2017-05-02/CREC-2017-05-02-pt1-PgS2666-2/content-detail.html</url>
<url access="raw object" displayLabel="PDF rendition">https://www.gpo.gov/fdsys/pkg/CREC-2017-05-02/pdf/CREC-2017-05-02-pt1-PgS2666-2.pdf</url>
<url access="raw object" displayLabel="HTML rendition">https://www.gpo.gov/fdsys/pkg/CREC-2017-05-02/html/CREC-2017-05-02-pt1-PgS2666-2.htm</url>
</location>
<physicalDescription>
<extent>7 p.</extent>
</physicalDescription>
<part type="article">
<extent unit="pages">
<start>S2666</start>
<end>S2672</end>
</extent>
</part>
<name type="personal">
<namePart>Sherrod Brown</namePart>
<affiliation>United States Senate</affiliation>
<role>
<roleTerm type="text">speaking</roleTerm>
</role>
<description>United States Congress Member</description>
</name>
<name type="personal">
<namePart>John Thune</namePart>
<affiliation>United States Senate</affiliation>
<role>
<roleTerm type="text">speaking</roleTerm>
</role>
<description>United States Congress Member</description>
</name>
<name type="personal">
<namePart>Steve Daines</namePart>
<affiliation>United States Senate</affiliation>
<role>
<roleTerm type="text">speaking</roleTerm>
</role>
<description>United States Congress Member</description>
</name>
<name type="personal">
<namePart>Robert Menendez</namePart>
<affiliation>United States Senate</affiliation>
<role>
<roleTerm type="text">speaking</roleTerm>
</role>
<description>United States Congress Member</description>
</name>
<name type="personal">
<namePart>Jack Reed</namePart>
<affiliation>United States Senate</affiliation>
<role>
<roleTerm type="text">speaking</roleTerm>
</role>
<description>United States Congress Member</description>
</name>
<name type="personal">
<namePart>Chris Van Hollen</namePart>
<affiliation>United States Senate</affiliation>
<role>
<roleTerm type="text">speaking</roleTerm>
</role>
<description>United States Congress Member</description>
</name>
<name type="personal">
<namePart>Tim Kaine</namePart>
<affiliation>United States Senate</affiliation>
<role>
<roleTerm type="text">speaking</roleTerm>
</role>
<description>United States Congress Member</description>
</name>
<name type="personal">
<namePart>Gary C. Peters</namePart>
<affiliation>United States Senate</affiliation>
<role>
<roleTerm type="text">speaking</roleTerm>
</role>
<description>United States Congress Member</description>
</name>
<identifier type="preferred citation">163 Cong. Rec. S2666</identifier>
<extension>
<searchTitle>EXECUTIVE CALENDAR--Continued; Congressional Record Vol. 163, No. 75</searchTitle>
<granuleClass>SENATE</granuleClass>
<accessId>CREC-2017-05-02-pt1-PgS2666-2</accessId>
<subGranuleClass>SEXECCAL</subGranuleClass>
<pagePrefix>S</pagePrefix>
<bookNumber>1</bookNumber>
<chamber>SENATE</chamber>
<granuleDate>2017-05-02</granuleDate>
<congMember authorityId="136" bioGuideId="B000944" chamber="S" congress="115" gpoId="8309" party="D" role="SPEAKING" state="OH">
<name type="parsed">Mr. BROWN</name>
<name type="authority-fnf">Sherrod Brown</name>
<name type="authority-lnf">Brown, Sherrod</name>
</congMember>
<congMember authorityId="1534" bioGuideId="T000250" chamber="S" congress="115" gpoId="8257" party="R" role="SPEAKING" state="SD">
<name type="parsed">Mr. THUNE</name>
<name type="authority-fnf">John Thune</name>
<name type="authority-lnf">Thune, John</name>
<name type="authority-other">John R. Thune</name>
</congMember>
<congMember authorityId="2138" bioGuideId="D000618" chamber="S" congress="115" party="R" role="SPEAKING" state="MT">
<name type="parsed">Mr. DAINES</name>
<name type="authority-fnf">Steve Daines</name>
<name type="authority-lnf">Daines, Steve</name>
</congMember>
<congMember authorityId="791" bioGuideId="M000639" chamber="S" congress="115" gpoId="8239" party="D" role="SPEAKING" state="NJ">
<name type="parsed">Mr. MENENDEZ</name>
<name type="authority-fnf">Robert Menendez</name>
<name type="authority-lnf">Menendez, Robert</name>
</congMember>
<congMember authorityId="949" bioGuideId="R000122" chamber="S" congress="115" gpoId="8272" party="D" role="SPEAKING" state="RI">
<name type="parsed">Mr. REED</name>
<name type="authority-fnf">Jack Reed</name>
<name type="authority-lnf">Reed, Jack</name>
<name type="authority-other">John Reed</name>
</congMember>
<congMember authorityId="1729" bioGuideId="V000128" chamber="S" congress="115" gpoId="7983" party="D" role="SPEAKING" state="MD">
<name type="parsed">Mr. VAN HOLLEN</name>
<name type="authority-fnf">Chris Van Hollen</name>
<name type="authority-lnf">Van Hollen, Chris</name>
</congMember>
<congMember authorityId="2176" bioGuideId="K000384" chamber="S" congress="115" party="D" role="SPEAKING" state="VA">
<name type="parsed">Mr. KAINE</name>
<name type="authority-fnf">Tim Kaine</name>
<name type="authority-lnf">Kaine, Tim</name>
<name type="authority-other">Mr. Timothy Kaine</name>
</congMember>
<congMember authorityId="1929" bioGuideId="P000595" chamber="S" congress="115" gpoId="7994" party="D" role="SPEAKING" state="MI">
<name type="parsed">Mr. PETERS</name>
<name type="authority-fnf">Gary C. Peters</name>
<name type="authority-lnf">Peters, Gary C.</name>
<name type="authority-other">Mr. Gary Peters</name>
</congMember>
</extension>
<relatedItem ID="P0b002ee196f3f45d" type="host">
<titleInfo>
<title>Congressional Record</title>
<partNumber>Vol. 163, no. 75</partNumber>
</titleInfo>
<location>
<url access="object in context" displayLabel="Content Detail">https://www.gpo.gov/fdsys/pkg/CREC-2017-05-02/content-detail.html</url>
<url access="raw object" displayLabel="PDF rendition">https://www.gpo.gov/fdsys/pkg/CREC-2017-05-02/pdf/CREC-2017-05-02.pdf</url>
</location>
<part type="issue">
<extent unit="pages">
<start>H3005</start>
<end>H3069</end>
</extent>
<extent unit="pages">
<start>S2659</start>
<end>S2685</end>
</extent>
<extent unit="pages">
<start>E581</start>
<end>E588</end>
</extent>
<extent unit="pages">
<start>D478</start>
<end>D484</end>
</extent>
</part>
<originInfo>
<publisher>U.S. Government Publishing Office</publisher>
<dateIssued encoding="w3cdtf">2017-05-02</dateIssued>
<issuance>continuing</issuance>
<frequency authority="marcfrequency">daily</frequency>
</originInfo>
<physicalDescription>
<note type="source content type">deposited</note>
<digitalOrigin>born digital</digitalOrigin>
<extent>214 p.</extent>
</physicalDescription>
<classification authority="sudocs">X 1.1/A:</classification>
<classification authority="sudocs">X/A.</classification>
<identifier type="uri">https://www.gpo.gov/fdsys/pkg/CREC-2017-05-02</identifier>
<identifier type="local">P0b002ee196f3f45d</identifier>
<identifier type="stock number">752-002-00000-2</identifier>
<identifier type="ILS system id">000568013</identifier>
<identifier type="former package identifier">CR02MY17</identifier>
<recordInfo>
<recordContentSource authority="marcorg">DGPO</recordContentSource>
<recordCreationDate encoding="w3cdtf">2017-09-19</recordCreationDate>
<recordChangeDate encoding="w3cdtf">2017-09-19</recordChangeDate>
<recordIdentifier source="DGPO">CREC-2017-05-02</recordIdentifier>
<recordOrigin>machine generated</recordOrigin>
<languageOfCataloging>
<languageTerm authority="iso639-2b" type="code">eng</languageTerm>
</languageOfCataloging>
</recordInfo>
<accessCondition type="GPO scope determination">fdlp</accessCondition>
<extension>
<docClass>CREC</docClass>
<accessId>CREC-2017-05-02</accessId>
<volume>163</volume>
<issue>75</issue>
<congress>115</congress>
<session>1</session>
<bookCount>1</bookCount>
</extension>
</relatedItem>
</mods>