<mods ID="id-CREC-2017-05-17-pt1-PgH4308-3" version="3.3" xmlns="http://www.loc.gov/mods/v3" xmlns:exslt="http://exslt.org/common" xmlns:xlink="http://www.w3.org/1999/xlink" xmlns:xsi="http://www.w3.org/2001/XMLSchema-instance" xsi:schemaLocation="http://www.loc.gov/mods/v3 http://www.loc.gov/standards/mods/v3/mods-3-3.xsd">
<name type="corporate">
<namePart>United States Government Publishing Office</namePart>
<role>
<roleTerm authority="marcrelator" type="text">publisher</roleTerm>
<roleTerm authority="marcrelator" type="code">pbl</roleTerm>
</role>
<role>
<roleTerm authority="marcrelator" type="text">distributor</roleTerm>
<roleTerm authority="marcrelator" type="code">dst</roleTerm>
</role>
</name>
<name type="corporate">
<namePart>United States</namePart>
<namePart>Congress</namePart>
<role>
<roleTerm authority="marcrelator" type="text">author</roleTerm>
<roleTerm authority="marcrelator" type="code">aut</roleTerm>
</role>
<description>Government Organization</description>
</name>
<typeOfResource>text</typeOfResource>
<genre authority="marcgt">government publication</genre>
<language>
<languageTerm authority="iso639-2b" type="code">eng</languageTerm>
</language>
<extension>
<collectionCode>CREC</collectionCode>
<category>Proceedings of Congress and General Congressional Publications</category>
<waisDatabaseName>2017_record</waisDatabaseName>
<branch>legislative</branch>
<dateIngested>2017-05-18</dateIngested>
</extension>
<titleInfo>
<title>EXECUTIVE COMMUNICATIONS, ETC.</title>
<partName>House</partName>
</titleInfo>
<relatedItem type="otherFormat" xlink:href="https://www.gpo.gov/fdsys/pkg/CREC-2017-05-17/html/CREC-2017-05-17-pt1-PgH4308-3.htm">
<identifier type="FDsys Unique ID">D09002ee196a75609</identifier>
</relatedItem>
<relatedItem type="otherFormat" xlink:href="https://www.gpo.gov/fdsys/pkg/CREC-2017-05-17/pdf/CREC-2017-05-17-pt1-PgH4308-3.pdf">
<identifier type="FDsys Unique ID">D09002ee196a756b3</identifier>
</relatedItem>
<identifier type="congressional record citation">163 Cong. Rec. H4308</identifier>
<identifier type="uri">https://www.gpo.gov/fdsys/granule/CREC-2017-05-17/CREC-2017-05-17-pt1-PgH4308-3</identifier>
<identifier type="former granule identifier">cr17my17-145</identifier>
<identifier type="Regulation ID Number">RIN 0910-ZA48</identifier>
<identifier type="Regulation ID Number">RIN 2900-AP87</identifier>
<identifier type="Regulation ID Number">RIN 2900-AO79</identifier>
<location>
<url access="object in context" displayLabel="Content Detail">https://www.gpo.gov/fdsys/granule/CREC-2017-05-17/CREC-2017-05-17-pt1-PgH4308-3/content-detail.html</url>
<url access="raw object" displayLabel="PDF rendition">https://www.gpo.gov/fdsys/pkg/CREC-2017-05-17/pdf/CREC-2017-05-17-pt1-PgH4308-3.pdf</url>
<url access="raw object" displayLabel="HTML rendition">https://www.gpo.gov/fdsys/pkg/CREC-2017-05-17/html/CREC-2017-05-17-pt1-PgH4308-3.htm</url>
</location>
<physicalDescription>
<extent>1 p.</extent>
</physicalDescription>
<part type="article">
<extent unit="pages">
<start>H4308</start>
<end>H4308</end>
</extent>
</part>
<name type="corporate">
<namePart>United States</namePart>
<namePart>Congress</namePart>
<namePart>House of Representatives</namePart>
<namePart>Committee on Armed Services</namePart>
<role>
<roleTerm authority="marcrelator" type="text">associated name</roleTerm>
<roleTerm authority="marcrelator" type="code">asn</roleTerm>
</role>
<description>Government Organization</description>
</name>
<name type="corporate">
<namePart>United States</namePart>
<namePart>Congress</namePart>
<namePart>House of Representatives</namePart>
<namePart>Committee on Energy and Commerce</namePart>
<role>
<roleTerm authority="marcrelator" type="text">associated name</roleTerm>
<roleTerm authority="marcrelator" type="code">asn</roleTerm>
</role>
<description>Government Organization</description>
</name>
<name type="corporate">
<namePart>United States</namePart>
<namePart>Congress</namePart>
<namePart>House of Representatives</namePart>
<namePart>Committee on Foreign Affairs</namePart>
<role>
<roleTerm authority="marcrelator" type="text">associated name</roleTerm>
<roleTerm authority="marcrelator" type="code">asn</roleTerm>
</role>
<description>Government Organization</description>
</name>
<name type="corporate">
<namePart>United States</namePart>
<namePart>Congress</namePart>
<namePart>House of Representatives</namePart>
<namePart>Committee on Oversight and Government Reform</namePart>
<role>
<roleTerm authority="marcrelator" type="text">associated name</roleTerm>
<roleTerm authority="marcrelator" type="code">asn</roleTerm>
</role>
<description>Government Organization</description>
</name>
<name type="corporate">
<namePart>United States</namePart>
<namePart>Congress</namePart>
<namePart>House of Representatives</namePart>
<namePart>Committee on Veterans' Affairs</namePart>
<role>
<roleTerm authority="marcrelator" type="text">associated name</roleTerm>
<roleTerm authority="marcrelator" type="code">asn</roleTerm>
</role>
<description>Government Organization</description>
</name>
<identifier type="preferred citation">163 Cong. Rec. H4308</identifier>
<extension>
<searchTitle>EXECUTIVE COMMUNICATIONS, ETC.; Congressional Record Vol. 163, No. 85</searchTitle>
<granuleClass>HOUSE</granuleClass>
<accessId>CREC-2017-05-17-pt1-PgH4308-3</accessId>
<subGranuleClass>EXECUTIVECOMM</subGranuleClass>
<pagePrefix>H</pagePrefix>
<bookNumber>1</bookNumber>
<chamber>HOUSE</chamber>
<granuleDate>2017-05-17</granuleDate>
<time from="20:30:00" to="20:30:00"/>
<congCommittee authorityId="hsas00" chamber="H" congress="115" type="S">
<name type="authority-standard">Committee on Armed Services</name>
<name type="authority-short">Armed Services</name>
</congCommittee>
<congCommittee authorityId="hsif00" chamber="H" congress="115" type="S">
<name type="authority-standard">Committee on Energy and Commerce</name>
<name type="authority-short">Energy and Commerce</name>
</congCommittee>
<congCommittee authorityId="hsfa00" chamber="H" congress="115" type="S">
<name type="authority-standard">Committee on Foreign Affairs</name>
<name type="authority-short">Foreign Affairs</name>
</congCommittee>
<congCommittee authorityId="hsgo00" chamber="H" congress="115" type="S">
<name type="authority-standard">Committee on Oversight and Government Reform</name>
<name type="authority-short">Oversight and Government Reform</name>
</congCommittee>
<congCommittee authorityId="hsvr00" chamber="H" congress="115" type="S">
<name type="authority-standard">Committee on Veterans' Affairs</name>
<name type="authority-short">Veterans' Affairs</name>
</congCommittee>
<law congress="104" isPrivate="false" number="106"/>
<law congress="104" isPrivate="false" number="121"/>
<law congress="107" isPrivate="false" number="174"/>
<law congress="108" isPrivate="false" number="136"/>
<law congress="109" isPrivate="false" number="435"/>
<USCode title="5">
<section detail="note" number="2301"/>
<section detail="(a)(1)(A)" number="801"/>
</USCode>
<USCode title="10">
<section detail="(b)(3)(B)" number="777"/>
</USCode>
<statuteAtLarge volume="110">
<pages pages="868"/>
</statuteAtLarge>
<statuteAtLarge volume="117">
<pages pages="1458"/>
</statuteAtLarge>
<statuteAtLarge volume="120">
<pages pages="3242"/>
</statuteAtLarge>
<rin number="0910-ZA48"/>
<rin number="2900-AP87"/>
<rin number="2900-AO79"/>
</extension>
<relatedItem type="isReferencedBy">
<titleInfo>
<title>United States Code</title>
<partNumber>Title 5 Section 2301note</partNumber>
<partNumber>Title 5 Section 801(a)(1)(A)</partNumber>
</titleInfo>
<identifier type="USC citation">5 U.S.C. 2301note</identifier>
<identifier type="USC citation">5 U.S.C. 801(a)(1)(A)</identifier>
</relatedItem>
<relatedItem type="isReferencedBy">
<titleInfo>
<title>United States Code</title>
<partNumber>Title 10 Section 777(b)(3)(B)</partNumber>
</titleInfo>
<identifier type="USC citation">10 U.S.C. 777(b)(3)(B)</identifier>
</relatedItem>
<relatedItem type="isReferencedBy">
<titleInfo>
<title>United States Statutes at Large</title>
<partNumber>Volume 110 Page 868</partNumber>
</titleInfo>
<identifier type="Statute citation">110 Stat. 868</identifier>
</relatedItem>
<relatedItem type="isReferencedBy">
<titleInfo>
<title>United States Statutes at Large</title>
<partNumber>Volume 117 Page 1458</partNumber>
</titleInfo>
<identifier type="Statute citation">117 Stat. 1458</identifier>
</relatedItem>
<relatedItem type="isReferencedBy">
<titleInfo>
<title>United States Statutes at Large</title>
<partNumber>Volume 120 Page 3242</partNumber>
</titleInfo>
<identifier type="Statute citation">120 Stat. 3242</identifier>
</relatedItem>
<relatedItem>
<titleInfo>
<title>United States Public Law 104-106</title>
</titleInfo>
<identifier type="public law citation">Public Law 104-106</identifier>
</relatedItem>
<relatedItem>
<titleInfo>
<title>United States Public Law 104-121</title>
</titleInfo>
<identifier type="public law citation">Public Law 104-121</identifier>
</relatedItem>
<relatedItem>
<titleInfo>
<title>United States Public Law 107-174</title>
</titleInfo>
<identifier type="public law citation">Public Law 107-174</identifier>
</relatedItem>
<relatedItem>
<titleInfo>
<title>United States Public Law 108-136</title>
</titleInfo>
<identifier type="public law citation">Public Law 108-136</identifier>
</relatedItem>
<relatedItem>
<titleInfo>
<title>United States Public Law 109-435</title>
</titleInfo>
<identifier type="public law citation">Public Law 109-435</identifier>
</relatedItem>
<relatedItem type="isReferencedBy">
<identifier type="regulation ID number">RIN 0910-ZA48</identifier>
</relatedItem>
<relatedItem type="isReferencedBy">
<identifier type="regulation ID number">RIN 2900-AP87</identifier>
</relatedItem>
<relatedItem type="isReferencedBy">
<identifier type="regulation ID number">RIN 2900-AO79</identifier>
</relatedItem>
<relatedItem ID="P0b002ee194e38a2a" type="host">
<titleInfo>
<title>Congressional Record</title>
<partNumber>Vol. 163, no. 85</partNumber>
</titleInfo>
<location>
<url access="object in context" displayLabel="Content Detail">https://www.gpo.gov/fdsys/pkg/CREC-2017-05-17/content-detail.html</url>
<url access="raw object" displayLabel="PDF rendition">https://www.gpo.gov/fdsys/pkg/CREC-2017-05-17/pdf/CREC-2017-05-17.pdf</url>
</location>
<part type="issue">
<extent unit="pages">
<start>H4227</start>
<end>H4313</end>
</extent>
<extent unit="pages">
<start>S2973</start>
<end>S3021</end>
</extent>
<extent unit="pages">
<start>E647</start>
<end>E658</end>
</extent>
<extent unit="pages">
<start>D537</start>
<end>D546</end>
</extent>
</part>
<originInfo>
<publisher>U.S. Government Publishing Office</publisher>
<dateIssued encoding="w3cdtf">2017-05-17</dateIssued>
<issuance>continuing</issuance>
<frequency authority="marcfrequency">daily</frequency>
</originInfo>
<physicalDescription>
<note type="source content type">deposited</note>
<digitalOrigin>born digital</digitalOrigin>
<extent>316 p.</extent>
</physicalDescription>
<classification authority="sudocs">X 1.1/A:</classification>
<classification authority="sudocs">X/A.</classification>
<identifier type="uri">https://www.gpo.gov/fdsys/pkg/CREC-2017-05-17</identifier>
<identifier type="local">P0b002ee194e38a2a</identifier>
<identifier type="stock number">752-002-00000-2</identifier>
<identifier type="ILS system id">000568013</identifier>
<identifier type="former package identifier">cr17my17</identifier>
<recordInfo>
<recordContentSource authority="marcorg">DGPO</recordContentSource>
<recordCreationDate encoding="w3cdtf">2017-05-18</recordCreationDate>
<recordChangeDate encoding="w3cdtf">2017-08-21</recordChangeDate>
<recordIdentifier source="DGPO">CREC-2017-05-17</recordIdentifier>
<recordOrigin>machine generated</recordOrigin>
<languageOfCataloging>
<languageTerm authority="iso639-2b" type="code">eng</languageTerm>
</languageOfCataloging>
</recordInfo>
<accessCondition type="GPO scope determination">fdlp</accessCondition>
<extension>
<docClass>CREC</docClass>
<accessId>CREC-2017-05-17</accessId>
<volume>163</volume>
<issue>85</issue>
<congress>115</congress>
<session>1</session>
<bookCount>1</bookCount>
</extension>
</relatedItem>
</mods>