<mods ID="id-CREC-2017-06-07-pt1-PgH4686" version="3.3" xmlns="http://www.loc.gov/mods/v3" xmlns:exslt="http://exslt.org/common" xmlns:xlink="http://www.w3.org/1999/xlink" xmlns:xsi="http://www.w3.org/2001/XMLSchema-instance" xsi:schemaLocation="http://www.loc.gov/mods/v3 http://www.loc.gov/standards/mods/v3/mods-3-3.xsd">
<name type="corporate">
<namePart>United States Government Publishing Office</namePart>
<role>
<roleTerm authority="marcrelator" type="text">publisher</roleTerm>
<roleTerm authority="marcrelator" type="code">pbl</roleTerm>
</role>
<role>
<roleTerm authority="marcrelator" type="text">distributor</roleTerm>
<roleTerm authority="marcrelator" type="code">dst</roleTerm>
</role>
</name>
<name type="corporate">
<namePart>United States</namePart>
<namePart>Congress</namePart>
<role>
<roleTerm authority="marcrelator" type="text">author</roleTerm>
<roleTerm authority="marcrelator" type="code">aut</roleTerm>
</role>
<description>Government Organization</description>
</name>
<typeOfResource>text</typeOfResource>
<genre authority="marcgt">government publication</genre>
<language>
<languageTerm authority="iso639-2b" type="code">eng</languageTerm>
</language>
<extension>
<collectionCode>CREC</collectionCode>
<category>Proceedings of Congress and General Congressional Publications</category>
<waisDatabaseName>2017_record</waisDatabaseName>
<branch>legislative</branch>
<dateIngested>2017-06-08</dateIngested>
</extension>
<titleInfo>
<title>CONGRESSIONAL SHOOT-OUT AND INDUSTRY CHALLENGE</title>
<partName>House</partName>
</titleInfo>
<relatedItem type="otherFormat" xlink:href="https://www.gpo.gov/fdsys/pkg/CREC-2017-06-07/html/CREC-2017-06-07-pt1-PgH4686.htm">
<identifier type="FDsys Unique ID">D09002ee196a76f80</identifier>
</relatedItem>
<relatedItem type="otherFormat" xlink:href="https://www.gpo.gov/fdsys/pkg/CREC-2017-06-07/pdf/CREC-2017-06-07-pt1-PgH4686.pdf">
<identifier type="FDsys Unique ID">D09002ee196a76fd5</identifier>
</relatedItem>
<identifier type="congressional record citation">163 Cong. Rec. H4686</identifier>
<identifier type="uri">https://www.gpo.gov/fdsys/granule/CREC-2017-06-07/CREC-2017-06-07-pt1-PgH4686</identifier>
<identifier type="former granule identifier">cr07jn17-106</identifier>
<location>
<url access="object in context" displayLabel="Content Detail">https://www.gpo.gov/fdsys/granule/CREC-2017-06-07/CREC-2017-06-07-pt1-PgH4686/content-detail.html</url>
<url access="raw object" displayLabel="PDF rendition">https://www.gpo.gov/fdsys/pkg/CREC-2017-06-07/pdf/CREC-2017-06-07-pt1-PgH4686.pdf</url>
<url access="raw object" displayLabel="HTML rendition">https://www.gpo.gov/fdsys/pkg/CREC-2017-06-07/html/CREC-2017-06-07-pt1-PgH4686.htm</url>
</location>
<physicalDescription>
<extent>2 p.</extent>
</physicalDescription>
<part type="article">
<extent unit="pages">
<start>H4686</start>
<end>H4687</end>
</extent>
</part>
<name type="personal">
<namePart>Jeff Duncan</namePart>
<affiliation>United States House of Representatives</affiliation>
<role>
<roleTerm type="text">speaking</roleTerm>
</role>
<description>United States Congress Member</description>
</name>
<name type="personal">
<namePart>Gene Green</namePart>
<affiliation>United States House of Representatives</affiliation>
<role>
<roleTerm type="text">speaking</roleTerm>
</role>
<description>United States Congress Member</description>
</name>
<name type="personal">
<namePart>Marc A. Veasey</namePart>
<affiliation>United States House of Representatives</affiliation>
<role>
<roleTerm type="text">speaking</roleTerm>
</role>
<description>United States Congress Member</description>
</name>
<name type="personal">
<namePart>Austin Scott</namePart>
<affiliation>United States House of Representatives</affiliation>
<role>
<roleTerm type="text">speaking</roleTerm>
</role>
<description>United States Congress Member</description>
</name>
<identifier type="preferred citation">163 Cong. Rec. H4686</identifier>
<extension>
<searchTitle>CONGRESSIONAL SHOOT-OUT AND INDUSTRY CHALLENGE; Congressional Record Vol. 163, No. 97</searchTitle>
<granuleClass>HOUSE</granuleClass>
<accessId>CREC-2017-06-07-pt1-PgH4686</accessId>
<subGranuleClass>ALLOTHER</subGranuleClass>
<pagePrefix>H</pagePrefix>
<bookNumber>1</bookNumber>
<chamber>HOUSE</chamber>
<granuleDate>2017-06-07</granuleDate>
<time from="16:39:00" to="16:39:00"/>
<congMember authorityId="2057" bioGuideId="D000615" chamber="H" congress="115" gpoId="8143" party="R" role="SPEAKING" state="SC">
<name type="parsed">Mr. DUNCAN of South Carolina</name>
<name type="authority-fnf">Jeff Duncan</name>
<name type="authority-lnf">Duncan, Jeff</name>
</congMember>
<congMember authorityId="462" bioGuideId="G000410" chamber="H" congress="115" gpoId="8185" party="D" role="SPEAKING" state="TX">
<name type="parsed">Mr. GENE GREEN of Texas</name>
<name type="authority-fnf">Gene Green</name>
<name type="authority-lnf">Green, Gene</name>
</congMember>
<congMember authorityId="2166" bioGuideId="V000131" chamber="H" congress="115" party="D" role="SPEAKING" state="TX">
<name type="parsed">Mr. VEASEY</name>
<name type="authority-fnf">Marc A. Veasey</name>
<name type="authority-lnf">Veasey, Marc A.</name>
<name type="authority-other">Mr. Marc Veasey</name>
</congMember>
<congMember authorityId="2009" bioGuideId="S001189" chamber="H" congress="115" gpoId="7905" party="R" role="SPEAKING" state="GA">
<name type="parsed">Mr. AUSTIN SCOTT of Georgia</name>
<name type="authority-fnf">Austin Scott</name>
<name type="authority-lnf">Scott, Austin</name>
</congMember>
</extension>
<relatedItem ID="P0b002ee19520c4bc" type="host">
<titleInfo>
<title>Congressional Record</title>
<partNumber>Vol. 163, no. 97</partNumber>
</titleInfo>
<location>
<url access="object in context" displayLabel="Content Detail">https://www.gpo.gov/fdsys/pkg/CREC-2017-06-07/content-detail.html</url>
<url access="raw object" displayLabel="PDF rendition">https://www.gpo.gov/fdsys/pkg/CREC-2017-06-07/pdf/CREC-2017-06-07.pdf</url>
</location>
<part type="issue">
<extent unit="pages">
<start>H4651</start>
<end>H4703</end>
</extent>
<extent unit="pages">
<start>S3301</start>
<end>S3344</end>
</extent>
<extent unit="pages">
<start>E775</start>
<end>E785</end>
</extent>
<extent unit="pages">
<start>D617</start>
<end>D624</end>
</extent>
</part>
<originInfo>
<publisher>U.S. Government Publishing Office</publisher>
<dateIssued encoding="w3cdtf">2017-06-07</dateIssued>
<issuance>continuing</issuance>
<frequency authority="marcfrequency">daily</frequency>
</originInfo>
<physicalDescription>
<note type="source content type">deposited</note>
<digitalOrigin>born digital</digitalOrigin>
<extent>232 p.</extent>
</physicalDescription>
<classification authority="sudocs">X 1.1/A:</classification>
<classification authority="sudocs">X/A.</classification>
<identifier type="uri">https://www.gpo.gov/fdsys/pkg/CREC-2017-06-07</identifier>
<identifier type="local">P0b002ee19520c4bc</identifier>
<identifier type="stock number">752-002-00000-2</identifier>
<identifier type="ILS system id">000568013</identifier>
<identifier type="former package identifier">cr07jn17</identifier>
<recordInfo>
<recordContentSource authority="marcorg">DGPO</recordContentSource>
<recordCreationDate encoding="w3cdtf">2017-06-08</recordCreationDate>
<recordChangeDate encoding="w3cdtf">2017-08-21</recordChangeDate>
<recordIdentifier source="DGPO">CREC-2017-06-07</recordIdentifier>
<recordOrigin>machine generated</recordOrigin>
<languageOfCataloging>
<languageTerm authority="iso639-2b" type="code">eng</languageTerm>
</languageOfCataloging>
</recordInfo>
<accessCondition type="GPO scope determination">fdlp</accessCondition>
<extension>
<docClass>CREC</docClass>
<accessId>CREC-2017-06-07</accessId>
<volume>163</volume>
<issue>97</issue>
<congress>115</congress>
<session>1</session>
<bookCount>1</bookCount>
</extension>
</relatedItem>
</mods>