<mods ID="id-CREC-2017-05-23-pt1-PgH4484-3" version="3.3" xmlns="http://www.loc.gov/mods/v3" xmlns:exslt="http://exslt.org/common" xmlns:xlink="http://www.w3.org/1999/xlink" xmlns:xsi="http://www.w3.org/2001/XMLSchema-instance" xsi:schemaLocation="http://www.loc.gov/mods/v3 http://www.loc.gov/standards/mods/v3/mods-3-3.xsd">
<name type="corporate">
<namePart>United States Government Publishing Office</namePart>
<role>
<roleTerm authority="marcrelator" type="text">publisher</roleTerm>
<roleTerm authority="marcrelator" type="code">pbl</roleTerm>
</role>
<role>
<roleTerm authority="marcrelator" type="text">distributor</roleTerm>
<roleTerm authority="marcrelator" type="code">dst</roleTerm>
</role>
</name>
<name type="corporate">
<namePart>United States</namePart>
<namePart>Congress</namePart>
<role>
<roleTerm authority="marcrelator" type="text">author</roleTerm>
<roleTerm authority="marcrelator" type="code">aut</roleTerm>
</role>
<description>Government Organization</description>
</name>
<typeOfResource>text</typeOfResource>
<genre authority="marcgt">government publication</genre>
<language>
<languageTerm authority="iso639-2b" type="code">eng</languageTerm>
</language>
<extension>
<collectionCode>CREC</collectionCode>
<category>Proceedings of Congress and General Congressional Publications</category>
<waisDatabaseName>2017_record</waisDatabaseName>
<branch>legislative</branch>
<dateIngested>2017-05-24</dateIngested>
</extension>
<titleInfo>
<title>PUT TRAFFICKING VICTIMS FIRST ACT OF 2017</title>
<partName>House</partName>
</titleInfo>
<relatedItem type="otherFormat" xlink:href="https://www.gpo.gov/fdsys/pkg/CREC-2017-05-23/html/CREC-2017-05-23-pt1-PgH4484-3.htm">
<identifier type="FDsys Unique ID">D09002ee196a75a14</identifier>
</relatedItem>
<relatedItem type="otherFormat" xlink:href="https://www.gpo.gov/fdsys/pkg/CREC-2017-05-23/pdf/CREC-2017-05-23-pt1-PgH4484-3.pdf">
<identifier type="FDsys Unique ID">D09002ee196a75a38</identifier>
</relatedItem>
<identifier type="congressional record citation">163 Cong. Rec. H4484</identifier>
<identifier type="uri">https://www.gpo.gov/fdsys/granule/CREC-2017-05-23/CREC-2017-05-23-pt1-PgH4484-3</identifier>
<identifier type="former granule identifier">cr23my17-107</identifier>
<location>
<url access="object in context" displayLabel="Content Detail">https://www.gpo.gov/fdsys/granule/CREC-2017-05-23/CREC-2017-05-23-pt1-PgH4484-3/content-detail.html</url>
<url access="raw object" displayLabel="PDF rendition">https://www.gpo.gov/fdsys/pkg/CREC-2017-05-23/pdf/CREC-2017-05-23-pt1-PgH4484-3.pdf</url>
<url access="raw object" displayLabel="HTML rendition">https://www.gpo.gov/fdsys/pkg/CREC-2017-05-23/html/CREC-2017-05-23-pt1-PgH4484-3.htm</url>
</location>
<physicalDescription>
<extent>6 p.</extent>
</physicalDescription>
<part type="article">
<extent unit="pages">
<start>H4484</start>
<end>H4489</end>
</extent>
</part>
<name type="personal">
<namePart>Bob Goodlatte</namePart>
<affiliation>United States House of Representatives</affiliation>
<role>
<roleTerm type="text">speaking</roleTerm>
</role>
<description>United States Congress Member</description>
</name>
<name type="personal">
<namePart>Sheila Jackson Lee</namePart>
<affiliation>United States House of Representatives</affiliation>
<role>
<roleTerm type="text">speaking</roleTerm>
</role>
<description>United States Congress Member</description>
</name>
<name type="personal">
<namePart>Ann Wagner</namePart>
<affiliation>United States House of Representatives</affiliation>
<role>
<roleTerm type="text">speaking</roleTerm>
</role>
<description>United States Congress Member</description>
</name>
<name type="personal">
<namePart>Karen Bass</namePart>
<affiliation>United States House of Representatives</affiliation>
<role>
<roleTerm type="text">speaking</roleTerm>
</role>
<description>United States Congress Member</description>
</name>
<name type="personal">
<namePart>Ted Poe</namePart>
<affiliation>United States House of Representatives</affiliation>
<role>
<roleTerm type="text">speaking</roleTerm>
</role>
<description>United States Congress Member</description>
</name>
<name type="corporate">
<namePart>United States</namePart>
<namePart>Congress</namePart>
<namePart>House of Representatives</namePart>
<namePart>Committee on Education and the Workforce</namePart>
<role>
<roleTerm authority="marcrelator" type="text">associated name</roleTerm>
<roleTerm authority="marcrelator" type="code">asn</roleTerm>
</role>
<description>Government Organization</description>
</name>
<name type="corporate">
<namePart>United States</namePart>
<namePart>Congress</namePart>
<namePart>House of Representatives</namePart>
<namePart>Committee on the Judiciary</namePart>
<role>
<roleTerm authority="marcrelator" type="text">associated name</roleTerm>
<roleTerm authority="marcrelator" type="code">asn</roleTerm>
</role>
<description>Government Organization</description>
</name>
<name type="corporate">
<namePart>United States</namePart>
<namePart>Congress</namePart>
<namePart>House of Representatives</namePart>
<namePart>Committee on Education</namePart>
<role>
<roleTerm authority="marcrelator" type="text">associated name</roleTerm>
<roleTerm authority="marcrelator" type="code">asn</roleTerm>
</role>
<description>Government Organization</description>
</name>
<identifier type="preferred citation">163 Cong. Rec. H4484</identifier>
<extension>
<searchTitle>PUT TRAFFICKING VICTIMS FIRST ACT OF 2017; Congressional Record Vol. 163, No. 89</searchTitle>
<associatedBills>H.R. 2473, 115th Congress
        </associatedBills>
<granuleClass>HOUSE</granuleClass>
<accessId>CREC-2017-05-23-pt1-PgH4484-3</accessId>
<subGranuleClass>ALLOTHER</subGranuleClass>
<pagePrefix>H</pagePrefix>
<bookNumber>1</bookNumber>
<chamber>HOUSE</chamber>
<granuleDate>2017-05-23</granuleDate>
<time from="17:10:00" to="17:45:00"/>
<bill congress="115" context="HEADERLINE" number="2473" type="HR"/>
<bill congress="115" context="FIRSTPARAGRAPH" number="2473" type="HR"/>
<bill congress="115" context="OTHER" number="2473" type="HR"/>
<congCommittee authorityId="hsed00" chamber="H" congress="115" type="S">
<name type="authority-standard">Committee on Education and the Workforce</name>
<name type="authority-short">Education and the Workforce</name>
</congCommittee>
<congCommittee authorityId="hsju00" chamber="H" congress="115" type="S">
<name type="authority-standard">Committee on the Judiciary</name>
<name type="authority-short">Judiciary</name>
</congCommittee>
<congCommittee authorityId="hsed00" chamber="H" congress="79" type="S">
<name type="authority-standard">Committee on Education</name>
<name type="authority-short">Education</name>
</congCommittee>
<congMember authorityId="446" bioGuideId="G000289" chamber="H" congress="115" gpoId="8197" party="R" role="SPEAKING" state="VA">
<name type="parsed">Mr. GOODLATTE</name>
<name type="authority-fnf">Bob Goodlatte</name>
<name type="authority-lnf">Goodlatte, Bob</name>
<name type="authority-other">Robert Goodlatte</name>
</congMember>
<congMember authorityId="588" bioGuideId="J000032" chamber="H" congress="115" gpoId="8174" party="D" role="SPEAKING" state="TX">
<name type="parsed">Ms. JACKSON LEE</name>
<name type="authority-fnf">Sheila Jackson Lee</name>
<name type="authority-lnf">Jackson Lee, Sheila</name>
</congMember>
<congMember authorityId="2137" bioGuideId="W000812" chamber="H" congress="115" party="R" role="SPEAKING" state="MO">
<name type="parsed">Mrs. WAGNER</name>
<name type="authority-fnf">Ann Wagner</name>
<name type="authority-lnf">Wagner, Ann</name>
</congMember>
<congMember authorityId="1996" bioGuideId="B001270" chamber="H" congress="115" gpoId="7838" party="D" role="SPEAKING" state="CA">
<name type="parsed">Ms. BASS</name>
<name type="authority-fnf">Karen Bass</name>
<name type="authority-lnf">Bass, Karen</name>
</congMember>
<congMember authorityId="1802" bioGuideId="P000592" chamber="H" congress="115" gpoId="8158" party="R" role="SPEAKING" state="TX">
<name type="parsed">Mr. POE of Texas</name>
<name type="authority-fnf">Ted Poe</name>
<name type="authority-lnf">Poe, Ted</name>
</congMember>
<USCode title="22">
<section detail="(15)" number="7102"/>
<section detail="(b)(2)(B)(ii)" number="7105"/>
</USCode>
</extension>
<relatedItem type="isReferencedBy">
<titleInfo>
<title>United States House Bill 2473  (115th Congress)</title>
</titleInfo>
<identifier type="Congressional Bill citation">H.R. 2473</identifier>
<extension>
<congress>115</congress>
<context>HEADERLINE</context>
</extension>
</relatedItem>
<relatedItem type="isReferencedBy">
<titleInfo>
<title>United States House Bill 2473  (115th Congress)</title>
</titleInfo>
<identifier type="Congressional Bill citation">H.R. 2473</identifier>
<extension>
<congress>115</congress>
<context>FIRSTPARAGRAPH</context>
</extension>
</relatedItem>
<relatedItem type="isReferencedBy">
<titleInfo>
<title>United States House Bill 2473  (115th Congress)</title>
</titleInfo>
<identifier type="Congressional Bill citation">H.R. 2473</identifier>
<extension>
<congress>115</congress>
<context>OTHER</context>
</extension>
</relatedItem>
<relatedItem type="isReferencedBy">
<titleInfo>
<title>United States Code</title>
<partNumber>Title 22 Section 7102(15)</partNumber>
<partNumber>Title 22 Section 7105(b)(2)(B)(ii)</partNumber>
</titleInfo>
<identifier type="USC citation">22 U.S.C. 7102(15)</identifier>
<identifier type="USC citation">22 U.S.C. 7105(b)(2)(B)(ii)</identifier>
</relatedItem>
<relatedItem ID="P0b002ee194efbb42" type="host">
<titleInfo>
<title>Congressional Record</title>
<partNumber>Vol. 163, no. 89</partNumber>
</titleInfo>
<location>
<url access="object in context" displayLabel="Content Detail">https://www.gpo.gov/fdsys/pkg/CREC-2017-05-23/content-detail.html</url>
<url access="raw object" displayLabel="PDF rendition">https://www.gpo.gov/fdsys/pkg/CREC-2017-05-23/pdf/CREC-2017-05-23.pdf</url>
</location>
<part type="issue">
<extent unit="pages">
<start>H4427</start>
<end>H4505</end>
</extent>
<extent unit="pages">
<start>S3075</start>
<end>S3102</end>
</extent>
<extent unit="pages">
<start>E697</start>
<end>E704</end>
</extent>
<extent unit="pages">
<start>D566</start>
<end>D574</end>
</extent>
</part>
<originInfo>
<publisher>U.S. Government Publishing Office</publisher>
<dateIssued encoding="w3cdtf">2017-05-23</dateIssued>
<issuance>continuing</issuance>
<frequency authority="marcfrequency">daily</frequency>
</originInfo>
<physicalDescription>
<note type="source content type">deposited</note>
<digitalOrigin>born digital</digitalOrigin>
<extent>248 p.</extent>
</physicalDescription>
<classification authority="sudocs">X 1.1/A:</classification>
<classification authority="sudocs">X/A.</classification>
<identifier type="uri">https://www.gpo.gov/fdsys/pkg/CREC-2017-05-23</identifier>
<identifier type="local">P0b002ee194efbb42</identifier>
<identifier type="stock number">752-002-00000-2</identifier>
<identifier type="ILS system id">000568013</identifier>
<identifier type="former package identifier">cr23my17</identifier>
<recordInfo>
<recordContentSource authority="marcorg">DGPO</recordContentSource>
<recordCreationDate encoding="w3cdtf">2017-05-24</recordCreationDate>
<recordChangeDate encoding="w3cdtf">2017-08-21</recordChangeDate>
<recordIdentifier source="DGPO">CREC-2017-05-23</recordIdentifier>
<recordOrigin>machine generated</recordOrigin>
<languageOfCataloging>
<languageTerm authority="iso639-2b" type="code">eng</languageTerm>
</languageOfCataloging>
</recordInfo>
<accessCondition type="GPO scope determination">fdlp</accessCondition>
<extension>
<docClass>CREC</docClass>
<accessId>CREC-2017-05-23</accessId>
<volume>163</volume>
<issue>89</issue>
<congress>115</congress>
<session>1</session>
<bookCount>1</bookCount>
</extension>
</relatedItem>
</mods>