<mods ID="id-CREC-2017-06-22-pt1-PgS3737" version="3.3" xmlns="http://www.loc.gov/mods/v3" xmlns:exslt="http://exslt.org/common" xmlns:xlink="http://www.w3.org/1999/xlink" xmlns:xsi="http://www.w3.org/2001/XMLSchema-instance" xsi:schemaLocation="http://www.loc.gov/mods/v3 http://www.loc.gov/standards/mods/v3/mods-3-3.xsd">
<name type="corporate">
<namePart>United States Government Publishing Office</namePart>
<role>
<roleTerm authority="marcrelator" type="text">publisher</roleTerm>
<roleTerm authority="marcrelator" type="code">pbl</roleTerm>
</role>
<role>
<roleTerm authority="marcrelator" type="text">distributor</roleTerm>
<roleTerm authority="marcrelator" type="code">dst</roleTerm>
</role>
</name>
<name type="corporate">
<namePart>United States</namePart>
<namePart>Congress</namePart>
<role>
<roleTerm authority="marcrelator" type="text">author</roleTerm>
<roleTerm authority="marcrelator" type="code">aut</roleTerm>
</role>
<description>Government Organization</description>
</name>
<typeOfResource>text</typeOfResource>
<genre authority="marcgt">government publication</genre>
<language>
<languageTerm authority="iso639-2b" type="code">eng</languageTerm>
</language>
<extension>
<collectionCode>CREC</collectionCode>
<category>Proceedings of Congress and General Congressional Publications</category>
<waisDatabaseName>2017_record</waisDatabaseName>
<branch>legislative</branch>
<dateIngested>2017-06-23</dateIngested>
</extension>
<titleInfo>
<title>PRIVILEGES OF THE FLOOR</title>
<partName>Senate</partName>
</titleInfo>
<relatedItem type="otherFormat" xlink:href="https://www.gpo.gov/fdsys/pkg/CREC-2017-06-22/html/CREC-2017-06-22-pt1-PgS3737.htm">
<identifier type="FDsys Unique ID">D09002ee196a784e9</identifier>
</relatedItem>
<relatedItem type="otherFormat" xlink:href="https://www.gpo.gov/fdsys/pkg/CREC-2017-06-22/pdf/CREC-2017-06-22-pt1-PgS3737.pdf">
<identifier type="FDsys Unique ID">D09002ee196a786a3</identifier>
</relatedItem>
<identifier type="congressional record citation">163 Cong. Rec. S3737</identifier>
<identifier type="uri">https://www.gpo.gov/fdsys/granule/CREC-2017-06-22/CREC-2017-06-22-pt1-PgS3737</identifier>
<identifier type="former granule identifier">cr22jn17-226</identifier>
<location>
<url access="object in context" displayLabel="Content Detail">https://www.gpo.gov/fdsys/granule/CREC-2017-06-22/CREC-2017-06-22-pt1-PgS3737/content-detail.html</url>
<url access="raw object" displayLabel="PDF rendition">https://www.gpo.gov/fdsys/pkg/CREC-2017-06-22/pdf/CREC-2017-06-22-pt1-PgS3737.pdf</url>
<url access="raw object" displayLabel="HTML rendition">https://www.gpo.gov/fdsys/pkg/CREC-2017-06-22/html/CREC-2017-06-22-pt1-PgS3737.htm</url>
</location>
<physicalDescription>
<extent>1 p.</extent>
</physicalDescription>
<part type="article">
<extent unit="pages">
<start>S3737</start>
<end>S3737</end>
</extent>
</part>
<name type="personal">
<namePart>Elizabeth Warren</namePart>
<affiliation>United States Senate</affiliation>
<role>
<roleTerm type="text">speaking</roleTerm>
</role>
<description>United States Congress Member</description>
</name>
<name type="personal">
<namePart>Ron Wyden</namePart>
<affiliation>United States Senate</affiliation>
<role>
<roleTerm type="text">speaking</roleTerm>
</role>
<description>United States Congress Member</description>
</name>
<identifier type="preferred citation">163 Cong. Rec. S3737</identifier>
<extension>
<searchTitle>PRIVILEGES OF THE FLOOR; Congressional Record Vol. 163, No. 107</searchTitle>
<granuleClass>SENATE</granuleClass>
<accessId>CREC-2017-06-22-pt1-PgS3737</accessId>
<subGranuleClass>SPRIVILEGES</subGranuleClass>
<pagePrefix>S</pagePrefix>
<bookNumber>1</bookNumber>
<chamber>SENATE</chamber>
<granuleDate>2017-06-22</granuleDate>
<congMember authorityId="2182" bioGuideId="W000817" chamber="S" congress="115" party="D" role="SPEAKING" state="MA">
<name type="parsed">Ms. WARREN</name>
<name type="authority-fnf">Elizabeth Warren</name>
<name type="authority-lnf">Warren, Elizabeth</name>
<name type="authority-other">Ms. Elizabeth A. Warren</name>
</congMember>
<congMember authorityId="1247" bioGuideId="W000779" chamber="S" congress="115" gpoId="8265" party="D" role="SPEAKING" state="OR">
<name type="parsed">Mr. WYDEN</name>
<name type="authority-fnf">Ron Wyden</name>
<name type="authority-lnf">Wyden, Ron</name>
</congMember>
</extension>
<relatedItem ID="P0b002ee1954f5aa5" type="host">
<titleInfo>
<title>Congressional Record</title>
<partNumber>Vol. 163, no. 107</partNumber>
</titleInfo>
<location>
<url access="object in context" displayLabel="Content Detail">https://www.gpo.gov/fdsys/pkg/CREC-2017-06-22/content-detail.html</url>
<url access="raw object" displayLabel="PDF rendition">https://www.gpo.gov/fdsys/pkg/CREC-2017-06-22/pdf/CREC-2017-06-22.pdf</url>
</location>
<part type="issue">
<extent unit="pages">
<start>H5051</start>
<end>H5112</end>
</extent>
<extent unit="pages">
<start>S3697</start>
<end>S3741</end>
</extent>
<extent unit="pages">
<start>E871</start>
<end>E885</end>
</extent>
<extent unit="pages">
<start>D690</start>
<end>D694</end>
</extent>
</part>
<originInfo>
<publisher>U.S. Government Publishing Office</publisher>
<dateIssued encoding="w3cdtf">2017-06-22</dateIssued>
<issuance>continuing</issuance>
<frequency authority="marcfrequency">daily</frequency>
</originInfo>
<physicalDescription>
<note type="source content type">deposited</note>
<digitalOrigin>born digital</digitalOrigin>
<extent>254 p.</extent>
</physicalDescription>
<classification authority="sudocs">X 1.1/A:</classification>
<classification authority="sudocs">X/A.</classification>
<identifier type="uri">https://www.gpo.gov/fdsys/pkg/CREC-2017-06-22</identifier>
<identifier type="local">P0b002ee1954f5aa5</identifier>
<identifier type="stock number">752-002-00000-2</identifier>
<identifier type="ILS system id">000568013</identifier>
<identifier type="former package identifier">cr22jn17</identifier>
<recordInfo>
<recordContentSource authority="marcorg">DGPO</recordContentSource>
<recordCreationDate encoding="w3cdtf">2017-06-23</recordCreationDate>
<recordChangeDate encoding="w3cdtf">2017-08-21</recordChangeDate>
<recordIdentifier source="DGPO">CREC-2017-06-22</recordIdentifier>
<recordOrigin>machine generated</recordOrigin>
<languageOfCataloging>
<languageTerm authority="iso639-2b" type="code">eng</languageTerm>
</languageOfCataloging>
</recordInfo>
<accessCondition type="GPO scope determination">fdlp</accessCondition>
<extension>
<docClass>CREC</docClass>
<accessId>CREC-2017-06-22</accessId>
<volume>163</volume>
<issue>107</issue>
<congress>115</congress>
<session>1</session>
<bookCount>1</bookCount>
</extension>
</relatedItem>
</mods>