<mods ID="id-CREC-2017-05-02-pt1-PgH3019-3" version="3.3" xmlns="http://www.loc.gov/mods/v3" xmlns:exslt="http://exslt.org/common" xmlns:xlink="http://www.w3.org/1999/xlink" xmlns:xsi="http://www.w3.org/2001/XMLSchema-instance" xsi:schemaLocation="http://www.loc.gov/mods/v3 http://www.loc.gov/standards/mods/v3/mods-3-3.xsd">
<name type="corporate">
<namePart>United States Government Publishing Office</namePart>
<role>
<roleTerm authority="marcrelator" type="text">publisher</roleTerm>
<roleTerm authority="marcrelator" type="code">pbl</roleTerm>
</role>
<role>
<roleTerm authority="marcrelator" type="text">distributor</roleTerm>
<roleTerm authority="marcrelator" type="code">dst</roleTerm>
</role>
</name>
<name type="corporate">
<namePart>United States</namePart>
<namePart>Congress</namePart>
<role>
<roleTerm authority="marcrelator" type="text">author</roleTerm>
<roleTerm authority="marcrelator" type="code">aut</roleTerm>
</role>
<description>Government Organization</description>
</name>
<typeOfResource>text</typeOfResource>
<genre authority="marcgt">government publication</genre>
<language>
<languageTerm authority="iso639-2b" type="code">eng</languageTerm>
</language>
<extension>
<collectionCode>CREC</collectionCode>
<category>Proceedings of Congress and General Congressional Publications</category>
<waisDatabaseName>2017_record</waisDatabaseName>
<branch>legislative</branch>
<dateIngested>2017-09-19</dateIngested>
</extension>
<titleInfo>
<title>DISASTER DECLARATION IMPROVEMENT ACT</title>
<partName>House</partName>
</titleInfo>
<relatedItem type="otherFormat" xlink:href="https://www.gpo.gov/fdsys/pkg/CREC-2017-05-02/html/CREC-2017-05-02-pt1-PgH3019-3.htm">
<identifier type="FDsys Unique ID">D09002ee196f3f8b7</identifier>
</relatedItem>
<relatedItem type="otherFormat" xlink:href="https://www.gpo.gov/fdsys/pkg/CREC-2017-05-02/pdf/CREC-2017-05-02-pt1-PgH3019-3.pdf">
<identifier type="FDsys Unique ID">D09002ee196f3f971</identifier>
</relatedItem>
<identifier type="congressional record citation">163 Cong. Rec. H3019</identifier>
<identifier type="uri">https://www.gpo.gov/fdsys/granule/CREC-2017-05-02/CREC-2017-05-02-pt1-PgH3019-3</identifier>
<identifier type="former granule identifier">CR02MY17-88</identifier>
<location>
<url access="object in context" displayLabel="Content Detail">https://www.gpo.gov/fdsys/granule/CREC-2017-05-02/CREC-2017-05-02-pt1-PgH3019-3/content-detail.html</url>
<url access="raw object" displayLabel="PDF rendition">https://www.gpo.gov/fdsys/pkg/CREC-2017-05-02/pdf/CREC-2017-05-02-pt1-PgH3019-3.pdf</url>
<url access="raw object" displayLabel="HTML rendition">https://www.gpo.gov/fdsys/pkg/CREC-2017-05-02/html/CREC-2017-05-02-pt1-PgH3019-3.htm</url>
</location>
<physicalDescription>
<extent>4 p.</extent>
</physicalDescription>
<part type="article">
<extent unit="pages">
<start>H3019</start>
<end>H3022</end>
</extent>
</part>
<name type="personal">
<namePart>Lou Barletta</namePart>
<affiliation>United States House of Representatives</affiliation>
<role>
<roleTerm type="text">speaking</roleTerm>
</role>
<description>United States Congress Member</description>
</name>
<name type="personal">
<namePart>Henry C. "Hank" Johnson, Jr.</namePart>
<affiliation>United States House of Representatives</affiliation>
<role>
<roleTerm type="text">speaking</roleTerm>
</role>
<description>United States Congress Member</description>
</name>
<name type="personal">
<namePart>Rodney Davis</namePart>
<affiliation>United States House of Representatives</affiliation>
<role>
<roleTerm type="text">speaking</roleTerm>
</role>
<description>United States Congress Member</description>
</name>
<name type="personal">
<namePart>Cheri Bustos</namePart>
<affiliation>United States House of Representatives</affiliation>
<role>
<roleTerm type="text">speaking</roleTerm>
</role>
<description>United States Congress Member</description>
</name>
<name type="personal">
<namePart>Mike Bost</namePart>
<affiliation>United States House of Representatives</affiliation>
<role>
<roleTerm type="text">speaking</roleTerm>
</role>
<description>United States Congress Member</description>
</name>
<name type="personal">
<namePart>Darin LaHood</namePart>
<affiliation>United States House of Representatives</affiliation>
<role>
<roleTerm type="text">speaking</roleTerm>
</role>
<description>United States Congress Member</description>
</name>
<name type="personal">
<namePart>Garret Graves</namePart>
<affiliation>United States House of Representatives</affiliation>
<role>
<roleTerm type="text">speaking</roleTerm>
</role>
<description>United States Congress Member</description>
</name>
<name type="corporate">
<namePart>United States</namePart>
<namePart>Congress</namePart>
<namePart>House of Representatives</namePart>
<namePart>Committee on Transportation and Infrastructure</namePart>
<role>
<roleTerm authority="marcrelator" type="text">associated name</roleTerm>
<roleTerm authority="marcrelator" type="code">asn</roleTerm>
</role>
<description>Government Organization</description>
</name>
<name type="corporate">
<namePart>United States</namePart>
<namePart>Congress</namePart>
<namePart>Senate</namePart>
<namePart>Committee on Homeland Security and Governmental Affairs</namePart>
<role>
<roleTerm authority="marcrelator" type="text">associated name</roleTerm>
<roleTerm authority="marcrelator" type="code">asn</roleTerm>
</role>
<description>Government Organization</description>
</name>
<identifier type="preferred citation">163 Cong. Rec. H3019</identifier>
<extension>
<searchTitle>DISASTER DECLARATION IMPROVEMENT ACT; Congressional Record Vol. 163, No. 75</searchTitle>
<associatedBills>H.R. 1665, 115th Congress
        </associatedBills>
<granuleClass>HOUSE</granuleClass>
<accessId>CREC-2017-05-02-pt1-PgH3019-3</accessId>
<subGranuleClass>ALLOTHER</subGranuleClass>
<pagePrefix>H</pagePrefix>
<bookNumber>1</bookNumber>
<chamber>HOUSE</chamber>
<granuleDate>2017-05-02</granuleDate>
<time from="13:15:00" to="13:30:00"/>
<bill congress="115" context="HEADERLINE" number="1665" type="HR"/>
<bill congress="115" context="FIRSTPARAGRAPH" number="1665" type="HR"/>
<bill congress="115" context="OTHER" number="1665" type="HR"/>
<congCommittee authorityId="hspw00" chamber="H" congress="115" type="S">
<name type="authority-standard">Committee on Transportation and Infrastructure</name>
<name type="authority-short">Transportation</name>
</congCommittee>
<congCommittee authorityId="ssga00" chamber="S" congress="115" type="S">
<name type="authority-standard">Committee on Homeland Security and Governmental Affairs</name>
<name type="authority-short">Homeland and Governmental Affairs</name>
</congCommittee>
<congMember authorityId="2054" bioGuideId="B001269" chamber="H" congress="115" gpoId="8129" party="R" role="SPEAKING" state="PA">
<name type="parsed">Mr. BARLETTA</name>
<name type="authority-fnf">Lou Barletta</name>
<name type="authority-lnf">Barletta, Lou</name>
</congMember>
<congMember authorityId="1843" bioGuideId="J000288" chamber="H" congress="115" gpoId="7901" party="D" role="SPEAKING" state="GA">
<name type="parsed">Mr. JOHNSON of Georgia</name>
<name type="authority-fnf">Henry C. "Hank" Johnson, Jr.</name>
<name type="authority-lnf">Johnson, Henry C. "Hank," Jr.</name>
<name type="authority-other">Mr. Henry Johnson Jr.</name>
</congMember>
<congMember authorityId="2126" bioGuideId="D000619" chamber="H" congress="115" party="R" role="SPEAKING" state="IL">
<name type="parsed">Mr. RODNEY DAVIS of Illinois</name>
<name type="authority-fnf">Rodney Davis</name>
<name type="authority-lnf">Davis, Rodney</name>
</congMember>
<congMember authorityId="2127" bioGuideId="B001286" chamber="H" congress="115" party="D" role="SPEAKING" state="IL">
<name type="parsed">Mrs. BUSTOS</name>
<name type="authority-fnf">Cheri Bustos</name>
<name type="authority-lnf">Bustos, Cheri</name>
</congMember>
<congMember authorityId="2243" bioGuideId="B001295" chamber="H" congress="115" party="R" role="SPEAKING" state="IL">
<name type="parsed">Mr. BOST</name>
<name type="authority-fnf">Mike Bost</name>
<name type="authority-lnf">Bost, Mike</name>
</congMember>
<congMember authorityId="2295" bioGuideId="L000585" chamber="H" congress="115" party="R" role="SPEAKING" state="IL">
<name type="parsed">Mr. LaHOOD</name>
<name type="authority-fnf">Darin LaHood</name>
<name type="authority-lnf">LaHood, Darin</name>
</congMember>
<congMember authorityId="2245" bioGuideId="G000577" chamber="H" congress="115" party="R" role="SPEAKING" state="LA">
<name type="parsed">Mr. GRAVES of Louisiana</name>
<name type="authority-fnf">Garret Graves</name>
<name type="authority-lnf">Graves, Garret</name>
</congMember>
</extension>
<relatedItem type="isReferencedBy">
<titleInfo>
<title>United States House Bill 1665  (115th Congress)</title>
</titleInfo>
<identifier type="Congressional Bill citation">H.R. 1665</identifier>
<extension>
<congress>115</congress>
<context>HEADERLINE</context>
</extension>
</relatedItem>
<relatedItem type="isReferencedBy">
<titleInfo>
<title>United States House Bill 1665  (115th Congress)</title>
</titleInfo>
<identifier type="Congressional Bill citation">H.R. 1665</identifier>
<extension>
<congress>115</congress>
<context>FIRSTPARAGRAPH</context>
</extension>
</relatedItem>
<relatedItem type="isReferencedBy">
<titleInfo>
<title>United States House Bill 1665  (115th Congress)</title>
</titleInfo>
<identifier type="Congressional Bill citation">H.R. 1665</identifier>
<extension>
<congress>115</congress>
<context>OTHER</context>
</extension>
</relatedItem>
<relatedItem ID="P0b002ee196f3f45d" type="host">
<titleInfo>
<title>Congressional Record</title>
<partNumber>Vol. 163, no. 75</partNumber>
</titleInfo>
<location>
<url access="object in context" displayLabel="Content Detail">https://www.gpo.gov/fdsys/pkg/CREC-2017-05-02/content-detail.html</url>
<url access="raw object" displayLabel="PDF rendition">https://www.gpo.gov/fdsys/pkg/CREC-2017-05-02/pdf/CREC-2017-05-02.pdf</url>
</location>
<part type="issue">
<extent unit="pages">
<start>H3005</start>
<end>H3069</end>
</extent>
<extent unit="pages">
<start>S2659</start>
<end>S2685</end>
</extent>
<extent unit="pages">
<start>E581</start>
<end>E588</end>
</extent>
<extent unit="pages">
<start>D478</start>
<end>D484</end>
</extent>
</part>
<originInfo>
<publisher>U.S. Government Publishing Office</publisher>
<dateIssued encoding="w3cdtf">2017-05-02</dateIssued>
<issuance>continuing</issuance>
<frequency authority="marcfrequency">daily</frequency>
</originInfo>
<physicalDescription>
<note type="source content type">deposited</note>
<digitalOrigin>born digital</digitalOrigin>
<extent>214 p.</extent>
</physicalDescription>
<classification authority="sudocs">X 1.1/A:</classification>
<classification authority="sudocs">X/A.</classification>
<identifier type="uri">https://www.gpo.gov/fdsys/pkg/CREC-2017-05-02</identifier>
<identifier type="local">P0b002ee196f3f45d</identifier>
<identifier type="stock number">752-002-00000-2</identifier>
<identifier type="ILS system id">000568013</identifier>
<identifier type="former package identifier">CR02MY17</identifier>
<recordInfo>
<recordContentSource authority="marcorg">DGPO</recordContentSource>
<recordCreationDate encoding="w3cdtf">2017-09-19</recordCreationDate>
<recordChangeDate encoding="w3cdtf">2017-09-19</recordChangeDate>
<recordIdentifier source="DGPO">CREC-2017-05-02</recordIdentifier>
<recordOrigin>machine generated</recordOrigin>
<languageOfCataloging>
<languageTerm authority="iso639-2b" type="code">eng</languageTerm>
</languageOfCataloging>
</recordInfo>
<accessCondition type="GPO scope determination">fdlp</accessCondition>
<extension>
<docClass>CREC</docClass>
<accessId>CREC-2017-05-02</accessId>
<volume>163</volume>
<issue>75</issue>
<congress>115</congress>
<session>1</session>
<bookCount>1</bookCount>
</extension>
</relatedItem>
</mods>