<mods ID="id-CREC-2017-07-12-pt1-PgS3957-2" version="3.3" xmlns="http://www.loc.gov/mods/v3" xmlns:exslt="http://exslt.org/common" xmlns:xlink="http://www.w3.org/1999/xlink" xmlns:xsi="http://www.w3.org/2001/XMLSchema-instance" xsi:schemaLocation="http://www.loc.gov/mods/v3 http://www.loc.gov/standards/mods/v3/mods-3-3.xsd">
<name type="corporate">
<namePart>United States Government Publishing Office</namePart>
<role>
<roleTerm authority="marcrelator" type="text">publisher</roleTerm>
<roleTerm authority="marcrelator" type="code">pbl</roleTerm>
</role>
<role>
<roleTerm authority="marcrelator" type="text">distributor</roleTerm>
<roleTerm authority="marcrelator" type="code">dst</roleTerm>
</role>
</name>
<name type="corporate">
<namePart>United States</namePart>
<namePart>Congress</namePart>
<role>
<roleTerm authority="marcrelator" type="text">author</roleTerm>
<roleTerm authority="marcrelator" type="code">aut</roleTerm>
</role>
<description>Government Organization</description>
</name>
<typeOfResource>text</typeOfResource>
<genre authority="marcgt">government publication</genre>
<language>
<languageTerm authority="iso639-2b" type="code">eng</languageTerm>
</language>
<extension>
<collectionCode>CREC</collectionCode>
<category>Proceedings of Congress and General Congressional Publications</category>
<waisDatabaseName>2017_record</waisDatabaseName>
<branch>legislative</branch>
<dateIngested>2017-11-04</dateIngested>
</extension>
<titleInfo>
<title>MESSAGE FROM THE HOUSE</title>
<partName>Senate</partName>
</titleInfo>
<relatedItem type="otherFormat" xlink:href="https://www.gpo.gov/fdsys/pkg/CREC-2017-07-12/html/CREC-2017-07-12-pt1-PgS3957-2.htm">
<identifier type="FDsys Unique ID">D09002ee19763cce0</identifier>
</relatedItem>
<relatedItem type="otherFormat" xlink:href="https://www.gpo.gov/fdsys/pkg/CREC-2017-07-12/pdf/CREC-2017-07-12-pt1-PgS3957-2.pdf">
<identifier type="FDsys Unique ID">D09002ee19763d159</identifier>
</relatedItem>
<identifier type="congressional record citation">163 Cong. Rec. S3957</identifier>
<identifier type="uri">https://www.gpo.gov/fdsys/granule/CREC-2017-07-12/CREC-2017-07-12-pt1-PgS3957-2</identifier>
<identifier type="former granule identifier">CR12JY17-160</identifier>
<location>
<url access="object in context" displayLabel="Content Detail">https://www.gpo.gov/fdsys/granule/CREC-2017-07-12/CREC-2017-07-12-pt1-PgS3957-2/content-detail.html</url>
<url access="raw object" displayLabel="PDF rendition">https://www.gpo.gov/fdsys/pkg/CREC-2017-07-12/pdf/CREC-2017-07-12-pt1-PgS3957-2.pdf</url>
<url access="raw object" displayLabel="HTML rendition">https://www.gpo.gov/fdsys/pkg/CREC-2017-07-12/html/CREC-2017-07-12-pt1-PgS3957-2.htm</url>
</location>
<physicalDescription>
<extent>1 p.</extent>
</physicalDescription>
<part type="article">
<extent unit="pages">
<start>S3957</start>
<end>S3957</end>
</extent>
</part>
<identifier type="preferred citation">163 Cong. Rec. S3957</identifier>
<extension>
<searchTitle>MESSAGE FROM THE HOUSE; Congressional Record Vol. 163, No. 117</searchTitle>
<granuleClass>SENATE</granuleClass>
<accessId>CREC-2017-07-12-pt1-PgS3957-2</accessId>
<subGranuleClass>SMSGHOUSE</subGranuleClass>
<pagePrefix>S</pagePrefix>
<bookNumber>1</bookNumber>
<chamber>SENATE</chamber>
<granuleDate>2017-07-12</granuleDate>
<bill congress="115" context="OTHER" number="597" type="HR"/>
<bill congress="115" context="OTHER" number="702" type="HR"/>
<bill congress="115" context="OTHER" number="954" type="HR"/>
<bill congress="115" context="OTHER" number="1306" type="HR"/>
<bill congress="115" context="OTHER" number="1397" type="HR"/>
<bill congress="115" context="OTHER" number="1404" type="HR"/>
<bill congress="115" context="OTHER" number="1541" type="HR"/>
<bill congress="115" context="OTHER" number="1913" type="HR"/>
<bill congress="115" context="OTHER" number="1988" type="HR"/>
<bill congress="115" context="OTHER" number="2156" type="HR"/>
<USCode title="50">
<section detail="note" number="3161"/>
</USCode>
</extension>
<relatedItem type="isReferencedBy">
<titleInfo>
<title>United States House Bill 597  (115th Congress)</title>
</titleInfo>
<identifier type="Congressional Bill citation">H.R. 597</identifier>
<extension>
<congress>115</congress>
<context>OTHER</context>
</extension>
</relatedItem>
<relatedItem type="isReferencedBy">
<titleInfo>
<title>United States House Bill 702  (115th Congress)</title>
</titleInfo>
<identifier type="Congressional Bill citation">H.R. 702</identifier>
<extension>
<congress>115</congress>
<context>OTHER</context>
</extension>
</relatedItem>
<relatedItem type="isReferencedBy">
<titleInfo>
<title>United States House Bill 954  (115th Congress)</title>
</titleInfo>
<identifier type="Congressional Bill citation">H.R. 954</identifier>
<extension>
<congress>115</congress>
<context>OTHER</context>
</extension>
</relatedItem>
<relatedItem type="isReferencedBy">
<titleInfo>
<title>United States House Bill 1306  (115th Congress)</title>
</titleInfo>
<identifier type="Congressional Bill citation">H.R. 1306</identifier>
<extension>
<congress>115</congress>
<context>OTHER</context>
</extension>
</relatedItem>
<relatedItem type="isReferencedBy">
<titleInfo>
<title>United States House Bill 1397  (115th Congress)</title>
</titleInfo>
<identifier type="Congressional Bill citation">H.R. 1397</identifier>
<extension>
<congress>115</congress>
<context>OTHER</context>
</extension>
</relatedItem>
<relatedItem type="isReferencedBy">
<titleInfo>
<title>United States House Bill 1404  (115th Congress)</title>
</titleInfo>
<identifier type="Congressional Bill citation">H.R. 1404</identifier>
<extension>
<congress>115</congress>
<context>OTHER</context>
</extension>
</relatedItem>
<relatedItem type="isReferencedBy">
<titleInfo>
<title>United States House Bill 1541  (115th Congress)</title>
</titleInfo>
<identifier type="Congressional Bill citation">H.R. 1541</identifier>
<extension>
<congress>115</congress>
<context>OTHER</context>
</extension>
</relatedItem>
<relatedItem type="isReferencedBy">
<titleInfo>
<title>United States House Bill 1913  (115th Congress)</title>
</titleInfo>
<identifier type="Congressional Bill citation">H.R. 1913</identifier>
<extension>
<congress>115</congress>
<context>OTHER</context>
</extension>
</relatedItem>
<relatedItem type="isReferencedBy">
<titleInfo>
<title>United States House Bill 1988  (115th Congress)</title>
</titleInfo>
<identifier type="Congressional Bill citation">H.R. 1988</identifier>
<extension>
<congress>115</congress>
<context>OTHER</context>
</extension>
</relatedItem>
<relatedItem type="isReferencedBy">
<titleInfo>
<title>United States House Bill 2156  (115th Congress)</title>
</titleInfo>
<identifier type="Congressional Bill citation">H.R. 2156</identifier>
<extension>
<congress>115</congress>
<context>OTHER</context>
</extension>
</relatedItem>
<relatedItem type="isReferencedBy">
<titleInfo>
<title>United States Code</title>
<partNumber>Title 50 Section 3161note</partNumber>
</titleInfo>
<identifier type="USC citation">50 U.S.C. 3161note</identifier>
</relatedItem>
<relatedItem ID="P0b002ee197638aac" type="host">
<titleInfo>
<title>Congressional Record</title>
<partNumber>Vol. 163, no. 117</partNumber>
</titleInfo>
<location>
<url access="object in context" displayLabel="Content Detail">https://www.gpo.gov/fdsys/pkg/CREC-2017-07-12/content-detail.html</url>
<url access="raw object" displayLabel="PDF rendition">https://www.gpo.gov/fdsys/pkg/CREC-2017-07-12/pdf/CREC-2017-07-12.pdf</url>
</location>
<part type="issue">
<extent unit="pages">
<start>H5437</start>
<end>H5761</end>
</extent>
<extent unit="pages">
<start>S3933</start>
<end>S3963</end>
</extent>
<extent unit="pages">
<start>E963</start>
<end>E973</end>
</extent>
<extent unit="pages">
<start>D752</start>
<end>D764</end>
</extent>
</part>
<originInfo>
<publisher>U.S. Government Publishing Office</publisher>
<dateIssued encoding="w3cdtf">2017-07-12</dateIssued>
<issuance>continuing</issuance>
<frequency authority="marcfrequency">daily</frequency>
</originInfo>
<physicalDescription>
<note type="source content type">deposited</note>
<digitalOrigin>born digital</digitalOrigin>
<extent>760 p.</extent>
</physicalDescription>
<classification authority="sudocs">X 1.1/A:</classification>
<classification authority="sudocs">X/A.</classification>
<identifier type="uri">https://www.gpo.gov/fdsys/pkg/CREC-2017-07-12</identifier>
<identifier type="local">P0b002ee197638aac</identifier>
<identifier type="stock number">752-002-00000-2</identifier>
<identifier type="ILS system id">000568013</identifier>
<identifier type="former package identifier">CR12JY17</identifier>
<recordInfo>
<recordContentSource authority="marcorg">DGPO</recordContentSource>
<recordCreationDate encoding="w3cdtf">2017-11-04</recordCreationDate>
<recordChangeDate encoding="w3cdtf">2017-11-04</recordChangeDate>
<recordIdentifier source="DGPO">CREC-2017-07-12</recordIdentifier>
<recordOrigin>machine generated</recordOrigin>
<languageOfCataloging>
<languageTerm authority="iso639-2b" type="code">eng</languageTerm>
</languageOfCataloging>
</recordInfo>
<accessCondition type="GPO scope determination">fdlp</accessCondition>
<extension>
<docClass>CREC</docClass>
<accessId>CREC-2017-07-12</accessId>
<volume>163</volume>
<issue>117</issue>
<congress>115</congress>
<session>1</session>
<bookCount>1</bookCount>
</extension>
</relatedItem>
</mods>