<mods ID="id-CREC-2017-06-16-pt1-PgH4944-2" version="3.3" xmlns="http://www.loc.gov/mods/v3" xmlns:exslt="http://exslt.org/common" xmlns:xlink="http://www.w3.org/1999/xlink" xmlns:xsi="http://www.w3.org/2001/XMLSchema-instance" xsi:schemaLocation="http://www.loc.gov/mods/v3 http://www.loc.gov/standards/mods/v3/mods-3-3.xsd">
<name type="corporate">
<namePart>United States Government Publishing Office</namePart>
<role>
<roleTerm authority="marcrelator" type="text">publisher</roleTerm>
<roleTerm authority="marcrelator" type="code">pbl</roleTerm>
</role>
<role>
<roleTerm authority="marcrelator" type="text">distributor</roleTerm>
<roleTerm authority="marcrelator" type="code">dst</roleTerm>
</role>
</name>
<name type="corporate">
<namePart>United States</namePart>
<namePart>Congress</namePart>
<role>
<roleTerm authority="marcrelator" type="text">author</roleTerm>
<roleTerm authority="marcrelator" type="code">aut</roleTerm>
</role>
<description>Government Organization</description>
</name>
<typeOfResource>text</typeOfResource>
<genre authority="marcgt">government publication</genre>
<language>
<languageTerm authority="iso639-2b" type="code">eng</languageTerm>
</language>
<extension>
<collectionCode>CREC</collectionCode>
<category>Proceedings of Congress and General Congressional Publications</category>
<waisDatabaseName>2017_record</waisDatabaseName>
<branch>legislative</branch>
<dateIngested>2017-06-17</dateIngested>
</extension>
<titleInfo>
<title>ADDITIONAL SPONSORS</title>
<partName>House</partName>
</titleInfo>
<relatedItem type="otherFormat" xlink:href="https://www.gpo.gov/fdsys/pkg/CREC-2017-06-16/html/CREC-2017-06-16-pt1-PgH4944-2.htm">
<identifier type="FDsys Unique ID">D09002ee196a777bf</identifier>
</relatedItem>
<relatedItem type="otherFormat" xlink:href="https://www.gpo.gov/fdsys/pkg/CREC-2017-06-16/pdf/CREC-2017-06-16-pt1-PgH4944-2.pdf">
<identifier type="FDsys Unique ID">D09002ee196a7783a</identifier>
</relatedItem>
<identifier type="congressional record citation">163 Cong. Rec. H4944</identifier>
<identifier type="uri">https://www.gpo.gov/fdsys/granule/CREC-2017-06-16/CREC-2017-06-16-pt1-PgH4944-2</identifier>
<identifier type="former granule identifier">cr16jn17-45</identifier>
<location>
<url access="object in context" displayLabel="Content Detail">https://www.gpo.gov/fdsys/granule/CREC-2017-06-16/CREC-2017-06-16-pt1-PgH4944-2/content-detail.html</url>
<url access="raw object" displayLabel="PDF rendition">https://www.gpo.gov/fdsys/pkg/CREC-2017-06-16/pdf/CREC-2017-06-16-pt1-PgH4944-2.pdf</url>
<url access="raw object" displayLabel="HTML rendition">https://www.gpo.gov/fdsys/pkg/CREC-2017-06-16/html/CREC-2017-06-16-pt1-PgH4944-2.htm</url>
</location>
<physicalDescription>
<extent>1 p.</extent>
</physicalDescription>
<part type="article">
<extent unit="pages">
<start>H4944</start>
<end>H4944</end>
</extent>
</part>
<identifier type="preferred citation">163 Cong. Rec. H4944</identifier>
<extension>
<searchTitle>ADDITIONAL SPONSORS; Congressional Record Vol. 163, No. 103</searchTitle>
<granuleClass>HOUSE</granuleClass>
<accessId>CREC-2017-06-16-pt1-PgH4944-2</accessId>
<subGranuleClass>HADDSPONSORS</subGranuleClass>
<pagePrefix>H</pagePrefix>
<bookNumber>1</bookNumber>
<chamber>HOUSE</chamber>
<granuleDate>2017-06-16</granuleDate>
<time from="09:30:00" to="09:30:00"/>
<bill congress="115" context="OTHER" number="15" type="HR"/>
<bill congress="115" context="OTHER" number="195" type="HRES"/>
<bill congress="115" context="OTHER" number="259" type="HR"/>
<bill congress="115" context="OTHER" number="260" type="HR"/>
<bill congress="115" context="OTHER" number="261" type="HR"/>
<bill congress="115" context="OTHER" number="333" type="HR"/>
<bill congress="115" context="OTHER" number="335" type="HRES"/>
<bill congress="115" context="OTHER" number="386" type="HRES"/>
<bill congress="115" context="OTHER" number="389" type="HR"/>
<bill congress="115" context="OTHER" number="490" type="HR"/>
<bill congress="115" context="OTHER" number="535" type="HR"/>
<bill congress="115" context="OTHER" number="790" type="HR"/>
<bill congress="115" context="OTHER" number="797" type="HR"/>
<bill congress="115" context="OTHER" number="798" type="HR"/>
<bill congress="115" context="OTHER" number="845" type="HR"/>
<bill congress="115" context="OTHER" number="1002" type="HR"/>
<bill congress="115" context="OTHER" number="1057" type="HR"/>
<bill congress="115" context="OTHER" number="1059" type="HR"/>
<bill congress="115" context="OTHER" number="1148" type="HR"/>
<bill congress="115" context="OTHER" number="1173" type="HR"/>
<bill congress="115" context="OTHER" number="1192" type="HR"/>
<bill congress="115" context="OTHER" number="1225" type="HR"/>
<bill congress="115" context="OTHER" number="1243" type="HR"/>
<bill congress="115" context="OTHER" number="1456" type="HR"/>
<bill congress="115" context="OTHER" number="1537" type="HR"/>
<bill congress="115" context="OTHER" number="1566" type="HR"/>
<bill congress="115" context="OTHER" number="1676" type="HR"/>
<bill congress="115" context="OTHER" number="1697" type="HR"/>
<bill congress="115" context="OTHER" number="1820" type="HR"/>
<bill congress="115" context="OTHER" number="1865" type="HR"/>
<bill congress="115" context="OTHER" number="1884" type="HR"/>
<bill congress="115" context="OTHER" number="1904" type="HR"/>
<bill congress="115" context="OTHER" number="1970" type="HR"/>
<bill congress="115" context="OTHER" number="2147" type="HR"/>
<bill congress="115" context="OTHER" number="2148" type="HR"/>
<bill congress="115" context="OTHER" number="2290" type="HR"/>
<bill congress="115" context="OTHER" number="2404" type="HR"/>
<bill congress="115" context="OTHER" number="2431" type="HR"/>
<bill congress="115" context="OTHER" number="2432" type="HR"/>
<bill congress="115" context="OTHER" number="2475" type="HR"/>
<bill congress="115" context="OTHER" number="2478" type="HR"/>
<bill congress="115" context="OTHER" number="2482" type="HR"/>
<bill congress="115" context="OTHER" number="2530" type="HR"/>
<bill congress="115" context="OTHER" number="2531" type="HR"/>
<bill congress="115" context="OTHER" number="2652" type="HR"/>
<bill congress="115" context="OTHER" number="2690" type="HR"/>
<bill congress="115" context="OTHER" number="2759" type="HR"/>
<bill congress="115" context="OTHER" number="2760" type="HR"/>
<bill congress="115" context="OTHER" number="2761" type="HR"/>
<bill congress="115" context="OTHER" number="2798" type="HR"/>
<bill congress="115" context="OTHER" number="2826" type="HR"/>
<bill congress="115" context="OTHER" number="2851" type="HR"/>
<bill congress="115" context="OTHER" number="2862" type="HR"/>
<bill congress="115" context="OTHER" number="2866" type="HR"/>
<bill congress="115" context="OTHER" number="2908" type="HR"/>
</extension>
<relatedItem type="isReferencedBy">
<titleInfo>
<title>United States House Bill 15  (115th Congress)</title>
</titleInfo>
<identifier type="Congressional Bill citation">H.R. 15</identifier>
<extension>
<congress>115</congress>
<context>OTHER</context>
</extension>
</relatedItem>
<relatedItem type="isReferencedBy">
<titleInfo>
<title>United States House Resolution 195  (115th Congress)</title>
</titleInfo>
<identifier type="Congressional Bill citation">H. Res. 195</identifier>
<extension>
<congress>115</congress>
<context>OTHER</context>
</extension>
</relatedItem>
<relatedItem type="isReferencedBy">
<titleInfo>
<title>United States House Bill 259  (115th Congress)</title>
</titleInfo>
<identifier type="Congressional Bill citation">H.R. 259</identifier>
<extension>
<congress>115</congress>
<context>OTHER</context>
</extension>
</relatedItem>
<relatedItem type="isReferencedBy">
<titleInfo>
<title>United States House Bill 260  (115th Congress)</title>
</titleInfo>
<identifier type="Congressional Bill citation">H.R. 260</identifier>
<extension>
<congress>115</congress>
<context>OTHER</context>
</extension>
</relatedItem>
<relatedItem type="isReferencedBy">
<titleInfo>
<title>United States House Bill 261  (115th Congress)</title>
</titleInfo>
<identifier type="Congressional Bill citation">H.R. 261</identifier>
<extension>
<congress>115</congress>
<context>OTHER</context>
</extension>
</relatedItem>
<relatedItem type="isReferencedBy">
<titleInfo>
<title>United States House Bill 333  (115th Congress)</title>
</titleInfo>
<identifier type="Congressional Bill citation">H.R. 333</identifier>
<extension>
<congress>115</congress>
<context>OTHER</context>
</extension>
</relatedItem>
<relatedItem type="isReferencedBy">
<titleInfo>
<title>United States House Resolution 335  (115th Congress)</title>
</titleInfo>
<identifier type="Congressional Bill citation">H. Res. 335</identifier>
<extension>
<congress>115</congress>
<context>OTHER</context>
</extension>
</relatedItem>
<relatedItem type="isReferencedBy">
<titleInfo>
<title>United States House Resolution 386  (115th Congress)</title>
</titleInfo>
<identifier type="Congressional Bill citation">H. Res. 386</identifier>
<extension>
<congress>115</congress>
<context>OTHER</context>
</extension>
</relatedItem>
<relatedItem type="isReferencedBy">
<titleInfo>
<title>United States House Bill 389  (115th Congress)</title>
</titleInfo>
<identifier type="Congressional Bill citation">H.R. 389</identifier>
<extension>
<congress>115</congress>
<context>OTHER</context>
</extension>
</relatedItem>
<relatedItem type="isReferencedBy">
<titleInfo>
<title>United States House Bill 490  (115th Congress)</title>
</titleInfo>
<identifier type="Congressional Bill citation">H.R. 490</identifier>
<extension>
<congress>115</congress>
<context>OTHER</context>
</extension>
</relatedItem>
<relatedItem type="isReferencedBy">
<titleInfo>
<title>United States House Bill 535  (115th Congress)</title>
</titleInfo>
<identifier type="Congressional Bill citation">H.R. 535</identifier>
<extension>
<congress>115</congress>
<context>OTHER</context>
</extension>
</relatedItem>
<relatedItem type="isReferencedBy">
<titleInfo>
<title>United States House Bill 790  (115th Congress)</title>
</titleInfo>
<identifier type="Congressional Bill citation">H.R. 790</identifier>
<extension>
<congress>115</congress>
<context>OTHER</context>
</extension>
</relatedItem>
<relatedItem type="isReferencedBy">
<titleInfo>
<title>United States House Bill 797  (115th Congress)</title>
</titleInfo>
<identifier type="Congressional Bill citation">H.R. 797</identifier>
<extension>
<congress>115</congress>
<context>OTHER</context>
</extension>
</relatedItem>
<relatedItem type="isReferencedBy">
<titleInfo>
<title>United States House Bill 798  (115th Congress)</title>
</titleInfo>
<identifier type="Congressional Bill citation">H.R. 798</identifier>
<extension>
<congress>115</congress>
<context>OTHER</context>
</extension>
</relatedItem>
<relatedItem type="isReferencedBy">
<titleInfo>
<title>United States House Bill 845  (115th Congress)</title>
</titleInfo>
<identifier type="Congressional Bill citation">H.R. 845</identifier>
<extension>
<congress>115</congress>
<context>OTHER</context>
</extension>
</relatedItem>
<relatedItem type="isReferencedBy">
<titleInfo>
<title>United States House Bill 1002  (115th Congress)</title>
</titleInfo>
<identifier type="Congressional Bill citation">H.R. 1002</identifier>
<extension>
<congress>115</congress>
<context>OTHER</context>
</extension>
</relatedItem>
<relatedItem type="isReferencedBy">
<titleInfo>
<title>United States House Bill 1057  (115th Congress)</title>
</titleInfo>
<identifier type="Congressional Bill citation">H.R. 1057</identifier>
<extension>
<congress>115</congress>
<context>OTHER</context>
</extension>
</relatedItem>
<relatedItem type="isReferencedBy">
<titleInfo>
<title>United States House Bill 1059  (115th Congress)</title>
</titleInfo>
<identifier type="Congressional Bill citation">H.R. 1059</identifier>
<extension>
<congress>115</congress>
<context>OTHER</context>
</extension>
</relatedItem>
<relatedItem type="isReferencedBy">
<titleInfo>
<title>United States House Bill 1148  (115th Congress)</title>
</titleInfo>
<identifier type="Congressional Bill citation">H.R. 1148</identifier>
<extension>
<congress>115</congress>
<context>OTHER</context>
</extension>
</relatedItem>
<relatedItem type="isReferencedBy">
<titleInfo>
<title>United States House Bill 1173  (115th Congress)</title>
</titleInfo>
<identifier type="Congressional Bill citation">H.R. 1173</identifier>
<extension>
<congress>115</congress>
<context>OTHER</context>
</extension>
</relatedItem>
<relatedItem type="isReferencedBy">
<titleInfo>
<title>United States House Bill 1192  (115th Congress)</title>
</titleInfo>
<identifier type="Congressional Bill citation">H.R. 1192</identifier>
<extension>
<congress>115</congress>
<context>OTHER</context>
</extension>
</relatedItem>
<relatedItem type="isReferencedBy">
<titleInfo>
<title>United States House Bill 1225  (115th Congress)</title>
</titleInfo>
<identifier type="Congressional Bill citation">H.R. 1225</identifier>
<extension>
<congress>115</congress>
<context>OTHER</context>
</extension>
</relatedItem>
<relatedItem type="isReferencedBy">
<titleInfo>
<title>United States House Bill 1243  (115th Congress)</title>
</titleInfo>
<identifier type="Congressional Bill citation">H.R. 1243</identifier>
<extension>
<congress>115</congress>
<context>OTHER</context>
</extension>
</relatedItem>
<relatedItem type="isReferencedBy">
<titleInfo>
<title>United States House Bill 1456  (115th Congress)</title>
</titleInfo>
<identifier type="Congressional Bill citation">H.R. 1456</identifier>
<extension>
<congress>115</congress>
<context>OTHER</context>
</extension>
</relatedItem>
<relatedItem type="isReferencedBy">
<titleInfo>
<title>United States House Bill 1537  (115th Congress)</title>
</titleInfo>
<identifier type="Congressional Bill citation">H.R. 1537</identifier>
<extension>
<congress>115</congress>
<context>OTHER</context>
</extension>
</relatedItem>
<relatedItem type="isReferencedBy">
<titleInfo>
<title>United States House Bill 1566  (115th Congress)</title>
</titleInfo>
<identifier type="Congressional Bill citation">H.R. 1566</identifier>
<extension>
<congress>115</congress>
<context>OTHER</context>
</extension>
</relatedItem>
<relatedItem type="isReferencedBy">
<titleInfo>
<title>United States House Bill 1676  (115th Congress)</title>
</titleInfo>
<identifier type="Congressional Bill citation">H.R. 1676</identifier>
<extension>
<congress>115</congress>
<context>OTHER</context>
</extension>
</relatedItem>
<relatedItem type="isReferencedBy">
<titleInfo>
<title>United States House Bill 1697  (115th Congress)</title>
</titleInfo>
<identifier type="Congressional Bill citation">H.R. 1697</identifier>
<extension>
<congress>115</congress>
<context>OTHER</context>
</extension>
</relatedItem>
<relatedItem type="isReferencedBy">
<titleInfo>
<title>United States House Bill 1820  (115th Congress)</title>
</titleInfo>
<identifier type="Congressional Bill citation">H.R. 1820</identifier>
<extension>
<congress>115</congress>
<context>OTHER</context>
</extension>
</relatedItem>
<relatedItem type="isReferencedBy">
<titleInfo>
<title>United States House Bill 1865  (115th Congress)</title>
</titleInfo>
<identifier type="Congressional Bill citation">H.R. 1865</identifier>
<extension>
<congress>115</congress>
<context>OTHER</context>
</extension>
</relatedItem>
<relatedItem type="isReferencedBy">
<titleInfo>
<title>United States House Bill 1884  (115th Congress)</title>
</titleInfo>
<identifier type="Congressional Bill citation">H.R. 1884</identifier>
<extension>
<congress>115</congress>
<context>OTHER</context>
</extension>
</relatedItem>
<relatedItem type="isReferencedBy">
<titleInfo>
<title>United States House Bill 1904  (115th Congress)</title>
</titleInfo>
<identifier type="Congressional Bill citation">H.R. 1904</identifier>
<extension>
<congress>115</congress>
<context>OTHER</context>
</extension>
</relatedItem>
<relatedItem type="isReferencedBy">
<titleInfo>
<title>United States House Bill 1970  (115th Congress)</title>
</titleInfo>
<identifier type="Congressional Bill citation">H.R. 1970</identifier>
<extension>
<congress>115</congress>
<context>OTHER</context>
</extension>
</relatedItem>
<relatedItem type="isReferencedBy">
<titleInfo>
<title>United States House Bill 2147  (115th Congress)</title>
</titleInfo>
<identifier type="Congressional Bill citation">H.R. 2147</identifier>
<extension>
<congress>115</congress>
<context>OTHER</context>
</extension>
</relatedItem>
<relatedItem type="isReferencedBy">
<titleInfo>
<title>United States House Bill 2148  (115th Congress)</title>
</titleInfo>
<identifier type="Congressional Bill citation">H.R. 2148</identifier>
<extension>
<congress>115</congress>
<context>OTHER</context>
</extension>
</relatedItem>
<relatedItem type="isReferencedBy">
<titleInfo>
<title>United States House Bill 2290  (115th Congress)</title>
</titleInfo>
<identifier type="Congressional Bill citation">H.R. 2290</identifier>
<extension>
<congress>115</congress>
<context>OTHER</context>
</extension>
</relatedItem>
<relatedItem type="isReferencedBy">
<titleInfo>
<title>United States House Bill 2404  (115th Congress)</title>
</titleInfo>
<identifier type="Congressional Bill citation">H.R. 2404</identifier>
<extension>
<congress>115</congress>
<context>OTHER</context>
</extension>
</relatedItem>
<relatedItem type="isReferencedBy">
<titleInfo>
<title>United States House Bill 2431  (115th Congress)</title>
</titleInfo>
<identifier type="Congressional Bill citation">H.R. 2431</identifier>
<extension>
<congress>115</congress>
<context>OTHER</context>
</extension>
</relatedItem>
<relatedItem type="isReferencedBy">
<titleInfo>
<title>United States House Bill 2432  (115th Congress)</title>
</titleInfo>
<identifier type="Congressional Bill citation">H.R. 2432</identifier>
<extension>
<congress>115</congress>
<context>OTHER</context>
</extension>
</relatedItem>
<relatedItem type="isReferencedBy">
<titleInfo>
<title>United States House Bill 2475  (115th Congress)</title>
</titleInfo>
<identifier type="Congressional Bill citation">H.R. 2475</identifier>
<extension>
<congress>115</congress>
<context>OTHER</context>
</extension>
</relatedItem>
<relatedItem type="isReferencedBy">
<titleInfo>
<title>United States House Bill 2478  (115th Congress)</title>
</titleInfo>
<identifier type="Congressional Bill citation">H.R. 2478</identifier>
<extension>
<congress>115</congress>
<context>OTHER</context>
</extension>
</relatedItem>
<relatedItem type="isReferencedBy">
<titleInfo>
<title>United States House Bill 2482  (115th Congress)</title>
</titleInfo>
<identifier type="Congressional Bill citation">H.R. 2482</identifier>
<extension>
<congress>115</congress>
<context>OTHER</context>
</extension>
</relatedItem>
<relatedItem type="isReferencedBy">
<titleInfo>
<title>United States House Bill 2530  (115th Congress)</title>
</titleInfo>
<identifier type="Congressional Bill citation">H.R. 2530</identifier>
<extension>
<congress>115</congress>
<context>OTHER</context>
</extension>
</relatedItem>
<relatedItem type="isReferencedBy">
<titleInfo>
<title>United States House Bill 2531  (115th Congress)</title>
</titleInfo>
<identifier type="Congressional Bill citation">H.R. 2531</identifier>
<extension>
<congress>115</congress>
<context>OTHER</context>
</extension>
</relatedItem>
<relatedItem type="isReferencedBy">
<titleInfo>
<title>United States House Bill 2652  (115th Congress)</title>
</titleInfo>
<identifier type="Congressional Bill citation">H.R. 2652</identifier>
<extension>
<congress>115</congress>
<context>OTHER</context>
</extension>
</relatedItem>
<relatedItem type="isReferencedBy">
<titleInfo>
<title>United States House Bill 2690  (115th Congress)</title>
</titleInfo>
<identifier type="Congressional Bill citation">H.R. 2690</identifier>
<extension>
<congress>115</congress>
<context>OTHER</context>
</extension>
</relatedItem>
<relatedItem type="isReferencedBy">
<titleInfo>
<title>United States House Bill 2759  (115th Congress)</title>
</titleInfo>
<identifier type="Congressional Bill citation">H.R. 2759</identifier>
<extension>
<congress>115</congress>
<context>OTHER</context>
</extension>
</relatedItem>
<relatedItem type="isReferencedBy">
<titleInfo>
<title>United States House Bill 2760  (115th Congress)</title>
</titleInfo>
<identifier type="Congressional Bill citation">H.R. 2760</identifier>
<extension>
<congress>115</congress>
<context>OTHER</context>
</extension>
</relatedItem>
<relatedItem type="isReferencedBy">
<titleInfo>
<title>United States House Bill 2761  (115th Congress)</title>
</titleInfo>
<identifier type="Congressional Bill citation">H.R. 2761</identifier>
<extension>
<congress>115</congress>
<context>OTHER</context>
</extension>
</relatedItem>
<relatedItem type="isReferencedBy">
<titleInfo>
<title>United States House Bill 2798  (115th Congress)</title>
</titleInfo>
<identifier type="Congressional Bill citation">H.R. 2798</identifier>
<extension>
<congress>115</congress>
<context>OTHER</context>
</extension>
</relatedItem>
<relatedItem type="isReferencedBy">
<titleInfo>
<title>United States House Bill 2826  (115th Congress)</title>
</titleInfo>
<identifier type="Congressional Bill citation">H.R. 2826</identifier>
<extension>
<congress>115</congress>
<context>OTHER</context>
</extension>
</relatedItem>
<relatedItem type="isReferencedBy">
<titleInfo>
<title>United States House Bill 2851  (115th Congress)</title>
</titleInfo>
<identifier type="Congressional Bill citation">H.R. 2851</identifier>
<extension>
<congress>115</congress>
<context>OTHER</context>
</extension>
</relatedItem>
<relatedItem type="isReferencedBy">
<titleInfo>
<title>United States House Bill 2862  (115th Congress)</title>
</titleInfo>
<identifier type="Congressional Bill citation">H.R. 2862</identifier>
<extension>
<congress>115</congress>
<context>OTHER</context>
</extension>
</relatedItem>
<relatedItem type="isReferencedBy">
<titleInfo>
<title>United States House Bill 2866  (115th Congress)</title>
</titleInfo>
<identifier type="Congressional Bill citation">H.R. 2866</identifier>
<extension>
<congress>115</congress>
<context>OTHER</context>
</extension>
</relatedItem>
<relatedItem type="isReferencedBy">
<titleInfo>
<title>United States House Bill 2908  (115th Congress)</title>
</titleInfo>
<identifier type="Congressional Bill citation">H.R. 2908</identifier>
<extension>
<congress>115</congress>
<context>OTHER</context>
</extension>
</relatedItem>
<relatedItem ID="P0b002ee19539fce2" type="host">
<titleInfo>
<title>Congressional Record</title>
<partNumber>Vol. 163, no. 103</partNumber>
</titleInfo>
<location>
<url access="object in context" displayLabel="Content Detail">https://www.gpo.gov/fdsys/pkg/CREC-2017-06-16/content-detail.html</url>
<url access="raw object" displayLabel="PDF rendition">https://www.gpo.gov/fdsys/pkg/CREC-2017-06-16/pdf/CREC-2017-06-16.pdf</url>
</location>
<part type="issue">
<extent unit="pages">
<start>H4941</start>
<end>H4944</end>
</extent>
<extent unit="pages">
<start>E839</start>
<end>E842</end>
</extent>
<extent unit="pages">
<start>D667</start>
<end>D668</end>
</extent>
</part>
<originInfo>
<publisher>U.S. Government Publishing Office</publisher>
<dateIssued encoding="w3cdtf">2017-06-16</dateIssued>
<issuance>continuing</issuance>
<frequency authority="marcfrequency">daily</frequency>
</originInfo>
<physicalDescription>
<note type="source content type">deposited</note>
<digitalOrigin>born digital</digitalOrigin>
<extent>20 p.</extent>
</physicalDescription>
<classification authority="sudocs">X 1.1/A:</classification>
<classification authority="sudocs">X/A.</classification>
<identifier type="uri">https://www.gpo.gov/fdsys/pkg/CREC-2017-06-16</identifier>
<identifier type="local">P0b002ee19539fce2</identifier>
<identifier type="stock number">752-002-00000-2</identifier>
<identifier type="ILS system id">000568013</identifier>
<identifier type="former package identifier">cr16jn17</identifier>
<recordInfo>
<recordContentSource authority="marcorg">DGPO</recordContentSource>
<recordCreationDate encoding="w3cdtf">2017-06-17</recordCreationDate>
<recordChangeDate encoding="w3cdtf">2017-08-21</recordChangeDate>
<recordIdentifier source="DGPO">CREC-2017-06-16</recordIdentifier>
<recordOrigin>machine generated</recordOrigin>
<languageOfCataloging>
<languageTerm authority="iso639-2b" type="code">eng</languageTerm>
</languageOfCataloging>
</recordInfo>
<accessCondition type="GPO scope determination">fdlp</accessCondition>
<extension>
<docClass>CREC</docClass>
<accessId>CREC-2017-06-16</accessId>
<volume>163</volume>
<issue>103</issue>
<congress>115</congress>
<session>1</session>
<bookCount>1</bookCount>
</extension>
</relatedItem>
</mods>