<mods ID="id-CREC-2017-10-19-pt1-PgS6638-2" version="3.3" xmlns="http://www.loc.gov/mods/v3" xmlns:exslt="http://exslt.org/common" xmlns:xlink="http://www.w3.org/1999/xlink" xmlns:xsi="http://www.w3.org/2001/XMLSchema-instance" xsi:schemaLocation="http://www.loc.gov/mods/v3 http://www.loc.gov/standards/mods/v3/mods-3-3.xsd">
<name type="corporate">
<namePart>United States Government Publishing Office</namePart>
<role>
<roleTerm authority="marcrelator" type="text">publisher</roleTerm>
<roleTerm authority="marcrelator" type="code">pbl</roleTerm>
</role>
<role>
<roleTerm authority="marcrelator" type="text">distributor</roleTerm>
<roleTerm authority="marcrelator" type="code">dst</roleTerm>
</role>
</name>
<name type="corporate">
<namePart>United States</namePart>
<namePart>Congress</namePart>
<role>
<roleTerm authority="marcrelator" type="text">author</roleTerm>
<roleTerm authority="marcrelator" type="code">aut</roleTerm>
</role>
<description>Government Organization</description>
</name>
<typeOfResource>text</typeOfResource>
<genre authority="marcgt">government publication</genre>
<language>
<languageTerm authority="iso639-2b" type="code">eng</languageTerm>
</language>
<extension>
<collectionCode>CREC</collectionCode>
<category>Proceedings of Congress and General Congressional Publications</category>
<waisDatabaseName>2017_record</waisDatabaseName>
<branch>legislative</branch>
<dateIngested>2017-10-24</dateIngested>
</extension>
<titleInfo>
<title>REMEMBERING EVELYNE J. VILLINES</title>
<partName>Senate</partName>
</titleInfo>
<relatedItem type="otherFormat" xlink:href="https://www.gpo.gov/fdsys/pkg/CREC-2017-10-19/html/CREC-2017-10-19-pt1-PgS6638-2.htm">
<identifier type="FDsys Unique ID">D09002ee1973a12e3</identifier>
</relatedItem>
<relatedItem type="otherFormat" xlink:href="https://www.gpo.gov/fdsys/pkg/CREC-2017-10-19/pdf/CREC-2017-10-19-pt1-PgS6638-2.pdf">
<identifier type="FDsys Unique ID">D09002ee1973a1354</identifier>
</relatedItem>
<identifier type="congressional record citation">163 Cong. Rec. S6638</identifier>
<identifier type="uri">https://www.gpo.gov/fdsys/granule/CREC-2017-10-19/CREC-2017-10-19-pt1-PgS6638-2</identifier>
<identifier type="former granule identifier">CR19OC17-104</identifier>
<location>
<url access="object in context" displayLabel="Content Detail">https://www.gpo.gov/fdsys/granule/CREC-2017-10-19/CREC-2017-10-19-pt1-PgS6638-2/content-detail.html</url>
<url access="raw object" displayLabel="PDF rendition">https://www.gpo.gov/fdsys/pkg/CREC-2017-10-19/pdf/CREC-2017-10-19-pt1-PgS6638-2.pdf</url>
<url access="raw object" displayLabel="HTML rendition">https://www.gpo.gov/fdsys/pkg/CREC-2017-10-19/html/CREC-2017-10-19-pt1-PgS6638-2.htm</url>
</location>
<physicalDescription>
<extent>1 p.</extent>
</physicalDescription>
<part type="article">
<extent unit="pages">
<start>S6638</start>
<end>S6638</end>
</extent>
</part>
<name type="personal">
<namePart>Chuck Grassley</namePart>
<affiliation>United States Senate</affiliation>
<role>
<roleTerm type="text">speaking</roleTerm>
</role>
<description>United States Congress Member</description>
</name>
<identifier type="preferred citation">163 Cong. Rec. S6638</identifier>
<extension>
<searchTitle>REMEMBERING EVELYNE J. VILLINES; Congressional Record Vol. 163, No. 169</searchTitle>
<granuleClass>SENATE</granuleClass>
<accessId>CREC-2017-10-19-pt1-PgS6638-2</accessId>
<subGranuleClass>ALLOTHER</subGranuleClass>
<pagePrefix>S</pagePrefix>
<bookNumber>1</bookNumber>
<chamber>SENATE</chamber>
<granuleDate>2017-10-19</granuleDate>
<congMember authorityId="457" bioGuideId="G000386" chamber="S" congress="115" gpoId="8316" party="R" role="SPEAKING" state="IA">
<name type="parsed">Mr. GRASSLEY</name>
<name type="authority-fnf">Chuck Grassley</name>
<name type="authority-lnf">Grassley, Chuck</name>
<name type="authority-other">Charles Ernest Grassley</name>
</congMember>
</extension>
<relatedItem ID="P0b002ee1973a112c" type="host">
<titleInfo>
<title>Congressional Record</title>
<partNumber>Vol. 163, no. 169</partNumber>
</titleInfo>
<location>
<url access="object in context" displayLabel="Content Detail">https://www.gpo.gov/fdsys/pkg/CREC-2017-10-19/content-detail.html</url>
<url access="raw object" displayLabel="PDF rendition">https://www.gpo.gov/fdsys/pkg/CREC-2017-10-19/pdf/CREC-2017-10-19.pdf</url>
</location>
<part type="issue">
<extent unit="pages">
<start>H8039</start>
<end>H8043</end>
</extent>
<extent unit="pages">
<start>S6593</start>
<end>S6701</end>
</extent>
<extent unit="pages">
<start>E1387</start>
<end>E1397</end>
</extent>
<extent unit="pages">
<start>D1101</start>
<end>D1106</end>
</extent>
</part>
<originInfo>
<publisher>U.S. Government Publishing Office</publisher>
<dateIssued encoding="w3cdtf">2017-10-19</dateIssued>
<issuance>continuing</issuance>
<frequency authority="marcfrequency">daily</frequency>
</originInfo>
<physicalDescription>
<note type="source content type">deposited</note>
<digitalOrigin>born digital</digitalOrigin>
<extent>262 p.</extent>
</physicalDescription>
<classification authority="sudocs">X 1.1/A:</classification>
<classification authority="sudocs">X/A.</classification>
<identifier type="uri">https://www.gpo.gov/fdsys/pkg/CREC-2017-10-19</identifier>
<identifier type="local">P0b002ee1973a112c</identifier>
<identifier type="stock number">752-002-00000-2</identifier>
<identifier type="ILS system id">000568013</identifier>
<identifier type="former package identifier">CR19OC17</identifier>
<recordInfo>
<recordContentSource authority="marcorg">DGPO</recordContentSource>
<recordCreationDate encoding="w3cdtf">2017-10-24</recordCreationDate>
<recordChangeDate encoding="w3cdtf">2017-10-24</recordChangeDate>
<recordIdentifier source="DGPO">CREC-2017-10-19</recordIdentifier>
<recordOrigin>machine generated</recordOrigin>
<languageOfCataloging>
<languageTerm authority="iso639-2b" type="code">eng</languageTerm>
</languageOfCataloging>
</recordInfo>
<accessCondition type="GPO scope determination">fdlp</accessCondition>
<extension>
<docClass>CREC</docClass>
<accessId>CREC-2017-10-19</accessId>
<volume>163</volume>
<issue>169</issue>
<congress>115</congress>
<session>1</session>
<bookCount>1</bookCount>
</extension>
</relatedItem>
</mods>