<mods ID="id-CREC-2017-09-13-pt1-PgS5479" version="3.3" xmlns="http://www.loc.gov/mods/v3" xmlns:exslt="http://exslt.org/common" xmlns:xlink="http://www.w3.org/1999/xlink" xmlns:xsi="http://www.w3.org/2001/XMLSchema-instance" xsi:schemaLocation="http://www.loc.gov/mods/v3 http://www.loc.gov/standards/mods/v3/mods-3-3.xsd">
<name type="corporate">
<namePart>United States Government Publishing Office</namePart>
<role>
<roleTerm authority="marcrelator" type="text">publisher</roleTerm>
<roleTerm authority="marcrelator" type="code">pbl</roleTerm>
</role>
<role>
<roleTerm authority="marcrelator" type="text">distributor</roleTerm>
<roleTerm authority="marcrelator" type="code">dst</roleTerm>
</role>
</name>
<name type="corporate">
<namePart>United States</namePart>
<namePart>Congress</namePart>
<role>
<roleTerm authority="marcrelator" type="text">author</roleTerm>
<roleTerm authority="marcrelator" type="code">aut</roleTerm>
</role>
<description>Government Organization</description>
</name>
<typeOfResource>text</typeOfResource>
<genre authority="marcgt">government publication</genre>
<language>
<languageTerm authority="iso639-2b" type="code">eng</languageTerm>
</language>
<extension>
<collectionCode>CREC</collectionCode>
<category>Proceedings of Congress and General Congressional Publications</category>
<waisDatabaseName>2017_record</waisDatabaseName>
<branch>legislative</branch>
<dateIngested>2018-01-31</dateIngested>
</extension>
<titleInfo>
<title>MEASURES REFERRED</title>
<partName>Senate</partName>
</titleInfo>
<relatedItem type="otherFormat" xlink:href="https://www.gpo.gov/fdsys/pkg/CREC-2017-09-13/html/CREC-2017-09-13-pt1-PgS5479.htm">
<identifier type="FDsys Unique ID">D09002ee1982846be</identifier>
</relatedItem>
<relatedItem type="otherFormat" xlink:href="https://www.gpo.gov/fdsys/pkg/CREC-2017-09-13/pdf/CREC-2017-09-13-pt1-PgS5479.pdf">
<identifier type="FDsys Unique ID">D09002ee198284754</identifier>
</relatedItem>
<identifier type="congressional record citation">163 Cong. Rec. S5479</identifier>
<identifier type="uri">https://www.gpo.gov/fdsys/granule/CREC-2017-09-13/CREC-2017-09-13-pt1-PgS5479</identifier>
<identifier type="former granule identifier">CR13SE17-147</identifier>
<location>
<url access="object in context" displayLabel="Content Detail">https://www.gpo.gov/fdsys/granule/CREC-2017-09-13/CREC-2017-09-13-pt1-PgS5479/content-detail.html</url>
<url access="raw object" displayLabel="PDF rendition">https://www.gpo.gov/fdsys/pkg/CREC-2017-09-13/pdf/CREC-2017-09-13-pt1-PgS5479.pdf</url>
<url access="raw object" displayLabel="HTML rendition">https://www.gpo.gov/fdsys/pkg/CREC-2017-09-13/html/CREC-2017-09-13-pt1-PgS5479.htm</url>
</location>
<physicalDescription>
<extent>1 p.</extent>
</physicalDescription>
<part type="article">
<extent unit="pages">
<start>S5479</start>
<end>S5479</end>
</extent>
</part>
<name type="corporate">
<namePart>United States</namePart>
<namePart>Congress</namePart>
<namePart>Senate</namePart>
<namePart>Committee on Health, Education, Labor, and Pensions</namePart>
<role>
<roleTerm authority="marcrelator" type="text">associated name</roleTerm>
<roleTerm authority="marcrelator" type="code">asn</roleTerm>
</role>
<description>Government Organization</description>
</name>
<name type="corporate">
<namePart>United States</namePart>
<namePart>Congress</namePart>
<namePart>Senate</namePart>
<namePart>Committee on Homeland Security and Governmental Affairs</namePart>
<role>
<roleTerm authority="marcrelator" type="text">associated name</roleTerm>
<roleTerm authority="marcrelator" type="code">asn</roleTerm>
</role>
<description>Government Organization</description>
</name>
<identifier type="preferred citation">163 Cong. Rec. S5479</identifier>
<extension>
<searchTitle>MEASURES REFERRED; Congressional Record Vol. 163, No. 148</searchTitle>
<granuleClass>SENATE</granuleClass>
<accessId>CREC-2017-09-13-pt1-PgS5479</accessId>
<subGranuleClass>SREFERRED</subGranuleClass>
<pagePrefix>S</pagePrefix>
<bookNumber>1</bookNumber>
<chamber>SENATE</chamber>
<granuleDate>2017-09-13</granuleDate>
<bill congress="115" context="OTHER" number="931" type="HR"/>
<bill congress="115" context="OTHER" number="2427" type="HR"/>
<bill congress="115" context="OTHER" number="2433" type="HR"/>
<bill congress="115" context="OTHER" number="2442" type="HR"/>
<bill congress="115" context="OTHER" number="2443" type="HR"/>
<bill congress="115" context="OTHER" number="2453" type="HR"/>
<bill congress="115" context="OTHER" number="2454" type="HR"/>
<bill congress="115" context="OTHER" number="2468" type="HR"/>
<bill congress="115" context="OTHER" number="2470" type="HR"/>
<bill congress="115" context="OTHER" number="2471" type="HR"/>
<congCommittee authorityId="sshr00" chamber="S" congress="115" type="S">
<name type="authority-standard">Committee on Health, Education, Labor, and Pensions</name>
<name type="authority-short">HELP</name>
</congCommittee>
<congCommittee authorityId="ssga00" chamber="S" congress="115" type="S">
<name type="authority-standard">Committee on Homeland Security and Governmental Affairs</name>
<name type="authority-short">Homeland and Governmental Affairs</name>
</congCommittee>
</extension>
<relatedItem type="isReferencedBy">
<titleInfo>
<title>United States House Bill 931  (115th Congress)</title>
</titleInfo>
<identifier type="Congressional Bill citation">H.R. 931</identifier>
<extension>
<congress>115</congress>
<context>OTHER</context>
</extension>
</relatedItem>
<relatedItem type="isReferencedBy">
<titleInfo>
<title>United States House Bill 2427  (115th Congress)</title>
</titleInfo>
<identifier type="Congressional Bill citation">H.R. 2427</identifier>
<extension>
<congress>115</congress>
<context>OTHER</context>
</extension>
</relatedItem>
<relatedItem type="isReferencedBy">
<titleInfo>
<title>United States House Bill 2433  (115th Congress)</title>
</titleInfo>
<identifier type="Congressional Bill citation">H.R. 2433</identifier>
<extension>
<congress>115</congress>
<context>OTHER</context>
</extension>
</relatedItem>
<relatedItem type="isReferencedBy">
<titleInfo>
<title>United States House Bill 2442  (115th Congress)</title>
</titleInfo>
<identifier type="Congressional Bill citation">H.R. 2442</identifier>
<extension>
<congress>115</congress>
<context>OTHER</context>
</extension>
</relatedItem>
<relatedItem type="isReferencedBy">
<titleInfo>
<title>United States House Bill 2443  (115th Congress)</title>
</titleInfo>
<identifier type="Congressional Bill citation">H.R. 2443</identifier>
<extension>
<congress>115</congress>
<context>OTHER</context>
</extension>
</relatedItem>
<relatedItem type="isReferencedBy">
<titleInfo>
<title>United States House Bill 2453  (115th Congress)</title>
</titleInfo>
<identifier type="Congressional Bill citation">H.R. 2453</identifier>
<extension>
<congress>115</congress>
<context>OTHER</context>
</extension>
</relatedItem>
<relatedItem type="isReferencedBy">
<titleInfo>
<title>United States House Bill 2454  (115th Congress)</title>
</titleInfo>
<identifier type="Congressional Bill citation">H.R. 2454</identifier>
<extension>
<congress>115</congress>
<context>OTHER</context>
</extension>
</relatedItem>
<relatedItem type="isReferencedBy">
<titleInfo>
<title>United States House Bill 2468  (115th Congress)</title>
</titleInfo>
<identifier type="Congressional Bill citation">H.R. 2468</identifier>
<extension>
<congress>115</congress>
<context>OTHER</context>
</extension>
</relatedItem>
<relatedItem type="isReferencedBy">
<titleInfo>
<title>United States House Bill 2470  (115th Congress)</title>
</titleInfo>
<identifier type="Congressional Bill citation">H.R. 2470</identifier>
<extension>
<congress>115</congress>
<context>OTHER</context>
</extension>
</relatedItem>
<relatedItem type="isReferencedBy">
<titleInfo>
<title>United States House Bill 2471  (115th Congress)</title>
</titleInfo>
<identifier type="Congressional Bill citation">H.R. 2471</identifier>
<extension>
<congress>115</congress>
<context>OTHER</context>
</extension>
</relatedItem>
<relatedItem ID="P0b002ee198283821" type="host">
<titleInfo>
<title>Congressional Record</title>
<partNumber>Vol. 163, no. 148</partNumber>
</titleInfo>
<location>
<url access="object in context" displayLabel="Content Detail">https://www.gpo.gov/fdsys/pkg/CREC-2017-09-13/content-detail.html</url>
<url access="raw object" displayLabel="PDF rendition">https://www.gpo.gov/fdsys/pkg/CREC-2017-09-13/pdf/CREC-2017-09-13.pdf</url>
</location>
<part type="issue">
<extent unit="pages">
<start>H7317</start>
<end>H7384</end>
</extent>
<extent unit="pages">
<start>S5243</start>
<end>S5707</end>
</extent>
<extent unit="pages">
<start>E1209</start>
<end>E1217</end>
</extent>
<extent unit="pages">
<start>D969</start>
<end>D978</end>
</extent>
</part>
<originInfo>
<publisher>U.S. Government Publishing Office</publisher>
<dateIssued encoding="w3cdtf">2017-09-13</dateIssued>
<issuance>continuing</issuance>
<frequency authority="marcfrequency">daily</frequency>
</originInfo>
<physicalDescription>
<note type="source content type">deposited</note>
<digitalOrigin>born digital</digitalOrigin>
<extent>1104 p.</extent>
</physicalDescription>
<classification authority="sudocs">X 1.1/A:</classification>
<classification authority="sudocs">X/A.</classification>
<identifier type="uri">https://www.gpo.gov/fdsys/pkg/CREC-2017-09-13</identifier>
<identifier type="local">P0b002ee198283821</identifier>
<identifier type="stock number">752-002-00000-2</identifier>
<identifier type="ILS system id">000568013</identifier>
<identifier type="former package identifier">CR13SE17</identifier>
<recordInfo>
<recordContentSource authority="marcorg">DGPO</recordContentSource>
<recordCreationDate encoding="w3cdtf">2018-01-31</recordCreationDate>
<recordChangeDate encoding="w3cdtf">2018-01-31</recordChangeDate>
<recordIdentifier source="DGPO">CREC-2017-09-13</recordIdentifier>
<recordOrigin>machine generated</recordOrigin>
<languageOfCataloging>
<languageTerm authority="iso639-2b" type="code">eng</languageTerm>
</languageOfCataloging>
</recordInfo>
<accessCondition type="GPO scope determination">fdlp</accessCondition>
<extension>
<docClass>CREC</docClass>
<accessId>CREC-2017-09-13</accessId>
<volume>163</volume>
<issue>148</issue>
<congress>115</congress>
<session>1</session>
<bookCount>1</bookCount>
</extension>
</relatedItem>
</mods>