<mods ID="id-CREC-2017-09-11-pt1-PgS5101" version="3.3" xmlns="http://www.loc.gov/mods/v3" xmlns:exslt="http://exslt.org/common" xmlns:xlink="http://www.w3.org/1999/xlink" xmlns:xsi="http://www.w3.org/2001/XMLSchema-instance" xsi:schemaLocation="http://www.loc.gov/mods/v3 http://www.loc.gov/standards/mods/v3/mods-3-3.xsd">
<name type="corporate">
<namePart>United States Government Publishing Office</namePart>
<role>
<roleTerm authority="marcrelator" type="text">publisher</roleTerm>
<roleTerm authority="marcrelator" type="code">pbl</roleTerm>
</role>
<role>
<roleTerm authority="marcrelator" type="text">distributor</roleTerm>
<roleTerm authority="marcrelator" type="code">dst</roleTerm>
</role>
</name>
<name type="corporate">
<namePart>United States</namePart>
<namePart>Congress</namePart>
<role>
<roleTerm authority="marcrelator" type="text">author</roleTerm>
<roleTerm authority="marcrelator" type="code">aut</roleTerm>
</role>
<description>Government Organization</description>
</name>
<typeOfResource>text</typeOfResource>
<genre authority="marcgt">government publication</genre>
<language>
<languageTerm authority="iso639-2b" type="code">eng</languageTerm>
</language>
<extension>
<collectionCode>CREC</collectionCode>
<category>Proceedings of Congress and General Congressional Publications</category>
<waisDatabaseName>2017_record</waisDatabaseName>
<branch>legislative</branch>
<dateIngested>2018-01-11</dateIngested>
</extension>
<titleInfo>
<title>TRIBUTE TO FLORENCE NEMPHOS</title>
<partName>Senate</partName>
</titleInfo>
<relatedItem type="otherFormat" xlink:href="https://www.gpo.gov/fdsys/pkg/CREC-2017-09-11/html/CREC-2017-09-11-pt1-PgS5101.htm">
<identifier type="FDsys Unique ID">D09002ee197f7ad79</identifier>
</relatedItem>
<relatedItem type="otherFormat" xlink:href="https://www.gpo.gov/fdsys/pkg/CREC-2017-09-11/pdf/CREC-2017-09-11-pt1-PgS5101.pdf">
<identifier type="FDsys Unique ID">D09002ee197f7ade6</identifier>
</relatedItem>
<identifier type="congressional record citation">163 Cong. Rec. S5101</identifier>
<identifier type="uri">https://www.gpo.gov/fdsys/granule/CREC-2017-09-11/CREC-2017-09-11-pt1-PgS5101</identifier>
<identifier type="former granule identifier">CR11SE17-85</identifier>
<location>
<url access="object in context" displayLabel="Content Detail">https://www.gpo.gov/fdsys/granule/CREC-2017-09-11/CREC-2017-09-11-pt1-PgS5101/content-detail.html</url>
<url access="raw object" displayLabel="PDF rendition">https://www.gpo.gov/fdsys/pkg/CREC-2017-09-11/pdf/CREC-2017-09-11-pt1-PgS5101.pdf</url>
<url access="raw object" displayLabel="HTML rendition">https://www.gpo.gov/fdsys/pkg/CREC-2017-09-11/html/CREC-2017-09-11-pt1-PgS5101.htm</url>
</location>
<physicalDescription>
<extent>1 p.</extent>
</physicalDescription>
<part type="article">
<extent unit="pages">
<start>S5101</start>
<end>S5101</end>
</extent>
</part>
<name type="personal">
<namePart>Margaret Wood Hassan</namePart>
<affiliation>United States Senate</affiliation>
<role>
<roleTerm type="text">speaking</roleTerm>
</role>
<description>United States Congress Member</description>
</name>
<identifier type="preferred citation">163 Cong. Rec. S5101</identifier>
<extension>
<searchTitle>TRIBUTE TO FLORENCE NEMPHOS; Congressional Record Vol. 163, No. 146</searchTitle>
<granuleClass>SENATE</granuleClass>
<accessId>CREC-2017-09-11-pt1-PgS5101</accessId>
<subGranuleClass>TRIBUTETO</subGranuleClass>
<pagePrefix>S</pagePrefix>
<bookNumber>1</bookNumber>
<chamber>SENATE</chamber>
<granuleDate>2017-09-11</granuleDate>
<hasInsertedComments>true</hasInsertedComments>
<congMember authorityId="2302" bioGuideId="H001076" chamber="S" congress="115" party="D" role="SPEAKING" state="NH">
<name type="parsed">Ms. HASSAN</name>
<name type="authority-fnf">Margaret Wood Hassan</name>
<name type="authority-lnf">Hassan, Margaret Wood</name>
<name type="authority-other">Ms. Margaret Hassan</name>
</congMember>
</extension>
<relatedItem ID="P0b002ee197f7a5ca" type="host">
<titleInfo>
<title>Congressional Record</title>
<partNumber>Vol. 163, no. 146</partNumber>
</titleInfo>
<location>
<url access="object in context" displayLabel="Content Detail">https://www.gpo.gov/fdsys/pkg/CREC-2017-09-11/content-detail.html</url>
<url access="raw object" displayLabel="PDF rendition">https://www.gpo.gov/fdsys/pkg/CREC-2017-09-11/pdf/CREC-2017-09-11.pdf</url>
</location>
<part type="issue">
<extent unit="pages">
<start>H7219</start>
<end>H7224</end>
</extent>
<extent unit="pages">
<start>S5085</start>
<end>S5190</end>
</extent>
<extent unit="pages">
<start>E1193</start>
<end>E1198</end>
</extent>
<extent unit="pages">
<start>D949</start>
<end>D956</end>
</extent>
</part>
<originInfo>
<publisher>U.S. Government Publishing Office</publisher>
<dateIssued encoding="w3cdtf">2017-09-11</dateIssued>
<issuance>continuing</issuance>
<frequency authority="marcfrequency">daily</frequency>
</originInfo>
<physicalDescription>
<note type="source content type">deposited</note>
<digitalOrigin>born digital</digitalOrigin>
<extent>252 p.</extent>
</physicalDescription>
<classification authority="sudocs">X 1.1/A:</classification>
<classification authority="sudocs">X/A.</classification>
<identifier type="uri">https://www.gpo.gov/fdsys/pkg/CREC-2017-09-11</identifier>
<identifier type="local">P0b002ee197f7a5ca</identifier>
<identifier type="stock number">752-002-00000-2</identifier>
<identifier type="ILS system id">000568013</identifier>
<identifier type="former package identifier">CR11SE17</identifier>
<recordInfo>
<recordContentSource authority="marcorg">DGPO</recordContentSource>
<recordCreationDate encoding="w3cdtf">2018-01-11</recordCreationDate>
<recordChangeDate encoding="w3cdtf">2018-01-11</recordChangeDate>
<recordIdentifier source="DGPO">CREC-2017-09-11</recordIdentifier>
<recordOrigin>machine generated</recordOrigin>
<languageOfCataloging>
<languageTerm authority="iso639-2b" type="code">eng</languageTerm>
</languageOfCataloging>
</recordInfo>
<accessCondition type="GPO scope determination">fdlp</accessCondition>
<extension>
<docClass>CREC</docClass>
<accessId>CREC-2017-09-11</accessId>
<volume>163</volume>
<issue>146</issue>
<congress>115</congress>
<session>1</session>
<bookCount>1</bookCount>
</extension>
</relatedItem>
</mods>