<mods ID="id-CREC-2017-09-19-pt1-PgS5867-2" version="3.3" xmlns="http://www.loc.gov/mods/v3" xmlns:exslt="http://exslt.org/common" xmlns:xlink="http://www.w3.org/1999/xlink" xmlns:xsi="http://www.w3.org/2001/XMLSchema-instance" xsi:schemaLocation="http://www.loc.gov/mods/v3 http://www.loc.gov/standards/mods/v3/mods-3-3.xsd">
<name type="corporate">
<namePart>United States Government Publishing Office</namePart>
<role>
<roleTerm authority="marcrelator" type="text">publisher</roleTerm>
<roleTerm authority="marcrelator" type="code">pbl</roleTerm>
</role>
<role>
<roleTerm authority="marcrelator" type="text">distributor</roleTerm>
<roleTerm authority="marcrelator" type="code">dst</roleTerm>
</role>
</name>
<name type="corporate">
<namePart>United States</namePart>
<namePart>Congress</namePart>
<role>
<roleTerm authority="marcrelator" type="text">author</roleTerm>
<roleTerm authority="marcrelator" type="code">aut</roleTerm>
</role>
<description>Government Organization</description>
</name>
<typeOfResource>text</typeOfResource>
<genre authority="marcgt">government publication</genre>
<language>
<languageTerm authority="iso639-2b" type="code">eng</languageTerm>
</language>
<extension>
<collectionCode>CREC</collectionCode>
<category>Proceedings of Congress and General Congressional Publications</category>
<waisDatabaseName>2017_record</waisDatabaseName>
<branch>legislative</branch>
<dateIngested>2017-09-20</dateIngested>
</extension>
<titleInfo>
<title>NATIONAL DEFENSE AUTHORIZATION ACT FOR FISCAL YEAR 2018</title>
<partName>Senate</partName>
</titleInfo>
<relatedItem type="otherFormat" xlink:href="https://www.gpo.gov/fdsys/pkg/CREC-2017-09-19/html/CREC-2017-09-19-pt1-PgS5867-2.htm">
<identifier type="FDsys Unique ID">D09002ee196f6ebf9</identifier>
</relatedItem>
<relatedItem type="otherFormat" xlink:href="https://www.gpo.gov/fdsys/pkg/CREC-2017-09-19/pdf/CREC-2017-09-19-pt1-PgS5867-2.pdf">
<identifier type="FDsys Unique ID">D09002ee196f6ecf2</identifier>
</relatedItem>
<identifier type="congressional record citation">163 Cong. Rec. S5867</identifier>
<identifier type="uri">https://www.gpo.gov/fdsys/granule/CREC-2017-09-19/CREC-2017-09-19-pt1-PgS5867-2</identifier>
<identifier type="former granule identifier">cr19se17-47</identifier>
<location>
<url access="object in context" displayLabel="Content Detail">https://www.gpo.gov/fdsys/granule/CREC-2017-09-19/CREC-2017-09-19-pt1-PgS5867-2/content-detail.html</url>
<url access="raw object" displayLabel="PDF rendition">https://www.gpo.gov/fdsys/pkg/CREC-2017-09-19/pdf/CREC-2017-09-19-pt1-PgS5867-2.pdf</url>
<url access="raw object" displayLabel="HTML rendition">https://www.gpo.gov/fdsys/pkg/CREC-2017-09-19/html/CREC-2017-09-19-pt1-PgS5867-2.htm</url>
</location>
<physicalDescription>
<extent>1 p.</extent>
</physicalDescription>
<part type="article">
<extent unit="pages">
<start>S5867</start>
<end>S5867</end>
</extent>
</part>
<name type="personal">
<namePart>Mitch McConnell</namePart>
<affiliation>United States Senate</affiliation>
<role>
<roleTerm type="text">speaking</roleTerm>
</role>
<description>United States Congress Member</description>
</name>
<identifier type="preferred citation">163 Cong. Rec. S5867</identifier>
<extension>
<searchTitle>NATIONAL DEFENSE AUTHORIZATION ACT FOR FISCAL YEAR 2018; Congressional Record Vol. 163, No. 151</searchTitle>
<granuleClass>SENATE</granuleClass>
<accessId>CREC-2017-09-19-pt1-PgS5867-2</accessId>
<subGranuleClass>ALLOTHER</subGranuleClass>
<pagePrefix>S</pagePrefix>
<bookNumber>1</bookNumber>
<chamber>SENATE</chamber>
<granuleDate>2017-09-19</granuleDate>
<amendment chamber="SENATE" congress="115" context="OTHER" number="545"/>
<bill congress="115" context="FIRSTPARAGRAPH" number="2810" type="HR"/>
<bill congress="115" context="OTHER" number="2810" type="HR"/>
<congMember authorityId="1395" bioGuideId="M000355" chamber="S" congress="115" gpoId="8254" party="R" role="SPEAKING" state="KY">
<name type="parsed">Mr. McCONNELL</name>
<name type="authority-fnf">Mitch McConnell</name>
<name type="authority-lnf">McConnell, Mitch</name>
</congMember>
</extension>
<relatedItem type="isReferencedBy">
<titleInfo>
<title>United States House Bill 2810  (115th Congress)</title>
</titleInfo>
<identifier type="Congressional Bill citation">H.R. 2810</identifier>
<extension>
<congress>115</congress>
<context>FIRSTPARAGRAPH</context>
</extension>
</relatedItem>
<relatedItem type="isReferencedBy">
<titleInfo>
<title>United States House Bill 2810  (115th Congress)</title>
</titleInfo>
<identifier type="Congressional Bill citation">H.R. 2810</identifier>
<extension>
<congress>115</congress>
<context>OTHER</context>
</extension>
</relatedItem>
<relatedItem type="isReferencedBy">
<identifier type="congressional amendment citation"> Amendment No. 545</identifier>
</relatedItem>
<extension>
<congress>115</congress>
<chamber>SENATE</chamber>
</extension>
<relatedItem ID="P0b002ee196f6eaa3" type="host">
<titleInfo>
<title>Congressional Record</title>
<partNumber>Vol. 163, no. 151</partNumber>
</titleInfo>
<location>
<url access="object in context" displayLabel="Content Detail">https://www.gpo.gov/fdsys/pkg/CREC-2017-09-19/content-detail.html</url>
<url access="raw object" displayLabel="PDF rendition">https://www.gpo.gov/fdsys/pkg/CREC-2017-09-19/pdf/CREC-2017-09-19.pdf</url>
</location>
<part type="issue">
<extent unit="pages">
<start>S5825</start>
<end>S5869</end>
</extent>
<extent unit="pages">
<start>D991</start>
<end>D994</end>
</extent>
</part>
<originInfo>
<publisher>U.S. Government Publishing Office</publisher>
<dateIssued encoding="w3cdtf">2017-09-19</dateIssued>
<issuance>continuing</issuance>
<frequency authority="marcfrequency">daily</frequency>
</originInfo>
<physicalDescription>
<note type="source content type">deposited</note>
<digitalOrigin>born digital</digitalOrigin>
<extent>98 p.</extent>
</physicalDescription>
<classification authority="sudocs">X 1.1/A:</classification>
<classification authority="sudocs">X/A.</classification>
<identifier type="uri">https://www.gpo.gov/fdsys/pkg/CREC-2017-09-19</identifier>
<identifier type="local">P0b002ee196f6eaa3</identifier>
<identifier type="stock number">752-002-00000-2</identifier>
<identifier type="ILS system id">000568013</identifier>
<identifier type="former package identifier">cr19se17</identifier>
<recordInfo>
<recordContentSource authority="marcorg">DGPO</recordContentSource>
<recordCreationDate encoding="w3cdtf">2017-09-20</recordCreationDate>
<recordChangeDate encoding="w3cdtf">2017-09-20</recordChangeDate>
<recordIdentifier source="DGPO">CREC-2017-09-19</recordIdentifier>
<recordOrigin>machine generated</recordOrigin>
<languageOfCataloging>
<languageTerm authority="iso639-2b" type="code">eng</languageTerm>
</languageOfCataloging>
</recordInfo>
<accessCondition type="GPO scope determination">fdlp</accessCondition>
<extension>
<docClass>CREC</docClass>
<accessId>CREC-2017-09-19</accessId>
<volume>163</volume>
<issue>151</issue>
<congress>115</congress>
<session>1</session>
<bookCount>1</bookCount>
</extension>
</relatedItem>
</mods>