<mods ID="id-CREC-2017-09-28-pt1-PgH7633-6" version="3.3" xmlns="http://www.loc.gov/mods/v3" xmlns:exslt="http://exslt.org/common" xmlns:xlink="http://www.w3.org/1999/xlink" xmlns:xsi="http://www.w3.org/2001/XMLSchema-instance" xsi:schemaLocation="http://www.loc.gov/mods/v3 http://www.loc.gov/standards/mods/v3/mods-3-3.xsd">
<name type="corporate">
<namePart>United States Government Publishing Office</namePart>
<role>
<roleTerm authority="marcrelator" type="text">publisher</roleTerm>
<roleTerm authority="marcrelator" type="code">pbl</roleTerm>
</role>
<role>
<roleTerm authority="marcrelator" type="text">distributor</roleTerm>
<roleTerm authority="marcrelator" type="code">dst</roleTerm>
</role>
</name>
<name type="corporate">
<namePart>United States</namePart>
<namePart>Congress</namePart>
<role>
<roleTerm authority="marcrelator" type="text">author</roleTerm>
<roleTerm authority="marcrelator" type="code">aut</roleTerm>
</role>
<description>Government Organization</description>
</name>
<typeOfResource>text</typeOfResource>
<genre authority="marcgt">government publication</genre>
<language>
<languageTerm authority="iso639-2b" type="code">eng</languageTerm>
</language>
<extension>
<collectionCode>CREC</collectionCode>
<category>Proceedings of Congress and General Congressional Publications</category>
<waisDatabaseName>2017_record</waisDatabaseName>
<branch>legislative</branch>
<dateIngested>2018-01-11</dateIngested>
</extension>
<titleInfo>
<title>SENATE ENROLLED BILLS SIGNED</title>
<partName>House</partName>
</titleInfo>
<relatedItem type="otherFormat" xlink:href="https://www.gpo.gov/fdsys/pkg/CREC-2017-09-28/html/CREC-2017-09-28-pt1-PgH7633-6.htm">
<identifier type="FDsys Unique ID">D09002ee197f7bab6</identifier>
</relatedItem>
<relatedItem type="otherFormat" xlink:href="https://www.gpo.gov/fdsys/pkg/CREC-2017-09-28/pdf/CREC-2017-09-28-pt1-PgH7633-6.pdf">
<identifier type="FDsys Unique ID">D09002ee197f7bb8a</identifier>
</relatedItem>
<identifier type="congressional record citation">163 Cong. Rec. H7633</identifier>
<identifier type="uri">https://www.gpo.gov/fdsys/granule/CREC-2017-09-28/CREC-2017-09-28-pt1-PgH7633-6</identifier>
<identifier type="former granule identifier">CR28SE17-107</identifier>
<location>
<url access="object in context" displayLabel="Content Detail">https://www.gpo.gov/fdsys/granule/CREC-2017-09-28/CREC-2017-09-28-pt1-PgH7633-6/content-detail.html</url>
<url access="raw object" displayLabel="PDF rendition">https://www.gpo.gov/fdsys/pkg/CREC-2017-09-28/pdf/CREC-2017-09-28-pt1-PgH7633-6.pdf</url>
<url access="raw object" displayLabel="HTML rendition">https://www.gpo.gov/fdsys/pkg/CREC-2017-09-28/html/CREC-2017-09-28-pt1-PgH7633-6.htm</url>
</location>
<physicalDescription>
<extent>1 p.</extent>
</physicalDescription>
<part type="article">
<extent unit="pages">
<start>H7633</start>
<end>H7633</end>
</extent>
</part>
<identifier type="preferred citation">163 Cong. Rec. H7633</identifier>
<extension>
<searchTitle>SENATE ENROLLED BILLS SIGNED; Congressional Record Vol. 163, No. 156</searchTitle>
<granuleClass>HOUSE</granuleClass>
<accessId>CREC-2017-09-28-pt1-PgH7633-6</accessId>
<subGranuleClass>ENROLLEDSIGNED</subGranuleClass>
<pagePrefix>H</pagePrefix>
<bookNumber>1</bookNumber>
<chamber>HOUSE</chamber>
<granuleDate>2017-09-28</granuleDate>
<time from="16:00:00" to="16:00:00"/>
<bill congress="115" context="OTHER" number="327" type="S"/>
<bill congress="115" context="OTHER" number="1141" type="S"/>
<bill congress="115" context="OTHER" number="1866" type="S"/>
</extension>
<relatedItem type="isReferencedBy">
<titleInfo>
<title>United States Senate Bill 327  (115th Congress)</title>
</titleInfo>
<identifier type="Congressional Bill citation">S. 327</identifier>
<extension>
<congress>115</congress>
<context>OTHER</context>
</extension>
</relatedItem>
<relatedItem type="isReferencedBy">
<titleInfo>
<title>United States Senate Bill 1141  (115th Congress)</title>
</titleInfo>
<identifier type="Congressional Bill citation">S. 1141</identifier>
<extension>
<congress>115</congress>
<context>OTHER</context>
</extension>
</relatedItem>
<relatedItem type="isReferencedBy">
<titleInfo>
<title>United States Senate Bill 1866  (115th Congress)</title>
</titleInfo>
<identifier type="Congressional Bill citation">S. 1866</identifier>
<extension>
<congress>115</congress>
<context>OTHER</context>
</extension>
</relatedItem>
<relatedItem ID="P0b002ee197f7a6c4" type="host">
<titleInfo>
<title>Congressional Record</title>
<partNumber>Vol. 163, no. 156</partNumber>
</titleInfo>
<location>
<url access="object in context" displayLabel="Content Detail">https://www.gpo.gov/fdsys/pkg/CREC-2017-09-28/content-detail.html</url>
<url access="raw object" displayLabel="PDF rendition">https://www.gpo.gov/fdsys/pkg/CREC-2017-09-28/pdf/CREC-2017-09-28.pdf</url>
</location>
<part type="issue">
<extent unit="pages">
<start>H7591</start>
<end>H7638</end>
</extent>
<extent unit="pages">
<start>S6193</start>
<end>S6235</end>
</extent>
<extent unit="pages">
<start>E1283</start>
<end>E1295</end>
</extent>
<extent unit="pages">
<start>D1022</start>
<end>D1028</end>
</extent>
</part>
<originInfo>
<publisher>U.S. Government Publishing Office</publisher>
<dateIssued encoding="w3cdtf">2017-09-28</dateIssued>
<issuance>continuing</issuance>
<frequency authority="marcfrequency">daily</frequency>
</originInfo>
<physicalDescription>
<note type="source content type">deposited</note>
<digitalOrigin>born digital</digitalOrigin>
<extent>222 p.</extent>
</physicalDescription>
<classification authority="sudocs">X 1.1/A:</classification>
<classification authority="sudocs">X/A.</classification>
<identifier type="uri">https://www.gpo.gov/fdsys/pkg/CREC-2017-09-28</identifier>
<identifier type="local">P0b002ee197f7a6c4</identifier>
<identifier type="stock number">752-002-00000-2</identifier>
<identifier type="ILS system id">000568013</identifier>
<identifier type="former package identifier">CR28SE17</identifier>
<recordInfo>
<recordContentSource authority="marcorg">DGPO</recordContentSource>
<recordCreationDate encoding="w3cdtf">2018-01-11</recordCreationDate>
<recordChangeDate encoding="w3cdtf">2018-01-11</recordChangeDate>
<recordIdentifier source="DGPO">CREC-2017-09-28</recordIdentifier>
<recordOrigin>machine generated</recordOrigin>
<languageOfCataloging>
<languageTerm authority="iso639-2b" type="code">eng</languageTerm>
</languageOfCataloging>
</recordInfo>
<accessCondition type="GPO scope determination">fdlp</accessCondition>
<extension>
<docClass>CREC</docClass>
<accessId>CREC-2017-09-28</accessId>
<volume>163</volume>
<issue>156</issue>
<congress>115</congress>
<session>1</session>
<bookCount>1</bookCount>
</extension>
</relatedItem>
</mods>