<mods ID="id-CREC-2017-11-29-pt1-PgH9515" version="3.3" xmlns="http://www.loc.gov/mods/v3" xmlns:exslt="http://exslt.org/common" xmlns:xlink="http://www.w3.org/1999/xlink" xmlns:xsi="http://www.w3.org/2001/XMLSchema-instance" xsi:schemaLocation="http://www.loc.gov/mods/v3 http://www.loc.gov/standards/mods/v3/mods-3-3.xsd">
<name type="corporate">
<namePart>United States Government Publishing Office</namePart>
<role>
<roleTerm authority="marcrelator" type="text">publisher</roleTerm>
<roleTerm authority="marcrelator" type="code">pbl</roleTerm>
</role>
<role>
<roleTerm authority="marcrelator" type="text">distributor</roleTerm>
<roleTerm authority="marcrelator" type="code">dst</roleTerm>
</role>
</name>
<name type="corporate">
<namePart>United States</namePart>
<namePart>Congress</namePart>
<role>
<roleTerm authority="marcrelator" type="text">author</roleTerm>
<roleTerm authority="marcrelator" type="code">aut</roleTerm>
</role>
<description>Government Organization</description>
</name>
<typeOfResource>text</typeOfResource>
<genre authority="marcgt">government publication</genre>
<language>
<languageTerm authority="iso639-2b" type="code">eng</languageTerm>
</language>
<extension>
<collectionCode>CREC</collectionCode>
<category>Proceedings of Congress and General Congressional Publications</category>
<waisDatabaseName>2017_record</waisDatabaseName>
<branch>legislative</branch>
<dateIngested>2018-02-24</dateIngested>
</extension>
<titleInfo>
<title>EXECUTIVE COMMUNICATIONS, ETC.</title>
<partName>House</partName>
</titleInfo>
<relatedItem type="otherFormat" xlink:href="https://www.gpo.gov/fdsys/pkg/CREC-2017-11-29/html/CREC-2017-11-29-pt1-PgH9515.htm">
<identifier type="FDsys Unique ID">D09002ee19891f5a4</identifier>
</relatedItem>
<relatedItem type="otherFormat" xlink:href="https://www.gpo.gov/fdsys/pkg/CREC-2017-11-29/pdf/CREC-2017-11-29-pt1-PgH9515.pdf">
<identifier type="FDsys Unique ID">D09002ee19891f656</identifier>
</relatedItem>
<identifier type="congressional record citation">163 Cong. Rec. H9515</identifier>
<identifier type="uri">https://www.gpo.gov/fdsys/granule/CREC-2017-11-29/CREC-2017-11-29-pt1-PgH9515</identifier>
<identifier type="former granule identifier">CR29NO17-103</identifier>
<identifier type="Regulation ID Number">RIN 0648-XF33</identifier>
<location>
<url access="object in context" displayLabel="Content Detail">https://www.gpo.gov/fdsys/granule/CREC-2017-11-29/CREC-2017-11-29-pt1-PgH9515/content-detail.html</url>
<url access="raw object" displayLabel="PDF rendition">https://www.gpo.gov/fdsys/pkg/CREC-2017-11-29/pdf/CREC-2017-11-29-pt1-PgH9515.pdf</url>
<url access="raw object" displayLabel="HTML rendition">https://www.gpo.gov/fdsys/pkg/CREC-2017-11-29/html/CREC-2017-11-29-pt1-PgH9515.htm</url>
</location>
<physicalDescription>
<extent>1 p.</extent>
</physicalDescription>
<part type="article">
<extent unit="pages">
<start>H9515</start>
<end>H9515</end>
</extent>
</part>
<name type="corporate">
<namePart>United States</namePart>
<namePart>Congress</namePart>
<namePart>House of Representatives</namePart>
<namePart>Committee on Agriculture</namePart>
<role>
<roleTerm authority="marcrelator" type="text">associated name</roleTerm>
<roleTerm authority="marcrelator" type="code">asn</roleTerm>
</role>
<description>Government Organization</description>
</name>
<name type="corporate">
<namePart>United States</namePart>
<namePart>Congress</namePart>
<namePart>House of Representatives</namePart>
<namePart>Committee on Armed Services</namePart>
<role>
<roleTerm authority="marcrelator" type="text">associated name</roleTerm>
<roleTerm authority="marcrelator" type="code">asn</roleTerm>
</role>
<description>Government Organization</description>
</name>
<name type="corporate">
<namePart>United States</namePart>
<namePart>Congress</namePart>
<namePart>House of Representatives</namePart>
<namePart>Committee on Financial Services</namePart>
<role>
<roleTerm authority="marcrelator" type="text">associated name</roleTerm>
<roleTerm authority="marcrelator" type="code">asn</roleTerm>
</role>
<description>Government Organization</description>
</name>
<name type="corporate">
<namePart>United States</namePart>
<namePart>Congress</namePart>
<namePart>House of Representatives</namePart>
<namePart>Committee on Energy and Commerce</namePart>
<role>
<roleTerm authority="marcrelator" type="text">associated name</roleTerm>
<roleTerm authority="marcrelator" type="code">asn</roleTerm>
</role>
<description>Government Organization</description>
</name>
<name type="corporate">
<namePart>United States</namePart>
<namePart>Congress</namePart>
<namePart>House of Representatives</namePart>
<namePart>Committee on Foreign Affairs</namePart>
<role>
<roleTerm authority="marcrelator" type="text">associated name</roleTerm>
<roleTerm authority="marcrelator" type="code">asn</roleTerm>
</role>
<description>Government Organization</description>
</name>
<name type="corporate">
<namePart>United States</namePart>
<namePart>Congress</namePart>
<namePart>House of Representatives</namePart>
<namePart>Committee on Oversight and Government Reform</namePart>
<role>
<roleTerm authority="marcrelator" type="text">associated name</roleTerm>
<roleTerm authority="marcrelator" type="code">asn</roleTerm>
</role>
<description>Government Organization</description>
</name>
<name type="corporate">
<namePart>United States</namePart>
<namePart>Congress</namePart>
<namePart>House of Representatives</namePart>
<namePart>Committee on Natural Resources</namePart>
<role>
<roleTerm authority="marcrelator" type="text">associated name</roleTerm>
<roleTerm authority="marcrelator" type="code">asn</roleTerm>
</role>
<description>Government Organization</description>
</name>
<name type="corporate">
<namePart>United States</namePart>
<namePart>Congress</namePart>
<namePart>House of Representatives</namePart>
<namePart>Committee on Ways and Means</namePart>
<role>
<roleTerm authority="marcrelator" type="text">associated name</roleTerm>
<roleTerm authority="marcrelator" type="code">asn</roleTerm>
</role>
<description>Government Organization</description>
</name>
<identifier type="preferred citation">163 Cong. Rec. H9515</identifier>
<extension>
<searchTitle>EXECUTIVE COMMUNICATIONS, ETC.; Congressional Record Vol. 163, No. 194</searchTitle>
<granuleClass>HOUSE</granuleClass>
<accessId>CREC-2017-11-29-pt1-PgH9515</accessId>
<subGranuleClass>EXECUTIVECOMM</subGranuleClass>
<pagePrefix>H</pagePrefix>
<bookNumber>1</bookNumber>
<chamber>HOUSE</chamber>
<granuleDate>2017-11-29</granuleDate>
<time from="17:14:00" to="17:14:00"/>
<congCommittee authorityId="hsag00" chamber="H" congress="115" type="S">
<name type="authority-standard">Committee on Agriculture</name>
<name type="authority-short">Agriculture</name>
</congCommittee>
<congCommittee authorityId="hsas00" chamber="H" congress="115" type="S">
<name type="authority-standard">Committee on Armed Services</name>
<name type="authority-short">Armed Services</name>
</congCommittee>
<congCommittee authorityId="hsba00" chamber="H" congress="115" type="S">
<name type="authority-standard">Committee on Financial Services</name>
<name type="authority-short">Financial Services</name>
</congCommittee>
<congCommittee authorityId="hsif00" chamber="H" congress="115" type="S">
<name type="authority-standard">Committee on Energy and Commerce</name>
<name type="authority-short">Energy and Commerce</name>
</congCommittee>
<congCommittee authorityId="hsfa00" chamber="H" congress="115" type="S">
<name type="authority-standard">Committee on Foreign Affairs</name>
<name type="authority-short">Foreign Affairs</name>
</congCommittee>
<congCommittee authorityId="hsgo00" chamber="H" congress="115" type="S">
<name type="authority-standard">Committee on Oversight and Government Reform</name>
<name type="authority-short">Oversight and Government Reform</name>
</congCommittee>
<congCommittee authorityId="hsii00" chamber="H" congress="115" type="S">
<name type="authority-standard">Committee on Natural Resources</name>
<name type="authority-short">Natural Resources</name>
</congCommittee>
<congCommittee authorityId="hswm00" chamber="H" congress="115" type="S">
<name type="authority-standard">Committee on Ways and Means</name>
<name type="authority-short">Ways and Means</name>
</congCommittee>
<law congress="92" isPrivate="false" number="403"/>
<law congress="95" isPrivate="false" number="452"/>
<law congress="96" isPrivate="false" number="513"/>
<law congress="101" isPrivate="false" number="576"/>
<law congress="104" isPrivate="false" number="106"/>
<law congress="104" isPrivate="false" number="121"/>
<law congress="104" isPrivate="false" number="193"/>
<law congress="107" isPrivate="false" number="289"/>
<law congress="108" isPrivate="false" number="458"/>
<USCode title="1">
<section detail="(a)" number="112b"/>
</USCode>
<USCode title="5">
<section detail="(a)(1)(A)" number="801"/>
</USCode>
<USCode title="10">
<section detail="(c)(1)" number="1370"/>
</USCode>
<USCode title="31">
<section detail="(a)(1)" number="3515"/>
</USCode>
<USCode title="42">
<section detail="(b)" number="611"/>
</USCode>
<statuteAtLarge volume="110">
<pages pages="293"/>
<pages pages="868"/>
<pages pages="2148"/>
</statuteAtLarge>
<statuteAtLarge volume="116">
<pages pages="2049"/>
</statuteAtLarge>
<statuteAtLarge volume="118">
<pages pages="3807"/>
</statuteAtLarge>
<rin number="0648-XF33"/>
</extension>
<relatedItem type="isReferencedBy">
<titleInfo>
<title>United States Code</title>
<partNumber>Title 1 Section 112b(a)</partNumber>
</titleInfo>
<identifier type="USC citation">1 U.S.C. 112b(a)</identifier>
</relatedItem>
<relatedItem type="isReferencedBy">
<titleInfo>
<title>United States Code</title>
<partNumber>Title 5 Section 801(a)(1)(A)</partNumber>
</titleInfo>
<identifier type="USC citation">5 U.S.C. 801(a)(1)(A)</identifier>
</relatedItem>
<relatedItem type="isReferencedBy">
<titleInfo>
<title>United States Code</title>
<partNumber>Title 10 Section 1370(c)(1)</partNumber>
</titleInfo>
<identifier type="USC citation">10 U.S.C. 1370(c)(1)</identifier>
</relatedItem>
<relatedItem type="isReferencedBy">
<titleInfo>
<title>United States Code</title>
<partNumber>Title 31 Section 3515(a)(1)</partNumber>
</titleInfo>
<identifier type="USC citation">31 U.S.C. 3515(a)(1)</identifier>
</relatedItem>
<relatedItem type="isReferencedBy">
<titleInfo>
<title>United States Code</title>
<partNumber>Title 42 Section 611(b)</partNumber>
</titleInfo>
<identifier type="USC citation">42 U.S.C. 611(b)</identifier>
</relatedItem>
<relatedItem type="isReferencedBy">
<titleInfo>
<title>United States Statutes at Large</title>
<partNumber>Volume 110 Page 293</partNumber>
<partNumber>Volume 110 Page 868</partNumber>
<partNumber>Volume 110 Page 2148</partNumber>
</titleInfo>
<identifier type="Statute citation">110 Stat. 293</identifier>
<identifier type="Statute citation">110 Stat. 868</identifier>
<identifier type="Statute citation">110 Stat. 2148</identifier>
</relatedItem>
<relatedItem type="isReferencedBy">
<titleInfo>
<title>United States Statutes at Large</title>
<partNumber>Volume 116 Page 2049</partNumber>
</titleInfo>
<identifier type="Statute citation">116 Stat. 2049</identifier>
</relatedItem>
<relatedItem type="isReferencedBy">
<titleInfo>
<title>United States Statutes at Large</title>
<partNumber>Volume 118 Page 3807</partNumber>
</titleInfo>
<identifier type="Statute citation">118 Stat. 3807</identifier>
</relatedItem>
<relatedItem>
<titleInfo>
<title>United States Public Law 92-403</title>
</titleInfo>
<identifier type="public law citation">Public Law 92-403</identifier>
</relatedItem>
<relatedItem>
<titleInfo>
<title>United States Public Law 95-452</title>
</titleInfo>
<identifier type="public law citation">Public Law 95-452</identifier>
</relatedItem>
<relatedItem>
<titleInfo>
<title>United States Public Law 96-513</title>
</titleInfo>
<identifier type="public law citation">Public Law 96-513</identifier>
</relatedItem>
<relatedItem>
<titleInfo>
<title>United States Public Law 101-576</title>
</titleInfo>
<identifier type="public law citation">Public Law 101-576</identifier>
</relatedItem>
<relatedItem>
<titleInfo>
<title>United States Public Law 104-106</title>
</titleInfo>
<identifier type="public law citation">Public Law 104-106</identifier>
</relatedItem>
<relatedItem>
<titleInfo>
<title>United States Public Law 104-121</title>
</titleInfo>
<identifier type="public law citation">Public Law 104-121</identifier>
</relatedItem>
<relatedItem>
<titleInfo>
<title>United States Public Law 104-193</title>
</titleInfo>
<identifier type="public law citation">Public Law 104-193</identifier>
</relatedItem>
<relatedItem>
<titleInfo>
<title>United States Public Law 107-289</title>
</titleInfo>
<identifier type="public law citation">Public Law 107-289</identifier>
</relatedItem>
<relatedItem>
<titleInfo>
<title>United States Public Law 108-458</title>
</titleInfo>
<identifier type="public law citation">Public Law 108-458</identifier>
</relatedItem>
<relatedItem type="isReferencedBy">
<identifier type="regulation ID number">RIN 0648-XF33</identifier>
</relatedItem>
<relatedItem ID="P0b002ee19891e171" type="host">
<titleInfo>
<title>Congressional Record</title>
<partNumber>Vol. 163, no. 194</partNumber>
</titleInfo>
<location>
<url access="object in context" displayLabel="Content Detail">https://www.gpo.gov/fdsys/pkg/CREC-2017-11-29/content-detail.html</url>
<url access="raw object" displayLabel="PDF rendition">https://www.gpo.gov/fdsys/pkg/CREC-2017-11-29/pdf/CREC-2017-11-29.pdf</url>
</location>
<part type="issue">
<extent unit="pages">
<start>H9471</start>
<end>H9517</end>
</extent>
<extent unit="pages">
<start>S7367</start>
<end>S7505</end>
</extent>
<extent unit="pages">
<start>E1613</start>
<end>E1620</end>
</extent>
<extent unit="pages">
<start>D1255</start>
<end>D1262</end>
</extent>
</part>
<originInfo>
<publisher>U.S. Government Publishing Office</publisher>
<dateIssued encoding="w3cdtf">2017-11-29</dateIssued>
<issuance>continuing</issuance>
<frequency authority="marcfrequency">daily</frequency>
</originInfo>
<physicalDescription>
<note type="source content type">deposited</note>
<digitalOrigin>born digital</digitalOrigin>
<extent>404 p.</extent>
</physicalDescription>
<classification authority="sudocs">X 1.1/A:</classification>
<classification authority="sudocs">X/A.</classification>
<identifier type="uri">https://www.gpo.gov/fdsys/pkg/CREC-2017-11-29</identifier>
<identifier type="local">P0b002ee19891e171</identifier>
<identifier type="stock number">752-002-00000-2</identifier>
<identifier type="ILS system id">000568013</identifier>
<identifier type="former package identifier">CR29NO17</identifier>
<recordInfo>
<recordContentSource authority="marcorg">DGPO</recordContentSource>
<recordCreationDate encoding="w3cdtf">2018-02-24</recordCreationDate>
<recordChangeDate encoding="w3cdtf">2018-02-24</recordChangeDate>
<recordIdentifier source="DGPO">CREC-2017-11-29</recordIdentifier>
<recordOrigin>machine generated</recordOrigin>
<languageOfCataloging>
<languageTerm authority="iso639-2b" type="code">eng</languageTerm>
</languageOfCataloging>
</recordInfo>
<accessCondition type="GPO scope determination">fdlp</accessCondition>
<extension>
<docClass>CREC</docClass>
<accessId>CREC-2017-11-29</accessId>
<volume>163</volume>
<issue>194</issue>
<congress>115</congress>
<session>1</session>
<bookCount>1</bookCount>
</extension>
</relatedItem>
</mods>