<mods ID="id-CREC-2017-10-23-pt1-PgH8066-2" version="3.3" xmlns="http://www.loc.gov/mods/v3" xmlns:exslt="http://exslt.org/common" xmlns:xlink="http://www.w3.org/1999/xlink" xmlns:xsi="http://www.w3.org/2001/XMLSchema-instance" xsi:schemaLocation="http://www.loc.gov/mods/v3 http://www.loc.gov/standards/mods/v3/mods-3-3.xsd">
<name type="corporate">
<namePart>United States Government Publishing Office</namePart>
<role>
<roleTerm authority="marcrelator" type="text">publisher</roleTerm>
<roleTerm authority="marcrelator" type="code">pbl</roleTerm>
</role>
<role>
<roleTerm authority="marcrelator" type="text">distributor</roleTerm>
<roleTerm authority="marcrelator" type="code">dst</roleTerm>
</role>
</name>
<name type="corporate">
<namePart>United States</namePart>
<namePart>Congress</namePart>
<role>
<roleTerm authority="marcrelator" type="text">author</roleTerm>
<roleTerm authority="marcrelator" type="code">aut</roleTerm>
</role>
<description>Government Organization</description>
</name>
<typeOfResource>text</typeOfResource>
<genre authority="marcgt">government publication</genre>
<language>
<languageTerm authority="iso639-2b" type="code">eng</languageTerm>
</language>
<extension>
<collectionCode>CREC</collectionCode>
<category>Proceedings of Congress and General Congressional Publications</category>
<waisDatabaseName>2017_record</waisDatabaseName>
<branch>legislative</branch>
<dateIngested>2018-01-30</dateIngested>
</extension>
<titleInfo>
<title>CIVIL RIGHTS</title>
<partName>House</partName>
</titleInfo>
<relatedItem type="otherFormat" xlink:href="https://www.gpo.gov/fdsys/pkg/CREC-2017-10-23/html/CREC-2017-10-23-pt1-PgH8066-2.htm">
<identifier type="FDsys Unique ID">D09002ee1982589c6</identifier>
</relatedItem>
<relatedItem type="otherFormat" xlink:href="https://www.gpo.gov/fdsys/pkg/CREC-2017-10-23/pdf/CREC-2017-10-23-pt1-PgH8066-2.pdf">
<identifier type="FDsys Unique ID">D09002ee198258ba6</identifier>
</relatedItem>
<identifier type="congressional record citation">163 Cong. Rec. H8066</identifier>
<identifier type="uri">https://www.gpo.gov/fdsys/granule/CREC-2017-10-23/CREC-2017-10-23-pt1-PgH8066-2</identifier>
<identifier type="former granule identifier">CR23OC17-97</identifier>
<location>
<url access="object in context" displayLabel="Content Detail">https://www.gpo.gov/fdsys/granule/CREC-2017-10-23/CREC-2017-10-23-pt1-PgH8066-2/content-detail.html</url>
<url access="raw object" displayLabel="PDF rendition">https://www.gpo.gov/fdsys/pkg/CREC-2017-10-23/pdf/CREC-2017-10-23-pt1-PgH8066-2.pdf</url>
<url access="raw object" displayLabel="HTML rendition">https://www.gpo.gov/fdsys/pkg/CREC-2017-10-23/html/CREC-2017-10-23-pt1-PgH8066-2.htm</url>
</location>
<physicalDescription>
<extent>9 p.</extent>
</physicalDescription>
<part type="article">
<extent unit="pages">
<start>H8066</start>
<end>H8074</end>
</extent>
</part>
<name type="personal">
<namePart>Marc A. Veasey</namePart>
<affiliation>United States House of Representatives</affiliation>
<role>
<roleTerm type="text">speaking</roleTerm>
</role>
<description>United States Congress Member</description>
</name>
<name type="personal">
<namePart>James E. Clyburn</namePart>
<affiliation>United States House of Representatives</affiliation>
<role>
<roleTerm type="text">speaking</roleTerm>
</role>
<description>United States Congress Member</description>
</name>
<name type="personal">
<namePart>Sheila Jackson Lee</namePart>
<affiliation>United States House of Representatives</affiliation>
<role>
<roleTerm type="text">speaking</roleTerm>
</role>
<description>United States Congress Member</description>
</name>
<name type="personal">
<namePart>Donald M. Payne, Jr.</namePart>
<affiliation>United States House of Representatives</affiliation>
<role>
<roleTerm type="text">speaking</roleTerm>
</role>
<description>United States Congress Member</description>
</name>
<name type="personal">
<namePart>Brenda L. Lawrence</namePart>
<affiliation>United States House of Representatives</affiliation>
<role>
<roleTerm type="text">speaking</roleTerm>
</role>
<description>United States Congress Member</description>
</name>
<name type="personal">
<namePart>Barbara Lee</namePart>
<affiliation>United States House of Representatives</affiliation>
<role>
<roleTerm type="text">speaking</roleTerm>
</role>
<description>United States Congress Member</description>
</name>
<name type="personal">
<namePart>John Conyers, Jr.</namePart>
<affiliation>United States House of Representatives</affiliation>
<role>
<roleTerm type="text">speaking</roleTerm>
</role>
<description>United States Congress Member</description>
</name>
<name type="personal">
<namePart>Eddie Bernice Johnson</namePart>
<affiliation>United States House of Representatives</affiliation>
<role>
<roleTerm type="text">speaking</roleTerm>
</role>
<description>United States Congress Member</description>
</name>
<name type="corporate">
<namePart>United States</namePart>
<namePart>Congress</namePart>
<namePart>House of Representatives</namePart>
<namePart>Select Committee on Assassinations</namePart>
<role>
<roleTerm authority="marcrelator" type="text">associated name</roleTerm>
<roleTerm authority="marcrelator" type="code">asn</roleTerm>
</role>
<description>Government Organization</description>
</name>
<name type="corporate">
<namePart>United States</namePart>
<namePart>Congress</namePart>
<namePart>House of Representatives</namePart>
<namePart>Committee on the Judiciary</namePart>
<role>
<roleTerm authority="marcrelator" type="text">associated name</roleTerm>
<roleTerm authority="marcrelator" type="code">asn</roleTerm>
</role>
<description>Government Organization</description>
</name>
<identifier type="preferred citation">163 Cong. Rec. H8066</identifier>
<extension>
<searchTitle>CIVIL RIGHTS; Congressional Record Vol. 163, No. 170</searchTitle>
<granuleClass>HOUSE</granuleClass>
<accessId>CREC-2017-10-23-pt1-PgH8066-2</accessId>
<subGranuleClass>ALLOTHER</subGranuleClass>
<pagePrefix>H</pagePrefix>
<bookNumber>1</bookNumber>
<chamber>HOUSE</chamber>
<granuleDate>2017-10-23</granuleDate>
<time from="19:30:00" to="20:30:00"/>
<congCommittee authorityId="hlzc00" chamber="H" congress="96" type="L">
<name type="authority-standard">Select Committee on Assassinations</name>
<name type="authority-short">Assassinations</name>
</congCommittee>
<congCommittee authorityId="hsju00" chamber="H" congress="115" type="S">
<name type="authority-standard">Committee on the Judiciary</name>
<name type="authority-short">Judiciary</name>
</congCommittee>
<congMember authorityId="2166" bioGuideId="V000131" chamber="H" congress="115" party="D" role="SPEAKING" state="TX">
<name type="parsed">Mr. VEASEY</name>
<name type="authority-fnf">Marc A. Veasey</name>
<name type="authority-lnf">Veasey, Marc A.</name>
<name type="authority-other">Mr. Marc Veasey</name>
</congMember>
<congMember authorityId="208" bioGuideId="C000537" chamber="H" congress="115" gpoId="8146" party="D" role="SPEAKING" state="SC">
<name type="parsed">Mr. CLYBURN</name>
<name type="authority-fnf">James E. Clyburn</name>
<name type="authority-lnf">Clyburn, James E.</name>
<name type="authority-other">James Clyburn</name>
</congMember>
<congMember authorityId="588" bioGuideId="J000032" chamber="H" congress="115" gpoId="8174" party="D" role="SPEAKING" state="TX">
<name type="parsed">Ms. JACKSON LEE</name>
<name type="authority-fnf">Sheila Jackson Lee</name>
<name type="authority-lnf">Jackson Lee, Sheila</name>
</congMember>
<congMember authorityId="2097" bioGuideId="P000604" chamber="H" congress="115" gpoId="8373" party="D" role="SPEAKING" state="NJ">
<name type="parsed">Mr. PAYNE</name>
<name type="authority-fnf">Donald M. Payne, Jr.</name>
<name type="authority-lnf">Payne, Donald M., Jr.</name>
<name type="authority-other">Mr. Donald Payne Jr.</name>
</congMember>
<congMember authorityId="2252" bioGuideId="L000581" chamber="H" congress="115" party="D" role="SPEAKING" state="MI">
<name type="parsed">Mrs. LAWRENCE</name>
<name type="authority-fnf">Brenda L. Lawrence</name>
<name type="authority-lnf">Lawrence, Brenda L.</name>
<name type="authority-other">Mrs. Brenda Lawrence</name>
</congMember>
<congMember authorityId="1501" bioGuideId="L000551" chamber="H" congress="115" gpoId="7814" party="D" role="SPEAKING" state="CA">
<name type="parsed">Ms. LEE</name>
<name type="authority-fnf">Barbara Lee</name>
<name type="authority-lnf">Lee, Barbara</name>
</congMember>
<congMember authorityId="229" bioGuideId="C000714" chamber="H" congress="115" gpoId="7999" party="D" role="SPEAKING" state="MI">
<name type="parsed">Mr. CONYERS</name>
<name type="authority-fnf">John Conyers, Jr.</name>
<name type="authority-lnf">Conyers, John, Jr.</name>
<name type="authority-other">John Conyers Jr.</name>
</congMember>
<congMember authorityId="599" bioGuideId="J000126" chamber="H" congress="115" gpoId="8186" party="D" role="SPEAKING" state="TX">
<name type="parsed">Ms. EDDIE BERNICE JOHNSON of Texas</name>
<name type="authority-fnf">Eddie Bernice Johnson</name>
<name type="authority-lnf">Johnson, Eddie Bernice</name>
<name type="authority-other">Eddie Johnson</name>
</congMember>
</extension>
<relatedItem ID="P0b002ee1982573a8" type="host">
<titleInfo>
<title>Congressional Record</title>
<partNumber>Vol. 163, no. 170</partNumber>
</titleInfo>
<location>
<url access="object in context" displayLabel="Content Detail">https://www.gpo.gov/fdsys/pkg/CREC-2017-10-23/content-detail.html</url>
<url access="raw object" displayLabel="PDF rendition">https://www.gpo.gov/fdsys/pkg/CREC-2017-10-23/pdf/CREC-2017-10-23.pdf</url>
</location>
<part type="issue">
<extent unit="pages">
<start>H8045</start>
<end>H8077</end>
</extent>
<extent unit="pages">
<start>S6703</start>
<end>S6718</end>
</extent>
<extent unit="pages">
<start>E1399</start>
<end>E1406</end>
</extent>
<extent unit="pages">
<start>D1107</start>
<end>D1114</end>
</extent>
</part>
<originInfo>
<publisher>U.S. Government Publishing Office</publisher>
<dateIssued encoding="w3cdtf">2017-10-23</dateIssued>
<issuance>continuing</issuance>
<frequency authority="marcfrequency">daily</frequency>
</originInfo>
<physicalDescription>
<note type="source content type">deposited</note>
<digitalOrigin>born digital</digitalOrigin>
<extent>130 p.</extent>
</physicalDescription>
<classification authority="sudocs">X 1.1/A:</classification>
<classification authority="sudocs">X/A.</classification>
<identifier type="uri">https://www.gpo.gov/fdsys/pkg/CREC-2017-10-23</identifier>
<identifier type="local">P0b002ee1982573a8</identifier>
<identifier type="stock number">752-002-00000-2</identifier>
<identifier type="ILS system id">000568013</identifier>
<identifier type="former package identifier">CR23OC17</identifier>
<recordInfo>
<recordContentSource authority="marcorg">DGPO</recordContentSource>
<recordCreationDate encoding="w3cdtf">2018-01-30</recordCreationDate>
<recordChangeDate encoding="w3cdtf">2018-01-30</recordChangeDate>
<recordIdentifier source="DGPO">CREC-2017-10-23</recordIdentifier>
<recordOrigin>machine generated</recordOrigin>
<languageOfCataloging>
<languageTerm authority="iso639-2b" type="code">eng</languageTerm>
</languageOfCataloging>
</recordInfo>
<accessCondition type="GPO scope determination">fdlp</accessCondition>
<extension>
<docClass>CREC</docClass>
<accessId>CREC-2017-10-23</accessId>
<volume>163</volume>
<issue>170</issue>
<congress>115</congress>
<session>1</session>
<bookCount>1</bookCount>
</extension>
</relatedItem>
</mods>