<mods ID="id-CREC-2017-09-06-pt1-PgS5006" version="3.3" xmlns="http://www.loc.gov/mods/v3" xmlns:exslt="http://exslt.org/common" xmlns:xlink="http://www.w3.org/1999/xlink" xmlns:xsi="http://www.w3.org/2001/XMLSchema-instance" xsi:schemaLocation="http://www.loc.gov/mods/v3 http://www.loc.gov/standards/mods/v3/mods-3-3.xsd">
<name type="corporate">
<namePart>United States Government Publishing Office</namePart>
<role>
<roleTerm authority="marcrelator" type="text">publisher</roleTerm>
<roleTerm authority="marcrelator" type="code">pbl</roleTerm>
</role>
<role>
<roleTerm authority="marcrelator" type="text">distributor</roleTerm>
<roleTerm authority="marcrelator" type="code">dst</roleTerm>
</role>
</name>
<name type="corporate">
<namePart>United States</namePart>
<namePart>Congress</namePart>
<role>
<roleTerm authority="marcrelator" type="text">author</roleTerm>
<roleTerm authority="marcrelator" type="code">aut</roleTerm>
</role>
<description>Government Organization</description>
</name>
<typeOfResource>text</typeOfResource>
<genre authority="marcgt">government publication</genre>
<language>
<languageTerm authority="iso639-2b" type="code">eng</languageTerm>
</language>
<extension>
<collectionCode>CREC</collectionCode>
<category>Proceedings of Congress and General Congressional Publications</category>
<waisDatabaseName>2017_record</waisDatabaseName>
<branch>legislative</branch>
<dateIngested>2018-01-17</dateIngested>
</extension>
<titleInfo>
<title>STATEMENTS ON INTRODUCED BILLS AND JOINT RESOLUTIONS</title>
<partName>Senate</partName>
</titleInfo>
<relatedItem type="otherFormat" xlink:href="https://www.gpo.gov/fdsys/pkg/CREC-2017-09-06/html/CREC-2017-09-06-pt1-PgS5006.htm">
<identifier type="FDsys Unique ID">D09002ee1980417d2</identifier>
</relatedItem>
<relatedItem type="otherFormat" xlink:href="https://www.gpo.gov/fdsys/pkg/CREC-2017-09-06/pdf/CREC-2017-09-06-pt1-PgS5006.pdf">
<identifier type="FDsys Unique ID">D09002ee1980418c0</identifier>
</relatedItem>
<identifier type="congressional record citation">163 Cong. Rec. S5006</identifier>
<identifier type="uri">https://www.gpo.gov/fdsys/granule/CREC-2017-09-06/CREC-2017-09-06-pt1-PgS5006</identifier>
<identifier type="former granule identifier">cr06se17-143</identifier>
<location>
<url access="object in context" displayLabel="Content Detail">https://www.gpo.gov/fdsys/granule/CREC-2017-09-06/CREC-2017-09-06-pt1-PgS5006/content-detail.html</url>
<url access="raw object" displayLabel="PDF rendition">https://www.gpo.gov/fdsys/pkg/CREC-2017-09-06/pdf/CREC-2017-09-06-pt1-PgS5006.pdf</url>
<url access="raw object" displayLabel="HTML rendition">https://www.gpo.gov/fdsys/pkg/CREC-2017-09-06/html/CREC-2017-09-06-pt1-PgS5006.htm</url>
</location>
<physicalDescription>
<extent>1 p.</extent>
</physicalDescription>
<part type="article">
<extent unit="pages">
<start>S5006</start>
<end>S5006</end>
</extent>
</part>
<name type="personal">
<namePart>John Cornyn</namePart>
<affiliation>United States Senate</affiliation>
<role>
<roleTerm type="text">speaking</roleTerm>
</role>
<description>United States Congress Member</description>
</name>
<name type="personal">
<namePart>Mark R. Warner</namePart>
<affiliation>United States Senate</affiliation>
<role>
<roleTerm type="text">speaking</roleTerm>
</role>
<description>United States Congress Member</description>
</name>
<name type="corporate">
<namePart>United States</namePart>
<namePart>Congress</namePart>
<namePart>Senate</namePart>
<namePart>Committee on Judiciary</namePart>
<role>
<roleTerm authority="marcrelator" type="text">associated name</roleTerm>
<roleTerm authority="marcrelator" type="code">asn</roleTerm>
</role>
<description>Government Organization</description>
</name>
<identifier type="preferred citation">163 Cong. Rec. S5006</identifier>
<extension>
<searchTitle>STATEMENTS ON INTRODUCED BILLS AND JOINT RESOLUTIONS; Congressional Record Vol. 163, No. 143</searchTitle>
<associatedBills>S. 1766, 115th Congress
        </associatedBills>
<granuleClass>SENATE</granuleClass>
<accessId>CREC-2017-09-06-pt1-PgS5006</accessId>
<subGranuleClass>SSTATEMENTS</subGranuleClass>
<pagePrefix>S</pagePrefix>
<bookNumber>1</bookNumber>
<chamber>SENATE</chamber>
<granuleDate>2017-09-06</granuleDate>
<bill congress="115" context="OTHER" number="49" type="SJRES"/>
<bill congress="115" context="HEADERLINE" number="1766" type="S"/>
<bill congress="115" context="FIRSTPARAGRAPH" number="1766" type="S"/>
<bill congress="115" context="OTHER" number="1766" type="S"/>
<congCommittee authorityId="ssju00" chamber="S" congress="115" type="S">
<name type="authority-standard">Committee on Judiciary</name>
<name type="authority-short">Judiciary</name>
</congCommittee>
<congMember authorityId="1692" bioGuideId="C001056" chamber="S" congress="115" gpoId="8295" party="R" role="SPEAKING" state="TX">
<name type="parsed">Mr. CORNYN</name>
<name type="authority-fnf">John Cornyn</name>
<name type="authority-lnf">Cornyn, John</name>
</congMember>
<congMember authorityId="1897" bioGuideId="W000805" chamber="S" congress="115" gpoId="8269" party="D" role="SPEAKING" state="VA">
<name type="parsed">Mr. WARNER</name>
<name type="authority-fnf">Mark R. Warner</name>
<name type="authority-lnf">Warner, Mark R.</name>
<name type="authority-other">Mr. Mark Warner</name>
</congMember>
<law congress="113" isPrivate="false" number="4"/>
<USCode title="42">
<section detail="(c)(4)" number="14135"/>
<section detail="note" number="14135"/>
<section number="14136a"/>
</USCode>
<statuteAtLarge volume="127">
<pages pages="54"/>
</statuteAtLarge>
</extension>
<relatedItem type="isReferencedBy">
<titleInfo>
<title>United States Senate Joint Resolution 49  (115th Congress)</title>
</titleInfo>
<identifier type="Congressional Bill citation">S.J. Res. 49</identifier>
<extension>
<congress>115</congress>
<context>OTHER</context>
</extension>
</relatedItem>
<relatedItem type="isReferencedBy">
<titleInfo>
<title>United States Senate Bill 1766  (115th Congress)</title>
</titleInfo>
<identifier type="Congressional Bill citation">S. 1766</identifier>
<extension>
<congress>115</congress>
<context>HEADERLINE</context>
</extension>
</relatedItem>
<relatedItem type="isReferencedBy">
<titleInfo>
<title>United States Senate Bill 1766  (115th Congress)</title>
</titleInfo>
<identifier type="Congressional Bill citation">S. 1766</identifier>
<extension>
<congress>115</congress>
<context>FIRSTPARAGRAPH</context>
</extension>
</relatedItem>
<relatedItem type="isReferencedBy">
<titleInfo>
<title>United States Senate Bill 1766  (115th Congress)</title>
</titleInfo>
<identifier type="Congressional Bill citation">S. 1766</identifier>
<extension>
<congress>115</congress>
<context>OTHER</context>
</extension>
</relatedItem>
<relatedItem type="isReferencedBy">
<titleInfo>
<title>United States Code</title>
<partNumber>Title 42 Section 14135(c)(4)</partNumber>
<partNumber>Title 42 Section 14135note</partNumber>
<partNumber>Title 42 Section 14136a</partNumber>
</titleInfo>
<identifier type="USC citation">42 U.S.C. 14135(c)(4)</identifier>
<identifier type="USC citation">42 U.S.C. 14135note</identifier>
<identifier type="USC citation">42 U.S.C. 14136a</identifier>
</relatedItem>
<relatedItem type="isReferencedBy">
<titleInfo>
<title>United States Statutes at Large</title>
<partNumber>Volume 127 Page 54</partNumber>
</titleInfo>
<identifier type="Statute citation">127 Stat. 54</identifier>
</relatedItem>
<relatedItem>
<titleInfo>
<title>United States Public Law 113-4</title>
</titleInfo>
<identifier type="public law citation">Public Law 113-4</identifier>
</relatedItem>
<relatedItem ID="P0b002ee198037eac" type="host">
<titleInfo>
<title>Congressional Record</title>
<partNumber>Vol. 163, no. 143</partNumber>
</titleInfo>
<location>
<url access="object in context" displayLabel="Content Detail">https://www.gpo.gov/fdsys/pkg/CREC-2017-09-06/content-detail.html</url>
<url access="raw object" displayLabel="PDF rendition">https://www.gpo.gov/fdsys/pkg/CREC-2017-09-06/pdf/CREC-2017-09-06.pdf</url>
</location>
<part type="issue">
<extent unit="pages">
<start>H6657</start>
<end>H7090</end>
</extent>
<extent unit="pages">
<start>S4971</start>
<end>S5021</end>
</extent>
<extent unit="pages">
<start>E1165</start>
<end>E1172</end>
</extent>
<extent unit="pages">
<start>D922</start>
<end>D932</end>
</extent>
</part>
<originInfo>
<publisher>U.S. Government Publishing Office</publisher>
<dateIssued encoding="w3cdtf">2017-09-06</dateIssued>
<issuance>continuing</issuance>
<frequency authority="marcfrequency">daily</frequency>
</originInfo>
<physicalDescription>
<note type="source content type">deposited</note>
<digitalOrigin>born digital</digitalOrigin>
<extent>1008 p.</extent>
</physicalDescription>
<classification authority="sudocs">X 1.1/A:</classification>
<classification authority="sudocs">X/A.</classification>
<identifier type="uri">https://www.gpo.gov/fdsys/pkg/CREC-2017-09-06</identifier>
<identifier type="local">P0b002ee198037eac</identifier>
<identifier type="stock number">752-002-00000-2</identifier>
<identifier type="ILS system id">000568013</identifier>
<identifier type="former package identifier">cr06se17</identifier>
<recordInfo>
<recordContentSource authority="marcorg">DGPO</recordContentSource>
<recordCreationDate encoding="w3cdtf">2018-01-17</recordCreationDate>
<recordChangeDate encoding="w3cdtf">2018-01-17</recordChangeDate>
<recordIdentifier source="DGPO">CREC-2017-09-06</recordIdentifier>
<recordOrigin>machine generated</recordOrigin>
<languageOfCataloging>
<languageTerm authority="iso639-2b" type="code">eng</languageTerm>
</languageOfCataloging>
</recordInfo>
<accessCondition type="GPO scope determination">fdlp</accessCondition>
<extension>
<docClass>CREC</docClass>
<accessId>CREC-2017-09-06</accessId>
<volume>163</volume>
<issue>143</issue>
<congress>115</congress>
<session>1</session>
<bookCount>1</bookCount>
</extension>
</relatedItem>
</mods>