<mods ID="id-CREC-2017-11-16-pt1-PgS7303-2" version="3.3" xmlns="http://www.loc.gov/mods/v3" xmlns:exslt="http://exslt.org/common" xmlns:xlink="http://www.w3.org/1999/xlink" xmlns:xsi="http://www.w3.org/2001/XMLSchema-instance" xsi:schemaLocation="http://www.loc.gov/mods/v3 http://www.loc.gov/standards/mods/v3/mods-3-3.xsd">
<name type="corporate">
<namePart>United States Government Publishing Office</namePart>
<role>
<roleTerm authority="marcrelator" type="text">publisher</roleTerm>
<roleTerm authority="marcrelator" type="code">pbl</roleTerm>
</role>
<role>
<roleTerm authority="marcrelator" type="text">distributor</roleTerm>
<roleTerm authority="marcrelator" type="code">dst</roleTerm>
</role>
</name>
<name type="corporate">
<namePart>United States</namePart>
<namePart>Congress</namePart>
<role>
<roleTerm authority="marcrelator" type="text">author</roleTerm>
<roleTerm authority="marcrelator" type="code">aut</roleTerm>
</role>
<description>Government Organization</description>
</name>
<typeOfResource>text</typeOfResource>
<genre authority="marcgt">government publication</genre>
<language>
<languageTerm authority="iso639-2b" type="code">eng</languageTerm>
</language>
<extension>
<collectionCode>CREC</collectionCode>
<category>Proceedings of Congress and General Congressional Publications</category>
<waisDatabaseName>2017_record</waisDatabaseName>
<branch>legislative</branch>
<dateIngested>2018-02-24</dateIngested>
</extension>
<titleInfo>
<title>SENATE RESOLUTION 336--RECOGNIZING THE SERIOUSNESS OF POLYCYSTIC OVARY SYNDROME AND EXPRESSING SUPPORT FOR THE DESIGNATION OF THE MONTH OF SEPTEMBER 2018 AS ``POLYCYSTIC OVARY SYNDROME AWARENESS...</title>
<partName>Senate</partName>
</titleInfo>
<relatedItem type="otherFormat" xlink:href="https://www.gpo.gov/fdsys/pkg/CREC-2017-11-16/html/CREC-2017-11-16-pt1-PgS7303-2.htm">
<identifier type="FDsys Unique ID">D09002ee19891e0c0</identifier>
</relatedItem>
<relatedItem type="otherFormat" xlink:href="https://www.gpo.gov/fdsys/pkg/CREC-2017-11-16/pdf/CREC-2017-11-16-pt1-PgS7303-2.pdf">
<identifier type="FDsys Unique ID">D09002ee19891e5a2</identifier>
</relatedItem>
<identifier type="congressional record citation">163 Cong. Rec. S7303</identifier>
<identifier type="uri">https://www.gpo.gov/fdsys/granule/CREC-2017-11-16/CREC-2017-11-16-pt1-PgS7303-2</identifier>
<identifier type="former granule identifier">CR16NO17-190</identifier>
<location>
<url access="object in context" displayLabel="Content Detail">https://www.gpo.gov/fdsys/granule/CREC-2017-11-16/CREC-2017-11-16-pt1-PgS7303-2/content-detail.html</url>
<url access="raw object" displayLabel="PDF rendition">https://www.gpo.gov/fdsys/pkg/CREC-2017-11-16/pdf/CREC-2017-11-16-pt1-PgS7303-2.pdf</url>
<url access="raw object" displayLabel="HTML rendition">https://www.gpo.gov/fdsys/pkg/CREC-2017-11-16/html/CREC-2017-11-16-pt1-PgS7303-2.htm</url>
</location>
<physicalDescription>
<extent>1 p.</extent>
</physicalDescription>
<part type="article">
<extent unit="pages">
<start>S7303</start>
<end>S7303</end>
</extent>
</part>
<name type="corporate">
<namePart>United States</namePart>
<namePart>Congress</namePart>
<namePart>Senate</namePart>
<namePart>Committee on Health, Education, Labor, and Pensions</namePart>
<role>
<roleTerm authority="marcrelator" type="text">associated name</roleTerm>
<roleTerm authority="marcrelator" type="code">asn</roleTerm>
</role>
<description>Government Organization</description>
</name>
<identifier type="preferred citation">163 Cong. Rec. S7303</identifier>
<extension>
<searchTitle>SENATE RESOLUTION 336--RECOGNIZING THE SERIOUSNESS OF POLYCYSTIC OVARY SYNDROME AND EXPRESSING SUPPORT FOR THE DESIGNATION OF THE MONTH OF SEPTEMBER 2018 AS ``POLYCYSTIC OVARY SYNDROME AWARENESS...; Congressional Record Vol. 163, No. 188</searchTitle>
<associatedBills>S. Res. 336, 115th Congress
        </associatedBills>
<granuleClass>SENATE</granuleClass>
<accessId>CREC-2017-11-16-pt1-PgS7303-2</accessId>
<subGranuleClass>RECOGNIZING</subGranuleClass>
<pagePrefix>S</pagePrefix>
<bookNumber>1</bookNumber>
<chamber>SENATE</chamber>
<granuleDate>2017-11-16</granuleDate>
<bill congress="115" context="TITLE" number="336" type="SRES"/>
<bill congress="115" context="HEADERLINE" number="336" type="SRES"/>
<bill congress="115" context="OTHER" number="336" type="SRES"/>
<congCommittee authorityId="sshr00" chamber="S" congress="115" type="S">
<name type="authority-standard">Committee on Health, Education, Labor, and Pensions</name>
<name type="authority-short">HELP</name>
</congCommittee>
</extension>
<relatedItem type="isReferencedBy">
<titleInfo>
<title>United States Senate Resolution 336  (115th Congress)</title>
</titleInfo>
<identifier type="Congressional Bill citation">S. Res. 336</identifier>
<extension>
<congress>115</congress>
<context>TITLE</context>
</extension>
</relatedItem>
<relatedItem type="isReferencedBy">
<titleInfo>
<title>United States Senate Resolution 336  (115th Congress)</title>
</titleInfo>
<identifier type="Congressional Bill citation">S. Res. 336</identifier>
<extension>
<congress>115</congress>
<context>HEADERLINE</context>
</extension>
</relatedItem>
<relatedItem type="isReferencedBy">
<titleInfo>
<title>United States Senate Resolution 336  (115th Congress)</title>
</titleInfo>
<identifier type="Congressional Bill citation">S. Res. 336</identifier>
<extension>
<congress>115</congress>
<context>OTHER</context>
</extension>
</relatedItem>
<relatedItem ID="P0b002ee19891e12c" type="host">
<titleInfo>
<title>Congressional Record</title>
<partNumber>Vol. 163, no. 188</partNumber>
</titleInfo>
<location>
<url access="object in context" displayLabel="Content Detail">https://www.gpo.gov/fdsys/pkg/CREC-2017-11-16/content-detail.html</url>
<url access="raw object" displayLabel="PDF rendition">https://www.gpo.gov/fdsys/pkg/CREC-2017-11-16/pdf/CREC-2017-11-16.pdf</url>
</location>
<part type="issue">
<extent unit="pages">
<start>H9379</start>
<end>H9427</end>
</extent>
<extent unit="pages">
<start>S7269</start>
<end>S7312</end>
</extent>
<extent unit="pages">
<start>E1579</start>
<end>E1589</end>
</extent>
<extent unit="pages">
<start>D1230</start>
<end>D1234</end>
</extent>
</part>
<originInfo>
<publisher>U.S. Government Publishing Office</publisher>
<dateIssued encoding="w3cdtf">2017-11-16</dateIssued>
<issuance>continuing</issuance>
<frequency authority="marcfrequency">daily</frequency>
</originInfo>
<physicalDescription>
<note type="source content type">deposited</note>
<digitalOrigin>born digital</digitalOrigin>
<extent>218 p.</extent>
</physicalDescription>
<classification authority="sudocs">X 1.1/A:</classification>
<classification authority="sudocs">X/A.</classification>
<identifier type="uri">https://www.gpo.gov/fdsys/pkg/CREC-2017-11-16</identifier>
<identifier type="local">P0b002ee19891e12c</identifier>
<identifier type="stock number">752-002-00000-2</identifier>
<identifier type="ILS system id">000568013</identifier>
<identifier type="former package identifier">CR16NO17</identifier>
<recordInfo>
<recordContentSource authority="marcorg">DGPO</recordContentSource>
<recordCreationDate encoding="w3cdtf">2018-02-24</recordCreationDate>
<recordChangeDate encoding="w3cdtf">2018-02-24</recordChangeDate>
<recordIdentifier source="DGPO">CREC-2017-11-16</recordIdentifier>
<recordOrigin>machine generated</recordOrigin>
<languageOfCataloging>
<languageTerm authority="iso639-2b" type="code">eng</languageTerm>
</languageOfCataloging>
</recordInfo>
<accessCondition type="GPO scope determination">fdlp</accessCondition>
<extension>
<docClass>CREC</docClass>
<accessId>CREC-2017-11-16</accessId>
<volume>163</volume>
<issue>188</issue>
<congress>115</congress>
<session>1</session>
<bookCount>1</bookCount>
</extension>
</relatedItem>
</mods>