<mods ID="id-CREC-2017-10-24-pt1-PgH8144-18" version="3.3" xmlns="http://www.loc.gov/mods/v3" xmlns:exslt="http://exslt.org/common" xmlns:xlink="http://www.w3.org/1999/xlink" xmlns:xsi="http://www.w3.org/2001/XMLSchema-instance" xsi:schemaLocation="http://www.loc.gov/mods/v3 http://www.loc.gov/standards/mods/v3/mods-3-3.xsd">
<name type="corporate">
<namePart>United States Government Publishing Office</namePart>
<role>
<roleTerm authority="marcrelator" type="text">publisher</roleTerm>
<roleTerm authority="marcrelator" type="code">pbl</roleTerm>
</role>
<role>
<roleTerm authority="marcrelator" type="text">distributor</roleTerm>
<roleTerm authority="marcrelator" type="code">dst</roleTerm>
</role>
</name>
<name type="corporate">
<namePart>United States</namePart>
<namePart>Congress</namePart>
<role>
<roleTerm authority="marcrelator" type="text">author</roleTerm>
<roleTerm authority="marcrelator" type="code">aut</roleTerm>
</role>
<description>Government Organization</description>
</name>
<typeOfResource>text</typeOfResource>
<genre authority="marcgt">government publication</genre>
<language>
<languageTerm authority="iso639-2b" type="code">eng</languageTerm>
</language>
<extension>
<collectionCode>CREC</collectionCode>
<category>Proceedings of Congress and General Congressional Publications</category>
<waisDatabaseName>2017_record</waisDatabaseName>
<branch>legislative</branch>
<dateIngested>2018-01-27</dateIngested>
</extension>
<titleInfo>
<title>ADDITIONAL SPONSORS</title>
<partName>House</partName>
</titleInfo>
<relatedItem type="otherFormat" xlink:href="https://www.gpo.gov/fdsys/pkg/CREC-2017-10-24/html/CREC-2017-10-24-pt1-PgH8144-18.htm">
<identifier type="FDsys Unique ID">D09002ee19822221e</identifier>
</relatedItem>
<relatedItem type="otherFormat" xlink:href="https://www.gpo.gov/fdsys/pkg/CREC-2017-10-24/pdf/CREC-2017-10-24-pt1-PgH8144-18.pdf">
<identifier type="FDsys Unique ID">D09002ee198222325</identifier>
</relatedItem>
<identifier type="congressional record citation">163 Cong. Rec. H8144</identifier>
<identifier type="uri">https://www.gpo.gov/fdsys/granule/CREC-2017-10-24/CREC-2017-10-24-pt1-PgH8144-18</identifier>
<identifier type="former granule identifier">CR24OC17-156</identifier>
<location>
<url access="object in context" displayLabel="Content Detail">https://www.gpo.gov/fdsys/granule/CREC-2017-10-24/CREC-2017-10-24-pt1-PgH8144-18/content-detail.html</url>
<url access="raw object" displayLabel="PDF rendition">https://www.gpo.gov/fdsys/pkg/CREC-2017-10-24/pdf/CREC-2017-10-24-pt1-PgH8144-18.pdf</url>
<url access="raw object" displayLabel="HTML rendition">https://www.gpo.gov/fdsys/pkg/CREC-2017-10-24/html/CREC-2017-10-24-pt1-PgH8144-18.htm</url>
</location>
<physicalDescription>
<extent>2 p.</extent>
</physicalDescription>
<part type="article">
<extent unit="pages">
<start>H8144</start>
<end>H8145</end>
</extent>
</part>
<identifier type="preferred citation">163 Cong. Rec. H8144</identifier>
<extension>
<searchTitle>ADDITIONAL SPONSORS; Congressional Record Vol. 163, No. 171</searchTitle>
<granuleClass>HOUSE</granuleClass>
<accessId>CREC-2017-10-24-pt1-PgH8144-18</accessId>
<subGranuleClass>HADDSPONSORS</subGranuleClass>
<pagePrefix>H</pagePrefix>
<bookNumber>1</bookNumber>
<chamber>HOUSE</chamber>
<granuleDate>2017-10-24</granuleDate>
<time from="19:45:00" to="19:45:00"/>
<bill congress="115" context="OTHER" number="10" type="HCONRES"/>
<bill congress="115" context="OTHER" number="15" type="HRES"/>
<bill congress="115" context="OTHER" number="19" type="HR"/>
<bill congress="115" context="OTHER" number="35" type="HR"/>
<bill congress="115" context="OTHER" number="59" type="HCONRES"/>
<bill congress="115" context="OTHER" number="63" type="HCONRES"/>
<bill congress="115" context="OTHER" number="81" type="HCONRES"/>
<bill congress="115" context="OTHER" number="84" type="HCONRES"/>
<bill congress="115" context="OTHER" number="113" type="HR"/>
<bill congress="115" context="OTHER" number="142" type="HRES"/>
<bill congress="115" context="OTHER" number="149" type="HRES"/>
<bill congress="115" context="OTHER" number="154" type="HR"/>
<bill congress="115" context="OTHER" number="173" type="HR"/>
<bill congress="115" context="OTHER" number="188" type="HRES"/>
<bill congress="115" context="OTHER" number="220" type="HRES"/>
<bill congress="115" context="OTHER" number="233" type="HR"/>
<bill congress="115" context="OTHER" number="252" type="HR"/>
<bill congress="115" context="OTHER" number="283" type="HRES"/>
<bill congress="115" context="OTHER" number="299" type="HR"/>
<bill congress="115" context="OTHER" number="307" type="HRES"/>
<bill congress="115" context="OTHER" number="318" type="HRES"/>
<bill congress="115" context="OTHER" number="346" type="HRES"/>
<bill congress="115" context="OTHER" number="359" type="HRES"/>
<bill congress="115" context="OTHER" number="377" type="HR"/>
<bill congress="115" context="OTHER" number="380" type="HR"/>
<bill congress="115" context="OTHER" number="392" type="HR"/>
<bill congress="115" context="OTHER" number="422" type="HR"/>
<bill congress="115" context="OTHER" number="466" type="HRES"/>
<bill congress="115" context="OTHER" number="502" type="HR"/>
<bill congress="115" context="OTHER" number="529" type="HRES"/>
<bill congress="115" context="OTHER" number="556" type="HRES"/>
<bill congress="115" context="OTHER" number="557" type="HRES"/>
<bill congress="115" context="OTHER" number="565" type="HRES"/>
<bill congress="115" context="OTHER" number="571" type="HRES"/>
<bill congress="115" context="OTHER" number="579" type="HR"/>
<bill congress="115" context="OTHER" number="719" type="HR"/>
<bill congress="115" context="OTHER" number="741" type="HR"/>
<bill congress="115" context="OTHER" number="754" type="HR"/>
<bill congress="115" context="OTHER" number="757" type="HR"/>
<bill congress="115" context="OTHER" number="761" type="HR"/>
<bill congress="115" context="OTHER" number="782" type="HR"/>
<bill congress="115" context="OTHER" number="807" type="HR"/>
<bill congress="115" context="OTHER" number="811" type="HR"/>
<bill congress="115" context="OTHER" number="812" type="HR"/>
<bill congress="115" context="OTHER" number="821" type="HR"/>
<bill congress="115" context="OTHER" number="846" type="HR"/>
<bill congress="115" context="OTHER" number="860" type="HR"/>
<bill congress="115" context="OTHER" number="881" type="HR"/>
<bill congress="115" context="OTHER" number="918" type="HR"/>
<bill congress="115" context="OTHER" number="919" type="HR"/>
<bill congress="115" context="OTHER" number="1017" type="HR"/>
<bill congress="115" context="OTHER" number="1078" type="HR"/>
<bill congress="115" context="OTHER" number="1094" type="HR"/>
<bill congress="115" context="OTHER" number="1143" type="HR"/>
<bill congress="115" context="OTHER" number="1155" type="HR"/>
<bill congress="115" context="OTHER" number="1156" type="HR"/>
<bill congress="115" context="OTHER" number="1224" type="HR"/>
<bill congress="115" context="OTHER" number="1243" type="HR"/>
<bill congress="115" context="OTHER" number="1279" type="HR"/>
<bill congress="115" context="OTHER" number="1281" type="HR"/>
<bill congress="115" context="OTHER" number="1341" type="HR"/>
<bill congress="115" context="OTHER" number="1360" type="HR"/>
<bill congress="115" context="OTHER" number="1378" type="HR"/>
<bill congress="115" context="OTHER" number="1409" type="HR"/>
<bill congress="115" context="OTHER" number="1456" type="HR"/>
<bill congress="115" context="OTHER" number="1463" type="HR"/>
<bill congress="115" context="OTHER" number="1478" type="HR"/>
<bill congress="115" context="OTHER" number="1494" type="HR"/>
<bill congress="115" context="OTHER" number="1515" type="HR"/>
<bill congress="115" context="OTHER" number="1520" type="HR"/>
<bill congress="115" context="OTHER" number="1563" type="HR"/>
<bill congress="115" context="OTHER" number="1580" type="HR"/>
<bill congress="115" context="OTHER" number="1617" type="HR"/>
<bill congress="115" context="OTHER" number="1626" type="HR"/>
<bill congress="115" context="OTHER" number="1673" type="HR"/>
<bill congress="115" context="OTHER" number="1674" type="HR"/>
<bill congress="115" context="OTHER" number="1730" type="HR"/>
<bill congress="115" context="OTHER" number="1757" type="HR"/>
<bill congress="115" context="OTHER" number="1776" type="HR"/>
<bill congress="115" context="OTHER" number="1832" type="HR"/>
<bill congress="115" context="OTHER" number="1847" type="HR"/>
<bill congress="115" context="OTHER" number="1865" type="HR"/>
<bill congress="115" context="OTHER" number="1896" type="HR"/>
<bill congress="115" context="OTHER" number="1900" type="HR"/>
<bill congress="115" context="OTHER" number="2092" type="HR"/>
<bill congress="115" context="OTHER" number="2101" type="HR"/>
<bill congress="115" context="OTHER" number="2119" type="HR"/>
<bill congress="115" context="OTHER" number="2121" type="HR"/>
<bill congress="115" context="OTHER" number="2150" type="HR"/>
<bill congress="115" context="OTHER" number="2198" type="HR"/>
<bill congress="115" context="OTHER" number="2310" type="HR"/>
<bill congress="115" context="OTHER" number="2319" type="HR"/>
<bill congress="115" context="OTHER" number="2320" type="HR"/>
<bill congress="115" context="OTHER" number="2327" type="HR"/>
<bill congress="115" context="OTHER" number="2351" type="HR"/>
<bill congress="115" context="OTHER" number="2394" type="HR"/>
<bill congress="115" context="OTHER" number="2401" type="HR"/>
<bill congress="115" context="OTHER" number="2403" type="HR"/>
<bill congress="115" context="OTHER" number="2404" type="HR"/>
<bill congress="115" context="OTHER" number="2436" type="HR"/>
<bill congress="115" context="OTHER" number="2499" type="HR"/>
<bill congress="115" context="OTHER" number="2575" type="HR"/>
<bill congress="115" context="OTHER" number="2599" type="HR"/>
<bill congress="115" context="OTHER" number="2601" type="HR"/>
<bill congress="115" context="OTHER" number="2633" type="HR"/>
<bill congress="115" context="OTHER" number="2641" type="HR"/>
<bill congress="115" context="OTHER" number="2644" type="HR"/>
<bill congress="115" context="OTHER" number="2651" type="HR"/>
<bill congress="115" context="OTHER" number="2690" type="HR"/>
<bill congress="115" context="OTHER" number="2718" type="HR"/>
<bill congress="115" context="OTHER" number="2790" type="HR"/>
<bill congress="115" context="OTHER" number="2797" type="HR"/>
<bill congress="115" context="OTHER" number="2799" type="HR"/>
<bill congress="115" context="OTHER" number="2823" type="HR"/>
<bill congress="115" context="OTHER" number="2851" type="HR"/>
<bill congress="115" context="OTHER" number="2862" type="HR"/>
<bill congress="115" context="OTHER" number="2884" type="HR"/>
<bill congress="115" context="OTHER" number="2902" type="HR"/>
<bill congress="115" context="OTHER" number="2909" type="HR"/>
<bill congress="115" context="OTHER" number="2938" type="HR"/>
<bill congress="115" context="OTHER" number="2948" type="HR"/>
<bill congress="115" context="OTHER" number="2973" type="HR"/>
<bill congress="115" context="OTHER" number="2980" type="HR"/>
<bill congress="115" context="OTHER" number="2996" type="HR"/>
<bill congress="115" context="OTHER" number="3018" type="HR"/>
<bill congress="115" context="OTHER" number="3030" type="HR"/>
<bill congress="115" context="OTHER" number="3032" type="HR"/>
<bill congress="115" context="OTHER" number="3076" type="HR"/>
<bill congress="115" context="OTHER" number="3108" type="HR"/>
<bill congress="115" context="OTHER" number="3117" type="HR"/>
<bill congress="115" context="OTHER" number="3148" type="HR"/>
<bill congress="115" context="OTHER" number="3179" type="HR"/>
<bill congress="115" context="OTHER" number="3227" type="HR"/>
<bill congress="115" context="OTHER" number="3258" type="HR"/>
<bill congress="115" context="OTHER" number="3271" type="HR"/>
<bill congress="115" context="OTHER" number="3274" type="HR"/>
<bill congress="115" context="OTHER" number="3275" type="HR"/>
<bill congress="115" context="OTHER" number="3296" type="HR"/>
<bill congress="115" context="OTHER" number="3320" type="HR"/>
<bill congress="115" context="OTHER" number="3329" type="HR"/>
<bill congress="115" context="OTHER" number="3342" type="HR"/>
<bill congress="115" context="OTHER" number="3380" type="HR"/>
<bill congress="115" context="OTHER" number="3394" type="HR"/>
<bill congress="115" context="OTHER" number="3419" type="HR"/>
<bill congress="115" context="OTHER" number="3459" type="HR"/>
<bill congress="115" context="OTHER" number="3556" type="HR"/>
<bill congress="115" context="OTHER" number="3576" type="HR"/>
<bill congress="115" context="OTHER" number="3596" type="HR"/>
<bill congress="115" context="OTHER" number="3632" type="HR"/>
<bill congress="115" context="OTHER" number="3635" type="HR"/>
<bill congress="115" context="OTHER" number="3656" type="HR"/>
<bill congress="115" context="OTHER" number="3671" type="HR"/>
<bill congress="115" context="OTHER" number="3681" type="HR"/>
<bill congress="115" context="OTHER" number="3712" type="HR"/>
<bill congress="115" context="OTHER" number="3716" type="HR"/>
<bill congress="115" context="OTHER" number="3720" type="HR"/>
<bill congress="115" context="OTHER" number="3731" type="HR"/>
<bill congress="115" context="OTHER" number="3758" type="HR"/>
<bill congress="115" context="OTHER" number="3767" type="HR"/>
<bill congress="115" context="OTHER" number="3768" type="HR"/>
<bill congress="115" context="OTHER" number="3770" type="HR"/>
<bill congress="115" context="OTHER" number="3782" type="HR"/>
<bill congress="115" context="OTHER" number="3790" type="HR"/>
<bill congress="115" context="OTHER" number="3811" type="HR"/>
<bill congress="115" context="OTHER" number="3866" type="HR"/>
<bill congress="115" context="OTHER" number="3887" type="HR"/>
<bill congress="115" context="OTHER" number="3889" type="HR"/>
<bill congress="115" context="OTHER" number="3931" type="HR"/>
<bill congress="115" context="OTHER" number="3939" type="HR"/>
<bill congress="115" context="OTHER" number="3956" type="HR"/>
<bill congress="115" context="OTHER" number="3963" type="HR"/>
<bill congress="115" context="OTHER" number="3966" type="HR"/>
<bill congress="115" context="OTHER" number="3988" type="HR"/>
<bill congress="115" context="OTHER" number="4007" type="HR"/>
<bill congress="115" context="OTHER" number="4012" type="HR"/>
<bill congress="115" context="OTHER" number="4013" type="HR"/>
<bill congress="115" context="OTHER" number="4073" type="HR"/>
<bill congress="115" context="OTHER" number="4079" type="HR"/>
<bill congress="115" context="OTHER" number="4082" type="HR"/>
<bill congress="115" context="OTHER" number="4090" type="HR"/>
<bill congress="115" context="OTHER" number="4098" type="HR"/>
</extension>
<relatedItem type="isReferencedBy">
<titleInfo>
<title>United States House Concurrent Resolution 10  (115th Congress)</title>
</titleInfo>
<identifier type="Congressional Bill citation">H. Con. Res. 10</identifier>
<extension>
<congress>115</congress>
<context>OTHER</context>
</extension>
</relatedItem>
<relatedItem type="isReferencedBy">
<titleInfo>
<title>United States House Resolution 15  (115th Congress)</title>
</titleInfo>
<identifier type="Congressional Bill citation">H. Res. 15</identifier>
<extension>
<congress>115</congress>
<context>OTHER</context>
</extension>
</relatedItem>
<relatedItem type="isReferencedBy">
<titleInfo>
<title>United States House Bill 19  (115th Congress)</title>
</titleInfo>
<identifier type="Congressional Bill citation">H.R. 19</identifier>
<extension>
<congress>115</congress>
<context>OTHER</context>
</extension>
</relatedItem>
<relatedItem type="isReferencedBy">
<titleInfo>
<title>United States House Bill 35  (115th Congress)</title>
</titleInfo>
<identifier type="Congressional Bill citation">H.R. 35</identifier>
<extension>
<congress>115</congress>
<context>OTHER</context>
</extension>
</relatedItem>
<relatedItem type="isReferencedBy">
<titleInfo>
<title>United States House Concurrent Resolution 59  (115th Congress)</title>
</titleInfo>
<identifier type="Congressional Bill citation">H. Con. Res. 59</identifier>
<extension>
<congress>115</congress>
<context>OTHER</context>
</extension>
</relatedItem>
<relatedItem type="isReferencedBy">
<titleInfo>
<title>United States House Concurrent Resolution 63  (115th Congress)</title>
</titleInfo>
<identifier type="Congressional Bill citation">H. Con. Res. 63</identifier>
<extension>
<congress>115</congress>
<context>OTHER</context>
</extension>
</relatedItem>
<relatedItem type="isReferencedBy">
<titleInfo>
<title>United States House Concurrent Resolution 81  (115th Congress)</title>
</titleInfo>
<identifier type="Congressional Bill citation">H. Con. Res. 81</identifier>
<extension>
<congress>115</congress>
<context>OTHER</context>
</extension>
</relatedItem>
<relatedItem type="isReferencedBy">
<titleInfo>
<title>United States House Concurrent Resolution 84  (115th Congress)</title>
</titleInfo>
<identifier type="Congressional Bill citation">H. Con. Res. 84</identifier>
<extension>
<congress>115</congress>
<context>OTHER</context>
</extension>
</relatedItem>
<relatedItem type="isReferencedBy">
<titleInfo>
<title>United States House Bill 113  (115th Congress)</title>
</titleInfo>
<identifier type="Congressional Bill citation">H.R. 113</identifier>
<extension>
<congress>115</congress>
<context>OTHER</context>
</extension>
</relatedItem>
<relatedItem type="isReferencedBy">
<titleInfo>
<title>United States House Resolution 142  (115th Congress)</title>
</titleInfo>
<identifier type="Congressional Bill citation">H. Res. 142</identifier>
<extension>
<congress>115</congress>
<context>OTHER</context>
</extension>
</relatedItem>
<relatedItem type="isReferencedBy">
<titleInfo>
<title>United States House Resolution 149  (115th Congress)</title>
</titleInfo>
<identifier type="Congressional Bill citation">H. Res. 149</identifier>
<extension>
<congress>115</congress>
<context>OTHER</context>
</extension>
</relatedItem>
<relatedItem type="isReferencedBy">
<titleInfo>
<title>United States House Bill 154  (115th Congress)</title>
</titleInfo>
<identifier type="Congressional Bill citation">H.R. 154</identifier>
<extension>
<congress>115</congress>
<context>OTHER</context>
</extension>
</relatedItem>
<relatedItem type="isReferencedBy">
<titleInfo>
<title>United States House Bill 173  (115th Congress)</title>
</titleInfo>
<identifier type="Congressional Bill citation">H.R. 173</identifier>
<extension>
<congress>115</congress>
<context>OTHER</context>
</extension>
</relatedItem>
<relatedItem type="isReferencedBy">
<titleInfo>
<title>United States House Resolution 188  (115th Congress)</title>
</titleInfo>
<identifier type="Congressional Bill citation">H. Res. 188</identifier>
<extension>
<congress>115</congress>
<context>OTHER</context>
</extension>
</relatedItem>
<relatedItem type="isReferencedBy">
<titleInfo>
<title>United States House Resolution 220  (115th Congress)</title>
</titleInfo>
<identifier type="Congressional Bill citation">H. Res. 220</identifier>
<extension>
<congress>115</congress>
<context>OTHER</context>
</extension>
</relatedItem>
<relatedItem type="isReferencedBy">
<titleInfo>
<title>United States House Bill 233  (115th Congress)</title>
</titleInfo>
<identifier type="Congressional Bill citation">H.R. 233</identifier>
<extension>
<congress>115</congress>
<context>OTHER</context>
</extension>
</relatedItem>
<relatedItem type="isReferencedBy">
<titleInfo>
<title>United States House Bill 252  (115th Congress)</title>
</titleInfo>
<identifier type="Congressional Bill citation">H.R. 252</identifier>
<extension>
<congress>115</congress>
<context>OTHER</context>
</extension>
</relatedItem>
<relatedItem type="isReferencedBy">
<titleInfo>
<title>United States House Resolution 283  (115th Congress)</title>
</titleInfo>
<identifier type="Congressional Bill citation">H. Res. 283</identifier>
<extension>
<congress>115</congress>
<context>OTHER</context>
</extension>
</relatedItem>
<relatedItem type="isReferencedBy">
<titleInfo>
<title>United States House Bill 299  (115th Congress)</title>
</titleInfo>
<identifier type="Congressional Bill citation">H.R. 299</identifier>
<extension>
<congress>115</congress>
<context>OTHER</context>
</extension>
</relatedItem>
<relatedItem type="isReferencedBy">
<titleInfo>
<title>United States House Resolution 307  (115th Congress)</title>
</titleInfo>
<identifier type="Congressional Bill citation">H. Res. 307</identifier>
<extension>
<congress>115</congress>
<context>OTHER</context>
</extension>
</relatedItem>
<relatedItem type="isReferencedBy">
<titleInfo>
<title>United States House Resolution 318  (115th Congress)</title>
</titleInfo>
<identifier type="Congressional Bill citation">H. Res. 318</identifier>
<extension>
<congress>115</congress>
<context>OTHER</context>
</extension>
</relatedItem>
<relatedItem type="isReferencedBy">
<titleInfo>
<title>United States House Resolution 346  (115th Congress)</title>
</titleInfo>
<identifier type="Congressional Bill citation">H. Res. 346</identifier>
<extension>
<congress>115</congress>
<context>OTHER</context>
</extension>
</relatedItem>
<relatedItem type="isReferencedBy">
<titleInfo>
<title>United States House Resolution 359  (115th Congress)</title>
</titleInfo>
<identifier type="Congressional Bill citation">H. Res. 359</identifier>
<extension>
<congress>115</congress>
<context>OTHER</context>
</extension>
</relatedItem>
<relatedItem type="isReferencedBy">
<titleInfo>
<title>United States House Bill 377  (115th Congress)</title>
</titleInfo>
<identifier type="Congressional Bill citation">H.R. 377</identifier>
<extension>
<congress>115</congress>
<context>OTHER</context>
</extension>
</relatedItem>
<relatedItem type="isReferencedBy">
<titleInfo>
<title>United States House Bill 380  (115th Congress)</title>
</titleInfo>
<identifier type="Congressional Bill citation">H.R. 380</identifier>
<extension>
<congress>115</congress>
<context>OTHER</context>
</extension>
</relatedItem>
<relatedItem type="isReferencedBy">
<titleInfo>
<title>United States House Bill 392  (115th Congress)</title>
</titleInfo>
<identifier type="Congressional Bill citation">H.R. 392</identifier>
<extension>
<congress>115</congress>
<context>OTHER</context>
</extension>
</relatedItem>
<relatedItem type="isReferencedBy">
<titleInfo>
<title>United States House Bill 422  (115th Congress)</title>
</titleInfo>
<identifier type="Congressional Bill citation">H.R. 422</identifier>
<extension>
<congress>115</congress>
<context>OTHER</context>
</extension>
</relatedItem>
<relatedItem type="isReferencedBy">
<titleInfo>
<title>United States House Resolution 466  (115th Congress)</title>
</titleInfo>
<identifier type="Congressional Bill citation">H. Res. 466</identifier>
<extension>
<congress>115</congress>
<context>OTHER</context>
</extension>
</relatedItem>
<relatedItem type="isReferencedBy">
<titleInfo>
<title>United States House Bill 502  (115th Congress)</title>
</titleInfo>
<identifier type="Congressional Bill citation">H.R. 502</identifier>
<extension>
<congress>115</congress>
<context>OTHER</context>
</extension>
</relatedItem>
<relatedItem type="isReferencedBy">
<titleInfo>
<title>United States House Resolution 529  (115th Congress)</title>
</titleInfo>
<identifier type="Congressional Bill citation">H. Res. 529</identifier>
<extension>
<congress>115</congress>
<context>OTHER</context>
</extension>
</relatedItem>
<relatedItem type="isReferencedBy">
<titleInfo>
<title>United States House Resolution 556  (115th Congress)</title>
</titleInfo>
<identifier type="Congressional Bill citation">H. Res. 556</identifier>
<extension>
<congress>115</congress>
<context>OTHER</context>
</extension>
</relatedItem>
<relatedItem type="isReferencedBy">
<titleInfo>
<title>United States House Resolution 557  (115th Congress)</title>
</titleInfo>
<identifier type="Congressional Bill citation">H. Res. 557</identifier>
<extension>
<congress>115</congress>
<context>OTHER</context>
</extension>
</relatedItem>
<relatedItem type="isReferencedBy">
<titleInfo>
<title>United States House Resolution 565  (115th Congress)</title>
</titleInfo>
<identifier type="Congressional Bill citation">H. Res. 565</identifier>
<extension>
<congress>115</congress>
<context>OTHER</context>
</extension>
</relatedItem>
<relatedItem type="isReferencedBy">
<titleInfo>
<title>United States House Resolution 571  (115th Congress)</title>
</titleInfo>
<identifier type="Congressional Bill citation">H. Res. 571</identifier>
<extension>
<congress>115</congress>
<context>OTHER</context>
</extension>
</relatedItem>
<relatedItem type="isReferencedBy">
<titleInfo>
<title>United States House Bill 579  (115th Congress)</title>
</titleInfo>
<identifier type="Congressional Bill citation">H.R. 579</identifier>
<extension>
<congress>115</congress>
<context>OTHER</context>
</extension>
</relatedItem>
<relatedItem type="isReferencedBy">
<titleInfo>
<title>United States House Bill 719  (115th Congress)</title>
</titleInfo>
<identifier type="Congressional Bill citation">H.R. 719</identifier>
<extension>
<congress>115</congress>
<context>OTHER</context>
</extension>
</relatedItem>
<relatedItem type="isReferencedBy">
<titleInfo>
<title>United States House Bill 741  (115th Congress)</title>
</titleInfo>
<identifier type="Congressional Bill citation">H.R. 741</identifier>
<extension>
<congress>115</congress>
<context>OTHER</context>
</extension>
</relatedItem>
<relatedItem type="isReferencedBy">
<titleInfo>
<title>United States House Bill 754  (115th Congress)</title>
</titleInfo>
<identifier type="Congressional Bill citation">H.R. 754</identifier>
<extension>
<congress>115</congress>
<context>OTHER</context>
</extension>
</relatedItem>
<relatedItem type="isReferencedBy">
<titleInfo>
<title>United States House Bill 757  (115th Congress)</title>
</titleInfo>
<identifier type="Congressional Bill citation">H.R. 757</identifier>
<extension>
<congress>115</congress>
<context>OTHER</context>
</extension>
</relatedItem>
<relatedItem type="isReferencedBy">
<titleInfo>
<title>United States House Bill 761  (115th Congress)</title>
</titleInfo>
<identifier type="Congressional Bill citation">H.R. 761</identifier>
<extension>
<congress>115</congress>
<context>OTHER</context>
</extension>
</relatedItem>
<relatedItem type="isReferencedBy">
<titleInfo>
<title>United States House Bill 782  (115th Congress)</title>
</titleInfo>
<identifier type="Congressional Bill citation">H.R. 782</identifier>
<extension>
<congress>115</congress>
<context>OTHER</context>
</extension>
</relatedItem>
<relatedItem type="isReferencedBy">
<titleInfo>
<title>United States House Bill 807  (115th Congress)</title>
</titleInfo>
<identifier type="Congressional Bill citation">H.R. 807</identifier>
<extension>
<congress>115</congress>
<context>OTHER</context>
</extension>
</relatedItem>
<relatedItem type="isReferencedBy">
<titleInfo>
<title>United States House Bill 811  (115th Congress)</title>
</titleInfo>
<identifier type="Congressional Bill citation">H.R. 811</identifier>
<extension>
<congress>115</congress>
<context>OTHER</context>
</extension>
</relatedItem>
<relatedItem type="isReferencedBy">
<titleInfo>
<title>United States House Bill 812  (115th Congress)</title>
</titleInfo>
<identifier type="Congressional Bill citation">H.R. 812</identifier>
<extension>
<congress>115</congress>
<context>OTHER</context>
</extension>
</relatedItem>
<relatedItem type="isReferencedBy">
<titleInfo>
<title>United States House Bill 821  (115th Congress)</title>
</titleInfo>
<identifier type="Congressional Bill citation">H.R. 821</identifier>
<extension>
<congress>115</congress>
<context>OTHER</context>
</extension>
</relatedItem>
<relatedItem type="isReferencedBy">
<titleInfo>
<title>United States House Bill 846  (115th Congress)</title>
</titleInfo>
<identifier type="Congressional Bill citation">H.R. 846</identifier>
<extension>
<congress>115</congress>
<context>OTHER</context>
</extension>
</relatedItem>
<relatedItem type="isReferencedBy">
<titleInfo>
<title>United States House Bill 860  (115th Congress)</title>
</titleInfo>
<identifier type="Congressional Bill citation">H.R. 860</identifier>
<extension>
<congress>115</congress>
<context>OTHER</context>
</extension>
</relatedItem>
<relatedItem type="isReferencedBy">
<titleInfo>
<title>United States House Bill 881  (115th Congress)</title>
</titleInfo>
<identifier type="Congressional Bill citation">H.R. 881</identifier>
<extension>
<congress>115</congress>
<context>OTHER</context>
</extension>
</relatedItem>
<relatedItem type="isReferencedBy">
<titleInfo>
<title>United States House Bill 918  (115th Congress)</title>
</titleInfo>
<identifier type="Congressional Bill citation">H.R. 918</identifier>
<extension>
<congress>115</congress>
<context>OTHER</context>
</extension>
</relatedItem>
<relatedItem type="isReferencedBy">
<titleInfo>
<title>United States House Bill 919  (115th Congress)</title>
</titleInfo>
<identifier type="Congressional Bill citation">H.R. 919</identifier>
<extension>
<congress>115</congress>
<context>OTHER</context>
</extension>
</relatedItem>
<relatedItem type="isReferencedBy">
<titleInfo>
<title>United States House Bill 1017  (115th Congress)</title>
</titleInfo>
<identifier type="Congressional Bill citation">H.R. 1017</identifier>
<extension>
<congress>115</congress>
<context>OTHER</context>
</extension>
</relatedItem>
<relatedItem type="isReferencedBy">
<titleInfo>
<title>United States House Bill 1078  (115th Congress)</title>
</titleInfo>
<identifier type="Congressional Bill citation">H.R. 1078</identifier>
<extension>
<congress>115</congress>
<context>OTHER</context>
</extension>
</relatedItem>
<relatedItem type="isReferencedBy">
<titleInfo>
<title>United States House Bill 1094  (115th Congress)</title>
</titleInfo>
<identifier type="Congressional Bill citation">H.R. 1094</identifier>
<extension>
<congress>115</congress>
<context>OTHER</context>
</extension>
</relatedItem>
<relatedItem type="isReferencedBy">
<titleInfo>
<title>United States House Bill 1143  (115th Congress)</title>
</titleInfo>
<identifier type="Congressional Bill citation">H.R. 1143</identifier>
<extension>
<congress>115</congress>
<context>OTHER</context>
</extension>
</relatedItem>
<relatedItem type="isReferencedBy">
<titleInfo>
<title>United States House Bill 1155  (115th Congress)</title>
</titleInfo>
<identifier type="Congressional Bill citation">H.R. 1155</identifier>
<extension>
<congress>115</congress>
<context>OTHER</context>
</extension>
</relatedItem>
<relatedItem type="isReferencedBy">
<titleInfo>
<title>United States House Bill 1156  (115th Congress)</title>
</titleInfo>
<identifier type="Congressional Bill citation">H.R. 1156</identifier>
<extension>
<congress>115</congress>
<context>OTHER</context>
</extension>
</relatedItem>
<relatedItem type="isReferencedBy">
<titleInfo>
<title>United States House Bill 1224  (115th Congress)</title>
</titleInfo>
<identifier type="Congressional Bill citation">H.R. 1224</identifier>
<extension>
<congress>115</congress>
<context>OTHER</context>
</extension>
</relatedItem>
<relatedItem type="isReferencedBy">
<titleInfo>
<title>United States House Bill 1243  (115th Congress)</title>
</titleInfo>
<identifier type="Congressional Bill citation">H.R. 1243</identifier>
<extension>
<congress>115</congress>
<context>OTHER</context>
</extension>
</relatedItem>
<relatedItem type="isReferencedBy">
<titleInfo>
<title>United States House Bill 1279  (115th Congress)</title>
</titleInfo>
<identifier type="Congressional Bill citation">H.R. 1279</identifier>
<extension>
<congress>115</congress>
<context>OTHER</context>
</extension>
</relatedItem>
<relatedItem type="isReferencedBy">
<titleInfo>
<title>United States House Bill 1281  (115th Congress)</title>
</titleInfo>
<identifier type="Congressional Bill citation">H.R. 1281</identifier>
<extension>
<congress>115</congress>
<context>OTHER</context>
</extension>
</relatedItem>
<relatedItem type="isReferencedBy">
<titleInfo>
<title>United States House Bill 1341  (115th Congress)</title>
</titleInfo>
<identifier type="Congressional Bill citation">H.R. 1341</identifier>
<extension>
<congress>115</congress>
<context>OTHER</context>
</extension>
</relatedItem>
<relatedItem type="isReferencedBy">
<titleInfo>
<title>United States House Bill 1360  (115th Congress)</title>
</titleInfo>
<identifier type="Congressional Bill citation">H.R. 1360</identifier>
<extension>
<congress>115</congress>
<context>OTHER</context>
</extension>
</relatedItem>
<relatedItem type="isReferencedBy">
<titleInfo>
<title>United States House Bill 1378  (115th Congress)</title>
</titleInfo>
<identifier type="Congressional Bill citation">H.R. 1378</identifier>
<extension>
<congress>115</congress>
<context>OTHER</context>
</extension>
</relatedItem>
<relatedItem type="isReferencedBy">
<titleInfo>
<title>United States House Bill 1409  (115th Congress)</title>
</titleInfo>
<identifier type="Congressional Bill citation">H.R. 1409</identifier>
<extension>
<congress>115</congress>
<context>OTHER</context>
</extension>
</relatedItem>
<relatedItem type="isReferencedBy">
<titleInfo>
<title>United States House Bill 1456  (115th Congress)</title>
</titleInfo>
<identifier type="Congressional Bill citation">H.R. 1456</identifier>
<extension>
<congress>115</congress>
<context>OTHER</context>
</extension>
</relatedItem>
<relatedItem type="isReferencedBy">
<titleInfo>
<title>United States House Bill 1463  (115th Congress)</title>
</titleInfo>
<identifier type="Congressional Bill citation">H.R. 1463</identifier>
<extension>
<congress>115</congress>
<context>OTHER</context>
</extension>
</relatedItem>
<relatedItem type="isReferencedBy">
<titleInfo>
<title>United States House Bill 1478  (115th Congress)</title>
</titleInfo>
<identifier type="Congressional Bill citation">H.R. 1478</identifier>
<extension>
<congress>115</congress>
<context>OTHER</context>
</extension>
</relatedItem>
<relatedItem type="isReferencedBy">
<titleInfo>
<title>United States House Bill 1494  (115th Congress)</title>
</titleInfo>
<identifier type="Congressional Bill citation">H.R. 1494</identifier>
<extension>
<congress>115</congress>
<context>OTHER</context>
</extension>
</relatedItem>
<relatedItem type="isReferencedBy">
<titleInfo>
<title>United States House Bill 1515  (115th Congress)</title>
</titleInfo>
<identifier type="Congressional Bill citation">H.R. 1515</identifier>
<extension>
<congress>115</congress>
<context>OTHER</context>
</extension>
</relatedItem>
<relatedItem type="isReferencedBy">
<titleInfo>
<title>United States House Bill 1520  (115th Congress)</title>
</titleInfo>
<identifier type="Congressional Bill citation">H.R. 1520</identifier>
<extension>
<congress>115</congress>
<context>OTHER</context>
</extension>
</relatedItem>
<relatedItem type="isReferencedBy">
<titleInfo>
<title>United States House Bill 1563  (115th Congress)</title>
</titleInfo>
<identifier type="Congressional Bill citation">H.R. 1563</identifier>
<extension>
<congress>115</congress>
<context>OTHER</context>
</extension>
</relatedItem>
<relatedItem type="isReferencedBy">
<titleInfo>
<title>United States House Bill 1580  (115th Congress)</title>
</titleInfo>
<identifier type="Congressional Bill citation">H.R. 1580</identifier>
<extension>
<congress>115</congress>
<context>OTHER</context>
</extension>
</relatedItem>
<relatedItem type="isReferencedBy">
<titleInfo>
<title>United States House Bill 1617  (115th Congress)</title>
</titleInfo>
<identifier type="Congressional Bill citation">H.R. 1617</identifier>
<extension>
<congress>115</congress>
<context>OTHER</context>
</extension>
</relatedItem>
<relatedItem type="isReferencedBy">
<titleInfo>
<title>United States House Bill 1626  (115th Congress)</title>
</titleInfo>
<identifier type="Congressional Bill citation">H.R. 1626</identifier>
<extension>
<congress>115</congress>
<context>OTHER</context>
</extension>
</relatedItem>
<relatedItem type="isReferencedBy">
<titleInfo>
<title>United States House Bill 1673  (115th Congress)</title>
</titleInfo>
<identifier type="Congressional Bill citation">H.R. 1673</identifier>
<extension>
<congress>115</congress>
<context>OTHER</context>
</extension>
</relatedItem>
<relatedItem type="isReferencedBy">
<titleInfo>
<title>United States House Bill 1674  (115th Congress)</title>
</titleInfo>
<identifier type="Congressional Bill citation">H.R. 1674</identifier>
<extension>
<congress>115</congress>
<context>OTHER</context>
</extension>
</relatedItem>
<relatedItem type="isReferencedBy">
<titleInfo>
<title>United States House Bill 1730  (115th Congress)</title>
</titleInfo>
<identifier type="Congressional Bill citation">H.R. 1730</identifier>
<extension>
<congress>115</congress>
<context>OTHER</context>
</extension>
</relatedItem>
<relatedItem type="isReferencedBy">
<titleInfo>
<title>United States House Bill 1757  (115th Congress)</title>
</titleInfo>
<identifier type="Congressional Bill citation">H.R. 1757</identifier>
<extension>
<congress>115</congress>
<context>OTHER</context>
</extension>
</relatedItem>
<relatedItem type="isReferencedBy">
<titleInfo>
<title>United States House Bill 1776  (115th Congress)</title>
</titleInfo>
<identifier type="Congressional Bill citation">H.R. 1776</identifier>
<extension>
<congress>115</congress>
<context>OTHER</context>
</extension>
</relatedItem>
<relatedItem type="isReferencedBy">
<titleInfo>
<title>United States House Bill 1832  (115th Congress)</title>
</titleInfo>
<identifier type="Congressional Bill citation">H.R. 1832</identifier>
<extension>
<congress>115</congress>
<context>OTHER</context>
</extension>
</relatedItem>
<relatedItem type="isReferencedBy">
<titleInfo>
<title>United States House Bill 1847  (115th Congress)</title>
</titleInfo>
<identifier type="Congressional Bill citation">H.R. 1847</identifier>
<extension>
<congress>115</congress>
<context>OTHER</context>
</extension>
</relatedItem>
<relatedItem type="isReferencedBy">
<titleInfo>
<title>United States House Bill 1865  (115th Congress)</title>
</titleInfo>
<identifier type="Congressional Bill citation">H.R. 1865</identifier>
<extension>
<congress>115</congress>
<context>OTHER</context>
</extension>
</relatedItem>
<relatedItem type="isReferencedBy">
<titleInfo>
<title>United States House Bill 1896  (115th Congress)</title>
</titleInfo>
<identifier type="Congressional Bill citation">H.R. 1896</identifier>
<extension>
<congress>115</congress>
<context>OTHER</context>
</extension>
</relatedItem>
<relatedItem type="isReferencedBy">
<titleInfo>
<title>United States House Bill 1900  (115th Congress)</title>
</titleInfo>
<identifier type="Congressional Bill citation">H.R. 1900</identifier>
<extension>
<congress>115</congress>
<context>OTHER</context>
</extension>
</relatedItem>
<relatedItem type="isReferencedBy">
<titleInfo>
<title>United States House Bill 2092  (115th Congress)</title>
</titleInfo>
<identifier type="Congressional Bill citation">H.R. 2092</identifier>
<extension>
<congress>115</congress>
<context>OTHER</context>
</extension>
</relatedItem>
<relatedItem type="isReferencedBy">
<titleInfo>
<title>United States House Bill 2101  (115th Congress)</title>
</titleInfo>
<identifier type="Congressional Bill citation">H.R. 2101</identifier>
<extension>
<congress>115</congress>
<context>OTHER</context>
</extension>
</relatedItem>
<relatedItem type="isReferencedBy">
<titleInfo>
<title>United States House Bill 2119  (115th Congress)</title>
</titleInfo>
<identifier type="Congressional Bill citation">H.R. 2119</identifier>
<extension>
<congress>115</congress>
<context>OTHER</context>
</extension>
</relatedItem>
<relatedItem type="isReferencedBy">
<titleInfo>
<title>United States House Bill 2121  (115th Congress)</title>
</titleInfo>
<identifier type="Congressional Bill citation">H.R. 2121</identifier>
<extension>
<congress>115</congress>
<context>OTHER</context>
</extension>
</relatedItem>
<relatedItem type="isReferencedBy">
<titleInfo>
<title>United States House Bill 2150  (115th Congress)</title>
</titleInfo>
<identifier type="Congressional Bill citation">H.R. 2150</identifier>
<extension>
<congress>115</congress>
<context>OTHER</context>
</extension>
</relatedItem>
<relatedItem type="isReferencedBy">
<titleInfo>
<title>United States House Bill 2198  (115th Congress)</title>
</titleInfo>
<identifier type="Congressional Bill citation">H.R. 2198</identifier>
<extension>
<congress>115</congress>
<context>OTHER</context>
</extension>
</relatedItem>
<relatedItem type="isReferencedBy">
<titleInfo>
<title>United States House Bill 2310  (115th Congress)</title>
</titleInfo>
<identifier type="Congressional Bill citation">H.R. 2310</identifier>
<extension>
<congress>115</congress>
<context>OTHER</context>
</extension>
</relatedItem>
<relatedItem type="isReferencedBy">
<titleInfo>
<title>United States House Bill 2319  (115th Congress)</title>
</titleInfo>
<identifier type="Congressional Bill citation">H.R. 2319</identifier>
<extension>
<congress>115</congress>
<context>OTHER</context>
</extension>
</relatedItem>
<relatedItem type="isReferencedBy">
<titleInfo>
<title>United States House Bill 2320  (115th Congress)</title>
</titleInfo>
<identifier type="Congressional Bill citation">H.R. 2320</identifier>
<extension>
<congress>115</congress>
<context>OTHER</context>
</extension>
</relatedItem>
<relatedItem type="isReferencedBy">
<titleInfo>
<title>United States House Bill 2327  (115th Congress)</title>
</titleInfo>
<identifier type="Congressional Bill citation">H.R. 2327</identifier>
<extension>
<congress>115</congress>
<context>OTHER</context>
</extension>
</relatedItem>
<relatedItem type="isReferencedBy">
<titleInfo>
<title>United States House Bill 2351  (115th Congress)</title>
</titleInfo>
<identifier type="Congressional Bill citation">H.R. 2351</identifier>
<extension>
<congress>115</congress>
<context>OTHER</context>
</extension>
</relatedItem>
<relatedItem type="isReferencedBy">
<titleInfo>
<title>United States House Bill 2394  (115th Congress)</title>
</titleInfo>
<identifier type="Congressional Bill citation">H.R. 2394</identifier>
<extension>
<congress>115</congress>
<context>OTHER</context>
</extension>
</relatedItem>
<relatedItem type="isReferencedBy">
<titleInfo>
<title>United States House Bill 2401  (115th Congress)</title>
</titleInfo>
<identifier type="Congressional Bill citation">H.R. 2401</identifier>
<extension>
<congress>115</congress>
<context>OTHER</context>
</extension>
</relatedItem>
<relatedItem type="isReferencedBy">
<titleInfo>
<title>United States House Bill 2403  (115th Congress)</title>
</titleInfo>
<identifier type="Congressional Bill citation">H.R. 2403</identifier>
<extension>
<congress>115</congress>
<context>OTHER</context>
</extension>
</relatedItem>
<relatedItem type="isReferencedBy">
<titleInfo>
<title>United States House Bill 2404  (115th Congress)</title>
</titleInfo>
<identifier type="Congressional Bill citation">H.R. 2404</identifier>
<extension>
<congress>115</congress>
<context>OTHER</context>
</extension>
</relatedItem>
<relatedItem type="isReferencedBy">
<titleInfo>
<title>United States House Bill 2436  (115th Congress)</title>
</titleInfo>
<identifier type="Congressional Bill citation">H.R. 2436</identifier>
<extension>
<congress>115</congress>
<context>OTHER</context>
</extension>
</relatedItem>
<relatedItem type="isReferencedBy">
<titleInfo>
<title>United States House Bill 2499  (115th Congress)</title>
</titleInfo>
<identifier type="Congressional Bill citation">H.R. 2499</identifier>
<extension>
<congress>115</congress>
<context>OTHER</context>
</extension>
</relatedItem>
<relatedItem type="isReferencedBy">
<titleInfo>
<title>United States House Bill 2575  (115th Congress)</title>
</titleInfo>
<identifier type="Congressional Bill citation">H.R. 2575</identifier>
<extension>
<congress>115</congress>
<context>OTHER</context>
</extension>
</relatedItem>
<relatedItem type="isReferencedBy">
<titleInfo>
<title>United States House Bill 2599  (115th Congress)</title>
</titleInfo>
<identifier type="Congressional Bill citation">H.R. 2599</identifier>
<extension>
<congress>115</congress>
<context>OTHER</context>
</extension>
</relatedItem>
<relatedItem type="isReferencedBy">
<titleInfo>
<title>United States House Bill 2601  (115th Congress)</title>
</titleInfo>
<identifier type="Congressional Bill citation">H.R. 2601</identifier>
<extension>
<congress>115</congress>
<context>OTHER</context>
</extension>
</relatedItem>
<relatedItem type="isReferencedBy">
<titleInfo>
<title>United States House Bill 2633  (115th Congress)</title>
</titleInfo>
<identifier type="Congressional Bill citation">H.R. 2633</identifier>
<extension>
<congress>115</congress>
<context>OTHER</context>
</extension>
</relatedItem>
<relatedItem type="isReferencedBy">
<titleInfo>
<title>United States House Bill 2641  (115th Congress)</title>
</titleInfo>
<identifier type="Congressional Bill citation">H.R. 2641</identifier>
<extension>
<congress>115</congress>
<context>OTHER</context>
</extension>
</relatedItem>
<relatedItem type="isReferencedBy">
<titleInfo>
<title>United States House Bill 2644  (115th Congress)</title>
</titleInfo>
<identifier type="Congressional Bill citation">H.R. 2644</identifier>
<extension>
<congress>115</congress>
<context>OTHER</context>
</extension>
</relatedItem>
<relatedItem type="isReferencedBy">
<titleInfo>
<title>United States House Bill 2651  (115th Congress)</title>
</titleInfo>
<identifier type="Congressional Bill citation">H.R. 2651</identifier>
<extension>
<congress>115</congress>
<context>OTHER</context>
</extension>
</relatedItem>
<relatedItem type="isReferencedBy">
<titleInfo>
<title>United States House Bill 2690  (115th Congress)</title>
</titleInfo>
<identifier type="Congressional Bill citation">H.R. 2690</identifier>
<extension>
<congress>115</congress>
<context>OTHER</context>
</extension>
</relatedItem>
<relatedItem type="isReferencedBy">
<titleInfo>
<title>United States House Bill 2718  (115th Congress)</title>
</titleInfo>
<identifier type="Congressional Bill citation">H.R. 2718</identifier>
<extension>
<congress>115</congress>
<context>OTHER</context>
</extension>
</relatedItem>
<relatedItem type="isReferencedBy">
<titleInfo>
<title>United States House Bill 2790  (115th Congress)</title>
</titleInfo>
<identifier type="Congressional Bill citation">H.R. 2790</identifier>
<extension>
<congress>115</congress>
<context>OTHER</context>
</extension>
</relatedItem>
<relatedItem type="isReferencedBy">
<titleInfo>
<title>United States House Bill 2797  (115th Congress)</title>
</titleInfo>
<identifier type="Congressional Bill citation">H.R. 2797</identifier>
<extension>
<congress>115</congress>
<context>OTHER</context>
</extension>
</relatedItem>
<relatedItem type="isReferencedBy">
<titleInfo>
<title>United States House Bill 2799  (115th Congress)</title>
</titleInfo>
<identifier type="Congressional Bill citation">H.R. 2799</identifier>
<extension>
<congress>115</congress>
<context>OTHER</context>
</extension>
</relatedItem>
<relatedItem type="isReferencedBy">
<titleInfo>
<title>United States House Bill 2823  (115th Congress)</title>
</titleInfo>
<identifier type="Congressional Bill citation">H.R. 2823</identifier>
<extension>
<congress>115</congress>
<context>OTHER</context>
</extension>
</relatedItem>
<relatedItem type="isReferencedBy">
<titleInfo>
<title>United States House Bill 2851  (115th Congress)</title>
</titleInfo>
<identifier type="Congressional Bill citation">H.R. 2851</identifier>
<extension>
<congress>115</congress>
<context>OTHER</context>
</extension>
</relatedItem>
<relatedItem type="isReferencedBy">
<titleInfo>
<title>United States House Bill 2862  (115th Congress)</title>
</titleInfo>
<identifier type="Congressional Bill citation">H.R. 2862</identifier>
<extension>
<congress>115</congress>
<context>OTHER</context>
</extension>
</relatedItem>
<relatedItem type="isReferencedBy">
<titleInfo>
<title>United States House Bill 2884  (115th Congress)</title>
</titleInfo>
<identifier type="Congressional Bill citation">H.R. 2884</identifier>
<extension>
<congress>115</congress>
<context>OTHER</context>
</extension>
</relatedItem>
<relatedItem type="isReferencedBy">
<titleInfo>
<title>United States House Bill 2902  (115th Congress)</title>
</titleInfo>
<identifier type="Congressional Bill citation">H.R. 2902</identifier>
<extension>
<congress>115</congress>
<context>OTHER</context>
</extension>
</relatedItem>
<relatedItem type="isReferencedBy">
<titleInfo>
<title>United States House Bill 2909  (115th Congress)</title>
</titleInfo>
<identifier type="Congressional Bill citation">H.R. 2909</identifier>
<extension>
<congress>115</congress>
<context>OTHER</context>
</extension>
</relatedItem>
<relatedItem type="isReferencedBy">
<titleInfo>
<title>United States House Bill 2938  (115th Congress)</title>
</titleInfo>
<identifier type="Congressional Bill citation">H.R. 2938</identifier>
<extension>
<congress>115</congress>
<context>OTHER</context>
</extension>
</relatedItem>
<relatedItem type="isReferencedBy">
<titleInfo>
<title>United States House Bill 2948  (115th Congress)</title>
</titleInfo>
<identifier type="Congressional Bill citation">H.R. 2948</identifier>
<extension>
<congress>115</congress>
<context>OTHER</context>
</extension>
</relatedItem>
<relatedItem type="isReferencedBy">
<titleInfo>
<title>United States House Bill 2973  (115th Congress)</title>
</titleInfo>
<identifier type="Congressional Bill citation">H.R. 2973</identifier>
<extension>
<congress>115</congress>
<context>OTHER</context>
</extension>
</relatedItem>
<relatedItem type="isReferencedBy">
<titleInfo>
<title>United States House Bill 2980  (115th Congress)</title>
</titleInfo>
<identifier type="Congressional Bill citation">H.R. 2980</identifier>
<extension>
<congress>115</congress>
<context>OTHER</context>
</extension>
</relatedItem>
<relatedItem type="isReferencedBy">
<titleInfo>
<title>United States House Bill 2996  (115th Congress)</title>
</titleInfo>
<identifier type="Congressional Bill citation">H.R. 2996</identifier>
<extension>
<congress>115</congress>
<context>OTHER</context>
</extension>
</relatedItem>
<relatedItem type="isReferencedBy">
<titleInfo>
<title>United States House Bill 3018  (115th Congress)</title>
</titleInfo>
<identifier type="Congressional Bill citation">H.R. 3018</identifier>
<extension>
<congress>115</congress>
<context>OTHER</context>
</extension>
</relatedItem>
<relatedItem type="isReferencedBy">
<titleInfo>
<title>United States House Bill 3030  (115th Congress)</title>
</titleInfo>
<identifier type="Congressional Bill citation">H.R. 3030</identifier>
<extension>
<congress>115</congress>
<context>OTHER</context>
</extension>
</relatedItem>
<relatedItem type="isReferencedBy">
<titleInfo>
<title>United States House Bill 3032  (115th Congress)</title>
</titleInfo>
<identifier type="Congressional Bill citation">H.R. 3032</identifier>
<extension>
<congress>115</congress>
<context>OTHER</context>
</extension>
</relatedItem>
<relatedItem type="isReferencedBy">
<titleInfo>
<title>United States House Bill 3076  (115th Congress)</title>
</titleInfo>
<identifier type="Congressional Bill citation">H.R. 3076</identifier>
<extension>
<congress>115</congress>
<context>OTHER</context>
</extension>
</relatedItem>
<relatedItem type="isReferencedBy">
<titleInfo>
<title>United States House Bill 3108  (115th Congress)</title>
</titleInfo>
<identifier type="Congressional Bill citation">H.R. 3108</identifier>
<extension>
<congress>115</congress>
<context>OTHER</context>
</extension>
</relatedItem>
<relatedItem type="isReferencedBy">
<titleInfo>
<title>United States House Bill 3117  (115th Congress)</title>
</titleInfo>
<identifier type="Congressional Bill citation">H.R. 3117</identifier>
<extension>
<congress>115</congress>
<context>OTHER</context>
</extension>
</relatedItem>
<relatedItem type="isReferencedBy">
<titleInfo>
<title>United States House Bill 3148  (115th Congress)</title>
</titleInfo>
<identifier type="Congressional Bill citation">H.R. 3148</identifier>
<extension>
<congress>115</congress>
<context>OTHER</context>
</extension>
</relatedItem>
<relatedItem type="isReferencedBy">
<titleInfo>
<title>United States House Bill 3179  (115th Congress)</title>
</titleInfo>
<identifier type="Congressional Bill citation">H.R. 3179</identifier>
<extension>
<congress>115</congress>
<context>OTHER</context>
</extension>
</relatedItem>
<relatedItem type="isReferencedBy">
<titleInfo>
<title>United States House Bill 3227  (115th Congress)</title>
</titleInfo>
<identifier type="Congressional Bill citation">H.R. 3227</identifier>
<extension>
<congress>115</congress>
<context>OTHER</context>
</extension>
</relatedItem>
<relatedItem type="isReferencedBy">
<titleInfo>
<title>United States House Bill 3258  (115th Congress)</title>
</titleInfo>
<identifier type="Congressional Bill citation">H.R. 3258</identifier>
<extension>
<congress>115</congress>
<context>OTHER</context>
</extension>
</relatedItem>
<relatedItem type="isReferencedBy">
<titleInfo>
<title>United States House Bill 3271  (115th Congress)</title>
</titleInfo>
<identifier type="Congressional Bill citation">H.R. 3271</identifier>
<extension>
<congress>115</congress>
<context>OTHER</context>
</extension>
</relatedItem>
<relatedItem type="isReferencedBy">
<titleInfo>
<title>United States House Bill 3274  (115th Congress)</title>
</titleInfo>
<identifier type="Congressional Bill citation">H.R. 3274</identifier>
<extension>
<congress>115</congress>
<context>OTHER</context>
</extension>
</relatedItem>
<relatedItem type="isReferencedBy">
<titleInfo>
<title>United States House Bill 3275  (115th Congress)</title>
</titleInfo>
<identifier type="Congressional Bill citation">H.R. 3275</identifier>
<extension>
<congress>115</congress>
<context>OTHER</context>
</extension>
</relatedItem>
<relatedItem type="isReferencedBy">
<titleInfo>
<title>United States House Bill 3296  (115th Congress)</title>
</titleInfo>
<identifier type="Congressional Bill citation">H.R. 3296</identifier>
<extension>
<congress>115</congress>
<context>OTHER</context>
</extension>
</relatedItem>
<relatedItem type="isReferencedBy">
<titleInfo>
<title>United States House Bill 3320  (115th Congress)</title>
</titleInfo>
<identifier type="Congressional Bill citation">H.R. 3320</identifier>
<extension>
<congress>115</congress>
<context>OTHER</context>
</extension>
</relatedItem>
<relatedItem type="isReferencedBy">
<titleInfo>
<title>United States House Bill 3329  (115th Congress)</title>
</titleInfo>
<identifier type="Congressional Bill citation">H.R. 3329</identifier>
<extension>
<congress>115</congress>
<context>OTHER</context>
</extension>
</relatedItem>
<relatedItem type="isReferencedBy">
<titleInfo>
<title>United States House Bill 3342  (115th Congress)</title>
</titleInfo>
<identifier type="Congressional Bill citation">H.R. 3342</identifier>
<extension>
<congress>115</congress>
<context>OTHER</context>
</extension>
</relatedItem>
<relatedItem type="isReferencedBy">
<titleInfo>
<title>United States House Bill 3380  (115th Congress)</title>
</titleInfo>
<identifier type="Congressional Bill citation">H.R. 3380</identifier>
<extension>
<congress>115</congress>
<context>OTHER</context>
</extension>
</relatedItem>
<relatedItem type="isReferencedBy">
<titleInfo>
<title>United States House Bill 3394  (115th Congress)</title>
</titleInfo>
<identifier type="Congressional Bill citation">H.R. 3394</identifier>
<extension>
<congress>115</congress>
<context>OTHER</context>
</extension>
</relatedItem>
<relatedItem type="isReferencedBy">
<titleInfo>
<title>United States House Bill 3419  (115th Congress)</title>
</titleInfo>
<identifier type="Congressional Bill citation">H.R. 3419</identifier>
<extension>
<congress>115</congress>
<context>OTHER</context>
</extension>
</relatedItem>
<relatedItem type="isReferencedBy">
<titleInfo>
<title>United States House Bill 3459  (115th Congress)</title>
</titleInfo>
<identifier type="Congressional Bill citation">H.R. 3459</identifier>
<extension>
<congress>115</congress>
<context>OTHER</context>
</extension>
</relatedItem>
<relatedItem type="isReferencedBy">
<titleInfo>
<title>United States House Bill 3556  (115th Congress)</title>
</titleInfo>
<identifier type="Congressional Bill citation">H.R. 3556</identifier>
<extension>
<congress>115</congress>
<context>OTHER</context>
</extension>
</relatedItem>
<relatedItem type="isReferencedBy">
<titleInfo>
<title>United States House Bill 3576  (115th Congress)</title>
</titleInfo>
<identifier type="Congressional Bill citation">H.R. 3576</identifier>
<extension>
<congress>115</congress>
<context>OTHER</context>
</extension>
</relatedItem>
<relatedItem type="isReferencedBy">
<titleInfo>
<title>United States House Bill 3596  (115th Congress)</title>
</titleInfo>
<identifier type="Congressional Bill citation">H.R. 3596</identifier>
<extension>
<congress>115</congress>
<context>OTHER</context>
</extension>
</relatedItem>
<relatedItem type="isReferencedBy">
<titleInfo>
<title>United States House Bill 3632  (115th Congress)</title>
</titleInfo>
<identifier type="Congressional Bill citation">H.R. 3632</identifier>
<extension>
<congress>115</congress>
<context>OTHER</context>
</extension>
</relatedItem>
<relatedItem type="isReferencedBy">
<titleInfo>
<title>United States House Bill 3635  (115th Congress)</title>
</titleInfo>
<identifier type="Congressional Bill citation">H.R. 3635</identifier>
<extension>
<congress>115</congress>
<context>OTHER</context>
</extension>
</relatedItem>
<relatedItem type="isReferencedBy">
<titleInfo>
<title>United States House Bill 3656  (115th Congress)</title>
</titleInfo>
<identifier type="Congressional Bill citation">H.R. 3656</identifier>
<extension>
<congress>115</congress>
<context>OTHER</context>
</extension>
</relatedItem>
<relatedItem type="isReferencedBy">
<titleInfo>
<title>United States House Bill 3671  (115th Congress)</title>
</titleInfo>
<identifier type="Congressional Bill citation">H.R. 3671</identifier>
<extension>
<congress>115</congress>
<context>OTHER</context>
</extension>
</relatedItem>
<relatedItem type="isReferencedBy">
<titleInfo>
<title>United States House Bill 3681  (115th Congress)</title>
</titleInfo>
<identifier type="Congressional Bill citation">H.R. 3681</identifier>
<extension>
<congress>115</congress>
<context>OTHER</context>
</extension>
</relatedItem>
<relatedItem type="isReferencedBy">
<titleInfo>
<title>United States House Bill 3712  (115th Congress)</title>
</titleInfo>
<identifier type="Congressional Bill citation">H.R. 3712</identifier>
<extension>
<congress>115</congress>
<context>OTHER</context>
</extension>
</relatedItem>
<relatedItem type="isReferencedBy">
<titleInfo>
<title>United States House Bill 3716  (115th Congress)</title>
</titleInfo>
<identifier type="Congressional Bill citation">H.R. 3716</identifier>
<extension>
<congress>115</congress>
<context>OTHER</context>
</extension>
</relatedItem>
<relatedItem type="isReferencedBy">
<titleInfo>
<title>United States House Bill 3720  (115th Congress)</title>
</titleInfo>
<identifier type="Congressional Bill citation">H.R. 3720</identifier>
<extension>
<congress>115</congress>
<context>OTHER</context>
</extension>
</relatedItem>
<relatedItem type="isReferencedBy">
<titleInfo>
<title>United States House Bill 3731  (115th Congress)</title>
</titleInfo>
<identifier type="Congressional Bill citation">H.R. 3731</identifier>
<extension>
<congress>115</congress>
<context>OTHER</context>
</extension>
</relatedItem>
<relatedItem type="isReferencedBy">
<titleInfo>
<title>United States House Bill 3758  (115th Congress)</title>
</titleInfo>
<identifier type="Congressional Bill citation">H.R. 3758</identifier>
<extension>
<congress>115</congress>
<context>OTHER</context>
</extension>
</relatedItem>
<relatedItem type="isReferencedBy">
<titleInfo>
<title>United States House Bill 3767  (115th Congress)</title>
</titleInfo>
<identifier type="Congressional Bill citation">H.R. 3767</identifier>
<extension>
<congress>115</congress>
<context>OTHER</context>
</extension>
</relatedItem>
<relatedItem type="isReferencedBy">
<titleInfo>
<title>United States House Bill 3768  (115th Congress)</title>
</titleInfo>
<identifier type="Congressional Bill citation">H.R. 3768</identifier>
<extension>
<congress>115</congress>
<context>OTHER</context>
</extension>
</relatedItem>
<relatedItem type="isReferencedBy">
<titleInfo>
<title>United States House Bill 3770  (115th Congress)</title>
</titleInfo>
<identifier type="Congressional Bill citation">H.R. 3770</identifier>
<extension>
<congress>115</congress>
<context>OTHER</context>
</extension>
</relatedItem>
<relatedItem type="isReferencedBy">
<titleInfo>
<title>United States House Bill 3782  (115th Congress)</title>
</titleInfo>
<identifier type="Congressional Bill citation">H.R. 3782</identifier>
<extension>
<congress>115</congress>
<context>OTHER</context>
</extension>
</relatedItem>
<relatedItem type="isReferencedBy">
<titleInfo>
<title>United States House Bill 3790  (115th Congress)</title>
</titleInfo>
<identifier type="Congressional Bill citation">H.R. 3790</identifier>
<extension>
<congress>115</congress>
<context>OTHER</context>
</extension>
</relatedItem>
<relatedItem type="isReferencedBy">
<titleInfo>
<title>United States House Bill 3811  (115th Congress)</title>
</titleInfo>
<identifier type="Congressional Bill citation">H.R. 3811</identifier>
<extension>
<congress>115</congress>
<context>OTHER</context>
</extension>
</relatedItem>
<relatedItem type="isReferencedBy">
<titleInfo>
<title>United States House Bill 3866  (115th Congress)</title>
</titleInfo>
<identifier type="Congressional Bill citation">H.R. 3866</identifier>
<extension>
<congress>115</congress>
<context>OTHER</context>
</extension>
</relatedItem>
<relatedItem type="isReferencedBy">
<titleInfo>
<title>United States House Bill 3887  (115th Congress)</title>
</titleInfo>
<identifier type="Congressional Bill citation">H.R. 3887</identifier>
<extension>
<congress>115</congress>
<context>OTHER</context>
</extension>
</relatedItem>
<relatedItem type="isReferencedBy">
<titleInfo>
<title>United States House Bill 3889  (115th Congress)</title>
</titleInfo>
<identifier type="Congressional Bill citation">H.R. 3889</identifier>
<extension>
<congress>115</congress>
<context>OTHER</context>
</extension>
</relatedItem>
<relatedItem type="isReferencedBy">
<titleInfo>
<title>United States House Bill 3931  (115th Congress)</title>
</titleInfo>
<identifier type="Congressional Bill citation">H.R. 3931</identifier>
<extension>
<congress>115</congress>
<context>OTHER</context>
</extension>
</relatedItem>
<relatedItem type="isReferencedBy">
<titleInfo>
<title>United States House Bill 3939  (115th Congress)</title>
</titleInfo>
<identifier type="Congressional Bill citation">H.R. 3939</identifier>
<extension>
<congress>115</congress>
<context>OTHER</context>
</extension>
</relatedItem>
<relatedItem type="isReferencedBy">
<titleInfo>
<title>United States House Bill 3956  (115th Congress)</title>
</titleInfo>
<identifier type="Congressional Bill citation">H.R. 3956</identifier>
<extension>
<congress>115</congress>
<context>OTHER</context>
</extension>
</relatedItem>
<relatedItem type="isReferencedBy">
<titleInfo>
<title>United States House Bill 3963  (115th Congress)</title>
</titleInfo>
<identifier type="Congressional Bill citation">H.R. 3963</identifier>
<extension>
<congress>115</congress>
<context>OTHER</context>
</extension>
</relatedItem>
<relatedItem type="isReferencedBy">
<titleInfo>
<title>United States House Bill 3966  (115th Congress)</title>
</titleInfo>
<identifier type="Congressional Bill citation">H.R. 3966</identifier>
<extension>
<congress>115</congress>
<context>OTHER</context>
</extension>
</relatedItem>
<relatedItem type="isReferencedBy">
<titleInfo>
<title>United States House Bill 3988  (115th Congress)</title>
</titleInfo>
<identifier type="Congressional Bill citation">H.R. 3988</identifier>
<extension>
<congress>115</congress>
<context>OTHER</context>
</extension>
</relatedItem>
<relatedItem type="isReferencedBy">
<titleInfo>
<title>United States House Bill 4007  (115th Congress)</title>
</titleInfo>
<identifier type="Congressional Bill citation">H.R. 4007</identifier>
<extension>
<congress>115</congress>
<context>OTHER</context>
</extension>
</relatedItem>
<relatedItem type="isReferencedBy">
<titleInfo>
<title>United States House Bill 4012  (115th Congress)</title>
</titleInfo>
<identifier type="Congressional Bill citation">H.R. 4012</identifier>
<extension>
<congress>115</congress>
<context>OTHER</context>
</extension>
</relatedItem>
<relatedItem type="isReferencedBy">
<titleInfo>
<title>United States House Bill 4013  (115th Congress)</title>
</titleInfo>
<identifier type="Congressional Bill citation">H.R. 4013</identifier>
<extension>
<congress>115</congress>
<context>OTHER</context>
</extension>
</relatedItem>
<relatedItem type="isReferencedBy">
<titleInfo>
<title>United States House Bill 4073  (115th Congress)</title>
</titleInfo>
<identifier type="Congressional Bill citation">H.R. 4073</identifier>
<extension>
<congress>115</congress>
<context>OTHER</context>
</extension>
</relatedItem>
<relatedItem type="isReferencedBy">
<titleInfo>
<title>United States House Bill 4079  (115th Congress)</title>
</titleInfo>
<identifier type="Congressional Bill citation">H.R. 4079</identifier>
<extension>
<congress>115</congress>
<context>OTHER</context>
</extension>
</relatedItem>
<relatedItem type="isReferencedBy">
<titleInfo>
<title>United States House Bill 4082  (115th Congress)</title>
</titleInfo>
<identifier type="Congressional Bill citation">H.R. 4082</identifier>
<extension>
<congress>115</congress>
<context>OTHER</context>
</extension>
</relatedItem>
<relatedItem type="isReferencedBy">
<titleInfo>
<title>United States House Bill 4090  (115th Congress)</title>
</titleInfo>
<identifier type="Congressional Bill citation">H.R. 4090</identifier>
<extension>
<congress>115</congress>
<context>OTHER</context>
</extension>
</relatedItem>
<relatedItem type="isReferencedBy">
<titleInfo>
<title>United States House Bill 4098  (115th Congress)</title>
</titleInfo>
<identifier type="Congressional Bill citation">H.R. 4098</identifier>
<extension>
<congress>115</congress>
<context>OTHER</context>
</extension>
</relatedItem>
<relatedItem ID="P0b002ee1982203b7" type="host">
<titleInfo>
<title>Congressional Record</title>
<partNumber>Vol. 163, no. 171</partNumber>
</titleInfo>
<location>
<url access="object in context" displayLabel="Content Detail">https://www.gpo.gov/fdsys/pkg/CREC-2017-10-24/content-detail.html</url>
<url access="raw object" displayLabel="PDF rendition">https://www.gpo.gov/fdsys/pkg/CREC-2017-10-24/pdf/CREC-2017-10-24.pdf</url>
</location>
<part type="issue">
<extent unit="pages">
<start>H8079</start>
<end>H8145</end>
</extent>
<extent unit="pages">
<start>S6719</start>
<end>S6775</end>
</extent>
<extent unit="pages">
<start>E1407</start>
<end>E1421</end>
</extent>
<extent unit="pages">
<start>D1115</start>
<end>D1122</end>
</extent>
</part>
<originInfo>
<publisher>U.S. Government Publishing Office</publisher>
<dateIssued encoding="w3cdtf">2017-10-24</dateIssued>
<issuance>continuing</issuance>
<frequency authority="marcfrequency">daily</frequency>
</originInfo>
<physicalDescription>
<note type="source content type">deposited</note>
<digitalOrigin>born digital</digitalOrigin>
<extent>294 p.</extent>
</physicalDescription>
<classification authority="sudocs">X 1.1/A:</classification>
<classification authority="sudocs">X/A.</classification>
<identifier type="uri">https://www.gpo.gov/fdsys/pkg/CREC-2017-10-24</identifier>
<identifier type="local">P0b002ee1982203b7</identifier>
<identifier type="stock number">752-002-00000-2</identifier>
<identifier type="ILS system id">000568013</identifier>
<identifier type="former package identifier">CR24OC17</identifier>
<recordInfo>
<recordContentSource authority="marcorg">DGPO</recordContentSource>
<recordCreationDate encoding="w3cdtf">2018-01-27</recordCreationDate>
<recordChangeDate encoding="w3cdtf">2018-01-27</recordChangeDate>
<recordIdentifier source="DGPO">CREC-2017-10-24</recordIdentifier>
<recordOrigin>machine generated</recordOrigin>
<languageOfCataloging>
<languageTerm authority="iso639-2b" type="code">eng</languageTerm>
</languageOfCataloging>
</recordInfo>
<accessCondition type="GPO scope determination">fdlp</accessCondition>
<extension>
<docClass>CREC</docClass>
<accessId>CREC-2017-10-24</accessId>
<volume>163</volume>
<issue>171</issue>
<congress>115</congress>
<session>1</session>
<bookCount>1</bookCount>
</extension>
</relatedItem>
</mods>