<mods ID="id-CREC-2017-11-06-pt1-PgS7015-3" version="3.3" xmlns="http://www.loc.gov/mods/v3" xmlns:exslt="http://exslt.org/common" xmlns:xlink="http://www.w3.org/1999/xlink" xmlns:xsi="http://www.w3.org/2001/XMLSchema-instance" xsi:schemaLocation="http://www.loc.gov/mods/v3 http://www.loc.gov/standards/mods/v3/mods-3-3.xsd">
<name type="corporate">
<namePart>United States Government Publishing Office</namePart>
<role>
<roleTerm authority="marcrelator" type="text">publisher</roleTerm>
<roleTerm authority="marcrelator" type="code">pbl</roleTerm>
</role>
<role>
<roleTerm authority="marcrelator" type="text">distributor</roleTerm>
<roleTerm authority="marcrelator" type="code">dst</roleTerm>
</role>
</name>
<name type="corporate">
<namePart>United States</namePart>
<namePart>Congress</namePart>
<role>
<roleTerm authority="marcrelator" type="text">author</roleTerm>
<roleTerm authority="marcrelator" type="code">aut</roleTerm>
</role>
<description>Government Organization</description>
</name>
<typeOfResource>text</typeOfResource>
<genre authority="marcgt">government publication</genre>
<language>
<languageTerm authority="iso639-2b" type="code">eng</languageTerm>
</language>
<extension>
<collectionCode>CREC</collectionCode>
<category>Proceedings of Congress and General Congressional Publications</category>
<waisDatabaseName>2017_record</waisDatabaseName>
<branch>legislative</branch>
<dateIngested>2017-12-21</dateIngested>
</extension>
<titleInfo>
<title>MESSAGE FROM THE HOUSE</title>
<partName>Senate</partName>
</titleInfo>
<relatedItem type="otherFormat" xlink:href="https://www.gpo.gov/fdsys/pkg/CREC-2017-11-06/html/CREC-2017-11-06-pt1-PgS7015-3.htm">
<identifier type="FDsys Unique ID">D09002ee197d7d713</identifier>
</relatedItem>
<relatedItem type="otherFormat" xlink:href="https://www.gpo.gov/fdsys/pkg/CREC-2017-11-06/pdf/CREC-2017-11-06-pt1-PgS7015-3.pdf">
<identifier type="FDsys Unique ID">D09002ee197d7d793</identifier>
</relatedItem>
<identifier type="congressional record citation">163 Cong. Rec. S7015</identifier>
<identifier type="uri">https://www.gpo.gov/fdsys/granule/CREC-2017-11-06/CREC-2017-11-06-pt1-PgS7015-3</identifier>
<identifier type="former granule identifier">CR06NO17-163</identifier>
<location>
<url access="object in context" displayLabel="Content Detail">https://www.gpo.gov/fdsys/granule/CREC-2017-11-06/CREC-2017-11-06-pt1-PgS7015-3/content-detail.html</url>
<url access="raw object" displayLabel="PDF rendition">https://www.gpo.gov/fdsys/pkg/CREC-2017-11-06/pdf/CREC-2017-11-06-pt1-PgS7015-3.pdf</url>
<url access="raw object" displayLabel="HTML rendition">https://www.gpo.gov/fdsys/pkg/CREC-2017-11-06/html/CREC-2017-11-06-pt1-PgS7015-3.htm</url>
</location>
<physicalDescription>
<extent>1 p.</extent>
</physicalDescription>
<part type="article">
<extent unit="pages">
<start>S7015</start>
<end>S7015</end>
</extent>
</part>
<identifier type="preferred citation">163 Cong. Rec. S7015</identifier>
<extension>
<searchTitle>MESSAGE FROM THE HOUSE; Congressional Record Vol. 163, No. 180</searchTitle>
<granuleClass>SENATE</granuleClass>
<accessId>CREC-2017-11-06-pt1-PgS7015-3</accessId>
<subGranuleClass>SMSGHOUSE</subGranuleClass>
<pagePrefix>S</pagePrefix>
<bookNumber>1</bookNumber>
<chamber>SENATE</chamber>
<granuleDate>2017-11-06</granuleDate>
<bill congress="115" context="OTHER" number="849" type="HR"/>
<bill congress="115" context="OTHER" number="3922" type="HR"/>
<USCode title="10">
<section detail="(a)" number="6968"/>
</USCode>
</extension>
<relatedItem type="isReferencedBy">
<titleInfo>
<title>United States House Bill 849  (115th Congress)</title>
</titleInfo>
<identifier type="Congressional Bill citation">H.R. 849</identifier>
<extension>
<congress>115</congress>
<context>OTHER</context>
</extension>
</relatedItem>
<relatedItem type="isReferencedBy">
<titleInfo>
<title>United States House Bill 3922  (115th Congress)</title>
</titleInfo>
<identifier type="Congressional Bill citation">H.R. 3922</identifier>
<extension>
<congress>115</congress>
<context>OTHER</context>
</extension>
</relatedItem>
<relatedItem type="isReferencedBy">
<titleInfo>
<title>United States Code</title>
<partNumber>Title 10 Section 6968(a)</partNumber>
</titleInfo>
<identifier type="USC citation">10 U.S.C. 6968(a)</identifier>
</relatedItem>
<relatedItem ID="P0b002ee197d7d646" type="host">
<titleInfo>
<title>Congressional Record</title>
<partNumber>Vol. 163, no. 180</partNumber>
</titleInfo>
<location>
<url access="object in context" displayLabel="Content Detail">https://www.gpo.gov/fdsys/pkg/CREC-2017-11-06/content-detail.html</url>
<url access="raw object" displayLabel="PDF rendition">https://www.gpo.gov/fdsys/pkg/CREC-2017-11-06/pdf/CREC-2017-11-06.pdf</url>
</location>
<part type="issue">
<extent unit="pages">
<start>H8499</start>
<end>H8523</end>
</extent>
<extent unit="pages">
<start>S7005</start>
<end>S7032</end>
</extent>
<extent unit="pages">
<start>E1507</start>
<end>E1519</end>
</extent>
<extent unit="pages">
<start>D1173</start>
<end>D1180</end>
</extent>
</part>
<originInfo>
<publisher>U.S. Government Publishing Office</publisher>
<dateIssued encoding="w3cdtf">2017-11-06</dateIssued>
<issuance>continuing</issuance>
<frequency authority="marcfrequency">daily</frequency>
</originInfo>
<physicalDescription>
<note type="source content type">deposited</note>
<digitalOrigin>born digital</digitalOrigin>
<extent>148 p.</extent>
</physicalDescription>
<classification authority="sudocs">X 1.1/A:</classification>
<classification authority="sudocs">X/A.</classification>
<identifier type="uri">https://www.gpo.gov/fdsys/pkg/CREC-2017-11-06</identifier>
<identifier type="local">P0b002ee197d7d646</identifier>
<identifier type="stock number">752-002-00000-2</identifier>
<identifier type="ILS system id">000568013</identifier>
<identifier type="former package identifier">CR06NO17</identifier>
<recordInfo>
<recordContentSource authority="marcorg">DGPO</recordContentSource>
<recordCreationDate encoding="w3cdtf">2017-12-21</recordCreationDate>
<recordChangeDate encoding="w3cdtf">2017-12-21</recordChangeDate>
<recordIdentifier source="DGPO">CREC-2017-11-06</recordIdentifier>
<recordOrigin>machine generated</recordOrigin>
<languageOfCataloging>
<languageTerm authority="iso639-2b" type="code">eng</languageTerm>
</languageOfCataloging>
</recordInfo>
<accessCondition type="GPO scope determination">fdlp</accessCondition>
<extension>
<docClass>CREC</docClass>
<accessId>CREC-2017-11-06</accessId>
<volume>163</volume>
<issue>180</issue>
<congress>115</congress>
<session>1</session>
<bookCount>1</bookCount>
</extension>
</relatedItem>
</mods>