<mods ID="id-CREC-2017-12-04-pt1-PgS7821-2" version="3.3" xmlns="http://www.loc.gov/mods/v3" xmlns:exslt="http://exslt.org/common" xmlns:xlink="http://www.w3.org/1999/xlink" xmlns:xsi="http://www.w3.org/2001/XMLSchema-instance" xsi:schemaLocation="http://www.loc.gov/mods/v3 http://www.loc.gov/standards/mods/v3/mods-3-3.xsd">
<name type="corporate">
<namePart>United States Government Publishing Office</namePart>
<role>
<roleTerm authority="marcrelator" type="text">publisher</roleTerm>
<roleTerm authority="marcrelator" type="code">pbl</roleTerm>
</role>
<role>
<roleTerm authority="marcrelator" type="text">distributor</roleTerm>
<roleTerm authority="marcrelator" type="code">dst</roleTerm>
</role>
</name>
<name type="corporate">
<namePart>United States</namePart>
<namePart>Congress</namePart>
<role>
<roleTerm authority="marcrelator" type="text">author</roleTerm>
<roleTerm authority="marcrelator" type="code">aut</roleTerm>
</role>
<description>Government Organization</description>
</name>
<typeOfResource>text</typeOfResource>
<genre authority="marcgt">government publication</genre>
<language>
<languageTerm authority="iso639-2b" type="code">eng</languageTerm>
</language>
<extension>
<collectionCode>CREC</collectionCode>
<category>Proceedings of Congress and General Congressional Publications</category>
<waisDatabaseName>2017_record</waisDatabaseName>
<branch>legislative</branch>
<dateIngested>2017-12-05</dateIngested>
</extension>
<titleInfo>
<title>ORDERS FOR TUESDAY, DECEMBER 5, 2017</title>
<partName>Senate</partName>
</titleInfo>
<relatedItem type="otherFormat" xlink:href="https://www.gpo.gov/fdsys/pkg/CREC-2017-12-04/html/CREC-2017-12-04-pt1-PgS7821-2.htm">
<identifier type="FDsys Unique ID">D09002ee197ad3797</identifier>
</relatedItem>
<relatedItem type="otherFormat" xlink:href="https://www.gpo.gov/fdsys/pkg/CREC-2017-12-04/pdf/CREC-2017-12-04-pt1-PgS7821-2.pdf">
<identifier type="FDsys Unique ID">D09002ee197ad37ca</identifier>
</relatedItem>
<identifier type="congressional record citation">163 Cong. Rec. S7821</identifier>
<identifier type="uri">https://www.gpo.gov/fdsys/granule/CREC-2017-12-04/CREC-2017-12-04-pt1-PgS7821-2</identifier>
<identifier type="former granule identifier">cr04de17-108</identifier>
<location>
<url access="object in context" displayLabel="Content Detail">https://www.gpo.gov/fdsys/granule/CREC-2017-12-04/CREC-2017-12-04-pt1-PgS7821-2/content-detail.html</url>
<url access="raw object" displayLabel="PDF rendition">https://www.gpo.gov/fdsys/pkg/CREC-2017-12-04/pdf/CREC-2017-12-04-pt1-PgS7821-2.pdf</url>
<url access="raw object" displayLabel="HTML rendition">https://www.gpo.gov/fdsys/pkg/CREC-2017-12-04/html/CREC-2017-12-04-pt1-PgS7821-2.htm</url>
</location>
<physicalDescription>
<extent>1 p.</extent>
</physicalDescription>
<part type="article">
<extent unit="pages">
<start>S7821</start>
<end>S7821</end>
</extent>
</part>
<name type="personal">
<namePart>Mitch McConnell</namePart>
<affiliation>United States Senate</affiliation>
<role>
<roleTerm type="text">speaking</roleTerm>
</role>
<description>United States Congress Member</description>
</name>
<identifier type="preferred citation">163 Cong. Rec. S7821</identifier>
<extension>
<searchTitle>ORDERS FOR TUESDAY, DECEMBER 5, 2017; Congressional Record Vol. 163, No. 197</searchTitle>
<granuleClass>SENATE</granuleClass>
<accessId>CREC-2017-12-04-pt1-PgS7821-2</accessId>
<subGranuleClass>SORDERFOR</subGranuleClass>
<pagePrefix>S</pagePrefix>
<bookNumber>1</bookNumber>
<chamber>SENATE</chamber>
<granuleDate>2017-12-04</granuleDate>
<congMember authorityId="1395" bioGuideId="M000355" chamber="S" congress="115" gpoId="8254" party="R" role="SPEAKING" state="KY">
<name type="parsed">Mr. McCONNELL</name>
<name type="authority-fnf">Mitch McConnell</name>
<name type="authority-lnf">McConnell, Mitch</name>
</congMember>
</extension>
<relatedItem ID="P0b002ee197ad395c" type="host">
<titleInfo>
<title>Congressional Record</title>
<partNumber>Vol. 163, no. 197</partNumber>
</titleInfo>
<location>
<url access="object in context" displayLabel="Content Detail">https://www.gpo.gov/fdsys/pkg/CREC-2017-12-04/content-detail.html</url>
<url access="raw object" displayLabel="PDF rendition">https://www.gpo.gov/fdsys/pkg/CREC-2017-12-04/pdf/CREC-2017-12-04.pdf</url>
</location>
<part type="issue">
<extent unit="pages">
<start>H9601</start>
<end>H9621</end>
</extent>
<extent unit="pages">
<start>S7809</start>
<end>S7824</end>
</extent>
<extent unit="pages">
<start>E1643</start>
<end>E1650</end>
</extent>
<extent unit="pages">
<start>D1277</start>
<end>D1280</end>
</extent>
</part>
<originInfo>
<publisher>U.S. Government Publishing Office</publisher>
<dateIssued encoding="w3cdtf">2017-12-04</dateIssued>
<issuance>continuing</issuance>
<frequency authority="marcfrequency">daily</frequency>
</originInfo>
<physicalDescription>
<note type="source content type">deposited</note>
<digitalOrigin>born digital</digitalOrigin>
<extent>98 p.</extent>
</physicalDescription>
<classification authority="sudocs">X 1.1/A:</classification>
<classification authority="sudocs">X/A.</classification>
<identifier type="uri">https://www.gpo.gov/fdsys/pkg/CREC-2017-12-04</identifier>
<identifier type="local">P0b002ee197ad395c</identifier>
<identifier type="stock number">752-002-00000-2</identifier>
<identifier type="ILS system id">000568013</identifier>
<identifier type="former package identifier">cr04de17</identifier>
<recordInfo>
<recordContentSource authority="marcorg">DGPO</recordContentSource>
<recordCreationDate encoding="w3cdtf">2017-12-05</recordCreationDate>
<recordChangeDate encoding="w3cdtf">2017-12-05</recordChangeDate>
<recordIdentifier source="DGPO">CREC-2017-12-04</recordIdentifier>
<recordOrigin>machine generated</recordOrigin>
<languageOfCataloging>
<languageTerm authority="iso639-2b" type="code">eng</languageTerm>
</languageOfCataloging>
</recordInfo>
<accessCondition type="GPO scope determination">fdlp</accessCondition>
<extension>
<docClass>CREC</docClass>
<accessId>CREC-2017-12-04</accessId>
<volume>163</volume>
<issue>197</issue>
<congress>115</congress>
<session>1</session>
<bookCount>1</bookCount>
</extension>
</relatedItem>
</mods>