<mods ID="id-CREC-2017-08-03-pt1-PgS4793-2" version="3.3" xmlns="http://www.loc.gov/mods/v3" xmlns:exslt="http://exslt.org/common" xmlns:xlink="http://www.w3.org/1999/xlink" xmlns:xsi="http://www.w3.org/2001/XMLSchema-instance" xsi:schemaLocation="http://www.loc.gov/mods/v3 http://www.loc.gov/standards/mods/v3/mods-3-3.xsd">
<name type="corporate">
<namePart>United States Government Publishing Office</namePart>
<role>
<roleTerm authority="marcrelator" type="text">publisher</roleTerm>
<roleTerm authority="marcrelator" type="code">pbl</roleTerm>
</role>
<role>
<roleTerm authority="marcrelator" type="text">distributor</roleTerm>
<roleTerm authority="marcrelator" type="code">dst</roleTerm>
</role>
</name>
<name type="corporate">
<namePart>United States</namePart>
<namePart>Congress</namePart>
<role>
<roleTerm authority="marcrelator" type="text">author</roleTerm>
<roleTerm authority="marcrelator" type="code">aut</roleTerm>
</role>
<description>Government Organization</description>
</name>
<typeOfResource>text</typeOfResource>
<genre authority="marcgt">government publication</genre>
<language>
<languageTerm authority="iso639-2b" type="code">eng</languageTerm>
</language>
<extension>
<collectionCode>CREC</collectionCode>
<category>Proceedings of Congress and General Congressional Publications</category>
<waisDatabaseName>2017_record</waisDatabaseName>
<branch>legislative</branch>
<dateIngested>2018-01-13</dateIngested>
</extension>
<titleInfo>
<title>RACE FOR CHILDREN ACT</title>
<partName>Senate</partName>
</titleInfo>
<relatedItem type="otherFormat" xlink:href="https://www.gpo.gov/fdsys/pkg/CREC-2017-08-03/html/CREC-2017-08-03-pt1-PgS4793-2.htm">
<identifier type="FDsys Unique ID">D09002ee197ff0a10</identifier>
</relatedItem>
<relatedItem type="otherFormat" xlink:href="https://www.gpo.gov/fdsys/pkg/CREC-2017-08-03/pdf/CREC-2017-08-03-pt1-PgS4793-2.pdf">
<identifier type="FDsys Unique ID">D09002ee197ff0a3b</identifier>
</relatedItem>
<identifier type="congressional record citation">163 Cong. Rec. S4793</identifier>
<identifier type="uri">https://www.gpo.gov/fdsys/granule/CREC-2017-08-03/CREC-2017-08-03-pt1-PgS4793-2</identifier>
<identifier type="former granule identifier">CR03AU17-26</identifier>
<location>
<url access="object in context" displayLabel="Content Detail">https://www.gpo.gov/fdsys/granule/CREC-2017-08-03/CREC-2017-08-03-pt1-PgS4793-2/content-detail.html</url>
<url access="raw object" displayLabel="PDF rendition">https://www.gpo.gov/fdsys/pkg/CREC-2017-08-03/pdf/CREC-2017-08-03-pt1-PgS4793-2.pdf</url>
<url access="raw object" displayLabel="HTML rendition">https://www.gpo.gov/fdsys/pkg/CREC-2017-08-03/html/CREC-2017-08-03-pt1-PgS4793-2.htm</url>
</location>
<physicalDescription>
<extent>1 p.</extent>
</physicalDescription>
<part type="article">
<extent unit="pages">
<start>S4793</start>
<end>S4793</end>
</extent>
</part>
<name type="personal">
<namePart>Michael F. Bennet</namePart>
<affiliation>United States Senate</affiliation>
<role>
<roleTerm type="text">speaking</roleTerm>
</role>
<description>United States Congress Member</description>
</name>
<identifier type="preferred citation">163 Cong. Rec. S4793</identifier>
<extension>
<searchTitle>RACE FOR CHILDREN ACT; Congressional Record Vol. 163, No. 132</searchTitle>
<granuleClass>SENATE</granuleClass>
<accessId>CREC-2017-08-03-pt1-PgS4793-2</accessId>
<subGranuleClass>ALLOTHER</subGranuleClass>
<pagePrefix>S</pagePrefix>
<bookNumber>1</bookNumber>
<chamber>SENATE</chamber>
<granuleDate>2017-08-03</granuleDate>
<congMember authorityId="1965" bioGuideId="B001267" chamber="S" congress="115" gpoId="8302" party="D" role="SPEAKING" state="CO">
<name type="parsed">Mr. BENNET</name>
<name type="authority-fnf">Michael F. Bennet</name>
<name type="authority-lnf">Bennet, Michael F.</name>
<name type="authority-other">Mr. Michael Bennet</name>
</congMember>
</extension>
<relatedItem ID="P0b002ee197f8386e" type="host">
<titleInfo>
<title>Congressional Record</title>
<partNumber>Vol. 163, no. 132</partNumber>
</titleInfo>
<location>
<url access="object in context" displayLabel="Content Detail">https://www.gpo.gov/fdsys/pkg/CREC-2017-08-03/content-detail.html</url>
<url access="raw object" displayLabel="PDF rendition">https://www.gpo.gov/fdsys/pkg/CREC-2017-08-03/pdf/CREC-2017-08-03.pdf</url>
</location>
<part type="issue">
<extent unit="pages">
<start>S4781</start>
<end>S4898</end>
</extent>
<extent unit="pages">
<start>D883</start>
<end>D890</end>
</extent>
</part>
<originInfo>
<publisher>U.S. Government Publishing Office</publisher>
<dateIssued encoding="w3cdtf">2017-08-03</dateIssued>
<issuance>continuing</issuance>
<frequency authority="marcfrequency">daily</frequency>
</originInfo>
<physicalDescription>
<note type="source content type">deposited</note>
<digitalOrigin>born digital</digitalOrigin>
<extent>252 p.</extent>
</physicalDescription>
<classification authority="sudocs">X 1.1/A:</classification>
<classification authority="sudocs">X/A.</classification>
<identifier type="uri">https://www.gpo.gov/fdsys/pkg/CREC-2017-08-03</identifier>
<identifier type="local">P0b002ee197f8386e</identifier>
<identifier type="stock number">752-002-00000-2</identifier>
<identifier type="ILS system id">000568013</identifier>
<identifier type="former package identifier">CR03AU17</identifier>
<recordInfo>
<recordContentSource authority="marcorg">DGPO</recordContentSource>
<recordCreationDate encoding="w3cdtf">2018-01-13</recordCreationDate>
<recordChangeDate encoding="w3cdtf">2018-01-13</recordChangeDate>
<recordIdentifier source="DGPO">CREC-2017-08-03</recordIdentifier>
<recordOrigin>machine generated</recordOrigin>
<languageOfCataloging>
<languageTerm authority="iso639-2b" type="code">eng</languageTerm>
</languageOfCataloging>
</recordInfo>
<accessCondition type="GPO scope determination">fdlp</accessCondition>
<extension>
<docClass>CREC</docClass>
<accessId>CREC-2017-08-03</accessId>
<volume>163</volume>
<issue>132</issue>
<congress>115</congress>
<session>1</session>
<bookCount>1</bookCount>
</extension>
</relatedItem>
</mods>