<mods ID="id-CREC-2017-10-12-pt1-PgH7977-2" version="3.3" xmlns="http://www.loc.gov/mods/v3" xmlns:exslt="http://exslt.org/common" xmlns:xlink="http://www.w3.org/1999/xlink" xmlns:xsi="http://www.w3.org/2001/XMLSchema-instance" xsi:schemaLocation="http://www.loc.gov/mods/v3 http://www.loc.gov/standards/mods/v3/mods-3-3.xsd">
<name type="corporate">
<namePart>United States Government Publishing Office</namePart>
<role>
<roleTerm authority="marcrelator" type="text">publisher</roleTerm>
<roleTerm authority="marcrelator" type="code">pbl</roleTerm>
</role>
<role>
<roleTerm authority="marcrelator" type="text">distributor</roleTerm>
<roleTerm authority="marcrelator" type="code">dst</roleTerm>
</role>
</name>
<name type="corporate">
<namePart>United States</namePart>
<namePart>Congress</namePart>
<role>
<roleTerm authority="marcrelator" type="text">author</roleTerm>
<roleTerm authority="marcrelator" type="code">aut</roleTerm>
</role>
<description>Government Organization</description>
</name>
<typeOfResource>text</typeOfResource>
<genre authority="marcgt">government publication</genre>
<language>
<languageTerm authority="iso639-2b" type="code">eng</languageTerm>
</language>
<extension>
<collectionCode>CREC</collectionCode>
<category>Proceedings of Congress and General Congressional Publications</category>
<waisDatabaseName>2017_record</waisDatabaseName>
<branch>legislative</branch>
<dateIngested>2017-10-13</dateIngested>
</extension>
<titleInfo>
<title>DESIGNATION OF SPEAKER PRO TEMPORE</title>
<partName>House</partName>
</titleInfo>
<relatedItem type="otherFormat" xlink:href="https://www.gpo.gov/fdsys/pkg/CREC-2017-10-12/html/CREC-2017-10-12-pt1-PgH7977-2.htm">
<identifier type="FDsys Unique ID">D09002ee19728b380</identifier>
</relatedItem>
<relatedItem type="otherFormat" xlink:href="https://www.gpo.gov/fdsys/pkg/CREC-2017-10-12/pdf/CREC-2017-10-12-pt1-PgH7977-2.pdf">
<identifier type="FDsys Unique ID">D09002ee19728b552</identifier>
</relatedItem>
<identifier type="congressional record citation">163 Cong. Rec. H7977</identifier>
<identifier type="uri">https://www.gpo.gov/fdsys/granule/CREC-2017-10-12/CREC-2017-10-12-pt1-PgH7977-2</identifier>
<identifier type="former granule identifier">cr12oc17-70</identifier>
<location>
<url access="object in context" displayLabel="Content Detail">https://www.gpo.gov/fdsys/granule/CREC-2017-10-12/CREC-2017-10-12-pt1-PgH7977-2/content-detail.html</url>
<url access="raw object" displayLabel="PDF rendition">https://www.gpo.gov/fdsys/pkg/CREC-2017-10-12/pdf/CREC-2017-10-12-pt1-PgH7977-2.pdf</url>
<url access="raw object" displayLabel="HTML rendition">https://www.gpo.gov/fdsys/pkg/CREC-2017-10-12/html/CREC-2017-10-12-pt1-PgH7977-2.htm</url>
</location>
<physicalDescription>
<extent>1 p.</extent>
</physicalDescription>
<part type="article">
<extent unit="pages">
<start>H7977</start>
<end>H7977</end>
</extent>
</part>
<identifier type="preferred citation">163 Cong. Rec. H7977</identifier>
<extension>
<searchTitle>DESIGNATION OF SPEAKER PRO TEMPORE; Congressional Record Vol. 163, No. 164</searchTitle>
<granuleClass>HOUSE</granuleClass>
<accessId>CREC-2017-10-12-pt1-PgH7977-2</accessId>
<subGranuleClass>ALLOTHER</subGranuleClass>
<pagePrefix>H</pagePrefix>
<bookNumber>1</bookNumber>
<chamber>HOUSE</chamber>
<granuleDate>2017-10-12</granuleDate>
<time from="10:00:00" to="10:00:00"/>
</extension>
<relatedItem ID="P0b002ee197281a9d" type="host">
<titleInfo>
<title>Congressional Record</title>
<partNumber>Vol. 163, no. 164</partNumber>
</titleInfo>
<location>
<url access="object in context" displayLabel="Content Detail">https://www.gpo.gov/fdsys/pkg/CREC-2017-10-12/content-detail.html</url>
<url access="raw object" displayLabel="PDF rendition">https://www.gpo.gov/fdsys/pkg/CREC-2017-10-12/pdf/CREC-2017-10-12.pdf</url>
</location>
<part type="issue">
<extent unit="pages">
<start>H7977</start>
<end>H8034</end>
</extent>
<extent unit="pages">
<start>E1363</start>
<end>E1378</end>
</extent>
<extent unit="pages">
<start>D1079</start>
<end>D1084</end>
</extent>
</part>
<originInfo>
<publisher>U.S. Government Publishing Office</publisher>
<dateIssued encoding="w3cdtf">2017-10-12</dateIssued>
<issuance>continuing</issuance>
<frequency authority="marcfrequency">daily</frequency>
</originInfo>
<physicalDescription>
<note type="source content type">deposited</note>
<digitalOrigin>born digital</digitalOrigin>
<extent>160 p.</extent>
</physicalDescription>
<classification authority="sudocs">X 1.1/A:</classification>
<classification authority="sudocs">X/A.</classification>
<identifier type="uri">https://www.gpo.gov/fdsys/pkg/CREC-2017-10-12</identifier>
<identifier type="local">P0b002ee197281a9d</identifier>
<identifier type="stock number">752-002-00000-2</identifier>
<identifier type="ILS system id">000568013</identifier>
<identifier type="former package identifier">cr12oc17</identifier>
<recordInfo>
<recordContentSource authority="marcorg">DGPO</recordContentSource>
<recordCreationDate encoding="w3cdtf">2017-10-13</recordCreationDate>
<recordChangeDate encoding="w3cdtf">2017-10-13</recordChangeDate>
<recordIdentifier source="DGPO">CREC-2017-10-12</recordIdentifier>
<recordOrigin>machine generated</recordOrigin>
<languageOfCataloging>
<languageTerm authority="iso639-2b" type="code">eng</languageTerm>
</languageOfCataloging>
</recordInfo>
<accessCondition type="GPO scope determination">fdlp</accessCondition>
<extension>
<docClass>CREC</docClass>
<accessId>CREC-2017-10-12</accessId>
<volume>163</volume>
<issue>164</issue>
<congress>115</congress>
<session>1</session>
<bookCount>1</bookCount>
</extension>
</relatedItem>
</mods>