<mods ID="id-CREC-2017-12-20-pt1-PgS8184-2" version="3.3" xmlns="http://www.loc.gov/mods/v3" xmlns:exslt="http://exslt.org/common" xmlns:xlink="http://www.w3.org/1999/xlink" xmlns:xsi="http://www.w3.org/2001/XMLSchema-instance" xsi:schemaLocation="http://www.loc.gov/mods/v3 http://www.loc.gov/standards/mods/v3/mods-3-3.xsd">
<name type="corporate">
<namePart>United States Government Publishing Office</namePart>
<role>
<roleTerm authority="marcrelator" type="text">publisher</roleTerm>
<roleTerm authority="marcrelator" type="code">pbl</roleTerm>
</role>
<role>
<roleTerm authority="marcrelator" type="text">distributor</roleTerm>
<roleTerm authority="marcrelator" type="code">dst</roleTerm>
</role>
</name>
<name type="corporate">
<namePart>United States</namePart>
<namePart>Congress</namePart>
<role>
<roleTerm authority="marcrelator" type="text">author</roleTerm>
<roleTerm authority="marcrelator" type="code">aut</roleTerm>
</role>
<description>Government Organization</description>
</name>
<typeOfResource>text</typeOfResource>
<genre authority="marcgt">government publication</genre>
<language>
<languageTerm authority="iso639-2b" type="code">eng</languageTerm>
</language>
<extension>
<collectionCode>CREC</collectionCode>
<category>Proceedings of Congress and General Congressional Publications</category>
<waisDatabaseName>2017_record</waisDatabaseName>
<branch>legislative</branch>
<dateIngested>2017-12-22</dateIngested>
</extension>
<titleInfo>
<title>THE CALENDAR</title>
<partName>Senate</partName>
</titleInfo>
<relatedItem type="otherFormat" xlink:href="https://www.gpo.gov/fdsys/pkg/CREC-2017-12-20/html/CREC-2017-12-20-pt1-PgS8184-2.htm">
<identifier type="FDsys Unique ID">D09002ee197d98d8a</identifier>
</relatedItem>
<relatedItem type="otherFormat" xlink:href="https://www.gpo.gov/fdsys/pkg/CREC-2017-12-20/pdf/CREC-2017-12-20-pt1-PgS8184-2.pdf">
<identifier type="FDsys Unique ID">D09002ee197d98e57</identifier>
</relatedItem>
<identifier type="congressional record citation">163 Cong. Rec. S8184</identifier>
<identifier type="uri">https://www.gpo.gov/fdsys/granule/CREC-2017-12-20/CREC-2017-12-20-pt1-PgS8184-2</identifier>
<identifier type="former granule identifier">CR20DE17-191</identifier>
<location>
<url access="object in context" displayLabel="Content Detail">https://www.gpo.gov/fdsys/granule/CREC-2017-12-20/CREC-2017-12-20-pt1-PgS8184-2/content-detail.html</url>
<url access="raw object" displayLabel="PDF rendition">https://www.gpo.gov/fdsys/pkg/CREC-2017-12-20/pdf/CREC-2017-12-20-pt1-PgS8184-2.pdf</url>
<url access="raw object" displayLabel="HTML rendition">https://www.gpo.gov/fdsys/pkg/CREC-2017-12-20/html/CREC-2017-12-20-pt1-PgS8184-2.htm</url>
</location>
<physicalDescription>
<extent>1 p.</extent>
</physicalDescription>
<part type="article">
<extent unit="pages">
<start>S8184</start>
<end>S8184</end>
</extent>
</part>
<name type="personal">
<namePart>Mitch McConnell</namePart>
<affiliation>United States Senate</affiliation>
<role>
<roleTerm type="text">speaking</roleTerm>
</role>
<description>United States Congress Member</description>
</name>
<identifier type="preferred citation">163 Cong. Rec. S8184</identifier>
<extension>
<searchTitle>THE CALENDAR; Congressional Record Vol. 163, No. 208</searchTitle>
<granuleClass>SENATE</granuleClass>
<accessId>CREC-2017-12-20-pt1-PgS8184-2</accessId>
<subGranuleClass>SCALENDAR</subGranuleClass>
<pagePrefix>S</pagePrefix>
<bookNumber>1</bookNumber>
<chamber>SENATE</chamber>
<granuleDate>2017-12-20</granuleDate>
<bill congress="115" context="FIRSTPARAGRAPH" number="117" type="S"/>
<bill congress="115" context="OTHER" number="117" type="S"/>
<bill congress="115" context="FIRSTPARAGRAPH" number="501" type="S"/>
<bill congress="115" context="OTHER" number="501" type="S"/>
<congMember authorityId="1395" bioGuideId="M000355" chamber="S" congress="115" gpoId="8254" party="R" role="SPEAKING" state="KY">
<name type="parsed">Mr. McCONNELL</name>
<name type="authority-fnf">Mitch McConnell</name>
<name type="authority-lnf">McConnell, Mitch</name>
</congMember>
</extension>
<relatedItem type="isReferencedBy">
<titleInfo>
<title>United States Senate Bill 117  (115th Congress)</title>
</titleInfo>
<identifier type="Congressional Bill citation">S. 117</identifier>
<extension>
<congress>115</congress>
<context>FIRSTPARAGRAPH</context>
</extension>
</relatedItem>
<relatedItem type="isReferencedBy">
<titleInfo>
<title>United States Senate Bill 117  (115th Congress)</title>
</titleInfo>
<identifier type="Congressional Bill citation">S. 117</identifier>
<extension>
<congress>115</congress>
<context>OTHER</context>
</extension>
</relatedItem>
<relatedItem type="isReferencedBy">
<titleInfo>
<title>United States Senate Bill 501  (115th Congress)</title>
</titleInfo>
<identifier type="Congressional Bill citation">S. 501</identifier>
<extension>
<congress>115</congress>
<context>FIRSTPARAGRAPH</context>
</extension>
</relatedItem>
<relatedItem type="isReferencedBy">
<titleInfo>
<title>United States Senate Bill 501  (115th Congress)</title>
</titleInfo>
<identifier type="Congressional Bill citation">S. 501</identifier>
<extension>
<congress>115</congress>
<context>OTHER</context>
</extension>
</relatedItem>
<relatedItem ID="P0b002ee197d838b1" type="host">
<titleInfo>
<title>Congressional Record</title>
<partNumber>Vol. 163, no. 208</partNumber>
</titleInfo>
<location>
<url access="object in context" displayLabel="Content Detail">https://www.gpo.gov/fdsys/pkg/CREC-2017-12-20/content-detail.html</url>
<url access="raw object" displayLabel="PDF rendition">https://www.gpo.gov/fdsys/pkg/CREC-2017-12-20/pdf/CREC-2017-12-20.pdf</url>
</location>
<part type="issue">
<extent unit="pages">
<start>H10249</start>
<end>H10346</end>
</extent>
<extent unit="pages">
<start>S8153</start>
<end>S8186</end>
</extent>
<extent unit="pages">
<start>E1731</start>
<end>E1744</end>
</extent>
<extent unit="pages">
<start>D1348</start>
<end>D1352</end>
</extent>
</part>
<originInfo>
<publisher>U.S. Government Publishing Office</publisher>
<dateIssued encoding="w3cdtf">2017-12-20</dateIssued>
<issuance>continuing</issuance>
<frequency authority="marcfrequency">daily</frequency>
</originInfo>
<physicalDescription>
<note type="source content type">deposited</note>
<digitalOrigin>born digital</digitalOrigin>
<extent>302 p.</extent>
</physicalDescription>
<classification authority="sudocs">X 1.1/A:</classification>
<classification authority="sudocs">X/A.</classification>
<identifier type="uri">https://www.gpo.gov/fdsys/pkg/CREC-2017-12-20</identifier>
<identifier type="local">P0b002ee197d838b1</identifier>
<identifier type="stock number">752-002-00000-2</identifier>
<identifier type="ILS system id">000568013</identifier>
<identifier type="former package identifier">CR20DE17</identifier>
<recordInfo>
<recordContentSource authority="marcorg">DGPO</recordContentSource>
<recordCreationDate encoding="w3cdtf">2017-12-22</recordCreationDate>
<recordChangeDate encoding="w3cdtf">2017-12-22</recordChangeDate>
<recordIdentifier source="DGPO">CREC-2017-12-20</recordIdentifier>
<recordOrigin>machine generated</recordOrigin>
<languageOfCataloging>
<languageTerm authority="iso639-2b" type="code">eng</languageTerm>
</languageOfCataloging>
</recordInfo>
<accessCondition type="GPO scope determination">fdlp</accessCondition>
<extension>
<docClass>CREC</docClass>
<accessId>CREC-2017-12-20</accessId>
<volume>163</volume>
<issue>208</issue>
<congress>115</congress>
<session>1</session>
<bookCount>1</bookCount>
</extension>
</relatedItem>
</mods>