<mods ID="id-CREC-2017-10-17-pt1-PgS6448-2" version="3.3" xmlns="http://www.loc.gov/mods/v3" xmlns:exslt="http://exslt.org/common" xmlns:xlink="http://www.w3.org/1999/xlink" xmlns:xsi="http://www.w3.org/2001/XMLSchema-instance" xsi:schemaLocation="http://www.loc.gov/mods/v3 http://www.loc.gov/standards/mods/v3/mods-3-3.xsd">
<name type="corporate">
<namePart>United States Government Publishing Office</namePart>
<role>
<roleTerm authority="marcrelator" type="text">publisher</roleTerm>
<roleTerm authority="marcrelator" type="code">pbl</roleTerm>
</role>
<role>
<roleTerm authority="marcrelator" type="text">distributor</roleTerm>
<roleTerm authority="marcrelator" type="code">dst</roleTerm>
</role>
</name>
<name type="corporate">
<namePart>United States</namePart>
<namePart>Congress</namePart>
<role>
<roleTerm authority="marcrelator" type="text">author</roleTerm>
<roleTerm authority="marcrelator" type="code">aut</roleTerm>
</role>
<description>Government Organization</description>
</name>
<typeOfResource>text</typeOfResource>
<genre authority="marcgt">government publication</genre>
<language>
<languageTerm authority="iso639-2b" type="code">eng</languageTerm>
</language>
<extension>
<collectionCode>CREC</collectionCode>
<category>Proceedings of Congress and General Congressional Publications</category>
<waisDatabaseName>2017_record</waisDatabaseName>
<branch>legislative</branch>
<dateIngested>2018-01-27</dateIngested>
</extension>
<titleInfo>
<title>125TH ANNIVERSARY OF A.T. STILL UNIVERSITY-KIRKSVILLE COLLEGE OF OSTEOPATHIC MEDICINE</title>
<partName>Senate</partName>
</titleInfo>
<relatedItem type="otherFormat" xlink:href="https://www.gpo.gov/fdsys/pkg/CREC-2017-10-17/html/CREC-2017-10-17-pt1-PgS6448-2.htm">
<identifier type="FDsys Unique ID">D09002ee1982214f2</identifier>
</relatedItem>
<relatedItem type="otherFormat" xlink:href="https://www.gpo.gov/fdsys/pkg/CREC-2017-10-17/pdf/CREC-2017-10-17-pt1-PgS6448-2.pdf">
<identifier type="FDsys Unique ID">D09002ee19822214c</identifier>
</relatedItem>
<identifier type="congressional record citation">163 Cong. Rec. S6448</identifier>
<identifier type="uri">https://www.gpo.gov/fdsys/granule/CREC-2017-10-17/CREC-2017-10-17-pt1-PgS6448-2</identifier>
<identifier type="former granule identifier">CR17OC17-31</identifier>
<location>
<url access="object in context" displayLabel="Content Detail">https://www.gpo.gov/fdsys/granule/CREC-2017-10-17/CREC-2017-10-17-pt1-PgS6448-2/content-detail.html</url>
<url access="raw object" displayLabel="PDF rendition">https://www.gpo.gov/fdsys/pkg/CREC-2017-10-17/pdf/CREC-2017-10-17-pt1-PgS6448-2.pdf</url>
<url access="raw object" displayLabel="HTML rendition">https://www.gpo.gov/fdsys/pkg/CREC-2017-10-17/html/CREC-2017-10-17-pt1-PgS6448-2.htm</url>
</location>
<physicalDescription>
<extent>1 p.</extent>
</physicalDescription>
<part type="article">
<extent unit="pages">
<start>S6448</start>
<end>S6448</end>
</extent>
</part>
<name type="personal">
<namePart>Roy Blunt</namePart>
<affiliation>United States Senate</affiliation>
<role>
<roleTerm type="text">speaking</roleTerm>
</role>
<description>United States Congress Member</description>
</name>
<identifier type="preferred citation">163 Cong. Rec. S6448</identifier>
<extension>
<searchTitle>125TH ANNIVERSARY OF A.T. STILL UNIVERSITY-KIRKSVILLE COLLEGE OF OSTEOPATHIC MEDICINE; Congressional Record Vol. 163, No. 167</searchTitle>
<granuleClass>SENATE</granuleClass>
<accessId>CREC-2017-10-17-pt1-PgS6448-2</accessId>
<subGranuleClass>ALLOTHER</subGranuleClass>
<pagePrefix>S</pagePrefix>
<bookNumber>1</bookNumber>
<chamber>SENATE</chamber>
<granuleDate>2017-10-17</granuleDate>
<hasInsertedComments>true</hasInsertedComments>
<congMember authorityId="1464" bioGuideId="B000575" chamber="S" congress="115" gpoId="8313" party="R" role="SPEAKING" state="MO">
<name type="parsed">Mr. BLUNT</name>
<name type="authority-fnf">Roy Blunt</name>
<name type="authority-lnf">Blunt, Roy</name>
</congMember>
</extension>
<relatedItem ID="P0b002ee19822033a" type="host">
<titleInfo>
<title>Congressional Record</title>
<partNumber>Vol. 163, no. 167</partNumber>
</titleInfo>
<location>
<url access="object in context" displayLabel="Content Detail">https://www.gpo.gov/fdsys/pkg/CREC-2017-10-17/content-detail.html</url>
<url access="raw object" displayLabel="PDF rendition">https://www.gpo.gov/fdsys/pkg/CREC-2017-10-17/pdf/CREC-2017-10-17.pdf</url>
</location>
<part type="issue">
<extent unit="pages">
<start>S6421</start>
<end>S6489</end>
</extent>
<extent unit="pages">
<start>D1093</start>
<end>D1096</end>
</extent>
</part>
<originInfo>
<publisher>U.S. Government Publishing Office</publisher>
<dateIssued encoding="w3cdtf">2017-10-17</dateIssued>
<issuance>continuing</issuance>
<frequency authority="marcfrequency">daily</frequency>
</originInfo>
<physicalDescription>
<note type="source content type">deposited</note>
<digitalOrigin>born digital</digitalOrigin>
<extent>146 p.</extent>
</physicalDescription>
<classification authority="sudocs">X 1.1/A:</classification>
<classification authority="sudocs">X/A.</classification>
<identifier type="uri">https://www.gpo.gov/fdsys/pkg/CREC-2017-10-17</identifier>
<identifier type="local">P0b002ee19822033a</identifier>
<identifier type="stock number">752-002-00000-2</identifier>
<identifier type="ILS system id">000568013</identifier>
<identifier type="former package identifier">CR17OC17</identifier>
<recordInfo>
<recordContentSource authority="marcorg">DGPO</recordContentSource>
<recordCreationDate encoding="w3cdtf">2018-01-27</recordCreationDate>
<recordChangeDate encoding="w3cdtf">2018-01-27</recordChangeDate>
<recordIdentifier source="DGPO">CREC-2017-10-17</recordIdentifier>
<recordOrigin>machine generated</recordOrigin>
<languageOfCataloging>
<languageTerm authority="iso639-2b" type="code">eng</languageTerm>
</languageOfCataloging>
</recordInfo>
<accessCondition type="GPO scope determination">fdlp</accessCondition>
<extension>
<docClass>CREC</docClass>
<accessId>CREC-2017-10-17</accessId>
<volume>163</volume>
<issue>167</issue>
<congress>115</congress>
<session>1</session>
<bookCount>1</bookCount>
</extension>
</relatedItem>
</mods>