<mods ID="id-CREC-2017-12-21-pt1-PgS8267-3" version="3.3" xmlns="http://www.loc.gov/mods/v3" xmlns:exslt="http://exslt.org/common" xmlns:xlink="http://www.w3.org/1999/xlink" xmlns:xsi="http://www.w3.org/2001/XMLSchema-instance" xsi:schemaLocation="http://www.loc.gov/mods/v3 http://www.loc.gov/standards/mods/v3/mods-3-3.xsd">
<name type="corporate">
<namePart>United States Government Publishing Office</namePart>
<role>
<roleTerm authority="marcrelator" type="text">publisher</roleTerm>
<roleTerm authority="marcrelator" type="code">pbl</roleTerm>
</role>
<role>
<roleTerm authority="marcrelator" type="text">distributor</roleTerm>
<roleTerm authority="marcrelator" type="code">dst</roleTerm>
</role>
</name>
<name type="corporate">
<namePart>United States</namePart>
<namePart>Congress</namePart>
<role>
<roleTerm authority="marcrelator" type="text">author</roleTerm>
<roleTerm authority="marcrelator" type="code">aut</roleTerm>
</role>
<description>Government Organization</description>
</name>
<typeOfResource>text</typeOfResource>
<genre authority="marcgt">government publication</genre>
<language>
<languageTerm authority="iso639-2b" type="code">eng</languageTerm>
</language>
<extension>
<collectionCode>CREC</collectionCode>
<category>Proceedings of Congress and General Congressional Publications</category>
<waisDatabaseName>2017_record</waisDatabaseName>
<branch>legislative</branch>
<dateIngested>2018-03-31</dateIngested>
</extension>
<titleInfo>
<title>ESTABLISHING WITHIN THE NATIONAL PARK SERVICE THE AFRICAN AMERICAN CIVIL RIGHTS NETWORK</title>
<partName>Senate</partName>
</titleInfo>
<relatedItem type="otherFormat" xlink:href="https://www.gpo.gov/fdsys/pkg/CREC-2017-12-21/html/CREC-2017-12-21-pt1-PgS8267-3.htm">
<identifier type="FDsys Unique ID">D09002ee199ee99dd</identifier>
</relatedItem>
<relatedItem type="otherFormat" xlink:href="https://www.gpo.gov/fdsys/pkg/CREC-2017-12-21/pdf/CREC-2017-12-21-pt1-PgS8267-3.pdf">
<identifier type="FDsys Unique ID">D09002ee199ee9ab2</identifier>
</relatedItem>
<identifier type="congressional record citation">163 Cong. Rec. S8267</identifier>
<identifier type="uri">https://www.gpo.gov/fdsys/granule/CREC-2017-12-21/CREC-2017-12-21-pt1-PgS8267-3</identifier>
<identifier type="former granule identifier">CR21DE17-257</identifier>
<location>
<url access="object in context" displayLabel="Content Detail">https://www.gpo.gov/fdsys/granule/CREC-2017-12-21/CREC-2017-12-21-pt1-PgS8267-3/content-detail.html</url>
<url access="raw object" displayLabel="PDF rendition">https://www.gpo.gov/fdsys/pkg/CREC-2017-12-21/pdf/CREC-2017-12-21-pt1-PgS8267-3.pdf</url>
<url access="raw object" displayLabel="HTML rendition">https://www.gpo.gov/fdsys/pkg/CREC-2017-12-21/html/CREC-2017-12-21-pt1-PgS8267-3.htm</url>
</location>
<physicalDescription>
<extent>1 p.</extent>
</physicalDescription>
<part type="article">
<extent unit="pages">
<start>S8267</start>
<end>S8267</end>
</extent>
</part>
<identifier type="preferred citation">163 Cong. Rec. S8267</identifier>
<extension>
<searchTitle>ESTABLISHING WITHIN THE NATIONAL PARK SERVICE THE AFRICAN AMERICAN CIVIL RIGHTS NETWORK; Congressional Record Vol. 163, No. 209</searchTitle>
<granuleClass>SENATE</granuleClass>
<accessId>CREC-2017-12-21-pt1-PgS8267-3</accessId>
<subGranuleClass>ALLOTHER</subGranuleClass>
<pagePrefix>S</pagePrefix>
<bookNumber>1</bookNumber>
<chamber>SENATE</chamber>
<granuleDate>2017-12-21</granuleDate>
<bill congress="115" context="FIRSTPARAGRAPH" number="1927" type="HR"/>
<bill congress="115" context="OTHER" number="1927" type="HR"/>
</extension>
<relatedItem type="isReferencedBy">
<titleInfo>
<title>United States House Bill 1927  (115th Congress)</title>
</titleInfo>
<identifier type="Congressional Bill citation">H.R. 1927</identifier>
<extension>
<congress>115</congress>
<context>FIRSTPARAGRAPH</context>
</extension>
</relatedItem>
<relatedItem type="isReferencedBy">
<titleInfo>
<title>United States House Bill 1927  (115th Congress)</title>
</titleInfo>
<identifier type="Congressional Bill citation">H.R. 1927</identifier>
<extension>
<congress>115</congress>
<context>OTHER</context>
</extension>
</relatedItem>
<relatedItem ID="P0b002ee199ee915a" type="host">
<titleInfo>
<title>Congressional Record</title>
<partNumber>Vol. 163, no. 209</partNumber>
</titleInfo>
<location>
<url access="object in context" displayLabel="Content Detail">https://www.gpo.gov/fdsys/pkg/CREC-2017-12-21/content-detail.html</url>
<url access="raw object" displayLabel="PDF rendition">https://www.gpo.gov/fdsys/pkg/CREC-2017-12-21/pdf/CREC-2017-12-21.pdf</url>
</location>
<part type="issue">
<extent unit="pages">
<start>H10347</start>
<end>H10421</end>
</extent>
<extent unit="pages">
<start>S8187</start>
<end>S8281</end>
</extent>
<extent unit="pages">
<start>E1745</start>
<end>E1756</end>
</extent>
<extent unit="pages">
<start>D1353</start>
<end>D1360</end>
</extent>
</part>
<originInfo>
<publisher>U.S. Government Publishing Office</publisher>
<dateIssued encoding="w3cdtf">2017-12-21</dateIssued>
<issuance>continuing</issuance>
<frequency authority="marcfrequency">daily</frequency>
</originInfo>
<physicalDescription>
<note type="source content type">deposited</note>
<digitalOrigin>born digital</digitalOrigin>
<extent>380 p.</extent>
</physicalDescription>
<classification authority="sudocs">X 1.1/A:</classification>
<classification authority="sudocs">X/A.</classification>
<identifier type="uri">https://www.gpo.gov/fdsys/pkg/CREC-2017-12-21</identifier>
<identifier type="local">P0b002ee199ee915a</identifier>
<identifier type="stock number">752-002-00000-2</identifier>
<identifier type="ILS system id">000568013</identifier>
<identifier type="former package identifier">CR21DE17</identifier>
<recordInfo>
<recordContentSource authority="marcorg">DGPO</recordContentSource>
<recordCreationDate encoding="w3cdtf">2018-03-31</recordCreationDate>
<recordChangeDate encoding="w3cdtf">2018-03-31</recordChangeDate>
<recordIdentifier source="DGPO">CREC-2017-12-21</recordIdentifier>
<recordOrigin>machine generated</recordOrigin>
<languageOfCataloging>
<languageTerm authority="iso639-2b" type="code">eng</languageTerm>
</languageOfCataloging>
</recordInfo>
<accessCondition type="GPO scope determination">fdlp</accessCondition>
<extension>
<docClass>CREC</docClass>
<accessId>CREC-2017-12-21</accessId>
<volume>163</volume>
<issue>209</issue>
<congress>115</congress>
<session>1</session>
<bookCount>1</bookCount>
</extension>
</relatedItem>
</mods>