<mods ID="id-CREC-2017-08-15-pt1-PgH6607-3" version="3.3" xmlns="http://www.loc.gov/mods/v3" xmlns:exslt="http://exslt.org/common" xmlns:xlink="http://www.w3.org/1999/xlink" xmlns:xsi="http://www.w3.org/2001/XMLSchema-instance" xsi:schemaLocation="http://www.loc.gov/mods/v3 http://www.loc.gov/standards/mods/v3/mods-3-3.xsd">
<name type="corporate">
<namePart>United States Government Publishing Office</namePart>
<role>
<roleTerm authority="marcrelator" type="text">publisher</roleTerm>
<roleTerm authority="marcrelator" type="code">pbl</roleTerm>
</role>
<role>
<roleTerm authority="marcrelator" type="text">distributor</roleTerm>
<roleTerm authority="marcrelator" type="code">dst</roleTerm>
</role>
</name>
<name type="corporate">
<namePart>United States</namePart>
<namePart>Congress</namePart>
<role>
<roleTerm authority="marcrelator" type="text">author</roleTerm>
<roleTerm authority="marcrelator" type="code">aut</roleTerm>
</role>
<description>Government Organization</description>
</name>
<typeOfResource>text</typeOfResource>
<genre authority="marcgt">government publication</genre>
<language>
<languageTerm authority="iso639-2b" type="code">eng</languageTerm>
</language>
<extension>
<collectionCode>CREC</collectionCode>
<category>Proceedings of Congress and General Congressional Publications</category>
<waisDatabaseName>2017_record</waisDatabaseName>
<branch>legislative</branch>
<dateIngested>2017-08-16</dateIngested>
</extension>
<titleInfo>
<title>ADDITIONAL SPONSORS</title>
<partName>House</partName>
</titleInfo>
<relatedItem type="otherFormat" xlink:href="https://www.gpo.gov/fdsys/pkg/CREC-2017-08-15/html/CREC-2017-08-15-pt1-PgH6607-3.htm">
<identifier type="FDsys Unique ID">D09002ee19693953b</identifier>
</relatedItem>
<relatedItem type="otherFormat" xlink:href="https://www.gpo.gov/fdsys/pkg/CREC-2017-08-15/pdf/CREC-2017-08-15-pt1-PgH6607-3.pdf">
<identifier type="FDsys Unique ID">D09002ee1969398d3</identifier>
</relatedItem>
<identifier type="congressional record citation">163 Cong. Rec. H6607</identifier>
<identifier type="uri">https://www.gpo.gov/fdsys/granule/CREC-2017-08-15/CREC-2017-08-15-pt1-PgH6607-3</identifier>
<identifier type="former granule identifier">cr15au17-46</identifier>
<location>
<url access="object in context" displayLabel="Content Detail">https://www.gpo.gov/fdsys/granule/CREC-2017-08-15/CREC-2017-08-15-pt1-PgH6607-3/content-detail.html</url>
<url access="raw object" displayLabel="PDF rendition">https://www.gpo.gov/fdsys/pkg/CREC-2017-08-15/pdf/CREC-2017-08-15-pt1-PgH6607-3.pdf</url>
<url access="raw object" displayLabel="HTML rendition">https://www.gpo.gov/fdsys/pkg/CREC-2017-08-15/html/CREC-2017-08-15-pt1-PgH6607-3.htm</url>
</location>
<physicalDescription>
<extent>1 p.</extent>
</physicalDescription>
<part type="article">
<extent unit="pages">
<start>H6607</start>
<end>H6607</end>
</extent>
</part>
<identifier type="preferred citation">163 Cong. Rec. H6607</identifier>
<extension>
<searchTitle>ADDITIONAL SPONSORS; Congressional Record Vol. 163, No. 136</searchTitle>
<granuleClass>HOUSE</granuleClass>
<accessId>CREC-2017-08-15-pt1-PgH6607-3</accessId>
<subGranuleClass>HADDSPONSORS</subGranuleClass>
<pagePrefix>H</pagePrefix>
<bookNumber>1</bookNumber>
<chamber>HOUSE</chamber>
<granuleDate>2017-08-15</granuleDate>
<time from="09:30:00" to="09:30:00"/>
<bill congress="115" context="OTHER" number="63" type="HCONRES"/>
<bill congress="115" context="OTHER" number="113" type="HR"/>
<bill congress="115" context="OTHER" number="129" type="HRES"/>
<bill congress="115" context="OTHER" number="187" type="HR"/>
<bill congress="115" context="OTHER" number="257" type="HRES"/>
<bill congress="115" context="OTHER" number="529" type="HR"/>
<bill congress="115" context="OTHER" number="564" type="HR"/>
<bill congress="115" context="OTHER" number="669" type="HR"/>
<bill congress="115" context="OTHER" number="1057" type="HR"/>
<bill congress="115" context="OTHER" number="1090" type="HR"/>
<bill congress="115" context="OTHER" number="1098" type="HR"/>
<bill congress="115" context="OTHER" number="1155" type="HR"/>
<bill congress="115" context="OTHER" number="1178" type="HR"/>
<bill congress="115" context="OTHER" number="1179" type="HR"/>
<bill congress="115" context="OTHER" number="1298" type="HR"/>
<bill congress="115" context="OTHER" number="1314" type="HR"/>
<bill congress="115" context="OTHER" number="1315" type="HR"/>
<bill congress="115" context="OTHER" number="1322" type="HR"/>
<bill congress="115" context="OTHER" number="1406" type="HR"/>
<bill congress="115" context="OTHER" number="1437" type="HR"/>
<bill congress="115" context="OTHER" number="1661" type="HR"/>
<bill congress="115" context="OTHER" number="1828" type="HR"/>
<bill congress="115" context="OTHER" number="1880" type="HR"/>
<bill congress="115" context="OTHER" number="2396" type="HR"/>
<bill congress="115" context="OTHER" number="2482" type="HR"/>
<bill congress="115" context="OTHER" number="2505" type="HR"/>
<bill congress="115" context="OTHER" number="2589" type="HR"/>
<bill congress="115" context="OTHER" number="2821" type="HR"/>
<bill congress="115" context="OTHER" number="2840" type="HR"/>
<bill congress="115" context="OTHER" number="3046" type="HR"/>
<bill congress="115" context="OTHER" number="3107" type="HR"/>
<bill congress="115" context="OTHER" number="3174" type="HR"/>
<bill congress="115" context="OTHER" number="3197" type="HR"/>
<bill congress="115" context="OTHER" number="3222" type="HR"/>
<bill congress="115" context="OTHER" number="3332" type="HR"/>
<bill congress="115" context="OTHER" number="3333" type="HR"/>
<bill congress="115" context="OTHER" number="3393" type="HR"/>
<bill congress="115" context="OTHER" number="3402" type="HR"/>
<bill congress="115" context="OTHER" number="3513" type="HR"/>
<bill congress="115" context="OTHER" number="3529" type="HR"/>
<bill congress="115" context="OTHER" number="3545" type="HR"/>
<bill congress="115" context="OTHER" number="3650" type="HR"/>
</extension>
<relatedItem type="isReferencedBy">
<titleInfo>
<title>United States House Concurrent Resolution 63  (115th Congress)</title>
</titleInfo>
<identifier type="Congressional Bill citation">H. Con. Res. 63</identifier>
<extension>
<congress>115</congress>
<context>OTHER</context>
</extension>
</relatedItem>
<relatedItem type="isReferencedBy">
<titleInfo>
<title>United States House Bill 113  (115th Congress)</title>
</titleInfo>
<identifier type="Congressional Bill citation">H.R. 113</identifier>
<extension>
<congress>115</congress>
<context>OTHER</context>
</extension>
</relatedItem>
<relatedItem type="isReferencedBy">
<titleInfo>
<title>United States House Resolution 129  (115th Congress)</title>
</titleInfo>
<identifier type="Congressional Bill citation">H. Res. 129</identifier>
<extension>
<congress>115</congress>
<context>OTHER</context>
</extension>
</relatedItem>
<relatedItem type="isReferencedBy">
<titleInfo>
<title>United States House Bill 187  (115th Congress)</title>
</titleInfo>
<identifier type="Congressional Bill citation">H.R. 187</identifier>
<extension>
<congress>115</congress>
<context>OTHER</context>
</extension>
</relatedItem>
<relatedItem type="isReferencedBy">
<titleInfo>
<title>United States House Resolution 257  (115th Congress)</title>
</titleInfo>
<identifier type="Congressional Bill citation">H. Res. 257</identifier>
<extension>
<congress>115</congress>
<context>OTHER</context>
</extension>
</relatedItem>
<relatedItem type="isReferencedBy">
<titleInfo>
<title>United States House Bill 529  (115th Congress)</title>
</titleInfo>
<identifier type="Congressional Bill citation">H.R. 529</identifier>
<extension>
<congress>115</congress>
<context>OTHER</context>
</extension>
</relatedItem>
<relatedItem type="isReferencedBy">
<titleInfo>
<title>United States House Bill 564  (115th Congress)</title>
</titleInfo>
<identifier type="Congressional Bill citation">H.R. 564</identifier>
<extension>
<congress>115</congress>
<context>OTHER</context>
</extension>
</relatedItem>
<relatedItem type="isReferencedBy">
<titleInfo>
<title>United States House Bill 669  (115th Congress)</title>
</titleInfo>
<identifier type="Congressional Bill citation">H.R. 669</identifier>
<extension>
<congress>115</congress>
<context>OTHER</context>
</extension>
</relatedItem>
<relatedItem type="isReferencedBy">
<titleInfo>
<title>United States House Bill 1057  (115th Congress)</title>
</titleInfo>
<identifier type="Congressional Bill citation">H.R. 1057</identifier>
<extension>
<congress>115</congress>
<context>OTHER</context>
</extension>
</relatedItem>
<relatedItem type="isReferencedBy">
<titleInfo>
<title>United States House Bill 1090  (115th Congress)</title>
</titleInfo>
<identifier type="Congressional Bill citation">H.R. 1090</identifier>
<extension>
<congress>115</congress>
<context>OTHER</context>
</extension>
</relatedItem>
<relatedItem type="isReferencedBy">
<titleInfo>
<title>United States House Bill 1098  (115th Congress)</title>
</titleInfo>
<identifier type="Congressional Bill citation">H.R. 1098</identifier>
<extension>
<congress>115</congress>
<context>OTHER</context>
</extension>
</relatedItem>
<relatedItem type="isReferencedBy">
<titleInfo>
<title>United States House Bill 1155  (115th Congress)</title>
</titleInfo>
<identifier type="Congressional Bill citation">H.R. 1155</identifier>
<extension>
<congress>115</congress>
<context>OTHER</context>
</extension>
</relatedItem>
<relatedItem type="isReferencedBy">
<titleInfo>
<title>United States House Bill 1178  (115th Congress)</title>
</titleInfo>
<identifier type="Congressional Bill citation">H.R. 1178</identifier>
<extension>
<congress>115</congress>
<context>OTHER</context>
</extension>
</relatedItem>
<relatedItem type="isReferencedBy">
<titleInfo>
<title>United States House Bill 1179  (115th Congress)</title>
</titleInfo>
<identifier type="Congressional Bill citation">H.R. 1179</identifier>
<extension>
<congress>115</congress>
<context>OTHER</context>
</extension>
</relatedItem>
<relatedItem type="isReferencedBy">
<titleInfo>
<title>United States House Bill 1298  (115th Congress)</title>
</titleInfo>
<identifier type="Congressional Bill citation">H.R. 1298</identifier>
<extension>
<congress>115</congress>
<context>OTHER</context>
</extension>
</relatedItem>
<relatedItem type="isReferencedBy">
<titleInfo>
<title>United States House Bill 1314  (115th Congress)</title>
</titleInfo>
<identifier type="Congressional Bill citation">H.R. 1314</identifier>
<extension>
<congress>115</congress>
<context>OTHER</context>
</extension>
</relatedItem>
<relatedItem type="isReferencedBy">
<titleInfo>
<title>United States House Bill 1315  (115th Congress)</title>
</titleInfo>
<identifier type="Congressional Bill citation">H.R. 1315</identifier>
<extension>
<congress>115</congress>
<context>OTHER</context>
</extension>
</relatedItem>
<relatedItem type="isReferencedBy">
<titleInfo>
<title>United States House Bill 1322  (115th Congress)</title>
</titleInfo>
<identifier type="Congressional Bill citation">H.R. 1322</identifier>
<extension>
<congress>115</congress>
<context>OTHER</context>
</extension>
</relatedItem>
<relatedItem type="isReferencedBy">
<titleInfo>
<title>United States House Bill 1406  (115th Congress)</title>
</titleInfo>
<identifier type="Congressional Bill citation">H.R. 1406</identifier>
<extension>
<congress>115</congress>
<context>OTHER</context>
</extension>
</relatedItem>
<relatedItem type="isReferencedBy">
<titleInfo>
<title>United States House Bill 1437  (115th Congress)</title>
</titleInfo>
<identifier type="Congressional Bill citation">H.R. 1437</identifier>
<extension>
<congress>115</congress>
<context>OTHER</context>
</extension>
</relatedItem>
<relatedItem type="isReferencedBy">
<titleInfo>
<title>United States House Bill 1661  (115th Congress)</title>
</titleInfo>
<identifier type="Congressional Bill citation">H.R. 1661</identifier>
<extension>
<congress>115</congress>
<context>OTHER</context>
</extension>
</relatedItem>
<relatedItem type="isReferencedBy">
<titleInfo>
<title>United States House Bill 1828  (115th Congress)</title>
</titleInfo>
<identifier type="Congressional Bill citation">H.R. 1828</identifier>
<extension>
<congress>115</congress>
<context>OTHER</context>
</extension>
</relatedItem>
<relatedItem type="isReferencedBy">
<titleInfo>
<title>United States House Bill 1880  (115th Congress)</title>
</titleInfo>
<identifier type="Congressional Bill citation">H.R. 1880</identifier>
<extension>
<congress>115</congress>
<context>OTHER</context>
</extension>
</relatedItem>
<relatedItem type="isReferencedBy">
<titleInfo>
<title>United States House Bill 2396  (115th Congress)</title>
</titleInfo>
<identifier type="Congressional Bill citation">H.R. 2396</identifier>
<extension>
<congress>115</congress>
<context>OTHER</context>
</extension>
</relatedItem>
<relatedItem type="isReferencedBy">
<titleInfo>
<title>United States House Bill 2482  (115th Congress)</title>
</titleInfo>
<identifier type="Congressional Bill citation">H.R. 2482</identifier>
<extension>
<congress>115</congress>
<context>OTHER</context>
</extension>
</relatedItem>
<relatedItem type="isReferencedBy">
<titleInfo>
<title>United States House Bill 2505  (115th Congress)</title>
</titleInfo>
<identifier type="Congressional Bill citation">H.R. 2505</identifier>
<extension>
<congress>115</congress>
<context>OTHER</context>
</extension>
</relatedItem>
<relatedItem type="isReferencedBy">
<titleInfo>
<title>United States House Bill 2589  (115th Congress)</title>
</titleInfo>
<identifier type="Congressional Bill citation">H.R. 2589</identifier>
<extension>
<congress>115</congress>
<context>OTHER</context>
</extension>
</relatedItem>
<relatedItem type="isReferencedBy">
<titleInfo>
<title>United States House Bill 2821  (115th Congress)</title>
</titleInfo>
<identifier type="Congressional Bill citation">H.R. 2821</identifier>
<extension>
<congress>115</congress>
<context>OTHER</context>
</extension>
</relatedItem>
<relatedItem type="isReferencedBy">
<titleInfo>
<title>United States House Bill 2840  (115th Congress)</title>
</titleInfo>
<identifier type="Congressional Bill citation">H.R. 2840</identifier>
<extension>
<congress>115</congress>
<context>OTHER</context>
</extension>
</relatedItem>
<relatedItem type="isReferencedBy">
<titleInfo>
<title>United States House Bill 3046  (115th Congress)</title>
</titleInfo>
<identifier type="Congressional Bill citation">H.R. 3046</identifier>
<extension>
<congress>115</congress>
<context>OTHER</context>
</extension>
</relatedItem>
<relatedItem type="isReferencedBy">
<titleInfo>
<title>United States House Bill 3107  (115th Congress)</title>
</titleInfo>
<identifier type="Congressional Bill citation">H.R. 3107</identifier>
<extension>
<congress>115</congress>
<context>OTHER</context>
</extension>
</relatedItem>
<relatedItem type="isReferencedBy">
<titleInfo>
<title>United States House Bill 3174  (115th Congress)</title>
</titleInfo>
<identifier type="Congressional Bill citation">H.R. 3174</identifier>
<extension>
<congress>115</congress>
<context>OTHER</context>
</extension>
</relatedItem>
<relatedItem type="isReferencedBy">
<titleInfo>
<title>United States House Bill 3197  (115th Congress)</title>
</titleInfo>
<identifier type="Congressional Bill citation">H.R. 3197</identifier>
<extension>
<congress>115</congress>
<context>OTHER</context>
</extension>
</relatedItem>
<relatedItem type="isReferencedBy">
<titleInfo>
<title>United States House Bill 3222  (115th Congress)</title>
</titleInfo>
<identifier type="Congressional Bill citation">H.R. 3222</identifier>
<extension>
<congress>115</congress>
<context>OTHER</context>
</extension>
</relatedItem>
<relatedItem type="isReferencedBy">
<titleInfo>
<title>United States House Bill 3332  (115th Congress)</title>
</titleInfo>
<identifier type="Congressional Bill citation">H.R. 3332</identifier>
<extension>
<congress>115</congress>
<context>OTHER</context>
</extension>
</relatedItem>
<relatedItem type="isReferencedBy">
<titleInfo>
<title>United States House Bill 3333  (115th Congress)</title>
</titleInfo>
<identifier type="Congressional Bill citation">H.R. 3333</identifier>
<extension>
<congress>115</congress>
<context>OTHER</context>
</extension>
</relatedItem>
<relatedItem type="isReferencedBy">
<titleInfo>
<title>United States House Bill 3393  (115th Congress)</title>
</titleInfo>
<identifier type="Congressional Bill citation">H.R. 3393</identifier>
<extension>
<congress>115</congress>
<context>OTHER</context>
</extension>
</relatedItem>
<relatedItem type="isReferencedBy">
<titleInfo>
<title>United States House Bill 3402  (115th Congress)</title>
</titleInfo>
<identifier type="Congressional Bill citation">H.R. 3402</identifier>
<extension>
<congress>115</congress>
<context>OTHER</context>
</extension>
</relatedItem>
<relatedItem type="isReferencedBy">
<titleInfo>
<title>United States House Bill 3513  (115th Congress)</title>
</titleInfo>
<identifier type="Congressional Bill citation">H.R. 3513</identifier>
<extension>
<congress>115</congress>
<context>OTHER</context>
</extension>
</relatedItem>
<relatedItem type="isReferencedBy">
<titleInfo>
<title>United States House Bill 3529  (115th Congress)</title>
</titleInfo>
<identifier type="Congressional Bill citation">H.R. 3529</identifier>
<extension>
<congress>115</congress>
<context>OTHER</context>
</extension>
</relatedItem>
<relatedItem type="isReferencedBy">
<titleInfo>
<title>United States House Bill 3545  (115th Congress)</title>
</titleInfo>
<identifier type="Congressional Bill citation">H.R. 3545</identifier>
<extension>
<congress>115</congress>
<context>OTHER</context>
</extension>
</relatedItem>
<relatedItem type="isReferencedBy">
<titleInfo>
<title>United States House Bill 3650  (115th Congress)</title>
</titleInfo>
<identifier type="Congressional Bill citation">H.R. 3650</identifier>
<extension>
<congress>115</congress>
<context>OTHER</context>
</extension>
</relatedItem>
<relatedItem ID="P0b002ee196938bdc" type="host">
<titleInfo>
<title>Congressional Record</title>
<partNumber>Vol. 163, no. 136</partNumber>
</titleInfo>
<location>
<url access="object in context" displayLabel="Content Detail">https://www.gpo.gov/fdsys/pkg/CREC-2017-08-15/content-detail.html</url>
<url access="raw object" displayLabel="PDF rendition">https://www.gpo.gov/fdsys/pkg/CREC-2017-08-15/pdf/CREC-2017-08-15.pdf</url>
</location>
<part type="issue">
<extent unit="pages">
<start>H6605</start>
<end>H6607</end>
</extent>
<extent unit="pages">
<start>S4905</start>
<end>S4905</end>
</extent>
<extent unit="pages">
<start>E1131</start>
<end>E1135</end>
</extent>
<extent unit="pages">
<start>D899</start>
<end>D900</end>
</extent>
</part>
<originInfo>
<publisher>U.S. Government Publishing Office</publisher>
<dateIssued encoding="w3cdtf">2017-08-15</dateIssued>
<issuance>continuing</issuance>
<frequency authority="marcfrequency">daily</frequency>
</originInfo>
<physicalDescription>
<note type="source content type">deposited</note>
<digitalOrigin>born digital</digitalOrigin>
<extent>22 p.</extent>
</physicalDescription>
<classification authority="sudocs">X 1.1/A:</classification>
<classification authority="sudocs">X/A.</classification>
<identifier type="uri">https://www.gpo.gov/fdsys/pkg/CREC-2017-08-15</identifier>
<identifier type="local">P0b002ee196938bdc</identifier>
<identifier type="stock number">752-002-00000-2</identifier>
<identifier type="ILS system id">000568013</identifier>
<identifier type="former package identifier">cr15au17</identifier>
<recordInfo>
<recordContentSource authority="marcorg">DGPO</recordContentSource>
<recordCreationDate encoding="w3cdtf">2017-08-16</recordCreationDate>
<recordChangeDate encoding="w3cdtf">2017-08-16</recordChangeDate>
<recordIdentifier source="DGPO">CREC-2017-08-15</recordIdentifier>
<recordOrigin>machine generated</recordOrigin>
<languageOfCataloging>
<languageTerm authority="iso639-2b" type="code">eng</languageTerm>
</languageOfCataloging>
</recordInfo>
<accessCondition type="GPO scope determination">fdlp</accessCondition>
<extension>
<docClass>CREC</docClass>
<accessId>CREC-2017-08-15</accessId>
<volume>163</volume>
<issue>136</issue>
<congress>115</congress>
<session>1</session>
<bookCount>1</bookCount>
</extension>
</relatedItem>
</mods>