<mods ID="id-CREC-2017-11-15-pt1-PgH9376" version="3.3" xmlns="http://www.loc.gov/mods/v3" xmlns:exslt="http://exslt.org/common" xmlns:xlink="http://www.w3.org/1999/xlink" xmlns:xsi="http://www.w3.org/2001/XMLSchema-instance" xsi:schemaLocation="http://www.loc.gov/mods/v3 http://www.loc.gov/standards/mods/v3/mods-3-3.xsd">
<name type="corporate">
<namePart>United States Government Publishing Office</namePart>
<role>
<roleTerm authority="marcrelator" type="text">publisher</roleTerm>
<roleTerm authority="marcrelator" type="code">pbl</roleTerm>
</role>
<role>
<roleTerm authority="marcrelator" type="text">distributor</roleTerm>
<roleTerm authority="marcrelator" type="code">dst</roleTerm>
</role>
</name>
<name type="corporate">
<namePart>United States</namePart>
<namePart>Congress</namePart>
<role>
<roleTerm authority="marcrelator" type="text">author</roleTerm>
<roleTerm authority="marcrelator" type="code">aut</roleTerm>
</role>
<description>Government Organization</description>
</name>
<typeOfResource>text</typeOfResource>
<genre authority="marcgt">government publication</genre>
<language>
<languageTerm authority="iso639-2b" type="code">eng</languageTerm>
</language>
<extension>
<collectionCode>CREC</collectionCode>
<category>Proceedings of Congress and General Congressional Publications</category>
<waisDatabaseName>2017_record</waisDatabaseName>
<branch>legislative</branch>
<dateIngested>2017-11-16</dateIngested>
</extension>
<titleInfo>
<title>MEMORIALS</title>
<partName>House</partName>
</titleInfo>
<relatedItem type="otherFormat" xlink:href="https://www.gpo.gov/fdsys/pkg/CREC-2017-11-15/html/CREC-2017-11-15-pt1-PgH9376.htm">
<identifier type="FDsys Unique ID">D09002ee1977f4ce2</identifier>
</relatedItem>
<relatedItem type="otherFormat" xlink:href="https://www.gpo.gov/fdsys/pkg/CREC-2017-11-15/pdf/CREC-2017-11-15-pt1-PgH9376.pdf">
<identifier type="FDsys Unique ID">D09002ee1977f520b</identifier>
</relatedItem>
<identifier type="congressional record citation">163 Cong. Rec. H9376</identifier>
<identifier type="uri">https://www.gpo.gov/fdsys/granule/CREC-2017-11-15/CREC-2017-11-15-pt1-PgH9376</identifier>
<identifier type="former granule identifier">cr15no17-129</identifier>
<location>
<url access="object in context" displayLabel="Content Detail">https://www.gpo.gov/fdsys/granule/CREC-2017-11-15/CREC-2017-11-15-pt1-PgH9376/content-detail.html</url>
<url access="raw object" displayLabel="PDF rendition">https://www.gpo.gov/fdsys/pkg/CREC-2017-11-15/pdf/CREC-2017-11-15-pt1-PgH9376.pdf</url>
<url access="raw object" displayLabel="HTML rendition">https://www.gpo.gov/fdsys/pkg/CREC-2017-11-15/html/CREC-2017-11-15-pt1-PgH9376.htm</url>
</location>
<physicalDescription>
<extent>1 p.</extent>
</physicalDescription>
<part type="article">
<extent unit="pages">
<start>H9376</start>
<end>H9376</end>
</extent>
</part>
<name type="corporate">
<namePart>United States</namePart>
<namePart>Congress</namePart>
<namePart>House of Representatives</namePart>
<namePart>Committee on Energy and Commerce</namePart>
<role>
<roleTerm authority="marcrelator" type="text">associated name</roleTerm>
<roleTerm authority="marcrelator" type="code">asn</roleTerm>
</role>
<description>Government Organization</description>
</name>
<identifier type="preferred citation">163 Cong. Rec. H9376</identifier>
<extension>
<searchTitle>MEMORIALS; Congressional Record Vol. 163, No. 187</searchTitle>
<granuleClass>HOUSE</granuleClass>
<accessId>CREC-2017-11-15-pt1-PgH9376</accessId>
<subGranuleClass>HMEMORIALS</subGranuleClass>
<pagePrefix>H</pagePrefix>
<bookNumber>1</bookNumber>
<chamber>HOUSE</chamber>
<granuleDate>2017-11-15</granuleDate>
<time from="21:15:00" to="21:15:00"/>
<bill congress="115" context="OTHER" number="227" type="SRES"/>
<bill congress="115" context="OTHER" number="576" type="HRES"/>
<congCommittee authorityId="hsif00" chamber="H" congress="115" type="S">
<name type="authority-standard">Committee on Energy and Commerce</name>
<name type="authority-short">Energy and Commerce</name>
</congCommittee>
</extension>
<relatedItem type="isReferencedBy">
<titleInfo>
<title>United States Senate Resolution 227  (115th Congress)</title>
</titleInfo>
<identifier type="Congressional Bill citation">S. Res. 227</identifier>
<extension>
<congress>115</congress>
<context>OTHER</context>
</extension>
</relatedItem>
<relatedItem type="isReferencedBy">
<titleInfo>
<title>United States House Resolution 576  (115th Congress)</title>
</titleInfo>
<identifier type="Congressional Bill citation">H. Res. 576</identifier>
<extension>
<congress>115</congress>
<context>OTHER</context>
</extension>
</relatedItem>
<relatedItem ID="P0b002ee1977f2eed" type="host">
<titleInfo>
<title>Congressional Record</title>
<partNumber>Vol. 163, no. 187</partNumber>
</titleInfo>
<location>
<url access="object in context" displayLabel="Content Detail">https://www.gpo.gov/fdsys/pkg/CREC-2017-11-15/content-detail.html</url>
<url access="raw object" displayLabel="PDF rendition">https://www.gpo.gov/fdsys/pkg/CREC-2017-11-15/pdf/CREC-2017-11-15.pdf</url>
</location>
<part type="issue">
<extent unit="pages">
<start>H9257</start>
<end>H9378</end>
</extent>
<extent unit="pages">
<start>S7225</start>
<end>S7268</end>
</extent>
<extent unit="pages">
<start>E1569</start>
<end>E1578</end>
</extent>
<extent unit="pages">
<start>D1221</start>
<end>D1228</end>
</extent>
</part>
<originInfo>
<publisher>U.S. Government Publishing Office</publisher>
<dateIssued encoding="w3cdtf">2017-11-15</dateIssued>
<issuance>continuing</issuance>
<frequency authority="marcfrequency">daily</frequency>
</originInfo>
<physicalDescription>
<note type="source content type">deposited</note>
<digitalOrigin>born digital</digitalOrigin>
<extent>368 p.</extent>
</physicalDescription>
<classification authority="sudocs">X 1.1/A:</classification>
<classification authority="sudocs">X/A.</classification>
<identifier type="uri">https://www.gpo.gov/fdsys/pkg/CREC-2017-11-15</identifier>
<identifier type="local">P0b002ee1977f2eed</identifier>
<identifier type="stock number">752-002-00000-2</identifier>
<identifier type="ILS system id">000568013</identifier>
<identifier type="former package identifier">cr15no17</identifier>
<recordInfo>
<recordContentSource authority="marcorg">DGPO</recordContentSource>
<recordCreationDate encoding="w3cdtf">2017-11-16</recordCreationDate>
<recordChangeDate encoding="w3cdtf">2017-11-16</recordChangeDate>
<recordIdentifier source="DGPO">CREC-2017-11-15</recordIdentifier>
<recordOrigin>machine generated</recordOrigin>
<languageOfCataloging>
<languageTerm authority="iso639-2b" type="code">eng</languageTerm>
</languageOfCataloging>
</recordInfo>
<accessCondition type="GPO scope determination">fdlp</accessCondition>
<extension>
<docClass>CREC</docClass>
<accessId>CREC-2017-11-15</accessId>
<volume>163</volume>
<issue>187</issue>
<congress>115</congress>
<session>1</session>
<bookCount>1</bookCount>
</extension>
</relatedItem>
</mods>