<mods ID="id-CREC-2017-11-03-pt1-PgH8490" version="3.3" xmlns="http://www.loc.gov/mods/v3" xmlns:exslt="http://exslt.org/common" xmlns:xlink="http://www.w3.org/1999/xlink" xmlns:xsi="http://www.w3.org/2001/XMLSchema-instance" xsi:schemaLocation="http://www.loc.gov/mods/v3 http://www.loc.gov/standards/mods/v3/mods-3-3.xsd">
<name type="corporate">
<namePart>United States Government Publishing Office</namePart>
<role>
<roleTerm authority="marcrelator" type="text">publisher</roleTerm>
<roleTerm authority="marcrelator" type="code">pbl</roleTerm>
</role>
<role>
<roleTerm authority="marcrelator" type="text">distributor</roleTerm>
<roleTerm authority="marcrelator" type="code">dst</roleTerm>
</role>
</name>
<name type="corporate">
<namePart>United States</namePart>
<namePart>Congress</namePart>
<role>
<roleTerm authority="marcrelator" type="text">author</roleTerm>
<roleTerm authority="marcrelator" type="code">aut</roleTerm>
</role>
<description>Government Organization</description>
</name>
<typeOfResource>text</typeOfResource>
<genre authority="marcgt">government publication</genre>
<language>
<languageTerm authority="iso639-2b" type="code">eng</languageTerm>
</language>
<extension>
<collectionCode>CREC</collectionCode>
<category>Proceedings of Congress and General Congressional Publications</category>
<waisDatabaseName>2017_record</waisDatabaseName>
<branch>legislative</branch>
<dateIngested>2018-02-24</dateIngested>
</extension>
<titleInfo>
<title>EXPENDITURE REPORTS CONCERNING OFFICIAL FOREIGN TRAVEL</title>
<partName>House</partName>
</titleInfo>
<relatedItem type="otherFormat" xlink:href="https://www.gpo.gov/fdsys/pkg/CREC-2017-11-03/html/CREC-2017-11-03-pt1-PgH8490.htm">
<identifier type="FDsys Unique ID">D09002ee19891f4a8</identifier>
</relatedItem>
<relatedItem type="otherFormat" xlink:href="https://www.gpo.gov/fdsys/pkg/CREC-2017-11-03/pdf/CREC-2017-11-03-pt1-PgH8490.pdf">
<identifier type="FDsys Unique ID">D09002ee19891f4f0</identifier>
</relatedItem>
<identifier type="congressional record citation">163 Cong. Rec. H8490</identifier>
<identifier type="uri">https://www.gpo.gov/fdsys/granule/CREC-2017-11-03/CREC-2017-11-03-pt1-PgH8490</identifier>
<identifier type="former granule identifier">CR03NO17-62</identifier>
<location>
<url access="object in context" displayLabel="Content Detail">https://www.gpo.gov/fdsys/granule/CREC-2017-11-03/CREC-2017-11-03-pt1-PgH8490/content-detail.html</url>
<url access="raw object" displayLabel="PDF rendition">https://www.gpo.gov/fdsys/pkg/CREC-2017-11-03/pdf/CREC-2017-11-03-pt1-PgH8490.pdf</url>
<url access="raw object" displayLabel="HTML rendition">https://www.gpo.gov/fdsys/pkg/CREC-2017-11-03/html/CREC-2017-11-03-pt1-PgH8490.htm</url>
</location>
<physicalDescription>
<extent>5 p.</extent>
</physicalDescription>
<part type="article">
<extent unit="pages">
<start>H8490</start>
<end>H8494</end>
</extent>
</part>
<identifier type="preferred citation">163 Cong. Rec. H8490</identifier>
<extension>
<searchTitle>EXPENDITURE REPORTS CONCERNING OFFICIAL FOREIGN TRAVEL; Congressional Record Vol. 163, No. 179</searchTitle>
<granuleClass>HOUSE</granuleClass>
<accessId>CREC-2017-11-03-pt1-PgH8490</accessId>
<subGranuleClass>HEXPENDITURE</subGranuleClass>
<pagePrefix>H</pagePrefix>
<bookNumber>1</bookNumber>
<chamber>HOUSE</chamber>
<granuleDate>2017-11-03</granuleDate>
<time from="13:15:00" to="13:15:00"/>
<law congress="95" isPrivate="false" number="384"/>
</extension>
<relatedItem>
<titleInfo>
<title>United States Public Law 95-384</title>
</titleInfo>
<identifier type="public law citation">Public Law 95-384</identifier>
</relatedItem>
<relatedItem ID="P0b002ee198838115" type="host">
<titleInfo>
<title>Congressional Record</title>
<partNumber>Vol. 163, no. 179</partNumber>
</titleInfo>
<location>
<url access="object in context" displayLabel="Content Detail">https://www.gpo.gov/fdsys/pkg/CREC-2017-11-03/content-detail.html</url>
<url access="raw object" displayLabel="PDF rendition">https://www.gpo.gov/fdsys/pkg/CREC-2017-11-03/pdf/CREC-2017-11-03.pdf</url>
</location>
<part type="issue">
<extent unit="pages">
<start>H8447</start>
<end>H8497</end>
</extent>
<extent unit="pages">
<start>E1501</start>
<end>E1505</end>
</extent>
<extent unit="pages">
<start>D1170</start>
<end>D1172</end>
</extent>
</part>
<originInfo>
<publisher>U.S. Government Publishing Office</publisher>
<dateIssued encoding="w3cdtf">2017-11-03</dateIssued>
<issuance>continuing</issuance>
<frequency authority="marcfrequency">daily</frequency>
</originInfo>
<physicalDescription>
<note type="source content type">deposited</note>
<digitalOrigin>born digital</digitalOrigin>
<extent>118 p.</extent>
</physicalDescription>
<classification authority="sudocs">X 1.1/A:</classification>
<classification authority="sudocs">X/A.</classification>
<identifier type="uri">https://www.gpo.gov/fdsys/pkg/CREC-2017-11-03</identifier>
<identifier type="local">P0b002ee198838115</identifier>
<identifier type="stock number">752-002-00000-2</identifier>
<identifier type="ILS system id">000568013</identifier>
<identifier type="former package identifier">CR03NO17</identifier>
<recordInfo>
<recordContentSource authority="marcorg">DGPO</recordContentSource>
<recordCreationDate encoding="w3cdtf">2018-02-24</recordCreationDate>
<recordChangeDate encoding="w3cdtf">2018-02-24</recordChangeDate>
<recordIdentifier source="DGPO">CREC-2017-11-03</recordIdentifier>
<recordOrigin>machine generated</recordOrigin>
<languageOfCataloging>
<languageTerm authority="iso639-2b" type="code">eng</languageTerm>
</languageOfCataloging>
</recordInfo>
<accessCondition type="GPO scope determination">fdlp</accessCondition>
<extension>
<docClass>CREC</docClass>
<accessId>CREC-2017-11-03</accessId>
<volume>163</volume>
<issue>179</issue>
<congress>115</congress>
<session>1</session>
<bookCount>1</bookCount>
</extension>
</relatedItem>
</mods>