<mods ID="id-CREC-2017-09-27-pt1-PgH7567-4" version="3.3" xmlns="http://www.loc.gov/mods/v3" xmlns:exslt="http://exslt.org/common" xmlns:xlink="http://www.w3.org/1999/xlink" xmlns:xsi="http://www.w3.org/2001/XMLSchema-instance" xsi:schemaLocation="http://www.loc.gov/mods/v3 http://www.loc.gov/standards/mods/v3/mods-3-3.xsd">
<name type="corporate">
<namePart>United States Government Publishing Office</namePart>
<role>
<roleTerm authority="marcrelator" type="text">publisher</roleTerm>
<roleTerm authority="marcrelator" type="code">pbl</roleTerm>
</role>
<role>
<roleTerm authority="marcrelator" type="text">distributor</roleTerm>
<roleTerm authority="marcrelator" type="code">dst</roleTerm>
</role>
</name>
<name type="corporate">
<namePart>United States</namePart>
<namePart>Congress</namePart>
<role>
<roleTerm authority="marcrelator" type="text">author</roleTerm>
<roleTerm authority="marcrelator" type="code">aut</roleTerm>
</role>
<description>Government Organization</description>
</name>
<typeOfResource>text</typeOfResource>
<genre authority="marcgt">government publication</genre>
<language>
<languageTerm authority="iso639-2b" type="code">eng</languageTerm>
</language>
<extension>
<collectionCode>CREC</collectionCode>
<category>Proceedings of Congress and General Congressional Publications</category>
<waisDatabaseName>2017_record</waisDatabaseName>
<branch>legislative</branch>
<dateIngested>2017-09-28</dateIngested>
</extension>
<titleInfo>
<title>SEPTEMBER IS SUICIDE PREVENTION MONTH</title>
<partName>House</partName>
</titleInfo>
<relatedItem type="otherFormat" xlink:href="https://www.gpo.gov/fdsys/pkg/CREC-2017-09-27/html/CREC-2017-09-27-pt1-PgH7567-4.htm">
<identifier type="FDsys Unique ID">D09002ee19703e6c3</identifier>
</relatedItem>
<relatedItem type="otherFormat" xlink:href="https://www.gpo.gov/fdsys/pkg/CREC-2017-09-27/pdf/CREC-2017-09-27-pt1-PgH7567-4.pdf">
<identifier type="FDsys Unique ID">D09002ee19703e75c</identifier>
</relatedItem>
<identifier type="congressional record citation">163 Cong. Rec. H7567</identifier>
<identifier type="uri">https://www.gpo.gov/fdsys/granule/CREC-2017-09-27/CREC-2017-09-27-pt1-PgH7567-4</identifier>
<identifier type="former granule identifier">cr27se17-77</identifier>
<location>
<url access="object in context" displayLabel="Content Detail">https://www.gpo.gov/fdsys/granule/CREC-2017-09-27/CREC-2017-09-27-pt1-PgH7567-4/content-detail.html</url>
<url access="raw object" displayLabel="PDF rendition">https://www.gpo.gov/fdsys/pkg/CREC-2017-09-27/pdf/CREC-2017-09-27-pt1-PgH7567-4.pdf</url>
<url access="raw object" displayLabel="HTML rendition">https://www.gpo.gov/fdsys/pkg/CREC-2017-09-27/html/CREC-2017-09-27-pt1-PgH7567-4.htm</url>
</location>
<physicalDescription>
<extent>7 p.</extent>
</physicalDescription>
<part type="article">
<extent unit="pages">
<start>H7567</start>
<end>H7573</end>
</extent>
</part>
<name type="personal">
<namePart>Kyrsten Sinema</namePart>
<affiliation>United States House of Representatives</affiliation>
<role>
<roleTerm type="text">speaking</roleTerm>
</role>
<description>United States Congress Member</description>
</name>
<name type="personal">
<namePart>Bill Johnson</namePart>
<affiliation>United States House of Representatives</affiliation>
<role>
<roleTerm type="text">speaking</roleTerm>
</role>
<description>United States Congress Member</description>
</name>
<name type="personal">
<namePart>Stephanie N. Murphy</namePart>
<affiliation>United States House of Representatives</affiliation>
<role>
<roleTerm type="text">speaking</roleTerm>
</role>
<description>United States Congress Member</description>
</name>
<name type="personal">
<namePart>David Scott</namePart>
<affiliation>United States House of Representatives</affiliation>
<role>
<roleTerm type="text">speaking</roleTerm>
</role>
<description>United States Congress Member</description>
</name>
<name type="personal">
<namePart>Tim Murphy</namePart>
<affiliation>United States House of Representatives</affiliation>
<role>
<roleTerm type="text">speaking</roleTerm>
</role>
<description>United States Congress Member</description>
</name>
<name type="personal">
<namePart>Thomas R. Suozzi</namePart>
<affiliation>United States House of Representatives</affiliation>
<role>
<roleTerm type="text">speaking</roleTerm>
</role>
<description>United States Congress Member</description>
</name>
<name type="personal">
<namePart>Julia Brownley</namePart>
<affiliation>United States House of Representatives</affiliation>
<role>
<roleTerm type="text">speaking</roleTerm>
</role>
<description>United States Congress Member</description>
</name>
<identifier type="preferred citation">163 Cong. Rec. H7567</identifier>
<extension>
<searchTitle>SEPTEMBER IS SUICIDE PREVENTION MONTH; Congressional Record Vol. 163, No. 155</searchTitle>
<granuleClass>HOUSE</granuleClass>
<accessId>CREC-2017-09-27-pt1-PgH7567-4</accessId>
<subGranuleClass>ALLOTHER</subGranuleClass>
<pagePrefix>H</pagePrefix>
<bookNumber>1</bookNumber>
<chamber>HOUSE</chamber>
<granuleDate>2017-09-27</granuleDate>
<time from="18:45:00" to="19:45:00"/>
<bill congress="115" context="OTHER" number="2736" type="HR"/>
<congMember authorityId="2099" bioGuideId="S001191" chamber="H" congress="115" party="D" role="SPEAKING" state="AZ">
<name type="parsed">Ms. SINEMA</name>
<name type="authority-fnf">Kyrsten Sinema</name>
<name type="authority-lnf">Sinema, Kyrsten</name>
</congMember>
<congMember authorityId="2046" bioGuideId="J000292" chamber="H" congress="115" gpoId="8096" party="R" role="SPEAKING" state="OH">
<name type="parsed">Mr. JOHNSON of Ohio</name>
<name type="authority-fnf">Bill Johnson</name>
<name type="authority-lnf">Johnson, Bill</name>
</congMember>
<congMember authorityId="2318" bioGuideId="M001202" chamber="H" congress="115" party="D" role="SPEAKING" state="FL">
<name type="parsed">Mrs. MURPHY of Florida</name>
<name type="authority-fnf">Stephanie N. Murphy</name>
<name type="authority-lnf">Murphy, Stephanie N.</name>
<name type="authority-other">Mrs. Stephanie Murphy</name>
</congMember>
<congMember authorityId="1722" bioGuideId="S001157" chamber="H" congress="115" gpoId="7910" party="D" role="SPEAKING" state="GA">
<name type="parsed">Mr. DAVID SCOTT of Georgia</name>
<name type="authority-fnf">David Scott</name>
<name type="authority-lnf">Scott, David</name>
</congMember>
<congMember authorityId="1744" bioGuideId="M001151" chamber="H" congress="115" gpoId="8723" party="R" role="SPEAKING" state="PA">
<name type="parsed">Mr. MURPHY of Pennsylvania</name>
<name type="authority-fnf">Tim Murphy</name>
<name type="authority-lnf">Murphy, Tim</name>
</congMember>
<congMember authorityId="2341" bioGuideId="S001201" chamber="H" congress="115" party="D" role="SPEAKING" state="NY">
<name type="parsed">Mr. SUOZZI</name>
<name type="authority-fnf">Thomas R. Suozzi</name>
<name type="authority-lnf">Suozzi, Thomas R.</name>
<name type="authority-other">Mr. Thomas Suozzi</name>
</congMember>
<congMember authorityId="2106" bioGuideId="B001285" chamber="H" congress="115" party="D" role="SPEAKING" state="CA">
<name type="parsed">Ms. BROWNLEY of California</name>
<name type="authority-fnf">Julia Brownley</name>
<name type="authority-lnf">Brownley, Julia</name>
</congMember>
</extension>
<relatedItem type="isReferencedBy">
<titleInfo>
<title>United States House Bill 2736  (115th Congress)</title>
</titleInfo>
<identifier type="Congressional Bill citation">H.R. 2736</identifier>
<extension>
<congress>115</congress>
<context>OTHER</context>
</extension>
</relatedItem>
<relatedItem ID="P0b002ee19703d923" type="host">
<titleInfo>
<title>Congressional Record</title>
<partNumber>Vol. 163, no. 155</partNumber>
</titleInfo>
<location>
<url access="object in context" displayLabel="Content Detail">https://www.gpo.gov/fdsys/pkg/CREC-2017-09-27/content-detail.html</url>
<url access="raw object" displayLabel="PDF rendition">https://www.gpo.gov/fdsys/pkg/CREC-2017-09-27/pdf/CREC-2017-09-27.pdf</url>
</location>
<part type="issue">
<extent unit="pages">
<start>H7537</start>
<end>H7589</end>
</extent>
<extent unit="pages">
<start>S6159</start>
<end>S6192</end>
</extent>
<extent unit="pages">
<start>E1273</start>
<end>E1282</end>
</extent>
<extent unit="pages">
<start>D1015</start>
<end>D1020</end>
</extent>
</part>
<originInfo>
<publisher>U.S. Government Publishing Office</publisher>
<dateIssued encoding="w3cdtf">2017-09-27</dateIssued>
<issuance>continuing</issuance>
<frequency authority="marcfrequency">daily</frequency>
</originInfo>
<physicalDescription>
<note type="source content type">deposited</note>
<digitalOrigin>born digital</digitalOrigin>
<extent>206 p.</extent>
</physicalDescription>
<classification authority="sudocs">X 1.1/A:</classification>
<classification authority="sudocs">X/A.</classification>
<identifier type="uri">https://www.gpo.gov/fdsys/pkg/CREC-2017-09-27</identifier>
<identifier type="local">P0b002ee19703d923</identifier>
<identifier type="stock number">752-002-00000-2</identifier>
<identifier type="ILS system id">000568013</identifier>
<identifier type="former package identifier">cr27se17</identifier>
<recordInfo>
<recordContentSource authority="marcorg">DGPO</recordContentSource>
<recordCreationDate encoding="w3cdtf">2017-09-28</recordCreationDate>
<recordChangeDate encoding="w3cdtf">2017-09-28</recordChangeDate>
<recordIdentifier source="DGPO">CREC-2017-09-27</recordIdentifier>
<recordOrigin>machine generated</recordOrigin>
<languageOfCataloging>
<languageTerm authority="iso639-2b" type="code">eng</languageTerm>
</languageOfCataloging>
</recordInfo>
<accessCondition type="GPO scope determination">fdlp</accessCondition>
<extension>
<docClass>CREC</docClass>
<accessId>CREC-2017-09-27</accessId>
<volume>163</volume>
<issue>155</issue>
<congress>115</congress>
<session>1</session>
<bookCount>1</bookCount>
</extension>
</relatedItem>
</mods>