<mods ID="id-CREC-2017-10-02-pt1-PgH7669-5" version="3.3" xmlns="http://www.loc.gov/mods/v3" xmlns:exslt="http://exslt.org/common" xmlns:xlink="http://www.w3.org/1999/xlink" xmlns:xsi="http://www.w3.org/2001/XMLSchema-instance" xsi:schemaLocation="http://www.loc.gov/mods/v3 http://www.loc.gov/standards/mods/v3/mods-3-3.xsd">
<name type="corporate">
<namePart>United States Government Publishing Office</namePart>
<role>
<roleTerm authority="marcrelator" type="text">publisher</roleTerm>
<roleTerm authority="marcrelator" type="code">pbl</roleTerm>
</role>
<role>
<roleTerm authority="marcrelator" type="text">distributor</roleTerm>
<roleTerm authority="marcrelator" type="code">dst</roleTerm>
</role>
</name>
<name type="corporate">
<namePart>United States</namePart>
<namePart>Congress</namePart>
<role>
<roleTerm authority="marcrelator" type="text">author</roleTerm>
<roleTerm authority="marcrelator" type="code">aut</roleTerm>
</role>
<description>Government Organization</description>
</name>
<typeOfResource>text</typeOfResource>
<genre authority="marcgt">government publication</genre>
<language>
<languageTerm authority="iso639-2b" type="code">eng</languageTerm>
</language>
<extension>
<collectionCode>CREC</collectionCode>
<category>Proceedings of Congress and General Congressional Publications</category>
<waisDatabaseName>2017_record</waisDatabaseName>
<branch>legislative</branch>
<dateIngested>2018-01-27</dateIngested>
</extension>
<titleInfo>
<title>EXECUTIVE COMMUNICATIONS, ETC.</title>
<partName>House</partName>
</titleInfo>
<relatedItem type="otherFormat" xlink:href="https://www.gpo.gov/fdsys/pkg/CREC-2017-10-02/html/CREC-2017-10-02-pt1-PgH7669-5.htm">
<identifier type="FDsys Unique ID">D09002ee19822168e</identifier>
</relatedItem>
<relatedItem type="otherFormat" xlink:href="https://www.gpo.gov/fdsys/pkg/CREC-2017-10-02/pdf/CREC-2017-10-02-pt1-PgH7669-5.pdf">
<identifier type="FDsys Unique ID">D09002ee1982217ac</identifier>
</relatedItem>
<identifier type="congressional record citation">163 Cong. Rec. H7669</identifier>
<identifier type="uri">https://www.gpo.gov/fdsys/granule/CREC-2017-10-02/CREC-2017-10-02-pt1-PgH7669-5</identifier>
<identifier type="former granule identifier">CR02OC17-106</identifier>
<identifier type="Regulation ID Number">RIN 0970-AC63</identifier>
<identifier type="Regulation ID Number">RIN 2120-AA64</identifier>
<identifier type="Regulation ID Number">RIN 2120-AA64</identifier>
<identifier type="Regulation ID Number">RIN 2120-AA64</identifier>
<identifier type="Regulation ID Number">RIN 2120-AA64</identifier>
<identifier type="Regulation ID Number">RIN 2120-AA64</identifier>
<identifier type="Regulation ID Number">RIN 2120-AA64</identifier>
<identifier type="Regulation ID Number">RIN 2120-AA64</identifier>
<identifier type="Regulation ID Number">RIN 2120-AA64</identifier>
<identifier type="Regulation ID Number">RIN 2120-AA64</identifier>
<identifier type="Regulation ID Number">RIN 2120-AA64</identifier>
<identifier type="Regulation ID Number">RIN 2120-AA64</identifier>
<identifier type="Regulation ID Number">RIN 2120-AA64</identifier>
<identifier type="Regulation ID Number">RIN 2120-AA64</identifier>
<identifier type="Regulation ID Number">RIN 2120-AA64</identifier>
<identifier type="Regulation ID Number">RIN 2127-AL68</identifier>
<location>
<url access="object in context" displayLabel="Content Detail">https://www.gpo.gov/fdsys/granule/CREC-2017-10-02/CREC-2017-10-02-pt1-PgH7669-5/content-detail.html</url>
<url access="raw object" displayLabel="PDF rendition">https://www.gpo.gov/fdsys/pkg/CREC-2017-10-02/pdf/CREC-2017-10-02-pt1-PgH7669-5.pdf</url>
<url access="raw object" displayLabel="HTML rendition">https://www.gpo.gov/fdsys/pkg/CREC-2017-10-02/html/CREC-2017-10-02-pt1-PgH7669-5.htm</url>
</location>
<physicalDescription>
<extent>2 p.</extent>
</physicalDescription>
<part type="article">
<extent unit="pages">
<start>H7669</start>
<end>H7670</end>
</extent>
</part>
<name type="corporate">
<namePart>United States</namePart>
<namePart>Congress</namePart>
<namePart>House of Representatives</namePart>
<namePart>Committee on Appropriations</namePart>
<role>
<roleTerm authority="marcrelator" type="text">associated name</roleTerm>
<roleTerm authority="marcrelator" type="code">asn</roleTerm>
</role>
<description>Government Organization</description>
</name>
<name type="corporate">
<namePart>United States</namePart>
<namePart>Congress</namePart>
<namePart>House of Representatives</namePart>
<namePart>Committee on Education and the Workforce</namePart>
<role>
<roleTerm authority="marcrelator" type="text">associated name</roleTerm>
<roleTerm authority="marcrelator" type="code">asn</roleTerm>
</role>
<description>Government Organization</description>
</name>
<name type="corporate">
<namePart>United States</namePart>
<namePart>Congress</namePart>
<namePart>House of Representatives</namePart>
<namePart>Committee on Energy and Commerce</namePart>
<role>
<roleTerm authority="marcrelator" type="text">associated name</roleTerm>
<roleTerm authority="marcrelator" type="code">asn</roleTerm>
</role>
<description>Government Organization</description>
</name>
<name type="corporate">
<namePart>United States</namePart>
<namePart>Congress</namePart>
<namePart>House of Representatives</namePart>
<namePart>Committee on Foreign Affairs</namePart>
<role>
<roleTerm authority="marcrelator" type="text">associated name</roleTerm>
<roleTerm authority="marcrelator" type="code">asn</roleTerm>
</role>
<description>Government Organization</description>
</name>
<name type="corporate">
<namePart>United States</namePart>
<namePart>Congress</namePart>
<namePart>House of Representatives</namePart>
<namePart>Committee on Transportation and Infrastructure</namePart>
<role>
<roleTerm authority="marcrelator" type="text">associated name</roleTerm>
<roleTerm authority="marcrelator" type="code">asn</roleTerm>
</role>
<description>Government Organization</description>
</name>
<identifier type="preferred citation">163 Cong. Rec. H7669</identifier>
<extension>
<searchTitle>EXECUTIVE COMMUNICATIONS, ETC.; Congressional Record Vol. 163, No. 157</searchTitle>
<granuleClass>HOUSE</granuleClass>
<accessId>CREC-2017-10-02-pt1-PgH7669-5</accessId>
<subGranuleClass>EXECUTIVECOMM</subGranuleClass>
<pagePrefix>H</pagePrefix>
<bookNumber>1</bookNumber>
<chamber>HOUSE</chamber>
<granuleDate>2017-10-02</granuleDate>
<time from="21:30:00" to="21:30:00"/>
<congCommittee authorityId="hsap00" chamber="H" congress="115" type="S">
<name type="authority-standard">Committee on Appropriations</name>
<name type="authority-short">Appropriations</name>
</congCommittee>
<congCommittee authorityId="hsed00" chamber="H" congress="115" type="S">
<name type="authority-standard">Committee on Education and the Workforce</name>
<name type="authority-short">Education and the Workforce</name>
</congCommittee>
<congCommittee authorityId="hsif00" chamber="H" congress="115" type="S">
<name type="authority-standard">Committee on Energy and Commerce</name>
<name type="authority-short">Energy and Commerce</name>
</congCommittee>
<congCommittee authorityId="hsfa00" chamber="H" congress="115" type="S">
<name type="authority-standard">Committee on Foreign Affairs</name>
<name type="authority-short">Foreign Affairs</name>
</congCommittee>
<congCommittee authorityId="hspw00" chamber="H" congress="115" type="S">
<name type="authority-standard">Committee on Transportation and Infrastructure</name>
<name type="authority-short">Transportation</name>
</congCommittee>
<law congress="92" isPrivate="false" number="403"/>
<law congress="94" isPrivate="false" number="412"/>
<law congress="95" isPrivate="false" number="223"/>
<law congress="104" isPrivate="false" number="121"/>
<law congress="108" isPrivate="false" number="458"/>
<law congress="110" isPrivate="false" number="161"/>
<law congress="111" isPrivate="false" number="148"/>
<USCode title="1">
<section detail="(a)" number="112b"/>
</USCode>
<USCode title="5">
<section detail="(a)(1)(A)" number="801"/>
</USCode>
<USCode title="31">
<section detail="(b)" number="1517"/>
</USCode>
<USCode title="42">
<section detail="note" number="1395ww"/>
</USCode>
<USCode title="50">
<section detail="(c)" number="1641"/>
<section detail="(c)" number="1703"/>
</USCode>
<statuteAtLarge volume="90">
<pages pages="1257"/>
</statuteAtLarge>
<statuteAtLarge volume="91">
<pages pages="1627"/>
</statuteAtLarge>
<statuteAtLarge volume="110">
<pages pages="868"/>
</statuteAtLarge>
<statuteAtLarge volume="118">
<pages pages="3807"/>
</statuteAtLarge>
<statuteAtLarge volume="121">
<pages pages="2285"/>
</statuteAtLarge>
<statuteAtLarge volume="124">
<pages pages="675"/>
</statuteAtLarge>
<rin number="0970-AC63"/>
<rin number="2120-AA64"/>
<rin number="2120-AA64"/>
<rin number="2120-AA64"/>
<rin number="2120-AA64"/>
<rin number="2120-AA64"/>
<rin number="2120-AA64"/>
<rin number="2120-AA64"/>
<rin number="2120-AA64"/>
<rin number="2120-AA64"/>
<rin number="2120-AA64"/>
<rin number="2120-AA64"/>
<rin number="2120-AA64"/>
<rin number="2120-AA64"/>
<rin number="2120-AA64"/>
<rin number="2127-AL68"/>
</extension>
<relatedItem type="isReferencedBy">
<titleInfo>
<title>United States Code</title>
<partNumber>Title 1 Section 112b(a)</partNumber>
</titleInfo>
<identifier type="USC citation">1 U.S.C. 112b(a)</identifier>
</relatedItem>
<relatedItem type="isReferencedBy">
<titleInfo>
<title>United States Code</title>
<partNumber>Title 5 Section 801(a)(1)(A)</partNumber>
</titleInfo>
<identifier type="USC citation">5 U.S.C. 801(a)(1)(A)</identifier>
</relatedItem>
<relatedItem type="isReferencedBy">
<titleInfo>
<title>United States Code</title>
<partNumber>Title 31 Section 1517(b)</partNumber>
</titleInfo>
<identifier type="USC citation">31 U.S.C. 1517(b)</identifier>
</relatedItem>
<relatedItem type="isReferencedBy">
<titleInfo>
<title>United States Code</title>
<partNumber>Title 42 Section 1395wwnote</partNumber>
</titleInfo>
<identifier type="USC citation">42 U.S.C. 1395wwnote</identifier>
</relatedItem>
<relatedItem type="isReferencedBy">
<titleInfo>
<title>United States Code</title>
<partNumber>Title 50 Section 1641(c)</partNumber>
<partNumber>Title 50 Section 1703(c)</partNumber>
</titleInfo>
<identifier type="USC citation">50 U.S.C. 1641(c)</identifier>
<identifier type="USC citation">50 U.S.C. 1703(c)</identifier>
</relatedItem>
<relatedItem type="isReferencedBy">
<titleInfo>
<title>United States Statutes at Large</title>
<partNumber>Volume 90 Page 1257</partNumber>
</titleInfo>
<identifier type="Statute citation">90 Stat. 1257</identifier>
</relatedItem>
<relatedItem type="isReferencedBy">
<titleInfo>
<title>United States Statutes at Large</title>
<partNumber>Volume 91 Page 1627</partNumber>
</titleInfo>
<identifier type="Statute citation">91 Stat. 1627</identifier>
</relatedItem>
<relatedItem type="isReferencedBy">
<titleInfo>
<title>United States Statutes at Large</title>
<partNumber>Volume 110 Page 868</partNumber>
</titleInfo>
<identifier type="Statute citation">110 Stat. 868</identifier>
</relatedItem>
<relatedItem type="isReferencedBy">
<titleInfo>
<title>United States Statutes at Large</title>
<partNumber>Volume 118 Page 3807</partNumber>
</titleInfo>
<identifier type="Statute citation">118 Stat. 3807</identifier>
</relatedItem>
<relatedItem type="isReferencedBy">
<titleInfo>
<title>United States Statutes at Large</title>
<partNumber>Volume 121 Page 2285</partNumber>
</titleInfo>
<identifier type="Statute citation">121 Stat. 2285</identifier>
</relatedItem>
<relatedItem type="isReferencedBy">
<titleInfo>
<title>United States Statutes at Large</title>
<partNumber>Volume 124 Page 675</partNumber>
</titleInfo>
<identifier type="Statute citation">124 Stat. 675</identifier>
</relatedItem>
<relatedItem>
<titleInfo>
<title>United States Public Law 92-403</title>
</titleInfo>
<identifier type="public law citation">Public Law 92-403</identifier>
</relatedItem>
<relatedItem>
<titleInfo>
<title>United States Public Law 94-412</title>
</titleInfo>
<identifier type="public law citation">Public Law 94-412</identifier>
</relatedItem>
<relatedItem>
<titleInfo>
<title>United States Public Law 95-223</title>
</titleInfo>
<identifier type="public law citation">Public Law 95-223</identifier>
</relatedItem>
<relatedItem>
<titleInfo>
<title>United States Public Law 104-121</title>
</titleInfo>
<identifier type="public law citation">Public Law 104-121</identifier>
</relatedItem>
<relatedItem>
<titleInfo>
<title>United States Public Law 108-458</title>
</titleInfo>
<identifier type="public law citation">Public Law 108-458</identifier>
</relatedItem>
<relatedItem>
<titleInfo>
<title>United States Public Law 110-161</title>
</titleInfo>
<identifier type="public law citation">Public Law 110-161</identifier>
</relatedItem>
<relatedItem>
<titleInfo>
<title>United States Public Law 111-148</title>
</titleInfo>
<identifier type="public law citation">Public Law 111-148</identifier>
</relatedItem>
<relatedItem type="isReferencedBy">
<identifier type="regulation ID number">RIN 0970-AC63</identifier>
</relatedItem>
<relatedItem type="isReferencedBy">
<identifier type="regulation ID number">RIN 2120-AA64</identifier>
</relatedItem>
<relatedItem type="isReferencedBy">
<identifier type="regulation ID number">RIN 2120-AA64</identifier>
</relatedItem>
<relatedItem type="isReferencedBy">
<identifier type="regulation ID number">RIN 2120-AA64</identifier>
</relatedItem>
<relatedItem type="isReferencedBy">
<identifier type="regulation ID number">RIN 2120-AA64</identifier>
</relatedItem>
<relatedItem type="isReferencedBy">
<identifier type="regulation ID number">RIN 2120-AA64</identifier>
</relatedItem>
<relatedItem type="isReferencedBy">
<identifier type="regulation ID number">RIN 2120-AA64</identifier>
</relatedItem>
<relatedItem type="isReferencedBy">
<identifier type="regulation ID number">RIN 2120-AA64</identifier>
</relatedItem>
<relatedItem type="isReferencedBy">
<identifier type="regulation ID number">RIN 2120-AA64</identifier>
</relatedItem>
<relatedItem type="isReferencedBy">
<identifier type="regulation ID number">RIN 2120-AA64</identifier>
</relatedItem>
<relatedItem type="isReferencedBy">
<identifier type="regulation ID number">RIN 2120-AA64</identifier>
</relatedItem>
<relatedItem type="isReferencedBy">
<identifier type="regulation ID number">RIN 2120-AA64</identifier>
</relatedItem>
<relatedItem type="isReferencedBy">
<identifier type="regulation ID number">RIN 2120-AA64</identifier>
</relatedItem>
<relatedItem type="isReferencedBy">
<identifier type="regulation ID number">RIN 2120-AA64</identifier>
</relatedItem>
<relatedItem type="isReferencedBy">
<identifier type="regulation ID number">RIN 2120-AA64</identifier>
</relatedItem>
<relatedItem type="isReferencedBy">
<identifier type="regulation ID number">RIN 2127-AL68</identifier>
</relatedItem>
<relatedItem ID="P0b002ee198220266" type="host">
<titleInfo>
<title>Congressional Record</title>
<partNumber>Vol. 163, no. 157</partNumber>
</titleInfo>
<location>
<url access="object in context" displayLabel="Content Detail">https://www.gpo.gov/fdsys/pkg/CREC-2017-10-02/content-detail.html</url>
<url access="raw object" displayLabel="PDF rendition">https://www.gpo.gov/fdsys/pkg/CREC-2017-10-02/pdf/CREC-2017-10-02.pdf</url>
</location>
<part type="issue">
<extent unit="pages">
<start>H7639</start>
<end>H7673</end>
</extent>
<extent unit="pages">
<start>S6237</start>
<end>S6266</end>
</extent>
<extent unit="pages">
<start>E1297</start>
<end>E1307</end>
</extent>
<extent unit="pages">
<start>D1029</start>
<end>D1038</end>
</extent>
</part>
<originInfo>
<publisher>U.S. Government Publishing Office</publisher>
<dateIssued encoding="w3cdtf">2017-10-02</dateIssued>
<issuance>continuing</issuance>
<frequency authority="marcfrequency">daily</frequency>
</originInfo>
<physicalDescription>
<note type="source content type">deposited</note>
<digitalOrigin>born digital</digitalOrigin>
<extent>172 p.</extent>
</physicalDescription>
<classification authority="sudocs">X 1.1/A:</classification>
<classification authority="sudocs">X/A.</classification>
<identifier type="uri">https://www.gpo.gov/fdsys/pkg/CREC-2017-10-02</identifier>
<identifier type="local">P0b002ee198220266</identifier>
<identifier type="stock number">752-002-00000-2</identifier>
<identifier type="ILS system id">000568013</identifier>
<identifier type="former package identifier">CR02OC17</identifier>
<recordInfo>
<recordContentSource authority="marcorg">DGPO</recordContentSource>
<recordCreationDate encoding="w3cdtf">2018-01-27</recordCreationDate>
<recordChangeDate encoding="w3cdtf">2018-01-27</recordChangeDate>
<recordIdentifier source="DGPO">CREC-2017-10-02</recordIdentifier>
<recordOrigin>machine generated</recordOrigin>
<languageOfCataloging>
<languageTerm authority="iso639-2b" type="code">eng</languageTerm>
</languageOfCataloging>
</recordInfo>
<accessCondition type="GPO scope determination">fdlp</accessCondition>
<extension>
<docClass>CREC</docClass>
<accessId>CREC-2017-10-02</accessId>
<volume>163</volume>
<issue>157</issue>
<congress>115</congress>
<session>1</session>
<bookCount>1</bookCount>
</extension>
</relatedItem>
</mods>