<mods ID="id-CREC-2017-09-06-pt1-PgH7082" version="3.3" xmlns="http://www.loc.gov/mods/v3" xmlns:exslt="http://exslt.org/common" xmlns:xlink="http://www.w3.org/1999/xlink" xmlns:xsi="http://www.w3.org/2001/XMLSchema-instance" xsi:schemaLocation="http://www.loc.gov/mods/v3 http://www.loc.gov/standards/mods/v3/mods-3-3.xsd">
<name type="corporate">
<namePart>United States Government Publishing Office</namePart>
<role>
<roleTerm authority="marcrelator" type="text">publisher</roleTerm>
<roleTerm authority="marcrelator" type="code">pbl</roleTerm>
</role>
<role>
<roleTerm authority="marcrelator" type="text">distributor</roleTerm>
<roleTerm authority="marcrelator" type="code">dst</roleTerm>
</role>
</name>
<name type="corporate">
<namePart>United States</namePart>
<namePart>Congress</namePart>
<role>
<roleTerm authority="marcrelator" type="text">author</roleTerm>
<roleTerm authority="marcrelator" type="code">aut</roleTerm>
</role>
<description>Government Organization</description>
</name>
<typeOfResource>text</typeOfResource>
<genre authority="marcgt">government publication</genre>
<language>
<languageTerm authority="iso639-2b" type="code">eng</languageTerm>
</language>
<extension>
<collectionCode>CREC</collectionCode>
<category>Proceedings of Congress and General Congressional Publications</category>
<waisDatabaseName>2017_record</waisDatabaseName>
<branch>legislative</branch>
<dateIngested>2018-01-17</dateIngested>
</extension>
<titleInfo>
<title>  Members have found out about ICE immigration actions in their
districts after the fact. The least we can do as Members of Congress is 
to provide oversight and keep track of how much DHS is...</title>
<partName>House</partName>
</titleInfo>
<relatedItem type="otherFormat" xlink:href="https://www.gpo.gov/fdsys/pkg/CREC-2017-09-06/html/CREC-2017-09-06-pt1-PgH7082.htm">
<identifier type="FDsys Unique ID">D09002ee198041738</identifier>
</relatedItem>
<relatedItem type="otherFormat" xlink:href="https://www.gpo.gov/fdsys/pkg/CREC-2017-09-06/pdf/CREC-2017-09-06-pt1-PgH7082.pdf">
<identifier type="FDsys Unique ID">D09002ee198041862</identifier>
</relatedItem>
<identifier type="congressional record citation">163 Cong. Rec. H7082</identifier>
<identifier type="uri">https://www.gpo.gov/fdsys/granule/CREC-2017-09-06/CREC-2017-09-06-pt1-PgH7082</identifier>
<identifier type="former granule identifier">cr06se17-80</identifier>
<location>
<url access="object in context" displayLabel="Content Detail">https://www.gpo.gov/fdsys/granule/CREC-2017-09-06/CREC-2017-09-06-pt1-PgH7082/content-detail.html</url>
<url access="raw object" displayLabel="PDF rendition">https://www.gpo.gov/fdsys/pkg/CREC-2017-09-06/pdf/CREC-2017-09-06-pt1-PgH7082.pdf</url>
<url access="raw object" displayLabel="HTML rendition">https://www.gpo.gov/fdsys/pkg/CREC-2017-09-06/html/CREC-2017-09-06-pt1-PgH7082.htm</url>
</location>
<physicalDescription>
<extent>6 p.</extent>
</physicalDescription>
<part type="article">
<extent unit="pages">
<start>H7082</start>
<end>H7087</end>
</extent>
</part>
<name type="personal">
<namePart>John R. Carter</namePart>
<affiliation>United States House of Representatives</affiliation>
<role>
<roleTerm type="text">speaking</roleTerm>
</role>
<description>United States Congress Member</description>
</name>
<name type="personal">
<namePart>Steve King</namePart>
<affiliation>United States House of Representatives</affiliation>
<role>
<roleTerm type="text">speaking</roleTerm>
</role>
<description>United States Congress Member</description>
</name>
<name type="personal">
<namePart>Lucille Roybal-Allard</namePart>
<affiliation>United States House of Representatives</affiliation>
<role>
<roleTerm type="text">speaking</roleTerm>
</role>
<description>United States Congress Member</description>
</name>
<name type="personal">
<namePart>Derek Kilmer</namePart>
<affiliation>United States House of Representatives</affiliation>
<role>
<roleTerm type="text">speaking</roleTerm>
</role>
<description>United States Congress Member</description>
</name>
<name type="personal">
<namePart>Joaquin Castro</namePart>
<affiliation>United States House of Representatives</affiliation>
<role>
<roleTerm type="text">speaking</roleTerm>
</role>
<description>United States Congress Member</description>
</name>
<name type="personal">
<namePart>Pramila Jayapal</namePart>
<affiliation>United States House of Representatives</affiliation>
<role>
<roleTerm type="text">speaking</roleTerm>
</role>
<description>United States Congress Member</description>
</name>
<name type="personal">
<namePart>Lee M. Zeldin</namePart>
<affiliation>United States House of Representatives</affiliation>
<role>
<roleTerm type="text">speaking</roleTerm>
</role>
<description>United States Congress Member</description>
</name>
<identifier type="preferred citation">163 Cong. Rec. H7082</identifier>
<extension>
<searchTitle>  Members have found out about ICE immigration actions in their
districts after the fact. The least we can do as Members of Congress is 
to provide oversight and keep track of how much DHS is...; Congressional Record Vol. 163, No. 143</searchTitle>
<granuleClass>HOUSE</granuleClass>
<accessId>CREC-2017-09-06-pt1-PgH7082</accessId>
<subGranuleClass>ALLOTHER</subGranuleClass>
<pagePrefix>H</pagePrefix>
<bookNumber>1</bookNumber>
<chamber>HOUSE</chamber>
<granuleDate>2017-09-06</granuleDate>
<time from="00:50:00" to="01:30:00"/>
<congReport congress="115" context="OTHER" number="295" type="H"/>
<amendment chamber="HOUSE" congress="115" context="HEADERLINE" number="80"/>
<amendment chamber="HOUSE" congress="115" context="HEADERLINE" number="81"/>
<amendment chamber="HOUSE" congress="115" context="HEADERLINE" number="84"/>
<amendment chamber="HOUSE" congress="115" context="HEADERLINE" number="85"/>
<amendment chamber="HOUSE" congress="115" context="HEADERLINE" number="88"/>
<amendment chamber="HOUSE" congress="115" context="OTHER" number="79"/>
<amendment chamber="HOUSE" congress="115" context="OTHER" number="79"/>
<amendment chamber="HOUSE" congress="115" context="OTHER" number="79"/>
<amendment chamber="HOUSE" congress="115" context="OTHER" number="79"/>
<amendment chamber="HOUSE" congress="115" context="OTHER" number="80"/>
<amendment chamber="HOUSE" congress="115" context="OTHER" number="80"/>
<amendment chamber="HOUSE" congress="115" context="OTHER" number="80"/>
<amendment chamber="HOUSE" congress="115" context="OTHER" number="81"/>
<amendment chamber="HOUSE" congress="115" context="OTHER" number="81"/>
<amendment chamber="HOUSE" congress="115" context="OTHER" number="83"/>
<amendment chamber="HOUSE" congress="115" context="OTHER" number="84"/>
<amendment chamber="HOUSE" congress="115" context="OTHER" number="84"/>
<amendment chamber="HOUSE" congress="115" context="OTHER" number="85"/>
<amendment chamber="HOUSE" congress="115" context="OTHER" number="85"/>
<amendment chamber="HOUSE" congress="115" context="OTHER" number="87"/>
<amendment chamber="HOUSE" congress="115" context="OTHER" number="88"/>
<amendment chamber="HOUSE" congress="115" context="OTHER" number="88"/>
<amendment chamber="HOUSE" congress="115" context="OTHER" number="88"/>
<amendment chamber="HOUSE" congress="115" context="OTHER" number="88"/>
<amendment chamber="HOUSE" congress="115" context="OTHER" number="88"/>
<bill congress="115" context="OTHER" number="500" type="HRES"/>
<bill congress="115" context="OTHER" number="3070" type="HR"/>
<bill congress="115" context="OTHER" number="3354" type="HR"/>
<congMember authorityId="1752" bioGuideId="C001051" chamber="H" congress="115" gpoId="8187" party="R" role="SPEAKING" state="TX">
<name type="parsed">Mr. CARTER of Texas</name>
<name type="authority-fnf">John R. Carter</name>
<name type="authority-lnf">Carter, John R.</name>
<name type="authority-other">Mr. John Carter</name>
</congMember>
<congMember authorityId="1724" bioGuideId="K000362" chamber="H" congress="115" gpoId="7918" party="R" role="SPEAKING" state="IA">
<name type="parsed">Mr. KING of Iowa</name>
<name type="authority-fnf">Steve King</name>
<name type="authority-lnf">King, Steve</name>
</congMember>
<congMember authorityId="997" bioGuideId="R000486" chamber="H" congress="115" gpoId="7839" party="D" role="SPEAKING" state="CA">
<name type="parsed">Ms. ROYBAL-ALLARD</name>
<name type="authority-fnf">Lucille Roybal-Allard</name>
<name type="authority-lnf">Roybal-Allard, Lucille</name>
</congMember>
<congMember authorityId="2169" bioGuideId="K000381" chamber="H" congress="115" party="D" role="SPEAKING" state="WA">
<name type="parsed">Mr. KILMER</name>
<name type="authority-fnf">Derek Kilmer</name>
<name type="authority-lnf">Kilmer, Derek</name>
</congMember>
<congMember authorityId="2163" bioGuideId="C001091" chamber="H" congress="115" party="D" role="SPEAKING" state="TX">
<name type="parsed">Mr. CASTRO of Texas</name>
<name type="authority-fnf">Joaquin Castro</name>
<name type="authority-lnf">Castro, Joaquin</name>
</congMember>
<congMember authorityId="2354" bioGuideId="J000298" chamber="H" congress="115" party="D" role="SPEAKING" state="WA">
<name type="parsed">Ms. JAYAPAL</name>
<name type="authority-fnf">Pramila Jayapal</name>
<name type="authority-lnf">Jayapal, Pramila</name>
</congMember>
<congMember authorityId="2261" bioGuideId="Z000017" chamber="H" congress="115" party="R" role="SPEAKING" state="NY">
<name type="parsed">Mr. ZELDIN</name>
<name type="authority-fnf">Lee M. Zeldin</name>
<name type="authority-lnf">Zeldin, Lee M.</name>
<name type="authority-other">Mr. Lee Zeldin</name>
</congMember>
<USCode title="40">
<chapter number="31"/>
</USCode>
</extension>
<relatedItem type="isReferencedBy">
<titleInfo>
<title>United States House Resolution 500  (115th Congress)</title>
</titleInfo>
<identifier type="Congressional Bill citation">H. Res. 500</identifier>
<extension>
<congress>115</congress>
<context>OTHER</context>
</extension>
</relatedItem>
<relatedItem type="isReferencedBy">
<titleInfo>
<title>United States House Bill 3070  (115th Congress)</title>
</titleInfo>
<identifier type="Congressional Bill citation">H.R. 3070</identifier>
<extension>
<congress>115</congress>
<context>OTHER</context>
</extension>
</relatedItem>
<relatedItem type="isReferencedBy">
<titleInfo>
<title>United States House Bill 3354  (115th Congress)</title>
</titleInfo>
<identifier type="Congressional Bill citation">H.R. 3354</identifier>
<extension>
<congress>115</congress>
<context>OTHER</context>
</extension>
</relatedItem>
<relatedItem type="isReferencedBy">
<titleInfo>
<title>United States Code</title>
<partNumber>Title 40 Chapter 31</partNumber>
</titleInfo>
<identifier type="USC citation">40 U.S.C. Chapter 31</identifier>
</relatedItem>
<relatedItem type="isReferencedBy">
<identifier type="congressional report citation">
          H. Rept. 115-295</identifier>
</relatedItem>
<relatedItem type="isReferencedBy">
<identifier type="congressional amendment citation"> Amendment No. 80</identifier>
</relatedItem>
<extension>
<congress>115</congress>
<chamber>HOUSE</chamber>
</extension>
<relatedItem type="isReferencedBy">
<identifier type="congressional amendment citation"> Amendment No. 81</identifier>
</relatedItem>
<extension>
<congress>115</congress>
<chamber>HOUSE</chamber>
</extension>
<relatedItem type="isReferencedBy">
<identifier type="congressional amendment citation"> Amendment No. 84</identifier>
</relatedItem>
<extension>
<congress>115</congress>
<chamber>HOUSE</chamber>
</extension>
<relatedItem type="isReferencedBy">
<identifier type="congressional amendment citation"> Amendment No. 85</identifier>
</relatedItem>
<extension>
<congress>115</congress>
<chamber>HOUSE</chamber>
</extension>
<relatedItem type="isReferencedBy">
<identifier type="congressional amendment citation"> Amendment No. 88</identifier>
</relatedItem>
<extension>
<congress>115</congress>
<chamber>HOUSE</chamber>
</extension>
<relatedItem type="isReferencedBy">
<identifier type="congressional amendment citation"> Amendment No. 79</identifier>
</relatedItem>
<extension>
<congress>115</congress>
<chamber>HOUSE</chamber>
</extension>
<relatedItem type="isReferencedBy">
<identifier type="congressional amendment citation"> Amendment No. 79</identifier>
</relatedItem>
<extension>
<congress>115</congress>
<chamber>HOUSE</chamber>
</extension>
<relatedItem type="isReferencedBy">
<identifier type="congressional amendment citation"> Amendment No. 79</identifier>
</relatedItem>
<extension>
<congress>115</congress>
<chamber>HOUSE</chamber>
</extension>
<relatedItem type="isReferencedBy">
<identifier type="congressional amendment citation"> Amendment No. 79</identifier>
</relatedItem>
<extension>
<congress>115</congress>
<chamber>HOUSE</chamber>
</extension>
<relatedItem type="isReferencedBy">
<identifier type="congressional amendment citation"> Amendment No. 80</identifier>
</relatedItem>
<extension>
<congress>115</congress>
<chamber>HOUSE</chamber>
</extension>
<relatedItem type="isReferencedBy">
<identifier type="congressional amendment citation"> Amendment No. 80</identifier>
</relatedItem>
<extension>
<congress>115</congress>
<chamber>HOUSE</chamber>
</extension>
<relatedItem type="isReferencedBy">
<identifier type="congressional amendment citation"> Amendment No. 80</identifier>
</relatedItem>
<extension>
<congress>115</congress>
<chamber>HOUSE</chamber>
</extension>
<relatedItem type="isReferencedBy">
<identifier type="congressional amendment citation"> Amendment No. 81</identifier>
</relatedItem>
<extension>
<congress>115</congress>
<chamber>HOUSE</chamber>
</extension>
<relatedItem type="isReferencedBy">
<identifier type="congressional amendment citation"> Amendment No. 81</identifier>
</relatedItem>
<extension>
<congress>115</congress>
<chamber>HOUSE</chamber>
</extension>
<relatedItem type="isReferencedBy">
<identifier type="congressional amendment citation"> Amendment No. 83</identifier>
</relatedItem>
<extension>
<congress>115</congress>
<chamber>HOUSE</chamber>
</extension>
<relatedItem type="isReferencedBy">
<identifier type="congressional amendment citation"> Amendment No. 84</identifier>
</relatedItem>
<extension>
<congress>115</congress>
<chamber>HOUSE</chamber>
</extension>
<relatedItem type="isReferencedBy">
<identifier type="congressional amendment citation"> Amendment No. 84</identifier>
</relatedItem>
<extension>
<congress>115</congress>
<chamber>HOUSE</chamber>
</extension>
<relatedItem type="isReferencedBy">
<identifier type="congressional amendment citation"> Amendment No. 85</identifier>
</relatedItem>
<extension>
<congress>115</congress>
<chamber>HOUSE</chamber>
</extension>
<relatedItem type="isReferencedBy">
<identifier type="congressional amendment citation"> Amendment No. 85</identifier>
</relatedItem>
<extension>
<congress>115</congress>
<chamber>HOUSE</chamber>
</extension>
<relatedItem type="isReferencedBy">
<identifier type="congressional amendment citation"> Amendment No. 87</identifier>
</relatedItem>
<extension>
<congress>115</congress>
<chamber>HOUSE</chamber>
</extension>
<relatedItem type="isReferencedBy">
<identifier type="congressional amendment citation"> Amendment No. 88</identifier>
</relatedItem>
<extension>
<congress>115</congress>
<chamber>HOUSE</chamber>
</extension>
<relatedItem type="isReferencedBy">
<identifier type="congressional amendment citation"> Amendment No. 88</identifier>
</relatedItem>
<extension>
<congress>115</congress>
<chamber>HOUSE</chamber>
</extension>
<relatedItem type="isReferencedBy">
<identifier type="congressional amendment citation"> Amendment No. 88</identifier>
</relatedItem>
<extension>
<congress>115</congress>
<chamber>HOUSE</chamber>
</extension>
<relatedItem type="isReferencedBy">
<identifier type="congressional amendment citation"> Amendment No. 88</identifier>
</relatedItem>
<extension>
<congress>115</congress>
<chamber>HOUSE</chamber>
</extension>
<relatedItem type="isReferencedBy">
<identifier type="congressional amendment citation"> Amendment No. 88</identifier>
</relatedItem>
<extension>
<congress>115</congress>
<chamber>HOUSE</chamber>
</extension>
<relatedItem ID="P0b002ee198037eac" type="host">
<titleInfo>
<title>Congressional Record</title>
<partNumber>Vol. 163, no. 143</partNumber>
</titleInfo>
<location>
<url access="object in context" displayLabel="Content Detail">https://www.gpo.gov/fdsys/pkg/CREC-2017-09-06/content-detail.html</url>
<url access="raw object" displayLabel="PDF rendition">https://www.gpo.gov/fdsys/pkg/CREC-2017-09-06/pdf/CREC-2017-09-06.pdf</url>
</location>
<part type="issue">
<extent unit="pages">
<start>H6657</start>
<end>H7090</end>
</extent>
<extent unit="pages">
<start>S4971</start>
<end>S5021</end>
</extent>
<extent unit="pages">
<start>E1165</start>
<end>E1172</end>
</extent>
<extent unit="pages">
<start>D922</start>
<end>D932</end>
</extent>
</part>
<originInfo>
<publisher>U.S. Government Publishing Office</publisher>
<dateIssued encoding="w3cdtf">2017-09-06</dateIssued>
<issuance>continuing</issuance>
<frequency authority="marcfrequency">daily</frequency>
</originInfo>
<physicalDescription>
<note type="source content type">deposited</note>
<digitalOrigin>born digital</digitalOrigin>
<extent>1008 p.</extent>
</physicalDescription>
<classification authority="sudocs">X 1.1/A:</classification>
<classification authority="sudocs">X/A.</classification>
<identifier type="uri">https://www.gpo.gov/fdsys/pkg/CREC-2017-09-06</identifier>
<identifier type="local">P0b002ee198037eac</identifier>
<identifier type="stock number">752-002-00000-2</identifier>
<identifier type="ILS system id">000568013</identifier>
<identifier type="former package identifier">cr06se17</identifier>
<recordInfo>
<recordContentSource authority="marcorg">DGPO</recordContentSource>
<recordCreationDate encoding="w3cdtf">2018-01-17</recordCreationDate>
<recordChangeDate encoding="w3cdtf">2018-01-17</recordChangeDate>
<recordIdentifier source="DGPO">CREC-2017-09-06</recordIdentifier>
<recordOrigin>machine generated</recordOrigin>
<languageOfCataloging>
<languageTerm authority="iso639-2b" type="code">eng</languageTerm>
</languageOfCataloging>
</recordInfo>
<accessCondition type="GPO scope determination">fdlp</accessCondition>
<extension>
<docClass>CREC</docClass>
<accessId>CREC-2017-09-06</accessId>
<volume>163</volume>
<issue>143</issue>
<congress>115</congress>
<session>1</session>
<bookCount>1</bookCount>
</extension>
</relatedItem>
</mods>