<mods ID="id-CREC-2017-11-02-pt1-PgH8422" version="3.3" xmlns="http://www.loc.gov/mods/v3" xmlns:exslt="http://exslt.org/common" xmlns:xlink="http://www.w3.org/1999/xlink" xmlns:xsi="http://www.w3.org/2001/XMLSchema-instance" xsi:schemaLocation="http://www.loc.gov/mods/v3 http://www.loc.gov/standards/mods/v3/mods-3-3.xsd">
<name type="corporate">
<namePart>United States Government Publishing Office</namePart>
<role>
<roleTerm authority="marcrelator" type="text">publisher</roleTerm>
<roleTerm authority="marcrelator" type="code">pbl</roleTerm>
</role>
<role>
<roleTerm authority="marcrelator" type="text">distributor</roleTerm>
<roleTerm authority="marcrelator" type="code">dst</roleTerm>
</role>
</name>
<name type="corporate">
<namePart>United States</namePart>
<namePart>Congress</namePart>
<role>
<roleTerm authority="marcrelator" type="text">author</roleTerm>
<roleTerm authority="marcrelator" type="code">aut</roleTerm>
</role>
<description>Government Organization</description>
</name>
<typeOfResource>text</typeOfResource>
<genre authority="marcgt">government publication</genre>
<language>
<languageTerm authority="iso639-2b" type="code">eng</languageTerm>
</language>
<extension>
<collectionCode>CREC</collectionCode>
<category>Proceedings of Congress and General Congressional Publications</category>
<waisDatabaseName>2017_record</waisDatabaseName>
<branch>legislative</branch>
<dateIngested>2017-11-16</dateIngested>
</extension>
<titleInfo>
<title>APPOINTMENT OF MEMBERS TO BOARD OF VISITORS TO UNITED STATES NAVAL ACADEMY</title>
<partName>House</partName>
</titleInfo>
<relatedItem type="otherFormat" xlink:href="https://www.gpo.gov/fdsys/pkg/CREC-2017-11-02/html/CREC-2017-11-02-pt1-PgH8422.htm">
<identifier type="FDsys Unique ID">D09002ee1977f45f8</identifier>
</relatedItem>
<relatedItem type="otherFormat" xlink:href="https://www.gpo.gov/fdsys/pkg/CREC-2017-11-02/pdf/CREC-2017-11-02-pt1-PgH8422.pdf">
<identifier type="FDsys Unique ID">D09002ee1977f4786</identifier>
</relatedItem>
<identifier type="congressional record citation">163 Cong. Rec. H8422</identifier>
<identifier type="uri">https://www.gpo.gov/fdsys/granule/CREC-2017-11-02/CREC-2017-11-02-pt1-PgH8422</identifier>
<identifier type="former granule identifier">CR02NO17-106</identifier>
<location>
<url access="object in context" displayLabel="Content Detail">https://www.gpo.gov/fdsys/granule/CREC-2017-11-02/CREC-2017-11-02-pt1-PgH8422/content-detail.html</url>
<url access="raw object" displayLabel="PDF rendition">https://www.gpo.gov/fdsys/pkg/CREC-2017-11-02/pdf/CREC-2017-11-02-pt1-PgH8422.pdf</url>
<url access="raw object" displayLabel="HTML rendition">https://www.gpo.gov/fdsys/pkg/CREC-2017-11-02/html/CREC-2017-11-02-pt1-PgH8422.htm</url>
</location>
<physicalDescription>
<extent>1 p.</extent>
</physicalDescription>
<part type="article">
<extent unit="pages">
<start>H8422</start>
<end>H8422</end>
</extent>
</part>
<identifier type="preferred citation">163 Cong. Rec. H8422</identifier>
<extension>
<searchTitle>APPOINTMENT OF MEMBERS TO BOARD OF VISITORS TO UNITED STATES NAVAL ACADEMY; Congressional Record Vol. 163, No. 178</searchTitle>
<granuleClass>HOUSE</granuleClass>
<accessId>CREC-2017-11-02-pt1-PgH8422</accessId>
<subGranuleClass>ALLOTHER</subGranuleClass>
<pagePrefix>H</pagePrefix>
<bookNumber>1</bookNumber>
<chamber>HOUSE</chamber>
<granuleDate>2017-11-02</granuleDate>
<time from="17:11:00" to="17:11:00"/>
<USCode title="10">
<section detail="(a)" number="6968"/>
</USCode>
</extension>
<relatedItem type="isReferencedBy">
<titleInfo>
<title>United States Code</title>
<partNumber>Title 10 Section 6968(a)</partNumber>
</titleInfo>
<identifier type="USC citation">10 U.S.C. 6968(a)</identifier>
</relatedItem>
<relatedItem ID="P0b002ee1977eedce" type="host">
<titleInfo>
<title>Congressional Record</title>
<partNumber>Vol. 163, no. 178</partNumber>
</titleInfo>
<location>
<url access="object in context" displayLabel="Content Detail">https://www.gpo.gov/fdsys/pkg/CREC-2017-11-02/content-detail.html</url>
<url access="raw object" displayLabel="PDF rendition">https://www.gpo.gov/fdsys/pkg/CREC-2017-11-02/pdf/CREC-2017-11-02.pdf</url>
</location>
<part type="issue">
<extent unit="pages">
<start>H8389</start>
<end>H8445</end>
</extent>
<extent unit="pages">
<start>S6975</start>
<end>S7004</end>
</extent>
<extent unit="pages">
<start>E1489</start>
<end>E1499</end>
</extent>
<extent unit="pages">
<start>D1162</start>
<end>D1168</end>
</extent>
</part>
<originInfo>
<publisher>U.S. Government Publishing Office</publisher>
<dateIssued encoding="w3cdtf">2017-11-02</dateIssued>
<issuance>continuing</issuance>
<frequency authority="marcfrequency">daily</frequency>
</originInfo>
<physicalDescription>
<note type="source content type">deposited</note>
<digitalOrigin>born digital</digitalOrigin>
<extent>210 p.</extent>
</physicalDescription>
<classification authority="sudocs">X 1.1/A:</classification>
<classification authority="sudocs">X/A.</classification>
<identifier type="uri">https://www.gpo.gov/fdsys/pkg/CREC-2017-11-02</identifier>
<identifier type="local">P0b002ee1977eedce</identifier>
<identifier type="stock number">752-002-00000-2</identifier>
<identifier type="ILS system id">000568013</identifier>
<identifier type="former package identifier">CR02NO17</identifier>
<recordInfo>
<recordContentSource authority="marcorg">DGPO</recordContentSource>
<recordCreationDate encoding="w3cdtf">2017-11-16</recordCreationDate>
<recordChangeDate encoding="w3cdtf">2017-11-16</recordChangeDate>
<recordIdentifier source="DGPO">CREC-2017-11-02</recordIdentifier>
<recordOrigin>machine generated</recordOrigin>
<languageOfCataloging>
<languageTerm authority="iso639-2b" type="code">eng</languageTerm>
</languageOfCataloging>
</recordInfo>
<accessCondition type="GPO scope determination">fdlp</accessCondition>
<extension>
<docClass>CREC</docClass>
<accessId>CREC-2017-11-02</accessId>
<volume>163</volume>
<issue>178</issue>
<congress>115</congress>
<session>1</session>
<bookCount>1</bookCount>
</extension>
</relatedItem>
</mods>