<mods ID="id-CREC-2017-09-14-pt1-PgH7421-2" version="3.3" xmlns="http://www.loc.gov/mods/v3" xmlns:exslt="http://exslt.org/common" xmlns:xlink="http://www.w3.org/1999/xlink" xmlns:xsi="http://www.w3.org/2001/XMLSchema-instance" xsi:schemaLocation="http://www.loc.gov/mods/v3 http://www.loc.gov/standards/mods/v3/mods-3-3.xsd">
<name type="corporate">
<namePart>United States Government Publishing Office</namePart>
<role>
<roleTerm authority="marcrelator" type="text">publisher</roleTerm>
<roleTerm authority="marcrelator" type="code">pbl</roleTerm>
</role>
<role>
<roleTerm authority="marcrelator" type="text">distributor</roleTerm>
<roleTerm authority="marcrelator" type="code">dst</roleTerm>
</role>
</name>
<name type="corporate">
<namePart>United States</namePart>
<namePart>Congress</namePart>
<role>
<roleTerm authority="marcrelator" type="text">author</roleTerm>
<roleTerm authority="marcrelator" type="code">aut</roleTerm>
</role>
<description>Government Organization</description>
</name>
<typeOfResource>text</typeOfResource>
<genre authority="marcgt">government publication</genre>
<language>
<languageTerm authority="iso639-2b" type="code">eng</languageTerm>
</language>
<extension>
<collectionCode>CREC</collectionCode>
<category>Proceedings of Congress and General Congressional Publications</category>
<waisDatabaseName>2017_record</waisDatabaseName>
<branch>legislative</branch>
<dateIngested>2018-01-11</dateIngested>
</extension>
<titleInfo>
<title>PUBLIC BILLS AND RESOLUTIONS</title>
<partName>House</partName>
</titleInfo>
<relatedItem type="otherFormat" xlink:href="https://www.gpo.gov/fdsys/pkg/CREC-2017-09-14/html/CREC-2017-09-14-pt1-PgH7421-2.htm">
<identifier type="FDsys Unique ID">D09002ee197f7b59a</identifier>
</relatedItem>
<relatedItem type="otherFormat" xlink:href="https://www.gpo.gov/fdsys/pkg/CREC-2017-09-14/pdf/CREC-2017-09-14-pt1-PgH7421-2.pdf">
<identifier type="FDsys Unique ID">D09002ee197f7b6c4</identifier>
</relatedItem>
<identifier type="congressional record citation">163 Cong. Rec. H7421</identifier>
<identifier type="uri">https://www.gpo.gov/fdsys/granule/CREC-2017-09-14/CREC-2017-09-14-pt1-PgH7421-2</identifier>
<identifier type="former granule identifier">CR14SE17-107</identifier>
<location>
<url access="object in context" displayLabel="Content Detail">https://www.gpo.gov/fdsys/granule/CREC-2017-09-14/CREC-2017-09-14-pt1-PgH7421-2/content-detail.html</url>
<url access="raw object" displayLabel="PDF rendition">https://www.gpo.gov/fdsys/pkg/CREC-2017-09-14/pdf/CREC-2017-09-14-pt1-PgH7421-2.pdf</url>
<url access="raw object" displayLabel="HTML rendition">https://www.gpo.gov/fdsys/pkg/CREC-2017-09-14/html/CREC-2017-09-14-pt1-PgH7421-2.htm</url>
</location>
<physicalDescription>
<extent>3 p.</extent>
</physicalDescription>
<part type="article">
<extent unit="pages">
<start>H7421</start>
<end>H7423</end>
</extent>
</part>
<name type="corporate">
<namePart>United States</namePart>
<namePart>Congress</namePart>
<namePart>House of Representatives</namePart>
<namePart>Committee on the Judiciary</namePart>
<role>
<roleTerm authority="marcrelator" type="text">associated name</roleTerm>
<roleTerm authority="marcrelator" type="code">asn</roleTerm>
</role>
<description>Government Organization</description>
</name>
<name type="corporate">
<namePart>United States</namePart>
<namePart>Congress</namePart>
<namePart>House of Representatives</namePart>
<namePart>Committee on Financial Services</namePart>
<role>
<roleTerm authority="marcrelator" type="text">associated name</roleTerm>
<roleTerm authority="marcrelator" type="code">asn</roleTerm>
</role>
<description>Government Organization</description>
</name>
<name type="corporate">
<namePart>United States</namePart>
<namePart>Congress</namePart>
<namePart>House of Representatives</namePart>
<namePart>Committee on Education and the Workforce</namePart>
<role>
<roleTerm authority="marcrelator" type="text">associated name</roleTerm>
<roleTerm authority="marcrelator" type="code">asn</roleTerm>
</role>
<description>Government Organization</description>
</name>
<name type="corporate">
<namePart>United States</namePart>
<namePart>Congress</namePart>
<namePart>House of Representatives</namePart>
<namePart>Committee on Foreign Affairs</namePart>
<role>
<roleTerm authority="marcrelator" type="text">associated name</roleTerm>
<roleTerm authority="marcrelator" type="code">asn</roleTerm>
</role>
<description>Government Organization</description>
</name>
<name type="corporate">
<namePart>United States</namePart>
<namePart>Congress</namePart>
<namePart>House of Representatives</namePart>
<namePart>Committee on Natural Resources</namePart>
<role>
<roleTerm authority="marcrelator" type="text">associated name</roleTerm>
<roleTerm authority="marcrelator" type="code">asn</roleTerm>
</role>
<description>Government Organization</description>
</name>
<name type="corporate">
<namePart>United States</namePart>
<namePart>Congress</namePart>
<namePart>House of Representatives</namePart>
<namePart>Committee on Energy and Commerce</namePart>
<role>
<roleTerm authority="marcrelator" type="text">associated name</roleTerm>
<roleTerm authority="marcrelator" type="code">asn</roleTerm>
</role>
<description>Government Organization</description>
</name>
<name type="corporate">
<namePart>United States</namePart>
<namePart>Congress</namePart>
<namePart>House of Representatives</namePart>
<namePart>Committee on Ways and Means</namePart>
<role>
<roleTerm authority="marcrelator" type="text">associated name</roleTerm>
<roleTerm authority="marcrelator" type="code">asn</roleTerm>
</role>
<description>Government Organization</description>
</name>
<name type="corporate">
<namePart>United States</namePart>
<namePart>Congress</namePart>
<namePart>House of Representatives</namePart>
<namePart>Committee on Armed Services</namePart>
<role>
<roleTerm authority="marcrelator" type="text">associated name</roleTerm>
<roleTerm authority="marcrelator" type="code">asn</roleTerm>
</role>
<description>Government Organization</description>
</name>
<name type="corporate">
<namePart>United States</namePart>
<namePart>Congress</namePart>
<namePart>House of Representatives</namePart>
<namePart>Committee on Veterans' Affairs</namePart>
<role>
<roleTerm authority="marcrelator" type="text">associated name</roleTerm>
<roleTerm authority="marcrelator" type="code">asn</roleTerm>
</role>
<description>Government Organization</description>
</name>
<name type="corporate">
<namePart>United States</namePart>
<namePart>Congress</namePart>
<namePart>House of Representatives</namePart>
<namePart>Committee on Agriculture</namePart>
<role>
<roleTerm authority="marcrelator" type="text">associated name</roleTerm>
<roleTerm authority="marcrelator" type="code">asn</roleTerm>
</role>
<description>Government Organization</description>
</name>
<name type="corporate">
<namePart>United States</namePart>
<namePart>Congress</namePart>
<namePart>House of Representatives</namePart>
<namePart>Committee on Transportation and Infrastructure</namePart>
<role>
<roleTerm authority="marcrelator" type="text">associated name</roleTerm>
<roleTerm authority="marcrelator" type="code">asn</roleTerm>
</role>
<description>Government Organization</description>
</name>
<name type="corporate">
<namePart>United States</namePart>
<namePart>Congress</namePart>
<namePart>House of Representatives</namePart>
<namePart>Committee on Oversight and Government Reform</namePart>
<role>
<roleTerm authority="marcrelator" type="text">associated name</roleTerm>
<roleTerm authority="marcrelator" type="code">asn</roleTerm>
</role>
<description>Government Organization</description>
</name>
<identifier type="preferred citation">163 Cong. Rec. H7421</identifier>
<extension>
<searchTitle>PUBLIC BILLS AND RESOLUTIONS; Congressional Record Vol. 163, No. 149</searchTitle>
<granuleClass>HOUSE</granuleClass>
<accessId>CREC-2017-09-14-pt1-PgH7421-2</accessId>
<subGranuleClass>HPUBBILLS</subGranuleClass>
<pagePrefix>H</pagePrefix>
<bookNumber>1</bookNumber>
<chamber>HOUSE</chamber>
<granuleDate>2017-09-14</granuleDate>
<time from="13:30:00" to="13:30:00"/>
<bill congress="115" context="OTHER" number="79" type="HCONRES"/>
<bill congress="115" context="OTHER" number="520" type="HRES"/>
<bill congress="115" context="OTHER" number="521" type="HRES"/>
<bill congress="115" context="OTHER" number="522" type="HRES"/>
<bill congress="115" context="OTHER" number="523" type="HRES"/>
<bill congress="115" context="OTHER" number="524" type="HRES"/>
<bill congress="115" context="OTHER" number="525" type="HRES"/>
<bill congress="115" context="OTHER" number="526" type="HRES"/>
<bill congress="115" context="OTHER" number="527" type="HRES"/>
<bill congress="115" context="OTHER" number="528" type="HRES"/>
<bill congress="115" context="OTHER" number="3771" type="HR"/>
<bill congress="115" context="OTHER" number="3772" type="HR"/>
<bill congress="115" context="OTHER" number="3773" type="HR"/>
<bill congress="115" context="OTHER" number="3774" type="HR"/>
<bill congress="115" context="OTHER" number="3775" type="HR"/>
<bill congress="115" context="OTHER" number="3776" type="HR"/>
<bill congress="115" context="OTHER" number="3777" type="HR"/>
<bill congress="115" context="OTHER" number="3778" type="HR"/>
<bill congress="115" context="OTHER" number="3779" type="HR"/>
<bill congress="115" context="OTHER" number="3780" type="HR"/>
<bill congress="115" context="OTHER" number="3781" type="HR"/>
<bill congress="115" context="OTHER" number="3782" type="HR"/>
<bill congress="115" context="OTHER" number="3783" type="HR"/>
<bill congress="115" context="OTHER" number="3784" type="HR"/>
<bill congress="115" context="OTHER" number="3785" type="HR"/>
<bill congress="115" context="OTHER" number="3786" type="HR"/>
<bill congress="115" context="OTHER" number="3787" type="HR"/>
<bill congress="115" context="OTHER" number="3788" type="HR"/>
<bill congress="115" context="OTHER" number="3789" type="HR"/>
<bill congress="115" context="OTHER" number="3790" type="HR"/>
<bill congress="115" context="OTHER" number="3791" type="HR"/>
<bill congress="115" context="OTHER" number="3792" type="HR"/>
<bill congress="115" context="OTHER" number="3793" type="HR"/>
<bill congress="115" context="OTHER" number="3794" type="HR"/>
<bill congress="115" context="OTHER" number="3795" type="HR"/>
<bill congress="115" context="OTHER" number="3796" type="HR"/>
<bill congress="115" context="OTHER" number="3797" type="HR"/>
<bill congress="115" context="OTHER" number="3798" type="HR"/>
<bill congress="115" context="OTHER" number="3799" type="HR"/>
<bill congress="115" context="OTHER" number="3800" type="HR"/>
<congCommittee authorityId="hsju00" chamber="H" congress="115" type="S">
<name type="authority-standard">Committee on the Judiciary</name>
<name type="authority-short">Judiciary</name>
</congCommittee>
<congCommittee authorityId="hsba00" chamber="H" congress="115" type="S">
<name type="authority-standard">Committee on Financial Services</name>
<name type="authority-short">Financial Services</name>
</congCommittee>
<congCommittee authorityId="hsed00" chamber="H" congress="115" type="S">
<name type="authority-standard">Committee on Education and the Workforce</name>
<name type="authority-short">Education and the Workforce</name>
</congCommittee>
<congCommittee authorityId="hsfa00" chamber="H" congress="115" type="S">
<name type="authority-standard">Committee on Foreign Affairs</name>
<name type="authority-short">Foreign Affairs</name>
</congCommittee>
<congCommittee authorityId="hsii00" chamber="H" congress="115" type="S">
<name type="authority-standard">Committee on Natural Resources</name>
<name type="authority-short">Natural Resources</name>
</congCommittee>
<congCommittee authorityId="hsif00" chamber="H" congress="115" type="S">
<name type="authority-standard">Committee on Energy and Commerce</name>
<name type="authority-short">Energy and Commerce</name>
</congCommittee>
<congCommittee authorityId="hswm00" chamber="H" congress="115" type="S">
<name type="authority-standard">Committee on Ways and Means</name>
<name type="authority-short">Ways and Means</name>
</congCommittee>
<congCommittee authorityId="hsas00" chamber="H" congress="115" type="S">
<name type="authority-standard">Committee on Armed Services</name>
<name type="authority-short">Armed Services</name>
</congCommittee>
<congCommittee authorityId="hsvr00" chamber="H" congress="115" type="S">
<name type="authority-standard">Committee on Veterans' Affairs</name>
<name type="authority-short">Veterans' Affairs</name>
</congCommittee>
<congCommittee authorityId="hsag00" chamber="H" congress="115" type="S">
<name type="authority-standard">Committee on Agriculture</name>
<name type="authority-short">Agriculture</name>
</congCommittee>
<congCommittee authorityId="hspw00" chamber="H" congress="115" type="S">
<name type="authority-standard">Committee on Transportation and Infrastructure</name>
<name type="authority-short">Transportation</name>
</congCommittee>
<congCommittee authorityId="hsgo00" chamber="H" congress="115" type="S">
<name type="authority-standard">Committee on Oversight and Government Reform</name>
<name type="authority-short">Oversight and Government Reform</name>
</congCommittee>
<USCode title="18">
<chapter number="44"/>
</USCode>
</extension>
<relatedItem type="isReferencedBy">
<titleInfo>
<title>United States House Concurrent Resolution 79  (115th Congress)</title>
</titleInfo>
<identifier type="Congressional Bill citation">H. Con. Res. 79</identifier>
<extension>
<congress>115</congress>
<context>OTHER</context>
</extension>
</relatedItem>
<relatedItem type="isReferencedBy">
<titleInfo>
<title>United States House Resolution 520  (115th Congress)</title>
</titleInfo>
<identifier type="Congressional Bill citation">H. Res. 520</identifier>
<extension>
<congress>115</congress>
<context>OTHER</context>
</extension>
</relatedItem>
<relatedItem type="isReferencedBy">
<titleInfo>
<title>United States House Resolution 521  (115th Congress)</title>
</titleInfo>
<identifier type="Congressional Bill citation">H. Res. 521</identifier>
<extension>
<congress>115</congress>
<context>OTHER</context>
</extension>
</relatedItem>
<relatedItem type="isReferencedBy">
<titleInfo>
<title>United States House Resolution 522  (115th Congress)</title>
</titleInfo>
<identifier type="Congressional Bill citation">H. Res. 522</identifier>
<extension>
<congress>115</congress>
<context>OTHER</context>
</extension>
</relatedItem>
<relatedItem type="isReferencedBy">
<titleInfo>
<title>United States House Resolution 523  (115th Congress)</title>
</titleInfo>
<identifier type="Congressional Bill citation">H. Res. 523</identifier>
<extension>
<congress>115</congress>
<context>OTHER</context>
</extension>
</relatedItem>
<relatedItem type="isReferencedBy">
<titleInfo>
<title>United States House Resolution 524  (115th Congress)</title>
</titleInfo>
<identifier type="Congressional Bill citation">H. Res. 524</identifier>
<extension>
<congress>115</congress>
<context>OTHER</context>
</extension>
</relatedItem>
<relatedItem type="isReferencedBy">
<titleInfo>
<title>United States House Resolution 525  (115th Congress)</title>
</titleInfo>
<identifier type="Congressional Bill citation">H. Res. 525</identifier>
<extension>
<congress>115</congress>
<context>OTHER</context>
</extension>
</relatedItem>
<relatedItem type="isReferencedBy">
<titleInfo>
<title>United States House Resolution 526  (115th Congress)</title>
</titleInfo>
<identifier type="Congressional Bill citation">H. Res. 526</identifier>
<extension>
<congress>115</congress>
<context>OTHER</context>
</extension>
</relatedItem>
<relatedItem type="isReferencedBy">
<titleInfo>
<title>United States House Resolution 527  (115th Congress)</title>
</titleInfo>
<identifier type="Congressional Bill citation">H. Res. 527</identifier>
<extension>
<congress>115</congress>
<context>OTHER</context>
</extension>
</relatedItem>
<relatedItem type="isReferencedBy">
<titleInfo>
<title>United States House Resolution 528  (115th Congress)</title>
</titleInfo>
<identifier type="Congressional Bill citation">H. Res. 528</identifier>
<extension>
<congress>115</congress>
<context>OTHER</context>
</extension>
</relatedItem>
<relatedItem type="isReferencedBy">
<titleInfo>
<title>United States House Bill 3771  (115th Congress)</title>
</titleInfo>
<identifier type="Congressional Bill citation">H.R. 3771</identifier>
<extension>
<congress>115</congress>
<context>OTHER</context>
</extension>
</relatedItem>
<relatedItem type="isReferencedBy">
<titleInfo>
<title>United States House Bill 3772  (115th Congress)</title>
</titleInfo>
<identifier type="Congressional Bill citation">H.R. 3772</identifier>
<extension>
<congress>115</congress>
<context>OTHER</context>
</extension>
</relatedItem>
<relatedItem type="isReferencedBy">
<titleInfo>
<title>United States House Bill 3773  (115th Congress)</title>
</titleInfo>
<identifier type="Congressional Bill citation">H.R. 3773</identifier>
<extension>
<congress>115</congress>
<context>OTHER</context>
</extension>
</relatedItem>
<relatedItem type="isReferencedBy">
<titleInfo>
<title>United States House Bill 3774  (115th Congress)</title>
</titleInfo>
<identifier type="Congressional Bill citation">H.R. 3774</identifier>
<extension>
<congress>115</congress>
<context>OTHER</context>
</extension>
</relatedItem>
<relatedItem type="isReferencedBy">
<titleInfo>
<title>United States House Bill 3775  (115th Congress)</title>
</titleInfo>
<identifier type="Congressional Bill citation">H.R. 3775</identifier>
<extension>
<congress>115</congress>
<context>OTHER</context>
</extension>
</relatedItem>
<relatedItem type="isReferencedBy">
<titleInfo>
<title>United States House Bill 3776  (115th Congress)</title>
</titleInfo>
<identifier type="Congressional Bill citation">H.R. 3776</identifier>
<extension>
<congress>115</congress>
<context>OTHER</context>
</extension>
</relatedItem>
<relatedItem type="isReferencedBy">
<titleInfo>
<title>United States House Bill 3777  (115th Congress)</title>
</titleInfo>
<identifier type="Congressional Bill citation">H.R. 3777</identifier>
<extension>
<congress>115</congress>
<context>OTHER</context>
</extension>
</relatedItem>
<relatedItem type="isReferencedBy">
<titleInfo>
<title>United States House Bill 3778  (115th Congress)</title>
</titleInfo>
<identifier type="Congressional Bill citation">H.R. 3778</identifier>
<extension>
<congress>115</congress>
<context>OTHER</context>
</extension>
</relatedItem>
<relatedItem type="isReferencedBy">
<titleInfo>
<title>United States House Bill 3779  (115th Congress)</title>
</titleInfo>
<identifier type="Congressional Bill citation">H.R. 3779</identifier>
<extension>
<congress>115</congress>
<context>OTHER</context>
</extension>
</relatedItem>
<relatedItem type="isReferencedBy">
<titleInfo>
<title>United States House Bill 3780  (115th Congress)</title>
</titleInfo>
<identifier type="Congressional Bill citation">H.R. 3780</identifier>
<extension>
<congress>115</congress>
<context>OTHER</context>
</extension>
</relatedItem>
<relatedItem type="isReferencedBy">
<titleInfo>
<title>United States House Bill 3781  (115th Congress)</title>
</titleInfo>
<identifier type="Congressional Bill citation">H.R. 3781</identifier>
<extension>
<congress>115</congress>
<context>OTHER</context>
</extension>
</relatedItem>
<relatedItem type="isReferencedBy">
<titleInfo>
<title>United States House Bill 3782  (115th Congress)</title>
</titleInfo>
<identifier type="Congressional Bill citation">H.R. 3782</identifier>
<extension>
<congress>115</congress>
<context>OTHER</context>
</extension>
</relatedItem>
<relatedItem type="isReferencedBy">
<titleInfo>
<title>United States House Bill 3783  (115th Congress)</title>
</titleInfo>
<identifier type="Congressional Bill citation">H.R. 3783</identifier>
<extension>
<congress>115</congress>
<context>OTHER</context>
</extension>
</relatedItem>
<relatedItem type="isReferencedBy">
<titleInfo>
<title>United States House Bill 3784  (115th Congress)</title>
</titleInfo>
<identifier type="Congressional Bill citation">H.R. 3784</identifier>
<extension>
<congress>115</congress>
<context>OTHER</context>
</extension>
</relatedItem>
<relatedItem type="isReferencedBy">
<titleInfo>
<title>United States House Bill 3785  (115th Congress)</title>
</titleInfo>
<identifier type="Congressional Bill citation">H.R. 3785</identifier>
<extension>
<congress>115</congress>
<context>OTHER</context>
</extension>
</relatedItem>
<relatedItem type="isReferencedBy">
<titleInfo>
<title>United States House Bill 3786  (115th Congress)</title>
</titleInfo>
<identifier type="Congressional Bill citation">H.R. 3786</identifier>
<extension>
<congress>115</congress>
<context>OTHER</context>
</extension>
</relatedItem>
<relatedItem type="isReferencedBy">
<titleInfo>
<title>United States House Bill 3787  (115th Congress)</title>
</titleInfo>
<identifier type="Congressional Bill citation">H.R. 3787</identifier>
<extension>
<congress>115</congress>
<context>OTHER</context>
</extension>
</relatedItem>
<relatedItem type="isReferencedBy">
<titleInfo>
<title>United States House Bill 3788  (115th Congress)</title>
</titleInfo>
<identifier type="Congressional Bill citation">H.R. 3788</identifier>
<extension>
<congress>115</congress>
<context>OTHER</context>
</extension>
</relatedItem>
<relatedItem type="isReferencedBy">
<titleInfo>
<title>United States House Bill 3789  (115th Congress)</title>
</titleInfo>
<identifier type="Congressional Bill citation">H.R. 3789</identifier>
<extension>
<congress>115</congress>
<context>OTHER</context>
</extension>
</relatedItem>
<relatedItem type="isReferencedBy">
<titleInfo>
<title>United States House Bill 3790  (115th Congress)</title>
</titleInfo>
<identifier type="Congressional Bill citation">H.R. 3790</identifier>
<extension>
<congress>115</congress>
<context>OTHER</context>
</extension>
</relatedItem>
<relatedItem type="isReferencedBy">
<titleInfo>
<title>United States House Bill 3791  (115th Congress)</title>
</titleInfo>
<identifier type="Congressional Bill citation">H.R. 3791</identifier>
<extension>
<congress>115</congress>
<context>OTHER</context>
</extension>
</relatedItem>
<relatedItem type="isReferencedBy">
<titleInfo>
<title>United States House Bill 3792  (115th Congress)</title>
</titleInfo>
<identifier type="Congressional Bill citation">H.R. 3792</identifier>
<extension>
<congress>115</congress>
<context>OTHER</context>
</extension>
</relatedItem>
<relatedItem type="isReferencedBy">
<titleInfo>
<title>United States House Bill 3793  (115th Congress)</title>
</titleInfo>
<identifier type="Congressional Bill citation">H.R. 3793</identifier>
<extension>
<congress>115</congress>
<context>OTHER</context>
</extension>
</relatedItem>
<relatedItem type="isReferencedBy">
<titleInfo>
<title>United States House Bill 3794  (115th Congress)</title>
</titleInfo>
<identifier type="Congressional Bill citation">H.R. 3794</identifier>
<extension>
<congress>115</congress>
<context>OTHER</context>
</extension>
</relatedItem>
<relatedItem type="isReferencedBy">
<titleInfo>
<title>United States House Bill 3795  (115th Congress)</title>
</titleInfo>
<identifier type="Congressional Bill citation">H.R. 3795</identifier>
<extension>
<congress>115</congress>
<context>OTHER</context>
</extension>
</relatedItem>
<relatedItem type="isReferencedBy">
<titleInfo>
<title>United States House Bill 3796  (115th Congress)</title>
</titleInfo>
<identifier type="Congressional Bill citation">H.R. 3796</identifier>
<extension>
<congress>115</congress>
<context>OTHER</context>
</extension>
</relatedItem>
<relatedItem type="isReferencedBy">
<titleInfo>
<title>United States House Bill 3797  (115th Congress)</title>
</titleInfo>
<identifier type="Congressional Bill citation">H.R. 3797</identifier>
<extension>
<congress>115</congress>
<context>OTHER</context>
</extension>
</relatedItem>
<relatedItem type="isReferencedBy">
<titleInfo>
<title>United States House Bill 3798  (115th Congress)</title>
</titleInfo>
<identifier type="Congressional Bill citation">H.R. 3798</identifier>
<extension>
<congress>115</congress>
<context>OTHER</context>
</extension>
</relatedItem>
<relatedItem type="isReferencedBy">
<titleInfo>
<title>United States House Bill 3799  (115th Congress)</title>
</titleInfo>
<identifier type="Congressional Bill citation">H.R. 3799</identifier>
<extension>
<congress>115</congress>
<context>OTHER</context>
</extension>
</relatedItem>
<relatedItem type="isReferencedBy">
<titleInfo>
<title>United States House Bill 3800  (115th Congress)</title>
</titleInfo>
<identifier type="Congressional Bill citation">H.R. 3800</identifier>
<extension>
<congress>115</congress>
<context>OTHER</context>
</extension>
</relatedItem>
<relatedItem type="isReferencedBy">
<titleInfo>
<title>United States Code</title>
<partNumber>Title 18 Chapter 44</partNumber>
</titleInfo>
<identifier type="USC citation">18 U.S.C. Chapter 44</identifier>
</relatedItem>
<relatedItem ID="P0b002ee197f7a648" type="host">
<titleInfo>
<title>Congressional Record</title>
<partNumber>Vol. 163, no. 149</partNumber>
</titleInfo>
<location>
<url access="object in context" displayLabel="Content Detail">https://www.gpo.gov/fdsys/pkg/CREC-2017-09-14/content-detail.html</url>
<url access="raw object" displayLabel="PDF rendition">https://www.gpo.gov/fdsys/pkg/CREC-2017-09-14/pdf/CREC-2017-09-14.pdf</url>
</location>
<part type="issue">
<extent unit="pages">
<start>H7385</start>
<end>H7425</end>
</extent>
<extent unit="pages">
<start>S5709</start>
<end>S5773</end>
</extent>
<extent unit="pages">
<start>E1221</start>
<end>E1236</end>
</extent>
<extent unit="pages">
<start>D979</start>
<end>D984</end>
</extent>
</part>
<originInfo>
<publisher>U.S. Government Publishing Office</publisher>
<dateIssued encoding="w3cdtf">2017-09-14</dateIssued>
<issuance>continuing</issuance>
<frequency authority="marcfrequency">daily</frequency>
</originInfo>
<physicalDescription>
<note type="source content type">deposited</note>
<digitalOrigin>born digital</digitalOrigin>
<extent>256 p.</extent>
</physicalDescription>
<classification authority="sudocs">X 1.1/A:</classification>
<classification authority="sudocs">X/A.</classification>
<identifier type="uri">https://www.gpo.gov/fdsys/pkg/CREC-2017-09-14</identifier>
<identifier type="local">P0b002ee197f7a648</identifier>
<identifier type="stock number">752-002-00000-2</identifier>
<identifier type="ILS system id">000568013</identifier>
<identifier type="former package identifier">CR14SE17</identifier>
<recordInfo>
<recordContentSource authority="marcorg">DGPO</recordContentSource>
<recordCreationDate encoding="w3cdtf">2018-01-11</recordCreationDate>
<recordChangeDate encoding="w3cdtf">2018-01-11</recordChangeDate>
<recordIdentifier source="DGPO">CREC-2017-09-14</recordIdentifier>
<recordOrigin>machine generated</recordOrigin>
<languageOfCataloging>
<languageTerm authority="iso639-2b" type="code">eng</languageTerm>
</languageOfCataloging>
</recordInfo>
<accessCondition type="GPO scope determination">fdlp</accessCondition>
<extension>
<docClass>CREC</docClass>
<accessId>CREC-2017-09-14</accessId>
<volume>163</volume>
<issue>149</issue>
<congress>115</congress>
<session>1</session>
<bookCount>1</bookCount>
</extension>
</relatedItem>
</mods>