<mods ID="id-CREC-2017-11-16-pt1-PgH9380-6" version="3.3" xmlns="http://www.loc.gov/mods/v3" xmlns:exslt="http://exslt.org/common" xmlns:xlink="http://www.w3.org/1999/xlink" xmlns:xsi="http://www.w3.org/2001/XMLSchema-instance" xsi:schemaLocation="http://www.loc.gov/mods/v3 http://www.loc.gov/standards/mods/v3/mods-3-3.xsd">
<name type="corporate">
<namePart>United States Government Publishing Office</namePart>
<role>
<roleTerm authority="marcrelator" type="text">publisher</roleTerm>
<roleTerm authority="marcrelator" type="code">pbl</roleTerm>
</role>
<role>
<roleTerm authority="marcrelator" type="text">distributor</roleTerm>
<roleTerm authority="marcrelator" type="code">dst</roleTerm>
</role>
</name>
<name type="corporate">
<namePart>United States</namePart>
<namePart>Congress</namePart>
<role>
<roleTerm authority="marcrelator" type="text">author</roleTerm>
<roleTerm authority="marcrelator" type="code">aut</roleTerm>
</role>
<description>Government Organization</description>
</name>
<typeOfResource>text</typeOfResource>
<genre authority="marcgt">government publication</genre>
<language>
<languageTerm authority="iso639-2b" type="code">eng</languageTerm>
</language>
<extension>
<collectionCode>CREC</collectionCode>
<category>Proceedings of Congress and General Congressional Publications</category>
<waisDatabaseName>2017_record</waisDatabaseName>
<branch>legislative</branch>
<dateIngested>2018-02-24</dateIngested>
</extension>
<titleInfo>
<title>RECOGNIZING THE BUCKS COUNTY OPPORTUNITY COUNCIL, COMMUNITY ACTION AGENCY</title>
<partName>House</partName>
</titleInfo>
<relatedItem type="otherFormat" xlink:href="https://www.gpo.gov/fdsys/pkg/CREC-2017-11-16/html/CREC-2017-11-16-pt1-PgH9380-6.htm">
<identifier type="FDsys Unique ID">D09002ee19891e090</identifier>
</relatedItem>
<relatedItem type="otherFormat" xlink:href="https://www.gpo.gov/fdsys/pkg/CREC-2017-11-16/pdf/CREC-2017-11-16-pt1-PgH9380-6.pdf">
<identifier type="FDsys Unique ID">D09002ee19891e568</identifier>
</relatedItem>
<identifier type="congressional record citation">163 Cong. Rec. H9380</identifier>
<identifier type="uri">https://www.gpo.gov/fdsys/granule/CREC-2017-11-16/CREC-2017-11-16-pt1-PgH9380-6</identifier>
<identifier type="former granule identifier">CR16NO17-67</identifier>
<location>
<url access="object in context" displayLabel="Content Detail">https://www.gpo.gov/fdsys/granule/CREC-2017-11-16/CREC-2017-11-16-pt1-PgH9380-6/content-detail.html</url>
<url access="raw object" displayLabel="PDF rendition">https://www.gpo.gov/fdsys/pkg/CREC-2017-11-16/pdf/CREC-2017-11-16-pt1-PgH9380-6.pdf</url>
<url access="raw object" displayLabel="HTML rendition">https://www.gpo.gov/fdsys/pkg/CREC-2017-11-16/html/CREC-2017-11-16-pt1-PgH9380-6.htm</url>
</location>
<physicalDescription>
<extent>1 p.</extent>
</physicalDescription>
<part type="article">
<extent unit="pages">
<start>H9380</start>
<end>H9380</end>
</extent>
</part>
<name type="personal">
<namePart>Brian K. Fitzpatrick</namePart>
<affiliation>United States House of Representatives</affiliation>
<role>
<roleTerm type="text">speaking</roleTerm>
</role>
<description>United States Congress Member</description>
</name>
<identifier type="preferred citation">163 Cong. Rec. H9380</identifier>
<extension>
<searchTitle>RECOGNIZING THE BUCKS COUNTY OPPORTUNITY COUNCIL, COMMUNITY ACTION AGENCY; Congressional Record Vol. 163, No. 188</searchTitle>
<granuleClass>HOUSE</granuleClass>
<accessId>CREC-2017-11-16-pt1-PgH9380-6</accessId>
<subGranuleClass>RECOGNIZING</subGranuleClass>
<pagePrefix>H</pagePrefix>
<bookNumber>1</bookNumber>
<chamber>HOUSE</chamber>
<granuleDate>2017-11-16</granuleDate>
<time from="09:00:00" to="09:00:00"/>
<congMember authorityId="2345" bioGuideId="F000466" chamber="H" congress="115" party="R" role="SPEAKING" state="PA">
<name type="parsed">Mr. FITZPATRICK</name>
<name type="authority-fnf">Brian K. Fitzpatrick</name>
<name type="authority-lnf">Fitzpatrick, Brian K.</name>
<name type="authority-other">Mr. Brian Fitzpatrick</name>
</congMember>
</extension>
<relatedItem ID="P0b002ee19891e12c" type="host">
<titleInfo>
<title>Congressional Record</title>
<partNumber>Vol. 163, no. 188</partNumber>
</titleInfo>
<location>
<url access="object in context" displayLabel="Content Detail">https://www.gpo.gov/fdsys/pkg/CREC-2017-11-16/content-detail.html</url>
<url access="raw object" displayLabel="PDF rendition">https://www.gpo.gov/fdsys/pkg/CREC-2017-11-16/pdf/CREC-2017-11-16.pdf</url>
</location>
<part type="issue">
<extent unit="pages">
<start>H9379</start>
<end>H9427</end>
</extent>
<extent unit="pages">
<start>S7269</start>
<end>S7312</end>
</extent>
<extent unit="pages">
<start>E1579</start>
<end>E1589</end>
</extent>
<extent unit="pages">
<start>D1230</start>
<end>D1234</end>
</extent>
</part>
<originInfo>
<publisher>U.S. Government Publishing Office</publisher>
<dateIssued encoding="w3cdtf">2017-11-16</dateIssued>
<issuance>continuing</issuance>
<frequency authority="marcfrequency">daily</frequency>
</originInfo>
<physicalDescription>
<note type="source content type">deposited</note>
<digitalOrigin>born digital</digitalOrigin>
<extent>218 p.</extent>
</physicalDescription>
<classification authority="sudocs">X 1.1/A:</classification>
<classification authority="sudocs">X/A.</classification>
<identifier type="uri">https://www.gpo.gov/fdsys/pkg/CREC-2017-11-16</identifier>
<identifier type="local">P0b002ee19891e12c</identifier>
<identifier type="stock number">752-002-00000-2</identifier>
<identifier type="ILS system id">000568013</identifier>
<identifier type="former package identifier">CR16NO17</identifier>
<recordInfo>
<recordContentSource authority="marcorg">DGPO</recordContentSource>
<recordCreationDate encoding="w3cdtf">2018-02-24</recordCreationDate>
<recordChangeDate encoding="w3cdtf">2018-02-24</recordChangeDate>
<recordIdentifier source="DGPO">CREC-2017-11-16</recordIdentifier>
<recordOrigin>machine generated</recordOrigin>
<languageOfCataloging>
<languageTerm authority="iso639-2b" type="code">eng</languageTerm>
</languageOfCataloging>
</recordInfo>
<accessCondition type="GPO scope determination">fdlp</accessCondition>
<extension>
<docClass>CREC</docClass>
<accessId>CREC-2017-11-16</accessId>
<volume>163</volume>
<issue>188</issue>
<congress>115</congress>
<session>1</session>
<bookCount>1</bookCount>
</extension>
</relatedItem>
</mods>