<mods ID="id-CREC-2017-10-10-pt1-PgH7894-3" version="3.3" xmlns="http://www.loc.gov/mods/v3" xmlns:exslt="http://exslt.org/common" xmlns:xlink="http://www.w3.org/1999/xlink" xmlns:xsi="http://www.w3.org/2001/XMLSchema-instance" xsi:schemaLocation="http://www.loc.gov/mods/v3 http://www.loc.gov/standards/mods/v3/mods-3-3.xsd">
<name type="corporate">
<namePart>United States Government Publishing Office</namePart>
<role>
<roleTerm authority="marcrelator" type="text">publisher</roleTerm>
<roleTerm authority="marcrelator" type="code">pbl</roleTerm>
</role>
<role>
<roleTerm authority="marcrelator" type="text">distributor</roleTerm>
<roleTerm authority="marcrelator" type="code">dst</roleTerm>
</role>
</name>
<name type="corporate">
<namePart>United States</namePart>
<namePart>Congress</namePart>
<role>
<roleTerm authority="marcrelator" type="text">author</roleTerm>
<roleTerm authority="marcrelator" type="code">aut</roleTerm>
</role>
<description>Government Organization</description>
</name>
<typeOfResource>text</typeOfResource>
<genre authority="marcgt">government publication</genre>
<language>
<languageTerm authority="iso639-2b" type="code">eng</languageTerm>
</language>
<extension>
<collectionCode>CREC</collectionCode>
<category>Proceedings of Congress and General Congressional Publications</category>
<waisDatabaseName>2017_record</waisDatabaseName>
<branch>legislative</branch>
<dateIngested>2018-01-27</dateIngested>
</extension>
<titleInfo>
<title>BEAU BIDEN FOUNDATION</title>
<partName>House</partName>
</titleInfo>
<relatedItem type="otherFormat" xlink:href="https://www.gpo.gov/fdsys/pkg/CREC-2017-10-10/html/CREC-2017-10-10-pt1-PgH7894-3.htm">
<identifier type="FDsys Unique ID">D09002ee198221cfa</identifier>
</relatedItem>
<relatedItem type="otherFormat" xlink:href="https://www.gpo.gov/fdsys/pkg/CREC-2017-10-10/pdf/CREC-2017-10-10-pt1-PgH7894-3.pdf">
<identifier type="FDsys Unique ID">D09002ee198221d2c</identifier>
</relatedItem>
<identifier type="congressional record citation">163 Cong. Rec. H7894</identifier>
<identifier type="uri">https://www.gpo.gov/fdsys/granule/CREC-2017-10-10/CREC-2017-10-10-pt1-PgH7894-3</identifier>
<identifier type="former granule identifier">CR10OC17-49</identifier>
<location>
<url access="object in context" displayLabel="Content Detail">https://www.gpo.gov/fdsys/granule/CREC-2017-10-10/CREC-2017-10-10-pt1-PgH7894-3/content-detail.html</url>
<url access="raw object" displayLabel="PDF rendition">https://www.gpo.gov/fdsys/pkg/CREC-2017-10-10/pdf/CREC-2017-10-10-pt1-PgH7894-3.pdf</url>
<url access="raw object" displayLabel="HTML rendition">https://www.gpo.gov/fdsys/pkg/CREC-2017-10-10/html/CREC-2017-10-10-pt1-PgH7894-3.htm</url>
</location>
<physicalDescription>
<extent>2 p.</extent>
</physicalDescription>
<part type="article">
<extent unit="pages">
<start>H7894</start>
<end>H7895</end>
</extent>
</part>
<name type="personal">
<namePart>Brian K. Fitzpatrick</namePart>
<affiliation>United States House of Representatives</affiliation>
<role>
<roleTerm type="text">speaking</roleTerm>
</role>
<description>United States Congress Member</description>
</name>
<identifier type="preferred citation">163 Cong. Rec. H7894</identifier>
<extension>
<searchTitle>BEAU BIDEN FOUNDATION; Congressional Record Vol. 163, No. 162</searchTitle>
<granuleClass>HOUSE</granuleClass>
<accessId>CREC-2017-10-10-pt1-PgH7894-3</accessId>
<subGranuleClass>ALLOTHER</subGranuleClass>
<pagePrefix>H</pagePrefix>
<bookNumber>1</bookNumber>
<chamber>HOUSE</chamber>
<granuleDate>2017-10-10</granuleDate>
<time from="12:15:00" to="12:15:00"/>
<congMember authorityId="2345" bioGuideId="F000466" chamber="H" congress="115" party="R" role="SPEAKING" state="PA">
<name type="parsed">Mr. FITZPATRICK</name>
<name type="authority-fnf">Brian K. Fitzpatrick</name>
<name type="authority-lnf">Fitzpatrick, Brian K.</name>
<name type="authority-other">Mr. Brian Fitzpatrick</name>
</congMember>
</extension>
<relatedItem ID="P0b002ee1982202be" type="host">
<titleInfo>
<title>Congressional Record</title>
<partNumber>Vol. 163, no. 162</partNumber>
</titleInfo>
<location>
<url access="object in context" displayLabel="Content Detail">https://www.gpo.gov/fdsys/pkg/CREC-2017-10-10/content-detail.html</url>
<url access="raw object" displayLabel="PDF rendition">https://www.gpo.gov/fdsys/pkg/CREC-2017-10-10/pdf/CREC-2017-10-10.pdf</url>
</location>
<part type="issue">
<extent unit="pages">
<start>H7893</start>
<end>H7919</end>
</extent>
<extent unit="pages">
<start>S6379</start>
<end>S6379</end>
</extent>
<extent unit="pages">
<start>E1347</start>
<end>E1354</end>
</extent>
<extent unit="pages">
<start>D1065</start>
<end>D1070</end>
</extent>
</part>
<originInfo>
<publisher>U.S. Government Publishing Office</publisher>
<dateIssued encoding="w3cdtf">2017-10-10</dateIssued>
<issuance>continuing</issuance>
<frequency authority="marcfrequency">daily</frequency>
</originInfo>
<physicalDescription>
<note type="source content type">deposited</note>
<digitalOrigin>born digital</digitalOrigin>
<extent>84 p.</extent>
</physicalDescription>
<classification authority="sudocs">X 1.1/A:</classification>
<classification authority="sudocs">X/A.</classification>
<identifier type="uri">https://www.gpo.gov/fdsys/pkg/CREC-2017-10-10</identifier>
<identifier type="local">P0b002ee1982202be</identifier>
<identifier type="stock number">752-002-00000-2</identifier>
<identifier type="ILS system id">000568013</identifier>
<identifier type="former package identifier">CR10OC17</identifier>
<recordInfo>
<recordContentSource authority="marcorg">DGPO</recordContentSource>
<recordCreationDate encoding="w3cdtf">2018-01-27</recordCreationDate>
<recordChangeDate encoding="w3cdtf">2018-01-27</recordChangeDate>
<recordIdentifier source="DGPO">CREC-2017-10-10</recordIdentifier>
<recordOrigin>machine generated</recordOrigin>
<languageOfCataloging>
<languageTerm authority="iso639-2b" type="code">eng</languageTerm>
</languageOfCataloging>
</recordInfo>
<accessCondition type="GPO scope determination">fdlp</accessCondition>
<extension>
<docClass>CREC</docClass>
<accessId>CREC-2017-10-10</accessId>
<volume>163</volume>
<issue>162</issue>
<congress>115</congress>
<session>1</session>
<bookCount>1</bookCount>
</extension>
</relatedItem>
</mods>