<mods ID="id-CREC-2017-12-07-pt1-PgS7920-2" version="3.3" xmlns="http://www.loc.gov/mods/v3" xmlns:exslt="http://exslt.org/common" xmlns:xlink="http://www.w3.org/1999/xlink" xmlns:xsi="http://www.w3.org/2001/XMLSchema-instance" xsi:schemaLocation="http://www.loc.gov/mods/v3 http://www.loc.gov/standards/mods/v3/mods-3-3.xsd">
<name type="corporate">
<namePart>United States Government Publishing Office</namePart>
<role>
<roleTerm authority="marcrelator" type="text">publisher</roleTerm>
<roleTerm authority="marcrelator" type="code">pbl</roleTerm>
</role>
<role>
<roleTerm authority="marcrelator" type="text">distributor</roleTerm>
<roleTerm authority="marcrelator" type="code">dst</roleTerm>
</role>
</name>
<name type="corporate">
<namePart>United States</namePart>
<namePart>Congress</namePart>
<role>
<roleTerm authority="marcrelator" type="text">author</roleTerm>
<roleTerm authority="marcrelator" type="code">aut</roleTerm>
</role>
<description>Government Organization</description>
</name>
<typeOfResource>text</typeOfResource>
<genre authority="marcgt">government publication</genre>
<language>
<languageTerm authority="iso639-2b" type="code">eng</languageTerm>
</language>
<extension>
<collectionCode>CREC</collectionCode>
<category>Proceedings of Congress and General Congressional Publications</category>
<waisDatabaseName>2017_record</waisDatabaseName>
<branch>legislative</branch>
<dateIngested>2018-03-31</dateIngested>
</extension>
<titleInfo>
<title>VETERANS COMMUNITY CARE AND ACCESS ACT</title>
<partName>Senate</partName>
</titleInfo>
<relatedItem type="otherFormat" xlink:href="https://www.gpo.gov/fdsys/pkg/CREC-2017-12-07/html/CREC-2017-12-07-pt1-PgS7920-2.htm">
<identifier type="FDsys Unique ID">D09002ee199ee9c21</identifier>
</relatedItem>
<relatedItem type="otherFormat" xlink:href="https://www.gpo.gov/fdsys/pkg/CREC-2017-12-07/pdf/CREC-2017-12-07-pt1-PgS7920-2.pdf">
<identifier type="FDsys Unique ID">D09002ee199ee9d23</identifier>
</relatedItem>
<identifier type="congressional record citation">163 Cong. Rec. S7920</identifier>
<identifier type="uri">https://www.gpo.gov/fdsys/granule/CREC-2017-12-07/CREC-2017-12-07-pt1-PgS7920-2</identifier>
<identifier type="former granule identifier">CR07DE17-188</identifier>
<location>
<url access="object in context" displayLabel="Content Detail">https://www.gpo.gov/fdsys/granule/CREC-2017-12-07/CREC-2017-12-07-pt1-PgS7920-2/content-detail.html</url>
<url access="raw object" displayLabel="PDF rendition">https://www.gpo.gov/fdsys/pkg/CREC-2017-12-07/pdf/CREC-2017-12-07-pt1-PgS7920-2.pdf</url>
<url access="raw object" displayLabel="HTML rendition">https://www.gpo.gov/fdsys/pkg/CREC-2017-12-07/html/CREC-2017-12-07-pt1-PgS7920-2.htm</url>
</location>
<physicalDescription>
<extent>3 p.</extent>
</physicalDescription>
<part type="article">
<extent unit="pages">
<start>S7920</start>
<end>S7922</end>
</extent>
</part>
<name type="personal">
<namePart>Jerry Moran</namePart>
<affiliation>United States Senate</affiliation>
<role>
<roleTerm type="text">speaking</roleTerm>
</role>
<description>United States Congress Member</description>
</name>
<name type="personal">
<namePart>Robert P. Casey Jr.</namePart>
<affiliation>United States Senate</affiliation>
<role>
<roleTerm type="text">speaking</roleTerm>
</role>
<description>United States Congress Member</description>
</name>
<identifier type="preferred citation">163 Cong. Rec. S7920</identifier>
<extension>
<searchTitle>VETERANS COMMUNITY CARE AND ACCESS ACT; Congressional Record Vol. 163, No. 200</searchTitle>
<granuleClass>SENATE</granuleClass>
<accessId>CREC-2017-12-07-pt1-PgS7920-2</accessId>
<subGranuleClass>ALLOTHER</subGranuleClass>
<pagePrefix>S</pagePrefix>
<bookNumber>1</bookNumber>
<chamber>SENATE</chamber>
<granuleDate>2017-12-07</granuleDate>
<bill congress="115" context="FIRSTPARAGRAPH" number="2184" type="S"/>
<bill congress="115" context="OTHER" number="2184" type="S"/>
<congMember authorityId="1507" bioGuideId="M000934" chamber="S" congress="115" gpoId="8307" party="R" role="SPEAKING" state="KS">
<name type="parsed">Mr. MORAN</name>
<name type="authority-fnf">Jerry Moran</name>
<name type="authority-lnf">Moran, Jerry</name>
</congMember>
<congMember authorityId="1828" bioGuideId="C001070" chamber="S" congress="115" gpoId="8282" party="D" role="SPEAKING" state="PA">
<name type="parsed">Mr. CASEY</name>
<name type="authority-fnf">Robert P. Casey Jr.</name>
<name type="authority-lnf">Casey, Robert P., Jr.</name>
<name type="authority-other">Mr. Bob Casey Jr.</name>
</congMember>
</extension>
<relatedItem type="isReferencedBy">
<titleInfo>
<title>United States Senate Bill 2184  (115th Congress)</title>
</titleInfo>
<identifier type="Congressional Bill citation">S. 2184</identifier>
<extension>
<congress>115</congress>
<context>FIRSTPARAGRAPH</context>
</extension>
</relatedItem>
<relatedItem type="isReferencedBy">
<titleInfo>
<title>United States Senate Bill 2184  (115th Congress)</title>
</titleInfo>
<identifier type="Congressional Bill citation">S. 2184</identifier>
<extension>
<congress>115</congress>
<context>OTHER</context>
</extension>
</relatedItem>
<relatedItem ID="P0b002ee199ee8c9d" type="host">
<titleInfo>
<title>Congressional Record</title>
<partNumber>Vol. 163, no. 200</partNumber>
</titleInfo>
<location>
<url access="object in context" displayLabel="Content Detail">https://www.gpo.gov/fdsys/pkg/CREC-2017-12-07/content-detail.html</url>
<url access="raw object" displayLabel="PDF rendition">https://www.gpo.gov/fdsys/pkg/CREC-2017-12-07/pdf/CREC-2017-12-07.pdf</url>
</location>
<part type="issue">
<extent unit="pages">
<start>H9711</start>
<end>H9758</end>
</extent>
<extent unit="pages">
<start>S7897</start>
<end>S7935</end>
</extent>
<extent unit="pages">
<start>E1667</start>
<end>E1675</end>
</extent>
<extent unit="pages">
<start>D1295</start>
<end>D1300</end>
</extent>
</part>
<originInfo>
<publisher>U.S. Government Publishing Office</publisher>
<dateIssued encoding="w3cdtf">2017-12-07</dateIssued>
<issuance>continuing</issuance>
<frequency authority="marcfrequency">daily</frequency>
</originInfo>
<physicalDescription>
<note type="source content type">deposited</note>
<digitalOrigin>born digital</digitalOrigin>
<extent>204 p.</extent>
</physicalDescription>
<classification authority="sudocs">X 1.1/A:</classification>
<classification authority="sudocs">X/A.</classification>
<identifier type="uri">https://www.gpo.gov/fdsys/pkg/CREC-2017-12-07</identifier>
<identifier type="local">P0b002ee199ee8c9d</identifier>
<identifier type="stock number">752-002-00000-2</identifier>
<identifier type="ILS system id">000568013</identifier>
<identifier type="former package identifier">CR07DE17</identifier>
<recordInfo>
<recordContentSource authority="marcorg">DGPO</recordContentSource>
<recordCreationDate encoding="w3cdtf">2018-03-31</recordCreationDate>
<recordChangeDate encoding="w3cdtf">2018-03-31</recordChangeDate>
<recordIdentifier source="DGPO">CREC-2017-12-07</recordIdentifier>
<recordOrigin>machine generated</recordOrigin>
<languageOfCataloging>
<languageTerm authority="iso639-2b" type="code">eng</languageTerm>
</languageOfCataloging>
</recordInfo>
<accessCondition type="GPO scope determination">fdlp</accessCondition>
<extension>
<docClass>CREC</docClass>
<accessId>CREC-2017-12-07</accessId>
<volume>163</volume>
<issue>200</issue>
<congress>115</congress>
<session>1</session>
<bookCount>1</bookCount>
</extension>
</relatedItem>
</mods>