<mods ID="id-CREC-2017-11-27-pt1-PgS7332" version="3.3" xmlns="http://www.loc.gov/mods/v3" xmlns:exslt="http://exslt.org/common" xmlns:xlink="http://www.w3.org/1999/xlink" xmlns:xsi="http://www.w3.org/2001/XMLSchema-instance" xsi:schemaLocation="http://www.loc.gov/mods/v3 http://www.loc.gov/standards/mods/v3/mods-3-3.xsd">
<name type="corporate">
<namePart>United States Government Publishing Office</namePart>
<role>
<roleTerm authority="marcrelator" type="text">publisher</roleTerm>
<roleTerm authority="marcrelator" type="code">pbl</roleTerm>
</role>
<role>
<roleTerm authority="marcrelator" type="text">distributor</roleTerm>
<roleTerm authority="marcrelator" type="code">dst</roleTerm>
</role>
</name>
<name type="corporate">
<namePart>United States</namePart>
<namePart>Congress</namePart>
<role>
<roleTerm authority="marcrelator" type="text">author</roleTerm>
<roleTerm authority="marcrelator" type="code">aut</roleTerm>
</role>
<description>Government Organization</description>
</name>
<typeOfResource>text</typeOfResource>
<genre authority="marcgt">government publication</genre>
<language>
<languageTerm authority="iso639-2b" type="code">eng</languageTerm>
</language>
<extension>
<collectionCode>CREC</collectionCode>
<category>Proceedings of Congress and General Congressional Publications</category>
<waisDatabaseName>2017_record</waisDatabaseName>
<branch>legislative</branch>
<dateIngested>2017-11-28</dateIngested>
</extension>
<titleInfo>
<title>RECOGNIZING JAMES WHITCOMB RILEY ELEMENTARY SCHOOL</title>
<partName>Senate</partName>
</titleInfo>
<relatedItem type="otherFormat" xlink:href="https://www.gpo.gov/fdsys/pkg/CREC-2017-11-27/html/CREC-2017-11-27-pt1-PgS7332.htm">
<identifier type="FDsys Unique ID">D09002ee1979fe3e9</identifier>
</relatedItem>
<relatedItem type="otherFormat" xlink:href="https://www.gpo.gov/fdsys/pkg/CREC-2017-11-27/pdf/CREC-2017-11-27-pt1-PgS7332.pdf">
<identifier type="FDsys Unique ID">D09002ee1979fe42f</identifier>
</relatedItem>
<identifier type="congressional record citation">163 Cong. Rec. S7332</identifier>
<identifier type="uri">https://www.gpo.gov/fdsys/granule/CREC-2017-11-27/CREC-2017-11-27-pt1-PgS7332</identifier>
<identifier type="former granule identifier">cr27no17-30</identifier>
<location>
<url access="object in context" displayLabel="Content Detail">https://www.gpo.gov/fdsys/granule/CREC-2017-11-27/CREC-2017-11-27-pt1-PgS7332/content-detail.html</url>
<url access="raw object" displayLabel="PDF rendition">https://www.gpo.gov/fdsys/pkg/CREC-2017-11-27/pdf/CREC-2017-11-27-pt1-PgS7332.pdf</url>
<url access="raw object" displayLabel="HTML rendition">https://www.gpo.gov/fdsys/pkg/CREC-2017-11-27/html/CREC-2017-11-27-pt1-PgS7332.htm</url>
</location>
<physicalDescription>
<extent>1 p.</extent>
</physicalDescription>
<part type="article">
<extent unit="pages">
<start>S7332</start>
<end>S7332</end>
</extent>
</part>
<name type="personal">
<namePart>Joe Donnelly</namePart>
<affiliation>United States Senate</affiliation>
<role>
<roleTerm type="text">speaking</roleTerm>
</role>
<description>United States Congress Member</description>
</name>
<identifier type="preferred citation">163 Cong. Rec. S7332</identifier>
<extension>
<searchTitle>RECOGNIZING JAMES WHITCOMB RILEY ELEMENTARY SCHOOL; Congressional Record Vol. 163, No. 192</searchTitle>
<granuleClass>SENATE</granuleClass>
<accessId>CREC-2017-11-27-pt1-PgS7332</accessId>
<subGranuleClass>RECOGNIZING</subGranuleClass>
<pagePrefix>S</pagePrefix>
<bookNumber>1</bookNumber>
<chamber>SENATE</chamber>
<granuleDate>2017-11-27</granuleDate>
<congMember authorityId="1850" bioGuideId="D000607" chamber="S" congress="115" gpoId="7941" party="D" role="SPEAKING" state="IN">
<name type="parsed">Mr. DONNELLY</name>
<name type="authority-fnf">Joe Donnelly</name>
<name type="authority-lnf">Donnelly, Joe</name>
</congMember>
</extension>
<relatedItem ID="P0b002ee1979fb907" type="host">
<titleInfo>
<title>Congressional Record</title>
<partNumber>Vol. 163, no. 192</partNumber>
</titleInfo>
<location>
<url access="object in context" displayLabel="Content Detail">https://www.gpo.gov/fdsys/pkg/CREC-2017-11-27/content-detail.html</url>
<url access="raw object" displayLabel="PDF rendition">https://www.gpo.gov/fdsys/pkg/CREC-2017-11-27/pdf/CREC-2017-11-27.pdf</url>
</location>
<part type="issue">
<extent unit="pages">
<start>S7319</start>
<end>S7335</end>
</extent>
<extent unit="pages">
<start>E1599</start>
<end>E1599</end>
</extent>
<extent unit="pages">
<start>D1243</start>
<end>D1248</end>
</extent>
</part>
<originInfo>
<publisher>U.S. Government Publishing Office</publisher>
<dateIssued encoding="w3cdtf">2017-11-27</dateIssued>
<issuance>continuing</issuance>
<frequency authority="marcfrequency">daily</frequency>
</originInfo>
<physicalDescription>
<note type="source content type">deposited</note>
<digitalOrigin>born digital</digitalOrigin>
<extent>48 p.</extent>
</physicalDescription>
<classification authority="sudocs">X 1.1/A:</classification>
<classification authority="sudocs">X/A.</classification>
<identifier type="uri">https://www.gpo.gov/fdsys/pkg/CREC-2017-11-27</identifier>
<identifier type="local">P0b002ee1979fb907</identifier>
<identifier type="stock number">752-002-00000-2</identifier>
<identifier type="ILS system id">000568013</identifier>
<identifier type="former package identifier">cr27no17</identifier>
<recordInfo>
<recordContentSource authority="marcorg">DGPO</recordContentSource>
<recordCreationDate encoding="w3cdtf">2017-11-28</recordCreationDate>
<recordChangeDate encoding="w3cdtf">2017-11-28</recordChangeDate>
<recordIdentifier source="DGPO">CREC-2017-11-27</recordIdentifier>
<recordOrigin>machine generated</recordOrigin>
<languageOfCataloging>
<languageTerm authority="iso639-2b" type="code">eng</languageTerm>
</languageOfCataloging>
</recordInfo>
<accessCondition type="GPO scope determination">fdlp</accessCondition>
<extension>
<docClass>CREC</docClass>
<accessId>CREC-2017-11-27</accessId>
<volume>163</volume>
<issue>192</issue>
<congress>115</congress>
<session>1</session>
<bookCount>1</bookCount>
</extension>
</relatedItem>
</mods>