<mods ID="id-CREC-2017-09-25-pt1-PgH7469" version="3.3" xmlns="http://www.loc.gov/mods/v3" xmlns:exslt="http://exslt.org/common" xmlns:xlink="http://www.w3.org/1999/xlink" xmlns:xsi="http://www.w3.org/2001/XMLSchema-instance" xsi:schemaLocation="http://www.loc.gov/mods/v3 http://www.loc.gov/standards/mods/v3/mods-3-3.xsd">
<name type="corporate">
<namePart>United States Government Publishing Office</namePart>
<role>
<roleTerm authority="marcrelator" type="text">publisher</roleTerm>
<roleTerm authority="marcrelator" type="code">pbl</roleTerm>
</role>
<role>
<roleTerm authority="marcrelator" type="text">distributor</roleTerm>
<roleTerm authority="marcrelator" type="code">dst</roleTerm>
</role>
</name>
<name type="corporate">
<namePart>United States</namePart>
<namePart>Congress</namePart>
<role>
<roleTerm authority="marcrelator" type="text">author</roleTerm>
<roleTerm authority="marcrelator" type="code">aut</roleTerm>
</role>
<description>Government Organization</description>
</name>
<typeOfResource>text</typeOfResource>
<genre authority="marcgt">government publication</genre>
<language>
<languageTerm authority="iso639-2b" type="code">eng</languageTerm>
</language>
<extension>
<collectionCode>CREC</collectionCode>
<category>Proceedings of Congress and General Congressional Publications</category>
<waisDatabaseName>2017_record</waisDatabaseName>
<branch>legislative</branch>
<dateIngested>2017-09-26</dateIngested>
</extension>
<titleInfo>
<title>DEPARTMENT OF VETERANS AFFAIRS EXPIRING AUTHORITIES ACT OF 2017</title>
<partName>House</partName>
</titleInfo>
<relatedItem type="otherFormat" xlink:href="https://www.gpo.gov/fdsys/pkg/CREC-2017-09-25/html/CREC-2017-09-25-pt1-PgH7469.htm">
<identifier type="FDsys Unique ID">D09002ee197002ba0</identifier>
</relatedItem>
<relatedItem type="otherFormat" xlink:href="https://www.gpo.gov/fdsys/pkg/CREC-2017-09-25/pdf/CREC-2017-09-25-pt1-PgH7469.pdf">
<identifier type="FDsys Unique ID">D09002ee197002d07</identifier>
</relatedItem>
<identifier type="congressional record citation">163 Cong. Rec. H7469</identifier>
<identifier type="uri">https://www.gpo.gov/fdsys/granule/CREC-2017-09-25/CREC-2017-09-25-pt1-PgH7469</identifier>
<identifier type="former granule identifier">cr25se17-93</identifier>
<location>
<url access="object in context" displayLabel="Content Detail">https://www.gpo.gov/fdsys/granule/CREC-2017-09-25/CREC-2017-09-25-pt1-PgH7469/content-detail.html</url>
<url access="raw object" displayLabel="PDF rendition">https://www.gpo.gov/fdsys/pkg/CREC-2017-09-25/pdf/CREC-2017-09-25-pt1-PgH7469.pdf</url>
<url access="raw object" displayLabel="HTML rendition">https://www.gpo.gov/fdsys/pkg/CREC-2017-09-25/html/CREC-2017-09-25-pt1-PgH7469.htm</url>
</location>
<physicalDescription>
<extent>5 p.</extent>
</physicalDescription>
<part type="article">
<extent unit="pages">
<start>H7469</start>
<end>H7473</end>
</extent>
</part>
<name type="personal">
<namePart>Gus M. Bilirakis</namePart>
<affiliation>United States House of Representatives</affiliation>
<role>
<roleTerm type="text">speaking</roleTerm>
</role>
<description>United States Congress Member</description>
</name>
<name type="personal">
<namePart>Timothy J. Walz</namePart>
<affiliation>United States House of Representatives</affiliation>
<role>
<roleTerm type="text">speaking</roleTerm>
</role>
<description>United States Congress Member</description>
</name>
<name type="personal">
<namePart>Brian J. Mast</namePart>
<affiliation>United States House of Representatives</affiliation>
<role>
<roleTerm type="text">speaking</roleTerm>
</role>
<description>United States Congress Member</description>
</name>
<name type="personal">
<namePart>Mark Takano</namePart>
<affiliation>United States House of Representatives</affiliation>
<role>
<roleTerm type="text">speaking</roleTerm>
</role>
<description>United States Congress Member</description>
</name>
<name type="personal">
<namePart>Clay Higgins</namePart>
<affiliation>United States House of Representatives</affiliation>
<role>
<roleTerm type="text">speaking</roleTerm>
</role>
<description>United States Congress Member</description>
</name>
<name type="corporate">
<namePart>United States</namePart>
<namePart>Congress</namePart>
<namePart>House of Representatives</namePart>
<namePart>Committee on Veterans' Affairs</namePart>
<role>
<roleTerm authority="marcrelator" type="text">associated name</roleTerm>
<roleTerm authority="marcrelator" type="code">asn</roleTerm>
</role>
<description>Government Organization</description>
</name>
<identifier type="preferred citation">163 Cong. Rec. H7469</identifier>
<extension>
<searchTitle>DEPARTMENT OF VETERANS AFFAIRS EXPIRING AUTHORITIES ACT OF 2017; Congressional Record Vol. 163, No. 153</searchTitle>
<associatedBills>H.R. 3819, 115th Congress
        </associatedBills>
<granuleClass>HOUSE</granuleClass>
<accessId>CREC-2017-09-25-pt1-PgH7469</accessId>
<subGranuleClass>ALLOTHER</subGranuleClass>
<pagePrefix>H</pagePrefix>
<bookNumber>1</bookNumber>
<chamber>HOUSE</chamber>
<granuleDate>2017-09-25</granuleDate>
<time from="17:30:00" to="17:45:00"/>
<bill congress="115" context="HEADERLINE" number="3819" type="HR"/>
<bill congress="115" context="FIRSTPARAGRAPH" number="3819" type="HR"/>
<bill congress="115" context="OTHER" number="3819" type="HR"/>
<congCommittee authorityId="hsvr00" chamber="H" congress="115" type="S">
<name type="authority-standard">Committee on Veterans' Affairs</name>
<name type="authority-short">Veterans' Affairs</name>
</congCommittee>
<congMember authorityId="1838" bioGuideId="B001257" chamber="H" congress="115" gpoId="7881" party="R" role="SPEAKING" state="FL">
<name type="parsed">Mr. BILIRAKIS</name>
<name type="authority-fnf">Gus M. Bilirakis</name>
<name type="authority-lnf">Bilirakis, Gus M.</name>
<name type="authority-other">Mr. Gus Bilirakis</name>
</congMember>
<congMember authorityId="1856" bioGuideId="W000799" chamber="H" congress="115" gpoId="8001" party="D" role="SPEAKING" state="MN">
<name type="parsed">Mr. WALZ</name>
<name type="authority-fnf">Timothy J. Walz</name>
<name type="authority-lnf">Walz, Timothy J.</name>
<name type="authority-other">Mr. Timothy Walz</name>
</congMember>
<congMember authorityId="2322" bioGuideId="M001199" chamber="H" congress="115" party="R" role="SPEAKING" state="FL">
<name type="parsed">Mr. MAST</name>
<name type="authority-fnf">Brian J. Mast</name>
<name type="authority-lnf">Mast, Brian J.</name>
<name type="authority-other">Mr. Brian Mast</name>
</congMember>
<congMember authorityId="2110" bioGuideId="T000472" chamber="H" congress="115" party="D" role="SPEAKING" state="CA">
<name type="parsed">Mr. TAKANO</name>
<name type="authority-fnf">Mark Takano</name>
<name type="authority-lnf">Takano, Mark</name>
</congMember>
<congMember authorityId="2329" bioGuideId="H001077" chamber="H" congress="115" party="R" role="SPEAKING" state="LA">
<name type="parsed">Mr. HIGGINS of Louisiana</name>
<name type="authority-fnf">Clay Higgins</name>
<name type="authority-lnf">Higgins, Clay</name>
</congMember>
<law congress="102" isPrivate="false" number="4"/>
<law congress="110" isPrivate="false" number="181"/>
<law congress="111" isPrivate="false" number="163"/>
<law congress="112" isPrivate="false" number="154"/>
<law congress="114" isPrivate="false" number="315"/>
<law congress="115" isPrivate="false" number="48"/>
<USCode title="10">
<section detail="note" number="1071"/>
</USCode>
<USCode title="38">
<section detail="note" number="1116"/>
<section detail="note" number="1710C"/>
<section detail="note" number="1710"/>
<section detail="note" number="1712A"/>
<section detail="(c)(2)" number="3684"/>
<section detail="note" number="3684"/>
<section number="3699"/>
</USCode>
<statuteAtLarge volume="122">
<pages pages="458"/>
</statuteAtLarge>
<statuteAtLarge volume="124">
<pages pages="1143"/>
<pages pages="1144"/>
<pages pages="1154"/>
</statuteAtLarge>
<statuteAtLarge volume="126">
<pages pages="1169"/>
</statuteAtLarge>
</extension>
<relatedItem type="isReferencedBy">
<titleInfo>
<title>United States House Bill 3819  (115th Congress)</title>
</titleInfo>
<identifier type="Congressional Bill citation">H.R. 3819</identifier>
<extension>
<congress>115</congress>
<context>HEADERLINE</context>
</extension>
</relatedItem>
<relatedItem type="isReferencedBy">
<titleInfo>
<title>United States House Bill 3819  (115th Congress)</title>
</titleInfo>
<identifier type="Congressional Bill citation">H.R. 3819</identifier>
<extension>
<congress>115</congress>
<context>FIRSTPARAGRAPH</context>
</extension>
</relatedItem>
<relatedItem type="isReferencedBy">
<titleInfo>
<title>United States House Bill 3819  (115th Congress)</title>
</titleInfo>
<identifier type="Congressional Bill citation">H.R. 3819</identifier>
<extension>
<congress>115</congress>
<context>OTHER</context>
</extension>
</relatedItem>
<relatedItem type="isReferencedBy">
<titleInfo>
<title>United States Code</title>
<partNumber>Title 10 Section 1071note</partNumber>
</titleInfo>
<identifier type="USC citation">10 U.S.C. 1071note</identifier>
</relatedItem>
<relatedItem type="isReferencedBy">
<titleInfo>
<title>United States Code</title>
<partNumber>Title 38 Section 1116note</partNumber>
<partNumber>Title 38 Section 1710Cnote</partNumber>
<partNumber>Title 38 Section 1710note</partNumber>
<partNumber>Title 38 Section 1712Anote</partNumber>
<partNumber>Title 38 Section 3684(c)(2)</partNumber>
<partNumber>Title 38 Section 3684note</partNumber>
<partNumber>Title 38 Section 3699</partNumber>
</titleInfo>
<identifier type="USC citation">38 U.S.C. 1116note</identifier>
<identifier type="USC citation">38 U.S.C. 1710Cnote</identifier>
<identifier type="USC citation">38 U.S.C. 1710note</identifier>
<identifier type="USC citation">38 U.S.C. 1712Anote</identifier>
<identifier type="USC citation">38 U.S.C. 3684(c)(2)</identifier>
<identifier type="USC citation">38 U.S.C. 3684note</identifier>
<identifier type="USC citation">38 U.S.C. 3699</identifier>
</relatedItem>
<relatedItem type="isReferencedBy">
<titleInfo>
<title>United States Statutes at Large</title>
<partNumber>Volume 122 Page 458</partNumber>
</titleInfo>
<identifier type="Statute citation">122 Stat. 458</identifier>
</relatedItem>
<relatedItem type="isReferencedBy">
<titleInfo>
<title>United States Statutes at Large</title>
<partNumber>Volume 124 Page 1143</partNumber>
<partNumber>Volume 124 Page 1144</partNumber>
<partNumber>Volume 124 Page 1154</partNumber>
</titleInfo>
<identifier type="Statute citation">124 Stat. 1143</identifier>
<identifier type="Statute citation">124 Stat. 1144</identifier>
<identifier type="Statute citation">124 Stat. 1154</identifier>
</relatedItem>
<relatedItem type="isReferencedBy">
<titleInfo>
<title>United States Statutes at Large</title>
<partNumber>Volume 126 Page 1169</partNumber>
</titleInfo>
<identifier type="Statute citation">126 Stat. 1169</identifier>
</relatedItem>
<relatedItem>
<titleInfo>
<title>United States Public Law 102-4</title>
</titleInfo>
<identifier type="public law citation">Public Law 102-4</identifier>
</relatedItem>
<relatedItem>
<titleInfo>
<title>United States Public Law 110-181</title>
</titleInfo>
<identifier type="public law citation">Public Law 110-181</identifier>
</relatedItem>
<relatedItem>
<titleInfo>
<title>United States Public Law 111-163</title>
</titleInfo>
<identifier type="public law citation">Public Law 111-163</identifier>
</relatedItem>
<relatedItem>
<titleInfo>
<title>United States Public Law 112-154</title>
</titleInfo>
<identifier type="public law citation">Public Law 112-154</identifier>
</relatedItem>
<relatedItem>
<titleInfo>
<title>United States Public Law 114-315</title>
</titleInfo>
<identifier type="public law citation">Public Law 114-315</identifier>
</relatedItem>
<relatedItem>
<titleInfo>
<title>United States Public Law 115-48</title>
</titleInfo>
<identifier type="public law citation">Public Law 115-48</identifier>
</relatedItem>
<relatedItem ID="P0b002ee1970014c8" type="host">
<titleInfo>
<title>Congressional Record</title>
<partNumber>Vol. 163, no. 153</partNumber>
</titleInfo>
<location>
<url access="object in context" displayLabel="Content Detail">https://www.gpo.gov/fdsys/pkg/CREC-2017-09-25/content-detail.html</url>
<url access="raw object" displayLabel="PDF rendition">https://www.gpo.gov/fdsys/pkg/CREC-2017-09-25/pdf/CREC-2017-09-25.pdf</url>
</location>
<part type="issue">
<extent unit="pages">
<start>H7437</start>
<end>H7488</end>
</extent>
<extent unit="pages">
<start>S5873</start>
<end>S6095</end>
</extent>
<extent unit="pages">
<start>E1253</start>
<end>E1265</end>
</extent>
<extent unit="pages">
<start>D999</start>
<end>D1006</end>
</extent>
</part>
<originInfo>
<publisher>U.S. Government Publishing Office</publisher>
<dateIssued encoding="w3cdtf">2017-09-25</dateIssued>
<issuance>continuing</issuance>
<frequency authority="marcfrequency">daily</frequency>
</originInfo>
<physicalDescription>
<note type="source content type">deposited</note>
<digitalOrigin>born digital</digitalOrigin>
<extent>592 p.</extent>
</physicalDescription>
<classification authority="sudocs">X 1.1/A:</classification>
<classification authority="sudocs">X/A.</classification>
<identifier type="uri">https://www.gpo.gov/fdsys/pkg/CREC-2017-09-25</identifier>
<identifier type="local">P0b002ee1970014c8</identifier>
<identifier type="stock number">752-002-00000-2</identifier>
<identifier type="ILS system id">000568013</identifier>
<identifier type="former package identifier">cr25se17</identifier>
<recordInfo>
<recordContentSource authority="marcorg">DGPO</recordContentSource>
<recordCreationDate encoding="w3cdtf">2017-09-26</recordCreationDate>
<recordChangeDate encoding="w3cdtf">2017-09-26</recordChangeDate>
<recordIdentifier source="DGPO">CREC-2017-09-25</recordIdentifier>
<recordOrigin>machine generated</recordOrigin>
<languageOfCataloging>
<languageTerm authority="iso639-2b" type="code">eng</languageTerm>
</languageOfCataloging>
</recordInfo>
<accessCondition type="GPO scope determination">fdlp</accessCondition>
<extension>
<docClass>CREC</docClass>
<accessId>CREC-2017-09-25</accessId>
<volume>163</volume>
<issue>153</issue>
<congress>115</congress>
<session>1</session>
<bookCount>1</bookCount>
</extension>
</relatedItem>
</mods>