<mods ID="id-CREC-2017-12-12-pt1-PgH9809" version="3.3" xmlns="http://www.loc.gov/mods/v3" xmlns:exslt="http://exslt.org/common" xmlns:xlink="http://www.w3.org/1999/xlink" xmlns:xsi="http://www.w3.org/2001/XMLSchema-instance" xsi:schemaLocation="http://www.loc.gov/mods/v3 http://www.loc.gov/standards/mods/v3/mods-3-3.xsd">
<name type="corporate">
<namePart>United States Government Publishing Office</namePart>
<role>
<roleTerm authority="marcrelator" type="text">publisher</roleTerm>
<roleTerm authority="marcrelator" type="code">pbl</roleTerm>
</role>
<role>
<roleTerm authority="marcrelator" type="text">distributor</roleTerm>
<roleTerm authority="marcrelator" type="code">dst</roleTerm>
</role>
</name>
<name type="corporate">
<namePart>United States</namePart>
<namePart>Congress</namePart>
<role>
<roleTerm authority="marcrelator" type="text">author</roleTerm>
<roleTerm authority="marcrelator" type="code">aut</roleTerm>
</role>
<description>Government Organization</description>
</name>
<typeOfResource>text</typeOfResource>
<genre authority="marcgt">government publication</genre>
<language>
<languageTerm authority="iso639-2b" type="code">eng</languageTerm>
</language>
<extension>
<collectionCode>CREC</collectionCode>
<category>Proceedings of Congress and General Congressional Publications</category>
<waisDatabaseName>2017_record</waisDatabaseName>
<branch>legislative</branch>
<dateIngested>2017-12-13</dateIngested>
</extension>
<titleInfo>
<title>PROMOTING HYDROPOWER DEVELOPMENT AT EXISTING NONPOWERED DAMS ACT</title>
<partName>House</partName>
</titleInfo>
<relatedItem type="otherFormat" xlink:href="https://www.gpo.gov/fdsys/pkg/CREC-2017-12-12/html/CREC-2017-12-12-pt1-PgH9809.htm">
<identifier type="FDsys Unique ID">D09002ee197c57ad9</identifier>
</relatedItem>
<relatedItem type="otherFormat" xlink:href="https://www.gpo.gov/fdsys/pkg/CREC-2017-12-12/pdf/CREC-2017-12-12-pt1-PgH9809.pdf">
<identifier type="FDsys Unique ID">D09002ee197c57b3f</identifier>
</relatedItem>
<identifier type="congressional record citation">163 Cong. Rec. H9809</identifier>
<identifier type="uri">https://www.gpo.gov/fdsys/granule/CREC-2017-12-12/CREC-2017-12-12-pt1-PgH9809</identifier>
<identifier type="former granule identifier">cr12de17-72</identifier>
<location>
<url access="object in context" displayLabel="Content Detail">https://www.gpo.gov/fdsys/granule/CREC-2017-12-12/CREC-2017-12-12-pt1-PgH9809/content-detail.html</url>
<url access="raw object" displayLabel="PDF rendition">https://www.gpo.gov/fdsys/pkg/CREC-2017-12-12/pdf/CREC-2017-12-12-pt1-PgH9809.pdf</url>
<url access="raw object" displayLabel="HTML rendition">https://www.gpo.gov/fdsys/pkg/CREC-2017-12-12/html/CREC-2017-12-12-pt1-PgH9809.htm</url>
</location>
<physicalDescription>
<extent>4 p.</extent>
</physicalDescription>
<part type="article">
<extent unit="pages">
<start>H9809</start>
<end>H9812</end>
</extent>
</part>
<name type="personal">
<namePart>Fred Upton</namePart>
<affiliation>United States House of Representatives</affiliation>
<role>
<roleTerm type="text">speaking</roleTerm>
</role>
<description>United States Congress Member</description>
</name>
<name type="personal">
<namePart>Bobby L. Rush</namePart>
<affiliation>United States House of Representatives</affiliation>
<role>
<roleTerm type="text">speaking</roleTerm>
</role>
<description>United States Congress Member</description>
</name>
<name type="personal">
<namePart>Larry Bucshon</namePart>
<affiliation>United States House of Representatives</affiliation>
<role>
<roleTerm type="text">speaking</roleTerm>
</role>
<description>United States Congress Member</description>
</name>
<name type="personal">
<namePart>David Loebsack</namePart>
<affiliation>United States House of Representatives</affiliation>
<role>
<roleTerm type="text">speaking</roleTerm>
</role>
<description>United States Congress Member</description>
</name>
<name type="personal">
<namePart>Greg Walden</namePart>
<affiliation>United States House of Representatives</affiliation>
<role>
<roleTerm type="text">speaking</roleTerm>
</role>
<description>United States Congress Member</description>
</name>
<name type="corporate">
<namePart>United States</namePart>
<namePart>Congress</namePart>
<namePart>House of Representatives</namePart>
<namePart>Committee on Energy and Commerce</namePart>
<role>
<roleTerm authority="marcrelator" type="text">associated name</roleTerm>
<roleTerm authority="marcrelator" type="code">asn</roleTerm>
</role>
<description>Government Organization</description>
</name>
<name type="corporate">
<namePart>United States</namePart>
<namePart>Congress</namePart>
<namePart>House of Representatives</namePart>
<namePart>Committee on Transportation and Infrastructure</namePart>
<role>
<roleTerm authority="marcrelator" type="text">associated name</roleTerm>
<roleTerm authority="marcrelator" type="code">asn</roleTerm>
</role>
<description>Government Organization</description>
</name>
<name type="corporate">
<namePart>United States</namePart>
<namePart>Congress</namePart>
<namePart>House of Representatives</namePart>
<namePart>Committee on Natural Resources</namePart>
<role>
<roleTerm authority="marcrelator" type="text">associated name</roleTerm>
<roleTerm authority="marcrelator" type="code">asn</roleTerm>
</role>
<description>Government Organization</description>
</name>
<name type="corporate">
<namePart>United States</namePart>
<namePart>Congress</namePart>
<namePart>House of Representatives</namePart>
<namePart>Committee on Public Works</namePart>
<role>
<roleTerm authority="marcrelator" type="text">associated name</roleTerm>
<roleTerm authority="marcrelator" type="code">asn</roleTerm>
</role>
<description>Government Organization</description>
</name>
<name type="corporate">
<namePart>United States</namePart>
<namePart>Congress</namePart>
<namePart>Senate</namePart>
<namePart>Committee on Energy and Natural Resources</namePart>
<role>
<roleTerm authority="marcrelator" type="text">associated name</roleTerm>
<roleTerm authority="marcrelator" type="code">asn</roleTerm>
</role>
<description>Government Organization</description>
</name>
<identifier type="preferred citation">163 Cong. Rec. H9809</identifier>
<extension>
<searchTitle>PROMOTING HYDROPOWER DEVELOPMENT AT EXISTING NONPOWERED DAMS ACT; Congressional Record Vol. 163, No. 202</searchTitle>
<associatedBills>H.R. 2872, 115th Congress
        </associatedBills>
<granuleClass>HOUSE</granuleClass>
<accessId>CREC-2017-12-12-pt1-PgH9809</accessId>
<subGranuleClass>ALLOTHER</subGranuleClass>
<pagePrefix>H</pagePrefix>
<bookNumber>1</bookNumber>
<chamber>HOUSE</chamber>
<granuleDate>2017-12-12</granuleDate>
<time from="13:45:00" to="14:00:00"/>
<bill congress="115" context="OTHER" number="1733" type="HR"/>
<bill congress="115" context="HEADERLINE" number="2872" type="HR"/>
<bill congress="115" context="FIRSTPARAGRAPH" number="2872" type="HR"/>
<bill congress="115" context="OTHER" number="2872" type="HR"/>
<bill congress="115" context="OTHER" number="2880" type="HR"/>
<congCommittee authorityId="hsif00" chamber="H" congress="115" type="S">
<name type="authority-standard">Committee on Energy and Commerce</name>
<name type="authority-short">Energy and Commerce</name>
</congCommittee>
<congCommittee authorityId="hspw00" chamber="H" congress="115" type="S">
<name type="authority-standard">Committee on Transportation and Infrastructure</name>
<name type="authority-short">Transportation</name>
</congCommittee>
<congCommittee authorityId="hsii00" chamber="H" congress="115" type="S">
<name type="authority-standard">Committee on Natural Resources</name>
<name type="authority-short">Natural Resources</name>
</congCommittee>
<congCommittee authorityId="hspw00" chamber="H" congress="93" type="S">
<name type="authority-standard">Committee on Public Works</name>
<name type="authority-short">Public Works</name>
</congCommittee>
<congCommittee authorityId="sseg00" chamber="S" congress="115" type="S">
<name type="authority-standard">Committee on Energy and Natural Resources</name>
<name type="authority-short">Energy and Natural Resources</name>
</congCommittee>
<congMember authorityId="1177" bioGuideId="U000031" chamber="H" congress="115" gpoId="7991" party="R" role="SPEAKING" state="MI">
<name type="parsed">Mr. UPTON</name>
<name type="authority-fnf">Fred Upton</name>
<name type="authority-lnf">Upton, Fred</name>
</congMember>
<congMember authorityId="1003" bioGuideId="R000515" chamber="H" congress="115" gpoId="7921" party="D" role="SPEAKING" state="IL">
<name type="parsed">Mr. RUSH</name>
<name type="authority-fnf">Bobby L. Rush</name>
<name type="authority-lnf">Rush, Bobby L.</name>
<name type="authority-other">Bobby Rush</name>
</congMember>
<congMember authorityId="2018" bioGuideId="B001275" chamber="H" congress="115" gpoId="7947" party="R" role="SPEAKING" state="IN">
<name type="parsed">Mr. BUCSHON</name>
<name type="authority-fnf">Larry Bucshon</name>
<name type="authority-lnf">Bucshon, Larry</name>
</congMember>
<congMember authorityId="1846" bioGuideId="L000565" chamber="H" congress="115" gpoId="7915" party="D" role="SPEAKING" state="IA">
<name type="parsed">Mr. LOEBSACK</name>
<name type="authority-fnf">David Loebsack</name>
<name type="authority-lnf">Loebsack, David</name>
</congMember>
<congMember authorityId="1596" bioGuideId="W000791" chamber="H" congress="115" gpoId="8115" party="R" role="SPEAKING" state="OR">
<name type="parsed">Mr. WALDEN</name>
<name type="authority-fnf">Greg Walden</name>
<name type="authority-lnf">Walden, Greg</name>
</congMember>
<USCode title="16">
<section detail="et seq." number="792"/>
<section detail="(e)" number="803"/>
</USCode>
<USCode title="42">
<section number="4321"/>
</USCode>
</extension>
<relatedItem type="isReferencedBy">
<titleInfo>
<title>United States House Bill 1733  (115th Congress)</title>
</titleInfo>
<identifier type="Congressional Bill citation">H.R. 1733</identifier>
<extension>
<congress>115</congress>
<context>OTHER</context>
</extension>
</relatedItem>
<relatedItem type="isReferencedBy">
<titleInfo>
<title>United States House Bill 2872  (115th Congress)</title>
</titleInfo>
<identifier type="Congressional Bill citation">H.R. 2872</identifier>
<extension>
<congress>115</congress>
<context>HEADERLINE</context>
</extension>
</relatedItem>
<relatedItem type="isReferencedBy">
<titleInfo>
<title>United States House Bill 2872  (115th Congress)</title>
</titleInfo>
<identifier type="Congressional Bill citation">H.R. 2872</identifier>
<extension>
<congress>115</congress>
<context>FIRSTPARAGRAPH</context>
</extension>
</relatedItem>
<relatedItem type="isReferencedBy">
<titleInfo>
<title>United States House Bill 2872  (115th Congress)</title>
</titleInfo>
<identifier type="Congressional Bill citation">H.R. 2872</identifier>
<extension>
<congress>115</congress>
<context>OTHER</context>
</extension>
</relatedItem>
<relatedItem type="isReferencedBy">
<titleInfo>
<title>United States House Bill 2880  (115th Congress)</title>
</titleInfo>
<identifier type="Congressional Bill citation">H.R. 2880</identifier>
<extension>
<congress>115</congress>
<context>OTHER</context>
</extension>
</relatedItem>
<relatedItem type="isReferencedBy">
<titleInfo>
<title>United States Code</title>
<partNumber>Title 16 Section 792et seq.</partNumber>
<partNumber>Title 16 Section 803(e)</partNumber>
</titleInfo>
<identifier type="USC citation">16 U.S.C. 792et seq.</identifier>
<identifier type="USC citation">16 U.S.C. 803(e)</identifier>
</relatedItem>
<relatedItem type="isReferencedBy">
<titleInfo>
<title>United States Code</title>
<partNumber>Title 42 Section 4321</partNumber>
</titleInfo>
<identifier type="USC citation">42 U.S.C. 4321</identifier>
</relatedItem>
<relatedItem ID="P0b002ee197c56387" type="host">
<titleInfo>
<title>Congressional Record</title>
<partNumber>Vol. 163, no. 202</partNumber>
</titleInfo>
<location>
<url access="object in context" displayLabel="Content Detail">https://www.gpo.gov/fdsys/pkg/CREC-2017-12-12/content-detail.html</url>
<url access="raw object" displayLabel="PDF rendition">https://www.gpo.gov/fdsys/pkg/CREC-2017-12-12/pdf/CREC-2017-12-12.pdf</url>
</location>
<part type="issue">
<extent unit="pages">
<start>H9791</start>
<end>H9846</end>
</extent>
<extent unit="pages">
<start>S7949</start>
<end>S7978</end>
</extent>
<extent unit="pages">
<start>E1685</start>
<end>E1690</end>
</extent>
<extent unit="pages">
<start>D1309</start>
<end>D1318</end>
</extent>
</part>
<originInfo>
<publisher>U.S. Government Publishing Office</publisher>
<dateIssued encoding="w3cdtf">2017-12-12</dateIssued>
<issuance>continuing</issuance>
<frequency authority="marcfrequency">daily</frequency>
</originInfo>
<physicalDescription>
<note type="source content type">deposited</note>
<digitalOrigin>born digital</digitalOrigin>
<extent>204 p.</extent>
</physicalDescription>
<classification authority="sudocs">X 1.1/A:</classification>
<classification authority="sudocs">X/A.</classification>
<identifier type="uri">https://www.gpo.gov/fdsys/pkg/CREC-2017-12-12</identifier>
<identifier type="local">P0b002ee197c56387</identifier>
<identifier type="stock number">752-002-00000-2</identifier>
<identifier type="ILS system id">000568013</identifier>
<identifier type="former package identifier">cr12de17</identifier>
<recordInfo>
<recordContentSource authority="marcorg">DGPO</recordContentSource>
<recordCreationDate encoding="w3cdtf">2017-12-13</recordCreationDate>
<recordChangeDate encoding="w3cdtf">2017-12-13</recordChangeDate>
<recordIdentifier source="DGPO">CREC-2017-12-12</recordIdentifier>
<recordOrigin>machine generated</recordOrigin>
<languageOfCataloging>
<languageTerm authority="iso639-2b" type="code">eng</languageTerm>
</languageOfCataloging>
</recordInfo>
<accessCondition type="GPO scope determination">fdlp</accessCondition>
<extension>
<docClass>CREC</docClass>
<accessId>CREC-2017-12-12</accessId>
<volume>163</volume>
<issue>202</issue>
<congress>115</congress>
<session>1</session>
<bookCount>1</bookCount>
</extension>
</relatedItem>
</mods>