<mods ID="id-CREC-2017-08-29-pt1-PgH6629-3" version="3.3" xmlns="http://www.loc.gov/mods/v3" xmlns:exslt="http://exslt.org/common" xmlns:xlink="http://www.w3.org/1999/xlink" xmlns:xsi="http://www.w3.org/2001/XMLSchema-instance" xsi:schemaLocation="http://www.loc.gov/mods/v3 http://www.loc.gov/standards/mods/v3/mods-3-3.xsd">
<name type="corporate">
<namePart>United States Government Publishing Office</namePart>
<role>
<roleTerm authority="marcrelator" type="text">publisher</roleTerm>
<roleTerm authority="marcrelator" type="code">pbl</roleTerm>
</role>
<role>
<roleTerm authority="marcrelator" type="text">distributor</roleTerm>
<roleTerm authority="marcrelator" type="code">dst</roleTerm>
</role>
</name>
<name type="corporate">
<namePart>United States</namePart>
<namePart>Congress</namePart>
<role>
<roleTerm authority="marcrelator" type="text">author</roleTerm>
<roleTerm authority="marcrelator" type="code">aut</roleTerm>
</role>
<description>Government Organization</description>
</name>
<typeOfResource>text</typeOfResource>
<genre authority="marcgt">government publication</genre>
<language>
<languageTerm authority="iso639-2b" type="code">eng</languageTerm>
</language>
<extension>
<collectionCode>CREC</collectionCode>
<category>Proceedings of Congress and General Congressional Publications</category>
<waisDatabaseName>2017_record</waisDatabaseName>
<branch>legislative</branch>
<dateIngested>2017-08-30</dateIngested>
</extension>
<titleInfo>
<title>REPORTS OF COMMITTEES ON PUBLIC BILLS AND RESOLUTIONS</title>
<partName>House</partName>
</titleInfo>
<relatedItem type="otherFormat" xlink:href="https://www.gpo.gov/fdsys/pkg/CREC-2017-08-29/html/CREC-2017-08-29-pt1-PgH6629-3.htm">
<identifier type="FDsys Unique ID">D09002ee196c67d7f</identifier>
</relatedItem>
<relatedItem type="otherFormat" xlink:href="https://www.gpo.gov/fdsys/pkg/CREC-2017-08-29/pdf/CREC-2017-08-29-pt1-PgH6629-3.pdf">
<identifier type="FDsys Unique ID">D09002ee196c67d9d</identifier>
</relatedItem>
<identifier type="congressional record citation">163 Cong. Rec. H6629</identifier>
<identifier type="uri">https://www.gpo.gov/fdsys/granule/CREC-2017-08-29/CREC-2017-08-29-pt1-PgH6629-3</identifier>
<identifier type="former granule identifier">cr29au17-32</identifier>
<location>
<url access="object in context" displayLabel="Content Detail">https://www.gpo.gov/fdsys/granule/CREC-2017-08-29/CREC-2017-08-29-pt1-PgH6629-3/content-detail.html</url>
<url access="raw object" displayLabel="PDF rendition">https://www.gpo.gov/fdsys/pkg/CREC-2017-08-29/pdf/CREC-2017-08-29-pt1-PgH6629-3.pdf</url>
<url access="raw object" displayLabel="HTML rendition">https://www.gpo.gov/fdsys/pkg/CREC-2017-08-29/html/CREC-2017-08-29-pt1-PgH6629-3.htm</url>
</location>
<physicalDescription>
<extent>2 p.</extent>
</physicalDescription>
<part type="article">
<extent unit="pages">
<start>H6629</start>
<end>H6630</end>
</extent>
</part>
<name type="corporate">
<namePart>United States</namePart>
<namePart>Congress</namePart>
<namePart>House of Representatives</namePart>
<namePart>Committee on Natural Resources</namePart>
<role>
<roleTerm authority="marcrelator" type="text">associated name</roleTerm>
<roleTerm authority="marcrelator" type="code">asn</roleTerm>
</role>
<description>Government Organization</description>
</name>
<identifier type="preferred citation">163 Cong. Rec. H6629</identifier>
<extension>
<searchTitle>REPORTS OF COMMITTEES ON PUBLIC BILLS AND RESOLUTIONS; Congressional Record Vol. 163, No. 140</searchTitle>
<granuleClass>HOUSE</granuleClass>
<accessId>CREC-2017-08-29-pt1-PgH6629-3</accessId>
<subGranuleClass>HPUBCOMMREPORT</subGranuleClass>
<pagePrefix>H</pagePrefix>
<bookNumber>1</bookNumber>
<chamber>HOUSE</chamber>
<granuleDate>2017-08-29</granuleDate>
<bill congress="115" context="OTHER" number="1074" type="HR"/>
<bill congress="115" context="OTHER" number="1547" type="HR"/>
<bill congress="115" context="OTHER" number="2075" type="HR"/>
<bill congress="115" context="OTHER" number="2371" type="HR"/>
<congCommittee authorityId="hsii00" chamber="H" congress="115" type="S">
<name type="authority-standard">Committee on Natural Resources</name>
<name type="authority-short">Natural Resources</name>
</congCommittee>
</extension>
<relatedItem type="isReferencedBy">
<titleInfo>
<title>United States House Bill 1074  (115th Congress)</title>
</titleInfo>
<identifier type="Congressional Bill citation">H.R. 1074</identifier>
<extension>
<congress>115</congress>
<context>OTHER</context>
</extension>
</relatedItem>
<relatedItem type="isReferencedBy">
<titleInfo>
<title>United States House Bill 1547  (115th Congress)</title>
</titleInfo>
<identifier type="Congressional Bill citation">H.R. 1547</identifier>
<extension>
<congress>115</congress>
<context>OTHER</context>
</extension>
</relatedItem>
<relatedItem type="isReferencedBy">
<titleInfo>
<title>United States House Bill 2075  (115th Congress)</title>
</titleInfo>
<identifier type="Congressional Bill citation">H.R. 2075</identifier>
<extension>
<congress>115</congress>
<context>OTHER</context>
</extension>
</relatedItem>
<relatedItem type="isReferencedBy">
<titleInfo>
<title>United States House Bill 2371  (115th Congress)</title>
</titleInfo>
<identifier type="Congressional Bill citation">H.R. 2371</identifier>
<extension>
<congress>115</congress>
<context>OTHER</context>
</extension>
</relatedItem>
<relatedItem ID="P0b002ee196c672a0" type="host">
<titleInfo>
<title>Congressional Record</title>
<partNumber>Vol. 163, no. 140</partNumber>
</titleInfo>
<location>
<url access="object in context" displayLabel="Content Detail">https://www.gpo.gov/fdsys/pkg/CREC-2017-08-29/content-detail.html</url>
<url access="raw object" displayLabel="PDF rendition">https://www.gpo.gov/fdsys/pkg/CREC-2017-08-29/pdf/CREC-2017-08-29.pdf</url>
</location>
<part type="issue">
<extent unit="pages">
<start>H6619</start>
<end>H6630</end>
</extent>
<extent unit="pages">
<start>S4913</start>
<end>S4913</end>
</extent>
<extent unit="pages">
<start>E1149</start>
<end>E1150</end>
</extent>
<extent unit="pages">
<start>D907</start>
<end>D908</end>
</extent>
</part>
<originInfo>
<publisher>U.S. Government Publishing Office</publisher>
<dateIssued encoding="w3cdtf">2017-08-29</dateIssued>
<issuance>continuing</issuance>
<frequency authority="marcfrequency">daily</frequency>
</originInfo>
<physicalDescription>
<note type="source content type">deposited</note>
<digitalOrigin>born digital</digitalOrigin>
<extent>34 p.</extent>
</physicalDescription>
<classification authority="sudocs">X 1.1/A:</classification>
<classification authority="sudocs">X/A.</classification>
<identifier type="uri">https://www.gpo.gov/fdsys/pkg/CREC-2017-08-29</identifier>
<identifier type="local">P0b002ee196c672a0</identifier>
<identifier type="stock number">752-002-00000-2</identifier>
<identifier type="ILS system id">000568013</identifier>
<identifier type="former package identifier">cr29au17</identifier>
<recordInfo>
<recordContentSource authority="marcorg">DGPO</recordContentSource>
<recordCreationDate encoding="w3cdtf">2017-08-30</recordCreationDate>
<recordChangeDate encoding="w3cdtf">2017-08-30</recordChangeDate>
<recordIdentifier source="DGPO">CREC-2017-08-29</recordIdentifier>
<recordOrigin>machine generated</recordOrigin>
<languageOfCataloging>
<languageTerm authority="iso639-2b" type="code">eng</languageTerm>
</languageOfCataloging>
</recordInfo>
<accessCondition type="GPO scope determination">fdlp</accessCondition>
<extension>
<docClass>CREC</docClass>
<accessId>CREC-2017-08-29</accessId>
<volume>163</volume>
<issue>140</issue>
<congress>115</congress>
<session>1</session>
<bookCount>1</bookCount>
</extension>
</relatedItem>
</mods>