<mods ID="id-CREC-2017-09-13-pt1-PgS5479-2" version="3.3" xmlns="http://www.loc.gov/mods/v3" xmlns:exslt="http://exslt.org/common" xmlns:xlink="http://www.w3.org/1999/xlink" xmlns:xsi="http://www.w3.org/2001/XMLSchema-instance" xsi:schemaLocation="http://www.loc.gov/mods/v3 http://www.loc.gov/standards/mods/v3/mods-3-3.xsd">
<name type="corporate">
<namePart>United States Government Publishing Office</namePart>
<role>
<roleTerm authority="marcrelator" type="text">publisher</roleTerm>
<roleTerm authority="marcrelator" type="code">pbl</roleTerm>
</role>
<role>
<roleTerm authority="marcrelator" type="text">distributor</roleTerm>
<roleTerm authority="marcrelator" type="code">dst</roleTerm>
</role>
</name>
<name type="corporate">
<namePart>United States</namePart>
<namePart>Congress</namePart>
<role>
<roleTerm authority="marcrelator" type="text">author</roleTerm>
<roleTerm authority="marcrelator" type="code">aut</roleTerm>
</role>
<description>Government Organization</description>
</name>
<typeOfResource>text</typeOfResource>
<genre authority="marcgt">government publication</genre>
<language>
<languageTerm authority="iso639-2b" type="code">eng</languageTerm>
</language>
<extension>
<collectionCode>CREC</collectionCode>
<category>Proceedings of Congress and General Congressional Publications</category>
<waisDatabaseName>2017_record</waisDatabaseName>
<branch>legislative</branch>
<dateIngested>2018-01-31</dateIngested>
</extension>
<titleInfo>
<title>EXECUTIVE AND OTHER COMMUNICATIONS</title>
<partName>Senate</partName>
</titleInfo>
<relatedItem type="otherFormat" xlink:href="https://www.gpo.gov/fdsys/pkg/CREC-2017-09-13/html/CREC-2017-09-13-pt1-PgS5479-2.htm">
<identifier type="FDsys Unique ID">D09002ee1982846cb</identifier>
</relatedItem>
<relatedItem type="otherFormat" xlink:href="https://www.gpo.gov/fdsys/pkg/CREC-2017-09-13/pdf/CREC-2017-09-13-pt1-PgS5479-2.pdf">
<identifier type="FDsys Unique ID">D09002ee198284803</identifier>
</relatedItem>
<identifier type="congressional record citation">163 Cong. Rec. S5479</identifier>
<identifier type="uri">https://www.gpo.gov/fdsys/granule/CREC-2017-09-13/CREC-2017-09-13-pt1-PgS5479-2</identifier>
<identifier type="former granule identifier">CR13SE17-148</identifier>
<identifier type="Regulation ID Number">RIN 7100-AE52</identifier>
<identifier type="Regulation ID Number">RIN 2070-AK35</identifier>
<identifier type="Regulation ID Number">RIN 0579- AE27</identifier>
<identifier type="Regulation ID Number">RIN 0579-AE21</identifier>
<location>
<url access="object in context" displayLabel="Content Detail">https://www.gpo.gov/fdsys/granule/CREC-2017-09-13/CREC-2017-09-13-pt1-PgS5479-2/content-detail.html</url>
<url access="raw object" displayLabel="PDF rendition">https://www.gpo.gov/fdsys/pkg/CREC-2017-09-13/pdf/CREC-2017-09-13-pt1-PgS5479-2.pdf</url>
<url access="raw object" displayLabel="HTML rendition">https://www.gpo.gov/fdsys/pkg/CREC-2017-09-13/html/CREC-2017-09-13-pt1-PgS5479-2.htm</url>
</location>
<physicalDescription>
<extent>2 p.</extent>
</physicalDescription>
<part type="article">
<extent unit="pages">
<start>S5479</start>
<end>S5480</end>
</extent>
</part>
<name type="corporate">
<namePart>United States</namePart>
<namePart>Congress</namePart>
<namePart>Senate</namePart>
<namePart>Committee on Agriculture, Nutrition, and Forestry</namePart>
<role>
<roleTerm authority="marcrelator" type="text">associated name</roleTerm>
<roleTerm authority="marcrelator" type="code">asn</roleTerm>
</role>
<description>Government Organization</description>
</name>
<name type="corporate">
<namePart>United States</namePart>
<namePart>Congress</namePart>
<namePart>Senate</namePart>
<namePart>Committee on Banking, Housing, and Urban Affairs</namePart>
<role>
<roleTerm authority="marcrelator" type="text">associated name</roleTerm>
<roleTerm authority="marcrelator" type="code">asn</roleTerm>
</role>
<description>Government Organization</description>
</name>
<name type="corporate">
<namePart>United States</namePart>
<namePart>Congress</namePart>
<namePart>Senate</namePart>
<namePart>Committee on Environment and Public Works</namePart>
<role>
<roleTerm authority="marcrelator" type="text">associated name</roleTerm>
<roleTerm authority="marcrelator" type="code">asn</roleTerm>
</role>
<description>Government Organization</description>
</name>
<name type="corporate">
<namePart>United States</namePart>
<namePart>Congress</namePart>
<namePart>Senate</namePart>
<namePart>Committee on Finance</namePart>
<role>
<roleTerm authority="marcrelator" type="text">associated name</roleTerm>
<roleTerm authority="marcrelator" type="code">asn</roleTerm>
</role>
<description>Government Organization</description>
</name>
<name type="corporate">
<namePart>United States</namePart>
<namePart>Congress</namePart>
<namePart>Senate</namePart>
<namePart>Committee on Foreign Relations</namePart>
<role>
<roleTerm authority="marcrelator" type="text">associated name</roleTerm>
<roleTerm authority="marcrelator" type="code">asn</roleTerm>
</role>
<description>Government Organization</description>
</name>
<name type="corporate">
<namePart>United States</namePart>
<namePart>Congress</namePart>
<namePart>Senate</namePart>
<namePart>Committee on Health, Education, Labor, and Pensions</namePart>
<role>
<roleTerm authority="marcrelator" type="text">associated name</roleTerm>
<roleTerm authority="marcrelator" type="code">asn</roleTerm>
</role>
<description>Government Organization</description>
</name>
<name type="corporate">
<namePart>United States</namePart>
<namePart>Congress</namePart>
<namePart>Senate</namePart>
<namePart>Committee on Homeland Security and Governmental Affairs</namePart>
<role>
<roleTerm authority="marcrelator" type="text">associated name</roleTerm>
<roleTerm authority="marcrelator" type="code">asn</roleTerm>
</role>
<description>Government Organization</description>
</name>
<identifier type="preferred citation">163 Cong. Rec. S5479</identifier>
<extension>
<searchTitle>EXECUTIVE AND OTHER COMMUNICATIONS; Congressional Record Vol. 163, No. 148</searchTitle>
<granuleClass>SENATE</granuleClass>
<accessId>CREC-2017-09-13-pt1-PgS5479-2</accessId>
<subGranuleClass>EXECUTIVECOMM</subGranuleClass>
<pagePrefix>S</pagePrefix>
<bookNumber>1</bookNumber>
<chamber>SENATE</chamber>
<granuleDate>2017-09-13</granuleDate>
<congCommittee authorityId="ssaf00" chamber="S" congress="115" type="S">
<name type="authority-standard">Committee on Agriculture, Nutrition, and Forestry</name>
<name type="authority-short">Agriculture</name>
</congCommittee>
<congCommittee authorityId="ssbk00" chamber="S" congress="115" type="S">
<name type="authority-standard">Committee on Banking, Housing, and Urban Affairs</name>
<name type="authority-short">Banking</name>
</congCommittee>
<congCommittee authorityId="ssev00" chamber="S" congress="115" type="S">
<name type="authority-standard">Committee on Environment and Public Works</name>
<name type="authority-short">Environment and Public Works</name>
</congCommittee>
<congCommittee authorityId="ssfi00" chamber="S" congress="115" type="S">
<name type="authority-standard">Committee on Finance</name>
<name type="authority-short">Finance</name>
</congCommittee>
<congCommittee authorityId="ssfr00" chamber="S" congress="115" type="S">
<name type="authority-standard">Committee on Foreign Relations</name>
<name type="authority-short">Foreign Relations</name>
</congCommittee>
<congCommittee authorityId="sshr00" chamber="S" congress="115" type="S">
<name type="authority-standard">Committee on Health, Education, Labor, and Pensions</name>
<name type="authority-short">HELP</name>
</congCommittee>
<congCommittee authorityId="ssga00" chamber="S" congress="115" type="S">
<name type="authority-standard">Committee on Homeland Security and Governmental Affairs</name>
<name type="authority-short">Homeland and Governmental Affairs</name>
</congCommittee>
<execCommunication congress="115" number="2817"/>
<execCommunication congress="115" number="2818"/>
<execCommunication congress="115" number="2819"/>
<execCommunication congress="115" number="2820"/>
<execCommunication congress="115" number="2821"/>
<execCommunication congress="115" number="2822"/>
<execCommunication congress="115" number="2823"/>
<execCommunication congress="115" number="2824"/>
<execCommunication congress="115" number="2825"/>
<execCommunication congress="115" number="2826"/>
<execCommunication congress="115" number="2827"/>
<execCommunication congress="115" number="2828"/>
<execCommunication congress="115" number="2829"/>
<execCommunication congress="115" number="2830"/>
<execCommunication congress="115" number="2831"/>
<execCommunication congress="115" number="2832"/>
<execCommunication congress="115" number="2833"/>
<execCommunication congress="115" number="2834"/>
<execCommunication congress="115" number="2835"/>
<execCommunication congress="115" number="2836"/>
<execCommunication congress="115" number="2837"/>
<execCommunication congress="115" number="2838"/>
<execCommunication congress="115" number="2839"/>
<rin number="7100-AE52"/>
<rin number="2070-AK35"/>
<rin number="0579- AE27"/>
<rin number="0579-AE21"/>
</extension>
<relatedItem type="isReferencedBy">
<identifier type="executive communication number">EC-2817</identifier>
</relatedItem>
<extension>
<congress>115</congress>
</extension>
<relatedItem type="isReferencedBy">
<identifier type="executive communication number">EC-2818</identifier>
</relatedItem>
<extension>
<congress>115</congress>
</extension>
<relatedItem type="isReferencedBy">
<identifier type="executive communication number">EC-2819</identifier>
</relatedItem>
<extension>
<congress>115</congress>
</extension>
<relatedItem type="isReferencedBy">
<identifier type="executive communication number">EC-2820</identifier>
</relatedItem>
<extension>
<congress>115</congress>
</extension>
<relatedItem type="isReferencedBy">
<identifier type="executive communication number">EC-2821</identifier>
</relatedItem>
<extension>
<congress>115</congress>
</extension>
<relatedItem type="isReferencedBy">
<identifier type="executive communication number">EC-2822</identifier>
</relatedItem>
<extension>
<congress>115</congress>
</extension>
<relatedItem type="isReferencedBy">
<identifier type="executive communication number">EC-2823</identifier>
</relatedItem>
<extension>
<congress>115</congress>
</extension>
<relatedItem type="isReferencedBy">
<identifier type="executive communication number">EC-2824</identifier>
</relatedItem>
<extension>
<congress>115</congress>
</extension>
<relatedItem type="isReferencedBy">
<identifier type="executive communication number">EC-2825</identifier>
</relatedItem>
<extension>
<congress>115</congress>
</extension>
<relatedItem type="isReferencedBy">
<identifier type="executive communication number">EC-2826</identifier>
</relatedItem>
<extension>
<congress>115</congress>
</extension>
<relatedItem type="isReferencedBy">
<identifier type="executive communication number">EC-2827</identifier>
</relatedItem>
<extension>
<congress>115</congress>
</extension>
<relatedItem type="isReferencedBy">
<identifier type="executive communication number">EC-2828</identifier>
</relatedItem>
<extension>
<congress>115</congress>
</extension>
<relatedItem type="isReferencedBy">
<identifier type="executive communication number">EC-2829</identifier>
</relatedItem>
<extension>
<congress>115</congress>
</extension>
<relatedItem type="isReferencedBy">
<identifier type="executive communication number">EC-2830</identifier>
</relatedItem>
<extension>
<congress>115</congress>
</extension>
<relatedItem type="isReferencedBy">
<identifier type="executive communication number">EC-2831</identifier>
</relatedItem>
<extension>
<congress>115</congress>
</extension>
<relatedItem type="isReferencedBy">
<identifier type="executive communication number">EC-2832</identifier>
</relatedItem>
<extension>
<congress>115</congress>
</extension>
<relatedItem type="isReferencedBy">
<identifier type="executive communication number">EC-2833</identifier>
</relatedItem>
<extension>
<congress>115</congress>
</extension>
<relatedItem type="isReferencedBy">
<identifier type="executive communication number">EC-2834</identifier>
</relatedItem>
<extension>
<congress>115</congress>
</extension>
<relatedItem type="isReferencedBy">
<identifier type="executive communication number">EC-2835</identifier>
</relatedItem>
<extension>
<congress>115</congress>
</extension>
<relatedItem type="isReferencedBy">
<identifier type="executive communication number">EC-2836</identifier>
</relatedItem>
<extension>
<congress>115</congress>
</extension>
<relatedItem type="isReferencedBy">
<identifier type="executive communication number">EC-2837</identifier>
</relatedItem>
<extension>
<congress>115</congress>
</extension>
<relatedItem type="isReferencedBy">
<identifier type="executive communication number">EC-2838</identifier>
</relatedItem>
<extension>
<congress>115</congress>
</extension>
<relatedItem type="isReferencedBy">
<identifier type="executive communication number">EC-2839</identifier>
</relatedItem>
<extension>
<congress>115</congress>
</extension>
<relatedItem type="isReferencedBy">
<identifier type="regulation ID number">RIN 7100-AE52</identifier>
</relatedItem>
<relatedItem type="isReferencedBy">
<identifier type="regulation ID number">RIN 2070-AK35</identifier>
</relatedItem>
<relatedItem type="isReferencedBy">
<identifier type="regulation ID number">RIN 0579- AE27</identifier>
</relatedItem>
<relatedItem type="isReferencedBy">
<identifier type="regulation ID number">RIN 0579-AE21</identifier>
</relatedItem>
<relatedItem ID="P0b002ee198283821" type="host">
<titleInfo>
<title>Congressional Record</title>
<partNumber>Vol. 163, no. 148</partNumber>
</titleInfo>
<location>
<url access="object in context" displayLabel="Content Detail">https://www.gpo.gov/fdsys/pkg/CREC-2017-09-13/content-detail.html</url>
<url access="raw object" displayLabel="PDF rendition">https://www.gpo.gov/fdsys/pkg/CREC-2017-09-13/pdf/CREC-2017-09-13.pdf</url>
</location>
<part type="issue">
<extent unit="pages">
<start>H7317</start>
<end>H7384</end>
</extent>
<extent unit="pages">
<start>S5243</start>
<end>S5707</end>
</extent>
<extent unit="pages">
<start>E1209</start>
<end>E1217</end>
</extent>
<extent unit="pages">
<start>D969</start>
<end>D978</end>
</extent>
</part>
<originInfo>
<publisher>U.S. Government Publishing Office</publisher>
<dateIssued encoding="w3cdtf">2017-09-13</dateIssued>
<issuance>continuing</issuance>
<frequency authority="marcfrequency">daily</frequency>
</originInfo>
<physicalDescription>
<note type="source content type">deposited</note>
<digitalOrigin>born digital</digitalOrigin>
<extent>1104 p.</extent>
</physicalDescription>
<classification authority="sudocs">X 1.1/A:</classification>
<classification authority="sudocs">X/A.</classification>
<identifier type="uri">https://www.gpo.gov/fdsys/pkg/CREC-2017-09-13</identifier>
<identifier type="local">P0b002ee198283821</identifier>
<identifier type="stock number">752-002-00000-2</identifier>
<identifier type="ILS system id">000568013</identifier>
<identifier type="former package identifier">CR13SE17</identifier>
<recordInfo>
<recordContentSource authority="marcorg">DGPO</recordContentSource>
<recordCreationDate encoding="w3cdtf">2018-01-31</recordCreationDate>
<recordChangeDate encoding="w3cdtf">2018-01-31</recordChangeDate>
<recordIdentifier source="DGPO">CREC-2017-09-13</recordIdentifier>
<recordOrigin>machine generated</recordOrigin>
<languageOfCataloging>
<languageTerm authority="iso639-2b" type="code">eng</languageTerm>
</languageOfCataloging>
</recordInfo>
<accessCondition type="GPO scope determination">fdlp</accessCondition>
<extension>
<docClass>CREC</docClass>
<accessId>CREC-2017-09-13</accessId>
<volume>163</volume>
<issue>148</issue>
<congress>115</congress>
<session>1</session>
<bookCount>1</bookCount>
</extension>
</relatedItem>
</mods>