<mods ID="id-CREC-2017-10-30-pt1-PgS6869-3" version="3.3" xmlns="http://www.loc.gov/mods/v3" xmlns:exslt="http://exslt.org/common" xmlns:xlink="http://www.w3.org/1999/xlink" xmlns:xsi="http://www.w3.org/2001/XMLSchema-instance" xsi:schemaLocation="http://www.loc.gov/mods/v3 http://www.loc.gov/standards/mods/v3/mods-3-3.xsd">
<name type="corporate">
<namePart>United States Government Publishing Office</namePart>
<role>
<roleTerm authority="marcrelator" type="text">publisher</roleTerm>
<roleTerm authority="marcrelator" type="code">pbl</roleTerm>
</role>
<role>
<roleTerm authority="marcrelator" type="text">distributor</roleTerm>
<roleTerm authority="marcrelator" type="code">dst</roleTerm>
</role>
</name>
<name type="corporate">
<namePart>United States</namePart>
<namePart>Congress</namePart>
<role>
<roleTerm authority="marcrelator" type="text">author</roleTerm>
<roleTerm authority="marcrelator" type="code">aut</roleTerm>
</role>
<description>Government Organization</description>
</name>
<typeOfResource>text</typeOfResource>
<genre authority="marcgt">government publication</genre>
<language>
<languageTerm authority="iso639-2b" type="code">eng</languageTerm>
</language>
<extension>
<collectionCode>CREC</collectionCode>
<category>Proceedings of Congress and General Congressional Publications</category>
<waisDatabaseName>2017_record</waisDatabaseName>
<branch>legislative</branch>
<dateIngested>2017-11-02</dateIngested>
</extension>
<titleInfo>
<title>FISCAL YEAR 2018 ENFORCEMENT FILING</title>
<partName>Senate</partName>
</titleInfo>
<relatedItem type="otherFormat" xlink:href="https://www.gpo.gov/fdsys/pkg/CREC-2017-10-30/html/CREC-2017-10-30-pt1-PgS6869-3.htm">
<identifier type="FDsys Unique ID">D09002ee1975fa83b</identifier>
</relatedItem>
<relatedItem type="otherFormat" xlink:href="https://www.gpo.gov/fdsys/pkg/CREC-2017-10-30/pdf/CREC-2017-10-30-pt1-PgS6869-3.pdf">
<identifier type="FDsys Unique ID">D09002ee1975fa8b8</identifier>
</relatedItem>
<identifier type="congressional record citation">163 Cong. Rec. S6869</identifier>
<identifier type="uri">https://www.gpo.gov/fdsys/granule/CREC-2017-10-30/CREC-2017-10-30-pt1-PgS6869-3</identifier>
<identifier type="former granule identifier">CR30OC17-34</identifier>
<location>
<url access="object in context" displayLabel="Content Detail">https://www.gpo.gov/fdsys/granule/CREC-2017-10-30/CREC-2017-10-30-pt1-PgS6869-3/content-detail.html</url>
<url access="raw object" displayLabel="PDF rendition">https://www.gpo.gov/fdsys/pkg/CREC-2017-10-30/pdf/CREC-2017-10-30-pt1-PgS6869-3.pdf</url>
<url access="raw object" displayLabel="HTML rendition">https://www.gpo.gov/fdsys/pkg/CREC-2017-10-30/html/CREC-2017-10-30-pt1-PgS6869-3.htm</url>
</location>
<physicalDescription>
<extent>3 p.</extent>
</physicalDescription>
<part type="article">
<extent unit="pages">
<start>S6869</start>
<end>S6871</end>
</extent>
</part>
<name type="personal">
<namePart>Michael B. Enzi</namePart>
<affiliation>United States Senate</affiliation>
<role>
<roleTerm type="text">speaking</roleTerm>
</role>
<description>United States Congress Member</description>
</name>
<name type="corporate">
<namePart>United States</namePart>
<namePart>Congress</namePart>
<namePart>Senate</namePart>
<namePart>Committee on the Budget</namePart>
<role>
<roleTerm authority="marcrelator" type="text">associated name</roleTerm>
<roleTerm authority="marcrelator" type="code">asn</roleTerm>
</role>
<description>Government Organization</description>
</name>
<name type="corporate">
<namePart>United States</namePart>
<namePart>Congress</namePart>
<namePart>Senate</namePart>
<namePart>Committee on Appropriations</namePart>
<role>
<roleTerm authority="marcrelator" type="text">associated name</roleTerm>
<roleTerm authority="marcrelator" type="code">asn</roleTerm>
</role>
<description>Government Organization</description>
</name>
<identifier type="preferred citation">163 Cong. Rec. S6869</identifier>
<extension>
<searchTitle>FISCAL YEAR 2018 ENFORCEMENT FILING; Congressional Record Vol. 163, No. 175</searchTitle>
<granuleClass>SENATE</granuleClass>
<accessId>CREC-2017-10-30-pt1-PgS6869-3</accessId>
<subGranuleClass>ALLOTHER</subGranuleClass>
<pagePrefix>S</pagePrefix>
<bookNumber>1</bookNumber>
<chamber>SENATE</chamber>
<granuleDate>2017-10-30</granuleDate>
<bill congress="115" context="FIRSTPARAGRAPH" number="71" type="HCONRES"/>
<bill congress="115" context="OTHER" number="71" type="HCONRES"/>
<bill congress="115" context="FIRSTPARAGRAPH" number="76" type="HJRES"/>
<bill congress="115" context="OTHER" number="76" type="HJRES"/>
<bill congress="115" context="FIRSTPARAGRAPH" number="114" type="S"/>
<bill congress="115" context="OTHER" number="114" type="S"/>
<bill congress="115" context="FIRSTPARAGRAPH" number="601" type="HR"/>
<bill congress="115" context="OTHER" number="601" type="HR"/>
<bill congress="115" context="FIRSTPARAGRAPH" number="1866" type="S"/>
<bill congress="115" context="OTHER" number="1866" type="S"/>
<bill congress="115" context="FIRSTPARAGRAPH" number="2266" type="HR"/>
<bill congress="115" context="OTHER" number="2266" type="HR"/>
<bill congress="115" context="FIRSTPARAGRAPH" number="2430" type="HR"/>
<bill congress="115" context="OTHER" number="2430" type="HR"/>
<bill congress="115" context="FIRSTPARAGRAPH" number="3218" type="HR"/>
<bill congress="115" context="OTHER" number="3218" type="HR"/>
<bill congress="115" context="FIRSTPARAGRAPH" number="3364" type="HR"/>
<bill congress="115" context="OTHER" number="3364" type="HR"/>
<bill congress="115" context="FIRSTPARAGRAPH" number="3732" type="HR"/>
<bill congress="115" context="OTHER" number="3732" type="HR"/>
<bill congress="115" context="FIRSTPARAGRAPH" number="3819" type="HR"/>
<bill congress="115" context="OTHER" number="3819" type="HR"/>
<bill congress="115" context="FIRSTPARAGRAPH" number="3823" type="HR"/>
<bill congress="115" context="OTHER" number="3823" type="HR"/>
<congCommittee authorityId="ssbu00" chamber="S" congress="115" type="S">
<name type="authority-standard">Committee on the Budget</name>
<name type="authority-short">Budget</name>
</congCommittee>
<congCommittee authorityId="ssap00" chamber="S" congress="115" type="S">
<name type="authority-standard">Committee on Appropriations</name>
<name type="authority-short">Appropriations</name>
</congCommittee>
<congMember authorityId="1542" bioGuideId="E000285" chamber="S" congress="115" gpoId="8328" party="R" role="SPEAKING" state="WY">
<name type="parsed">Mr. ENZI</name>
<name type="authority-fnf">Michael B. Enzi</name>
<name type="authority-lnf">Enzi, Michael B.</name>
<name type="authority-other">Michael Enzi</name>
</congMember>
</extension>
<relatedItem type="isReferencedBy">
<titleInfo>
<title>United States House Concurrent Resolution 71  (115th Congress)</title>
</titleInfo>
<identifier type="Congressional Bill citation">H. Con. Res. 71</identifier>
<extension>
<congress>115</congress>
<context>FIRSTPARAGRAPH</context>
</extension>
</relatedItem>
<relatedItem type="isReferencedBy">
<titleInfo>
<title>United States House Concurrent Resolution 71  (115th Congress)</title>
</titleInfo>
<identifier type="Congressional Bill citation">H. Con. Res. 71</identifier>
<extension>
<congress>115</congress>
<context>OTHER</context>
</extension>
</relatedItem>
<relatedItem type="isReferencedBy">
<titleInfo>
<title>United States House Joint Resolution 76  (115th Congress)</title>
</titleInfo>
<identifier type="Congressional Bill citation">H.J. Res. 76</identifier>
<extension>
<congress>115</congress>
<context>FIRSTPARAGRAPH</context>
</extension>
</relatedItem>
<relatedItem type="isReferencedBy">
<titleInfo>
<title>United States House Joint Resolution 76  (115th Congress)</title>
</titleInfo>
<identifier type="Congressional Bill citation">H.J. Res. 76</identifier>
<extension>
<congress>115</congress>
<context>OTHER</context>
</extension>
</relatedItem>
<relatedItem type="isReferencedBy">
<titleInfo>
<title>United States Senate Bill 114  (115th Congress)</title>
</titleInfo>
<identifier type="Congressional Bill citation">S. 114</identifier>
<extension>
<congress>115</congress>
<context>FIRSTPARAGRAPH</context>
</extension>
</relatedItem>
<relatedItem type="isReferencedBy">
<titleInfo>
<title>United States Senate Bill 114  (115th Congress)</title>
</titleInfo>
<identifier type="Congressional Bill citation">S. 114</identifier>
<extension>
<congress>115</congress>
<context>OTHER</context>
</extension>
</relatedItem>
<relatedItem type="isReferencedBy">
<titleInfo>
<title>United States House Bill 601  (115th Congress)</title>
</titleInfo>
<identifier type="Congressional Bill citation">H.R. 601</identifier>
<extension>
<congress>115</congress>
<context>FIRSTPARAGRAPH</context>
</extension>
</relatedItem>
<relatedItem type="isReferencedBy">
<titleInfo>
<title>United States House Bill 601  (115th Congress)</title>
</titleInfo>
<identifier type="Congressional Bill citation">H.R. 601</identifier>
<extension>
<congress>115</congress>
<context>OTHER</context>
</extension>
</relatedItem>
<relatedItem type="isReferencedBy">
<titleInfo>
<title>United States Senate Bill 1866  (115th Congress)</title>
</titleInfo>
<identifier type="Congressional Bill citation">S. 1866</identifier>
<extension>
<congress>115</congress>
<context>FIRSTPARAGRAPH</context>
</extension>
</relatedItem>
<relatedItem type="isReferencedBy">
<titleInfo>
<title>United States Senate Bill 1866  (115th Congress)</title>
</titleInfo>
<identifier type="Congressional Bill citation">S. 1866</identifier>
<extension>
<congress>115</congress>
<context>OTHER</context>
</extension>
</relatedItem>
<relatedItem type="isReferencedBy">
<titleInfo>
<title>United States House Bill 2266  (115th Congress)</title>
</titleInfo>
<identifier type="Congressional Bill citation">H.R. 2266</identifier>
<extension>
<congress>115</congress>
<context>FIRSTPARAGRAPH</context>
</extension>
</relatedItem>
<relatedItem type="isReferencedBy">
<titleInfo>
<title>United States House Bill 2266  (115th Congress)</title>
</titleInfo>
<identifier type="Congressional Bill citation">H.R. 2266</identifier>
<extension>
<congress>115</congress>
<context>OTHER</context>
</extension>
</relatedItem>
<relatedItem type="isReferencedBy">
<titleInfo>
<title>United States House Bill 2430  (115th Congress)</title>
</titleInfo>
<identifier type="Congressional Bill citation">H.R. 2430</identifier>
<extension>
<congress>115</congress>
<context>FIRSTPARAGRAPH</context>
</extension>
</relatedItem>
<relatedItem type="isReferencedBy">
<titleInfo>
<title>United States House Bill 2430  (115th Congress)</title>
</titleInfo>
<identifier type="Congressional Bill citation">H.R. 2430</identifier>
<extension>
<congress>115</congress>
<context>OTHER</context>
</extension>
</relatedItem>
<relatedItem type="isReferencedBy">
<titleInfo>
<title>United States House Bill 3218  (115th Congress)</title>
</titleInfo>
<identifier type="Congressional Bill citation">H.R. 3218</identifier>
<extension>
<congress>115</congress>
<context>FIRSTPARAGRAPH</context>
</extension>
</relatedItem>
<relatedItem type="isReferencedBy">
<titleInfo>
<title>United States House Bill 3218  (115th Congress)</title>
</titleInfo>
<identifier type="Congressional Bill citation">H.R. 3218</identifier>
<extension>
<congress>115</congress>
<context>OTHER</context>
</extension>
</relatedItem>
<relatedItem type="isReferencedBy">
<titleInfo>
<title>United States House Bill 3364  (115th Congress)</title>
</titleInfo>
<identifier type="Congressional Bill citation">H.R. 3364</identifier>
<extension>
<congress>115</congress>
<context>FIRSTPARAGRAPH</context>
</extension>
</relatedItem>
<relatedItem type="isReferencedBy">
<titleInfo>
<title>United States House Bill 3364  (115th Congress)</title>
</titleInfo>
<identifier type="Congressional Bill citation">H.R. 3364</identifier>
<extension>
<congress>115</congress>
<context>OTHER</context>
</extension>
</relatedItem>
<relatedItem type="isReferencedBy">
<titleInfo>
<title>United States House Bill 3732  (115th Congress)</title>
</titleInfo>
<identifier type="Congressional Bill citation">H.R. 3732</identifier>
<extension>
<congress>115</congress>
<context>FIRSTPARAGRAPH</context>
</extension>
</relatedItem>
<relatedItem type="isReferencedBy">
<titleInfo>
<title>United States House Bill 3732  (115th Congress)</title>
</titleInfo>
<identifier type="Congressional Bill citation">H.R. 3732</identifier>
<extension>
<congress>115</congress>
<context>OTHER</context>
</extension>
</relatedItem>
<relatedItem type="isReferencedBy">
<titleInfo>
<title>United States House Bill 3819  (115th Congress)</title>
</titleInfo>
<identifier type="Congressional Bill citation">H.R. 3819</identifier>
<extension>
<congress>115</congress>
<context>FIRSTPARAGRAPH</context>
</extension>
</relatedItem>
<relatedItem type="isReferencedBy">
<titleInfo>
<title>United States House Bill 3819  (115th Congress)</title>
</titleInfo>
<identifier type="Congressional Bill citation">H.R. 3819</identifier>
<extension>
<congress>115</congress>
<context>OTHER</context>
</extension>
</relatedItem>
<relatedItem type="isReferencedBy">
<titleInfo>
<title>United States House Bill 3823  (115th Congress)</title>
</titleInfo>
<identifier type="Congressional Bill citation">H.R. 3823</identifier>
<extension>
<congress>115</congress>
<context>FIRSTPARAGRAPH</context>
</extension>
</relatedItem>
<relatedItem type="isReferencedBy">
<titleInfo>
<title>United States House Bill 3823  (115th Congress)</title>
</titleInfo>
<identifier type="Congressional Bill citation">H.R. 3823</identifier>
<extension>
<congress>115</congress>
<context>OTHER</context>
</extension>
</relatedItem>
<relatedItem ID="P0b002ee1975fa224" type="host">
<titleInfo>
<title>Congressional Record</title>
<partNumber>Vol. 163, no. 175</partNumber>
</titleInfo>
<location>
<url access="object in context" displayLabel="Content Detail">https://www.gpo.gov/fdsys/pkg/CREC-2017-10-30/content-detail.html</url>
<url access="raw object" displayLabel="PDF rendition">https://www.gpo.gov/fdsys/pkg/CREC-2017-10-30/pdf/CREC-2017-10-30.pdf</url>
</location>
<part type="issue">
<extent unit="pages">
<start>S6861</start>
<end>S6883</end>
</extent>
<extent unit="pages">
<start>E1451</start>
<end>E1451</end>
</extent>
<extent unit="pages">
<start>D1139</start>
<end>D1144</end>
</extent>
</part>
<originInfo>
<publisher>U.S. Government Publishing Office</publisher>
<dateIssued encoding="w3cdtf">2017-10-30</dateIssued>
<issuance>continuing</issuance>
<frequency authority="marcfrequency">daily</frequency>
</originInfo>
<physicalDescription>
<note type="source content type">deposited</note>
<digitalOrigin>born digital</digitalOrigin>
<extent>60 p.</extent>
</physicalDescription>
<classification authority="sudocs">X 1.1/A:</classification>
<classification authority="sudocs">X/A.</classification>
<identifier type="uri">https://www.gpo.gov/fdsys/pkg/CREC-2017-10-30</identifier>
<identifier type="local">P0b002ee1975fa224</identifier>
<identifier type="stock number">752-002-00000-2</identifier>
<identifier type="ILS system id">000568013</identifier>
<identifier type="former package identifier">CR30OC17</identifier>
<recordInfo>
<recordContentSource authority="marcorg">DGPO</recordContentSource>
<recordCreationDate encoding="w3cdtf">2017-11-02</recordCreationDate>
<recordChangeDate encoding="w3cdtf">2017-11-02</recordChangeDate>
<recordIdentifier source="DGPO">CREC-2017-10-30</recordIdentifier>
<recordOrigin>machine generated</recordOrigin>
<languageOfCataloging>
<languageTerm authority="iso639-2b" type="code">eng</languageTerm>
</languageOfCataloging>
</recordInfo>
<accessCondition type="GPO scope determination">fdlp</accessCondition>
<extension>
<docClass>CREC</docClass>
<accessId>CREC-2017-10-30</accessId>
<volume>163</volume>
<issue>175</issue>
<congress>115</congress>
<session>1</session>
<bookCount>1</bookCount>
</extension>
</relatedItem>
</mods>