<mods ID="id-CREC-2017-10-02-pt1-PgH7643" version="3.3" xmlns="http://www.loc.gov/mods/v3" xmlns:exslt="http://exslt.org/common" xmlns:xlink="http://www.w3.org/1999/xlink" xmlns:xsi="http://www.w3.org/2001/XMLSchema-instance" xsi:schemaLocation="http://www.loc.gov/mods/v3 http://www.loc.gov/standards/mods/v3/mods-3-3.xsd">
<name type="corporate">
<namePart>United States Government Publishing Office</namePart>
<role>
<roleTerm authority="marcrelator" type="text">publisher</roleTerm>
<roleTerm authority="marcrelator" type="code">pbl</roleTerm>
</role>
<role>
<roleTerm authority="marcrelator" type="text">distributor</roleTerm>
<roleTerm authority="marcrelator" type="code">dst</roleTerm>
</role>
</name>
<name type="corporate">
<namePart>United States</namePart>
<namePart>Congress</namePart>
<role>
<roleTerm authority="marcrelator" type="text">author</roleTerm>
<roleTerm authority="marcrelator" type="code">aut</roleTerm>
</role>
<description>Government Organization</description>
</name>
<typeOfResource>text</typeOfResource>
<genre authority="marcgt">government publication</genre>
<language>
<languageTerm authority="iso639-2b" type="code">eng</languageTerm>
</language>
<extension>
<collectionCode>CREC</collectionCode>
<category>Proceedings of Congress and General Congressional Publications</category>
<waisDatabaseName>2017_record</waisDatabaseName>
<branch>legislative</branch>
<dateIngested>2018-01-27</dateIngested>
</extension>
<titleInfo>
<title>CONFIRMING STATE LAND GRANTS FOR EDUCATION ACT</title>
<partName>House</partName>
</titleInfo>
<relatedItem type="otherFormat" xlink:href="https://www.gpo.gov/fdsys/pkg/CREC-2017-10-02/html/CREC-2017-10-02-pt1-PgH7643.htm">
<identifier type="FDsys Unique ID">D09002ee19822168b</identifier>
</relatedItem>
<relatedItem type="otherFormat" xlink:href="https://www.gpo.gov/fdsys/pkg/CREC-2017-10-02/pdf/CREC-2017-10-02-pt1-PgH7643.pdf">
<identifier type="FDsys Unique ID">D09002ee198221776</identifier>
</relatedItem>
<identifier type="congressional record citation">163 Cong. Rec. H7643</identifier>
<identifier type="uri">https://www.gpo.gov/fdsys/granule/CREC-2017-10-02/CREC-2017-10-02-pt1-PgH7643</identifier>
<identifier type="former granule identifier">CR02OC17-72</identifier>
<location>
<url access="object in context" displayLabel="Content Detail">https://www.gpo.gov/fdsys/granule/CREC-2017-10-02/CREC-2017-10-02-pt1-PgH7643/content-detail.html</url>
<url access="raw object" displayLabel="PDF rendition">https://www.gpo.gov/fdsys/pkg/CREC-2017-10-02/pdf/CREC-2017-10-02-pt1-PgH7643.pdf</url>
<url access="raw object" displayLabel="HTML rendition">https://www.gpo.gov/fdsys/pkg/CREC-2017-10-02/html/CREC-2017-10-02-pt1-PgH7643.htm</url>
</location>
<physicalDescription>
<extent>3 p.</extent>
</physicalDescription>
<part type="article">
<extent unit="pages">
<start>H7643</start>
<end>H7645</end>
</extent>
</part>
<name type="personal">
<namePart>Glenn Thompson</namePart>
<affiliation>United States House of Representatives</affiliation>
<role>
<roleTerm type="text">speaking</roleTerm>
</role>
<description>United States Congress Member</description>
</name>
<name type="personal">
<namePart>A. Donald McEachin</namePart>
<affiliation>United States House of Representatives</affiliation>
<role>
<roleTerm type="text">speaking</roleTerm>
</role>
<description>United States Congress Member</description>
</name>
<name type="personal">
<namePart>Mia B. Love</namePart>
<affiliation>United States House of Representatives</affiliation>
<role>
<roleTerm type="text">speaking</roleTerm>
</role>
<description>United States Congress Member</description>
</name>
<identifier type="preferred citation">163 Cong. Rec. H7643</identifier>
<extension>
<searchTitle>CONFIRMING STATE LAND GRANTS FOR EDUCATION ACT; Congressional Record Vol. 163, No. 157</searchTitle>
<associatedBills>H.R. 2582, 115th Congress
        </associatedBills>
<granuleClass>HOUSE</granuleClass>
<accessId>CREC-2017-10-02-pt1-PgH7643</accessId>
<subGranuleClass>ALLOTHER</subGranuleClass>
<pagePrefix>H</pagePrefix>
<bookNumber>1</bookNumber>
<chamber>HOUSE</chamber>
<granuleDate>2017-10-02</granuleDate>
<time from="17:15:00" to="17:30:00"/>
<bill congress="115" context="HEADERLINE" number="2582" type="HR"/>
<bill congress="115" context="FIRSTPARAGRAPH" number="2582" type="HR"/>
<bill congress="115" context="OTHER" number="2582" type="HR"/>
<congMember authorityId="1952" bioGuideId="T000467" chamber="H" congress="115" gpoId="8123" party="R" role="SPEAKING" state="PA">
<name type="parsed">Mr. THOMPSON of Pennsylvania</name>
<name type="authority-fnf">Glenn Thompson</name>
<name type="authority-lnf">Thompson, Glenn</name>
</congMember>
<congMember authorityId="2352" bioGuideId="M001200" chamber="H" congress="115" party="D" role="SPEAKING" state="VA">
<name type="parsed">Mr. McEACHIN</name>
<name type="authority-fnf">A. Donald McEachin</name>
<name type="authority-lnf">McEachin, A. Donald</name>
</congMember>
<congMember authorityId="2271" bioGuideId="L000584" chamber="H" congress="115" party="R" role="SPEAKING" state="UT">
<name type="parsed">Mrs. LOVE</name>
<name type="authority-fnf">Mia B. Love</name>
<name type="authority-lnf">Love, Mia B.</name>
<name type="authority-other">Mrs. Mia Love</name>
</congMember>
<law congress="106" isPrivate="false" number="65"/>
<statuteAtLarge volume="28">
<pages pages="107"/>
</statuteAtLarge>
</extension>
<relatedItem type="isReferencedBy">
<titleInfo>
<title>United States House Bill 2582  (115th Congress)</title>
</titleInfo>
<identifier type="Congressional Bill citation">H.R. 2582</identifier>
<extension>
<congress>115</congress>
<context>HEADERLINE</context>
</extension>
</relatedItem>
<relatedItem type="isReferencedBy">
<titleInfo>
<title>United States House Bill 2582  (115th Congress)</title>
</titleInfo>
<identifier type="Congressional Bill citation">H.R. 2582</identifier>
<extension>
<congress>115</congress>
<context>FIRSTPARAGRAPH</context>
</extension>
</relatedItem>
<relatedItem type="isReferencedBy">
<titleInfo>
<title>United States House Bill 2582  (115th Congress)</title>
</titleInfo>
<identifier type="Congressional Bill citation">H.R. 2582</identifier>
<extension>
<congress>115</congress>
<context>OTHER</context>
</extension>
</relatedItem>
<relatedItem type="isReferencedBy">
<titleInfo>
<title>United States Statutes at Large</title>
<partNumber>Volume 28 Page 107</partNumber>
</titleInfo>
<identifier type="Statute citation">28 Stat. 107</identifier>
</relatedItem>
<relatedItem>
<titleInfo>
<title>United States Public Law 106-65</title>
</titleInfo>
<identifier type="public law citation">Public Law 106-65</identifier>
</relatedItem>
<relatedItem ID="P0b002ee198220266" type="host">
<titleInfo>
<title>Congressional Record</title>
<partNumber>Vol. 163, no. 157</partNumber>
</titleInfo>
<location>
<url access="object in context" displayLabel="Content Detail">https://www.gpo.gov/fdsys/pkg/CREC-2017-10-02/content-detail.html</url>
<url access="raw object" displayLabel="PDF rendition">https://www.gpo.gov/fdsys/pkg/CREC-2017-10-02/pdf/CREC-2017-10-02.pdf</url>
</location>
<part type="issue">
<extent unit="pages">
<start>H7639</start>
<end>H7673</end>
</extent>
<extent unit="pages">
<start>S6237</start>
<end>S6266</end>
</extent>
<extent unit="pages">
<start>E1297</start>
<end>E1307</end>
</extent>
<extent unit="pages">
<start>D1029</start>
<end>D1038</end>
</extent>
</part>
<originInfo>
<publisher>U.S. Government Publishing Office</publisher>
<dateIssued encoding="w3cdtf">2017-10-02</dateIssued>
<issuance>continuing</issuance>
<frequency authority="marcfrequency">daily</frequency>
</originInfo>
<physicalDescription>
<note type="source content type">deposited</note>
<digitalOrigin>born digital</digitalOrigin>
<extent>172 p.</extent>
</physicalDescription>
<classification authority="sudocs">X 1.1/A:</classification>
<classification authority="sudocs">X/A.</classification>
<identifier type="uri">https://www.gpo.gov/fdsys/pkg/CREC-2017-10-02</identifier>
<identifier type="local">P0b002ee198220266</identifier>
<identifier type="stock number">752-002-00000-2</identifier>
<identifier type="ILS system id">000568013</identifier>
<identifier type="former package identifier">CR02OC17</identifier>
<recordInfo>
<recordContentSource authority="marcorg">DGPO</recordContentSource>
<recordCreationDate encoding="w3cdtf">2018-01-27</recordCreationDate>
<recordChangeDate encoding="w3cdtf">2018-01-27</recordChangeDate>
<recordIdentifier source="DGPO">CREC-2017-10-02</recordIdentifier>
<recordOrigin>machine generated</recordOrigin>
<languageOfCataloging>
<languageTerm authority="iso639-2b" type="code">eng</languageTerm>
</languageOfCataloging>
</recordInfo>
<accessCondition type="GPO scope determination">fdlp</accessCondition>
<extension>
<docClass>CREC</docClass>
<accessId>CREC-2017-10-02</accessId>
<volume>163</volume>
<issue>157</issue>
<congress>115</congress>
<session>1</session>
<bookCount>1</bookCount>
</extension>
</relatedItem>
</mods>