<mods ID="id-CREC-2017-09-12-pt1-PgH7277-2" version="3.3" xmlns="http://www.loc.gov/mods/v3" xmlns:exslt="http://exslt.org/common" xmlns:xlink="http://www.w3.org/1999/xlink" xmlns:xsi="http://www.w3.org/2001/XMLSchema-instance" xsi:schemaLocation="http://www.loc.gov/mods/v3 http://www.loc.gov/standards/mods/v3/mods-3-3.xsd">
<name type="corporate">
<namePart>United States Government Publishing Office</namePart>
<role>
<roleTerm authority="marcrelator" type="text">publisher</roleTerm>
<roleTerm authority="marcrelator" type="code">pbl</roleTerm>
</role>
<role>
<roleTerm authority="marcrelator" type="text">distributor</roleTerm>
<roleTerm authority="marcrelator" type="code">dst</roleTerm>
</role>
</name>
<name type="corporate">
<namePart>United States</namePart>
<namePart>Congress</namePart>
<role>
<roleTerm authority="marcrelator" type="text">author</roleTerm>
<roleTerm authority="marcrelator" type="code">aut</roleTerm>
</role>
<description>Government Organization</description>
</name>
<typeOfResource>text</typeOfResource>
<genre authority="marcgt">government publication</genre>
<language>
<languageTerm authority="iso639-2b" type="code">eng</languageTerm>
</language>
<extension>
<collectionCode>CREC</collectionCode>
<category>Proceedings of Congress and General Congressional Publications</category>
<waisDatabaseName>2017_record</waisDatabaseName>
<branch>legislative</branch>
<dateIngested>2018-01-11</dateIngested>
</extension>
<titleInfo>
<title>DEPARTMENT OF THE INTERIOR, ENVIRONMENT, AND RELATED AGENCIES APPROPRIATIONS ACT, 2018</title>
<partName>House</partName>
</titleInfo>
<relatedItem type="otherFormat" xlink:href="https://www.gpo.gov/fdsys/pkg/CREC-2017-09-12/html/CREC-2017-09-12-pt1-PgH7277-2.htm">
<identifier type="FDsys Unique ID">D09002ee197f7acbf</identifier>
</relatedItem>
<relatedItem type="otherFormat" xlink:href="https://www.gpo.gov/fdsys/pkg/CREC-2017-09-12/pdf/CREC-2017-09-12-pt1-PgH7277-2.pdf">
<identifier type="FDsys Unique ID">D09002ee197f7b173</identifier>
</relatedItem>
<identifier type="congressional record citation">163 Cong. Rec. H7277</identifier>
<identifier type="uri">https://www.gpo.gov/fdsys/granule/CREC-2017-09-12/CREC-2017-09-12-pt1-PgH7277-2</identifier>
<identifier type="former granule identifier">CR12SE17-96</identifier>
<location>
<url access="object in context" displayLabel="Content Detail">https://www.gpo.gov/fdsys/granule/CREC-2017-09-12/CREC-2017-09-12-pt1-PgH7277-2/content-detail.html</url>
<url access="raw object" displayLabel="PDF rendition">https://www.gpo.gov/fdsys/pkg/CREC-2017-09-12/pdf/CREC-2017-09-12-pt1-PgH7277-2.pdf</url>
<url access="raw object" displayLabel="HTML rendition">https://www.gpo.gov/fdsys/pkg/CREC-2017-09-12/html/CREC-2017-09-12-pt1-PgH7277-2.htm</url>
</location>
<physicalDescription>
<extent>11 p.</extent>
</physicalDescription>
<part type="article">
<extent unit="pages">
<start>H7277</start>
<end>H7287</end>
</extent>
</part>
<name type="personal">
<namePart>Daniel T. Kildee</namePart>
<affiliation>United States House of Representatives</affiliation>
<role>
<roleTerm type="text">speaking</roleTerm>
</role>
<description>United States Congress Member</description>
</name>
<name type="personal">
<namePart>Tom Cole</namePart>
<affiliation>United States House of Representatives</affiliation>
<role>
<roleTerm type="text">speaking</roleTerm>
</role>
<description>United States Congress Member</description>
</name>
<name type="personal">
<namePart>Nita M. Lowey</namePart>
<affiliation>United States House of Representatives</affiliation>
<role>
<roleTerm type="text">speaking</roleTerm>
</role>
<description>United States Congress Member</description>
</name>
<name type="personal">
<namePart>Robert C. "Bobby" Scott</namePart>
<affiliation>United States House of Representatives</affiliation>
<role>
<roleTerm type="text">speaking</roleTerm>
</role>
<description>United States Congress Member</description>
</name>
<name type="personal">
<namePart>Paul Mitchell</namePart>
<affiliation>United States House of Representatives</affiliation>
<role>
<roleTerm type="text">speaking</roleTerm>
</role>
<description>United States Congress Member</description>
</name>
<name type="personal">
<namePart>Mark Pocan</namePart>
<affiliation>United States House of Representatives</affiliation>
<role>
<roleTerm type="text">speaking</roleTerm>
</role>
<description>United States Congress Member</description>
</name>
<name type="personal">
<namePart>Gregorio Kilili Camacho Sablan</namePart>
<affiliation>United States House of Representatives</affiliation>
<role>
<roleTerm type="text">speaking</roleTerm>
</role>
<description>United States Congress Member</description>
</name>
<name type="personal">
<namePart>Grace Meng</namePart>
<affiliation>United States House of Representatives</affiliation>
<role>
<roleTerm type="text">speaking</roleTerm>
</role>
<description>United States Congress Member</description>
</name>
<name type="personal">
<namePart>Bill Foster</namePart>
<affiliation>United States House of Representatives</affiliation>
<role>
<roleTerm type="text">speaking</roleTerm>
</role>
<description>United States Congress Member</description>
</name>
<name type="personal">
<namePart>Bill Flores</namePart>
<affiliation>United States House of Representatives</affiliation>
<role>
<roleTerm type="text">speaking</roleTerm>
</role>
<description>United States Congress Member</description>
</name>
<name type="personal">
<namePart>Claudia Tenney</namePart>
<affiliation>United States House of Representatives</affiliation>
<role>
<roleTerm type="text">speaking</roleTerm>
</role>
<description>United States Congress Member</description>
</name>
<name type="personal">
<namePart>Richard M. Nolan</namePart>
<affiliation>United States House of Representatives</affiliation>
<role>
<roleTerm type="text">speaking</roleTerm>
</role>
<description>United States Congress Member</description>
</name>
<name type="personal">
<namePart>Katherine M. Clark</namePart>
<affiliation>United States House of Representatives</affiliation>
<role>
<roleTerm type="text">speaking</roleTerm>
</role>
<description>United States Congress Member</description>
</name>
<name type="corporate">
<namePart>United States</namePart>
<namePart>Congress</namePart>
<namePart>House of Representatives</namePart>
<namePart>Committee on Appropriations</namePart>
<role>
<roleTerm authority="marcrelator" type="text">associated name</roleTerm>
<roleTerm authority="marcrelator" type="code">asn</roleTerm>
</role>
<description>Government Organization</description>
</name>
<name type="corporate">
<namePart>United States</namePart>
<namePart>Congress</namePart>
<namePart>House of Representatives</namePart>
<namePart>Committee on Education and the Workforce</namePart>
<role>
<roleTerm authority="marcrelator" type="text">associated name</roleTerm>
<roleTerm authority="marcrelator" type="code">asn</roleTerm>
</role>
<description>Government Organization</description>
</name>
<identifier type="preferred citation">163 Cong. Rec. H7277</identifier>
<extension>
<searchTitle>DEPARTMENT OF THE INTERIOR, ENVIRONMENT, AND RELATED AGENCIES APPROPRIATIONS ACT, 2018; Congressional Record Vol. 163, No. 147</searchTitle>
<granuleClass>HOUSE</granuleClass>
<accessId>CREC-2017-09-12-pt1-PgH7277-2</accessId>
<subGranuleClass>ALLOTHER</subGranuleClass>
<pagePrefix>H</pagePrefix>
<bookNumber>1</bookNumber>
<chamber>HOUSE</chamber>
<granuleDate>2017-09-12</granuleDate>
<time from="17:00:00" to="18:15:00"/>
<congReport congress="115" context="OTHER" number="297" type="H"/>
<amendment chamber="HOUSE" congress="115" context="HEADERLINE" number="131"/>
<amendment chamber="HOUSE" congress="115" context="HEADERLINE" number="133"/>
<amendment chamber="HOUSE" congress="115" context="HEADERLINE" number="134"/>
<amendment chamber="HOUSE" congress="115" context="HEADERLINE" number="136"/>
<amendment chamber="HOUSE" congress="115" context="HEADERLINE" number="138"/>
<amendment chamber="HOUSE" congress="115" context="HEADERLINE" number="139"/>
<amendment chamber="HOUSE" congress="115" context="HEADERLINE" number="141"/>
<amendment chamber="HOUSE" congress="115" context="HEADERLINE" number="142"/>
<amendment chamber="HOUSE" congress="115" context="HEADERLINE" number="145"/>
<amendment chamber="HOUSE" congress="115" context="HEADERLINE" number="150"/>
<amendment chamber="HOUSE" congress="115" context="HEADERLINE" number="152"/>
<amendment chamber="HOUSE" congress="115" context="HEADERLINE" number="154"/>
<amendment chamber="HOUSE" congress="115" context="OTHER" number="131"/>
<amendment chamber="HOUSE" congress="115" context="OTHER" number="131"/>
<amendment chamber="HOUSE" congress="115" context="OTHER" number="133"/>
<amendment chamber="HOUSE" congress="115" context="OTHER" number="133"/>
<amendment chamber="HOUSE" congress="115" context="OTHER" number="134"/>
<amendment chamber="HOUSE" congress="115" context="OTHER" number="134"/>
<amendment chamber="HOUSE" congress="115" context="OTHER" number="135"/>
<amendment chamber="HOUSE" congress="115" context="OTHER" number="136"/>
<amendment chamber="HOUSE" congress="115" context="OTHER" number="136"/>
<amendment chamber="HOUSE" congress="115" context="OTHER" number="137"/>
<amendment chamber="HOUSE" congress="115" context="OTHER" number="138"/>
<amendment chamber="HOUSE" congress="115" context="OTHER" number="138"/>
<amendment chamber="HOUSE" congress="115" context="OTHER" number="139"/>
<amendment chamber="HOUSE" congress="115" context="OTHER" number="139"/>
<amendment chamber="HOUSE" congress="115" context="OTHER" number="141"/>
<amendment chamber="HOUSE" congress="115" context="OTHER" number="141"/>
<amendment chamber="HOUSE" congress="115" context="OTHER" number="142"/>
<amendment chamber="HOUSE" congress="115" context="OTHER" number="142"/>
<amendment chamber="HOUSE" congress="115" context="OTHER" number="145"/>
<amendment chamber="HOUSE" congress="115" context="OTHER" number="145"/>
<amendment chamber="HOUSE" congress="115" context="OTHER" number="149"/>
<amendment chamber="HOUSE" congress="115" context="OTHER" number="149"/>
<amendment chamber="HOUSE" congress="115" context="OTHER" number="150"/>
<amendment chamber="HOUSE" congress="115" context="OTHER" number="150"/>
<amendment chamber="HOUSE" congress="115" context="OTHER" number="152"/>
<amendment chamber="HOUSE" congress="115" context="OTHER" number="152"/>
<amendment chamber="HOUSE" congress="115" context="OTHER" number="154"/>
<amendment chamber="HOUSE" congress="115" context="OTHER" number="154"/>
<amendment chamber="HOUSE" congress="115" context="OTHER" number="154"/>
<bill congress="115" context="OTHER" number="504" type="HRES"/>
<bill congress="115" context="OTHER" number="3354" type="HR"/>
<congCommittee authorityId="hsap00" chamber="H" congress="115" type="S">
<name type="authority-standard">Committee on Appropriations</name>
<name type="authority-short">Appropriations</name>
</congCommittee>
<congCommittee authorityId="hsed00" chamber="H" congress="115" type="S">
<name type="authority-standard">Committee on Education and the Workforce</name>
<name type="authority-short">Education and the Workforce</name>
</congCommittee>
<congMember authorityId="2134" bioGuideId="K000380" chamber="H" congress="115" party="D" role="SPEAKING" state="MI">
<name type="parsed">Mr. KILDEE</name>
<name type="authority-fnf">Daniel T. Kildee</name>
<name type="authority-lnf">Kildee, Daniel T.</name>
<name type="authority-other">Mr. Daniel Kildee</name>
</congMember>
<congMember authorityId="1742" bioGuideId="C001053" chamber="H" congress="115" gpoId="8112" party="R" role="SPEAKING" state="OK">
<name type="parsed">Mr. COLE</name>
<name type="authority-fnf">Tom Cole</name>
<name type="authority-lnf">Cole, Tom</name>
</congMember>
<congMember authorityId="709" bioGuideId="L000480" chamber="H" congress="115" gpoId="8079" party="D" role="SPEAKING" state="NY">
<name type="parsed">Mrs. LOWEY</name>
<name type="authority-fnf">Nita M. Lowey</name>
<name type="authority-lnf">Lowey, Nita M.</name>
<name type="authority-other">Nita Lowey</name>
</congMember>
<congMember authorityId="1037" bioGuideId="S000185" chamber="H" congress="115" gpoId="8194" party="D" role="SPEAKING" state="VA">
<name type="parsed">Mr. SCOTT of Virginia</name>
<name type="authority-fnf">Robert C. "Bobby" Scott</name>
<name type="authority-lnf">Scott, Robert C. "Bobby"</name>
<name type="authority-other">Robert Scott</name>
</congMember>
<congMember authorityId="2334" bioGuideId="M001201" chamber="H" congress="115" party="R" role="SPEAKING" state="MI">
<name type="parsed">Mr. MITCHELL</name>
<name type="authority-fnf">Paul Mitchell</name>
<name type="authority-lnf">Mitchell, Paul</name>
</congMember>
<congMember authorityId="2171" bioGuideId="P000607" chamber="H" congress="115" party="D" role="SPEAKING" state="WI">
<name type="parsed">Mr. POCAN</name>
<name type="authority-fnf">Mark Pocan</name>
<name type="authority-lnf">Pocan, Mark</name>
</congMember>
<congMember authorityId="1962" bioGuideId="S001177" chamber="H" congress="115" gpoId="8018" party="D" role="SPEAKING" state="MP">
<name type="parsed">Mr. SABLAN</name>
<name type="authority-fnf">Gregorio Kilili Camacho Sablan</name>
<name type="authority-lnf">Sablan, Gregorio Kilili Camacho</name>
<name type="authority-other">Gregorio Sablan</name>
</congMember>
<congMember authorityId="2148" bioGuideId="M001188" chamber="H" congress="115" party="D" role="SPEAKING" state="NY">
<name type="parsed">Ms. MENG</name>
<name type="authority-fnf">Grace Meng</name>
<name type="authority-lnf">Meng, Grace</name>
</congMember>
<congMember authorityId="1888" bioGuideId="F000454" chamber="H" congress="115" gpoId="7355" party="D" role="SPEAKING" state="IL">
<name type="parsed">Mr. FOSTER</name>
<name type="authority-fnf">Bill Foster</name>
<name type="authority-lnf">Foster, Bill</name>
</congMember>
<congMember authorityId="2065" bioGuideId="F000461" chamber="H" congress="115" gpoId="8173" party="R" role="SPEAKING" state="TX">
<name type="parsed">Mr. FLORES</name>
<name type="authority-fnf">Bill Flores</name>
<name type="authority-lnf">Flores, Bill</name>
</congMember>
<congMember authorityId="2344" bioGuideId="T000478" chamber="H" congress="115" party="R" role="SPEAKING" state="NY">
<name type="parsed">Ms. TENNEY</name>
<name type="authority-fnf">Claudia Tenney</name>
<name type="authority-lnf">Tenney, Claudia</name>
</congMember>
<congMember authorityId="867" bioGuideId="N000127" chamber="H" congress="115" party="D" role="SPEAKING" state="MN">
<name type="parsed">Mr. NOLAN</name>
<name type="authority-fnf">Richard M. Nolan</name>
<name type="authority-lnf">Nolan, Richard M.</name>
<name type="authority-other">Richard Nolan</name>
</congMember>
<congMember authorityId="2196" bioGuideId="C001101" chamber="H" congress="115" party="D" role="SPEAKING" state="MA">
<name type="parsed">Ms. CLARK of Massachusetts</name>
<name type="authority-fnf">Katherine M. Clark</name>
<name type="authority-lnf">Clark, Katherine M.</name>
<name type="authority-other">Ms. Katherine Clark</name>
</congMember>
</extension>
<relatedItem type="isReferencedBy">
<titleInfo>
<title>United States House Resolution 504  (115th Congress)</title>
</titleInfo>
<identifier type="Congressional Bill citation">H. Res. 504</identifier>
<extension>
<congress>115</congress>
<context>OTHER</context>
</extension>
</relatedItem>
<relatedItem type="isReferencedBy">
<titleInfo>
<title>United States House Bill 3354  (115th Congress)</title>
</titleInfo>
<identifier type="Congressional Bill citation">H.R. 3354</identifier>
<extension>
<congress>115</congress>
<context>OTHER</context>
</extension>
</relatedItem>
<relatedItem type="isReferencedBy">
<identifier type="congressional report citation">
          H. Rept. 115-297</identifier>
</relatedItem>
<relatedItem type="isReferencedBy">
<identifier type="congressional amendment citation"> Amendment No. 131</identifier>
</relatedItem>
<extension>
<congress>115</congress>
<chamber>HOUSE</chamber>
</extension>
<relatedItem type="isReferencedBy">
<identifier type="congressional amendment citation"> Amendment No. 133</identifier>
</relatedItem>
<extension>
<congress>115</congress>
<chamber>HOUSE</chamber>
</extension>
<relatedItem type="isReferencedBy">
<identifier type="congressional amendment citation"> Amendment No. 134</identifier>
</relatedItem>
<extension>
<congress>115</congress>
<chamber>HOUSE</chamber>
</extension>
<relatedItem type="isReferencedBy">
<identifier type="congressional amendment citation"> Amendment No. 136</identifier>
</relatedItem>
<extension>
<congress>115</congress>
<chamber>HOUSE</chamber>
</extension>
<relatedItem type="isReferencedBy">
<identifier type="congressional amendment citation"> Amendment No. 138</identifier>
</relatedItem>
<extension>
<congress>115</congress>
<chamber>HOUSE</chamber>
</extension>
<relatedItem type="isReferencedBy">
<identifier type="congressional amendment citation"> Amendment No. 139</identifier>
</relatedItem>
<extension>
<congress>115</congress>
<chamber>HOUSE</chamber>
</extension>
<relatedItem type="isReferencedBy">
<identifier type="congressional amendment citation"> Amendment No. 141</identifier>
</relatedItem>
<extension>
<congress>115</congress>
<chamber>HOUSE</chamber>
</extension>
<relatedItem type="isReferencedBy">
<identifier type="congressional amendment citation"> Amendment No. 142</identifier>
</relatedItem>
<extension>
<congress>115</congress>
<chamber>HOUSE</chamber>
</extension>
<relatedItem type="isReferencedBy">
<identifier type="congressional amendment citation"> Amendment No. 145</identifier>
</relatedItem>
<extension>
<congress>115</congress>
<chamber>HOUSE</chamber>
</extension>
<relatedItem type="isReferencedBy">
<identifier type="congressional amendment citation"> Amendment No. 150</identifier>
</relatedItem>
<extension>
<congress>115</congress>
<chamber>HOUSE</chamber>
</extension>
<relatedItem type="isReferencedBy">
<identifier type="congressional amendment citation"> Amendment No. 152</identifier>
</relatedItem>
<extension>
<congress>115</congress>
<chamber>HOUSE</chamber>
</extension>
<relatedItem type="isReferencedBy">
<identifier type="congressional amendment citation"> Amendment No. 154</identifier>
</relatedItem>
<extension>
<congress>115</congress>
<chamber>HOUSE</chamber>
</extension>
<relatedItem type="isReferencedBy">
<identifier type="congressional amendment citation"> Amendment No. 131</identifier>
</relatedItem>
<extension>
<congress>115</congress>
<chamber>HOUSE</chamber>
</extension>
<relatedItem type="isReferencedBy">
<identifier type="congressional amendment citation"> Amendment No. 131</identifier>
</relatedItem>
<extension>
<congress>115</congress>
<chamber>HOUSE</chamber>
</extension>
<relatedItem type="isReferencedBy">
<identifier type="congressional amendment citation"> Amendment No. 133</identifier>
</relatedItem>
<extension>
<congress>115</congress>
<chamber>HOUSE</chamber>
</extension>
<relatedItem type="isReferencedBy">
<identifier type="congressional amendment citation"> Amendment No. 133</identifier>
</relatedItem>
<extension>
<congress>115</congress>
<chamber>HOUSE</chamber>
</extension>
<relatedItem type="isReferencedBy">
<identifier type="congressional amendment citation"> Amendment No. 134</identifier>
</relatedItem>
<extension>
<congress>115</congress>
<chamber>HOUSE</chamber>
</extension>
<relatedItem type="isReferencedBy">
<identifier type="congressional amendment citation"> Amendment No. 134</identifier>
</relatedItem>
<extension>
<congress>115</congress>
<chamber>HOUSE</chamber>
</extension>
<relatedItem type="isReferencedBy">
<identifier type="congressional amendment citation"> Amendment No. 135</identifier>
</relatedItem>
<extension>
<congress>115</congress>
<chamber>HOUSE</chamber>
</extension>
<relatedItem type="isReferencedBy">
<identifier type="congressional amendment citation"> Amendment No. 136</identifier>
</relatedItem>
<extension>
<congress>115</congress>
<chamber>HOUSE</chamber>
</extension>
<relatedItem type="isReferencedBy">
<identifier type="congressional amendment citation"> Amendment No. 136</identifier>
</relatedItem>
<extension>
<congress>115</congress>
<chamber>HOUSE</chamber>
</extension>
<relatedItem type="isReferencedBy">
<identifier type="congressional amendment citation"> Amendment No. 137</identifier>
</relatedItem>
<extension>
<congress>115</congress>
<chamber>HOUSE</chamber>
</extension>
<relatedItem type="isReferencedBy">
<identifier type="congressional amendment citation"> Amendment No. 138</identifier>
</relatedItem>
<extension>
<congress>115</congress>
<chamber>HOUSE</chamber>
</extension>
<relatedItem type="isReferencedBy">
<identifier type="congressional amendment citation"> Amendment No. 138</identifier>
</relatedItem>
<extension>
<congress>115</congress>
<chamber>HOUSE</chamber>
</extension>
<relatedItem type="isReferencedBy">
<identifier type="congressional amendment citation"> Amendment No. 139</identifier>
</relatedItem>
<extension>
<congress>115</congress>
<chamber>HOUSE</chamber>
</extension>
<relatedItem type="isReferencedBy">
<identifier type="congressional amendment citation"> Amendment No. 139</identifier>
</relatedItem>
<extension>
<congress>115</congress>
<chamber>HOUSE</chamber>
</extension>
<relatedItem type="isReferencedBy">
<identifier type="congressional amendment citation"> Amendment No. 141</identifier>
</relatedItem>
<extension>
<congress>115</congress>
<chamber>HOUSE</chamber>
</extension>
<relatedItem type="isReferencedBy">
<identifier type="congressional amendment citation"> Amendment No. 141</identifier>
</relatedItem>
<extension>
<congress>115</congress>
<chamber>HOUSE</chamber>
</extension>
<relatedItem type="isReferencedBy">
<identifier type="congressional amendment citation"> Amendment No. 142</identifier>
</relatedItem>
<extension>
<congress>115</congress>
<chamber>HOUSE</chamber>
</extension>
<relatedItem type="isReferencedBy">
<identifier type="congressional amendment citation"> Amendment No. 142</identifier>
</relatedItem>
<extension>
<congress>115</congress>
<chamber>HOUSE</chamber>
</extension>
<relatedItem type="isReferencedBy">
<identifier type="congressional amendment citation"> Amendment No. 145</identifier>
</relatedItem>
<extension>
<congress>115</congress>
<chamber>HOUSE</chamber>
</extension>
<relatedItem type="isReferencedBy">
<identifier type="congressional amendment citation"> Amendment No. 145</identifier>
</relatedItem>
<extension>
<congress>115</congress>
<chamber>HOUSE</chamber>
</extension>
<relatedItem type="isReferencedBy">
<identifier type="congressional amendment citation"> Amendment No. 149</identifier>
</relatedItem>
<extension>
<congress>115</congress>
<chamber>HOUSE</chamber>
</extension>
<relatedItem type="isReferencedBy">
<identifier type="congressional amendment citation"> Amendment No. 149</identifier>
</relatedItem>
<extension>
<congress>115</congress>
<chamber>HOUSE</chamber>
</extension>
<relatedItem type="isReferencedBy">
<identifier type="congressional amendment citation"> Amendment No. 150</identifier>
</relatedItem>
<extension>
<congress>115</congress>
<chamber>HOUSE</chamber>
</extension>
<relatedItem type="isReferencedBy">
<identifier type="congressional amendment citation"> Amendment No. 150</identifier>
</relatedItem>
<extension>
<congress>115</congress>
<chamber>HOUSE</chamber>
</extension>
<relatedItem type="isReferencedBy">
<identifier type="congressional amendment citation"> Amendment No. 152</identifier>
</relatedItem>
<extension>
<congress>115</congress>
<chamber>HOUSE</chamber>
</extension>
<relatedItem type="isReferencedBy">
<identifier type="congressional amendment citation"> Amendment No. 152</identifier>
</relatedItem>
<extension>
<congress>115</congress>
<chamber>HOUSE</chamber>
</extension>
<relatedItem type="isReferencedBy">
<identifier type="congressional amendment citation"> Amendment No. 154</identifier>
</relatedItem>
<extension>
<congress>115</congress>
<chamber>HOUSE</chamber>
</extension>
<relatedItem type="isReferencedBy">
<identifier type="congressional amendment citation"> Amendment No. 154</identifier>
</relatedItem>
<extension>
<congress>115</congress>
<chamber>HOUSE</chamber>
</extension>
<relatedItem type="isReferencedBy">
<identifier type="congressional amendment citation"> Amendment No. 154</identifier>
</relatedItem>
<extension>
<congress>115</congress>
<chamber>HOUSE</chamber>
</extension>
<relatedItem ID="P0b002ee197f7a608" type="host">
<titleInfo>
<title>Congressional Record</title>
<partNumber>Vol. 163, no. 147</partNumber>
</titleInfo>
<location>
<url access="object in context" displayLabel="Content Detail">https://www.gpo.gov/fdsys/pkg/CREC-2017-09-12/content-detail.html</url>
<url access="raw object" displayLabel="PDF rendition">https://www.gpo.gov/fdsys/pkg/CREC-2017-09-12/pdf/CREC-2017-09-12.pdf</url>
</location>
<part type="issue">
<extent unit="pages">
<start>H7225</start>
<end>H7315</end>
</extent>
<extent unit="pages">
<start>S5191</start>
<end>S5241</end>
</extent>
<extent unit="pages">
<start>E1199</start>
<end>E1209</end>
</extent>
<extent unit="pages">
<start>D957</start>
<end>D968</end>
</extent>
</part>
<originInfo>
<publisher>U.S. Government Publishing Office</publisher>
<dateIssued encoding="w3cdtf">2017-09-12</dateIssued>
<issuance>continuing</issuance>
<frequency authority="marcfrequency">daily</frequency>
</originInfo>
<physicalDescription>
<note type="source content type">deposited</note>
<digitalOrigin>born digital</digitalOrigin>
<extent>330 p.</extent>
</physicalDescription>
<classification authority="sudocs">X 1.1/A:</classification>
<classification authority="sudocs">X/A.</classification>
<identifier type="uri">https://www.gpo.gov/fdsys/pkg/CREC-2017-09-12</identifier>
<identifier type="local">P0b002ee197f7a608</identifier>
<identifier type="stock number">752-002-00000-2</identifier>
<identifier type="ILS system id">000568013</identifier>
<identifier type="former package identifier">CR12SE17</identifier>
<recordInfo>
<recordContentSource authority="marcorg">DGPO</recordContentSource>
<recordCreationDate encoding="w3cdtf">2018-01-11</recordCreationDate>
<recordChangeDate encoding="w3cdtf">2018-01-11</recordChangeDate>
<recordIdentifier source="DGPO">CREC-2017-09-12</recordIdentifier>
<recordOrigin>machine generated</recordOrigin>
<languageOfCataloging>
<languageTerm authority="iso639-2b" type="code">eng</languageTerm>
</languageOfCataloging>
</recordInfo>
<accessCondition type="GPO scope determination">fdlp</accessCondition>
<extension>
<docClass>CREC</docClass>
<accessId>CREC-2017-09-12</accessId>
<volume>163</volume>
<issue>147</issue>
<congress>115</congress>
<session>1</session>
<bookCount>1</bookCount>
</extension>
</relatedItem>
</mods>