<mods ID="id-CREC-2017-09-06-pt1-PgH7089-13" version="3.3" xmlns="http://www.loc.gov/mods/v3" xmlns:exslt="http://exslt.org/common" xmlns:xlink="http://www.w3.org/1999/xlink" xmlns:xsi="http://www.w3.org/2001/XMLSchema-instance" xsi:schemaLocation="http://www.loc.gov/mods/v3 http://www.loc.gov/standards/mods/v3/mods-3-3.xsd">
<name type="corporate">
<namePart>United States Government Publishing Office</namePart>
<role>
<roleTerm authority="marcrelator" type="text">publisher</roleTerm>
<roleTerm authority="marcrelator" type="code">pbl</roleTerm>
</role>
<role>
<roleTerm authority="marcrelator" type="text">distributor</roleTerm>
<roleTerm authority="marcrelator" type="code">dst</roleTerm>
</role>
</name>
<name type="corporate">
<namePart>United States</namePart>
<namePart>Congress</namePart>
<role>
<roleTerm authority="marcrelator" type="text">author</roleTerm>
<roleTerm authority="marcrelator" type="code">aut</roleTerm>
</role>
<description>Government Organization</description>
</name>
<typeOfResource>text</typeOfResource>
<genre authority="marcgt">government publication</genre>
<language>
<languageTerm authority="iso639-2b" type="code">eng</languageTerm>
</language>
<extension>
<collectionCode>CREC</collectionCode>
<category>Proceedings of Congress and General Congressional Publications</category>
<waisDatabaseName>2017_record</waisDatabaseName>
<branch>legislative</branch>
<dateIngested>2018-01-17</dateIngested>
</extension>
<titleInfo>
<title>ADDITIONAL SPONSORS</title>
<partName>House</partName>
</titleInfo>
<relatedItem type="otherFormat" xlink:href="https://www.gpo.gov/fdsys/pkg/CREC-2017-09-06/html/CREC-2017-09-06-pt1-PgH7089-13.htm">
<identifier type="FDsys Unique ID">D09002ee1980416fd</identifier>
</relatedItem>
<relatedItem type="otherFormat" xlink:href="https://www.gpo.gov/fdsys/pkg/CREC-2017-09-06/pdf/CREC-2017-09-06-pt1-PgH7089-13.pdf">
<identifier type="FDsys Unique ID">D09002ee1980418c5</identifier>
</relatedItem>
<identifier type="congressional record citation">163 Cong. Rec. H7089</identifier>
<identifier type="uri">https://www.gpo.gov/fdsys/granule/CREC-2017-09-06/CREC-2017-09-06-pt1-PgH7089-13</identifier>
<identifier type="former granule identifier">cr06se17-98</identifier>
<location>
<url access="object in context" displayLabel="Content Detail">https://www.gpo.gov/fdsys/granule/CREC-2017-09-06/CREC-2017-09-06-pt1-PgH7089-13/content-detail.html</url>
<url access="raw object" displayLabel="PDF rendition">https://www.gpo.gov/fdsys/pkg/CREC-2017-09-06/pdf/CREC-2017-09-06-pt1-PgH7089-13.pdf</url>
<url access="raw object" displayLabel="HTML rendition">https://www.gpo.gov/fdsys/pkg/CREC-2017-09-06/html/CREC-2017-09-06-pt1-PgH7089-13.htm</url>
</location>
<physicalDescription>
<extent>2 p.</extent>
</physicalDescription>
<part type="article">
<extent unit="pages">
<start>H7089</start>
<end>H7090</end>
</extent>
</part>
<identifier type="preferred citation">163 Cong. Rec. H7089</identifier>
<extension>
<searchTitle>ADDITIONAL SPONSORS; Congressional Record Vol. 163, No. 143</searchTitle>
<granuleClass>HOUSE</granuleClass>
<accessId>CREC-2017-09-06-pt1-PgH7089-13</accessId>
<subGranuleClass>HADDSPONSORS</subGranuleClass>
<pagePrefix>H</pagePrefix>
<bookNumber>1</bookNumber>
<chamber>HOUSE</chamber>
<granuleDate>2017-09-06</granuleDate>
<time from="01:30:00" to="01:30:00"/>
<bill congress="115" context="OTHER" number="15" type="HR"/>
<bill congress="115" context="OTHER" number="31" type="HRES"/>
<bill congress="115" context="OTHER" number="36" type="HR"/>
<bill congress="115" context="OTHER" number="44" type="HR"/>
<bill congress="115" context="OTHER" number="53" type="HJRES"/>
<bill congress="115" context="OTHER" number="77" type="HCONRES"/>
<bill congress="115" context="OTHER" number="129" type="HRES"/>
<bill congress="115" context="OTHER" number="168" type="HR"/>
<bill congress="115" context="OTHER" number="173" type="HR"/>
<bill congress="115" context="OTHER" number="188" type="HRES"/>
<bill congress="115" context="OTHER" number="195" type="HRES"/>
<bill congress="115" context="OTHER" number="220" type="HRES"/>
<bill congress="115" context="OTHER" number="246" type="HR"/>
<bill congress="115" context="OTHER" number="257" type="HRES"/>
<bill congress="115" context="OTHER" number="367" type="HR"/>
<bill congress="115" context="OTHER" number="442" type="HR"/>
<bill congress="115" context="OTHER" number="449" type="HR"/>
<bill congress="115" context="OTHER" number="459" type="HR"/>
<bill congress="115" context="OTHER" number="466" type="HRES"/>
<bill congress="115" context="OTHER" number="480" type="HR"/>
<bill congress="115" context="OTHER" number="486" type="HRES"/>
<bill congress="115" context="OTHER" number="488" type="HRES"/>
<bill congress="115" context="OTHER" number="490" type="HR"/>
<bill congress="115" context="OTHER" number="496" type="HRES"/>
<bill congress="115" context="OTHER" number="501" type="HRES"/>
<bill congress="115" context="OTHER" number="535" type="HR"/>
<bill congress="115" context="OTHER" number="632" type="HR"/>
<bill congress="115" context="OTHER" number="644" type="HR"/>
<bill congress="115" context="OTHER" number="664" type="HR"/>
<bill congress="115" context="OTHER" number="669" type="HR"/>
<bill congress="115" context="OTHER" number="681" type="HR"/>
<bill congress="115" context="OTHER" number="719" type="HR"/>
<bill congress="115" context="OTHER" number="747" type="HR"/>
<bill congress="115" context="OTHER" number="750" type="HR"/>
<bill congress="115" context="OTHER" number="754" type="HR"/>
<bill congress="115" context="OTHER" number="770" type="HR"/>
<bill congress="115" context="OTHER" number="785" type="HR"/>
<bill congress="115" context="OTHER" number="801" type="HR"/>
<bill congress="115" context="OTHER" number="807" type="HR"/>
<bill congress="115" context="OTHER" number="812" type="HR"/>
<bill congress="115" context="OTHER" number="850" type="HR"/>
<bill congress="115" context="OTHER" number="852" type="HR"/>
<bill congress="115" context="OTHER" number="860" type="HR"/>
<bill congress="115" context="OTHER" number="916" type="HR"/>
<bill congress="115" context="OTHER" number="918" type="HR"/>
<bill congress="115" context="OTHER" number="936" type="HR"/>
<bill congress="115" context="OTHER" number="1017" type="HR"/>
<bill congress="115" context="OTHER" number="1120" type="HR"/>
<bill congress="115" context="OTHER" number="1145" type="HR"/>
<bill congress="115" context="OTHER" number="1267" type="HR"/>
<bill congress="115" context="OTHER" number="1270" type="HR"/>
<bill congress="115" context="OTHER" number="1322" type="HR"/>
<bill congress="115" context="OTHER" number="1377" type="HR"/>
<bill congress="115" context="OTHER" number="1421" type="HR"/>
<bill congress="115" context="OTHER" number="1436" type="HR"/>
<bill congress="115" context="OTHER" number="1447" type="HR"/>
<bill congress="115" context="OTHER" number="1459" type="HR"/>
<bill congress="115" context="OTHER" number="1468" type="HR"/>
<bill congress="115" context="OTHER" number="1483" type="HR"/>
<bill congress="115" context="OTHER" number="1494" type="HR"/>
<bill congress="115" context="OTHER" number="1552" type="HR"/>
<bill congress="115" context="OTHER" number="1565" type="HR"/>
<bill congress="115" context="OTHER" number="1566" type="HR"/>
<bill congress="115" context="OTHER" number="1580" type="HR"/>
<bill congress="115" context="OTHER" number="1618" type="HR"/>
<bill congress="115" context="OTHER" number="1624" type="HR"/>
<bill congress="115" context="OTHER" number="1676" type="HR"/>
<bill congress="115" context="OTHER" number="1724" type="HR"/>
<bill congress="115" context="OTHER" number="1731" type="HR"/>
<bill congress="115" context="OTHER" number="1776" type="HR"/>
<bill congress="115" context="OTHER" number="1810" type="HR"/>
<bill congress="115" context="OTHER" number="1844" type="HR"/>
<bill congress="115" context="OTHER" number="1847" type="HR"/>
<bill congress="115" context="OTHER" number="1865" type="HR"/>
<bill congress="115" context="OTHER" number="1880" type="HR"/>
<bill congress="115" context="OTHER" number="1911" type="HR"/>
<bill congress="115" context="OTHER" number="1955" type="HR"/>
<bill congress="115" context="OTHER" number="1960" type="HR"/>
<bill congress="115" context="OTHER" number="1987" type="HR"/>
<bill congress="115" context="OTHER" number="2004" type="HR"/>
<bill congress="115" context="OTHER" number="2023" type="HR"/>
<bill congress="115" context="OTHER" number="2044" type="HR"/>
<bill congress="115" context="OTHER" number="2077" type="HR"/>
<bill congress="115" context="OTHER" number="2121" type="HR"/>
<bill congress="115" context="OTHER" number="2148" type="HR"/>
<bill congress="115" context="OTHER" number="2170" type="HR"/>
<bill congress="115" context="OTHER" number="2201" type="HR"/>
<bill congress="115" context="OTHER" number="2219" type="HR"/>
<bill congress="115" context="OTHER" number="2259" type="HR"/>
<bill congress="115" context="OTHER" number="2298" type="HR"/>
<bill congress="115" context="OTHER" number="2310" type="HR"/>
<bill congress="115" context="OTHER" number="2319" type="HR"/>
<bill congress="115" context="OTHER" number="2345" type="HR"/>
<bill congress="115" context="OTHER" number="2392" type="HR"/>
<bill congress="115" context="OTHER" number="2417" type="HR"/>
<bill congress="115" context="OTHER" number="2431" type="HR"/>
<bill congress="115" context="OTHER" number="2435" type="HR"/>
<bill congress="115" context="OTHER" number="2439" type="HR"/>
<bill congress="115" context="OTHER" number="2461" type="HR"/>
<bill congress="115" context="OTHER" number="2482" type="HR"/>
<bill congress="115" context="OTHER" number="2519" type="HR"/>
<bill congress="115" context="OTHER" number="2545" type="HR"/>
<bill congress="115" context="OTHER" number="2589" type="HR"/>
<bill congress="115" context="OTHER" number="2603" type="HR"/>
<bill congress="115" context="OTHER" number="2644" type="HR"/>
<bill congress="115" context="OTHER" number="2651" type="HR"/>
<bill congress="115" context="OTHER" number="2663" type="HR"/>
<bill congress="115" context="OTHER" number="2723" type="HR"/>
<bill congress="115" context="OTHER" number="2740" type="HR"/>
<bill congress="115" context="OTHER" number="2748" type="HR"/>
<bill congress="115" context="OTHER" number="2771" type="HR"/>
<bill congress="115" context="OTHER" number="2801" type="HR"/>
<bill congress="115" context="OTHER" number="2832" type="HR"/>
<bill congress="115" context="OTHER" number="2852" type="HR"/>
<bill congress="115" context="OTHER" number="2862" type="HR"/>
<bill congress="115" context="OTHER" number="2901" type="HR"/>
<bill congress="115" context="OTHER" number="2906" type="HR"/>
<bill congress="115" context="OTHER" number="2923" type="HR"/>
<bill congress="115" context="OTHER" number="2957" type="HR"/>
<bill congress="115" context="OTHER" number="2976" type="HR"/>
<bill congress="115" context="OTHER" number="2996" type="HR"/>
<bill congress="115" context="OTHER" number="3030" type="HR"/>
<bill congress="115" context="OTHER" number="3053" type="HR"/>
<bill congress="115" context="OTHER" number="3076" type="HR"/>
<bill congress="115" context="OTHER" number="3124" type="HR"/>
<bill congress="115" context="OTHER" number="3133" type="HR"/>
<bill congress="115" context="OTHER" number="3139" type="HR"/>
<bill congress="115" context="OTHER" number="3186" type="HR"/>
<bill congress="115" context="OTHER" number="3223" type="HR"/>
<bill congress="115" context="OTHER" number="3227" type="HR"/>
<bill congress="115" context="OTHER" number="3236" type="HR"/>
<bill congress="115" context="OTHER" number="3239" type="HR"/>
<bill congress="115" context="OTHER" number="3258" type="HR"/>
<bill congress="115" context="OTHER" number="3269" type="HR"/>
<bill congress="115" context="OTHER" number="3273" type="HR"/>
<bill congress="115" context="OTHER" number="3303" type="HR"/>
<bill congress="115" context="OTHER" number="3304" type="HR"/>
<bill congress="115" context="OTHER" number="3329" type="HR"/>
<bill congress="115" context="OTHER" number="3347" type="HR"/>
<bill congress="115" context="OTHER" number="3350" type="HR"/>
<bill congress="115" context="OTHER" number="3380" type="HR"/>
<bill congress="115" context="OTHER" number="3398" type="HR"/>
<bill congress="115" context="OTHER" number="3440" type="HR"/>
<bill congress="115" context="OTHER" number="3441" type="HR"/>
<bill congress="115" context="OTHER" number="3591" type="HR"/>
<bill congress="115" context="OTHER" number="3598" type="HR"/>
<bill congress="115" context="OTHER" number="3635" type="HR"/>
<bill congress="115" context="OTHER" number="3641" type="HR"/>
<bill congress="115" context="OTHER" number="3643" type="HR"/>
<bill congress="115" context="OTHER" number="3668" type="HR"/>
</extension>
<relatedItem type="isReferencedBy">
<titleInfo>
<title>United States House Bill 15  (115th Congress)</title>
</titleInfo>
<identifier type="Congressional Bill citation">H.R. 15</identifier>
<extension>
<congress>115</congress>
<context>OTHER</context>
</extension>
</relatedItem>
<relatedItem type="isReferencedBy">
<titleInfo>
<title>United States House Resolution 31  (115th Congress)</title>
</titleInfo>
<identifier type="Congressional Bill citation">H. Res. 31</identifier>
<extension>
<congress>115</congress>
<context>OTHER</context>
</extension>
</relatedItem>
<relatedItem type="isReferencedBy">
<titleInfo>
<title>United States House Bill 36  (115th Congress)</title>
</titleInfo>
<identifier type="Congressional Bill citation">H.R. 36</identifier>
<extension>
<congress>115</congress>
<context>OTHER</context>
</extension>
</relatedItem>
<relatedItem type="isReferencedBy">
<titleInfo>
<title>United States House Bill 44  (115th Congress)</title>
</titleInfo>
<identifier type="Congressional Bill citation">H.R. 44</identifier>
<extension>
<congress>115</congress>
<context>OTHER</context>
</extension>
</relatedItem>
<relatedItem type="isReferencedBy">
<titleInfo>
<title>United States House Joint Resolution 53  (115th Congress)</title>
</titleInfo>
<identifier type="Congressional Bill citation">H.J. Res. 53</identifier>
<extension>
<congress>115</congress>
<context>OTHER</context>
</extension>
</relatedItem>
<relatedItem type="isReferencedBy">
<titleInfo>
<title>United States House Concurrent Resolution 77  (115th Congress)</title>
</titleInfo>
<identifier type="Congressional Bill citation">H. Con. Res. 77</identifier>
<extension>
<congress>115</congress>
<context>OTHER</context>
</extension>
</relatedItem>
<relatedItem type="isReferencedBy">
<titleInfo>
<title>United States House Resolution 129  (115th Congress)</title>
</titleInfo>
<identifier type="Congressional Bill citation">H. Res. 129</identifier>
<extension>
<congress>115</congress>
<context>OTHER</context>
</extension>
</relatedItem>
<relatedItem type="isReferencedBy">
<titleInfo>
<title>United States House Bill 168  (115th Congress)</title>
</titleInfo>
<identifier type="Congressional Bill citation">H.R. 168</identifier>
<extension>
<congress>115</congress>
<context>OTHER</context>
</extension>
</relatedItem>
<relatedItem type="isReferencedBy">
<titleInfo>
<title>United States House Bill 173  (115th Congress)</title>
</titleInfo>
<identifier type="Congressional Bill citation">H.R. 173</identifier>
<extension>
<congress>115</congress>
<context>OTHER</context>
</extension>
</relatedItem>
<relatedItem type="isReferencedBy">
<titleInfo>
<title>United States House Resolution 188  (115th Congress)</title>
</titleInfo>
<identifier type="Congressional Bill citation">H. Res. 188</identifier>
<extension>
<congress>115</congress>
<context>OTHER</context>
</extension>
</relatedItem>
<relatedItem type="isReferencedBy">
<titleInfo>
<title>United States House Resolution 195  (115th Congress)</title>
</titleInfo>
<identifier type="Congressional Bill citation">H. Res. 195</identifier>
<extension>
<congress>115</congress>
<context>OTHER</context>
</extension>
</relatedItem>
<relatedItem type="isReferencedBy">
<titleInfo>
<title>United States House Resolution 220  (115th Congress)</title>
</titleInfo>
<identifier type="Congressional Bill citation">H. Res. 220</identifier>
<extension>
<congress>115</congress>
<context>OTHER</context>
</extension>
</relatedItem>
<relatedItem type="isReferencedBy">
<titleInfo>
<title>United States House Bill 246  (115th Congress)</title>
</titleInfo>
<identifier type="Congressional Bill citation">H.R. 246</identifier>
<extension>
<congress>115</congress>
<context>OTHER</context>
</extension>
</relatedItem>
<relatedItem type="isReferencedBy">
<titleInfo>
<title>United States House Resolution 257  (115th Congress)</title>
</titleInfo>
<identifier type="Congressional Bill citation">H. Res. 257</identifier>
<extension>
<congress>115</congress>
<context>OTHER</context>
</extension>
</relatedItem>
<relatedItem type="isReferencedBy">
<titleInfo>
<title>United States House Bill 367  (115th Congress)</title>
</titleInfo>
<identifier type="Congressional Bill citation">H.R. 367</identifier>
<extension>
<congress>115</congress>
<context>OTHER</context>
</extension>
</relatedItem>
<relatedItem type="isReferencedBy">
<titleInfo>
<title>United States House Bill 442  (115th Congress)</title>
</titleInfo>
<identifier type="Congressional Bill citation">H.R. 442</identifier>
<extension>
<congress>115</congress>
<context>OTHER</context>
</extension>
</relatedItem>
<relatedItem type="isReferencedBy">
<titleInfo>
<title>United States House Bill 449  (115th Congress)</title>
</titleInfo>
<identifier type="Congressional Bill citation">H.R. 449</identifier>
<extension>
<congress>115</congress>
<context>OTHER</context>
</extension>
</relatedItem>
<relatedItem type="isReferencedBy">
<titleInfo>
<title>United States House Bill 459  (115th Congress)</title>
</titleInfo>
<identifier type="Congressional Bill citation">H.R. 459</identifier>
<extension>
<congress>115</congress>
<context>OTHER</context>
</extension>
</relatedItem>
<relatedItem type="isReferencedBy">
<titleInfo>
<title>United States House Resolution 466  (115th Congress)</title>
</titleInfo>
<identifier type="Congressional Bill citation">H. Res. 466</identifier>
<extension>
<congress>115</congress>
<context>OTHER</context>
</extension>
</relatedItem>
<relatedItem type="isReferencedBy">
<titleInfo>
<title>United States House Bill 480  (115th Congress)</title>
</titleInfo>
<identifier type="Congressional Bill citation">H.R. 480</identifier>
<extension>
<congress>115</congress>
<context>OTHER</context>
</extension>
</relatedItem>
<relatedItem type="isReferencedBy">
<titleInfo>
<title>United States House Resolution 486  (115th Congress)</title>
</titleInfo>
<identifier type="Congressional Bill citation">H. Res. 486</identifier>
<extension>
<congress>115</congress>
<context>OTHER</context>
</extension>
</relatedItem>
<relatedItem type="isReferencedBy">
<titleInfo>
<title>United States House Resolution 488  (115th Congress)</title>
</titleInfo>
<identifier type="Congressional Bill citation">H. Res. 488</identifier>
<extension>
<congress>115</congress>
<context>OTHER</context>
</extension>
</relatedItem>
<relatedItem type="isReferencedBy">
<titleInfo>
<title>United States House Bill 490  (115th Congress)</title>
</titleInfo>
<identifier type="Congressional Bill citation">H.R. 490</identifier>
<extension>
<congress>115</congress>
<context>OTHER</context>
</extension>
</relatedItem>
<relatedItem type="isReferencedBy">
<titleInfo>
<title>United States House Resolution 496  (115th Congress)</title>
</titleInfo>
<identifier type="Congressional Bill citation">H. Res. 496</identifier>
<extension>
<congress>115</congress>
<context>OTHER</context>
</extension>
</relatedItem>
<relatedItem type="isReferencedBy">
<titleInfo>
<title>United States House Resolution 501  (115th Congress)</title>
</titleInfo>
<identifier type="Congressional Bill citation">H. Res. 501</identifier>
<extension>
<congress>115</congress>
<context>OTHER</context>
</extension>
</relatedItem>
<relatedItem type="isReferencedBy">
<titleInfo>
<title>United States House Bill 535  (115th Congress)</title>
</titleInfo>
<identifier type="Congressional Bill citation">H.R. 535</identifier>
<extension>
<congress>115</congress>
<context>OTHER</context>
</extension>
</relatedItem>
<relatedItem type="isReferencedBy">
<titleInfo>
<title>United States House Bill 632  (115th Congress)</title>
</titleInfo>
<identifier type="Congressional Bill citation">H.R. 632</identifier>
<extension>
<congress>115</congress>
<context>OTHER</context>
</extension>
</relatedItem>
<relatedItem type="isReferencedBy">
<titleInfo>
<title>United States House Bill 644  (115th Congress)</title>
</titleInfo>
<identifier type="Congressional Bill citation">H.R. 644</identifier>
<extension>
<congress>115</congress>
<context>OTHER</context>
</extension>
</relatedItem>
<relatedItem type="isReferencedBy">
<titleInfo>
<title>United States House Bill 664  (115th Congress)</title>
</titleInfo>
<identifier type="Congressional Bill citation">H.R. 664</identifier>
<extension>
<congress>115</congress>
<context>OTHER</context>
</extension>
</relatedItem>
<relatedItem type="isReferencedBy">
<titleInfo>
<title>United States House Bill 669  (115th Congress)</title>
</titleInfo>
<identifier type="Congressional Bill citation">H.R. 669</identifier>
<extension>
<congress>115</congress>
<context>OTHER</context>
</extension>
</relatedItem>
<relatedItem type="isReferencedBy">
<titleInfo>
<title>United States House Bill 681  (115th Congress)</title>
</titleInfo>
<identifier type="Congressional Bill citation">H.R. 681</identifier>
<extension>
<congress>115</congress>
<context>OTHER</context>
</extension>
</relatedItem>
<relatedItem type="isReferencedBy">
<titleInfo>
<title>United States House Bill 719  (115th Congress)</title>
</titleInfo>
<identifier type="Congressional Bill citation">H.R. 719</identifier>
<extension>
<congress>115</congress>
<context>OTHER</context>
</extension>
</relatedItem>
<relatedItem type="isReferencedBy">
<titleInfo>
<title>United States House Bill 747  (115th Congress)</title>
</titleInfo>
<identifier type="Congressional Bill citation">H.R. 747</identifier>
<extension>
<congress>115</congress>
<context>OTHER</context>
</extension>
</relatedItem>
<relatedItem type="isReferencedBy">
<titleInfo>
<title>United States House Bill 750  (115th Congress)</title>
</titleInfo>
<identifier type="Congressional Bill citation">H.R. 750</identifier>
<extension>
<congress>115</congress>
<context>OTHER</context>
</extension>
</relatedItem>
<relatedItem type="isReferencedBy">
<titleInfo>
<title>United States House Bill 754  (115th Congress)</title>
</titleInfo>
<identifier type="Congressional Bill citation">H.R. 754</identifier>
<extension>
<congress>115</congress>
<context>OTHER</context>
</extension>
</relatedItem>
<relatedItem type="isReferencedBy">
<titleInfo>
<title>United States House Bill 770  (115th Congress)</title>
</titleInfo>
<identifier type="Congressional Bill citation">H.R. 770</identifier>
<extension>
<congress>115</congress>
<context>OTHER</context>
</extension>
</relatedItem>
<relatedItem type="isReferencedBy">
<titleInfo>
<title>United States House Bill 785  (115th Congress)</title>
</titleInfo>
<identifier type="Congressional Bill citation">H.R. 785</identifier>
<extension>
<congress>115</congress>
<context>OTHER</context>
</extension>
</relatedItem>
<relatedItem type="isReferencedBy">
<titleInfo>
<title>United States House Bill 801  (115th Congress)</title>
</titleInfo>
<identifier type="Congressional Bill citation">H.R. 801</identifier>
<extension>
<congress>115</congress>
<context>OTHER</context>
</extension>
</relatedItem>
<relatedItem type="isReferencedBy">
<titleInfo>
<title>United States House Bill 807  (115th Congress)</title>
</titleInfo>
<identifier type="Congressional Bill citation">H.R. 807</identifier>
<extension>
<congress>115</congress>
<context>OTHER</context>
</extension>
</relatedItem>
<relatedItem type="isReferencedBy">
<titleInfo>
<title>United States House Bill 812  (115th Congress)</title>
</titleInfo>
<identifier type="Congressional Bill citation">H.R. 812</identifier>
<extension>
<congress>115</congress>
<context>OTHER</context>
</extension>
</relatedItem>
<relatedItem type="isReferencedBy">
<titleInfo>
<title>United States House Bill 850  (115th Congress)</title>
</titleInfo>
<identifier type="Congressional Bill citation">H.R. 850</identifier>
<extension>
<congress>115</congress>
<context>OTHER</context>
</extension>
</relatedItem>
<relatedItem type="isReferencedBy">
<titleInfo>
<title>United States House Bill 852  (115th Congress)</title>
</titleInfo>
<identifier type="Congressional Bill citation">H.R. 852</identifier>
<extension>
<congress>115</congress>
<context>OTHER</context>
</extension>
</relatedItem>
<relatedItem type="isReferencedBy">
<titleInfo>
<title>United States House Bill 860  (115th Congress)</title>
</titleInfo>
<identifier type="Congressional Bill citation">H.R. 860</identifier>
<extension>
<congress>115</congress>
<context>OTHER</context>
</extension>
</relatedItem>
<relatedItem type="isReferencedBy">
<titleInfo>
<title>United States House Bill 916  (115th Congress)</title>
</titleInfo>
<identifier type="Congressional Bill citation">H.R. 916</identifier>
<extension>
<congress>115</congress>
<context>OTHER</context>
</extension>
</relatedItem>
<relatedItem type="isReferencedBy">
<titleInfo>
<title>United States House Bill 918  (115th Congress)</title>
</titleInfo>
<identifier type="Congressional Bill citation">H.R. 918</identifier>
<extension>
<congress>115</congress>
<context>OTHER</context>
</extension>
</relatedItem>
<relatedItem type="isReferencedBy">
<titleInfo>
<title>United States House Bill 936  (115th Congress)</title>
</titleInfo>
<identifier type="Congressional Bill citation">H.R. 936</identifier>
<extension>
<congress>115</congress>
<context>OTHER</context>
</extension>
</relatedItem>
<relatedItem type="isReferencedBy">
<titleInfo>
<title>United States House Bill 1017  (115th Congress)</title>
</titleInfo>
<identifier type="Congressional Bill citation">H.R. 1017</identifier>
<extension>
<congress>115</congress>
<context>OTHER</context>
</extension>
</relatedItem>
<relatedItem type="isReferencedBy">
<titleInfo>
<title>United States House Bill 1120  (115th Congress)</title>
</titleInfo>
<identifier type="Congressional Bill citation">H.R. 1120</identifier>
<extension>
<congress>115</congress>
<context>OTHER</context>
</extension>
</relatedItem>
<relatedItem type="isReferencedBy">
<titleInfo>
<title>United States House Bill 1145  (115th Congress)</title>
</titleInfo>
<identifier type="Congressional Bill citation">H.R. 1145</identifier>
<extension>
<congress>115</congress>
<context>OTHER</context>
</extension>
</relatedItem>
<relatedItem type="isReferencedBy">
<titleInfo>
<title>United States House Bill 1267  (115th Congress)</title>
</titleInfo>
<identifier type="Congressional Bill citation">H.R. 1267</identifier>
<extension>
<congress>115</congress>
<context>OTHER</context>
</extension>
</relatedItem>
<relatedItem type="isReferencedBy">
<titleInfo>
<title>United States House Bill 1270  (115th Congress)</title>
</titleInfo>
<identifier type="Congressional Bill citation">H.R. 1270</identifier>
<extension>
<congress>115</congress>
<context>OTHER</context>
</extension>
</relatedItem>
<relatedItem type="isReferencedBy">
<titleInfo>
<title>United States House Bill 1322  (115th Congress)</title>
</titleInfo>
<identifier type="Congressional Bill citation">H.R. 1322</identifier>
<extension>
<congress>115</congress>
<context>OTHER</context>
</extension>
</relatedItem>
<relatedItem type="isReferencedBy">
<titleInfo>
<title>United States House Bill 1377  (115th Congress)</title>
</titleInfo>
<identifier type="Congressional Bill citation">H.R. 1377</identifier>
<extension>
<congress>115</congress>
<context>OTHER</context>
</extension>
</relatedItem>
<relatedItem type="isReferencedBy">
<titleInfo>
<title>United States House Bill 1421  (115th Congress)</title>
</titleInfo>
<identifier type="Congressional Bill citation">H.R. 1421</identifier>
<extension>
<congress>115</congress>
<context>OTHER</context>
</extension>
</relatedItem>
<relatedItem type="isReferencedBy">
<titleInfo>
<title>United States House Bill 1436  (115th Congress)</title>
</titleInfo>
<identifier type="Congressional Bill citation">H.R. 1436</identifier>
<extension>
<congress>115</congress>
<context>OTHER</context>
</extension>
</relatedItem>
<relatedItem type="isReferencedBy">
<titleInfo>
<title>United States House Bill 1447  (115th Congress)</title>
</titleInfo>
<identifier type="Congressional Bill citation">H.R. 1447</identifier>
<extension>
<congress>115</congress>
<context>OTHER</context>
</extension>
</relatedItem>
<relatedItem type="isReferencedBy">
<titleInfo>
<title>United States House Bill 1459  (115th Congress)</title>
</titleInfo>
<identifier type="Congressional Bill citation">H.R. 1459</identifier>
<extension>
<congress>115</congress>
<context>OTHER</context>
</extension>
</relatedItem>
<relatedItem type="isReferencedBy">
<titleInfo>
<title>United States House Bill 1468  (115th Congress)</title>
</titleInfo>
<identifier type="Congressional Bill citation">H.R. 1468</identifier>
<extension>
<congress>115</congress>
<context>OTHER</context>
</extension>
</relatedItem>
<relatedItem type="isReferencedBy">
<titleInfo>
<title>United States House Bill 1483  (115th Congress)</title>
</titleInfo>
<identifier type="Congressional Bill citation">H.R. 1483</identifier>
<extension>
<congress>115</congress>
<context>OTHER</context>
</extension>
</relatedItem>
<relatedItem type="isReferencedBy">
<titleInfo>
<title>United States House Bill 1494  (115th Congress)</title>
</titleInfo>
<identifier type="Congressional Bill citation">H.R. 1494</identifier>
<extension>
<congress>115</congress>
<context>OTHER</context>
</extension>
</relatedItem>
<relatedItem type="isReferencedBy">
<titleInfo>
<title>United States House Bill 1552  (115th Congress)</title>
</titleInfo>
<identifier type="Congressional Bill citation">H.R. 1552</identifier>
<extension>
<congress>115</congress>
<context>OTHER</context>
</extension>
</relatedItem>
<relatedItem type="isReferencedBy">
<titleInfo>
<title>United States House Bill 1565  (115th Congress)</title>
</titleInfo>
<identifier type="Congressional Bill citation">H.R. 1565</identifier>
<extension>
<congress>115</congress>
<context>OTHER</context>
</extension>
</relatedItem>
<relatedItem type="isReferencedBy">
<titleInfo>
<title>United States House Bill 1566  (115th Congress)</title>
</titleInfo>
<identifier type="Congressional Bill citation">H.R. 1566</identifier>
<extension>
<congress>115</congress>
<context>OTHER</context>
</extension>
</relatedItem>
<relatedItem type="isReferencedBy">
<titleInfo>
<title>United States House Bill 1580  (115th Congress)</title>
</titleInfo>
<identifier type="Congressional Bill citation">H.R. 1580</identifier>
<extension>
<congress>115</congress>
<context>OTHER</context>
</extension>
</relatedItem>
<relatedItem type="isReferencedBy">
<titleInfo>
<title>United States House Bill 1618  (115th Congress)</title>
</titleInfo>
<identifier type="Congressional Bill citation">H.R. 1618</identifier>
<extension>
<congress>115</congress>
<context>OTHER</context>
</extension>
</relatedItem>
<relatedItem type="isReferencedBy">
<titleInfo>
<title>United States House Bill 1624  (115th Congress)</title>
</titleInfo>
<identifier type="Congressional Bill citation">H.R. 1624</identifier>
<extension>
<congress>115</congress>
<context>OTHER</context>
</extension>
</relatedItem>
<relatedItem type="isReferencedBy">
<titleInfo>
<title>United States House Bill 1676  (115th Congress)</title>
</titleInfo>
<identifier type="Congressional Bill citation">H.R. 1676</identifier>
<extension>
<congress>115</congress>
<context>OTHER</context>
</extension>
</relatedItem>
<relatedItem type="isReferencedBy">
<titleInfo>
<title>United States House Bill 1724  (115th Congress)</title>
</titleInfo>
<identifier type="Congressional Bill citation">H.R. 1724</identifier>
<extension>
<congress>115</congress>
<context>OTHER</context>
</extension>
</relatedItem>
<relatedItem type="isReferencedBy">
<titleInfo>
<title>United States House Bill 1731  (115th Congress)</title>
</titleInfo>
<identifier type="Congressional Bill citation">H.R. 1731</identifier>
<extension>
<congress>115</congress>
<context>OTHER</context>
</extension>
</relatedItem>
<relatedItem type="isReferencedBy">
<titleInfo>
<title>United States House Bill 1776  (115th Congress)</title>
</titleInfo>
<identifier type="Congressional Bill citation">H.R. 1776</identifier>
<extension>
<congress>115</congress>
<context>OTHER</context>
</extension>
</relatedItem>
<relatedItem type="isReferencedBy">
<titleInfo>
<title>United States House Bill 1810  (115th Congress)</title>
</titleInfo>
<identifier type="Congressional Bill citation">H.R. 1810</identifier>
<extension>
<congress>115</congress>
<context>OTHER</context>
</extension>
</relatedItem>
<relatedItem type="isReferencedBy">
<titleInfo>
<title>United States House Bill 1844  (115th Congress)</title>
</titleInfo>
<identifier type="Congressional Bill citation">H.R. 1844</identifier>
<extension>
<congress>115</congress>
<context>OTHER</context>
</extension>
</relatedItem>
<relatedItem type="isReferencedBy">
<titleInfo>
<title>United States House Bill 1847  (115th Congress)</title>
</titleInfo>
<identifier type="Congressional Bill citation">H.R. 1847</identifier>
<extension>
<congress>115</congress>
<context>OTHER</context>
</extension>
</relatedItem>
<relatedItem type="isReferencedBy">
<titleInfo>
<title>United States House Bill 1865  (115th Congress)</title>
</titleInfo>
<identifier type="Congressional Bill citation">H.R. 1865</identifier>
<extension>
<congress>115</congress>
<context>OTHER</context>
</extension>
</relatedItem>
<relatedItem type="isReferencedBy">
<titleInfo>
<title>United States House Bill 1880  (115th Congress)</title>
</titleInfo>
<identifier type="Congressional Bill citation">H.R. 1880</identifier>
<extension>
<congress>115</congress>
<context>OTHER</context>
</extension>
</relatedItem>
<relatedItem type="isReferencedBy">
<titleInfo>
<title>United States House Bill 1911  (115th Congress)</title>
</titleInfo>
<identifier type="Congressional Bill citation">H.R. 1911</identifier>
<extension>
<congress>115</congress>
<context>OTHER</context>
</extension>
</relatedItem>
<relatedItem type="isReferencedBy">
<titleInfo>
<title>United States House Bill 1955  (115th Congress)</title>
</titleInfo>
<identifier type="Congressional Bill citation">H.R. 1955</identifier>
<extension>
<congress>115</congress>
<context>OTHER</context>
</extension>
</relatedItem>
<relatedItem type="isReferencedBy">
<titleInfo>
<title>United States House Bill 1960  (115th Congress)</title>
</titleInfo>
<identifier type="Congressional Bill citation">H.R. 1960</identifier>
<extension>
<congress>115</congress>
<context>OTHER</context>
</extension>
</relatedItem>
<relatedItem type="isReferencedBy">
<titleInfo>
<title>United States House Bill 1987  (115th Congress)</title>
</titleInfo>
<identifier type="Congressional Bill citation">H.R. 1987</identifier>
<extension>
<congress>115</congress>
<context>OTHER</context>
</extension>
</relatedItem>
<relatedItem type="isReferencedBy">
<titleInfo>
<title>United States House Bill 2004  (115th Congress)</title>
</titleInfo>
<identifier type="Congressional Bill citation">H.R. 2004</identifier>
<extension>
<congress>115</congress>
<context>OTHER</context>
</extension>
</relatedItem>
<relatedItem type="isReferencedBy">
<titleInfo>
<title>United States House Bill 2023  (115th Congress)</title>
</titleInfo>
<identifier type="Congressional Bill citation">H.R. 2023</identifier>
<extension>
<congress>115</congress>
<context>OTHER</context>
</extension>
</relatedItem>
<relatedItem type="isReferencedBy">
<titleInfo>
<title>United States House Bill 2044  (115th Congress)</title>
</titleInfo>
<identifier type="Congressional Bill citation">H.R. 2044</identifier>
<extension>
<congress>115</congress>
<context>OTHER</context>
</extension>
</relatedItem>
<relatedItem type="isReferencedBy">
<titleInfo>
<title>United States House Bill 2077  (115th Congress)</title>
</titleInfo>
<identifier type="Congressional Bill citation">H.R. 2077</identifier>
<extension>
<congress>115</congress>
<context>OTHER</context>
</extension>
</relatedItem>
<relatedItem type="isReferencedBy">
<titleInfo>
<title>United States House Bill 2121  (115th Congress)</title>
</titleInfo>
<identifier type="Congressional Bill citation">H.R. 2121</identifier>
<extension>
<congress>115</congress>
<context>OTHER</context>
</extension>
</relatedItem>
<relatedItem type="isReferencedBy">
<titleInfo>
<title>United States House Bill 2148  (115th Congress)</title>
</titleInfo>
<identifier type="Congressional Bill citation">H.R. 2148</identifier>
<extension>
<congress>115</congress>
<context>OTHER</context>
</extension>
</relatedItem>
<relatedItem type="isReferencedBy">
<titleInfo>
<title>United States House Bill 2170  (115th Congress)</title>
</titleInfo>
<identifier type="Congressional Bill citation">H.R. 2170</identifier>
<extension>
<congress>115</congress>
<context>OTHER</context>
</extension>
</relatedItem>
<relatedItem type="isReferencedBy">
<titleInfo>
<title>United States House Bill 2201  (115th Congress)</title>
</titleInfo>
<identifier type="Congressional Bill citation">H.R. 2201</identifier>
<extension>
<congress>115</congress>
<context>OTHER</context>
</extension>
</relatedItem>
<relatedItem type="isReferencedBy">
<titleInfo>
<title>United States House Bill 2219  (115th Congress)</title>
</titleInfo>
<identifier type="Congressional Bill citation">H.R. 2219</identifier>
<extension>
<congress>115</congress>
<context>OTHER</context>
</extension>
</relatedItem>
<relatedItem type="isReferencedBy">
<titleInfo>
<title>United States House Bill 2259  (115th Congress)</title>
</titleInfo>
<identifier type="Congressional Bill citation">H.R. 2259</identifier>
<extension>
<congress>115</congress>
<context>OTHER</context>
</extension>
</relatedItem>
<relatedItem type="isReferencedBy">
<titleInfo>
<title>United States House Bill 2298  (115th Congress)</title>
</titleInfo>
<identifier type="Congressional Bill citation">H.R. 2298</identifier>
<extension>
<congress>115</congress>
<context>OTHER</context>
</extension>
</relatedItem>
<relatedItem type="isReferencedBy">
<titleInfo>
<title>United States House Bill 2310  (115th Congress)</title>
</titleInfo>
<identifier type="Congressional Bill citation">H.R. 2310</identifier>
<extension>
<congress>115</congress>
<context>OTHER</context>
</extension>
</relatedItem>
<relatedItem type="isReferencedBy">
<titleInfo>
<title>United States House Bill 2319  (115th Congress)</title>
</titleInfo>
<identifier type="Congressional Bill citation">H.R. 2319</identifier>
<extension>
<congress>115</congress>
<context>OTHER</context>
</extension>
</relatedItem>
<relatedItem type="isReferencedBy">
<titleInfo>
<title>United States House Bill 2345  (115th Congress)</title>
</titleInfo>
<identifier type="Congressional Bill citation">H.R. 2345</identifier>
<extension>
<congress>115</congress>
<context>OTHER</context>
</extension>
</relatedItem>
<relatedItem type="isReferencedBy">
<titleInfo>
<title>United States House Bill 2392  (115th Congress)</title>
</titleInfo>
<identifier type="Congressional Bill citation">H.R. 2392</identifier>
<extension>
<congress>115</congress>
<context>OTHER</context>
</extension>
</relatedItem>
<relatedItem type="isReferencedBy">
<titleInfo>
<title>United States House Bill 2417  (115th Congress)</title>
</titleInfo>
<identifier type="Congressional Bill citation">H.R. 2417</identifier>
<extension>
<congress>115</congress>
<context>OTHER</context>
</extension>
</relatedItem>
<relatedItem type="isReferencedBy">
<titleInfo>
<title>United States House Bill 2431  (115th Congress)</title>
</titleInfo>
<identifier type="Congressional Bill citation">H.R. 2431</identifier>
<extension>
<congress>115</congress>
<context>OTHER</context>
</extension>
</relatedItem>
<relatedItem type="isReferencedBy">
<titleInfo>
<title>United States House Bill 2435  (115th Congress)</title>
</titleInfo>
<identifier type="Congressional Bill citation">H.R. 2435</identifier>
<extension>
<congress>115</congress>
<context>OTHER</context>
</extension>
</relatedItem>
<relatedItem type="isReferencedBy">
<titleInfo>
<title>United States House Bill 2439  (115th Congress)</title>
</titleInfo>
<identifier type="Congressional Bill citation">H.R. 2439</identifier>
<extension>
<congress>115</congress>
<context>OTHER</context>
</extension>
</relatedItem>
<relatedItem type="isReferencedBy">
<titleInfo>
<title>United States House Bill 2461  (115th Congress)</title>
</titleInfo>
<identifier type="Congressional Bill citation">H.R. 2461</identifier>
<extension>
<congress>115</congress>
<context>OTHER</context>
</extension>
</relatedItem>
<relatedItem type="isReferencedBy">
<titleInfo>
<title>United States House Bill 2482  (115th Congress)</title>
</titleInfo>
<identifier type="Congressional Bill citation">H.R. 2482</identifier>
<extension>
<congress>115</congress>
<context>OTHER</context>
</extension>
</relatedItem>
<relatedItem type="isReferencedBy">
<titleInfo>
<title>United States House Bill 2519  (115th Congress)</title>
</titleInfo>
<identifier type="Congressional Bill citation">H.R. 2519</identifier>
<extension>
<congress>115</congress>
<context>OTHER</context>
</extension>
</relatedItem>
<relatedItem type="isReferencedBy">
<titleInfo>
<title>United States House Bill 2545  (115th Congress)</title>
</titleInfo>
<identifier type="Congressional Bill citation">H.R. 2545</identifier>
<extension>
<congress>115</congress>
<context>OTHER</context>
</extension>
</relatedItem>
<relatedItem type="isReferencedBy">
<titleInfo>
<title>United States House Bill 2589  (115th Congress)</title>
</titleInfo>
<identifier type="Congressional Bill citation">H.R. 2589</identifier>
<extension>
<congress>115</congress>
<context>OTHER</context>
</extension>
</relatedItem>
<relatedItem type="isReferencedBy">
<titleInfo>
<title>United States House Bill 2603  (115th Congress)</title>
</titleInfo>
<identifier type="Congressional Bill citation">H.R. 2603</identifier>
<extension>
<congress>115</congress>
<context>OTHER</context>
</extension>
</relatedItem>
<relatedItem type="isReferencedBy">
<titleInfo>
<title>United States House Bill 2644  (115th Congress)</title>
</titleInfo>
<identifier type="Congressional Bill citation">H.R. 2644</identifier>
<extension>
<congress>115</congress>
<context>OTHER</context>
</extension>
</relatedItem>
<relatedItem type="isReferencedBy">
<titleInfo>
<title>United States House Bill 2651  (115th Congress)</title>
</titleInfo>
<identifier type="Congressional Bill citation">H.R. 2651</identifier>
<extension>
<congress>115</congress>
<context>OTHER</context>
</extension>
</relatedItem>
<relatedItem type="isReferencedBy">
<titleInfo>
<title>United States House Bill 2663  (115th Congress)</title>
</titleInfo>
<identifier type="Congressional Bill citation">H.R. 2663</identifier>
<extension>
<congress>115</congress>
<context>OTHER</context>
</extension>
</relatedItem>
<relatedItem type="isReferencedBy">
<titleInfo>
<title>United States House Bill 2723  (115th Congress)</title>
</titleInfo>
<identifier type="Congressional Bill citation">H.R. 2723</identifier>
<extension>
<congress>115</congress>
<context>OTHER</context>
</extension>
</relatedItem>
<relatedItem type="isReferencedBy">
<titleInfo>
<title>United States House Bill 2740  (115th Congress)</title>
</titleInfo>
<identifier type="Congressional Bill citation">H.R. 2740</identifier>
<extension>
<congress>115</congress>
<context>OTHER</context>
</extension>
</relatedItem>
<relatedItem type="isReferencedBy">
<titleInfo>
<title>United States House Bill 2748  (115th Congress)</title>
</titleInfo>
<identifier type="Congressional Bill citation">H.R. 2748</identifier>
<extension>
<congress>115</congress>
<context>OTHER</context>
</extension>
</relatedItem>
<relatedItem type="isReferencedBy">
<titleInfo>
<title>United States House Bill 2771  (115th Congress)</title>
</titleInfo>
<identifier type="Congressional Bill citation">H.R. 2771</identifier>
<extension>
<congress>115</congress>
<context>OTHER</context>
</extension>
</relatedItem>
<relatedItem type="isReferencedBy">
<titleInfo>
<title>United States House Bill 2801  (115th Congress)</title>
</titleInfo>
<identifier type="Congressional Bill citation">H.R. 2801</identifier>
<extension>
<congress>115</congress>
<context>OTHER</context>
</extension>
</relatedItem>
<relatedItem type="isReferencedBy">
<titleInfo>
<title>United States House Bill 2832  (115th Congress)</title>
</titleInfo>
<identifier type="Congressional Bill citation">H.R. 2832</identifier>
<extension>
<congress>115</congress>
<context>OTHER</context>
</extension>
</relatedItem>
<relatedItem type="isReferencedBy">
<titleInfo>
<title>United States House Bill 2852  (115th Congress)</title>
</titleInfo>
<identifier type="Congressional Bill citation">H.R. 2852</identifier>
<extension>
<congress>115</congress>
<context>OTHER</context>
</extension>
</relatedItem>
<relatedItem type="isReferencedBy">
<titleInfo>
<title>United States House Bill 2862  (115th Congress)</title>
</titleInfo>
<identifier type="Congressional Bill citation">H.R. 2862</identifier>
<extension>
<congress>115</congress>
<context>OTHER</context>
</extension>
</relatedItem>
<relatedItem type="isReferencedBy">
<titleInfo>
<title>United States House Bill 2901  (115th Congress)</title>
</titleInfo>
<identifier type="Congressional Bill citation">H.R. 2901</identifier>
<extension>
<congress>115</congress>
<context>OTHER</context>
</extension>
</relatedItem>
<relatedItem type="isReferencedBy">
<titleInfo>
<title>United States House Bill 2906  (115th Congress)</title>
</titleInfo>
<identifier type="Congressional Bill citation">H.R. 2906</identifier>
<extension>
<congress>115</congress>
<context>OTHER</context>
</extension>
</relatedItem>
<relatedItem type="isReferencedBy">
<titleInfo>
<title>United States House Bill 2923  (115th Congress)</title>
</titleInfo>
<identifier type="Congressional Bill citation">H.R. 2923</identifier>
<extension>
<congress>115</congress>
<context>OTHER</context>
</extension>
</relatedItem>
<relatedItem type="isReferencedBy">
<titleInfo>
<title>United States House Bill 2957  (115th Congress)</title>
</titleInfo>
<identifier type="Congressional Bill citation">H.R. 2957</identifier>
<extension>
<congress>115</congress>
<context>OTHER</context>
</extension>
</relatedItem>
<relatedItem type="isReferencedBy">
<titleInfo>
<title>United States House Bill 2976  (115th Congress)</title>
</titleInfo>
<identifier type="Congressional Bill citation">H.R. 2976</identifier>
<extension>
<congress>115</congress>
<context>OTHER</context>
</extension>
</relatedItem>
<relatedItem type="isReferencedBy">
<titleInfo>
<title>United States House Bill 2996  (115th Congress)</title>
</titleInfo>
<identifier type="Congressional Bill citation">H.R. 2996</identifier>
<extension>
<congress>115</congress>
<context>OTHER</context>
</extension>
</relatedItem>
<relatedItem type="isReferencedBy">
<titleInfo>
<title>United States House Bill 3030  (115th Congress)</title>
</titleInfo>
<identifier type="Congressional Bill citation">H.R. 3030</identifier>
<extension>
<congress>115</congress>
<context>OTHER</context>
</extension>
</relatedItem>
<relatedItem type="isReferencedBy">
<titleInfo>
<title>United States House Bill 3053  (115th Congress)</title>
</titleInfo>
<identifier type="Congressional Bill citation">H.R. 3053</identifier>
<extension>
<congress>115</congress>
<context>OTHER</context>
</extension>
</relatedItem>
<relatedItem type="isReferencedBy">
<titleInfo>
<title>United States House Bill 3076  (115th Congress)</title>
</titleInfo>
<identifier type="Congressional Bill citation">H.R. 3076</identifier>
<extension>
<congress>115</congress>
<context>OTHER</context>
</extension>
</relatedItem>
<relatedItem type="isReferencedBy">
<titleInfo>
<title>United States House Bill 3124  (115th Congress)</title>
</titleInfo>
<identifier type="Congressional Bill citation">H.R. 3124</identifier>
<extension>
<congress>115</congress>
<context>OTHER</context>
</extension>
</relatedItem>
<relatedItem type="isReferencedBy">
<titleInfo>
<title>United States House Bill 3133  (115th Congress)</title>
</titleInfo>
<identifier type="Congressional Bill citation">H.R. 3133</identifier>
<extension>
<congress>115</congress>
<context>OTHER</context>
</extension>
</relatedItem>
<relatedItem type="isReferencedBy">
<titleInfo>
<title>United States House Bill 3139  (115th Congress)</title>
</titleInfo>
<identifier type="Congressional Bill citation">H.R. 3139</identifier>
<extension>
<congress>115</congress>
<context>OTHER</context>
</extension>
</relatedItem>
<relatedItem type="isReferencedBy">
<titleInfo>
<title>United States House Bill 3186  (115th Congress)</title>
</titleInfo>
<identifier type="Congressional Bill citation">H.R. 3186</identifier>
<extension>
<congress>115</congress>
<context>OTHER</context>
</extension>
</relatedItem>
<relatedItem type="isReferencedBy">
<titleInfo>
<title>United States House Bill 3223  (115th Congress)</title>
</titleInfo>
<identifier type="Congressional Bill citation">H.R. 3223</identifier>
<extension>
<congress>115</congress>
<context>OTHER</context>
</extension>
</relatedItem>
<relatedItem type="isReferencedBy">
<titleInfo>
<title>United States House Bill 3227  (115th Congress)</title>
</titleInfo>
<identifier type="Congressional Bill citation">H.R. 3227</identifier>
<extension>
<congress>115</congress>
<context>OTHER</context>
</extension>
</relatedItem>
<relatedItem type="isReferencedBy">
<titleInfo>
<title>United States House Bill 3236  (115th Congress)</title>
</titleInfo>
<identifier type="Congressional Bill citation">H.R. 3236</identifier>
<extension>
<congress>115</congress>
<context>OTHER</context>
</extension>
</relatedItem>
<relatedItem type="isReferencedBy">
<titleInfo>
<title>United States House Bill 3239  (115th Congress)</title>
</titleInfo>
<identifier type="Congressional Bill citation">H.R. 3239</identifier>
<extension>
<congress>115</congress>
<context>OTHER</context>
</extension>
</relatedItem>
<relatedItem type="isReferencedBy">
<titleInfo>
<title>United States House Bill 3258  (115th Congress)</title>
</titleInfo>
<identifier type="Congressional Bill citation">H.R. 3258</identifier>
<extension>
<congress>115</congress>
<context>OTHER</context>
</extension>
</relatedItem>
<relatedItem type="isReferencedBy">
<titleInfo>
<title>United States House Bill 3269  (115th Congress)</title>
</titleInfo>
<identifier type="Congressional Bill citation">H.R. 3269</identifier>
<extension>
<congress>115</congress>
<context>OTHER</context>
</extension>
</relatedItem>
<relatedItem type="isReferencedBy">
<titleInfo>
<title>United States House Bill 3273  (115th Congress)</title>
</titleInfo>
<identifier type="Congressional Bill citation">H.R. 3273</identifier>
<extension>
<congress>115</congress>
<context>OTHER</context>
</extension>
</relatedItem>
<relatedItem type="isReferencedBy">
<titleInfo>
<title>United States House Bill 3303  (115th Congress)</title>
</titleInfo>
<identifier type="Congressional Bill citation">H.R. 3303</identifier>
<extension>
<congress>115</congress>
<context>OTHER</context>
</extension>
</relatedItem>
<relatedItem type="isReferencedBy">
<titleInfo>
<title>United States House Bill 3304  (115th Congress)</title>
</titleInfo>
<identifier type="Congressional Bill citation">H.R. 3304</identifier>
<extension>
<congress>115</congress>
<context>OTHER</context>
</extension>
</relatedItem>
<relatedItem type="isReferencedBy">
<titleInfo>
<title>United States House Bill 3329  (115th Congress)</title>
</titleInfo>
<identifier type="Congressional Bill citation">H.R. 3329</identifier>
<extension>
<congress>115</congress>
<context>OTHER</context>
</extension>
</relatedItem>
<relatedItem type="isReferencedBy">
<titleInfo>
<title>United States House Bill 3347  (115th Congress)</title>
</titleInfo>
<identifier type="Congressional Bill citation">H.R. 3347</identifier>
<extension>
<congress>115</congress>
<context>OTHER</context>
</extension>
</relatedItem>
<relatedItem type="isReferencedBy">
<titleInfo>
<title>United States House Bill 3350  (115th Congress)</title>
</titleInfo>
<identifier type="Congressional Bill citation">H.R. 3350</identifier>
<extension>
<congress>115</congress>
<context>OTHER</context>
</extension>
</relatedItem>
<relatedItem type="isReferencedBy">
<titleInfo>
<title>United States House Bill 3380  (115th Congress)</title>
</titleInfo>
<identifier type="Congressional Bill citation">H.R. 3380</identifier>
<extension>
<congress>115</congress>
<context>OTHER</context>
</extension>
</relatedItem>
<relatedItem type="isReferencedBy">
<titleInfo>
<title>United States House Bill 3398  (115th Congress)</title>
</titleInfo>
<identifier type="Congressional Bill citation">H.R. 3398</identifier>
<extension>
<congress>115</congress>
<context>OTHER</context>
</extension>
</relatedItem>
<relatedItem type="isReferencedBy">
<titleInfo>
<title>United States House Bill 3440  (115th Congress)</title>
</titleInfo>
<identifier type="Congressional Bill citation">H.R. 3440</identifier>
<extension>
<congress>115</congress>
<context>OTHER</context>
</extension>
</relatedItem>
<relatedItem type="isReferencedBy">
<titleInfo>
<title>United States House Bill 3441  (115th Congress)</title>
</titleInfo>
<identifier type="Congressional Bill citation">H.R. 3441</identifier>
<extension>
<congress>115</congress>
<context>OTHER</context>
</extension>
</relatedItem>
<relatedItem type="isReferencedBy">
<titleInfo>
<title>United States House Bill 3591  (115th Congress)</title>
</titleInfo>
<identifier type="Congressional Bill citation">H.R. 3591</identifier>
<extension>
<congress>115</congress>
<context>OTHER</context>
</extension>
</relatedItem>
<relatedItem type="isReferencedBy">
<titleInfo>
<title>United States House Bill 3598  (115th Congress)</title>
</titleInfo>
<identifier type="Congressional Bill citation">H.R. 3598</identifier>
<extension>
<congress>115</congress>
<context>OTHER</context>
</extension>
</relatedItem>
<relatedItem type="isReferencedBy">
<titleInfo>
<title>United States House Bill 3635  (115th Congress)</title>
</titleInfo>
<identifier type="Congressional Bill citation">H.R. 3635</identifier>
<extension>
<congress>115</congress>
<context>OTHER</context>
</extension>
</relatedItem>
<relatedItem type="isReferencedBy">
<titleInfo>
<title>United States House Bill 3641  (115th Congress)</title>
</titleInfo>
<identifier type="Congressional Bill citation">H.R. 3641</identifier>
<extension>
<congress>115</congress>
<context>OTHER</context>
</extension>
</relatedItem>
<relatedItem type="isReferencedBy">
<titleInfo>
<title>United States House Bill 3643  (115th Congress)</title>
</titleInfo>
<identifier type="Congressional Bill citation">H.R. 3643</identifier>
<extension>
<congress>115</congress>
<context>OTHER</context>
</extension>
</relatedItem>
<relatedItem type="isReferencedBy">
<titleInfo>
<title>United States House Bill 3668  (115th Congress)</title>
</titleInfo>
<identifier type="Congressional Bill citation">H.R. 3668</identifier>
<extension>
<congress>115</congress>
<context>OTHER</context>
</extension>
</relatedItem>
<relatedItem ID="P0b002ee198037eac" type="host">
<titleInfo>
<title>Congressional Record</title>
<partNumber>Vol. 163, no. 143</partNumber>
</titleInfo>
<location>
<url access="object in context" displayLabel="Content Detail">https://www.gpo.gov/fdsys/pkg/CREC-2017-09-06/content-detail.html</url>
<url access="raw object" displayLabel="PDF rendition">https://www.gpo.gov/fdsys/pkg/CREC-2017-09-06/pdf/CREC-2017-09-06.pdf</url>
</location>
<part type="issue">
<extent unit="pages">
<start>H6657</start>
<end>H7090</end>
</extent>
<extent unit="pages">
<start>S4971</start>
<end>S5021</end>
</extent>
<extent unit="pages">
<start>E1165</start>
<end>E1172</end>
</extent>
<extent unit="pages">
<start>D922</start>
<end>D932</end>
</extent>
</part>
<originInfo>
<publisher>U.S. Government Publishing Office</publisher>
<dateIssued encoding="w3cdtf">2017-09-06</dateIssued>
<issuance>continuing</issuance>
<frequency authority="marcfrequency">daily</frequency>
</originInfo>
<physicalDescription>
<note type="source content type">deposited</note>
<digitalOrigin>born digital</digitalOrigin>
<extent>1008 p.</extent>
</physicalDescription>
<classification authority="sudocs">X 1.1/A:</classification>
<classification authority="sudocs">X/A.</classification>
<identifier type="uri">https://www.gpo.gov/fdsys/pkg/CREC-2017-09-06</identifier>
<identifier type="local">P0b002ee198037eac</identifier>
<identifier type="stock number">752-002-00000-2</identifier>
<identifier type="ILS system id">000568013</identifier>
<identifier type="former package identifier">cr06se17</identifier>
<recordInfo>
<recordContentSource authority="marcorg">DGPO</recordContentSource>
<recordCreationDate encoding="w3cdtf">2018-01-17</recordCreationDate>
<recordChangeDate encoding="w3cdtf">2018-01-17</recordChangeDate>
<recordIdentifier source="DGPO">CREC-2017-09-06</recordIdentifier>
<recordOrigin>machine generated</recordOrigin>
<languageOfCataloging>
<languageTerm authority="iso639-2b" type="code">eng</languageTerm>
</languageOfCataloging>
</recordInfo>
<accessCondition type="GPO scope determination">fdlp</accessCondition>
<extension>
<docClass>CREC</docClass>
<accessId>CREC-2017-09-06</accessId>
<volume>163</volume>
<issue>143</issue>
<congress>115</congress>
<session>1</session>
<bookCount>1</bookCount>
</extension>
</relatedItem>
</mods>