<mods ID="id-CREC-2017-12-14-pt1-PgH9934" version="3.3" xmlns="http://www.loc.gov/mods/v3" xmlns:exslt="http://exslt.org/common" xmlns:xlink="http://www.w3.org/1999/xlink" xmlns:xsi="http://www.w3.org/2001/XMLSchema-instance" xsi:schemaLocation="http://www.loc.gov/mods/v3 http://www.loc.gov/standards/mods/v3/mods-3-3.xsd">
<name type="corporate">
<namePart>United States Government Publishing Office</namePart>
<role>
<roleTerm authority="marcrelator" type="text">publisher</roleTerm>
<roleTerm authority="marcrelator" type="code">pbl</roleTerm>
</role>
<role>
<roleTerm authority="marcrelator" type="text">distributor</roleTerm>
<roleTerm authority="marcrelator" type="code">dst</roleTerm>
</role>
</name>
<name type="corporate">
<namePart>United States</namePart>
<namePart>Congress</namePart>
<role>
<roleTerm authority="marcrelator" type="text">author</roleTerm>
<roleTerm authority="marcrelator" type="code">aut</roleTerm>
</role>
<description>Government Organization</description>
</name>
<typeOfResource>text</typeOfResource>
<genre authority="marcgt">government publication</genre>
<language>
<languageTerm authority="iso639-2b" type="code">eng</languageTerm>
</language>
<extension>
<collectionCode>CREC</collectionCode>
<category>Proceedings of Congress and General Congressional Publications</category>
<waisDatabaseName>2017_record</waisDatabaseName>
<branch>legislative</branch>
<dateIngested>2018-03-31</dateIngested>
</extension>
<titleInfo>
<title>LET HIS HOLINESS THE DALAI LAMA GO HOME</title>
<partName>House</partName>
</titleInfo>
<relatedItem type="otherFormat" xlink:href="https://www.gpo.gov/fdsys/pkg/CREC-2017-12-14/html/CREC-2017-12-14-pt1-PgH9934.htm">
<identifier type="FDsys Unique ID">D09002ee199eea629</identifier>
</relatedItem>
<relatedItem type="otherFormat" xlink:href="https://www.gpo.gov/fdsys/pkg/CREC-2017-12-14/pdf/CREC-2017-12-14-pt1-PgH9934.pdf">
<identifier type="FDsys Unique ID">D09002ee199eea699</identifier>
</relatedItem>
<identifier type="congressional record citation">163 Cong. Rec. H9934</identifier>
<identifier type="uri">https://www.gpo.gov/fdsys/granule/CREC-2017-12-14/CREC-2017-12-14-pt1-PgH9934</identifier>
<identifier type="former granule identifier">CR14DE17-99</identifier>
<location>
<url access="object in context" displayLabel="Content Detail">https://www.gpo.gov/fdsys/granule/CREC-2017-12-14/CREC-2017-12-14-pt1-PgH9934/content-detail.html</url>
<url access="raw object" displayLabel="PDF rendition">https://www.gpo.gov/fdsys/pkg/CREC-2017-12-14/pdf/CREC-2017-12-14-pt1-PgH9934.pdf</url>
<url access="raw object" displayLabel="HTML rendition">https://www.gpo.gov/fdsys/pkg/CREC-2017-12-14/html/CREC-2017-12-14-pt1-PgH9934.htm</url>
</location>
<physicalDescription>
<extent>1 p.</extent>
</physicalDescription>
<part type="article">
<extent unit="pages">
<start>H9934</start>
<end>H9934</end>
</extent>
</part>
<name type="personal">
<namePart>James P. McGovern</namePart>
<affiliation>United States House of Representatives</affiliation>
<role>
<roleTerm type="text">speaking</roleTerm>
</role>
<description>United States Congress Member</description>
</name>
<identifier type="preferred citation">163 Cong. Rec. H9934</identifier>
<extension>
<searchTitle>LET HIS HOLINESS THE DALAI LAMA GO HOME; Congressional Record Vol. 163, No. 204</searchTitle>
<granuleClass>HOUSE</granuleClass>
<accessId>CREC-2017-12-14-pt1-PgH9934</accessId>
<subGranuleClass>ALLOTHER</subGranuleClass>
<pagePrefix>H</pagePrefix>
<bookNumber>1</bookNumber>
<chamber>HOUSE</chamber>
<granuleDate>2017-12-14</granuleDate>
<time from="13:45:00" to="13:45:00"/>
<congMember authorityId="1504" bioGuideId="M000312" chamber="H" congress="115" gpoId="7968" party="D" role="SPEAKING" state="MA">
<name type="parsed">Mr. McGOVERN</name>
<name type="authority-fnf">James P. McGovern</name>
<name type="authority-lnf">McGovern, James P.</name>
<name type="authority-other">James Mcgovern</name>
</congMember>
</extension>
<relatedItem ID="P0b002ee199ee8ce5" type="host">
<titleInfo>
<title>Congressional Record</title>
<partNumber>Vol. 163, no. 204</partNumber>
</titleInfo>
<location>
<url access="object in context" displayLabel="Content Detail">https://www.gpo.gov/fdsys/pkg/CREC-2017-12-14/content-detail.html</url>
<url access="raw object" displayLabel="PDF rendition">https://www.gpo.gov/fdsys/pkg/CREC-2017-12-14/pdf/CREC-2017-12-14.pdf</url>
</location>
<part type="issue">
<extent unit="pages">
<start>H9903</start>
<end>H9941</end>
</extent>
<extent unit="pages">
<start>S8017</start>
<end>S8050</end>
</extent>
<extent unit="pages">
<start>E1701</start>
<end>E1712</end>
</extent>
<extent unit="pages">
<start>D1328</start>
<end>D1332</end>
</extent>
</part>
<originInfo>
<publisher>U.S. Government Publishing Office</publisher>
<dateIssued encoding="w3cdtf">2017-12-14</dateIssued>
<issuance>continuing</issuance>
<frequency authority="marcfrequency">daily</frequency>
</originInfo>
<physicalDescription>
<note type="source content type">deposited</note>
<digitalOrigin>born digital</digitalOrigin>
<extent>180 p.</extent>
</physicalDescription>
<classification authority="sudocs">X 1.1/A:</classification>
<classification authority="sudocs">X/A.</classification>
<identifier type="uri">https://www.gpo.gov/fdsys/pkg/CREC-2017-12-14</identifier>
<identifier type="local">P0b002ee199ee8ce5</identifier>
<identifier type="stock number">752-002-00000-2</identifier>
<identifier type="ILS system id">000568013</identifier>
<identifier type="former package identifier">CR14DE17</identifier>
<recordInfo>
<recordContentSource authority="marcorg">DGPO</recordContentSource>
<recordCreationDate encoding="w3cdtf">2018-03-31</recordCreationDate>
<recordChangeDate encoding="w3cdtf">2018-03-31</recordChangeDate>
<recordIdentifier source="DGPO">CREC-2017-12-14</recordIdentifier>
<recordOrigin>machine generated</recordOrigin>
<languageOfCataloging>
<languageTerm authority="iso639-2b" type="code">eng</languageTerm>
</languageOfCataloging>
</recordInfo>
<accessCondition type="GPO scope determination">fdlp</accessCondition>
<extension>
<docClass>CREC</docClass>
<accessId>CREC-2017-12-14</accessId>
<volume>163</volume>
<issue>204</issue>
<congress>115</congress>
<session>1</session>
<bookCount>1</bookCount>
</extension>
</relatedItem>
</mods>