<mods ID="id-CREC-2017-09-12-pt1-PgH7248" version="3.3" xmlns="http://www.loc.gov/mods/v3" xmlns:exslt="http://exslt.org/common" xmlns:xlink="http://www.w3.org/1999/xlink" xmlns:xsi="http://www.w3.org/2001/XMLSchema-instance" xsi:schemaLocation="http://www.loc.gov/mods/v3 http://www.loc.gov/standards/mods/v3/mods-3-3.xsd">
<name type="corporate">
<namePart>United States Government Publishing Office</namePart>
<role>
<roleTerm authority="marcrelator" type="text">publisher</roleTerm>
<roleTerm authority="marcrelator" type="code">pbl</roleTerm>
</role>
<role>
<roleTerm authority="marcrelator" type="text">distributor</roleTerm>
<roleTerm authority="marcrelator" type="code">dst</roleTerm>
</role>
</name>
<name type="corporate">
<namePart>United States</namePart>
<namePart>Congress</namePart>
<role>
<roleTerm authority="marcrelator" type="text">author</roleTerm>
<roleTerm authority="marcrelator" type="code">aut</roleTerm>
</role>
<description>Government Organization</description>
</name>
<typeOfResource>text</typeOfResource>
<genre authority="marcgt">government publication</genre>
<language>
<languageTerm authority="iso639-2b" type="code">eng</languageTerm>
</language>
<extension>
<collectionCode>CREC</collectionCode>
<category>Proceedings of Congress and General Congressional Publications</category>
<waisDatabaseName>2017_record</waisDatabaseName>
<branch>legislative</branch>
<dateIngested>2018-01-11</dateIngested>
</extension>
<titleInfo>
<title>FIREFIGHTER CANCER REGISTRY ACT OF 2017</title>
<partName>House</partName>
</titleInfo>
<relatedItem type="otherFormat" xlink:href="https://www.gpo.gov/fdsys/pkg/CREC-2017-09-12/html/CREC-2017-09-12-pt1-PgH7248.htm">
<identifier type="FDsys Unique ID">D09002ee197f7ac48</identifier>
</relatedItem>
<relatedItem type="otherFormat" xlink:href="https://www.gpo.gov/fdsys/pkg/CREC-2017-09-12/pdf/CREC-2017-09-12-pt1-PgH7248.pdf">
<identifier type="FDsys Unique ID">D09002ee197f7b15a</identifier>
</relatedItem>
<identifier type="congressional record citation">163 Cong. Rec. H7248</identifier>
<identifier type="uri">https://www.gpo.gov/fdsys/granule/CREC-2017-09-12/CREC-2017-09-12-pt1-PgH7248</identifier>
<identifier type="former granule identifier">CR12SE17-92</identifier>
<location>
<url access="object in context" displayLabel="Content Detail">https://www.gpo.gov/fdsys/granule/CREC-2017-09-12/CREC-2017-09-12-pt1-PgH7248/content-detail.html</url>
<url access="raw object" displayLabel="PDF rendition">https://www.gpo.gov/fdsys/pkg/CREC-2017-09-12/pdf/CREC-2017-09-12-pt1-PgH7248.pdf</url>
<url access="raw object" displayLabel="HTML rendition">https://www.gpo.gov/fdsys/pkg/CREC-2017-09-12/html/CREC-2017-09-12-pt1-PgH7248.htm</url>
</location>
<physicalDescription>
<extent>4 p.</extent>
</physicalDescription>
<part type="article">
<extent unit="pages">
<start>H7248</start>
<end>H7251</end>
</extent>
</part>
<name type="personal">
<namePart>Greg Walden</namePart>
<affiliation>United States House of Representatives</affiliation>
<role>
<roleTerm type="text">speaking</roleTerm>
</role>
<description>United States Congress Member</description>
</name>
<name type="personal">
<namePart>Gene Green</namePart>
<affiliation>United States House of Representatives</affiliation>
<role>
<roleTerm type="text">speaking</roleTerm>
</role>
<description>United States Congress Member</description>
</name>
<name type="personal">
<namePart>Chris Collins</namePart>
<affiliation>United States House of Representatives</affiliation>
<role>
<roleTerm type="text">speaking</roleTerm>
</role>
<description>United States Congress Member</description>
</name>
<name type="personal">
<namePart>Bill Pascrell, Jr.</namePart>
<affiliation>United States House of Representatives</affiliation>
<role>
<roleTerm type="text">speaking</roleTerm>
</role>
<description>United States Congress Member</description>
</name>
<name type="personal">
<namePart>Michael C. Burgess</namePart>
<affiliation>United States House of Representatives</affiliation>
<role>
<roleTerm type="text">speaking</roleTerm>
</role>
<description>United States Congress Member</description>
</name>
<name type="personal">
<namePart>Leonard Lance</namePart>
<affiliation>United States House of Representatives</affiliation>
<role>
<roleTerm type="text">speaking</roleTerm>
</role>
<description>United States Congress Member</description>
</name>
<name type="personal">
<namePart>John J. Faso</namePart>
<affiliation>United States House of Representatives</affiliation>
<role>
<roleTerm type="text">speaking</roleTerm>
</role>
<description>United States Congress Member</description>
</name>
<name type="corporate">
<namePart>United States</namePart>
<namePart>Congress</namePart>
<namePart>House of Representatives</namePart>
<namePart>Committee on Energy and Commerce</namePart>
<role>
<roleTerm authority="marcrelator" type="text">associated name</roleTerm>
<roleTerm authority="marcrelator" type="code">asn</roleTerm>
</role>
<description>Government Organization</description>
</name>
<name type="corporate">
<namePart>United States</namePart>
<namePart>Congress</namePart>
<namePart>Senate</namePart>
<namePart>Committee on Health, Education, Labor, and Pensions</namePart>
<role>
<roleTerm authority="marcrelator" type="text">associated name</roleTerm>
<roleTerm authority="marcrelator" type="code">asn</roleTerm>
</role>
<description>Government Organization</description>
</name>
<identifier type="preferred citation">163 Cong. Rec. H7248</identifier>
<extension>
<searchTitle>FIREFIGHTER CANCER REGISTRY ACT OF 2017; Congressional Record Vol. 163, No. 147</searchTitle>
<associatedBills>H.R. 931, 115th Congress
        </associatedBills>
<granuleClass>HOUSE</granuleClass>
<accessId>CREC-2017-09-12-pt1-PgH7248</accessId>
<subGranuleClass>ALLOTHER</subGranuleClass>
<pagePrefix>H</pagePrefix>
<bookNumber>1</bookNumber>
<chamber>HOUSE</chamber>
<granuleDate>2017-09-12</granuleDate>
<time from="13:15:00" to="13:45:00"/>
<bill congress="115" context="HEADERLINE" number="931" type="HR"/>
<bill congress="115" context="FIRSTPARAGRAPH" number="931" type="HR"/>
<bill congress="115" context="OTHER" number="931" type="HR"/>
<congCommittee authorityId="hsif00" chamber="H" congress="115" type="S">
<name type="authority-standard">Committee on Energy and Commerce</name>
<name type="authority-short">Energy and Commerce</name>
</congCommittee>
<congCommittee authorityId="sshr00" chamber="S" congress="115" type="S">
<name type="authority-standard">Committee on Health, Education, Labor, and Pensions</name>
<name type="authority-short">HELP</name>
</congCommittee>
<congMember authorityId="1596" bioGuideId="W000791" chamber="H" congress="115" gpoId="8115" party="R" role="SPEAKING" state="OR">
<name type="parsed">Mr. WALDEN</name>
<name type="authority-fnf">Greg Walden</name>
<name type="authority-lnf">Walden, Greg</name>
</congMember>
<congMember authorityId="462" bioGuideId="G000410" chamber="H" congress="115" gpoId="8185" party="D" role="SPEAKING" state="TX">
<name type="parsed">Mr. GENE GREEN of Texas</name>
<name type="authority-fnf">Gene Green</name>
<name type="authority-lnf">Green, Gene</name>
</congMember>
<congMember authorityId="2151" bioGuideId="C001092" chamber="H" congress="115" party="R" role="SPEAKING" state="NY">
<name type="parsed">Mr. COLLINS of New York</name>
<name type="authority-fnf">Chris Collins</name>
<name type="authority-lnf">Collins, Chris</name>
</congMember>
<congMember authorityId="1510" bioGuideId="P000096" chamber="H" congress="115" gpoId="8050" party="D" role="SPEAKING" state="NJ">
<name type="parsed">Mr. PASCRELL</name>
<name type="authority-fnf">Bill Pascrell, Jr.</name>
<name type="authority-lnf">Pascrell, Bill, Jr.</name>
<name type="authority-other">William Pascrell Jr.</name>
</congMember>
<congMember authorityId="1751" bioGuideId="B001248" chamber="H" congress="115" gpoId="8182" party="R" role="SPEAKING" state="TX">
<name type="parsed">Mr. BURGESS</name>
<name type="authority-fnf">Michael C. Burgess</name>
<name type="authority-lnf">Burgess, Michael C.</name>
<name type="authority-other">Mr. Michael Burgess</name>
</congMember>
<congMember authorityId="1936" bioGuideId="L000567" chamber="H" congress="115" gpoId="8049" party="R" role="SPEAKING" state="NJ">
<name type="parsed">Mr. LANCE</name>
<name type="authority-fnf">Leonard Lance</name>
<name type="authority-lnf">Lance, Leonard</name>
</congMember>
<congMember authorityId="2343" bioGuideId="F000464" chamber="H" congress="115" party="R" role="SPEAKING" state="NY">
<name type="parsed">Mr. FASO</name>
<name type="authority-fnf">John J. Faso</name>
<name type="authority-lnf">Faso, John J.</name>
<name type="authority-other">Mr. John Faso</name>
</congMember>
<USCode title="42">
<section detail="(b)(3)" number="1320d-9"/>
<section number="247d-4"/>
<section detail="(c)(2)(D)" number="280e"/>
</USCode>
</extension>
<relatedItem type="isReferencedBy">
<titleInfo>
<title>United States House Bill 931  (115th Congress)</title>
</titleInfo>
<identifier type="Congressional Bill citation">H.R. 931</identifier>
<extension>
<congress>115</congress>
<context>HEADERLINE</context>
</extension>
</relatedItem>
<relatedItem type="isReferencedBy">
<titleInfo>
<title>United States House Bill 931  (115th Congress)</title>
</titleInfo>
<identifier type="Congressional Bill citation">H.R. 931</identifier>
<extension>
<congress>115</congress>
<context>FIRSTPARAGRAPH</context>
</extension>
</relatedItem>
<relatedItem type="isReferencedBy">
<titleInfo>
<title>United States House Bill 931  (115th Congress)</title>
</titleInfo>
<identifier type="Congressional Bill citation">H.R. 931</identifier>
<extension>
<congress>115</congress>
<context>OTHER</context>
</extension>
</relatedItem>
<relatedItem type="isReferencedBy">
<titleInfo>
<title>United States Code</title>
<partNumber>Title 42 Section 1320d-9(b)(3)</partNumber>
<partNumber>Title 42 Section 247d-4</partNumber>
<partNumber>Title 42 Section 280e(c)(2)(D)</partNumber>
</titleInfo>
<identifier type="USC citation">42 U.S.C. 1320d-9(b)(3)</identifier>
<identifier type="USC citation">42 U.S.C. 247d-4</identifier>
<identifier type="USC citation">42 U.S.C. 280e(c)(2)(D)</identifier>
</relatedItem>
<relatedItem ID="P0b002ee197f7a608" type="host">
<titleInfo>
<title>Congressional Record</title>
<partNumber>Vol. 163, no. 147</partNumber>
</titleInfo>
<location>
<url access="object in context" displayLabel="Content Detail">https://www.gpo.gov/fdsys/pkg/CREC-2017-09-12/content-detail.html</url>
<url access="raw object" displayLabel="PDF rendition">https://www.gpo.gov/fdsys/pkg/CREC-2017-09-12/pdf/CREC-2017-09-12.pdf</url>
</location>
<part type="issue">
<extent unit="pages">
<start>H7225</start>
<end>H7315</end>
</extent>
<extent unit="pages">
<start>S5191</start>
<end>S5241</end>
</extent>
<extent unit="pages">
<start>E1199</start>
<end>E1209</end>
</extent>
<extent unit="pages">
<start>D957</start>
<end>D968</end>
</extent>
</part>
<originInfo>
<publisher>U.S. Government Publishing Office</publisher>
<dateIssued encoding="w3cdtf">2017-09-12</dateIssued>
<issuance>continuing</issuance>
<frequency authority="marcfrequency">daily</frequency>
</originInfo>
<physicalDescription>
<note type="source content type">deposited</note>
<digitalOrigin>born digital</digitalOrigin>
<extent>330 p.</extent>
</physicalDescription>
<classification authority="sudocs">X 1.1/A:</classification>
<classification authority="sudocs">X/A.</classification>
<identifier type="uri">https://www.gpo.gov/fdsys/pkg/CREC-2017-09-12</identifier>
<identifier type="local">P0b002ee197f7a608</identifier>
<identifier type="stock number">752-002-00000-2</identifier>
<identifier type="ILS system id">000568013</identifier>
<identifier type="former package identifier">CR12SE17</identifier>
<recordInfo>
<recordContentSource authority="marcorg">DGPO</recordContentSource>
<recordCreationDate encoding="w3cdtf">2018-01-11</recordCreationDate>
<recordChangeDate encoding="w3cdtf">2018-01-11</recordChangeDate>
<recordIdentifier source="DGPO">CREC-2017-09-12</recordIdentifier>
<recordOrigin>machine generated</recordOrigin>
<languageOfCataloging>
<languageTerm authority="iso639-2b" type="code">eng</languageTerm>
</languageOfCataloging>
</recordInfo>
<accessCondition type="GPO scope determination">fdlp</accessCondition>
<extension>
<docClass>CREC</docClass>
<accessId>CREC-2017-09-12</accessId>
<volume>163</volume>
<issue>147</issue>
<congress>115</congress>
<session>1</session>
<bookCount>1</bookCount>
</extension>
</relatedItem>
</mods>