<mods ID="id-CREC-2017-12-11-pt1-PgH9761-6" version="3.3" xmlns="http://www.loc.gov/mods/v3" xmlns:exslt="http://exslt.org/common" xmlns:xlink="http://www.w3.org/1999/xlink" xmlns:xsi="http://www.w3.org/2001/XMLSchema-instance" xsi:schemaLocation="http://www.loc.gov/mods/v3 http://www.loc.gov/standards/mods/v3/mods-3-3.xsd">
<name type="corporate">
<namePart>United States Government Publishing Office</namePart>
<role>
<roleTerm authority="marcrelator" type="text">publisher</roleTerm>
<roleTerm authority="marcrelator" type="code">pbl</roleTerm>
</role>
<role>
<roleTerm authority="marcrelator" type="text">distributor</roleTerm>
<roleTerm authority="marcrelator" type="code">dst</roleTerm>
</role>
</name>
<name type="corporate">
<namePart>United States</namePart>
<namePart>Congress</namePart>
<role>
<roleTerm authority="marcrelator" type="text">author</roleTerm>
<roleTerm authority="marcrelator" type="code">aut</roleTerm>
</role>
<description>Government Organization</description>
</name>
<typeOfResource>text</typeOfResource>
<genre authority="marcgt">government publication</genre>
<language>
<languageTerm authority="iso639-2b" type="code">eng</languageTerm>
</language>
<extension>
<collectionCode>CREC</collectionCode>
<category>Proceedings of Congress and General Congressional Publications</category>
<waisDatabaseName>2017_record</waisDatabaseName>
<branch>legislative</branch>
<dateIngested>2018-03-31</dateIngested>
</extension>
<titleInfo>
<title>CYBERSECURITY AND INFRASTRUCTURE SECURITY AGENCY ACT OF 2017</title>
<partName>House</partName>
</titleInfo>
<relatedItem type="otherFormat" xlink:href="https://www.gpo.gov/fdsys/pkg/CREC-2017-12-11/html/CREC-2017-12-11-pt1-PgH9761-6.htm">
<identifier type="FDsys Unique ID">D09002ee199ee9587</identifier>
</relatedItem>
<relatedItem type="otherFormat" xlink:href="https://www.gpo.gov/fdsys/pkg/CREC-2017-12-11/pdf/CREC-2017-12-11-pt1-PgH9761-6.pdf">
<identifier type="FDsys Unique ID">D09002ee199ee95bd</identifier>
</relatedItem>
<identifier type="congressional record citation">163 Cong. Rec. H9761</identifier>
<identifier type="uri">https://www.gpo.gov/fdsys/granule/CREC-2017-12-11/CREC-2017-12-11-pt1-PgH9761-6</identifier>
<identifier type="former granule identifier">CR11DE17-56</identifier>
<location>
<url access="object in context" displayLabel="Content Detail">https://www.gpo.gov/fdsys/granule/CREC-2017-12-11/CREC-2017-12-11-pt1-PgH9761-6/content-detail.html</url>
<url access="raw object" displayLabel="PDF rendition">https://www.gpo.gov/fdsys/pkg/CREC-2017-12-11/pdf/CREC-2017-12-11-pt1-PgH9761-6.pdf</url>
<url access="raw object" displayLabel="HTML rendition">https://www.gpo.gov/fdsys/pkg/CREC-2017-12-11/html/CREC-2017-12-11-pt1-PgH9761-6.htm</url>
</location>
<physicalDescription>
<extent>9 p.</extent>
</physicalDescription>
<part type="article">
<extent unit="pages">
<start>H9761</start>
<end>H9769</end>
</extent>
</part>
<name type="personal">
<namePart>Michael T. McCaul</namePart>
<affiliation>United States House of Representatives</affiliation>
<role>
<roleTerm type="text">speaking</roleTerm>
</role>
<description>United States Congress Member</description>
</name>
<name type="personal">
<namePart>Nanette Diaz Barragan</namePart>
<affiliation>United States House of Representatives</affiliation>
<role>
<roleTerm type="text">speaking</roleTerm>
</role>
<description>United States Congress Member</description>
</name>
<name type="personal">
<namePart>John Ratcliffe</namePart>
<affiliation>United States House of Representatives</affiliation>
<role>
<roleTerm type="text">speaking</roleTerm>
</role>
<description>United States Congress Member</description>
</name>
<name type="personal">
<namePart>Mike Gallagher</namePart>
<affiliation>United States House of Representatives</affiliation>
<role>
<roleTerm type="text">speaking</roleTerm>
</role>
<description>United States Congress Member</description>
</name>
<name type="personal">
<namePart>Clay Higgins</namePart>
<affiliation>United States House of Representatives</affiliation>
<role>
<roleTerm type="text">speaking</roleTerm>
</role>
<description>United States Congress Member</description>
</name>
<name type="personal">
<namePart>James R. Langevin</namePart>
<affiliation>United States House of Representatives</affiliation>
<role>
<roleTerm type="text">speaking</roleTerm>
</role>
<description>United States Congress Member</description>
</name>
<name type="corporate">
<namePart>United States</namePart>
<namePart>Congress</namePart>
<namePart>House of Representatives</namePart>
<namePart>Committee on Homeland Security</namePart>
<role>
<roleTerm authority="marcrelator" type="text">associated name</roleTerm>
<roleTerm authority="marcrelator" type="code">asn</roleTerm>
</role>
<description>Government Organization</description>
</name>
<name type="corporate">
<namePart>United States</namePart>
<namePart>Congress</namePart>
<namePart>House of Representatives</namePart>
<namePart>Committee on Energy and Commerce</namePart>
<role>
<roleTerm authority="marcrelator" type="text">associated name</roleTerm>
<roleTerm authority="marcrelator" type="code">asn</roleTerm>
</role>
<description>Government Organization</description>
</name>
<name type="corporate">
<namePart>United States</namePart>
<namePart>Congress</namePart>
<namePart>House of Representatives</namePart>
<namePart>Committee on Oversight and Government Reform</namePart>
<role>
<roleTerm authority="marcrelator" type="text">associated name</roleTerm>
<roleTerm authority="marcrelator" type="code">asn</roleTerm>
</role>
<description>Government Organization</description>
</name>
<name type="corporate">
<namePart>United States</namePart>
<namePart>Congress</namePart>
<namePart>House of Representatives</namePart>
<namePart>Committee on Transportation and Infrastructure</namePart>
<role>
<roleTerm authority="marcrelator" type="text">associated name</roleTerm>
<roleTerm authority="marcrelator" type="code">asn</roleTerm>
</role>
<description>Government Organization</description>
</name>
<name type="corporate">
<namePart>United States</namePart>
<namePart>Congress</namePart>
<namePart>House of Representatives</namePart>
<namePart>Permanent Select Committee on Intelligence</namePart>
<role>
<roleTerm authority="marcrelator" type="text">associated name</roleTerm>
<roleTerm authority="marcrelator" type="code">asn</roleTerm>
</role>
<description>Government Organization</description>
</name>
<identifier type="preferred citation">163 Cong. Rec. H9761</identifier>
<extension>
<searchTitle>CYBERSECURITY AND INFRASTRUCTURE SECURITY AGENCY ACT OF 2017; Congressional Record Vol. 163, No. 201</searchTitle>
<associatedBills>H.R. 3359, 115th Congress
        </associatedBills>
<granuleClass>HOUSE</granuleClass>
<accessId>CREC-2017-12-11-pt1-PgH9761-6</accessId>
<subGranuleClass>ALLOTHER</subGranuleClass>
<pagePrefix>H</pagePrefix>
<bookNumber>1</bookNumber>
<chamber>HOUSE</chamber>
<granuleDate>2017-12-11</granuleDate>
<time from="16:30:00" to="16:45:00"/>
<bill congress="115" context="HEADERLINE" number="3359" type="HR"/>
<bill congress="115" context="FIRSTPARAGRAPH" number="3359" type="HR"/>
<bill congress="115" context="OTHER" number="3359" type="HR"/>
<congCommittee authorityId="hshm00" chamber="H" congress="115" type="S">
<name type="authority-standard">Committee on Homeland Security</name>
<name type="authority-short">Homeland Security</name>
</congCommittee>
<congCommittee authorityId="hsif00" chamber="H" congress="115" type="S">
<name type="authority-standard">Committee on Energy and Commerce</name>
<name type="authority-short">Energy and Commerce</name>
</congCommittee>
<congCommittee authorityId="hsgo00" chamber="H" congress="115" type="S">
<name type="authority-standard">Committee on Oversight and Government Reform</name>
<name type="authority-short">Oversight and Government Reform</name>
</congCommittee>
<congCommittee authorityId="hspw00" chamber="H" congress="115" type="S">
<name type="authority-standard">Committee on Transportation and Infrastructure</name>
<name type="authority-short">Transportation</name>
</congCommittee>
<congCommittee authorityId="hlig00" chamber="H" congress="115" type="L">
<name type="authority-standard">Permanent Select Committee on Intelligence</name>
<name type="authority-short">Intelligence (Permanent)</name>
</congCommittee>
<congMember authorityId="1804" bioGuideId="M001157" chamber="H" congress="115" gpoId="8166" party="R" role="SPEAKING" state="TX">
<name type="parsed">Mr. McCAUL</name>
<name type="authority-fnf">Michael T. McCaul</name>
<name type="authority-lnf">McCaul, Michael T.</name>
<name type="authority-other">Mr. Michael Mccaul</name>
</congMember>
<congMember authorityId="2311" bioGuideId="B001300" chamber="H" congress="115" party="D" role="SPEAKING" state="CA">
<name type="parsed">Ms. BARRAGAN</name>
<name type="authority-fnf">Nanette Diaz Barragan</name>
<name type="authority-lnf">Barragan, Nanette Diaz</name>
<name type="authority-other">Ms. Nanette Barragan</name>
</congMember>
<congMember authorityId="2268" bioGuideId="R000601" chamber="H" congress="115" party="R" role="SPEAKING" state="TX">
<name type="parsed">Mr. RATCLIFFE</name>
<name type="authority-fnf">John Ratcliffe</name>
<name type="authority-lnf">Ratcliffe, John</name>
</congMember>
<congMember authorityId="2355" bioGuideId="G000579" chamber="H" congress="115" party="R" role="SPEAKING" state="WI">
<name type="parsed">Mr. GALLAGHER</name>
<name type="authority-fnf">Mike Gallagher</name>
<name type="authority-lnf">Gallagher, Mike</name>
</congMember>
<congMember authorityId="2329" bioGuideId="H001077" chamber="H" congress="115" party="R" role="SPEAKING" state="LA">
<name type="parsed">Mr. HIGGINS of Louisiana</name>
<name type="authority-fnf">Clay Higgins</name>
<name type="authority-lnf">Higgins, Clay</name>
</congMember>
<congMember authorityId="1668" bioGuideId="L000559" chamber="H" congress="115" gpoId="8140" party="D" role="SPEAKING" state="RI">
<name type="parsed">Mr. LANGEVIN</name>
<name type="authority-fnf">James R. Langevin</name>
<name type="authority-lnf">Langevin, James R.</name>
<name type="authority-other">James Langevin</name>
</congMember>
<law congress="113" isPrivate="false" number="246"/>
<law congress="113" isPrivate="false" number="277"/>
<law congress="114" isPrivate="false" number="113"/>
<USCode title="5">
<section number="5314"/>
</USCode>
<USCode title="6">
<section detail="note" number="101"/>
<section detail="(a)(1)" number="113"/>
<section number="121"/>
<section detail="et seq." number="121"/>
<section number="124a"/>
<section number="124"/>
<section detail="(c)(2)" number="124h"/>
<section number="134"/>
<section number="143"/>
<section number="1501"/>
<section number="151"/>
<section number="182"/>
<section number="321c"/>
<section number="321l"/>
<section detail="(a)(2)(B)" number="321m"/>
<section detail="(a)" number="488a"/>
<section number="571"/>
<section detail="et seq." number="571"/>
<section number="575"/>
<section number="579"/>
<section number="580"/>
<section number="621"/>
<section detail="et seq." number="621"/>
<section detail="(a)" number="622"/>
<section detail="(c)" number="624"/>
</USCode>
<USCode title="40">
<section number="1315"/>
</USCode>
<USCode title="44">
<chapter number="35"/>
</USCode>
</extension>
<relatedItem type="isReferencedBy">
<titleInfo>
<title>United States House Bill 3359  (115th Congress)</title>
</titleInfo>
<identifier type="Congressional Bill citation">H.R. 3359</identifier>
<extension>
<congress>115</congress>
<context>HEADERLINE</context>
</extension>
</relatedItem>
<relatedItem type="isReferencedBy">
<titleInfo>
<title>United States House Bill 3359  (115th Congress)</title>
</titleInfo>
<identifier type="Congressional Bill citation">H.R. 3359</identifier>
<extension>
<congress>115</congress>
<context>FIRSTPARAGRAPH</context>
</extension>
</relatedItem>
<relatedItem type="isReferencedBy">
<titleInfo>
<title>United States House Bill 3359  (115th Congress)</title>
</titleInfo>
<identifier type="Congressional Bill citation">H.R. 3359</identifier>
<extension>
<congress>115</congress>
<context>OTHER</context>
</extension>
</relatedItem>
<relatedItem type="isReferencedBy">
<titleInfo>
<title>United States Code</title>
<partNumber>Title 5 Section 5314</partNumber>
</titleInfo>
<identifier type="USC citation">5 U.S.C. 5314</identifier>
</relatedItem>
<relatedItem type="isReferencedBy">
<titleInfo>
<title>United States Code</title>
<partNumber>Title 6 Section 101note</partNumber>
<partNumber>Title 6 Section 113(a)(1)</partNumber>
<partNumber>Title 6 Section 121</partNumber>
<partNumber>Title 6 Section 121et seq.</partNumber>
<partNumber>Title 6 Section 124a</partNumber>
<partNumber>Title 6 Section 124</partNumber>
<partNumber>Title 6 Section 124h(c)(2)</partNumber>
<partNumber>Title 6 Section 134</partNumber>
<partNumber>Title 6 Section 143</partNumber>
<partNumber>Title 6 Section 1501</partNumber>
<partNumber>Title 6 Section 151</partNumber>
<partNumber>Title 6 Section 182</partNumber>
<partNumber>Title 6 Section 321c</partNumber>
<partNumber>Title 6 Section 321l</partNumber>
<partNumber>Title 6 Section 321m(a)(2)(B)</partNumber>
<partNumber>Title 6 Section 488a(a)</partNumber>
<partNumber>Title 6 Section 571</partNumber>
<partNumber>Title 6 Section 571et seq.</partNumber>
<partNumber>Title 6 Section 575</partNumber>
<partNumber>Title 6 Section 579</partNumber>
<partNumber>Title 6 Section 580</partNumber>
<partNumber>Title 6 Section 621</partNumber>
<partNumber>Title 6 Section 621et seq.</partNumber>
<partNumber>Title 6 Section 622(a)</partNumber>
<partNumber>Title 6 Section 624(c)</partNumber>
</titleInfo>
<identifier type="USC citation">6 U.S.C. 101note</identifier>
<identifier type="USC citation">6 U.S.C. 113(a)(1)</identifier>
<identifier type="USC citation">6 U.S.C. 121</identifier>
<identifier type="USC citation">6 U.S.C. 121et seq.</identifier>
<identifier type="USC citation">6 U.S.C. 124a</identifier>
<identifier type="USC citation">6 U.S.C. 124</identifier>
<identifier type="USC citation">6 U.S.C. 124h(c)(2)</identifier>
<identifier type="USC citation">6 U.S.C. 134</identifier>
<identifier type="USC citation">6 U.S.C. 143</identifier>
<identifier type="USC citation">6 U.S.C. 1501</identifier>
<identifier type="USC citation">6 U.S.C. 151</identifier>
<identifier type="USC citation">6 U.S.C. 182</identifier>
<identifier type="USC citation">6 U.S.C. 321c</identifier>
<identifier type="USC citation">6 U.S.C. 321l</identifier>
<identifier type="USC citation">6 U.S.C. 321m(a)(2)(B)</identifier>
<identifier type="USC citation">6 U.S.C. 488a(a)</identifier>
<identifier type="USC citation">6 U.S.C. 571</identifier>
<identifier type="USC citation">6 U.S.C. 571et seq.</identifier>
<identifier type="USC citation">6 U.S.C. 575</identifier>
<identifier type="USC citation">6 U.S.C. 579</identifier>
<identifier type="USC citation">6 U.S.C. 580</identifier>
<identifier type="USC citation">6 U.S.C. 621</identifier>
<identifier type="USC citation">6 U.S.C. 621et seq.</identifier>
<identifier type="USC citation">6 U.S.C. 622(a)</identifier>
<identifier type="USC citation">6 U.S.C. 624(c)</identifier>
</relatedItem>
<relatedItem type="isReferencedBy">
<titleInfo>
<title>United States Code</title>
<partNumber>Title 40 Section 1315</partNumber>
</titleInfo>
<identifier type="USC citation">40 U.S.C. 1315</identifier>
</relatedItem>
<relatedItem type="isReferencedBy">
<titleInfo>
<title>United States Code</title>
<partNumber>Title 44 Chapter 35</partNumber>
</titleInfo>
<identifier type="USC citation">44 U.S.C. Chapter 35</identifier>
</relatedItem>
<relatedItem>
<titleInfo>
<title>United States Public Law 113-246</title>
</titleInfo>
<identifier type="public law citation">Public Law 113-246</identifier>
</relatedItem>
<relatedItem>
<titleInfo>
<title>United States Public Law 113-277</title>
</titleInfo>
<identifier type="public law citation">Public Law 113-277</identifier>
</relatedItem>
<relatedItem>
<titleInfo>
<title>United States Public Law 114-113</title>
</titleInfo>
<identifier type="public law citation">Public Law 114-113</identifier>
</relatedItem>
<relatedItem ID="P0b002ee199ee8ca2" type="host">
<titleInfo>
<title>Congressional Record</title>
<partNumber>Vol. 163, no. 201</partNumber>
</titleInfo>
<location>
<url access="object in context" displayLabel="Content Detail">https://www.gpo.gov/fdsys/pkg/CREC-2017-12-11/content-detail.html</url>
<url access="raw object" displayLabel="PDF rendition">https://www.gpo.gov/fdsys/pkg/CREC-2017-12-11/pdf/CREC-2017-12-11.pdf</url>
</location>
<part type="issue">
<extent unit="pages">
<start>H9759</start>
<end>H9790</end>
</extent>
<extent unit="pages">
<start>S7937</start>
<end>S7947</end>
</extent>
<extent unit="pages">
<start>E1677</start>
<end>E1683</end>
</extent>
<extent unit="pages">
<start>D1302</start>
<end>D1308</end>
</extent>
</part>
<originInfo>
<publisher>U.S. Government Publishing Office</publisher>
<dateIssued encoding="w3cdtf">2017-12-11</dateIssued>
<issuance>continuing</issuance>
<frequency authority="marcfrequency">daily</frequency>
</originInfo>
<physicalDescription>
<note type="source content type">deposited</note>
<digitalOrigin>born digital</digitalOrigin>
<extent>114 p.</extent>
</physicalDescription>
<classification authority="sudocs">X 1.1/A:</classification>
<classification authority="sudocs">X/A.</classification>
<identifier type="uri">https://www.gpo.gov/fdsys/pkg/CREC-2017-12-11</identifier>
<identifier type="local">P0b002ee199ee8ca2</identifier>
<identifier type="stock number">752-002-00000-2</identifier>
<identifier type="ILS system id">000568013</identifier>
<identifier type="former package identifier">CR11DE17</identifier>
<recordInfo>
<recordContentSource authority="marcorg">DGPO</recordContentSource>
<recordCreationDate encoding="w3cdtf">2018-03-31</recordCreationDate>
<recordChangeDate encoding="w3cdtf">2018-03-31</recordChangeDate>
<recordIdentifier source="DGPO">CREC-2017-12-11</recordIdentifier>
<recordOrigin>machine generated</recordOrigin>
<languageOfCataloging>
<languageTerm authority="iso639-2b" type="code">eng</languageTerm>
</languageOfCataloging>
</recordInfo>
<accessCondition type="GPO scope determination">fdlp</accessCondition>
<extension>
<docClass>CREC</docClass>
<accessId>CREC-2017-12-11</accessId>
<volume>163</volume>
<issue>201</issue>
<congress>115</congress>
<session>1</session>
<bookCount>1</bookCount>
</extension>
</relatedItem>
</mods>