<mods ID="id-CREC-2017-10-19-pt1-PgS6701" version="3.3" xmlns="http://www.loc.gov/mods/v3" xmlns:exslt="http://exslt.org/common" xmlns:xlink="http://www.w3.org/1999/xlink" xmlns:xsi="http://www.w3.org/2001/XMLSchema-instance" xsi:schemaLocation="http://www.loc.gov/mods/v3 http://www.loc.gov/standards/mods/v3/mods-3-3.xsd">
<name type="corporate">
<namePart>United States Government Publishing Office</namePart>
<role>
<roleTerm authority="marcrelator" type="text">publisher</roleTerm>
<roleTerm authority="marcrelator" type="code">pbl</roleTerm>
</role>
<role>
<roleTerm authority="marcrelator" type="text">distributor</roleTerm>
<roleTerm authority="marcrelator" type="code">dst</roleTerm>
</role>
</name>
<name type="corporate">
<namePart>United States</namePart>
<namePart>Congress</namePart>
<role>
<roleTerm authority="marcrelator" type="text">author</roleTerm>
<roleTerm authority="marcrelator" type="code">aut</roleTerm>
</role>
<description>Government Organization</description>
</name>
<typeOfResource>text</typeOfResource>
<genre authority="marcgt">government publication</genre>
<language>
<languageTerm authority="iso639-2b" type="code">eng</languageTerm>
</language>
<extension>
<collectionCode>CREC</collectionCode>
<category>Proceedings of Congress and General Congressional Publications</category>
<waisDatabaseName>2017_record</waisDatabaseName>
<branch>legislative</branch>
<dateIngested>2017-10-24</dateIngested>
</extension>
<titleInfo>
<title>ADJOURNMENT UNTIL MONDAY, OCTOBER 23, 2017, AT 3 P.M.</title>
<partName>Senate</partName>
</titleInfo>
<relatedItem type="otherFormat" xlink:href="https://www.gpo.gov/fdsys/pkg/CREC-2017-10-19/html/CREC-2017-10-19-pt1-PgS6701.htm">
<identifier type="FDsys Unique ID">D09002ee1973a12bc</identifier>
</relatedItem>
<relatedItem type="otherFormat" xlink:href="https://www.gpo.gov/fdsys/pkg/CREC-2017-10-19/pdf/CREC-2017-10-19-pt1-PgS6701.pdf">
<identifier type="FDsys Unique ID">D09002ee1973a12f8</identifier>
</relatedItem>
<identifier type="congressional record citation">163 Cong. Rec. S6701</identifier>
<identifier type="uri">https://www.gpo.gov/fdsys/granule/CREC-2017-10-19/CREC-2017-10-19-pt1-PgS6701</identifier>
<identifier type="former granule identifier">CR19OC17-127</identifier>
<location>
<url access="object in context" displayLabel="Content Detail">https://www.gpo.gov/fdsys/granule/CREC-2017-10-19/CREC-2017-10-19-pt1-PgS6701/content-detail.html</url>
<url access="raw object" displayLabel="PDF rendition">https://www.gpo.gov/fdsys/pkg/CREC-2017-10-19/pdf/CREC-2017-10-19-pt1-PgS6701.pdf</url>
<url access="raw object" displayLabel="HTML rendition">https://www.gpo.gov/fdsys/pkg/CREC-2017-10-19/html/CREC-2017-10-19-pt1-PgS6701.htm</url>
</location>
<physicalDescription>
<extent>1 p.</extent>
</physicalDescription>
<part type="article">
<extent unit="pages">
<start>S6701</start>
<end>S6701</end>
</extent>
</part>
<name type="personal">
<namePart>Rob Portman</namePart>
<affiliation>United States Senate</affiliation>
<role>
<roleTerm type="text">speaking</roleTerm>
</role>
<description>United States Congress Member</description>
</name>
<identifier type="preferred citation">163 Cong. Rec. S6701</identifier>
<extension>
<searchTitle>ADJOURNMENT UNTIL MONDAY, OCTOBER 23, 2017, AT 3 P.M.; Congressional Record Vol. 163, No. 169</searchTitle>
<granuleClass>SENATE</granuleClass>
<accessId>CREC-2017-10-19-pt1-PgS6701</accessId>
<subGranuleClass>ADJOURNMENT</subGranuleClass>
<pagePrefix>S</pagePrefix>
<bookNumber>1</bookNumber>
<chamber>SENATE</chamber>
<granuleDate>2017-10-19</granuleDate>
<congMember authorityId="924" bioGuideId="P000449" chamber="S" congress="115" gpoId="8266" party="R" role="SPEAKING" state="OH">
<name type="parsed">Mr. PORTMAN</name>
<name type="authority-fnf">Rob Portman</name>
<name type="authority-lnf">Portman, Rob</name>
</congMember>
</extension>
<relatedItem ID="P0b002ee1973a112c" type="host">
<titleInfo>
<title>Congressional Record</title>
<partNumber>Vol. 163, no. 169</partNumber>
</titleInfo>
<location>
<url access="object in context" displayLabel="Content Detail">https://www.gpo.gov/fdsys/pkg/CREC-2017-10-19/content-detail.html</url>
<url access="raw object" displayLabel="PDF rendition">https://www.gpo.gov/fdsys/pkg/CREC-2017-10-19/pdf/CREC-2017-10-19.pdf</url>
</location>
<part type="issue">
<extent unit="pages">
<start>H8039</start>
<end>H8043</end>
</extent>
<extent unit="pages">
<start>S6593</start>
<end>S6701</end>
</extent>
<extent unit="pages">
<start>E1387</start>
<end>E1397</end>
</extent>
<extent unit="pages">
<start>D1101</start>
<end>D1106</end>
</extent>
</part>
<originInfo>
<publisher>U.S. Government Publishing Office</publisher>
<dateIssued encoding="w3cdtf">2017-10-19</dateIssued>
<issuance>continuing</issuance>
<frequency authority="marcfrequency">daily</frequency>
</originInfo>
<physicalDescription>
<note type="source content type">deposited</note>
<digitalOrigin>born digital</digitalOrigin>
<extent>262 p.</extent>
</physicalDescription>
<classification authority="sudocs">X 1.1/A:</classification>
<classification authority="sudocs">X/A.</classification>
<identifier type="uri">https://www.gpo.gov/fdsys/pkg/CREC-2017-10-19</identifier>
<identifier type="local">P0b002ee1973a112c</identifier>
<identifier type="stock number">752-002-00000-2</identifier>
<identifier type="ILS system id">000568013</identifier>
<identifier type="former package identifier">CR19OC17</identifier>
<recordInfo>
<recordContentSource authority="marcorg">DGPO</recordContentSource>
<recordCreationDate encoding="w3cdtf">2017-10-24</recordCreationDate>
<recordChangeDate encoding="w3cdtf">2017-10-24</recordChangeDate>
<recordIdentifier source="DGPO">CREC-2017-10-19</recordIdentifier>
<recordOrigin>machine generated</recordOrigin>
<languageOfCataloging>
<languageTerm authority="iso639-2b" type="code">eng</languageTerm>
</languageOfCataloging>
</recordInfo>
<accessCondition type="GPO scope determination">fdlp</accessCondition>
<extension>
<docClass>CREC</docClass>
<accessId>CREC-2017-10-19</accessId>
<volume>163</volume>
<issue>169</issue>
<congress>115</congress>
<session>1</session>
<bookCount>1</bookCount>
</extension>
</relatedItem>
</mods>