<mods ID="id-CREC-2017-11-13-pt1-PgH9178-4" version="3.3" xmlns="http://www.loc.gov/mods/v3" xmlns:exslt="http://exslt.org/common" xmlns:xlink="http://www.w3.org/1999/xlink" xmlns:xsi="http://www.w3.org/2001/XMLSchema-instance" xsi:schemaLocation="http://www.loc.gov/mods/v3 http://www.loc.gov/standards/mods/v3/mods-3-3.xsd">
<name type="corporate">
<namePart>United States Government Publishing Office</namePart>
<role>
<roleTerm authority="marcrelator" type="text">publisher</roleTerm>
<roleTerm authority="marcrelator" type="code">pbl</roleTerm>
</role>
<role>
<roleTerm authority="marcrelator" type="text">distributor</roleTerm>
<roleTerm authority="marcrelator" type="code">dst</roleTerm>
</role>
</name>
<name type="corporate">
<namePart>United States</namePart>
<namePart>Congress</namePart>
<role>
<roleTerm authority="marcrelator" type="text">author</roleTerm>
<roleTerm authority="marcrelator" type="code">aut</roleTerm>
</role>
<description>Government Organization</description>
</name>
<typeOfResource>text</typeOfResource>
<genre authority="marcgt">government publication</genre>
<language>
<languageTerm authority="iso639-2b" type="code">eng</languageTerm>
</language>
<extension>
<collectionCode>CREC</collectionCode>
<category>Proceedings of Congress and General Congressional Publications</category>
<waisDatabaseName>2017_record</waisDatabaseName>
<branch>legislative</branch>
<dateIngested>2017-11-14</dateIngested>
</extension>
<titleInfo>
<title>Constitutional Authority Statement for H.R. 4381</title>
<partName>House</partName>
</titleInfo>
<relatedItem type="otherFormat" xlink:href="https://www.gpo.gov/fdsys/pkg/CREC-2017-11-13/html/CREC-2017-11-13-pt1-PgH9178-4.htm">
<identifier type="FDsys Unique ID">D09002ee1977a283e</identifier>
</relatedItem>
<relatedItem type="otherFormat" xlink:href="https://www.gpo.gov/fdsys/pkg/CREC-2017-11-13/pdf/CREC-2017-11-13-pt1-PgH9178-4.pdf">
<identifier type="FDsys Unique ID">D09002ee1977a28cf</identifier>
</relatedItem>
<identifier type="congressional record citation">163 Cong. Rec. H9178</identifier>
<identifier type="uri">https://www.gpo.gov/fdsys/granule/CREC-2017-11-13/CREC-2017-11-13-pt1-PgH9178-4</identifier>
<identifier type="former granule identifier">cr13no17-123</identifier>
<location>
<url access="object in context" displayLabel="Content Detail">https://www.gpo.gov/fdsys/granule/CREC-2017-11-13/CREC-2017-11-13-pt1-PgH9178-4/content-detail.html</url>
<url access="raw object" displayLabel="PDF rendition">https://www.gpo.gov/fdsys/pkg/CREC-2017-11-13/pdf/CREC-2017-11-13-pt1-PgH9178-4.pdf</url>
<url access="raw object" displayLabel="HTML rendition">https://www.gpo.gov/fdsys/pkg/CREC-2017-11-13/html/CREC-2017-11-13-pt1-PgH9178-4.htm</url>
</location>
<physicalDescription>
<extent>1 p.</extent>
</physicalDescription>
<part type="article">
<extent unit="pages">
<start>H9178</start>
<end>H9178</end>
</extent>
</part>
<identifier type="preferred citation">163 Cong. Rec. H9178</identifier>
<extension>
<searchTitle>Constitutional Authority Statement for H.R. 4381; Congressional Record Vol. 163, No. 185</searchTitle>
<granuleClass>HOUSE</granuleClass>
<accessId>CREC-2017-11-13-pt1-PgH9178-4</accessId>
<subGranuleClass>CASTATEMENT</subGranuleClass>
<pagePrefix>H</pagePrefix>
<bookNumber>1</bookNumber>
<chamber>HOUSE</chamber>
<granuleDate>2017-11-13</granuleDate>
<time from="20:45:00" to="20:45:00"/>
<bill congress="115" context="TITLE" number="4381" type="HR"/>
</extension>
<relatedItem type="isReferencedBy">
<titleInfo>
<title>United States House Bill 4381  (115th Congress)</title>
</titleInfo>
<identifier type="Congressional Bill citation">H.R. 4381</identifier>
<extension>
<congress>115</congress>
<context>TITLE</context>
</extension>
</relatedItem>
<relatedItem ID="P0b002ee1977a1bc5" type="host">
<titleInfo>
<title>Congressional Record</title>
<partNumber>Vol. 163, no. 185</partNumber>
</titleInfo>
<location>
<url access="object in context" displayLabel="Content Detail">https://www.gpo.gov/fdsys/pkg/CREC-2017-11-13/content-detail.html</url>
<url access="raw object" displayLabel="PDF rendition">https://www.gpo.gov/fdsys/pkg/CREC-2017-11-13/pdf/CREC-2017-11-13.pdf</url>
</location>
<part type="issue">
<extent unit="pages">
<start>H9139</start>
<end>H9179</end>
</extent>
<extent unit="pages">
<start>S7169</start>
<end>S7183</end>
</extent>
<extent unit="pages">
<start>E1549</start>
<end>E1562</end>
</extent>
<extent unit="pages">
<start>D1206</start>
<end>D1212</end>
</extent>
</part>
<originInfo>
<publisher>U.S. Government Publishing Office</publisher>
<dateIssued encoding="w3cdtf">2017-11-13</dateIssued>
<issuance>continuing</issuance>
<frequency authority="marcfrequency">daily</frequency>
</originInfo>
<physicalDescription>
<note type="source content type">deposited</note>
<digitalOrigin>born digital</digitalOrigin>
<extent>154 p.</extent>
</physicalDescription>
<classification authority="sudocs">X 1.1/A:</classification>
<classification authority="sudocs">X/A.</classification>
<identifier type="uri">https://www.gpo.gov/fdsys/pkg/CREC-2017-11-13</identifier>
<identifier type="local">P0b002ee1977a1bc5</identifier>
<identifier type="stock number">752-002-00000-2</identifier>
<identifier type="ILS system id">000568013</identifier>
<identifier type="former package identifier">cr13no17</identifier>
<recordInfo>
<recordContentSource authority="marcorg">DGPO</recordContentSource>
<recordCreationDate encoding="w3cdtf">2017-11-14</recordCreationDate>
<recordChangeDate encoding="w3cdtf">2017-11-14</recordChangeDate>
<recordIdentifier source="DGPO">CREC-2017-11-13</recordIdentifier>
<recordOrigin>machine generated</recordOrigin>
<languageOfCataloging>
<languageTerm authority="iso639-2b" type="code">eng</languageTerm>
</languageOfCataloging>
</recordInfo>
<accessCondition type="GPO scope determination">fdlp</accessCondition>
<extension>
<docClass>CREC</docClass>
<accessId>CREC-2017-11-13</accessId>
<volume>163</volume>
<issue>185</issue>
<congress>115</congress>
<session>1</session>
<bookCount>1</bookCount>
</extension>
</relatedItem>
</mods>