<mods ID="id-CREC-2017-10-25-pt1-PgS6777-7" version="3.3" xmlns="http://www.loc.gov/mods/v3" xmlns:exslt="http://exslt.org/common" xmlns:xlink="http://www.w3.org/1999/xlink" xmlns:xsi="http://www.w3.org/2001/XMLSchema-instance" xsi:schemaLocation="http://www.loc.gov/mods/v3 http://www.loc.gov/standards/mods/v3/mods-3-3.xsd">
<name type="corporate">
<namePart>United States Government Publishing Office</namePart>
<role>
<roleTerm authority="marcrelator" type="text">publisher</roleTerm>
<roleTerm authority="marcrelator" type="code">pbl</roleTerm>
</role>
<role>
<roleTerm authority="marcrelator" type="text">distributor</roleTerm>
<roleTerm authority="marcrelator" type="code">dst</roleTerm>
</role>
</name>
<name type="corporate">
<namePart>United States</namePart>
<namePart>Congress</namePart>
<role>
<roleTerm authority="marcrelator" type="text">author</roleTerm>
<roleTerm authority="marcrelator" type="code">aut</roleTerm>
</role>
<description>Government Organization</description>
</name>
<typeOfResource>text</typeOfResource>
<genre authority="marcgt">government publication</genre>
<language>
<languageTerm authority="iso639-2b" type="code">eng</languageTerm>
</language>
<extension>
<collectionCode>CREC</collectionCode>
<category>Proceedings of Congress and General Congressional Publications</category>
<waisDatabaseName>2017_record</waisDatabaseName>
<branch>legislative</branch>
<dateIngested>2018-01-30</dateIngested>
</extension>
<titleInfo>
<title>EXECUTIVE SESSION</title>
<partName>Senate</partName>
</titleInfo>
<relatedItem type="otherFormat" xlink:href="https://www.gpo.gov/fdsys/pkg/CREC-2017-10-25/html/CREC-2017-10-25-pt1-PgS6777-7.htm">
<identifier type="FDsys Unique ID">D09002ee19825ca64</identifier>
</relatedItem>
<relatedItem type="otherFormat" xlink:href="https://www.gpo.gov/fdsys/pkg/CREC-2017-10-25/pdf/CREC-2017-10-25-pt1-PgS6777-7.pdf">
<identifier type="FDsys Unique ID">D09002ee19825cacf</identifier>
</relatedItem>
<identifier type="congressional record citation">163 Cong. Rec. S6777</identifier>
<identifier type="uri">https://www.gpo.gov/fdsys/granule/CREC-2017-10-25/CREC-2017-10-25-pt1-PgS6777-7</identifier>
<identifier type="former granule identifier">CR25OC17-177</identifier>
<location>
<url access="object in context" displayLabel="Content Detail">https://www.gpo.gov/fdsys/granule/CREC-2017-10-25/CREC-2017-10-25-pt1-PgS6777-7/content-detail.html</url>
<url access="raw object" displayLabel="PDF rendition">https://www.gpo.gov/fdsys/pkg/CREC-2017-10-25/pdf/CREC-2017-10-25-pt1-PgS6777-7.pdf</url>
<url access="raw object" displayLabel="HTML rendition">https://www.gpo.gov/fdsys/pkg/CREC-2017-10-25/html/CREC-2017-10-25-pt1-PgS6777-7.htm</url>
</location>
<physicalDescription>
<extent>5 p.</extent>
</physicalDescription>
<part type="article">
<extent unit="pages">
<start>S6777</start>
<end>S6781</end>
</extent>
</part>
<name type="personal">
<namePart>Mitch McConnell</namePart>
<affiliation>United States Senate</affiliation>
<role>
<roleTerm type="text">speaking</roleTerm>
</role>
<description>United States Congress Member</description>
</name>
<name type="personal">
<namePart>Charles E. Schumer</namePart>
<affiliation>United States Senate</affiliation>
<role>
<roleTerm type="text">speaking</roleTerm>
</role>
<description>United States Congress Member</description>
</name>
<name type="personal">
<namePart>Richard Durbin</namePart>
<affiliation>United States Senate</affiliation>
<role>
<roleTerm type="text">speaking</roleTerm>
</role>
<description>United States Congress Member</description>
</name>
<name type="personal">
<namePart>John Kennedy</namePart>
<affiliation>United States Senate</affiliation>
<role>
<roleTerm type="text">speaking</roleTerm>
</role>
<description>United States Congress Member</description>
</name>
<identifier type="preferred citation">163 Cong. Rec. S6777</identifier>
<extension>
<searchTitle>EXECUTIVE SESSION; Congressional Record Vol. 163, No. 172</searchTitle>
<granuleClass>SENATE</granuleClass>
<accessId>CREC-2017-10-25-pt1-PgS6777-7</accessId>
<subGranuleClass>SEXECSESSION</subGranuleClass>
<pagePrefix>S</pagePrefix>
<bookNumber>1</bookNumber>
<chamber>SENATE</chamber>
<granuleDate>2017-10-25</granuleDate>
<bill congress="115" context="OTHER" number="85" type="HCONRES"/>
<bill congress="115" context="OTHER" number="2266" type="HR"/>
<congMember authorityId="1395" bioGuideId="M000355" chamber="S" congress="115" gpoId="8254" party="R" role="SPEAKING" state="KY">
<name type="parsed">Mr. McCONNELL</name>
<name type="authority-fnf">Mitch McConnell</name>
<name type="authority-lnf">McConnell, Mitch</name>
</congMember>
<congMember authorityId="1036" bioGuideId="S000148" chamber="S" congress="115" gpoId="8279" party="D" role="SPEAKING" state="NY">
<name type="parsed">Mr. SCHUMER</name>
<name type="authority-fnf">Charles E. Schumer</name>
<name type="authority-lnf">Schumer, Charles E.</name>
<name type="authority-other">Charles Schumer</name>
</congMember>
<congMember authorityId="326" bioGuideId="D000563" chamber="S" congress="115" gpoId="8326" party="D" role="SPEAKING" state="IL">
<name type="parsed">Mr. DURBIN</name>
<name type="authority-fnf">Richard Durbin</name>
<name type="authority-lnf">Durbin, Richard</name>
<name type="authority-other">Richard J. Durbin</name>
</congMember>
<congMember authorityId="2303" bioGuideId="K000393" chamber="S" congress="115" party="R" role="SPEAKING" state="LA">
<name type="parsed">Mr. KENNEDY</name>
<name type="authority-fnf">John Kennedy</name>
<name type="authority-lnf">Kennedy, John</name>
<name type="authority-other">Mr. John Neely Kennedy</name>
</congMember>
</extension>
<relatedItem type="isReferencedBy">
<titleInfo>
<title>United States House Concurrent Resolution 85  (115th Congress)</title>
</titleInfo>
<identifier type="Congressional Bill citation">H. Con. Res. 85</identifier>
<extension>
<congress>115</congress>
<context>OTHER</context>
</extension>
</relatedItem>
<relatedItem type="isReferencedBy">
<titleInfo>
<title>United States House Bill 2266  (115th Congress)</title>
</titleInfo>
<identifier type="Congressional Bill citation">H.R. 2266</identifier>
<extension>
<congress>115</congress>
<context>OTHER</context>
</extension>
</relatedItem>
<relatedItem ID="P0b002ee1982573ad" type="host">
<titleInfo>
<title>Congressional Record</title>
<partNumber>Vol. 163, no. 172</partNumber>
</titleInfo>
<location>
<url access="object in context" displayLabel="Content Detail">https://www.gpo.gov/fdsys/pkg/CREC-2017-10-25/content-detail.html</url>
<url access="raw object" displayLabel="PDF rendition">https://www.gpo.gov/fdsys/pkg/CREC-2017-10-25/pdf/CREC-2017-10-25.pdf</url>
</location>
<part type="issue">
<extent unit="pages">
<start>H8147</start>
<end>H8227</end>
</extent>
<extent unit="pages">
<start>S6777</start>
<end>S6824</end>
</extent>
<extent unit="pages">
<start>E1423</start>
<end>E1433</end>
</extent>
<extent unit="pages">
<start>D1123</start>
<end>D1130</end>
</extent>
</part>
<originInfo>
<publisher>U.S. Government Publishing Office</publisher>
<dateIssued encoding="w3cdtf">2017-10-25</dateIssued>
<issuance>continuing</issuance>
<frequency authority="marcfrequency">daily</frequency>
</originInfo>
<physicalDescription>
<note type="source content type">deposited</note>
<digitalOrigin>born digital</digitalOrigin>
<extent>296 p.</extent>
</physicalDescription>
<classification authority="sudocs">X 1.1/A:</classification>
<classification authority="sudocs">X/A.</classification>
<identifier type="uri">https://www.gpo.gov/fdsys/pkg/CREC-2017-10-25</identifier>
<identifier type="local">P0b002ee1982573ad</identifier>
<identifier type="stock number">752-002-00000-2</identifier>
<identifier type="ILS system id">000568013</identifier>
<identifier type="former package identifier">CR25OC17</identifier>
<recordInfo>
<recordContentSource authority="marcorg">DGPO</recordContentSource>
<recordCreationDate encoding="w3cdtf">2018-01-30</recordCreationDate>
<recordChangeDate encoding="w3cdtf">2018-01-30</recordChangeDate>
<recordIdentifier source="DGPO">CREC-2017-10-25</recordIdentifier>
<recordOrigin>machine generated</recordOrigin>
<languageOfCataloging>
<languageTerm authority="iso639-2b" type="code">eng</languageTerm>
</languageOfCataloging>
</recordInfo>
<accessCondition type="GPO scope determination">fdlp</accessCondition>
<extension>
<docClass>CREC</docClass>
<accessId>CREC-2017-10-25</accessId>
<volume>163</volume>
<issue>172</issue>
<congress>115</congress>
<session>1</session>
<bookCount>1</bookCount>
</extension>
</relatedItem>
</mods>