<mods ID="id-CREC-2017-10-23-pt1-PgS6713-4" version="3.3" xmlns="http://www.loc.gov/mods/v3" xmlns:exslt="http://exslt.org/common" xmlns:xlink="http://www.w3.org/1999/xlink" xmlns:xsi="http://www.w3.org/2001/XMLSchema-instance" xsi:schemaLocation="http://www.loc.gov/mods/v3 http://www.loc.gov/standards/mods/v3/mods-3-3.xsd">
<name type="corporate">
<namePart>United States Government Publishing Office</namePart>
<role>
<roleTerm authority="marcrelator" type="text">publisher</roleTerm>
<roleTerm authority="marcrelator" type="code">pbl</roleTerm>
</role>
<role>
<roleTerm authority="marcrelator" type="text">distributor</roleTerm>
<roleTerm authority="marcrelator" type="code">dst</roleTerm>
</role>
</name>
<name type="corporate">
<namePart>United States</namePart>
<namePart>Congress</namePart>
<role>
<roleTerm authority="marcrelator" type="text">author</roleTerm>
<roleTerm authority="marcrelator" type="code">aut</roleTerm>
</role>
<description>Government Organization</description>
</name>
<typeOfResource>text</typeOfResource>
<genre authority="marcgt">government publication</genre>
<language>
<languageTerm authority="iso639-2b" type="code">eng</languageTerm>
</language>
<extension>
<collectionCode>CREC</collectionCode>
<category>Proceedings of Congress and General Congressional Publications</category>
<waisDatabaseName>2017_record</waisDatabaseName>
<branch>legislative</branch>
<dateIngested>2018-01-30</dateIngested>
</extension>
<titleInfo>
<title>REMEMBERING BISHOP LEWIS NATHANIEL TAYLOR</title>
<partName>Senate</partName>
</titleInfo>
<relatedItem type="otherFormat" xlink:href="https://www.gpo.gov/fdsys/pkg/CREC-2017-10-23/html/CREC-2017-10-23-pt1-PgS6713-4.htm">
<identifier type="FDsys Unique ID">D09002ee198258953</identifier>
</relatedItem>
<relatedItem type="otherFormat" xlink:href="https://www.gpo.gov/fdsys/pkg/CREC-2017-10-23/pdf/CREC-2017-10-23-pt1-PgS6713-4.pdf">
<identifier type="FDsys Unique ID">D09002ee198258aaf</identifier>
</relatedItem>
<identifier type="congressional record citation">163 Cong. Rec. S6713</identifier>
<identifier type="uri">https://www.gpo.gov/fdsys/granule/CREC-2017-10-23/CREC-2017-10-23-pt1-PgS6713-4</identifier>
<identifier type="former granule identifier">CR23OC17-137</identifier>
<location>
<url access="object in context" displayLabel="Content Detail">https://www.gpo.gov/fdsys/granule/CREC-2017-10-23/CREC-2017-10-23-pt1-PgS6713-4/content-detail.html</url>
<url access="raw object" displayLabel="PDF rendition">https://www.gpo.gov/fdsys/pkg/CREC-2017-10-23/pdf/CREC-2017-10-23-pt1-PgS6713-4.pdf</url>
<url access="raw object" displayLabel="HTML rendition">https://www.gpo.gov/fdsys/pkg/CREC-2017-10-23/html/CREC-2017-10-23-pt1-PgS6713-4.htm</url>
</location>
<physicalDescription>
<extent>1 p.</extent>
</physicalDescription>
<part type="article">
<extent unit="pages">
<start>S6713</start>
<end>S6713</end>
</extent>
</part>
<name type="personal">
<namePart>Tim Scott</namePart>
<affiliation>United States Senate</affiliation>
<role>
<roleTerm type="text">speaking</roleTerm>
</role>
<description>United States Congress Member</description>
</name>
<identifier type="preferred citation">163 Cong. Rec. S6713</identifier>
<extension>
<searchTitle>REMEMBERING BISHOP LEWIS NATHANIEL TAYLOR; Congressional Record Vol. 163, No. 170</searchTitle>
<granuleClass>SENATE</granuleClass>
<accessId>CREC-2017-10-23-pt1-PgS6713-4</accessId>
<subGranuleClass>ALLOTHER</subGranuleClass>
<pagePrefix>S</pagePrefix>
<bookNumber>1</bookNumber>
<chamber>SENATE</chamber>
<granuleDate>2017-10-23</granuleDate>
<hasInsertedComments>true</hasInsertedComments>
<congMember authorityId="2056" bioGuideId="S001184" chamber="S" congress="115" gpoId="8141" party="R" role="SPEAKING" state="SC">
<name type="parsed">Mr. SCOTT</name>
<name type="authority-fnf">Tim Scott</name>
<name type="authority-lnf">Scott, Tim</name>
</congMember>
</extension>
<relatedItem ID="P0b002ee1982573a8" type="host">
<titleInfo>
<title>Congressional Record</title>
<partNumber>Vol. 163, no. 170</partNumber>
</titleInfo>
<location>
<url access="object in context" displayLabel="Content Detail">https://www.gpo.gov/fdsys/pkg/CREC-2017-10-23/content-detail.html</url>
<url access="raw object" displayLabel="PDF rendition">https://www.gpo.gov/fdsys/pkg/CREC-2017-10-23/pdf/CREC-2017-10-23.pdf</url>
</location>
<part type="issue">
<extent unit="pages">
<start>H8045</start>
<end>H8077</end>
</extent>
<extent unit="pages">
<start>S6703</start>
<end>S6718</end>
</extent>
<extent unit="pages">
<start>E1399</start>
<end>E1406</end>
</extent>
<extent unit="pages">
<start>D1107</start>
<end>D1114</end>
</extent>
</part>
<originInfo>
<publisher>U.S. Government Publishing Office</publisher>
<dateIssued encoding="w3cdtf">2017-10-23</dateIssued>
<issuance>continuing</issuance>
<frequency authority="marcfrequency">daily</frequency>
</originInfo>
<physicalDescription>
<note type="source content type">deposited</note>
<digitalOrigin>born digital</digitalOrigin>
<extent>130 p.</extent>
</physicalDescription>
<classification authority="sudocs">X 1.1/A:</classification>
<classification authority="sudocs">X/A.</classification>
<identifier type="uri">https://www.gpo.gov/fdsys/pkg/CREC-2017-10-23</identifier>
<identifier type="local">P0b002ee1982573a8</identifier>
<identifier type="stock number">752-002-00000-2</identifier>
<identifier type="ILS system id">000568013</identifier>
<identifier type="former package identifier">CR23OC17</identifier>
<recordInfo>
<recordContentSource authority="marcorg">DGPO</recordContentSource>
<recordCreationDate encoding="w3cdtf">2018-01-30</recordCreationDate>
<recordChangeDate encoding="w3cdtf">2018-01-30</recordChangeDate>
<recordIdentifier source="DGPO">CREC-2017-10-23</recordIdentifier>
<recordOrigin>machine generated</recordOrigin>
<languageOfCataloging>
<languageTerm authority="iso639-2b" type="code">eng</languageTerm>
</languageOfCataloging>
</recordInfo>
<accessCondition type="GPO scope determination">fdlp</accessCondition>
<extension>
<docClass>CREC</docClass>
<accessId>CREC-2017-10-23</accessId>
<volume>163</volume>
<issue>170</issue>
<congress>115</congress>
<session>1</session>
<bookCount>1</bookCount>
</extension>
</relatedItem>
</mods>