<mods ID="id-CREC-2017-11-30-pt1-PgH9525-2" version="3.3" xmlns="http://www.loc.gov/mods/v3" xmlns:exslt="http://exslt.org/common" xmlns:xlink="http://www.w3.org/1999/xlink" xmlns:xsi="http://www.w3.org/2001/XMLSchema-instance" xsi:schemaLocation="http://www.loc.gov/mods/v3 http://www.loc.gov/standards/mods/v3/mods-3-3.xsd">
<name type="corporate">
<namePart>United States Government Publishing Office</namePart>
<role>
<roleTerm authority="marcrelator" type="text">publisher</roleTerm>
<roleTerm authority="marcrelator" type="code">pbl</roleTerm>
</role>
<role>
<roleTerm authority="marcrelator" type="text">distributor</roleTerm>
<roleTerm authority="marcrelator" type="code">dst</roleTerm>
</role>
</name>
<name type="corporate">
<namePart>United States</namePart>
<namePart>Congress</namePart>
<role>
<roleTerm authority="marcrelator" type="text">author</roleTerm>
<roleTerm authority="marcrelator" type="code">aut</roleTerm>
</role>
<description>Government Organization</description>
</name>
<typeOfResource>text</typeOfResource>
<genre authority="marcgt">government publication</genre>
<language>
<languageTerm authority="iso639-2b" type="code">eng</languageTerm>
</language>
<extension>
<collectionCode>CREC</collectionCode>
<category>Proceedings of Congress and General Congressional Publications</category>
<waisDatabaseName>2017_record</waisDatabaseName>
<branch>legislative</branch>
<dateIngested>2017-12-01</dateIngested>
</extension>
<titleInfo>
<title>RHONEYMEADE SCULPTURE GARDEN &amp; ARBORETUM</title>
<partName>House</partName>
</titleInfo>
<relatedItem type="otherFormat" xlink:href="https://www.gpo.gov/fdsys/pkg/CREC-2017-11-30/html/CREC-2017-11-30-pt1-PgH9525-2.htm">
<identifier type="FDsys Unique ID">D09002ee197a86881</identifier>
</relatedItem>
<relatedItem type="otherFormat" xlink:href="https://www.gpo.gov/fdsys/pkg/CREC-2017-11-30/pdf/CREC-2017-11-30-pt1-PgH9525-2.pdf">
<identifier type="FDsys Unique ID">D09002ee197a8756e</identifier>
</relatedItem>
<identifier type="congressional record citation">163 Cong. Rec. H9525</identifier>
<identifier type="uri">https://www.gpo.gov/fdsys/granule/CREC-2017-11-30/CREC-2017-11-30-pt1-PgH9525-2</identifier>
<identifier type="former granule identifier">cr30no17-66</identifier>
<location>
<url access="object in context" displayLabel="Content Detail">https://www.gpo.gov/fdsys/granule/CREC-2017-11-30/CREC-2017-11-30-pt1-PgH9525-2/content-detail.html</url>
<url access="raw object" displayLabel="PDF rendition">https://www.gpo.gov/fdsys/pkg/CREC-2017-11-30/pdf/CREC-2017-11-30-pt1-PgH9525-2.pdf</url>
<url access="raw object" displayLabel="HTML rendition">https://www.gpo.gov/fdsys/pkg/CREC-2017-11-30/html/CREC-2017-11-30-pt1-PgH9525-2.htm</url>
</location>
<physicalDescription>
<extent>2 p.</extent>
</physicalDescription>
<part type="article">
<extent unit="pages">
<start>H9525</start>
<end>H9526</end>
</extent>
</part>
<name type="personal">
<namePart>Glenn Thompson</namePart>
<affiliation>United States House of Representatives</affiliation>
<role>
<roleTerm type="text">speaking</roleTerm>
</role>
<description>United States Congress Member</description>
</name>
<identifier type="preferred citation">163 Cong. Rec. H9525</identifier>
<extension>
<searchTitle>RHONEYMEADE SCULPTURE GARDEN &amp; ARBORETUM; Congressional Record Vol. 163, No. 195</searchTitle>
<granuleClass>HOUSE</granuleClass>
<accessId>CREC-2017-11-30-pt1-PgH9525-2</accessId>
<subGranuleClass>ALLOTHER</subGranuleClass>
<pagePrefix>H</pagePrefix>
<bookNumber>1</bookNumber>
<chamber>HOUSE</chamber>
<granuleDate>2017-11-30</granuleDate>
<time from="10:45:00" to="10:45:00"/>
<congMember authorityId="1952" bioGuideId="T000467" chamber="H" congress="115" gpoId="8123" party="R" role="SPEAKING" state="PA">
<name type="parsed">Mr. THOMPSON of Pennsylvania</name>
<name type="authority-fnf">Glenn Thompson</name>
<name type="authority-lnf">Thompson, Glenn</name>
</congMember>
</extension>
<relatedItem ID="P0b002ee197a872c9" type="host">
<titleInfo>
<title>Congressional Record</title>
<partNumber>Vol. 163, no. 195</partNumber>
</titleInfo>
<location>
<url access="object in context" displayLabel="Content Detail">https://www.gpo.gov/fdsys/pkg/CREC-2017-11-30/content-detail.html</url>
<url access="raw object" displayLabel="PDF rendition">https://www.gpo.gov/fdsys/pkg/CREC-2017-11-30/pdf/CREC-2017-11-30.pdf</url>
</location>
<part type="issue">
<extent unit="pages">
<start>H9519</start>
<end>H9570</end>
</extent>
<extent unit="pages">
<start>S7507</start>
<end>S7651</end>
</extent>
<extent unit="pages">
<start>E1621</start>
<end>E1630</end>
</extent>
<extent unit="pages">
<start>D1263</start>
<end>D1268</end>
</extent>
</part>
<originInfo>
<publisher>U.S. Government Publishing Office</publisher>
<dateIssued encoding="w3cdtf">2017-11-30</dateIssued>
<issuance>continuing</issuance>
<frequency authority="marcfrequency">daily</frequency>
</originInfo>
<physicalDescription>
<note type="source content type">deposited</note>
<digitalOrigin>born digital</digitalOrigin>
<extent>426 p.</extent>
</physicalDescription>
<classification authority="sudocs">X 1.1/A:</classification>
<classification authority="sudocs">X/A.</classification>
<identifier type="uri">https://www.gpo.gov/fdsys/pkg/CREC-2017-11-30</identifier>
<identifier type="local">P0b002ee197a872c9</identifier>
<identifier type="stock number">752-002-00000-2</identifier>
<identifier type="ILS system id">000568013</identifier>
<identifier type="former package identifier">cr30no17</identifier>
<recordInfo>
<recordContentSource authority="marcorg">DGPO</recordContentSource>
<recordCreationDate encoding="w3cdtf">2017-12-01</recordCreationDate>
<recordChangeDate encoding="w3cdtf">2017-12-01</recordChangeDate>
<recordIdentifier source="DGPO">CREC-2017-11-30</recordIdentifier>
<recordOrigin>machine generated</recordOrigin>
<languageOfCataloging>
<languageTerm authority="iso639-2b" type="code">eng</languageTerm>
</languageOfCataloging>
</recordInfo>
<accessCondition type="GPO scope determination">fdlp</accessCondition>
<extension>
<docClass>CREC</docClass>
<accessId>CREC-2017-11-30</accessId>
<volume>163</volume>
<issue>195</issue>
<congress>115</congress>
<session>1</session>
<bookCount>1</bookCount>
</extension>
</relatedItem>
</mods>