<mods ID="id-CREC-2017-09-25-pt1-PgH7441" version="3.3" xmlns="http://www.loc.gov/mods/v3" xmlns:exslt="http://exslt.org/common" xmlns:xlink="http://www.w3.org/1999/xlink" xmlns:xsi="http://www.w3.org/2001/XMLSchema-instance" xsi:schemaLocation="http://www.loc.gov/mods/v3 http://www.loc.gov/standards/mods/v3/mods-3-3.xsd">
<name type="corporate">
<namePart>United States Government Publishing Office</namePart>
<role>
<roleTerm authority="marcrelator" type="text">publisher</roleTerm>
<roleTerm authority="marcrelator" type="code">pbl</roleTerm>
</role>
<role>
<roleTerm authority="marcrelator" type="text">distributor</roleTerm>
<roleTerm authority="marcrelator" type="code">dst</roleTerm>
</role>
</name>
<name type="corporate">
<namePart>United States</namePart>
<namePart>Congress</namePart>
<role>
<roleTerm authority="marcrelator" type="text">author</roleTerm>
<roleTerm authority="marcrelator" type="code">aut</roleTerm>
</role>
<description>Government Organization</description>
</name>
<typeOfResource>text</typeOfResource>
<genre authority="marcgt">government publication</genre>
<language>
<languageTerm authority="iso639-2b" type="code">eng</languageTerm>
</language>
<extension>
<collectionCode>CREC</collectionCode>
<category>Proceedings of Congress and General Congressional Publications</category>
<waisDatabaseName>2017_record</waisDatabaseName>
<branch>legislative</branch>
<dateIngested>2017-09-26</dateIngested>
</extension>
<titleInfo>
<title>NORTH KOREAN HUMAN RIGHTS REAUTHORIZATION ACT OF 2017</title>
<partName>House</partName>
</titleInfo>
<relatedItem type="otherFormat" xlink:href="https://www.gpo.gov/fdsys/pkg/CREC-2017-09-25/html/CREC-2017-09-25-pt1-PgH7441.htm">
<identifier type="FDsys Unique ID">D09002ee197002b9f</identifier>
</relatedItem>
<relatedItem type="otherFormat" xlink:href="https://www.gpo.gov/fdsys/pkg/CREC-2017-09-25/pdf/CREC-2017-09-25-pt1-PgH7441.pdf">
<identifier type="FDsys Unique ID">D09002ee197002d28</identifier>
</relatedItem>
<identifier type="congressional record citation">163 Cong. Rec. H7441</identifier>
<identifier type="uri">https://www.gpo.gov/fdsys/granule/CREC-2017-09-25/CREC-2017-09-25-pt1-PgH7441</identifier>
<identifier type="former granule identifier">cr25se17-86</identifier>
<location>
<url access="object in context" displayLabel="Content Detail">https://www.gpo.gov/fdsys/granule/CREC-2017-09-25/CREC-2017-09-25-pt1-PgH7441/content-detail.html</url>
<url access="raw object" displayLabel="PDF rendition">https://www.gpo.gov/fdsys/pkg/CREC-2017-09-25/pdf/CREC-2017-09-25-pt1-PgH7441.pdf</url>
<url access="raw object" displayLabel="HTML rendition">https://www.gpo.gov/fdsys/pkg/CREC-2017-09-25/html/CREC-2017-09-25-pt1-PgH7441.htm</url>
</location>
<physicalDescription>
<extent>4 p.</extent>
</physicalDescription>
<part type="article">
<extent unit="pages">
<start>H7441</start>
<end>H7444</end>
</extent>
</part>
<name type="personal">
<namePart>Edward R. Royce</namePart>
<affiliation>United States House of Representatives</affiliation>
<role>
<roleTerm type="text">speaking</roleTerm>
</role>
<description>United States Congress Member</description>
</name>
<name type="personal">
<namePart>Eliot L. Engel</namePart>
<affiliation>United States House of Representatives</affiliation>
<role>
<roleTerm type="text">speaking</roleTerm>
</role>
<description>United States Congress Member</description>
</name>
<name type="personal">
<namePart>Ted S. Yoho</namePart>
<affiliation>United States House of Representatives</affiliation>
<role>
<roleTerm type="text">speaking</roleTerm>
</role>
<description>United States Congress Member</description>
</name>
<name type="corporate">
<namePart>United States</namePart>
<namePart>Congress</namePart>
<namePart>House of Representatives</namePart>
<namePart>Committee on Foreign Affairs</namePart>
<role>
<roleTerm authority="marcrelator" type="text">associated name</roleTerm>
<roleTerm authority="marcrelator" type="code">asn</roleTerm>
</role>
<description>Government Organization</description>
</name>
<name type="corporate">
<namePart>United States</namePart>
<namePart>Congress</namePart>
<namePart>House of Representatives</namePart>
<namePart>Committee on Appropriations</namePart>
<role>
<roleTerm authority="marcrelator" type="text">associated name</roleTerm>
<roleTerm authority="marcrelator" type="code">asn</roleTerm>
</role>
<description>Government Organization</description>
</name>
<name type="corporate">
<namePart>United States</namePart>
<namePart>Congress</namePart>
<namePart>Senate</namePart>
<namePart>Committee on Appropriations</namePart>
<role>
<roleTerm authority="marcrelator" type="text">associated name</roleTerm>
<roleTerm authority="marcrelator" type="code">asn</roleTerm>
</role>
<description>Government Organization</description>
</name>
<identifier type="preferred citation">163 Cong. Rec. H7441</identifier>
<extension>
<searchTitle>NORTH KOREAN HUMAN RIGHTS REAUTHORIZATION ACT OF 2017; Congressional Record Vol. 163, No. 153</searchTitle>
<associatedBills>H.R. 2061, 115th Congress
        </associatedBills>
<granuleClass>HOUSE</granuleClass>
<accessId>CREC-2017-09-25-pt1-PgH7441</accessId>
<subGranuleClass>ALLOTHER</subGranuleClass>
<pagePrefix>H</pagePrefix>
<bookNumber>1</bookNumber>
<chamber>HOUSE</chamber>
<granuleDate>2017-09-25</granuleDate>
<time from="15:04:00" to="15:15:00"/>
<bill congress="115" context="HEADERLINE" number="2061" type="HR"/>
<bill congress="115" context="FIRSTPARAGRAPH" number="2061" type="HR"/>
<bill congress="115" context="OTHER" number="2061" type="HR"/>
<congCommittee authorityId="hsfa00" chamber="H" congress="115" type="S">
<name type="authority-standard">Committee on Foreign Affairs</name>
<name type="authority-short">Foreign Affairs</name>
</congCommittee>
<congCommittee authorityId="hsap00" chamber="H" congress="115" type="S">
<name type="authority-standard">Committee on Appropriations</name>
<name type="authority-short">Appropriations</name>
</congCommittee>
<congCommittee authorityId="ssap00" chamber="S" congress="115" type="S">
<name type="authority-standard">Committee on Appropriations</name>
<name type="authority-short">Appropriations</name>
</congCommittee>
<congMember authorityId="998" bioGuideId="R000487" chamber="H" congress="115" gpoId="7845" party="R" role="SPEAKING" state="CA">
<name type="parsed">Mr. ROYCE of California</name>
<name type="authority-fnf">Edward R. Royce</name>
<name type="authority-lnf">Royce, Edward R.</name>
<name type="authority-other">Ed Royce</name>
</congMember>
<congMember authorityId="344" bioGuideId="E000179" chamber="H" congress="115" gpoId="8078" party="D" role="SPEAKING" state="NY">
<name type="parsed">Mr. ENGEL</name>
<name type="authority-fnf">Eliot L. Engel</name>
<name type="authority-lnf">Engel, Eliot L.</name>
<name type="authority-other">Eliot Engel</name>
</congMember>
<congMember authorityId="2115" bioGuideId="Y000065" chamber="H" congress="115" party="R" role="SPEAKING" state="FL">
<name type="parsed">Mr. YOHO</name>
<name type="authority-fnf">Ted S. Yoho</name>
<name type="authority-lnf">Yoho, Ted S.</name>
<name type="authority-other">Mr. Ted Yoho</name>
</congMember>
<law congress="108" isPrivate="false" number="333"/>
<law congress="110" isPrivate="false" number="346"/>
<law congress="112" isPrivate="false" number="172"/>
<law congress="114" isPrivate="false" number="122"/>
<USCode title="22">
<section detail="et seq." number="7801"/>
<section detail="note" number="7801"/>
<section detail="(b)" number="7812"/>
<section number="7813"/>
<section detail="(a)" number="7813"/>
<section number="7814"/>
<section number="7817"/>
<section number="7831"/>
<section detail="(c)" number="7833"/>
<section number="7845"/>
<section number="9253"/>
</USCode>
</extension>
<relatedItem type="isReferencedBy">
<titleInfo>
<title>United States House Bill 2061  (115th Congress)</title>
</titleInfo>
<identifier type="Congressional Bill citation">H.R. 2061</identifier>
<extension>
<congress>115</congress>
<context>HEADERLINE</context>
</extension>
</relatedItem>
<relatedItem type="isReferencedBy">
<titleInfo>
<title>United States House Bill 2061  (115th Congress)</title>
</titleInfo>
<identifier type="Congressional Bill citation">H.R. 2061</identifier>
<extension>
<congress>115</congress>
<context>FIRSTPARAGRAPH</context>
</extension>
</relatedItem>
<relatedItem type="isReferencedBy">
<titleInfo>
<title>United States House Bill 2061  (115th Congress)</title>
</titleInfo>
<identifier type="Congressional Bill citation">H.R. 2061</identifier>
<extension>
<congress>115</congress>
<context>OTHER</context>
</extension>
</relatedItem>
<relatedItem type="isReferencedBy">
<titleInfo>
<title>United States Code</title>
<partNumber>Title 22 Section 7801et seq.</partNumber>
<partNumber>Title 22 Section 7801note</partNumber>
<partNumber>Title 22 Section 7812(b)</partNumber>
<partNumber>Title 22 Section 7813</partNumber>
<partNumber>Title 22 Section 7813(a)</partNumber>
<partNumber>Title 22 Section 7814</partNumber>
<partNumber>Title 22 Section 7817</partNumber>
<partNumber>Title 22 Section 7831</partNumber>
<partNumber>Title 22 Section 7833(c)</partNumber>
<partNumber>Title 22 Section 7845</partNumber>
<partNumber>Title 22 Section 9253</partNumber>
</titleInfo>
<identifier type="USC citation">22 U.S.C. 7801et seq.</identifier>
<identifier type="USC citation">22 U.S.C. 7801note</identifier>
<identifier type="USC citation">22 U.S.C. 7812(b)</identifier>
<identifier type="USC citation">22 U.S.C. 7813</identifier>
<identifier type="USC citation">22 U.S.C. 7813(a)</identifier>
<identifier type="USC citation">22 U.S.C. 7814</identifier>
<identifier type="USC citation">22 U.S.C. 7817</identifier>
<identifier type="USC citation">22 U.S.C. 7831</identifier>
<identifier type="USC citation">22 U.S.C. 7833(c)</identifier>
<identifier type="USC citation">22 U.S.C. 7845</identifier>
<identifier type="USC citation">22 U.S.C. 9253</identifier>
</relatedItem>
<relatedItem>
<titleInfo>
<title>United States Public Law 108-333</title>
</titleInfo>
<identifier type="public law citation">Public Law 108-333</identifier>
</relatedItem>
<relatedItem>
<titleInfo>
<title>United States Public Law 110-346</title>
</titleInfo>
<identifier type="public law citation">Public Law 110-346</identifier>
</relatedItem>
<relatedItem>
<titleInfo>
<title>United States Public Law 112-172</title>
</titleInfo>
<identifier type="public law citation">Public Law 112-172</identifier>
</relatedItem>
<relatedItem>
<titleInfo>
<title>United States Public Law 114-122</title>
</titleInfo>
<identifier type="public law citation">Public Law 114-122</identifier>
</relatedItem>
<relatedItem ID="P0b002ee1970014c8" type="host">
<titleInfo>
<title>Congressional Record</title>
<partNumber>Vol. 163, no. 153</partNumber>
</titleInfo>
<location>
<url access="object in context" displayLabel="Content Detail">https://www.gpo.gov/fdsys/pkg/CREC-2017-09-25/content-detail.html</url>
<url access="raw object" displayLabel="PDF rendition">https://www.gpo.gov/fdsys/pkg/CREC-2017-09-25/pdf/CREC-2017-09-25.pdf</url>
</location>
<part type="issue">
<extent unit="pages">
<start>H7437</start>
<end>H7488</end>
</extent>
<extent unit="pages">
<start>S5873</start>
<end>S6095</end>
</extent>
<extent unit="pages">
<start>E1253</start>
<end>E1265</end>
</extent>
<extent unit="pages">
<start>D999</start>
<end>D1006</end>
</extent>
</part>
<originInfo>
<publisher>U.S. Government Publishing Office</publisher>
<dateIssued encoding="w3cdtf">2017-09-25</dateIssued>
<issuance>continuing</issuance>
<frequency authority="marcfrequency">daily</frequency>
</originInfo>
<physicalDescription>
<note type="source content type">deposited</note>
<digitalOrigin>born digital</digitalOrigin>
<extent>592 p.</extent>
</physicalDescription>
<classification authority="sudocs">X 1.1/A:</classification>
<classification authority="sudocs">X/A.</classification>
<identifier type="uri">https://www.gpo.gov/fdsys/pkg/CREC-2017-09-25</identifier>
<identifier type="local">P0b002ee1970014c8</identifier>
<identifier type="stock number">752-002-00000-2</identifier>
<identifier type="ILS system id">000568013</identifier>
<identifier type="former package identifier">cr25se17</identifier>
<recordInfo>
<recordContentSource authority="marcorg">DGPO</recordContentSource>
<recordCreationDate encoding="w3cdtf">2017-09-26</recordCreationDate>
<recordChangeDate encoding="w3cdtf">2017-09-26</recordChangeDate>
<recordIdentifier source="DGPO">CREC-2017-09-25</recordIdentifier>
<recordOrigin>machine generated</recordOrigin>
<languageOfCataloging>
<languageTerm authority="iso639-2b" type="code">eng</languageTerm>
</languageOfCataloging>
</recordInfo>
<accessCondition type="GPO scope determination">fdlp</accessCondition>
<extension>
<docClass>CREC</docClass>
<accessId>CREC-2017-09-25</accessId>
<volume>163</volume>
<issue>153</issue>
<congress>115</congress>
<session>1</session>
<bookCount>1</bookCount>
</extension>
</relatedItem>
</mods>