speech_id,last_name_id,topic_id,word_count,speech_text,file_name,speaker_id,session_title,year,day,month
19243,BARRASSO,topic-id,151,"Mr.President, I would like to take the opportunity to express my appreciation to Elizabeth for her hard work as an intern in the Senate Committee on Environment and Public I recognize her efforts and contributions to my office, as well as to the State of  Elizabeth is a native of She currently attends Johns Hopkins University, where she is studying international studies and history. She has demonstrated a strong work ethic, which has made her an invaluable asset to our office. The quality of her work is reflected in her great efforts over the last several months.  I want to thank Elizabeth for the dedication she has shown while working for me and my staff. It was a pleasure to have her as part of our team. I know she will have continued success with all of her future endeavors. I wish her all my best on her next journey.                          ____________________",CREC-2017-07-31-pt1-PgS4614-2.txt,1881,TRIBUTE TO ELIZABETH DUNCAN,2017.0,31.0,July
19245,BARRASSO,topic-id,152,"Mr.President, I would like to take the opportunity to express my appreciation to Kaitlyn for her hard work as an intern in the Senate Committee on Environment and Public I recognize her efforts and contributions to my office, as well as to the State of  Kaitlyn is a native of She currently attends the University of Oklahoma, where she is studying political science and history. She has demonstrated a strong work ethic, which has made her an invaluable asset to our office. The quality of her work is reflected in her great efforts over the last several months.  I want to thank Kaitlyn for the dedication she has shown while working for me and my staff. It was a pleasure to have her as part of our team. I know she will have continued success with all of her future endeavors. I wish her all my best on her next journey.                          ____________________",CREC-2017-07-31-pt1-PgS4614-3.txt,1881,TRIBUTE TO KAITLYN FINLEY,2017.0,31.0,July
19250,BARRASSO,topic-id,149,"Mr.President, I would like to take the opportunity to express my appreciation to Maridi for her hard work as an intern in my Washington, DC, office. I recognize her efforts and contributions to my office, as well as to the State of  Maridi is a native of Casper, She currently attends the University of Wyoming, where she is studying international studies and She has demonstrated a strong work ethic, which has made her an invaluable asset to our office. The quality of her work is reflected in her great efforts over the last several months.  I want to thank Maridi for the dedication she has shown while working for me and my staff. It was a pleasure to have her as part of our team. I know she will have continued success with all of her future endeavors. I wish her all my best on her next journey.                          ____________________",CREC-2017-07-31-pt1-PgS4614.txt,1881,ADDITIONAL STATEMENTS,2017.0,31.0,July
19264,BARRASSO,topic-id,147,"Mr.President, I would like to take the opportunity to express my appreciation to Samuel for his hard work as an intern in the Senate Committee on Environment and Public I recognize his efforts and contributions to my office, as well as to the State of  Samuel is a native of Wilson, WY, and a graduate of Boston He studied environmental studies. He has demonstrated a strong work ethic, which has made him an invaluable asset to our office. The quality of his work is reflected in his great efforts over the last several months.  I want to thank Samuel for the dedication he has shown while working for me and my staff. It is a pleasure to have him as part of our team. I know he will have continued success with all of his future endeavors. I wish him all my best on his journey.                          ____________________",CREC-2017-07-31-pt1-PgS4614-4.txt,1881,TRIBUTE TO SAMUEL FRENCH,2017.0,31.0,July
19266,BARRASSO,topic-id,146,"Mr.President, I would like to take the opportunity to express my appreciation to Elizabeth for her hard work as an intern in the Senate Republican Policy I recognize her efforts and contributions to my office, as well as to the State of  Elizabeth is a native of New She currently attends Villanova University, where she is studying political science. She has demonstrated a strong work ethic, which has made her an invaluable asset to our office. The quality of her work is reflected in her great efforts over the last several months.  I want to thank Elizabeth for the dedication she has shown while working for me and my staff. It was a pleasure to have her as part of our team. I know she will have continued success with all of her future endeavors. I wish her all my best on her next journey.                          ____________________",CREC-2017-07-31-pt1-PgS4614-5.txt,1881,TRIBUTE TO ELIZABETH GREGORY,2017.0,31.0,July
19279,BARRASSO,topic-id,149,"Mr.President, I would like to take the opportunity to express my appreciation to Amanda for her hard work as an intern in my Washington, DC, office. I recognize her efforts and contributions to my office, as well as to the State of  Amanda is a native of Casper, She currently attends the University of Wyoming, where she is studying business management and She has demonstrated a strong work ethic, which has made her an invaluable asset to our office. The quality of her work is reflected in her great efforts over the last several months.  I want to thank Amanda for the dedication she has shown while working for[[Page S4615]]me and my staff. It was a pleasure to have her as part of our team. I know she will have continued success with all of her future endeavors. I wish her all my best on her next journey.                          ____________________",CREC-2017-07-31-pt1-PgS4614-7.txt,1881,TRIBUTE TO AMANDA HINCHEY,2017.0,31.0,July
19281,BARRASSO,topic-id,147,"Mr.President, I would like to take the opportunity to express my appreciation to Connor for his hard work as an intern in the Senate Committee on Environment and Public I recognize his efforts and contributions to my office, as well as to the State of  Connor is a native of He currently attends Linfield College, where he is studying political science. He has demonstrated a strong work ethic, which has made him an invaluable asset to our office. The quality of his work is reflected in his great efforts over the last several months.  I want to thank Connor for the dedication he has shown while working for me and my staff. It is a pleasure to have him as part of our team. I know he will have continued success with all of his future endeavors. I wish him all my best on his journey.                          ____________________",CREC-2017-07-31-pt1-PgS4614-6.txt,1881,TRIBUTE TO CONNOR HIGGINS,2017.0,31.0,July
19295,BARRASSO,topic-id,150,"Mr.President, I would like to take the opportunity to express my appreciation to Jessica for her hard work as an intern in the Senate Republican Policy I recognize her efforts and contributions to my office, as well as to the State of  Jessica is a native of Cheyenne, She currently attends the University of Wyoming, where she is studying secondary education social studies. She has demonstrated a strong work ethic, which has made her an invaluable asset to our office. The quality of her work is reflected in her great efforts over the last several months.  I want to thank Jessica for the dedication she has shown while working for me and my staff. It was a pleasure to have her as part of our team. I know she will have continued success with all of her future endeavors. I wish her all my best on her next journey.                          ____________________",CREC-2017-07-31-pt1-PgS4615-2.txt,1881,TRIBUTE TO JESSICA LEACH,2017.0,31.0,July
19305,BARRASSO,topic-id,151,"Mr.President, I would like to take the opportunity to express my appreciation to Caren for her hard work as an intern in the Senate Committee on Environment and Public I recognize her efforts and contributions to my office, as well as to the State of  Caren is a native of She is a graduate of the University of Oklahoma, where she studied environmental sustainability. She has demonstrated a strong work ethic, which has made her an invaluable asset to our office. The quality of her work is reflected in her great efforts over the last several months.  I want to thank Caren for the dedication she has shown while working for me and my staff It was a pleasure to have her as part of our team. I know she will have continued success with all of her future endeavors. I wish her all my best on her next journey.                          ____________________",CREC-2017-07-31-pt1-PgS4615-3.txt,1881,TRIBUTE TO CAREN NELSON,2017.0,31.0,July
19307,BARRASSO,topic-id,146,"Mr.President, I would like to take the opportunity to express my appreciation to Patrick for his hard work as an intern in my Casper office. I recognize his efforts and contributions to my office, as well as to the State of  Patrick is a native of Casper, He currently attends the University of Wyoming, where he is studying organizational leadership. He has demonstrated a strong work ethic, which has made him an invaluable asset to our office. The quality of his work is reflected in his great efforts over the last several months.  I want to thank Patrick for the dedication he has shown while working for me and my staff. It is a pleasure to have him as part of our team. I know he will have continued success with all of his future endeavors. I wish him all my best on his journey.                          ____________________",CREC-2017-07-31-pt1-PgS4615-7.txt,1881,TRIBUTE TO PATRICK SHEEHAN,2017.0,31.0,July
19317,BARRASSO,topic-id,146,"Mr.President, I would like to take the opportunity to express my appreciation to Christopher for his hard work as an intern in my Cheyenne office. I recognize his efforts and contributions to my office, as well as to the State of  Christopher is a native of Wheatland, He currently attends the University of Wyoming, where he is studying political science. He has demonstrated a strong work ethic, which has made him an invaluable asset to our office. The quality of his work is reflected in his great efforts over the last several months.  I want to thank Christopher for the dedication he has shown while working for me and my staff. It is a pleasure to have him as part of our team. I know he will have continued success with all of his future endeavors. I wish him all my best on his journey.                          ____________________",CREC-2017-07-31-pt1-PgS4615-6.txt,1881,TRIBUTE TO CHRISTOPHER RUWART,2017.0,31.0,July
19319,BARRASSO,topic-id,145,"Mr.President, I would like to take the opportunity to express my appreciation to Conor for his hard work as an intern in the Senate Republican Policy I recognize his efforts and contributions to my office as well as to the State of  Conor is a native of New He currently attends Boston College, where he is studying political science. He has demonstrated a strong work ethic, which has made him an invaluable asset to our office. The quality of his work is reflected in his great efforts over the last several months.  I want to thank Conor for the dedication he has shown while working for me and my staff. It is a pleasure to have him as part of our team. I know he will have continued success with all of his future endeavors. I wish him all my best on his journey.                          ____________________",CREC-2017-07-31-pt1-PgS4615-4.txt,1881,TRIBUTE TO CONOR POWERS,2017.0,31.0,July
19330,BARRASSO,topic-id,149,"Mr.President, I would like to take the opportunity to express my appreciation to Dakotah for her hard work as an intern in my Washington, DC, office. I recognize her efforts and contributions to my office, as well as to the State of  Dakotah is a native of Casper, She currently attends the University of Wyoming, where she is studying economics and journalism. She has demonstrated a strong work ethic, which has made her an invaluable asset to our office. The quality of her work is reflected in her great efforts over the last several months.  I want to thank Dakotah for the dedication she has shown while working for me and my staff. It was a pleasure to have her as part of our team. I know she will have continued success with all of her future endeavors. I wish her all my best on her next journey.                          ____________________",CREC-2017-07-31-pt1-PgS4615-5.txt,1881,TRIBUTE TO DAKOTAH PRICE,2017.0,31.0,July
19272,CORKER,topic-id,1293,"Mr.President, section 36(b) of the Arms Export Control Act requires that Congress receive prior notification of certain proposed arms sales as defined by that statute. Upon such notification, the Congress has 30 calendar days during which the sale may be reviewed. The provision stipulates that, in the Senate, the notification of proposed sales shall be sent to the chairman of the Senate Foreign Relations  In keeping with the committee's intention to see that relevant information is available to the full Senate, I ask unanimous consent to have printed in the Record the notifications which have been received. If the cover letter references a classified annex, then such annex is available to all Senators in the office of the Foreign Relations Committee, room SD-423.  There being no objection, the material was ordered to be printed in the Record, as follows:                                                  Defense Security                                           Cooperation Agency,                                                    Arlington,     Bob Corker,     Chairman, Committee on Foreign Relations,     U.Senate, Washington,       Dear Mr.Chairman: Pursuant to the reporting requirements      of Section 36(b)(1) of the Arms Export Control Act, as      amended, we are forwarding herewith Transmittal 17-30,      concerning the Navy's proposed Letter(s) of Offer and      Acceptance to the Government of Switzerland for defense      articles and services estimated to cost $115 million. After      this letter is delivered to your office, we plan to issue a      news release to notify the public of this proposed sale.           Sincerely,                                               Gregory Kausner,                                                  Acting                               Transmittal 17-30     Notice of Proposed Issuance of Letter of Offer Pursuant to          Section 35(b)(1) of the Arms Export Control Act, as          amended       (i) (U) Prospective Purchaser: The Government of            (ii) (U) Total Estimated Value:       Major Defense Equipment * $25 million.       Other $90 million.       Total $115 million.       (iii) (U) Description and Quantity or Quantities of      Articles or Services under Consideration for Purchase:       The following defense articles and services have been      requested as part of a Service Life Extension Program for      Switzerland's F/A-18C/D aircraft:       Major Defense Equipment (MDE):       Up to fifty (50) Multifunctional Information Distribution      System Joint Tactical Radio System (MIDS JTRS) with      Concurrent Multi-Net 4 (CMN-4)       Non-MDE includes: Fifty (50) ARC-210 GEN 5 RT-1900A(C)      radios w/Second Generation Anti-Jam Tactical UHF Radio for      NATO (SATURN) frequency hopping; twenty (20) Joint Helmet      Mounted Cueing System (JHMCS) Night Vision Cueing Display      (NVCD); CIT Automated Dependence Surveillance-Broadcast (ADS-     B) Out; software enhancements to the APG-73 radar;      improvements to the F/A-18 Software Configuration Set (SCS)      29C; and sustainment for the ALQ-165 Airborne Self Protection      Jammer (ASPJ) system. Operational support for these      modifications will be provided through upgrades to the      purchaser's unique Mission Data Also included are:      system integration and testing; software development and      integration; support equipment; spare and repair parts;      maintenance personnel and pilot familiarization training;      software support; publications and technical documents; U.     Government and contractor technical assistance; and other      related elements of logistics and program support.       (iv) (U) Military Department: Navy (XX-P-LAS).       (v) (U) Prior Related Cases, if any: SZ-P-      (vi) (U) Sales Commission, Fee, etc., Paid, Offered, or      Agreed to be Paid:       (vii) (U) Sensitivity of Technology Contained in the      Defense Article or Defense Services Proposed to be Sold: See      Attached       (viii) (U) Date Report Delivered to Congress: July 28,      2017.       *As defined in Section 47(6) of the Arms Export Control                               POLICY JUSTIFICATION             (U) Government of Switzerland--F/A-18 Upgrades       (U) The Government of Switzerland has requested the      possible sale of a Service Life[[Page S4613]]     Extension Program for its F/A-18C/D aircraft to include up to      fifty (50) Multifunctional Information Distribution System      Joint Tactical Radio System (MIDS JTRS) with Concurrent      Multi-Net 4 (CMN-4) capability; fifty (50) ARC-210 GEN 5 RT-     1900A(C) radios w/Second Generation Anti-Jam Tactical UHF      Radio for NATO (SATURN) frequency hopping; twenty (20) Joint      Helmet Mounted Cueing System (JHMCS) Night Vision Cueing      Display (NVCD); CIT Automated Dependence Surveillance-     Broadcast (ADS-B) Out; software enhancements to the APG-73      radar; improvements to the F/A-18 Software Configuration Set      (SCS) 29C; and sustainment for the ALQ-165 Airborne Self      Protection Jammer (ASPJ) system. Operational support for      these modifications will be provided through upgrades to the      purchaser's unique Mission Data Also included are:      system integration and testing; software development and      integration; support equipment; spare and repair parts;      maintenance personnel and pilot familiarization training;      software support; publications and technical documents; U.     Government and contractor technical assistance; and other      related elements of logistics and program support. The      estimated total case value is $115 million.       (U) This proposed sale will contribute to the foreign      policy and national security objectives of the United States      by helping to improve the security of Switzerland which has      been, and continues to be an important force for political      stability and economic progress in Switzerland is      also a member of the NATO Partnership for Peace (PfP)      program.       (U) The proposed sale will allow the Swiss Air Force to      extend the useful life of its F/A-18 fighter aircraft and      enhance their survivability. Further, the proposed sale will      increase Switzerland's tactical aviation operational      capabilities. Switzerland will have no difficulty absorbing      this equipment and support into its armed forces.       (U) The proposed sale of this equipment and support will      not alter the basic military balance in the region.       (U) The principal contractors will be the Boeing Company,      McDonnell Douglas Corporation, Louis, MO; Data Link      Solutions LLC, Wayne, NJ; Rockwell Collins, Cedar Rapids, IA;      Rockwell Collins ESA Vision System LLC, Fort Worth, There      are no known offset agreements associated with this potential      sale.       (U) Implementation of this proposed sale will not require      the assignment of any additional U.Government personnel or      contractor representatives to However, multiple      trips to Switzerland involving U.Government and contractor      representatives will be required for technical reviews/     support, and program management.       (U) There will be no adverse impact on U.defense      readiness as a result of this proposed sale.                         Transmittal 17-30     Notice of Proposed Issuance of Letter of Offer Pursuant to          Section 36(b)(1) of the Arms Export Control Act                           Annex Item vii       (vii) (U) Sensitivity of Technology:       1. (U) The hardware and software being purchased is being      used to upgrade Switzerland's existing F/A-18C/D Hornet      aircraft. Description and classification of the hardware and      software being purchased are detailed in the following      paragraphs.       a. (U) The MIDS/JTRS with CMN-4 is a secure, scalable,      modular, wireless, and jam-resistant digital information      system currently providing Tactical Air Navigation (TACAN),      Link-16, and J-Voice to airborne, ground, and maritime joint      and coalition warfighting platforms. MIDS provides real-time      and low-cost information and situational awareness via      digital and voice, communications within the JTRS      The MIDS/JTRS hardware is The MIDS/JTRS      software requires a crypto key be loaded in order to      function. The crypto key required for operation is a      Controlled Cryptographic Item (CCI).       b. (U) The ARC-210 GEN 5 RT-1990A(C) is a digital radio      capable of transmit and receipt of Digital Communication      System, Variable Message Format (DCS/VMF) encrypted data      messages. The RT-1990 hardware is The RT 1900      software requires a crypto key be loaded in order to      function. The crypto key required for operation is a      Controlled Cryptographic Item (CCI).       c. (U) The AN/AVS-11 Night Vision Cueing Device (NVCD) is      UNCLASSIFIED but is capable of high resolution imaging. This      capability allows reduced visibility weapon delivery using      Switzerland's F/A-18C/D aircraft. While the NVCD hardware is      UNCLASSIFIED, this item requires Enhanced End Use Monitoring      (EEUM).       2. (U) If a technologically advanced adversary were to      obtain knowledge of the specific hardware and software      elements, the information could be used to develop      countermeasures which might reduce weapons systems      effectiveness or be used in the development of a system with      similar or advanced capabilities.       3. (U) A determination has been made that the Government of      Switzerland can provide substantially the same degree of      protection for the sensitive technology being released as the      U.This proposed sale is necessary to the      furtherance of the U.foreign policy and national security      objectives outlined in the policy justification.       4. All defense articles and services listed in this      transmittal are authorized for release and export to the      Government of                          ____________________",CREC-2017-07-31-pt1-PgS4612-3.txt,1825,ARMS SALES NOTIFICATION,2017.0,31.0,July
19268,CORNYN,topic-id,24,"The following Senators are necessarily absent: the Senator from North Carolina (Mr.Burr), the Senator from South Carolina (Mr.Graham), and the Senator from Arizona (Mr.McCain).  ",CREC-2017-07-31-pt1-PgS4612.txt,1692,EXECUTIVE CALENDAR--Continued,2017.0,31.0,July
19269,DURBIN,topic-id,180,"I announce that the Senator from New Jersey (Mr.Menendez), the Senator from Oregon (Mr.Merkley), and the Senator from Michigan (Mr.Peters) are necessarily absent.  The PRESIDING OFFICER (Mr.Lankford). Are there any other Senators in the Chamber desiring to vote?  The yeas and nays resulted--yeas 68, nays 26, as follows:                      [Rollcall Vote 180 Leg.]                                YEAS--68     Alexander     Barrasso     Blumenthal     Blunt     Boozman     Capito     Cardin     Casey     Cassidy     Cochran     Collins     Corker     Cornyn     Cotton     Crapo     Cruz     Daines     Donnelly     Duckworth     Durbin     Enzi     Ernst     Feinstein     Fischer     Flake     Gardner     Grassley     Hassan     Hatch     Heitkamp     Heller     Hirono     Hoeven     Inhofe     Isakson     Johnson     Kennedy     Klobuchar     Lankford     Leahy     Lee     McCaskill     McConnell     Moran     Murkowski     Murphy     Nelson     Paul     Perdue     Portman     Risch     Roberts     Rounds     Rubio     Sasse     Scott     Shaheen     Shelby     Stabenow     Strange     Sullivan     Tester     Thune     Tillis     Toomey     Warner     Wicker     Young                                NAYS--26     Baldwin     Bennet     Booker     Brown     Cantwell     Carper     Coons     Cortez Masto     Franken     Gillibrand     Harris     Heinrich     Kaine     King     Manchin     Markey     Murray     Reed     Sanders     Schatz     Schumer     Udall     Van Hollen     Warren     Whitehouse     Wyden                             NOT VOTING--6     Burr     Graham     McCain     Menendez     Merkley     Peters  The PRESIDING On this vote, the yeas are 68, the nays are 26.  The motion is agreed to.  The majority leader.                          ____________________",CREC-2017-07-31-pt1-PgS4612.txt,326,EXECUTIVE CALENDAR--Continued,2017.0,31.0,July
19287,ENZI,topic-id,23,"Mr.President, I ask unanimous consent that the order for the quorum call be rescinded.  The PRESIDING Without objection, it is so ordered.                          ____________________",CREC-2017-07-31-pt1-PgS4610-2.txt,1542,EXECUTIVE SESSION,2017.0,31.0,July
19322,ENZI,topic-id,378,"Mr.President, I wish to speak on behalf of Peter John Camino, who is being inducted into the Wyoming Agriculture Hall of Every year since 1992, Wyoming has recognized individuals who have made substantial contributions to agriculture in our As a third-generation rancher dedicating much of his life to Wyoming's agriculture industry, Peter John is well deserving of this honor.  Peter John grew up on his ranch that his grandfather founded near Buffalo, After attending college, he joined[[Page S4614]]the military and served honorably for several years. Ultimately, the ranch lifestyle called him home and he returned to Wyoming to take over the family operation. Peter John has said the sheep business was thriving upon his return and fondly remembers the community support and good times.  Fortunately for Wyoming, Peter John not only stuck with the agriculture industry during the good times, but took on leadership positions and persevered through the hard times as well. Peter John served as president of the Wyoming Wool Growers Association and played a crucial role in strengthening the organization. He has been described by coworkers and friends as a courageous leader who would always take time to listen to members of the organization. As president, he guided the sheep industry through some tough times and advocated for its cause at the local and Federal levels.  Leadership, courage, and collaboration are only some of the admirable qualities Peter John possesses. He has also shown dedication and selflessness while volunteering in his community and passing on his knowledge of the agriculture industry to younger generations. In addition to volunteering with his church and Knights of Columbus, serving on the board for Johnson County Fire District, and advising the University of Wyoming's Sheep Program, he also serves as sheep superintendent for the Johnson County Fair and often invites schoolkids to his ranch to teach them about ranching, the sheep industry, and the value of wool.  I want to extend my congratulations to Mr.Camino and thank him for his service and years of hard work. Peter John truly lives the ``Code of the West,'' and I am proud to have the opportunity to recognize his achievements as an inductee into the Wyoming Agriculture Hall of Wyoming is well served by his lasting and continuing contributions to our                          ____________________",CREC-2017-07-31-pt1-PgS4613-2.txt,1542,TRIBUTE TO PETER JOHN CAMINO,2017.0,31.0,July
19262,FEINSTEIN,topic-id,512,"Mr.President, today I want to speak briefly about the nomination of Kevin Newsom to the Eleventh Circuit Court of Appeals from  I intend to support Mr.Newsom's nomination. Mr.Newsom is currently in private practice in He previously served as the solicitor general of He also clerked for Justice Souter on the U.Supreme Court and graduated from Harvard Law School and Samford The American Bar Association has unanimously rated him ``well qualified.''  My support for Mr.Newsom's nomination does not mean that this is a judicial nominee that I would have necessarily chosen. There are aspects of Mr.Newsom's record that concern me.  For example, in private practice, Mr.Newsom published an article in which he was extremely critical of the doctrine known as substantive due process. This is the doctrine the Supreme Court invoked in protecting the right to use contraception, a women's right to choose, and the right to same-sex marriage.  Additionally, as solicitor general of Alabama, Mr.Newsom filed an amicus brief in the Supreme Court in the case Rasul v. Bush, arguing that Federal courts did not have jurisdiction to hear habeas claims from foreign nationals who were captured overseas and detained at Guantanamo The Supreme Court ruled against Mr.Newsom's position in a 6-3 decision.  Lastly, while Mr.Newsom was in private practice, he filed an amicus brief in the Supreme Court case Roper v. Simmons, where he urged the Court to reject a brightline rule prohibiting capital punishment for children under the age of 18. His work on this case followed several other cases where, as solicitor general of Alabama, he had argued against procedural rights for individuals on death row.  As I consider this nominee, I have to balance these positions--which do concern me--with other aspects of Mr.Newsom's nomination. Here, we have a nominee unanimously rated ``well qualified'' by the American Bar His home-State Senators have returned blue slips and support his nomination. Although some outside groups have expressed concerns, no outside group has officially opposed his confirmation.  As a result, I voted to invoke cloture on Mr.Newsom's nomination today. My decision on every nominee will be based on that nominee's individual record.  I also want to briefly remind my colleagues why we are even considering Mr.Newsom's nomination in the first place.  In February 2016, President Obama nominated Alabama U.District Court Judge Abdul Kallon for this very same vacancy on the Eleventh  Today Mr.Newsom was voted on because Senators Shelby and Strange returned blue slips for his nomination.  I would like the Senate to also know that we held a hearing just last week that included Judge Ralph Erickson to be a judge on the Eighth Circuit Court of Appeals because Senators Hoeven and Heitkamp returned their blue slips. This shows the importance of the blue slip helping move nominations through the process.  Democratic Senators are conducting their due diligence on these nominees before returning their blue slips, and in the Erickson nomination, the return of the blue slip is bipartisan. Many of the current nominees have voluminous records, and we need to allow home-State Senators to do their work.  Thank you.                          ____________________",CREC-2017-07-31-pt1-PgS4613.txt,1332,NOMINATION OF KEVIN NEWSOM,2017.0,31.0,July
19285,NELSON,topic-id,24,"Madam President, I ask unanimous consent that the order for the quorum call be rescinded.  The PRESIDING Without objection, it is so ordered.                               Venezuela  ",CREC-2017-07-31-pt1-PgS4610-2.txt,859,EXECUTIVE SESSION,2017.0,31.0,July
19286,NELSON,topic-id,1148,"Madam President, we have chaos in It is a protracted crisis in Venezuela, which took yet another turn for the worse yesterday.  Venezuelan President Nicolas Maduro pushed ahead with a vote to form a constitutional assembly despite the vehement opposition of the Venezuelan people and overwhelming international criticism. It became a sham vote. Only about 10 percent of the population voted. The opposition stayed home. Plain and simple, the vote was illegal, and it was rigged. Once again, on the streets and at the ballot box, the Venezuelan people have made themselves heard loud and clear. Two weeks ago, more than 7 million Venezuelans voted against even holding this vote, and, yesterday, millions of people stayed home.  Maduro wants to rewrite Venezuela's Constitution so that he can cling to power, and yesterday's vote was only the latest attempt to undermine, if not to completely undo, Venezuela's democracy. He continues to crack down on protesters, killing more than 100 and injuring and arresting thousands more. His thugs have raided homes and terrorized the opposition's families. He has tried to strip the National Assembly of its powers, undercut the Attorney General, and he has co-opted the courts. His thugs attacked the National Assembly and injured opposition lawmakers. He blocked a lawful referendum to recall his election.  His cronies steal the country's money and enrich themselves. All the while, the Venezuelan people suffer. The people go hungry; children are malnourished; there are no staple products--no medicines, no medical supplies for the people. Of course, you know who gets the food and the medical treatment. It is the privileged few--the Maduro ones whom he protects. This is Venezuela's tragic reality.  Maduro has made himself a dictator, and he and his cronies are bent on turning Venezuela's once vibrant democracy and once vibrant economy into a Cuban-style regime. Nevertheless, the Venezuelan people, in the face of violence, oppression, and deprivation, continue to fight for their democracy--for the little bit of freedom they have left. They are doing everything they can--at great risk to themselves and their families--to save their democracy and, thus, to save their country. The task just got a lot harder.  The issue before us is what we can do to support them since Maduro has now installed himself with this fake referendum on the National What can we do to keep Maduro from being the dictator he is?  What we need to do is to condemn the National Assembly as the sham that it is. It also means the United States increasing the pressure on the Maduro regime. I just spoke this afternoon with the Treasury The United States announced a little earlier this afternoon that it has frozen Maduro's assets. I expect at least two other countries to follow suit--and probably more after they do. This is an important step, and I hope that it is the first in what will be the strongest possible economic sanctions to stop It is time that we consider cutting the imports of Venezuela's oil also.  What have we done thus far?  There was already a group of Maduro's cronies--some in the private sector, some in the government--on whom the sanctions have been slapped. You ask: What does that do? What good does that do? Listen, all of these cronies of Maduro's love to come to They love to have offshore bank accounts and all kinds of assets stashed overseas--if not in the United States, perhaps in some of those other countries that are going to follow suit. We should do that with his cronies.  What we have done today with the announcement by the Treasury Department is to freeze Nicholas Maduro's assets, and if other countries will follow suit, they are going to freeze his assets as well.  Maybe we should take the next step. The next step is that Venezuela exports a lot of its oil to the United It is such a heavy, dirty crude that a good part of that has to go to the refineries in the United States because those refineries are the ones that are capable of refining that heavy, dirty crude. Maybe we just ought to stop our imports of Venezuela's oil and absorb that percentage of loss of oil that is coming into the United States from Venezuela as, clearly, on the world marketplace, oil is fungible. Maybe that is what we ought to do because we are now dealing with a Cuban-style dictator who is the head of  I think, in going forward, that the United States must insist on the release of all political prisoners and the rule of law and that Venezuela has to go back to when it was a thriving democracy. That was back when they respected human rights and the people had some freedoms. As the United States, we ought to help rally the nations of the Organization of American States and rally the support of the world to bring about a meaningful end to this crisis because it is just going to get worse and worse.  The violence that you have seen on the TV yesterday and today is going to continue. As you continue to squeeze the people, to starve them, to take away all semblance of human decency, what do you think they are going to do? They are going to revolt, and the violence is not going to stop.  There is a role for Congress, and there is an opportunity for the Congress to lead. The President's budget eliminated the funding for democracy programs in Venezuela that supported the old National Assembly and civil society and those same democracy programs that promoted human rights and the encouraging of an independent media.  Recently I wrote to the Senate Appropriations Committee, along with a number of other Senators, urging that the committee continue that funding for those democracy programs in In May, this Senator joined Senators Cardin and Rubio and seven others in introducing the Venezuela Humanitarian Assistance and Defense of Democratic Governance That bill addresses the many aspects of the crisis in  It codified targeted sanctions on regime officials--something we are now implementing--and thank goodness for this announcement today by the administration. I give them kudos for that. That act would authorize badly needed humanitarian assistance. It would back OAS efforts to bring about an end to the crisis, and it funds election observation organizations and[[Page S4612]]groups working to defend democracy in  These are bipartisan efforts, and I urge our colleagues to support them, and I urge that we bring them up as soon as possible. The situation is terrible in the country, and the situation in that chaos, especially what we have seen in Caracas, is going to get worse. Time is of the essence.  I yield the floor.  I suggest the absence of a quorum.  The PRESIDING OFFICER (Mr.Moran). The clerk will call the roll.  The legislative clerk proceeded to call the roll.  ",CREC-2017-07-31-pt1-PgS4610-2.txt,859,EXECUTIVE SESSION,2017.0,31.0,July
19284,SCHUMER,topic-id,1268,"Thank you, Madam  First, on the matter of healthcare. I sincerely and truly hope the events of last week are a turning point. I hope they steer this body toward a period of greater bipartisanship. We sure could use it because the problems in our healthcare system did not end last week. We Democrats know that the Affordable Care Act wasn't perfect. We want to keep what works--and there are a lot of good things in it--and we want to fix what doesn't. We have a lot of work to do on that front.  Our first order of business should be to stabilize the individual market and then both parties should work together through regular order through committees to discuss other improvements. Chairman Alexander and Ranking Member Murray have indicated they want to work together, have public hearings, and do this the right away. I am hopeful Chairman Hatch, Ranking Member Wyden, both of whom have proven themselves willing and able to work across party lines, also will be willing to work closely together to address broader problems with our healthcare system.  Let me repeat. The first order of business should be to stabilize the individual market, which has been racked by uncertainty.  Right now, as insurers prepare to lock in their rates and plans for 2018, the Trump administration is dangling a massive sword of Damocles over the heads of millions of Americans, threatening to end payments the administration is supposed to make that would lower deductibles and out-of-pocket costs for so many These payments are critical to keeping healthcare costs down and keeping the markets stable. Remember, AHIP--the largest trade group of insurers--has said the uncertainty about these payments is ``the single most destabilizing factor in the individual market.'' That is not Chuck Schumer or some Democrat saying it, it is the insurers saying it. Make no mistake, by refusing these payments, President Trump is sabotaging our healthcare system. He is actively trying to make it collapse, taking out his political loss on the American people. That is not being Presidential; that is small, it is vindictive, and it will hurt millions of Americans he has sworn to help.  In Pennsylvania and North Carolina, insurers have filed two separate sets of possible rates for 2018; one if the payments are made and one if they are not. If the payments are not made, premiums would be 20 percent higher.  Let's repeat that. If the payments are not made, if President Trump follows through on his vindictive idea of not making the payments, premiums will be 20 percent higher for the people of North Carolina and So if President Trump does not guarantee these payments permanently, Americans will have to pay a Trump tax on their premiums next year.  Let me say that again. If President Trump does not guarantee these payments, Americans will be paying a Trump tax of 20 percent higher premiums.  President Trump has a responsibility to make our healthcare system work, and millions of Americans will hold him accountable if the system implodes on his watch, if insurers leave the markets on his watch, or if their premiums go up 20 percent or more on his watch.  Of course, we in Congress could remove the uncertainty hanging over the market and take the decision out of the President's hands. We can and should guarantee these payments as soon as possible, before the insurers set their rates for next year. I urge my Republican friends to join us on Senator Shaheen's bill to guarantee these payments and prevent President Trump's premium tax from going into effect. Republican Senators Alexander, Collins, Hatch, Portman, and Johnson have all spoken about the need to do this. I hope they will help us move forward. We could get this done very quickly and show the American people that we are able to work together on healthcare in a very bipartisan way, to help keep costs down for so many ratepayers.                             Sanctions Bill  Now, Madam President, on the matter of Russia sanctions. I was very proud last week, as nearly every Member of Congress, save five, voted to pass legislation for sanctions on Russia, Iran, and North Korea; that there was such bipartisanship on that issue. According to reports, the President will sign the legislation.  These are tough sanctions. They will have a real effect on Russia, and they are more than justified. President Putin violated the sovereignty of Ukraine, aided and abetted human rights abuses in Syria, and attacked the very foundation of our democracy by meddling in the 2016 election.  Just as importantly, the sanctions bill gives Congress the ability to review any decision to weaken, dilute, or lift sanctions on President Putin will not be able to get out from under the sting of these sanctions without the consent of  Let this be an unequivocal message to Mr.Putin and any other nation that is thinking of interfering in our elections: If you interfere with our elections, which we hold sacred, you will be sanctioned. Those sanctions will be severe.                          Russia Investigation  Finally, Madam President, a word on the investigation conducted by Special Counsel  Since the beginning of the investigation of Russia's meddling into our elections both here in Congress and in the executive branch, the heavy hand of the administration has never been far away. We know that the administration solicited the help of the chairman of the House Intelligence Committee to beat back reports in the press about Russia's interference in our election, and that was after 17 intelligence agencies said that it happened. The President fired FBI Director Jim Comey and admitted on national television that he was thinking about ``this Russia thing'' when he did it. Then, after Special Counsel Mueller was appointed to lead the investigation, allies of the administration went on television to defame his character, to sully his reputation--a shameful ploy to degrade a man with[[Page S4611]]one of the most sterling records of nonpartisan public service that a man can have in this country.  On Twitter, the President routinely berates and humiliates his former friend--maybe he still is a friend; who knows--his Attorney General, his great ally in his campaign. Jeff Sessions was one of President Trump's earliest friends, one of his first supporters in Not only does that get to character--I cannot imagine any American likes the way Senator Sessions was treated, whether you agree with him or disagree with him--but it also raises questions about whether the President wants the Attorney General to resign so that he can appoint a new Attorney General who is willing to fire Special Counsel  If such a scenario were to pass, we would have a constitutional crisis on our hands. The Senate should remove even the possibility of its coming about. So, in the tradition of the Senate, I expect that we will hold pro forma sessions throughout the upcoming recess to prevent a recess appointment from being made.  The fact that President Trump continues to meddle with the Department of Justice and impede the Russia investigation gets to a larger question: If President Trump has nothing to hide, nothing to fear, why not let Special Counsel Mueller do his job, follow the facts, and finally get to the bottom of the matter?  On a matter as important as foreign interference in our elections, the American people deserve a thorough and impartial investigation into the facts. President Trump should come nowhere near it.  I yield the floor.  I suggest the absence of a quorum.  The PRESIDING The clerk will call the roll.  The senior assistant legislative clerk proceeded to call the roll.  ",CREC-2017-07-31-pt1-PgS4610-2.txt,1036,EXECUTIVE SESSION,2017.0,31.0,July
