<mods ID="id-CREC-2018-02-06-pt1-PgH797-2" version="3.3" xmlns="http://www.loc.gov/mods/v3" xmlns:exslt="http://exslt.org/common" xmlns:xlink="http://www.w3.org/1999/xlink" xmlns:xsi="http://www.w3.org/2001/XMLSchema-instance" xsi:schemaLocation="http://www.loc.gov/mods/v3 http://www.loc.gov/standards/mods/v3/mods-3-3.xsd">
<name type="corporate">
<namePart>United States Government Publishing Office</namePart>
<role>
<roleTerm authority="marcrelator" type="text">publisher</roleTerm>
<roleTerm authority="marcrelator" type="code">pbl</roleTerm>
</role>
<role>
<roleTerm authority="marcrelator" type="text">distributor</roleTerm>
<roleTerm authority="marcrelator" type="code">dst</roleTerm>
</role>
</name>
<name type="corporate">
<namePart>United States</namePart>
<namePart>Congress</namePart>
<role>
<roleTerm authority="marcrelator" type="text">author</roleTerm>
<roleTerm authority="marcrelator" type="code">aut</roleTerm>
</role>
<description>Government Organization</description>
</name>
<typeOfResource>text</typeOfResource>
<genre authority="marcgt">government publication</genre>
<language>
<languageTerm authority="iso639-2b" type="code">eng</languageTerm>
</language>
<extension>
<collectionCode>CREC</collectionCode>
<category>Proceedings of Congress and General Congressional Publications</category>
<waisDatabaseName>2018_record</waisDatabaseName>
<branch>legislative</branch>
<dateIngested>2018-02-08</dateIngested>
</extension>
<titleInfo>
<title>CONGRESSIONAL ACCOUNTABILITY ACT OF 1995 REFORM ACT</title>
<partName>House</partName>
</titleInfo>
<relatedItem type="otherFormat" xlink:href="https://www.gpo.gov/fdsys/pkg/CREC-2018-02-06/html/CREC-2018-02-06-pt1-PgH797-2.htm">
<identifier type="FDsys Unique ID">D09002ee1985b2bbf</identifier>
</relatedItem>
<relatedItem type="otherFormat" xlink:href="https://www.gpo.gov/fdsys/pkg/CREC-2018-02-06/pdf/CREC-2018-02-06-pt1-PgH797-2.pdf">
<identifier type="FDsys Unique ID">D09002ee1985b2ca0</identifier>
</relatedItem>
<identifier type="congressional record citation">164 Cong. Rec. H797</identifier>
<identifier type="uri">https://www.gpo.gov/fdsys/granule/CREC-2018-02-06/CREC-2018-02-06-pt1-PgH797-2</identifier>
<identifier type="former granule identifier">CR06FE18-78</identifier>
<location>
<url access="object in context" displayLabel="Content Detail">https://www.gpo.gov/fdsys/granule/CREC-2018-02-06/CREC-2018-02-06-pt1-PgH797-2/content-detail.html</url>
<url access="raw object" displayLabel="PDF rendition">https://www.gpo.gov/fdsys/pkg/CREC-2018-02-06/pdf/CREC-2018-02-06-pt1-PgH797-2.pdf</url>
<url access="raw object" displayLabel="HTML rendition">https://www.gpo.gov/fdsys/pkg/CREC-2018-02-06/html/CREC-2018-02-06-pt1-PgH797-2.htm</url>
</location>
<physicalDescription>
<extent>17 p.</extent>
</physicalDescription>
<part type="article">
<extent unit="pages">
<start>H797</start>
<end>H813</end>
</extent>
</part>
<name type="personal">
<namePart>Gregg Harper</namePart>
<affiliation>United States House of Representatives</affiliation>
<role>
<roleTerm type="text">speaking</roleTerm>
</role>
<description>United States Congress Member</description>
</name>
<name type="personal">
<namePart>Robert A. Brady</namePart>
<affiliation>United States House of Representatives</affiliation>
<role>
<roleTerm type="text">speaking</roleTerm>
</role>
<description>United States Congress Member</description>
</name>
<name type="personal">
<namePart>Bradley Byrne</namePart>
<affiliation>United States House of Representatives</affiliation>
<role>
<roleTerm type="text">speaking</roleTerm>
</role>
<description>United States Congress Member</description>
</name>
<name type="personal">
<namePart>Jackie Speier</namePart>
<affiliation>United States House of Representatives</affiliation>
<role>
<roleTerm type="text">speaking</roleTerm>
</role>
<description>United States Congress Member</description>
</name>
<name type="personal">
<namePart>Susan W. Brooks</namePart>
<affiliation>United States House of Representatives</affiliation>
<role>
<roleTerm type="text">speaking</roleTerm>
</role>
<description>United States Congress Member</description>
</name>
<name type="personal">
<namePart>Nancy Pelosi</namePart>
<affiliation>United States House of Representatives</affiliation>
<role>
<roleTerm type="text">speaking</roleTerm>
</role>
<description>United States Congress Member</description>
</name>
<name type="personal">
<namePart>Rodney Davis</namePart>
<affiliation>United States House of Representatives</affiliation>
<role>
<roleTerm type="text">speaking</roleTerm>
</role>
<description>United States Congress Member</description>
</name>
<name type="personal">
<namePart>Jamie Raskin</namePart>
<affiliation>United States House of Representatives</affiliation>
<role>
<roleTerm type="text">speaking</roleTerm>
</role>
<description>United States Congress Member</description>
</name>
<name type="personal">
<namePart>Barbara Comstock</namePart>
<affiliation>United States House of Representatives</affiliation>
<role>
<roleTerm type="text">speaking</roleTerm>
</role>
<description>United States Congress Member</description>
</name>
<name type="personal">
<namePart>Theodore E. Deutch</namePart>
<affiliation>United States House of Representatives</affiliation>
<role>
<roleTerm type="text">speaking</roleTerm>
</role>
<description>United States Congress Member</description>
</name>
<name type="personal">
<namePart>Ron DeSantis</namePart>
<affiliation>United States House of Representatives</affiliation>
<role>
<roleTerm type="text">speaking</roleTerm>
</role>
<description>United States Congress Member</description>
</name>
<name type="personal">
<namePart>Eleanor Holmes Norton</namePart>
<affiliation>United States House of Representatives</affiliation>
<role>
<roleTerm type="text">speaking</roleTerm>
</role>
<description>United States Congress Member</description>
</name>
<name type="personal">
<namePart>Mia B. Love</namePart>
<affiliation>United States House of Representatives</affiliation>
<role>
<roleTerm type="text">speaking</roleTerm>
</role>
<description>United States Congress Member</description>
</name>
<name type="personal">
<namePart>Christopher H. Smith</namePart>
<affiliation>United States House of Representatives</affiliation>
<role>
<roleTerm type="text">speaking</roleTerm>
</role>
<description>United States Congress Member</description>
</name>
<name type="personal">
<namePart>Sheila Jackson Lee</namePart>
<affiliation>United States House of Representatives</affiliation>
<role>
<roleTerm type="text">speaking</roleTerm>
</role>
<description>United States Congress Member</description>
</name>
<name type="personal">
<namePart>Leonard Lance</namePart>
<affiliation>United States House of Representatives</affiliation>
<role>
<roleTerm type="text">speaking</roleTerm>
</role>
<description>United States Congress Member</description>
</name>
<name type="personal">
<namePart>Zoe Lofgren</namePart>
<affiliation>United States House of Representatives</affiliation>
<role>
<roleTerm type="text">speaking</roleTerm>
</role>
<description>United States Congress Member</description>
</name>
<name type="corporate">
<namePart>United States</namePart>
<namePart>Congress</namePart>
<namePart>House of Representatives</namePart>
<namePart>Committee on House Administration</namePart>
<role>
<roleTerm authority="marcrelator" type="text">associated name</roleTerm>
<roleTerm authority="marcrelator" type="code">asn</roleTerm>
</role>
<description>Government Organization</description>
</name>
<name type="corporate">
<namePart>United States</namePart>
<namePart>Congress</namePart>
<namePart>Senate</namePart>
<namePart>Committee on Rules and Administration</namePart>
<role>
<roleTerm authority="marcrelator" type="text">associated name</roleTerm>
<roleTerm authority="marcrelator" type="code">asn</roleTerm>
</role>
<description>Government Organization</description>
</name>
<name type="corporate">
<namePart>United States</namePart>
<namePart>Congress</namePart>
<namePart>House of Representatives</namePart>
<namePart>Committee on Ethics</namePart>
<role>
<roleTerm authority="marcrelator" type="text">associated name</roleTerm>
<roleTerm authority="marcrelator" type="code">asn</roleTerm>
</role>
<description>Government Organization</description>
</name>
<name type="corporate">
<namePart>United States</namePart>
<namePart>Congress</namePart>
<namePart>Senate</namePart>
<namePart>Select Committee on Ethics</namePart>
<role>
<roleTerm authority="marcrelator" type="text">associated name</roleTerm>
<roleTerm authority="marcrelator" type="code">asn</roleTerm>
</role>
<description>Government Organization</description>
</name>
<name type="corporate">
<namePart>United States</namePart>
<namePart>Congress</namePart>
<namePart>Senate</namePart>
<namePart>Committee on Homeland Security and Governmental Affairs</namePart>
<role>
<roleTerm authority="marcrelator" type="text">associated name</roleTerm>
<roleTerm authority="marcrelator" type="code">asn</roleTerm>
</role>
<description>Government Organization</description>
</name>
<name type="corporate">
<namePart>United States</namePart>
<namePart>Congress</namePart>
<namePart>House of Representatives</namePart>
<namePart>Committee on Oversight and Government Reform</namePart>
<role>
<roleTerm authority="marcrelator" type="text">associated name</roleTerm>
<roleTerm authority="marcrelator" type="code">asn</roleTerm>
</role>
<description>Government Organization</description>
</name>
<name type="corporate">
<namePart>United States</namePart>
<namePart>Congress</namePart>
<namePart>House of Representatives</namePart>
<namePart>Committee on Ways and Means</namePart>
<role>
<roleTerm authority="marcrelator" type="text">associated name</roleTerm>
<roleTerm authority="marcrelator" type="code">asn</roleTerm>
</role>
<description>Government Organization</description>
</name>
<identifier type="preferred citation">164 Cong. Rec. H797</identifier>
<extension>
<searchTitle>CONGRESSIONAL ACCOUNTABILITY ACT OF 1995 REFORM ACT; Congressional Record Vol. 164, No. 23</searchTitle>
<associatedBills>H.R. 4924, 115th Congress
        </associatedBills>
<granuleClass>HOUSE</granuleClass>
<accessId>CREC-2018-02-06-pt1-PgH797-2</accessId>
<subGranuleClass>ALLOTHER</subGranuleClass>
<pagePrefix>H</pagePrefix>
<bookNumber>1</bookNumber>
<chamber>HOUSE</chamber>
<granuleDate>2018-02-06</granuleDate>
<time from="11:41:00" to="12:30:00"/>
<bill congress="115" context="OTHER" number="630" type="HRES"/>
<bill congress="115" context="OTHER" number="724" type="HRES"/>
<bill congress="115" context="OTHER" number="4393" type="HR"/>
<bill congress="115" context="OTHER" number="4674" type="HR"/>
<bill congress="115" context="HEADERLINE" number="4924" type="HR"/>
<bill congress="115" context="FIRSTPARAGRAPH" number="4924" type="HR"/>
<bill congress="115" context="OTHER" number="4924" type="HR"/>
<congCommittee authorityId="hsha00" chamber="H" congress="115" type="S">
<name type="authority-standard">Committee on House Administration</name>
<name type="authority-short">House Administration</name>
</congCommittee>
<congCommittee authorityId="ssra00" chamber="S" congress="115" type="S">
<name type="authority-standard">Committee on Rules and Administration</name>
<name type="authority-short">Rules and Administration</name>
</congCommittee>
<congCommittee authorityId="hsso00" chamber="H" congress="115" type="S">
<name type="authority-standard">Committee on Ethics</name>
<name type="authority-short">Ethics</name>
</congCommittee>
<congCommittee authorityId="slet00" chamber="S" congress="115" type="L">
<name type="authority-standard">Select Committee on Ethics</name>
<name type="authority-short">Ethics</name>
</congCommittee>
<congCommittee authorityId="ssga00" chamber="S" congress="115" type="S">
<name type="authority-standard">Committee on Homeland Security and Governmental Affairs</name>
<name type="authority-short">Homeland and Governmental Affairs</name>
</congCommittee>
<congCommittee authorityId="hsgo00" chamber="H" congress="115" type="S">
<name type="authority-standard">Committee on Oversight and Government Reform</name>
<name type="authority-short">Oversight and Government Reform</name>
</congCommittee>
<congCommittee authorityId="hswm00" chamber="H" congress="115" type="S">
<name type="authority-standard">Committee on Ways and Means</name>
<name type="authority-short">Ways and Means</name>
</congCommittee>
<congMember authorityId="1933" bioGuideId="H001045" chamber="H" congress="115" gpoId="8021" party="R" role="SPEAKING" state="MS">
<name type="parsed">Mr. HARPER</name>
<name type="authority-fnf">Gregg Harper</name>
<name type="authority-lnf">Harper, Gregg</name>
</congMember>
<congMember authorityId="1469" bioGuideId="B001227" chamber="H" congress="115" gpoId="8119" party="D" role="SPEAKING" state="PA">
<name type="parsed">Mr. BRADY of Pennsylvania</name>
<name type="authority-fnf">Robert A. Brady</name>
<name type="authority-lnf">Brady, Robert A.</name>
<name type="authority-other">Robert Brady</name>
</congMember>
<congMember authorityId="2197" bioGuideId="B001289" chamber="H" congress="115" party="R" role="SPEAKING" state="AL">
<name type="parsed">Mr. BYRNE</name>
<name type="authority-fnf">Bradley Byrne</name>
<name type="authority-lnf">Byrne, Bradley</name>
</congMember>
<congMember authorityId="1890" bioGuideId="S001175" chamber="H" congress="115" gpoId="7817" party="D" role="SPEAKING" state="CA">
<name type="parsed">Ms. SPEIER</name>
<name type="authority-fnf">Jackie Speier</name>
<name type="authority-lnf">Speier, Jackie</name>
</congMember>
<congMember authorityId="2129" bioGuideId="B001284" chamber="H" congress="115" party="R" role="SPEAKING" state="IN">
<name type="parsed">Mrs. BROOKS of Indiana</name>
<name type="authority-fnf">Susan W. Brooks</name>
<name type="authority-lnf">Brooks, Susan W.</name>
<name type="authority-other">Mrs. Susan Brooks</name>
</congMember>
<congMember authorityId="905" bioGuideId="P000197" chamber="H" congress="115" gpoId="7813" party="D" role="SPEAKING" state="CA">
<name type="parsed">Ms. PELOSI</name>
<name type="authority-fnf">Nancy Pelosi</name>
<name type="authority-lnf">Pelosi, Nancy</name>
</congMember>
<congMember authorityId="2126" bioGuideId="D000619" chamber="H" congress="115" party="R" role="SPEAKING" state="IL">
<name type="parsed">Mr. RODNEY DAVIS of Illinois</name>
<name type="authority-fnf">Rodney Davis</name>
<name type="authority-lnf">Davis, Rodney</name>
</congMember>
<congMember authorityId="2332" bioGuideId="R000606" chamber="H" congress="115" party="D" role="SPEAKING" state="MD">
<name type="parsed">Mr. RASKIN</name>
<name type="authority-fnf">Jamie Raskin</name>
<name type="authority-lnf">Raskin, Jamie</name>
</congMember>
<congMember authorityId="2273" bioGuideId="C001105" chamber="H" congress="115" party="R" role="SPEAKING" state="VA">
<name type="parsed">Mrs. COMSTOCK</name>
<name type="authority-fnf">Barbara Comstock</name>
<name type="authority-lnf">Comstock, Barbara</name>
</congMember>
<congMember authorityId="1976" bioGuideId="D000610" chamber="H" congress="115" gpoId="7891" party="D" role="SPEAKING" state="FL">
<name type="parsed">Mr. DEUTCH</name>
<name type="authority-fnf">Theodore E. Deutch</name>
<name type="authority-lnf">Deutch, Theodore E.</name>
<name type="authority-other">Mr. Theodore Deutch</name>
</congMember>
<congMember authorityId="2116" bioGuideId="D000621" chamber="H" congress="115" party="R" role="SPEAKING" state="FL">
<name type="parsed">Mr. DeSANTIS</name>
<name type="authority-fnf">Ron DeSantis</name>
<name type="authority-lnf">DeSantis, Ron</name>
</congMember>
<congMember authorityId="868" bioGuideId="N000147" chamber="H" congress="115" gpoId="7871" party="D" role="SPEAKING" state="DC">
<name type="parsed">Ms. NORTON</name>
<name type="authority-fnf">Eleanor Holmes Norton</name>
<name type="authority-lnf">Norton, Eleanor Holmes</name>
<name type="authority-other">Eleanor Norton</name>
</congMember>
<congMember authorityId="2271" bioGuideId="L000584" chamber="H" congress="115" party="R" role="SPEAKING" state="UT">
<name type="parsed">Mrs. LOVE</name>
<name type="authority-fnf">Mia B. Love</name>
<name type="authority-lnf">Love, Mia B.</name>
<name type="authority-other">Mrs. Mia Love</name>
</congMember>
<congMember authorityId="1071" bioGuideId="S000522" chamber="H" congress="115" gpoId="8046" party="R" role="SPEAKING" state="NJ">
<name type="parsed">Mr. SMITH of New Jersey</name>
<name type="authority-fnf">Christopher H. Smith</name>
<name type="authority-lnf">Smith, Christopher H.</name>
<name type="authority-other">Christopher Smith</name>
</congMember>
<congMember authorityId="588" bioGuideId="J000032" chamber="H" congress="115" gpoId="8174" party="D" role="SPEAKING" state="TX">
<name type="parsed">Ms. JACKSON LEE</name>
<name type="authority-fnf">Sheila Jackson Lee</name>
<name type="authority-lnf">Jackson Lee, Sheila</name>
</congMember>
<congMember authorityId="1936" bioGuideId="L000567" chamber="H" congress="115" gpoId="8049" party="R" role="SPEAKING" state="NJ">
<name type="parsed">Mr. LANCE</name>
<name type="authority-fnf">Leonard Lance</name>
<name type="authority-lnf">Lance, Leonard</name>
</congMember>
<congMember authorityId="701" bioGuideId="L000397" chamber="H" congress="115" gpoId="7821" party="D" role="SPEAKING" state="CA">
<name type="parsed">Ms. LOFGREN</name>
<name type="authority-fnf">Zoe Lofgren</name>
<name type="authority-lnf">Lofgren, Zoe</name>
</congMember>
<law congress="94" isPrivate="false" number="304"/>
<law congress="104" isPrivate="false" number="1"/>
<law congress="106" isPrivate="false" number="286"/>
<law congress="106" isPrivate="false" number="398"/>
<USCode title="2">
<section number="1301"/>
<section detail="(1)" number="1301"/>
<section detail="(10)" number="1301"/>
<section detail="(11)" number="1301"/>
<section detail="(12)" number="1301"/>
<section detail="(2)" number="1301"/>
<section detail="(3)" number="1301"/>
<section detail="(3)(H)" number="1301"/>
<section detail="(7)" number="1301"/>
<section detail="(9)(D)" number="1301"/>
<section detail="et seq." number="1301"/>
<section number="1311"/>
<section detail="(a)(9)" number="1331"/>
<section detail="(e)(1)" number="1341"/>
<section detail="(e)(2)(G)" number="1351"/>
<section number="1381"/>
<section detail="et seq." number="1381"/>
<section detail="(c)(4)" number="1384"/>
<section detail="(c)(5)" number="1384"/>
<section number="1401"/>
<section detail="et seq." number="1401"/>
<section number="1402"/>
<section number="1403"/>
<section number="1404"/>
<section detail="(a)" number="1404"/>
<section detail="(b)(2)" number="1404"/>
<section detail="(c)" number="1404"/>
<section number="1405"/>
<section number="1408"/>
<section number="1414"/>
<section number="1415"/>
<section detail="(a)" number="1415"/>
<section detail="(a)" number="1416"/>
<section detail="(b)" number="1416"/>
<section detail="(d)" number="1416"/>
<section detail="et seq." number="1431"/>
</USCode>
<USCode title="5">
<section number="8435"/>
<section detail="(e)" number="8437"/>
<chapter number="84"/>
<appendix detail="et seq." number="101"/>
</USCode>
<USCode title="22">
<section detail="et seq." number="3001"/>
<section detail="et seq." number="6911"/>
<section number="7002"/>
</USCode>
<USCode title="29">
<section number="633a"/>
</USCode>
<USCode title="42">
<section number="12209"/>
<section detail="(a)" number="2000e-16"/>
<section detail="et seq." number="2000e"/>
<section number="407"/>
</USCode>
</extension>
<relatedItem type="isReferencedBy">
<titleInfo>
<title>United States House Resolution 630  (115th Congress)</title>
</titleInfo>
<identifier type="Congressional Bill citation">H. Res. 630</identifier>
<extension>
<congress>115</congress>
<context>OTHER</context>
</extension>
</relatedItem>
<relatedItem type="isReferencedBy">
<titleInfo>
<title>United States House Resolution 724  (115th Congress)</title>
</titleInfo>
<identifier type="Congressional Bill citation">H. Res. 724</identifier>
<extension>
<congress>115</congress>
<context>OTHER</context>
</extension>
</relatedItem>
<relatedItem type="isReferencedBy">
<titleInfo>
<title>United States House Bill 4393  (115th Congress)</title>
</titleInfo>
<identifier type="Congressional Bill citation">H.R. 4393</identifier>
<extension>
<congress>115</congress>
<context>OTHER</context>
</extension>
</relatedItem>
<relatedItem type="isReferencedBy">
<titleInfo>
<title>United States House Bill 4674  (115th Congress)</title>
</titleInfo>
<identifier type="Congressional Bill citation">H.R. 4674</identifier>
<extension>
<congress>115</congress>
<context>OTHER</context>
</extension>
</relatedItem>
<relatedItem type="isReferencedBy">
<titleInfo>
<title>United States House Bill 4924  (115th Congress)</title>
</titleInfo>
<identifier type="Congressional Bill citation">H.R. 4924</identifier>
<extension>
<congress>115</congress>
<context>HEADERLINE</context>
</extension>
</relatedItem>
<relatedItem type="isReferencedBy">
<titleInfo>
<title>United States House Bill 4924  (115th Congress)</title>
</titleInfo>
<identifier type="Congressional Bill citation">H.R. 4924</identifier>
<extension>
<congress>115</congress>
<context>FIRSTPARAGRAPH</context>
</extension>
</relatedItem>
<relatedItem type="isReferencedBy">
<titleInfo>
<title>United States House Bill 4924  (115th Congress)</title>
</titleInfo>
<identifier type="Congressional Bill citation">H.R. 4924</identifier>
<extension>
<congress>115</congress>
<context>OTHER</context>
</extension>
</relatedItem>
<relatedItem type="isReferencedBy">
<titleInfo>
<title>United States Code</title>
<partNumber>Title 2 Section 1301</partNumber>
<partNumber>Title 2 Section 1301(1)</partNumber>
<partNumber>Title 2 Section 1301(10)</partNumber>
<partNumber>Title 2 Section 1301(11)</partNumber>
<partNumber>Title 2 Section 1301(12)</partNumber>
<partNumber>Title 2 Section 1301(2)</partNumber>
<partNumber>Title 2 Section 1301(3)</partNumber>
<partNumber>Title 2 Section 1301(3)(H)</partNumber>
<partNumber>Title 2 Section 1301(7)</partNumber>
<partNumber>Title 2 Section 1301(9)(D)</partNumber>
<partNumber>Title 2 Section 1301et seq.</partNumber>
<partNumber>Title 2 Section 1311</partNumber>
<partNumber>Title 2 Section 1331(a)(9)</partNumber>
<partNumber>Title 2 Section 1341(e)(1)</partNumber>
<partNumber>Title 2 Section 1351(e)(2)(G)</partNumber>
<partNumber>Title 2 Section 1381</partNumber>
<partNumber>Title 2 Section 1381et seq.</partNumber>
<partNumber>Title 2 Section 1384(c)(4)</partNumber>
<partNumber>Title 2 Section 1384(c)(5)</partNumber>
<partNumber>Title 2 Section 1401</partNumber>
<partNumber>Title 2 Section 1401et seq.</partNumber>
<partNumber>Title 2 Section 1402</partNumber>
<partNumber>Title 2 Section 1403</partNumber>
<partNumber>Title 2 Section 1404</partNumber>
<partNumber>Title 2 Section 1404(a)</partNumber>
<partNumber>Title 2 Section 1404(b)(2)</partNumber>
<partNumber>Title 2 Section 1404(c)</partNumber>
<partNumber>Title 2 Section 1405</partNumber>
<partNumber>Title 2 Section 1408</partNumber>
<partNumber>Title 2 Section 1414</partNumber>
<partNumber>Title 2 Section 1415</partNumber>
<partNumber>Title 2 Section 1415(a)</partNumber>
<partNumber>Title 2 Section 1416(a)</partNumber>
<partNumber>Title 2 Section 1416(b)</partNumber>
<partNumber>Title 2 Section 1416(d)</partNumber>
<partNumber>Title 2 Section 1431et seq.</partNumber>
</titleInfo>
<identifier type="USC citation">2 U.S.C. 1301</identifier>
<identifier type="USC citation">2 U.S.C. 1301(1)</identifier>
<identifier type="USC citation">2 U.S.C. 1301(10)</identifier>
<identifier type="USC citation">2 U.S.C. 1301(11)</identifier>
<identifier type="USC citation">2 U.S.C. 1301(12)</identifier>
<identifier type="USC citation">2 U.S.C. 1301(2)</identifier>
<identifier type="USC citation">2 U.S.C. 1301(3)</identifier>
<identifier type="USC citation">2 U.S.C. 1301(3)(H)</identifier>
<identifier type="USC citation">2 U.S.C. 1301(7)</identifier>
<identifier type="USC citation">2 U.S.C. 1301(9)(D)</identifier>
<identifier type="USC citation">2 U.S.C. 1301et seq.</identifier>
<identifier type="USC citation">2 U.S.C. 1311</identifier>
<identifier type="USC citation">2 U.S.C. 1331(a)(9)</identifier>
<identifier type="USC citation">2 U.S.C. 1341(e)(1)</identifier>
<identifier type="USC citation">2 U.S.C. 1351(e)(2)(G)</identifier>
<identifier type="USC citation">2 U.S.C. 1381</identifier>
<identifier type="USC citation">2 U.S.C. 1381et seq.</identifier>
<identifier type="USC citation">2 U.S.C. 1384(c)(4)</identifier>
<identifier type="USC citation">2 U.S.C. 1384(c)(5)</identifier>
<identifier type="USC citation">2 U.S.C. 1401</identifier>
<identifier type="USC citation">2 U.S.C. 1401et seq.</identifier>
<identifier type="USC citation">2 U.S.C. 1402</identifier>
<identifier type="USC citation">2 U.S.C. 1403</identifier>
<identifier type="USC citation">2 U.S.C. 1404</identifier>
<identifier type="USC citation">2 U.S.C. 1404(a)</identifier>
<identifier type="USC citation">2 U.S.C. 1404(b)(2)</identifier>
<identifier type="USC citation">2 U.S.C. 1404(c)</identifier>
<identifier type="USC citation">2 U.S.C. 1405</identifier>
<identifier type="USC citation">2 U.S.C. 1408</identifier>
<identifier type="USC citation">2 U.S.C. 1414</identifier>
<identifier type="USC citation">2 U.S.C. 1415</identifier>
<identifier type="USC citation">2 U.S.C. 1415(a)</identifier>
<identifier type="USC citation">2 U.S.C. 1416(a)</identifier>
<identifier type="USC citation">2 U.S.C. 1416(b)</identifier>
<identifier type="USC citation">2 U.S.C. 1416(d)</identifier>
<identifier type="USC citation">2 U.S.C. 1431et seq.</identifier>
</relatedItem>
<relatedItem type="isReferencedBy">
<titleInfo>
<title>United States Code</title>
<partNumber>Title 5 Section 8435</partNumber>
<partNumber>Title 5 Section 8437(e)</partNumber>
<partNumber>Title 5 Chapter 84</partNumber>
<partNumber>Title 5 Appendix 101</partNumber>
</titleInfo>
<identifier type="USC citation">5 U.S.C. 8435</identifier>
<identifier type="USC citation">5 U.S.C. 8437(e)</identifier>
<identifier type="USC citation">5 U.S.C. Chapter 84</identifier>
<identifier type="USC citation">5 U.S.C. App. 101</identifier>
</relatedItem>
<relatedItem type="isReferencedBy">
<titleInfo>
<title>United States Code</title>
<partNumber>Title 22 Section 3001et seq.</partNumber>
<partNumber>Title 22 Section 6911et seq.</partNumber>
<partNumber>Title 22 Section 7002</partNumber>
</titleInfo>
<identifier type="USC citation">22 U.S.C. 3001et seq.</identifier>
<identifier type="USC citation">22 U.S.C. 6911et seq.</identifier>
<identifier type="USC citation">22 U.S.C. 7002</identifier>
</relatedItem>
<relatedItem type="isReferencedBy">
<titleInfo>
<title>United States Code</title>
<partNumber>Title 29 Section 633a</partNumber>
</titleInfo>
<identifier type="USC citation">29 U.S.C. 633a</identifier>
</relatedItem>
<relatedItem type="isReferencedBy">
<titleInfo>
<title>United States Code</title>
<partNumber>Title 42 Section 12209</partNumber>
<partNumber>Title 42 Section 2000e-16(a)</partNumber>
<partNumber>Title 42 Section 2000eet seq.</partNumber>
<partNumber>Title 42 Section 407</partNumber>
</titleInfo>
<identifier type="USC citation">42 U.S.C. 12209</identifier>
<identifier type="USC citation">42 U.S.C. 2000e-16(a)</identifier>
<identifier type="USC citation">42 U.S.C. 2000eet seq.</identifier>
<identifier type="USC citation">42 U.S.C. 407</identifier>
</relatedItem>
<relatedItem>
<titleInfo>
<title>United States Public Law 94-304</title>
</titleInfo>
<identifier type="public law citation">Public Law 94-304</identifier>
</relatedItem>
<relatedItem>
<titleInfo>
<title>United States Public Law 104-1</title>
</titleInfo>
<identifier type="public law citation">Public Law 104-1</identifier>
</relatedItem>
<relatedItem>
<titleInfo>
<title>United States Public Law 106-286</title>
</titleInfo>
<identifier type="public law citation">Public Law 106-286</identifier>
</relatedItem>
<relatedItem>
<titleInfo>
<title>United States Public Law 106-398</title>
</titleInfo>
<identifier type="public law citation">Public Law 106-398</identifier>
</relatedItem>
<relatedItem ID="P0b002ee1982b966d" type="host">
<titleInfo>
<title>Congressional Record</title>
<partNumber>Vol. 164, no. 23</partNumber>
</titleInfo>
<location>
<url access="object in context" displayLabel="Content Detail">https://www.gpo.gov/fdsys/pkg/CREC-2018-02-06/content-detail.html</url>
<url access="raw object" displayLabel="PDF rendition">https://www.gpo.gov/fdsys/pkg/CREC-2018-02-06/pdf/CREC-2018-02-06.pdf</url>
</location>
<part type="issue">
<extent unit="pages">
<start>H787</start>
<end>H903</end>
</extent>
<extent unit="pages">
<start>S617</start>
<end>S665</end>
</extent>
<extent unit="pages">
<start>E139</start>
<end>E148</end>
</extent>
<extent unit="pages">
<start>D121</start>
<end>D128</end>
</extent>
</part>
<originInfo>
<publisher>U.S. Government Publishing Office</publisher>
<dateIssued encoding="w3cdtf">2018-02-06</dateIssued>
<issuance>continuing</issuance>
<frequency authority="marcfrequency">daily</frequency>
</originInfo>
<physicalDescription>
<note type="source content type">deposited</note>
<digitalOrigin>born digital</digitalOrigin>
<extent>368 p.</extent>
</physicalDescription>
<classification authority="sudocs">X 1.1/A:</classification>
<classification authority="sudocs">X/A.</classification>
<identifier type="uri">https://www.gpo.gov/fdsys/pkg/CREC-2018-02-06</identifier>
<identifier type="local">P0b002ee1982b966d</identifier>
<identifier type="stock number">752-002-00000-2</identifier>
<identifier type="ILS system id">000568013</identifier>
<identifier type="former package identifier">CR06FE18</identifier>
<recordInfo>
<recordContentSource authority="marcorg">DGPO</recordContentSource>
<recordCreationDate encoding="w3cdtf">2018-02-08</recordCreationDate>
<recordChangeDate encoding="w3cdtf">2018-02-08</recordChangeDate>
<recordIdentifier source="DGPO">CREC-2018-02-06</recordIdentifier>
<recordOrigin>machine generated</recordOrigin>
<languageOfCataloging>
<languageTerm authority="iso639-2b" type="code">eng</languageTerm>
</languageOfCataloging>
</recordInfo>
<accessCondition type="GPO scope determination">fdlp</accessCondition>
<extension>
<docClass>CREC</docClass>
<accessId>CREC-2018-02-06</accessId>
<volume>164</volume>
<issue>23</issue>
<congress>115</congress>
<session>2</session>
<bookCount>1</bookCount>
</extension>
</relatedItem>
</mods>