<mods ID="id-CREC-2018-02-12-pt1-PgS875-3" version="3.3" xmlns="http://www.loc.gov/mods/v3" xmlns:exslt="http://exslt.org/common" xmlns:xlink="http://www.w3.org/1999/xlink" xmlns:xsi="http://www.w3.org/2001/XMLSchema-instance" xsi:schemaLocation="http://www.loc.gov/mods/v3 http://www.loc.gov/standards/mods/v3/mods-3-3.xsd">
<name type="corporate">
<namePart>United States Government Publishing Office</namePart>
<role>
<roleTerm authority="marcrelator" type="text">publisher</roleTerm>
<roleTerm authority="marcrelator" type="code">pbl</roleTerm>
</role>
<role>
<roleTerm authority="marcrelator" type="text">distributor</roleTerm>
<roleTerm authority="marcrelator" type="code">dst</roleTerm>
</role>
</name>
<name type="corporate">
<namePart>United States</namePart>
<namePart>Congress</namePart>
<role>
<roleTerm authority="marcrelator" type="text">author</roleTerm>
<roleTerm authority="marcrelator" type="code">aut</roleTerm>
</role>
<description>Government Organization</description>
</name>
<typeOfResource>text</typeOfResource>
<genre authority="marcgt">government publication</genre>
<language>
<languageTerm authority="iso639-2b" type="code">eng</languageTerm>
</language>
<extension>
<collectionCode>CREC</collectionCode>
<category>Proceedings of Congress and General Congressional Publications</category>
<waisDatabaseName>2018_record</waisDatabaseName>
<branch>legislative</branch>
<dateIngested>2018-02-13</dateIngested>
</extension>
<titleInfo>
<title>ADDITIONAL COSPONSORS</title>
<partName>Senate</partName>
</titleInfo>
<relatedItem type="otherFormat" xlink:href="https://www.gpo.gov/fdsys/pkg/CREC-2018-02-12/html/CREC-2018-02-12-pt1-PgS875-3.htm">
<identifier type="FDsys Unique ID">D09002ee19863cf3f</identifier>
</relatedItem>
<relatedItem type="otherFormat" xlink:href="https://www.gpo.gov/fdsys/pkg/CREC-2018-02-12/pdf/CREC-2018-02-12-pt1-PgS875-3.pdf">
<identifier type="FDsys Unique ID">D09002ee19863cf5f</identifier>
</relatedItem>
<identifier type="congressional record citation">164 Cong. Rec. S875</identifier>
<identifier type="uri">https://www.gpo.gov/fdsys/granule/CREC-2018-02-12/CREC-2018-02-12-pt1-PgS875-3</identifier>
<identifier type="former granule identifier">cr12fe18-47</identifier>
<location>
<url access="object in context" displayLabel="Content Detail">https://www.gpo.gov/fdsys/granule/CREC-2018-02-12/CREC-2018-02-12-pt1-PgS875-3/content-detail.html</url>
<url access="raw object" displayLabel="PDF rendition">https://www.gpo.gov/fdsys/pkg/CREC-2018-02-12/pdf/CREC-2018-02-12-pt1-PgS875-3.pdf</url>
<url access="raw object" displayLabel="HTML rendition">https://www.gpo.gov/fdsys/pkg/CREC-2018-02-12/html/CREC-2018-02-12-pt1-PgS875-3.htm</url>
</location>
<physicalDescription>
<extent>2 p.</extent>
</physicalDescription>
<part type="article">
<extent unit="pages">
<start>S875</start>
<end>S876</end>
</extent>
</part>
<identifier type="preferred citation">164 Cong. Rec. S875</identifier>
<extension>
<searchTitle>ADDITIONAL COSPONSORS; Congressional Record Vol. 164, No. 27</searchTitle>
<associatedBills>S. 198, 115th Congress
        </associatedBills>
<associatedBills>S. 372, 115th Congress
        </associatedBills>
<associatedBills>S. Res. 384, 115th Congress
        </associatedBills>
<associatedBills>S. 751, 115th Congress
        </associatedBills>
<associatedBills>S. 910, 115th Congress
        </associatedBills>
<associatedBills>S. 1050, 115th Congress
        </associatedBills>
<associatedBills>S. 1685, 115th Congress
        </associatedBills>
<associatedBills>S. 1764, 115th Congress
        </associatedBills>
<associatedBills>S. 1842, 115th Congress
        </associatedBills>
<associatedBills>S. 1885, 115th Congress
        </associatedBills>
<associatedBills>S. 2006, 115th Congress
        </associatedBills>
<associatedBills>S. 2271, 115th Congress
        </associatedBills>
<associatedBills>S. 2286, 115th Congress
        </associatedBills>
<associatedBills>S. 2335, 115th Congress
        </associatedBills>
<associatedBills>S. 2341, 115th Congress
        </associatedBills>
<associatedBills>S. 2345, 115th Congress
        </associatedBills>
<associatedBills>S. 2360, 115th Congress
        </associatedBills>
<associatedBills>S. 2370, 115th Congress
        </associatedBills>
<associatedBills>S. 2408, 115th Congress
        </associatedBills>
<granuleClass>SENATE</granuleClass>
<accessId>CREC-2018-02-12-pt1-PgS875-3</accessId>
<subGranuleClass>SCOSPONSORS</subGranuleClass>
<pagePrefix>S</pagePrefix>
<bookNumber>1</bookNumber>
<chamber>SENATE</chamber>
<granuleDate>2018-02-12</granuleDate>
<bill congress="115" context="HEADERLINE" number="198" type="S"/>
<bill congress="115" context="FIRSTPARAGRAPH" number="198" type="S"/>
<bill congress="115" context="OTHER" number="198" type="S"/>
<bill congress="115" context="HEADERLINE" number="372" type="S"/>
<bill congress="115" context="OTHER" number="372" type="S"/>
<bill congress="115" context="HEADERLINE" number="384" type="SRES"/>
<bill congress="115" context="OTHER" number="384" type="SRES"/>
<bill congress="115" context="HEADERLINE" number="751" type="S"/>
<bill congress="115" context="OTHER" number="751" type="S"/>
<bill congress="115" context="HEADERLINE" number="910" type="S"/>
<bill congress="115" context="OTHER" number="910" type="S"/>
<bill congress="115" context="HEADERLINE" number="1050" type="S"/>
<bill congress="115" context="OTHER" number="1050" type="S"/>
<bill congress="115" context="HEADERLINE" number="1685" type="S"/>
<bill congress="115" context="OTHER" number="1685" type="S"/>
<bill congress="115" context="HEADERLINE" number="1764" type="S"/>
<bill congress="115" context="OTHER" number="1764" type="S"/>
<bill congress="115" context="HEADERLINE" number="1842" type="S"/>
<bill congress="115" context="OTHER" number="1842" type="S"/>
<bill congress="115" context="HEADERLINE" number="1885" type="S"/>
<bill congress="115" context="OTHER" number="1885" type="S"/>
<bill congress="115" context="HEADERLINE" number="2006" type="S"/>
<bill congress="115" context="OTHER" number="2006" type="S"/>
<bill congress="115" context="HEADERLINE" number="2271" type="S"/>
<bill congress="115" context="OTHER" number="2271" type="S"/>
<bill congress="115" context="HEADERLINE" number="2286" type="S"/>
<bill congress="115" context="OTHER" number="2286" type="S"/>
<bill congress="115" context="HEADERLINE" number="2335" type="S"/>
<bill congress="115" context="OTHER" number="2335" type="S"/>
<bill congress="115" context="HEADERLINE" number="2341" type="S"/>
<bill congress="115" context="OTHER" number="2341" type="S"/>
<bill congress="115" context="HEADERLINE" number="2345" type="S"/>
<bill congress="115" context="OTHER" number="2345" type="S"/>
<bill congress="115" context="HEADERLINE" number="2360" type="S"/>
<bill congress="115" context="OTHER" number="2360" type="S"/>
<bill congress="115" context="HEADERLINE" number="2370" type="S"/>
<bill congress="115" context="OTHER" number="2370" type="S"/>
<bill congress="115" context="HEADERLINE" number="2408" type="S"/>
<bill congress="115" context="OTHER" number="2408" type="S"/>
</extension>
<relatedItem type="isReferencedBy">
<titleInfo>
<title>United States Senate Bill 198  (115th Congress)</title>
</titleInfo>
<identifier type="Congressional Bill citation">S. 198</identifier>
<extension>
<congress>115</congress>
<context>HEADERLINE</context>
</extension>
</relatedItem>
<relatedItem type="isReferencedBy">
<titleInfo>
<title>United States Senate Bill 198  (115th Congress)</title>
</titleInfo>
<identifier type="Congressional Bill citation">S. 198</identifier>
<extension>
<congress>115</congress>
<context>FIRSTPARAGRAPH</context>
</extension>
</relatedItem>
<relatedItem type="isReferencedBy">
<titleInfo>
<title>United States Senate Bill 198  (115th Congress)</title>
</titleInfo>
<identifier type="Congressional Bill citation">S. 198</identifier>
<extension>
<congress>115</congress>
<context>OTHER</context>
</extension>
</relatedItem>
<relatedItem type="isReferencedBy">
<titleInfo>
<title>United States Senate Bill 372  (115th Congress)</title>
</titleInfo>
<identifier type="Congressional Bill citation">S. 372</identifier>
<extension>
<congress>115</congress>
<context>HEADERLINE</context>
</extension>
</relatedItem>
<relatedItem type="isReferencedBy">
<titleInfo>
<title>United States Senate Bill 372  (115th Congress)</title>
</titleInfo>
<identifier type="Congressional Bill citation">S. 372</identifier>
<extension>
<congress>115</congress>
<context>OTHER</context>
</extension>
</relatedItem>
<relatedItem type="isReferencedBy">
<titleInfo>
<title>United States Senate Resolution 384  (115th Congress)</title>
</titleInfo>
<identifier type="Congressional Bill citation">S. Res. 384</identifier>
<extension>
<congress>115</congress>
<context>HEADERLINE</context>
</extension>
</relatedItem>
<relatedItem type="isReferencedBy">
<titleInfo>
<title>United States Senate Resolution 384  (115th Congress)</title>
</titleInfo>
<identifier type="Congressional Bill citation">S. Res. 384</identifier>
<extension>
<congress>115</congress>
<context>OTHER</context>
</extension>
</relatedItem>
<relatedItem type="isReferencedBy">
<titleInfo>
<title>United States Senate Bill 751  (115th Congress)</title>
</titleInfo>
<identifier type="Congressional Bill citation">S. 751</identifier>
<extension>
<congress>115</congress>
<context>HEADERLINE</context>
</extension>
</relatedItem>
<relatedItem type="isReferencedBy">
<titleInfo>
<title>United States Senate Bill 751  (115th Congress)</title>
</titleInfo>
<identifier type="Congressional Bill citation">S. 751</identifier>
<extension>
<congress>115</congress>
<context>OTHER</context>
</extension>
</relatedItem>
<relatedItem type="isReferencedBy">
<titleInfo>
<title>United States Senate Bill 910  (115th Congress)</title>
</titleInfo>
<identifier type="Congressional Bill citation">S. 910</identifier>
<extension>
<congress>115</congress>
<context>HEADERLINE</context>
</extension>
</relatedItem>
<relatedItem type="isReferencedBy">
<titleInfo>
<title>United States Senate Bill 910  (115th Congress)</title>
</titleInfo>
<identifier type="Congressional Bill citation">S. 910</identifier>
<extension>
<congress>115</congress>
<context>OTHER</context>
</extension>
</relatedItem>
<relatedItem type="isReferencedBy">
<titleInfo>
<title>United States Senate Bill 1050  (115th Congress)</title>
</titleInfo>
<identifier type="Congressional Bill citation">S. 1050</identifier>
<extension>
<congress>115</congress>
<context>HEADERLINE</context>
</extension>
</relatedItem>
<relatedItem type="isReferencedBy">
<titleInfo>
<title>United States Senate Bill 1050  (115th Congress)</title>
</titleInfo>
<identifier type="Congressional Bill citation">S. 1050</identifier>
<extension>
<congress>115</congress>
<context>OTHER</context>
</extension>
</relatedItem>
<relatedItem type="isReferencedBy">
<titleInfo>
<title>United States Senate Bill 1685  (115th Congress)</title>
</titleInfo>
<identifier type="Congressional Bill citation">S. 1685</identifier>
<extension>
<congress>115</congress>
<context>HEADERLINE</context>
</extension>
</relatedItem>
<relatedItem type="isReferencedBy">
<titleInfo>
<title>United States Senate Bill 1685  (115th Congress)</title>
</titleInfo>
<identifier type="Congressional Bill citation">S. 1685</identifier>
<extension>
<congress>115</congress>
<context>OTHER</context>
</extension>
</relatedItem>
<relatedItem type="isReferencedBy">
<titleInfo>
<title>United States Senate Bill 1764  (115th Congress)</title>
</titleInfo>
<identifier type="Congressional Bill citation">S. 1764</identifier>
<extension>
<congress>115</congress>
<context>HEADERLINE</context>
</extension>
</relatedItem>
<relatedItem type="isReferencedBy">
<titleInfo>
<title>United States Senate Bill 1764  (115th Congress)</title>
</titleInfo>
<identifier type="Congressional Bill citation">S. 1764</identifier>
<extension>
<congress>115</congress>
<context>OTHER</context>
</extension>
</relatedItem>
<relatedItem type="isReferencedBy">
<titleInfo>
<title>United States Senate Bill 1842  (115th Congress)</title>
</titleInfo>
<identifier type="Congressional Bill citation">S. 1842</identifier>
<extension>
<congress>115</congress>
<context>HEADERLINE</context>
</extension>
</relatedItem>
<relatedItem type="isReferencedBy">
<titleInfo>
<title>United States Senate Bill 1842  (115th Congress)</title>
</titleInfo>
<identifier type="Congressional Bill citation">S. 1842</identifier>
<extension>
<congress>115</congress>
<context>OTHER</context>
</extension>
</relatedItem>
<relatedItem type="isReferencedBy">
<titleInfo>
<title>United States Senate Bill 1885  (115th Congress)</title>
</titleInfo>
<identifier type="Congressional Bill citation">S. 1885</identifier>
<extension>
<congress>115</congress>
<context>HEADERLINE</context>
</extension>
</relatedItem>
<relatedItem type="isReferencedBy">
<titleInfo>
<title>United States Senate Bill 1885  (115th Congress)</title>
</titleInfo>
<identifier type="Congressional Bill citation">S. 1885</identifier>
<extension>
<congress>115</congress>
<context>OTHER</context>
</extension>
</relatedItem>
<relatedItem type="isReferencedBy">
<titleInfo>
<title>United States Senate Bill 2006  (115th Congress)</title>
</titleInfo>
<identifier type="Congressional Bill citation">S. 2006</identifier>
<extension>
<congress>115</congress>
<context>HEADERLINE</context>
</extension>
</relatedItem>
<relatedItem type="isReferencedBy">
<titleInfo>
<title>United States Senate Bill 2006  (115th Congress)</title>
</titleInfo>
<identifier type="Congressional Bill citation">S. 2006</identifier>
<extension>
<congress>115</congress>
<context>OTHER</context>
</extension>
</relatedItem>
<relatedItem type="isReferencedBy">
<titleInfo>
<title>United States Senate Bill 2271  (115th Congress)</title>
</titleInfo>
<identifier type="Congressional Bill citation">S. 2271</identifier>
<extension>
<congress>115</congress>
<context>HEADERLINE</context>
</extension>
</relatedItem>
<relatedItem type="isReferencedBy">
<titleInfo>
<title>United States Senate Bill 2271  (115th Congress)</title>
</titleInfo>
<identifier type="Congressional Bill citation">S. 2271</identifier>
<extension>
<congress>115</congress>
<context>OTHER</context>
</extension>
</relatedItem>
<relatedItem type="isReferencedBy">
<titleInfo>
<title>United States Senate Bill 2286  (115th Congress)</title>
</titleInfo>
<identifier type="Congressional Bill citation">S. 2286</identifier>
<extension>
<congress>115</congress>
<context>HEADERLINE</context>
</extension>
</relatedItem>
<relatedItem type="isReferencedBy">
<titleInfo>
<title>United States Senate Bill 2286  (115th Congress)</title>
</titleInfo>
<identifier type="Congressional Bill citation">S. 2286</identifier>
<extension>
<congress>115</congress>
<context>OTHER</context>
</extension>
</relatedItem>
<relatedItem type="isReferencedBy">
<titleInfo>
<title>United States Senate Bill 2335  (115th Congress)</title>
</titleInfo>
<identifier type="Congressional Bill citation">S. 2335</identifier>
<extension>
<congress>115</congress>
<context>HEADERLINE</context>
</extension>
</relatedItem>
<relatedItem type="isReferencedBy">
<titleInfo>
<title>United States Senate Bill 2335  (115th Congress)</title>
</titleInfo>
<identifier type="Congressional Bill citation">S. 2335</identifier>
<extension>
<congress>115</congress>
<context>OTHER</context>
</extension>
</relatedItem>
<relatedItem type="isReferencedBy">
<titleInfo>
<title>United States Senate Bill 2341  (115th Congress)</title>
</titleInfo>
<identifier type="Congressional Bill citation">S. 2341</identifier>
<extension>
<congress>115</congress>
<context>HEADERLINE</context>
</extension>
</relatedItem>
<relatedItem type="isReferencedBy">
<titleInfo>
<title>United States Senate Bill 2341  (115th Congress)</title>
</titleInfo>
<identifier type="Congressional Bill citation">S. 2341</identifier>
<extension>
<congress>115</congress>
<context>OTHER</context>
</extension>
</relatedItem>
<relatedItem type="isReferencedBy">
<titleInfo>
<title>United States Senate Bill 2345  (115th Congress)</title>
</titleInfo>
<identifier type="Congressional Bill citation">S. 2345</identifier>
<extension>
<congress>115</congress>
<context>HEADERLINE</context>
</extension>
</relatedItem>
<relatedItem type="isReferencedBy">
<titleInfo>
<title>United States Senate Bill 2345  (115th Congress)</title>
</titleInfo>
<identifier type="Congressional Bill citation">S. 2345</identifier>
<extension>
<congress>115</congress>
<context>OTHER</context>
</extension>
</relatedItem>
<relatedItem type="isReferencedBy">
<titleInfo>
<title>United States Senate Bill 2360  (115th Congress)</title>
</titleInfo>
<identifier type="Congressional Bill citation">S. 2360</identifier>
<extension>
<congress>115</congress>
<context>HEADERLINE</context>
</extension>
</relatedItem>
<relatedItem type="isReferencedBy">
<titleInfo>
<title>United States Senate Bill 2360  (115th Congress)</title>
</titleInfo>
<identifier type="Congressional Bill citation">S. 2360</identifier>
<extension>
<congress>115</congress>
<context>OTHER</context>
</extension>
</relatedItem>
<relatedItem type="isReferencedBy">
<titleInfo>
<title>United States Senate Bill 2370  (115th Congress)</title>
</titleInfo>
<identifier type="Congressional Bill citation">S. 2370</identifier>
<extension>
<congress>115</congress>
<context>HEADERLINE</context>
</extension>
</relatedItem>
<relatedItem type="isReferencedBy">
<titleInfo>
<title>United States Senate Bill 2370  (115th Congress)</title>
</titleInfo>
<identifier type="Congressional Bill citation">S. 2370</identifier>
<extension>
<congress>115</congress>
<context>OTHER</context>
</extension>
</relatedItem>
<relatedItem type="isReferencedBy">
<titleInfo>
<title>United States Senate Bill 2408  (115th Congress)</title>
</titleInfo>
<identifier type="Congressional Bill citation">S. 2408</identifier>
<extension>
<congress>115</congress>
<context>HEADERLINE</context>
</extension>
</relatedItem>
<relatedItem type="isReferencedBy">
<titleInfo>
<title>United States Senate Bill 2408  (115th Congress)</title>
</titleInfo>
<identifier type="Congressional Bill citation">S. 2408</identifier>
<extension>
<congress>115</congress>
<context>OTHER</context>
</extension>
</relatedItem>
<relatedItem ID="P0b002ee19863c96d" type="host">
<titleInfo>
<title>Congressional Record</title>
<partNumber>Vol. 164, no. 27</partNumber>
</titleInfo>
<location>
<url access="object in context" displayLabel="Content Detail">https://www.gpo.gov/fdsys/pkg/CREC-2018-02-12/content-detail.html</url>
<url access="raw object" displayLabel="PDF rendition">https://www.gpo.gov/fdsys/pkg/CREC-2018-02-12/pdf/CREC-2018-02-12.pdf</url>
</location>
<part type="issue">
<extent unit="pages">
<start>S855</start>
<end>S888</end>
</extent>
<extent unit="pages">
<start>E167</start>
<end>E168</end>
</extent>
<extent unit="pages">
<start>D146</start>
<end>D152</end>
</extent>
</part>
<originInfo>
<publisher>U.S. Government Publishing Office</publisher>
<dateIssued encoding="w3cdtf">2018-02-12</dateIssued>
<issuance>continuing</issuance>
<frequency authority="marcfrequency">daily</frequency>
</originInfo>
<physicalDescription>
<note type="source content type">deposited</note>
<digitalOrigin>born digital</digitalOrigin>
<extent>86 p.</extent>
</physicalDescription>
<classification authority="sudocs">X 1.1/A:</classification>
<classification authority="sudocs">X/A.</classification>
<identifier type="uri">https://www.gpo.gov/fdsys/pkg/CREC-2018-02-12</identifier>
<identifier type="local">P0b002ee19863c96d</identifier>
<identifier type="stock number">752-002-00000-2</identifier>
<identifier type="ILS system id">000568013</identifier>
<identifier type="former package identifier">cr12fe18</identifier>
<recordInfo>
<recordContentSource authority="marcorg">DGPO</recordContentSource>
<recordCreationDate encoding="w3cdtf">2018-02-13</recordCreationDate>
<recordChangeDate encoding="w3cdtf">2018-02-13</recordChangeDate>
<recordIdentifier source="DGPO">CREC-2018-02-12</recordIdentifier>
<recordOrigin>machine generated</recordOrigin>
<languageOfCataloging>
<languageTerm authority="iso639-2b" type="code">eng</languageTerm>
</languageOfCataloging>
</recordInfo>
<accessCondition type="GPO scope determination">fdlp</accessCondition>
<extension>
<docClass>CREC</docClass>
<accessId>CREC-2018-02-12</accessId>
<volume>164</volume>
<issue>27</issue>
<congress>115</congress>
<session>2</session>
<bookCount>1</bookCount>
</extension>
</relatedItem>
</mods>