<mods ID="id-CREC-2018-02-13-pt1-PgH1083" version="3.3" xmlns="http://www.loc.gov/mods/v3" xmlns:exslt="http://exslt.org/common" xmlns:xlink="http://www.w3.org/1999/xlink" xmlns:xsi="http://www.w3.org/2001/XMLSchema-instance" xsi:schemaLocation="http://www.loc.gov/mods/v3 http://www.loc.gov/standards/mods/v3/mods-3-3.xsd">
<name type="corporate">
<namePart>United States Government Publishing Office</namePart>
<role>
<roleTerm authority="marcrelator" type="text">publisher</roleTerm>
<roleTerm authority="marcrelator" type="code">pbl</roleTerm>
</role>
<role>
<roleTerm authority="marcrelator" type="text">distributor</roleTerm>
<roleTerm authority="marcrelator" type="code">dst</roleTerm>
</role>
</name>
<name type="corporate">
<namePart>United States</namePart>
<namePart>Congress</namePart>
<role>
<roleTerm authority="marcrelator" type="text">author</roleTerm>
<roleTerm authority="marcrelator" type="code">aut</roleTerm>
</role>
<description>Government Organization</description>
</name>
<typeOfResource>text</typeOfResource>
<genre authority="marcgt">government publication</genre>
<language>
<languageTerm authority="iso639-2b" type="code">eng</languageTerm>
</language>
<extension>
<collectionCode>CREC</collectionCode>
<category>Proceedings of Congress and General Congressional Publications</category>
<waisDatabaseName>2018_record</waisDatabaseName>
<branch>legislative</branch>
<dateIngested>2018-02-14</dateIngested>
</extension>
<titleInfo>
<title>HAMAS HUMAN SHIELDS PREVENTION ACT</title>
<partName>House</partName>
</titleInfo>
<relatedItem type="otherFormat" xlink:href="https://www.gpo.gov/fdsys/pkg/CREC-2018-02-13/html/CREC-2018-02-13-pt1-PgH1083.htm">
<identifier type="FDsys Unique ID">D09002ee19867fa43</identifier>
</relatedItem>
<relatedItem type="otherFormat" xlink:href="https://www.gpo.gov/fdsys/pkg/CREC-2018-02-13/pdf/CREC-2018-02-13-pt1-PgH1083.pdf">
<identifier type="FDsys Unique ID">D09002ee19867fb8d</identifier>
</relatedItem>
<identifier type="congressional record citation">164 Cong. Rec. H1083</identifier>
<identifier type="uri">https://www.gpo.gov/fdsys/granule/CREC-2018-02-13/CREC-2018-02-13-pt1-PgH1083</identifier>
<identifier type="former granule identifier">cr13fe18-94</identifier>
<location>
<url access="object in context" displayLabel="Content Detail">https://www.gpo.gov/fdsys/granule/CREC-2018-02-13/CREC-2018-02-13-pt1-PgH1083/content-detail.html</url>
<url access="raw object" displayLabel="PDF rendition">https://www.gpo.gov/fdsys/pkg/CREC-2018-02-13/pdf/CREC-2018-02-13-pt1-PgH1083.pdf</url>
<url access="raw object" displayLabel="HTML rendition">https://www.gpo.gov/fdsys/pkg/CREC-2018-02-13/html/CREC-2018-02-13-pt1-PgH1083.htm</url>
</location>
<physicalDescription>
<extent>5 p.</extent>
</physicalDescription>
<part type="article">
<extent unit="pages">
<start>H1083</start>
<end>H1087</end>
</extent>
</part>
<name type="personal">
<namePart>Joe Wilson</namePart>
<affiliation>United States House of Representatives</affiliation>
<role>
<roleTerm type="text">speaking</roleTerm>
</role>
<description>United States Congress Member</description>
</name>
<name type="personal">
<namePart>Brad Sherman</namePart>
<affiliation>United States House of Representatives</affiliation>
<role>
<roleTerm type="text">speaking</roleTerm>
</role>
<description>United States Congress Member</description>
</name>
<name type="personal">
<namePart>Ileana Ros-Lehtinen</namePart>
<affiliation>United States House of Representatives</affiliation>
<role>
<roleTerm type="text">speaking</roleTerm>
</role>
<description>United States Congress Member</description>
</name>
<name type="personal">
<namePart>Christopher H. Smith</namePart>
<affiliation>United States House of Representatives</affiliation>
<role>
<roleTerm type="text">speaking</roleTerm>
</role>
<description>United States Congress Member</description>
</name>
<name type="personal">
<namePart>Edward R. Royce</namePart>
<affiliation>United States House of Representatives</affiliation>
<role>
<roleTerm type="text">speaking</roleTerm>
</role>
<description>United States Congress Member</description>
</name>
<name type="corporate">
<namePart>United States</namePart>
<namePart>Congress</namePart>
<namePart>House of Representatives</namePart>
<namePart>Committee on Financial Services</namePart>
<role>
<roleTerm authority="marcrelator" type="text">associated name</roleTerm>
<roleTerm authority="marcrelator" type="code">asn</roleTerm>
</role>
<description>Government Organization</description>
</name>
<name type="corporate">
<namePart>United States</namePart>
<namePart>Congress</namePart>
<namePart>House of Representatives</namePart>
<namePart>Committee on Ways and Means</namePart>
<role>
<roleTerm authority="marcrelator" type="text">associated name</roleTerm>
<roleTerm authority="marcrelator" type="code">asn</roleTerm>
</role>
<description>Government Organization</description>
</name>
<name type="corporate">
<namePart>United States</namePart>
<namePart>Congress</namePart>
<namePart>House of Representatives</namePart>
<namePart>Committee on the Judiciary</namePart>
<role>
<roleTerm authority="marcrelator" type="text">associated name</roleTerm>
<roleTerm authority="marcrelator" type="code">asn</roleTerm>
</role>
<description>Government Organization</description>
</name>
<name type="corporate">
<namePart>United States</namePart>
<namePart>Congress</namePart>
<namePart>House of Representatives</namePart>
<namePart>Committee on Foreign Affairs</namePart>
<role>
<roleTerm authority="marcrelator" type="text">associated name</roleTerm>
<roleTerm authority="marcrelator" type="code">asn</roleTerm>
</role>
<description>Government Organization</description>
</name>
<name type="corporate">
<namePart>United States</namePart>
<namePart>Congress</namePart>
<namePart>House of Representatives</namePart>
<namePart>Committee on Banking, Currency, and Housing</namePart>
<role>
<roleTerm authority="marcrelator" type="text">associated name</roleTerm>
<roleTerm authority="marcrelator" type="code">asn</roleTerm>
</role>
<description>Government Organization</description>
</name>
<name type="corporate">
<namePart>United States</namePart>
<namePart>Congress</namePart>
<namePart>Senate</namePart>
<namePart>Committee on Foreign Relations</namePart>
<role>
<roleTerm authority="marcrelator" type="text">associated name</roleTerm>
<roleTerm authority="marcrelator" type="code">asn</roleTerm>
</role>
<description>Government Organization</description>
</name>
<identifier type="preferred citation">164 Cong. Rec. H1083</identifier>
<extension>
<searchTitle>HAMAS HUMAN SHIELDS PREVENTION ACT; Congressional Record Vol. 164, No. 28</searchTitle>
<associatedBills>H.R. 3542, 115th Congress
        </associatedBills>
<granuleClass>HOUSE</granuleClass>
<accessId>CREC-2018-02-13-pt1-PgH1083</accessId>
<subGranuleClass>ALLOTHER</subGranuleClass>
<pagePrefix>H</pagePrefix>
<bookNumber>1</bookNumber>
<chamber>HOUSE</chamber>
<granuleDate>2018-02-13</granuleDate>
<time from="15:45:00" to="16:00:00"/>
<bill congress="115" context="HEADERLINE" number="3542" type="HR"/>
<bill congress="115" context="FIRSTPARAGRAPH" number="3542" type="HR"/>
<bill congress="115" context="OTHER" number="3542" type="HR"/>
<congCommittee authorityId="hsba00" chamber="H" congress="115" type="S">
<name type="authority-standard">Committee on Financial Services</name>
<name type="authority-short">Financial Services</name>
</congCommittee>
<congCommittee authorityId="hswm00" chamber="H" congress="115" type="S">
<name type="authority-standard">Committee on Ways and Means</name>
<name type="authority-short">Ways and Means</name>
</congCommittee>
<congCommittee authorityId="hsju00" chamber="H" congress="115" type="S">
<name type="authority-standard">Committee on the Judiciary</name>
<name type="authority-short">Judiciary</name>
</congCommittee>
<congCommittee authorityId="hsfa00" chamber="H" congress="115" type="S">
<name type="authority-standard">Committee on Foreign Affairs</name>
<name type="authority-short">Foreign Affairs</name>
</congCommittee>
<congCommittee authorityId="hsba00" chamber="H" congress="94" type="S">
<name type="authority-standard">Committee on Banking, Currency, and Housing</name>
<name type="authority-short">Banking</name>
</congCommittee>
<congCommittee authorityId="ssfr00" chamber="S" congress="115" type="S">
<name type="authority-standard">Committee on Foreign Relations</name>
<name type="authority-short">Foreign Relations</name>
</congCommittee>
<congMember authorityId="1688" bioGuideId="W000795" chamber="H" congress="115" gpoId="8142" party="R" role="SPEAKING" state="SC">
<name type="parsed">Mr. WILSON of South Carolina</name>
<name type="authority-fnf">Joe Wilson</name>
<name type="authority-lnf">Wilson, Joe</name>
</congMember>
<congMember authorityId="1526" bioGuideId="S000344" chamber="H" congress="115" gpoId="7832" party="D" role="SPEAKING" state="CA">
<name type="parsed">Mr. SHERMAN</name>
<name type="authority-fnf">Brad Sherman</name>
<name type="authority-lnf">Sherman, Brad</name>
</congMember>
<congMember authorityId="985" bioGuideId="R000435" chamber="H" congress="115" gpoId="7890" party="R" role="SPEAKING" state="FL">
<name type="parsed">Ms. ROS-LEHTINEN</name>
<name type="authority-fnf">Ileana Ros-Lehtinen</name>
<name type="authority-lnf">Ros-Lehtinen, Ileana</name>
</congMember>
<congMember authorityId="1071" bioGuideId="S000522" chamber="H" congress="115" gpoId="8046" party="R" role="SPEAKING" state="NJ">
<name type="parsed">Mr. SMITH of New Jersey</name>
<name type="authority-fnf">Christopher H. Smith</name>
<name type="authority-lnf">Smith, Christopher H.</name>
<name type="authority-other">Christopher Smith</name>
</congMember>
<congMember authorityId="998" bioGuideId="R000487" chamber="H" congress="115" gpoId="7845" party="R" role="SPEAKING" state="CA">
<name type="parsed">Mr. ROYCE</name>
<name type="authority-fnf">Edward R. Royce</name>
<name type="authority-lnf">Royce, Edward R.</name>
<name type="authority-other">Ed Royce</name>
</congMember>
<USCode title="8">
<section number="1101"/>
<section detail="et seq." number="1101"/>
<section number="1189"/>
</USCode>
<USCode title="28">
<section detail="(b)" number="1603"/>
</USCode>
<USCode title="50">
<section detail="et seq." number="1701"/>
<section number="1702"/>
<section number="1704"/>
<section number="1705"/>
<section detail="et seq." number="3091"/>
</USCode>
</extension>
<relatedItem type="isReferencedBy">
<titleInfo>
<title>United States House Bill 3542  (115th Congress)</title>
</titleInfo>
<identifier type="Congressional Bill citation">H.R. 3542</identifier>
<extension>
<congress>115</congress>
<context>HEADERLINE</context>
</extension>
</relatedItem>
<relatedItem type="isReferencedBy">
<titleInfo>
<title>United States House Bill 3542  (115th Congress)</title>
</titleInfo>
<identifier type="Congressional Bill citation">H.R. 3542</identifier>
<extension>
<congress>115</congress>
<context>FIRSTPARAGRAPH</context>
</extension>
</relatedItem>
<relatedItem type="isReferencedBy">
<titleInfo>
<title>United States House Bill 3542  (115th Congress)</title>
</titleInfo>
<identifier type="Congressional Bill citation">H.R. 3542</identifier>
<extension>
<congress>115</congress>
<context>OTHER</context>
</extension>
</relatedItem>
<relatedItem type="isReferencedBy">
<titleInfo>
<title>United States Code</title>
<partNumber>Title 8 Section 1101</partNumber>
<partNumber>Title 8 Section 1101et seq.</partNumber>
<partNumber>Title 8 Section 1189</partNumber>
</titleInfo>
<identifier type="USC citation">8 U.S.C. 1101</identifier>
<identifier type="USC citation">8 U.S.C. 1101et seq.</identifier>
<identifier type="USC citation">8 U.S.C. 1189</identifier>
</relatedItem>
<relatedItem type="isReferencedBy">
<titleInfo>
<title>United States Code</title>
<partNumber>Title 28 Section 1603(b)</partNumber>
</titleInfo>
<identifier type="USC citation">28 U.S.C. 1603(b)</identifier>
</relatedItem>
<relatedItem type="isReferencedBy">
<titleInfo>
<title>United States Code</title>
<partNumber>Title 50 Section 1701et seq.</partNumber>
<partNumber>Title 50 Section 1702</partNumber>
<partNumber>Title 50 Section 1704</partNumber>
<partNumber>Title 50 Section 1705</partNumber>
<partNumber>Title 50 Section 3091et seq.</partNumber>
</titleInfo>
<identifier type="USC citation">50 U.S.C. 1701et seq.</identifier>
<identifier type="USC citation">50 U.S.C. 1702</identifier>
<identifier type="USC citation">50 U.S.C. 1704</identifier>
<identifier type="USC citation">50 U.S.C. 1705</identifier>
<identifier type="USC citation">50 U.S.C. 3091et seq.</identifier>
</relatedItem>
<relatedItem ID="P0b002ee19867a183" type="host">
<titleInfo>
<title>Congressional Record</title>
<partNumber>Vol. 164, no. 28</partNumber>
</titleInfo>
<location>
<url access="object in context" displayLabel="Content Detail">https://www.gpo.gov/fdsys/pkg/CREC-2018-02-13/content-detail.html</url>
<url access="raw object" displayLabel="PDF rendition">https://www.gpo.gov/fdsys/pkg/CREC-2018-02-13/pdf/CREC-2018-02-13.pdf</url>
</location>
<part type="issue">
<extent unit="pages">
<start>H1077</start>
<end>H1128</end>
</extent>
<extent unit="pages">
<start>S889</start>
<end>S928</end>
</extent>
<extent unit="pages">
<start>E169</start>
<end>E180</end>
</extent>
<extent unit="pages">
<start>D153</start>
<end>D160</end>
</extent>
</part>
<originInfo>
<publisher>U.S. Government Publishing Office</publisher>
<dateIssued encoding="w3cdtf">2018-02-13</dateIssued>
<issuance>continuing</issuance>
<frequency authority="marcfrequency">daily</frequency>
</originInfo>
<physicalDescription>
<note type="source content type">deposited</note>
<digitalOrigin>born digital</digitalOrigin>
<extent>224 p.</extent>
</physicalDescription>
<classification authority="sudocs">X 1.1/A:</classification>
<classification authority="sudocs">X/A.</classification>
<identifier type="uri">https://www.gpo.gov/fdsys/pkg/CREC-2018-02-13</identifier>
<identifier type="local">P0b002ee19867a183</identifier>
<identifier type="stock number">752-002-00000-2</identifier>
<identifier type="ILS system id">000568013</identifier>
<identifier type="former package identifier">cr13fe18</identifier>
<recordInfo>
<recordContentSource authority="marcorg">DGPO</recordContentSource>
<recordCreationDate encoding="w3cdtf">2018-02-14</recordCreationDate>
<recordChangeDate encoding="w3cdtf">2018-02-14</recordChangeDate>
<recordIdentifier source="DGPO">CREC-2018-02-13</recordIdentifier>
<recordOrigin>machine generated</recordOrigin>
<languageOfCataloging>
<languageTerm authority="iso639-2b" type="code">eng</languageTerm>
</languageOfCataloging>
</recordInfo>
<accessCondition type="GPO scope determination">fdlp</accessCondition>
<extension>
<docClass>CREC</docClass>
<accessId>CREC-2018-02-13</accessId>
<volume>164</volume>
<issue>28</issue>
<congress>115</congress>
<session>2</session>
<bookCount>1</bookCount>
</extension>
</relatedItem>
</mods>