<mods ID="id-CREC-2018-02-13-pt1-PgS890-3" version="3.3" xmlns="http://www.loc.gov/mods/v3" xmlns:exslt="http://exslt.org/common" xmlns:xlink="http://www.w3.org/1999/xlink" xmlns:xsi="http://www.w3.org/2001/XMLSchema-instance" xsi:schemaLocation="http://www.loc.gov/mods/v3 http://www.loc.gov/standards/mods/v3/mods-3-3.xsd">
<name type="corporate">
<namePart>United States Government Publishing Office</namePart>
<role>
<roleTerm authority="marcrelator" type="text">publisher</roleTerm>
<roleTerm authority="marcrelator" type="code">pbl</roleTerm>
</role>
<role>
<roleTerm authority="marcrelator" type="text">distributor</roleTerm>
<roleTerm authority="marcrelator" type="code">dst</roleTerm>
</role>
</name>
<name type="corporate">
<namePart>United States</namePart>
<namePart>Congress</namePart>
<role>
<roleTerm authority="marcrelator" type="text">author</roleTerm>
<roleTerm authority="marcrelator" type="code">aut</roleTerm>
</role>
<description>Government Organization</description>
</name>
<typeOfResource>text</typeOfResource>
<genre authority="marcgt">government publication</genre>
<language>
<languageTerm authority="iso639-2b" type="code">eng</languageTerm>
</language>
<extension>
<collectionCode>CREC</collectionCode>
<category>Proceedings of Congress and General Congressional Publications</category>
<waisDatabaseName>2018_record</waisDatabaseName>
<branch>legislative</branch>
<dateIngested>2018-02-14</dateIngested>
</extension>
<titleInfo>
<title>BROADER OPTIONS FOR AMERICANS ACT--MOTION TO PROCEED</title>
<partName>Senate</partName>
</titleInfo>
<relatedItem type="otherFormat" xlink:href="https://www.gpo.gov/fdsys/pkg/CREC-2018-02-13/html/CREC-2018-02-13-pt1-PgS890-3.htm">
<identifier type="FDsys Unique ID">D09002ee19867fa36</identifier>
</relatedItem>
<relatedItem type="otherFormat" xlink:href="https://www.gpo.gov/fdsys/pkg/CREC-2018-02-13/pdf/CREC-2018-02-13-pt1-PgS890-3.pdf">
<identifier type="FDsys Unique ID">D09002ee19867fb68</identifier>
</relatedItem>
<identifier type="congressional record citation">164 Cong. Rec. S890</identifier>
<identifier type="uri">https://www.gpo.gov/fdsys/granule/CREC-2018-02-13/CREC-2018-02-13-pt1-PgS890-3</identifier>
<identifier type="former granule identifier">cr13fe18-165</identifier>
<location>
<url access="object in context" displayLabel="Content Detail">https://www.gpo.gov/fdsys/granule/CREC-2018-02-13/CREC-2018-02-13-pt1-PgS890-3/content-detail.html</url>
<url access="raw object" displayLabel="PDF rendition">https://www.gpo.gov/fdsys/pkg/CREC-2018-02-13/pdf/CREC-2018-02-13-pt1-PgS890-3.pdf</url>
<url access="raw object" displayLabel="HTML rendition">https://www.gpo.gov/fdsys/pkg/CREC-2018-02-13/html/CREC-2018-02-13-pt1-PgS890-3.htm</url>
</location>
<physicalDescription>
<extent>6 p.</extent>
</physicalDescription>
<part type="article">
<extent unit="pages">
<start>S890</start>
<end>S895</end>
</extent>
</part>
<name type="personal">
<namePart>Mitch McConnell</namePart>
<affiliation>United States Senate</affiliation>
<role>
<roleTerm type="text">speaking</roleTerm>
</role>
<description>United States Congress Member</description>
</name>
<name type="personal">
<namePart>Richard Durbin</namePart>
<affiliation>United States Senate</affiliation>
<role>
<roleTerm type="text">speaking</roleTerm>
</role>
<description>United States Congress Member</description>
</name>
<name type="personal">
<namePart>Charles E. Schumer</namePart>
<affiliation>United States Senate</affiliation>
<role>
<roleTerm type="text">speaking</roleTerm>
</role>
<description>United States Congress Member</description>
</name>
<name type="personal">
<namePart>Chuck Grassley</namePart>
<affiliation>United States Senate</affiliation>
<role>
<roleTerm type="text">speaking</roleTerm>
</role>
<description>United States Congress Member</description>
</name>
<name type="personal">
<namePart>John Thune</namePart>
<affiliation>United States Senate</affiliation>
<role>
<roleTerm type="text">speaking</roleTerm>
</role>
<description>United States Congress Member</description>
</name>
<identifier type="preferred citation">164 Cong. Rec. S890</identifier>
<extension>
<searchTitle>BROADER OPTIONS FOR AMERICANS ACT--MOTION TO PROCEED; Congressional Record Vol. 164, No. 28</searchTitle>
<granuleClass>SENATE</granuleClass>
<accessId>CREC-2018-02-13-pt1-PgS890-3</accessId>
<subGranuleClass>ALLOTHER</subGranuleClass>
<pagePrefix>S</pagePrefix>
<bookNumber>1</bookNumber>
<chamber>SENATE</chamber>
<granuleDate>2018-02-13</granuleDate>
<amendment chamber="SENATE" congress="115" context="OTHER" number="1948"/>
<bill congress="115" context="FIRSTPARAGRAPH" number="2579" type="HR"/>
<bill congress="115" context="OTHER" number="2579" type="HR"/>
<congMember authorityId="1395" bioGuideId="M000355" chamber="S" congress="115" gpoId="8254" party="R" role="SPEAKING" state="KY">
<name type="parsed">Mr. McCONNELL</name>
<name type="authority-fnf">Mitch McConnell</name>
<name type="authority-lnf">McConnell, Mitch</name>
</congMember>
<congMember authorityId="326" bioGuideId="D000563" chamber="S" congress="115" gpoId="8326" party="D" role="SPEAKING" state="IL">
<name type="parsed">Mr. DURBIN</name>
<name type="authority-fnf">Richard Durbin</name>
<name type="authority-lnf">Durbin, Richard</name>
<name type="authority-other">Richard J. Durbin</name>
</congMember>
<congMember authorityId="1036" bioGuideId="S000148" chamber="S" congress="115" gpoId="8279" party="D" role="SPEAKING" state="NY">
<name type="parsed">Mr. SCHUMER</name>
<name type="authority-fnf">Charles E. Schumer</name>
<name type="authority-lnf">Schumer, Charles E.</name>
<name type="authority-other">Charles Schumer</name>
</congMember>
<congMember authorityId="457" bioGuideId="G000386" chamber="S" congress="115" gpoId="8316" party="R" role="SPEAKING" state="IA">
<name type="parsed">Mr. GRASSLEY</name>
<name type="authority-fnf">Chuck Grassley</name>
<name type="authority-lnf">Grassley, Chuck</name>
<name type="authority-other">Charles Ernest Grassley</name>
</congMember>
<congMember authorityId="1534" bioGuideId="T000250" chamber="S" congress="115" gpoId="8257" party="R" role="SPEAKING" state="SD">
<name type="parsed">Mr. THUNE</name>
<name type="authority-fnf">John Thune</name>
<name type="authority-lnf">Thune, John</name>
<name type="authority-other">John R. Thune</name>
</congMember>
</extension>
<relatedItem type="isReferencedBy">
<titleInfo>
<title>United States House Bill 2579  (115th Congress)</title>
</titleInfo>
<identifier type="Congressional Bill citation">H.R. 2579</identifier>
<extension>
<congress>115</congress>
<context>FIRSTPARAGRAPH</context>
</extension>
</relatedItem>
<relatedItem type="isReferencedBy">
<titleInfo>
<title>United States House Bill 2579  (115th Congress)</title>
</titleInfo>
<identifier type="Congressional Bill citation">H.R. 2579</identifier>
<extension>
<congress>115</congress>
<context>OTHER</context>
</extension>
</relatedItem>
<relatedItem type="isReferencedBy">
<identifier type="congressional amendment citation"> Amendment No. 1948</identifier>
</relatedItem>
<extension>
<congress>115</congress>
<chamber>SENATE</chamber>
</extension>
<relatedItem ID="P0b002ee19867a183" type="host">
<titleInfo>
<title>Congressional Record</title>
<partNumber>Vol. 164, no. 28</partNumber>
</titleInfo>
<location>
<url access="object in context" displayLabel="Content Detail">https://www.gpo.gov/fdsys/pkg/CREC-2018-02-13/content-detail.html</url>
<url access="raw object" displayLabel="PDF rendition">https://www.gpo.gov/fdsys/pkg/CREC-2018-02-13/pdf/CREC-2018-02-13.pdf</url>
</location>
<part type="issue">
<extent unit="pages">
<start>H1077</start>
<end>H1128</end>
</extent>
<extent unit="pages">
<start>S889</start>
<end>S928</end>
</extent>
<extent unit="pages">
<start>E169</start>
<end>E180</end>
</extent>
<extent unit="pages">
<start>D153</start>
<end>D160</end>
</extent>
</part>
<originInfo>
<publisher>U.S. Government Publishing Office</publisher>
<dateIssued encoding="w3cdtf">2018-02-13</dateIssued>
<issuance>continuing</issuance>
<frequency authority="marcfrequency">daily</frequency>
</originInfo>
<physicalDescription>
<note type="source content type">deposited</note>
<digitalOrigin>born digital</digitalOrigin>
<extent>224 p.</extent>
</physicalDescription>
<classification authority="sudocs">X 1.1/A:</classification>
<classification authority="sudocs">X/A.</classification>
<identifier type="uri">https://www.gpo.gov/fdsys/pkg/CREC-2018-02-13</identifier>
<identifier type="local">P0b002ee19867a183</identifier>
<identifier type="stock number">752-002-00000-2</identifier>
<identifier type="ILS system id">000568013</identifier>
<identifier type="former package identifier">cr13fe18</identifier>
<recordInfo>
<recordContentSource authority="marcorg">DGPO</recordContentSource>
<recordCreationDate encoding="w3cdtf">2018-02-14</recordCreationDate>
<recordChangeDate encoding="w3cdtf">2018-02-14</recordChangeDate>
<recordIdentifier source="DGPO">CREC-2018-02-13</recordIdentifier>
<recordOrigin>machine generated</recordOrigin>
<languageOfCataloging>
<languageTerm authority="iso639-2b" type="code">eng</languageTerm>
</languageOfCataloging>
</recordInfo>
<accessCondition type="GPO scope determination">fdlp</accessCondition>
<extension>
<docClass>CREC</docClass>
<accessId>CREC-2018-02-13</accessId>
<volume>164</volume>
<issue>28</issue>
<congress>115</congress>
<session>2</session>
<bookCount>1</bookCount>
</extension>
</relatedItem>
</mods>