<mods ID="id-CREC-2018-02-07-pt1-PgS667-5" version="3.3" xmlns="http://www.loc.gov/mods/v3" xmlns:exslt="http://exslt.org/common" xmlns:xlink="http://www.w3.org/1999/xlink" xmlns:xsi="http://www.w3.org/2001/XMLSchema-instance" xsi:schemaLocation="http://www.loc.gov/mods/v3 http://www.loc.gov/standards/mods/v3/mods-3-3.xsd">
<name type="corporate">
<namePart>United States Government Publishing Office</namePart>
<role>
<roleTerm authority="marcrelator" type="text">publisher</roleTerm>
<roleTerm authority="marcrelator" type="code">pbl</roleTerm>
</role>
<role>
<roleTerm authority="marcrelator" type="text">distributor</roleTerm>
<roleTerm authority="marcrelator" type="code">dst</roleTerm>
</role>
</name>
<name type="corporate">
<namePart>United States</namePart>
<namePart>Congress</namePart>
<role>
<roleTerm authority="marcrelator" type="text">author</roleTerm>
<roleTerm authority="marcrelator" type="code">aut</roleTerm>
</role>
<description>Government Organization</description>
</name>
<typeOfResource>text</typeOfResource>
<genre authority="marcgt">government publication</genre>
<language>
<languageTerm authority="iso639-2b" type="code">eng</languageTerm>
</language>
<extension>
<collectionCode>CREC</collectionCode>
<category>Proceedings of Congress and General Congressional Publications</category>
<waisDatabaseName>2018_record</waisDatabaseName>
<branch>legislative</branch>
<dateIngested>2018-02-08</dateIngested>
</extension>
<titleInfo>
<title>CHILD PROTECTION IMPROVEMENTS ACT OF 2017</title>
<partName>Senate</partName>
</titleInfo>
<relatedItem type="otherFormat" xlink:href="https://www.gpo.gov/fdsys/pkg/CREC-2018-02-07/html/CREC-2018-02-07-pt1-PgS667-5.htm">
<identifier type="FDsys Unique ID">D09002ee1985bce95</identifier>
</relatedItem>
<relatedItem type="otherFormat" xlink:href="https://www.gpo.gov/fdsys/pkg/CREC-2018-02-07/pdf/CREC-2018-02-07-pt1-PgS667-5.pdf">
<identifier type="FDsys Unique ID">D09002ee1985bcf51</identifier>
</relatedItem>
<identifier type="congressional record citation">164 Cong. Rec. S667</identifier>
<identifier type="uri">https://www.gpo.gov/fdsys/granule/CREC-2018-02-07/CREC-2018-02-07-pt1-PgS667-5</identifier>
<identifier type="former granule identifier">cr07fe18-116</identifier>
<location>
<url access="object in context" displayLabel="Content Detail">https://www.gpo.gov/fdsys/granule/CREC-2018-02-07/CREC-2018-02-07-pt1-PgS667-5/content-detail.html</url>
<url access="raw object" displayLabel="PDF rendition">https://www.gpo.gov/fdsys/pkg/CREC-2018-02-07/pdf/CREC-2018-02-07-pt1-PgS667-5.pdf</url>
<url access="raw object" displayLabel="HTML rendition">https://www.gpo.gov/fdsys/pkg/CREC-2018-02-07/html/CREC-2018-02-07-pt1-PgS667-5.htm</url>
</location>
<physicalDescription>
<extent>31 p.</extent>
</physicalDescription>
<part type="article">
<extent unit="pages">
<start>S667</start>
<end>S697</end>
</extent>
</part>
<name type="personal">
<namePart>Tom Udall</namePart>
<affiliation>United States Senate</affiliation>
<role>
<roleTerm type="text">speaking</roleTerm>
</role>
<description>United States Congress Member</description>
</name>
<name type="personal">
<namePart>Elizabeth Warren</namePart>
<affiliation>United States Senate</affiliation>
<role>
<roleTerm type="text">speaking</roleTerm>
</role>
<description>United States Congress Member</description>
</name>
<name type="personal">
<namePart>John Barrasso</namePart>
<affiliation>United States Senate</affiliation>
<role>
<roleTerm type="text">speaking</roleTerm>
</role>
<description>United States Congress Member</description>
</name>
<name type="personal">
<namePart>Amy Klobuchar</namePart>
<affiliation>United States Senate</affiliation>
<role>
<roleTerm type="text">speaking</roleTerm>
</role>
<description>United States Congress Member</description>
</name>
<name type="personal">
<namePart>Mitch McConnell</namePart>
<affiliation>United States Senate</affiliation>
<role>
<roleTerm type="text">speaking</roleTerm>
</role>
<description>United States Congress Member</description>
</name>
<name type="personal">
<namePart>Charles E. Schumer</namePart>
<affiliation>United States Senate</affiliation>
<role>
<roleTerm type="text">speaking</roleTerm>
</role>
<description>United States Congress Member</description>
</name>
<name type="personal">
<namePart>Tim Scott</namePart>
<affiliation>United States Senate</affiliation>
<role>
<roleTerm type="text">speaking</roleTerm>
</role>
<description>United States Congress Member</description>
</name>
<name type="personal">
<namePart>Kirsten E. Gillibrand</namePart>
<affiliation>United States Senate</affiliation>
<role>
<roleTerm type="text">speaking</roleTerm>
</role>
<description>United States Congress Member</description>
</name>
<name type="personal">
<namePart>Tammy Duckworth</namePart>
<affiliation>United States Senate</affiliation>
<role>
<roleTerm type="text">speaking</roleTerm>
</role>
<description>United States Congress Member</description>
</name>
<name type="personal">
<namePart>Heidi Heitkamp</namePart>
<affiliation>United States Senate</affiliation>
<role>
<roleTerm type="text">speaking</roleTerm>
</role>
<description>United States Congress Member</description>
</name>
<name type="personal">
<namePart>Roy Blunt</namePart>
<affiliation>United States Senate</affiliation>
<role>
<roleTerm type="text">speaking</roleTerm>
</role>
<description>United States Congress Member</description>
</name>
<name type="personal">
<namePart>Shelley Moore Capito</namePart>
<affiliation>United States Senate</affiliation>
<role>
<roleTerm type="text">speaking</roleTerm>
</role>
<description>United States Congress Member</description>
</name>
<name type="personal">
<namePart>Todd C. Young</namePart>
<affiliation>United States Senate</affiliation>
<role>
<roleTerm type="text">speaking</roleTerm>
</role>
<description>United States Congress Member</description>
</name>
<name type="personal">
<namePart>John Kennedy</namePart>
<affiliation>United States Senate</affiliation>
<role>
<roleTerm type="text">speaking</roleTerm>
</role>
<description>United States Congress Member</description>
</name>
<name type="personal">
<namePart>Jon Tester</namePart>
<affiliation>United States Senate</affiliation>
<role>
<roleTerm type="text">speaking</roleTerm>
</role>
<description>United States Congress Member</description>
</name>
<name type="personal">
<namePart>Jeff Merkley</namePart>
<affiliation>United States Senate</affiliation>
<role>
<roleTerm type="text">speaking</roleTerm>
</role>
<description>United States Congress Member</description>
</name>
<name type="personal">
<namePart>Lisa Murkowski</namePart>
<affiliation>United States Senate</affiliation>
<role>
<roleTerm type="text">speaking</roleTerm>
</role>
<description>United States Congress Member</description>
</name>
<name type="personal">
<namePart>John Cornyn</namePart>
<affiliation>United States Senate</affiliation>
<role>
<roleTerm type="text">speaking</roleTerm>
</role>
<description>United States Congress Member</description>
</name>
<name type="personal">
<namePart>Patrick J. Toomey</namePart>
<affiliation>United States Senate</affiliation>
<role>
<roleTerm type="text">speaking</roleTerm>
</role>
<description>United States Congress Member</description>
</name>
<name type="personal">
<namePart>Bill Nelson</namePart>
<affiliation>United States Senate</affiliation>
<role>
<roleTerm type="text">speaking</roleTerm>
</role>
<description>United States Congress Member</description>
</name>
<name type="personal">
<namePart>Marco Rubio</namePart>
<affiliation>United States Senate</affiliation>
<role>
<roleTerm type="text">speaking</roleTerm>
</role>
<description>United States Congress Member</description>
</name>
<name type="personal">
<namePart>Chuck Grassley</namePart>
<affiliation>United States Senate</affiliation>
<role>
<roleTerm type="text">speaking</roleTerm>
</role>
<description>United States Congress Member</description>
</name>
<name type="personal">
<namePart>Ted Cruz</namePart>
<affiliation>United States Senate</affiliation>
<role>
<roleTerm type="text">speaking</roleTerm>
</role>
<description>United States Congress Member</description>
</name>
<name type="personal">
<namePart>Debbie Stabenow</namePart>
<affiliation>United States Senate</affiliation>
<role>
<roleTerm type="text">speaking</roleTerm>
</role>
<description>United States Congress Member</description>
</name>
<name type="personal">
<namePart>Joni Ernst</namePart>
<affiliation>United States Senate</affiliation>
<role>
<roleTerm type="text">speaking</roleTerm>
</role>
<description>United States Congress Member</description>
</name>
<name type="personal">
<namePart>Thomas R. Carper</namePart>
<affiliation>United States Senate</affiliation>
<role>
<roleTerm type="text">speaking</roleTerm>
</role>
<description>United States Congress Member</description>
</name>
<name type="personal">
<namePart>Richard Durbin</namePart>
<affiliation>United States Senate</affiliation>
<role>
<roleTerm type="text">speaking</roleTerm>
</role>
<description>United States Congress Member</description>
</name>
<name type="corporate">
<namePart>United States</namePart>
<namePart>Congress</namePart>
<namePart>Senate</namePart>
<namePart>Committee on Appropriations</namePart>
<role>
<roleTerm authority="marcrelator" type="text">associated name</roleTerm>
<roleTerm authority="marcrelator" type="code">asn</roleTerm>
</role>
<description>Government Organization</description>
</name>
<identifier type="preferred citation">164 Cong. Rec. S667</identifier>
<extension>
<searchTitle>CHILD PROTECTION IMPROVEMENTS ACT OF 2017; Congressional Record Vol. 164, No. 24</searchTitle>
<granuleClass>SENATE</granuleClass>
<accessId>CREC-2018-02-07-pt1-PgS667-5</accessId>
<subGranuleClass>ALLOTHER</subGranuleClass>
<pagePrefix>S</pagePrefix>
<bookNumber>1</bookNumber>
<chamber>SENATE</chamber>
<granuleDate>2018-02-07</granuleDate>
<amendment chamber="SENATE" congress="115" context="OTHER" number="1922"/>
<amendment chamber="SENATE" congress="115" context="OTHER" number="1923"/>
<amendment chamber="SENATE" congress="115" context="OTHER" number="1922"/>
<amendment chamber="SENATE" congress="115" context="OTHER" number="1924"/>
<amendment chamber="SENATE" congress="115" context="OTHER" number="1923"/>
<bill congress="115" context="FIRSTPARAGRAPH" number="695" type="HR"/>
<bill congress="115" context="OTHER" number="695" type="HR"/>
<congCommittee authorityId="ssap00" chamber="S" congress="115" type="S">
<name type="authority-standard">Committee on Appropriations</name>
<name type="authority-short">Appropriations</name>
</congCommittee>
<congMember authorityId="1567" bioGuideId="U000039" chamber="S" congress="115" gpoId="8260" party="D" role="SPEAKING" state="NM">
<name type="parsed">Mr. UDALL</name>
<name type="authority-fnf">Tom Udall</name>
<name type="authority-lnf">Udall, Tom</name>
</congMember>
<congMember authorityId="2182" bioGuideId="W000817" chamber="S" congress="115" party="D" role="SPEAKING" state="MA">
<name type="parsed">Ms. WARREN</name>
<name type="authority-fnf">Elizabeth Warren</name>
<name type="authority-lnf">Warren, Elizabeth</name>
<name type="authority-other">Ms. Elizabeth A. Warren</name>
</congMember>
<congMember authorityId="1881" bioGuideId="B001261" chamber="S" congress="115" gpoId="8300" party="R" role="SPEAKING" state="WY">
<name type="parsed">Mr. BARRASSO</name>
<name type="authority-fnf">John Barrasso</name>
<name type="authority-lnf">Barrasso, John</name>
</congMember>
<congMember authorityId="1826" bioGuideId="K000367" chamber="S" congress="115" gpoId="8249" party="D" role="SPEAKING" state="MN">
<name type="parsed">Ms. KLOBUCHAR</name>
<name type="authority-fnf">Amy Klobuchar</name>
<name type="authority-lnf">Klobuchar, Amy</name>
</congMember>
<congMember authorityId="1395" bioGuideId="M000355" chamber="S" congress="115" gpoId="8254" party="R" role="SPEAKING" state="KY">
<name type="parsed">Mr. McCONNELL</name>
<name type="authority-fnf">Mitch McConnell</name>
<name type="authority-lnf">McConnell, Mitch</name>
</congMember>
<congMember authorityId="1036" bioGuideId="S000148" chamber="S" congress="115" gpoId="8279" party="D" role="SPEAKING" state="NY">
<name type="parsed">Mr. SCHUMER</name>
<name type="authority-fnf">Charles E. Schumer</name>
<name type="authority-lnf">Schumer, Charles E.</name>
<name type="authority-other">Charles Schumer</name>
</congMember>
<congMember authorityId="2056" bioGuideId="S001184" chamber="S" congress="115" gpoId="8141" party="R" role="SPEAKING" state="SC">
<name type="parsed">Mr. SCOTT</name>
<name type="authority-fnf">Tim Scott</name>
<name type="authority-lnf">Scott, Tim</name>
</congMember>
<congMember authorityId="1866" bioGuideId="G000555" chamber="S" congress="115" gpoId="8336" party="D" role="SPEAKING" state="NY">
<name type="parsed">Mrs. GILLIBRAND</name>
<name type="authority-fnf">Kirsten E. Gillibrand</name>
<name type="authority-lnf">Gillibrand, Kirsten E.</name>
<name type="authority-other">Mrs. Kirsten Gillibrand</name>
</congMember>
<congMember authorityId="2123" bioGuideId="D000622" chamber="S" congress="115" party="D" role="SPEAKING" state="IL">
<name type="parsed">Ms. DUCKWORTH</name>
<name type="authority-fnf">Tammy Duckworth</name>
<name type="authority-lnf">Duckworth, Tammy</name>
</congMember>
<congMember authorityId="2174" bioGuideId="H001069" chamber="S" congress="115" party="D" role="SPEAKING" state="ND">
<name type="parsed">Ms. HEITKAMP</name>
<name type="authority-fnf">Heidi Heitkamp</name>
<name type="authority-lnf">Heitkamp, Heidi</name>
</congMember>
<congMember authorityId="1464" bioGuideId="B000575" chamber="S" congress="115" gpoId="8313" party="R" role="SPEAKING" state="MO">
<name type="parsed">Mr. BLUNT</name>
<name type="authority-fnf">Roy Blunt</name>
<name type="authority-lnf">Blunt, Roy</name>
</congMember>
<congMember authorityId="1676" bioGuideId="C001047" chamber="S" congress="115" gpoId="8223" party="R" role="SPEAKING" state="WV">
<name type="parsed">Mrs. CAPITO</name>
<name type="authority-fnf">Shelley Moore Capito</name>
<name type="authority-lnf">Capito, Shelley Moore</name>
<name type="authority-other">Shelley Capito</name>
</congMember>
<congMember authorityId="2019" bioGuideId="Y000064" chamber="S" congress="115" gpoId="7948" party="R" role="SPEAKING" state="IN">
<name type="parsed">Mr. YOUNG</name>
<name type="authority-fnf">Todd C. Young</name>
<name type="authority-lnf">Young, Todd C.</name>
<name type="authority-other">Mr. Todd Young</name>
</congMember>
<congMember authorityId="2303" bioGuideId="K000393" chamber="S" congress="115" party="R" role="SPEAKING" state="LA">
<name type="parsed">Mr. KENNEDY</name>
<name type="authority-fnf">John Kennedy</name>
<name type="authority-lnf">Kennedy, John</name>
<name type="authority-other">Mr. John Neely Kennedy</name>
</congMember>
<congMember authorityId="1829" bioGuideId="T000464" chamber="S" congress="115" gpoId="8258" party="D" role="SPEAKING" state="MT">
<name type="parsed">Mr. TESTER</name>
<name type="authority-fnf">Jon Tester</name>
<name type="authority-lnf">Tester, Jon</name>
</congMember>
<congMember authorityId="1900" bioGuideId="M001176" chamber="S" congress="115" gpoId="8238" party="D" role="SPEAKING" state="OR">
<name type="parsed">Mr. MERKLEY</name>
<name type="authority-fnf">Jeff Merkley</name>
<name type="authority-lnf">Merkley, Jeff</name>
</congMember>
<congMember authorityId="1694" bioGuideId="M001153" chamber="S" congress="115" gpoId="8234" party="R" role="SPEAKING" state="AK">
<name type="parsed">Ms. MURKOWSKI</name>
<name type="authority-fnf">Lisa Murkowski</name>
<name type="authority-lnf">Murkowski, Lisa</name>
</congMember>
<congMember authorityId="1692" bioGuideId="C001056" chamber="S" congress="115" gpoId="8295" party="R" role="SPEAKING" state="TX">
<name type="parsed">Mr. CORNYN</name>
<name type="authority-fnf">John Cornyn</name>
<name type="authority-lnf">Cornyn, John</name>
</congMember>
<congMember authorityId="1594" bioGuideId="T000461" chamber="S" congress="115" party="R" role="SPEAKING" state="PA">
<name type="parsed">Mr. TOOMEY</name>
<name type="authority-fnf">Patrick J. Toomey</name>
<name type="authority-lnf">Toomey, Patrick J.</name>
<name type="authority-other">Patrick Toomey</name>
</congMember>
<congMember authorityId="859" bioGuideId="N000032" chamber="S" congress="115" gpoId="8236" party="D" role="SPEAKING" state="FL">
<name type="parsed">Mr. NELSON</name>
<name type="authority-fnf">Bill Nelson</name>
<name type="authority-lnf">Nelson, Bill</name>
<name type="authority-other">Clarence William Nelson</name>
</congMember>
<congMember authorityId="2084" bioGuideId="R000595" chamber="S" congress="115" gpoId="8242" party="R" role="SPEAKING" state="FL">
<name type="parsed">Mr. RUBIO</name>
<name type="authority-fnf">Marco Rubio</name>
<name type="authority-lnf">Rubio, Marco</name>
</congMember>
<congMember authorityId="457" bioGuideId="G000386" chamber="S" congress="115" gpoId="8316" party="R" role="SPEAKING" state="IA">
<name type="parsed">Mr. GRASSLEY</name>
<name type="authority-fnf">Chuck Grassley</name>
<name type="authority-lnf">Grassley, Chuck</name>
<name type="authority-other">Charles Ernest Grassley</name>
</congMember>
<congMember authorityId="2175" bioGuideId="C001098" chamber="S" congress="115" party="R" role="SPEAKING" state="TX">
<name type="parsed">Mr. CRUZ</name>
<name type="authority-fnf">Ted Cruz</name>
<name type="authority-lnf">Cruz, Ted</name>
</congMember>
<congMember authorityId="1531" bioGuideId="S000770" chamber="S" congress="115" gpoId="8261" party="D" role="SPEAKING" state="MI">
<name type="parsed">Ms. STABENOW</name>
<name type="authority-fnf">Debbie Stabenow</name>
<name type="authority-lnf">Stabenow, Debbie</name>
<name type="authority-other">Deborah Ann Stabenow</name>
</congMember>
<congMember authorityId="2283" bioGuideId="E000295" chamber="S" congress="115" party="R" role="SPEAKING" state="IA">
<name type="parsed">Mrs. ERNST</name>
<name type="authority-fnf">Joni Ernst</name>
<name type="authority-lnf">Ernst, Joni</name>
</congMember>
<congMember authorityId="179" bioGuideId="C000174" chamber="S" congress="115" gpoId="8283" party="D" role="SPEAKING" state="DE">
<name type="parsed">Mr. CARPER</name>
<name type="authority-fnf">Thomas R. Carper</name>
<name type="authority-lnf">Carper, Thomas R.</name>
<name type="authority-other">Thomas Carper</name>
</congMember>
<congMember authorityId="326" bioGuideId="D000563" chamber="S" congress="115" gpoId="8326" party="D" role="SPEAKING" state="IL">
<name type="parsed">Mr. DURBIN</name>
<name type="authority-fnf">Richard Durbin</name>
<name type="authority-lnf">Durbin, Richard</name>
<name type="authority-other">Richard J. Durbin</name>
</congMember>
</extension>
<relatedItem type="isReferencedBy">
<titleInfo>
<title>United States House Bill 695  (115th Congress)</title>
</titleInfo>
<identifier type="Congressional Bill citation">H.R. 695</identifier>
<extension>
<congress>115</congress>
<context>FIRSTPARAGRAPH</context>
</extension>
</relatedItem>
<relatedItem type="isReferencedBy">
<titleInfo>
<title>United States House Bill 695  (115th Congress)</title>
</titleInfo>
<identifier type="Congressional Bill citation">H.R. 695</identifier>
<extension>
<congress>115</congress>
<context>OTHER</context>
</extension>
</relatedItem>
<relatedItem type="isReferencedBy">
<identifier type="congressional amendment citation"> Amendment No. 1922</identifier>
</relatedItem>
<extension>
<congress>115</congress>
<chamber>SENATE</chamber>
</extension>
<relatedItem type="isReferencedBy">
<identifier type="congressional amendment citation"> Amendment No. 1923</identifier>
</relatedItem>
<extension>
<congress>115</congress>
<chamber>SENATE</chamber>
</extension>
<relatedItem type="isReferencedBy">
<identifier type="congressional amendment citation"> Amendment No. 1922</identifier>
</relatedItem>
<extension>
<congress>115</congress>
<chamber>SENATE</chamber>
</extension>
<relatedItem type="isReferencedBy">
<identifier type="congressional amendment citation"> Amendment No. 1924</identifier>
</relatedItem>
<extension>
<congress>115</congress>
<chamber>SENATE</chamber>
</extension>
<relatedItem type="isReferencedBy">
<identifier type="congressional amendment citation"> Amendment No. 1923</identifier>
</relatedItem>
<extension>
<congress>115</congress>
<chamber>SENATE</chamber>
</extension>
<relatedItem ID="P0b002ee1985baa79" type="host">
<titleInfo>
<title>Congressional Record</title>
<partNumber>Vol. 164, no. 24</partNumber>
</titleInfo>
<location>
<url access="object in context" displayLabel="Content Detail">https://www.gpo.gov/fdsys/pkg/CREC-2018-02-07/content-detail.html</url>
<url access="raw object" displayLabel="PDF rendition">https://www.gpo.gov/fdsys/pkg/CREC-2018-02-07/pdf/CREC-2018-02-07.pdf</url>
</location>
<part type="issue">
<extent unit="pages">
<start>H905</start>
<end>H976</end>
</extent>
<extent unit="pages">
<start>S667</start>
<end>S792</end>
</extent>
<extent unit="pages">
<start>E149</start>
<end>E160</end>
</extent>
<extent unit="pages">
<start>D129</start>
<end>D134</end>
</extent>
</part>
<originInfo>
<publisher>U.S. Government Publishing Office</publisher>
<dateIssued encoding="w3cdtf">2018-02-07</dateIssued>
<issuance>continuing</issuance>
<frequency authority="marcfrequency">daily</frequency>
</originInfo>
<physicalDescription>
<note type="source content type">deposited</note>
<digitalOrigin>born digital</digitalOrigin>
<extent>432 p.</extent>
</physicalDescription>
<classification authority="sudocs">X 1.1/A:</classification>
<classification authority="sudocs">X/A.</classification>
<identifier type="uri">https://www.gpo.gov/fdsys/pkg/CREC-2018-02-07</identifier>
<identifier type="local">P0b002ee1985baa79</identifier>
<identifier type="stock number">752-002-00000-2</identifier>
<identifier type="ILS system id">000568013</identifier>
<identifier type="former package identifier">cr07fe18</identifier>
<recordInfo>
<recordContentSource authority="marcorg">DGPO</recordContentSource>
<recordCreationDate encoding="w3cdtf">2018-02-08</recordCreationDate>
<recordChangeDate encoding="w3cdtf">2018-02-08</recordChangeDate>
<recordIdentifier source="DGPO">CREC-2018-02-07</recordIdentifier>
<recordOrigin>machine generated</recordOrigin>
<languageOfCataloging>
<languageTerm authority="iso639-2b" type="code">eng</languageTerm>
</languageOfCataloging>
</recordInfo>
<accessCondition type="GPO scope determination">fdlp</accessCondition>
<extension>
<docClass>CREC</docClass>
<accessId>CREC-2018-02-07</accessId>
<volume>164</volume>
<issue>24</issue>
<congress>115</congress>
<session>2</session>
<bookCount>1</bookCount>
</extension>
</relatedItem>
</mods>