<mods ID="id-CREC-2018-02-13-pt1-PgH1125" version="3.3" xmlns="http://www.loc.gov/mods/v3" xmlns:exslt="http://exslt.org/common" xmlns:xlink="http://www.w3.org/1999/xlink" xmlns:xsi="http://www.w3.org/2001/XMLSchema-instance" xsi:schemaLocation="http://www.loc.gov/mods/v3 http://www.loc.gov/standards/mods/v3/mods-3-3.xsd">
<name type="corporate">
<namePart>United States Government Publishing Office</namePart>
<role>
<roleTerm authority="marcrelator" type="text">publisher</roleTerm>
<roleTerm authority="marcrelator" type="code">pbl</roleTerm>
</role>
<role>
<roleTerm authority="marcrelator" type="text">distributor</roleTerm>
<roleTerm authority="marcrelator" type="code">dst</roleTerm>
</role>
</name>
<name type="corporate">
<namePart>United States</namePart>
<namePart>Congress</namePart>
<role>
<roleTerm authority="marcrelator" type="text">author</roleTerm>
<roleTerm authority="marcrelator" type="code">aut</roleTerm>
</role>
<description>Government Organization</description>
</name>
<typeOfResource>text</typeOfResource>
<genre authority="marcgt">government publication</genre>
<language>
<languageTerm authority="iso639-2b" type="code">eng</languageTerm>
</language>
<extension>
<collectionCode>CREC</collectionCode>
<category>Proceedings of Congress and General Congressional Publications</category>
<waisDatabaseName>2018_record</waisDatabaseName>
<branch>legislative</branch>
<dateIngested>2018-02-14</dateIngested>
</extension>
<titleInfo>
<title>REPORTS OF COMMITTEES ON PUBLIC BILLS AND RESOLUTIONS</title>
<partName>House</partName>
</titleInfo>
<relatedItem type="otherFormat" xlink:href="https://www.gpo.gov/fdsys/pkg/CREC-2018-02-13/html/CREC-2018-02-13-pt1-PgH1125.htm">
<identifier type="FDsys Unique ID">D09002ee19867fa87</identifier>
</relatedItem>
<relatedItem type="otherFormat" xlink:href="https://www.gpo.gov/fdsys/pkg/CREC-2018-02-13/pdf/CREC-2018-02-13-pt1-PgH1125.pdf">
<identifier type="FDsys Unique ID">D09002ee19867fb81</identifier>
</relatedItem>
<identifier type="congressional record citation">164 Cong. Rec. H1125</identifier>
<identifier type="uri">https://www.gpo.gov/fdsys/granule/CREC-2018-02-13/CREC-2018-02-13-pt1-PgH1125</identifier>
<identifier type="former granule identifier">cr13fe18-133</identifier>
<location>
<url access="object in context" displayLabel="Content Detail">https://www.gpo.gov/fdsys/granule/CREC-2018-02-13/CREC-2018-02-13-pt1-PgH1125/content-detail.html</url>
<url access="raw object" displayLabel="PDF rendition">https://www.gpo.gov/fdsys/pkg/CREC-2018-02-13/pdf/CREC-2018-02-13-pt1-PgH1125.pdf</url>
<url access="raw object" displayLabel="HTML rendition">https://www.gpo.gov/fdsys/pkg/CREC-2018-02-13/html/CREC-2018-02-13-pt1-PgH1125.htm</url>
</location>
<physicalDescription>
<extent>1 p.</extent>
</physicalDescription>
<part type="article">
<extent unit="pages">
<start>H1125</start>
<end>H1125</end>
</extent>
</part>
<name type="corporate">
<namePart>United States</namePart>
<namePart>Congress</namePart>
<namePart>House of Representatives</namePart>
<namePart>Committee on Financial Services</namePart>
<role>
<roleTerm authority="marcrelator" type="text">associated name</roleTerm>
<roleTerm authority="marcrelator" type="code">asn</roleTerm>
</role>
<description>Government Organization</description>
</name>
<name type="corporate">
<namePart>United States</namePart>
<namePart>Congress</namePart>
<namePart>House of Representatives</namePart>
<namePart>Committee on Science, Space, and Technology</namePart>
<role>
<roleTerm authority="marcrelator" type="text">associated name</roleTerm>
<roleTerm authority="marcrelator" type="code">asn</roleTerm>
</role>
<description>Government Organization</description>
</name>
<name type="corporate">
<namePart>United States</namePart>
<namePart>Congress</namePart>
<namePart>House of Representatives</namePart>
<namePart>Committee on Rules</namePart>
<role>
<roleTerm authority="marcrelator" type="text">associated name</roleTerm>
<roleTerm authority="marcrelator" type="code">asn</roleTerm>
</role>
<description>Government Organization</description>
</name>
<identifier type="preferred citation">164 Cong. Rec. H1125</identifier>
<extension>
<searchTitle>REPORTS OF COMMITTEES ON PUBLIC BILLS AND RESOLUTIONS; Congressional Record Vol. 164, No. 28</searchTitle>
<granuleClass>HOUSE</granuleClass>
<accessId>CREC-2018-02-13-pt1-PgH1125</accessId>
<subGranuleClass>HPUBCOMMREPORT</subGranuleClass>
<pagePrefix>H</pagePrefix>
<bookNumber>1</bookNumber>
<chamber>HOUSE</chamber>
<granuleDate>2018-02-13</granuleDate>
<time from="21:00:00" to="21:00:00"/>
<bill congress="115" context="OTHER" number="620" type="HR"/>
<bill congress="115" context="OTHER" number="736" type="HRES"/>
<bill congress="115" context="OTHER" number="2948" type="HR"/>
<bill congress="115" context="OTHER" number="3299" type="HR"/>
<bill congress="115" context="OTHER" number="3397" type="HR"/>
<bill congress="115" context="OTHER" number="3978" type="HR"/>
<bill congress="115" context="OTHER" number="4376" type="HR"/>
<bill congress="115" context="OTHER" number="4377" type="HR"/>
<bill congress="115" context="OTHER" number="4378" type="HR"/>
<bill congress="115" context="OTHER" number="4675" type="HR"/>
<bill congress="115" context="OTHER" number="4768" type="HR"/>
<congCommittee authorityId="hsba00" chamber="H" congress="115" type="S">
<name type="authority-standard">Committee on Financial Services</name>
<name type="authority-short">Financial Services</name>
</congCommittee>
<congCommittee authorityId="hssy00" chamber="H" congress="115" type="S">
<name type="authority-standard">Committee on Science, Space, and Technology</name>
<name type="authority-short">Science, Space, and Technology</name>
</congCommittee>
<congCommittee authorityId="hsru00" chamber="H" congress="115" type="S">
<name type="authority-standard">Committee on Rules</name>
<name type="authority-short">Rules</name>
</congCommittee>
</extension>
<relatedItem type="isReferencedBy">
<titleInfo>
<title>United States House Bill 620  (115th Congress)</title>
</titleInfo>
<identifier type="Congressional Bill citation">H.R. 620</identifier>
<extension>
<congress>115</congress>
<context>OTHER</context>
</extension>
</relatedItem>
<relatedItem type="isReferencedBy">
<titleInfo>
<title>United States House Resolution 736  (115th Congress)</title>
</titleInfo>
<identifier type="Congressional Bill citation">H. Res. 736</identifier>
<extension>
<congress>115</congress>
<context>OTHER</context>
</extension>
</relatedItem>
<relatedItem type="isReferencedBy">
<titleInfo>
<title>United States House Bill 2948  (115th Congress)</title>
</titleInfo>
<identifier type="Congressional Bill citation">H.R. 2948</identifier>
<extension>
<congress>115</congress>
<context>OTHER</context>
</extension>
</relatedItem>
<relatedItem type="isReferencedBy">
<titleInfo>
<title>United States House Bill 3299  (115th Congress)</title>
</titleInfo>
<identifier type="Congressional Bill citation">H.R. 3299</identifier>
<extension>
<congress>115</congress>
<context>OTHER</context>
</extension>
</relatedItem>
<relatedItem type="isReferencedBy">
<titleInfo>
<title>United States House Bill 3397  (115th Congress)</title>
</titleInfo>
<identifier type="Congressional Bill citation">H.R. 3397</identifier>
<extension>
<congress>115</congress>
<context>OTHER</context>
</extension>
</relatedItem>
<relatedItem type="isReferencedBy">
<titleInfo>
<title>United States House Bill 3978  (115th Congress)</title>
</titleInfo>
<identifier type="Congressional Bill citation">H.R. 3978</identifier>
<extension>
<congress>115</congress>
<context>OTHER</context>
</extension>
</relatedItem>
<relatedItem type="isReferencedBy">
<titleInfo>
<title>United States House Bill 4376  (115th Congress)</title>
</titleInfo>
<identifier type="Congressional Bill citation">H.R. 4376</identifier>
<extension>
<congress>115</congress>
<context>OTHER</context>
</extension>
</relatedItem>
<relatedItem type="isReferencedBy">
<titleInfo>
<title>United States House Bill 4377  (115th Congress)</title>
</titleInfo>
<identifier type="Congressional Bill citation">H.R. 4377</identifier>
<extension>
<congress>115</congress>
<context>OTHER</context>
</extension>
</relatedItem>
<relatedItem type="isReferencedBy">
<titleInfo>
<title>United States House Bill 4378  (115th Congress)</title>
</titleInfo>
<identifier type="Congressional Bill citation">H.R. 4378</identifier>
<extension>
<congress>115</congress>
<context>OTHER</context>
</extension>
</relatedItem>
<relatedItem type="isReferencedBy">
<titleInfo>
<title>United States House Bill 4675  (115th Congress)</title>
</titleInfo>
<identifier type="Congressional Bill citation">H.R. 4675</identifier>
<extension>
<congress>115</congress>
<context>OTHER</context>
</extension>
</relatedItem>
<relatedItem type="isReferencedBy">
<titleInfo>
<title>United States House Bill 4768  (115th Congress)</title>
</titleInfo>
<identifier type="Congressional Bill citation">H.R. 4768</identifier>
<extension>
<congress>115</congress>
<context>OTHER</context>
</extension>
</relatedItem>
<relatedItem ID="P0b002ee19867a183" type="host">
<titleInfo>
<title>Congressional Record</title>
<partNumber>Vol. 164, no. 28</partNumber>
</titleInfo>
<location>
<url access="object in context" displayLabel="Content Detail">https://www.gpo.gov/fdsys/pkg/CREC-2018-02-13/content-detail.html</url>
<url access="raw object" displayLabel="PDF rendition">https://www.gpo.gov/fdsys/pkg/CREC-2018-02-13/pdf/CREC-2018-02-13.pdf</url>
</location>
<part type="issue">
<extent unit="pages">
<start>H1077</start>
<end>H1128</end>
</extent>
<extent unit="pages">
<start>S889</start>
<end>S928</end>
</extent>
<extent unit="pages">
<start>E169</start>
<end>E180</end>
</extent>
<extent unit="pages">
<start>D153</start>
<end>D160</end>
</extent>
</part>
<originInfo>
<publisher>U.S. Government Publishing Office</publisher>
<dateIssued encoding="w3cdtf">2018-02-13</dateIssued>
<issuance>continuing</issuance>
<frequency authority="marcfrequency">daily</frequency>
</originInfo>
<physicalDescription>
<note type="source content type">deposited</note>
<digitalOrigin>born digital</digitalOrigin>
<extent>224 p.</extent>
</physicalDescription>
<classification authority="sudocs">X 1.1/A:</classification>
<classification authority="sudocs">X/A.</classification>
<identifier type="uri">https://www.gpo.gov/fdsys/pkg/CREC-2018-02-13</identifier>
<identifier type="local">P0b002ee19867a183</identifier>
<identifier type="stock number">752-002-00000-2</identifier>
<identifier type="ILS system id">000568013</identifier>
<identifier type="former package identifier">cr13fe18</identifier>
<recordInfo>
<recordContentSource authority="marcorg">DGPO</recordContentSource>
<recordCreationDate encoding="w3cdtf">2018-02-14</recordCreationDate>
<recordChangeDate encoding="w3cdtf">2018-02-14</recordChangeDate>
<recordIdentifier source="DGPO">CREC-2018-02-13</recordIdentifier>
<recordOrigin>machine generated</recordOrigin>
<languageOfCataloging>
<languageTerm authority="iso639-2b" type="code">eng</languageTerm>
</languageOfCataloging>
</recordInfo>
<accessCondition type="GPO scope determination">fdlp</accessCondition>
<extension>
<docClass>CREC</docClass>
<accessId>CREC-2018-02-13</accessId>
<volume>164</volume>
<issue>28</issue>
<congress>115</congress>
<session>2</session>
<bookCount>1</bookCount>
</extension>
</relatedItem>
</mods>