<mods ID="id-CREC-2018-02-14-pt1-PgH1178-21" version="3.3" xmlns="http://www.loc.gov/mods/v3" xmlns:exslt="http://exslt.org/common" xmlns:xlink="http://www.w3.org/1999/xlink" xmlns:xsi="http://www.w3.org/2001/XMLSchema-instance" xsi:schemaLocation="http://www.loc.gov/mods/v3 http://www.loc.gov/standards/mods/v3/mods-3-3.xsd">
<name type="corporate">
<namePart>United States Government Publishing Office</namePart>
<role>
<roleTerm authority="marcrelator" type="text">publisher</roleTerm>
<roleTerm authority="marcrelator" type="code">pbl</roleTerm>
</role>
<role>
<roleTerm authority="marcrelator" type="text">distributor</roleTerm>
<roleTerm authority="marcrelator" type="code">dst</roleTerm>
</role>
</name>
<name type="corporate">
<namePart>United States</namePart>
<namePart>Congress</namePart>
<role>
<roleTerm authority="marcrelator" type="text">author</roleTerm>
<roleTerm authority="marcrelator" type="code">aut</roleTerm>
</role>
<description>Government Organization</description>
</name>
<typeOfResource>text</typeOfResource>
<genre authority="marcgt">government publication</genre>
<language>
<languageTerm authority="iso639-2b" type="code">eng</languageTerm>
</language>
<extension>
<collectionCode>CREC</collectionCode>
<category>Proceedings of Congress and General Congressional Publications</category>
<waisDatabaseName>2018_record</waisDatabaseName>
<branch>legislative</branch>
<dateIngested>2018-02-15</dateIngested>
</extension>
<titleInfo>
<title>ADDITIONAL SPONSORS</title>
<partName>House</partName>
</titleInfo>
<relatedItem type="otherFormat" xlink:href="https://www.gpo.gov/fdsys/pkg/CREC-2018-02-14/html/CREC-2018-02-14-pt1-PgH1178-21.htm">
<identifier type="FDsys Unique ID">D09002ee19872d183</identifier>
</relatedItem>
<relatedItem type="otherFormat" xlink:href="https://www.gpo.gov/fdsys/pkg/CREC-2018-02-14/pdf/CREC-2018-02-14-pt1-PgH1178-21.pdf">
<identifier type="FDsys Unique ID">D09002ee19872d252</identifier>
</relatedItem>
<identifier type="congressional record citation">164 Cong. Rec. H1178</identifier>
<identifier type="uri">https://www.gpo.gov/fdsys/granule/CREC-2018-02-14/CREC-2018-02-14-pt1-PgH1178-21</identifier>
<identifier type="former granule identifier">cr14fe18-131</identifier>
<location>
<url access="object in context" displayLabel="Content Detail">https://www.gpo.gov/fdsys/granule/CREC-2018-02-14/CREC-2018-02-14-pt1-PgH1178-21/content-detail.html</url>
<url access="raw object" displayLabel="PDF rendition">https://www.gpo.gov/fdsys/pkg/CREC-2018-02-14/pdf/CREC-2018-02-14-pt1-PgH1178-21.pdf</url>
<url access="raw object" displayLabel="HTML rendition">https://www.gpo.gov/fdsys/pkg/CREC-2018-02-14/html/CREC-2018-02-14-pt1-PgH1178-21.htm</url>
</location>
<physicalDescription>
<extent>2 p.</extent>
</physicalDescription>
<part type="article">
<extent unit="pages">
<start>H1178</start>
<end>H1179</end>
</extent>
</part>
<identifier type="preferred citation">164 Cong. Rec. H1178</identifier>
<extension>
<searchTitle>ADDITIONAL SPONSORS; Congressional Record Vol. 164, No. 29</searchTitle>
<granuleClass>HOUSE</granuleClass>
<accessId>CREC-2018-02-14-pt1-PgH1178-21</accessId>
<subGranuleClass>HADDSPONSORS</subGranuleClass>
<pagePrefix>H</pagePrefix>
<bookNumber>1</bookNumber>
<chamber>HOUSE</chamber>
<granuleDate>2018-02-14</granuleDate>
<time from="18:15:00" to="18:15:00"/>
<bill congress="115" context="OTHER" number="10" type="HCONRES"/>
<bill congress="115" context="OTHER" number="31" type="HRES"/>
<bill congress="115" context="OTHER" number="99" type="HR"/>
<bill congress="115" context="OTHER" number="113" type="HR"/>
<bill congress="115" context="OTHER" number="129" type="HRES"/>
<bill congress="115" context="OTHER" number="365" type="HR"/>
<bill congress="115" context="OTHER" number="392" type="HR"/>
<bill congress="115" context="OTHER" number="466" type="HRES"/>
<bill congress="115" context="OTHER" number="613" type="HR"/>
<bill congress="115" context="OTHER" number="632" type="HRES"/>
<bill congress="115" context="OTHER" number="661" type="HRES"/>
<bill congress="115" context="OTHER" number="667" type="HR"/>
<bill congress="115" context="OTHER" number="673" type="HRES"/>
<bill congress="115" context="OTHER" number="676" type="HR"/>
<bill congress="115" context="OTHER" number="681" type="HR"/>
<bill congress="115" context="OTHER" number="719" type="HR"/>
<bill congress="115" context="OTHER" number="720" type="HRES"/>
<bill congress="115" context="OTHER" number="722" type="HRES"/>
<bill congress="115" context="OTHER" number="731" type="HR"/>
<bill congress="115" context="OTHER" number="733" type="HRES"/>
<bill congress="115" context="OTHER" number="757" type="HR"/>
<bill congress="115" context="OTHER" number="795" type="HR"/>
<bill congress="115" context="OTHER" number="809" type="HR"/>
<bill congress="115" context="OTHER" number="878" type="HR"/>
<bill congress="115" context="OTHER" number="881" type="HR"/>
<bill congress="115" context="OTHER" number="909" type="HR"/>
<bill congress="115" context="OTHER" number="959" type="HR"/>
<bill congress="115" context="OTHER" number="964" type="HR"/>
<bill congress="115" context="OTHER" number="1002" type="HR"/>
<bill congress="115" context="OTHER" number="1017" type="HR"/>
<bill congress="115" context="OTHER" number="1102" type="HR"/>
<bill congress="115" context="OTHER" number="1156" type="HR"/>
<bill congress="115" context="OTHER" number="1205" type="HR"/>
<bill congress="115" context="OTHER" number="1212" type="HR"/>
<bill congress="115" context="OTHER" number="1267" type="HR"/>
<bill congress="115" context="OTHER" number="1276" type="HR"/>
<bill congress="115" context="OTHER" number="1291" type="HR"/>
<bill congress="115" context="OTHER" number="1300" type="HR"/>
<bill congress="115" context="OTHER" number="1341" type="HR"/>
<bill congress="115" context="OTHER" number="1358" type="HR"/>
<bill congress="115" context="OTHER" number="1377" type="HR"/>
<bill congress="115" context="OTHER" number="1447" type="HR"/>
<bill congress="115" context="OTHER" number="1494" type="HR"/>
<bill congress="115" context="OTHER" number="1515" type="HR"/>
<bill congress="115" context="OTHER" number="1516" type="HR"/>
<bill congress="115" context="OTHER" number="1617" type="HR"/>
<bill congress="115" context="OTHER" number="1676" type="HR"/>
<bill congress="115" context="OTHER" number="1734" type="HR"/>
<bill congress="115" context="OTHER" number="1784" type="HR"/>
<bill congress="115" context="OTHER" number="1847" type="HR"/>
<bill congress="115" context="OTHER" number="1881" type="HR"/>
<bill congress="115" context="OTHER" number="2024" type="HR"/>
<bill congress="115" context="OTHER" number="2242" type="HR"/>
<bill congress="115" context="OTHER" number="2267" type="HR"/>
<bill congress="115" context="OTHER" number="2308" type="HR"/>
<bill congress="115" context="OTHER" number="2309" type="HR"/>
<bill congress="115" context="OTHER" number="2310" type="HR"/>
<bill congress="115" context="OTHER" number="2319" type="HR"/>
<bill congress="115" context="OTHER" number="2327" type="HR"/>
<bill congress="115" context="OTHER" number="2366" type="HR"/>
<bill congress="115" context="OTHER" number="2417" type="HR"/>
<bill congress="115" context="OTHER" number="2501" type="HR"/>
<bill congress="115" context="OTHER" number="2659" type="HR"/>
<bill congress="115" context="OTHER" number="2740" type="HR"/>
<bill congress="115" context="OTHER" number="2917" type="HR"/>
<bill congress="115" context="OTHER" number="2987" type="HR"/>
<bill congress="115" context="OTHER" number="3030" type="HR"/>
<bill congress="115" context="OTHER" number="3174" type="HR"/>
<bill congress="115" context="OTHER" number="3199" type="HR"/>
<bill congress="115" context="OTHER" number="3222" type="HR"/>
<bill congress="115" context="OTHER" number="3255" type="HR"/>
<bill congress="115" context="OTHER" number="3282" type="HR"/>
<bill congress="115" context="OTHER" number="3301" type="HR"/>
<bill congress="115" context="OTHER" number="3349" type="HR"/>
<bill congress="115" context="OTHER" number="3459" type="HR"/>
<bill congress="115" context="OTHER" number="3497" type="HR"/>
<bill congress="115" context="OTHER" number="3574" type="HR"/>
<bill congress="115" context="OTHER" number="3600" type="HR"/>
<bill congress="115" context="OTHER" number="3635" type="HR"/>
<bill congress="115" context="OTHER" number="3642" type="HR"/>
<bill congress="115" context="OTHER" number="3654" type="HR"/>
<bill congress="115" context="OTHER" number="3681" type="HR"/>
<bill congress="115" context="OTHER" number="3712" type="HR"/>
<bill congress="115" context="OTHER" number="3714" type="HR"/>
<bill congress="115" context="OTHER" number="3738" type="HR"/>
<bill congress="115" context="OTHER" number="3790" type="HR"/>
<bill congress="115" context="OTHER" number="3827" type="HR"/>
<bill congress="115" context="OTHER" number="3842" type="HR"/>
<bill congress="115" context="OTHER" number="3862" type="HR"/>
<bill congress="115" context="OTHER" number="3887" type="HR"/>
<bill congress="115" context="OTHER" number="3889" type="HR"/>
<bill congress="115" context="OTHER" number="3913" type="HR"/>
<bill congress="115" context="OTHER" number="3956" type="HR"/>
<bill congress="115" context="OTHER" number="3976" type="HR"/>
<bill congress="115" context="OTHER" number="4007" type="HR"/>
<bill congress="115" context="OTHER" number="4013" type="HR"/>
<bill congress="115" context="OTHER" number="4062" type="HR"/>
<bill congress="115" context="OTHER" number="4099" type="HR"/>
<bill congress="115" context="OTHER" number="4107" type="HR"/>
<bill congress="115" context="OTHER" number="4144" type="HR"/>
<bill congress="115" context="OTHER" number="4152" type="HR"/>
<bill congress="115" context="OTHER" number="4207" type="HR"/>
<bill congress="115" context="OTHER" number="4229" type="HR"/>
<bill congress="115" context="OTHER" number="4240" type="HR"/>
<bill congress="115" context="OTHER" number="4253" type="HR"/>
<bill congress="115" context="OTHER" number="4256" type="HR"/>
<bill congress="115" context="OTHER" number="4260" type="HR"/>
<bill congress="115" context="OTHER" number="4268" type="HR"/>
<bill congress="115" context="OTHER" number="4311" type="HR"/>
<bill congress="115" context="OTHER" number="4312" type="HR"/>
<bill congress="115" context="OTHER" number="4316" type="HR"/>
<bill congress="115" context="OTHER" number="4345" type="HR"/>
<bill congress="115" context="OTHER" number="4424" type="HR"/>
<bill congress="115" context="OTHER" number="4439" type="HR"/>
<bill congress="115" context="OTHER" number="4444" type="HR"/>
<bill congress="115" context="OTHER" number="4549" type="HR"/>
<bill congress="115" context="OTHER" number="4563" type="HR"/>
<bill congress="115" context="OTHER" number="4633" type="HR"/>
<bill congress="115" context="OTHER" number="4657" type="HR"/>
<bill congress="115" context="OTHER" number="4660" type="HR"/>
<bill congress="115" context="OTHER" number="4682" type="HR"/>
<bill congress="115" context="OTHER" number="4706" type="HR"/>
<bill congress="115" context="OTHER" number="4732" type="HR"/>
<bill congress="115" context="OTHER" number="4734" type="HR"/>
<bill congress="115" context="OTHER" number="4736" type="HR"/>
<bill congress="115" context="OTHER" number="4747" type="HR"/>
<bill congress="115" context="OTHER" number="4760" type="HR"/>
<bill congress="115" context="OTHER" number="4763" type="HR"/>
<bill congress="115" context="OTHER" number="4770" type="HR"/>
<bill congress="115" context="OTHER" number="4775" type="HR"/>
<bill congress="115" context="OTHER" number="4809" type="HR"/>
<bill congress="115" context="OTHER" number="4844" type="HR"/>
<bill congress="115" context="OTHER" number="4846" type="HR"/>
<bill congress="115" context="OTHER" number="4851" type="HR"/>
<bill congress="115" context="OTHER" number="4888" type="HR"/>
<bill congress="115" context="OTHER" number="4903" type="HR"/>
<bill congress="115" context="OTHER" number="4906" type="HR"/>
<bill congress="115" context="OTHER" number="4910" type="HR"/>
<bill congress="115" context="OTHER" number="4916" type="HR"/>
<bill congress="115" context="OTHER" number="4921" type="HR"/>
<bill congress="115" context="OTHER" number="4929" type="HR"/>
<bill congress="115" context="OTHER" number="4940" type="HR"/>
<bill congress="115" context="OTHER" number="4944" type="HR"/>
<bill congress="115" context="OTHER" number="4949" type="HR"/>
<bill congress="115" context="OTHER" number="4980" type="HR"/>
<bill congress="115" context="OTHER" number="4999" type="HR"/>
<bill congress="115" context="OTHER" number="5005" type="HR"/>
</extension>
<relatedItem type="isReferencedBy">
<titleInfo>
<title>United States House Concurrent Resolution 10  (115th Congress)</title>
</titleInfo>
<identifier type="Congressional Bill citation">H. Con. Res. 10</identifier>
<extension>
<congress>115</congress>
<context>OTHER</context>
</extension>
</relatedItem>
<relatedItem type="isReferencedBy">
<titleInfo>
<title>United States House Resolution 31  (115th Congress)</title>
</titleInfo>
<identifier type="Congressional Bill citation">H. Res. 31</identifier>
<extension>
<congress>115</congress>
<context>OTHER</context>
</extension>
</relatedItem>
<relatedItem type="isReferencedBy">
<titleInfo>
<title>United States House Bill 99  (115th Congress)</title>
</titleInfo>
<identifier type="Congressional Bill citation">H.R. 99</identifier>
<extension>
<congress>115</congress>
<context>OTHER</context>
</extension>
</relatedItem>
<relatedItem type="isReferencedBy">
<titleInfo>
<title>United States House Bill 113  (115th Congress)</title>
</titleInfo>
<identifier type="Congressional Bill citation">H.R. 113</identifier>
<extension>
<congress>115</congress>
<context>OTHER</context>
</extension>
</relatedItem>
<relatedItem type="isReferencedBy">
<titleInfo>
<title>United States House Resolution 129  (115th Congress)</title>
</titleInfo>
<identifier type="Congressional Bill citation">H. Res. 129</identifier>
<extension>
<congress>115</congress>
<context>OTHER</context>
</extension>
</relatedItem>
<relatedItem type="isReferencedBy">
<titleInfo>
<title>United States House Bill 365  (115th Congress)</title>
</titleInfo>
<identifier type="Congressional Bill citation">H.R. 365</identifier>
<extension>
<congress>115</congress>
<context>OTHER</context>
</extension>
</relatedItem>
<relatedItem type="isReferencedBy">
<titleInfo>
<title>United States House Bill 392  (115th Congress)</title>
</titleInfo>
<identifier type="Congressional Bill citation">H.R. 392</identifier>
<extension>
<congress>115</congress>
<context>OTHER</context>
</extension>
</relatedItem>
<relatedItem type="isReferencedBy">
<titleInfo>
<title>United States House Resolution 466  (115th Congress)</title>
</titleInfo>
<identifier type="Congressional Bill citation">H. Res. 466</identifier>
<extension>
<congress>115</congress>
<context>OTHER</context>
</extension>
</relatedItem>
<relatedItem type="isReferencedBy">
<titleInfo>
<title>United States House Bill 613  (115th Congress)</title>
</titleInfo>
<identifier type="Congressional Bill citation">H.R. 613</identifier>
<extension>
<congress>115</congress>
<context>OTHER</context>
</extension>
</relatedItem>
<relatedItem type="isReferencedBy">
<titleInfo>
<title>United States House Resolution 632  (115th Congress)</title>
</titleInfo>
<identifier type="Congressional Bill citation">H. Res. 632</identifier>
<extension>
<congress>115</congress>
<context>OTHER</context>
</extension>
</relatedItem>
<relatedItem type="isReferencedBy">
<titleInfo>
<title>United States House Resolution 661  (115th Congress)</title>
</titleInfo>
<identifier type="Congressional Bill citation">H. Res. 661</identifier>
<extension>
<congress>115</congress>
<context>OTHER</context>
</extension>
</relatedItem>
<relatedItem type="isReferencedBy">
<titleInfo>
<title>United States House Bill 667  (115th Congress)</title>
</titleInfo>
<identifier type="Congressional Bill citation">H.R. 667</identifier>
<extension>
<congress>115</congress>
<context>OTHER</context>
</extension>
</relatedItem>
<relatedItem type="isReferencedBy">
<titleInfo>
<title>United States House Resolution 673  (115th Congress)</title>
</titleInfo>
<identifier type="Congressional Bill citation">H. Res. 673</identifier>
<extension>
<congress>115</congress>
<context>OTHER</context>
</extension>
</relatedItem>
<relatedItem type="isReferencedBy">
<titleInfo>
<title>United States House Bill 676  (115th Congress)</title>
</titleInfo>
<identifier type="Congressional Bill citation">H.R. 676</identifier>
<extension>
<congress>115</congress>
<context>OTHER</context>
</extension>
</relatedItem>
<relatedItem type="isReferencedBy">
<titleInfo>
<title>United States House Bill 681  (115th Congress)</title>
</titleInfo>
<identifier type="Congressional Bill citation">H.R. 681</identifier>
<extension>
<congress>115</congress>
<context>OTHER</context>
</extension>
</relatedItem>
<relatedItem type="isReferencedBy">
<titleInfo>
<title>United States House Bill 719  (115th Congress)</title>
</titleInfo>
<identifier type="Congressional Bill citation">H.R. 719</identifier>
<extension>
<congress>115</congress>
<context>OTHER</context>
</extension>
</relatedItem>
<relatedItem type="isReferencedBy">
<titleInfo>
<title>United States House Resolution 720  (115th Congress)</title>
</titleInfo>
<identifier type="Congressional Bill citation">H. Res. 720</identifier>
<extension>
<congress>115</congress>
<context>OTHER</context>
</extension>
</relatedItem>
<relatedItem type="isReferencedBy">
<titleInfo>
<title>United States House Resolution 722  (115th Congress)</title>
</titleInfo>
<identifier type="Congressional Bill citation">H. Res. 722</identifier>
<extension>
<congress>115</congress>
<context>OTHER</context>
</extension>
</relatedItem>
<relatedItem type="isReferencedBy">
<titleInfo>
<title>United States House Bill 731  (115th Congress)</title>
</titleInfo>
<identifier type="Congressional Bill citation">H.R. 731</identifier>
<extension>
<congress>115</congress>
<context>OTHER</context>
</extension>
</relatedItem>
<relatedItem type="isReferencedBy">
<titleInfo>
<title>United States House Resolution 733  (115th Congress)</title>
</titleInfo>
<identifier type="Congressional Bill citation">H. Res. 733</identifier>
<extension>
<congress>115</congress>
<context>OTHER</context>
</extension>
</relatedItem>
<relatedItem type="isReferencedBy">
<titleInfo>
<title>United States House Bill 757  (115th Congress)</title>
</titleInfo>
<identifier type="Congressional Bill citation">H.R. 757</identifier>
<extension>
<congress>115</congress>
<context>OTHER</context>
</extension>
</relatedItem>
<relatedItem type="isReferencedBy">
<titleInfo>
<title>United States House Bill 795  (115th Congress)</title>
</titleInfo>
<identifier type="Congressional Bill citation">H.R. 795</identifier>
<extension>
<congress>115</congress>
<context>OTHER</context>
</extension>
</relatedItem>
<relatedItem type="isReferencedBy">
<titleInfo>
<title>United States House Bill 809  (115th Congress)</title>
</titleInfo>
<identifier type="Congressional Bill citation">H.R. 809</identifier>
<extension>
<congress>115</congress>
<context>OTHER</context>
</extension>
</relatedItem>
<relatedItem type="isReferencedBy">
<titleInfo>
<title>United States House Bill 878  (115th Congress)</title>
</titleInfo>
<identifier type="Congressional Bill citation">H.R. 878</identifier>
<extension>
<congress>115</congress>
<context>OTHER</context>
</extension>
</relatedItem>
<relatedItem type="isReferencedBy">
<titleInfo>
<title>United States House Bill 881  (115th Congress)</title>
</titleInfo>
<identifier type="Congressional Bill citation">H.R. 881</identifier>
<extension>
<congress>115</congress>
<context>OTHER</context>
</extension>
</relatedItem>
<relatedItem type="isReferencedBy">
<titleInfo>
<title>United States House Bill 909  (115th Congress)</title>
</titleInfo>
<identifier type="Congressional Bill citation">H.R. 909</identifier>
<extension>
<congress>115</congress>
<context>OTHER</context>
</extension>
</relatedItem>
<relatedItem type="isReferencedBy">
<titleInfo>
<title>United States House Bill 959  (115th Congress)</title>
</titleInfo>
<identifier type="Congressional Bill citation">H.R. 959</identifier>
<extension>
<congress>115</congress>
<context>OTHER</context>
</extension>
</relatedItem>
<relatedItem type="isReferencedBy">
<titleInfo>
<title>United States House Bill 964  (115th Congress)</title>
</titleInfo>
<identifier type="Congressional Bill citation">H.R. 964</identifier>
<extension>
<congress>115</congress>
<context>OTHER</context>
</extension>
</relatedItem>
<relatedItem type="isReferencedBy">
<titleInfo>
<title>United States House Bill 1002  (115th Congress)</title>
</titleInfo>
<identifier type="Congressional Bill citation">H.R. 1002</identifier>
<extension>
<congress>115</congress>
<context>OTHER</context>
</extension>
</relatedItem>
<relatedItem type="isReferencedBy">
<titleInfo>
<title>United States House Bill 1017  (115th Congress)</title>
</titleInfo>
<identifier type="Congressional Bill citation">H.R. 1017</identifier>
<extension>
<congress>115</congress>
<context>OTHER</context>
</extension>
</relatedItem>
<relatedItem type="isReferencedBy">
<titleInfo>
<title>United States House Bill 1102  (115th Congress)</title>
</titleInfo>
<identifier type="Congressional Bill citation">H.R. 1102</identifier>
<extension>
<congress>115</congress>
<context>OTHER</context>
</extension>
</relatedItem>
<relatedItem type="isReferencedBy">
<titleInfo>
<title>United States House Bill 1156  (115th Congress)</title>
</titleInfo>
<identifier type="Congressional Bill citation">H.R. 1156</identifier>
<extension>
<congress>115</congress>
<context>OTHER</context>
</extension>
</relatedItem>
<relatedItem type="isReferencedBy">
<titleInfo>
<title>United States House Bill 1205  (115th Congress)</title>
</titleInfo>
<identifier type="Congressional Bill citation">H.R. 1205</identifier>
<extension>
<congress>115</congress>
<context>OTHER</context>
</extension>
</relatedItem>
<relatedItem type="isReferencedBy">
<titleInfo>
<title>United States House Bill 1212  (115th Congress)</title>
</titleInfo>
<identifier type="Congressional Bill citation">H.R. 1212</identifier>
<extension>
<congress>115</congress>
<context>OTHER</context>
</extension>
</relatedItem>
<relatedItem type="isReferencedBy">
<titleInfo>
<title>United States House Bill 1267  (115th Congress)</title>
</titleInfo>
<identifier type="Congressional Bill citation">H.R. 1267</identifier>
<extension>
<congress>115</congress>
<context>OTHER</context>
</extension>
</relatedItem>
<relatedItem type="isReferencedBy">
<titleInfo>
<title>United States House Bill 1276  (115th Congress)</title>
</titleInfo>
<identifier type="Congressional Bill citation">H.R. 1276</identifier>
<extension>
<congress>115</congress>
<context>OTHER</context>
</extension>
</relatedItem>
<relatedItem type="isReferencedBy">
<titleInfo>
<title>United States House Bill 1291  (115th Congress)</title>
</titleInfo>
<identifier type="Congressional Bill citation">H.R. 1291</identifier>
<extension>
<congress>115</congress>
<context>OTHER</context>
</extension>
</relatedItem>
<relatedItem type="isReferencedBy">
<titleInfo>
<title>United States House Bill 1300  (115th Congress)</title>
</titleInfo>
<identifier type="Congressional Bill citation">H.R. 1300</identifier>
<extension>
<congress>115</congress>
<context>OTHER</context>
</extension>
</relatedItem>
<relatedItem type="isReferencedBy">
<titleInfo>
<title>United States House Bill 1341  (115th Congress)</title>
</titleInfo>
<identifier type="Congressional Bill citation">H.R. 1341</identifier>
<extension>
<congress>115</congress>
<context>OTHER</context>
</extension>
</relatedItem>
<relatedItem type="isReferencedBy">
<titleInfo>
<title>United States House Bill 1358  (115th Congress)</title>
</titleInfo>
<identifier type="Congressional Bill citation">H.R. 1358</identifier>
<extension>
<congress>115</congress>
<context>OTHER</context>
</extension>
</relatedItem>
<relatedItem type="isReferencedBy">
<titleInfo>
<title>United States House Bill 1377  (115th Congress)</title>
</titleInfo>
<identifier type="Congressional Bill citation">H.R. 1377</identifier>
<extension>
<congress>115</congress>
<context>OTHER</context>
</extension>
</relatedItem>
<relatedItem type="isReferencedBy">
<titleInfo>
<title>United States House Bill 1447  (115th Congress)</title>
</titleInfo>
<identifier type="Congressional Bill citation">H.R. 1447</identifier>
<extension>
<congress>115</congress>
<context>OTHER</context>
</extension>
</relatedItem>
<relatedItem type="isReferencedBy">
<titleInfo>
<title>United States House Bill 1494  (115th Congress)</title>
</titleInfo>
<identifier type="Congressional Bill citation">H.R. 1494</identifier>
<extension>
<congress>115</congress>
<context>OTHER</context>
</extension>
</relatedItem>
<relatedItem type="isReferencedBy">
<titleInfo>
<title>United States House Bill 1515  (115th Congress)</title>
</titleInfo>
<identifier type="Congressional Bill citation">H.R. 1515</identifier>
<extension>
<congress>115</congress>
<context>OTHER</context>
</extension>
</relatedItem>
<relatedItem type="isReferencedBy">
<titleInfo>
<title>United States House Bill 1516  (115th Congress)</title>
</titleInfo>
<identifier type="Congressional Bill citation">H.R. 1516</identifier>
<extension>
<congress>115</congress>
<context>OTHER</context>
</extension>
</relatedItem>
<relatedItem type="isReferencedBy">
<titleInfo>
<title>United States House Bill 1617  (115th Congress)</title>
</titleInfo>
<identifier type="Congressional Bill citation">H.R. 1617</identifier>
<extension>
<congress>115</congress>
<context>OTHER</context>
</extension>
</relatedItem>
<relatedItem type="isReferencedBy">
<titleInfo>
<title>United States House Bill 1676  (115th Congress)</title>
</titleInfo>
<identifier type="Congressional Bill citation">H.R. 1676</identifier>
<extension>
<congress>115</congress>
<context>OTHER</context>
</extension>
</relatedItem>
<relatedItem type="isReferencedBy">
<titleInfo>
<title>United States House Bill 1734  (115th Congress)</title>
</titleInfo>
<identifier type="Congressional Bill citation">H.R. 1734</identifier>
<extension>
<congress>115</congress>
<context>OTHER</context>
</extension>
</relatedItem>
<relatedItem type="isReferencedBy">
<titleInfo>
<title>United States House Bill 1784  (115th Congress)</title>
</titleInfo>
<identifier type="Congressional Bill citation">H.R. 1784</identifier>
<extension>
<congress>115</congress>
<context>OTHER</context>
</extension>
</relatedItem>
<relatedItem type="isReferencedBy">
<titleInfo>
<title>United States House Bill 1847  (115th Congress)</title>
</titleInfo>
<identifier type="Congressional Bill citation">H.R. 1847</identifier>
<extension>
<congress>115</congress>
<context>OTHER</context>
</extension>
</relatedItem>
<relatedItem type="isReferencedBy">
<titleInfo>
<title>United States House Bill 1881  (115th Congress)</title>
</titleInfo>
<identifier type="Congressional Bill citation">H.R. 1881</identifier>
<extension>
<congress>115</congress>
<context>OTHER</context>
</extension>
</relatedItem>
<relatedItem type="isReferencedBy">
<titleInfo>
<title>United States House Bill 2024  (115th Congress)</title>
</titleInfo>
<identifier type="Congressional Bill citation">H.R. 2024</identifier>
<extension>
<congress>115</congress>
<context>OTHER</context>
</extension>
</relatedItem>
<relatedItem type="isReferencedBy">
<titleInfo>
<title>United States House Bill 2242  (115th Congress)</title>
</titleInfo>
<identifier type="Congressional Bill citation">H.R. 2242</identifier>
<extension>
<congress>115</congress>
<context>OTHER</context>
</extension>
</relatedItem>
<relatedItem type="isReferencedBy">
<titleInfo>
<title>United States House Bill 2267  (115th Congress)</title>
</titleInfo>
<identifier type="Congressional Bill citation">H.R. 2267</identifier>
<extension>
<congress>115</congress>
<context>OTHER</context>
</extension>
</relatedItem>
<relatedItem type="isReferencedBy">
<titleInfo>
<title>United States House Bill 2308  (115th Congress)</title>
</titleInfo>
<identifier type="Congressional Bill citation">H.R. 2308</identifier>
<extension>
<congress>115</congress>
<context>OTHER</context>
</extension>
</relatedItem>
<relatedItem type="isReferencedBy">
<titleInfo>
<title>United States House Bill 2309  (115th Congress)</title>
</titleInfo>
<identifier type="Congressional Bill citation">H.R. 2309</identifier>
<extension>
<congress>115</congress>
<context>OTHER</context>
</extension>
</relatedItem>
<relatedItem type="isReferencedBy">
<titleInfo>
<title>United States House Bill 2310  (115th Congress)</title>
</titleInfo>
<identifier type="Congressional Bill citation">H.R. 2310</identifier>
<extension>
<congress>115</congress>
<context>OTHER</context>
</extension>
</relatedItem>
<relatedItem type="isReferencedBy">
<titleInfo>
<title>United States House Bill 2319  (115th Congress)</title>
</titleInfo>
<identifier type="Congressional Bill citation">H.R. 2319</identifier>
<extension>
<congress>115</congress>
<context>OTHER</context>
</extension>
</relatedItem>
<relatedItem type="isReferencedBy">
<titleInfo>
<title>United States House Bill 2327  (115th Congress)</title>
</titleInfo>
<identifier type="Congressional Bill citation">H.R. 2327</identifier>
<extension>
<congress>115</congress>
<context>OTHER</context>
</extension>
</relatedItem>
<relatedItem type="isReferencedBy">
<titleInfo>
<title>United States House Bill 2366  (115th Congress)</title>
</titleInfo>
<identifier type="Congressional Bill citation">H.R. 2366</identifier>
<extension>
<congress>115</congress>
<context>OTHER</context>
</extension>
</relatedItem>
<relatedItem type="isReferencedBy">
<titleInfo>
<title>United States House Bill 2417  (115th Congress)</title>
</titleInfo>
<identifier type="Congressional Bill citation">H.R. 2417</identifier>
<extension>
<congress>115</congress>
<context>OTHER</context>
</extension>
</relatedItem>
<relatedItem type="isReferencedBy">
<titleInfo>
<title>United States House Bill 2501  (115th Congress)</title>
</titleInfo>
<identifier type="Congressional Bill citation">H.R. 2501</identifier>
<extension>
<congress>115</congress>
<context>OTHER</context>
</extension>
</relatedItem>
<relatedItem type="isReferencedBy">
<titleInfo>
<title>United States House Bill 2659  (115th Congress)</title>
</titleInfo>
<identifier type="Congressional Bill citation">H.R. 2659</identifier>
<extension>
<congress>115</congress>
<context>OTHER</context>
</extension>
</relatedItem>
<relatedItem type="isReferencedBy">
<titleInfo>
<title>United States House Bill 2740  (115th Congress)</title>
</titleInfo>
<identifier type="Congressional Bill citation">H.R. 2740</identifier>
<extension>
<congress>115</congress>
<context>OTHER</context>
</extension>
</relatedItem>
<relatedItem type="isReferencedBy">
<titleInfo>
<title>United States House Bill 2917  (115th Congress)</title>
</titleInfo>
<identifier type="Congressional Bill citation">H.R. 2917</identifier>
<extension>
<congress>115</congress>
<context>OTHER</context>
</extension>
</relatedItem>
<relatedItem type="isReferencedBy">
<titleInfo>
<title>United States House Bill 2987  (115th Congress)</title>
</titleInfo>
<identifier type="Congressional Bill citation">H.R. 2987</identifier>
<extension>
<congress>115</congress>
<context>OTHER</context>
</extension>
</relatedItem>
<relatedItem type="isReferencedBy">
<titleInfo>
<title>United States House Bill 3030  (115th Congress)</title>
</titleInfo>
<identifier type="Congressional Bill citation">H.R. 3030</identifier>
<extension>
<congress>115</congress>
<context>OTHER</context>
</extension>
</relatedItem>
<relatedItem type="isReferencedBy">
<titleInfo>
<title>United States House Bill 3174  (115th Congress)</title>
</titleInfo>
<identifier type="Congressional Bill citation">H.R. 3174</identifier>
<extension>
<congress>115</congress>
<context>OTHER</context>
</extension>
</relatedItem>
<relatedItem type="isReferencedBy">
<titleInfo>
<title>United States House Bill 3199  (115th Congress)</title>
</titleInfo>
<identifier type="Congressional Bill citation">H.R. 3199</identifier>
<extension>
<congress>115</congress>
<context>OTHER</context>
</extension>
</relatedItem>
<relatedItem type="isReferencedBy">
<titleInfo>
<title>United States House Bill 3222  (115th Congress)</title>
</titleInfo>
<identifier type="Congressional Bill citation">H.R. 3222</identifier>
<extension>
<congress>115</congress>
<context>OTHER</context>
</extension>
</relatedItem>
<relatedItem type="isReferencedBy">
<titleInfo>
<title>United States House Bill 3255  (115th Congress)</title>
</titleInfo>
<identifier type="Congressional Bill citation">H.R. 3255</identifier>
<extension>
<congress>115</congress>
<context>OTHER</context>
</extension>
</relatedItem>
<relatedItem type="isReferencedBy">
<titleInfo>
<title>United States House Bill 3282  (115th Congress)</title>
</titleInfo>
<identifier type="Congressional Bill citation">H.R. 3282</identifier>
<extension>
<congress>115</congress>
<context>OTHER</context>
</extension>
</relatedItem>
<relatedItem type="isReferencedBy">
<titleInfo>
<title>United States House Bill 3301  (115th Congress)</title>
</titleInfo>
<identifier type="Congressional Bill citation">H.R. 3301</identifier>
<extension>
<congress>115</congress>
<context>OTHER</context>
</extension>
</relatedItem>
<relatedItem type="isReferencedBy">
<titleInfo>
<title>United States House Bill 3349  (115th Congress)</title>
</titleInfo>
<identifier type="Congressional Bill citation">H.R. 3349</identifier>
<extension>
<congress>115</congress>
<context>OTHER</context>
</extension>
</relatedItem>
<relatedItem type="isReferencedBy">
<titleInfo>
<title>United States House Bill 3459  (115th Congress)</title>
</titleInfo>
<identifier type="Congressional Bill citation">H.R. 3459</identifier>
<extension>
<congress>115</congress>
<context>OTHER</context>
</extension>
</relatedItem>
<relatedItem type="isReferencedBy">
<titleInfo>
<title>United States House Bill 3497  (115th Congress)</title>
</titleInfo>
<identifier type="Congressional Bill citation">H.R. 3497</identifier>
<extension>
<congress>115</congress>
<context>OTHER</context>
</extension>
</relatedItem>
<relatedItem type="isReferencedBy">
<titleInfo>
<title>United States House Bill 3574  (115th Congress)</title>
</titleInfo>
<identifier type="Congressional Bill citation">H.R. 3574</identifier>
<extension>
<congress>115</congress>
<context>OTHER</context>
</extension>
</relatedItem>
<relatedItem type="isReferencedBy">
<titleInfo>
<title>United States House Bill 3600  (115th Congress)</title>
</titleInfo>
<identifier type="Congressional Bill citation">H.R. 3600</identifier>
<extension>
<congress>115</congress>
<context>OTHER</context>
</extension>
</relatedItem>
<relatedItem type="isReferencedBy">
<titleInfo>
<title>United States House Bill 3635  (115th Congress)</title>
</titleInfo>
<identifier type="Congressional Bill citation">H.R. 3635</identifier>
<extension>
<congress>115</congress>
<context>OTHER</context>
</extension>
</relatedItem>
<relatedItem type="isReferencedBy">
<titleInfo>
<title>United States House Bill 3642  (115th Congress)</title>
</titleInfo>
<identifier type="Congressional Bill citation">H.R. 3642</identifier>
<extension>
<congress>115</congress>
<context>OTHER</context>
</extension>
</relatedItem>
<relatedItem type="isReferencedBy">
<titleInfo>
<title>United States House Bill 3654  (115th Congress)</title>
</titleInfo>
<identifier type="Congressional Bill citation">H.R. 3654</identifier>
<extension>
<congress>115</congress>
<context>OTHER</context>
</extension>
</relatedItem>
<relatedItem type="isReferencedBy">
<titleInfo>
<title>United States House Bill 3681  (115th Congress)</title>
</titleInfo>
<identifier type="Congressional Bill citation">H.R. 3681</identifier>
<extension>
<congress>115</congress>
<context>OTHER</context>
</extension>
</relatedItem>
<relatedItem type="isReferencedBy">
<titleInfo>
<title>United States House Bill 3712  (115th Congress)</title>
</titleInfo>
<identifier type="Congressional Bill citation">H.R. 3712</identifier>
<extension>
<congress>115</congress>
<context>OTHER</context>
</extension>
</relatedItem>
<relatedItem type="isReferencedBy">
<titleInfo>
<title>United States House Bill 3714  (115th Congress)</title>
</titleInfo>
<identifier type="Congressional Bill citation">H.R. 3714</identifier>
<extension>
<congress>115</congress>
<context>OTHER</context>
</extension>
</relatedItem>
<relatedItem type="isReferencedBy">
<titleInfo>
<title>United States House Bill 3738  (115th Congress)</title>
</titleInfo>
<identifier type="Congressional Bill citation">H.R. 3738</identifier>
<extension>
<congress>115</congress>
<context>OTHER</context>
</extension>
</relatedItem>
<relatedItem type="isReferencedBy">
<titleInfo>
<title>United States House Bill 3790  (115th Congress)</title>
</titleInfo>
<identifier type="Congressional Bill citation">H.R. 3790</identifier>
<extension>
<congress>115</congress>
<context>OTHER</context>
</extension>
</relatedItem>
<relatedItem type="isReferencedBy">
<titleInfo>
<title>United States House Bill 3827  (115th Congress)</title>
</titleInfo>
<identifier type="Congressional Bill citation">H.R. 3827</identifier>
<extension>
<congress>115</congress>
<context>OTHER</context>
</extension>
</relatedItem>
<relatedItem type="isReferencedBy">
<titleInfo>
<title>United States House Bill 3842  (115th Congress)</title>
</titleInfo>
<identifier type="Congressional Bill citation">H.R. 3842</identifier>
<extension>
<congress>115</congress>
<context>OTHER</context>
</extension>
</relatedItem>
<relatedItem type="isReferencedBy">
<titleInfo>
<title>United States House Bill 3862  (115th Congress)</title>
</titleInfo>
<identifier type="Congressional Bill citation">H.R. 3862</identifier>
<extension>
<congress>115</congress>
<context>OTHER</context>
</extension>
</relatedItem>
<relatedItem type="isReferencedBy">
<titleInfo>
<title>United States House Bill 3887  (115th Congress)</title>
</titleInfo>
<identifier type="Congressional Bill citation">H.R. 3887</identifier>
<extension>
<congress>115</congress>
<context>OTHER</context>
</extension>
</relatedItem>
<relatedItem type="isReferencedBy">
<titleInfo>
<title>United States House Bill 3889  (115th Congress)</title>
</titleInfo>
<identifier type="Congressional Bill citation">H.R. 3889</identifier>
<extension>
<congress>115</congress>
<context>OTHER</context>
</extension>
</relatedItem>
<relatedItem type="isReferencedBy">
<titleInfo>
<title>United States House Bill 3913  (115th Congress)</title>
</titleInfo>
<identifier type="Congressional Bill citation">H.R. 3913</identifier>
<extension>
<congress>115</congress>
<context>OTHER</context>
</extension>
</relatedItem>
<relatedItem type="isReferencedBy">
<titleInfo>
<title>United States House Bill 3956  (115th Congress)</title>
</titleInfo>
<identifier type="Congressional Bill citation">H.R. 3956</identifier>
<extension>
<congress>115</congress>
<context>OTHER</context>
</extension>
</relatedItem>
<relatedItem type="isReferencedBy">
<titleInfo>
<title>United States House Bill 3976  (115th Congress)</title>
</titleInfo>
<identifier type="Congressional Bill citation">H.R. 3976</identifier>
<extension>
<congress>115</congress>
<context>OTHER</context>
</extension>
</relatedItem>
<relatedItem type="isReferencedBy">
<titleInfo>
<title>United States House Bill 4007  (115th Congress)</title>
</titleInfo>
<identifier type="Congressional Bill citation">H.R. 4007</identifier>
<extension>
<congress>115</congress>
<context>OTHER</context>
</extension>
</relatedItem>
<relatedItem type="isReferencedBy">
<titleInfo>
<title>United States House Bill 4013  (115th Congress)</title>
</titleInfo>
<identifier type="Congressional Bill citation">H.R. 4013</identifier>
<extension>
<congress>115</congress>
<context>OTHER</context>
</extension>
</relatedItem>
<relatedItem type="isReferencedBy">
<titleInfo>
<title>United States House Bill 4062  (115th Congress)</title>
</titleInfo>
<identifier type="Congressional Bill citation">H.R. 4062</identifier>
<extension>
<congress>115</congress>
<context>OTHER</context>
</extension>
</relatedItem>
<relatedItem type="isReferencedBy">
<titleInfo>
<title>United States House Bill 4099  (115th Congress)</title>
</titleInfo>
<identifier type="Congressional Bill citation">H.R. 4099</identifier>
<extension>
<congress>115</congress>
<context>OTHER</context>
</extension>
</relatedItem>
<relatedItem type="isReferencedBy">
<titleInfo>
<title>United States House Bill 4107  (115th Congress)</title>
</titleInfo>
<identifier type="Congressional Bill citation">H.R. 4107</identifier>
<extension>
<congress>115</congress>
<context>OTHER</context>
</extension>
</relatedItem>
<relatedItem type="isReferencedBy">
<titleInfo>
<title>United States House Bill 4144  (115th Congress)</title>
</titleInfo>
<identifier type="Congressional Bill citation">H.R. 4144</identifier>
<extension>
<congress>115</congress>
<context>OTHER</context>
</extension>
</relatedItem>
<relatedItem type="isReferencedBy">
<titleInfo>
<title>United States House Bill 4152  (115th Congress)</title>
</titleInfo>
<identifier type="Congressional Bill citation">H.R. 4152</identifier>
<extension>
<congress>115</congress>
<context>OTHER</context>
</extension>
</relatedItem>
<relatedItem type="isReferencedBy">
<titleInfo>
<title>United States House Bill 4207  (115th Congress)</title>
</titleInfo>
<identifier type="Congressional Bill citation">H.R. 4207</identifier>
<extension>
<congress>115</congress>
<context>OTHER</context>
</extension>
</relatedItem>
<relatedItem type="isReferencedBy">
<titleInfo>
<title>United States House Bill 4229  (115th Congress)</title>
</titleInfo>
<identifier type="Congressional Bill citation">H.R. 4229</identifier>
<extension>
<congress>115</congress>
<context>OTHER</context>
</extension>
</relatedItem>
<relatedItem type="isReferencedBy">
<titleInfo>
<title>United States House Bill 4240  (115th Congress)</title>
</titleInfo>
<identifier type="Congressional Bill citation">H.R. 4240</identifier>
<extension>
<congress>115</congress>
<context>OTHER</context>
</extension>
</relatedItem>
<relatedItem type="isReferencedBy">
<titleInfo>
<title>United States House Bill 4253  (115th Congress)</title>
</titleInfo>
<identifier type="Congressional Bill citation">H.R. 4253</identifier>
<extension>
<congress>115</congress>
<context>OTHER</context>
</extension>
</relatedItem>
<relatedItem type="isReferencedBy">
<titleInfo>
<title>United States House Bill 4256  (115th Congress)</title>
</titleInfo>
<identifier type="Congressional Bill citation">H.R. 4256</identifier>
<extension>
<congress>115</congress>
<context>OTHER</context>
</extension>
</relatedItem>
<relatedItem type="isReferencedBy">
<titleInfo>
<title>United States House Bill 4260  (115th Congress)</title>
</titleInfo>
<identifier type="Congressional Bill citation">H.R. 4260</identifier>
<extension>
<congress>115</congress>
<context>OTHER</context>
</extension>
</relatedItem>
<relatedItem type="isReferencedBy">
<titleInfo>
<title>United States House Bill 4268  (115th Congress)</title>
</titleInfo>
<identifier type="Congressional Bill citation">H.R. 4268</identifier>
<extension>
<congress>115</congress>
<context>OTHER</context>
</extension>
</relatedItem>
<relatedItem type="isReferencedBy">
<titleInfo>
<title>United States House Bill 4311  (115th Congress)</title>
</titleInfo>
<identifier type="Congressional Bill citation">H.R. 4311</identifier>
<extension>
<congress>115</congress>
<context>OTHER</context>
</extension>
</relatedItem>
<relatedItem type="isReferencedBy">
<titleInfo>
<title>United States House Bill 4312  (115th Congress)</title>
</titleInfo>
<identifier type="Congressional Bill citation">H.R. 4312</identifier>
<extension>
<congress>115</congress>
<context>OTHER</context>
</extension>
</relatedItem>
<relatedItem type="isReferencedBy">
<titleInfo>
<title>United States House Bill 4316  (115th Congress)</title>
</titleInfo>
<identifier type="Congressional Bill citation">H.R. 4316</identifier>
<extension>
<congress>115</congress>
<context>OTHER</context>
</extension>
</relatedItem>
<relatedItem type="isReferencedBy">
<titleInfo>
<title>United States House Bill 4345  (115th Congress)</title>
</titleInfo>
<identifier type="Congressional Bill citation">H.R. 4345</identifier>
<extension>
<congress>115</congress>
<context>OTHER</context>
</extension>
</relatedItem>
<relatedItem type="isReferencedBy">
<titleInfo>
<title>United States House Bill 4424  (115th Congress)</title>
</titleInfo>
<identifier type="Congressional Bill citation">H.R. 4424</identifier>
<extension>
<congress>115</congress>
<context>OTHER</context>
</extension>
</relatedItem>
<relatedItem type="isReferencedBy">
<titleInfo>
<title>United States House Bill 4439  (115th Congress)</title>
</titleInfo>
<identifier type="Congressional Bill citation">H.R. 4439</identifier>
<extension>
<congress>115</congress>
<context>OTHER</context>
</extension>
</relatedItem>
<relatedItem type="isReferencedBy">
<titleInfo>
<title>United States House Bill 4444  (115th Congress)</title>
</titleInfo>
<identifier type="Congressional Bill citation">H.R. 4444</identifier>
<extension>
<congress>115</congress>
<context>OTHER</context>
</extension>
</relatedItem>
<relatedItem type="isReferencedBy">
<titleInfo>
<title>United States House Bill 4549  (115th Congress)</title>
</titleInfo>
<identifier type="Congressional Bill citation">H.R. 4549</identifier>
<extension>
<congress>115</congress>
<context>OTHER</context>
</extension>
</relatedItem>
<relatedItem type="isReferencedBy">
<titleInfo>
<title>United States House Bill 4563  (115th Congress)</title>
</titleInfo>
<identifier type="Congressional Bill citation">H.R. 4563</identifier>
<extension>
<congress>115</congress>
<context>OTHER</context>
</extension>
</relatedItem>
<relatedItem type="isReferencedBy">
<titleInfo>
<title>United States House Bill 4633  (115th Congress)</title>
</titleInfo>
<identifier type="Congressional Bill citation">H.R. 4633</identifier>
<extension>
<congress>115</congress>
<context>OTHER</context>
</extension>
</relatedItem>
<relatedItem type="isReferencedBy">
<titleInfo>
<title>United States House Bill 4657  (115th Congress)</title>
</titleInfo>
<identifier type="Congressional Bill citation">H.R. 4657</identifier>
<extension>
<congress>115</congress>
<context>OTHER</context>
</extension>
</relatedItem>
<relatedItem type="isReferencedBy">
<titleInfo>
<title>United States House Bill 4660  (115th Congress)</title>
</titleInfo>
<identifier type="Congressional Bill citation">H.R. 4660</identifier>
<extension>
<congress>115</congress>
<context>OTHER</context>
</extension>
</relatedItem>
<relatedItem type="isReferencedBy">
<titleInfo>
<title>United States House Bill 4682  (115th Congress)</title>
</titleInfo>
<identifier type="Congressional Bill citation">H.R. 4682</identifier>
<extension>
<congress>115</congress>
<context>OTHER</context>
</extension>
</relatedItem>
<relatedItem type="isReferencedBy">
<titleInfo>
<title>United States House Bill 4706  (115th Congress)</title>
</titleInfo>
<identifier type="Congressional Bill citation">H.R. 4706</identifier>
<extension>
<congress>115</congress>
<context>OTHER</context>
</extension>
</relatedItem>
<relatedItem type="isReferencedBy">
<titleInfo>
<title>United States House Bill 4732  (115th Congress)</title>
</titleInfo>
<identifier type="Congressional Bill citation">H.R. 4732</identifier>
<extension>
<congress>115</congress>
<context>OTHER</context>
</extension>
</relatedItem>
<relatedItem type="isReferencedBy">
<titleInfo>
<title>United States House Bill 4734  (115th Congress)</title>
</titleInfo>
<identifier type="Congressional Bill citation">H.R. 4734</identifier>
<extension>
<congress>115</congress>
<context>OTHER</context>
</extension>
</relatedItem>
<relatedItem type="isReferencedBy">
<titleInfo>
<title>United States House Bill 4736  (115th Congress)</title>
</titleInfo>
<identifier type="Congressional Bill citation">H.R. 4736</identifier>
<extension>
<congress>115</congress>
<context>OTHER</context>
</extension>
</relatedItem>
<relatedItem type="isReferencedBy">
<titleInfo>
<title>United States House Bill 4747  (115th Congress)</title>
</titleInfo>
<identifier type="Congressional Bill citation">H.R. 4747</identifier>
<extension>
<congress>115</congress>
<context>OTHER</context>
</extension>
</relatedItem>
<relatedItem type="isReferencedBy">
<titleInfo>
<title>United States House Bill 4760  (115th Congress)</title>
</titleInfo>
<identifier type="Congressional Bill citation">H.R. 4760</identifier>
<extension>
<congress>115</congress>
<context>OTHER</context>
</extension>
</relatedItem>
<relatedItem type="isReferencedBy">
<titleInfo>
<title>United States House Bill 4763  (115th Congress)</title>
</titleInfo>
<identifier type="Congressional Bill citation">H.R. 4763</identifier>
<extension>
<congress>115</congress>
<context>OTHER</context>
</extension>
</relatedItem>
<relatedItem type="isReferencedBy">
<titleInfo>
<title>United States House Bill 4770  (115th Congress)</title>
</titleInfo>
<identifier type="Congressional Bill citation">H.R. 4770</identifier>
<extension>
<congress>115</congress>
<context>OTHER</context>
</extension>
</relatedItem>
<relatedItem type="isReferencedBy">
<titleInfo>
<title>United States House Bill 4775  (115th Congress)</title>
</titleInfo>
<identifier type="Congressional Bill citation">H.R. 4775</identifier>
<extension>
<congress>115</congress>
<context>OTHER</context>
</extension>
</relatedItem>
<relatedItem type="isReferencedBy">
<titleInfo>
<title>United States House Bill 4809  (115th Congress)</title>
</titleInfo>
<identifier type="Congressional Bill citation">H.R. 4809</identifier>
<extension>
<congress>115</congress>
<context>OTHER</context>
</extension>
</relatedItem>
<relatedItem type="isReferencedBy">
<titleInfo>
<title>United States House Bill 4844  (115th Congress)</title>
</titleInfo>
<identifier type="Congressional Bill citation">H.R. 4844</identifier>
<extension>
<congress>115</congress>
<context>OTHER</context>
</extension>
</relatedItem>
<relatedItem type="isReferencedBy">
<titleInfo>
<title>United States House Bill 4846  (115th Congress)</title>
</titleInfo>
<identifier type="Congressional Bill citation">H.R. 4846</identifier>
<extension>
<congress>115</congress>
<context>OTHER</context>
</extension>
</relatedItem>
<relatedItem type="isReferencedBy">
<titleInfo>
<title>United States House Bill 4851  (115th Congress)</title>
</titleInfo>
<identifier type="Congressional Bill citation">H.R. 4851</identifier>
<extension>
<congress>115</congress>
<context>OTHER</context>
</extension>
</relatedItem>
<relatedItem type="isReferencedBy">
<titleInfo>
<title>United States House Bill 4888  (115th Congress)</title>
</titleInfo>
<identifier type="Congressional Bill citation">H.R. 4888</identifier>
<extension>
<congress>115</congress>
<context>OTHER</context>
</extension>
</relatedItem>
<relatedItem type="isReferencedBy">
<titleInfo>
<title>United States House Bill 4903  (115th Congress)</title>
</titleInfo>
<identifier type="Congressional Bill citation">H.R. 4903</identifier>
<extension>
<congress>115</congress>
<context>OTHER</context>
</extension>
</relatedItem>
<relatedItem type="isReferencedBy">
<titleInfo>
<title>United States House Bill 4906  (115th Congress)</title>
</titleInfo>
<identifier type="Congressional Bill citation">H.R. 4906</identifier>
<extension>
<congress>115</congress>
<context>OTHER</context>
</extension>
</relatedItem>
<relatedItem type="isReferencedBy">
<titleInfo>
<title>United States House Bill 4910  (115th Congress)</title>
</titleInfo>
<identifier type="Congressional Bill citation">H.R. 4910</identifier>
<extension>
<congress>115</congress>
<context>OTHER</context>
</extension>
</relatedItem>
<relatedItem type="isReferencedBy">
<titleInfo>
<title>United States House Bill 4916  (115th Congress)</title>
</titleInfo>
<identifier type="Congressional Bill citation">H.R. 4916</identifier>
<extension>
<congress>115</congress>
<context>OTHER</context>
</extension>
</relatedItem>
<relatedItem type="isReferencedBy">
<titleInfo>
<title>United States House Bill 4921  (115th Congress)</title>
</titleInfo>
<identifier type="Congressional Bill citation">H.R. 4921</identifier>
<extension>
<congress>115</congress>
<context>OTHER</context>
</extension>
</relatedItem>
<relatedItem type="isReferencedBy">
<titleInfo>
<title>United States House Bill 4929  (115th Congress)</title>
</titleInfo>
<identifier type="Congressional Bill citation">H.R. 4929</identifier>
<extension>
<congress>115</congress>
<context>OTHER</context>
</extension>
</relatedItem>
<relatedItem type="isReferencedBy">
<titleInfo>
<title>United States House Bill 4940  (115th Congress)</title>
</titleInfo>
<identifier type="Congressional Bill citation">H.R. 4940</identifier>
<extension>
<congress>115</congress>
<context>OTHER</context>
</extension>
</relatedItem>
<relatedItem type="isReferencedBy">
<titleInfo>
<title>United States House Bill 4944  (115th Congress)</title>
</titleInfo>
<identifier type="Congressional Bill citation">H.R. 4944</identifier>
<extension>
<congress>115</congress>
<context>OTHER</context>
</extension>
</relatedItem>
<relatedItem type="isReferencedBy">
<titleInfo>
<title>United States House Bill 4949  (115th Congress)</title>
</titleInfo>
<identifier type="Congressional Bill citation">H.R. 4949</identifier>
<extension>
<congress>115</congress>
<context>OTHER</context>
</extension>
</relatedItem>
<relatedItem type="isReferencedBy">
<titleInfo>
<title>United States House Bill 4980  (115th Congress)</title>
</titleInfo>
<identifier type="Congressional Bill citation">H.R. 4980</identifier>
<extension>
<congress>115</congress>
<context>OTHER</context>
</extension>
</relatedItem>
<relatedItem type="isReferencedBy">
<titleInfo>
<title>United States House Bill 4999  (115th Congress)</title>
</titleInfo>
<identifier type="Congressional Bill citation">H.R. 4999</identifier>
<extension>
<congress>115</congress>
<context>OTHER</context>
</extension>
</relatedItem>
<relatedItem type="isReferencedBy">
<titleInfo>
<title>United States House Bill 5005  (115th Congress)</title>
</titleInfo>
<identifier type="Congressional Bill citation">H.R. 5005</identifier>
<extension>
<congress>115</congress>
<context>OTHER</context>
</extension>
</relatedItem>
<relatedItem ID="P0b002ee198720ea1" type="host">
<titleInfo>
<title>Congressional Record</title>
<partNumber>Vol. 164, no. 29</partNumber>
</titleInfo>
<location>
<url access="object in context" displayLabel="Content Detail">https://www.gpo.gov/fdsys/pkg/CREC-2018-02-14/content-detail.html</url>
<url access="raw object" displayLabel="PDF rendition">https://www.gpo.gov/fdsys/pkg/CREC-2018-02-14/pdf/CREC-2018-02-14.pdf</url>
</location>
<part type="issue">
<extent unit="pages">
<start>H1129</start>
<end>H1179</end>
</extent>
<extent unit="pages">
<start>S929</start>
<end>S1130</end>
</extent>
<extent unit="pages">
<start>E181</start>
<end>E189</end>
</extent>
<extent unit="pages">
<start>D162</start>
<end>D170</end>
</extent>
</part>
<originInfo>
<publisher>U.S. Government Publishing Office</publisher>
<dateIssued encoding="w3cdtf">2018-02-14</dateIssued>
<issuance>continuing</issuance>
<frequency authority="marcfrequency">daily</frequency>
</originInfo>
<physicalDescription>
<note type="source content type">deposited</note>
<digitalOrigin>born digital</digitalOrigin>
<extent>542 p.</extent>
</physicalDescription>
<classification authority="sudocs">X 1.1/A:</classification>
<classification authority="sudocs">X/A.</classification>
<identifier type="uri">https://www.gpo.gov/fdsys/pkg/CREC-2018-02-14</identifier>
<identifier type="local">P0b002ee198720ea1</identifier>
<identifier type="stock number">752-002-00000-2</identifier>
<identifier type="ILS system id">000568013</identifier>
<identifier type="former package identifier">cr14fe18</identifier>
<recordInfo>
<recordContentSource authority="marcorg">DGPO</recordContentSource>
<recordCreationDate encoding="w3cdtf">2018-02-15</recordCreationDate>
<recordChangeDate encoding="w3cdtf">2018-02-15</recordChangeDate>
<recordIdentifier source="DGPO">CREC-2018-02-14</recordIdentifier>
<recordOrigin>machine generated</recordOrigin>
<languageOfCataloging>
<languageTerm authority="iso639-2b" type="code">eng</languageTerm>
</languageOfCataloging>
</recordInfo>
<accessCondition type="GPO scope determination">fdlp</accessCondition>
<extension>
<docClass>CREC</docClass>
<accessId>CREC-2018-02-14</accessId>
<volume>164</volume>
<issue>29</issue>
<congress>115</congress>
<session>2</session>
<bookCount>1</bookCount>
</extension>
</relatedItem>
</mods>