<mods ID="id-CREC-2018-02-07-pt1-PgS704-2" version="3.3" xmlns="http://www.loc.gov/mods/v3" xmlns:exslt="http://exslt.org/common" xmlns:xlink="http://www.w3.org/1999/xlink" xmlns:xsi="http://www.w3.org/2001/XMLSchema-instance" xsi:schemaLocation="http://www.loc.gov/mods/v3 http://www.loc.gov/standards/mods/v3/mods-3-3.xsd">
<name type="corporate">
<namePart>United States Government Publishing Office</namePart>
<role>
<roleTerm authority="marcrelator" type="text">publisher</roleTerm>
<roleTerm authority="marcrelator" type="code">pbl</roleTerm>
</role>
<role>
<roleTerm authority="marcrelator" type="text">distributor</roleTerm>
<roleTerm authority="marcrelator" type="code">dst</roleTerm>
</role>
</name>
<name type="corporate">
<namePart>United States</namePart>
<namePart>Congress</namePart>
<role>
<roleTerm authority="marcrelator" type="text">author</roleTerm>
<roleTerm authority="marcrelator" type="code">aut</roleTerm>
</role>
<description>Government Organization</description>
</name>
<typeOfResource>text</typeOfResource>
<genre authority="marcgt">government publication</genre>
<language>
<languageTerm authority="iso639-2b" type="code">eng</languageTerm>
</language>
<extension>
<collectionCode>CREC</collectionCode>
<category>Proceedings of Congress and General Congressional Publications</category>
<waisDatabaseName>2018_record</waisDatabaseName>
<branch>legislative</branch>
<dateIngested>2018-02-08</dateIngested>
</extension>
<titleInfo>
<title>ADDITIONAL COSPONSORS</title>
<partName>Senate</partName>
</titleInfo>
<relatedItem type="otherFormat" xlink:href="https://www.gpo.gov/fdsys/pkg/CREC-2018-02-07/html/CREC-2018-02-07-pt1-PgS704-2.htm">
<identifier type="FDsys Unique ID">D09002ee1985bce99</identifier>
</relatedItem>
<relatedItem type="otherFormat" xlink:href="https://www.gpo.gov/fdsys/pkg/CREC-2018-02-07/pdf/CREC-2018-02-07-pt1-PgS704-2.pdf">
<identifier type="FDsys Unique ID">D09002ee1985bcf5f</identifier>
</relatedItem>
<identifier type="congressional record citation">164 Cong. Rec. S704</identifier>
<identifier type="uri">https://www.gpo.gov/fdsys/granule/CREC-2018-02-07/CREC-2018-02-07-pt1-PgS704-2</identifier>
<identifier type="former granule identifier">cr07fe18-136</identifier>
<location>
<url access="object in context" displayLabel="Content Detail">https://www.gpo.gov/fdsys/granule/CREC-2018-02-07/CREC-2018-02-07-pt1-PgS704-2/content-detail.html</url>
<url access="raw object" displayLabel="PDF rendition">https://www.gpo.gov/fdsys/pkg/CREC-2018-02-07/pdf/CREC-2018-02-07-pt1-PgS704-2.pdf</url>
<url access="raw object" displayLabel="HTML rendition">https://www.gpo.gov/fdsys/pkg/CREC-2018-02-07/html/CREC-2018-02-07-pt1-PgS704-2.htm</url>
</location>
<physicalDescription>
<extent>2 p.</extent>
</physicalDescription>
<part type="article">
<extent unit="pages">
<start>S704</start>
<end>S705</end>
</extent>
</part>
<identifier type="preferred citation">164 Cong. Rec. S704</identifier>
<extension>
<searchTitle>ADDITIONAL COSPONSORS; Congressional Record Vol. 164, No. 24</searchTitle>
<associatedBills>S. 294, 115th Congress
        </associatedBills>
<associatedBills>S. 339, 115th Congress
        </associatedBills>
<associatedBills>S. 732, 115th Congress
        </associatedBills>
<associatedBills>S. 819, 115th Congress
        </associatedBills>
<associatedBills>S. 1027, 115th Congress
        </associatedBills>
<associatedBills>S. 1161, 115th Congress
        </associatedBills>
<associatedBills>S. 1352, 115th Congress
        </associatedBills>
<associatedBills>S. 1361, 115th Congress
        </associatedBills>
<associatedBills>S. 1652, 115th Congress
        </associatedBills>
<associatedBills>S. 1808, 115th Congress
        </associatedBills>
<associatedBills>S. 1917, 115th Congress
        </associatedBills>
<associatedBills>S. 2174, 115th Congress
        </associatedBills>
<associatedBills>S. 2214, 115th Congress
        </associatedBills>
<associatedBills>S. 2295, 115th Congress
        </associatedBills>
<associatedBills>S. 2335, 115th Congress
        </associatedBills>
<associatedBills>S. 2360, 115th Congress
        </associatedBills>
<associatedBills>S. 2364, 115th Congress
        </associatedBills>
<granuleClass>SENATE</granuleClass>
<accessId>CREC-2018-02-07-pt1-PgS704-2</accessId>
<subGranuleClass>SCOSPONSORS</subGranuleClass>
<pagePrefix>S</pagePrefix>
<bookNumber>1</bookNumber>
<chamber>SENATE</chamber>
<granuleDate>2018-02-07</granuleDate>
<bill congress="115" context="HEADERLINE" number="294" type="S"/>
<bill congress="115" context="FIRSTPARAGRAPH" number="294" type="S"/>
<bill congress="115" context="OTHER" number="294" type="S"/>
<bill congress="115" context="HEADERLINE" number="339" type="S"/>
<bill congress="115" context="OTHER" number="339" type="S"/>
<bill congress="115" context="HEADERLINE" number="732" type="S"/>
<bill congress="115" context="OTHER" number="732" type="S"/>
<bill congress="115" context="HEADERLINE" number="819" type="S"/>
<bill congress="115" context="OTHER" number="819" type="S"/>
<bill congress="115" context="HEADERLINE" number="1027" type="S"/>
<bill congress="115" context="OTHER" number="1027" type="S"/>
<bill congress="115" context="HEADERLINE" number="1161" type="S"/>
<bill congress="115" context="OTHER" number="1161" type="S"/>
<bill congress="115" context="HEADERLINE" number="1352" type="S"/>
<bill congress="115" context="OTHER" number="1352" type="S"/>
<bill congress="115" context="HEADERLINE" number="1361" type="S"/>
<bill congress="115" context="OTHER" number="1361" type="S"/>
<bill congress="115" context="HEADERLINE" number="1652" type="S"/>
<bill congress="115" context="OTHER" number="1652" type="S"/>
<bill congress="115" context="HEADERLINE" number="1808" type="S"/>
<bill congress="115" context="OTHER" number="1808" type="S"/>
<bill congress="115" context="HEADERLINE" number="1917" type="S"/>
<bill congress="115" context="OTHER" number="1917" type="S"/>
<bill congress="115" context="HEADERLINE" number="2174" type="S"/>
<bill congress="115" context="OTHER" number="2174" type="S"/>
<bill congress="115" context="HEADERLINE" number="2214" type="S"/>
<bill congress="115" context="OTHER" number="2214" type="S"/>
<bill congress="115" context="HEADERLINE" number="2295" type="S"/>
<bill congress="115" context="OTHER" number="2295" type="S"/>
<bill congress="115" context="HEADERLINE" number="2335" type="S"/>
<bill congress="115" context="OTHER" number="2335" type="S"/>
<bill congress="115" context="HEADERLINE" number="2360" type="S"/>
<bill congress="115" context="OTHER" number="2360" type="S"/>
<bill congress="115" context="HEADERLINE" number="2364" type="S"/>
<bill congress="115" context="OTHER" number="2364" type="S"/>
</extension>
<relatedItem type="isReferencedBy">
<titleInfo>
<title>United States Senate Bill 294  (115th Congress)</title>
</titleInfo>
<identifier type="Congressional Bill citation">S. 294</identifier>
<extension>
<congress>115</congress>
<context>HEADERLINE</context>
</extension>
</relatedItem>
<relatedItem type="isReferencedBy">
<titleInfo>
<title>United States Senate Bill 294  (115th Congress)</title>
</titleInfo>
<identifier type="Congressional Bill citation">S. 294</identifier>
<extension>
<congress>115</congress>
<context>FIRSTPARAGRAPH</context>
</extension>
</relatedItem>
<relatedItem type="isReferencedBy">
<titleInfo>
<title>United States Senate Bill 294  (115th Congress)</title>
</titleInfo>
<identifier type="Congressional Bill citation">S. 294</identifier>
<extension>
<congress>115</congress>
<context>OTHER</context>
</extension>
</relatedItem>
<relatedItem type="isReferencedBy">
<titleInfo>
<title>United States Senate Bill 339  (115th Congress)</title>
</titleInfo>
<identifier type="Congressional Bill citation">S. 339</identifier>
<extension>
<congress>115</congress>
<context>HEADERLINE</context>
</extension>
</relatedItem>
<relatedItem type="isReferencedBy">
<titleInfo>
<title>United States Senate Bill 339  (115th Congress)</title>
</titleInfo>
<identifier type="Congressional Bill citation">S. 339</identifier>
<extension>
<congress>115</congress>
<context>OTHER</context>
</extension>
</relatedItem>
<relatedItem type="isReferencedBy">
<titleInfo>
<title>United States Senate Bill 732  (115th Congress)</title>
</titleInfo>
<identifier type="Congressional Bill citation">S. 732</identifier>
<extension>
<congress>115</congress>
<context>HEADERLINE</context>
</extension>
</relatedItem>
<relatedItem type="isReferencedBy">
<titleInfo>
<title>United States Senate Bill 732  (115th Congress)</title>
</titleInfo>
<identifier type="Congressional Bill citation">S. 732</identifier>
<extension>
<congress>115</congress>
<context>OTHER</context>
</extension>
</relatedItem>
<relatedItem type="isReferencedBy">
<titleInfo>
<title>United States Senate Bill 819  (115th Congress)</title>
</titleInfo>
<identifier type="Congressional Bill citation">S. 819</identifier>
<extension>
<congress>115</congress>
<context>HEADERLINE</context>
</extension>
</relatedItem>
<relatedItem type="isReferencedBy">
<titleInfo>
<title>United States Senate Bill 819  (115th Congress)</title>
</titleInfo>
<identifier type="Congressional Bill citation">S. 819</identifier>
<extension>
<congress>115</congress>
<context>OTHER</context>
</extension>
</relatedItem>
<relatedItem type="isReferencedBy">
<titleInfo>
<title>United States Senate Bill 1027  (115th Congress)</title>
</titleInfo>
<identifier type="Congressional Bill citation">S. 1027</identifier>
<extension>
<congress>115</congress>
<context>HEADERLINE</context>
</extension>
</relatedItem>
<relatedItem type="isReferencedBy">
<titleInfo>
<title>United States Senate Bill 1027  (115th Congress)</title>
</titleInfo>
<identifier type="Congressional Bill citation">S. 1027</identifier>
<extension>
<congress>115</congress>
<context>OTHER</context>
</extension>
</relatedItem>
<relatedItem type="isReferencedBy">
<titleInfo>
<title>United States Senate Bill 1161  (115th Congress)</title>
</titleInfo>
<identifier type="Congressional Bill citation">S. 1161</identifier>
<extension>
<congress>115</congress>
<context>HEADERLINE</context>
</extension>
</relatedItem>
<relatedItem type="isReferencedBy">
<titleInfo>
<title>United States Senate Bill 1161  (115th Congress)</title>
</titleInfo>
<identifier type="Congressional Bill citation">S. 1161</identifier>
<extension>
<congress>115</congress>
<context>OTHER</context>
</extension>
</relatedItem>
<relatedItem type="isReferencedBy">
<titleInfo>
<title>United States Senate Bill 1352  (115th Congress)</title>
</titleInfo>
<identifier type="Congressional Bill citation">S. 1352</identifier>
<extension>
<congress>115</congress>
<context>HEADERLINE</context>
</extension>
</relatedItem>
<relatedItem type="isReferencedBy">
<titleInfo>
<title>United States Senate Bill 1352  (115th Congress)</title>
</titleInfo>
<identifier type="Congressional Bill citation">S. 1352</identifier>
<extension>
<congress>115</congress>
<context>OTHER</context>
</extension>
</relatedItem>
<relatedItem type="isReferencedBy">
<titleInfo>
<title>United States Senate Bill 1361  (115th Congress)</title>
</titleInfo>
<identifier type="Congressional Bill citation">S. 1361</identifier>
<extension>
<congress>115</congress>
<context>HEADERLINE</context>
</extension>
</relatedItem>
<relatedItem type="isReferencedBy">
<titleInfo>
<title>United States Senate Bill 1361  (115th Congress)</title>
</titleInfo>
<identifier type="Congressional Bill citation">S. 1361</identifier>
<extension>
<congress>115</congress>
<context>OTHER</context>
</extension>
</relatedItem>
<relatedItem type="isReferencedBy">
<titleInfo>
<title>United States Senate Bill 1652  (115th Congress)</title>
</titleInfo>
<identifier type="Congressional Bill citation">S. 1652</identifier>
<extension>
<congress>115</congress>
<context>HEADERLINE</context>
</extension>
</relatedItem>
<relatedItem type="isReferencedBy">
<titleInfo>
<title>United States Senate Bill 1652  (115th Congress)</title>
</titleInfo>
<identifier type="Congressional Bill citation">S. 1652</identifier>
<extension>
<congress>115</congress>
<context>OTHER</context>
</extension>
</relatedItem>
<relatedItem type="isReferencedBy">
<titleInfo>
<title>United States Senate Bill 1808  (115th Congress)</title>
</titleInfo>
<identifier type="Congressional Bill citation">S. 1808</identifier>
<extension>
<congress>115</congress>
<context>HEADERLINE</context>
</extension>
</relatedItem>
<relatedItem type="isReferencedBy">
<titleInfo>
<title>United States Senate Bill 1808  (115th Congress)</title>
</titleInfo>
<identifier type="Congressional Bill citation">S. 1808</identifier>
<extension>
<congress>115</congress>
<context>OTHER</context>
</extension>
</relatedItem>
<relatedItem type="isReferencedBy">
<titleInfo>
<title>United States Senate Bill 1917  (115th Congress)</title>
</titleInfo>
<identifier type="Congressional Bill citation">S. 1917</identifier>
<extension>
<congress>115</congress>
<context>HEADERLINE</context>
</extension>
</relatedItem>
<relatedItem type="isReferencedBy">
<titleInfo>
<title>United States Senate Bill 1917  (115th Congress)</title>
</titleInfo>
<identifier type="Congressional Bill citation">S. 1917</identifier>
<extension>
<congress>115</congress>
<context>OTHER</context>
</extension>
</relatedItem>
<relatedItem type="isReferencedBy">
<titleInfo>
<title>United States Senate Bill 2174  (115th Congress)</title>
</titleInfo>
<identifier type="Congressional Bill citation">S. 2174</identifier>
<extension>
<congress>115</congress>
<context>HEADERLINE</context>
</extension>
</relatedItem>
<relatedItem type="isReferencedBy">
<titleInfo>
<title>United States Senate Bill 2174  (115th Congress)</title>
</titleInfo>
<identifier type="Congressional Bill citation">S. 2174</identifier>
<extension>
<congress>115</congress>
<context>OTHER</context>
</extension>
</relatedItem>
<relatedItem type="isReferencedBy">
<titleInfo>
<title>United States Senate Bill 2214  (115th Congress)</title>
</titleInfo>
<identifier type="Congressional Bill citation">S. 2214</identifier>
<extension>
<congress>115</congress>
<context>HEADERLINE</context>
</extension>
</relatedItem>
<relatedItem type="isReferencedBy">
<titleInfo>
<title>United States Senate Bill 2214  (115th Congress)</title>
</titleInfo>
<identifier type="Congressional Bill citation">S. 2214</identifier>
<extension>
<congress>115</congress>
<context>OTHER</context>
</extension>
</relatedItem>
<relatedItem type="isReferencedBy">
<titleInfo>
<title>United States Senate Bill 2295  (115th Congress)</title>
</titleInfo>
<identifier type="Congressional Bill citation">S. 2295</identifier>
<extension>
<congress>115</congress>
<context>HEADERLINE</context>
</extension>
</relatedItem>
<relatedItem type="isReferencedBy">
<titleInfo>
<title>United States Senate Bill 2295  (115th Congress)</title>
</titleInfo>
<identifier type="Congressional Bill citation">S. 2295</identifier>
<extension>
<congress>115</congress>
<context>OTHER</context>
</extension>
</relatedItem>
<relatedItem type="isReferencedBy">
<titleInfo>
<title>United States Senate Bill 2335  (115th Congress)</title>
</titleInfo>
<identifier type="Congressional Bill citation">S. 2335</identifier>
<extension>
<congress>115</congress>
<context>HEADERLINE</context>
</extension>
</relatedItem>
<relatedItem type="isReferencedBy">
<titleInfo>
<title>United States Senate Bill 2335  (115th Congress)</title>
</titleInfo>
<identifier type="Congressional Bill citation">S. 2335</identifier>
<extension>
<congress>115</congress>
<context>OTHER</context>
</extension>
</relatedItem>
<relatedItem type="isReferencedBy">
<titleInfo>
<title>United States Senate Bill 2360  (115th Congress)</title>
</titleInfo>
<identifier type="Congressional Bill citation">S. 2360</identifier>
<extension>
<congress>115</congress>
<context>HEADERLINE</context>
</extension>
</relatedItem>
<relatedItem type="isReferencedBy">
<titleInfo>
<title>United States Senate Bill 2360  (115th Congress)</title>
</titleInfo>
<identifier type="Congressional Bill citation">S. 2360</identifier>
<extension>
<congress>115</congress>
<context>OTHER</context>
</extension>
</relatedItem>
<relatedItem type="isReferencedBy">
<titleInfo>
<title>United States Senate Bill 2364  (115th Congress)</title>
</titleInfo>
<identifier type="Congressional Bill citation">S. 2364</identifier>
<extension>
<congress>115</congress>
<context>HEADERLINE</context>
</extension>
</relatedItem>
<relatedItem type="isReferencedBy">
<titleInfo>
<title>United States Senate Bill 2364  (115th Congress)</title>
</titleInfo>
<identifier type="Congressional Bill citation">S. 2364</identifier>
<extension>
<congress>115</congress>
<context>OTHER</context>
</extension>
</relatedItem>
<relatedItem ID="P0b002ee1985baa79" type="host">
<titleInfo>
<title>Congressional Record</title>
<partNumber>Vol. 164, no. 24</partNumber>
</titleInfo>
<location>
<url access="object in context" displayLabel="Content Detail">https://www.gpo.gov/fdsys/pkg/CREC-2018-02-07/content-detail.html</url>
<url access="raw object" displayLabel="PDF rendition">https://www.gpo.gov/fdsys/pkg/CREC-2018-02-07/pdf/CREC-2018-02-07.pdf</url>
</location>
<part type="issue">
<extent unit="pages">
<start>H905</start>
<end>H976</end>
</extent>
<extent unit="pages">
<start>S667</start>
<end>S792</end>
</extent>
<extent unit="pages">
<start>E149</start>
<end>E160</end>
</extent>
<extent unit="pages">
<start>D129</start>
<end>D134</end>
</extent>
</part>
<originInfo>
<publisher>U.S. Government Publishing Office</publisher>
<dateIssued encoding="w3cdtf">2018-02-07</dateIssued>
<issuance>continuing</issuance>
<frequency authority="marcfrequency">daily</frequency>
</originInfo>
<physicalDescription>
<note type="source content type">deposited</note>
<digitalOrigin>born digital</digitalOrigin>
<extent>432 p.</extent>
</physicalDescription>
<classification authority="sudocs">X 1.1/A:</classification>
<classification authority="sudocs">X/A.</classification>
<identifier type="uri">https://www.gpo.gov/fdsys/pkg/CREC-2018-02-07</identifier>
<identifier type="local">P0b002ee1985baa79</identifier>
<identifier type="stock number">752-002-00000-2</identifier>
<identifier type="ILS system id">000568013</identifier>
<identifier type="former package identifier">cr07fe18</identifier>
<recordInfo>
<recordContentSource authority="marcorg">DGPO</recordContentSource>
<recordCreationDate encoding="w3cdtf">2018-02-08</recordCreationDate>
<recordChangeDate encoding="w3cdtf">2018-02-08</recordChangeDate>
<recordIdentifier source="DGPO">CREC-2018-02-07</recordIdentifier>
<recordOrigin>machine generated</recordOrigin>
<languageOfCataloging>
<languageTerm authority="iso639-2b" type="code">eng</languageTerm>
</languageOfCataloging>
</recordInfo>
<accessCondition type="GPO scope determination">fdlp</accessCondition>
<extension>
<docClass>CREC</docClass>
<accessId>CREC-2018-02-07</accessId>
<volume>164</volume>
<issue>24</issue>
<congress>115</congress>
<session>2</session>
<bookCount>1</bookCount>
</extension>
</relatedItem>
</mods>