<mods ID="id-CREC-2018-02-07-pt1-PgH965-3" version="3.3" xmlns="http://www.loc.gov/mods/v3" xmlns:exslt="http://exslt.org/common" xmlns:xlink="http://www.w3.org/1999/xlink" xmlns:xsi="http://www.w3.org/2001/XMLSchema-instance" xsi:schemaLocation="http://www.loc.gov/mods/v3 http://www.loc.gov/standards/mods/v3/mods-3-3.xsd">
<name type="corporate">
<namePart>United States Government Publishing Office</namePart>
<role>
<roleTerm authority="marcrelator" type="text">publisher</roleTerm>
<roleTerm authority="marcrelator" type="code">pbl</roleTerm>
</role>
<role>
<roleTerm authority="marcrelator" type="text">distributor</roleTerm>
<roleTerm authority="marcrelator" type="code">dst</roleTerm>
</role>
</name>
<name type="corporate">
<namePart>United States</namePart>
<namePart>Congress</namePart>
<role>
<roleTerm authority="marcrelator" type="text">author</roleTerm>
<roleTerm authority="marcrelator" type="code">aut</roleTerm>
</role>
<description>Government Organization</description>
</name>
<typeOfResource>text</typeOfResource>
<genre authority="marcgt">government publication</genre>
<language>
<languageTerm authority="iso639-2b" type="code">eng</languageTerm>
</language>
<extension>
<collectionCode>CREC</collectionCode>
<category>Proceedings of Congress and General Congressional Publications</category>
<waisDatabaseName>2018_record</waisDatabaseName>
<branch>legislative</branch>
<dateIngested>2018-02-08</dateIngested>
</extension>
<titleInfo>
<title>HOUR OF MEETING ON TOMORROW</title>
<partName>House</partName>
</titleInfo>
<relatedItem type="otherFormat" xlink:href="https://www.gpo.gov/fdsys/pkg/CREC-2018-02-07/html/CREC-2018-02-07-pt1-PgH965-3.htm">
<identifier type="FDsys Unique ID">D09002ee1985bceb3</identifier>
</relatedItem>
<relatedItem type="otherFormat" xlink:href="https://www.gpo.gov/fdsys/pkg/CREC-2018-02-07/pdf/CREC-2018-02-07-pt1-PgH965-3.pdf">
<identifier type="FDsys Unique ID">D09002ee1985bcf59</identifier>
</relatedItem>
<identifier type="congressional record citation">164 Cong. Rec. H965</identifier>
<identifier type="uri">https://www.gpo.gov/fdsys/granule/CREC-2018-02-07/CREC-2018-02-07-pt1-PgH965-3</identifier>
<identifier type="former granule identifier">cr07fe18-69</identifier>
<location>
<url access="object in context" displayLabel="Content Detail">https://www.gpo.gov/fdsys/granule/CREC-2018-02-07/CREC-2018-02-07-pt1-PgH965-3/content-detail.html</url>
<url access="raw object" displayLabel="PDF rendition">https://www.gpo.gov/fdsys/pkg/CREC-2018-02-07/pdf/CREC-2018-02-07-pt1-PgH965-3.pdf</url>
<url access="raw object" displayLabel="HTML rendition">https://www.gpo.gov/fdsys/pkg/CREC-2018-02-07/html/CREC-2018-02-07-pt1-PgH965-3.htm</url>
</location>
<physicalDescription>
<extent>1 p.</extent>
</physicalDescription>
<part type="article">
<extent unit="pages">
<start>H965</start>
<end>H965</end>
</extent>
</part>
<name type="personal">
<namePart>Paul Mitchell</namePart>
<affiliation>United States House of Representatives</affiliation>
<role>
<roleTerm type="text">speaking</roleTerm>
</role>
<description>United States Congress Member</description>
</name>
<identifier type="preferred citation">164 Cong. Rec. H965</identifier>
<extension>
<searchTitle>HOUR OF MEETING ON TOMORROW; Congressional Record Vol. 164, No. 24</searchTitle>
<granuleClass>HOUSE</granuleClass>
<accessId>CREC-2018-02-07-pt1-PgH965-3</accessId>
<subGranuleClass>ALLOTHER</subGranuleClass>
<pagePrefix>H</pagePrefix>
<bookNumber>1</bookNumber>
<chamber>HOUSE</chamber>
<granuleDate>2018-02-07</granuleDate>
<time from="18:35:00" to="18:35:00"/>
<congMember authorityId="2334" bioGuideId="M001201" chamber="H" congress="115" party="R" role="SPEAKING" state="MI">
<name type="parsed">Mr. MITCHELL</name>
<name type="authority-fnf">Paul Mitchell</name>
<name type="authority-lnf">Mitchell, Paul</name>
</congMember>
</extension>
<relatedItem ID="P0b002ee1985baa79" type="host">
<titleInfo>
<title>Congressional Record</title>
<partNumber>Vol. 164, no. 24</partNumber>
</titleInfo>
<location>
<url access="object in context" displayLabel="Content Detail">https://www.gpo.gov/fdsys/pkg/CREC-2018-02-07/content-detail.html</url>
<url access="raw object" displayLabel="PDF rendition">https://www.gpo.gov/fdsys/pkg/CREC-2018-02-07/pdf/CREC-2018-02-07.pdf</url>
</location>
<part type="issue">
<extent unit="pages">
<start>H905</start>
<end>H976</end>
</extent>
<extent unit="pages">
<start>S667</start>
<end>S792</end>
</extent>
<extent unit="pages">
<start>E149</start>
<end>E160</end>
</extent>
<extent unit="pages">
<start>D129</start>
<end>D134</end>
</extent>
</part>
<originInfo>
<publisher>U.S. Government Publishing Office</publisher>
<dateIssued encoding="w3cdtf">2018-02-07</dateIssued>
<issuance>continuing</issuance>
<frequency authority="marcfrequency">daily</frequency>
</originInfo>
<physicalDescription>
<note type="source content type">deposited</note>
<digitalOrigin>born digital</digitalOrigin>
<extent>432 p.</extent>
</physicalDescription>
<classification authority="sudocs">X 1.1/A:</classification>
<classification authority="sudocs">X/A.</classification>
<identifier type="uri">https://www.gpo.gov/fdsys/pkg/CREC-2018-02-07</identifier>
<identifier type="local">P0b002ee1985baa79</identifier>
<identifier type="stock number">752-002-00000-2</identifier>
<identifier type="ILS system id">000568013</identifier>
<identifier type="former package identifier">cr07fe18</identifier>
<recordInfo>
<recordContentSource authority="marcorg">DGPO</recordContentSource>
<recordCreationDate encoding="w3cdtf">2018-02-08</recordCreationDate>
<recordChangeDate encoding="w3cdtf">2018-02-08</recordChangeDate>
<recordIdentifier source="DGPO">CREC-2018-02-07</recordIdentifier>
<recordOrigin>machine generated</recordOrigin>
<languageOfCataloging>
<languageTerm authority="iso639-2b" type="code">eng</languageTerm>
</languageOfCataloging>
</recordInfo>
<accessCondition type="GPO scope determination">fdlp</accessCondition>
<extension>
<docClass>CREC</docClass>
<accessId>CREC-2018-02-07</accessId>
<volume>164</volume>
<issue>24</issue>
<congress>115</congress>
<session>2</session>
<bookCount>1</bookCount>
</extension>
</relatedItem>
</mods>