<mods ID="id-CREC-2018-02-13-pt1-PgH1090" version="3.3" xmlns="http://www.loc.gov/mods/v3" xmlns:exslt="http://exslt.org/common" xmlns:xlink="http://www.w3.org/1999/xlink" xmlns:xsi="http://www.w3.org/2001/XMLSchema-instance" xsi:schemaLocation="http://www.loc.gov/mods/v3 http://www.loc.gov/standards/mods/v3/mods-3-3.xsd">
<name type="corporate">
<namePart>United States Government Publishing Office</namePart>
<role>
<roleTerm authority="marcrelator" type="text">publisher</roleTerm>
<roleTerm authority="marcrelator" type="code">pbl</roleTerm>
</role>
<role>
<roleTerm authority="marcrelator" type="text">distributor</roleTerm>
<roleTerm authority="marcrelator" type="code">dst</roleTerm>
</role>
</name>
<name type="corporate">
<namePart>United States</namePart>
<namePart>Congress</namePart>
<role>
<roleTerm authority="marcrelator" type="text">author</roleTerm>
<roleTerm authority="marcrelator" type="code">aut</roleTerm>
</role>
<description>Government Organization</description>
</name>
<typeOfResource>text</typeOfResource>
<genre authority="marcgt">government publication</genre>
<language>
<languageTerm authority="iso639-2b" type="code">eng</languageTerm>
</language>
<extension>
<collectionCode>CREC</collectionCode>
<category>Proceedings of Congress and General Congressional Publications</category>
<waisDatabaseName>2018_record</waisDatabaseName>
<branch>legislative</branch>
<dateIngested>2018-02-14</dateIngested>
</extension>
<titleInfo>
<title>LOW-DOSE RADIATION RESEARCH ACT OF 2018</title>
<partName>House</partName>
</titleInfo>
<relatedItem type="otherFormat" xlink:href="https://www.gpo.gov/fdsys/pkg/CREC-2018-02-13/html/CREC-2018-02-13-pt1-PgH1090.htm">
<identifier type="FDsys Unique ID">D09002ee19867fac6</identifier>
</relatedItem>
<relatedItem type="otherFormat" xlink:href="https://www.gpo.gov/fdsys/pkg/CREC-2018-02-13/pdf/CREC-2018-02-13-pt1-PgH1090.pdf">
<identifier type="FDsys Unique ID">D09002ee19867faf9</identifier>
</relatedItem>
<identifier type="congressional record citation">164 Cong. Rec. H1090</identifier>
<identifier type="uri">https://www.gpo.gov/fdsys/granule/CREC-2018-02-13/CREC-2018-02-13-pt1-PgH1090</identifier>
<identifier type="former granule identifier">cr13fe18-96</identifier>
<location>
<url access="object in context" displayLabel="Content Detail">https://www.gpo.gov/fdsys/granule/CREC-2018-02-13/CREC-2018-02-13-pt1-PgH1090/content-detail.html</url>
<url access="raw object" displayLabel="PDF rendition">https://www.gpo.gov/fdsys/pkg/CREC-2018-02-13/pdf/CREC-2018-02-13-pt1-PgH1090.pdf</url>
<url access="raw object" displayLabel="HTML rendition">https://www.gpo.gov/fdsys/pkg/CREC-2018-02-13/html/CREC-2018-02-13-pt1-PgH1090.htm</url>
</location>
<physicalDescription>
<extent>3 p.</extent>
</physicalDescription>
<part type="article">
<extent unit="pages">
<start>H1090</start>
<end>H1092</end>
</extent>
</part>
<name type="personal">
<namePart>Roger W. Marshall</namePart>
<affiliation>United States House of Representatives</affiliation>
<role>
<roleTerm type="text">speaking</roleTerm>
</role>
<description>United States Congress Member</description>
</name>
<name type="personal">
<namePart>Eddie Bernice Johnson</namePart>
<affiliation>United States House of Representatives</affiliation>
<role>
<roleTerm type="text">speaking</roleTerm>
</role>
<description>United States Congress Member</description>
</name>
<name type="personal">
<namePart>Lamar Smith</namePart>
<affiliation>United States House of Representatives</affiliation>
<role>
<roleTerm type="text">speaking</roleTerm>
</role>
<description>United States Congress Member</description>
</name>
<name type="personal">
<namePart>Randy K. Weber, Sr.</namePart>
<affiliation>United States House of Representatives</affiliation>
<role>
<roleTerm type="text">speaking</roleTerm>
</role>
<description>United States Congress Member</description>
</name>
<name type="corporate">
<namePart>United States</namePart>
<namePart>Congress</namePart>
<namePart>House of Representatives</namePart>
<namePart>Committee on Science, Space, and Technology</namePart>
<role>
<roleTerm authority="marcrelator" type="text">associated name</roleTerm>
<roleTerm authority="marcrelator" type="code">asn</roleTerm>
</role>
<description>Government Organization</description>
</name>
<name type="corporate">
<namePart>United States</namePart>
<namePart>Congress</namePart>
<namePart>Senate</namePart>
<namePart>Committee on Energy and Natural Resources</namePart>
<role>
<roleTerm authority="marcrelator" type="text">associated name</roleTerm>
<roleTerm authority="marcrelator" type="code">asn</roleTerm>
</role>
<description>Government Organization</description>
</name>
<identifier type="preferred citation">164 Cong. Rec. H1090</identifier>
<extension>
<searchTitle>LOW-DOSE RADIATION RESEARCH ACT OF 2018; Congressional Record Vol. 164, No. 28</searchTitle>
<associatedBills>H.R. 4675, 115th Congress
        </associatedBills>
<granuleClass>HOUSE</granuleClass>
<accessId>CREC-2018-02-13-pt1-PgH1090</accessId>
<subGranuleClass>ALLOTHER</subGranuleClass>
<pagePrefix>H</pagePrefix>
<bookNumber>1</bookNumber>
<chamber>HOUSE</chamber>
<granuleDate>2018-02-13</granuleDate>
<time from="16:30:00" to="16:30:00"/>
<bill congress="115" context="HEADERLINE" number="4675" type="HR"/>
<bill congress="115" context="FIRSTPARAGRAPH" number="4675" type="HR"/>
<bill congress="115" context="OTHER" number="4675" type="HR"/>
<congCommittee authorityId="hssy00" chamber="H" congress="115" type="S">
<name type="authority-standard">Committee on Science, Space, and Technology</name>
<name type="authority-short">Science, Space, and Technology</name>
</congCommittee>
<congCommittee authorityId="sseg00" chamber="S" congress="115" type="S">
<name type="authority-standard">Committee on Energy and Natural Resources</name>
<name type="authority-short">Energy and Natural Resources</name>
</congCommittee>
<congMember authorityId="2328" bioGuideId="M001198" chamber="H" congress="115" party="R" role="SPEAKING" state="KS">
<name type="parsed">Mr. MARSHALL</name>
<name type="authority-fnf">Roger W. Marshall</name>
<name type="authority-lnf">Marshall, Roger W.</name>
<name type="authority-other">Mr. Roger Marshall</name>
</congMember>
<congMember authorityId="599" bioGuideId="J000126" chamber="H" congress="115" gpoId="8186" party="D" role="SPEAKING" state="TX">
<name type="parsed">Ms. EDDIE BERNICE JOHNSON of Texas</name>
<name type="authority-fnf">Eddie Bernice Johnson</name>
<name type="authority-lnf">Johnson, Eddie Bernice</name>
<name type="authority-other">Eddie Johnson</name>
</congMember>
<congMember authorityId="1075" bioGuideId="S000583" chamber="H" congress="115" gpoId="8177" party="R" role="SPEAKING" state="TX">
<name type="parsed">Mr. SMITH of Texas</name>
<name type="authority-fnf">Lamar Smith</name>
<name type="authority-lnf">Smith, Lamar</name>
</congMember>
<congMember authorityId="2161" bioGuideId="W000814" chamber="H" congress="115" party="R" role="SPEAKING" state="TX">
<name type="parsed">Mr. WEBER of Texas</name>
<name type="authority-fnf">Randy K. Weber, Sr.</name>
<name type="authority-lnf">Weber, Randy K., Sr.</name>
<name type="authority-other">Mr. Randy Weber Sr.</name>
</congMember>
<USCode title="42">
<section detail="et seq." number="16311"/>
<section detail="(e)" number="16317"/>
<section detail="note" number="6601"/>
</USCode>
</extension>
<relatedItem type="isReferencedBy">
<titleInfo>
<title>United States House Bill 4675  (115th Congress)</title>
</titleInfo>
<identifier type="Congressional Bill citation">H.R. 4675</identifier>
<extension>
<congress>115</congress>
<context>HEADERLINE</context>
</extension>
</relatedItem>
<relatedItem type="isReferencedBy">
<titleInfo>
<title>United States House Bill 4675  (115th Congress)</title>
</titleInfo>
<identifier type="Congressional Bill citation">H.R. 4675</identifier>
<extension>
<congress>115</congress>
<context>FIRSTPARAGRAPH</context>
</extension>
</relatedItem>
<relatedItem type="isReferencedBy">
<titleInfo>
<title>United States House Bill 4675  (115th Congress)</title>
</titleInfo>
<identifier type="Congressional Bill citation">H.R. 4675</identifier>
<extension>
<congress>115</congress>
<context>OTHER</context>
</extension>
</relatedItem>
<relatedItem type="isReferencedBy">
<titleInfo>
<title>United States Code</title>
<partNumber>Title 42 Section 16311et seq.</partNumber>
<partNumber>Title 42 Section 16317(e)</partNumber>
<partNumber>Title 42 Section 6601note</partNumber>
</titleInfo>
<identifier type="USC citation">42 U.S.C. 16311et seq.</identifier>
<identifier type="USC citation">42 U.S.C. 16317(e)</identifier>
<identifier type="USC citation">42 U.S.C. 6601note</identifier>
</relatedItem>
<relatedItem ID="P0b002ee19867a183" type="host">
<titleInfo>
<title>Congressional Record</title>
<partNumber>Vol. 164, no. 28</partNumber>
</titleInfo>
<location>
<url access="object in context" displayLabel="Content Detail">https://www.gpo.gov/fdsys/pkg/CREC-2018-02-13/content-detail.html</url>
<url access="raw object" displayLabel="PDF rendition">https://www.gpo.gov/fdsys/pkg/CREC-2018-02-13/pdf/CREC-2018-02-13.pdf</url>
</location>
<part type="issue">
<extent unit="pages">
<start>H1077</start>
<end>H1128</end>
</extent>
<extent unit="pages">
<start>S889</start>
<end>S928</end>
</extent>
<extent unit="pages">
<start>E169</start>
<end>E180</end>
</extent>
<extent unit="pages">
<start>D153</start>
<end>D160</end>
</extent>
</part>
<originInfo>
<publisher>U.S. Government Publishing Office</publisher>
<dateIssued encoding="w3cdtf">2018-02-13</dateIssued>
<issuance>continuing</issuance>
<frequency authority="marcfrequency">daily</frequency>
</originInfo>
<physicalDescription>
<note type="source content type">deposited</note>
<digitalOrigin>born digital</digitalOrigin>
<extent>224 p.</extent>
</physicalDescription>
<classification authority="sudocs">X 1.1/A:</classification>
<classification authority="sudocs">X/A.</classification>
<identifier type="uri">https://www.gpo.gov/fdsys/pkg/CREC-2018-02-13</identifier>
<identifier type="local">P0b002ee19867a183</identifier>
<identifier type="stock number">752-002-00000-2</identifier>
<identifier type="ILS system id">000568013</identifier>
<identifier type="former package identifier">cr13fe18</identifier>
<recordInfo>
<recordContentSource authority="marcorg">DGPO</recordContentSource>
<recordCreationDate encoding="w3cdtf">2018-02-14</recordCreationDate>
<recordChangeDate encoding="w3cdtf">2018-02-14</recordChangeDate>
<recordIdentifier source="DGPO">CREC-2018-02-13</recordIdentifier>
<recordOrigin>machine generated</recordOrigin>
<languageOfCataloging>
<languageTerm authority="iso639-2b" type="code">eng</languageTerm>
</languageOfCataloging>
</recordInfo>
<accessCondition type="GPO scope determination">fdlp</accessCondition>
<extension>
<docClass>CREC</docClass>
<accessId>CREC-2018-02-13</accessId>
<volume>164</volume>
<issue>28</issue>
<congress>115</congress>
<session>2</session>
<bookCount>1</bookCount>
</extension>
</relatedItem>
</mods>