<mods ID="id-CREC-2018-02-06-pt1-PgS656" version="3.3" xmlns="http://www.loc.gov/mods/v3" xmlns:exslt="http://exslt.org/common" xmlns:xlink="http://www.w3.org/1999/xlink" xmlns:xsi="http://www.w3.org/2001/XMLSchema-instance" xsi:schemaLocation="http://www.loc.gov/mods/v3 http://www.loc.gov/standards/mods/v3/mods-3-3.xsd">
<name type="corporate">
<namePart>United States Government Publishing Office</namePart>
<role>
<roleTerm authority="marcrelator" type="text">publisher</roleTerm>
<roleTerm authority="marcrelator" type="code">pbl</roleTerm>
</role>
<role>
<roleTerm authority="marcrelator" type="text">distributor</roleTerm>
<roleTerm authority="marcrelator" type="code">dst</roleTerm>
</role>
</name>
<name type="corporate">
<namePart>United States</namePart>
<namePart>Congress</namePart>
<role>
<roleTerm authority="marcrelator" type="text">author</roleTerm>
<roleTerm authority="marcrelator" type="code">aut</roleTerm>
</role>
<description>Government Organization</description>
</name>
<typeOfResource>text</typeOfResource>
<genre authority="marcgt">government publication</genre>
<language>
<languageTerm authority="iso639-2b" type="code">eng</languageTerm>
</language>
<extension>
<collectionCode>CREC</collectionCode>
<category>Proceedings of Congress and General Congressional Publications</category>
<waisDatabaseName>2018_record</waisDatabaseName>
<branch>legislative</branch>
<dateIngested>2018-02-08</dateIngested>
</extension>
<titleInfo>
<title>AUTHORITY FOR COMMITTEES TO MEET</title>
<partName>Senate</partName>
</titleInfo>
<relatedItem type="otherFormat" xlink:href="https://www.gpo.gov/fdsys/pkg/CREC-2018-02-06/html/CREC-2018-02-06-pt1-PgS656.htm">
<identifier type="FDsys Unique ID">D09002ee1985b2be4</identifier>
</relatedItem>
<relatedItem type="otherFormat" xlink:href="https://www.gpo.gov/fdsys/pkg/CREC-2018-02-06/pdf/CREC-2018-02-06-pt1-PgS656.pdf">
<identifier type="FDsys Unique ID">D09002ee1985b2c0f</identifier>
</relatedItem>
<identifier type="congressional record citation">164 Cong. Rec. S656</identifier>
<identifier type="uri">https://www.gpo.gov/fdsys/granule/CREC-2018-02-06/CREC-2018-02-06-pt1-PgS656</identifier>
<identifier type="former granule identifier">CR06FE18-178</identifier>
<location>
<url access="object in context" displayLabel="Content Detail">https://www.gpo.gov/fdsys/granule/CREC-2018-02-06/CREC-2018-02-06-pt1-PgS656/content-detail.html</url>
<url access="raw object" displayLabel="PDF rendition">https://www.gpo.gov/fdsys/pkg/CREC-2018-02-06/pdf/CREC-2018-02-06-pt1-PgS656.pdf</url>
<url access="raw object" displayLabel="HTML rendition">https://www.gpo.gov/fdsys/pkg/CREC-2018-02-06/html/CREC-2018-02-06-pt1-PgS656.htm</url>
</location>
<physicalDescription>
<extent>2 p.</extent>
</physicalDescription>
<part type="article">
<extent unit="pages">
<start>S656</start>
<end>S657</end>
</extent>
</part>
<name type="personal">
<namePart>Mitch McConnell</namePart>
<affiliation>United States Senate</affiliation>
<role>
<roleTerm type="text">speaking</roleTerm>
</role>
<description>United States Congress Member</description>
</name>
<name type="corporate">
<namePart>United States</namePart>
<namePart>Congress</namePart>
<namePart>Senate</namePart>
<namePart>Committee on Armed Services</namePart>
<role>
<roleTerm authority="marcrelator" type="text">associated name</roleTerm>
<roleTerm authority="marcrelator" type="code">asn</roleTerm>
</role>
<description>Government Organization</description>
</name>
<name type="corporate">
<namePart>United States</namePart>
<namePart>Congress</namePart>
<namePart>Senate</namePart>
<namePart>Committee on Banking, Housing, and Urban Affairs</namePart>
<role>
<roleTerm authority="marcrelator" type="text">associated name</roleTerm>
<roleTerm authority="marcrelator" type="code">asn</roleTerm>
</role>
<description>Government Organization</description>
</name>
<name type="corporate">
<namePart>United States</namePart>
<namePart>Congress</namePart>
<namePart>Senate</namePart>
<namePart>Committee on Energy and Natural Resources</namePart>
<role>
<roleTerm authority="marcrelator" type="text">associated name</roleTerm>
<roleTerm authority="marcrelator" type="code">asn</roleTerm>
</role>
<description>Government Organization</description>
</name>
<name type="corporate">
<namePart>United States</namePart>
<namePart>Congress</namePart>
<namePart>Senate</namePart>
<namePart>Committee on Foreign Relations</namePart>
<role>
<roleTerm authority="marcrelator" type="text">associated name</roleTerm>
<roleTerm authority="marcrelator" type="code">asn</roleTerm>
</role>
<description>Government Organization</description>
</name>
<name type="corporate">
<namePart>United States</namePart>
<namePart>Congress</namePart>
<namePart>Senate</namePart>
<namePart>Committee on Health, Education, Labor, and Pensions</namePart>
<role>
<roleTerm authority="marcrelator" type="text">associated name</roleTerm>
<roleTerm authority="marcrelator" type="code">asn</roleTerm>
</role>
<description>Government Organization</description>
</name>
<name type="corporate">
<namePart>United States</namePart>
<namePart>Congress</namePart>
<namePart>Senate</namePart>
<namePart>Committee on Judiciary</namePart>
<role>
<roleTerm authority="marcrelator" type="text">associated name</roleTerm>
<roleTerm authority="marcrelator" type="code">asn</roleTerm>
</role>
<description>Government Organization</description>
</name>
<name type="corporate">
<namePart>United States</namePart>
<namePart>Congress</namePart>
<namePart>Senate</namePart>
<namePart>Select Committee on Intelligence</namePart>
<role>
<roleTerm authority="marcrelator" type="text">associated name</roleTerm>
<roleTerm authority="marcrelator" type="code">asn</roleTerm>
</role>
<description>Government Organization</description>
</name>
<name type="corporate">
<namePart>United States</namePart>
<namePart>Congress</namePart>
<namePart>Senate</namePart>
<namePart>Committee on Commerce, Science, and Transportation</namePart>
<role>
<roleTerm authority="marcrelator" type="text">associated name</roleTerm>
<roleTerm authority="marcrelator" type="code">asn</roleTerm>
</role>
<description>Government Organization</description>
</name>
<name type="corporate">
<namePart>United States</namePart>
<namePart>Congress</namePart>
<namePart>Senate</namePart>
<namePart>Committee on Homeland Security and Governmental Affairs</namePart>
<role>
<roleTerm authority="marcrelator" type="text">associated name</roleTerm>
<roleTerm authority="marcrelator" type="code">asn</roleTerm>
</role>
<description>Government Organization</description>
</name>
<identifier type="preferred citation">164 Cong. Rec. S656</identifier>
<extension>
<searchTitle>AUTHORITY FOR COMMITTEES TO MEET; Congressional Record Vol. 164, No. 23</searchTitle>
<granuleClass>SENATE</granuleClass>
<accessId>CREC-2018-02-06-pt1-PgS656</accessId>
<subGranuleClass>SAUTHORITY</subGranuleClass>
<pagePrefix>S</pagePrefix>
<bookNumber>1</bookNumber>
<chamber>SENATE</chamber>
<granuleDate>2018-02-06</granuleDate>
<bill congress="115" context="OTHER" number="2182" type="S"/>
<bill congress="115" context="OTHER" number="2325" type="S"/>
<congCommittee authorityId="ssas00" chamber="S" congress="115" type="S">
<name type="authority-standard">Committee on Armed Services</name>
<name type="authority-short">Armed Services</name>
</congCommittee>
<congCommittee authorityId="ssbk00" chamber="S" congress="115" type="S">
<name type="authority-standard">Committee on Banking, Housing, and Urban Affairs</name>
<name type="authority-short">Banking</name>
</congCommittee>
<congCommittee authorityId="sseg00" chamber="S" congress="115" type="S">
<name type="authority-standard">Committee on Energy and Natural Resources</name>
<name type="authority-short">Energy and Natural Resources</name>
</congCommittee>
<congCommittee authorityId="ssfr00" chamber="S" congress="115" type="S">
<name type="authority-standard">Committee on Foreign Relations</name>
<name type="authority-short">Foreign Relations</name>
</congCommittee>
<congCommittee authorityId="sshr00" chamber="S" congress="115" type="S">
<name type="authority-standard">Committee on Health, Education, Labor, and Pensions</name>
<name type="authority-short">HELP</name>
</congCommittee>
<congCommittee authorityId="ssju00" chamber="S" congress="115" type="S">
<name type="authority-standard">Committee on Judiciary</name>
<name type="authority-short">Judiciary</name>
</congCommittee>
<congCommittee authorityId="slin00" chamber="S" congress="115" type="L">
<name type="authority-standard">Select Committee on Intelligence</name>
<name type="authority-short">Intelligence</name>
</congCommittee>
<congCommittee authorityId="sscm00" chamber="S" congress="115" type="S">
<name type="authority-standard">Committee on Commerce, Science, and Transportation</name>
<name type="authority-short">Commerce</name>
</congCommittee>
<congCommittee authorityId="ssga00" chamber="S" congress="115" type="S">
<name type="authority-standard">Committee on Homeland Security and Governmental Affairs</name>
<name type="authority-short">Homeland and Governmental Affairs</name>
</congCommittee>
<congMember authorityId="1395" bioGuideId="M000355" chamber="S" congress="115" gpoId="8254" party="R" role="SPEAKING" state="KY">
<name type="parsed">Mr. McCONNELL</name>
<name type="authority-fnf">Mitch McConnell</name>
<name type="authority-lnf">McConnell, Mitch</name>
</congMember>
</extension>
<relatedItem type="isReferencedBy">
<titleInfo>
<title>United States Senate Bill 2182  (115th Congress)</title>
</titleInfo>
<identifier type="Congressional Bill citation">S. 2182</identifier>
<extension>
<congress>115</congress>
<context>OTHER</context>
</extension>
</relatedItem>
<relatedItem type="isReferencedBy">
<titleInfo>
<title>United States Senate Bill 2325  (115th Congress)</title>
</titleInfo>
<identifier type="Congressional Bill citation">S. 2325</identifier>
<extension>
<congress>115</congress>
<context>OTHER</context>
</extension>
</relatedItem>
<relatedItem ID="P0b002ee1982b966d" type="host">
<titleInfo>
<title>Congressional Record</title>
<partNumber>Vol. 164, no. 23</partNumber>
</titleInfo>
<location>
<url access="object in context" displayLabel="Content Detail">https://www.gpo.gov/fdsys/pkg/CREC-2018-02-06/content-detail.html</url>
<url access="raw object" displayLabel="PDF rendition">https://www.gpo.gov/fdsys/pkg/CREC-2018-02-06/pdf/CREC-2018-02-06.pdf</url>
</location>
<part type="issue">
<extent unit="pages">
<start>H787</start>
<end>H903</end>
</extent>
<extent unit="pages">
<start>S617</start>
<end>S665</end>
</extent>
<extent unit="pages">
<start>E139</start>
<end>E148</end>
</extent>
<extent unit="pages">
<start>D121</start>
<end>D128</end>
</extent>
</part>
<originInfo>
<publisher>U.S. Government Publishing Office</publisher>
<dateIssued encoding="w3cdtf">2018-02-06</dateIssued>
<issuance>continuing</issuance>
<frequency authority="marcfrequency">daily</frequency>
</originInfo>
<physicalDescription>
<note type="source content type">deposited</note>
<digitalOrigin>born digital</digitalOrigin>
<extent>368 p.</extent>
</physicalDescription>
<classification authority="sudocs">X 1.1/A:</classification>
<classification authority="sudocs">X/A.</classification>
<identifier type="uri">https://www.gpo.gov/fdsys/pkg/CREC-2018-02-06</identifier>
<identifier type="local">P0b002ee1982b966d</identifier>
<identifier type="stock number">752-002-00000-2</identifier>
<identifier type="ILS system id">000568013</identifier>
<identifier type="former package identifier">CR06FE18</identifier>
<recordInfo>
<recordContentSource authority="marcorg">DGPO</recordContentSource>
<recordCreationDate encoding="w3cdtf">2018-02-08</recordCreationDate>
<recordChangeDate encoding="w3cdtf">2018-02-08</recordChangeDate>
<recordIdentifier source="DGPO">CREC-2018-02-06</recordIdentifier>
<recordOrigin>machine generated</recordOrigin>
<languageOfCataloging>
<languageTerm authority="iso639-2b" type="code">eng</languageTerm>
</languageOfCataloging>
</recordInfo>
<accessCondition type="GPO scope determination">fdlp</accessCondition>
<extension>
<docClass>CREC</docClass>
<accessId>CREC-2018-02-06</accessId>
<volume>164</volume>
<issue>23</issue>
<congress>115</congress>
<session>2</session>
<bookCount>1</bookCount>
</extension>
</relatedItem>
</mods>