<mods ID="id-CREC-2018-02-06-pt1-PgS652" version="3.3" xmlns="http://www.loc.gov/mods/v3" xmlns:exslt="http://exslt.org/common" xmlns:xlink="http://www.w3.org/1999/xlink" xmlns:xsi="http://www.w3.org/2001/XMLSchema-instance" xsi:schemaLocation="http://www.loc.gov/mods/v3 http://www.loc.gov/standards/mods/v3/mods-3-3.xsd">
<name type="corporate">
<namePart>United States Government Publishing Office</namePart>
<role>
<roleTerm authority="marcrelator" type="text">publisher</roleTerm>
<roleTerm authority="marcrelator" type="code">pbl</roleTerm>
</role>
<role>
<roleTerm authority="marcrelator" type="text">distributor</roleTerm>
<roleTerm authority="marcrelator" type="code">dst</roleTerm>
</role>
</name>
<name type="corporate">
<namePart>United States</namePart>
<namePart>Congress</namePart>
<role>
<roleTerm authority="marcrelator" type="text">author</roleTerm>
<roleTerm authority="marcrelator" type="code">aut</roleTerm>
</role>
<description>Government Organization</description>
</name>
<typeOfResource>text</typeOfResource>
<genre authority="marcgt">government publication</genre>
<language>
<languageTerm authority="iso639-2b" type="code">eng</languageTerm>
</language>
<extension>
<collectionCode>CREC</collectionCode>
<category>Proceedings of Congress and General Congressional Publications</category>
<waisDatabaseName>2018_record</waisDatabaseName>
<branch>legislative</branch>
<dateIngested>2018-02-08</dateIngested>
</extension>
<titleInfo>
<title>ADDITIONAL COSPONSORS</title>
<partName>Senate</partName>
</titleInfo>
<relatedItem type="otherFormat" xlink:href="https://www.gpo.gov/fdsys/pkg/CREC-2018-02-06/html/CREC-2018-02-06-pt1-PgS652.htm">
<identifier type="FDsys Unique ID">D09002ee1985b2b93</identifier>
</relatedItem>
<relatedItem type="otherFormat" xlink:href="https://www.gpo.gov/fdsys/pkg/CREC-2018-02-06/pdf/CREC-2018-02-06-pt1-PgS652.pdf">
<identifier type="FDsys Unique ID">D09002ee1985b2c88</identifier>
</relatedItem>
<identifier type="congressional record citation">164 Cong. Rec. S652</identifier>
<identifier type="uri">https://www.gpo.gov/fdsys/granule/CREC-2018-02-06/CREC-2018-02-06-pt1-PgS652</identifier>
<identifier type="former granule identifier">CR06FE18-171</identifier>
<location>
<url access="object in context" displayLabel="Content Detail">https://www.gpo.gov/fdsys/granule/CREC-2018-02-06/CREC-2018-02-06-pt1-PgS652/content-detail.html</url>
<url access="raw object" displayLabel="PDF rendition">https://www.gpo.gov/fdsys/pkg/CREC-2018-02-06/pdf/CREC-2018-02-06-pt1-PgS652.pdf</url>
<url access="raw object" displayLabel="HTML rendition">https://www.gpo.gov/fdsys/pkg/CREC-2018-02-06/html/CREC-2018-02-06-pt1-PgS652.htm</url>
</location>
<physicalDescription>
<extent>2 p.</extent>
</physicalDescription>
<part type="article">
<extent unit="pages">
<start>S652</start>
<end>S653</end>
</extent>
</part>
<identifier type="preferred citation">164 Cong. Rec. S652</identifier>
<extension>
<searchTitle>ADDITIONAL COSPONSORS; Congressional Record Vol. 164, No. 23</searchTitle>
<associatedBills>S. Res. 168, 115th Congress
        </associatedBills>
<associatedBills>S. 351, 115th Congress
        </associatedBills>
<associatedBills>S. Res. 361, 115th Congress
        </associatedBills>
<associatedBills>S. 545, 115th Congress
        </associatedBills>
<associatedBills>S. 698, 115th Congress
        </associatedBills>
<associatedBills>S. 732, 115th Congress
        </associatedBills>
<associatedBills>S. 813, 115th Congress
        </associatedBills>
<associatedBills>S. 951, 115th Congress
        </associatedBills>
<associatedBills>S. 974, 115th Congress
        </associatedBills>
<associatedBills>S. 1343, 115th Congress
        </associatedBills>
<associatedBills>S. 1353, 115th Congress
        </associatedBills>
<associatedBills>S. 1746, 115th Congress
        </associatedBills>
<associatedBills>S. 1899, 115th Congress
        </associatedBills>
<associatedBills>S. 1917, 115th Congress
        </associatedBills>
<associatedBills>S. 2076, 115th Congress
        </associatedBills>
<associatedBills>S. 2101, 115th Congress
        </associatedBills>
<associatedBills>S. 2138, 115th Congress
        </associatedBills>
<associatedBills>S. 2156, 115th Congress
        </associatedBills>
<associatedBills>S. 2173, 115th Congress
        </associatedBills>
<associatedBills>S. 2194, 115th Congress
        </associatedBills>
<associatedBills>S. 2235, 115th Congress
        </associatedBills>
<associatedBills>S. 2244, 115th Congress
        </associatedBills>
<associatedBills>S. 2296, 115th Congress
        </associatedBills>
<associatedBills>S. 2304, 115th Congress
        </associatedBills>
<associatedBills>S. 2310, 115th Congress
        </associatedBills>
<associatedBills>S. 2324, 115th Congress
        </associatedBills>
<associatedBills>S. 2340, 115th Congress
        </associatedBills>
<associatedBills>S. 2345, 115th Congress
        </associatedBills>
<associatedBills>S. 2372, 115th Congress
        </associatedBills>
<granuleClass>SENATE</granuleClass>
<accessId>CREC-2018-02-06-pt1-PgS652</accessId>
<subGranuleClass>SCOSPONSORS</subGranuleClass>
<pagePrefix>S</pagePrefix>
<bookNumber>1</bookNumber>
<chamber>SENATE</chamber>
<granuleDate>2018-02-06</granuleDate>
<bill congress="115" context="HEADERLINE" number="168" type="SRES"/>
<bill congress="115" context="OTHER" number="168" type="SRES"/>
<bill congress="115" context="HEADERLINE" number="351" type="S"/>
<bill congress="115" context="FIRSTPARAGRAPH" number="351" type="S"/>
<bill congress="115" context="OTHER" number="351" type="S"/>
<bill congress="115" context="HEADERLINE" number="361" type="SRES"/>
<bill congress="115" context="OTHER" number="361" type="SRES"/>
<bill congress="115" context="HEADERLINE" number="545" type="S"/>
<bill congress="115" context="OTHER" number="545" type="S"/>
<bill congress="115" context="HEADERLINE" number="698" type="S"/>
<bill congress="115" context="OTHER" number="698" type="S"/>
<bill congress="115" context="HEADERLINE" number="732" type="S"/>
<bill congress="115" context="OTHER" number="732" type="S"/>
<bill congress="115" context="HEADERLINE" number="813" type="S"/>
<bill congress="115" context="OTHER" number="813" type="S"/>
<bill congress="115" context="HEADERLINE" number="951" type="S"/>
<bill congress="115" context="OTHER" number="951" type="S"/>
<bill congress="115" context="HEADERLINE" number="974" type="S"/>
<bill congress="115" context="OTHER" number="974" type="S"/>
<bill congress="115" context="HEADERLINE" number="1343" type="S"/>
<bill congress="115" context="OTHER" number="1343" type="S"/>
<bill congress="115" context="HEADERLINE" number="1353" type="S"/>
<bill congress="115" context="OTHER" number="1353" type="S"/>
<bill congress="115" context="HEADERLINE" number="1746" type="S"/>
<bill congress="115" context="OTHER" number="1746" type="S"/>
<bill congress="115" context="HEADERLINE" number="1899" type="S"/>
<bill congress="115" context="OTHER" number="1899" type="S"/>
<bill congress="115" context="HEADERLINE" number="1917" type="S"/>
<bill congress="115" context="OTHER" number="1917" type="S"/>
<bill congress="115" context="HEADERLINE" number="2076" type="S"/>
<bill congress="115" context="OTHER" number="2076" type="S"/>
<bill congress="115" context="HEADERLINE" number="2101" type="S"/>
<bill congress="115" context="OTHER" number="2101" type="S"/>
<bill congress="115" context="HEADERLINE" number="2138" type="S"/>
<bill congress="115" context="OTHER" number="2138" type="S"/>
<bill congress="115" context="HEADERLINE" number="2156" type="S"/>
<bill congress="115" context="OTHER" number="2156" type="S"/>
<bill congress="115" context="HEADERLINE" number="2173" type="S"/>
<bill congress="115" context="OTHER" number="2173" type="S"/>
<bill congress="115" context="HEADERLINE" number="2194" type="S"/>
<bill congress="115" context="OTHER" number="2194" type="S"/>
<bill congress="115" context="HEADERLINE" number="2235" type="S"/>
<bill congress="115" context="OTHER" number="2235" type="S"/>
<bill congress="115" context="HEADERLINE" number="2244" type="S"/>
<bill congress="115" context="OTHER" number="2244" type="S"/>
<bill congress="115" context="HEADERLINE" number="2296" type="S"/>
<bill congress="115" context="OTHER" number="2296" type="S"/>
<bill congress="115" context="HEADERLINE" number="2304" type="S"/>
<bill congress="115" context="OTHER" number="2304" type="S"/>
<bill congress="115" context="HEADERLINE" number="2310" type="S"/>
<bill congress="115" context="OTHER" number="2310" type="S"/>
<bill congress="115" context="HEADERLINE" number="2324" type="S"/>
<bill congress="115" context="OTHER" number="2324" type="S"/>
<bill congress="115" context="HEADERLINE" number="2340" type="S"/>
<bill congress="115" context="OTHER" number="2340" type="S"/>
<bill congress="115" context="HEADERLINE" number="2345" type="S"/>
<bill congress="115" context="OTHER" number="2345" type="S"/>
<bill congress="115" context="HEADERLINE" number="2372" type="S"/>
<bill congress="115" context="OTHER" number="2372" type="S"/>
</extension>
<relatedItem type="isReferencedBy">
<titleInfo>
<title>United States Senate Resolution 168  (115th Congress)</title>
</titleInfo>
<identifier type="Congressional Bill citation">S. Res. 168</identifier>
<extension>
<congress>115</congress>
<context>HEADERLINE</context>
</extension>
</relatedItem>
<relatedItem type="isReferencedBy">
<titleInfo>
<title>United States Senate Resolution 168  (115th Congress)</title>
</titleInfo>
<identifier type="Congressional Bill citation">S. Res. 168</identifier>
<extension>
<congress>115</congress>
<context>OTHER</context>
</extension>
</relatedItem>
<relatedItem type="isReferencedBy">
<titleInfo>
<title>United States Senate Bill 351  (115th Congress)</title>
</titleInfo>
<identifier type="Congressional Bill citation">S. 351</identifier>
<extension>
<congress>115</congress>
<context>HEADERLINE</context>
</extension>
</relatedItem>
<relatedItem type="isReferencedBy">
<titleInfo>
<title>United States Senate Bill 351  (115th Congress)</title>
</titleInfo>
<identifier type="Congressional Bill citation">S. 351</identifier>
<extension>
<congress>115</congress>
<context>FIRSTPARAGRAPH</context>
</extension>
</relatedItem>
<relatedItem type="isReferencedBy">
<titleInfo>
<title>United States Senate Bill 351  (115th Congress)</title>
</titleInfo>
<identifier type="Congressional Bill citation">S. 351</identifier>
<extension>
<congress>115</congress>
<context>OTHER</context>
</extension>
</relatedItem>
<relatedItem type="isReferencedBy">
<titleInfo>
<title>United States Senate Resolution 361  (115th Congress)</title>
</titleInfo>
<identifier type="Congressional Bill citation">S. Res. 361</identifier>
<extension>
<congress>115</congress>
<context>HEADERLINE</context>
</extension>
</relatedItem>
<relatedItem type="isReferencedBy">
<titleInfo>
<title>United States Senate Resolution 361  (115th Congress)</title>
</titleInfo>
<identifier type="Congressional Bill citation">S. Res. 361</identifier>
<extension>
<congress>115</congress>
<context>OTHER</context>
</extension>
</relatedItem>
<relatedItem type="isReferencedBy">
<titleInfo>
<title>United States Senate Bill 545  (115th Congress)</title>
</titleInfo>
<identifier type="Congressional Bill citation">S. 545</identifier>
<extension>
<congress>115</congress>
<context>HEADERLINE</context>
</extension>
</relatedItem>
<relatedItem type="isReferencedBy">
<titleInfo>
<title>United States Senate Bill 545  (115th Congress)</title>
</titleInfo>
<identifier type="Congressional Bill citation">S. 545</identifier>
<extension>
<congress>115</congress>
<context>OTHER</context>
</extension>
</relatedItem>
<relatedItem type="isReferencedBy">
<titleInfo>
<title>United States Senate Bill 698  (115th Congress)</title>
</titleInfo>
<identifier type="Congressional Bill citation">S. 698</identifier>
<extension>
<congress>115</congress>
<context>HEADERLINE</context>
</extension>
</relatedItem>
<relatedItem type="isReferencedBy">
<titleInfo>
<title>United States Senate Bill 698  (115th Congress)</title>
</titleInfo>
<identifier type="Congressional Bill citation">S. 698</identifier>
<extension>
<congress>115</congress>
<context>OTHER</context>
</extension>
</relatedItem>
<relatedItem type="isReferencedBy">
<titleInfo>
<title>United States Senate Bill 732  (115th Congress)</title>
</titleInfo>
<identifier type="Congressional Bill citation">S. 732</identifier>
<extension>
<congress>115</congress>
<context>HEADERLINE</context>
</extension>
</relatedItem>
<relatedItem type="isReferencedBy">
<titleInfo>
<title>United States Senate Bill 732  (115th Congress)</title>
</titleInfo>
<identifier type="Congressional Bill citation">S. 732</identifier>
<extension>
<congress>115</congress>
<context>OTHER</context>
</extension>
</relatedItem>
<relatedItem type="isReferencedBy">
<titleInfo>
<title>United States Senate Bill 813  (115th Congress)</title>
</titleInfo>
<identifier type="Congressional Bill citation">S. 813</identifier>
<extension>
<congress>115</congress>
<context>HEADERLINE</context>
</extension>
</relatedItem>
<relatedItem type="isReferencedBy">
<titleInfo>
<title>United States Senate Bill 813  (115th Congress)</title>
</titleInfo>
<identifier type="Congressional Bill citation">S. 813</identifier>
<extension>
<congress>115</congress>
<context>OTHER</context>
</extension>
</relatedItem>
<relatedItem type="isReferencedBy">
<titleInfo>
<title>United States Senate Bill 951  (115th Congress)</title>
</titleInfo>
<identifier type="Congressional Bill citation">S. 951</identifier>
<extension>
<congress>115</congress>
<context>HEADERLINE</context>
</extension>
</relatedItem>
<relatedItem type="isReferencedBy">
<titleInfo>
<title>United States Senate Bill 951  (115th Congress)</title>
</titleInfo>
<identifier type="Congressional Bill citation">S. 951</identifier>
<extension>
<congress>115</congress>
<context>OTHER</context>
</extension>
</relatedItem>
<relatedItem type="isReferencedBy">
<titleInfo>
<title>United States Senate Bill 974  (115th Congress)</title>
</titleInfo>
<identifier type="Congressional Bill citation">S. 974</identifier>
<extension>
<congress>115</congress>
<context>HEADERLINE</context>
</extension>
</relatedItem>
<relatedItem type="isReferencedBy">
<titleInfo>
<title>United States Senate Bill 974  (115th Congress)</title>
</titleInfo>
<identifier type="Congressional Bill citation">S. 974</identifier>
<extension>
<congress>115</congress>
<context>OTHER</context>
</extension>
</relatedItem>
<relatedItem type="isReferencedBy">
<titleInfo>
<title>United States Senate Bill 1343  (115th Congress)</title>
</titleInfo>
<identifier type="Congressional Bill citation">S. 1343</identifier>
<extension>
<congress>115</congress>
<context>HEADERLINE</context>
</extension>
</relatedItem>
<relatedItem type="isReferencedBy">
<titleInfo>
<title>United States Senate Bill 1343  (115th Congress)</title>
</titleInfo>
<identifier type="Congressional Bill citation">S. 1343</identifier>
<extension>
<congress>115</congress>
<context>OTHER</context>
</extension>
</relatedItem>
<relatedItem type="isReferencedBy">
<titleInfo>
<title>United States Senate Bill 1353  (115th Congress)</title>
</titleInfo>
<identifier type="Congressional Bill citation">S. 1353</identifier>
<extension>
<congress>115</congress>
<context>HEADERLINE</context>
</extension>
</relatedItem>
<relatedItem type="isReferencedBy">
<titleInfo>
<title>United States Senate Bill 1353  (115th Congress)</title>
</titleInfo>
<identifier type="Congressional Bill citation">S. 1353</identifier>
<extension>
<congress>115</congress>
<context>OTHER</context>
</extension>
</relatedItem>
<relatedItem type="isReferencedBy">
<titleInfo>
<title>United States Senate Bill 1746  (115th Congress)</title>
</titleInfo>
<identifier type="Congressional Bill citation">S. 1746</identifier>
<extension>
<congress>115</congress>
<context>HEADERLINE</context>
</extension>
</relatedItem>
<relatedItem type="isReferencedBy">
<titleInfo>
<title>United States Senate Bill 1746  (115th Congress)</title>
</titleInfo>
<identifier type="Congressional Bill citation">S. 1746</identifier>
<extension>
<congress>115</congress>
<context>OTHER</context>
</extension>
</relatedItem>
<relatedItem type="isReferencedBy">
<titleInfo>
<title>United States Senate Bill 1899  (115th Congress)</title>
</titleInfo>
<identifier type="Congressional Bill citation">S. 1899</identifier>
<extension>
<congress>115</congress>
<context>HEADERLINE</context>
</extension>
</relatedItem>
<relatedItem type="isReferencedBy">
<titleInfo>
<title>United States Senate Bill 1899  (115th Congress)</title>
</titleInfo>
<identifier type="Congressional Bill citation">S. 1899</identifier>
<extension>
<congress>115</congress>
<context>OTHER</context>
</extension>
</relatedItem>
<relatedItem type="isReferencedBy">
<titleInfo>
<title>United States Senate Bill 1917  (115th Congress)</title>
</titleInfo>
<identifier type="Congressional Bill citation">S. 1917</identifier>
<extension>
<congress>115</congress>
<context>HEADERLINE</context>
</extension>
</relatedItem>
<relatedItem type="isReferencedBy">
<titleInfo>
<title>United States Senate Bill 1917  (115th Congress)</title>
</titleInfo>
<identifier type="Congressional Bill citation">S. 1917</identifier>
<extension>
<congress>115</congress>
<context>OTHER</context>
</extension>
</relatedItem>
<relatedItem type="isReferencedBy">
<titleInfo>
<title>United States Senate Bill 2076  (115th Congress)</title>
</titleInfo>
<identifier type="Congressional Bill citation">S. 2076</identifier>
<extension>
<congress>115</congress>
<context>HEADERLINE</context>
</extension>
</relatedItem>
<relatedItem type="isReferencedBy">
<titleInfo>
<title>United States Senate Bill 2076  (115th Congress)</title>
</titleInfo>
<identifier type="Congressional Bill citation">S. 2076</identifier>
<extension>
<congress>115</congress>
<context>OTHER</context>
</extension>
</relatedItem>
<relatedItem type="isReferencedBy">
<titleInfo>
<title>United States Senate Bill 2101  (115th Congress)</title>
</titleInfo>
<identifier type="Congressional Bill citation">S. 2101</identifier>
<extension>
<congress>115</congress>
<context>HEADERLINE</context>
</extension>
</relatedItem>
<relatedItem type="isReferencedBy">
<titleInfo>
<title>United States Senate Bill 2101  (115th Congress)</title>
</titleInfo>
<identifier type="Congressional Bill citation">S. 2101</identifier>
<extension>
<congress>115</congress>
<context>OTHER</context>
</extension>
</relatedItem>
<relatedItem type="isReferencedBy">
<titleInfo>
<title>United States Senate Bill 2138  (115th Congress)</title>
</titleInfo>
<identifier type="Congressional Bill citation">S. 2138</identifier>
<extension>
<congress>115</congress>
<context>HEADERLINE</context>
</extension>
</relatedItem>
<relatedItem type="isReferencedBy">
<titleInfo>
<title>United States Senate Bill 2138  (115th Congress)</title>
</titleInfo>
<identifier type="Congressional Bill citation">S. 2138</identifier>
<extension>
<congress>115</congress>
<context>OTHER</context>
</extension>
</relatedItem>
<relatedItem type="isReferencedBy">
<titleInfo>
<title>United States Senate Bill 2156  (115th Congress)</title>
</titleInfo>
<identifier type="Congressional Bill citation">S. 2156</identifier>
<extension>
<congress>115</congress>
<context>HEADERLINE</context>
</extension>
</relatedItem>
<relatedItem type="isReferencedBy">
<titleInfo>
<title>United States Senate Bill 2156  (115th Congress)</title>
</titleInfo>
<identifier type="Congressional Bill citation">S. 2156</identifier>
<extension>
<congress>115</congress>
<context>OTHER</context>
</extension>
</relatedItem>
<relatedItem type="isReferencedBy">
<titleInfo>
<title>United States Senate Bill 2173  (115th Congress)</title>
</titleInfo>
<identifier type="Congressional Bill citation">S. 2173</identifier>
<extension>
<congress>115</congress>
<context>HEADERLINE</context>
</extension>
</relatedItem>
<relatedItem type="isReferencedBy">
<titleInfo>
<title>United States Senate Bill 2173  (115th Congress)</title>
</titleInfo>
<identifier type="Congressional Bill citation">S. 2173</identifier>
<extension>
<congress>115</congress>
<context>OTHER</context>
</extension>
</relatedItem>
<relatedItem type="isReferencedBy">
<titleInfo>
<title>United States Senate Bill 2194  (115th Congress)</title>
</titleInfo>
<identifier type="Congressional Bill citation">S. 2194</identifier>
<extension>
<congress>115</congress>
<context>HEADERLINE</context>
</extension>
</relatedItem>
<relatedItem type="isReferencedBy">
<titleInfo>
<title>United States Senate Bill 2194  (115th Congress)</title>
</titleInfo>
<identifier type="Congressional Bill citation">S. 2194</identifier>
<extension>
<congress>115</congress>
<context>OTHER</context>
</extension>
</relatedItem>
<relatedItem type="isReferencedBy">
<titleInfo>
<title>United States Senate Bill 2235  (115th Congress)</title>
</titleInfo>
<identifier type="Congressional Bill citation">S. 2235</identifier>
<extension>
<congress>115</congress>
<context>HEADERLINE</context>
</extension>
</relatedItem>
<relatedItem type="isReferencedBy">
<titleInfo>
<title>United States Senate Bill 2235  (115th Congress)</title>
</titleInfo>
<identifier type="Congressional Bill citation">S. 2235</identifier>
<extension>
<congress>115</congress>
<context>OTHER</context>
</extension>
</relatedItem>
<relatedItem type="isReferencedBy">
<titleInfo>
<title>United States Senate Bill 2244  (115th Congress)</title>
</titleInfo>
<identifier type="Congressional Bill citation">S. 2244</identifier>
<extension>
<congress>115</congress>
<context>HEADERLINE</context>
</extension>
</relatedItem>
<relatedItem type="isReferencedBy">
<titleInfo>
<title>United States Senate Bill 2244  (115th Congress)</title>
</titleInfo>
<identifier type="Congressional Bill citation">S. 2244</identifier>
<extension>
<congress>115</congress>
<context>OTHER</context>
</extension>
</relatedItem>
<relatedItem type="isReferencedBy">
<titleInfo>
<title>United States Senate Bill 2296  (115th Congress)</title>
</titleInfo>
<identifier type="Congressional Bill citation">S. 2296</identifier>
<extension>
<congress>115</congress>
<context>HEADERLINE</context>
</extension>
</relatedItem>
<relatedItem type="isReferencedBy">
<titleInfo>
<title>United States Senate Bill 2296  (115th Congress)</title>
</titleInfo>
<identifier type="Congressional Bill citation">S. 2296</identifier>
<extension>
<congress>115</congress>
<context>OTHER</context>
</extension>
</relatedItem>
<relatedItem type="isReferencedBy">
<titleInfo>
<title>United States Senate Bill 2304  (115th Congress)</title>
</titleInfo>
<identifier type="Congressional Bill citation">S. 2304</identifier>
<extension>
<congress>115</congress>
<context>HEADERLINE</context>
</extension>
</relatedItem>
<relatedItem type="isReferencedBy">
<titleInfo>
<title>United States Senate Bill 2304  (115th Congress)</title>
</titleInfo>
<identifier type="Congressional Bill citation">S. 2304</identifier>
<extension>
<congress>115</congress>
<context>OTHER</context>
</extension>
</relatedItem>
<relatedItem type="isReferencedBy">
<titleInfo>
<title>United States Senate Bill 2310  (115th Congress)</title>
</titleInfo>
<identifier type="Congressional Bill citation">S. 2310</identifier>
<extension>
<congress>115</congress>
<context>HEADERLINE</context>
</extension>
</relatedItem>
<relatedItem type="isReferencedBy">
<titleInfo>
<title>United States Senate Bill 2310  (115th Congress)</title>
</titleInfo>
<identifier type="Congressional Bill citation">S. 2310</identifier>
<extension>
<congress>115</congress>
<context>OTHER</context>
</extension>
</relatedItem>
<relatedItem type="isReferencedBy">
<titleInfo>
<title>United States Senate Bill 2324  (115th Congress)</title>
</titleInfo>
<identifier type="Congressional Bill citation">S. 2324</identifier>
<extension>
<congress>115</congress>
<context>HEADERLINE</context>
</extension>
</relatedItem>
<relatedItem type="isReferencedBy">
<titleInfo>
<title>United States Senate Bill 2324  (115th Congress)</title>
</titleInfo>
<identifier type="Congressional Bill citation">S. 2324</identifier>
<extension>
<congress>115</congress>
<context>OTHER</context>
</extension>
</relatedItem>
<relatedItem type="isReferencedBy">
<titleInfo>
<title>United States Senate Bill 2340  (115th Congress)</title>
</titleInfo>
<identifier type="Congressional Bill citation">S. 2340</identifier>
<extension>
<congress>115</congress>
<context>HEADERLINE</context>
</extension>
</relatedItem>
<relatedItem type="isReferencedBy">
<titleInfo>
<title>United States Senate Bill 2340  (115th Congress)</title>
</titleInfo>
<identifier type="Congressional Bill citation">S. 2340</identifier>
<extension>
<congress>115</congress>
<context>OTHER</context>
</extension>
</relatedItem>
<relatedItem type="isReferencedBy">
<titleInfo>
<title>United States Senate Bill 2345  (115th Congress)</title>
</titleInfo>
<identifier type="Congressional Bill citation">S. 2345</identifier>
<extension>
<congress>115</congress>
<context>HEADERLINE</context>
</extension>
</relatedItem>
<relatedItem type="isReferencedBy">
<titleInfo>
<title>United States Senate Bill 2345  (115th Congress)</title>
</titleInfo>
<identifier type="Congressional Bill citation">S. 2345</identifier>
<extension>
<congress>115</congress>
<context>OTHER</context>
</extension>
</relatedItem>
<relatedItem type="isReferencedBy">
<titleInfo>
<title>United States Senate Bill 2372  (115th Congress)</title>
</titleInfo>
<identifier type="Congressional Bill citation">S. 2372</identifier>
<extension>
<congress>115</congress>
<context>HEADERLINE</context>
</extension>
</relatedItem>
<relatedItem type="isReferencedBy">
<titleInfo>
<title>United States Senate Bill 2372  (115th Congress)</title>
</titleInfo>
<identifier type="Congressional Bill citation">S. 2372</identifier>
<extension>
<congress>115</congress>
<context>OTHER</context>
</extension>
</relatedItem>
<relatedItem ID="P0b002ee1982b966d" type="host">
<titleInfo>
<title>Congressional Record</title>
<partNumber>Vol. 164, no. 23</partNumber>
</titleInfo>
<location>
<url access="object in context" displayLabel="Content Detail">https://www.gpo.gov/fdsys/pkg/CREC-2018-02-06/content-detail.html</url>
<url access="raw object" displayLabel="PDF rendition">https://www.gpo.gov/fdsys/pkg/CREC-2018-02-06/pdf/CREC-2018-02-06.pdf</url>
</location>
<part type="issue">
<extent unit="pages">
<start>H787</start>
<end>H903</end>
</extent>
<extent unit="pages">
<start>S617</start>
<end>S665</end>
</extent>
<extent unit="pages">
<start>E139</start>
<end>E148</end>
</extent>
<extent unit="pages">
<start>D121</start>
<end>D128</end>
</extent>
</part>
<originInfo>
<publisher>U.S. Government Publishing Office</publisher>
<dateIssued encoding="w3cdtf">2018-02-06</dateIssued>
<issuance>continuing</issuance>
<frequency authority="marcfrequency">daily</frequency>
</originInfo>
<physicalDescription>
<note type="source content type">deposited</note>
<digitalOrigin>born digital</digitalOrigin>
<extent>368 p.</extent>
</physicalDescription>
<classification authority="sudocs">X 1.1/A:</classification>
<classification authority="sudocs">X/A.</classification>
<identifier type="uri">https://www.gpo.gov/fdsys/pkg/CREC-2018-02-06</identifier>
<identifier type="local">P0b002ee1982b966d</identifier>
<identifier type="stock number">752-002-00000-2</identifier>
<identifier type="ILS system id">000568013</identifier>
<identifier type="former package identifier">CR06FE18</identifier>
<recordInfo>
<recordContentSource authority="marcorg">DGPO</recordContentSource>
<recordCreationDate encoding="w3cdtf">2018-02-08</recordCreationDate>
<recordChangeDate encoding="w3cdtf">2018-02-08</recordChangeDate>
<recordIdentifier source="DGPO">CREC-2018-02-06</recordIdentifier>
<recordOrigin>machine generated</recordOrigin>
<languageOfCataloging>
<languageTerm authority="iso639-2b" type="code">eng</languageTerm>
</languageOfCataloging>
</recordInfo>
<accessCondition type="GPO scope determination">fdlp</accessCondition>
<extension>
<docClass>CREC</docClass>
<accessId>CREC-2018-02-06</accessId>
<volume>164</volume>
<issue>23</issue>
<congress>115</congress>
<session>2</session>
<bookCount>1</bookCount>
</extension>
</relatedItem>
</mods>