<mods ID="id-CREC-2018-02-06-pt1-PgS653" version="3.3" xmlns="http://www.loc.gov/mods/v3" xmlns:exslt="http://exslt.org/common" xmlns:xlink="http://www.w3.org/1999/xlink" xmlns:xsi="http://www.w3.org/2001/XMLSchema-instance" xsi:schemaLocation="http://www.loc.gov/mods/v3 http://www.loc.gov/standards/mods/v3/mods-3-3.xsd">
<name type="corporate">
<namePart>United States Government Publishing Office</namePart>
<role>
<roleTerm authority="marcrelator" type="text">publisher</roleTerm>
<roleTerm authority="marcrelator" type="code">pbl</roleTerm>
</role>
<role>
<roleTerm authority="marcrelator" type="text">distributor</roleTerm>
<roleTerm authority="marcrelator" type="code">dst</roleTerm>
</role>
</name>
<name type="corporate">
<namePart>United States</namePart>
<namePart>Congress</namePart>
<role>
<roleTerm authority="marcrelator" type="text">author</roleTerm>
<roleTerm authority="marcrelator" type="code">aut</roleTerm>
</role>
<description>Government Organization</description>
</name>
<typeOfResource>text</typeOfResource>
<genre authority="marcgt">government publication</genre>
<language>
<languageTerm authority="iso639-2b" type="code">eng</languageTerm>
</language>
<extension>
<collectionCode>CREC</collectionCode>
<category>Proceedings of Congress and General Congressional Publications</category>
<waisDatabaseName>2018_record</waisDatabaseName>
<branch>legislative</branch>
<dateIngested>2018-02-08</dateIngested>
</extension>
<titleInfo>
<title>STATEMENTS ON INTRODUCED BILLS AND JOINT RESOLUTIONS</title>
<partName>Senate</partName>
</titleInfo>
<relatedItem type="otherFormat" xlink:href="https://www.gpo.gov/fdsys/pkg/CREC-2018-02-06/html/CREC-2018-02-06-pt1-PgS653.htm">
<identifier type="FDsys Unique ID">D09002ee1985b2bea</identifier>
</relatedItem>
<relatedItem type="otherFormat" xlink:href="https://www.gpo.gov/fdsys/pkg/CREC-2018-02-06/pdf/CREC-2018-02-06-pt1-PgS653.pdf">
<identifier type="FDsys Unique ID">D09002ee1985b2c80</identifier>
</relatedItem>
<identifier type="congressional record citation">164 Cong. Rec. S653</identifier>
<identifier type="uri">https://www.gpo.gov/fdsys/granule/CREC-2018-02-06/CREC-2018-02-06-pt1-PgS653</identifier>
<identifier type="former granule identifier">CR06FE18-172</identifier>
<location>
<url access="object in context" displayLabel="Content Detail">https://www.gpo.gov/fdsys/granule/CREC-2018-02-06/CREC-2018-02-06-pt1-PgS653/content-detail.html</url>
<url access="raw object" displayLabel="PDF rendition">https://www.gpo.gov/fdsys/pkg/CREC-2018-02-06/pdf/CREC-2018-02-06-pt1-PgS653.pdf</url>
<url access="raw object" displayLabel="HTML rendition">https://www.gpo.gov/fdsys/pkg/CREC-2018-02-06/html/CREC-2018-02-06-pt1-PgS653.htm</url>
</location>
<physicalDescription>
<extent>2 p.</extent>
</physicalDescription>
<part type="article">
<extent unit="pages">
<start>S653</start>
<end>S654</end>
</extent>
</part>
<name type="personal">
<namePart>Chris Van Hollen</namePart>
<affiliation>United States Senate</affiliation>
<role>
<roleTerm type="text">speaking</roleTerm>
</role>
<description>United States Congress Member</description>
</name>
<name type="personal">
<namePart>Chuck Grassley</namePart>
<affiliation>United States Senate</affiliation>
<role>
<roleTerm type="text">speaking</roleTerm>
</role>
<description>United States Congress Member</description>
</name>
<name type="corporate">
<namePart>United States</namePart>
<namePart>Congress</namePart>
<namePart>Senate</namePart>
<namePart>Committee on Agriculture, Nutrition, and Forestry</namePart>
<role>
<roleTerm authority="marcrelator" type="text">associated name</roleTerm>
<roleTerm authority="marcrelator" type="code">asn</roleTerm>
</role>
<description>Government Organization</description>
</name>
<name type="corporate">
<namePart>United States</namePart>
<namePart>Congress</namePart>
<namePart>Senate</namePart>
<namePart>Committee on Veterans' Affairs</namePart>
<role>
<roleTerm authority="marcrelator" type="text">associated name</roleTerm>
<roleTerm authority="marcrelator" type="code">asn</roleTerm>
</role>
<description>Government Organization</description>
</name>
<identifier type="preferred citation">164 Cong. Rec. S653</identifier>
<extension>
<searchTitle>STATEMENTS ON INTRODUCED BILLS AND JOINT RESOLUTIONS; Congressional Record Vol. 164, No. 23</searchTitle>
<granuleClass>SENATE</granuleClass>
<accessId>CREC-2018-02-06-pt1-PgS653</accessId>
<subGranuleClass>SSTATEMENTS</subGranuleClass>
<pagePrefix>S</pagePrefix>
<bookNumber>1</bookNumber>
<chamber>SENATE</chamber>
<granuleDate>2018-02-06</granuleDate>
<bill congress="115" context="FIRSTPARAGRAPH" number="2384" type="S"/>
<bill congress="115" context="OTHER" number="2384" type="S"/>
<bill congress="115" context="OTHER" number="2386" type="S"/>
<congCommittee authorityId="ssaf00" chamber="S" congress="115" type="S">
<name type="authority-standard">Committee on Agriculture, Nutrition, and Forestry</name>
<name type="authority-short">Agriculture</name>
</congCommittee>
<congCommittee authorityId="ssva00" chamber="S" congress="115" type="S">
<name type="authority-standard">Committee on Veterans' Affairs</name>
<name type="authority-short">Veterans' Affairs</name>
</congCommittee>
<congMember authorityId="1729" bioGuideId="V000128" chamber="S" congress="115" gpoId="7983" party="D" role="SPEAKING" state="MD">
<name type="parsed">Mr. VAN HOLLEN</name>
<name type="authority-fnf">Chris Van Hollen</name>
<name type="authority-lnf">Van Hollen, Chris</name>
</congMember>
<congMember authorityId="457" bioGuideId="G000386" chamber="S" congress="115" gpoId="8316" party="R" role="SPEAKING" state="IA">
<name type="parsed">Mr. GRASSLEY</name>
<name type="authority-fnf">Chuck Grassley</name>
<name type="authority-lnf">Grassley, Chuck</name>
<name type="authority-other">Charles Ernest Grassley</name>
</congMember>
</extension>
<relatedItem type="isReferencedBy">
<titleInfo>
<title>United States Senate Bill 2384  (115th Congress)</title>
</titleInfo>
<identifier type="Congressional Bill citation">S. 2384</identifier>
<extension>
<congress>115</congress>
<context>FIRSTPARAGRAPH</context>
</extension>
</relatedItem>
<relatedItem type="isReferencedBy">
<titleInfo>
<title>United States Senate Bill 2384  (115th Congress)</title>
</titleInfo>
<identifier type="Congressional Bill citation">S. 2384</identifier>
<extension>
<congress>115</congress>
<context>OTHER</context>
</extension>
</relatedItem>
<relatedItem type="isReferencedBy">
<titleInfo>
<title>United States Senate Bill 2386  (115th Congress)</title>
</titleInfo>
<identifier type="Congressional Bill citation">S. 2386</identifier>
<extension>
<congress>115</congress>
<context>OTHER</context>
</extension>
</relatedItem>
<relatedItem ID="P0b002ee1982b966d" type="host">
<titleInfo>
<title>Congressional Record</title>
<partNumber>Vol. 164, no. 23</partNumber>
</titleInfo>
<location>
<url access="object in context" displayLabel="Content Detail">https://www.gpo.gov/fdsys/pkg/CREC-2018-02-06/content-detail.html</url>
<url access="raw object" displayLabel="PDF rendition">https://www.gpo.gov/fdsys/pkg/CREC-2018-02-06/pdf/CREC-2018-02-06.pdf</url>
</location>
<part type="issue">
<extent unit="pages">
<start>H787</start>
<end>H903</end>
</extent>
<extent unit="pages">
<start>S617</start>
<end>S665</end>
</extent>
<extent unit="pages">
<start>E139</start>
<end>E148</end>
</extent>
<extent unit="pages">
<start>D121</start>
<end>D128</end>
</extent>
</part>
<originInfo>
<publisher>U.S. Government Publishing Office</publisher>
<dateIssued encoding="w3cdtf">2018-02-06</dateIssued>
<issuance>continuing</issuance>
<frequency authority="marcfrequency">daily</frequency>
</originInfo>
<physicalDescription>
<note type="source content type">deposited</note>
<digitalOrigin>born digital</digitalOrigin>
<extent>368 p.</extent>
</physicalDescription>
<classification authority="sudocs">X 1.1/A:</classification>
<classification authority="sudocs">X/A.</classification>
<identifier type="uri">https://www.gpo.gov/fdsys/pkg/CREC-2018-02-06</identifier>
<identifier type="local">P0b002ee1982b966d</identifier>
<identifier type="stock number">752-002-00000-2</identifier>
<identifier type="ILS system id">000568013</identifier>
<identifier type="former package identifier">CR06FE18</identifier>
<recordInfo>
<recordContentSource authority="marcorg">DGPO</recordContentSource>
<recordCreationDate encoding="w3cdtf">2018-02-08</recordCreationDate>
<recordChangeDate encoding="w3cdtf">2018-02-08</recordChangeDate>
<recordIdentifier source="DGPO">CREC-2018-02-06</recordIdentifier>
<recordOrigin>machine generated</recordOrigin>
<languageOfCataloging>
<languageTerm authority="iso639-2b" type="code">eng</languageTerm>
</languageOfCataloging>
</recordInfo>
<accessCondition type="GPO scope determination">fdlp</accessCondition>
<extension>
<docClass>CREC</docClass>
<accessId>CREC-2018-02-06</accessId>
<volume>164</volume>
<issue>23</issue>
<congress>115</congress>
<session>2</session>
<bookCount>1</bookCount>
</extension>
</relatedItem>
</mods>