<mods ID="id-CREC-2018-02-13-pt1-PgH1124" version="3.3" xmlns="http://www.loc.gov/mods/v3" xmlns:exslt="http://exslt.org/common" xmlns:xlink="http://www.w3.org/1999/xlink" xmlns:xsi="http://www.w3.org/2001/XMLSchema-instance" xsi:schemaLocation="http://www.loc.gov/mods/v3 http://www.loc.gov/standards/mods/v3/mods-3-3.xsd">
<name type="corporate">
<namePart>United States Government Publishing Office</namePart>
<role>
<roleTerm authority="marcrelator" type="text">publisher</roleTerm>
<roleTerm authority="marcrelator" type="code">pbl</roleTerm>
</role>
<role>
<roleTerm authority="marcrelator" type="text">distributor</roleTerm>
<roleTerm authority="marcrelator" type="code">dst</roleTerm>
</role>
</name>
<name type="corporate">
<namePart>United States</namePart>
<namePart>Congress</namePart>
<role>
<roleTerm authority="marcrelator" type="text">author</roleTerm>
<roleTerm authority="marcrelator" type="code">aut</roleTerm>
</role>
<description>Government Organization</description>
</name>
<typeOfResource>text</typeOfResource>
<genre authority="marcgt">government publication</genre>
<language>
<languageTerm authority="iso639-2b" type="code">eng</languageTerm>
</language>
<extension>
<collectionCode>CREC</collectionCode>
<category>Proceedings of Congress and General Congressional Publications</category>
<waisDatabaseName>2018_record</waisDatabaseName>
<branch>legislative</branch>
<dateIngested>2018-02-14</dateIngested>
</extension>
<titleInfo>
<title>EXECUTIVE COMMUNICATIONS, ETC.</title>
<partName>House</partName>
</titleInfo>
<relatedItem type="otherFormat" xlink:href="https://www.gpo.gov/fdsys/pkg/CREC-2018-02-13/html/CREC-2018-02-13-pt1-PgH1124.htm">
<identifier type="FDsys Unique ID">D09002ee19867fa68</identifier>
</relatedItem>
<relatedItem type="otherFormat" xlink:href="https://www.gpo.gov/fdsys/pkg/CREC-2018-02-13/pdf/CREC-2018-02-13-pt1-PgH1124.pdf">
<identifier type="FDsys Unique ID">D09002ee19867fb35</identifier>
</relatedItem>
<identifier type="congressional record citation">164 Cong. Rec. H1124</identifier>
<identifier type="uri">https://www.gpo.gov/fdsys/granule/CREC-2018-02-13/CREC-2018-02-13-pt1-PgH1124</identifier>
<identifier type="former granule identifier">cr13fe18-132</identifier>
<identifier type="Regulation ID Number">RIN 3150- AJ13</identifier>
<identifier type="Regulation ID Number">RIN 1400-AD81</identifier>
<identifier type="Regulation ID Number">RIN 3141-AA21</identifier>
<identifier type="Regulation ID Number">RIN 3141-AA64</identifier>
<identifier type="Regulation ID Number">RIN 0648-XE39</identifier>
<identifier type="Regulation ID Number">RIN 3133-AE83</identifier>
<location>
<url access="object in context" displayLabel="Content Detail">https://www.gpo.gov/fdsys/granule/CREC-2018-02-13/CREC-2018-02-13-pt1-PgH1124/content-detail.html</url>
<url access="raw object" displayLabel="PDF rendition">https://www.gpo.gov/fdsys/pkg/CREC-2018-02-13/pdf/CREC-2018-02-13-pt1-PgH1124.pdf</url>
<url access="raw object" displayLabel="HTML rendition">https://www.gpo.gov/fdsys/pkg/CREC-2018-02-13/html/CREC-2018-02-13-pt1-PgH1124.htm</url>
</location>
<physicalDescription>
<extent>2 p.</extent>
</physicalDescription>
<part type="article">
<extent unit="pages">
<start>H1124</start>
<end>H1125</end>
</extent>
</part>
<name type="corporate">
<namePart>United States</namePart>
<namePart>Congress</namePart>
<namePart>House of Representatives</namePart>
<namePart>Committee on Financial Services</namePart>
<role>
<roleTerm authority="marcrelator" type="text">associated name</roleTerm>
<roleTerm authority="marcrelator" type="code">asn</roleTerm>
</role>
<description>Government Organization</description>
</name>
<name type="corporate">
<namePart>United States</namePart>
<namePart>Congress</namePart>
<namePart>House of Representatives</namePart>
<namePart>Committee on Energy and Commerce</namePart>
<role>
<roleTerm authority="marcrelator" type="text">associated name</roleTerm>
<roleTerm authority="marcrelator" type="code">asn</roleTerm>
</role>
<description>Government Organization</description>
</name>
<name type="corporate">
<namePart>United States</namePart>
<namePart>Congress</namePart>
<namePart>House of Representatives</namePart>
<namePart>Committee on Foreign Affairs</namePart>
<role>
<roleTerm authority="marcrelator" type="text">associated name</roleTerm>
<roleTerm authority="marcrelator" type="code">asn</roleTerm>
</role>
<description>Government Organization</description>
</name>
<name type="corporate">
<namePart>United States</namePart>
<namePart>Congress</namePart>
<namePart>House of Representatives</namePart>
<namePart>Committee on Oversight and Government Reform</namePart>
<role>
<roleTerm authority="marcrelator" type="text">associated name</roleTerm>
<roleTerm authority="marcrelator" type="code">asn</roleTerm>
</role>
<description>Government Organization</description>
</name>
<name type="corporate">
<namePart>United States</namePart>
<namePart>Congress</namePart>
<namePart>House of Representatives</namePart>
<namePart>Committee on Natural Resources</namePart>
<role>
<roleTerm authority="marcrelator" type="text">associated name</roleTerm>
<roleTerm authority="marcrelator" type="code">asn</roleTerm>
</role>
<description>Government Organization</description>
</name>
<name type="corporate">
<namePart>United States</namePart>
<namePart>Congress</namePart>
<namePart>House of Representatives</namePart>
<namePart>Committee on the Judiciary</namePart>
<role>
<roleTerm authority="marcrelator" type="text">associated name</roleTerm>
<roleTerm authority="marcrelator" type="code">asn</roleTerm>
</role>
<description>Government Organization</description>
</name>
<identifier type="preferred citation">164 Cong. Rec. H1124</identifier>
<extension>
<searchTitle>EXECUTIVE COMMUNICATIONS, ETC.; Congressional Record Vol. 164, No. 28</searchTitle>
<granuleClass>HOUSE</granuleClass>
<accessId>CREC-2018-02-13-pt1-PgH1124</accessId>
<subGranuleClass>EXECUTIVECOMM</subGranuleClass>
<pagePrefix>H</pagePrefix>
<bookNumber>1</bookNumber>
<chamber>HOUSE</chamber>
<granuleDate>2018-02-13</granuleDate>
<time from="21:00:00" to="21:00:00"/>
<congCommittee authorityId="hsba00" chamber="H" congress="115" type="S">
<name type="authority-standard">Committee on Financial Services</name>
<name type="authority-short">Financial Services</name>
</congCommittee>
<congCommittee authorityId="hsif00" chamber="H" congress="115" type="S">
<name type="authority-standard">Committee on Energy and Commerce</name>
<name type="authority-short">Energy and Commerce</name>
</congCommittee>
<congCommittee authorityId="hsfa00" chamber="H" congress="115" type="S">
<name type="authority-standard">Committee on Foreign Affairs</name>
<name type="authority-short">Foreign Affairs</name>
</congCommittee>
<congCommittee authorityId="hsgo00" chamber="H" congress="115" type="S">
<name type="authority-standard">Committee on Oversight and Government Reform</name>
<name type="authority-short">Oversight and Government Reform</name>
</congCommittee>
<congCommittee authorityId="hsii00" chamber="H" congress="115" type="S">
<name type="authority-standard">Committee on Natural Resources</name>
<name type="authority-short">Natural Resources</name>
</congCommittee>
<congCommittee authorityId="hsju00" chamber="H" congress="115" type="S">
<name type="authority-standard">Committee on the Judiciary</name>
<name type="authority-short">Judiciary</name>
</congCommittee>
<law congress="93" isPrivate="false" number="198"/>
<law congress="93" isPrivate="false" number="646"/>
<law congress="94" isPrivate="false" number="412"/>
<law congress="95" isPrivate="false" number="223"/>
<law congress="104" isPrivate="false" number="121"/>
<USCode title="5">
<section detail="(a)(1)(A)" number="801"/>
</USCode>
<USCode title="12">
<section detail="(a)" number="635g"/>
</USCode>
<USCode title="50">
<section detail="(c)" number="1641"/>
<section detail="(c)" number="1703"/>
</USCode>
<statuteAtLarge volume="87">
<pages pages="814"/>
</statuteAtLarge>
<statuteAtLarge volume="88">
<pages pages="2336"/>
</statuteAtLarge>
<statuteAtLarge volume="90">
<pages pages="1257"/>
</statuteAtLarge>
<statuteAtLarge volume="91">
<pages pages="1627"/>
</statuteAtLarge>
<statuteAtLarge volume="110">
<pages pages="868"/>
</statuteAtLarge>
<rin number="3150- AJ13"/>
<rin number="1400-AD81"/>
<rin number="3141-AA21"/>
<rin number="3141-AA64"/>
<rin number="0648-XE39"/>
<rin number="3133-AE83"/>
</extension>
<relatedItem type="isReferencedBy">
<titleInfo>
<title>United States Code</title>
<partNumber>Title 5 Section 801(a)(1)(A)</partNumber>
</titleInfo>
<identifier type="USC citation">5 U.S.C. 801(a)(1)(A)</identifier>
</relatedItem>
<relatedItem type="isReferencedBy">
<titleInfo>
<title>United States Code</title>
<partNumber>Title 12 Section 635g(a)</partNumber>
</titleInfo>
<identifier type="USC citation">12 U.S.C. 635g(a)</identifier>
</relatedItem>
<relatedItem type="isReferencedBy">
<titleInfo>
<title>United States Code</title>
<partNumber>Title 50 Section 1641(c)</partNumber>
<partNumber>Title 50 Section 1703(c)</partNumber>
</titleInfo>
<identifier type="USC citation">50 U.S.C. 1641(c)</identifier>
<identifier type="USC citation">50 U.S.C. 1703(c)</identifier>
</relatedItem>
<relatedItem type="isReferencedBy">
<titleInfo>
<title>United States Statutes at Large</title>
<partNumber>Volume 87 Page 814</partNumber>
</titleInfo>
<identifier type="Statute citation">87 Stat. 814</identifier>
</relatedItem>
<relatedItem type="isReferencedBy">
<titleInfo>
<title>United States Statutes at Large</title>
<partNumber>Volume 88 Page 2336</partNumber>
</titleInfo>
<identifier type="Statute citation">88 Stat. 2336</identifier>
</relatedItem>
<relatedItem type="isReferencedBy">
<titleInfo>
<title>United States Statutes at Large</title>
<partNumber>Volume 90 Page 1257</partNumber>
</titleInfo>
<identifier type="Statute citation">90 Stat. 1257</identifier>
</relatedItem>
<relatedItem type="isReferencedBy">
<titleInfo>
<title>United States Statutes at Large</title>
<partNumber>Volume 91 Page 1627</partNumber>
</titleInfo>
<identifier type="Statute citation">91 Stat. 1627</identifier>
</relatedItem>
<relatedItem type="isReferencedBy">
<titleInfo>
<title>United States Statutes at Large</title>
<partNumber>Volume 110 Page 868</partNumber>
</titleInfo>
<identifier type="Statute citation">110 Stat. 868</identifier>
</relatedItem>
<relatedItem>
<titleInfo>
<title>United States Public Law 93-198</title>
</titleInfo>
<identifier type="public law citation">Public Law 93-198</identifier>
</relatedItem>
<relatedItem>
<titleInfo>
<title>United States Public Law 93-646</title>
</titleInfo>
<identifier type="public law citation">Public Law 93-646</identifier>
</relatedItem>
<relatedItem>
<titleInfo>
<title>United States Public Law 94-412</title>
</titleInfo>
<identifier type="public law citation">Public Law 94-412</identifier>
</relatedItem>
<relatedItem>
<titleInfo>
<title>United States Public Law 95-223</title>
</titleInfo>
<identifier type="public law citation">Public Law 95-223</identifier>
</relatedItem>
<relatedItem>
<titleInfo>
<title>United States Public Law 104-121</title>
</titleInfo>
<identifier type="public law citation">Public Law 104-121</identifier>
</relatedItem>
<relatedItem type="isReferencedBy">
<identifier type="regulation ID number">RIN 3150- AJ13</identifier>
</relatedItem>
<relatedItem type="isReferencedBy">
<identifier type="regulation ID number">RIN 1400-AD81</identifier>
</relatedItem>
<relatedItem type="isReferencedBy">
<identifier type="regulation ID number">RIN 3141-AA21</identifier>
</relatedItem>
<relatedItem type="isReferencedBy">
<identifier type="regulation ID number">RIN 3141-AA64</identifier>
</relatedItem>
<relatedItem type="isReferencedBy">
<identifier type="regulation ID number">RIN 0648-XE39</identifier>
</relatedItem>
<relatedItem type="isReferencedBy">
<identifier type="regulation ID number">RIN 3133-AE83</identifier>
</relatedItem>
<relatedItem ID="P0b002ee19867a183" type="host">
<titleInfo>
<title>Congressional Record</title>
<partNumber>Vol. 164, no. 28</partNumber>
</titleInfo>
<location>
<url access="object in context" displayLabel="Content Detail">https://www.gpo.gov/fdsys/pkg/CREC-2018-02-13/content-detail.html</url>
<url access="raw object" displayLabel="PDF rendition">https://www.gpo.gov/fdsys/pkg/CREC-2018-02-13/pdf/CREC-2018-02-13.pdf</url>
</location>
<part type="issue">
<extent unit="pages">
<start>H1077</start>
<end>H1128</end>
</extent>
<extent unit="pages">
<start>S889</start>
<end>S928</end>
</extent>
<extent unit="pages">
<start>E169</start>
<end>E180</end>
</extent>
<extent unit="pages">
<start>D153</start>
<end>D160</end>
</extent>
</part>
<originInfo>
<publisher>U.S. Government Publishing Office</publisher>
<dateIssued encoding="w3cdtf">2018-02-13</dateIssued>
<issuance>continuing</issuance>
<frequency authority="marcfrequency">daily</frequency>
</originInfo>
<physicalDescription>
<note type="source content type">deposited</note>
<digitalOrigin>born digital</digitalOrigin>
<extent>224 p.</extent>
</physicalDescription>
<classification authority="sudocs">X 1.1/A:</classification>
<classification authority="sudocs">X/A.</classification>
<identifier type="uri">https://www.gpo.gov/fdsys/pkg/CREC-2018-02-13</identifier>
<identifier type="local">P0b002ee19867a183</identifier>
<identifier type="stock number">752-002-00000-2</identifier>
<identifier type="ILS system id">000568013</identifier>
<identifier type="former package identifier">cr13fe18</identifier>
<recordInfo>
<recordContentSource authority="marcorg">DGPO</recordContentSource>
<recordCreationDate encoding="w3cdtf">2018-02-14</recordCreationDate>
<recordChangeDate encoding="w3cdtf">2018-02-14</recordChangeDate>
<recordIdentifier source="DGPO">CREC-2018-02-13</recordIdentifier>
<recordOrigin>machine generated</recordOrigin>
<languageOfCataloging>
<languageTerm authority="iso639-2b" type="code">eng</languageTerm>
</languageOfCataloging>
</recordInfo>
<accessCondition type="GPO scope determination">fdlp</accessCondition>
<extension>
<docClass>CREC</docClass>
<accessId>CREC-2018-02-13</accessId>
<volume>164</volume>
<issue>28</issue>
<congress>115</congress>
<session>2</session>
<bookCount>1</bookCount>
</extension>
</relatedItem>
</mods>