<mods ID="id-CREC-2018-02-08-pt1-PgH992" version="3.3" xmlns="http://www.loc.gov/mods/v3" xmlns:exslt="http://exslt.org/common" xmlns:xlink="http://www.w3.org/1999/xlink" xmlns:xsi="http://www.w3.org/2001/XMLSchema-instance" xsi:schemaLocation="http://www.loc.gov/mods/v3 http://www.loc.gov/standards/mods/v3/mods-3-3.xsd">
<name type="corporate">
<namePart>United States Government Publishing Office</namePart>
<role>
<roleTerm authority="marcrelator" type="text">publisher</roleTerm>
<roleTerm authority="marcrelator" type="code">pbl</roleTerm>
</role>
<role>
<roleTerm authority="marcrelator" type="text">distributor</roleTerm>
<roleTerm authority="marcrelator" type="code">dst</roleTerm>
</role>
</name>
<name type="corporate">
<namePart>United States</namePart>
<namePart>Congress</namePart>
<role>
<roleTerm authority="marcrelator" type="text">author</roleTerm>
<roleTerm authority="marcrelator" type="code">aut</roleTerm>
</role>
<description>Government Organization</description>
</name>
<typeOfResource>text</typeOfResource>
<genre authority="marcgt">government publication</genre>
<language>
<languageTerm authority="iso639-2b" type="code">eng</languageTerm>
</language>
<extension>
<collectionCode>CREC</collectionCode>
<category>Proceedings of Congress and General Congressional Publications</category>
<waisDatabaseName>2018_record</waisDatabaseName>
<branch>legislative</branch>
<dateIngested>2018-02-09</dateIngested>
</extension>
<titleInfo>
<title>KARI'S LAW ACT OF 2017</title>
<partName>House</partName>
</titleInfo>
<relatedItem type="otherFormat" xlink:href="https://www.gpo.gov/fdsys/pkg/CREC-2018-02-08/html/CREC-2018-02-08-pt1-PgH992.htm">
<identifier type="FDsys Unique ID">D09002ee1985ed57c</identifier>
</relatedItem>
<relatedItem type="otherFormat" xlink:href="https://www.gpo.gov/fdsys/pkg/CREC-2018-02-08/pdf/CREC-2018-02-08-pt1-PgH992.pdf">
<identifier type="FDsys Unique ID">D09002ee1985ed664</identifier>
</relatedItem>
<identifier type="congressional record citation">164 Cong. Rec. H992</identifier>
<identifier type="uri">https://www.gpo.gov/fdsys/granule/CREC-2018-02-08/CREC-2018-02-08-pt1-PgH992</identifier>
<identifier type="former granule identifier">cr08fe18-68</identifier>
<location>
<url access="object in context" displayLabel="Content Detail">https://www.gpo.gov/fdsys/granule/CREC-2018-02-08/CREC-2018-02-08-pt1-PgH992/content-detail.html</url>
<url access="raw object" displayLabel="PDF rendition">https://www.gpo.gov/fdsys/pkg/CREC-2018-02-08/pdf/CREC-2018-02-08-pt1-PgH992.pdf</url>
<url access="raw object" displayLabel="HTML rendition">https://www.gpo.gov/fdsys/pkg/CREC-2018-02-08/html/CREC-2018-02-08-pt1-PgH992.htm</url>
</location>
<physicalDescription>
<extent>3 p.</extent>
</physicalDescription>
<part type="article">
<extent unit="pages">
<start>H992</start>
<end>H994</end>
</extent>
</part>
<name type="personal">
<namePart>Leonard Lance</namePart>
<affiliation>United States House of Representatives</affiliation>
<role>
<roleTerm type="text">speaking</roleTerm>
</role>
<description>United States Congress Member</description>
</name>
<name type="personal">
<namePart>Michael F. Doyle</namePart>
<affiliation>United States House of Representatives</affiliation>
<role>
<roleTerm type="text">speaking</roleTerm>
</role>
<description>United States Congress Member</description>
</name>
<name type="personal">
<namePart>Marsha Blackburn</namePart>
<affiliation>United States House of Representatives</affiliation>
<role>
<roleTerm type="text">speaking</roleTerm>
</role>
<description>United States Congress Member</description>
</name>
<name type="personal">
<namePart>Anna G. Eshoo</namePart>
<affiliation>United States House of Representatives</affiliation>
<role>
<roleTerm type="text">speaking</roleTerm>
</role>
<description>United States Congress Member</description>
</name>
<name type="personal">
<namePart>Louie Gohmert</namePart>
<affiliation>United States House of Representatives</affiliation>
<role>
<roleTerm type="text">speaking</roleTerm>
</role>
<description>United States Congress Member</description>
</name>
<name type="personal">
<namePart>Michael C. Burgess</namePart>
<affiliation>United States House of Representatives</affiliation>
<role>
<roleTerm type="text">speaking</roleTerm>
</role>
<description>United States Congress Member</description>
</name>
<name type="personal">
<namePart>John Shimkus</namePart>
<affiliation>United States House of Representatives</affiliation>
<role>
<roleTerm type="text">speaking</roleTerm>
</role>
<description>United States Congress Member</description>
</name>
<identifier type="preferred citation">164 Cong. Rec. H992</identifier>
<extension>
<searchTitle>KARI'S LAW ACT OF 2017; Congressional Record Vol. 164, No. 25</searchTitle>
<granuleClass>HOUSE</granuleClass>
<accessId>CREC-2018-02-08-pt1-PgH992</accessId>
<subGranuleClass>ALLOTHER</subGranuleClass>
<pagePrefix>H</pagePrefix>
<bookNumber>1</bookNumber>
<chamber>HOUSE</chamber>
<granuleDate>2018-02-08</granuleDate>
<time from="12:30:00" to="12:45:00"/>
<bill congress="115" context="FIRSTPARAGRAPH" number="582" type="HR"/>
<bill congress="115" context="OTHER" number="582" type="HR"/>
<congMember authorityId="1936" bioGuideId="L000567" chamber="H" congress="115" gpoId="8049" party="R" role="SPEAKING" state="NJ">
<name type="parsed">Mr. LANCE</name>
<name type="authority-fnf">Leonard Lance</name>
<name type="authority-lnf">Lance, Leonard</name>
</congMember>
<congMember authorityId="316" bioGuideId="D000482" chamber="H" congress="115" gpoId="8132" party="D" role="SPEAKING" state="PA">
<name type="parsed">Mr. MICHAEL F. DOYLE of Pennsylvania</name>
<name type="authority-fnf">Michael F. Doyle</name>
<name type="authority-lnf">Doyle, Michael F.</name>
<name type="authority-other">Mike Doyle</name>
</congMember>
<congMember authorityId="1748" bioGuideId="B001243" chamber="H" congress="115" gpoId="8154" party="R" role="SPEAKING" state="TN">
<name type="parsed">Mrs. BLACKBURN</name>
<name type="authority-fnf">Marsha Blackburn</name>
<name type="authority-lnf">Blackburn, Marsha</name>
</congMember>
<congMember authorityId="355" bioGuideId="E000215" chamber="H" congress="115" gpoId="7819" party="D" role="SPEAKING" state="CA">
<name type="parsed">Ms. ESHOO</name>
<name type="authority-fnf">Anna G. Eshoo</name>
<name type="authority-lnf">Eshoo, Anna G.</name>
<name type="authority-other">Anna Eshoo</name>
</congMember>
<congMember authorityId="1801" bioGuideId="G000552" chamber="H" congress="115" gpoId="8157" party="R" role="SPEAKING" state="TX">
<name type="parsed">Mr. GOHMERT</name>
<name type="authority-fnf">Louie Gohmert</name>
<name type="authority-lnf">Gohmert, Louie</name>
</congMember>
<congMember authorityId="1751" bioGuideId="B001248" chamber="H" congress="115" gpoId="8182" party="R" role="SPEAKING" state="TX">
<name type="parsed">Mr. BURGESS</name>
<name type="authority-fnf">Michael C. Burgess</name>
<name type="authority-lnf">Burgess, Michael C.</name>
<name type="authority-other">Mr. Michael Burgess</name>
</congMember>
<congMember authorityId="1527" bioGuideId="S000364" chamber="H" congress="115" gpoId="7939" party="R" role="SPEAKING" state="IL">
<name type="parsed">Mr. SHIMKUS</name>
<name type="authority-fnf">John Shimkus</name>
<name type="authority-lnf">Shimkus, John</name>
<name type="authority-other">John M. Shimkus</name>
</congMember>
</extension>
<relatedItem type="isReferencedBy">
<titleInfo>
<title>United States House Bill 582  (115th Congress)</title>
</titleInfo>
<identifier type="Congressional Bill citation">H.R. 582</identifier>
<extension>
<congress>115</congress>
<context>FIRSTPARAGRAPH</context>
</extension>
</relatedItem>
<relatedItem type="isReferencedBy">
<titleInfo>
<title>United States House Bill 582  (115th Congress)</title>
</titleInfo>
<identifier type="Congressional Bill citation">H.R. 582</identifier>
<extension>
<congress>115</congress>
<context>OTHER</context>
</extension>
</relatedItem>
<relatedItem ID="P0b002ee1985ebf22" type="host">
<titleInfo>
<title>Congressional Record</title>
<partNumber>Vol. 164, no. 25</partNumber>
</titleInfo>
<location>
<url access="object in context" displayLabel="Content Detail">https://www.gpo.gov/fdsys/pkg/CREC-2018-02-08/content-detail.html</url>
<url access="raw object" displayLabel="PDF rendition">https://www.gpo.gov/fdsys/pkg/CREC-2018-02-08/pdf/CREC-2018-02-08.pdf</url>
</location>
<part type="issue">
<extent unit="pages">
<start>H977</start>
<end>H1076</end>
</extent>
<extent unit="pages">
<start>S793</start>
<end>S846</end>
</extent>
<extent unit="pages">
<start>E161</start>
<end>E165</end>
</extent>
<extent unit="pages">
<start>D136</start>
<end>D140</end>
</extent>
</part>
<originInfo>
<publisher>U.S. Government Publishing Office</publisher>
<dateIssued encoding="w3cdtf">2018-02-08</dateIssued>
<issuance>continuing</issuance>
<frequency authority="marcfrequency">daily</frequency>
</originInfo>
<physicalDescription>
<note type="source content type">deposited</note>
<digitalOrigin>born digital</digitalOrigin>
<extent>328 p.</extent>
</physicalDescription>
<classification authority="sudocs">X 1.1/A:</classification>
<classification authority="sudocs">X/A.</classification>
<identifier type="uri">https://www.gpo.gov/fdsys/pkg/CREC-2018-02-08</identifier>
<identifier type="local">P0b002ee1985ebf22</identifier>
<identifier type="stock number">752-002-00000-2</identifier>
<identifier type="ILS system id">000568013</identifier>
<identifier type="former package identifier">cr08fe18</identifier>
<recordInfo>
<recordContentSource authority="marcorg">DGPO</recordContentSource>
<recordCreationDate encoding="w3cdtf">2018-02-09</recordCreationDate>
<recordChangeDate encoding="w3cdtf">2018-02-09</recordChangeDate>
<recordIdentifier source="DGPO">CREC-2018-02-08</recordIdentifier>
<recordOrigin>machine generated</recordOrigin>
<languageOfCataloging>
<languageTerm authority="iso639-2b" type="code">eng</languageTerm>
</languageOfCataloging>
</recordInfo>
<accessCondition type="GPO scope determination">fdlp</accessCondition>
<extension>
<docClass>CREC</docClass>
<accessId>CREC-2018-02-08</accessId>
<volume>164</volume>
<issue>25</issue>
<congress>115</congress>
<session>2</session>
<bookCount>1</bookCount>
</extension>
</relatedItem>
</mods>