<mods ID="id-CREC-2018-02-07-pt1-PgH906-6" version="3.3" xmlns="http://www.loc.gov/mods/v3" xmlns:exslt="http://exslt.org/common" xmlns:xlink="http://www.w3.org/1999/xlink" xmlns:xsi="http://www.w3.org/2001/XMLSchema-instance" xsi:schemaLocation="http://www.loc.gov/mods/v3 http://www.loc.gov/standards/mods/v3/mods-3-3.xsd">
<name type="corporate">
<namePart>United States Government Publishing Office</namePart>
<role>
<roleTerm authority="marcrelator" type="text">publisher</roleTerm>
<roleTerm authority="marcrelator" type="code">pbl</roleTerm>
</role>
<role>
<roleTerm authority="marcrelator" type="text">distributor</roleTerm>
<roleTerm authority="marcrelator" type="code">dst</roleTerm>
</role>
</name>
<name type="corporate">
<namePart>United States</namePart>
<namePart>Congress</namePart>
<role>
<roleTerm authority="marcrelator" type="text">author</roleTerm>
<roleTerm authority="marcrelator" type="code">aut</roleTerm>
</role>
<description>Government Organization</description>
</name>
<typeOfResource>text</typeOfResource>
<genre authority="marcgt">government publication</genre>
<language>
<languageTerm authority="iso639-2b" type="code">eng</languageTerm>
</language>
<extension>
<collectionCode>CREC</collectionCode>
<category>Proceedings of Congress and General Congressional Publications</category>
<waisDatabaseName>2018_record</waisDatabaseName>
<branch>legislative</branch>
<dateIngested>2018-02-08</dateIngested>
</extension>
<titleInfo>
<title>MORTGAGE CHOICE ACT OF 2017</title>
<partName>House</partName>
</titleInfo>
<relatedItem type="otherFormat" xlink:href="https://www.gpo.gov/fdsys/pkg/CREC-2018-02-07/html/CREC-2018-02-07-pt1-PgH906-6.htm">
<identifier type="FDsys Unique ID">D09002ee1985bce76</identifier>
</relatedItem>
<relatedItem type="otherFormat" xlink:href="https://www.gpo.gov/fdsys/pkg/CREC-2018-02-07/pdf/CREC-2018-02-07-pt1-PgH906-6.pdf">
<identifier type="FDsys Unique ID">D09002ee1985bceeb</identifier>
</relatedItem>
<identifier type="congressional record citation">164 Cong. Rec. H906</identifier>
<identifier type="uri">https://www.gpo.gov/fdsys/granule/CREC-2018-02-07/CREC-2018-02-07-pt1-PgH906-6</identifier>
<identifier type="former granule identifier">cr07fe18-66</identifier>
<location>
<url access="object in context" displayLabel="Content Detail">https://www.gpo.gov/fdsys/granule/CREC-2018-02-07/CREC-2018-02-07-pt1-PgH906-6/content-detail.html</url>
<url access="raw object" displayLabel="PDF rendition">https://www.gpo.gov/fdsys/pkg/CREC-2018-02-07/pdf/CREC-2018-02-07-pt1-PgH906-6.pdf</url>
<url access="raw object" displayLabel="HTML rendition">https://www.gpo.gov/fdsys/pkg/CREC-2018-02-07/html/CREC-2018-02-07-pt1-PgH906-6.htm</url>
</location>
<physicalDescription>
<extent>60 p.</extent>
</physicalDescription>
<part type="article">
<extent unit="pages">
<start>H906</start>
<end>H965</end>
</extent>
</part>
<name type="personal">
<namePart>Jeb Hensarling</namePart>
<affiliation>United States House of Representatives</affiliation>
<role>
<roleTerm type="text">speaking</roleTerm>
</role>
<description>United States Congress Member</description>
</name>
<name type="personal">
<namePart>Maxine Waters</namePart>
<affiliation>United States House of Representatives</affiliation>
<role>
<roleTerm type="text">speaking</roleTerm>
</role>
<description>United States Congress Member</description>
</name>
<name type="personal">
<namePart>Bill Huizenga</namePart>
<affiliation>United States House of Representatives</affiliation>
<role>
<roleTerm type="text">speaking</roleTerm>
</role>
<description>United States Congress Member</description>
</name>
<name type="personal">
<namePart>Ann Wagner</namePart>
<affiliation>United States House of Representatives</affiliation>
<role>
<roleTerm type="text">speaking</roleTerm>
</role>
<description>United States Congress Member</description>
</name>
<name type="personal">
<namePart>Keith J. Rothfus</namePart>
<affiliation>United States House of Representatives</affiliation>
<role>
<roleTerm type="text">speaking</roleTerm>
</role>
<description>United States Congress Member</description>
</name>
<name type="personal">
<namePart>David A. Trott</namePart>
<affiliation>United States House of Representatives</affiliation>
<role>
<roleTerm type="text">speaking</roleTerm>
</role>
<description>United States Congress Member</description>
</name>
<name type="personal">
<namePart>Warren Davidson</namePart>
<affiliation>United States House of Representatives</affiliation>
<role>
<roleTerm type="text">speaking</roleTerm>
</role>
<description>United States Congress Member</description>
</name>
<name type="personal">
<namePart>Ralph Norman</namePart>
<affiliation>United States House of Representatives</affiliation>
<role>
<roleTerm type="text">speaking</roleTerm>
</role>
<description>United States Congress Member</description>
</name>
<name type="personal">
<namePart>Nancy Pelosi</namePart>
<affiliation>United States House of Representatives</affiliation>
<role>
<roleTerm type="text">speaking</roleTerm>
</role>
<description>United States Congress Member</description>
</name>
<name type="corporate">
<namePart>United States</namePart>
<namePart>Congress</namePart>
<namePart>Senate</namePart>
<namePart>Committee on Banking, Housing, and Urban Affairs</namePart>
<role>
<roleTerm authority="marcrelator" type="text">associated name</roleTerm>
<roleTerm authority="marcrelator" type="code">asn</roleTerm>
</role>
<description>Government Organization</description>
</name>
<name type="corporate">
<namePart>United States</namePart>
<namePart>Congress</namePart>
<namePart>House of Representatives</namePart>
<namePart>Committee on Armed Services</namePart>
<role>
<roleTerm authority="marcrelator" type="text">associated name</roleTerm>
<roleTerm authority="marcrelator" type="code">asn</roleTerm>
</role>
<description>Government Organization</description>
</name>
<name type="corporate">
<namePart>United States</namePart>
<namePart>Congress</namePart>
<namePart>House of Representatives</namePart>
<namePart>Committee on Oversight</namePart>
<role>
<roleTerm authority="marcrelator" type="text">associated name</roleTerm>
<roleTerm authority="marcrelator" type="code">asn</roleTerm>
</role>
<description>Government Organization</description>
</name>
<identifier type="preferred citation">164 Cong. Rec. H906</identifier>
<extension>
<searchTitle>MORTGAGE CHOICE ACT OF 2017; Congressional Record Vol. 164, No. 24</searchTitle>
<associatedBills>H.R. 1153, 115th Congress
        </associatedBills>
<granuleClass>HOUSE</granuleClass>
<accessId>CREC-2018-02-07-pt1-PgH906-6</accessId>
<subGranuleClass>ALLOTHER</subGranuleClass>
<pagePrefix>H</pagePrefix>
<bookNumber>1</bookNumber>
<chamber>HOUSE</chamber>
<granuleDate>2018-02-07</granuleDate>
<time from="09:00:00" to="18:15:00"/>
<bill congress="115" context="FIRSTPARAGRAPH" number="725" type="HRES"/>
<bill congress="115" context="OTHER" number="725" type="HRES"/>
<bill congress="115" context="HEADERLINE" number="1153" type="HR"/>
<bill congress="115" context="FIRSTPARAGRAPH" number="1153" type="HR"/>
<bill congress="115" context="OTHER" number="1153" type="HR"/>
<bill congress="115" context="OTHER" number="1533" type="HR"/>
<bill congress="115" context="OTHER" number="1577" type="S"/>
<bill congress="115" context="OTHER" number="3211" type="HR"/>
<congCommittee authorityId="ssbk00" chamber="S" congress="115" type="S">
<name type="authority-standard">Committee on Banking, Housing, and Urban Affairs</name>
<name type="authority-short">Banking</name>
</congCommittee>
<congCommittee authorityId="hsas00" chamber="H" congress="115" type="S">
<name type="authority-standard">Committee on Armed Services</name>
<name type="authority-short">Armed Services</name>
</congCommittee>
<congCommittee authorityId="hsha00" chamber="H" congress="106" type="S">
<name type="authority-standard">Committee on Oversight</name>
<name type="authority-short">House Oversight</name>
</congCommittee>
<congMember authorityId="1749" bioGuideId="H001036" chamber="H" congress="115" gpoId="8161" party="R" role="SPEAKING" state="TX">
<name type="parsed">Mr. HENSARLING</name>
<name type="authority-fnf">Jeb Hensarling</name>
<name type="authority-lnf">Hensarling, Jeb</name>
</congMember>
<congMember authorityId="1205" bioGuideId="W000187" chamber="H" congress="115" gpoId="7840" party="D" role="SPEAKING" state="CA">
<name type="parsed">Ms. MAXINE WATERS of California</name>
<name type="authority-fnf">Maxine Waters</name>
<name type="authority-lnf">Waters, Maxine</name>
</congMember>
<congMember authorityId="2028" bioGuideId="H001058" chamber="H" congress="115" gpoId="7987" party="R" role="SPEAKING" state="MI">
<name type="parsed">Mr. HUIZENGA</name>
<name type="authority-fnf">Bill Huizenga</name>
<name type="authority-lnf">Huizenga, Bill</name>
</congMember>
<congMember authorityId="2137" bioGuideId="W000812" chamber="H" congress="115" party="R" role="SPEAKING" state="MO">
<name type="parsed">Mrs. WAGNER</name>
<name type="authority-fnf">Ann Wagner</name>
<name type="authority-lnf">Wagner, Ann</name>
</congMember>
<congMember authorityId="2158" bioGuideId="R000598" chamber="H" congress="115" party="R" role="SPEAKING" state="PA">
<name type="parsed">Mr. ROTHFUS</name>
<name type="authority-fnf">Keith J. Rothfus</name>
<name type="authority-lnf">Rothfus, Keith J.</name>
<name type="authority-other">Mr. Keith Rothfus</name>
</congMember>
<congMember authorityId="2250" bioGuideId="T000475" chamber="H" congress="115" party="R" role="SPEAKING" state="MI">
<name type="parsed">Mr. TROTT</name>
<name type="authority-fnf">David A. Trott</name>
<name type="authority-lnf">Trott, David A.</name>
<name type="authority-other">Mr. David Trott</name>
</congMember>
<congMember authorityId="2296" bioGuideId="D000626" chamber="H" congress="115" party="R" role="SPEAKING" state="OH">
<name type="parsed">Mr. DAVIDSON</name>
<name type="authority-fnf">Warren Davidson</name>
<name type="authority-lnf">Davidson, Warren</name>
</congMember>
<congMember authorityId="2361" bioGuideId="N000190" chamber="H" congress="115" party="R" role="SPEAKING" state="SC">
<name type="parsed">Mr. NORMAN</name>
<name type="authority-fnf">Ralph Norman</name>
<name type="authority-lnf">Norman, Ralph</name>
</congMember>
<congMember authorityId="905" bioGuideId="P000197" chamber="H" congress="115" gpoId="7813" party="D" role="SPEAKING" state="CA">
<name type="parsed">Ms. PELOSI</name>
<name type="authority-fnf">Nancy Pelosi</name>
<name type="authority-lnf">Pelosi, Nancy</name>
</congMember>
<USCode title="12">
<section detail="(7)" number="2602"/>
</USCode>
<USCode title="15">
<section detail="(bb)(4)" number="1602"/>
<section number="1639c"/>
</USCode>
</extension>
<relatedItem type="isReferencedBy">
<titleInfo>
<title>United States House Resolution 725  (115th Congress)</title>
</titleInfo>
<identifier type="Congressional Bill citation">H. Res. 725</identifier>
<extension>
<congress>115</congress>
<context>FIRSTPARAGRAPH</context>
</extension>
</relatedItem>
<relatedItem type="isReferencedBy">
<titleInfo>
<title>United States House Resolution 725  (115th Congress)</title>
</titleInfo>
<identifier type="Congressional Bill citation">H. Res. 725</identifier>
<extension>
<congress>115</congress>
<context>OTHER</context>
</extension>
</relatedItem>
<relatedItem type="isReferencedBy">
<titleInfo>
<title>United States House Bill 1153  (115th Congress)</title>
</titleInfo>
<identifier type="Congressional Bill citation">H.R. 1153</identifier>
<extension>
<congress>115</congress>
<context>HEADERLINE</context>
</extension>
</relatedItem>
<relatedItem type="isReferencedBy">
<titleInfo>
<title>United States House Bill 1153  (115th Congress)</title>
</titleInfo>
<identifier type="Congressional Bill citation">H.R. 1153</identifier>
<extension>
<congress>115</congress>
<context>FIRSTPARAGRAPH</context>
</extension>
</relatedItem>
<relatedItem type="isReferencedBy">
<titleInfo>
<title>United States House Bill 1153  (115th Congress)</title>
</titleInfo>
<identifier type="Congressional Bill citation">H.R. 1153</identifier>
<extension>
<congress>115</congress>
<context>OTHER</context>
</extension>
</relatedItem>
<relatedItem type="isReferencedBy">
<titleInfo>
<title>United States House Bill 1533  (115th Congress)</title>
</titleInfo>
<identifier type="Congressional Bill citation">H.R. 1533</identifier>
<extension>
<congress>115</congress>
<context>OTHER</context>
</extension>
</relatedItem>
<relatedItem type="isReferencedBy">
<titleInfo>
<title>United States Senate Bill 1577  (115th Congress)</title>
</titleInfo>
<identifier type="Congressional Bill citation">S. 1577</identifier>
<extension>
<congress>115</congress>
<context>OTHER</context>
</extension>
</relatedItem>
<relatedItem type="isReferencedBy">
<titleInfo>
<title>United States House Bill 3211  (115th Congress)</title>
</titleInfo>
<identifier type="Congressional Bill citation">H.R. 3211</identifier>
<extension>
<congress>115</congress>
<context>OTHER</context>
</extension>
</relatedItem>
<relatedItem type="isReferencedBy">
<titleInfo>
<title>United States Code</title>
<partNumber>Title 12 Section 2602(7)</partNumber>
</titleInfo>
<identifier type="USC citation">12 U.S.C. 2602(7)</identifier>
</relatedItem>
<relatedItem type="isReferencedBy">
<titleInfo>
<title>United States Code</title>
<partNumber>Title 15 Section 1602(bb)(4)</partNumber>
<partNumber>Title 15 Section 1639c</partNumber>
</titleInfo>
<identifier type="USC citation">15 U.S.C. 1602(bb)(4)</identifier>
<identifier type="USC citation">15 U.S.C. 1639c</identifier>
</relatedItem>
<relatedItem ID="P0b002ee1985baa79" type="host">
<titleInfo>
<title>Congressional Record</title>
<partNumber>Vol. 164, no. 24</partNumber>
</titleInfo>
<location>
<url access="object in context" displayLabel="Content Detail">https://www.gpo.gov/fdsys/pkg/CREC-2018-02-07/content-detail.html</url>
<url access="raw object" displayLabel="PDF rendition">https://www.gpo.gov/fdsys/pkg/CREC-2018-02-07/pdf/CREC-2018-02-07.pdf</url>
</location>
<part type="issue">
<extent unit="pages">
<start>H905</start>
<end>H976</end>
</extent>
<extent unit="pages">
<start>S667</start>
<end>S792</end>
</extent>
<extent unit="pages">
<start>E149</start>
<end>E160</end>
</extent>
<extent unit="pages">
<start>D129</start>
<end>D134</end>
</extent>
</part>
<originInfo>
<publisher>U.S. Government Publishing Office</publisher>
<dateIssued encoding="w3cdtf">2018-02-07</dateIssued>
<issuance>continuing</issuance>
<frequency authority="marcfrequency">daily</frequency>
</originInfo>
<physicalDescription>
<note type="source content type">deposited</note>
<digitalOrigin>born digital</digitalOrigin>
<extent>432 p.</extent>
</physicalDescription>
<classification authority="sudocs">X 1.1/A:</classification>
<classification authority="sudocs">X/A.</classification>
<identifier type="uri">https://www.gpo.gov/fdsys/pkg/CREC-2018-02-07</identifier>
<identifier type="local">P0b002ee1985baa79</identifier>
<identifier type="stock number">752-002-00000-2</identifier>
<identifier type="ILS system id">000568013</identifier>
<identifier type="former package identifier">cr07fe18</identifier>
<recordInfo>
<recordContentSource authority="marcorg">DGPO</recordContentSource>
<recordCreationDate encoding="w3cdtf">2018-02-08</recordCreationDate>
<recordChangeDate encoding="w3cdtf">2018-02-08</recordChangeDate>
<recordIdentifier source="DGPO">CREC-2018-02-07</recordIdentifier>
<recordOrigin>machine generated</recordOrigin>
<languageOfCataloging>
<languageTerm authority="iso639-2b" type="code">eng</languageTerm>
</languageOfCataloging>
</recordInfo>
<accessCondition type="GPO scope determination">fdlp</accessCondition>
<extension>
<docClass>CREC</docClass>
<accessId>CREC-2018-02-07</accessId>
<volume>164</volume>
<issue>24</issue>
<congress>115</congress>
<session>2</session>
<bookCount>1</bookCount>
</extension>
</relatedItem>
</mods>