<mods ID="id-CREC-2018-02-06-pt1-PgH821-4" version="3.3" xmlns="http://www.loc.gov/mods/v3" xmlns:exslt="http://exslt.org/common" xmlns:xlink="http://www.w3.org/1999/xlink" xmlns:xsi="http://www.w3.org/2001/XMLSchema-instance" xsi:schemaLocation="http://www.loc.gov/mods/v3 http://www.loc.gov/standards/mods/v3/mods-3-3.xsd">
<name type="corporate">
<namePart>United States Government Publishing Office</namePart>
<role>
<roleTerm authority="marcrelator" type="text">publisher</roleTerm>
<roleTerm authority="marcrelator" type="code">pbl</roleTerm>
</role>
<role>
<roleTerm authority="marcrelator" type="text">distributor</roleTerm>
<roleTerm authority="marcrelator" type="code">dst</roleTerm>
</role>
</name>
<name type="corporate">
<namePart>United States</namePart>
<namePart>Congress</namePart>
<role>
<roleTerm authority="marcrelator" type="text">author</roleTerm>
<roleTerm authority="marcrelator" type="code">aut</roleTerm>
</role>
<description>Government Organization</description>
</name>
<typeOfResource>text</typeOfResource>
<genre authority="marcgt">government publication</genre>
<language>
<languageTerm authority="iso639-2b" type="code">eng</languageTerm>
</language>
<extension>
<collectionCode>CREC</collectionCode>
<category>Proceedings of Congress and General Congressional Publications</category>
<waisDatabaseName>2018_record</waisDatabaseName>
<branch>legislative</branch>
<dateIngested>2018-02-08</dateIngested>
</extension>
<titleInfo>
<title>PROVIDING FOR CONSIDERATION OF SENATE AMENDMENT TO H.R. 1892, HONORING HOMETOWN HEROES ACT</title>
<partName>House</partName>
</titleInfo>
<relatedItem type="otherFormat" xlink:href="https://www.gpo.gov/fdsys/pkg/CREC-2018-02-06/html/CREC-2018-02-06-pt1-PgH821-4.htm">
<identifier type="FDsys Unique ID">D09002ee1985b2be2</identifier>
</relatedItem>
<relatedItem type="otherFormat" xlink:href="https://www.gpo.gov/fdsys/pkg/CREC-2018-02-06/pdf/CREC-2018-02-06-pt1-PgH821-4.pdf">
<identifier type="FDsys Unique ID">D09002ee1985b2c7b</identifier>
</relatedItem>
<identifier type="congressional record citation">164 Cong. Rec. H821</identifier>
<identifier type="uri">https://www.gpo.gov/fdsys/granule/CREC-2018-02-06/CREC-2018-02-06-pt1-PgH821-4</identifier>
<identifier type="former granule identifier">CR06FE18-85</identifier>
<location>
<url access="object in context" displayLabel="Content Detail">https://www.gpo.gov/fdsys/granule/CREC-2018-02-06/CREC-2018-02-06-pt1-PgH821-4/content-detail.html</url>
<url access="raw object" displayLabel="PDF rendition">https://www.gpo.gov/fdsys/pkg/CREC-2018-02-06/pdf/CREC-2018-02-06-pt1-PgH821-4.pdf</url>
<url access="raw object" displayLabel="HTML rendition">https://www.gpo.gov/fdsys/pkg/CREC-2018-02-06/html/CREC-2018-02-06-pt1-PgH821-4.htm</url>
</location>
<physicalDescription>
<extent>10 p.</extent>
</physicalDescription>
<part type="article">
<extent unit="pages">
<start>H821</start>
<end>H830</end>
</extent>
</part>
<name type="personal">
<namePart>Pete Sessions</namePart>
<affiliation>United States House of Representatives</affiliation>
<role>
<roleTerm type="text">speaking</roleTerm>
</role>
<description>United States Congress Member</description>
</name>
<name type="personal">
<namePart>Louise McIntosh Slaughter</namePart>
<affiliation>United States House of Representatives</affiliation>
<role>
<roleTerm type="text">speaking</roleTerm>
</role>
<description>United States Congress Member</description>
</name>
<name type="personal">
<namePart>Chris Stewart</namePart>
<affiliation>United States House of Representatives</affiliation>
<role>
<roleTerm type="text">speaking</roleTerm>
</role>
<description>United States Congress Member</description>
</name>
<name type="personal">
<namePart>Michael C. Burgess</namePart>
<affiliation>United States House of Representatives</affiliation>
<role>
<roleTerm type="text">speaking</roleTerm>
</role>
<description>United States Congress Member</description>
</name>
<name type="personal">
<namePart>Grace F. Napolitano</namePart>
<affiliation>United States House of Representatives</affiliation>
<role>
<roleTerm type="text">speaking</roleTerm>
</role>
<description>United States Congress Member</description>
</name>
<name type="personal">
<namePart>Paul Mitchell</namePart>
<affiliation>United States House of Representatives</affiliation>
<role>
<roleTerm type="text">speaking</roleTerm>
</role>
<description>United States Congress Member</description>
</name>
<name type="personal">
<namePart>Lloyd Doggett</namePart>
<affiliation>United States House of Representatives</affiliation>
<role>
<roleTerm type="text">speaking</roleTerm>
</role>
<description>United States Congress Member</description>
</name>
<name type="personal">
<namePart>Sheila Jackson Lee</namePart>
<affiliation>United States House of Representatives</affiliation>
<role>
<roleTerm type="text">speaking</roleTerm>
</role>
<description>United States Congress Member</description>
</name>
<name type="corporate">
<namePart>United States</namePart>
<namePart>Congress</namePart>
<namePart>House of Representatives</namePart>
<namePart>Committee on Rules</namePart>
<role>
<roleTerm authority="marcrelator" type="text">associated name</roleTerm>
<roleTerm authority="marcrelator" type="code">asn</roleTerm>
</role>
<description>Government Organization</description>
</name>
<name type="corporate">
<namePart>United States</namePart>
<namePart>Congress</namePart>
<namePart>House of Representatives</namePart>
<namePart>Committee on Appropriations</namePart>
<role>
<roleTerm authority="marcrelator" type="text">associated name</roleTerm>
<roleTerm authority="marcrelator" type="code">asn</roleTerm>
</role>
<description>Government Organization</description>
</name>
<name type="corporate">
<namePart>United States</namePart>
<namePart>Congress</namePart>
<namePart/>
<namePart>Joint Committee on Taxation</namePart>
<role>
<roleTerm authority="marcrelator" type="text">associated name</roleTerm>
<roleTerm authority="marcrelator" type="code">asn</roleTerm>
</role>
<description>Government Organization</description>
</name>
<name type="corporate">
<namePart>United States</namePart>
<namePart>Congress</namePart>
<namePart>House of Representatives</namePart>
<namePart>Committee on the Judiciary</namePart>
<role>
<roleTerm authority="marcrelator" type="text">associated name</roleTerm>
<roleTerm authority="marcrelator" type="code">asn</roleTerm>
</role>
<description>Government Organization</description>
</name>
<identifier type="preferred citation">164 Cong. Rec. H821</identifier>
<extension>
<searchTitle>PROVIDING FOR CONSIDERATION OF SENATE AMENDMENT TO H.R. 1892, HONORING HOMETOWN HEROES ACT; Congressional Record Vol. 164, No. 23</searchTitle>
<associatedBills>H. Res. 727, 115th Congress
        </associatedBills>
<granuleClass>HOUSE</granuleClass>
<accessId>CREC-2018-02-06-pt1-PgH821-4</accessId>
<subGranuleClass>HONORING</subGranuleClass>
<pagePrefix>H</pagePrefix>
<bookNumber>1</bookNumber>
<chamber>HOUSE</chamber>
<granuleDate>2018-02-06</granuleDate>
<time from="15:08:00" to="16:00:00"/>
<congReport congress="115" context="OTHER" number="547" type="H"/>
<bill congress="115" context="HEADERLINE" number="727" type="HRES"/>
<bill congress="115" context="FIRSTPARAGRAPH" number="727" type="HRES"/>
<bill congress="115" context="OTHER" number="727" type="HRES"/>
<bill congress="115" context="TITLE" number="1892" type="HR"/>
<bill congress="115" context="OTHER" number="1892" type="HR"/>
<bill congress="115" context="OTHER" number="3440" type="HR"/>
<congCommittee authorityId="hsru00" chamber="H" congress="115" type="S">
<name type="authority-standard">Committee on Rules</name>
<name type="authority-short">Rules</name>
</congCommittee>
<congCommittee authorityId="hsap00" chamber="H" congress="115" type="S">
<name type="authority-standard">Committee on Appropriations</name>
<name type="authority-short">Appropriations</name>
</congCommittee>
<congCommittee authorityId="jstx00" chamber="J" congress="115" type="J">
<name type="authority-standard">Joint Committee on Taxation</name>
<name type="authority-short">Joint Taxation</name>
</congCommittee>
<congCommittee authorityId="hsju00" chamber="H" congress="115" type="S">
<name type="authority-standard">Committee on the Judiciary</name>
<name type="authority-short">Judiciary</name>
</congCommittee>
<congMember authorityId="1525" bioGuideId="S000250" chamber="H" congress="115" gpoId="8188" party="R" role="SPEAKING" state="TX">
<name type="parsed">Mr. SESSIONS</name>
<name type="authority-fnf">Pete Sessions</name>
<name type="authority-lnf">Sessions, Pete</name>
</congMember>
<congMember authorityId="1069" bioGuideId="S000480" chamber="H" congress="115" gpoId="8089" party="D" role="SPEAKING" state="NY">
<name type="parsed">Ms. SLAUGHTER</name>
<name type="authority-fnf">Louise McIntosh Slaughter</name>
<name type="authority-lnf">Slaughter, Louise McIntosh</name>
<name type="authority-other">Louise Slaughter</name>
</congMember>
<congMember authorityId="2168" bioGuideId="S001192" chamber="H" congress="115" party="R" role="SPEAKING" state="UT">
<name type="parsed">Mr. STEWART</name>
<name type="authority-fnf">Chris Stewart</name>
<name type="authority-lnf">Stewart, Chris</name>
</congMember>
<congMember authorityId="1751" bioGuideId="B001248" chamber="H" congress="115" gpoId="8182" party="R" role="SPEAKING" state="TX">
<name type="parsed">Mr. BURGESS</name>
<name type="authority-fnf">Michael C. Burgess</name>
<name type="authority-lnf">Burgess, Michael C.</name>
<name type="authority-other">Mr. Michael Burgess</name>
</congMember>
<congMember authorityId="1602" bioGuideId="N000179" chamber="H" congress="115" gpoId="7843" party="D" role="SPEAKING" state="CA">
<name type="parsed">Mrs. NAPOLITANO</name>
<name type="authority-fnf">Grace F. Napolitano</name>
<name type="authority-lnf">Napolitano, Grace F.</name>
<name type="authority-other">Grace Napolitano</name>
</congMember>
<congMember authorityId="2334" bioGuideId="M001201" chamber="H" congress="115" party="R" role="SPEAKING" state="MI">
<name type="parsed">Mr. MITCHELL</name>
<name type="authority-fnf">Paul Mitchell</name>
<name type="authority-lnf">Mitchell, Paul</name>
</congMember>
<congMember authorityId="303" bioGuideId="D000399" chamber="H" congress="115" gpoId="8181" party="D" role="SPEAKING" state="TX">
<name type="parsed">Mr. DOGGETT</name>
<name type="authority-fnf">Lloyd Doggett</name>
<name type="authority-lnf">Doggett, Lloyd</name>
</congMember>
<congMember authorityId="588" bioGuideId="J000032" chamber="H" congress="115" gpoId="8174" party="D" role="SPEAKING" state="TX">
<name type="parsed">Ms. JACKSON LEE</name>
<name type="authority-fnf">Sheila Jackson Lee</name>
<name type="authority-lnf">Jackson Lee, Sheila</name>
</congMember>
</extension>
<relatedItem type="isReferencedBy">
<titleInfo>
<title>United States House Resolution 727  (115th Congress)</title>
</titleInfo>
<identifier type="Congressional Bill citation">H. Res. 727</identifier>
<extension>
<congress>115</congress>
<context>HEADERLINE</context>
</extension>
</relatedItem>
<relatedItem type="isReferencedBy">
<titleInfo>
<title>United States House Resolution 727  (115th Congress)</title>
</titleInfo>
<identifier type="Congressional Bill citation">H. Res. 727</identifier>
<extension>
<congress>115</congress>
<context>FIRSTPARAGRAPH</context>
</extension>
</relatedItem>
<relatedItem type="isReferencedBy">
<titleInfo>
<title>United States House Resolution 727  (115th Congress)</title>
</titleInfo>
<identifier type="Congressional Bill citation">H. Res. 727</identifier>
<extension>
<congress>115</congress>
<context>OTHER</context>
</extension>
</relatedItem>
<relatedItem type="isReferencedBy">
<titleInfo>
<title>United States House Bill 1892  (115th Congress)</title>
</titleInfo>
<identifier type="Congressional Bill citation">H.R. 1892</identifier>
<extension>
<congress>115</congress>
<context>TITLE</context>
</extension>
</relatedItem>
<relatedItem type="isReferencedBy">
<titleInfo>
<title>United States House Bill 1892  (115th Congress)</title>
</titleInfo>
<identifier type="Congressional Bill citation">H.R. 1892</identifier>
<extension>
<congress>115</congress>
<context>OTHER</context>
</extension>
</relatedItem>
<relatedItem type="isReferencedBy">
<titleInfo>
<title>United States House Bill 3440  (115th Congress)</title>
</titleInfo>
<identifier type="Congressional Bill citation">H.R. 3440</identifier>
<extension>
<congress>115</congress>
<context>OTHER</context>
</extension>
</relatedItem>
<relatedItem type="isReferencedBy">
<identifier type="congressional report citation">
          H. Rept. 115-547</identifier>
</relatedItem>
<relatedItem ID="P0b002ee1982b966d" type="host">
<titleInfo>
<title>Congressional Record</title>
<partNumber>Vol. 164, no. 23</partNumber>
</titleInfo>
<location>
<url access="object in context" displayLabel="Content Detail">https://www.gpo.gov/fdsys/pkg/CREC-2018-02-06/content-detail.html</url>
<url access="raw object" displayLabel="PDF rendition">https://www.gpo.gov/fdsys/pkg/CREC-2018-02-06/pdf/CREC-2018-02-06.pdf</url>
</location>
<part type="issue">
<extent unit="pages">
<start>H787</start>
<end>H903</end>
</extent>
<extent unit="pages">
<start>S617</start>
<end>S665</end>
</extent>
<extent unit="pages">
<start>E139</start>
<end>E148</end>
</extent>
<extent unit="pages">
<start>D121</start>
<end>D128</end>
</extent>
</part>
<originInfo>
<publisher>U.S. Government Publishing Office</publisher>
<dateIssued encoding="w3cdtf">2018-02-06</dateIssued>
<issuance>continuing</issuance>
<frequency authority="marcfrequency">daily</frequency>
</originInfo>
<physicalDescription>
<note type="source content type">deposited</note>
<digitalOrigin>born digital</digitalOrigin>
<extent>368 p.</extent>
</physicalDescription>
<classification authority="sudocs">X 1.1/A:</classification>
<classification authority="sudocs">X/A.</classification>
<identifier type="uri">https://www.gpo.gov/fdsys/pkg/CREC-2018-02-06</identifier>
<identifier type="local">P0b002ee1982b966d</identifier>
<identifier type="stock number">752-002-00000-2</identifier>
<identifier type="ILS system id">000568013</identifier>
<identifier type="former package identifier">CR06FE18</identifier>
<recordInfo>
<recordContentSource authority="marcorg">DGPO</recordContentSource>
<recordCreationDate encoding="w3cdtf">2018-02-08</recordCreationDate>
<recordChangeDate encoding="w3cdtf">2018-02-08</recordChangeDate>
<recordIdentifier source="DGPO">CREC-2018-02-06</recordIdentifier>
<recordOrigin>machine generated</recordOrigin>
<languageOfCataloging>
<languageTerm authority="iso639-2b" type="code">eng</languageTerm>
</languageOfCataloging>
</recordInfo>
<accessCondition type="GPO scope determination">fdlp</accessCondition>
<extension>
<docClass>CREC</docClass>
<accessId>CREC-2018-02-06</accessId>
<volume>164</volume>
<issue>23</issue>
<congress>115</congress>
<session>2</session>
<bookCount>1</bookCount>
</extension>
</relatedItem>
</mods>