<mods ID="id-CREC-2018-02-08-pt1-PgH1075-23" version="3.3" xmlns="http://www.loc.gov/mods/v3" xmlns:exslt="http://exslt.org/common" xmlns:xlink="http://www.w3.org/1999/xlink" xmlns:xsi="http://www.w3.org/2001/XMLSchema-instance" xsi:schemaLocation="http://www.loc.gov/mods/v3 http://www.loc.gov/standards/mods/v3/mods-3-3.xsd">
<name type="corporate">
<namePart>United States Government Publishing Office</namePart>
<role>
<roleTerm authority="marcrelator" type="text">publisher</roleTerm>
<roleTerm authority="marcrelator" type="code">pbl</roleTerm>
</role>
<role>
<roleTerm authority="marcrelator" type="text">distributor</roleTerm>
<roleTerm authority="marcrelator" type="code">dst</roleTerm>
</role>
</name>
<name type="corporate">
<namePart>United States</namePart>
<namePart>Congress</namePart>
<role>
<roleTerm authority="marcrelator" type="text">author</roleTerm>
<roleTerm authority="marcrelator" type="code">aut</roleTerm>
</role>
<description>Government Organization</description>
</name>
<typeOfResource>text</typeOfResource>
<genre authority="marcgt">government publication</genre>
<language>
<languageTerm authority="iso639-2b" type="code">eng</languageTerm>
</language>
<extension>
<collectionCode>CREC</collectionCode>
<category>Proceedings of Congress and General Congressional Publications</category>
<waisDatabaseName>2018_record</waisDatabaseName>
<branch>legislative</branch>
<dateIngested>2018-02-09</dateIngested>
</extension>
<titleInfo>
<title>ADDITIONAL SPONSORS</title>
<partName>House</partName>
</titleInfo>
<relatedItem type="otherFormat" xlink:href="https://www.gpo.gov/fdsys/pkg/CREC-2018-02-08/html/CREC-2018-02-08-pt1-PgH1075-23.htm">
<identifier type="FDsys Unique ID">D09002ee1985ed5c9</identifier>
</relatedItem>
<relatedItem type="otherFormat" xlink:href="https://www.gpo.gov/fdsys/pkg/CREC-2018-02-08/pdf/CREC-2018-02-08-pt1-PgH1075-23.pdf">
<identifier type="FDsys Unique ID">D09002ee1985ed659</identifier>
</relatedItem>
<identifier type="congressional record citation">164 Cong. Rec. H1075</identifier>
<identifier type="uri">https://www.gpo.gov/fdsys/granule/CREC-2018-02-08/CREC-2018-02-08-pt1-PgH1075-23</identifier>
<identifier type="former granule identifier">cr08fe18-111</identifier>
<location>
<url access="object in context" displayLabel="Content Detail">https://www.gpo.gov/fdsys/granule/CREC-2018-02-08/CREC-2018-02-08-pt1-PgH1075-23/content-detail.html</url>
<url access="raw object" displayLabel="PDF rendition">https://www.gpo.gov/fdsys/pkg/CREC-2018-02-08/pdf/CREC-2018-02-08-pt1-PgH1075-23.pdf</url>
<url access="raw object" displayLabel="HTML rendition">https://www.gpo.gov/fdsys/pkg/CREC-2018-02-08/html/CREC-2018-02-08-pt1-PgH1075-23.htm</url>
</location>
<physicalDescription>
<extent>2 p.</extent>
</physicalDescription>
<part type="article">
<extent unit="pages">
<start>H1075</start>
<end>H1076</end>
</extent>
</part>
<identifier type="preferred citation">164 Cong. Rec. H1075</identifier>
<extension>
<searchTitle>ADDITIONAL SPONSORS; Congressional Record Vol. 164, No. 25</searchTitle>
<granuleClass>HOUSE</granuleClass>
<accessId>CREC-2018-02-08-pt1-PgH1075-23</accessId>
<subGranuleClass>HADDSPONSORS</subGranuleClass>
<pagePrefix>H</pagePrefix>
<bookNumber>1</bookNumber>
<chamber>HOUSE</chamber>
<granuleDate>2018-02-08</granuleDate>
<time from="05:32:00" to="05:32:00"/>
<bill congress="115" context="OTHER" number="15" type="HRES"/>
<bill congress="115" context="OTHER" number="35" type="HR"/>
<bill congress="115" context="OTHER" number="66" type="HR"/>
<bill congress="115" context="OTHER" number="83" type="HR"/>
<bill congress="115" context="OTHER" number="93" type="HR"/>
<bill congress="115" context="OTHER" number="99" type="HCONRES"/>
<bill congress="115" context="OTHER" number="134" type="HRES"/>
<bill congress="115" context="OTHER" number="161" type="HRES"/>
<bill congress="115" context="OTHER" number="173" type="HR"/>
<bill congress="115" context="OTHER" number="174" type="HR"/>
<bill congress="115" context="OTHER" number="253" type="HR"/>
<bill congress="115" context="OTHER" number="328" type="HR"/>
<bill congress="115" context="OTHER" number="392" type="HR"/>
<bill congress="115" context="OTHER" number="400" type="HR"/>
<bill congress="115" context="OTHER" number="403" type="HRES"/>
<bill congress="115" context="OTHER" number="466" type="HRES"/>
<bill congress="115" context="OTHER" number="621" type="HRES"/>
<bill congress="115" context="OTHER" number="683" type="HRES"/>
<bill congress="115" context="OTHER" number="697" type="HRES"/>
<bill congress="115" context="OTHER" number="699" type="HRES"/>
<bill congress="115" context="OTHER" number="707" type="HRES"/>
<bill congress="115" context="OTHER" number="712" type="HRES"/>
<bill congress="115" context="OTHER" number="720" type="HRES"/>
<bill congress="115" context="OTHER" number="730" type="HRES"/>
<bill congress="115" context="OTHER" number="731" type="HRES"/>
<bill congress="115" context="OTHER" number="788" type="HR"/>
<bill congress="115" context="OTHER" number="790" type="HR"/>
<bill congress="115" context="OTHER" number="820" type="HR"/>
<bill congress="115" context="OTHER" number="878" type="HR"/>
<bill congress="115" context="OTHER" number="1002" type="HR"/>
<bill congress="115" context="OTHER" number="1150" type="HR"/>
<bill congress="115" context="OTHER" number="1160" type="HR"/>
<bill congress="115" context="OTHER" number="1290" type="HR"/>
<bill congress="115" context="OTHER" number="1536" type="HR"/>
<bill congress="115" context="OTHER" number="1614" type="HR"/>
<bill congress="115" context="OTHER" number="1626" type="HR"/>
<bill congress="115" context="OTHER" number="1676" type="HR"/>
<bill congress="115" context="OTHER" number="1683" type="HR"/>
<bill congress="115" context="OTHER" number="1772" type="HR"/>
<bill congress="115" context="OTHER" number="1928" type="HR"/>
<bill congress="115" context="OTHER" number="2069" type="HR"/>
<bill congress="115" context="OTHER" number="2077" type="HR"/>
<bill congress="115" context="OTHER" number="2149" type="HR"/>
<bill congress="115" context="OTHER" number="2184" type="HR"/>
<bill congress="115" context="OTHER" number="2212" type="HR"/>
<bill congress="115" context="OTHER" number="2215" type="HR"/>
<bill congress="115" context="OTHER" number="2242" type="HR"/>
<bill congress="115" context="OTHER" number="2315" type="HR"/>
<bill congress="115" context="OTHER" number="2401" type="HR"/>
<bill congress="115" context="OTHER" number="2472" type="HR"/>
<bill congress="115" context="OTHER" number="2475" type="HR"/>
<bill congress="115" context="OTHER" number="2514" type="HR"/>
<bill congress="115" context="OTHER" number="2552" type="HR"/>
<bill congress="115" context="OTHER" number="2777" type="HR"/>
<bill congress="115" context="OTHER" number="2852" type="HR"/>
<bill congress="115" context="OTHER" number="2902" type="HR"/>
<bill congress="115" context="OTHER" number="2938" type="HR"/>
<bill congress="115" context="OTHER" number="2974" type="HR"/>
<bill congress="115" context="OTHER" number="2987" type="HR"/>
<bill congress="115" context="OTHER" number="3174" type="HR"/>
<bill congress="115" context="OTHER" number="3301" type="HR"/>
<bill congress="115" context="OTHER" number="3347" type="HR"/>
<bill congress="115" context="OTHER" number="3600" type="HR"/>
<bill congress="115" context="OTHER" number="3624" type="HR"/>
<bill congress="115" context="OTHER" number="3642" type="HR"/>
<bill congress="115" context="OTHER" number="3684" type="HR"/>
<bill congress="115" context="OTHER" number="3761" type="HR"/>
<bill congress="115" context="OTHER" number="3773" type="HR"/>
<bill congress="115" context="OTHER" number="3849" type="HR"/>
<bill congress="115" context="OTHER" number="3956" type="HR"/>
<bill congress="115" context="OTHER" number="4131" type="HR"/>
<bill congress="115" context="OTHER" number="4202" type="HR"/>
<bill congress="115" context="OTHER" number="4222" type="HR"/>
<bill congress="115" context="OTHER" number="4253" type="HR"/>
<bill congress="115" context="OTHER" number="4311" type="HR"/>
<bill congress="115" context="OTHER" number="4316" type="HR"/>
<bill congress="115" context="OTHER" number="4328" type="HR"/>
<bill congress="115" context="OTHER" number="4334" type="HR"/>
<bill congress="115" context="OTHER" number="4392" type="HR"/>
<bill congress="115" context="OTHER" number="4403" type="HR"/>
<bill congress="115" context="OTHER" number="4413" type="HR"/>
<bill congress="115" context="OTHER" number="4476" type="HR"/>
<bill congress="115" context="OTHER" number="4501" type="HR"/>
<bill congress="115" context="OTHER" number="4518" type="HR"/>
<bill congress="115" context="OTHER" number="4527" type="HR"/>
<bill congress="115" context="OTHER" number="4548" type="HR"/>
<bill congress="115" context="OTHER" number="4549" type="HR"/>
<bill congress="115" context="OTHER" number="4582" type="HR"/>
<bill congress="115" context="OTHER" number="4584" type="HR"/>
<bill congress="115" context="OTHER" number="4659" type="HR"/>
<bill congress="115" context="OTHER" number="4660" type="HR"/>
<bill congress="115" context="OTHER" number="4682" type="HR"/>
<bill congress="115" context="OTHER" number="4690" type="HR"/>
<bill congress="115" context="OTHER" number="4691" type="HR"/>
<bill congress="115" context="OTHER" number="4693" type="HR"/>
<bill congress="115" context="OTHER" number="4706" type="HR"/>
<bill congress="115" context="OTHER" number="4732" type="HR"/>
<bill congress="115" context="OTHER" number="4744" type="HR"/>
<bill congress="115" context="OTHER" number="4747" type="HR"/>
<bill congress="115" context="OTHER" number="4783" type="HR"/>
<bill congress="115" context="OTHER" number="4811" type="HR"/>
<bill congress="115" context="OTHER" number="4844" type="HR"/>
<bill congress="115" context="OTHER" number="4886" type="HR"/>
<bill congress="115" context="OTHER" number="4906" type="HR"/>
<bill congress="115" context="OTHER" number="4916" type="HR"/>
<bill congress="115" context="OTHER" number="4918" type="HR"/>
<bill congress="115" context="OTHER" number="4932" type="HR"/>
<bill congress="115" context="OTHER" number="4940" type="HR"/>
<bill congress="115" context="OTHER" number="4945" type="HR"/>
<bill congress="115" context="OTHER" number="4949" type="HR"/>
<bill congress="115" context="OTHER" number="4961" type="HR"/>
</extension>
<relatedItem type="isReferencedBy">
<titleInfo>
<title>United States House Resolution 15  (115th Congress)</title>
</titleInfo>
<identifier type="Congressional Bill citation">H. Res. 15</identifier>
<extension>
<congress>115</congress>
<context>OTHER</context>
</extension>
</relatedItem>
<relatedItem type="isReferencedBy">
<titleInfo>
<title>United States House Bill 35  (115th Congress)</title>
</titleInfo>
<identifier type="Congressional Bill citation">H.R. 35</identifier>
<extension>
<congress>115</congress>
<context>OTHER</context>
</extension>
</relatedItem>
<relatedItem type="isReferencedBy">
<titleInfo>
<title>United States House Bill 66  (115th Congress)</title>
</titleInfo>
<identifier type="Congressional Bill citation">H.R. 66</identifier>
<extension>
<congress>115</congress>
<context>OTHER</context>
</extension>
</relatedItem>
<relatedItem type="isReferencedBy">
<titleInfo>
<title>United States House Bill 83  (115th Congress)</title>
</titleInfo>
<identifier type="Congressional Bill citation">H.R. 83</identifier>
<extension>
<congress>115</congress>
<context>OTHER</context>
</extension>
</relatedItem>
<relatedItem type="isReferencedBy">
<titleInfo>
<title>United States House Bill 93  (115th Congress)</title>
</titleInfo>
<identifier type="Congressional Bill citation">H.R. 93</identifier>
<extension>
<congress>115</congress>
<context>OTHER</context>
</extension>
</relatedItem>
<relatedItem type="isReferencedBy">
<titleInfo>
<title>United States House Concurrent Resolution 99  (115th Congress)</title>
</titleInfo>
<identifier type="Congressional Bill citation">H. Con. Res. 99</identifier>
<extension>
<congress>115</congress>
<context>OTHER</context>
</extension>
</relatedItem>
<relatedItem type="isReferencedBy">
<titleInfo>
<title>United States House Resolution 134  (115th Congress)</title>
</titleInfo>
<identifier type="Congressional Bill citation">H. Res. 134</identifier>
<extension>
<congress>115</congress>
<context>OTHER</context>
</extension>
</relatedItem>
<relatedItem type="isReferencedBy">
<titleInfo>
<title>United States House Resolution 161  (115th Congress)</title>
</titleInfo>
<identifier type="Congressional Bill citation">H. Res. 161</identifier>
<extension>
<congress>115</congress>
<context>OTHER</context>
</extension>
</relatedItem>
<relatedItem type="isReferencedBy">
<titleInfo>
<title>United States House Bill 173  (115th Congress)</title>
</titleInfo>
<identifier type="Congressional Bill citation">H.R. 173</identifier>
<extension>
<congress>115</congress>
<context>OTHER</context>
</extension>
</relatedItem>
<relatedItem type="isReferencedBy">
<titleInfo>
<title>United States House Bill 174  (115th Congress)</title>
</titleInfo>
<identifier type="Congressional Bill citation">H.R. 174</identifier>
<extension>
<congress>115</congress>
<context>OTHER</context>
</extension>
</relatedItem>
<relatedItem type="isReferencedBy">
<titleInfo>
<title>United States House Bill 253  (115th Congress)</title>
</titleInfo>
<identifier type="Congressional Bill citation">H.R. 253</identifier>
<extension>
<congress>115</congress>
<context>OTHER</context>
</extension>
</relatedItem>
<relatedItem type="isReferencedBy">
<titleInfo>
<title>United States House Bill 328  (115th Congress)</title>
</titleInfo>
<identifier type="Congressional Bill citation">H.R. 328</identifier>
<extension>
<congress>115</congress>
<context>OTHER</context>
</extension>
</relatedItem>
<relatedItem type="isReferencedBy">
<titleInfo>
<title>United States House Bill 392  (115th Congress)</title>
</titleInfo>
<identifier type="Congressional Bill citation">H.R. 392</identifier>
<extension>
<congress>115</congress>
<context>OTHER</context>
</extension>
</relatedItem>
<relatedItem type="isReferencedBy">
<titleInfo>
<title>United States House Bill 400  (115th Congress)</title>
</titleInfo>
<identifier type="Congressional Bill citation">H.R. 400</identifier>
<extension>
<congress>115</congress>
<context>OTHER</context>
</extension>
</relatedItem>
<relatedItem type="isReferencedBy">
<titleInfo>
<title>United States House Resolution 403  (115th Congress)</title>
</titleInfo>
<identifier type="Congressional Bill citation">H. Res. 403</identifier>
<extension>
<congress>115</congress>
<context>OTHER</context>
</extension>
</relatedItem>
<relatedItem type="isReferencedBy">
<titleInfo>
<title>United States House Resolution 466  (115th Congress)</title>
</titleInfo>
<identifier type="Congressional Bill citation">H. Res. 466</identifier>
<extension>
<congress>115</congress>
<context>OTHER</context>
</extension>
</relatedItem>
<relatedItem type="isReferencedBy">
<titleInfo>
<title>United States House Resolution 621  (115th Congress)</title>
</titleInfo>
<identifier type="Congressional Bill citation">H. Res. 621</identifier>
<extension>
<congress>115</congress>
<context>OTHER</context>
</extension>
</relatedItem>
<relatedItem type="isReferencedBy">
<titleInfo>
<title>United States House Resolution 683  (115th Congress)</title>
</titleInfo>
<identifier type="Congressional Bill citation">H. Res. 683</identifier>
<extension>
<congress>115</congress>
<context>OTHER</context>
</extension>
</relatedItem>
<relatedItem type="isReferencedBy">
<titleInfo>
<title>United States House Resolution 697  (115th Congress)</title>
</titleInfo>
<identifier type="Congressional Bill citation">H. Res. 697</identifier>
<extension>
<congress>115</congress>
<context>OTHER</context>
</extension>
</relatedItem>
<relatedItem type="isReferencedBy">
<titleInfo>
<title>United States House Resolution 699  (115th Congress)</title>
</titleInfo>
<identifier type="Congressional Bill citation">H. Res. 699</identifier>
<extension>
<congress>115</congress>
<context>OTHER</context>
</extension>
</relatedItem>
<relatedItem type="isReferencedBy">
<titleInfo>
<title>United States House Resolution 707  (115th Congress)</title>
</titleInfo>
<identifier type="Congressional Bill citation">H. Res. 707</identifier>
<extension>
<congress>115</congress>
<context>OTHER</context>
</extension>
</relatedItem>
<relatedItem type="isReferencedBy">
<titleInfo>
<title>United States House Resolution 712  (115th Congress)</title>
</titleInfo>
<identifier type="Congressional Bill citation">H. Res. 712</identifier>
<extension>
<congress>115</congress>
<context>OTHER</context>
</extension>
</relatedItem>
<relatedItem type="isReferencedBy">
<titleInfo>
<title>United States House Resolution 720  (115th Congress)</title>
</titleInfo>
<identifier type="Congressional Bill citation">H. Res. 720</identifier>
<extension>
<congress>115</congress>
<context>OTHER</context>
</extension>
</relatedItem>
<relatedItem type="isReferencedBy">
<titleInfo>
<title>United States House Resolution 730  (115th Congress)</title>
</titleInfo>
<identifier type="Congressional Bill citation">H. Res. 730</identifier>
<extension>
<congress>115</congress>
<context>OTHER</context>
</extension>
</relatedItem>
<relatedItem type="isReferencedBy">
<titleInfo>
<title>United States House Resolution 731  (115th Congress)</title>
</titleInfo>
<identifier type="Congressional Bill citation">H. Res. 731</identifier>
<extension>
<congress>115</congress>
<context>OTHER</context>
</extension>
</relatedItem>
<relatedItem type="isReferencedBy">
<titleInfo>
<title>United States House Bill 788  (115th Congress)</title>
</titleInfo>
<identifier type="Congressional Bill citation">H.R. 788</identifier>
<extension>
<congress>115</congress>
<context>OTHER</context>
</extension>
</relatedItem>
<relatedItem type="isReferencedBy">
<titleInfo>
<title>United States House Bill 790  (115th Congress)</title>
</titleInfo>
<identifier type="Congressional Bill citation">H.R. 790</identifier>
<extension>
<congress>115</congress>
<context>OTHER</context>
</extension>
</relatedItem>
<relatedItem type="isReferencedBy">
<titleInfo>
<title>United States House Bill 820  (115th Congress)</title>
</titleInfo>
<identifier type="Congressional Bill citation">H.R. 820</identifier>
<extension>
<congress>115</congress>
<context>OTHER</context>
</extension>
</relatedItem>
<relatedItem type="isReferencedBy">
<titleInfo>
<title>United States House Bill 878  (115th Congress)</title>
</titleInfo>
<identifier type="Congressional Bill citation">H.R. 878</identifier>
<extension>
<congress>115</congress>
<context>OTHER</context>
</extension>
</relatedItem>
<relatedItem type="isReferencedBy">
<titleInfo>
<title>United States House Bill 1002  (115th Congress)</title>
</titleInfo>
<identifier type="Congressional Bill citation">H.R. 1002</identifier>
<extension>
<congress>115</congress>
<context>OTHER</context>
</extension>
</relatedItem>
<relatedItem type="isReferencedBy">
<titleInfo>
<title>United States House Bill 1150  (115th Congress)</title>
</titleInfo>
<identifier type="Congressional Bill citation">H.R. 1150</identifier>
<extension>
<congress>115</congress>
<context>OTHER</context>
</extension>
</relatedItem>
<relatedItem type="isReferencedBy">
<titleInfo>
<title>United States House Bill 1160  (115th Congress)</title>
</titleInfo>
<identifier type="Congressional Bill citation">H.R. 1160</identifier>
<extension>
<congress>115</congress>
<context>OTHER</context>
</extension>
</relatedItem>
<relatedItem type="isReferencedBy">
<titleInfo>
<title>United States House Bill 1290  (115th Congress)</title>
</titleInfo>
<identifier type="Congressional Bill citation">H.R. 1290</identifier>
<extension>
<congress>115</congress>
<context>OTHER</context>
</extension>
</relatedItem>
<relatedItem type="isReferencedBy">
<titleInfo>
<title>United States House Bill 1536  (115th Congress)</title>
</titleInfo>
<identifier type="Congressional Bill citation">H.R. 1536</identifier>
<extension>
<congress>115</congress>
<context>OTHER</context>
</extension>
</relatedItem>
<relatedItem type="isReferencedBy">
<titleInfo>
<title>United States House Bill 1614  (115th Congress)</title>
</titleInfo>
<identifier type="Congressional Bill citation">H.R. 1614</identifier>
<extension>
<congress>115</congress>
<context>OTHER</context>
</extension>
</relatedItem>
<relatedItem type="isReferencedBy">
<titleInfo>
<title>United States House Bill 1626  (115th Congress)</title>
</titleInfo>
<identifier type="Congressional Bill citation">H.R. 1626</identifier>
<extension>
<congress>115</congress>
<context>OTHER</context>
</extension>
</relatedItem>
<relatedItem type="isReferencedBy">
<titleInfo>
<title>United States House Bill 1676  (115th Congress)</title>
</titleInfo>
<identifier type="Congressional Bill citation">H.R. 1676</identifier>
<extension>
<congress>115</congress>
<context>OTHER</context>
</extension>
</relatedItem>
<relatedItem type="isReferencedBy">
<titleInfo>
<title>United States House Bill 1683  (115th Congress)</title>
</titleInfo>
<identifier type="Congressional Bill citation">H.R. 1683</identifier>
<extension>
<congress>115</congress>
<context>OTHER</context>
</extension>
</relatedItem>
<relatedItem type="isReferencedBy">
<titleInfo>
<title>United States House Bill 1772  (115th Congress)</title>
</titleInfo>
<identifier type="Congressional Bill citation">H.R. 1772</identifier>
<extension>
<congress>115</congress>
<context>OTHER</context>
</extension>
</relatedItem>
<relatedItem type="isReferencedBy">
<titleInfo>
<title>United States House Bill 1928  (115th Congress)</title>
</titleInfo>
<identifier type="Congressional Bill citation">H.R. 1928</identifier>
<extension>
<congress>115</congress>
<context>OTHER</context>
</extension>
</relatedItem>
<relatedItem type="isReferencedBy">
<titleInfo>
<title>United States House Bill 2069  (115th Congress)</title>
</titleInfo>
<identifier type="Congressional Bill citation">H.R. 2069</identifier>
<extension>
<congress>115</congress>
<context>OTHER</context>
</extension>
</relatedItem>
<relatedItem type="isReferencedBy">
<titleInfo>
<title>United States House Bill 2077  (115th Congress)</title>
</titleInfo>
<identifier type="Congressional Bill citation">H.R. 2077</identifier>
<extension>
<congress>115</congress>
<context>OTHER</context>
</extension>
</relatedItem>
<relatedItem type="isReferencedBy">
<titleInfo>
<title>United States House Bill 2149  (115th Congress)</title>
</titleInfo>
<identifier type="Congressional Bill citation">H.R. 2149</identifier>
<extension>
<congress>115</congress>
<context>OTHER</context>
</extension>
</relatedItem>
<relatedItem type="isReferencedBy">
<titleInfo>
<title>United States House Bill 2184  (115th Congress)</title>
</titleInfo>
<identifier type="Congressional Bill citation">H.R. 2184</identifier>
<extension>
<congress>115</congress>
<context>OTHER</context>
</extension>
</relatedItem>
<relatedItem type="isReferencedBy">
<titleInfo>
<title>United States House Bill 2212  (115th Congress)</title>
</titleInfo>
<identifier type="Congressional Bill citation">H.R. 2212</identifier>
<extension>
<congress>115</congress>
<context>OTHER</context>
</extension>
</relatedItem>
<relatedItem type="isReferencedBy">
<titleInfo>
<title>United States House Bill 2215  (115th Congress)</title>
</titleInfo>
<identifier type="Congressional Bill citation">H.R. 2215</identifier>
<extension>
<congress>115</congress>
<context>OTHER</context>
</extension>
</relatedItem>
<relatedItem type="isReferencedBy">
<titleInfo>
<title>United States House Bill 2242  (115th Congress)</title>
</titleInfo>
<identifier type="Congressional Bill citation">H.R. 2242</identifier>
<extension>
<congress>115</congress>
<context>OTHER</context>
</extension>
</relatedItem>
<relatedItem type="isReferencedBy">
<titleInfo>
<title>United States House Bill 2315  (115th Congress)</title>
</titleInfo>
<identifier type="Congressional Bill citation">H.R. 2315</identifier>
<extension>
<congress>115</congress>
<context>OTHER</context>
</extension>
</relatedItem>
<relatedItem type="isReferencedBy">
<titleInfo>
<title>United States House Bill 2401  (115th Congress)</title>
</titleInfo>
<identifier type="Congressional Bill citation">H.R. 2401</identifier>
<extension>
<congress>115</congress>
<context>OTHER</context>
</extension>
</relatedItem>
<relatedItem type="isReferencedBy">
<titleInfo>
<title>United States House Bill 2472  (115th Congress)</title>
</titleInfo>
<identifier type="Congressional Bill citation">H.R. 2472</identifier>
<extension>
<congress>115</congress>
<context>OTHER</context>
</extension>
</relatedItem>
<relatedItem type="isReferencedBy">
<titleInfo>
<title>United States House Bill 2475  (115th Congress)</title>
</titleInfo>
<identifier type="Congressional Bill citation">H.R. 2475</identifier>
<extension>
<congress>115</congress>
<context>OTHER</context>
</extension>
</relatedItem>
<relatedItem type="isReferencedBy">
<titleInfo>
<title>United States House Bill 2514  (115th Congress)</title>
</titleInfo>
<identifier type="Congressional Bill citation">H.R. 2514</identifier>
<extension>
<congress>115</congress>
<context>OTHER</context>
</extension>
</relatedItem>
<relatedItem type="isReferencedBy">
<titleInfo>
<title>United States House Bill 2552  (115th Congress)</title>
</titleInfo>
<identifier type="Congressional Bill citation">H.R. 2552</identifier>
<extension>
<congress>115</congress>
<context>OTHER</context>
</extension>
</relatedItem>
<relatedItem type="isReferencedBy">
<titleInfo>
<title>United States House Bill 2777  (115th Congress)</title>
</titleInfo>
<identifier type="Congressional Bill citation">H.R. 2777</identifier>
<extension>
<congress>115</congress>
<context>OTHER</context>
</extension>
</relatedItem>
<relatedItem type="isReferencedBy">
<titleInfo>
<title>United States House Bill 2852  (115th Congress)</title>
</titleInfo>
<identifier type="Congressional Bill citation">H.R. 2852</identifier>
<extension>
<congress>115</congress>
<context>OTHER</context>
</extension>
</relatedItem>
<relatedItem type="isReferencedBy">
<titleInfo>
<title>United States House Bill 2902  (115th Congress)</title>
</titleInfo>
<identifier type="Congressional Bill citation">H.R. 2902</identifier>
<extension>
<congress>115</congress>
<context>OTHER</context>
</extension>
</relatedItem>
<relatedItem type="isReferencedBy">
<titleInfo>
<title>United States House Bill 2938  (115th Congress)</title>
</titleInfo>
<identifier type="Congressional Bill citation">H.R. 2938</identifier>
<extension>
<congress>115</congress>
<context>OTHER</context>
</extension>
</relatedItem>
<relatedItem type="isReferencedBy">
<titleInfo>
<title>United States House Bill 2974  (115th Congress)</title>
</titleInfo>
<identifier type="Congressional Bill citation">H.R. 2974</identifier>
<extension>
<congress>115</congress>
<context>OTHER</context>
</extension>
</relatedItem>
<relatedItem type="isReferencedBy">
<titleInfo>
<title>United States House Bill 2987  (115th Congress)</title>
</titleInfo>
<identifier type="Congressional Bill citation">H.R. 2987</identifier>
<extension>
<congress>115</congress>
<context>OTHER</context>
</extension>
</relatedItem>
<relatedItem type="isReferencedBy">
<titleInfo>
<title>United States House Bill 3174  (115th Congress)</title>
</titleInfo>
<identifier type="Congressional Bill citation">H.R. 3174</identifier>
<extension>
<congress>115</congress>
<context>OTHER</context>
</extension>
</relatedItem>
<relatedItem type="isReferencedBy">
<titleInfo>
<title>United States House Bill 3301  (115th Congress)</title>
</titleInfo>
<identifier type="Congressional Bill citation">H.R. 3301</identifier>
<extension>
<congress>115</congress>
<context>OTHER</context>
</extension>
</relatedItem>
<relatedItem type="isReferencedBy">
<titleInfo>
<title>United States House Bill 3347  (115th Congress)</title>
</titleInfo>
<identifier type="Congressional Bill citation">H.R. 3347</identifier>
<extension>
<congress>115</congress>
<context>OTHER</context>
</extension>
</relatedItem>
<relatedItem type="isReferencedBy">
<titleInfo>
<title>United States House Bill 3600  (115th Congress)</title>
</titleInfo>
<identifier type="Congressional Bill citation">H.R. 3600</identifier>
<extension>
<congress>115</congress>
<context>OTHER</context>
</extension>
</relatedItem>
<relatedItem type="isReferencedBy">
<titleInfo>
<title>United States House Bill 3624  (115th Congress)</title>
</titleInfo>
<identifier type="Congressional Bill citation">H.R. 3624</identifier>
<extension>
<congress>115</congress>
<context>OTHER</context>
</extension>
</relatedItem>
<relatedItem type="isReferencedBy">
<titleInfo>
<title>United States House Bill 3642  (115th Congress)</title>
</titleInfo>
<identifier type="Congressional Bill citation">H.R. 3642</identifier>
<extension>
<congress>115</congress>
<context>OTHER</context>
</extension>
</relatedItem>
<relatedItem type="isReferencedBy">
<titleInfo>
<title>United States House Bill 3684  (115th Congress)</title>
</titleInfo>
<identifier type="Congressional Bill citation">H.R. 3684</identifier>
<extension>
<congress>115</congress>
<context>OTHER</context>
</extension>
</relatedItem>
<relatedItem type="isReferencedBy">
<titleInfo>
<title>United States House Bill 3761  (115th Congress)</title>
</titleInfo>
<identifier type="Congressional Bill citation">H.R. 3761</identifier>
<extension>
<congress>115</congress>
<context>OTHER</context>
</extension>
</relatedItem>
<relatedItem type="isReferencedBy">
<titleInfo>
<title>United States House Bill 3773  (115th Congress)</title>
</titleInfo>
<identifier type="Congressional Bill citation">H.R. 3773</identifier>
<extension>
<congress>115</congress>
<context>OTHER</context>
</extension>
</relatedItem>
<relatedItem type="isReferencedBy">
<titleInfo>
<title>United States House Bill 3849  (115th Congress)</title>
</titleInfo>
<identifier type="Congressional Bill citation">H.R. 3849</identifier>
<extension>
<congress>115</congress>
<context>OTHER</context>
</extension>
</relatedItem>
<relatedItem type="isReferencedBy">
<titleInfo>
<title>United States House Bill 3956  (115th Congress)</title>
</titleInfo>
<identifier type="Congressional Bill citation">H.R. 3956</identifier>
<extension>
<congress>115</congress>
<context>OTHER</context>
</extension>
</relatedItem>
<relatedItem type="isReferencedBy">
<titleInfo>
<title>United States House Bill 4131  (115th Congress)</title>
</titleInfo>
<identifier type="Congressional Bill citation">H.R. 4131</identifier>
<extension>
<congress>115</congress>
<context>OTHER</context>
</extension>
</relatedItem>
<relatedItem type="isReferencedBy">
<titleInfo>
<title>United States House Bill 4202  (115th Congress)</title>
</titleInfo>
<identifier type="Congressional Bill citation">H.R. 4202</identifier>
<extension>
<congress>115</congress>
<context>OTHER</context>
</extension>
</relatedItem>
<relatedItem type="isReferencedBy">
<titleInfo>
<title>United States House Bill 4222  (115th Congress)</title>
</titleInfo>
<identifier type="Congressional Bill citation">H.R. 4222</identifier>
<extension>
<congress>115</congress>
<context>OTHER</context>
</extension>
</relatedItem>
<relatedItem type="isReferencedBy">
<titleInfo>
<title>United States House Bill 4253  (115th Congress)</title>
</titleInfo>
<identifier type="Congressional Bill citation">H.R. 4253</identifier>
<extension>
<congress>115</congress>
<context>OTHER</context>
</extension>
</relatedItem>
<relatedItem type="isReferencedBy">
<titleInfo>
<title>United States House Bill 4311  (115th Congress)</title>
</titleInfo>
<identifier type="Congressional Bill citation">H.R. 4311</identifier>
<extension>
<congress>115</congress>
<context>OTHER</context>
</extension>
</relatedItem>
<relatedItem type="isReferencedBy">
<titleInfo>
<title>United States House Bill 4316  (115th Congress)</title>
</titleInfo>
<identifier type="Congressional Bill citation">H.R. 4316</identifier>
<extension>
<congress>115</congress>
<context>OTHER</context>
</extension>
</relatedItem>
<relatedItem type="isReferencedBy">
<titleInfo>
<title>United States House Bill 4328  (115th Congress)</title>
</titleInfo>
<identifier type="Congressional Bill citation">H.R. 4328</identifier>
<extension>
<congress>115</congress>
<context>OTHER</context>
</extension>
</relatedItem>
<relatedItem type="isReferencedBy">
<titleInfo>
<title>United States House Bill 4334  (115th Congress)</title>
</titleInfo>
<identifier type="Congressional Bill citation">H.R. 4334</identifier>
<extension>
<congress>115</congress>
<context>OTHER</context>
</extension>
</relatedItem>
<relatedItem type="isReferencedBy">
<titleInfo>
<title>United States House Bill 4392  (115th Congress)</title>
</titleInfo>
<identifier type="Congressional Bill citation">H.R. 4392</identifier>
<extension>
<congress>115</congress>
<context>OTHER</context>
</extension>
</relatedItem>
<relatedItem type="isReferencedBy">
<titleInfo>
<title>United States House Bill 4403  (115th Congress)</title>
</titleInfo>
<identifier type="Congressional Bill citation">H.R. 4403</identifier>
<extension>
<congress>115</congress>
<context>OTHER</context>
</extension>
</relatedItem>
<relatedItem type="isReferencedBy">
<titleInfo>
<title>United States House Bill 4413  (115th Congress)</title>
</titleInfo>
<identifier type="Congressional Bill citation">H.R. 4413</identifier>
<extension>
<congress>115</congress>
<context>OTHER</context>
</extension>
</relatedItem>
<relatedItem type="isReferencedBy">
<titleInfo>
<title>United States House Bill 4476  (115th Congress)</title>
</titleInfo>
<identifier type="Congressional Bill citation">H.R. 4476</identifier>
<extension>
<congress>115</congress>
<context>OTHER</context>
</extension>
</relatedItem>
<relatedItem type="isReferencedBy">
<titleInfo>
<title>United States House Bill 4501  (115th Congress)</title>
</titleInfo>
<identifier type="Congressional Bill citation">H.R. 4501</identifier>
<extension>
<congress>115</congress>
<context>OTHER</context>
</extension>
</relatedItem>
<relatedItem type="isReferencedBy">
<titleInfo>
<title>United States House Bill 4518  (115th Congress)</title>
</titleInfo>
<identifier type="Congressional Bill citation">H.R. 4518</identifier>
<extension>
<congress>115</congress>
<context>OTHER</context>
</extension>
</relatedItem>
<relatedItem type="isReferencedBy">
<titleInfo>
<title>United States House Bill 4527  (115th Congress)</title>
</titleInfo>
<identifier type="Congressional Bill citation">H.R. 4527</identifier>
<extension>
<congress>115</congress>
<context>OTHER</context>
</extension>
</relatedItem>
<relatedItem type="isReferencedBy">
<titleInfo>
<title>United States House Bill 4548  (115th Congress)</title>
</titleInfo>
<identifier type="Congressional Bill citation">H.R. 4548</identifier>
<extension>
<congress>115</congress>
<context>OTHER</context>
</extension>
</relatedItem>
<relatedItem type="isReferencedBy">
<titleInfo>
<title>United States House Bill 4549  (115th Congress)</title>
</titleInfo>
<identifier type="Congressional Bill citation">H.R. 4549</identifier>
<extension>
<congress>115</congress>
<context>OTHER</context>
</extension>
</relatedItem>
<relatedItem type="isReferencedBy">
<titleInfo>
<title>United States House Bill 4582  (115th Congress)</title>
</titleInfo>
<identifier type="Congressional Bill citation">H.R. 4582</identifier>
<extension>
<congress>115</congress>
<context>OTHER</context>
</extension>
</relatedItem>
<relatedItem type="isReferencedBy">
<titleInfo>
<title>United States House Bill 4584  (115th Congress)</title>
</titleInfo>
<identifier type="Congressional Bill citation">H.R. 4584</identifier>
<extension>
<congress>115</congress>
<context>OTHER</context>
</extension>
</relatedItem>
<relatedItem type="isReferencedBy">
<titleInfo>
<title>United States House Bill 4659  (115th Congress)</title>
</titleInfo>
<identifier type="Congressional Bill citation">H.R. 4659</identifier>
<extension>
<congress>115</congress>
<context>OTHER</context>
</extension>
</relatedItem>
<relatedItem type="isReferencedBy">
<titleInfo>
<title>United States House Bill 4660  (115th Congress)</title>
</titleInfo>
<identifier type="Congressional Bill citation">H.R. 4660</identifier>
<extension>
<congress>115</congress>
<context>OTHER</context>
</extension>
</relatedItem>
<relatedItem type="isReferencedBy">
<titleInfo>
<title>United States House Bill 4682  (115th Congress)</title>
</titleInfo>
<identifier type="Congressional Bill citation">H.R. 4682</identifier>
<extension>
<congress>115</congress>
<context>OTHER</context>
</extension>
</relatedItem>
<relatedItem type="isReferencedBy">
<titleInfo>
<title>United States House Bill 4690  (115th Congress)</title>
</titleInfo>
<identifier type="Congressional Bill citation">H.R. 4690</identifier>
<extension>
<congress>115</congress>
<context>OTHER</context>
</extension>
</relatedItem>
<relatedItem type="isReferencedBy">
<titleInfo>
<title>United States House Bill 4691  (115th Congress)</title>
</titleInfo>
<identifier type="Congressional Bill citation">H.R. 4691</identifier>
<extension>
<congress>115</congress>
<context>OTHER</context>
</extension>
</relatedItem>
<relatedItem type="isReferencedBy">
<titleInfo>
<title>United States House Bill 4693  (115th Congress)</title>
</titleInfo>
<identifier type="Congressional Bill citation">H.R. 4693</identifier>
<extension>
<congress>115</congress>
<context>OTHER</context>
</extension>
</relatedItem>
<relatedItem type="isReferencedBy">
<titleInfo>
<title>United States House Bill 4706  (115th Congress)</title>
</titleInfo>
<identifier type="Congressional Bill citation">H.R. 4706</identifier>
<extension>
<congress>115</congress>
<context>OTHER</context>
</extension>
</relatedItem>
<relatedItem type="isReferencedBy">
<titleInfo>
<title>United States House Bill 4732  (115th Congress)</title>
</titleInfo>
<identifier type="Congressional Bill citation">H.R. 4732</identifier>
<extension>
<congress>115</congress>
<context>OTHER</context>
</extension>
</relatedItem>
<relatedItem type="isReferencedBy">
<titleInfo>
<title>United States House Bill 4744  (115th Congress)</title>
</titleInfo>
<identifier type="Congressional Bill citation">H.R. 4744</identifier>
<extension>
<congress>115</congress>
<context>OTHER</context>
</extension>
</relatedItem>
<relatedItem type="isReferencedBy">
<titleInfo>
<title>United States House Bill 4747  (115th Congress)</title>
</titleInfo>
<identifier type="Congressional Bill citation">H.R. 4747</identifier>
<extension>
<congress>115</congress>
<context>OTHER</context>
</extension>
</relatedItem>
<relatedItem type="isReferencedBy">
<titleInfo>
<title>United States House Bill 4783  (115th Congress)</title>
</titleInfo>
<identifier type="Congressional Bill citation">H.R. 4783</identifier>
<extension>
<congress>115</congress>
<context>OTHER</context>
</extension>
</relatedItem>
<relatedItem type="isReferencedBy">
<titleInfo>
<title>United States House Bill 4811  (115th Congress)</title>
</titleInfo>
<identifier type="Congressional Bill citation">H.R. 4811</identifier>
<extension>
<congress>115</congress>
<context>OTHER</context>
</extension>
</relatedItem>
<relatedItem type="isReferencedBy">
<titleInfo>
<title>United States House Bill 4844  (115th Congress)</title>
</titleInfo>
<identifier type="Congressional Bill citation">H.R. 4844</identifier>
<extension>
<congress>115</congress>
<context>OTHER</context>
</extension>
</relatedItem>
<relatedItem type="isReferencedBy">
<titleInfo>
<title>United States House Bill 4886  (115th Congress)</title>
</titleInfo>
<identifier type="Congressional Bill citation">H.R. 4886</identifier>
<extension>
<congress>115</congress>
<context>OTHER</context>
</extension>
</relatedItem>
<relatedItem type="isReferencedBy">
<titleInfo>
<title>United States House Bill 4906  (115th Congress)</title>
</titleInfo>
<identifier type="Congressional Bill citation">H.R. 4906</identifier>
<extension>
<congress>115</congress>
<context>OTHER</context>
</extension>
</relatedItem>
<relatedItem type="isReferencedBy">
<titleInfo>
<title>United States House Bill 4916  (115th Congress)</title>
</titleInfo>
<identifier type="Congressional Bill citation">H.R. 4916</identifier>
<extension>
<congress>115</congress>
<context>OTHER</context>
</extension>
</relatedItem>
<relatedItem type="isReferencedBy">
<titleInfo>
<title>United States House Bill 4918  (115th Congress)</title>
</titleInfo>
<identifier type="Congressional Bill citation">H.R. 4918</identifier>
<extension>
<congress>115</congress>
<context>OTHER</context>
</extension>
</relatedItem>
<relatedItem type="isReferencedBy">
<titleInfo>
<title>United States House Bill 4932  (115th Congress)</title>
</titleInfo>
<identifier type="Congressional Bill citation">H.R. 4932</identifier>
<extension>
<congress>115</congress>
<context>OTHER</context>
</extension>
</relatedItem>
<relatedItem type="isReferencedBy">
<titleInfo>
<title>United States House Bill 4940  (115th Congress)</title>
</titleInfo>
<identifier type="Congressional Bill citation">H.R. 4940</identifier>
<extension>
<congress>115</congress>
<context>OTHER</context>
</extension>
</relatedItem>
<relatedItem type="isReferencedBy">
<titleInfo>
<title>United States House Bill 4945  (115th Congress)</title>
</titleInfo>
<identifier type="Congressional Bill citation">H.R. 4945</identifier>
<extension>
<congress>115</congress>
<context>OTHER</context>
</extension>
</relatedItem>
<relatedItem type="isReferencedBy">
<titleInfo>
<title>United States House Bill 4949  (115th Congress)</title>
</titleInfo>
<identifier type="Congressional Bill citation">H.R. 4949</identifier>
<extension>
<congress>115</congress>
<context>OTHER</context>
</extension>
</relatedItem>
<relatedItem type="isReferencedBy">
<titleInfo>
<title>United States House Bill 4961  (115th Congress)</title>
</titleInfo>
<identifier type="Congressional Bill citation">H.R. 4961</identifier>
<extension>
<congress>115</congress>
<context>OTHER</context>
</extension>
</relatedItem>
<relatedItem ID="P0b002ee1985ebf22" type="host">
<titleInfo>
<title>Congressional Record</title>
<partNumber>Vol. 164, no. 25</partNumber>
</titleInfo>
<location>
<url access="object in context" displayLabel="Content Detail">https://www.gpo.gov/fdsys/pkg/CREC-2018-02-08/content-detail.html</url>
<url access="raw object" displayLabel="PDF rendition">https://www.gpo.gov/fdsys/pkg/CREC-2018-02-08/pdf/CREC-2018-02-08.pdf</url>
</location>
<part type="issue">
<extent unit="pages">
<start>H977</start>
<end>H1076</end>
</extent>
<extent unit="pages">
<start>S793</start>
<end>S846</end>
</extent>
<extent unit="pages">
<start>E161</start>
<end>E165</end>
</extent>
<extent unit="pages">
<start>D136</start>
<end>D140</end>
</extent>
</part>
<originInfo>
<publisher>U.S. Government Publishing Office</publisher>
<dateIssued encoding="w3cdtf">2018-02-08</dateIssued>
<issuance>continuing</issuance>
<frequency authority="marcfrequency">daily</frequency>
</originInfo>
<physicalDescription>
<note type="source content type">deposited</note>
<digitalOrigin>born digital</digitalOrigin>
<extent>328 p.</extent>
</physicalDescription>
<classification authority="sudocs">X 1.1/A:</classification>
<classification authority="sudocs">X/A.</classification>
<identifier type="uri">https://www.gpo.gov/fdsys/pkg/CREC-2018-02-08</identifier>
<identifier type="local">P0b002ee1985ebf22</identifier>
<identifier type="stock number">752-002-00000-2</identifier>
<identifier type="ILS system id">000568013</identifier>
<identifier type="former package identifier">cr08fe18</identifier>
<recordInfo>
<recordContentSource authority="marcorg">DGPO</recordContentSource>
<recordCreationDate encoding="w3cdtf">2018-02-09</recordCreationDate>
<recordChangeDate encoding="w3cdtf">2018-02-09</recordChangeDate>
<recordIdentifier source="DGPO">CREC-2018-02-08</recordIdentifier>
<recordOrigin>machine generated</recordOrigin>
<languageOfCataloging>
<languageTerm authority="iso639-2b" type="code">eng</languageTerm>
</languageOfCataloging>
</recordInfo>
<accessCondition type="GPO scope determination">fdlp</accessCondition>
<extension>
<docClass>CREC</docClass>
<accessId>CREC-2018-02-08</accessId>
<volume>164</volume>
<issue>25</issue>
<congress>115</congress>
<session>2</session>
<bookCount>1</bookCount>
</extension>
</relatedItem>
</mods>