<mods ID="id-CREC-2018-02-08-pt1-PgH983" version="3.3" xmlns="http://www.loc.gov/mods/v3" xmlns:exslt="http://exslt.org/common" xmlns:xlink="http://www.w3.org/1999/xlink" xmlns:xsi="http://www.w3.org/2001/XMLSchema-instance" xsi:schemaLocation="http://www.loc.gov/mods/v3 http://www.loc.gov/standards/mods/v3/mods-3-3.xsd">
<name type="corporate">
<namePart>United States Government Publishing Office</namePart>
<role>
<roleTerm authority="marcrelator" type="text">publisher</roleTerm>
<roleTerm authority="marcrelator" type="code">pbl</roleTerm>
</role>
<role>
<roleTerm authority="marcrelator" type="text">distributor</roleTerm>
<roleTerm authority="marcrelator" type="code">dst</roleTerm>
</role>
</name>
<name type="corporate">
<namePart>United States</namePart>
<namePart>Congress</namePart>
<role>
<roleTerm authority="marcrelator" type="text">author</roleTerm>
<roleTerm authority="marcrelator" type="code">aut</roleTerm>
</role>
<description>Government Organization</description>
</name>
<typeOfResource>text</typeOfResource>
<genre authority="marcgt">government publication</genre>
<language>
<languageTerm authority="iso639-2b" type="code">eng</languageTerm>
</language>
<extension>
<collectionCode>CREC</collectionCode>
<category>Proceedings of Congress and General Congressional Publications</category>
<waisDatabaseName>2018_record</waisDatabaseName>
<branch>legislative</branch>
<dateIngested>2018-02-09</dateIngested>
</extension>
<titleInfo>
<title>SMALL BANK HOLDING COMPANY RELIEF ACT OF 2018</title>
<partName>House</partName>
</titleInfo>
<relatedItem type="otherFormat" xlink:href="https://www.gpo.gov/fdsys/pkg/CREC-2018-02-08/html/CREC-2018-02-08-pt1-PgH983.htm">
<identifier type="FDsys Unique ID">D09002ee1985ed5ab</identifier>
</relatedItem>
<relatedItem type="otherFormat" xlink:href="https://www.gpo.gov/fdsys/pkg/CREC-2018-02-08/pdf/CREC-2018-02-08-pt1-PgH983.pdf">
<identifier type="FDsys Unique ID">D09002ee1985ed661</identifier>
</relatedItem>
<identifier type="congressional record citation">164 Cong. Rec. H983</identifier>
<identifier type="uri">https://www.gpo.gov/fdsys/granule/CREC-2018-02-08/CREC-2018-02-08-pt1-PgH983</identifier>
<identifier type="former granule identifier">cr08fe18-64</identifier>
<location>
<url access="object in context" displayLabel="Content Detail">https://www.gpo.gov/fdsys/granule/CREC-2018-02-08/CREC-2018-02-08-pt1-PgH983/content-detail.html</url>
<url access="raw object" displayLabel="PDF rendition">https://www.gpo.gov/fdsys/pkg/CREC-2018-02-08/pdf/CREC-2018-02-08-pt1-PgH983.pdf</url>
<url access="raw object" displayLabel="HTML rendition">https://www.gpo.gov/fdsys/pkg/CREC-2018-02-08/html/CREC-2018-02-08-pt1-PgH983.htm</url>
</location>
<physicalDescription>
<extent>8 p.</extent>
</physicalDescription>
<part type="article">
<extent unit="pages">
<start>H983</start>
<end>H990</end>
</extent>
</part>
<name type="personal">
<namePart>Jeb Hensarling</namePart>
<affiliation>United States House of Representatives</affiliation>
<role>
<roleTerm type="text">speaking</roleTerm>
</role>
<description>United States Congress Member</description>
</name>
<name type="personal">
<namePart>Maxine Waters</namePart>
<affiliation>United States House of Representatives</affiliation>
<role>
<roleTerm type="text">speaking</roleTerm>
</role>
<description>United States Congress Member</description>
</name>
<name type="personal">
<namePart>Mia B. Love</namePart>
<affiliation>United States House of Representatives</affiliation>
<role>
<roleTerm type="text">speaking</roleTerm>
</role>
<description>United States Congress Member</description>
</name>
<name type="personal">
<namePart>Daniel T. Kildee</namePart>
<affiliation>United States House of Representatives</affiliation>
<role>
<roleTerm type="text">speaking</roleTerm>
</role>
<description>United States Congress Member</description>
</name>
<name type="personal">
<namePart>Blaine Luetkemeyer</namePart>
<affiliation>United States House of Representatives</affiliation>
<role>
<roleTerm type="text">speaking</roleTerm>
</role>
<description>United States Congress Member</description>
</name>
<name type="personal">
<namePart>Al Green</namePart>
<affiliation>United States House of Representatives</affiliation>
<role>
<roleTerm type="text">speaking</roleTerm>
</role>
<description>United States Congress Member</description>
</name>
<name type="personal">
<namePart>Bill Huizenga</namePart>
<affiliation>United States House of Representatives</affiliation>
<role>
<roleTerm type="text">speaking</roleTerm>
</role>
<description>United States Congress Member</description>
</name>
<name type="personal">
<namePart>Keith J. Rothfus</namePart>
<affiliation>United States House of Representatives</affiliation>
<role>
<roleTerm type="text">speaking</roleTerm>
</role>
<description>United States Congress Member</description>
</name>
<name type="personal">
<namePart>Dennis A. Ross</namePart>
<affiliation>United States House of Representatives</affiliation>
<role>
<roleTerm type="text">speaking</roleTerm>
</role>
<description>United States Congress Member</description>
</name>
<name type="personal">
<namePart>Lee M. Zeldin</namePart>
<affiliation>United States House of Representatives</affiliation>
<role>
<roleTerm type="text">speaking</roleTerm>
</role>
<description>United States Congress Member</description>
</name>
<name type="personal">
<namePart>Warren Davidson</namePart>
<affiliation>United States House of Representatives</affiliation>
<role>
<roleTerm type="text">speaking</roleTerm>
</role>
<description>United States Congress Member</description>
</name>
<identifier type="preferred citation">164 Cong. Rec. H983</identifier>
<extension>
<searchTitle>SMALL BANK HOLDING COMPANY RELIEF ACT OF 2018; Congressional Record Vol. 164, No. 25</searchTitle>
<associatedBills>H.R. 4771, 115th Congress
        </associatedBills>
<granuleClass>HOUSE</granuleClass>
<accessId>CREC-2018-02-08-pt1-PgH983</accessId>
<subGranuleClass>ALLOTHER</subGranuleClass>
<pagePrefix>H</pagePrefix>
<bookNumber>1</bookNumber>
<chamber>HOUSE</chamber>
<granuleDate>2018-02-08</granuleDate>
<time from="11:04:00" to="12:15:00"/>
<bill congress="115" context="OTHER" number="10" type="HR"/>
<bill congress="115" context="FIRSTPARAGRAPH" number="725" type="HRES"/>
<bill congress="115" context="OTHER" number="725" type="HRES"/>
<bill congress="115" context="OTHER" number="3791" type="HR"/>
<bill congress="115" context="HEADERLINE" number="4771" type="HR"/>
<bill congress="115" context="FIRSTPARAGRAPH" number="4771" type="HR"/>
<bill congress="115" context="OTHER" number="4771" type="HR"/>
<congMember authorityId="1749" bioGuideId="H001036" chamber="H" congress="115" gpoId="8161" party="R" role="SPEAKING" state="TX">
<name type="parsed">Mr. HENSARLING</name>
<name type="authority-fnf">Jeb Hensarling</name>
<name type="authority-lnf">Hensarling, Jeb</name>
</congMember>
<congMember authorityId="1205" bioGuideId="W000187" chamber="H" congress="115" gpoId="7840" party="D" role="SPEAKING" state="CA">
<name type="parsed">Ms. MAXINE WATERS of California</name>
<name type="authority-fnf">Maxine Waters</name>
<name type="authority-lnf">Waters, Maxine</name>
</congMember>
<congMember authorityId="2271" bioGuideId="L000584" chamber="H" congress="115" party="R" role="SPEAKING" state="UT">
<name type="parsed">Mrs. LOVE</name>
<name type="authority-fnf">Mia B. Love</name>
<name type="authority-lnf">Love, Mia B.</name>
<name type="authority-other">Mrs. Mia Love</name>
</congMember>
<congMember authorityId="2134" bioGuideId="K000380" chamber="H" congress="115" party="D" role="SPEAKING" state="MI">
<name type="parsed">Mr. KILDEE</name>
<name type="authority-fnf">Daniel T. Kildee</name>
<name type="authority-lnf">Kildee, Daniel T.</name>
<name type="authority-other">Mr. Daniel Kildee</name>
</congMember>
<congMember authorityId="1931" bioGuideId="L000569" chamber="H" congress="115" gpoId="8017" party="R" role="SPEAKING" state="MO">
<name type="parsed">Mr. LUETKEMEYER</name>
<name type="authority-fnf">Blaine Luetkemeyer</name>
<name type="authority-lnf">Luetkemeyer, Blaine</name>
</congMember>
<congMember authorityId="1803" bioGuideId="G000553" chamber="H" congress="115" gpoId="8165" party="D" role="SPEAKING" state="TX">
<name type="parsed">Mr. AL GREEN of Texas</name>
<name type="authority-fnf">Al Green</name>
<name type="authority-lnf">Green, Al</name>
</congMember>
<congMember authorityId="2028" bioGuideId="H001058" chamber="H" congress="115" gpoId="7987" party="R" role="SPEAKING" state="MI">
<name type="parsed">Mr. HUIZENGA</name>
<name type="authority-fnf">Bill Huizenga</name>
<name type="authority-lnf">Huizenga, Bill</name>
</congMember>
<congMember authorityId="2158" bioGuideId="R000598" chamber="H" congress="115" party="R" role="SPEAKING" state="PA">
<name type="parsed">Mr. ROTHFUS</name>
<name type="authority-fnf">Keith J. Rothfus</name>
<name type="authority-lnf">Rothfus, Keith J.</name>
<name type="authority-other">Mr. Keith Rothfus</name>
</congMember>
<congMember authorityId="2003" bioGuideId="R000593" chamber="H" congress="115" gpoId="7884" party="R" role="SPEAKING" state="FL">
<name type="parsed">Mr. ROSS</name>
<name type="authority-fnf">Dennis A. Ross</name>
<name type="authority-lnf">Ross, Dennis A.</name>
<name type="authority-other">Dennis Ross</name>
</congMember>
<congMember authorityId="2261" bioGuideId="Z000017" chamber="H" congress="115" party="R" role="SPEAKING" state="NY">
<name type="parsed">Mr. ZELDIN</name>
<name type="authority-fnf">Lee M. Zeldin</name>
<name type="authority-lnf">Zeldin, Lee M.</name>
<name type="authority-other">Mr. Lee Zeldin</name>
</congMember>
<congMember authorityId="2296" bioGuideId="D000626" chamber="H" congress="115" party="R" role="SPEAKING" state="OH">
<name type="parsed">Mr. DAVIDSON</name>
<name type="authority-fnf">Warren Davidson</name>
<name type="authority-lnf">Davidson, Warren</name>
</congMember>
<law congress="113" isPrivate="false" number="250"/>
<USCode title="12">
<section detail="(b)(5)" number="5371"/>
</USCode>
</extension>
<relatedItem type="isReferencedBy">
<titleInfo>
<title>United States House Bill 10  (115th Congress)</title>
</titleInfo>
<identifier type="Congressional Bill citation">H.R. 10</identifier>
<extension>
<congress>115</congress>
<context>OTHER</context>
</extension>
</relatedItem>
<relatedItem type="isReferencedBy">
<titleInfo>
<title>United States House Resolution 725  (115th Congress)</title>
</titleInfo>
<identifier type="Congressional Bill citation">H. Res. 725</identifier>
<extension>
<congress>115</congress>
<context>FIRSTPARAGRAPH</context>
</extension>
</relatedItem>
<relatedItem type="isReferencedBy">
<titleInfo>
<title>United States House Resolution 725  (115th Congress)</title>
</titleInfo>
<identifier type="Congressional Bill citation">H. Res. 725</identifier>
<extension>
<congress>115</congress>
<context>OTHER</context>
</extension>
</relatedItem>
<relatedItem type="isReferencedBy">
<titleInfo>
<title>United States House Bill 3791  (115th Congress)</title>
</titleInfo>
<identifier type="Congressional Bill citation">H.R. 3791</identifier>
<extension>
<congress>115</congress>
<context>OTHER</context>
</extension>
</relatedItem>
<relatedItem type="isReferencedBy">
<titleInfo>
<title>United States House Bill 4771  (115th Congress)</title>
</titleInfo>
<identifier type="Congressional Bill citation">H.R. 4771</identifier>
<extension>
<congress>115</congress>
<context>HEADERLINE</context>
</extension>
</relatedItem>
<relatedItem type="isReferencedBy">
<titleInfo>
<title>United States House Bill 4771  (115th Congress)</title>
</titleInfo>
<identifier type="Congressional Bill citation">H.R. 4771</identifier>
<extension>
<congress>115</congress>
<context>FIRSTPARAGRAPH</context>
</extension>
</relatedItem>
<relatedItem type="isReferencedBy">
<titleInfo>
<title>United States House Bill 4771  (115th Congress)</title>
</titleInfo>
<identifier type="Congressional Bill citation">H.R. 4771</identifier>
<extension>
<congress>115</congress>
<context>OTHER</context>
</extension>
</relatedItem>
<relatedItem type="isReferencedBy">
<titleInfo>
<title>United States Code</title>
<partNumber>Title 12 Section 5371(b)(5)</partNumber>
</titleInfo>
<identifier type="USC citation">12 U.S.C. 5371(b)(5)</identifier>
</relatedItem>
<relatedItem>
<titleInfo>
<title>United States Public Law 113-250</title>
</titleInfo>
<identifier type="public law citation">Public Law 113-250</identifier>
</relatedItem>
<relatedItem ID="P0b002ee1985ebf22" type="host">
<titleInfo>
<title>Congressional Record</title>
<partNumber>Vol. 164, no. 25</partNumber>
</titleInfo>
<location>
<url access="object in context" displayLabel="Content Detail">https://www.gpo.gov/fdsys/pkg/CREC-2018-02-08/content-detail.html</url>
<url access="raw object" displayLabel="PDF rendition">https://www.gpo.gov/fdsys/pkg/CREC-2018-02-08/pdf/CREC-2018-02-08.pdf</url>
</location>
<part type="issue">
<extent unit="pages">
<start>H977</start>
<end>H1076</end>
</extent>
<extent unit="pages">
<start>S793</start>
<end>S846</end>
</extent>
<extent unit="pages">
<start>E161</start>
<end>E165</end>
</extent>
<extent unit="pages">
<start>D136</start>
<end>D140</end>
</extent>
</part>
<originInfo>
<publisher>U.S. Government Publishing Office</publisher>
<dateIssued encoding="w3cdtf">2018-02-08</dateIssued>
<issuance>continuing</issuance>
<frequency authority="marcfrequency">daily</frequency>
</originInfo>
<physicalDescription>
<note type="source content type">deposited</note>
<digitalOrigin>born digital</digitalOrigin>
<extent>328 p.</extent>
</physicalDescription>
<classification authority="sudocs">X 1.1/A:</classification>
<classification authority="sudocs">X/A.</classification>
<identifier type="uri">https://www.gpo.gov/fdsys/pkg/CREC-2018-02-08</identifier>
<identifier type="local">P0b002ee1985ebf22</identifier>
<identifier type="stock number">752-002-00000-2</identifier>
<identifier type="ILS system id">000568013</identifier>
<identifier type="former package identifier">cr08fe18</identifier>
<recordInfo>
<recordContentSource authority="marcorg">DGPO</recordContentSource>
<recordCreationDate encoding="w3cdtf">2018-02-09</recordCreationDate>
<recordChangeDate encoding="w3cdtf">2018-02-09</recordChangeDate>
<recordIdentifier source="DGPO">CREC-2018-02-08</recordIdentifier>
<recordOrigin>machine generated</recordOrigin>
<languageOfCataloging>
<languageTerm authority="iso639-2b" type="code">eng</languageTerm>
</languageOfCataloging>
</recordInfo>
<accessCondition type="GPO scope determination">fdlp</accessCondition>
<extension>
<docClass>CREC</docClass>
<accessId>CREC-2018-02-08</accessId>
<volume>164</volume>
<issue>25</issue>
<congress>115</congress>
<session>2</session>
<bookCount>1</bookCount>
</extension>
</relatedItem>
</mods>