<mods ID="id-CREC-2018-02-09-pt1-PgS851-3" version="3.3" xmlns="http://www.loc.gov/mods/v3" xmlns:exslt="http://exslt.org/common" xmlns:xlink="http://www.w3.org/1999/xlink" xmlns:xsi="http://www.w3.org/2001/XMLSchema-instance" xsi:schemaLocation="http://www.loc.gov/mods/v3 http://www.loc.gov/standards/mods/v3/mods-3-3.xsd">
<name type="corporate">
<namePart>United States Government Publishing Office</namePart>
<role>
<roleTerm authority="marcrelator" type="text">publisher</roleTerm>
<roleTerm authority="marcrelator" type="code">pbl</roleTerm>
</role>
<role>
<roleTerm authority="marcrelator" type="text">distributor</roleTerm>
<roleTerm authority="marcrelator" type="code">dst</roleTerm>
</role>
</name>
<name type="corporate">
<namePart>United States</namePart>
<namePart>Congress</namePart>
<role>
<roleTerm authority="marcrelator" type="text">author</roleTerm>
<roleTerm authority="marcrelator" type="code">aut</roleTerm>
</role>
<description>Government Organization</description>
</name>
<typeOfResource>text</typeOfResource>
<genre authority="marcgt">government publication</genre>
<language>
<languageTerm authority="iso639-2b" type="code">eng</languageTerm>
</language>
<extension>
<collectionCode>CREC</collectionCode>
<category>Proceedings of Congress and General Congressional Publications</category>
<waisDatabaseName>2018_record</waisDatabaseName>
<branch>legislative</branch>
<dateIngested>2018-02-10</dateIngested>
</extension>
<titleInfo>
<title>TEXT OF AMENDMENTS</title>
<partName>Senate</partName>
</titleInfo>
<relatedItem type="otherFormat" xlink:href="https://www.gpo.gov/fdsys/pkg/CREC-2018-02-09/html/CREC-2018-02-09-pt1-PgS851-3.htm">
<identifier type="FDsys Unique ID">D09002ee198612f2d</identifier>
</relatedItem>
<relatedItem type="otherFormat" xlink:href="https://www.gpo.gov/fdsys/pkg/CREC-2018-02-09/pdf/CREC-2018-02-09-pt1-PgS851-3.pdf">
<identifier type="FDsys Unique ID">D09002ee198612f57</identifier>
</relatedItem>
<identifier type="congressional record citation">164 Cong. Rec. S851</identifier>
<identifier type="uri">https://www.gpo.gov/fdsys/granule/CREC-2018-02-09/CREC-2018-02-09-pt1-PgS851-3</identifier>
<identifier type="former granule identifier">cr09fe18-24</identifier>
<location>
<url access="object in context" displayLabel="Content Detail">https://www.gpo.gov/fdsys/granule/CREC-2018-02-09/CREC-2018-02-09-pt1-PgS851-3/content-detail.html</url>
<url access="raw object" displayLabel="PDF rendition">https://www.gpo.gov/fdsys/pkg/CREC-2018-02-09/pdf/CREC-2018-02-09-pt1-PgS851-3.pdf</url>
<url access="raw object" displayLabel="HTML rendition">https://www.gpo.gov/fdsys/pkg/CREC-2018-02-09/html/CREC-2018-02-09-pt1-PgS851-3.htm</url>
</location>
<physicalDescription>
<extent>2 p.</extent>
</physicalDescription>
<part type="article">
<extent unit="pages">
<start>S851</start>
<end>S852</end>
</extent>
</part>
<identifier type="preferred citation">164 Cong. Rec. S851</identifier>
<extension>
<searchTitle>TEXT OF AMENDMENTS; Congressional Record Vol. 164, No. 26</searchTitle>
<granuleClass>SENATE</granuleClass>
<accessId>CREC-2018-02-09-pt1-PgS851-3</accessId>
<subGranuleClass>SAMENDMENTTEXT</subGranuleClass>
<pagePrefix>S</pagePrefix>
<bookNumber>1</bookNumber>
<chamber>SENATE</chamber>
<granuleDate>2018-02-09</granuleDate>
<bill congress="115" context="OTHER" number="62" type="SRES"/>
<bill congress="115" context="FIRSTPARAGRAPH" number="104" type="HCONRES"/>
<bill congress="115" context="OTHER" number="104" type="HCONRES"/>
<bill congress="115" context="OTHER" number="1301" type="HR"/>
<bill congress="115" context="FIRSTPARAGRAPH" number="1892" type="HR"/>
<bill congress="115" context="OTHER" number="1892" type="HR"/>
<law congress="115" isPrivate="false" number="56"/>
<USCode title="4">
<section detail="(m)" number="7"/>
</USCode>
<USCode title="34">
<section number="10284"/>
</USCode>
</extension>
<relatedItem type="isReferencedBy">
<titleInfo>
<title>United States Senate Resolution 62  (115th Congress)</title>
</titleInfo>
<identifier type="Congressional Bill citation">S. Res. 62</identifier>
<extension>
<congress>115</congress>
<context>OTHER</context>
</extension>
</relatedItem>
<relatedItem type="isReferencedBy">
<titleInfo>
<title>United States House Concurrent Resolution 104  (115th Congress)</title>
</titleInfo>
<identifier type="Congressional Bill citation">H. Con. Res. 104</identifier>
<extension>
<congress>115</congress>
<context>FIRSTPARAGRAPH</context>
</extension>
</relatedItem>
<relatedItem type="isReferencedBy">
<titleInfo>
<title>United States House Concurrent Resolution 104  (115th Congress)</title>
</titleInfo>
<identifier type="Congressional Bill citation">H. Con. Res. 104</identifier>
<extension>
<congress>115</congress>
<context>OTHER</context>
</extension>
</relatedItem>
<relatedItem type="isReferencedBy">
<titleInfo>
<title>United States House Bill 1301  (115th Congress)</title>
</titleInfo>
<identifier type="Congressional Bill citation">H.R. 1301</identifier>
<extension>
<congress>115</congress>
<context>OTHER</context>
</extension>
</relatedItem>
<relatedItem type="isReferencedBy">
<titleInfo>
<title>United States House Bill 1892  (115th Congress)</title>
</titleInfo>
<identifier type="Congressional Bill citation">H.R. 1892</identifier>
<extension>
<congress>115</congress>
<context>FIRSTPARAGRAPH</context>
</extension>
</relatedItem>
<relatedItem type="isReferencedBy">
<titleInfo>
<title>United States House Bill 1892  (115th Congress)</title>
</titleInfo>
<identifier type="Congressional Bill citation">H.R. 1892</identifier>
<extension>
<congress>115</congress>
<context>OTHER</context>
</extension>
</relatedItem>
<relatedItem type="isReferencedBy">
<titleInfo>
<title>United States Code</title>
<partNumber>Title 4 Section 7(m)</partNumber>
</titleInfo>
<identifier type="USC citation">4 U.S.C. 7(m)</identifier>
</relatedItem>
<relatedItem type="isReferencedBy">
<titleInfo>
<title>United States Code</title>
<partNumber>Title 34 Section 10284</partNumber>
</titleInfo>
<identifier type="USC citation">34 U.S.C. 10284</identifier>
</relatedItem>
<relatedItem>
<titleInfo>
<title>United States Public Law 115-56</title>
</titleInfo>
<identifier type="public law citation">Public Law 115-56</identifier>
</relatedItem>
<relatedItem ID="P0b002ee19860d293" type="host">
<titleInfo>
<title>Congressional Record</title>
<partNumber>Vol. 164, no. 26</partNumber>
</titleInfo>
<location>
<url access="object in context" displayLabel="Content Detail">https://www.gpo.gov/fdsys/pkg/CREC-2018-02-09/content-detail.html</url>
<url access="raw object" displayLabel="PDF rendition">https://www.gpo.gov/fdsys/pkg/CREC-2018-02-09/pdf/CREC-2018-02-09.pdf</url>
</location>
<part type="issue">
<extent unit="pages">
<start>S847</start>
<end>S853</end>
</extent>
<extent unit="pages">
<start>D141</start>
<end>D144</end>
</extent>
</part>
<originInfo>
<publisher>U.S. Government Publishing Office</publisher>
<dateIssued encoding="w3cdtf">2018-02-09</dateIssued>
<issuance>continuing</issuance>
<frequency authority="marcfrequency">daily</frequency>
</originInfo>
<physicalDescription>
<note type="source content type">deposited</note>
<digitalOrigin>born digital</digitalOrigin>
<extent>22 p.</extent>
</physicalDescription>
<classification authority="sudocs">X 1.1/A:</classification>
<classification authority="sudocs">X/A.</classification>
<identifier type="uri">https://www.gpo.gov/fdsys/pkg/CREC-2018-02-09</identifier>
<identifier type="local">P0b002ee19860d293</identifier>
<identifier type="stock number">752-002-00000-2</identifier>
<identifier type="ILS system id">000568013</identifier>
<identifier type="former package identifier">cr09fe18</identifier>
<recordInfo>
<recordContentSource authority="marcorg">DGPO</recordContentSource>
<recordCreationDate encoding="w3cdtf">2018-02-10</recordCreationDate>
<recordChangeDate encoding="w3cdtf">2018-02-10</recordChangeDate>
<recordIdentifier source="DGPO">CREC-2018-02-09</recordIdentifier>
<recordOrigin>machine generated</recordOrigin>
<languageOfCataloging>
<languageTerm authority="iso639-2b" type="code">eng</languageTerm>
</languageOfCataloging>
</recordInfo>
<accessCondition type="GPO scope determination">fdlp</accessCondition>
<extension>
<docClass>CREC</docClass>
<accessId>CREC-2018-02-09</accessId>
<volume>164</volume>
<issue>26</issue>
<congress>115</congress>
<session>2</session>
<bookCount>1</bookCount>
</extension>
</relatedItem>
</mods>