<mods ID="id-CREC-2018-02-06-pt1-PgH790-4" version="3.3" xmlns="http://www.loc.gov/mods/v3" xmlns:exslt="http://exslt.org/common" xmlns:xlink="http://www.w3.org/1999/xlink" xmlns:xsi="http://www.w3.org/2001/XMLSchema-instance" xsi:schemaLocation="http://www.loc.gov/mods/v3 http://www.loc.gov/standards/mods/v3/mods-3-3.xsd">
<name type="corporate">
<namePart>United States Government Publishing Office</namePart>
<role>
<roleTerm authority="marcrelator" type="text">publisher</roleTerm>
<roleTerm authority="marcrelator" type="code">pbl</roleTerm>
</role>
<role>
<roleTerm authority="marcrelator" type="text">distributor</roleTerm>
<roleTerm authority="marcrelator" type="code">dst</roleTerm>
</role>
</name>
<name type="corporate">
<namePart>United States</namePart>
<namePart>Congress</namePart>
<role>
<roleTerm authority="marcrelator" type="text">author</roleTerm>
<roleTerm authority="marcrelator" type="code">aut</roleTerm>
</role>
<description>Government Organization</description>
</name>
<typeOfResource>text</typeOfResource>
<genre authority="marcgt">government publication</genre>
<language>
<languageTerm authority="iso639-2b" type="code">eng</languageTerm>
</language>
<extension>
<collectionCode>CREC</collectionCode>
<category>Proceedings of Congress and General Congressional Publications</category>
<waisDatabaseName>2018_record</waisDatabaseName>
<branch>legislative</branch>
<dateIngested>2018-02-08</dateIngested>
</extension>
<titleInfo>
<title>PROVIDING FOR CONSIDERATION OF H.R. 772, COMMON SENSE NUTRITION DISCLOSURE ACT OF 2017; PROVIDING FOR CONSIDERATION OF H.R. 1153, MORTGAGE CHOICE ACT OF 2017; PROVIDING FOR CONSIDERATION OF H.R...</title>
<partName>House</partName>
</titleInfo>
<relatedItem type="otherFormat" xlink:href="https://www.gpo.gov/fdsys/pkg/CREC-2018-02-06/html/CREC-2018-02-06-pt1-PgH790-4.htm">
<identifier type="FDsys Unique ID">D09002ee1985b2b6f</identifier>
</relatedItem>
<relatedItem type="otherFormat" xlink:href="https://www.gpo.gov/fdsys/pkg/CREC-2018-02-06/pdf/CREC-2018-02-06-pt1-PgH790-4.pdf">
<identifier type="FDsys Unique ID">D09002ee1985b2c9c</identifier>
</relatedItem>
<identifier type="congressional record citation">164 Cong. Rec. H790</identifier>
<identifier type="uri">https://www.gpo.gov/fdsys/granule/CREC-2018-02-06/CREC-2018-02-06-pt1-PgH790-4</identifier>
<identifier type="former granule identifier">CR06FE18-74</identifier>
<location>
<url access="object in context" displayLabel="Content Detail">https://www.gpo.gov/fdsys/granule/CREC-2018-02-06/CREC-2018-02-06-pt1-PgH790-4/content-detail.html</url>
<url access="raw object" displayLabel="PDF rendition">https://www.gpo.gov/fdsys/pkg/CREC-2018-02-06/pdf/CREC-2018-02-06-pt1-PgH790-4.pdf</url>
<url access="raw object" displayLabel="HTML rendition">https://www.gpo.gov/fdsys/pkg/CREC-2018-02-06/html/CREC-2018-02-06-pt1-PgH790-4.htm</url>
</location>
<physicalDescription>
<extent>5 p.</extent>
</physicalDescription>
<part type="article">
<extent unit="pages">
<start>H790</start>
<end>H794</end>
</extent>
</part>
<name type="personal">
<namePart>Ken Buck</namePart>
<affiliation>United States House of Representatives</affiliation>
<role>
<roleTerm type="text">speaking</roleTerm>
</role>
<description>United States Congress Member</description>
</name>
<name type="personal">
<namePart>Alcee L. Hastings</namePart>
<affiliation>United States House of Representatives</affiliation>
<role>
<roleTerm type="text">speaking</roleTerm>
</role>
<description>United States Congress Member</description>
</name>
<name type="personal">
<namePart>Mia B. Love</namePart>
<affiliation>United States House of Representatives</affiliation>
<role>
<roleTerm type="text">speaking</roleTerm>
</role>
<description>United States Congress Member</description>
</name>
<name type="personal">
<namePart>Ann M. Kuster</namePart>
<affiliation>United States House of Representatives</affiliation>
<role>
<roleTerm type="text">speaking</roleTerm>
</role>
<description>United States Congress Member</description>
</name>
<name type="corporate">
<namePart>United States</namePart>
<namePart>Congress</namePart>
<namePart>House of Representatives</namePart>
<namePart>Committee on Rules</namePart>
<role>
<roleTerm authority="marcrelator" type="text">associated name</roleTerm>
<roleTerm authority="marcrelator" type="code">asn</roleTerm>
</role>
<description>Government Organization</description>
</name>
<name type="corporate">
<namePart>United States</namePart>
<namePart>Congress</namePart>
<namePart>House of Representatives</namePart>
<namePart>Committee on Energy and Commerce</namePart>
<role>
<roleTerm authority="marcrelator" type="text">associated name</roleTerm>
<roleTerm authority="marcrelator" type="code">asn</roleTerm>
</role>
<description>Government Organization</description>
</name>
<name type="corporate">
<namePart>United States</namePart>
<namePart>Congress</namePart>
<namePart>House of Representatives</namePart>
<namePart>Committee on Financial Services</namePart>
<role>
<roleTerm authority="marcrelator" type="text">associated name</roleTerm>
<roleTerm authority="marcrelator" type="code">asn</roleTerm>
</role>
<description>Government Organization</description>
</name>
<identifier type="preferred citation">164 Cong. Rec. H790</identifier>
<extension>
<searchTitle>PROVIDING FOR CONSIDERATION OF H.R. 772, COMMON SENSE NUTRITION DISCLOSURE ACT OF 2017; PROVIDING FOR CONSIDERATION OF H.R. 1153, MORTGAGE CHOICE ACT OF 2017; PROVIDING FOR CONSIDERATION OF H.R...; Congressional Record Vol. 164, No. 23</searchTitle>
<associatedBills>H. Res. 725, 115th Congress
        </associatedBills>
<granuleClass>HOUSE</granuleClass>
<accessId>CREC-2018-02-06-pt1-PgH790-4</accessId>
<subGranuleClass>ALLOTHER</subGranuleClass>
<pagePrefix>H</pagePrefix>
<bookNumber>1</bookNumber>
<chamber>HOUSE</chamber>
<granuleDate>2018-02-06</granuleDate>
<time from="10:00:00" to="10:45:00"/>
<bill congress="115" context="HEADERLINE" number="725" type="HRES"/>
<bill congress="115" context="FIRSTPARAGRAPH" number="725" type="HRES"/>
<bill congress="115" context="OTHER" number="725" type="HRES"/>
<bill congress="115" context="TITLE" number="772" type="HR"/>
<bill congress="115" context="OTHER" number="772" type="HR"/>
<bill congress="115" context="TITLE" number="1153" type="HR"/>
<bill congress="115" context="OTHER" number="1153" type="HR"/>
<bill congress="115" context="TITLE" number="4771" type="HR"/>
<bill congress="115" context="OTHER" number="4771" type="HR"/>
<bill congress="115" context="OTHER" number="4938" type="HR"/>
<congCommittee authorityId="hsru00" chamber="H" congress="115" type="S">
<name type="authority-standard">Committee on Rules</name>
<name type="authority-short">Rules</name>
</congCommittee>
<congCommittee authorityId="hsif00" chamber="H" congress="115" type="S">
<name type="authority-standard">Committee on Energy and Commerce</name>
<name type="authority-short">Energy and Commerce</name>
</congCommittee>
<congCommittee authorityId="hsba00" chamber="H" congress="115" type="S">
<name type="authority-standard">Committee on Financial Services</name>
<name type="authority-short">Financial Services</name>
</congCommittee>
<congMember authorityId="2233" bioGuideId="B001297" chamber="H" congress="115" party="R" role="SPEAKING" state="CO">
<name type="parsed">Mr. BUCK</name>
<name type="authority-fnf">Ken Buck</name>
<name type="authority-lnf">Buck, Ken</name>
</congMember>
<congMember authorityId="511" bioGuideId="H000324" chamber="H" congress="115" gpoId="7895" party="D" role="SPEAKING" state="FL">
<name type="parsed">Mr. HASTINGS</name>
<name type="authority-fnf">Alcee L. Hastings</name>
<name type="authority-lnf">Hastings, Alcee L.</name>
<name type="authority-other">Alcee Hastings</name>
</congMember>
<congMember authorityId="2271" bioGuideId="L000584" chamber="H" congress="115" party="R" role="SPEAKING" state="UT">
<name type="parsed">Mrs. LOVE</name>
<name type="authority-fnf">Mia B. Love</name>
<name type="authority-lnf">Love, Mia B.</name>
<name type="authority-other">Mrs. Mia Love</name>
</congMember>
<congMember authorityId="2145" bioGuideId="K000382" chamber="H" congress="115" party="D" role="SPEAKING" state="NH">
<name type="parsed">Ms. KUSTER of New Hampshire</name>
<name type="authority-fnf">Ann M. Kuster</name>
<name type="authority-lnf">Kuster, Ann M.</name>
<name type="authority-other">Ms. Ann Kuster</name>
</congMember>
</extension>
<relatedItem type="isReferencedBy">
<titleInfo>
<title>United States House Resolution 725  (115th Congress)</title>
</titleInfo>
<identifier type="Congressional Bill citation">H. Res. 725</identifier>
<extension>
<congress>115</congress>
<context>HEADERLINE</context>
</extension>
</relatedItem>
<relatedItem type="isReferencedBy">
<titleInfo>
<title>United States House Resolution 725  (115th Congress)</title>
</titleInfo>
<identifier type="Congressional Bill citation">H. Res. 725</identifier>
<extension>
<congress>115</congress>
<context>FIRSTPARAGRAPH</context>
</extension>
</relatedItem>
<relatedItem type="isReferencedBy">
<titleInfo>
<title>United States House Resolution 725  (115th Congress)</title>
</titleInfo>
<identifier type="Congressional Bill citation">H. Res. 725</identifier>
<extension>
<congress>115</congress>
<context>OTHER</context>
</extension>
</relatedItem>
<relatedItem type="isReferencedBy">
<titleInfo>
<title>United States House Bill 772  (115th Congress)</title>
</titleInfo>
<identifier type="Congressional Bill citation">H.R. 772</identifier>
<extension>
<congress>115</congress>
<context>TITLE</context>
</extension>
</relatedItem>
<relatedItem type="isReferencedBy">
<titleInfo>
<title>United States House Bill 772  (115th Congress)</title>
</titleInfo>
<identifier type="Congressional Bill citation">H.R. 772</identifier>
<extension>
<congress>115</congress>
<context>OTHER</context>
</extension>
</relatedItem>
<relatedItem type="isReferencedBy">
<titleInfo>
<title>United States House Bill 1153  (115th Congress)</title>
</titleInfo>
<identifier type="Congressional Bill citation">H.R. 1153</identifier>
<extension>
<congress>115</congress>
<context>TITLE</context>
</extension>
</relatedItem>
<relatedItem type="isReferencedBy">
<titleInfo>
<title>United States House Bill 1153  (115th Congress)</title>
</titleInfo>
<identifier type="Congressional Bill citation">H.R. 1153</identifier>
<extension>
<congress>115</congress>
<context>OTHER</context>
</extension>
</relatedItem>
<relatedItem type="isReferencedBy">
<titleInfo>
<title>United States House Bill 4771  (115th Congress)</title>
</titleInfo>
<identifier type="Congressional Bill citation">H.R. 4771</identifier>
<extension>
<congress>115</congress>
<context>TITLE</context>
</extension>
</relatedItem>
<relatedItem type="isReferencedBy">
<titleInfo>
<title>United States House Bill 4771  (115th Congress)</title>
</titleInfo>
<identifier type="Congressional Bill citation">H.R. 4771</identifier>
<extension>
<congress>115</congress>
<context>OTHER</context>
</extension>
</relatedItem>
<relatedItem type="isReferencedBy">
<titleInfo>
<title>United States House Bill 4938  (115th Congress)</title>
</titleInfo>
<identifier type="Congressional Bill citation">H.R. 4938</identifier>
<extension>
<congress>115</congress>
<context>OTHER</context>
</extension>
</relatedItem>
<relatedItem ID="P0b002ee1982b966d" type="host">
<titleInfo>
<title>Congressional Record</title>
<partNumber>Vol. 164, no. 23</partNumber>
</titleInfo>
<location>
<url access="object in context" displayLabel="Content Detail">https://www.gpo.gov/fdsys/pkg/CREC-2018-02-06/content-detail.html</url>
<url access="raw object" displayLabel="PDF rendition">https://www.gpo.gov/fdsys/pkg/CREC-2018-02-06/pdf/CREC-2018-02-06.pdf</url>
</location>
<part type="issue">
<extent unit="pages">
<start>H787</start>
<end>H903</end>
</extent>
<extent unit="pages">
<start>S617</start>
<end>S665</end>
</extent>
<extent unit="pages">
<start>E139</start>
<end>E148</end>
</extent>
<extent unit="pages">
<start>D121</start>
<end>D128</end>
</extent>
</part>
<originInfo>
<publisher>U.S. Government Publishing Office</publisher>
<dateIssued encoding="w3cdtf">2018-02-06</dateIssued>
<issuance>continuing</issuance>
<frequency authority="marcfrequency">daily</frequency>
</originInfo>
<physicalDescription>
<note type="source content type">deposited</note>
<digitalOrigin>born digital</digitalOrigin>
<extent>368 p.</extent>
</physicalDescription>
<classification authority="sudocs">X 1.1/A:</classification>
<classification authority="sudocs">X/A.</classification>
<identifier type="uri">https://www.gpo.gov/fdsys/pkg/CREC-2018-02-06</identifier>
<identifier type="local">P0b002ee1982b966d</identifier>
<identifier type="stock number">752-002-00000-2</identifier>
<identifier type="ILS system id">000568013</identifier>
<identifier type="former package identifier">CR06FE18</identifier>
<recordInfo>
<recordContentSource authority="marcorg">DGPO</recordContentSource>
<recordCreationDate encoding="w3cdtf">2018-02-08</recordCreationDate>
<recordChangeDate encoding="w3cdtf">2018-02-08</recordChangeDate>
<recordIdentifier source="DGPO">CREC-2018-02-06</recordIdentifier>
<recordOrigin>machine generated</recordOrigin>
<languageOfCataloging>
<languageTerm authority="iso639-2b" type="code">eng</languageTerm>
</languageOfCataloging>
</recordInfo>
<accessCondition type="GPO scope determination">fdlp</accessCondition>
<extension>
<docClass>CREC</docClass>
<accessId>CREC-2018-02-06</accessId>
<volume>164</volume>
<issue>23</issue>
<congress>115</congress>
<session>2</session>
<bookCount>1</bookCount>
</extension>
</relatedItem>
</mods>