<mods ID="id-CREC-2018-02-14-pt1-PgH1135-4" version="3.3" xmlns="http://www.loc.gov/mods/v3" xmlns:exslt="http://exslt.org/common" xmlns:xlink="http://www.w3.org/1999/xlink" xmlns:xsi="http://www.w3.org/2001/XMLSchema-instance" xsi:schemaLocation="http://www.loc.gov/mods/v3 http://www.loc.gov/standards/mods/v3/mods-3-3.xsd">
<name type="corporate">
<namePart>United States Government Publishing Office</namePart>
<role>
<roleTerm authority="marcrelator" type="text">publisher</roleTerm>
<roleTerm authority="marcrelator" type="code">pbl</roleTerm>
</role>
<role>
<roleTerm authority="marcrelator" type="text">distributor</roleTerm>
<roleTerm authority="marcrelator" type="code">dst</roleTerm>
</role>
</name>
<name type="corporate">
<namePart>United States</namePart>
<namePart>Congress</namePart>
<role>
<roleTerm authority="marcrelator" type="text">author</roleTerm>
<roleTerm authority="marcrelator" type="code">aut</roleTerm>
</role>
<description>Government Organization</description>
</name>
<typeOfResource>text</typeOfResource>
<genre authority="marcgt">government publication</genre>
<language>
<languageTerm authority="iso639-2b" type="code">eng</languageTerm>
</language>
<extension>
<collectionCode>CREC</collectionCode>
<category>Proceedings of Congress and General Congressional Publications</category>
<waisDatabaseName>2018_record</waisDatabaseName>
<branch>legislative</branch>
<dateIngested>2018-02-15</dateIngested>
</extension>
<titleInfo>
<title>RECOGNIZING COLORADO OLYMPIANS</title>
<partName>House</partName>
</titleInfo>
<relatedItem type="otherFormat" xlink:href="https://www.gpo.gov/fdsys/pkg/CREC-2018-02-14/html/CREC-2018-02-14-pt1-PgH1135-4.htm">
<identifier type="FDsys Unique ID">D09002ee19872d1ed</identifier>
</relatedItem>
<relatedItem type="otherFormat" xlink:href="https://www.gpo.gov/fdsys/pkg/CREC-2018-02-14/pdf/CREC-2018-02-14-pt1-PgH1135-4.pdf">
<identifier type="FDsys Unique ID">D09002ee19872d266</identifier>
</relatedItem>
<identifier type="congressional record citation">164 Cong. Rec. H1135</identifier>
<identifier type="uri">https://www.gpo.gov/fdsys/granule/CREC-2018-02-14/CREC-2018-02-14-pt1-PgH1135-4</identifier>
<identifier type="former granule identifier">cr14fe18-80</identifier>
<location>
<url access="object in context" displayLabel="Content Detail">https://www.gpo.gov/fdsys/granule/CREC-2018-02-14/CREC-2018-02-14-pt1-PgH1135-4/content-detail.html</url>
<url access="raw object" displayLabel="PDF rendition">https://www.gpo.gov/fdsys/pkg/CREC-2018-02-14/pdf/CREC-2018-02-14-pt1-PgH1135-4.pdf</url>
<url access="raw object" displayLabel="HTML rendition">https://www.gpo.gov/fdsys/pkg/CREC-2018-02-14/html/CREC-2018-02-14-pt1-PgH1135-4.htm</url>
</location>
<physicalDescription>
<extent>1 p.</extent>
</physicalDescription>
<part type="article">
<extent unit="pages">
<start>H1135</start>
<end>H1135</end>
</extent>
</part>
<name type="personal">
<namePart>Jared Polis</namePart>
<affiliation>United States House of Representatives</affiliation>
<role>
<roleTerm type="text">speaking</roleTerm>
</role>
<description>United States Congress Member</description>
</name>
<identifier type="preferred citation">164 Cong. Rec. H1135</identifier>
<extension>
<searchTitle>RECOGNIZING COLORADO OLYMPIANS; Congressional Record Vol. 164, No. 29</searchTitle>
<granuleClass>HOUSE</granuleClass>
<accessId>CREC-2018-02-14-pt1-PgH1135-4</accessId>
<subGranuleClass>RECOGNIZING</subGranuleClass>
<pagePrefix>H</pagePrefix>
<bookNumber>1</bookNumber>
<chamber>HOUSE</chamber>
<granuleDate>2018-02-14</granuleDate>
<time from="12:15:00" to="12:15:00"/>
<congMember authorityId="1910" bioGuideId="P000598" chamber="H" congress="115" gpoId="7860" party="D" role="SPEAKING" state="CO">
<name type="parsed">Mr. POLIS</name>
<name type="authority-fnf">Jared Polis</name>
<name type="authority-lnf">Polis, Jared</name>
</congMember>
</extension>
<relatedItem ID="P0b002ee198720ea1" type="host">
<titleInfo>
<title>Congressional Record</title>
<partNumber>Vol. 164, no. 29</partNumber>
</titleInfo>
<location>
<url access="object in context" displayLabel="Content Detail">https://www.gpo.gov/fdsys/pkg/CREC-2018-02-14/content-detail.html</url>
<url access="raw object" displayLabel="PDF rendition">https://www.gpo.gov/fdsys/pkg/CREC-2018-02-14/pdf/CREC-2018-02-14.pdf</url>
</location>
<part type="issue">
<extent unit="pages">
<start>H1129</start>
<end>H1179</end>
</extent>
<extent unit="pages">
<start>S929</start>
<end>S1130</end>
</extent>
<extent unit="pages">
<start>E181</start>
<end>E189</end>
</extent>
<extent unit="pages">
<start>D162</start>
<end>D170</end>
</extent>
</part>
<originInfo>
<publisher>U.S. Government Publishing Office</publisher>
<dateIssued encoding="w3cdtf">2018-02-14</dateIssued>
<issuance>continuing</issuance>
<frequency authority="marcfrequency">daily</frequency>
</originInfo>
<physicalDescription>
<note type="source content type">deposited</note>
<digitalOrigin>born digital</digitalOrigin>
<extent>542 p.</extent>
</physicalDescription>
<classification authority="sudocs">X 1.1/A:</classification>
<classification authority="sudocs">X/A.</classification>
<identifier type="uri">https://www.gpo.gov/fdsys/pkg/CREC-2018-02-14</identifier>
<identifier type="local">P0b002ee198720ea1</identifier>
<identifier type="stock number">752-002-00000-2</identifier>
<identifier type="ILS system id">000568013</identifier>
<identifier type="former package identifier">cr14fe18</identifier>
<recordInfo>
<recordContentSource authority="marcorg">DGPO</recordContentSource>
<recordCreationDate encoding="w3cdtf">2018-02-15</recordCreationDate>
<recordChangeDate encoding="w3cdtf">2018-02-15</recordChangeDate>
<recordIdentifier source="DGPO">CREC-2018-02-14</recordIdentifier>
<recordOrigin>machine generated</recordOrigin>
<languageOfCataloging>
<languageTerm authority="iso639-2b" type="code">eng</languageTerm>
</languageOfCataloging>
</recordInfo>
<accessCondition type="GPO scope determination">fdlp</accessCondition>
<extension>
<docClass>CREC</docClass>
<accessId>CREC-2018-02-14</accessId>
<volume>164</volume>
<issue>29</issue>
<congress>115</congress>
<session>2</session>
<bookCount>1</bookCount>
</extension>
</relatedItem>
</mods>