speaker_id,first_name,last_name,type,party,state,district,bio_guide_id,congress_id
2359,Greg,GIANFORTE,N/A,R,MT,N/A,G000584,115
583,James,INHOFE,SENATOR,R,OK,N/A,I000024,115
583,James,INHOFE,SENATOR,R,OK,N/A,I000024,115
1929,Gary,PETERS,REPRESENTATIVE,D,MI,52,P000595,115
1929,Gary,PETERS,REPRESENTATIVE,D,MI,52,P000595,115
1984,Christopher,COONS,SENATOR,D,DE,N/A,C001088,115
1984,Christopher,COONS,SENATOR,D,DE,N/A,C001088,115
1984,Christopher,COONS,SENATOR,D,DE,N/A,C001088,115
949,Jack,REED,REPRESENTATIVE,D,RI,23,R000122,115
457,Chuck,GRASSLEY,SENATOR,R,IA,N/A,G000386,115
457,Chuck,GRASSLEY,SENATOR,R,IA,N/A,G000386,115
2179,Deb,FISCHER,SENATOR,R,NE,N/A,F000463,115
2289,Ben,SASSE,SENATOR,R,NE,N/A,S001197,115
2289,Ben,SASSE,SENATOR,R,NE,N/A,S001197,115
949,Jack,REED,REPRESENTATIVE,D,RI,23,R000122,115
1395,Mitch,KING,REPRESENTATIVE,R,KY,4,M000355,115
2289,Ben,SASSE,SENATOR,R,NE,N/A,S001197,115
2289,Ben,SASSE,SENATOR,R,NE,N/A,S001197,115
1395,Mitch,KING,REPRESENTATIVE,R,KY,4,M000355,115
949,Jack,REED,REPRESENTATIVE,D,RI,23,R000122,115
2289,Ben,SASSE,SENATOR,R,NE,N/A,S001197,115
949,Jack,REED,REPRESENTATIVE,D,RI,23,R000122,115
1395,Mitch,KING,REPRESENTATIVE,R,KY,4,M000355,115
326,Richard,DURBIN,SENATOR,D,IL,N/A,D000563,115
2310,Salud,CARBAJAL,N/A,D,CA,N/A,C001112,115
1710,Devin,NUNES,REPRESENTATIVE,R,CA,22,N000181,115
854,Richard,NEAL,REPRESENTATIVE,D,MA,1,N000015,115
854,Richard,NEAL,REPRESENTATIVE,D,MA,1,N000015,115
683,Sander,LEVIN,REPRESENTATIVE,D,MI,9,L000263,115
2143,George,HOLDING,REPRESENTATIVE,R,NC,13,H001065,115
854,Richard,NEAL,REPRESENTATIVE,D,MA,1,N000015,115
854,Richard,NEAL,REPRESENTATIVE,D,MA,1,N000015,115
854,Richard,NEAL,REPRESENTATIVE,D,MA,1,N000015,115
854,Richard,NEAL,REPRESENTATIVE,D,MA,1,N000015,115
99,Earl,BLUMENAUER,REPRESENTATIVE,D,OR,3,B000574,115
99,Earl,BLUMENAUER,REPRESENTATIVE,D,OR,3,B000574,115
1749,Jeb,HENSARLING,REPRESENTATIVE,R,TX,5,H001036,115
854,Richard,NEAL,REPRESENTATIVE,D,MA,1,N000015,115
1498,Ron,KIND,REPRESENTATIVE,D,WI,3,K000188,115
1498,Ron,KIND,REPRESENTATIVE,D,WI,3,K000188,115
186,Steve,CHABOT,REPRESENTATIVE,R,OH,1,C000266,115
854,Richard,NEAL,REPRESENTATIVE,D,MA,1,N000015,115
1510,Bill,PASCRELL,REPRESENTATIVE,D,NJ,9,P000096,115
1510,Bill,PASCRELL,REPRESENTATIVE,D,NJ,9,P000096,115
2255,Mark,WALKER,REPRESENTATIVE,R,NC,6,W000819,115
854,Richard,NEAL,REPRESENTATIVE,D,MA,1,N000015,115
303,Lloyd,DOGGETT,REPRESENTATIVE,D,TX,35,D000399,115
854,Richard,NEAL,REPRESENTATIVE,D,MA,1,N000015,115
303,Lloyd,DOGGETT,REPRESENTATIVE,D,TX,35,D000399,115
854,Richard,NEAL,REPRESENTATIVE,D,MA,1,N000015,115
1840,Vern,BUCHANAN,REPRESENTATIVE,R,FL,16,B001260,115
854,Richard,NEAL,REPRESENTATIVE,D,MA,1,N000015,115
2144,Kevin,CRAMER,REPRESENTATIVE,R,ND,0,C001096,115
854,Richard,NEAL,REPRESENTATIVE,D,MA,1,N000015,115
854,Richard,NEAL,REPRESENTATIVE,D,MA,1,N000015,115
2048,James,RENACCI,REPRESENTATIVE,R,OH,16,R000586,115
854,Richard,NEAL,REPRESENTATIVE,D,MA,1,N000015,115
2130,Luke,MESSER,REPRESENTATIVE,R,IN,6,M001189,115
854,Richard,NEAL,REPRESENTATIVE,D,MA,1,N000015,115
854,Richard,NEAL,REPRESENTATIVE,D,MA,1,N000015,115
1853,John,YARMUTH,REPRESENTATIVE,D,KY,3,Y000062,115
854,Richard,NEAL,REPRESENTATIVE,D,MA,1,N000015,115
1806,Kenny,MARCHANT,REPRESENTATIVE,R,TX,24,M001158,115
854,Richard,NEAL,REPRESENTATIVE,D,MA,1,N000015,115
1757,Linda,SANCHEZ,REPRESENTATIVE,D,CA,38,S001156,115
854,Richard,NEAL,REPRESENTATIVE,D,MA,1,N000015,115
1604,Joseph,CROWLEY,REPRESENTATIVE,D,NY,14,C001038,115
1604,Joseph,CROWLEY,REPRESENTATIVE,D,NY,14,C001038,115
208,James,CLYBURN,REPRESENTATIVE,D,SC,6,C000537,115
2026,Andy,HARRIS,REPRESENTATIVE,R,MD,1,H001052,115
2026,Andy,HARRIS,REPRESENTATIVE,R,MD,1,H001052,115
344,Eliot,ENGEL,REPRESENTATIVE,D,NY,16,E000179,115
1468,Kevin,BRADY,REPRESENTATIVE,R,TX,1,B000755,115
1226,Roger,WICKER,SENATOR,R,MS,N/A,W000437,115
1692,John,CORNYN,SENATOR,R,TX,N/A,C001056,115
326,Richard,DURBIN,SENATOR,D,IL,N/A,D000563,115
1896,James,RISCH,SENATOR,R,ID,N/A,R000584,115
326,Richard,DURBIN,SENATOR,D,IL,N/A,D000563,115
2138,Steve,DAINES,SENATOR,R,MT,N/A,D000618,115
326,Richard,DURBIN,SENATOR,D,IL,N/A,D000563,115
2138,Steve,DAINES,SENATOR,R,MT,N/A,D000618,115
1184,Nydia,VELAZQUEZ,REPRESENTATIVE,D,NY,7,V000081,115
2107,Tony,CARDENAS,REPRESENTATIVE,D,CA,29,C001097,115
1226,Roger,WICKER,SENATOR,R,MS,N/A,W000437,115
1900,Jeff,MERKLEY,SENATOR,D,OR,N/A,M001176,115
1791,Virginia,FOXX,REPRESENTATIVE,R,NC,5,F000450,115
2345,Brian,FITZPATRICK,REPRESENTATIVE,R,PA,8,F000466,115
1838,Gus,BILIRAKIS,REPRESENTATIVE,R,FL,12,B001257,115
2097,Donald,PAYNE,REPRESENTATIVE,D,NJ,10,P000604,115
2109,Raul,RUIZ,REPRESENTATIVE,D,CA,36,R000599,115
2032,Vicky,HARTZLER,REPRESENTATIVE,R,MO,4,H001053,115
1855,Tim,WALBERG,REPRESENTATIVE,R,MI,7,W000798,115
2353,Thomas,GARRETT,REPRESENTATIVE,R,VA,5,G000580,115
1878,Steve,COHEN,REPRESENTATIVE,D,TN,9,C001068,115
2194,Cory,BOOKER,SENATOR,D,NJ,N/A,B001288,115
213,Thad,COCHRAN,SENATOR,R,MS,N/A,C000567,115
2336,Ted,BUDD,REPRESENTATIVE,R,NC,1,B001305,115
2288,Mike,ROUNDS,N/A,R,SD,N/A,R000605,115
1692,John,CORNYN,SENATOR,R,TX,N/A,C001056,115
250,Mike,CRAPO,SENATOR,R,ID,N/A,C000880,115
2288,Mike,ROUNDS,N/A,R,SD,N/A,R000605,115
1036,Charles,SCHUMER,SENATOR,D,NY,N/A,S000148,115
326,Richard,DURBIN,SENATOR,D,IL,N/A,D000563,115
2076,Richard,BLUMENTHAL,SENATOR,D,CT,N/A,B001277,115
2076,Richard,BLUMENTHAL,SENATOR,D,CT,N/A,B001277,115
250,Mike,CRAPO,SENATOR,R,ID,N/A,C000880,115
250,Mike,CRAPO,SENATOR,R,ID,N/A,C000880,115
326,Richard,DURBIN,SENATOR,D,IL,N/A,D000563,115
1602,Grace,NAPOLITANO,REPRESENTATIVE,D,CA,32,N000179,115
854,Richard,NEAL,REPRESENTATIVE,D,MA,1,N000015,115
854,Richard,NEAL,REPRESENTATIVE,D,MA,1,N000015,115
1892,Steve,SCALISE,REPRESENTATIVE,R,LA,1,S001176,115
1892,Steve,SCALISE,REPRESENTATIVE,R,LA,1,S001176,115
854,Richard,NEAL,REPRESENTATIVE,D,MA,1,N000015,115
566,Steny,HOYER,REPRESENTATIVE,D,MD,5,H000874,115
566,Steny,HOYER,REPRESENTATIVE,D,MD,5,H000874,115
566,Steny,HOYER,REPRESENTATIVE,D,MD,5,H000874,115
854,Richard,NEAL,REPRESENTATIVE,D,MA,1,N000015,115
905,Nancy,PELOSI,REPRESENTATIVE,D,CA,12,P000197,115
905,Nancy,PELOSI,REPRESENTATIVE,D,CA,12,P000197,115
854,Richard,NEAL,REPRESENTATIVE,D,MA,1,N000015,115
2152,Brad,WENSTRUP,REPRESENTATIVE,R,OH,2,W000815,115
2270,Brian,BABIN,REPRESENTATIVE,R,TX,36,B001291,115
854,Richard,NEAL,REPRESENTATIVE,D,MA,1,N000015,115
2138,Steve,DAINES,SENATOR,R,MT,N/A,D000618,115
2076,Richard,BLUMENTHAL,SENATOR,D,CT,N/A,B001277,115
1226,Roger,WICKER,SENATOR,R,MS,N/A,W000437,115
326,Richard,DURBIN,SENATOR,D,IL,N/A,D000563,115
1801,Louie,GOHMERT,REPRESENTATIVE,R,TX,1,G000552,115
1801,Louie,GOHMERT,REPRESENTATIVE,R,TX,1,G000552,115
326,Richard,DURBIN,SENATOR,D,IL,N/A,D000563,115
791,Robert,MENENDEZ,SENATOR,D,NJ,N/A,M000639,115
1983,Joe,MANCHIN,SENATOR,D,WV,N/A,M001183,115
1801,Louie,GOHMERT,REPRESENTATIVE,R,TX,1,G000552,115
2223,J.,HILL,REPRESENTATIVE,R,AR,2,H001072,115
