speaker_id,first_name,last_name,type,party,state,district,bio_guide_id,congress_id
1670,John,CULBERSON,REPRESENTATIVE,R,TX,7,C001048,115
1383,Patrick,LEAHY,SENATOR,D,VT,N/A,L000174,115
949,Jack,REED,REPRESENTATIVE,D,RI,23,R000122,115
2138,Steve,DAINES,SENATOR,R,MT,N/A,D000618,115
949,Jack,REED,REPRESENTATIVE,D,RI,23,R000122,115
1541,Susan,COLLINS,REPRESENTATIVE,R,ME,9,C001035,115
1828,Robert,CASEY,SENATOR,D,PA,N/A,C001070,115
326,Richard,DURBIN,SENATOR,D,IL,N/A,D000563,115
1049,Richard,SHELBY,SENATOR,R,AL,N/A,S000320,115
1383,Patrick,LEAHY,SENATOR,D,VT,N/A,L000174,115
2138,Steve,DAINES,SENATOR,R,MT,N/A,D000618,115
1383,Patrick,LEAHY,SENATOR,D,VT,N/A,L000174,115
1694,Lisa,MURKOWSKI,SENATOR,R,AK,N/A,M001153,115
2290,Dan,SULLIVAN,SENATOR,R,AK,N/A,S001198,115
1542,Michael,ENZI,SENATOR,R,WY,N/A,E000285,115
1036,Charles,SCHUMER,SENATOR,D,NY,N/A,S000148,115
1828,Robert,CASEY,SENATOR,D,PA,N/A,C001070,115
1383,Patrick,LEAHY,SENATOR,D,VT,N/A,L000174,115
1965,Michael,BENNET,SENATOR,D,CO,N/A,B001267,114
924,Rob,PORTMAN,SENATOR,R,OH,N/A,P000449,114
1687,John,BOOZMAN,SENATOR,R,AR,N/A,B001236,115
326,Richard,DURBIN,SENATOR,D,IL,N/A,D000563,115
1534,John,THUNE,SENATOR,R,SD,N/A,T000250,115
1687,John,BOOZMAN,SENATOR,R,AR,N/A,B001236,115
