speaker_id,first_name,last_name,type,party,state,district,bio_guide_id,congress_id
2086,Ron,JOHNSON,REPRESENTATIVE,R,WI,4,J000293,115
1036,Charles,SCHUMER,SENATOR,D,NY,N/A,S000148,115
2086,Ron,JOHNSON,REPRESENTATIVE,R,WI,4,J000293,115
1850,Joe,DONNELLY,SENATOR,D,IN,N/A,D000607,115
2086,Ron,JOHNSON,REPRESENTATIVE,R,WI,4,J000293,115
1692,John,CORNYN,SENATOR,R,TX,N/A,C001056,115
2086,Ron,JOHNSON,REPRESENTATIVE,R,WI,4,J000293,115
1825,Bob,CORKER,SENATOR,R,TN,N/A,C001071,115
1825,Bob,CORKER,SENATOR,R,TN,N/A,C001071,115
1825,Bob,CORKER,SENATOR,R,TN,N/A,C001071,115
1692,John,CORNYN,SENATOR,R,TX,N/A,C001056,115
2288,Mike,ROUNDS,N/A,R,SD,N/A,R000605,115
1692,John,CORNYN,SENATOR,R,TX,N/A,C001056,115
2086,Ron,JOHNSON,REPRESENTATIVE,R,WI,4,J000293,115
2086,Ron,JOHNSON,REPRESENTATIVE,R,WI,4,J000293,115
2086,Ron,JOHNSON,REPRESENTATIVE,R,WI,4,J000293,115
2086,Ron,JOHNSON,REPRESENTATIVE,R,WI,4,J000293,115
2086,Ron,JOHNSON,REPRESENTATIVE,R,WI,4,J000293,115
2086,Ron,JOHNSON,REPRESENTATIVE,R,WI,4,J000293,115
2289,Ben,SASSE,SENATOR,R,NE,N/A,S001197,115
2086,Ron,JOHNSON,REPRESENTATIVE,R,WI,4,J000293,115
2086,Ron,JOHNSON,REPRESENTATIVE,R,WI,4,J000293,115
