speaker_id,first_name,last_name,type,party,state,district,bio_guide_id,congress_id
1969,Al,FRANKEN,SENATOR,D,MN,N/A,F000457,115
1863,Dean,HELLER,SENATOR,R,NV,N/A,H001041,115
2223,J.,HILL,REPRESENTATIVE,R,AR,2,H001072,115
2223,J.,HILL,REPRESENTATIVE,R,AR,2,H001072,115
2223,J.,HILL,REPRESENTATIVE,R,AR,2,H001072,115
2223,J.,HILL,REPRESENTATIVE,R,AR,2,H001072,115
2223,J.,HILL,REPRESENTATIVE,R,AR,2,H001072,115
2253,Tom,EMMER,REPRESENTATIVE,R,MN,6,E000294,115
1863,Dean,HELLER,SENATOR,R,NV,N/A,H001041,115
136,Sherrod,BROWN,REPRESENTATIVE,D,OH,26,B000944,115
1825,Bob,CORKER,SENATOR,R,TN,N/A,C001071,115
2067,Blake,FARENTHOLD,REPRESENTATIVE,R,TX,27,F000460,115
2067,Blake,FARENTHOLD,REPRESENTATIVE,R,TX,27,F000460,115
2067,Blake,FARENTHOLD,REPRESENTATIVE,R,TX,27,F000460,115
2345,Brian,FITZPATRICK,REPRESENTATIVE,R,PA,8,F000466,115
2345,Brian,FITZPATRICK,REPRESENTATIVE,R,PA,8,F000466,115
1351,Orrin,HATCH,SENATOR,R,UT,N/A,H000338,115
1863,Dean,HELLER,SENATOR,R,NV,N/A,H001041,115
136,Sherrod,BROWN,REPRESENTATIVE,D,OH,26,B000944,115
1247,Ron,WYDEN,SENATOR,D,OR,N/A,W000779,115
1036,Charles,SCHUMER,SENATOR,D,NY,N/A,S000148,115
859,Bill,NELSON,SENATOR,D,FL,N/A,N000032,115
859,Bill,NELSON,SENATOR,D,FL,N/A,N000032,115
2174,Heidi,HEITKAMP,SENATOR,D,ND,N/A,H001069,115
1383,Patrick,LEAHY,SENATOR,D,VT,N/A,L000174,115
1692,John,CORNYN,SENATOR,R,TX,N/A,C001056,115
326,Richard,DURBIN,SENATOR,D,IL,N/A,D000563,115
1825,Bob,CORKER,SENATOR,R,TN,N/A,C001071,115
791,Robert,MENENDEZ,SENATOR,D,NJ,N/A,M000639,115
457,Chuck,GRASSLEY,SENATOR,R,IA,N/A,G000386,115
457,Chuck,GRASSLEY,SENATOR,R,IA,N/A,G000386,115
1541,Susan,COLLINS,REPRESENTATIVE,R,ME,9,C001035,115
326,Richard,DURBIN,SENATOR,D,IL,N/A,D000563,115
326,Richard,DURBIN,SENATOR,D,IL,N/A,D000563,115
1541,Susan,COLLINS,REPRESENTATIVE,R,ME,9,C001035,115
2138,Steve,DAINES,SENATOR,R,MT,N/A,D000618,115
1332,Dianne,FEINSTEIN,SENATOR,D,CA,N/A,F000062,115
1332,Dianne,FEINSTEIN,SENATOR,D,CA,N/A,F000062,115
1332,Dianne,FEINSTEIN,SENATOR,D,CA,N/A,F000062,115
2138,Steve,DAINES,SENATOR,R,MT,N/A,D000618,115
1383,Patrick,LEAHY,SENATOR,D,VT,N/A,L000174,115
