speaker_id,first_name,last_name,type,party,state,district,bio_guide_id,congress_id
2297,James,COMER,N/A,R,KY,N/A,C001108,115
2361,Ralph,NORMAN,N/A,R,SC,N/A,N000190,115
2350,Jodey,ARRINGTON,N/A,R,TX,N/A,A000375,115
2131,Andy,BARR,REPRESENTATIVE,R,KY,11,B001282,115
1863,Dean,HELLER,SENATOR,R,NV,N/A,H001041,115
2124,Bradley,SCHNEIDER,N/A,D,IL,N/A,S001190,115
1806,Kenny,MARCHANT,REPRESENTATIVE,R,TX,24,M001158,115
1801,Louie,GOHMERT,REPRESENTATIVE,R,TX,1,G000552,115
344,Eliot,ENGEL,REPRESENTATIVE,D,NY,16,E000179,115
1834,Doug,LAMBORN,REPRESENTATIVE,R,CO,5,L000564,115
344,Eliot,ENGEL,REPRESENTATIVE,D,NY,16,E000179,115
1976,Theodore,DEUTCH,REPRESENTATIVE,D,FL,21,D000610,115
344,Eliot,ENGEL,REPRESENTATIVE,D,NY,16,E000179,115
1976,Theodore,DEUTCH,REPRESENTATIVE,D,FL,21,D000610,115
344,Eliot,ENGEL,REPRESENTATIVE,D,NY,16,E000179,115
2338,Josh,GOTTHEIMER,N/A,D,NJ,N/A,G000583,115
344,Eliot,ENGEL,REPRESENTATIVE,D,NY,16,E000179,115
2261,Lee,ZELDIN,REPRESENTATIVE,R,NY,1,Z000017,115
344,Eliot,ENGEL,REPRESENTATIVE,D,NY,16,E000179,115
616,Marcy,KAPTUR,REPRESENTATIVE,D,OH,8,K000009,115
1588,Janice,SCHAKOWSKY,REPRESENTATIVE,D,IL,9,S001145,115
1036,Charles,SCHUMER,SENATOR,D,NY,N/A,S000148,115
326,Richard,DURBIN,SENATOR,D,IL,N/A,D000563,115
1036,Charles,SCHUMER,SENATOR,D,NY,N/A,S000148,115
2097,Donald,PAYNE,REPRESENTATIVE,D,NJ,10,P000604,115
136,Sherrod,BROWN,REPRESENTATIVE,D,OH,26,B000944,115
1984,Christopher,COONS,SENATOR,D,DE,N/A,C001088,115
326,Richard,DURBIN,SENATOR,D,IL,N/A,D000563,115
2316,John,RUTHERFORD,N/A,R,FL,N/A,R000609,115
2316,John,RUTHERFORD,N/A,R,FL,N/A,R000609,115
2316,John,RUTHERFORD,N/A,R,FL,N/A,R000609,115
2316,John,RUTHERFORD,N/A,R,FL,N/A,R000609,115
2264,John,KATKO,REPRESENTATIVE,R,NY,24,K000386,115
850,Jerrold,NADLER,REPRESENTATIVE,D,NY,10,N000002,115
2316,John,RUTHERFORD,N/A,R,FL,N/A,R000609,115
2316,John,RUTHERFORD,N/A,R,FL,N/A,R000609,115
256,Elijah,CUMMINGS,REPRESENTATIVE,D,MD,7,C000984,115
2316,John,RUTHERFORD,N/A,R,FL,N/A,R000609,115
2316,John,RUTHERFORD,N/A,R,FL,N/A,R000609,115
446,Bob,GOODLATTE,REPRESENTATIVE,R,VA,6,G000289,115
2316,John,RUTHERFORD,N/A,R,FL,N/A,R000609,115
2344,Claudia,TENNEY,N/A,R,NY,N/A,T000478,115
326,Richard,DURBIN,SENATOR,D,IL,N/A,D000563,115
344,Eliot,ENGEL,REPRESENTATIVE,D,NY,16,E000179,115
344,Eliot,ENGEL,REPRESENTATIVE,D,NY,16,E000179,115
2137,Ann,WAGNER,REPRESENTATIVE,R,MO,2,W000812,115
1856,Timothy,WALZ,REPRESENTATIVE,D,MN,1,W000799,115
2070,H.,GRIFFITH,REPRESENTATIVE,R,VA,9,G000568,115
2197,Bradley,BYRNE,REPRESENTATIVE,R,AL,1,B001289,115
2197,Bradley,BYRNE,REPRESENTATIVE,R,AL,1,B001289,115
1036,Charles,SCHUMER,SENATOR,D,NY,N/A,S000148,115
1036,Charles,SCHUMER,SENATOR,D,NY,N/A,S000148,115
1692,John,CORNYN,SENATOR,R,TX,N/A,C001056,115
1692,John,CORNYN,SENATOR,R,TX,N/A,C001056,115
326,Richard,DURBIN,SENATOR,D,IL,N/A,D000563,115
326,Richard,DURBIN,SENATOR,D,IL,N/A,D000563,115
924,Rob,PORTMAN,SENATOR,R,OH,N/A,P000449,115
924,Rob,PORTMAN,SENATOR,R,OH,N/A,P000449,115
2290,Dan,SULLIVAN,SENATOR,R,AK,N/A,S001198,115
924,Rob,PORTMAN,SENATOR,R,OH,N/A,P000449,115
2290,Dan,SULLIVAN,SENATOR,R,AK,N/A,S001198,115
2086,Ron,JOHNSON,REPRESENTATIVE,R,WI,4,J000293,115
2086,Ron,JOHNSON,REPRESENTATIVE,R,WI,4,J000293,115
2086,Ron,JOHNSON,REPRESENTATIVE,R,WI,4,J000293,115
1692,John,CORNYN,SENATOR,R,TX,N/A,C001056,115
326,Richard,DURBIN,SENATOR,D,IL,N/A,D000563,115
2290,Dan,SULLIVAN,SENATOR,R,AK,N/A,S001198,115
1801,Louie,GOHMERT,REPRESENTATIVE,R,TX,1,G000552,115
478,Luis,GUTIERREZ,REPRESENTATIVE,D,IL,4,G000535,115
1590,Michael,SIMPSON,REPRESENTATIVE,R,ID,2,S001148,115
344,Eliot,ENGEL,REPRESENTATIVE,D,NY,16,E000179,115
979,Dana,ROHRABACHER,REPRESENTATIVE,R,CA,48,R000409,115
344,Eliot,ENGEL,REPRESENTATIVE,D,NY,16,E000179,115
1604,Joseph,CROWLEY,REPRESENTATIVE,D,NY,14,C001038,115
344,Eliot,ENGEL,REPRESENTATIVE,D,NY,16,E000179,115
1604,Joseph,CROWLEY,REPRESENTATIVE,D,NY,14,C001038,115
344,Eliot,ENGEL,REPRESENTATIVE,D,NY,16,E000179,115
683,Sander,LEVIN,REPRESENTATIVE,D,MI,9,L000263,115
186,Steve,CHABOT,REPRESENTATIVE,R,OH,1,C000266,115
344,Eliot,ENGEL,REPRESENTATIVE,D,NY,16,E000179,115
1588,Janice,SCHAKOWSKY,REPRESENTATIVE,D,IL,9,S001145,115
344,Eliot,ENGEL,REPRESENTATIVE,D,NY,16,E000179,115
344,Eliot,ENGEL,REPRESENTATIVE,D,NY,16,E000179,115
1761,G.,BUTTERFIELD,REPRESENTATIVE,D,NC,1,B001251,115
2056,Tim,SCOTT,REPRESENTATIVE,R,SC,52,S001184,115
457,Chuck,GRASSLEY,SENATOR,R,IA,N/A,G000386,115
457,Chuck,GRASSLEY,SENATOR,R,IA,N/A,G000386,115
2291,Thom,TILLIS,SENATOR,R,NC,N/A,T000476,115
2050,James,LANKFORD,SENATOR,R,OK,N/A,L000575,115
1692,John,CORNYN,SENATOR,R,TX,N/A,C001056,115
2098,Tom,COTTON,SENATOR,R,AR,N/A,C001095,115
1542,Michael,ENZI,SENATOR,R,WY,N/A,E000285,115
1542,Michael,ENZI,SENATOR,R,WY,N/A,E000285,115
1542,Michael,ENZI,SENATOR,R,WY,N/A,E000285,115
1692,John,CORNYN,SENATOR,R,TX,N/A,C001056,115
1692,John,CORNYN,SENATOR,R,TX,N/A,C001056,115
1633,Jeff,FLAKE,SENATOR,R,AZ,N/A,F000444,115
1633,Jeff,FLAKE,SENATOR,R,AZ,N/A,F000444,115
1534,John,THUNE,SENATOR,R,SD,N/A,T000250,115
1010,Bernard,SANDERS,SENATOR,I,VT,N/A,S000033,115
1541,Susan,COLLINS,REPRESENTATIVE,R,ME,9,C001035,115
1541,Susan,COLLINS,REPRESENTATIVE,R,ME,9,C001035,115
2110,Mark,TAKANO,REPRESENTATIVE,D,CA,41,T000472,115
2156,Markwayne,MULLIN,REPRESENTATIVE,R,OK,2,M001190,115
2110,Mark,TAKANO,REPRESENTATIVE,D,CA,41,T000472,115
2110,Mark,TAKANO,REPRESENTATIVE,D,CA,41,T000472,115
326,Richard,DURBIN,SENATOR,D,IL,N/A,D000563,115
344,Eliot,ENGEL,REPRESENTATIVE,D,NY,16,E000179,115
344,Eliot,ENGEL,REPRESENTATIVE,D,NY,16,E000179,115
1818,Albio,SIRES,REPRESENTATIVE,D,NJ,8,S001165,115
2103,Paul,COOK,REPRESENTATIVE,R,CA,8,C001094,115
344,Eliot,ENGEL,REPRESENTATIVE,D,NY,16,E000179,115
344,Eliot,ENGEL,REPRESENTATIVE,D,NY,16,E000179,115
344,Eliot,ENGEL,REPRESENTATIVE,D,NY,16,E000179,115
998,Edward,ROYCE,REPRESENTATIVE,R,CA,39,R000487,115
2316,John,RUTHERFORD,N/A,R,FL,N/A,R000609,115
2316,John,RUTHERFORD,N/A,R,FL,N/A,R000609,115
2316,John,RUTHERFORD,N/A,R,FL,N/A,R000609,115
2316,John,RUTHERFORD,N/A,R,FL,N/A,R000609,115
2250,David,TROTT,REPRESENTATIVE,R,MI,11,T000475,115
2316,John,RUTHERFORD,N/A,R,FL,N/A,R000609,115
850,Jerrold,NADLER,REPRESENTATIVE,D,NY,10,N000002,115
2316,John,RUTHERFORD,N/A,R,FL,N/A,R000609,115
2316,John,RUTHERFORD,N/A,R,FL,N/A,R000609,115
446,Bob,GOODLATTE,REPRESENTATIVE,R,VA,6,G000289,115
2316,John,RUTHERFORD,N/A,R,FL,N/A,R000609,115
2253,Tom,EMMER,REPRESENTATIVE,R,MN,6,E000294,115
2253,Tom,EMMER,REPRESENTATIVE,R,MN,6,E000294,115
2253,Tom,EMMER,REPRESENTATIVE,R,MN,6,E000294,115
2345,Brian,FITZPATRICK,REPRESENTATIVE,R,PA,8,F000466,115
2345,Brian,FITZPATRICK,REPRESENTATIVE,R,PA,8,F000466,115
99,Earl,BLUMENAUER,REPRESENTATIVE,D,OR,3,B000574,115
2350,Jodey,ARRINGTON,N/A,R,TX,N/A,A000375,115
1748,Marsha,BLACKBURN,REPRESENTATIVE,R,TN,7,B001243,115
2269,Will,HURD,REPRESENTATIVE,R,TX,23,H001073,115
1036,Charles,SCHUMER,SENATOR,D,NY,N/A,S000148,115
1984,Christopher,COONS,SENATOR,D,DE,N/A,C001088,115
