speaker_id,first_name,last_name,type,party,state,district,bio_guide_id,congress_id
1247,Ron,WYDEN,SENATOR,D,OR,N/A,W000779,115
174,Benjamin,CARDIN,SENATOR,D,MD,N/A,C000141,115
1608,Johnny,ISAKSON,SENATOR,R,GA,N/A,I000055,115
1036,Charles,SCHUMER,SENATOR,D,NY,N/A,S000148,115
1692,John,CORNYN,SENATOR,R,TX,N/A,C001056,115
1828,Robert,CASEY,SENATOR,D,PA,N/A,C001070,115
1828,Robert,CASEY,SENATOR,D,PA,N/A,C001070,115
859,Bill,NELSON,SENATOR,D,FL,N/A,N000032,115
791,Robert,MENENDEZ,SENATOR,D,NJ,N/A,M000639,115
2194,Cory,BOOKER,SENATOR,D,NJ,N/A,B001288,115
2302,Margaret,HASSAN,N/A,D,NH,N/A,H001076,115
1692,John,CORNYN,SENATOR,R,TX,N/A,C001056,115
1837,Christopher,MURPHY,SENATOR,D,CT,N/A,M001169,115
2303,John,KENNEDY,REPRESENTATIVE,R,LA,4,K000393,115
1881,John,BARRASSO,SENATOR,R,WY,N/A,B001261,115
1881,John,BARRASSO,SENATOR,R,WY,N/A,B001261,115
1998,Cory,GARDNER,N/A,R,CO,N/A,G000562,115
136,Sherrod,BROWN,REPRESENTATIVE,D,OH,26,B000944,115
136,Sherrod,BROWN,REPRESENTATIVE,D,OH,26,B000944,115
136,Sherrod,BROWN,REPRESENTATIVE,D,OH,26,B000944,115
1010,Bernard,SANDERS,SENATOR,I,VT,N/A,S000033,115
1692,John,CORNYN,SENATOR,R,TX,N/A,C001056,115
1900,Jeff,MERKLEY,SENATOR,D,OR,N/A,M001176,115
2056,Tim,SCOTT,REPRESENTATIVE,R,SC,52,S001184,115
1383,Patrick,LEAHY,SENATOR,D,VT,N/A,L000174,115
1332,Dianne,FEINSTEIN,SENATOR,D,CA,N/A,F000062,115
2185,Angus,KING,REPRESENTATIVE,I,ME,4,K000383,115
1534,John,THUNE,SENATOR,R,SD,N/A,T000250,115
2336,Ted,BUDD,REPRESENTATIVE,R,NC,1,B001305,115
2123,Tammy,DUCKWORTH,REPRESENTATIVE,D,IL,8,D000622,115
924,Rob,PORTMAN,SENATOR,R,OH,N/A,P000449,115
2336,Ted,BUDD,REPRESENTATIVE,R,NC,1,B001305,115
1896,James,RISCH,SENATOR,R,ID,N/A,R000584,115
,,CARDIN,SENATOR,D,MD,N/A,99999999999999999,114
,,CARDIN,SENATOR,D,MD,N/A,99999999999999999,114
,,CARDIN,SENATOR,D,MD,N/A,99999999999999999,114
1692,John,CORNYN,SENATOR,R,TX,N/A,C001056,114
2176,Tim,KAINE,SENATOR,D,VA,N/A,K000384,114
2176,Tim,KAINE,SENATOR,D,VA,N/A,K000384,114
1010,Bernard,SANDERS,SENATOR,I,VT,N/A,S000033,114
1866,Kirsten,GILLIBRAND,SENATOR,D,NY,N/A,G000555,114
2084,Marco,RUBIO,SENATOR,R,FL,N/A,R000595,114
2084,Marco,RUBIO,SENATOR,R,FL,N/A,R000595,114
2084,Marco,RUBIO,SENATOR,R,FL,N/A,R000595,114
1692,John,CORNYN,SENATOR,R,TX,N/A,C001056,114
250,Mike,CRAPO,SENATOR,R,ID,N/A,C000880,114
1900,Jeff,MERKLEY,SENATOR,D,OR,N/A,M001176,115
2019,Todd,YOUNG,REPRESENTATIVE,R,IN,0,Y000064,115
2019,Todd,YOUNG,REPRESENTATIVE,R,IN,0,Y000064,115
1692,John,CORNYN,SENATOR,R,TX,N/A,C001056,115
326,Richard,DURBIN,SENATOR,D,IL,N/A,D000563,115
1247,Ron,WYDEN,SENATOR,D,OR,N/A,W000779,115
1036,Charles,SCHUMER,SENATOR,D,NY,N/A,S000148,115
153,Richard,BURR,SENATOR,R,NC,N/A,B001135,115
2291,Thom,TILLIS,SENATOR,R,NC,N/A,T000476,115
153,Richard,BURR,SENATOR,R,NC,N/A,B001135,115
153,Richard,BURR,SENATOR,R,NC,N/A,B001135,115
153,Richard,BURR,SENATOR,R,NC,N/A,B001135,115
1837,Christopher,MURPHY,SENATOR,D,CT,N/A,M001169,115
2176,Tim,KAINE,SENATOR,D,VA,N/A,K000384,115
1247,Ron,WYDEN,SENATOR,D,OR,N/A,W000779,115
1823,Sheldon,WHITEHOUSE,SENATOR,D,RI,N/A,W000802,115
1823,Sheldon,WHITEHOUSE,SENATOR,D,RI,N/A,W000802,115
1823,Sheldon,WHITEHOUSE,SENATOR,D,RI,N/A,W000802,115
2182,Elizabeth,WARREN,SENATOR,D,MA,N/A,W000817,115
2182,Elizabeth,WARREN,SENATOR,D,MA,N/A,W000817,115
924,Rob,PORTMAN,SENATOR,R,OH,N/A,P000449,115
2176,Tim,KAINE,SENATOR,D,VA,N/A,K000384,115
1541,Susan,COLLINS,REPRESENTATIVE,R,ME,9,C001035,115
1937,Martin,HEINRICH,SENATOR,D,NM,N/A,H001046,115
1383,Patrick,LEAHY,SENATOR,D,VT,N/A,L000174,115
2174,Heidi,HEITKAMP,SENATOR,D,ND,N/A,H001069,115
924,Rob,PORTMAN,SENATOR,R,OH,N/A,P000449,115
924,Rob,PORTMAN,SENATOR,R,OH,N/A,P000449,115
1534,John,THUNE,SENATOR,R,SD,N/A,T000250,115
2138,Steve,DAINES,SENATOR,R,MT,N/A,D000618,115
2138,Steve,DAINES,SENATOR,R,MT,N/A,D000618,115
1010,Bernard,SANDERS,SENATOR,I,VT,N/A,S000033,115
735,Edward,MARKEY,SENATOR,D,MA,N/A,M000133,115
735,Edward,MARKEY,SENATOR,D,MA,N/A,M000133,115
1633,Jeff,FLAKE,SENATOR,R,AZ,N/A,F000444,115
457,Chuck,GRASSLEY,SENATOR,R,IA,N/A,G000386,115
1633,Jeff,FLAKE,SENATOR,R,AZ,N/A,F000444,115
1226,Roger,WICKER,SENATOR,R,MS,N/A,W000437,115
1226,Roger,WICKER,SENATOR,R,MS,N/A,W000437,115
1692,John,CORNYN,SENATOR,R,TX,N/A,C001056,115
326,Richard,DURBIN,SENATOR,D,IL,N/A,D000563,115
326,Richard,DURBIN,SENATOR,D,IL,N/A,D000563,115
2050,James,LANKFORD,SENATOR,R,OK,N/A,L000575,115
1850,Joe,DONNELLY,SENATOR,D,IN,N/A,D000607,115
1900,Jeff,MERKLEY,SENATOR,D,OR,N/A,M001176,115
1464,Roy,BLUNT,SENATOR,R,MO,N/A,B000575,115
1464,Roy,BLUNT,SENATOR,R,MO,N/A,B000575,115
1534,John,THUNE,SENATOR,R,SD,N/A,T000250,115
1608,Johnny,ISAKSON,SENATOR,R,GA,N/A,I000055,115
949,Jack,REED,REPRESENTATIVE,D,RI,23,R000122,115
1542,Michael,ENZI,SENATOR,R,WY,N/A,E000285,115
1036,Charles,SCHUMER,SENATOR,D,NY,N/A,S000148,115
1692,John,CORNYN,SENATOR,R,TX,N/A,C001056,115
924,Rob,PORTMAN,SENATOR,R,OH,N/A,P000449,115
326,Richard,DURBIN,SENATOR,D,IL,N/A,D000563,115
1692,John,CORNYN,SENATOR,R,TX,N/A,C001056,115
1692,John,CORNYN,SENATOR,R,TX,N/A,C001056,115
