speaker_id,first_name,last_name,type,party,state,district,bio_guide_id,congress_id
1692,John,CORNYN,SENATOR,R,TX,N/A,C001056,115
1036,Charles,SCHUMER,SENATOR,D,NY,N/A,S000148,115
326,Richard,DURBIN,SENATOR,D,IL,N/A,D000563,115
326,Richard,DURBIN,SENATOR,D,IL,N/A,D000563,115
326,Richard,DURBIN,SENATOR,D,IL,N/A,D000563,115
326,Richard,DURBIN,SENATOR,D,IL,N/A,D000563,115
326,Richard,DURBIN,SENATOR,D,IL,N/A,D000563,115
1692,John,CORNYN,SENATOR,R,TX,N/A,C001056,115
326,Richard,DURBIN,SENATOR,D,IL,N/A,D000563,115
1687,John,BOOZMAN,SENATOR,R,AR,N/A,B001236,115
457,Chuck,GRASSLEY,SENATOR,R,IA,N/A,G000386,115
326,Richard,DURBIN,SENATOR,D,IL,N/A,D000563,115
1687,John,BOOZMAN,SENATOR,R,AR,N/A,B001236,115
735,Edward,MARKEY,SENATOR,D,MA,N/A,M000133,115
735,Edward,MARKEY,SENATOR,D,MA,N/A,M000133,115
1826,Amy,KLOBUCHAR,SENATOR,D,MN,N/A,K000367,115
1826,Amy,KLOBUCHAR,SENATOR,D,MN,N/A,K000367,115
326,Richard,DURBIN,SENATOR,D,IL,N/A,D000563,115
1692,John,CORNYN,SENATOR,R,TX,N/A,C001056,115
326,Richard,DURBIN,SENATOR,D,IL,N/A,D000563,115
99999999999999,,MURKOWSKI,SENATOR,Party information Unavailable,State Info Unavailable,N/A,9999999999999999,115
2182,Elizabeth,WARREN,SENATOR,D,MA,N/A,W000817,115
2182,Elizabeth,WARREN,SENATOR,D,MA,N/A,W000817,115
174,Benjamin,CARDIN,SENATOR,D,MD,N/A,C000141,115
174,Benjamin,CARDIN,SENATOR,D,MD,N/A,C000141,115
172,Maria,CANTWELL,SENATOR,D,WA,N/A,C000127,115
172,Maria,CANTWELL,SENATOR,D,WA,N/A,C000127,115
1541,Susan,COLLINS,REPRESENTATIVE,R,ME,9,C001035,115
1881,John,BARRASSO,SENATOR,R,WY,N/A,B001261,115
1901,Jeanne,SHAHEEN,SENATOR,D,NH,N/A,S001181,115
2182,Elizabeth,KING,REPRESENTATIVE,D,MA,4,W000817,115
2182,Elizabeth,KING,REPRESENTATIVE,D,MA,4,W000817,115
250,Mike,CRAPO,SENATOR,R,ID,N/A,C000880,115
1692,John,CORNYN,SENATOR,R,TX,N/A,C001056,115
326,Richard,DURBIN,SENATOR,D,IL,N/A,D000563,115
2176,Tim,KAINE,SENATOR,D,VA,N/A,K000384,115
1969,Al,FRANKEN,SENATOR,D,MN,N/A,F000457,115
2302,Margaret,HASSAN,N/A,D,NH,N/A,H001076,115
2302,Margaret,HASSAN,N/A,D,NH,N/A,H001076,115
1464,Roy,BLUNT,SENATOR,R,MO,N/A,B000575,115
1464,Roy,BLUNT,SENATOR,R,MO,N/A,B000575,115
2303,John,KENNEDY,REPRESENTATIVE,R,LA,4,K000393,115
1823,Sheldon,WHITEHOUSE,SENATOR,D,RI,N/A,W000802,115
1823,Sheldon,WHITEHOUSE,SENATOR,D,RI,N/A,W000802,115
2084,Marco,RUBIO,SENATOR,R,FL,N/A,R000595,115
1694,Lisa,MURKOWSKI,SENATOR,R,AK,N/A,M001153,115
344,Eliot,ENGEL,REPRESENTATIVE,D,NY,16,E000179,115
2115,Ted,YOHO,REPRESENTATIVE,R,FL,3,Y000065,115
344,Eliot,ENGEL,REPRESENTATIVE,D,NY,16,E000179,115
1838,Gus,BILIRAKIS,REPRESENTATIVE,R,FL,12,B001257,115
1838,Gus,BILIRAKIS,REPRESENTATIVE,R,FL,12,B001257,115
1838,Gus,BILIRAKIS,REPRESENTATIVE,R,FL,12,B001257,115
1856,Timothy,WALZ,REPRESENTATIVE,D,MN,1,W000799,115
1838,Gus,BILIRAKIS,REPRESENTATIVE,R,FL,12,B001257,115
2322,Brian,MAST,N/A,R,FL,N/A,M001199,115
1856,Timothy,WALZ,REPRESENTATIVE,D,MN,1,W000799,115
2110,Mark,TAKANO,REPRESENTATIVE,D,CA,41,T000472,115
1838,Gus,BILIRAKIS,REPRESENTATIVE,R,FL,12,B001257,115
1856,Timothy,WALZ,REPRESENTATIVE,D,MN,1,W000799,115
1838,Gus,BILIRAKIS,REPRESENTATIVE,R,FL,12,B001257,115
2324,A.,FERGUSON,N/A,R,GA,N/A,F000465,115
2324,A.,FERGUSON,N/A,R,GA,N/A,F000465,115
2324,A.,FERGUSON,N/A,R,GA,N/A,F000465,115
868,Eleanor,NORTON,DELEGATE,D,DC,N/A,N000147,115
2324,A.,FERGUSON,N/A,R,GA,N/A,F000465,115
854,Richard,NEAL,REPRESENTATIVE,D,MA,1,N000015,115
1681,Bill,SHUSTER,REPRESENTATIVE,R,PA,9,S001154,115
854,Richard,NEAL,REPRESENTATIVE,D,MA,1,N000015,115
1510,Bill,PASCRELL,REPRESENTATIVE,D,NJ,9,P000096,115
854,Richard,NEAL,REPRESENTATIVE,D,MA,1,N000015,115
1510,Bill,PASCRELL,REPRESENTATIVE,D,NJ,9,P000096,115
854,Richard,NEAL,REPRESENTATIVE,D,MA,1,N000015,115
1510,Bill,PASCRELL,REPRESENTATIVE,D,NJ,9,P000096,115
1749,Jeb,HENSARLING,REPRESENTATIVE,R,TX,5,H001036,115
854,Richard,NEAL,REPRESENTATIVE,D,MA,1,N000015,115
1681,Bill,SHUSTER,REPRESENTATIVE,R,PA,9,S001154,115
1995,Jeff,DENHAM,REPRESENTATIVE,R,CA,10,D000612,115
854,Richard,NEAL,REPRESENTATIVE,D,MA,1,N000015,115
854,Richard,NEAL,REPRESENTATIVE,D,MA,1,N000015,115
1383,Patrick,LEAHY,SENATOR,D,VT,N/A,L000174,115
2298,Dwight,EVANS,N/A,D,PA,N/A,E000296,115
2131,Andy,BARR,REPRESENTATIVE,R,KY,11,B001282,115
2131,Andy,BARR,REPRESENTATIVE,R,KY,11,B001282,115
2131,Andy,BARR,REPRESENTATIVE,R,KY,11,B001282,115
2131,Andy,BARR,REPRESENTATIVE,R,KY,11,B001282,115
854,Richard,NEAL,REPRESENTATIVE,D,MA,1,N000015,115
2131,Andy,BARR,REPRESENTATIVE,R,KY,11,B001282,115
868,Eleanor,NORTON,DELEGATE,D,DC,N/A,N000147,115
2131,Andy,BARR,REPRESENTATIVE,R,KY,11,B001282,115
2131,Andy,BARR,REPRESENTATIVE,R,KY,11,B001282,115
1856,Timothy,WALZ,REPRESENTATIVE,D,MN,1,W000799,115
2131,Andy,BARR,REPRESENTATIVE,R,KY,11,B001282,115
344,Eliot,ENGEL,REPRESENTATIVE,D,NY,16,E000179,115
344,Eliot,ENGEL,REPRESENTATIVE,D,NY,16,E000179,115
1588,Janice,SCHAKOWSKY,REPRESENTATIVE,D,IL,9,S001145,115
344,Eliot,ENGEL,REPRESENTATIVE,D,NY,16,E000179,115
1588,Janice,SCHAKOWSKY,REPRESENTATIVE,D,IL,9,S001145,115
344,Eliot,ENGEL,REPRESENTATIVE,D,NY,16,E000179,115
1687,John,BOOZMAN,SENATOR,R,AR,N/A,B001236,115
2131,Andy,BARR,REPRESENTATIVE,R,KY,11,B001282,115
2131,Andy,BARR,REPRESENTATIVE,R,KY,11,B001282,115
2131,Andy,BARR,REPRESENTATIVE,R,KY,11,B001282,115
2131,Andy,BARR,REPRESENTATIVE,R,KY,11,B001282,115
344,Eliot,ENGEL,REPRESENTATIVE,D,NY,16,E000179,115
2137,Ann,WAGNER,REPRESENTATIVE,R,MO,2,W000812,115
344,Eliot,ENGEL,REPRESENTATIVE,D,NY,16,E000179,115
2115,Ted,YOHO,REPRESENTATIVE,R,FL,3,Y000065,115
344,Eliot,ENGEL,REPRESENTATIVE,D,NY,16,E000179,115
2250,David,TROTT,REPRESENTATIVE,R,MI,11,T000475,115
2141,Robert,PITTENGER,REPRESENTATIVE,R,NC,9,P000606,115
1383,Patrick,LEAHY,SENATOR,D,VT,N/A,L000174,115
2182,Elizabeth,WARREN,SENATOR,D,MA,N/A,W000817,115
1558,Tammy,BALDWIN,SENATOR,D,WI,N/A,B001230,115
1900,Jeff,MERKLEY,SENATOR,D,OR,N/A,M001176,115
1900,Jeff,MERKLEY,SENATOR,D,OR,N/A,M001176,115
2194,Cory,BOOKER,SENATOR,D,NJ,N/A,B001288,115
2194,Cory,BOOKER,SENATOR,D,NJ,N/A,B001288,115
1828,Robert,CASEY,SENATOR,D,PA,N/A,C001070,115
1828,Robert,CASEY,SENATOR,D,PA,N/A,C001070,115
2173,Brian,SCHATZ,SENATOR,D,HI,N/A,S001194,115
1837,Christopher,MURPHY,SENATOR,D,CT,N/A,M001169,115
2173,Brian,SCHATZ,SENATOR,D,HI,N/A,S001194,115
1837,Christopher,MURPHY,SENATOR,D,CT,N/A,M001169,115
2173,Brian,SCHATZ,SENATOR,D,HI,N/A,S001194,115
1837,Christopher,MURPHY,SENATOR,D,CT,N/A,M001169,115
1247,Ron,WYDEN,SENATOR,D,OR,N/A,W000779,115
153,Richard,BURR,SENATOR,R,NC,N/A,B001135,115
2298,Dwight,EVANS,N/A,D,PA,N/A,E000296,115
2023,Cedric,RICHMOND,REPRESENTATIVE,D,LA,2,R000588,115
2298,Dwight,EVANS,N/A,D,PA,N/A,E000296,115
2097,Donald,PAYNE,REPRESENTATIVE,D,NJ,10,P000604,115
2298,Dwight,EVANS,N/A,D,PA,N/A,E000296,115
2298,Dwight,EVANS,N/A,D,PA,N/A,E000296,115
2298,Dwight,EVANS,N/A,D,PA,N/A,E000296,115
2298,Dwight,EVANS,N/A,D,PA,N/A,E000296,115
1811,Gwen,MOORE,SENATOR,D,WI,N/A,M001160,115
2298,Dwight,EVANS,N/A,D,PA,N/A,E000296,115
2298,Dwight,EVANS,N/A,D,PA,N/A,E000296,115
2298,Dwight,EVANS,N/A,D,PA,N/A,E000296,115
2298,Dwight,EVANS,N/A,D,PA,N/A,E000296,115
1881,John,BARRASSO,SENATOR,R,WY,N/A,B001261,115
2344,Claudia,TENNEY,N/A,R,NY,N/A,T000478,115
1534,John,THUNE,SENATOR,R,SD,N/A,T000250,115
2158,Keith,ROTHFUS,REPRESENTATIVE,R,PA,12,R000598,115
2050,James,LANKFORD,SENATOR,R,OK,N/A,L000575,115
2111,Alan,LOWENTHAL,REPRESENTATIVE,D,CA,47,L000579,115
1383,Patrick,LEAHY,SENATOR,D,VT,N/A,L000174,115
1383,Patrick,LEAHY,SENATOR,D,VT,N/A,L000174,115
1542,Michael,ENZI,SENATOR,R,WY,N/A,E000285,115
2165,Roger,WILLIAMS,REPRESENTATIVE,R,TX,25,W000816,115
2153,Joyce,BEATTY,REPRESENTATIVE,D,OH,3,B001281,115
1881,John,BARRASSO,SENATOR,R,WY,N/A,B001261,115
1541,Susan,COLLINS,REPRESENTATIVE,R,ME,9,C001035,115
326,Richard,DURBIN,SENATOR,D,IL,N/A,D000563,115
326,Richard,DURBIN,SENATOR,D,IL,N/A,D000563,115
2138,Steve,DAINES,SENATOR,R,MT,N/A,D000618,115
1930,Erik,PAULSEN,REPRESENTATIVE,R,MN,3,P000594,115
1836,Joe,COURTNEY,REPRESENTATIVE,D,CT,2,C001069,115
2244,Ralph,ABRAHAM,REPRESENTATIVE,R,LA,5,A000374,115
2344,Claudia,TENNEY,N/A,R,NY,N/A,T000478,115
2110,Mark,TAKANO,REPRESENTATIVE,D,CA,41,T000472,115
2354,Pramila,JAYAPAL,N/A,D,WA,N/A,J000298,115
1351,Orrin,HATCH,SENATOR,R,UT,N/A,H000338,115
2149,Hakeem,JEFFRIES,REPRESENTATIVE,D,NY,8,J000294,115
905,Nancy,PELOSI,REPRESENTATIVE,D,CA,12,P000197,115
2345,Brian,FITZPATRICK,REPRESENTATIVE,R,PA,8,F000466,115
2345,Brian,FITZPATRICK,REPRESENTATIVE,R,PA,8,F000466,115
2345,Brian,FITZPATRICK,REPRESENTATIVE,R,PA,8,F000466,115
2325,Raja,KRISHNAMOORTHI,N/A,D,IL,N/A,K000391,115
2076,Richard,BLUMENTHAL,SENATOR,D,CT,N/A,B001277,115
2342,Adriano,ESPAILLAT,N/A,D,NY,N/A,E000297,115
791,Robert,MENENDEZ,SENATOR,D,NJ,N/A,M000639,115
859,Bill,NELSON,SENATOR,D,FL,N/A,N000032,115
1383,Patrick,LEAHY,SENATOR,D,VT,N/A,L000174,115
