speaker_id,first_name,last_name,type,party,state,district,bio_guide_id,congress_id
1930,Erik,PAULSEN,REPRESENTATIVE,R,MN,3,P000594,115
2290,Dan,SULLIVAN,SENATOR,R,AK,N/A,S001198,115
1351,Orrin,HATCH,SENATOR,R,UT,N/A,H000338,115
1828,Robert,CASEY,SENATOR,D,PA,N/A,C001070,115
1036,Charles,SCHUMER,SENATOR,D,NY,N/A,S000148,115
1036,Charles,SCHUMER,SENATOR,D,NY,N/A,S000148,115
1881,John,BARRASSO,SENATOR,R,WY,N/A,B001261,115
174,Benjamin,CARDIN,SENATOR,D,MD,N/A,C000141,115
174,Benjamin,CARDIN,SENATOR,D,MD,N/A,C000141,115
1692,John,CORNYN,SENATOR,R,TX,N/A,C001056,115
1692,John,CORNYN,SENATOR,R,TX,N/A,C001056,115
1929,Gary,PETERS,REPRESENTATIVE,D,MI,52,P000595,115
1929,Gary,PETERS,REPRESENTATIVE,D,MI,52,P000595,115
136,Sherrod,BROWN,REPRESENTATIVE,D,OH,26,B000944,115
136,Sherrod,BROWN,REPRESENTATIVE,D,OH,26,B000944,115
136,Sherrod,BROWN,REPRESENTATIVE,D,OH,26,B000944,115
1226,Roger,WICKER,SENATOR,R,MS,N/A,W000437,115
1226,Roger,WICKER,SENATOR,R,MS,N/A,W000437,115
1226,Roger,WICKER,SENATOR,R,MS,N/A,W000437,115
1692,John,CORNYN,SENATOR,R,TX,N/A,C001056,115
1036,Charles,SCHUMER,SENATOR,D,NY,N/A,S000148,115
1460,Robert,ADERHOLT,REPRESENTATIVE,R,AL,4,A000055,115
2134,Daniel,KILDEE,REPRESENTATIVE,D,MI,5,K000380,115
1351,Orrin,HATCH,SENATOR,R,UT,N/A,H000338,115
1695,Lamar,ALEXANDER,SENATOR,R,TN,N/A,A000360,115
1351,Orrin,HATCH,SENATOR,R,UT,N/A,H000338,115
1984,Christopher,COONS,SENATOR,D,DE,N/A,C001088,115
1351,Orrin,HATCH,SENATOR,R,UT,N/A,H000338,115
2138,Steve,DAINES,SENATOR,R,MT,N/A,D000618,115
2138,Steve,DAINES,SENATOR,R,MT,N/A,D000618,115
1997,Scott,TIPTON,REPRESENTATIVE,R,CO,3,T000470,115
1997,Scott,TIPTON,REPRESENTATIVE,R,CO,3,T000470,115
1997,Scott,TIPTON,REPRESENTATIVE,R,CO,3,T000470,115
1184,Nydia,VELAZQUEZ,REPRESENTATIVE,D,NY,7,V000081,115
1997,Scott,TIPTON,REPRESENTATIVE,R,CO,3,T000470,115
1997,Scott,TIPTON,REPRESENTATIVE,R,CO,3,T000470,115
2290,Dan,SULLIVAN,SENATOR,R,AK,N/A,S001198,115
583,James,INHOFE,SENATOR,R,OK,N/A,I000024,115
1351,Orrin,HATCH,SENATOR,R,UT,N/A,H000338,115
457,Chuck,GRASSLEY,SENATOR,R,IA,N/A,G000386,115
2138,Steve,DAINES,SENATOR,R,MT,N/A,D000618,115
2138,Steve,DAINES,SENATOR,R,MT,N/A,D000618,115
2084,Marco,RUBIO,SENATOR,R,FL,N/A,R000595,115
2084,Marco,RUBIO,SENATOR,R,FL,N/A,R000595,115
1534,John,THUNE,SENATOR,R,SD,N/A,T000250,115
583,James,INHOFE,SENATOR,R,OK,N/A,I000024,115
2138,Steve,DAINES,SENATOR,R,MT,N/A,D000618,115
2138,Steve,DAINES,SENATOR,R,MT,N/A,D000618,115
1823,Sheldon,WHITEHOUSE,SENATOR,D,RI,N/A,W000802,115
1823,Sheldon,WHITEHOUSE,SENATOR,D,RI,N/A,W000802,115
1507,Jerry,MORAN,SENATOR,R,KS,N/A,M000934,115
791,Robert,MENENDEZ,SENATOR,D,NJ,N/A,M000639,115
791,Robert,MENENDEZ,SENATOR,D,NJ,N/A,M000639,115
1896,James,RISCH,SENATOR,R,ID,N/A,R000584,115
1896,James,RISCH,SENATOR,R,ID,N/A,R000584,115
1692,John,CORNYN,SENATOR,R,TX,N/A,C001056,115
2311,Nanette,BARRAGAN,N/A,D,CA,N/A,B001300,115
1351,Orrin,HATCH,SENATOR,R,UT,N/A,H000338,115
2138,Steve,DAINES,SENATOR,R,MT,N/A,D000618,115
2138,Steve,DAINES,SENATOR,R,MT,N/A,D000618,115
2138,Steve,DAINES,SENATOR,R,MT,N/A,D000618,115
2138,Steve,DAINES,SENATOR,R,MT,N/A,D000618,115
1692,John,CORNYN,SENATOR,R,TX,N/A,C001056,115
1823,Sheldon,WHITEHOUSE,SENATOR,D,RI,N/A,W000802,115
2138,Steve,DAINES,SENATOR,R,MT,N/A,D000618,115
326,Richard,DURBIN,SENATOR,D,IL,N/A,D000563,115
1692,John,CORNYN,SENATOR,R,TX,N/A,C001056,115
1692,John,CORNYN,SENATOR,R,TX,N/A,C001056,115
1036,Charles,SCHUMER,SENATOR,D,NY,N/A,S000148,115
1409,Patty,MURRAY,SENATOR,D,WA,N/A,M001111,115
791,Robert,MENENDEZ,SENATOR,D,NJ,N/A,M000639,115
1901,Jeanne,SHAHEEN,SENATOR,D,NH,N/A,S001181,115
1351,Orrin,HATCH,SENATOR,R,UT,N/A,H000338,115
172,Maria,CANTWELL,SENATOR,D,WA,N/A,C000127,115
457,Chuck,GRASSLEY,SENATOR,R,IA,N/A,G000386,115
457,Chuck,GRASSLEY,SENATOR,R,IA,N/A,G000386,115
859,Bill,NELSON,SENATOR,D,FL,N/A,N000032,115
859,Bill,NELSON,SENATOR,D,FL,N/A,N000032,115
1837,Christopher,MURPHY,SENATOR,D,CT,N/A,M001169,115
1900,Jeff,MERKLEY,SENATOR,D,OR,N/A,M001176,115
1881,John,BARRASSO,SENATOR,R,WY,N/A,B001261,115
1464,Roy,BLUNT,SENATOR,R,MO,N/A,B000575,115
1247,Ron,WYDEN,SENATOR,D,OR,N/A,W000779,115
1247,Ron,WYDEN,SENATOR,D,OR,N/A,W000779,115
153,Richard,BURR,SENATOR,R,NC,N/A,B001135,115
1692,John,CORNYN,SENATOR,R,TX,N/A,C001056,115
1692,John,CORNYN,SENATOR,R,TX,N/A,C001056,115
326,Richard,DURBIN,SENATOR,D,IL,N/A,D000563,115
1351,Orrin,HATCH,SENATOR,R,UT,N/A,H000338,115
1351,Orrin,HATCH,SENATOR,R,UT,N/A,H000338,115
1692,John,CORNYN,SENATOR,R,TX,N/A,C001056,115
2138,Steve,DAINES,SENATOR,R,MT,N/A,D000618,115
1383,Patrick,LEAHY,SENATOR,D,VT,N/A,L000174,115
1826,Amy,KLOBUCHAR,SENATOR,D,MN,N/A,K000367,115
