speaker_id,first_name,last_name,type,party,state,district,bio_guide_id,congress_id
1930,Erik,PAULSEN,REPRESENTATIVE,R,MN,3,P000594,115
326,Richard,DURBIN,SENATOR,D,IL,N/A,D000563,115
2134,Daniel,KILDEE,REPRESENTATIVE,D,MI,5,K000380,115
2052,Patrick,MEEHAN,REPRESENTATIVE,R,PA,7,M001181,115
1991,Steve,WOMACK,REPRESENTATIVE,R,AR,3,W000809,115
2065,Bill,FLORES,REPRESENTATIVE,R,TX,17,F000461,115
2021,Kevin,YODER,REPRESENTATIVE,R,KS,3,Y000063,115
2319,Darren,SOTO,N/A,D,FL,N/A,S001200,115
1801,Louie,GOHMERT,REPRESENTATIVE,R,TX,1,G000552,115
1670,John,CULBERSON,REPRESENTATIVE,R,TX,7,C001048,115
1670,John,CULBERSON,REPRESENTATIVE,R,TX,7,C001048,115
1863,Dean,HELLER,SENATOR,R,NV,N/A,H001041,115
1900,Jeff,MERKLEY,SENATOR,D,OR,N/A,M001176,115
1900,Jeff,MERKLEY,SENATOR,D,OR,N/A,M001176,115
136,Sherrod,BROWN,REPRESENTATIVE,D,OH,26,B000944,115
1828,Robert,CASEY,SENATOR,D,PA,N/A,C001070,115
1828,Robert,CASEY,SENATOR,D,PA,N/A,C001070,115
1828,Robert,CASEY,SENATOR,D,PA,N/A,C001070,115
2314,Matt,GAETZ,N/A,R,FL,N/A,G000578,115
2166,Marc,VEASEY,REPRESENTATIVE,D,TX,33,V000131,115
2310,Salud,CARBAJAL,N/A,D,CA,N/A,C001112,115
1801,Louie,GOHMERT,REPRESENTATIVE,R,TX,1,G000552,115
2065,Bill,FLORES,REPRESENTATIVE,R,TX,17,F000461,115
2065,Bill,FLORES,REPRESENTATIVE,R,TX,17,F000461,115
2065,Bill,FLORES,REPRESENTATIVE,R,TX,17,F000461,115
2065,Bill,FLORES,REPRESENTATIVE,R,TX,17,F000461,115
2065,Bill,FLORES,REPRESENTATIVE,R,TX,17,F000461,115
2338,Josh,GOTTHEIMER,N/A,D,NJ,N/A,G000583,115
446,Bob,GOODLATTE,REPRESENTATIVE,R,VA,6,G000289,115
446,Bob,GOODLATTE,REPRESENTATIVE,R,VA,6,G000289,115
446,Bob,GOODLATTE,REPRESENTATIVE,R,VA,6,G000289,115
446,Bob,GOODLATTE,REPRESENTATIVE,R,VA,6,G000289,115
446,Bob,GOODLATTE,REPRESENTATIVE,R,VA,6,G000289,115
1810,David,REICHERT,REPRESENTATIVE,R,WA,8,R000578,115
1510,Bill,PASCRELL,REPRESENTATIVE,D,NJ,9,P000096,115
1510,Bill,PASCRELL,REPRESENTATIVE,D,NJ,9,P000096,115
446,Bob,GOODLATTE,REPRESENTATIVE,R,VA,6,G000289,115
446,Bob,GOODLATTE,REPRESENTATIVE,R,VA,6,G000289,115
446,Bob,GOODLATTE,REPRESENTATIVE,R,VA,6,G000289,115
446,Bob,GOODLATTE,REPRESENTATIVE,R,VA,6,G000289,115
446,Bob,GOODLATTE,REPRESENTATIVE,R,VA,6,G000289,115
2268,John,RATCLIFFE,REPRESENTATIVE,R,TX,4,R000601,115
2268,John,RATCLIFFE,REPRESENTATIVE,R,TX,4,R000601,115
2268,John,RATCLIFFE,REPRESENTATIVE,R,TX,4,R000601,115
446,Bob,GOODLATTE,REPRESENTATIVE,R,VA,6,G000289,115
446,Bob,GOODLATTE,REPRESENTATIVE,R,VA,6,G000289,115
446,Bob,GOODLATTE,REPRESENTATIVE,R,VA,6,G000289,115
446,Bob,GOODLATTE,REPRESENTATIVE,R,VA,6,G000289,115
1041,F.,SENSENBRENNER,REPRESENTATIVE,R,WI,5,S000244,115
446,Bob,GOODLATTE,REPRESENTATIVE,R,VA,6,G000289,115
2332,Jamie,RASKIN,N/A,D,MD,N/A,R000606,115
1912,Mike,COFFMAN,REPRESENTATIVE,R,CO,6,C001077,115
2334,Paul,MITCHELL,N/A,R,MI,N/A,M001201,115
1995,Jeff,DENHAM,REPRESENTATIVE,R,CA,10,D000612,115
2124,Bradley,SCHNEIDER,N/A,D,IL,N/A,S001190,115
2344,Claudia,TENNEY,N/A,R,NY,N/A,T000478,115
2328,Roger,MARSHALL,N/A,R,KS,N/A,M001198,115
2328,Roger,MARSHALL,N/A,R,KS,N/A,M001198,115
2328,Roger,MARSHALL,N/A,R,KS,N/A,M001198,115
2032,Vicky,HARTZLER,REPRESENTATIVE,R,MO,4,H001053,115
2333,Jack,BERGMAN,N/A,R,MI,N/A,B001301,115
2028,Bill,HUIZENGA,REPRESENTATIVE,R,MI,2,H001058,115
446,Bob,GOODLATTE,REPRESENTATIVE,R,VA,6,G000289,115
446,Bob,GOODLATTE,REPRESENTATIVE,R,VA,6,G000289,115
446,Bob,GOODLATTE,REPRESENTATIVE,R,VA,6,G000289,115
229,John,CONYERS,REPRESENTATIVE,D,MI,13,C000714,115
446,Bob,GOODLATTE,REPRESENTATIVE,R,VA,6,G000289,115
229,John,CONYERS,REPRESENTATIVE,D,MI,13,C000714,115
1635,Adam,SCHIFF,REPRESENTATIVE,D,CA,28,S001150,115
446,Bob,GOODLATTE,REPRESENTATIVE,R,VA,6,G000289,115
229,John,CONYERS,REPRESENTATIVE,D,MI,13,C000714,115
229,John,CONYERS,REPRESENTATIVE,D,MI,13,C000714,115
446,Bob,GOODLATTE,REPRESENTATIVE,R,VA,6,G000289,115
1383,Patrick,LEAHY,SENATOR,D,VT,N/A,L000174,115
1383,Patrick,LEAHY,SENATOR,D,VT,N/A,L000174,115
1541,Susan,COLLINS,REPRESENTATIVE,R,ME,9,C001035,115
2315,Neal,DUNN,N/A,R,FL,N/A,D000628,115
2223,J.,HILL,REPRESENTATIVE,R,AR,2,H001072,115
2224,Bruce,WESTERMAN,REPRESENTATIVE,R,AR,4,W000821,115
2113,Scott,PETERS,REPRESENTATIVE,D,CA,52,P000608,115
2302,Margaret,HASSAN,N/A,D,NH,N/A,H001076,115
2320,Val,DEMINGS,N/A,D,FL,N/A,D000627,115
1742,Tom,COLE,REPRESENTATIVE,R,OK,12,C001053,115
1748,Marsha,BLACKBURN,REPRESENTATIVE,R,TN,7,B001243,115
2264,John,KATKO,REPRESENTATIVE,R,NY,24,K000386,115
446,Bob,GOODLATTE,REPRESENTATIVE,R,VA,6,G000289,115
446,Bob,GOODLATTE,REPRESENTATIVE,R,VA,6,G000289,115
446,Bob,GOODLATTE,REPRESENTATIVE,R,VA,6,G000289,115
229,John,CONYERS,REPRESENTATIVE,D,MI,13,C000714,115
446,Bob,GOODLATTE,REPRESENTATIVE,R,VA,6,G000289,115
229,John,CONYERS,REPRESENTATIVE,D,MI,13,C000714,115
446,Bob,GOODLATTE,REPRESENTATIVE,R,VA,6,G000289,115
229,John,CONYERS,REPRESENTATIVE,D,MI,13,C000714,115
446,Bob,GOODLATTE,REPRESENTATIVE,R,VA,6,G000289,115
250,Mike,CRAPO,SENATOR,R,ID,N/A,C000880,115
1959,Gerald,CONNOLLY,REPRESENTATIVE,D,VA,11,C001078,115
1959,Gerald,CONNOLLY,REPRESENTATIVE,D,VA,11,C001078,115
1959,Gerald,CONNOLLY,REPRESENTATIVE,D,VA,11,C001078,115
1959,Gerald,CONNOLLY,REPRESENTATIVE,D,VA,11,C001078,115
446,Bob,GOODLATTE,REPRESENTATIVE,R,VA,6,G000289,115
446,Bob,GOODLATTE,REPRESENTATIVE,R,VA,6,G000289,115
446,Bob,GOODLATTE,REPRESENTATIVE,R,VA,6,G000289,115
229,John,CONYERS,REPRESENTATIVE,D,MI,13,C000714,115
446,Bob,GOODLATTE,REPRESENTATIVE,R,VA,6,G000289,115
1986,Martha,ROBY,REPRESENTATIVE,R,AL,2,R000591,115
229,John,CONYERS,REPRESENTATIVE,D,MI,13,C000714,115
446,Bob,GOODLATTE,REPRESENTATIVE,R,VA,6,G000289,115
229,John,CONYERS,REPRESENTATIVE,D,MI,13,C000714,115
446,Bob,GOODLATTE,REPRESENTATIVE,R,VA,6,G000289,115
229,John,CONYERS,REPRESENTATIVE,D,MI,13,C000714,115
446,Bob,GOODLATTE,REPRESENTATIVE,R,VA,6,G000289,115
229,John,CONYERS,REPRESENTATIVE,D,MI,13,C000714,115
446,Bob,GOODLATTE,REPRESENTATIVE,R,VA,6,G000289,115
446,Bob,GOODLATTE,REPRESENTATIVE,R,VA,6,G000289,115
446,Bob,GOODLATTE,REPRESENTATIVE,R,VA,6,G000289,115
229,John,CONYERS,REPRESENTATIVE,D,MI,13,C000714,115
446,Bob,GOODLATTE,REPRESENTATIVE,R,VA,6,G000289,115
2268,John,RATCLIFFE,REPRESENTATIVE,R,TX,4,R000601,115
229,John,CONYERS,REPRESENTATIVE,D,MI,13,C000714,115
446,Bob,GOODLATTE,REPRESENTATIVE,R,VA,6,G000289,115
229,John,CONYERS,REPRESENTATIVE,D,MI,13,C000714,115
229,John,CONYERS,REPRESENTATIVE,D,MI,13,C000714,115
229,John,CONYERS,REPRESENTATIVE,D,MI,13,C000714,115
446,Bob,GOODLATTE,REPRESENTATIVE,R,VA,6,G000289,115
1670,John,CULBERSON,REPRESENTATIVE,R,TX,7,C001048,115
566,Steny,HOYER,REPRESENTATIVE,D,MD,5,H000874,115
566,Steny,HOYER,REPRESENTATIVE,D,MD,5,H000874,115
566,Steny,HOYER,REPRESENTATIVE,D,MD,5,H000874,115
566,Steny,HOYER,REPRESENTATIVE,D,MD,5,H000874,115
566,Steny,HOYER,REPRESENTATIVE,D,MD,5,H000874,115
566,Steny,HOYER,REPRESENTATIVE,D,MD,5,H000874,115
566,Steny,HOYER,REPRESENTATIVE,D,MD,5,H000874,115
566,Steny,HOYER,REPRESENTATIVE,D,MD,5,H000874,115
2315,Neal,DUNN,N/A,R,FL,N/A,D000628,115
2283,Joni,ERNST,SENATOR,R,IA,N/A,E000295,115
2176,Tim,KAINE,SENATOR,D,VA,N/A,K000384,115
