speaker_id,first_name,last_name,type,party,state,district,bio_guide_id,congress_id
414,Rodney,FRELINGHUYSEN,REPRESENTATIVE,R,NJ,11,F000372,115
1692,John,CORNYN,SENATOR,R,TX,N/A,C001056,115
1036,Charles,SCHUMER,SENATOR,D,NY,N/A,S000148,115
2056,Tim,SCOTT,REPRESENTATIVE,R,SC,52,S001184,115
1936,Leonard,LANCE,REPRESENTATIVE,R,NJ,7,L000567,115
414,Rodney,FRELINGHUYSEN,REPRESENTATIVE,R,NJ,11,F000372,115
1937,Martin,HEINRICH,SENATOR,D,NM,N/A,H001046,115
1567,Tom,UDALL,SENATOR,D,NM,N/A,U000039,115
2182,Elizabeth,WARREN,SENATOR,D,MA,N/A,W000817,115
2182,Elizabeth,WARREN,SENATOR,D,MA,N/A,W000817,115
1881,John,BARRASSO,SENATOR,R,WY,N/A,B001261,115
1881,John,BARRASSO,SENATOR,R,WY,N/A,B001261,115
1826,Amy,KLOBUCHAR,SENATOR,D,MN,N/A,K000367,115
1036,Charles,SCHUMER,SENATOR,D,NY,N/A,S000148,115
1826,Amy,KLOBUCHAR,SENATOR,D,MN,N/A,K000367,115
2056,Tim,SCOTT,REPRESENTATIVE,R,SC,52,S001184,115
1866,Kirsten,GILLIBRAND,SENATOR,D,NY,N/A,G000555,115
1866,Kirsten,GILLIBRAND,SENATOR,D,NY,N/A,G000555,115
2123,Tammy,DUCKWORTH,REPRESENTATIVE,D,IL,8,D000622,115
2174,Heidi,HEITKAMP,SENATOR,D,ND,N/A,H001069,115
1866,Kirsten,GILLIBRAND,SENATOR,D,NY,N/A,G000555,115
1464,Roy,BLUNT,SENATOR,R,MO,N/A,B000575,115
1464,Roy,BLUNT,SENATOR,R,MO,N/A,B000575,115
1676,Shelley,CAPITO,N/A,R,WV,N/A,C001047,115
2019,Todd,YOUNG,REPRESENTATIVE,R,IN,0,Y000064,115
2303,John,KENNEDY,REPRESENTATIVE,R,LA,4,K000393,115
2303,John,KENNEDY,REPRESENTATIVE,R,LA,4,K000393,115
1829,Jon,TESTER,SENATOR,D,MT,N/A,T000464,115
1900,Jeff,MERKLEY,SENATOR,D,OR,N/A,M001176,115
1900,Jeff,MERKLEY,SENATOR,D,OR,N/A,M001176,115
1694,Lisa,MURKOWSKI,SENATOR,R,AK,N/A,M001153,115
1694,Lisa,MURKOWSKI,SENATOR,R,AK,N/A,M001153,115
1692,John,CORNYN,SENATOR,R,TX,N/A,C001056,115
1692,John,CORNYN,SENATOR,R,TX,N/A,C001056,115
1594,Patrick,TOOMEY,SENATOR,R,PA,N/A,T000461,115
1594,Patrick,TOOMEY,SENATOR,R,PA,N/A,T000461,115
859,Bill,NELSON,SENATOR,D,FL,N/A,N000032,115
2084,Marco,RUBIO,SENATOR,R,FL,N/A,R000595,115
457,Chuck,GRASSLEY,SENATOR,R,IA,N/A,G000386,115
2175,Ted,CRUZ,SENATOR,R,TX,N/A,C001098,115
457,Chuck,GRASSLEY,SENATOR,R,IA,N/A,G000386,115
457,Chuck,GRASSLEY,SENATOR,R,IA,N/A,G000386,115
1531,Debbie,STABENOW,SENATOR,D,MI,N/A,S000770,115
2283,Joni,ERNST,SENATOR,R,IA,N/A,E000295,115
1826,Amy,KLOBUCHAR,SENATOR,D,MN,N/A,K000367,115
457,Chuck,GRASSLEY,SENATOR,R,IA,N/A,G000386,115
457,Chuck,GRASSLEY,SENATOR,R,IA,N/A,G000386,115
2175,Ted,CRUZ,SENATOR,R,TX,N/A,C001098,115
457,Chuck,GRASSLEY,SENATOR,R,IA,N/A,G000386,115
179,Thomas,CARPER,SENATOR,D,DE,N/A,C000174,115
326,Richard,DURBIN,SENATOR,D,IL,N/A,D000563,115
1826,Amy,KLOBUCHAR,SENATOR,D,MN,N/A,K000367,115
1983,Joe,MANCHIN,SENATOR,D,WV,N/A,M001183,115
2288,Mike,ROUNDS,N/A,R,SD,N/A,R000605,115
949,Jack,REED,REPRESENTATIVE,D,RI,23,R000122,115
1541,Susan,COLLINS,REPRESENTATIVE,R,ME,9,C001035,115
1036,Charles,SCHUMER,SENATOR,D,NY,N/A,S000148,115
1036,Charles,SCHUMER,SENATOR,D,NY,N/A,S000148,115
326,Richard,DURBIN,SENATOR,D,IL,N/A,D000563,115
1984,Christopher,COONS,SENATOR,D,DE,N/A,C001088,115
1984,Christopher,COONS,SENATOR,D,DE,N/A,C001088,115
1984,Christopher,COONS,SENATOR,D,DE,N/A,C001088,115
2288,Mike,ROUNDS,N/A,R,SD,N/A,R000605,115
1332,Dianne,FEINSTEIN,SENATOR,D,CA,N/A,F000062,115
2247,Bruce,POLIQUIN,REPRESENTATIVE,R,ME,2,P000611,115
1897,Mark,WARNER,SENATOR,D,VA,N/A,W000805,115
1594,Patrick,TOOMEY,SENATOR,R,PA,N/A,T000461,115
1640,Darrell,ISSA,REPRESENTATIVE,R,CA,49,I000056,115
414,Rodney,FRELINGHUYSEN,REPRESENTATIVE,R,NJ,11,F000372,115
2334,Paul,MITCHELL,N/A,R,MI,N/A,M001201,115
1749,Jeb,HENSARLING,REPRESENTATIVE,R,TX,5,H001036,115
1749,Jeb,HENSARLING,REPRESENTATIVE,R,TX,5,H001036,115
1749,Jeb,HENSARLING,REPRESENTATIVE,R,TX,5,H001036,115
1749,Jeb,HENSARLING,REPRESENTATIVE,R,TX,5,H001036,115
2028,Bill,HUIZENGA,REPRESENTATIVE,R,MI,2,H001058,115
2028,Bill,HUIZENGA,REPRESENTATIVE,R,MI,2,H001058,115
1749,Jeb,HENSARLING,REPRESENTATIVE,R,TX,5,H001036,115
2028,Bill,HUIZENGA,REPRESENTATIVE,R,MI,2,H001058,115
1749,Jeb,HENSARLING,REPRESENTATIVE,R,TX,5,H001036,115
99999999999999,First Name unavailable,LEUTKEMEYER,Type Unavailable,Party Info Unavailable,state info unavailable,District Unavailable,BioGuideID unavailable,CongressID unavailable
1749,Jeb,HENSARLING,REPRESENTATIVE,R,TX,5,H001036,115
2137,Ann,WAGNER,REPRESENTATIVE,R,MO,2,W000812,115
1749,Jeb,HENSARLING,REPRESENTATIVE,R,TX,5,H001036,115
2158,Keith,ROTHFUS,REPRESENTATIVE,R,PA,12,R000598,115
1749,Jeb,HENSARLING,REPRESENTATIVE,R,TX,5,H001036,115
2250,David,TROTT,REPRESENTATIVE,R,MI,11,T000475,115
1749,Jeb,HENSARLING,REPRESENTATIVE,R,TX,5,H001036,115
2250,David,TROTT,REPRESENTATIVE,R,MI,11,T000475,115
1749,Jeb,HENSARLING,REPRESENTATIVE,R,TX,5,H001036,115
2296,Warren,DAVIDSON,N/A,R,OH,N/A,D000626,115
1749,Jeb,HENSARLING,REPRESENTATIVE,R,TX,5,H001036,115
2361,Ralph,NORMAN,N/A,R,SC,N/A,N000190,115
905,Nancy,PELOSI,REPRESENTATIVE,D,CA,12,P000197,115
905,Nancy,PELOSI,REPRESENTATIVE,D,CA,12,P000197,115
905,Nancy,PELOSI,REPRESENTATIVE,D,CA,12,P000197,115
905,Nancy,PELOSI,REPRESENTATIVE,D,CA,12,P000197,115
905,Nancy,PELOSI,REPRESENTATIVE,D,CA,12,P000197,115
905,Nancy,PELOSI,REPRESENTATIVE,D,CA,12,P000197,115
1749,Jeb,HENSARLING,REPRESENTATIVE,R,TX,5,H001036,115
1749,Jeb,HENSARLING,REPRESENTATIVE,R,TX,5,H001036,115
414,Rodney,FRELINGHUYSEN,REPRESENTATIVE,R,NJ,11,F000372,115
326,Richard,DURBIN,SENATOR,D,IL,N/A,D000563,115
457,Chuck,GRASSLEY,SENATOR,R,IA,N/A,G000386,115
1826,Amy,KLOBUCHAR,SENATOR,D,MN,N/A,K000367,115
2340,Ruben,KIHUEN,N/A,D,NV,N/A,K000390,115
1757,Linda,SANCHEZ,REPRESENTATIVE,D,CA,38,S001156,115
2334,Paul,MITCHELL,N/A,R,MI,N/A,M001201,115
1332,Dianne,FEINSTEIN,SENATOR,D,CA,N/A,F000062,115
1692,John,CORNYN,SENATOR,R,TX,N/A,C001056,115
1010,Bernard,SANDERS,SENATOR,I,VT,N/A,S000033,115
2138,Steve,DAINES,SENATOR,R,MT,N/A,D000618,115
457,Chuck,GRASSLEY,SENATOR,R,IA,N/A,G000386,115
1826,Amy,KLOBUCHAR,SENATOR,D,MN,N/A,K000367,115
2076,Richard,BLUMENTHAL,SENATOR,D,CT,N/A,B001277,115
1534,John,THUNE,SENATOR,R,SD,N/A,T000250,115
2008,Rob,WOODALL,REPRESENTATIVE,R,GA,7,W000810,115
1534,John,THUNE,SENATOR,R,SD,N/A,T000250,115
457,Chuck,GRASSLEY,SENATOR,R,IA,N/A,G000386,115
1010,Bernard,SANDERS,SENATOR,I,VT,N/A,S000033,115
1010,Bernard,SANDERS,SENATOR,I,VT,N/A,S000033,115
1633,Jeff,FLAKE,SENATOR,R,AZ,N/A,F000444,115
1534,John,THUNE,SENATOR,R,SD,N/A,T000250,115
172,Maria,CANTWELL,SENATOR,D,WA,N/A,C000127,115
172,Maria,CANTWELL,SENATOR,D,WA,N/A,C000127,115
179,Thomas,CARPER,SENATOR,D,DE,N/A,C000174,115
179,Thomas,CARPER,SENATOR,D,DE,N/A,C000174,115
1247,Ron,WYDEN,SENATOR,D,OR,N/A,W000779,115
859,Bill,NELSON,SENATOR,D,FL,N/A,N000032,115
859,Bill,NELSON,SENATOR,D,FL,N/A,N000032,115
457,Chuck,KING,REPRESENTATIVE,R,IA,4,G000386,115
859,Bill,NELSON,SENATOR,D,FL,N/A,N000032,115
791,Robert,MENENDEZ,SENATOR,D,NJ,N/A,M000639,115
1823,Sheldon,WHITEHOUSE,SENATOR,D,RI,N/A,W000802,115
1900,Jeff,MERKLEY,SENATOR,D,OR,N/A,M001176,115
735,Edward,MARKEY,SENATOR,D,MA,N/A,M000133,115
1409,Patty,MURRAY,SENATOR,D,WA,N/A,M001111,115
2179,Deb,FISCHER,SENATOR,R,NE,N/A,F000463,115
1823,Sheldon,WHITEHOUSE,SENATOR,D,RI,N/A,W000802,115
1823,Sheldon,WHITEHOUSE,SENATOR,D,RI,N/A,W000802,115
174,Benjamin,CARDIN,SENATOR,D,MD,N/A,C000141,115
859,Bill,NELSON,SENATOR,D,FL,N/A,N000032,115
1901,Jeanne,SHAHEEN,SENATOR,D,NH,N/A,S001181,115
1409,Patty,MURRAY,SENATOR,D,WA,N/A,M001111,115
1844,Mazie,HIRONO,SENATOR,D,HI,N/A,H001042,115
1247,Ron,WYDEN,SENATOR,D,OR,N/A,W000779,115
2076,Richard,BLUMENTHAL,SENATOR,D,CT,N/A,B001277,115
1332,Dianne,FEINSTEIN,SENATOR,D,CA,N/A,F000062,115
1823,Sheldon,WHITEHOUSE,SENATOR,D,RI,N/A,W000802,115
1694,Lisa,MURKOWSKI,SENATOR,R,AK,N/A,M001153,115
2290,Dan,SULLIVAN,SENATOR,R,AK,N/A,S001198,115
2363,John,CURTIS,N/A,R,UT,N/A,C001114,115
414,Rodney,FRELINGHUYSEN,REPRESENTATIVE,R,NJ,11,F000372,115
414,Rodney,FRELINGHUYSEN,REPRESENTATIVE,R,NJ,11,F000372,115
414,Rodney,FRELINGHUYSEN,REPRESENTATIVE,R,NJ,11,F000372,115
414,Rodney,FRELINGHUYSEN,REPRESENTATIVE,R,NJ,11,F000372,115
709,Nita,LOWEY,REPRESENTATIVE,D,NY,17,L000480,115
414,Rodney,FRELINGHUYSEN,REPRESENTATIVE,R,NJ,11,F000372,115
709,Nita,LOWEY,REPRESENTATIVE,D,NY,17,L000480,115
414,Rodney,FRELINGHUYSEN,REPRESENTATIVE,R,NJ,11,F000372,115
709,Nita,LOWEY,REPRESENTATIVE,D,NY,17,L000480,115
2229,Pete,AGUILAR,REPRESENTATIVE,D,CA,31,A000371,115
414,Rodney,FRELINGHUYSEN,REPRESENTATIVE,R,NJ,11,F000372,115
709,Nita,LOWEY,REPRESENTATIVE,D,NY,17,L000480,115
905,Nancy,PELOSI,REPRESENTATIVE,D,CA,12,P000197,115
414,Rodney,FRELINGHUYSEN,REPRESENTATIVE,R,NJ,11,F000372,115
709,Nita,LOWEY,REPRESENTATIVE,D,NY,17,L000480,115
414,Rodney,FRELINGHUYSEN,REPRESENTATIVE,R,NJ,11,F000372,115
414,Rodney,FRELINGHUYSEN,REPRESENTATIVE,R,NJ,11,F000372,115
414,Rodney,FRELINGHUYSEN,REPRESENTATIVE,R,NJ,11,F000372,115
2309,Jimmy,PANETTA,N/A,D,CA,N/A,P000613,115
