speaker_id,first_name,last_name,type,party,state,district,bio_guide_id,congress_id
1825,Bob,CORKER,SENATOR,R,TN,N/A,C001071,115
1844,Mazie,HIRONO,SENATOR,D,HI,N/A,H001042,115
2084,Marco,RUBIO,SENATOR,R,FL,N/A,R000595,115
2290,Dan,SULLIVAN,SENATOR,R,AK,N/A,S001198,115
326,Richard,DURBIN,SENATOR,D,IL,N/A,D000563,115
326,Richard,DURBIN,SENATOR,D,IL,N/A,D000563,115
735,Edward,MARKEY,SENATOR,D,MA,N/A,M000133,115
735,Edward,MARKEY,SENATOR,D,MA,N/A,M000133,115
1036,Charles,SCHUMER,SENATOR,D,NY,N/A,S000148,115
735,Edward,MARKEY,SENATOR,D,MA,N/A,M000133,115
2302,Margaret,HASSAN,N/A,D,NH,N/A,H001076,115
735,Edward,MARKEY,SENATOR,D,MA,N/A,M000133,115
136,Sherrod,BROWN,REPRESENTATIVE,D,OH,26,B000944,115
2084,Marco,RUBIO,SENATOR,R,FL,N/A,R000595,115
326,Richard,DURBIN,SENATOR,D,IL,N/A,D000563,115
172,Maria,CANTWELL,SENATOR,D,WA,N/A,C000127,115
1567,Tom,UDALL,SENATOR,D,NM,N/A,U000039,115
1507,Jerry,MORAN,SENATOR,R,KS,N/A,M000934,115
1507,Jerry,MORAN,SENATOR,R,KS,N/A,M000934,115
1507,Jerry,MORAN,SENATOR,R,KS,N/A,M000934,115
1395,Mitch,KING,REPRESENTATIVE,R,KY,4,M000355,115
1395,Mitch,KING,REPRESENTATIVE,R,KY,4,M000355,115
1383,Patrick,LEAHY,SENATOR,D,VT,N/A,L000174,115
1383,Patrick,LEAHY,SENATOR,D,VT,N/A,L000174,115
1383,Patrick,LEAHY,SENATOR,D,VT,N/A,L000174,115
1541,Susan,COLLINS,REPRESENTATIVE,R,ME,9,C001035,115
1541,Susan,COLLINS,REPRESENTATIVE,R,ME,9,C001035,115
1036,Charles,SCHUMER,SENATOR,D,NY,N/A,S000148,115
1541,Susan,COLLINS,REPRESENTATIVE,R,ME,9,C001035,115
174,Benjamin,CARDIN,SENATOR,D,MD,N/A,C000141,115
174,Benjamin,CARDIN,SENATOR,D,MD,N/A,C000141,115
2138,Steve,DAINES,SENATOR,R,MT,N/A,D000618,115
2138,Steve,DAINES,SENATOR,R,MT,N/A,D000618,115
2138,Steve,DAINES,SENATOR,R,MT,N/A,D000618,115
1844,Mazie,HIRONO,SENATOR,D,HI,N/A,H001042,115
2138,Steve,DAINES,SENATOR,R,MT,N/A,D000618,115
2079,John,HOEVEN,SENATOR,R,ND,N/A,H001061,115
1844,Mazie,HIRONO,SENATOR,D,HI,N/A,H001042,115
1969,Al,FRANKEN,SENATOR,D,MN,N/A,F000457,115
1965,Michael,BENNET,SENATOR,D,CO,N/A,B001267,115
1036,Charles,SCHUMER,SENATOR,D,NY,N/A,S000148,115
1036,Charles,SCHUMER,SENATOR,D,NY,N/A,S000148,115
1826,Amy,KLOBUCHAR,SENATOR,D,MN,N/A,K000367,115
1692,John,CORNYN,SENATOR,R,TX,N/A,C001056,115
1826,Amy,KLOBUCHAR,SENATOR,D,MN,N/A,K000367,115
1826,Amy,KLOBUCHAR,SENATOR,D,MN,N/A,K000367,115
1692,John,CORNYN,SENATOR,R,TX,N/A,C001056,115
2283,Joni,ERNST,SENATOR,R,IA,N/A,E000295,115
1901,Jeanne,SHAHEEN,SENATOR,D,NH,N/A,S001181,115
1247,Ron,WYDEN,SENATOR,D,OR,N/A,W000779,115
1534,John,THUNE,SENATOR,R,SD,N/A,T000250,115
1608,Johnny,ISAKSON,SENATOR,R,GA,N/A,I000055,115
1829,Jon,TESTER,SENATOR,D,MT,N/A,T000464,114
1829,Jon,TESTER,SENATOR,D,MT,N/A,T000464,115
452,Lindsey,GRAHAM,REPRESENTATIVE,R,SC,2,G000359,115
326,Richard,DURBIN,SENATOR,D,IL,N/A,D000563,115
2084,Marco,RUBIO,SENATOR,R,FL,N/A,R000595,115
1829,Jon,TESTER,SENATOR,D,MT,N/A,T000464,115
1863,Dean,HELLER,SENATOR,R,NV,N/A,H001041,115
1925,Bill,CASSIDY,SENATOR,R,LA,N/A,C001075,115
1925,Bill,CASSIDY,SENATOR,R,LA,N/A,C001075,115
1247,Ron,WYDEN,SENATOR,D,OR,N/A,W000779,115
1247,Ron,WYDEN,SENATOR,D,OR,N/A,W000779,115
924,Rob,PORTMAN,SENATOR,R,OH,N/A,P000449,115
924,Rob,PORTMAN,SENATOR,R,OH,N/A,P000449,115
1695,Lamar,ALEXANDER,SENATOR,R,TN,N/A,A000360,115
1695,Lamar,ALEXANDER,SENATOR,R,TN,N/A,A000360,115
1695,Lamar,ALEXANDER,SENATOR,R,TN,N/A,A000360,115
1409,Patty,MURRAY,SENATOR,D,WA,N/A,M001111,115
326,Richard,DURBIN,SENATOR,D,IL,N/A,D000563,115
1383,Patrick,LEAHY,SENATOR,D,VT,N/A,L000174,115
1409,Patty,MURRAY,SENATOR,D,WA,N/A,M001111,115
2079,John,HOEVEN,SENATOR,R,ND,N/A,H001061,115
2079,John,HOEVEN,SENATOR,R,ND,N/A,H001061,115
859,Bill,NELSON,SENATOR,D,FL,N/A,N000032,115
859,Bill,NELSON,SENATOR,D,FL,N/A,N000032,115
859,Bill,NELSON,SENATOR,D,FL,N/A,N000032,115
859,Bill,NELSON,SENATOR,D,FL,N/A,N000032,115
1692,John,CORNYN,SENATOR,R,TX,N/A,C001056,115
1829,Jon,TESTER,SENATOR,D,MT,N/A,T000464,115
2138,Steve,DAINES,SENATOR,R,MT,N/A,D000618,115
1695,Lamar,ALEXANDER,SENATOR,R,TN,N/A,A000360,115
1695,Lamar,ALEXANDER,SENATOR,R,TN,N/A,A000360,115
1925,Bill,CASSIDY,SENATOR,R,LA,N/A,C001075,115
1695,Lamar,ALEXANDER,SENATOR,R,TN,N/A,A000360,115
1998,Cory,GARDNER,N/A,R,CO,N/A,G000562,115
1998,Cory,GARDNER,N/A,R,CO,N/A,G000562,115
1676,Shelley,CAPITO,N/A,R,WV,N/A,C001047,115
1676,Shelley,CAPITO,N/A,R,WV,N/A,C001047,115
2050,James,LANKFORD,SENATOR,R,OK,N/A,L000575,115
2050,James,LANKFORD,SENATOR,R,OK,N/A,L000575,115
583,James,INHOFE,SENATOR,R,OK,N/A,I000024,115
1464,Roy,BLUNT,SENATOR,R,MO,N/A,B000575,115
1826,Amy,KLOBUCHAR,SENATOR,D,MN,N/A,K000367,115
1823,Sheldon,WHITEHOUSE,SENATOR,D,RI,N/A,W000802,115
136,Sherrod,BROWN,REPRESENTATIVE,D,OH,26,B000944,115
583,James,INHOFE,SENATOR,R,OK,N/A,I000024,115
1036,Charles,SCHUMER,SENATOR,D,NY,N/A,S000148,115
1036,Charles,SCHUMER,SENATOR,D,NY,N/A,S000148,115
1036,Charles,SCHUMER,SENATOR,D,NY,N/A,S000148,115
859,Bill,NELSON,SENATOR,D,FL,N/A,N000032,115
859,Bill,NELSON,SENATOR,D,FL,N/A,N000032,115
174,Benjamin,CARDIN,SENATOR,D,MD,N/A,C000141,115
174,Benjamin,CARDIN,SENATOR,D,MD,N/A,C000141,115
735,Edward,MARKEY,SENATOR,D,MA,N/A,M000133,115
735,Edward,MARKEY,SENATOR,D,MA,N/A,M000133,115
1692,John,CORNYN,SENATOR,R,TX,N/A,C001056,115
1692,John,CORNYN,SENATOR,R,TX,N/A,C001056,115
1676,Shelley,CAPITO,N/A,R,WV,N/A,C001047,115
1676,Shelley,CAPITO,N/A,R,WV,N/A,C001047,115
949,Jack,REED,REPRESENTATIVE,D,RI,23,R000122,115
949,Jack,REED,REPRESENTATIVE,D,RI,23,R000122,115
949,Jack,REED,REPRESENTATIVE,D,RI,23,R000122,115
1351,Orrin,HATCH,SENATOR,R,UT,N/A,H000338,115
1351,Orrin,HATCH,SENATOR,R,UT,N/A,H000338,115
1692,John,CORNYN,SENATOR,R,TX,N/A,C001056,115
326,Richard,DURBIN,SENATOR,D,IL,N/A,D000563,115
2185,Angus,KING,REPRESENTATIVE,I,ME,4,K000383,115
1010,Bernard,SANDERS,SENATOR,I,VT,N/A,S000033,115
1692,John,CORNYN,SENATOR,R,TX,N/A,C001056,115
1937,Martin,HEINRICH,SENATOR,D,NM,N/A,H001046,115
1937,Martin,HEINRICH,SENATOR,D,NM,N/A,H001046,115
1929,Gary,PETERS,REPRESENTATIVE,D,MI,52,P000595,115
1929,Gary,PETERS,REPRESENTATIVE,D,MI,52,P000595,115
1409,Patty,MURRAY,SENATOR,D,WA,N/A,M001111,115
1409,Patty,MURRAY,SENATOR,D,WA,N/A,M001111,115
1409,Patty,MURRAY,SENATOR,D,WA,N/A,M001111,115
326,Richard,DURBIN,SENATOR,D,IL,N/A,D000563,115
326,Richard,DURBIN,SENATOR,D,IL,N/A,D000563,115
1965,Michael,BENNET,SENATOR,D,CO,N/A,B001267,115
1965,Michael,BENNET,SENATOR,D,CO,N/A,B001267,115
326,Richard,DURBIN,SENATOR,D,IL,N/A,D000563,115
326,Richard,DURBIN,SENATOR,D,IL,N/A,D000563,115
2290,Dan,SULLIVAN,SENATOR,R,AK,N/A,S001198,115
2303,John,KENNEDY,REPRESENTATIVE,R,LA,4,K000393,115
1929,Gary,PETERS,REPRESENTATIVE,D,MI,52,P000595,115
1226,Roger,WICKER,SENATOR,R,MS,N/A,W000437,115
1692,John,CORNYN,SENATOR,R,TX,N/A,C001056,115
1633,Jeff,FLAKE,SENATOR,R,AZ,N/A,F000444,115
1633,Jeff,FLAKE,SENATOR,R,AZ,N/A,F000444,115
2019,Todd,YOUNG,REPRESENTATIVE,R,IN,0,Y000064,115
2019,Todd,YOUNG,REPRESENTATIVE,R,IN,0,Y000064,115
1850,Joe,DONNELLY,SENATOR,D,IN,N/A,D000607,115
1036,Charles,SCHUMER,SENATOR,D,NY,N/A,S000148,115
859,Bill,NELSON,SENATOR,D,FL,N/A,N000032,115
1900,Jeff,MERKLEY,SENATOR,D,OR,N/A,M001176,115
172,Maria,CANTWELL,SENATOR,D,WA,N/A,C000127,115
172,Maria,CANTWELL,SENATOR,D,WA,N/A,C000127,115
172,Maria,CANTWELL,SENATOR,D,WA,N/A,C000127,115
172,Maria,CANTWELL,SENATOR,D,WA,N/A,C000127,115
1542,Michael,ENZI,SENATOR,R,WY,N/A,E000285,115
153,Richard,BURR,SENATOR,R,NC,N/A,B001135,115
172,Maria,CANTWELL,SENATOR,D,WA,N/A,C000127,115
1694,Lisa,MURKOWSKI,SENATOR,R,AK,N/A,M001153,115
1694,Lisa,MURKOWSKI,SENATOR,R,AK,N/A,M001153,115
1694,Lisa,MURKOWSKI,SENATOR,R,AK,N/A,M001153,115
1383,Patrick,LEAHY,SENATOR,D,VT,N/A,L000174,115
213,Thad,COCHRAN,SENATOR,R,MS,N/A,C000567,115
1383,Patrick,LEAHY,SENATOR,D,VT,N/A,L000174,115
2098,Tom,COTTON,SENATOR,R,AR,N/A,C001095,115
1829,Jon,TESTER,SENATOR,D,MT,N/A,T000464,115
1829,Jon,TESTER,SENATOR,D,MT,N/A,T000464,115
1226,Roger,WICKER,SENATOR,R,MS,N/A,W000437,115
1692,John,CORNYN,SENATOR,R,TX,N/A,C001056,115
1036,Charles,SCHUMER,SENATOR,D,NY,N/A,S000148,115
1534,John,THUNE,SENATOR,R,SD,N/A,T000250,115
2290,Dan,SULLIVAN,SENATOR,R,AK,N/A,S001198,115
1692,John,CORNYN,SENATOR,R,TX,N/A,C001056,115
326,Richard,DURBIN,SENATOR,D,IL,N/A,D000563,115
1567,Tom,UDALL,SENATOR,D,NM,N/A,U000039,115
1825,Bob,CORKER,SENATOR,R,TN,N/A,C001071,115
1633,Jeff,FLAKE,SENATOR,R,AZ,N/A,F000444,115
1692,John,CORNYN,SENATOR,R,TX,N/A,C001056,115
174,Benjamin,CARDIN,SENATOR,D,MD,N/A,C000141,115
2138,Steve,DAINES,SENATOR,R,MT,N/A,D000618,115
326,Richard,DURBIN,SENATOR,D,IL,N/A,D000563,115
2290,Dan,SULLIVAN,SENATOR,R,AK,N/A,S001198,115
457,Chuck,GRASSLEY,SENATOR,R,IA,N/A,G000386,115
2290,Dan,SULLIVAN,SENATOR,R,AK,N/A,S001198,115
