speaker_id,first_name,last_name,type,party,state,district,bio_guide_id,congress_id
174,Benjamin,CARDIN,SENATOR,D,MD,N/A,C000141,115
1542,Michael,ENZI,SENATOR,R,WY,N/A,E000285,115
1487,Kay,GRANGER,REPRESENTATIVE,R,TX,12,G000377,115
1487,Kay,GRANGER,REPRESENTATIVE,R,TX,12,G000377,115
1487,Kay,GRANGER,REPRESENTATIVE,R,TX,12,G000377,115
1188,Peter,VISCLOSKY,REPRESENTATIVE,D,IN,1,V000108,115
2339,Jacky,ROSEN,N/A,D,NV,N/A,R000608,115
1188,Peter,VISCLOSKY,REPRESENTATIVE,D,IN,1,V000108,115
1879,Peter,WELCH,REPRESENTATIVE,D,VT,0,W000800,115
1188,Peter,VISCLOSKY,REPRESENTATIVE,D,IN,1,V000108,115
2111,Alan,LOWENTHAL,REPRESENTATIVE,D,CA,47,L000579,115
1188,Peter,VISCLOSKY,REPRESENTATIVE,D,IN,1,V000108,115
2251,Debbie,DINGELL,REPRESENTATIVE,D,MI,12,D000624,115
1188,Peter,VISCLOSKY,REPRESENTATIVE,D,IN,1,V000108,115
1927,Chellie,PINGREE,REPRESENTATIVE,D,ME,1,P000597,115
1188,Peter,VISCLOSKY,REPRESENTATIVE,D,IN,1,V000108,115
1487,Kay,GRANGER,REPRESENTATIVE,R,TX,12,G000377,115
2319,Darren,SOTO,N/A,D,FL,N/A,S001200,115
1668,James,LANGEVIN,REPRESENTATIVE,D,RI,2,L000559,115
1668,James,LANGEVIN,REPRESENTATIVE,D,RI,2,L000559,115
1668,James,LANGEVIN,REPRESENTATIVE,D,RI,2,L000559,115
1487,Kay,GRANGER,REPRESENTATIVE,R,TX,12,G000377,115
1188,Peter,VISCLOSKY,REPRESENTATIVE,D,IN,1,V000108,115
1188,Peter,VISCLOSKY,REPRESENTATIVE,D,IN,1,V000108,115
2312,J.,CORREA,N/A,D,CA,N/A,C001110,115
1188,Peter,VISCLOSKY,REPRESENTATIVE,D,IN,1,V000108,115
1668,James,LANGEVIN,REPRESENTATIVE,D,RI,2,L000559,115
2341,Thomas,SUOZZI,N/A,D,NY,N/A,S001201,115
2341,Thomas,SUOZZI,N/A,D,NY,N/A,S001201,115
1487,Kay,GRANGER,REPRESENTATIVE,R,TX,12,G000377,115
1487,Kay,GRANGER,REPRESENTATIVE,R,TX,12,G000377,115
2341,Thomas,SUOZZI,N/A,D,NY,N/A,S001201,115
2341,Thomas,SUOZZI,N/A,D,NY,N/A,S001201,115
1188,Peter,VISCLOSKY,REPRESENTATIVE,D,IN,1,V000108,115
2341,Thomas,SUOZZI,N/A,D,NY,N/A,S001201,115
1487,Kay,GRANGER,REPRESENTATIVE,R,TX,12,G000377,115
2341,Thomas,SUOZZI,N/A,D,NY,N/A,S001201,115
2345,Brian,FITZPATRICK,REPRESENTATIVE,R,PA,8,F000466,115
1487,Kay,GRANGER,REPRESENTATIVE,R,TX,12,G000377,115
1487,Kay,GRANGER,REPRESENTATIVE,R,TX,12,G000377,115
2276,Glenn,GROTHMAN,REPRESENTATIVE,R,WI,6,G000576,115
2276,Glenn,GROTHMAN,REPRESENTATIVE,R,WI,6,G000576,115
2276,Glenn,GROTHMAN,REPRESENTATIVE,R,WI,6,G000576,115
1487,Kay,GRANGER,REPRESENTATIVE,R,TX,12,G000377,115
2276,Glenn,GROTHMAN,REPRESENTATIVE,R,WI,6,G000576,115
2315,Neal,DUNN,N/A,R,FL,N/A,D000628,115
2315,Neal,DUNN,N/A,R,FL,N/A,D000628,115
1487,Kay,GRANGER,REPRESENTATIVE,R,TX,12,G000377,115
2315,Neal,DUNN,N/A,R,FL,N/A,D000628,115
1487,Kay,GRANGER,REPRESENTATIVE,R,TX,12,G000377,115
2315,Neal,DUNN,N/A,R,FL,N/A,D000628,115
1188,Peter,VISCLOSKY,REPRESENTATIVE,D,IN,1,V000108,115
2315,Neal,DUNN,N/A,R,FL,N/A,D000628,115
2314,Matt,GAETZ,N/A,R,FL,N/A,G000578,115
2315,Neal,DUNN,N/A,R,FL,N/A,D000628,115
1890,Jackie,SPEIER,REPRESENTATIVE,D,CA,14,S001175,115
1890,Jackie,SPEIER,REPRESENTATIVE,D,CA,14,S001175,115
1487,Kay,GRANGER,REPRESENTATIVE,R,TX,12,G000377,115
1487,Kay,GRANGER,REPRESENTATIVE,R,TX,12,G000377,115
1188,Peter,VISCLOSKY,REPRESENTATIVE,D,IN,1,V000108,115
1487,Kay,GRANGER,REPRESENTATIVE,R,TX,12,G000377,115
1890,Jackie,SPEIER,REPRESENTATIVE,D,CA,14,S001175,115
1487,Kay,GRANGER,REPRESENTATIVE,R,TX,12,G000377,115
850,Jerrold,NADLER,REPRESENTATIVE,D,NY,10,N000002,115
850,Jerrold,NADLER,REPRESENTATIVE,D,NY,10,N000002,115
850,Jerrold,NADLER,REPRESENTATIVE,D,NY,10,N000002,115
1487,Kay,GRANGER,REPRESENTATIVE,R,TX,12,G000377,115
1487,Kay,GRANGER,REPRESENTATIVE,R,TX,12,G000377,115
850,Jerrold,NADLER,REPRESENTATIVE,D,NY,10,N000002,115
850,Jerrold,NADLER,REPRESENTATIVE,D,NY,10,N000002,115
2055,David,CICILLINE,REPRESENTATIVE,D,RI,1,C001084,115
850,Jerrold,NADLER,REPRESENTATIVE,D,NY,10,N000002,115
1188,Peter,VISCLOSKY,REPRESENTATIVE,D,IN,1,V000108,115
1188,Peter,VISCLOSKY,REPRESENTATIVE,D,IN,1,V000108,115
1487,Kay,GRANGER,REPRESENTATIVE,R,TX,12,G000377,115
850,Jerrold,NADLER,REPRESENTATIVE,D,NY,10,N000002,115
1888,Bill,FOSTER,REPRESENTATIVE,D,IL,11,F000454,115
1188,Peter,VISCLOSKY,REPRESENTATIVE,D,IN,1,V000108,115
1188,Peter,VISCLOSKY,REPRESENTATIVE,D,IN,1,V000108,115
1188,Peter,VISCLOSKY,REPRESENTATIVE,D,IN,1,V000108,115
1188,Peter,VISCLOSKY,REPRESENTATIVE,D,IN,1,V000108,115
1888,Bill,FOSTER,REPRESENTATIVE,D,IL,11,F000454,115
1487,Kay,GRANGER,REPRESENTATIVE,R,TX,12,G000377,115
1888,Bill,FOSTER,REPRESENTATIVE,D,IL,11,F000454,115
1888,Bill,FOSTER,REPRESENTATIVE,D,IL,11,F000454,115
1188,Peter,VISCLOSKY,REPRESENTATIVE,D,IN,1,V000108,115
2159,Matt,CARTWRIGHT,REPRESENTATIVE,D,PA,17,C001090,115
2159,Matt,CARTWRIGHT,REPRESENTATIVE,D,PA,17,C001090,115
165,Ken,CALVERT,REPRESENTATIVE,R,CA,42,C000059,115
165,Ken,CALVERT,REPRESENTATIVE,R,CA,42,C000059,115
165,Ken,CALVERT,REPRESENTATIVE,R,CA,42,C000059,115
1487,Kay,GRANGER,REPRESENTATIVE,R,TX,12,G000377,115
165,Ken,CALVERT,REPRESENTATIVE,R,CA,42,C000059,115
2159,Matt,CARTWRIGHT,REPRESENTATIVE,D,PA,17,C001090,115
165,Ken,CALVERT,REPRESENTATIVE,R,CA,42,C000059,115
2159,Matt,CARTWRIGHT,REPRESENTATIVE,D,PA,17,C001090,115
2296,Warren,DAVIDSON,N/A,R,OH,N/A,D000626,115
2296,Warren,DAVIDSON,N/A,R,OH,N/A,D000626,115
1487,Kay,GRANGER,REPRESENTATIVE,R,TX,12,G000377,115
1487,Kay,GRANGER,REPRESENTATIVE,R,TX,12,G000377,115
1487,Kay,GRANGER,REPRESENTATIVE,R,TX,12,G000377,115
1188,Peter,VISCLOSKY,REPRESENTATIVE,D,IN,1,V000108,115
1487,Kay,GRANGER,REPRESENTATIVE,R,TX,12,G000377,115
2296,Warren,DAVIDSON,N/A,R,OH,N/A,D000626,115
1487,Kay,GRANGER,REPRESENTATIVE,R,TX,12,G000377,115
2296,Warren,DAVIDSON,N/A,R,OH,N/A,D000626,115
1188,Peter,VISCLOSKY,REPRESENTATIVE,D,IN,1,V000108,115
1188,Peter,VISCLOSKY,REPRESENTATIVE,D,IN,1,V000108,115
414,Rodney,FRELINGHUYSEN,REPRESENTATIVE,R,NJ,11,F000372,115
414,Rodney,FRELINGHUYSEN,REPRESENTATIVE,R,NJ,11,F000372,115
709,Nita,LOWEY,REPRESENTATIVE,D,NY,17,L000480,115
709,Nita,LOWEY,REPRESENTATIVE,D,NY,17,L000480,115
1188,Peter,VISCLOSKY,REPRESENTATIVE,D,IN,1,V000108,115
566,Steny,HOYER,REPRESENTATIVE,D,MD,5,H000874,115
414,Rodney,FRELINGHUYSEN,REPRESENTATIVE,R,NJ,11,F000372,115
414,Rodney,FRELINGHUYSEN,REPRESENTATIVE,R,NJ,11,F000372,115
1602,Grace,NAPOLITANO,REPRESENTATIVE,D,CA,32,N000179,115
1900,Jeff,MERKLEY,SENATOR,D,OR,N/A,M001176,115
1226,Roger,WICKER,SENATOR,R,MS,N/A,W000437,115
1036,Charles,SCHUMER,SENATOR,D,NY,N/A,S000148,115
1633,Jeff,FLAKE,SENATOR,R,AZ,N/A,F000444,115
1633,Jeff,FLAKE,SENATOR,R,AZ,N/A,F000444,115
1409,Patty,MURRAY,SENATOR,D,WA,N/A,M001111,115
2289,Ben,SASSE,SENATOR,R,NE,N/A,S001197,115
1900,Jeff,MERKLEY,SENATOR,D,OR,N/A,M001176,115
1567,Tom,UDALL,SENATOR,D,NM,N/A,U000039,115
1937,Martin,HEINRICH,SENATOR,D,NM,N/A,H001046,115
1937,Martin,HEINRICH,SENATOR,D,NM,N/A,H001046,115
1965,Michael,BENNET,SENATOR,D,CO,N/A,B001267,115
1965,Michael,BENNET,SENATOR,D,CO,N/A,B001267,115
2290,Dan,SULLIVAN,SENATOR,R,AK,N/A,S001198,115
2138,Steve,DAINES,SENATOR,R,MT,N/A,D000618,115
968,Pat,ROBERTS,SENATOR,R,KS,N/A,R000307,115
968,Pat,ROBERTS,SENATOR,R,KS,N/A,R000307,115
2138,Steve,DAINES,SENATOR,R,MT,N/A,D000618,115
968,Pat,ROBERTS,SENATOR,R,KS,N/A,R000307,115
2138,Steve,DAINES,SENATOR,R,MT,N/A,D000618,115
968,Pat,ROBERTS,SENATOR,R,KS,N/A,R000307,115
2138,Steve,DAINES,SENATOR,R,MT,N/A,D000618,115
2138,Steve,DAINES,SENATOR,R,MT,N/A,D000618,115
968,Pat,ROBERTS,SENATOR,R,KS,N/A,R000307,115
2138,Steve,DAINES,SENATOR,R,MT,N/A,D000618,115
2138,Steve,DAINES,SENATOR,R,MT,N/A,D000618,115
2138,Steve,DAINES,SENATOR,R,MT,N/A,D000618,115
1010,Bernard,SANDERS,SENATOR,I,VT,N/A,S000033,115
1010,Bernard,SANDERS,SENATOR,I,VT,N/A,S000033,115
1010,Bernard,SANDERS,SENATOR,I,VT,N/A,S000033,115
1534,John,THUNE,SENATOR,R,SD,N/A,T000250,115
1542,Michael,ENZI,SENATOR,R,WY,N/A,E000285,115
1542,Michael,ENZI,SENATOR,R,WY,N/A,E000285,115
1692,John,CORNYN,SENATOR,R,TX,N/A,C001056,115
2303,John,KENNEDY,REPRESENTATIVE,R,LA,4,K000393,115
2303,John,KENNEDY,REPRESENTATIVE,R,LA,4,K000393,115
1247,Ron,WYDEN,SENATOR,D,OR,N/A,W000779,115
1383,Patrick,LEAHY,SENATOR,D,VT,N/A,L000174,115
2076,Richard,BLUMENTHAL,SENATOR,D,CT,N/A,B001277,115
1969,Al,FRANKEN,SENATOR,D,MN,N/A,F000457,115
1844,Mazie,HIRONO,SENATOR,D,HI,N/A,H001042,115
1844,Mazie,HIRONO,SENATOR,D,HI,N/A,H001042,115
2123,Tammy,DUCKWORTH,REPRESENTATIVE,D,IL,8,D000622,115
136,Sherrod,BROWN,REPRESENTATIVE,D,OH,26,B000944,115
179,Thomas,CARPER,SENATOR,D,DE,N/A,C000174,115
179,Thomas,CARPER,SENATOR,D,DE,N/A,C000174,115
735,Edward,MARKEY,SENATOR,D,MA,N/A,M000133,115
1984,Christopher,COONS,SENATOR,D,DE,N/A,C001088,115
1984,Christopher,COONS,SENATOR,D,DE,N/A,C001088,115
1984,Christopher,COONS,SENATOR,D,DE,N/A,C001088,115
1984,Christopher,COONS,SENATOR,D,DE,N/A,C001088,115
1984,Christopher,COONS,SENATOR,D,DE,N/A,C001088,115
1837,Christopher,MURPHY,SENATOR,D,CT,N/A,M001169,115
1010,Bernard,SANDERS,SENATOR,I,VT,N/A,S000033,115
1010,Bernard,SANDERS,SENATOR,I,VT,N/A,S000033,115
1010,Bernard,SANDERS,SENATOR,I,VT,N/A,S000033,115
2174,Heidi,HEITKAMP,SENATOR,D,ND,N/A,H001069,115
1010,Bernard,SANDERS,SENATOR,I,VT,N/A,S000033,115
735,Edward,MARKEY,SENATOR,D,MA,N/A,M000133,115
735,Edward,MARKEY,SENATOR,D,MA,N/A,M000133,115
1844,Mazie,HIRONO,SENATOR,D,HI,N/A,H001042,115
1900,Jeff,MERKLEY,SENATOR,D,OR,N/A,M001176,115
174,Benjamin,CARDIN,SENATOR,D,MD,N/A,C000141,115
174,Benjamin,CARDIN,SENATOR,D,MD,N/A,C000141,115
174,Benjamin,CARDIN,SENATOR,D,MD,N/A,C000141,115
174,Benjamin,CARDIN,SENATOR,D,MD,N/A,C000141,115
1594,Patrick,TOOMEY,SENATOR,R,PA,N/A,T000461,115
1594,Patrick,TOOMEY,SENATOR,R,PA,N/A,T000461,115
1247,Ron,WYDEN,SENATOR,D,OR,N/A,W000779,115
1247,Ron,WYDEN,SENATOR,D,OR,N/A,W000779,115
457,Chuck,GRASSLEY,SENATOR,R,IA,N/A,G000386,115
457,Chuck,GRASSLEY,SENATOR,R,IA,N/A,G000386,115
1542,Michael,ENZI,SENATOR,R,WY,N/A,E000285,115
1542,Michael,ENZI,SENATOR,R,WY,N/A,E000285,115
1464,Roy,BLUNT,SENATOR,R,MO,N/A,B000575,115
1464,Roy,BLUNT,SENATOR,R,MO,N/A,B000575,115
1464,Roy,BLUNT,SENATOR,R,MO,N/A,B000575,115
1542,Michael,ENZI,SENATOR,R,WY,N/A,E000285,115
2357,Luther,STRANGE,N/A,R,AL,N/A,S001202,115
2357,Luther,STRANGE,N/A,R,AL,N/A,S001202,115
2173,Brian,SCHATZ,SENATOR,D,HI,N/A,S001194,115
2357,Luther,STRANGE,N/A,R,AL,N/A,S001202,115
1542,Michael,ENZI,SENATOR,R,WY,N/A,E000285,115
1542,Michael,ENZI,SENATOR,R,WY,N/A,E000285,115
1464,Roy,BLUNT,SENATOR,R,MO,N/A,B000575,115
2050,James,LANKFORD,SENATOR,R,OK,N/A,L000575,115
1226,Roger,WICKER,SENATOR,R,MS,N/A,W000437,115
1226,Roger,WICKER,SENATOR,R,MS,N/A,W000437,115
2291,Thom,TILLIS,SENATOR,R,NC,N/A,T000476,115
1863,Dean,HELLER,SENATOR,R,NV,N/A,H001041,115
2173,Brian,SCHATZ,SENATOR,D,HI,N/A,S001194,115
2176,Tim,KAINE,SENATOR,D,VA,N/A,K000384,115
1247,Ron,WYDEN,SENATOR,D,OR,N/A,W000779,115
2176,Tim,KAINE,SENATOR,D,VA,N/A,K000384,115
1247,Ron,WYDEN,SENATOR,D,OR,N/A,W000779,115
2176,Tim,KAINE,SENATOR,D,VA,N/A,K000384,115
2076,Richard,BLUMENTHAL,SENATOR,D,CT,N/A,B001277,115
1984,Christopher,COONS,SENATOR,D,DE,N/A,C001088,115
1837,Christopher,MURPHY,SENATOR,D,CT,N/A,M001169,115
1826,Amy,KLOBUCHAR,SENATOR,D,MN,N/A,K000367,115
1965,Michael,BENNET,SENATOR,D,CO,N/A,B001267,115
1965,Michael,BENNET,SENATOR,D,CO,N/A,B001267,115
1965,Michael,BENNET,SENATOR,D,CO,N/A,B001267,115
1965,Michael,BENNET,SENATOR,D,CO,N/A,B001267,115
1531,Debbie,STABENOW,SENATOR,D,MI,N/A,S000770,115
1531,Debbie,STABENOW,SENATOR,D,MI,N/A,S000770,115
1531,Debbie,STABENOW,SENATOR,D,MI,N/A,S000770,115
1542,Michael,ENZI,SENATOR,R,WY,N/A,E000285,115
1036,Charles,SCHUMER,SENATOR,D,NY,N/A,S000148,115
1036,Charles,SCHUMER,SENATOR,D,NY,N/A,S000148,115
1036,Charles,SCHUMER,SENATOR,D,NY,N/A,S000148,115
1863,Dean,HELLER,SENATOR,R,NV,N/A,H001041,115
1863,Dean,HELLER,SENATOR,R,NV,N/A,H001041,115
1036,Charles,SCHUMER,SENATOR,D,NY,N/A,S000148,115
1036,Charles,SCHUMER,SENATOR,D,NY,N/A,S000148,115
1036,Charles,SCHUMER,SENATOR,D,NY,N/A,S000148,115
1863,Dean,HELLER,SENATOR,R,NV,N/A,H001041,115
1409,Patty,MURRAY,SENATOR,D,WA,N/A,M001111,115
1837,Christopher,MURPHY,SENATOR,D,CT,N/A,M001169,115
1829,Jon,TESTER,SENATOR,D,MT,N/A,T000464,115
136,Sherrod,BROWN,REPRESENTATIVE,D,OH,26,B000944,115
1983,Joe,MANCHIN,SENATOR,D,WV,N/A,M001183,115
1823,Sheldon,WHITEHOUSE,SENATOR,D,RI,N/A,W000802,115
1010,Bernard,SANDERS,SENATOR,I,VT,N/A,S000033,115
326,Richard,DURBIN,SENATOR,D,IL,N/A,D000563,115
2194,Cory,BOOKER,SENATOR,D,NJ,N/A,B001288,115
1844,Mazie,HIRONO,SENATOR,D,HI,N/A,H001042,115
2176,Tim,KAINE,SENATOR,D,VA,N/A,K000384,115
2176,Tim,KAINE,SENATOR,D,VA,N/A,K000384,115
2176,Tim,KAINE,SENATOR,D,VA,N/A,K000384,115
1541,Susan,COLLINS,REPRESENTATIVE,R,ME,9,C001035,115
1542,Michael,ENZI,SENATOR,R,WY,N/A,E000285,115
1542,Michael,ENZI,SENATOR,R,WY,N/A,E000285,115
2174,Heidi,HEITKAMP,SENATOR,D,ND,N/A,H001069,115
1542,Michael,ENZI,SENATOR,R,WY,N/A,E000285,115
1409,Patty,MURRAY,SENATOR,D,WA,N/A,M001111,115
1542,Michael,ENZI,SENATOR,R,WY,N/A,E000285,115
1409,Patty,MURRAY,SENATOR,D,WA,N/A,M001111,115
1409,Patty,MURRAY,SENATOR,D,WA,N/A,M001111,115
1409,Patty,MURRAY,SENATOR,D,WA,N/A,M001111,115
1542,Michael,ENZI,SENATOR,R,WY,N/A,E000285,115
1542,Michael,ENZI,SENATOR,R,WY,N/A,E000285,115
1542,Michael,ENZI,SENATOR,R,WY,N/A,E000285,115
2182,Elizabeth,WARREN,SENATOR,D,MA,N/A,W000817,115
1542,Michael,ENZI,SENATOR,R,WY,N/A,E000285,115
1837,Christopher,MURPHY,SENATOR,D,CT,N/A,M001169,115
1542,Michael,ENZI,SENATOR,R,WY,N/A,E000285,115
1837,Christopher,MURPHY,SENATOR,D,CT,N/A,M001169,115
1542,Michael,ENZI,SENATOR,R,WY,N/A,E000285,115
1409,Patty,MURRAY,SENATOR,D,WA,N/A,M001111,115
1542,Michael,ENZI,SENATOR,R,WY,N/A,E000285,115
1409,Patty,MURRAY,SENATOR,D,WA,N/A,M001111,115
1542,Michael,ENZI,SENATOR,R,WY,N/A,E000285,115
2173,Brian,SCHATZ,SENATOR,D,HI,N/A,S001194,115
1542,Michael,ENZI,SENATOR,R,WY,N/A,E000285,115
1937,Martin,HEINRICH,SENATOR,D,NM,N/A,H001046,115
1937,Martin,HEINRICH,SENATOR,D,NM,N/A,H001046,115
1542,Michael,ENZI,SENATOR,R,WY,N/A,E000285,115
1542,Michael,ENZI,SENATOR,R,WY,N/A,E000285,115
2182,Elizabeth,WARREN,SENATOR,D,MA,N/A,W000817,115
1542,Michael,ENZI,SENATOR,R,WY,N/A,E000285,115
1542,Michael,ENZI,SENATOR,R,WY,N/A,E000285,115
1542,Michael,ENZI,SENATOR,R,WY,N/A,E000285,115
1542,Michael,ENZI,SENATOR,R,WY,N/A,E000285,115
2302,Margaret,HASSAN,N/A,D,NH,N/A,H001076,115
1542,Michael,ENZI,SENATOR,R,WY,N/A,E000285,115
1542,Michael,ENZI,SENATOR,R,WY,N/A,E000285,115
1036,Charles,SCHUMER,SENATOR,D,NY,N/A,S000148,115
1542,Michael,ENZI,SENATOR,R,WY,N/A,E000285,115
1036,Charles,SCHUMER,SENATOR,D,NY,N/A,S000148,115
1036,Charles,SCHUMER,SENATOR,D,NY,N/A,S000148,115
1692,John,CORNYN,SENATOR,R,TX,N/A,C001056,115
1036,Charles,SCHUMER,SENATOR,D,NY,N/A,S000148,115
1036,Charles,SCHUMER,SENATOR,D,NY,N/A,S000148,115
1036,Charles,SCHUMER,SENATOR,D,NY,N/A,S000148,115
1036,Charles,SCHUMER,SENATOR,D,NY,N/A,S000148,115
1247,Ron,WYDEN,SENATOR,D,OR,N/A,W000779,115
1036,Charles,SCHUMER,SENATOR,D,NY,N/A,S000148,115
1692,John,CORNYN,SENATOR,R,TX,N/A,C001056,115
1036,Charles,SCHUMER,SENATOR,D,NY,N/A,S000148,115
1542,Michael,ENZI,SENATOR,R,WY,N/A,E000285,115
949,Jack,REED,REPRESENTATIVE,D,RI,23,R000122,115
326,Richard,DURBIN,SENATOR,D,IL,N/A,D000563,115
1692,John,CORNYN,SENATOR,R,TX,N/A,C001056,115
1332,Dianne,FEINSTEIN,SENATOR,D,CA,N/A,F000062,115
1036,Charles,SCHUMER,SENATOR,D,NY,N/A,S000148,115
1881,John,BARRASSO,SENATOR,R,WY,N/A,B001261,115
2283,Joni,ERNST,SENATOR,R,IA,N/A,E000295,115
2109,Raul,RUIZ,REPRESENTATIVE,D,CA,36,R000599,115
2337,Don,BACON,N/A,R,NE,N/A,B001298,115
2026,Andy,HARRIS,REPRESENTATIVE,R,MD,1,H001052,115
2082,Rand,PAUL,REPRESENTATIVE,R,KY,4,P000603,115
1036,Charles,SCHUMER,SENATOR,D,NY,N/A,S000148,115
326,Richard,DURBIN,SENATOR,D,IL,N/A,D000563,115
2138,Steve,DAINES,SENATOR,R,MT,N/A,D000618,115
1933,Gregg,HARPER,REPRESENTATIVE,R,MS,3,H001045,115
174,Benjamin,CARDIN,SENATOR,D,MD,N/A,C000141,115
1825,Bob,CORKER,SENATOR,R,TN,N/A,C001071,115
1825,Bob,CORKER,SENATOR,R,TN,N/A,C001071,115
136,Sherrod,BROWN,REPRESENTATIVE,D,OH,26,B000944,115
1036,Charles,SCHUMER,SENATOR,D,NY,N/A,S000148,115
1036,Charles,SCHUMER,SENATOR,D,NY,N/A,S000148,115
1825,Bob,CORKER,SENATOR,R,TN,N/A,C001071,115
250,Mike,CRAPO,SENATOR,R,ID,N/A,C000880,115
174,Benjamin,CARDIN,SENATOR,D,MD,N/A,C000141,115
791,Robert,MENENDEZ,SENATOR,D,NJ,N/A,M000639,115
1825,Bob,CORKER,SENATOR,R,TN,N/A,C001071,115
1998,Cory,GARDNER,N/A,R,CO,N/A,G000562,115
1825,Bob,CORKER,SENATOR,R,TN,N/A,C001071,115
1825,Bob,CORKER,SENATOR,R,TN,N/A,C001071,115
2356,Liz,CHENEY,N/A,R,WY,N/A,C001109,115
179,Thomas,CARPER,SENATOR,D,DE,N/A,C000174,115
1036,Charles,SCHUMER,SENATOR,D,NY,N/A,S000148,115
1036,Charles,SCHUMER,SENATOR,D,NY,N/A,S000148,115
1036,Charles,SCHUMER,SENATOR,D,NY,N/A,S000148,115
1036,Charles,SCHUMER,SENATOR,D,NY,N/A,S000148,115
1036,Charles,SCHUMER,SENATOR,D,NY,N/A,S000148,115
1036,Charles,SCHUMER,SENATOR,D,NY,N/A,S000148,115
1036,Charles,SCHUMER,SENATOR,D,NY,N/A,S000148,115
1695,Lamar,ALEXANDER,SENATOR,R,TN,N/A,A000360,115
1929,Gary,PETERS,REPRESENTATIVE,D,MI,52,P000595,115
1929,Gary,PETERS,REPRESENTATIVE,D,MI,52,P000595,115
1010,Bernard,SANDERS,SENATOR,I,VT,N/A,S000033,115
1507,Jerry,MORAN,SENATOR,R,KS,N/A,M000934,115
1247,Ron,WYDEN,SENATOR,D,OR,N/A,W000779,115
1687,John,BOOZMAN,SENATOR,R,AR,N/A,B001236,115
