speaker_id,first_name,last_name,type,party,state,district,bio_guide_id,congress_id
2345,Brian,FITZPATRICK,REPRESENTATIVE,R,PA,8,F000466,115
1936,Leonard,LANCE,REPRESENTATIVE,R,NJ,7,L000567,115
566,Steny,HOYER,REPRESENTATIVE,D,MD,5,H000874,115
566,Steny,HOYER,REPRESENTATIVE,D,MD,5,H000874,115
566,Steny,HOYER,REPRESENTATIVE,D,MD,5,H000874,115
566,Steny,HOYER,REPRESENTATIVE,D,MD,5,H000874,115
566,Steny,HOYER,REPRESENTATIVE,D,MD,5,H000874,115
566,Steny,HOYER,REPRESENTATIVE,D,MD,5,H000874,115
566,Steny,HOYER,REPRESENTATIVE,D,MD,5,H000874,115
566,Steny,HOYER,REPRESENTATIVE,D,MD,5,H000874,115
1542,Michael,ENZI,SENATOR,R,WY,N/A,E000285,115
2309,Jimmy,PANETTA,N/A,D,CA,N/A,P000613,115
1901,Jeanne,SHAHEEN,SENATOR,D,NH,N/A,S001181,115
1901,Jeanne,SHAHEEN,SENATOR,D,NH,N/A,S001181,115
1826,Amy,KLOBUCHAR,SENATOR,D,MN,N/A,K000367,115
2176,Tim,KAINE,SENATOR,D,VA,N/A,K000384,115
179,Thomas,CARPER,SENATOR,D,DE,N/A,C000174,115
2302,Margaret,HASSAN,N/A,D,NH,N/A,H001076,115
1901,Jeanne,SHAHEEN,SENATOR,D,NH,N/A,S001181,115
1692,John,CORNYN,SENATOR,R,TX,N/A,C001056,115
1901,Jeanne,SHAHEEN,SENATOR,D,NH,N/A,S001181,115
949,Jack,REED,REPRESENTATIVE,D,RI,23,R000122,115
1695,Lamar,ALEXANDER,SENATOR,R,TN,N/A,A000360,115
1695,Lamar,ALEXANDER,SENATOR,R,TN,N/A,A000360,115
1692,John,CORNYN,SENATOR,R,TX,N/A,C001056,115
250,Mike,CRAPO,SENATOR,R,ID,N/A,C000880,115
2341,Thomas,SUOZZI,N/A,D,NY,N/A,S001201,115
213,Thad,COCHRAN,SENATOR,R,MS,N/A,C000567,115
2224,Bruce,WESTERMAN,REPRESENTATIVE,R,AR,4,W000821,115
1708,Raul,GRIJALVA,REPRESENTATIVE,D,AZ,3,G000551,115
2224,Bruce,WESTERMAN,REPRESENTATIVE,R,AR,4,W000821,115
1708,Raul,GRIJALVA,REPRESENTATIVE,D,AZ,3,G000551,115
1992,Paul,GOSAR,REPRESENTATIVE,R,AZ,4,G000565,115
1708,Raul,GRIJALVA,REPRESENTATIVE,D,AZ,3,G000551,115
1708,Raul,GRIJALVA,REPRESENTATIVE,D,AZ,3,G000551,115
1708,Raul,GRIJALVA,REPRESENTATIVE,D,AZ,3,G000551,115
1976,Theodore,DEUTCH,REPRESENTATIVE,D,FL,21,D000610,115
1976,Theodore,DEUTCH,REPRESENTATIVE,D,FL,21,D000610,115
1976,Theodore,DEUTCH,REPRESENTATIVE,D,FL,21,D000610,115
1976,Theodore,DEUTCH,REPRESENTATIVE,D,FL,21,D000610,115
1976,Theodore,DEUTCH,REPRESENTATIVE,D,FL,21,D000610,115
1708,Raul,GRIJALVA,REPRESENTATIVE,D,AZ,3,G000551,115
1884,Niki,TSONGAS,REPRESENTATIVE,D,MA,3,T000465,115
1884,Niki,TSONGAS,REPRESENTATIVE,D,MA,3,T000465,115
1884,Niki,TSONGAS,REPRESENTATIVE,D,MA,3,T000465,115
1884,Niki,TSONGAS,REPRESENTATIVE,D,MA,3,T000465,115
1884,Niki,TSONGAS,REPRESENTATIVE,D,MA,3,T000465,115
1884,Niki,TSONGAS,REPRESENTATIVE,D,MA,3,T000465,115
1708,Raul,GRIJALVA,REPRESENTATIVE,D,AZ,3,G000551,115
1708,Raul,GRIJALVA,REPRESENTATIVE,D,AZ,3,G000551,115
1708,Raul,GRIJALVA,REPRESENTATIVE,D,AZ,3,G000551,115
1708,Raul,GRIJALVA,REPRESENTATIVE,D,AZ,3,G000551,115
1708,Raul,GRIJALVA,REPRESENTATIVE,D,AZ,3,G000551,115
1708,Raul,GRIJALVA,REPRESENTATIVE,D,AZ,3,G000551,115
2354,Pramila,JAYAPAL,N/A,D,WA,N/A,J000298,115
2275,Dan,NEWHOUSE,REPRESENTATIVE,R,WA,4,N000189,115
2124,Bradley,SCHNEIDER,N/A,D,IL,N/A,S001190,115
1531,Debbie,STABENOW,SENATOR,D,MI,N/A,S000770,115
1409,Patty,MURRAY,SENATOR,D,WA,N/A,M001111,115
1878,Steve,COHEN,REPRESENTATIVE,D,TN,9,C001068,115
2176,Tim,KAINE,SENATOR,D,VA,N/A,K000384,115
1695,Lamar,ALEXANDER,SENATOR,R,TN,N/A,A000360,115
2122,Tulsi,GABBARD,REPRESENTATIVE,D,HI,2,G000571,115
1351,Orrin,HATCH,SENATOR,R,UT,N/A,H000338,115
179,Thomas,CARPER,SENATOR,D,DE,N/A,C000174,115
1351,Orrin,HATCH,SENATOR,R,UT,N/A,H000338,115
179,Thomas,CARPER,SENATOR,D,DE,N/A,C000174,115
1692,John,CORNYN,SENATOR,R,TX,N/A,C001056,115
1692,John,CORNYN,SENATOR,R,TX,N/A,C001056,115
1567,Tom,UDALL,SENATOR,D,NM,N/A,U000039,115
1567,Tom,UDALL,SENATOR,D,NM,N/A,U000039,115
1567,Tom,UDALL,SENATOR,D,NM,N/A,U000039,115
1969,Al,FRANKEN,SENATOR,D,MN,N/A,F000457,115
1567,Tom,UDALL,SENATOR,D,NM,N/A,U000039,115
2174,Heidi,HEITKAMP,SENATOR,D,ND,N/A,H001069,115
1567,Tom,UDALL,SENATOR,D,NM,N/A,U000039,115
326,Richard,DURBIN,SENATOR,D,IL,N/A,D000563,115
1542,Michael,ENZI,SENATOR,R,WY,N/A,E000285,115
1542,Michael,ENZI,SENATOR,R,WY,N/A,E000285,115
2319,Darren,SOTO,N/A,D,FL,N/A,S001200,115
2343,John,FASO,N/A,R,NY,N/A,F000464,115
2343,John,FASO,N/A,R,NY,N/A,F000464,115
1983,Joe,MANCHIN,SENATOR,D,WV,N/A,M001183,115
1973,John,GARAMENDI,REPRESENTATIVE,D,CA,3,G000559,115
1973,John,GARAMENDI,REPRESENTATIVE,D,CA,3,G000559,115
1973,John,GARAMENDI,REPRESENTATIVE,D,CA,3,G000559,115
1973,John,GARAMENDI,REPRESENTATIVE,D,CA,3,G000559,115
1602,Grace,NAPOLITANO,REPRESENTATIVE,D,CA,32,N000179,115
1801,Louie,GOHMERT,REPRESENTATIVE,R,TX,1,G000552,115
1801,Louie,GOHMERT,REPRESENTATIVE,R,TX,1,G000552,115
2307,Andy,BIGGS,N/A,R,AZ,N/A,B001302,115
2174,Heidi,HEITKAMP,SENATOR,D,ND,N/A,H001069,115
1801,Louie,GOHMERT,REPRESENTATIVE,R,TX,1,G000552,115
1896,James,RISCH,SENATOR,R,ID,N/A,R000584,115
99999999999999,,ENZI,SENATOR,Party information Unavailable,State Info Unavailable,N/A,9999999999999999,115
99999999999999,,ENZI,SENATOR,Party information Unavailable,State Info Unavailable,N/A,9999999999999999,115
1036,Charles,SCHUMER,SENATOR,D,NY,N/A,S000148,115
1036,Charles,SCHUMER,SENATOR,D,NY,N/A,S000148,115
2302,Margaret,HASSAN,N/A,D,NH,N/A,H001076,115
1823,Sheldon,WHITEHOUSE,SENATOR,D,RI,N/A,W000802,115
1823,Sheldon,WHITEHOUSE,SENATOR,D,RI,N/A,W000802,115
1823,Sheldon,WHITEHOUSE,SENATOR,D,RI,N/A,W000802,115
1823,Sheldon,WHITEHOUSE,SENATOR,D,RI,N/A,W000802,115
2289,Ben,SASSE,SENATOR,R,NE,N/A,S001197,115
1692,John,CORNYN,SENATOR,R,TX,N/A,C001056,115
326,Richard,DURBIN,SENATOR,D,IL,N/A,D000563,115
99999999999999,,ENZI,SENATOR,Party information Unavailable,State Info Unavailable,N/A,9999999999999999,115
186,Steve,CHABOT,REPRESENTATIVE,R,OH,1,C000266,115
1692,John,CORNYN,SENATOR,R,TX,N/A,C001056,115
1694,Lisa,MURKOWSKI,SENATOR,R,AK,N/A,M001153,115
1542,Michael,ENZI,SENATOR,R,WY,N/A,E000285,115
859,Bill,NELSON,SENATOR,D,FL,N/A,N000032,115
859,Bill,NELSON,SENATOR,D,FL,N/A,N000032,115
172,Maria,CANTWELL,SENATOR,D,WA,N/A,C000127,115
172,Maria,CANTWELL,SENATOR,D,WA,N/A,C000127,115
172,Maria,CANTWELL,SENATOR,D,WA,N/A,C000127,115
1998,Cory,GARDNER,N/A,R,CO,N/A,G000562,115
1998,Cory,GARDNER,N/A,R,CO,N/A,G000562,115
1692,John,CORNYN,SENATOR,R,TX,N/A,C001056,115
326,Richard,DURBIN,SENATOR,D,IL,N/A,D000563,115
1351,Orrin,HATCH,SENATOR,R,UT,N/A,H000338,115
1351,Orrin,HATCH,SENATOR,R,UT,N/A,H000338,115
1837,Christopher,MURPHY,SENATOR,D,CT,N/A,M001169,115
1247,Ron,WYDEN,SENATOR,D,OR,N/A,W000779,115
1464,Roy,BLUNT,SENATOR,R,MO,N/A,B000575,115
1464,Roy,BLUNT,SENATOR,R,MO,N/A,B000575,115
2182,Elizabeth,WARREN,SENATOR,D,MA,N/A,W000817,115
2182,Elizabeth,WARREN,SENATOR,D,MA,N/A,W000817,115
326,Richard,DURBIN,SENATOR,D,IL,N/A,D000563,115
2138,Steve,DAINES,SENATOR,R,MT,N/A,D000618,115
1761,G.,BUTTERFIELD,REPRESENTATIVE,D,NC,1,B001251,115
1848,Peter,ROSKAM,REPRESENTATIVE,R,IL,6,R000580,115
1681,Bill,SHUSTER,REPRESENTATIVE,R,PA,9,S001154,115
2320,Val,DEMINGS,N/A,D,FL,N/A,D000627,115
2320,Val,DEMINGS,N/A,D,FL,N/A,D000627,115
446,Bob,GOODLATTE,REPRESENTATIVE,R,VA,6,G000289,115
2311,Nanette,BARRAGAN,N/A,D,CA,N/A,B001300,115
2293,Daniel,DONOVAN,REPRESENTATIVE,R,NY,11,D000625,115
2293,Daniel,DONOVAN,REPRESENTATIVE,R,NY,11,D000625,115
1909,Duncan,HUNTER,REPRESENTATIVE,R,CA,50,H001048,115
2355,Mike,GALLAGHER,N/A,R,WI,N/A,G000579,115
2264,John,KATKO,REPRESENTATIVE,R,NY,24,K000386,115
2353,Thomas,GARRETT,REPRESENTATIVE,R,VA,5,G000580,115
1929,Gary,PETERS,REPRESENTATIVE,D,MI,52,P000595,115
1835,Ed,PERLMUTTER,REPRESENTATIVE,D,CO,7,P000593,115
2109,Raul,RUIZ,REPRESENTATIVE,D,CA,36,R000599,115
1184,Nydia,VELAZQUEZ,REPRESENTATIVE,D,NY,7,V000081,115
2334,Paul,MITCHELL,N/A,R,MI,N/A,M001201,115
2339,Jacky,ROSEN,N/A,D,NV,N/A,R000608,115
