speaker_id,first_name,last_name,type,party,state,district,bio_guide_id,congress_id
2283,Joni,ERNST,SENATOR,R,IA,N/A,E000295,115
1834,Doug,LAMBORN,REPRESENTATIVE,R,CO,5,L000564,115
1834,Doug,LAMBORN,REPRESENTATIVE,R,CO,5,L000564,115
1834,Doug,LAMBORN,REPRESENTATIVE,R,CO,5,L000564,115
1910,Jared,POLIS,REPRESENTATIVE,D,CO,2,P000598,115
1834,Doug,LAMBORN,REPRESENTATIVE,R,CO,5,L000564,115
1910,Jared,POLIS,REPRESENTATIVE,D,CO,2,P000598,115
1834,Doug,LAMBORN,REPRESENTATIVE,R,CO,5,L000564,115
1351,Orrin,HATCH,SENATOR,R,UT,N/A,H000338,115
1010,Bernard,SANDERS,SENATOR,I,VT,N/A,S000033,115
1695,Lamar,ALEXANDER,SENATOR,R,TN,N/A,A000360,115
1409,Patty,MURRAY,SENATOR,D,WA,N/A,M001111,115
2050,James,LANKFORD,SENATOR,R,OK,N/A,L000575,115
2050,James,LANKFORD,SENATOR,R,OK,N/A,L000575,115
2174,Heidi,HEITKAMP,SENATOR,D,ND,N/A,H001069,115
2174,Heidi,HEITKAMP,SENATOR,D,ND,N/A,H001069,115
2174,Heidi,HEITKAMP,SENATOR,D,ND,N/A,H001069,115
2174,Heidi,HEITKAMP,SENATOR,D,ND,N/A,H001069,115
2174,Heidi,HEITKAMP,SENATOR,D,ND,N/A,H001069,115
1829,Jon,TESTER,SENATOR,D,MT,N/A,T000464,115
1829,Jon,TESTER,SENATOR,D,MT,N/A,T000464,115
1829,Jon,TESTER,SENATOR,D,MT,N/A,T000464,115
1844,Mazie,HIRONO,SENATOR,D,HI,N/A,H001042,115
1844,Mazie,HIRONO,SENATOR,D,HI,N/A,H001042,115
1409,Patty,MURRAY,SENATOR,D,WA,N/A,M001111,115
1351,Orrin,HATCH,SENATOR,R,UT,N/A,H000338,115
1351,Orrin,HATCH,SENATOR,R,UT,N/A,H000338,115
1866,Kirsten,GILLIBRAND,SENATOR,D,NY,N/A,G000555,115
1866,Kirsten,GILLIBRAND,SENATOR,D,NY,N/A,G000555,115
949,Jack,REED,REPRESENTATIVE,D,RI,23,R000122,115
949,Jack,REED,REPRESENTATIVE,D,RI,23,R000122,115
1409,Patty,MURRAY,SENATOR,D,WA,N/A,M001111,115
2283,Joni,ERNST,SENATOR,R,IA,N/A,E000295,115
1881,John,BARRASSO,SENATOR,R,WY,N/A,B001261,115
2223,J.,HILL,REPRESENTATIVE,R,AR,2,H001072,115
1507,Jerry,MORAN,SENATOR,R,KS,N/A,M000934,115
1409,Patty,MURRAY,SENATOR,D,WA,N/A,M001111,115
457,Chuck,GRASSLEY,SENATOR,R,IA,N/A,G000386,115
1332,Dianne,FEINSTEIN,SENATOR,D,CA,N/A,F000062,115
452,Lindsey,GRAHAM,REPRESENTATIVE,R,SC,2,G000359,115
326,Richard,DURBIN,SENATOR,D,IL,N/A,D000563,115
1383,Patrick,LEAHY,SENATOR,D,VT,N/A,L000174,115
1383,Patrick,LEAHY,SENATOR,D,VT,N/A,L000174,115
2076,Richard,BLUMENTHAL,SENATOR,D,CT,N/A,B001277,115
1608,Johnny,ISAKSON,SENATOR,R,GA,N/A,I000055,115
1608,Johnny,ISAKSON,SENATOR,R,GA,N/A,I000055,115
1901,Jeanne,SHAHEEN,SENATOR,D,NH,N/A,S001181,115
457,Chuck,KING,REPRESENTATIVE,R,IA,4,G000386,115
457,Chuck,KING,REPRESENTATIVE,R,IA,4,G000386,115
457,Chuck,KING,REPRESENTATIVE,R,IA,4,G000386,115
1901,Jeanne,SHAHEEN,SENATOR,D,NH,N/A,S001181,115
1901,Jeanne,SHAHEEN,SENATOR,D,NH,N/A,S001181,115
1901,Jeanne,SHAHEEN,SENATOR,D,NH,N/A,S001181,115
1901,Jeanne,SHAHEEN,SENATOR,D,NH,N/A,S001181,115
1247,Ron,WYDEN,SENATOR,D,OR,N/A,W000779,115
1534,John,THUNE,SENATOR,R,SD,N/A,T000250,115
1901,Jeanne,SHAHEEN,SENATOR,D,NH,N/A,S001181,115
1534,John,THUNE,SENATOR,R,SD,N/A,T000250,115
1542,Michael,ENZI,SENATOR,R,WY,N/A,E000285,115
2123,Tammy,DUCKWORTH,REPRESENTATIVE,D,IL,8,D000622,115
1332,Dianne,FEINSTEIN,SENATOR,D,CA,N/A,F000062,115
1332,Dianne,FEINSTEIN,SENATOR,D,CA,N/A,F000062,115
1332,Dianne,FEINSTEIN,SENATOR,D,CA,N/A,F000062,115
1332,Dianne,FEINSTEIN,SENATOR,D,CA,N/A,F000062,115
1036,Charles,SCHUMER,SENATOR,D,NY,N/A,S000148,115
1826,Amy,KLOBUCHAR,SENATOR,D,MN,N/A,K000367,115
174,Benjamin,CARDIN,SENATOR,D,MD,N/A,C000141,115
2182,Elizabeth,WARREN,SENATOR,D,MA,N/A,W000817,115
2182,Elizabeth,WARREN,SENATOR,D,MA,N/A,W000817,115
2182,Elizabeth,WARREN,SENATOR,D,MA,N/A,W000817,115
2182,Elizabeth,WARREN,SENATOR,D,MA,N/A,W000817,115
2182,Elizabeth,WARREN,SENATOR,D,MA,N/A,W000817,115
2182,Elizabeth,WARREN,SENATOR,D,MA,N/A,W000817,115
2182,Elizabeth,WARREN,SENATOR,D,MA,N/A,W000817,115
2182,Elizabeth,WARREN,SENATOR,D,MA,N/A,W000817,115
2182,Elizabeth,WARREN,SENATOR,D,MA,N/A,W000817,115
2182,Elizabeth,WARREN,SENATOR,D,MA,N/A,W000817,115
1692,John,CORNYN,SENATOR,R,TX,N/A,C001056,115
326,Richard,DURBIN,SENATOR,D,IL,N/A,D000563,115
326,Richard,DURBIN,SENATOR,D,IL,N/A,D000563,115
1692,John,CORNYN,SENATOR,R,TX,N/A,C001056,115
326,Richard,DURBIN,SENATOR,D,IL,N/A,D000563,115
1036,Charles,SCHUMER,SENATOR,D,NY,N/A,S000148,115
457,Chuck,KING,REPRESENTATIVE,R,IA,4,G000386,115
457,Chuck,KING,REPRESENTATIVE,R,IA,4,G000386,115
457,Chuck,KING,REPRESENTATIVE,R,IA,4,G000386,115
2301,Kamala,HARRIS,REPRESENTATIVE,D,CA,1,H001075,115
1692,John,CORNYN,SENATOR,R,TX,N/A,C001056,115
326,Richard,DURBIN,SENATOR,D,IL,N/A,D000563,115
1036,Charles,SCHUMER,SENATOR,D,NY,N/A,S000148,115
1823,Sheldon,WHITEHOUSE,SENATOR,D,RI,N/A,W000802,115
1823,Sheldon,WHITEHOUSE,SENATOR,D,RI,N/A,W000802,115
1823,Sheldon,WHITEHOUSE,SENATOR,D,RI,N/A,W000802,115
1896,James,RISCH,SENATOR,R,ID,N/A,R000584,115
1383,Patrick,LEAHY,SENATOR,D,VT,N/A,L000174,115
1896,James,RISCH,SENATOR,R,ID,N/A,R000584,115
2084,Marco,RUBIO,SENATOR,R,FL,N/A,R000595,115
2084,Marco,RUBIO,SENATOR,R,FL,N/A,R000595,115
2084,Marco,RUBIO,SENATOR,R,FL,N/A,R000595,115
1900,Jeff,MERKLEY,SENATOR,D,OR,N/A,M001176,115
1900,Jeff,MERKLEY,SENATOR,D,OR,N/A,M001176,115
1900,Jeff,MERKLEY,SENATOR,D,OR,N/A,M001176,115
1900,Jeff,MERKLEY,SENATOR,D,OR,N/A,M001176,115
1900,Jeff,MERKLEY,SENATOR,D,OR,N/A,M001176,115
1692,John,CORNYN,SENATOR,R,TX,N/A,C001056,115
1036,Charles,SCHUMER,SENATOR,D,NY,N/A,S000148,115
1036,Charles,SCHUMER,SENATOR,D,NY,N/A,S000148,115
1823,Sheldon,WHITEHOUSE,SENATOR,D,RI,N/A,W000802,115
1823,Sheldon,WHITEHOUSE,SENATOR,D,RI,N/A,W000802,115
1823,Sheldon,WHITEHOUSE,SENATOR,D,RI,N/A,W000802,115
1823,Sheldon,WHITEHOUSE,SENATOR,D,RI,N/A,W000802,115
2084,Marco,RUBIO,SENATOR,R,FL,N/A,R000595,115
2084,Marco,RUBIO,SENATOR,R,FL,N/A,R000595,115
1036,Charles,SCHUMER,SENATOR,D,NY,N/A,S000148,115
1351,Orrin,HATCH,SENATOR,R,UT,N/A,H000338,115
1826,Amy,KLOBUCHAR,SENATOR,D,MN,N/A,K000367,115
1823,Sheldon,WHITEHOUSE,SENATOR,D,RI,N/A,W000802,115
1900,Jeff,MERKLEY,SENATOR,D,OR,N/A,M001176,115
1823,Sheldon,WHITEHOUSE,SENATOR,D,RI,N/A,W000802,115
1823,Sheldon,WHITEHOUSE,SENATOR,D,RI,N/A,W000802,115
1900,Jeff,MERKLEY,SENATOR,D,OR,N/A,M001176,115
1823,Sheldon,WHITEHOUSE,SENATOR,D,RI,N/A,W000802,115
1900,Jeff,MERKLEY,SENATOR,D,OR,N/A,M001176,115
1823,Sheldon,WHITEHOUSE,SENATOR,D,RI,N/A,W000802,115
1900,Jeff,MERKLEY,SENATOR,D,OR,N/A,M001176,115
1823,Sheldon,WHITEHOUSE,SENATOR,D,RI,N/A,W000802,115
1900,Jeff,MERKLEY,SENATOR,D,OR,N/A,M001176,115
1823,Sheldon,WHITEHOUSE,SENATOR,D,RI,N/A,W000802,115
1036,Charles,SCHUMER,SENATOR,D,NY,N/A,S000148,115
1409,Patty,MURRAY,SENATOR,D,WA,N/A,M001111,115
1844,Mazie,HIRONO,SENATOR,D,HI,N/A,H001042,115
1409,Patty,MURRAY,SENATOR,D,WA,N/A,M001111,115
1828,Robert,CASEY,SENATOR,D,PA,N/A,C001070,115
1828,Robert,CASEY,SENATOR,D,PA,N/A,C001070,115
1826,Amy,KLOBUCHAR,SENATOR,D,MN,N/A,K000367,115
1826,Amy,KLOBUCHAR,SENATOR,D,MN,N/A,K000367,115
1383,Patrick,LEAHY,SENATOR,D,VT,N/A,L000174,115
1383,Patrick,LEAHY,SENATOR,D,VT,N/A,L000174,115
2182,Elizabeth,WARREN,SENATOR,D,MA,N/A,W000817,115
1692,John,CORNYN,SENATOR,R,TX,N/A,C001056,115
1351,Orrin,HATCH,SENATOR,R,UT,N/A,H000338,115
1901,Jeanne,SHAHEEN,SENATOR,D,NH,N/A,S001181,115
1929,Gary,PETERS,REPRESENTATIVE,D,MI,52,P000595,115
583,James,INHOFE,SENATOR,R,OK,N/A,I000024,115
1531,Debbie,STABENOW,SENATOR,D,MI,N/A,S000770,115
1897,Mark,WARNER,SENATOR,D,VA,N/A,W000805,115
1937,Martin,HEINRICH,SENATOR,D,NM,N/A,H001046,115
1937,Martin,HEINRICH,SENATOR,D,NM,N/A,H001046,115
1983,Joe,MANCHIN,SENATOR,D,WV,N/A,M001183,115
1983,Joe,MANCHIN,SENATOR,D,WV,N/A,M001183,115
735,Edward,MARKEY,SENATOR,D,MA,N/A,M000133,115
735,Edward,MARKEY,SENATOR,D,MA,N/A,M000133,115
735,Edward,MARKEY,SENATOR,D,MA,N/A,M000133,115
791,Robert,MENENDEZ,SENATOR,D,NJ,N/A,M000639,115
791,Robert,MENENDEZ,SENATOR,D,NJ,N/A,M000639,115
1692,John,CORNYN,SENATOR,R,TX,N/A,C001056,115
326,Richard,DURBIN,SENATOR,D,IL,N/A,D000563,115
1695,Lamar,ALEXANDER,SENATOR,R,TN,N/A,A000360,115
1558,Tammy,BALDWIN,SENATOR,D,WI,N/A,B001230,115
859,Bill,NELSON,SENATOR,D,FL,N/A,N000032,115
2084,Marco,RUBIO,SENATOR,R,FL,N/A,R000595,115
2302,Margaret,HASSAN,N/A,D,NH,N/A,H001076,115
1850,Joe,DONNELLY,SENATOR,D,IN,N/A,D000607,115
1850,Joe,DONNELLY,SENATOR,D,IN,N/A,D000607,115
1409,Patty,MURRAY,SENATOR,D,WA,N/A,M001111,115
2301,Kamala,HARRIS,REPRESENTATIVE,D,CA,1,H001075,115
2301,Kamala,HARRIS,REPRESENTATIVE,D,CA,1,H001075,115
1965,Michael,BENNET,SENATOR,D,CO,N/A,B001267,115
1965,Michael,BENNET,SENATOR,D,CO,N/A,B001267,115
1965,Michael,BENNET,SENATOR,D,CO,N/A,B001267,115
1409,Patty,MURRAY,SENATOR,D,WA,N/A,M001111,115
1409,Patty,MURRAY,SENATOR,D,WA,N/A,M001111,115
1969,Al,FRANKEN,SENATOR,D,MN,N/A,F000457,115
1969,Al,FRANKEN,SENATOR,D,MN,N/A,F000457,115
1823,Sheldon,WHITEHOUSE,SENATOR,D,RI,N/A,W000802,115
2194,Cory,BOOKER,SENATOR,D,NJ,N/A,B001288,115
1409,Patty,MURRAY,SENATOR,D,WA,N/A,M001111,115
1826,Amy,KLOBUCHAR,SENATOR,D,MN,N/A,K000367,115
1834,Doug,LAMBORN,REPRESENTATIVE,R,CO,5,L000564,115
1834,Doug,LAMBORN,REPRESENTATIVE,R,CO,5,L000564,115
1834,Doug,LAMBORN,REPRESENTATIVE,R,CO,5,L000564,115
1910,Jared,POLIS,REPRESENTATIVE,D,CO,2,P000598,115
1834,Doug,LAMBORN,REPRESENTATIVE,R,CO,5,L000564,115
1910,Jared,POLIS,REPRESENTATIVE,D,CO,2,P000598,115
1834,Doug,LAMBORN,REPRESENTATIVE,R,CO,5,L000564,115
1942,Paul,TONKO,REPRESENTATIVE,D,NY,20,T000469,115
616,Marcy,KAPTUR,REPRESENTATIVE,D,OH,8,K000009,115
616,Marcy,KAPTUR,REPRESENTATIVE,D,OH,8,K000009,115
1834,Doug,LAMBORN,REPRESENTATIVE,R,CO,5,L000564,115
1834,Doug,LAMBORN,REPRESENTATIVE,R,CO,5,L000564,115
1834,Doug,LAMBORN,REPRESENTATIVE,R,CO,5,L000564,115
1910,Jared,POLIS,REPRESENTATIVE,D,CO,2,P000598,115
1834,Doug,LAMBORN,REPRESENTATIVE,R,CO,5,L000564,115
1997,Scott,TIPTON,REPRESENTATIVE,R,CO,3,T000470,115
1910,Jared,POLIS,REPRESENTATIVE,D,CO,2,P000598,115
1834,Doug,LAMBORN,REPRESENTATIVE,R,CO,5,L000564,115
1226,Roger,WICKER,SENATOR,R,MS,N/A,W000437,115
1933,Gregg,HARPER,REPRESENTATIVE,R,MS,3,H001045,115
2283,Joni,ERNST,SENATOR,R,IA,N/A,E000295,115
2283,Joni,ERNST,SENATOR,R,IA,N/A,E000295,115
2283,Joni,ERNST,SENATOR,R,IA,N/A,E000295,115
1668,James,LANGEVIN,REPRESENTATIVE,D,RI,2,L000559,115
1834,Doug,LAMBORN,REPRESENTATIVE,R,CO,5,L000564,115
1834,Doug,LAMBORN,REPRESENTATIVE,R,CO,5,L000564,115
1834,Doug,LAMBORN,REPRESENTATIVE,R,CO,5,L000564,115
1910,Jared,POLIS,REPRESENTATIVE,D,CO,2,P000598,115
1834,Doug,LAMBORN,REPRESENTATIVE,R,CO,5,L000564,115
2060,Kristi,NOEM,REPRESENTATIVE,R,SD,0,N000184,115
1910,Jared,POLIS,REPRESENTATIVE,D,CO,2,P000598,115
1834,Doug,LAMBORN,REPRESENTATIVE,R,CO,5,L000564,115
1834,Doug,LAMBORN,REPRESENTATIVE,R,CO,5,L000564,115
2302,Margaret,HASSAN,N/A,D,NH,N/A,H001076,115
213,Thad,COCHRAN,SENATOR,R,MS,N/A,C000567,115
1834,Doug,LAMBORN,REPRESENTATIVE,R,CO,5,L000564,115
1834,Doug,LAMBORN,REPRESENTATIVE,R,CO,5,L000564,115
1834,Doug,LAMBORN,REPRESENTATIVE,R,CO,5,L000564,115
1910,Jared,POLIS,REPRESENTATIVE,D,CO,2,P000598,115
1834,Doug,LAMBORN,REPRESENTATIVE,R,CO,5,L000564,115
1910,Jared,POLIS,REPRESENTATIVE,D,CO,2,P000598,115
1834,Doug,LAMBORN,REPRESENTATIVE,R,CO,5,L000564,115
1834,Doug,LAMBORN,REPRESENTATIVE,R,CO,5,L000564,115
2185,Angus,KING,REPRESENTATIVE,I,ME,4,K000383,115
2283,Joni,ERNST,SENATOR,R,IA,N/A,E000295,115
2138,Steve,DAINES,SENATOR,R,MT,N/A,D000618,115
1834,Doug,LAMBORN,REPRESENTATIVE,R,CO,5,L000564,115
1834,Doug,LAMBORN,REPRESENTATIVE,R,CO,5,L000564,115
1834,Doug,LAMBORN,REPRESENTATIVE,R,CO,5,L000564,115
1910,Jared,POLIS,REPRESENTATIVE,D,CO,2,P000598,115
1834,Doug,LAMBORN,REPRESENTATIVE,R,CO,5,L000564,115
1910,Jared,POLIS,REPRESENTATIVE,D,CO,2,P000598,115
1834,Doug,LAMBORN,REPRESENTATIVE,R,CO,5,L000564,115
583,James,INHOFE,SENATOR,R,OK,N/A,I000024,115
2194,Cory,BOOKER,SENATOR,D,NJ,N/A,B001288,115
2021,Kevin,YODER,REPRESENTATIVE,R,KS,3,Y000063,115
2021,Kevin,YODER,REPRESENTATIVE,R,KS,3,Y000063,115
2021,Kevin,YODER,REPRESENTATIVE,R,KS,3,Y000063,115
229,John,CONYERS,REPRESENTATIVE,D,MI,13,C000714,115
446,Bob,GOODLATTE,REPRESENTATIVE,R,VA,6,G000289,115
229,John,CONYERS,REPRESENTATIVE,D,MI,13,C000714,115
850,Jerrold,NADLER,REPRESENTATIVE,D,NY,10,N000002,115
446,Bob,GOODLATTE,REPRESENTATIVE,R,VA,6,G000289,115
2253,Tom,EMMER,REPRESENTATIVE,R,MN,6,E000294,115
229,John,CONYERS,REPRESENTATIVE,D,MI,13,C000714,115
1910,Jared,POLIS,REPRESENTATIVE,D,CO,2,P000598,115
229,John,CONYERS,REPRESENTATIVE,D,MI,13,C000714,115
446,Bob,GOODLATTE,REPRESENTATIVE,R,VA,6,G000289,115
2158,Keith,ROTHFUS,REPRESENTATIVE,R,PA,12,R000598,115
2152,Brad,WENSTRUP,REPRESENTATIVE,R,OH,2,W000815,115
2158,Keith,ROTHFUS,REPRESENTATIVE,R,PA,12,R000598,115
2158,Keith,ROTHFUS,REPRESENTATIVE,R,PA,12,R000598,115
2032,Vicky,HARTZLER,REPRESENTATIVE,R,MO,4,H001053,115
2158,Keith,ROTHFUS,REPRESENTATIVE,R,PA,12,R000598,115
2026,Andy,HARRIS,REPRESENTATIVE,R,MD,1,H001052,115
2158,Keith,ROTHFUS,REPRESENTATIVE,R,PA,12,R000598,115
2328,Roger,MARSHALL,N/A,R,KS,N/A,M001198,115
2158,Keith,ROTHFUS,REPRESENTATIVE,R,PA,12,R000598,115
2264,John,KATKO,REPRESENTATIVE,R,NY,24,K000386,115
1793,Jeff,FORTENBERRY,REPRESENTATIVE,R,NE,1,F000449,115
1695,Lamar,ALEXANDER,SENATOR,R,TN,N/A,A000360,115
2253,Tom,EMMER,REPRESENTATIVE,R,MN,6,E000294,115
2345,Brian,FITZPATRICK,REPRESENTATIVE,R,PA,8,F000466,115
1828,Robert,CASEY,SENATOR,D,PA,N/A,C001070,115
2056,Tim,SCOTT,REPRESENTATIVE,R,SC,52,S001184,115
1965,Michael,BENNET,SENATOR,D,CO,N/A,B001267,115
1965,Michael,BENNET,SENATOR,D,CO,N/A,B001267,115
1965,Michael,BENNET,SENATOR,D,CO,N/A,B001267,115
2173,Brian,SCHATZ,SENATOR,D,HI,N/A,S001194,115
2173,Brian,SCHATZ,SENATOR,D,HI,N/A,S001194,115
2182,Elizabeth,WARREN,SENATOR,D,MA,N/A,W000817,115
2182,Elizabeth,WARREN,SENATOR,D,MA,N/A,W000817,115
2182,Elizabeth,WARREN,SENATOR,D,MA,N/A,W000817,115
2182,Elizabeth,WARREN,SENATOR,D,MA,N/A,W000817,115
2182,Elizabeth,WARREN,SENATOR,D,MA,N/A,W000817,115
2182,Elizabeth,WARREN,SENATOR,D,MA,N/A,W000817,115
2182,Elizabeth,WARREN,SENATOR,D,MA,N/A,W000817,115
1828,Robert,CASEY,SENATOR,D,PA,N/A,C001070,115
1828,Robert,CASEY,SENATOR,D,PA,N/A,C001070,115
2176,Tim,KAINE,SENATOR,D,VA,N/A,K000384,115
2176,Tim,KAINE,SENATOR,D,VA,N/A,K000384,115
1837,Christopher,MURPHY,SENATOR,D,CT,N/A,M001169,115
1837,Christopher,MURPHY,SENATOR,D,CT,N/A,M001169,115
1900,Jeff,MERKLEY,SENATOR,D,OR,N/A,M001176,115
1900,Jeff,MERKLEY,SENATOR,D,OR,N/A,M001176,115
949,Jack,REED,REPRESENTATIVE,D,RI,23,R000122,115
949,Jack,REED,REPRESENTATIVE,D,RI,23,R000122,115
326,Richard,DURBIN,SENATOR,D,IL,N/A,D000563,115
326,Richard,DURBIN,SENATOR,D,IL,N/A,D000563,115
326,Richard,DURBIN,SENATOR,D,IL,N/A,D000563,115
2076,Richard,BLUMENTHAL,SENATOR,D,CT,N/A,B001277,115
1409,Patty,MURRAY,SENATOR,D,WA,N/A,M001111,115
1247,Ron,WYDEN,SENATOR,D,OR,N/A,W000779,115
1984,Christopher,COONS,SENATOR,D,DE,N/A,C001088,115
1332,Dianne,FEINSTEIN,SENATOR,D,CA,N/A,F000062,115
1984,Christopher,COONS,SENATOR,D,DE,N/A,C001088,115
1409,Patty,MURRAY,SENATOR,D,WA,N/A,M001111,115
1409,Patty,MURRAY,SENATOR,D,WA,N/A,M001111,115
326,Richard,DURBIN,SENATOR,D,IL,N/A,D000563,115
1036,Charles,SCHUMER,SENATOR,D,NY,N/A,S000148,115
1036,Charles,SCHUMER,SENATOR,D,NY,N/A,S000148,115
1567,Tom,UDALL,SENATOR,D,NM,N/A,U000039,115
136,Sherrod,BROWN,REPRESENTATIVE,D,OH,26,B000944,115
136,Sherrod,BROWN,REPRESENTATIVE,D,OH,26,B000944,115
1409,Patty,MURRAY,SENATOR,D,WA,N/A,M001111,115
179,Thomas,CARPER,SENATOR,D,DE,N/A,C000174,115
174,Benjamin,CARDIN,SENATOR,D,MD,N/A,C000141,115
1409,Patty,MURRAY,SENATOR,D,WA,N/A,M001111,115
2173,Brian,SCHATZ,SENATOR,D,HI,N/A,S001194,115
1409,Patty,MURRAY,SENATOR,D,WA,N/A,M001111,115
2173,Brian,SCHATZ,SENATOR,D,HI,N/A,S001194,115
1409,Patty,MURRAY,SENATOR,D,WA,N/A,M001111,115
2302,Margaret,HASSAN,N/A,D,NH,N/A,H001076,115
1409,Patty,MURRAY,SENATOR,D,WA,N/A,M001111,115
2302,Margaret,HASSAN,N/A,D,NH,N/A,H001076,115
1409,Patty,MURRAY,SENATOR,D,WA,N/A,M001111,115
1826,Amy,KLOBUCHAR,SENATOR,D,MN,N/A,K000367,115
1409,Patty,MURRAY,SENATOR,D,WA,N/A,M001111,115
1409,Patty,MURRAY,SENATOR,D,WA,N/A,M001111,115
1409,Patty,MURRAY,SENATOR,D,WA,N/A,M001111,115
1531,Debbie,STABENOW,SENATOR,D,MI,N/A,S000770,115
1531,Debbie,STABENOW,SENATOR,D,MI,N/A,S000770,115
1409,Patty,MURRAY,SENATOR,D,WA,N/A,M001111,115
1900,Jeff,MERKLEY,SENATOR,D,OR,N/A,M001176,115
1409,Patty,MURRAY,SENATOR,D,WA,N/A,M001111,115
1900,Jeff,MERKLEY,SENATOR,D,OR,N/A,M001176,115
1409,Patty,MURRAY,SENATOR,D,WA,N/A,M001111,115
1900,Jeff,MERKLEY,SENATOR,D,OR,N/A,M001176,115
1409,Patty,MURRAY,SENATOR,D,WA,N/A,M001111,115
1695,Lamar,ALEXANDER,SENATOR,R,TN,N/A,A000360,115
1695,Lamar,ALEXANDER,SENATOR,R,TN,N/A,A000360,115
1409,Patty,MURRAY,SENATOR,D,WA,N/A,M001111,115
1695,Lamar,ALEXANDER,SENATOR,R,TN,N/A,A000360,115
2123,Tammy,DUCKWORTH,REPRESENTATIVE,D,IL,8,D000622,115
1409,Patty,MURRAY,SENATOR,D,WA,N/A,M001111,115
2123,Tammy,DUCKWORTH,REPRESENTATIVE,D,IL,8,D000622,115
1409,Patty,MURRAY,SENATOR,D,WA,N/A,M001111,115
1969,Al,FRANKEN,SENATOR,D,MN,N/A,F000457,115
1409,Patty,MURRAY,SENATOR,D,WA,N/A,M001111,115
1969,Al,FRANKEN,SENATOR,D,MN,N/A,F000457,115
1409,Patty,MURRAY,SENATOR,D,WA,N/A,M001111,115
1844,Mazie,HIRONO,SENATOR,D,HI,N/A,H001042,115
1409,Patty,MURRAY,SENATOR,D,WA,N/A,M001111,115
1844,Mazie,HIRONO,SENATOR,D,HI,N/A,H001042,115
1409,Patty,MURRAY,SENATOR,D,WA,N/A,M001111,115
1409,Patty,MURRAY,SENATOR,D,WA,N/A,M001111,115
1695,Lamar,ALEXANDER,SENATOR,R,TN,N/A,A000360,115
1695,Lamar,ALEXANDER,SENATOR,R,TN,N/A,A000360,115
1695,Lamar,ALEXANDER,SENATOR,R,TN,N/A,A000360,115
1695,Lamar,ALEXANDER,SENATOR,R,TN,N/A,A000360,115
1695,Lamar,ALEXANDER,SENATOR,R,TN,N/A,A000360,115
2056,Tim,SCOTT,REPRESENTATIVE,R,SC,52,S001184,115
326,Richard,DURBIN,SENATOR,D,IL,N/A,D000563,115
1793,Jeff,FORTENBERRY,REPRESENTATIVE,R,NE,1,F000449,115
2097,Donald,PAYNE,REPRESENTATIVE,D,NJ,10,P000604,115
2055,David,CICILLINE,REPRESENTATIVE,D,RI,1,C001084,115
