speaker_id,first_name,last_name,type,party,state,district,bio_guide_id,congress_id
2354,Pramila,JAYAPAL,N/A,D,WA,N/A,J000298,115
174,Benjamin,CARDIN,SENATOR,D,MD,N/A,C000141,115
1692,John,CORNYN,SENATOR,R,TX,N/A,C001056,115
616,Marcy,KAPTUR,REPRESENTATIVE,D,OH,8,K000009,115
2332,Jamie,RASKIN,N/A,D,MD,N/A,R000606,115
2354,Pramila,JAYAPAL,N/A,D,WA,N/A,J000298,115
2332,Jamie,RASKIN,N/A,D,MD,N/A,R000606,115
1501,Barbara,LEE,REPRESENTATIVE,D,CA,13,L000551,115
2332,Jamie,RASKIN,N/A,D,MD,N/A,R000606,115
2311,Nanette,BARRAGAN,N/A,D,CA,N/A,B001300,115
2332,Jamie,RASKIN,N/A,D,MD,N/A,R000606,115
2332,Jamie,RASKIN,N/A,D,MD,N/A,R000606,115
1857,Keith,ELLISON,REPRESENTATIVE,D,MN,5,E000288,115
2332,Jamie,RASKIN,N/A,D,MD,N/A,R000606,115
2055,David,CICILLINE,REPRESENTATIVE,D,RI,1,C001084,115
2332,Jamie,RASKIN,N/A,D,MD,N/A,R000606,115
2055,David,CICILLINE,REPRESENTATIVE,D,RI,1,C001084,115
2332,Jamie,RASKIN,N/A,D,MD,N/A,R000606,115
2110,Mark,TAKANO,REPRESENTATIVE,D,CA,41,T000472,115
2332,Jamie,RASKIN,N/A,D,MD,N/A,R000606,115
2171,Mark,POCAN,REPRESENTATIVE,D,WI,2,P000607,115
2332,Jamie,RASKIN,N/A,D,MD,N/A,R000606,115
1588,Janice,SCHAKOWSKY,REPRESENTATIVE,D,IL,9,S001145,115
2332,Jamie,RASKIN,N/A,D,MD,N/A,R000606,115
1973,John,GARAMENDI,REPRESENTATIVE,D,CA,3,G000559,115
1973,John,GARAMENDI,REPRESENTATIVE,D,CA,3,G000559,115
2332,Jamie,RASKIN,N/A,D,MD,N/A,R000606,115
2332,Jamie,RASKIN,N/A,D,MD,N/A,R000606,115
2332,Jamie,RASKIN,N/A,D,MD,N/A,R000606,115
2079,John,HOEVEN,SENATOR,R,ND,N/A,H001061,115
2084,Marco,RUBIO,SENATOR,R,FL,N/A,R000595,115
1687,John,BOOZMAN,SENATOR,R,AR,N/A,B001236,115
1825,Bob,CORKER,SENATOR,R,TN,N/A,C001071,115
2353,Thomas,GARRETT,REPRESENTATIVE,R,VA,5,G000580,115
1692,John,CORNYN,SENATOR,R,TX,N/A,C001056,115
326,Richard,DURBIN,SENATOR,D,IL,N/A,D000563,115
2086,Ron,JOHNSON,REPRESENTATIVE,R,WI,4,J000293,115
2353,Thomas,GARRETT,REPRESENTATIVE,R,VA,5,G000580,115
250,Mike,CRAPO,SENATOR,R,ID,N/A,C000880,115
1695,Lamar,ALEXANDER,SENATOR,R,TN,N/A,A000360,115
1896,James,RISCH,SENATOR,R,ID,N/A,R000584,115
1695,Lamar,ALEXANDER,SENATOR,R,TN,N/A,A000360,115
968,Pat,ROBERTS,SENATOR,R,KS,N/A,R000307,115
1818,Albio,SIRES,REPRESENTATIVE,D,NJ,8,S001165,115
924,Rob,PORTMAN,SENATOR,R,OH,N/A,P000449,115
1855,Tim,WALBERG,REPRESENTATIVE,R,MI,7,W000798,115
326,Richard,DURBIN,SENATOR,D,IL,N/A,D000563,115
99,Earl,BLUMENAUER,REPRESENTATIVE,D,OR,3,B000574,115
1010,Bernard,SANDERS,SENATOR,I,VT,N/A,S000033,115
1464,Roy,BLUNT,SENATOR,R,MO,N/A,B000575,115
1464,Roy,BLUNT,SENATOR,R,MO,N/A,B000575,115
1383,Patrick,LEAHY,SENATOR,D,VT,N/A,L000174,115
2176,Tim,KAINE,SENATOR,D,VA,N/A,K000384,115
1998,Cory,GARDNER,N/A,R,CO,N/A,G000562,115
2182,Elizabeth,WARREN,SENATOR,D,MA,N/A,W000817,115
1351,Orrin,HATCH,SENATOR,R,UT,N/A,H000338,115
1351,Orrin,HATCH,SENATOR,R,UT,N/A,H000338,115
1844,Mazie,HIRONO,SENATOR,D,HI,N/A,H001042,115
2337,Don,BACON,N/A,R,NE,N/A,B001298,115
2239,Rick,ALLEN,REPRESENTATIVE,R,GA,12,A000372,115
2354,Pramila,JAYAPAL,N/A,D,WA,N/A,J000298,115
1930,Erik,PAULSEN,REPRESENTATIVE,R,MN,3,P000594,115
2171,Mark,POCAN,REPRESENTATIVE,D,WI,2,P000607,115
2297,James,COMER,N/A,R,KY,N/A,C001108,115
326,Richard,DURBIN,SENATOR,D,IL,N/A,D000563,115
2312,J.,CORREA,N/A,D,CA,N/A,C001110,115
2153,Joyce,BEATTY,REPRESENTATIVE,D,OH,3,B001281,115
1692,John,CORNYN,SENATOR,R,TX,N/A,C001056,115
326,Richard,DURBIN,SENATOR,D,IL,N/A,D000563,115
2343,John,FASO,N/A,R,NY,N/A,F000464,115
2343,John,FASO,N/A,R,NY,N/A,F000464,115
2328,Roger,MARSHALL,N/A,R,KS,N/A,M001198,115
1823,Sheldon,WHITEHOUSE,SENATOR,D,RI,N/A,W000802,115
2310,Salud,CARBAJAL,N/A,D,CA,N/A,C001112,115
1998,Cory,GARDNER,N/A,R,CO,N/A,G000562,115
1973,John,GARAMENDI,REPRESENTATIVE,D,CA,3,G000559,115
2332,Jamie,RASKIN,N/A,D,MD,N/A,R000606,115
1933,Gregg,HARPER,REPRESENTATIVE,R,MS,3,H001045,115
446,Bob,GOODLATTE,REPRESENTATIVE,R,VA,6,G000289,115
446,Bob,GOODLATTE,REPRESENTATIVE,R,VA,6,G000289,115
446,Bob,GOODLATTE,REPRESENTATIVE,R,VA,6,G000289,115
229,John,CONYERS,REPRESENTATIVE,D,MI,13,C000714,115
229,John,CONYERS,REPRESENTATIVE,D,MI,13,C000714,115
2244,Ralph,ABRAHAM,REPRESENTATIVE,R,LA,5,A000374,115
229,John,CONYERS,REPRESENTATIVE,D,MI,13,C000714,115
303,Lloyd,DOGGETT,REPRESENTATIVE,D,TX,35,D000399,115
229,John,CONYERS,REPRESENTATIVE,D,MI,13,C000714,115
303,Lloyd,DOGGETT,REPRESENTATIVE,D,TX,35,D000399,115
229,John,CONYERS,REPRESENTATIVE,D,MI,13,C000714,115
2048,James,RENACCI,REPRESENTATIVE,R,OH,16,R000586,115
229,John,CONYERS,REPRESENTATIVE,D,MI,13,C000714,115
2128,Jackie,WALORSKI,REPRESENTATIVE,R,IN,2,W000813,115
229,John,CONYERS,REPRESENTATIVE,D,MI,13,C000714,115
2350,Jodey,ARRINGTON,N/A,R,TX,N/A,A000375,115
229,John,CONYERS,REPRESENTATIVE,D,MI,13,C000714,115
2115,Ted,YOHO,REPRESENTATIVE,R,FL,3,Y000065,115
229,John,CONYERS,REPRESENTATIVE,D,MI,13,C000714,115
229,John,CONYERS,REPRESENTATIVE,D,MI,13,C000714,115
566,Steny,HOYER,REPRESENTATIVE,D,MD,5,H000874,115
229,John,CONYERS,REPRESENTATIVE,D,MI,13,C000714,115
2201,Alma,ADAMS,REPRESENTATIVE,D,NC,12,A000370,115
1525,Pete,SESSIONS,SENATOR,R,TX,N/A,S000250,115
1036,Charles,SCHUMER,SENATOR,D,NY,N/A,S000148,115
1036,Charles,SCHUMER,SENATOR,D,NY,N/A,S000148,115
1036,Charles,SCHUMER,SENATOR,D,NY,N/A,S000148,115
457,Chuck,GRASSLEY,SENATOR,R,IA,N/A,G000386,115
1692,John,CORNYN,SENATOR,R,TX,N/A,C001056,115
1692,John,CORNYN,SENATOR,R,TX,N/A,C001056,115
1692,John,CORNYN,SENATOR,R,TX,N/A,C001056,115
1036,Charles,SCHUMER,SENATOR,D,NY,N/A,S000148,115
1036,Charles,SCHUMER,SENATOR,D,NY,N/A,S000148,115
1937,Martin,HEINRICH,SENATOR,D,NM,N/A,H001046,115
1937,Martin,HEINRICH,SENATOR,D,NM,N/A,H001046,115
1332,Dianne,FEINSTEIN,SENATOR,D,CA,N/A,F000062,115
1534,John,THUNE,SENATOR,R,SD,N/A,T000250,115
1541,Susan,COLLINS,REPRESENTATIVE,R,ME,9,C001035,115
1541,Susan,COLLINS,REPRESENTATIVE,R,ME,9,C001035,115
1541,Susan,COLLINS,REPRESENTATIVE,R,ME,9,C001035,115
1695,Lamar,ALEXANDER,SENATOR,R,TN,N/A,A000360,115
1694,Lisa,MURKOWSKI,SENATOR,R,AK,N/A,M001153,115
1694,Lisa,MURKOWSKI,SENATOR,R,AK,N/A,M001153,115
1694,Lisa,MURKOWSKI,SENATOR,R,AK,N/A,M001153,115
1694,Lisa,MURKOWSKI,SENATOR,R,AK,N/A,M001153,115
1694,Lisa,MURKOWSKI,SENATOR,R,AK,N/A,M001153,115
1695,Lamar,ALEXANDER,SENATOR,R,TN,N/A,A000360,115
1695,Lamar,ALEXANDER,SENATOR,R,TN,N/A,A000360,115
1695,Lamar,ALEXANDER,SENATOR,R,TN,N/A,A000360,115
1901,Jeanne,SHAHEEN,SENATOR,D,NH,N/A,S001181,115
1850,Joe,DONNELLY,SENATOR,D,IN,N/A,D000607,115
1608,Johnny,ISAKSON,SENATOR,R,GA,N/A,I000055,115
1608,Johnny,ISAKSON,SENATOR,R,GA,N/A,I000055,115
1608,Johnny,ISAKSON,SENATOR,R,GA,N/A,I000055,115
326,Richard,DURBIN,SENATOR,D,IL,N/A,D000563,115
1692,John,CORNYN,SENATOR,R,TX,N/A,C001056,115
326,Richard,DURBIN,SENATOR,D,IL,N/A,D000563,115
1956,Jason,CHAFFETZ,REPRESENTATIVE,R,UT,3,C001076,115
1956,Jason,CHAFFETZ,REPRESENTATIVE,R,UT,3,C001076,115
1956,Jason,CHAFFETZ,REPRESENTATIVE,R,UT,3,C001076,115
256,Elijah,CUMMINGS,REPRESENTATIVE,D,MD,7,C000984,115
1956,Jason,CHAFFETZ,REPRESENTATIVE,R,UT,3,C001076,115
1791,Virginia,FOXX,REPRESENTATIVE,R,NC,5,F000450,115
1956,Jason,CHAFFETZ,REPRESENTATIVE,R,UT,3,C001076,115
1791,Virginia,FOXX,REPRESENTATIVE,R,NC,5,F000450,115
1791,Virginia,FOXX,REPRESENTATIVE,R,NC,5,F000450,115
186,Steve,CHABOT,REPRESENTATIVE,R,OH,1,C000266,115
1588,Janice,SCHAKOWSKY,REPRESENTATIVE,D,IL,9,S001145,115
1791,Virginia,FOXX,REPRESENTATIVE,R,NC,5,F000450,115
2334,Paul,MITCHELL,N/A,R,MI,N/A,M001201,115
2092,Suzanne,BONAMICI,REPRESENTATIVE,D,OR,1,B001278,115
1791,Virginia,FOXX,REPRESENTATIVE,R,NC,5,F000450,115
1855,Tim,WALBERG,REPRESENTATIVE,R,MI,7,W000798,115
2202,Donald,NORCROSS,REPRESENTATIVE,D,NJ,1,N000188,115
2202,Donald,NORCROSS,REPRESENTATIVE,D,NJ,1,N000188,115
1791,Virginia,FOXX,REPRESENTATIVE,R,NC,5,F000450,115
2197,Bradley,BYRNE,REPRESENTATIVE,R,AL,1,B001289,115
2110,Mark,TAKANO,REPRESENTATIVE,D,CA,41,T000472,115
2110,Mark,TAKANO,REPRESENTATIVE,D,CA,41,T000472,115
1791,Virginia,FOXX,REPRESENTATIVE,R,NC,5,F000450,115
1791,Virginia,FOXX,REPRESENTATIVE,R,NC,5,F000450,115
2342,Adriano,ESPAILLAT,N/A,D,NY,N/A,E000297,115
1791,Virginia,FOXX,REPRESENTATIVE,R,NC,5,F000450,115
1791,Virginia,FOXX,REPRESENTATIVE,R,NC,5,F000450,115
1791,Virginia,FOXX,REPRESENTATIVE,R,NC,5,F000450,115
1036,Charles,SCHUMER,SENATOR,D,NY,N/A,S000148,115
1998,Cory,GARDNER,N/A,R,CO,N/A,G000562,115
2252,Brenda,LAWRENCE,REPRESENTATIVE,D,MI,14,L000581,115
2052,Patrick,MEEHAN,REPRESENTATIVE,R,PA,7,M001181,115
1910,Jared,POLIS,REPRESENTATIVE,D,CO,2,P000598,115
2140,Richard,HUDSON,REPRESENTATIVE,R,NC,8,H001067,115
2332,Jamie,RASKIN,N/A,D,MD,N/A,R000606,115
2332,Jamie,RASKIN,N/A,D,MD,N/A,R000606,115
1692,John,CORNYN,SENATOR,R,TX,N/A,C001056,115
1036,Charles,SCHUMER,SENATOR,D,NY,N/A,S000148,115
1694,Lisa,MURKOWSKI,SENATOR,R,AK,N/A,M001153,115
1825,Bob,CORKER,SENATOR,R,TN,N/A,C001071,115
1998,Cory,GARDNER,N/A,R,CO,N/A,G000562,115
1900,Jeff,MERKLEY,SENATOR,D,OR,N/A,M001176,115
1332,Dianne,FEINSTEIN,SENATOR,D,CA,N/A,F000062,115
2080,Mike,LEE,REPRESENTATIVE,R,UT,13,L000577,115
172,Maria,CANTWELL,SENATOR,D,WA,N/A,C000127,115
2291,Thom,TILLIS,SENATOR,R,NC,N/A,T000476,115
2173,Brian,SCHATZ,SENATOR,D,HI,N/A,S001194,115
1676,Shelley,CAPITO,N/A,R,WV,N/A,C001047,115
179,Thomas,CARPER,SENATOR,D,DE,N/A,C000174,115
2286,David,PERDUE,SENATOR,R,GA,N/A,P000612,115
172,Maria,CANTWELL,SENATOR,D,WA,N/A,C000127,115
172,Maria,CANTWELL,SENATOR,D,WA,N/A,C000127,115
1900,Jeff,MERKLEY,SENATOR,D,OR,N/A,M001176,115
1823,Sheldon,WHITEHOUSE,SENATOR,D,RI,N/A,W000802,115
1823,Sheldon,WHITEHOUSE,SENATOR,D,RI,N/A,W000802,115
1541,Susan,COLLINS,REPRESENTATIVE,R,ME,9,C001035,115
1998,Cory,GARDNER,N/A,R,CO,N/A,G000562,115
1998,Cory,GARDNER,N/A,R,CO,N/A,G000562,115
1226,Roger,WICKER,SENATOR,R,MS,N/A,W000437,115
1998,Cory,GARDNER,N/A,R,CO,N/A,G000562,115
1998,Cory,GARDNER,N/A,R,CO,N/A,G000562,115
1998,Cory,GARDNER,N/A,R,CO,N/A,G000562,115
1742,Tom,COLE,REPRESENTATIVE,R,OK,12,C001053,115
1742,Tom,COLE,REPRESENTATIVE,R,OK,12,C001053,115
1742,Tom,COLE,REPRESENTATIVE,R,OK,12,C001053,115
1742,Tom,COLE,REPRESENTATIVE,R,OK,12,C001053,115
1910,Jared,POLIS,REPRESENTATIVE,D,CO,2,P000598,115
1742,Tom,COLE,REPRESENTATIVE,R,OK,12,C001053,115
1910,Jared,POLIS,REPRESENTATIVE,D,CO,2,P000598,115
1742,Tom,COLE,REPRESENTATIVE,R,OK,12,C001053,115
1910,Jared,POLIS,REPRESENTATIVE,D,CO,2,P000598,115
1742,Tom,COLE,REPRESENTATIVE,R,OK,12,C001053,115
1910,Jared,POLIS,REPRESENTATIVE,D,CO,2,P000598,115
1910,Jared,POLIS,REPRESENTATIVE,D,CO,2,P000598,115
1742,Tom,COLE,REPRESENTATIVE,R,OK,12,C001053,115
1742,Tom,COLE,REPRESENTATIVE,R,OK,12,C001053,115
1910,Jared,POLIS,REPRESENTATIVE,D,CO,2,P000598,115
1998,Cory,GARDNER,N/A,R,CO,N/A,G000562,115
1998,Cory,GARDNER,N/A,R,CO,N/A,G000562,115
1998,Cory,GARDNER,N/A,R,CO,N/A,G000562,115
