speaker_id,first_name,last_name,type,party,state,district,bio_guide_id,congress_id
2109,Raul,RUIZ,REPRESENTATIVE,D,CA,36,R000599,115
2263,Elise,STEFANIK,REPRESENTATIVE,R,NY,21,S001196,115
2307,Andy,BIGGS,N/A,R,AZ,N/A,B001302,115
2247,Bruce,POLIQUIN,REPRESENTATIVE,R,ME,2,P000611,115
1757,Linda,SANCHEZ,REPRESENTATIVE,D,CA,38,S001156,115
2355,Mike,GALLAGHER,N/A,R,WI,N/A,G000579,115
2344,Claudia,TENNEY,N/A,R,NY,N/A,T000478,115
2342,Adriano,ESPAILLAT,N/A,D,NY,N/A,E000297,115
2233,Ken,BUCK,REPRESENTATIVE,R,CO,4,B001297,115
2233,Ken,BUCK,REPRESENTATIVE,R,CO,4,B001297,115
2233,Ken,BUCK,REPRESENTATIVE,R,CO,4,B001297,115
2233,Ken,BUCK,REPRESENTATIVE,R,CO,4,B001297,115
2233,Ken,BUCK,REPRESENTATIVE,R,CO,4,B001297,115
2233,Ken,BUCK,REPRESENTATIVE,R,CO,4,B001297,115
2028,Bill,HUIZENGA,REPRESENTATIVE,R,MI,2,H001058,115
2233,Ken,BUCK,REPRESENTATIVE,R,CO,4,B001297,115
2028,Bill,HUIZENGA,REPRESENTATIVE,R,MI,2,H001058,115
355,Anna,ESHOO,REPRESENTATIVE,D,CA,18,E000215,115
355,Anna,ESHOO,REPRESENTATIVE,D,CA,18,E000215,115
2233,Ken,BUCK,REPRESENTATIVE,R,CO,4,B001297,115
2015,Randy,HULTGREN,REPRESENTATIVE,R,IL,14,H001059,115
2233,Ken,BUCK,REPRESENTATIVE,R,CO,4,B001297,115
2233,Ken,BUCK,REPRESENTATIVE,R,CO,4,B001297,115
2233,Ken,BUCK,REPRESENTATIVE,R,CO,4,B001297,115
2112,Juan,VARGAS,REPRESENTATIVE,D,CA,51,V000130,115
1991,Steve,WOMACK,REPRESENTATIVE,R,AR,3,W000809,115
1791,Virginia,FOXX,REPRESENTATIVE,R,NC,5,F000450,115
1791,Virginia,FOXX,REPRESENTATIVE,R,NC,5,F000450,115
1791,Virginia,FOXX,REPRESENTATIVE,R,NC,5,F000450,115
1791,Virginia,FOXX,REPRESENTATIVE,R,NC,5,F000450,115
1791,Virginia,FOXX,REPRESENTATIVE,R,NC,5,F000450,115
1855,Tim,WALBERG,REPRESENTATIVE,R,MI,7,W000798,115
1791,Virginia,FOXX,REPRESENTATIVE,R,NC,5,F000450,115
2334,Paul,MITCHELL,N/A,R,MI,N/A,M001201,115
1791,Virginia,FOXX,REPRESENTATIVE,R,NC,5,F000450,115
1791,Virginia,FOXX,REPRESENTATIVE,R,NC,5,F000450,115
1856,Timothy,WALZ,REPRESENTATIVE,D,MN,1,W000799,115
1838,Gus,BILIRAKIS,REPRESENTATIVE,R,FL,12,B001257,115
1856,Timothy,WALZ,REPRESENTATIVE,D,MN,1,W000799,115
1912,Mike,COFFMAN,REPRESENTATIVE,R,CO,6,C001077,115
1856,Timothy,WALZ,REPRESENTATIVE,D,MN,1,W000799,115
2110,Mark,TAKANO,REPRESENTATIVE,D,CA,41,T000472,115
1936,Leonard,LANCE,REPRESENTATIVE,R,NJ,7,L000567,115
1856,Timothy,WALZ,REPRESENTATIVE,D,MN,1,W000799,115
1856,Timothy,WALZ,REPRESENTATIVE,D,MN,1,W000799,115
1856,Timothy,WALZ,REPRESENTATIVE,D,MN,1,W000799,115
1856,Timothy,WALZ,REPRESENTATIVE,D,MN,1,W000799,115
2312,J.,CORREA,N/A,D,CA,N/A,C001110,115
1856,Timothy,WALZ,REPRESENTATIVE,D,MN,1,W000799,115
2340,Ruben,KIHUEN,N/A,D,NV,N/A,K000390,115
1856,Timothy,WALZ,REPRESENTATIVE,D,MN,1,W000799,115
446,Bob,GOODLATTE,REPRESENTATIVE,R,VA,6,G000289,115
446,Bob,GOODLATTE,REPRESENTATIVE,R,VA,6,G000289,115
446,Bob,GOODLATTE,REPRESENTATIVE,R,VA,6,G000289,115
2124,Bradley,SCHNEIDER,N/A,D,IL,N/A,S001190,115
446,Bob,GOODLATTE,REPRESENTATIVE,R,VA,6,G000289,115
2053,Tom,MARINO,REPRESENTATIVE,R,PA,10,M001179,115
2124,Bradley,SCHNEIDER,N/A,D,IL,N/A,S001190,115
446,Bob,GOODLATTE,REPRESENTATIVE,R,VA,6,G000289,115
2055,David,CICILLINE,REPRESENTATIVE,D,RI,1,C001084,115
2124,Bradley,SCHNEIDER,N/A,D,IL,N/A,S001190,115
2345,Brian,FITZPATRICK,REPRESENTATIVE,R,PA,8,F000466,115
1003,Bobby,RUSH,REPRESENTATIVE,D,IL,1,R000515,115
2252,Brenda,LAWRENCE,REPRESENTATIVE,D,MI,14,L000581,115
2252,Brenda,LAWRENCE,REPRESENTATIVE,D,MI,14,L000581,115
1890,Jackie,SPEIER,REPRESENTATIVE,D,CA,14,S001175,115
2063,Diane,BLACK,REPRESENTATIVE,R,TN,6,B001273,115
2063,Diane,BLACK,REPRESENTATIVE,R,TN,6,B001273,115
2222,Aumua,RADEWAGEN,DELEGATE,R,AS,N/A,R000600,115
2332,Jamie,RASKIN,N/A,D,MD,N/A,R000606,115
2354,Pramila,JAYAPAL,N/A,D,WA,N/A,J000298,115
2354,Pramila,JAYAPAL,N/A,D,WA,N/A,J000298,115
1814,Doris,MATSUI,REPRESENTATIVE,D,CA,6,M001163,115
2166,Marc,VEASEY,REPRESENTATIVE,D,TX,33,V000131,115
446,Bob,GOODLATTE,REPRESENTATIVE,R,VA,6,G000289,114
2070,H.,GRIFFITH,REPRESENTATIVE,R,VA,9,G000568,115
1998,Cory,GARDNER,N/A,R,CO,N/A,G000562,115
2109,Raul,RUIZ,REPRESENTATIVE,D,CA,36,R000599,115
1668,James,LANGEVIN,REPRESENTATIVE,D,RI,2,L000559,115
616,Marcy,KAPTUR,REPRESENTATIVE,D,OH,8,K000009,115
1855,Tim,WALBERG,REPRESENTATIVE,R,MI,7,W000798,115
612,Walter,JONES,REPRESENTATIVE,R,NC,3,J000255,115
887,Frank,PALLONE,REPRESENTATIVE,D,NJ,6,P000034,115
478,Luis,GUTIERREZ,REPRESENTATIVE,D,IL,4,G000535,115
208,James,CLYBURN,REPRESENTATIVE,D,SC,6,C000537,115
2345,Brian,FITZPATRICK,REPRESENTATIVE,R,PA,8,F000466,115
2067,Blake,FARENTHOLD,REPRESENTATIVE,R,TX,27,F000460,115
2067,Blake,FARENTHOLD,REPRESENTATIVE,R,TX,27,F000460,115
2223,J.,HILL,REPRESENTATIVE,R,AR,2,H001072,115
2169,Derek,KILMER,REPRESENTATIVE,D,WA,6,K000381,115
2270,Brian,BABIN,REPRESENTATIVE,R,TX,36,B001291,115
2297,James,COMER,N/A,R,KY,N/A,C001108,115
2332,Jamie,RASKIN,N/A,D,MD,N/A,R000606,115
2332,Jamie,RASKIN,N/A,D,MD,N/A,R000606,115
2354,Pramila,JAYAPAL,N/A,D,WA,N/A,J000298,115
2332,Jamie,RASKIN,N/A,D,MD,N/A,R000606,115
1588,Janice,SCHAKOWSKY,REPRESENTATIVE,D,IL,9,S001145,115
2332,Jamie,RASKIN,N/A,D,MD,N/A,R000606,115
2332,Jamie,RASKIN,N/A,D,MD,N/A,R000606,115
2308,Ro,KHANNA,N/A,D,CA,N/A,K000389,115
2055,David,CICILLINE,REPRESENTATIVE,D,RI,1,C001084,115
2052,Patrick,MEEHAN,REPRESENTATIVE,R,PA,7,M001181,115
1793,Jeff,FORTENBERRY,REPRESENTATIVE,R,NE,1,F000449,115
2149,Hakeem,JEFFRIES,REPRESENTATIVE,D,NY,8,J000294,115
2149,Hakeem,JEFFRIES,REPRESENTATIVE,D,NY,8,J000294,115
2149,Hakeem,JEFFRIES,REPRESENTATIVE,D,NY,8,J000294,115
2149,Hakeem,JEFFRIES,REPRESENTATIVE,D,NY,8,J000294,115
1791,Virginia,FOXX,REPRESENTATIVE,R,NC,5,F000450,115
2149,Hakeem,JEFFRIES,REPRESENTATIVE,D,NY,8,J000294,115
