speaker_id,first_name,last_name,type,party,state,district,bio_guide_id,congress_id
1879,Peter,WELCH,REPRESENTATIVE,D,VT,0,W000800,115
1633,Jeff,FLAKE,SENATOR,R,AZ,N/A,F000444,115
2229,Pete,AGUILAR,REPRESENTATIVE,D,CA,31,A000371,115
2223,J.,HILL,REPRESENTATIVE,R,AR,2,H001072,115
2342,Adriano,ESPAILLAT,N/A,D,NY,N/A,E000297,115
2138,Steve,DAINES,SENATOR,R,MT,N/A,D000618,115
1633,Jeff,FLAKE,SENATOR,R,AZ,N/A,F000444,115
2021,Kevin,YODER,REPRESENTATIVE,R,KS,3,Y000063,115
2293,Daniel,DONOVAN,REPRESENTATIVE,R,NY,11,D000625,115
2293,Daniel,DONOVAN,REPRESENTATIVE,R,NY,11,D000625,115
2293,Daniel,DONOVAN,REPRESENTATIVE,R,NY,11,D000625,115
2097,Donald,PAYNE,REPRESENTATIVE,D,NJ,10,P000604,115
2293,Daniel,DONOVAN,REPRESENTATIVE,R,NY,11,D000625,115
2054,Lou,BARLETTA,REPRESENTATIVE,R,PA,11,B001269,115
2328,Roger,MARSHALL,N/A,R,KS,N/A,M001198,115
566,Steny,HOYER,REPRESENTATIVE,D,MD,5,H000874,115
1383,Patrick,LEAHY,SENATOR,D,VT,N/A,L000174,115
2275,Dan,NEWHOUSE,REPRESENTATIVE,R,WA,4,N000189,115
2275,Dan,NEWHOUSE,REPRESENTATIVE,R,WA,4,N000189,115
2275,Dan,NEWHOUSE,REPRESENTATIVE,R,WA,4,N000189,115
2275,Dan,NEWHOUSE,REPRESENTATIVE,R,WA,4,N000189,115
511,Alcee,HASTINGS,REPRESENTATIVE,D,FL,20,H000324,115
2275,Dan,NEWHOUSE,REPRESENTATIVE,R,WA,4,N000189,115
511,Alcee,HASTINGS,REPRESENTATIVE,D,FL,20,H000324,115
887,Frank,PALLONE,REPRESENTATIVE,D,NJ,6,P000034,115
2275,Dan,NEWHOUSE,REPRESENTATIVE,R,WA,4,N000189,115
511,Alcee,HASTINGS,REPRESENTATIVE,D,FL,20,H000324,115
511,Alcee,HASTINGS,REPRESENTATIVE,D,FL,20,H000324,115
701,Zoe,LOFGREN,REPRESENTATIVE,D,CA,19,L000397,115
2275,Dan,NEWHOUSE,REPRESENTATIVE,R,WA,4,N000189,115
511,Alcee,HASTINGS,REPRESENTATIVE,D,FL,20,H000324,115
511,Alcee,HASTINGS,REPRESENTATIVE,D,FL,20,H000324,115
905,Nancy,PELOSI,REPRESENTATIVE,D,CA,12,P000197,115
2275,Dan,NEWHOUSE,REPRESENTATIVE,R,WA,4,N000189,115
511,Alcee,HASTINGS,REPRESENTATIVE,D,FL,20,H000324,115
701,Zoe,LOFGREN,REPRESENTATIVE,D,CA,19,L000397,115
2275,Dan,NEWHOUSE,REPRESENTATIVE,R,WA,4,N000189,115
511,Alcee,HASTINGS,REPRESENTATIVE,D,FL,20,H000324,115
355,Anna,ESHOO,REPRESENTATIVE,D,CA,18,E000215,115
511,Alcee,HASTINGS,REPRESENTATIVE,D,FL,20,H000324,115
511,Alcee,HASTINGS,REPRESENTATIVE,D,FL,20,H000324,115
1761,G.,BUTTERFIELD,REPRESENTATIVE,D,NC,1,B001251,115
511,Alcee,HASTINGS,REPRESENTATIVE,D,FL,20,H000324,115
2107,Tony,CARDENAS,REPRESENTATIVE,D,CA,29,C001097,115
511,Alcee,HASTINGS,REPRESENTATIVE,D,FL,20,H000324,115
511,Alcee,HASTINGS,REPRESENTATIVE,D,FL,20,H000324,115
511,Alcee,HASTINGS,REPRESENTATIVE,D,FL,20,H000324,115
511,Alcee,HASTINGS,REPRESENTATIVE,D,FL,20,H000324,115
511,Alcee,HASTINGS,REPRESENTATIVE,D,FL,20,H000324,115
511,Alcee,HASTINGS,REPRESENTATIVE,D,FL,20,H000324,115
850,Jerrold,NADLER,REPRESENTATIVE,D,NY,10,N000002,115
511,Alcee,HASTINGS,REPRESENTATIVE,D,FL,20,H000324,115
1602,Grace,NAPOLITANO,REPRESENTATIVE,D,CA,32,N000179,115
511,Alcee,HASTINGS,REPRESENTATIVE,D,FL,20,H000324,115
1184,Nydia,VELAZQUEZ,REPRESENTATIVE,D,NY,7,V000081,115
511,Alcee,HASTINGS,REPRESENTATIVE,D,FL,20,H000324,115
99,Earl,BLUMENAUER,REPRESENTATIVE,D,OR,3,B000574,115
511,Alcee,HASTINGS,REPRESENTATIVE,D,FL,20,H000324,115
683,Sander,LEVIN,REPRESENTATIVE,D,MI,9,L000263,115
511,Alcee,HASTINGS,REPRESENTATIVE,D,FL,20,H000324,115
478,Luis,GUTIERREZ,REPRESENTATIVE,D,IL,4,G000535,115
511,Alcee,HASTINGS,REPRESENTATIVE,D,FL,20,H000324,115
2354,Pramila,JAYAPAL,N/A,D,WA,N/A,J000298,115
511,Alcee,HASTINGS,REPRESENTATIVE,D,FL,20,H000324,115
2310,Salud,CARBAJAL,N/A,D,CA,N/A,C001112,115
511,Alcee,HASTINGS,REPRESENTATIVE,D,FL,20,H000324,115
566,Steny,HOYER,REPRESENTATIVE,D,MD,5,H000874,115
511,Alcee,HASTINGS,REPRESENTATIVE,D,FL,20,H000324,115
2124,Bradley,SCHNEIDER,N/A,D,IL,N/A,S001190,115
511,Alcee,HASTINGS,REPRESENTATIVE,D,FL,20,H000324,115
511,Alcee,HASTINGS,REPRESENTATIVE,D,FL,20,H000324,115
1042,Jose,SERRANO,REPRESENTATIVE,D,NY,15,S000248,115
511,Alcee,HASTINGS,REPRESENTATIVE,D,FL,20,H000324,115
2342,Adriano,ESPAILLAT,N/A,D,NY,N/A,E000297,115
511,Alcee,HASTINGS,REPRESENTATIVE,D,FL,20,H000324,115
1588,Janice,SCHAKOWSKY,REPRESENTATIVE,D,IL,9,S001145,115
511,Alcee,HASTINGS,REPRESENTATIVE,D,FL,20,H000324,115
1501,Barbara,LEE,REPRESENTATIVE,D,CA,13,L000551,115
511,Alcee,HASTINGS,REPRESENTATIVE,D,FL,20,H000324,115
1814,Doris,MATSUI,REPRESENTATIVE,D,CA,6,M001163,115
511,Alcee,HASTINGS,REPRESENTATIVE,D,FL,20,H000324,115
2272,Donald,BEYER,REPRESENTATIVE,D,VA,8,B001292,115
511,Alcee,HASTINGS,REPRESENTATIVE,D,FL,20,H000324,115
511,Alcee,HASTINGS,REPRESENTATIVE,D,FL,20,H000324,115
2311,Nanette,BARRAGAN,N/A,D,CA,N/A,B001300,115
511,Alcee,HASTINGS,REPRESENTATIVE,D,FL,20,H000324,115
2320,Val,DEMINGS,N/A,D,FL,N/A,D000627,115
511,Alcee,HASTINGS,REPRESENTATIVE,D,FL,20,H000324,115
2201,Alma,ADAMS,REPRESENTATIVE,D,NC,12,A000370,115
511,Alcee,HASTINGS,REPRESENTATIVE,D,FL,20,H000324,115
1962,Gregorio,SABLAN,DELEGATE,D,MP,N/A,S001177,115
511,Alcee,HASTINGS,REPRESENTATIVE,D,FL,20,H000324,115
511,Alcee,HASTINGS,REPRESENTATIVE,D,FL,20,H000324,115
511,Alcee,HASTINGS,REPRESENTATIVE,D,FL,20,H000324,115
511,Alcee,HASTINGS,REPRESENTATIVE,D,FL,20,H000324,115
511,Alcee,HASTINGS,REPRESENTATIVE,D,FL,20,H000324,115
511,Alcee,HASTINGS,REPRESENTATIVE,D,FL,20,H000324,115
2231,Norma,TORRES,REPRESENTATIVE,D,CA,35,T000474,115
511,Alcee,HASTINGS,REPRESENTATIVE,D,FL,20,H000324,115
511,Alcee,HASTINGS,REPRESENTATIVE,D,FL,20,H000324,115
511,Alcee,HASTINGS,REPRESENTATIVE,D,FL,20,H000324,115
511,Alcee,HASTINGS,REPRESENTATIVE,D,FL,20,H000324,115
1526,Brad,SHERMAN,REPRESENTATIVE,D,CA,30,S000344,115
511,Alcee,HASTINGS,REPRESENTATIVE,D,FL,20,H000324,115
2101,Jared,HUFFMAN,REPRESENTATIVE,D,CA,2,H001068,115
511,Alcee,HASTINGS,REPRESENTATIVE,D,FL,20,H000324,115
511,Alcee,HASTINGS,REPRESENTATIVE,D,FL,20,H000324,115
2109,Raul,RUIZ,REPRESENTATIVE,D,CA,36,R000599,115
511,Alcee,HASTINGS,REPRESENTATIVE,D,FL,20,H000324,115
2312,J.,CORREA,N/A,D,CA,N/A,C001110,115
511,Alcee,HASTINGS,REPRESENTATIVE,D,FL,20,H000324,115
616,Marcy,KAPTUR,REPRESENTATIVE,D,OH,8,K000009,115
511,Alcee,HASTINGS,REPRESENTATIVE,D,FL,20,H000324,115
1942,Paul,TONKO,REPRESENTATIVE,D,NY,20,T000469,115
511,Alcee,HASTINGS,REPRESENTATIVE,D,FL,20,H000324,115
1884,Niki,TSONGAS,REPRESENTATIVE,D,MA,3,T000465,115
511,Alcee,HASTINGS,REPRESENTATIVE,D,FL,20,H000324,115
511,Alcee,HASTINGS,REPRESENTATIVE,D,FL,20,H000324,115
511,Alcee,HASTINGS,REPRESENTATIVE,D,FL,20,H000324,115
511,Alcee,HASTINGS,REPRESENTATIVE,D,FL,20,H000324,115
2275,Dan,NEWHOUSE,REPRESENTATIVE,R,WA,4,N000189,115
511,Alcee,HASTINGS,REPRESENTATIVE,D,FL,20,H000324,115
2275,Dan,NEWHOUSE,REPRESENTATIVE,R,WA,4,N000189,115
511,Alcee,HASTINGS,REPRESENTATIVE,D,FL,20,H000324,115
2275,Dan,NEWHOUSE,REPRESENTATIVE,R,WA,4,N000189,115
2275,Dan,NEWHOUSE,REPRESENTATIVE,R,WA,4,N000189,115
511,Alcee,HASTINGS,REPRESENTATIVE,D,FL,20,H000324,115
1510,Bill,PASCRELL,REPRESENTATIVE,D,NJ,9,P000096,115
478,Luis,GUTIERREZ,REPRESENTATIVE,D,IL,4,G000535,115
2025,William,KEATING,REPRESENTATIVE,D,MA,9,K000375,115
2293,Daniel,DONOVAN,REPRESENTATIVE,R,NY,11,D000625,115
2293,Daniel,DONOVAN,REPRESENTATIVE,R,NY,11,D000625,115
2293,Daniel,DONOVAN,REPRESENTATIVE,R,NY,11,D000625,115
2097,Donald,PAYNE,REPRESENTATIVE,D,NJ,10,P000604,115
2097,Donald,PAYNE,REPRESENTATIVE,D,NJ,10,P000604,115
2293,Daniel,DONOVAN,REPRESENTATIVE,R,NY,11,D000625,115
2025,William,KEATING,REPRESENTATIVE,D,MA,9,K000375,115
2157,Scott,PERRY,REPRESENTATIVE,R,PA,4,P000605,115
2157,Scott,PERRY,REPRESENTATIVE,R,PA,4,P000605,115
2157,Scott,PERRY,REPRESENTATIVE,R,PA,4,P000605,115
2157,Scott,PERRY,REPRESENTATIVE,R,PA,4,P000605,115
174,Benjamin,CARDIN,SENATOR,D,MD,N/A,C000141,115
1825,Bob,CORKER,SENATOR,R,TN,N/A,C001071,115
2172,Joseph,KENNEDY,REPRESENTATIVE,D,MA,4,K000379,115
2354,Pramila,JAYAPAL,N/A,D,WA,N/A,J000298,115
511,Alcee,HASTINGS,REPRESENTATIVE,D,FL,20,H000324,115
701,Zoe,LOFGREN,REPRESENTATIVE,D,CA,19,L000397,115
2052,Patrick,MEEHAN,REPRESENTATIVE,R,PA,7,M001181,115
1890,Jackie,SPEIER,REPRESENTATIVE,D,CA,14,S001175,115
2293,Daniel,DONOVAN,REPRESENTATIVE,R,NY,11,D000625,115
2293,Daniel,DONOVAN,REPRESENTATIVE,R,NY,11,D000625,115
2293,Daniel,DONOVAN,REPRESENTATIVE,R,NY,11,D000625,115
2097,Donald,PAYNE,REPRESENTATIVE,D,NJ,10,P000604,115
2293,Daniel,DONOVAN,REPRESENTATIVE,R,NY,11,D000625,115
2025,William,KEATING,REPRESENTATIVE,D,MA,9,K000375,115
2264,John,KATKO,REPRESENTATIVE,R,NY,24,K000386,115
2264,John,KATKO,REPRESENTATIVE,R,NY,24,K000386,115
2264,John,KATKO,REPRESENTATIVE,R,NY,24,K000386,115
2264,John,KATKO,REPRESENTATIVE,R,NY,24,K000386,115
99,Earl,BLUMENAUER,REPRESENTATIVE,D,OR,3,B000574,115
2293,Daniel,DONOVAN,REPRESENTATIVE,R,NY,11,D000625,115
2293,Daniel,DONOVAN,REPRESENTATIVE,R,NY,11,D000625,115
2293,Daniel,DONOVAN,REPRESENTATIVE,R,NY,11,D000625,115
2023,Cedric,RICHMOND,REPRESENTATIVE,D,LA,2,R000588,115
2293,Daniel,DONOVAN,REPRESENTATIVE,R,NY,11,D000625,115
2293,Daniel,DONOVAN,REPRESENTATIVE,R,NY,11,D000625,115
2293,Daniel,DONOVAN,REPRESENTATIVE,R,NY,11,D000625,115
2293,Daniel,DONOVAN,REPRESENTATIVE,R,NY,11,D000625,115
2023,Cedric,RICHMOND,REPRESENTATIVE,D,LA,2,R000588,115
2293,Daniel,DONOVAN,REPRESENTATIVE,R,NY,11,D000625,115
2264,John,KATKO,REPRESENTATIVE,R,NY,24,K000386,115
2264,John,KATKO,REPRESENTATIVE,R,NY,24,K000386,115
2264,John,KATKO,REPRESENTATIVE,R,NY,24,K000386,115
2025,William,KEATING,REPRESENTATIVE,D,MA,9,K000375,115
2264,John,KATKO,REPRESENTATIVE,R,NY,24,K000386,115
2025,William,KEATING,REPRESENTATIVE,D,MA,9,K000375,115
616,Marcy,KAPTUR,REPRESENTATIVE,D,OH,8,K000009,115
616,Marcy,KAPTUR,REPRESENTATIVE,D,OH,8,K000009,115
616,Marcy,KAPTUR,REPRESENTATIVE,D,OH,8,K000009,115
2124,Bradley,SCHNEIDER,N/A,D,IL,N/A,S001190,115
2293,Daniel,DONOVAN,REPRESENTATIVE,R,NY,11,D000625,115
2293,Daniel,DONOVAN,REPRESENTATIVE,R,NY,11,D000625,115
2293,Daniel,DONOVAN,REPRESENTATIVE,R,NY,11,D000625,115
2023,Cedric,RICHMOND,REPRESENTATIVE,D,LA,2,R000588,115
2293,Daniel,DONOVAN,REPRESENTATIVE,R,NY,11,D000625,115
1838,Gus,BILIRAKIS,REPRESENTATIVE,R,FL,12,B001257,115
2023,Cedric,RICHMOND,REPRESENTATIVE,D,LA,2,R000588,115
2293,Daniel,DONOVAN,REPRESENTATIVE,R,NY,11,D000625,115
2253,Tom,EMMER,REPRESENTATIVE,R,MN,6,E000294,115
2253,Tom,EMMER,REPRESENTATIVE,R,MN,6,E000294,115
2253,Tom,EMMER,REPRESENTATIVE,R,MN,6,E000294,115
1332,Dianne,FEINSTEIN,SENATOR,D,CA,N/A,F000062,115
2079,John,HOEVEN,SENATOR,R,ND,N/A,H001061,115
583,James,INHOFE,SENATOR,R,OK,N/A,I000024,115
1676,Shelley,CAPITO,N/A,R,WV,N/A,C001047,115
457,Chuck,GRASSLEY,SENATOR,R,IA,N/A,G000386,115
1010,Bernard,SANDERS,SENATOR,I,VT,N/A,S000033,115
2054,Lou,BARLETTA,REPRESENTATIVE,R,PA,11,B001269,115
2054,Lou,BARLETTA,REPRESENTATIVE,R,PA,11,B001269,115
2054,Lou,BARLETTA,REPRESENTATIVE,R,PA,11,B001269,115
2054,Lou,BARLETTA,REPRESENTATIVE,R,PA,11,B001269,115
2054,Lou,BARLETTA,REPRESENTATIVE,R,PA,11,B001269,115
1801,Louie,GOHMERT,REPRESENTATIVE,R,TX,1,G000552,115
1012,Mark,SANFORD,REPRESENTATIVE,R,SC,2,S000051,115
1801,Louie,GOHMERT,REPRESENTATIVE,R,TX,1,G000552,115
2197,Bradley,BYRNE,REPRESENTATIVE,R,AL,1,B001289,115
1973,John,GARAMENDI,REPRESENTATIVE,D,CA,3,G000559,115
1973,John,GARAMENDI,REPRESENTATIVE,D,CA,3,G000559,115
1332,Dianne,FEINSTEIN,SENATOR,D,CA,N/A,F000062,115
1332,Dianne,FEINSTEIN,SENATOR,D,CA,N/A,F000062,115
1036,Charles,SCHUMER,SENATOR,D,NY,N/A,S000148,115
1036,Charles,SCHUMER,SENATOR,D,NY,N/A,S000148,115
2098,Tom,COTTON,SENATOR,R,AR,N/A,C001095,115
1036,Charles,SCHUMER,SENATOR,D,NY,N/A,S000148,115
1036,Charles,SCHUMER,SENATOR,D,NY,N/A,S000148,115
2098,Tom,COTTON,SENATOR,R,AR,N/A,C001095,115
2098,Tom,COTTON,SENATOR,R,AR,N/A,C001095,115
2098,Tom,COTTON,SENATOR,R,AR,N/A,C001095,115
326,Richard,DURBIN,SENATOR,D,IL,N/A,D000563,115
1534,John,THUNE,SENATOR,R,SD,N/A,T000250,115
326,Richard,DURBIN,SENATOR,D,IL,N/A,D000563,115
326,Richard,DURBIN,SENATOR,D,IL,N/A,D000563,115
1900,Jeff,MERKLEY,SENATOR,D,OR,N/A,M001176,115
1965,Michael,BENNET,SENATOR,D,CO,N/A,B001267,115
1965,Michael,BENNET,SENATOR,D,CO,N/A,B001267,115
2076,Richard,BLUMENTHAL,SENATOR,D,CT,N/A,B001277,115
2182,Elizabeth,WARREN,SENATOR,D,MA,N/A,W000817,115
2182,Elizabeth,WARREN,SENATOR,D,MA,N/A,W000817,115
2194,Cory,BOOKER,SENATOR,D,NJ,N/A,B001288,115
1837,Christopher,MURPHY,SENATOR,D,CT,N/A,M001169,115
1036,Charles,SCHUMER,SENATOR,D,NY,N/A,S000148,115
2268,John,RATCLIFFE,REPRESENTATIVE,R,TX,4,R000601,115
2268,John,RATCLIFFE,REPRESENTATIVE,R,TX,4,R000601,115
2268,John,RATCLIFFE,REPRESENTATIVE,R,TX,4,R000601,115
1668,James,LANGEVIN,REPRESENTATIVE,D,RI,2,L000559,115
2268,John,RATCLIFFE,REPRESENTATIVE,R,TX,4,R000601,115
2157,Scott,PERRY,REPRESENTATIVE,R,PA,4,P000605,115
2157,Scott,PERRY,REPRESENTATIVE,R,PA,4,P000605,115
2157,Scott,PERRY,REPRESENTATIVE,R,PA,4,P000605,115
2157,Scott,PERRY,REPRESENTATIVE,R,PA,4,P000605,115
2351,Scott,TAYLOR,N/A,R,VA,N/A,T000477,115
2310,Salud,CARBAJAL,N/A,D,CA,N/A,C001112,115
616,Marcy,KAPTUR,REPRESENTATIVE,D,OH,8,K000009,115
355,Anna,ESHOO,REPRESENTATIVE,D,CA,18,E000215,115
2222,Aumua,RADEWAGEN,DELEGATE,R,AS,N/A,R000600,115
1962,Gregorio,SABLAN,DELEGATE,D,MP,N/A,S001177,115
583,James,INHOFE,SENATOR,R,OK,N/A,I000024,115
583,James,INHOFE,SENATOR,R,OK,N/A,I000024,115
2173,Brian,SCHATZ,SENATOR,D,HI,N/A,S001194,115
2173,Brian,SCHATZ,SENATOR,D,HI,N/A,S001194,115
1676,Shelley,CAPITO,N/A,R,WV,N/A,C001047,115
457,Chuck,GRASSLEY,SENATOR,R,IA,N/A,G000386,115
1791,Virginia,FOXX,REPRESENTATIVE,R,NC,5,F000450,115
2107,Tony,CARDENAS,REPRESENTATIVE,D,CA,29,C001097,115
1036,Charles,SCHUMER,SENATOR,D,NY,N/A,S000148,115
1036,Charles,SCHUMER,SENATOR,D,NY,N/A,S000148,115
1542,Michael,ENZI,SENATOR,R,WY,N/A,E000285,115
1676,Shelley,CAPITO,N/A,R,WV,N/A,C001047,115
457,Chuck,GRASSLEY,SENATOR,R,IA,N/A,G000386,115
457,Chuck,GRASSLEY,SENATOR,R,IA,N/A,G000386,115
457,Chuck,GRASSLEY,SENATOR,R,IA,N/A,G000386,115
174,Benjamin,CARDIN,SENATOR,D,MD,N/A,C000141,115
1937,Martin,HEINRICH,SENATOR,D,NM,N/A,H001046,115
