speaker_id,first_name,last_name,type,party,state,district,bio_guide_id,congress_id
1901,Jeanne,SHAHEEN,SENATOR,D,NH,N/A,S001181,115
326,Richard,DURBIN,SENATOR,D,IL,N/A,D000563,115
1901,Jeanne,SHAHEEN,SENATOR,D,NH,N/A,S001181,115
1901,Jeanne,SHAHEEN,SENATOR,D,NH,N/A,S001181,115
326,Richard,DURBIN,SENATOR,D,IL,N/A,D000563,115
1901,Jeanne,SHAHEEN,SENATOR,D,NH,N/A,S001181,115
326,Richard,DURBIN,SENATOR,D,IL,N/A,D000563,115
1901,Jeanne,SHAHEEN,SENATOR,D,NH,N/A,S001181,115
326,Richard,DURBIN,SENATOR,D,IL,N/A,D000563,115
1901,Jeanne,SHAHEEN,SENATOR,D,NH,N/A,S001181,115
326,Richard,DURBIN,SENATOR,D,IL,N/A,D000563,115
1901,Jeanne,SHAHEEN,SENATOR,D,NH,N/A,S001181,115
326,Richard,DURBIN,SENATOR,D,IL,N/A,D000563,115
1901,Jeanne,SHAHEEN,SENATOR,D,NH,N/A,S001181,115
326,Richard,DURBIN,SENATOR,D,IL,N/A,D000563,115
1901,Jeanne,SHAHEEN,SENATOR,D,NH,N/A,S001181,115
326,Richard,DURBIN,SENATOR,D,IL,N/A,D000563,115
2182,Elizabeth,WARREN,SENATOR,D,MA,N/A,W000817,115
2182,Elizabeth,WARREN,SENATOR,D,MA,N/A,W000817,115
1801,Louie,GOHMERT,REPRESENTATIVE,R,TX,1,G000552,115
583,James,INHOFE,SENATOR,R,OK,N/A,I000024,115
1383,Patrick,LEAHY,SENATOR,D,VT,N/A,L000174,115
1383,Patrick,LEAHY,SENATOR,D,VT,N/A,L000174,115
2179,Deb,FISCHER,SENATOR,R,NE,N/A,F000463,115
2179,Deb,FISCHER,SENATOR,R,NE,N/A,F000463,115
1692,John,CORNYN,SENATOR,R,TX,N/A,C001056,115
1692,John,CORNYN,SENATOR,R,TX,N/A,C001056,115
1695,Lamar,ALEXANDER,SENATOR,R,TN,N/A,A000360,115
1695,Lamar,ALEXANDER,SENATOR,R,TN,N/A,A000360,115
1036,Charles,SCHUMER,SENATOR,D,NY,N/A,S000148,115
2319,Darren,SOTO,N/A,D,FL,N/A,S001200,115
2341,Thomas,SUOZZI,N/A,D,NY,N/A,S001201,115
446,Bob,GOODLATTE,REPRESENTATIVE,R,VA,6,G000289,115
446,Bob,GOODLATTE,REPRESENTATIVE,R,VA,6,G000289,115
446,Bob,GOODLATTE,REPRESENTATIVE,R,VA,6,G000289,115
229,John,CONYERS,REPRESENTATIVE,D,MI,13,C000714,115
229,John,CONYERS,REPRESENTATIVE,D,MI,13,C000714,115
229,John,CONYERS,REPRESENTATIVE,D,MI,13,C000714,115
229,John,CONYERS,REPRESENTATIVE,D,MI,13,C000714,115
229,John,CONYERS,REPRESENTATIVE,D,MI,13,C000714,115
229,John,CONYERS,REPRESENTATIVE,D,MI,13,C000714,115
229,John,CONYERS,REPRESENTATIVE,D,MI,13,C000714,115
1801,Louie,GOHMERT,REPRESENTATIVE,R,TX,1,G000552,115
2314,Matt,GAETZ,N/A,R,FL,N/A,G000578,115
1801,Louie,GOHMERT,REPRESENTATIVE,R,TX,1,G000552,115
2337,Don,BACON,N/A,R,NE,N/A,B001298,115
1801,Louie,GOHMERT,REPRESENTATIVE,R,TX,1,G000552,115
1332,Dianne,FEINSTEIN,SENATOR,D,CA,N/A,F000062,115
2176,Tim,KAINE,SENATOR,D,VA,N/A,K000384,115
1900,Jeff,MERKLEY,SENATOR,D,OR,N/A,M001176,115
1900,Jeff,MERKLEY,SENATOR,D,OR,N/A,M001176,115
1036,Charles,SCHUMER,SENATOR,D,NY,N/A,S000148,115
1878,Steve,COHEN,REPRESENTATIVE,D,TN,9,C001068,115
968,Pat,ROBERTS,SENATOR,R,KS,N/A,R000307,115
1991,Steve,WOMACK,REPRESENTATIVE,R,AR,3,W000809,115
2290,Dan,SULLIVAN,SENATOR,R,AK,N/A,S001198,115
1247,Ron,WYDEN,SENATOR,D,OR,N/A,W000779,115
511,Alcee,HASTINGS,REPRESENTATIVE,D,FL,20,H000324,115
2290,Dan,SULLIVAN,SENATOR,R,AK,N/A,S001198,115
2246,Seth,MOULTON,REPRESENTATIVE,D,MA,6,M001196,115
2345,Brian,FITZPATRICK,REPRESENTATIVE,R,PA,8,F000466,115
2109,Raul,RUIZ,REPRESENTATIVE,D,CA,36,R000599,115
344,Eliot,ENGEL,REPRESENTATIVE,D,NY,16,E000179,115
2344,Claudia,TENNEY,N/A,R,NY,N/A,T000478,115
1936,Leonard,LANCE,REPRESENTATIVE,R,NJ,7,L000567,115
1857,Keith,ELLISON,REPRESENTATIVE,D,MN,5,E000288,115
1501,Barbara,LEE,REPRESENTATIVE,D,CA,13,L000551,115
2264,John,KATKO,REPRESENTATIVE,R,NY,24,K000386,115
1049,Richard,SHELBY,SENATOR,R,AL,N/A,S000320,115
2290,Dan,SULLIVAN,SENATOR,R,AK,N/A,S001198,115
2290,Dan,SULLIVAN,SENATOR,R,AK,N/A,S001198,115
2307,Andy,BIGGS,N/A,R,AZ,N/A,B001302,115
1247,Ron,WYDEN,SENATOR,D,OR,N/A,W000779,115
1247,Ron,WYDEN,SENATOR,D,OR,N/A,W000779,115
457,Chuck,GRASSLEY,SENATOR,R,IA,N/A,G000386,115
457,Chuck,GRASSLEY,SENATOR,R,IA,N/A,G000386,115
174,Benjamin,CARDIN,SENATOR,D,MD,N/A,C000141,115
174,Benjamin,CARDIN,SENATOR,D,MD,N/A,C000141,115
1351,Orrin,HATCH,SENATOR,R,UT,N/A,H000338,115
1464,Roy,BLUNT,SENATOR,R,MO,N/A,B000575,115
1881,John,BARRASSO,SENATOR,R,WY,N/A,B001261,115
179,Thomas,CARPER,SENATOR,D,DE,N/A,C000174,115
179,Thomas,CARPER,SENATOR,D,DE,N/A,C000174,115
179,Thomas,CARPER,SENATOR,D,DE,N/A,C000174,115
179,Thomas,CARPER,SENATOR,D,DE,N/A,C000174,115
1608,Johnny,ISAKSON,SENATOR,R,GA,N/A,I000055,115
1751,Michael,BURGESS,REPRESENTATIVE,R,TX,26,B001248,115
1983,Joe,MANCHIN,SENATOR,D,WV,N/A,M001183,115
2290,Dan,SULLIVAN,SENATOR,R,AK,N/A,S001198,115
2322,Brian,MAST,N/A,R,FL,N/A,M001199,115
2322,Brian,MAST,N/A,R,FL,N/A,M001199,115
1937,Martin,HEINRICH,SENATOR,D,NM,N/A,H001046,115
1608,Johnny,ISAKSON,SENATOR,R,GA,N/A,I000055,115
1036,Charles,SCHUMER,SENATOR,D,NY,N/A,S000148,115
1695,Lamar,ALEXANDER,SENATOR,R,TN,N/A,A000360,115
1695,Lamar,ALEXANDER,SENATOR,R,TN,N/A,A000360,115
1695,Lamar,ALEXANDER,SENATOR,R,TN,N/A,A000360,115
229,John,CONYERS,REPRESENTATIVE,D,MI,13,C000714,115
2130,Luke,MESSER,REPRESENTATIVE,R,IN,6,M001189,115
229,John,CONYERS,REPRESENTATIVE,D,MI,13,C000714,115
1930,Erik,PAULSEN,REPRESENTATIVE,R,MN,3,P000594,115
229,John,CONYERS,REPRESENTATIVE,D,MI,13,C000714,115
229,John,CONYERS,REPRESENTATIVE,D,MI,13,C000714,115
229,John,CONYERS,REPRESENTATIVE,D,MI,13,C000714,115
229,John,CONYERS,REPRESENTATIVE,D,MI,13,C000714,115
229,John,CONYERS,REPRESENTATIVE,D,MI,13,C000714,115
1774,Jim,COSTA,REPRESENTATIVE,D,CA,16,C001059,115
1774,Jim,COSTA,REPRESENTATIVE,D,CA,16,C001059,115
1774,Jim,COSTA,REPRESENTATIVE,D,CA,16,C001059,115
446,Bob,GOODLATTE,REPRESENTATIVE,R,VA,6,G000289,115
1976,Theodore,DEUTCH,REPRESENTATIVE,D,FL,21,D000610,115
1955,Pete,OLSON,REPRESENTATIVE,R,TX,22,O000168,115
2124,Bradley,SCHNEIDER,N/A,D,IL,N/A,S001190,115
2115,Ted,YOHO,REPRESENTATIVE,R,FL,3,Y000065,115
1896,James,RISCH,SENATOR,R,ID,N/A,R000584,115
1036,Charles,SCHUMER,SENATOR,D,NY,N/A,S000148,115
446,Bob,GOODLATTE,REPRESENTATIVE,R,VA,6,G000289,115
446,Bob,GOODLATTE,REPRESENTATIVE,R,VA,6,G000289,115
229,John,CONYERS,REPRESENTATIVE,D,MI,13,C000714,115
446,Bob,GOODLATTE,REPRESENTATIVE,R,VA,6,G000289,115
229,John,CONYERS,REPRESENTATIVE,D,MI,13,C000714,115
229,John,CONYERS,REPRESENTATIVE,D,MI,13,C000714,115
2052,Patrick,MEEHAN,REPRESENTATIVE,R,PA,7,M001181,115
2149,Hakeem,JEFFRIES,REPRESENTATIVE,D,NY,8,J000294,115
457,Chuck,GRASSLEY,SENATOR,R,IA,N/A,G000386,115
1900,Jeff,MERKLEY,SENATOR,D,OR,N/A,M001176,115
