speaker_id,first_name,last_name,type,party,state,district,bio_guide_id,congress_id
1825,Bob,CORKER,SENATOR,R,TN,N/A,C001071,115
1525,Pete,SESSIONS,SENATOR,R,TX,N/A,S000250,115
1525,Pete,SESSIONS,SENATOR,R,TX,N/A,S000250,115
1525,Pete,SESSIONS,SENATOR,R,TX,N/A,S000250,115
1525,Pete,SESSIONS,SENATOR,R,TX,N/A,S000250,115
1069,Louise,SLAUGHTER,REPRESENTATIVE,D,NY,25,S000480,115
1525,Pete,SESSIONS,SENATOR,R,TX,N/A,S000250,115
1069,Louise,SLAUGHTER,REPRESENTATIVE,D,NY,25,S000480,115
701,Zoe,LOFGREN,REPRESENTATIVE,D,CA,19,L000397,115
1069,Louise,SLAUGHTER,REPRESENTATIVE,D,NY,25,S000480,115
701,Zoe,LOFGREN,REPRESENTATIVE,D,CA,19,L000397,115
1069,Louise,SLAUGHTER,REPRESENTATIVE,D,NY,25,S000480,115
701,Zoe,LOFGREN,REPRESENTATIVE,D,CA,19,L000397,115
1525,Pete,SESSIONS,SENATOR,R,TX,N/A,S000250,115
1069,Louise,SLAUGHTER,REPRESENTATIVE,D,NY,25,S000480,115
1525,Pete,SESSIONS,SENATOR,R,TX,N/A,S000250,115
1069,Louise,SLAUGHTER,REPRESENTATIVE,D,NY,25,S000480,115
1525,Pete,SESSIONS,SENATOR,R,TX,N/A,S000250,115
1069,Louise,SLAUGHTER,REPRESENTATIVE,D,NY,25,S000480,115
1069,Louise,SLAUGHTER,REPRESENTATIVE,D,NY,25,S000480,115
1510,Bill,PASCRELL,REPRESENTATIVE,D,NJ,9,P000096,115
1069,Louise,SLAUGHTER,REPRESENTATIVE,D,NY,25,S000480,115
1510,Bill,PASCRELL,REPRESENTATIVE,D,NJ,9,P000096,115
1525,Pete,SESSIONS,SENATOR,R,TX,N/A,S000250,115
2270,Brian,BABIN,REPRESENTATIVE,R,TX,36,B001291,115
1069,Louise,SLAUGHTER,REPRESENTATIVE,D,NY,25,S000480,115
1525,Pete,SESSIONS,SENATOR,R,TX,N/A,S000250,115
1069,Louise,SLAUGHTER,REPRESENTATIVE,D,NY,25,S000480,115
1525,Pete,SESSIONS,SENATOR,R,TX,N/A,S000250,115
1069,Louise,SLAUGHTER,REPRESENTATIVE,D,NY,25,S000480,115
1525,Pete,SESSIONS,SENATOR,R,TX,N/A,S000250,115
1525,Pete,SESSIONS,SENATOR,R,TX,N/A,S000250,115
1069,Louise,SLAUGHTER,REPRESENTATIVE,D,NY,25,S000480,115
1069,Louise,SLAUGHTER,REPRESENTATIVE,D,NY,25,S000480,115
1602,Grace,NAPOLITANO,REPRESENTATIVE,D,CA,32,N000179,115
2138,Steve,DAINES,SENATOR,R,MT,N/A,D000618,115
1825,Bob,CORKER,SENATOR,R,TN,N/A,C001071,115
1825,Bob,CORKER,SENATOR,R,TN,N/A,C001071,115
1825,Bob,CORKER,SENATOR,R,TN,N/A,C001071,115
1383,Patrick,LEAHY,SENATOR,D,VT,N/A,L000174,115
1901,Jeanne,SHAHEEN,SENATOR,D,NH,N/A,S001181,115
1409,Patty,MURRAY,SENATOR,D,WA,N/A,M001111,115
172,Maria,CANTWELL,SENATOR,D,WA,N/A,C000127,115
1409,Patty,MURRAY,SENATOR,D,WA,N/A,M001111,115
172,Maria,CANTWELL,SENATOR,D,WA,N/A,C000127,115
326,Richard,DURBIN,SENATOR,D,IL,N/A,D000563,115
2032,Vicky,HARTZLER,REPRESENTATIVE,R,MO,4,H001053,115
1950,Kurt,SCHRADER,REPRESENTATIVE,D,OR,5,S001180,115
2239,Rick,ALLEN,REPRESENTATIVE,R,GA,12,A000372,115
701,Zoe,LOFGREN,REPRESENTATIVE,D,CA,19,L000397,115
2142,Mark,MEADOWS,REPRESENTATIVE,R,NC,11,M001187,115
1825,Bob,CORKER,SENATOR,R,TN,N/A,C001071,115
1825,Bob,CORKER,SENATOR,R,TN,N/A,C001071,115
1825,Bob,CORKER,SENATOR,R,TN,N/A,C001071,115
1825,Bob,CORKER,SENATOR,R,TN,N/A,C001071,115
2174,Heidi,HEITKAMP,SENATOR,D,ND,N/A,H001069,115
2174,Heidi,HEITKAMP,SENATOR,D,ND,N/A,H001069,115
1692,John,CORNYN,SENATOR,R,TX,N/A,C001056,115
1692,John,CORNYN,SENATOR,R,TX,N/A,C001056,115
1825,Bob,CORKER,SENATOR,R,TN,N/A,C001071,115
229,John,CONYERS,REPRESENTATIVE,D,MI,13,C000714,115
1602,Grace,NAPOLITANO,REPRESENTATIVE,D,CA,32,N000179,115
1710,Devin,NUNES,REPRESENTATIVE,R,CA,22,N000181,115
616,Marcy,KAPTUR,REPRESENTATIVE,D,OH,8,K000009,115
2255,Mark,WALKER,REPRESENTATIVE,R,NC,6,W000819,115
2343,John,FASO,N/A,R,NY,N/A,F000464,115
2343,John,FASO,N/A,R,NY,N/A,F000464,115
2065,Bill,FLORES,REPRESENTATIVE,R,TX,17,F000461,115
2065,Bill,FLORES,REPRESENTATIVE,R,TX,17,F000461,115
905,Nancy,PELOSI,REPRESENTATIVE,D,CA,12,P000197,115
2158,Keith,ROTHFUS,REPRESENTATIVE,R,PA,12,R000598,115
2158,Keith,ROTHFUS,REPRESENTATIVE,R,PA,12,R000598,115
1351,Orrin,HATCH,SENATOR,R,UT,N/A,H000338,115
2098,Tom,COTTON,SENATOR,R,AR,N/A,C001095,115
2098,Tom,COTTON,SENATOR,R,AR,N/A,C001095,115
2098,Tom,COTTON,SENATOR,R,AR,N/A,C001095,115
1036,Charles,SCHUMER,SENATOR,D,NY,N/A,S000148,115
2290,Dan,SULLIVAN,SENATOR,R,AK,N/A,S001198,115
1036,Charles,SCHUMER,SENATOR,D,NY,N/A,S000148,115
1036,Charles,SCHUMER,SENATOR,D,NY,N/A,S000148,115
174,Benjamin,CARDIN,SENATOR,D,MD,N/A,C000141,115
174,Benjamin,CARDIN,SENATOR,D,MD,N/A,C000141,115
1825,Bob,CORKER,SENATOR,R,TN,N/A,C001071,115
2346,Lloyd,SMUCKER,N/A,R,PA,N/A,S001199,115
1351,Orrin,HATCH,SENATOR,R,UT,N/A,H000338,115
1351,Orrin,HATCH,SENATOR,R,UT,N/A,H000338,115
2111,Alan,LOWENTHAL,REPRESENTATIVE,D,CA,47,L000579,115
174,Benjamin,CARDIN,SENATOR,D,MD,N/A,C000141,115
2123,Tammy,DUCKWORTH,REPRESENTATIVE,D,IL,8,D000622,115
446,Bob,GOODLATTE,REPRESENTATIVE,R,VA,6,G000289,115
446,Bob,GOODLATTE,REPRESENTATIVE,R,VA,6,G000289,115
446,Bob,GOODLATTE,REPRESENTATIVE,R,VA,6,G000289,115
229,John,CONYERS,REPRESENTATIVE,D,MI,13,C000714,115
446,Bob,GOODLATTE,REPRESENTATIVE,R,VA,6,G000289,115
229,John,CONYERS,REPRESENTATIVE,D,MI,13,C000714,115
701,Zoe,LOFGREN,REPRESENTATIVE,D,CA,19,L000397,115
446,Bob,GOODLATTE,REPRESENTATIVE,R,VA,6,G000289,115
446,Bob,GOODLATTE,REPRESENTATIVE,R,VA,6,G000289,115
186,Steve,CHABOT,REPRESENTATIVE,R,OH,1,C000266,115
229,John,CONYERS,REPRESENTATIVE,D,MI,13,C000714,115
478,Luis,GUTIERREZ,REPRESENTATIVE,D,IL,4,G000535,115
446,Bob,GOODLATTE,REPRESENTATIVE,R,VA,6,G000289,115
2307,Andy,BIGGS,N/A,R,AZ,N/A,B001302,115
446,Bob,GOODLATTE,REPRESENTATIVE,R,VA,6,G000289,115
2307,Andy,BIGGS,N/A,R,AZ,N/A,B001302,115
229,John,CONYERS,REPRESENTATIVE,D,MI,13,C000714,115
850,Jerrold,NADLER,REPRESENTATIVE,D,NY,10,N000002,115
446,Bob,GOODLATTE,REPRESENTATIVE,R,VA,6,G000289,115
2322,Brian,MAST,N/A,R,FL,N/A,M001199,115
229,John,CONYERS,REPRESENTATIVE,D,MI,13,C000714,115
446,Bob,GOODLATTE,REPRESENTATIVE,R,VA,6,G000289,115
2314,Matt,GAETZ,N/A,R,FL,N/A,G000578,115
229,John,CONYERS,REPRESENTATIVE,D,MI,13,C000714,115
1604,Joseph,CROWLEY,REPRESENTATIVE,D,NY,14,C001038,115
446,Bob,GOODLATTE,REPRESENTATIVE,R,VA,6,G000289,115
446,Bob,GOODLATTE,REPRESENTATIVE,R,VA,6,G000289,115
2063,Diane,BLACK,REPRESENTATIVE,R,TN,6,B001273,115
229,John,CONYERS,REPRESENTATIVE,D,MI,13,C000714,115
1959,Gerald,CONNOLLY,REPRESENTATIVE,D,VA,11,C001078,115
446,Bob,GOODLATTE,REPRESENTATIVE,R,VA,6,G000289,115
229,John,CONYERS,REPRESENTATIVE,D,MI,13,C000714,115
303,Lloyd,DOGGETT,REPRESENTATIVE,D,TX,35,D000399,115
446,Bob,GOODLATTE,REPRESENTATIVE,R,VA,6,G000289,115
2315,Neal,DUNN,N/A,R,FL,N/A,D000628,115
229,John,CONYERS,REPRESENTATIVE,D,MI,13,C000714,115
1588,Janice,SCHAKOWSKY,REPRESENTATIVE,D,IL,9,S001145,115
229,John,CONYERS,REPRESENTATIVE,D,MI,13,C000714,115
1588,Janice,SCHAKOWSKY,REPRESENTATIVE,D,IL,9,S001145,115
446,Bob,GOODLATTE,REPRESENTATIVE,R,VA,6,G000289,115
2157,Scott,PERRY,REPRESENTATIVE,R,PA,4,P000605,115
229,John,CONYERS,REPRESENTATIVE,D,MI,13,C000714,115
229,John,CONYERS,REPRESENTATIVE,D,MI,13,C000714,115
701,Zoe,LOFGREN,REPRESENTATIVE,D,CA,19,L000397,115
229,John,CONYERS,REPRESENTATIVE,D,MI,13,C000714,115
2309,Jimmy,PANETTA,N/A,D,CA,N/A,P000613,115
446,Bob,GOODLATTE,REPRESENTATIVE,R,VA,6,G000289,115
229,John,CONYERS,REPRESENTATIVE,D,MI,13,C000714,115
701,Zoe,LOFGREN,REPRESENTATIVE,D,CA,19,L000397,115
229,John,CONYERS,REPRESENTATIVE,D,MI,13,C000714,115
701,Zoe,LOFGREN,REPRESENTATIVE,D,CA,19,L000397,115
229,John,CONYERS,REPRESENTATIVE,D,MI,13,C000714,115
701,Zoe,LOFGREN,REPRESENTATIVE,D,CA,19,L000397,115
446,Bob,GOODLATTE,REPRESENTATIVE,R,VA,6,G000289,115
2337,Don,BACON,N/A,R,NE,N/A,B001298,115
229,John,CONYERS,REPRESENTATIVE,D,MI,13,C000714,115
446,Bob,GOODLATTE,REPRESENTATIVE,R,VA,6,G000289,115
446,Bob,GOODLATTE,REPRESENTATIVE,R,VA,6,G000289,115
701,Zoe,LOFGREN,REPRESENTATIVE,D,CA,19,L000397,115
2320,Val,DEMINGS,N/A,D,FL,N/A,D000627,115
2320,Val,DEMINGS,N/A,D,FL,N/A,D000627,115
2320,Val,DEMINGS,N/A,D,FL,N/A,D000627,115
446,Bob,GOODLATTE,REPRESENTATIVE,R,VA,6,G000289,115
446,Bob,GOODLATTE,REPRESENTATIVE,R,VA,6,G000289,115
2320,Val,DEMINGS,N/A,D,FL,N/A,D000627,115
1930,Erik,PAULSEN,REPRESENTATIVE,R,MN,3,P000594,115
2344,Claudia,TENNEY,N/A,R,NY,N/A,T000478,115
1825,Bob,CORKER,SENATOR,R,TN,N/A,C001071,115
791,Robert,MENENDEZ,SENATOR,D,NJ,N/A,M000639,115
1383,Patrick,LEAHY,SENATOR,D,VT,N/A,L000174,115
1692,John,CORNYN,SENATOR,R,TX,N/A,C001056,115
2138,Steve,DAINES,SENATOR,R,MT,N/A,D000618,115
2138,Steve,DAINES,SENATOR,R,MT,N/A,D000618,115
1541,Susan,COLLINS,REPRESENTATIVE,R,ME,9,C001035,115
1541,Susan,COLLINS,REPRESENTATIVE,R,ME,9,C001035,115
949,Jack,REED,REPRESENTATIVE,D,RI,23,R000122,115
2309,Jimmy,PANETTA,N/A,D,CA,N/A,P000613,115
