speaker_id,first_name,last_name,type,party,state,district,bio_guide_id,congress_id
1983,Joe,MANCHIN,SENATOR,D,WV,N/A,M001183,115
1464,Roy,BLUNT,SENATOR,R,MO,N/A,B000575,115
2109,Raul,RUIZ,REPRESENTATIVE,D,CA,36,R000599,115
2290,Dan,SULLIVAN,SENATOR,R,AK,N/A,S001198,115
2290,Dan,SULLIVAN,SENATOR,R,AK,N/A,S001198,115
1534,John,THUNE,SENATOR,R,SD,N/A,T000250,115
2337,Don,BACON,N/A,R,NE,N/A,B001298,115
1247,Ron,WYDEN,SENATOR,D,OR,N/A,W000779,115
1801,Louie,GOHMERT,REPRESENTATIVE,R,TX,1,G000552,115
2290,Dan,SULLIVAN,SENATOR,R,AK,N/A,S001198,115
2290,Dan,SULLIVAN,SENATOR,R,AK,N/A,S001198,115
616,Marcy,KAPTUR,REPRESENTATIVE,D,OH,8,K000009,115
2111,Alan,LOWENTHAL,REPRESENTATIVE,D,CA,47,L000579,115
2344,Claudia,TENNEY,N/A,R,NY,N/A,T000478,115
2310,Salud,CARBAJAL,N/A,D,CA,N/A,C001112,115
1828,Robert,CASEY,SENATOR,D,PA,N/A,C001070,115
2345,Brian,FITZPATRICK,REPRESENTATIVE,R,PA,8,F000466,115
2290,Dan,SULLIVAN,SENATOR,R,AK,N/A,S001198,115
2290,Dan,SULLIVAN,SENATOR,R,AK,N/A,S001198,115
2290,Dan,SULLIVAN,SENATOR,R,AK,N/A,S001198,115
2138,Steve,DAINES,SENATOR,R,MT,N/A,D000618,115
924,Rob,PORTMAN,SENATOR,R,OH,N/A,P000449,115
924,Rob,PORTMAN,SENATOR,R,OH,N/A,P000449,115
2353,Thomas,GARRETT,REPRESENTATIVE,R,VA,5,G000580,115
457,Chuck,GRASSLEY,SENATOR,R,IA,N/A,G000386,115
1940,Dina,TITUS,REPRESENTATIVE,D,NV,1,T000468,115
924,Rob,PORTMAN,SENATOR,R,OH,N/A,P000449,115
791,Robert,MENENDEZ,SENATOR,D,NJ,N/A,M000639,115
2290,Dan,SULLIVAN,SENATOR,R,AK,N/A,S001198,115
2290,Dan,SULLIVAN,SENATOR,R,AK,N/A,S001198,115
1332,Dianne,FEINSTEIN,SENATOR,D,CA,N/A,F000062,115
2290,Dan,SULLIVAN,SENATOR,R,AK,N/A,S001198,115
2290,Dan,SULLIVAN,SENATOR,R,AK,N/A,S001198,115
1525,Pete,SESSIONS,SENATOR,R,TX,N/A,S000250,115
1525,Pete,SESSIONS,SENATOR,R,TX,N/A,S000250,115
1525,Pete,SESSIONS,SENATOR,R,TX,N/A,S000250,115
1525,Pete,SESSIONS,SENATOR,R,TX,N/A,S000250,115
1525,Pete,SESSIONS,SENATOR,R,TX,N/A,S000250,115
1742,Tom,COLE,REPRESENTATIVE,R,OK,12,C001053,115
1525,Pete,SESSIONS,SENATOR,R,TX,N/A,S000250,115
1525,Pete,SESSIONS,SENATOR,R,TX,N/A,S000250,115
1525,Pete,SESSIONS,SENATOR,R,TX,N/A,S000250,115
1525,Pete,SESSIONS,SENATOR,R,TX,N/A,S000250,115
414,Rodney,FRELINGHUYSEN,REPRESENTATIVE,R,NJ,11,F000372,115
414,Rodney,FRELINGHUYSEN,REPRESENTATIVE,R,NJ,11,F000372,115
414,Rodney,FRELINGHUYSEN,REPRESENTATIVE,R,NJ,11,F000372,115
709,Nita,LOWEY,REPRESENTATIVE,D,NY,17,L000480,115
414,Rodney,FRELINGHUYSEN,REPRESENTATIVE,R,NJ,11,F000372,115
709,Nita,LOWEY,REPRESENTATIVE,D,NY,17,L000480,115
566,Steny,HOYER,REPRESENTATIVE,D,MD,5,H000874,115
709,Nita,LOWEY,REPRESENTATIVE,D,NY,17,L000480,115
566,Steny,HOYER,REPRESENTATIVE,D,MD,5,H000874,115
709,Nita,LOWEY,REPRESENTATIVE,D,NY,17,L000480,115
566,Steny,HOYER,REPRESENTATIVE,D,MD,5,H000874,115
709,Nita,LOWEY,REPRESENTATIVE,D,NY,17,L000480,115
414,Rodney,FRELINGHUYSEN,REPRESENTATIVE,R,NJ,11,F000372,115
414,Rodney,FRELINGHUYSEN,REPRESENTATIVE,R,NJ,11,F000372,115
2243,Mike,BOST,REPRESENTATIVE,R,IL,12,B001295,115
2065,Bill,FLORES,REPRESENTATIVE,R,TX,17,F000461,115
2156,Markwayne,MULLIN,REPRESENTATIVE,R,OK,2,M001190,115
2140,Richard,HUDSON,REPRESENTATIVE,R,NC,8,H001067,115
2203,Dave,BRAT,REPRESENTATIVE,R,VA,7,B001290,115
2256,David,ROUZER,REPRESENTATIVE,R,NC,7,R000603,115
1069,Louise,SLAUGHTER,REPRESENTATIVE,D,NY,25,S000480,115
2053,Tom,MARINO,REPRESENTATIVE,R,PA,10,M001179,115
735,Edward,MARKEY,SENATOR,D,MA,N/A,M000133,115
174,Benjamin,CARDIN,SENATOR,D,MD,N/A,C000141,115
1942,Paul,TONKO,REPRESENTATIVE,D,NY,20,T000469,115
1844,Mazie,HIRONO,SENATOR,D,HI,N/A,H001042,115
2309,Jimmy,PANETTA,N/A,D,CA,N/A,P000613,115
1825,Bob,CORKER,SENATOR,R,TN,N/A,C001071,115
1542,Michael,ENZI,SENATOR,R,WY,N/A,E000285,115
1694,Lisa,MURKOWSKI,SENATOR,R,AK,N/A,M001153,115
2288,Mike,ROUNDS,N/A,R,SD,N/A,R000605,115
2092,Suzanne,BONAMICI,REPRESENTATIVE,D,OR,1,B001278,115
566,Steny,HOYER,REPRESENTATIVE,D,MD,5,H000874,115
566,Steny,HOYER,REPRESENTATIVE,D,MD,5,H000874,115
566,Steny,HOYER,REPRESENTATIVE,D,MD,5,H000874,115
566,Steny,HOYER,REPRESENTATIVE,D,MD,5,H000874,115
566,Steny,HOYER,REPRESENTATIVE,D,MD,5,H000874,115
566,Steny,HOYER,REPRESENTATIVE,D,MD,5,H000874,115
1534,John,THUNE,SENATOR,R,SD,N/A,T000250,115
2290,Dan,SULLIVAN,SENATOR,R,AK,N/A,S001198,115
2290,Dan,SULLIVAN,SENATOR,R,AK,N/A,S001198,115
1801,Louie,GOHMERT,REPRESENTATIVE,R,TX,1,G000552,115
2008,Rob,WOODALL,REPRESENTATIVE,R,GA,7,W000810,115
1247,Ron,WYDEN,SENATOR,D,OR,N/A,W000779,115
1383,Patrick,LEAHY,SENATOR,D,VT,N/A,L000174,115
2138,Steve,DAINES,SENATOR,R,MT,N/A,D000618,115
174,Benjamin,CARDIN,SENATOR,D,MD,N/A,C000141,115
326,Richard,DURBIN,SENATOR,D,IL,N/A,D000563,115
326,Richard,DURBIN,SENATOR,D,IL,N/A,D000563,115
1900,Jeff,MERKLEY,SENATOR,D,OR,N/A,M001176,115
2290,Dan,SULLIVAN,SENATOR,R,AK,N/A,S001198,115
2290,Dan,SULLIVAN,SENATOR,R,AK,N/A,S001198,115
2332,Jamie,RASKIN,N/A,D,MD,N/A,R000606,115
1383,Patrick,LEAHY,SENATOR,D,VT,N/A,L000174,115
457,Chuck,GRASSLEY,SENATOR,R,IA,N/A,G000386,115
457,Chuck,GRASSLEY,SENATOR,R,IA,N/A,G000386,115
1692,John,CORNYN,SENATOR,R,TX,N/A,C001056,115
1036,Charles,SCHUMER,SENATOR,D,NY,N/A,S000148,115
1837,Christopher,MURPHY,SENATOR,D,CT,N/A,M001169,115
1881,John,BARRASSO,SENATOR,R,WY,N/A,B001261,115
179,Thomas,CARPER,SENATOR,D,DE,N/A,C000174,115
2288,Mike,ROUNDS,N/A,R,SD,N/A,R000605,115
1464,Roy,BLUNT,SENATOR,R,MO,N/A,B000575,115
1633,Jeff,FLAKE,SENATOR,R,AZ,N/A,F000444,115
1633,Jeff,FLAKE,SENATOR,R,AZ,N/A,F000444,115
1965,Michael,BENNET,SENATOR,D,CO,N/A,B001267,115
172,Maria,CANTWELL,SENATOR,D,WA,N/A,C000127,115
172,Maria,CANTWELL,SENATOR,D,WA,N/A,C000127,115
1863,Dean,HELLER,SENATOR,R,NV,N/A,H001041,115
924,Rob,PORTMAN,SENATOR,R,OH,N/A,P000449,115
924,Rob,PORTMAN,SENATOR,R,OH,N/A,P000449,115
1998,Cory,GARDNER,N/A,R,CO,N/A,G000562,115
1823,Sheldon,WHITEHOUSE,SENATOR,D,RI,N/A,W000802,115
1823,Sheldon,WHITEHOUSE,SENATOR,D,RI,N/A,W000802,115
1507,Jerry,MORAN,SENATOR,R,KS,N/A,M000934,115
1507,Jerry,MORAN,SENATOR,R,KS,N/A,M000934,115
1507,Jerry,MORAN,SENATOR,R,KS,N/A,M000934,115
1695,Lamar,ALEXANDER,SENATOR,R,TN,N/A,A000360,115
1695,Lamar,ALEXANDER,SENATOR,R,TN,N/A,A000360,115
1695,Lamar,ALEXANDER,SENATOR,R,TN,N/A,A000360,115
1695,Lamar,ALEXANDER,SENATOR,R,TN,N/A,A000360,115
1010,Bernard,SANDERS,SENATOR,I,VT,N/A,S000033,115
1900,Jeff,MERKLEY,SENATOR,D,OR,N/A,M001176,115
1900,Jeff,MERKLEY,SENATOR,D,OR,N/A,M001176,115
2050,James,LANKFORD,SENATOR,R,OK,N/A,L000575,115
2050,James,LANKFORD,SENATOR,R,OK,N/A,L000575,115
1687,John,BOOZMAN,SENATOR,R,AR,N/A,B001236,115
326,Richard,DURBIN,SENATOR,D,IL,N/A,D000563,115
326,Richard,DURBIN,SENATOR,D,IL,N/A,D000563,115
326,Richard,DURBIN,SENATOR,D,IL,N/A,D000563,115
1226,Roger,WICKER,SENATOR,R,MS,N/A,W000437,115
1351,Orrin,HATCH,SENATOR,R,UT,N/A,H000338,115
2076,Richard,BLUMENTHAL,SENATOR,D,CT,N/A,B001277,115
2076,Richard,BLUMENTHAL,SENATOR,D,CT,N/A,B001277,115
1881,John,BARRASSO,SENATOR,R,WY,N/A,B001261,115
1881,John,BARRASSO,SENATOR,R,WY,N/A,B001261,115
1692,John,CORNYN,SENATOR,R,TX,N/A,C001056,115
326,Richard,DURBIN,SENATOR,D,IL,N/A,D000563,115
1036,Charles,SCHUMER,SENATOR,D,NY,N/A,S000148,115
1036,Charles,SCHUMER,SENATOR,D,NY,N/A,S000148,115
1036,Charles,SCHUMER,SENATOR,D,NY,N/A,S000148,115
968,Pat,ROBERTS,SENATOR,R,KS,N/A,R000307,115
1036,Charles,SCHUMER,SENATOR,D,NY,N/A,S000148,115
1525,Pete,SESSIONS,SENATOR,R,TX,N/A,S000250,115
1247,Ron,WYDEN,SENATOR,D,OR,N/A,W000779,115
2354,Pramila,JAYAPAL,N/A,D,WA,N/A,J000298,115
2354,Pramila,JAYAPAL,N/A,D,WA,N/A,J000298,115
2354,Pramila,JAYAPAL,N/A,D,WA,N/A,J000298,115
1541,Susan,COLLINS,REPRESENTATIVE,R,ME,9,C001035,115
1541,Susan,KING,REPRESENTATIVE,R,ME,4,C001035,115
1687,John,BOOZMAN,SENATOR,R,AR,N/A,B001236,115
2339,Jacky,ROSEN,N/A,D,NV,N/A,R000608,115
