speaker_id,first_name,last_name,type,party,state,district,bio_guide_id,congress_id
414,Rodney,FRELINGHUYSEN,REPRESENTATIVE,R,NJ,11,F000372,115
2224,Bruce,WESTERMAN,REPRESENTATIVE,R,AR,4,W000821,115
2355,Mike,GALLAGHER,N/A,R,WI,N/A,G000579,115
2158,Keith,ROTHFUS,REPRESENTATIVE,R,PA,12,R000598,115
1155,Mac,THORNBERRY,REPRESENTATIVE,R,TX,13,T000238,115
1668,James,LANGEVIN,REPRESENTATIVE,D,RI,2,L000559,115
1668,James,LANGEVIN,REPRESENTATIVE,D,RI,2,L000559,115
1155,Mac,THORNBERRY,REPRESENTATIVE,R,TX,13,T000238,115
1668,James,LANGEVIN,REPRESENTATIVE,D,RI,2,L000559,115
2310,Salud,CARBAJAL,N/A,D,CA,N/A,C001112,115
1155,Mac,THORNBERRY,REPRESENTATIVE,R,TX,13,T000238,115
1668,James,LANGEVIN,REPRESENTATIVE,D,RI,2,L000559,115
2339,Jacky,ROSEN,N/A,D,NV,N/A,R000608,115
1155,Mac,THORNBERRY,REPRESENTATIVE,R,TX,13,T000238,115
1668,James,LANGEVIN,REPRESENTATIVE,D,RI,2,L000559,115
1155,Mac,THORNBERRY,REPRESENTATIVE,R,TX,13,T000238,115
1668,James,LANGEVIN,REPRESENTATIVE,D,RI,2,L000559,115
1668,James,LANGEVIN,REPRESENTATIVE,D,RI,2,L000559,115
1155,Mac,THORNBERRY,REPRESENTATIVE,R,TX,13,T000238,115
1668,James,LANGEVIN,REPRESENTATIVE,D,RI,2,L000559,115
1155,Mac,THORNBERRY,REPRESENTATIVE,R,TX,13,T000238,115
1668,James,LANGEVIN,REPRESENTATIVE,D,RI,2,L000559,115
1155,Mac,THORNBERRY,REPRESENTATIVE,R,TX,13,T000238,115
1668,James,LANGEVIN,REPRESENTATIVE,D,RI,2,L000559,115
2272,Donald,BEYER,REPRESENTATIVE,D,VA,8,B001292,115
414,Rodney,FRELINGHUYSEN,REPRESENTATIVE,R,NJ,11,F000372,115
414,Rodney,FRELINGHUYSEN,REPRESENTATIVE,R,NJ,11,F000372,115
414,Rodney,FRELINGHUYSEN,REPRESENTATIVE,R,NJ,11,F000372,115
709,Nita,LOWEY,REPRESENTATIVE,D,NY,17,L000480,115
414,Rodney,FRELINGHUYSEN,REPRESENTATIVE,R,NJ,11,F000372,115
709,Nita,LOWEY,REPRESENTATIVE,D,NY,17,L000480,115
1042,Jose,SERRANO,REPRESENTATIVE,D,NY,15,S000248,115
414,Rodney,FRELINGHUYSEN,REPRESENTATIVE,R,NJ,11,F000372,115
165,Ken,CALVERT,REPRESENTATIVE,R,CA,42,C000059,115
709,Nita,LOWEY,REPRESENTATIVE,D,NY,17,L000480,115
414,Rodney,FRELINGHUYSEN,REPRESENTATIVE,R,NJ,11,F000372,115
709,Nita,LOWEY,REPRESENTATIVE,D,NY,17,L000480,115
414,Rodney,FRELINGHUYSEN,REPRESENTATIVE,R,NJ,11,F000372,115
414,Rodney,FRELINGHUYSEN,REPRESENTATIVE,R,NJ,11,F000372,115
709,Nita,LOWEY,REPRESENTATIVE,D,NY,17,L000480,115
414,Rodney,FRELINGHUYSEN,REPRESENTATIVE,R,NJ,11,F000372,115
709,Nita,LOWEY,REPRESENTATIVE,D,NY,17,L000480,115
1184,Nydia,VELAZQUEZ,REPRESENTATIVE,D,NY,7,V000081,115
709,Nita,LOWEY,REPRESENTATIVE,D,NY,17,L000480,115
1184,Nydia,VELAZQUEZ,REPRESENTATIVE,D,NY,7,V000081,115
414,Rodney,FRELINGHUYSEN,REPRESENTATIVE,R,NJ,11,F000372,115
709,Nita,LOWEY,REPRESENTATIVE,D,NY,17,L000480,115
566,Steny,HOYER,REPRESENTATIVE,D,MD,5,H000874,115
414,Rodney,FRELINGHUYSEN,REPRESENTATIVE,R,NJ,11,F000372,115
709,Nita,LOWEY,REPRESENTATIVE,D,NY,17,L000480,115
414,Rodney,FRELINGHUYSEN,REPRESENTATIVE,R,NJ,11,F000372,115
709,Nita,LOWEY,REPRESENTATIVE,D,NY,17,L000480,115
2274,Stacey,PLASKETT,DELEGATE,D,VI,N/A,P000610,115
414,Rodney,FRELINGHUYSEN,REPRESENTATIVE,R,NJ,11,F000372,115
709,Nita,LOWEY,REPRESENTATIVE,D,NY,17,L000480,115
414,Rodney,FRELINGHUYSEN,REPRESENTATIVE,R,NJ,11,F000372,115
709,Nita,LOWEY,REPRESENTATIVE,D,NY,17,L000480,115
588,Sheila,LEE,REPRESENTATIVE,D,TX,13,J000032,115
414,Rodney,FRELINGHUYSEN,REPRESENTATIVE,R,NJ,11,F000372,115
709,Nita,LOWEY,REPRESENTATIVE,D,NY,17,L000480,115
414,Rodney,FRELINGHUYSEN,REPRESENTATIVE,R,NJ,11,F000372,115
2346,Lloyd,SMUCKER,N/A,R,PA,N/A,S001199,115
414,Rodney,FRELINGHUYSEN,REPRESENTATIVE,R,NJ,11,F000372,115
414,Rodney,FRELINGHUYSEN,REPRESENTATIVE,R,NJ,11,F000372,115
414,Rodney,FRELINGHUYSEN,REPRESENTATIVE,R,NJ,11,F000372,115
2241,Rod,BLUM,SENATOR,R,IA,N/A,B001294,115
2241,Rod,BLUM,SENATOR,R,IA,N/A,B001294,115
2241,Rod,BLUM,SENATOR,R,IA,N/A,B001294,115
256,Elijah,CUMMINGS,REPRESENTATIVE,D,MD,7,C000984,115
2241,Rod,BLUM,SENATOR,R,IA,N/A,B001294,115
256,Elijah,CUMMINGS,REPRESENTATIVE,D,MD,7,C000984,115
1498,Ron,KIND,REPRESENTATIVE,D,WI,3,K000188,115
2241,Rod,BLUM,SENATOR,R,IA,N/A,B001294,115
256,Elijah,CUMMINGS,REPRESENTATIVE,D,MD,7,C000984,115
2241,Rod,BLUM,SENATOR,R,IA,N/A,B001294,115
256,Elijah,CUMMINGS,REPRESENTATIVE,D,MD,7,C000984,115
2241,Rod,BLUM,SENATOR,R,IA,N/A,B001294,115
256,Elijah,CUMMINGS,REPRESENTATIVE,D,MD,7,C000984,115
2241,Rod,BLUM,SENATOR,R,IA,N/A,B001294,115
2072,Sean,DUFFY,N/A,R,WI,N/A,D000614,115
2241,Rod,BLUM,SENATOR,R,IA,N/A,B001294,115
2241,Rod,BLUM,SENATOR,R,IA,N/A,B001294,115
2297,James,COMER,N/A,R,KY,N/A,C001108,115
2350,Jodey,ARRINGTON,N/A,R,TX,N/A,A000375,115
2032,Vicky,HARTZLER,REPRESENTATIVE,R,MO,4,H001053,115
1995,Jeff,DENHAM,REPRESENTATIVE,R,CA,10,D000612,115
2328,Roger,MARSHALL,N/A,R,KS,N/A,M001198,115
2328,Roger,MARSHALL,N/A,R,KS,N/A,M001198,115
2328,Roger,MARSHALL,N/A,R,KS,N/A,M001198,115
979,Dana,ROHRABACHER,REPRESENTATIVE,R,CA,48,R000409,115
2130,Luke,MESSER,REPRESENTATIVE,R,IN,6,M001189,115
2097,Donald,PAYNE,REPRESENTATIVE,D,NJ,10,P000604,115
2344,Claudia,TENNEY,N/A,R,NY,N/A,T000478,115
2340,Ruben,KIHUEN,N/A,D,NV,N/A,K000390,115
1460,Robert,ADERHOLT,REPRESENTATIVE,R,AL,4,A000055,115
2328,Roger,MARSHALL,N/A,R,KS,N/A,M001198,115
2124,Bradley,SCHNEIDER,N/A,D,IL,N/A,S001190,115
2110,Mark,TAKANO,REPRESENTATIVE,D,CA,41,T000472,115
616,Marcy,KAPTUR,REPRESENTATIVE,D,OH,8,K000009,115
2270,Brian,BABIN,REPRESENTATIVE,R,TX,36,B001291,115
2334,Paul,MITCHELL,N/A,R,MI,N/A,M001201,115
2228,Stephen,KNIGHT,REPRESENTATIVE,R,CA,25,K000387,115
2268,John,RATCLIFFE,REPRESENTATIVE,R,TX,4,R000601,115
2241,Rod,BLUM,SENATOR,R,IA,N/A,B001294,115
2244,Ralph,ABRAHAM,REPRESENTATIVE,R,LA,5,A000374,115
2350,Jodey,ARRINGTON,N/A,R,TX,N/A,A000375,115
2314,Matt,GAETZ,N/A,R,FL,N/A,G000578,115
1950,Kurt,SCHRADER,REPRESENTATIVE,D,OR,5,S001180,115
1155,Mac,THORNBERRY,REPRESENTATIVE,R,TX,13,T000238,115
2122,Tulsi,GABBARD,REPRESENTATIVE,D,HI,2,G000571,115
2197,Bradley,BYRNE,REPRESENTATIVE,R,AL,1,B001289,115
2351,Scott,TAYLOR,N/A,R,VA,N/A,T000477,115
2263,Elise,STEFANIK,REPRESENTATIVE,R,NY,21,S001196,115
2345,Brian,FITZPATRICK,REPRESENTATIVE,R,PA,8,F000466,115
2109,Raul,RUIZ,REPRESENTATIVE,D,CA,36,R000599,115
1526,Brad,SHERMAN,REPRESENTATIVE,D,CA,30,S000344,115
1526,Brad,SHERMAN,REPRESENTATIVE,D,CA,30,S000344,115
1526,Brad,SHERMAN,REPRESENTATIVE,D,CA,30,S000344,115
2338,Josh,GOTTHEIMER,N/A,D,NJ,N/A,G000583,115
979,Dana,ROHRABACHER,REPRESENTATIVE,R,CA,48,R000409,115
1801,Louie,GOHMERT,REPRESENTATIVE,R,TX,1,G000552,115
2115,Ted,YOHO,REPRESENTATIVE,R,FL,3,Y000065,115
2115,Ted,YOHO,REPRESENTATIVE,R,FL,3,Y000065,115
2115,Ted,YOHO,REPRESENTATIVE,R,FL,3,Y000065,115
2309,Jimmy,PANETTA,N/A,D,CA,N/A,P000613,115
