speaker_id,first_name,last_name,type,party,state,district,bio_guide_id,congress_id
446,Bob,GOODLATTE,REPRESENTATIVE,R,VA,6,G000289,115
446,Bob,GOODLATTE,REPRESENTATIVE,R,VA,6,G000289,115
446,Bob,GOODLATTE,REPRESENTATIVE,R,VA,6,G000289,115
2332,Jamie,RASKIN,N/A,D,MD,N/A,R000606,115
446,Bob,GOODLATTE,REPRESENTATIVE,R,VA,6,G000289,115
2332,Jamie,RASKIN,N/A,D,MD,N/A,R000606,115
2332,Jamie,RASKIN,N/A,D,MD,N/A,R000606,115
446,Bob,GOODLATTE,REPRESENTATIVE,R,VA,6,G000289,115
446,Bob,GOODLATTE,REPRESENTATIVE,R,VA,6,G000289,115
2264,John,KATKO,REPRESENTATIVE,R,NY,24,K000386,115
1695,Lamar,ALEXANDER,SENATOR,R,TN,N/A,A000360,115
1695,Lamar,ALEXANDER,SENATOR,R,TN,N/A,A000360,115
1695,Lamar,ALEXANDER,SENATOR,R,TN,N/A,A000360,115
1695,Lamar,ALEXANDER,SENATOR,R,TN,N/A,A000360,115
2080,Mike,LEE,REPRESENTATIVE,R,UT,13,L000577,115
326,Richard,DURBIN,SENATOR,D,IL,N/A,D000563,115
1036,Charles,SCHUMER,SENATOR,D,NY,N/A,S000148,115
1692,John,CORNYN,SENATOR,R,TX,N/A,C001056,115
735,Edward,MARKEY,SENATOR,D,MA,N/A,M000133,115
326,Richard,DURBIN,SENATOR,D,IL,N/A,D000563,115
326,Richard,DURBIN,SENATOR,D,IL,N/A,D000563,115
1925,Bill,CASSIDY,SENATOR,R,LA,N/A,C001075,115
1925,Bill,CASSIDY,SENATOR,R,LA,N/A,C001075,115
1464,Roy,BLUNT,SENATOR,R,MO,N/A,B000575,115
1464,Roy,BLUNT,SENATOR,R,MO,N/A,B000575,115
1464,Roy,BLUNT,SENATOR,R,MO,N/A,B000575,115
1984,Christopher,COONS,SENATOR,D,DE,N/A,C001088,115
457,Chuck,GRASSLEY,SENATOR,R,IA,N/A,G000386,115
1464,Roy,BLUNT,SENATOR,R,MO,N/A,B000575,115
1692,John,CORNYN,SENATOR,R,TX,N/A,C001056,115
1826,Amy,KLOBUCHAR,SENATOR,D,MN,N/A,K000367,115
1984,Christopher,COONS,SENATOR,D,DE,N/A,C001088,115
1464,Roy,BLUNT,SENATOR,R,MO,N/A,B000575,115
1567,Tom,UDALL,SENATOR,D,NM,N/A,U000039,115
2325,Raja,KRISHNAMOORTHI,N/A,D,IL,N/A,K000391,115
1567,Tom,UDALL,SENATOR,D,NM,N/A,U000039,115
2097,Donald,PAYNE,REPRESENTATIVE,D,NJ,10,P000604,115
2165,Roger,WILLIAMS,REPRESENTATIVE,R,TX,25,W000816,115
2165,Roger,WILLIAMS,REPRESENTATIVE,R,TX,25,W000816,115
1668,James,LANGEVIN,REPRESENTATIVE,D,RI,2,L000559,115
2312,J.,CORREA,N/A,D,CA,N/A,C001110,115
326,Richard,DURBIN,SENATOR,D,IL,N/A,D000563,115
1955,Pete,OLSON,REPRESENTATIVE,R,TX,22,O000168,115
2099,Kyrsten,SINEMA,REPRESENTATIVE,D,AZ,9,S001191,115
1825,Bob,CORKER,SENATOR,R,TN,N/A,C001071,115
1973,John,GARAMENDI,REPRESENTATIVE,D,CA,3,G000559,115
1695,Lamar,ALEXANDER,SENATOR,R,TN,N/A,A000360,115
1695,Lamar,ALEXANDER,SENATOR,R,TN,N/A,A000360,115
1351,Orrin,HATCH,SENATOR,R,UT,N/A,H000338,115
2174,Heidi,HEITKAMP,SENATOR,D,ND,N/A,H001069,115
1863,Dean,HELLER,SENATOR,R,NV,N/A,H001041,115
1863,Dean,HELLER,SENATOR,R,NV,N/A,H001041,115
1695,Lamar,ALEXANDER,SENATOR,R,TN,N/A,A000360,115
1695,Lamar,ALEXANDER,SENATOR,R,TN,N/A,A000360,115
1695,Lamar,ALEXANDER,SENATOR,R,TN,N/A,A000360,115
1525,Pete,SESSIONS,SENATOR,R,TX,N/A,S000250,115
2320,Val,DEMINGS,N/A,D,FL,N/A,D000627,115
1695,Lamar,ALEXANDER,SENATOR,R,TN,N/A,A000360,115
1695,Lamar,ALEXANDER,SENATOR,R,TN,N/A,A000360,115
1695,Lamar,ALEXANDER,SENATOR,R,TN,N/A,A000360,115
1694,Lisa,MURKOWSKI,SENATOR,R,AK,N/A,M001153,115
1695,Lamar,ALEXANDER,SENATOR,R,TN,N/A,A000360,115
1695,Lamar,ALEXANDER,SENATOR,R,TN,N/A,A000360,115
1930,Erik,PAULSEN,REPRESENTATIVE,R,MN,3,P000594,115
1838,Gus,BILIRAKIS,REPRESENTATIVE,R,FL,12,B001257,115
612,Walter,JONES,REPRESENTATIVE,R,NC,3,J000255,115
326,Richard,DURBIN,SENATOR,D,IL,N/A,D000563,115
2345,Brian,FITZPATRICK,REPRESENTATIVE,R,PA,8,F000466,115
2134,Daniel,KILDEE,REPRESENTATIVE,D,MI,5,K000380,115
1892,Steve,SCALISE,REPRESENTATIVE,R,LA,1,S001176,115
1692,John,CORNYN,SENATOR,R,TX,N/A,C001056,115
1510,Bill,PASCRELL,REPRESENTATIVE,D,NJ,9,P000096,115
446,Bob,GOODLATTE,REPRESENTATIVE,R,VA,6,G000289,115
446,Bob,GOODLATTE,REPRESENTATIVE,R,VA,6,G000289,115
446,Bob,GOODLATTE,REPRESENTATIVE,R,VA,6,G000289,115
2332,Jamie,RASKIN,N/A,D,MD,N/A,R000606,115
446,Bob,GOODLATTE,REPRESENTATIVE,R,VA,6,G000289,115
2269,Will,HURD,REPRESENTATIVE,R,TX,23,H001073,115
2332,Jamie,RASKIN,N/A,D,MD,N/A,R000606,115
446,Bob,GOODLATTE,REPRESENTATIVE,R,VA,6,G000289,115
446,Bob,GOODLATTE,REPRESENTATIVE,R,VA,6,G000289,115
446,Bob,GOODLATTE,REPRESENTATIVE,R,VA,6,G000289,115
446,Bob,GOODLATTE,REPRESENTATIVE,R,VA,6,G000289,115
2332,Jamie,RASKIN,N/A,D,MD,N/A,R000606,115
446,Bob,GOODLATTE,REPRESENTATIVE,R,VA,6,G000289,115
1041,F.,SENSENBRENNER,REPRESENTATIVE,R,WI,5,S000244,115
2332,Jamie,RASKIN,N/A,D,MD,N/A,R000606,115
1878,Steve,COHEN,REPRESENTATIVE,D,TN,9,C001068,115
446,Bob,GOODLATTE,REPRESENTATIVE,R,VA,6,G000289,115
2332,Jamie,RASKIN,N/A,D,MD,N/A,R000606,115
446,Bob,GOODLATTE,REPRESENTATIVE,R,VA,6,G000289,115
1694,Lisa,MURKOWSKI,SENATOR,R,AK,N/A,M001153,115
2084,Marco,RUBIO,SENATOR,R,FL,N/A,R000595,115
2084,Marco,RUBIO,SENATOR,R,FL,N/A,R000595,115
1998,Cory,GARDNER,N/A,R,CO,N/A,G000562,115
1998,Cory,GARDNER,N/A,R,CO,N/A,G000562,115
1692,John,CORNYN,SENATOR,R,TX,N/A,C001056,115
446,Bob,GOODLATTE,REPRESENTATIVE,R,VA,6,G000289,115
446,Bob,GOODLATTE,REPRESENTATIVE,R,VA,6,G000289,115
446,Bob,GOODLATTE,REPRESENTATIVE,R,VA,6,G000289,115
2332,Jamie,RASKIN,N/A,D,MD,N/A,R000606,115
446,Bob,GOODLATTE,REPRESENTATIVE,R,VA,6,G000289,115
2268,John,RATCLIFFE,REPRESENTATIVE,R,TX,4,R000601,115
446,Bob,GOODLATTE,REPRESENTATIVE,R,VA,6,G000289,115
2332,Jamie,RASKIN,N/A,D,MD,N/A,R000606,115
446,Bob,GOODLATTE,REPRESENTATIVE,R,VA,6,G000289,115
2221,Gary,PALMER,REPRESENTATIVE,R,AL,6,P000609,115
446,Bob,GOODLATTE,REPRESENTATIVE,R,VA,6,G000289,115
446,Bob,GOODLATTE,REPRESENTATIVE,R,VA,6,G000289,115
