speaker_id,first_name,last_name,type,party,state,district,bio_guide_id,congress_id
1986,Martha,ROBY,REPRESENTATIVE,R,AL,2,R000591,115
1986,Martha,ROBY,REPRESENTATIVE,R,AL,2,R000591,115
1986,Martha,ROBY,REPRESENTATIVE,R,AL,2,R000591,115
1774,Jim,COSTA,REPRESENTATIVE,D,CA,16,C001059,115
1774,Jim,COSTA,REPRESENTATIVE,D,CA,16,C001059,115
1986,Martha,ROBY,REPRESENTATIVE,R,AL,2,R000591,115
2137,Ann,WAGNER,REPRESENTATIVE,R,MO,2,W000812,115
2153,Joyce,BEATTY,REPRESENTATIVE,D,OH,3,B001281,115
2153,Joyce,BEATTY,REPRESENTATIVE,D,OH,3,B001281,115
1986,Martha,ROBY,REPRESENTATIVE,R,AL,2,R000591,115
1986,Martha,ROBY,REPRESENTATIVE,R,AL,2,R000591,115
701,Zoe,LOFGREN,REPRESENTATIVE,D,CA,19,L000397,115
1986,Martha,ROBY,REPRESENTATIVE,R,AL,2,R000591,115
446,Bob,GOODLATTE,REPRESENTATIVE,R,VA,6,G000289,115
446,Bob,GOODLATTE,REPRESENTATIVE,R,VA,6,G000289,115
1986,Martha,ROBY,REPRESENTATIVE,R,AL,2,R000591,115
1989,Eric,CRAWFORD,REPRESENTATIVE,R,AR,1,C001087,115
1986,Martha,ROBY,REPRESENTATIVE,R,AL,2,R000591,115
1774,Jim,COSTA,REPRESENTATIVE,D,CA,16,C001059,115
446,Bob,GOODLATTE,REPRESENTATIVE,R,VA,6,G000289,115
446,Bob,GOODLATTE,REPRESENTATIVE,R,VA,6,G000289,115
446,Bob,GOODLATTE,REPRESENTATIVE,R,VA,6,G000289,115
701,Zoe,LOFGREN,REPRESENTATIVE,D,CA,19,L000397,115
701,Zoe,LOFGREN,REPRESENTATIVE,D,CA,19,L000397,115
2137,Ann,WAGNER,REPRESENTATIVE,R,MO,2,W000812,115
701,Zoe,LOFGREN,REPRESENTATIVE,D,CA,19,L000397,115
1986,Martha,ROBY,REPRESENTATIVE,R,AL,2,R000591,115
2137,Ann,WAGNER,REPRESENTATIVE,R,MO,2,W000812,115
1986,Martha,ROBY,REPRESENTATIVE,R,AL,2,R000591,115
2153,Joyce,BEATTY,REPRESENTATIVE,D,OH,3,B001281,115
1986,Martha,ROBY,REPRESENTATIVE,R,AL,2,R000591,115
1986,Martha,ROBY,REPRESENTATIVE,R,AL,2,R000591,115
1986,Martha,ROBY,REPRESENTATIVE,R,AL,2,R000591,115
1036,Charles,SCHUMER,SENATOR,D,NY,N/A,S000148,115
1687,John,BOOZMAN,SENATOR,R,AR,N/A,B001236,115
1501,Barbara,LEE,REPRESENTATIVE,D,CA,13,L000551,115
1967,Mike,QUIGLEY,REPRESENTATIVE,D,IL,5,Q000023,115
1791,Virginia,FOXX,REPRESENTATIVE,R,NC,5,F000450,115
2311,Nanette,BARRAGAN,N/A,D,CA,N/A,B001300,115
1687,John,BOOZMAN,SENATOR,R,AR,N/A,B001236,115
1687,John,BOOZMAN,SENATOR,R,AR,N/A,B001236,115
1857,Keith,ELLISON,REPRESENTATIVE,D,MN,5,E000288,115
1687,John,BOOZMAN,SENATOR,R,AR,N/A,B001236,115
1687,John,BOOZMAN,SENATOR,R,AR,N/A,B001236,115
1825,Bob,CORKER,SENATOR,R,TN,N/A,C001071,115
2239,Rick,ALLEN,REPRESENTATIVE,R,GA,12,A000372,115
478,Luis,GUTIERREZ,REPRESENTATIVE,D,IL,4,G000535,115
1828,Robert,CASEY,SENATOR,D,PA,N/A,C001070,115
1828,Robert,CASEY,SENATOR,D,PA,N/A,C001070,115
1351,Orrin,HATCH,SENATOR,R,UT,N/A,H000338,115
1351,Orrin,HATCH,SENATOR,R,UT,N/A,H000338,115
859,Bill,NELSON,SENATOR,D,FL,N/A,N000032,115
859,Bill,NELSON,SENATOR,D,FL,N/A,N000032,115
1608,Johnny,ISAKSON,SENATOR,R,GA,N/A,I000055,115
859,Bill,NELSON,SENATOR,D,FL,N/A,N000032,115
1608,Johnny,ISAKSON,SENATOR,R,GA,N/A,I000055,115
1608,Johnny,ISAKSON,SENATOR,R,GA,N/A,I000055,115
1608,Johnny,ISAKSON,SENATOR,R,GA,N/A,I000055,115
1692,John,CORNYN,SENATOR,R,TX,N/A,C001056,115
326,Richard,DURBIN,SENATOR,D,IL,N/A,D000563,115
2079,John,HOEVEN,SENATOR,R,ND,N/A,H001061,115
136,Sherrod,BROWN,REPRESENTATIVE,D,OH,26,B000944,115
1687,John,BOOZMAN,SENATOR,R,AR,N/A,B001236,115
1687,John,BOOZMAN,SENATOR,R,AR,N/A,B001236,115
1687,John,BOOZMAN,SENATOR,R,AR,N/A,B001236,115
1036,Charles,SCHUMER,SENATOR,D,NY,N/A,S000148,115
1930,Erik,PAULSEN,REPRESENTATIVE,R,MN,3,P000594,115
1069,Louise,SLAUGHTER,REPRESENTATIVE,D,NY,25,S000480,115
2137,Ann,WAGNER,REPRESENTATIVE,R,MO,2,W000812,115
1069,Louise,SLAUGHTER,REPRESENTATIVE,D,NY,25,S000480,115
1069,Louise,SLAUGHTER,REPRESENTATIVE,D,NY,25,S000480,115
2342,Adriano,ESPAILLAT,N/A,D,NY,N/A,E000297,115
1069,Louise,SLAUGHTER,REPRESENTATIVE,D,NY,25,S000480,115
1069,Louise,SLAUGHTER,REPRESENTATIVE,D,NY,25,S000480,115
1069,Louise,SLAUGHTER,REPRESENTATIVE,D,NY,25,S000480,115
1069,Louise,SLAUGHTER,REPRESENTATIVE,D,NY,25,S000480,115
1036,Charles,SCHUMER,SENATOR,D,NY,N/A,S000148,115
2185,Angus,KING,REPRESENTATIVE,I,ME,4,K000383,115
1838,Gus,BILIRAKIS,REPRESENTATIVE,R,FL,12,B001257,115
1933,Gregg,HARPER,REPRESENTATIVE,R,MS,3,H001045,115
1828,Robert,CASEY,SENATOR,D,PA,N/A,C001070,115
1498,Ron,KIND,REPRESENTATIVE,D,WI,3,K000188,115
1588,Janice,SCHAKOWSKY,REPRESENTATIVE,D,IL,9,S001145,115
2233,Ken,BUCK,REPRESENTATIVE,R,CO,4,B001297,115
2233,Ken,BUCK,REPRESENTATIVE,R,CO,4,B001297,115
2233,Ken,BUCK,REPRESENTATIVE,R,CO,4,B001297,115
2233,Ken,BUCK,REPRESENTATIVE,R,CO,4,B001297,115
2233,Ken,BUCK,REPRESENTATIVE,R,CO,4,B001297,115
2238,Barry,LOUDERMILK,REPRESENTATIVE,R,GA,11,L000583,115
2233,Ken,BUCK,REPRESENTATIVE,R,CO,4,B001297,115
2238,Barry,LOUDERMILK,REPRESENTATIVE,R,GA,11,L000583,115
2233,Ken,BUCK,REPRESENTATIVE,R,CO,4,B001297,115
1931,Blaine,LUETKEMEYER,REPRESENTATIVE,R,MO,3,L000569,115
2233,Ken,BUCK,REPRESENTATIVE,R,CO,4,B001297,115
2233,Ken,BUCK,REPRESENTATIVE,R,CO,4,B001297,115
2080,Mike,LEE,REPRESENTATIVE,R,UT,13,L000577,115
924,Rob,PORTMAN,SENATOR,R,OH,N/A,P000449,115
924,Rob,PORTMAN,SENATOR,R,OH,N/A,P000449,115
1036,Charles,SCHUMER,SENATOR,D,NY,N/A,S000148,115
99999999999999,First Name unavailable,CEO,Type Unavailable,Party Info Unavailable,state info unavailable,District Unavailable,BioGuideID unavailable,CongressID unavailable
326,Richard,DURBIN,SENATOR,D,IL,N/A,D000563,115
1692,John,CORNYN,SENATOR,R,TX,N/A,C001056,115
2019,Todd,YOUNG,REPRESENTATIVE,R,IN,0,Y000064,115
2340,Ruben,KIHUEN,N/A,D,NV,N/A,K000390,115
1749,Jeb,HENSARLING,REPRESENTATIVE,R,TX,5,H001036,115
1749,Jeb,HENSARLING,REPRESENTATIVE,R,TX,5,H001036,115
1749,Jeb,HENSARLING,REPRESENTATIVE,R,TX,5,H001036,115
1749,Jeb,HENSARLING,REPRESENTATIVE,R,TX,5,H001036,115
1931,Blaine,LUETKEMEYER,REPRESENTATIVE,R,MO,3,L000569,115
2153,Joyce,BEATTY,REPRESENTATIVE,D,OH,3,B001281,115
1749,Jeb,HENSARLING,REPRESENTATIVE,R,TX,5,H001036,115
2047,Steve,STIVERS,REPRESENTATIVE,R,OH,15,S001187,115
2153,Joyce,BEATTY,REPRESENTATIVE,D,OH,3,B001281,115
1749,Jeb,HENSARLING,REPRESENTATIVE,R,TX,5,H001036,115
2015,Randy,HULTGREN,REPRESENTATIVE,R,IL,14,H001059,115
2122,Tulsi,GABBARD,REPRESENTATIVE,D,HI,2,G000571,115
1749,Jeb,HENSARLING,REPRESENTATIVE,R,TX,5,H001036,115
2141,Robert,PITTENGER,REPRESENTATIVE,R,NC,9,P000606,115
1749,Jeb,HENSARLING,REPRESENTATIVE,R,TX,5,H001036,115
2261,Lee,ZELDIN,REPRESENTATIVE,R,NY,1,Z000017,115
1749,Jeb,HENSARLING,REPRESENTATIVE,R,TX,5,H001036,115
2296,Warren,DAVIDSON,N/A,R,OH,N/A,D000626,115
1749,Jeb,HENSARLING,REPRESENTATIVE,R,TX,5,H001036,115
2344,Claudia,TENNEY,N/A,R,NY,N/A,T000478,115
1749,Jeb,HENSARLING,REPRESENTATIVE,R,TX,5,H001036,115
2327,Trey,HOLLINGSWORTH,N/A,R,IN,N/A,H001074,115
1749,Jeb,HENSARLING,REPRESENTATIVE,R,TX,5,H001036,115
1749,Jeb,HENSARLING,REPRESENTATIVE,R,TX,5,H001036,115
1749,Jeb,HENSARLING,REPRESENTATIVE,R,TX,5,H001036,115
1749,Jeb,HENSARLING,REPRESENTATIVE,R,TX,5,H001036,115
1749,Jeb,HENSARLING,REPRESENTATIVE,R,TX,5,H001036,115
2158,Keith,ROTHFUS,REPRESENTATIVE,R,PA,12,R000598,115
2359,Greg,GIANFORTE,N/A,R,MT,N/A,G000584,115
2309,Jimmy,PANETTA,N/A,D,CA,N/A,P000613,115
2344,Claudia,TENNEY,N/A,R,NY,N/A,T000478,115
326,Richard,DURBIN,SENATOR,D,IL,N/A,D000563,115
2166,Marc,VEASEY,REPRESENTATIVE,D,TX,33,V000131,115
2067,Blake,FARENTHOLD,REPRESENTATIVE,R,TX,27,F000460,115
2067,Blake,FARENTHOLD,REPRESENTATIVE,R,TX,27,F000460,115
2067,Blake,FARENTHOLD,REPRESENTATIVE,R,TX,27,F000460,115
2345,Brian,FITZPATRICK,REPRESENTATIVE,R,PA,8,F000466,115
2345,Brian,FITZPATRICK,REPRESENTATIVE,R,PA,8,F000466,115
2350,Jodey,ARRINGTON,N/A,R,TX,N/A,A000375,115
1751,Michael,BURGESS,REPRESENTATIVE,R,TX,26,B001248,115
2223,J.,HILL,REPRESENTATIVE,R,AR,2,H001072,115
2223,J.,HILL,REPRESENTATIVE,R,AR,2,H001072,115
2223,J.,HILL,REPRESENTATIVE,R,AR,2,H001072,115
1857,Keith,ELLISON,REPRESENTATIVE,D,MN,5,E000288,115
2223,J.,HILL,REPRESENTATIVE,R,AR,2,H001072,115
2141,Robert,PITTENGER,REPRESENTATIVE,R,NC,9,P000606,115
1857,Keith,ELLISON,REPRESENTATIVE,D,MN,5,E000288,115
2223,J.,HILL,REPRESENTATIVE,R,AR,2,H001072,115
2314,Matt,GAETZ,N/A,R,FL,N/A,G000578,115
2239,Rick,ALLEN,REPRESENTATIVE,R,GA,12,A000372,115
2231,Norma,TORRES,REPRESENTATIVE,D,CA,35,T000474,115
1383,Patrick,LEAHY,SENATOR,D,VT,N/A,L000174,115
2134,Daniel,KILDEE,REPRESENTATIVE,D,MI,5,K000380,115
1892,Steve,SCALISE,REPRESENTATIVE,R,LA,1,S001176,115
2322,Brian,MAST,N/A,R,FL,N/A,M001199,115
1973,John,GARAMENDI,REPRESENTATIVE,D,CA,3,G000559,115
1973,John,GARAMENDI,REPRESENTATIVE,D,CA,3,G000559,115
1927,Chellie,PINGREE,REPRESENTATIVE,D,ME,1,P000597,115
1687,John,BOOZMAN,SENATOR,R,AR,N/A,B001236,115
1687,John,BOOZMAN,SENATOR,R,AR,N/A,B001236,115
2362,Jimmy,GOMEZ,N/A,D,CA,N/A,G000585,115
2015,Randy,HULTGREN,REPRESENTATIVE,R,IL,14,H001059,115
2015,Randy,HULTGREN,REPRESENTATIVE,R,IL,14,H001059,115
1460,Robert,ADERHOLT,REPRESENTATIVE,R,AL,4,A000055,115
2015,Randy,HULTGREN,REPRESENTATIVE,R,IL,14,H001059,115
2015,Randy,HULTGREN,REPRESENTATIVE,R,IL,14,H001059,115
2141,Robert,PITTENGER,REPRESENTATIVE,R,NC,9,P000606,115
2015,Randy,HULTGREN,REPRESENTATIVE,R,IL,14,H001059,115
2128,Jackie,WALORSKI,REPRESENTATIVE,R,IN,2,W000813,115
2015,Randy,HULTGREN,REPRESENTATIVE,R,IL,14,H001059,115
2353,Thomas,GARRETT,REPRESENTATIVE,R,VA,5,G000580,115
2015,Randy,HULTGREN,REPRESENTATIVE,R,IL,14,H001059,115
2222,Aumua,RADEWAGEN,DELEGATE,R,AS,N/A,R000600,115
2015,Randy,HULTGREN,REPRESENTATIVE,R,IL,14,H001059,115
2243,Mike,BOST,REPRESENTATIVE,R,IL,12,B001295,115
2015,Randy,HULTGREN,REPRESENTATIVE,R,IL,14,H001059,115
2336,Ted,BUDD,REPRESENTATIVE,R,NC,1,B001305,115
2015,Randy,HULTGREN,REPRESENTATIVE,R,IL,14,H001059,115
1801,Louie,GOHMERT,REPRESENTATIVE,R,TX,1,G000552,115
2015,Randy,HULTGREN,REPRESENTATIVE,R,IL,14,H001059,115
2256,David,ROUZER,REPRESENTATIVE,R,NC,7,R000603,115
2015,Randy,HULTGREN,REPRESENTATIVE,R,IL,14,H001059,115
2221,Gary,PALMER,REPRESENTATIVE,R,AL,6,P000609,115
2015,Randy,HULTGREN,REPRESENTATIVE,R,IL,14,H001059,115
2015,Randy,HULTGREN,REPRESENTATIVE,R,IL,14,H001059,115
2238,Barry,LOUDERMILK,REPRESENTATIVE,R,GA,11,L000583,115
2015,Randy,HULTGREN,REPRESENTATIVE,R,IL,14,H001059,115
2015,Randy,HULTGREN,REPRESENTATIVE,R,IL,14,H001059,115
1955,Pete,OLSON,REPRESENTATIVE,R,TX,22,O000168,115
2015,Randy,HULTGREN,REPRESENTATIVE,R,IL,14,H001059,115
2140,Richard,HUDSON,REPRESENTATIVE,R,NC,8,H001067,115
2014,Adam,KINZINGER,REPRESENTATIVE,R,IL,16,K000378,115
2122,Tulsi,GABBARD,REPRESENTATIVE,D,HI,2,G000571,115
1965,Michael,BENNET,SENATOR,D,CO,N/A,B001267,115
2224,Bruce,WESTERMAN,REPRESENTATIVE,R,AR,4,W000821,115
1534,John,THUNE,SENATOR,R,SD,N/A,T000250,115
