speaker_id,first_name,last_name,type,party,state,district,bio_guide_id,congress_id
1801,Louie,GOHMERT,REPRESENTATIVE,R,TX,1,G000552,115
2197,Bradley,BYRNE,REPRESENTATIVE,R,AL,1,B001289,115
2197,Bradley,BYRNE,REPRESENTATIVE,R,AL,1,B001289,115
2197,Bradley,BYRNE,REPRESENTATIVE,R,AL,1,B001289,115
2197,Bradley,BYRNE,REPRESENTATIVE,R,AL,1,B001289,115
1910,Jared,POLIS,REPRESENTATIVE,D,CO,2,P000598,115
1910,Jared,POLIS,REPRESENTATIVE,D,CO,2,P000598,115
2197,Bradley,BYRNE,REPRESENTATIVE,R,AL,1,B001289,115
2315,Neal,DUNN,N/A,R,FL,N/A,D000628,115
1910,Jared,POLIS,REPRESENTATIVE,D,CO,2,P000598,115
1910,Jared,POLIS,REPRESENTATIVE,D,CO,2,P000598,115
1501,Barbara,LEE,REPRESENTATIVE,D,CA,13,L000551,115
2197,Bradley,BYRNE,REPRESENTATIVE,R,AL,1,B001289,115
1910,Jared,POLIS,REPRESENTATIVE,D,CO,2,P000598,115
1910,Jared,POLIS,REPRESENTATIVE,D,CO,2,P000598,115
2197,Bradley,BYRNE,REPRESENTATIVE,R,AL,1,B001289,115
1910,Jared,POLIS,REPRESENTATIVE,D,CO,2,P000598,115
2197,Bradley,BYRNE,REPRESENTATIVE,R,AL,1,B001289,115
1910,Jared,POLIS,REPRESENTATIVE,D,CO,2,P000598,115
2197,Bradley,BYRNE,REPRESENTATIVE,R,AL,1,B001289,115
1910,Jared,POLIS,REPRESENTATIVE,D,CO,2,P000598,115
2197,Bradley,BYRNE,REPRESENTATIVE,R,AL,1,B001289,115
2197,Bradley,BYRNE,REPRESENTATIVE,R,AL,1,B001289,115
1910,Jared,POLIS,REPRESENTATIVE,D,CO,2,P000598,115
2325,Raja,KRISHNAMOORTHI,N/A,D,IL,N/A,K000391,115
1525,Pete,SESSIONS,SENATOR,R,TX,N/A,S000250,115
1525,Pete,SESSIONS,SENATOR,R,TX,N/A,S000250,115
1525,Pete,SESSIONS,SENATOR,R,TX,N/A,S000250,115
1525,Pete,SESSIONS,SENATOR,R,TX,N/A,S000250,115
2316,John,RUTHERFORD,N/A,R,FL,N/A,R000609,115
2316,John,RUTHERFORD,N/A,R,FL,N/A,R000609,115
2316,John,RUTHERFORD,N/A,R,FL,N/A,R000609,115
2316,John,RUTHERFORD,N/A,R,FL,N/A,R000609,115
2316,John,RUTHERFORD,N/A,R,FL,N/A,R000609,115
2354,Pramila,JAYAPAL,N/A,D,WA,N/A,J000298,115
446,Bob,GOODLATTE,REPRESENTATIVE,R,VA,6,G000289,115
446,Bob,GOODLATTE,REPRESENTATIVE,R,VA,6,G000289,115
446,Bob,GOODLATTE,REPRESENTATIVE,R,VA,6,G000289,115
229,John,CONYERS,REPRESENTATIVE,D,MI,13,C000714,115
446,Bob,GOODLATTE,REPRESENTATIVE,R,VA,6,G000289,115
1992,Paul,GOSAR,REPRESENTATIVE,R,AZ,4,G000565,115
229,John,CONYERS,REPRESENTATIVE,D,MI,13,C000714,115
2055,David,CICILLINE,REPRESENTATIVE,D,RI,1,C001084,115
446,Bob,GOODLATTE,REPRESENTATIVE,R,VA,6,G000289,115
229,John,CONYERS,REPRESENTATIVE,D,MI,13,C000714,115
229,John,CONYERS,REPRESENTATIVE,D,MI,13,C000714,115
446,Bob,GOODLATTE,REPRESENTATIVE,R,VA,6,G000289,115
229,John,CONYERS,REPRESENTATIVE,D,MI,13,C000714,115
446,Bob,GOODLATTE,REPRESENTATIVE,R,VA,6,G000289,115
446,Bob,GOODLATTE,REPRESENTATIVE,R,VA,6,G000289,115
2339,Jacky,ROSEN,N/A,D,NV,N/A,R000608,115
2339,Jacky,ROSEN,N/A,D,NV,N/A,R000608,115
2339,Jacky,ROSEN,N/A,D,NV,N/A,R000608,115
446,Bob,GOODLATTE,REPRESENTATIVE,R,VA,6,G000289,115
446,Bob,GOODLATTE,REPRESENTATIVE,R,VA,6,G000289,115
2339,Jacky,ROSEN,N/A,D,NV,N/A,R000608,115
2316,John,RUTHERFORD,N/A,R,FL,N/A,R000609,115
2316,John,RUTHERFORD,N/A,R,FL,N/A,R000609,115
2316,John,RUTHERFORD,N/A,R,FL,N/A,R000609,115
2316,John,RUTHERFORD,N/A,R,FL,N/A,R000609,115
2316,John,RUTHERFORD,N/A,R,FL,N/A,R000609,115
2342,Adriano,ESPAILLAT,N/A,D,NY,N/A,E000297,115
2274,Stacey,PLASKETT,DELEGATE,D,VI,N/A,P000610,115
2274,Stacey,PLASKETT,DELEGATE,D,VI,N/A,P000610,115
2298,Dwight,EVANS,N/A,D,PA,N/A,E000296,115
2274,Stacey,PLASKETT,DELEGATE,D,VI,N/A,P000610,115
2274,Stacey,PLASKETT,DELEGATE,D,VI,N/A,P000610,115
2274,Stacey,PLASKETT,DELEGATE,D,VI,N/A,P000610,115
2274,Stacey,PLASKETT,DELEGATE,D,VI,N/A,P000610,115
2166,Marc,VEASEY,REPRESENTATIVE,D,TX,33,V000131,115
2274,Stacey,PLASKETT,DELEGATE,D,VI,N/A,P000610,115
2320,Val,DEMINGS,N/A,D,FL,N/A,D000627,115
2274,Stacey,PLASKETT,DELEGATE,D,VI,N/A,P000610,115
2166,Marc,VEASEY,REPRESENTATIVE,D,TX,33,V000131,115
2274,Stacey,PLASKETT,DELEGATE,D,VI,N/A,P000610,115
2166,Marc,VEASEY,REPRESENTATIVE,D,TX,33,V000131,115
2274,Stacey,PLASKETT,DELEGATE,D,VI,N/A,P000610,115
1501,Barbara,LEE,REPRESENTATIVE,D,CA,13,L000551,115
1801,Louie,GOHMERT,REPRESENTATIVE,R,TX,1,G000552,115
2264,John,KATKO,REPRESENTATIVE,R,NY,24,K000386,115
2264,John,KATKO,REPRESENTATIVE,R,NY,24,K000386,115
2264,John,KATKO,REPRESENTATIVE,R,NY,24,K000386,115
2264,John,KATKO,REPRESENTATIVE,R,NY,24,K000386,115
2342,Adriano,ESPAILLAT,N/A,D,NY,N/A,E000297,115
2252,Brenda,LAWRENCE,REPRESENTATIVE,D,MI,14,L000581,115
2252,Brenda,LAWRENCE,REPRESENTATIVE,D,MI,14,L000581,115
1910,Jared,POLIS,REPRESENTATIVE,D,CO,2,P000598,115
1910,Jared,POLIS,REPRESENTATIVE,D,CO,2,P000598,115
1910,Jared,POLIS,REPRESENTATIVE,D,CO,2,P000598,115
1910,Jared,POLIS,REPRESENTATIVE,D,CO,2,P000598,115
1910,Jared,POLIS,REPRESENTATIVE,D,CO,2,P000598,115
1910,Jared,POLIS,REPRESENTATIVE,D,CO,2,P000598,115
1910,Jared,POLIS,REPRESENTATIVE,D,CO,2,P000598,115
2107,Tony,CARDENAS,REPRESENTATIVE,D,CA,29,C001097,115
2130,Luke,MESSER,REPRESENTATIVE,R,IN,6,M001189,115
511,Alcee,HASTINGS,REPRESENTATIVE,D,FL,20,H000324,115
1602,Grace,NAPOLITANO,REPRESENTATIVE,D,CA,32,N000179,115
446,Bob,GOODLATTE,REPRESENTATIVE,R,VA,6,G000289,115
2345,Brian,FITZPATRICK,REPRESENTATIVE,R,PA,8,F000466,115
2345,Brian,FITZPATRICK,REPRESENTATIVE,R,PA,8,F000466,115
2345,Brian,FITZPATRICK,REPRESENTATIVE,R,PA,8,F000466,115
2345,Brian,FITZPATRICK,REPRESENTATIVE,R,PA,8,F000466,115
2345,Brian,FITZPATRICK,REPRESENTATIVE,R,PA,8,F000466,115
1973,John,GARAMENDI,REPRESENTATIVE,D,CA,3,G000559,115
1973,John,GARAMENDI,REPRESENTATIVE,D,CA,3,G000559,115
2055,David,CICILLINE,REPRESENTATIVE,D,RI,1,C001084,115
1973,John,GARAMENDI,REPRESENTATIVE,D,CA,3,G000559,115
2055,David,CICILLINE,REPRESENTATIVE,D,RI,1,C001084,115
1973,John,GARAMENDI,REPRESENTATIVE,D,CA,3,G000559,115
616,Marcy,KAPTUR,REPRESENTATIVE,D,OH,8,K000009,115
1973,John,GARAMENDI,REPRESENTATIVE,D,CA,3,G000559,115
616,Marcy,KAPTUR,REPRESENTATIVE,D,OH,8,K000009,115
1973,John,GARAMENDI,REPRESENTATIVE,D,CA,3,G000559,115
1973,John,GARAMENDI,REPRESENTATIVE,D,CA,3,G000559,115
1774,Jim,COSTA,REPRESENTATIVE,D,CA,16,C001059,115
1973,John,GARAMENDI,REPRESENTATIVE,D,CA,3,G000559,115
616,Marcy,KAPTUR,REPRESENTATIVE,D,OH,8,K000009,115
1751,Michael,BURGESS,REPRESENTATIVE,R,TX,26,B001248,115
1751,Michael,BURGESS,REPRESENTATIVE,R,TX,26,B001248,115
1751,Michael,BURGESS,REPRESENTATIVE,R,TX,26,B001248,115
1751,Michael,BURGESS,REPRESENTATIVE,R,TX,26,B001248,115
1751,Michael,BURGESS,REPRESENTATIVE,R,TX,26,B001248,115
1751,Michael,BURGESS,REPRESENTATIVE,R,TX,26,B001248,115
2319,Darren,SOTO,N/A,D,FL,N/A,S001200,115
1879,Peter,WELCH,REPRESENTATIVE,D,VT,0,W000800,115
1967,Mike,QUIGLEY,REPRESENTATIVE,D,IL,5,Q000023,115
2341,Thomas,SUOZZI,N/A,D,NY,N/A,S001201,115
1973,John,GARAMENDI,REPRESENTATIVE,D,CA,3,G000559,115
99,Earl,BLUMENAUER,REPRESENTATIVE,D,OR,3,B000574,115
2244,Ralph,ABRAHAM,REPRESENTATIVE,R,LA,5,A000374,115
2197,Bradley,BYRNE,REPRESENTATIVE,R,AL,1,B001289,115
2345,Brian,FITZPATRICK,REPRESENTATIVE,R,PA,8,F000466,115
2148,Grace,MENG,REPRESENTATIVE,D,NY,6,M001188,115
2134,Daniel,KILDEE,REPRESENTATIVE,D,MI,5,K000380,115
1910,Jared,POLIS,REPRESENTATIVE,D,CO,2,P000598,115
2124,Bradley,SCHNEIDER,N/A,D,IL,N/A,S001190,115
566,Steny,HOYER,REPRESENTATIVE,D,MD,5,H000874,115
1654,Wm.,CLAY,REPRESENTATIVE,D,MO,1,C001049,115
2122,Tulsi,GABBARD,REPRESENTATIVE,D,HI,2,G000571,115
1910,Jared,POLIS,REPRESENTATIVE,D,CO,2,P000598,115
1910,Jared,POLIS,REPRESENTATIVE,D,CO,2,P000598,115
1910,Jared,POLIS,REPRESENTATIVE,D,CO,2,P000598,115
1853,John,YARMUTH,REPRESENTATIVE,D,KY,3,Y000062,115
1910,Jared,POLIS,REPRESENTATIVE,D,CO,2,P000598,115
1853,John,YARMUTH,REPRESENTATIVE,D,KY,3,Y000062,115
1910,Jared,POLIS,REPRESENTATIVE,D,CO,2,P000598,115
2239,Rick,ALLEN,REPRESENTATIVE,R,GA,12,A000372,115
1910,Jared,POLIS,REPRESENTATIVE,D,CO,2,P000598,115
1801,Louie,GOHMERT,REPRESENTATIVE,R,TX,1,G000552,115
2328,Roger,MARSHALL,N/A,R,KS,N/A,M001198,115
2149,Hakeem,JEFFRIES,REPRESENTATIVE,D,NY,8,J000294,115
2309,Jimmy,PANETTA,N/A,D,CA,N/A,P000613,115
1996,Karen,BASS,REPRESENTATIVE,D,CA,37,B001270,115
1668,James,LANGEVIN,REPRESENTATIVE,D,RI,2,L000559,115
2063,Diane,BLACK,REPRESENTATIVE,R,TN,6,B001273,115
1910,Jared,POLIS,REPRESENTATIVE,D,CO,2,P000598,115
2314,Matt,GAETZ,N/A,R,FL,N/A,G000578,115
2312,J.,CORREA,N/A,D,CA,N/A,C001110,115
303,Lloyd,DOGGETT,REPRESENTATIVE,D,TX,35,D000399,115
