speaker_id,first_name,last_name,type,party,state,district,bio_guide_id,congress_id
2344,Claudia,TENNEY,N/A,R,NY,N/A,T000478,115
2356,Liz,CHENEY,N/A,R,WY,N/A,C001109,115
2356,Liz,CHENEY,N/A,R,WY,N/A,C001109,115
2356,Liz,CHENEY,N/A,R,WY,N/A,C001109,115
2356,Liz,CHENEY,N/A,R,WY,N/A,C001109,115
2356,Liz,CHENEY,N/A,R,WY,N/A,C001109,115
1742,Tom,COLE,REPRESENTATIVE,R,OK,12,C001053,115
2308,Ro,KHANNA,N/A,D,CA,N/A,K000389,115
2356,Liz,CHENEY,N/A,R,WY,N/A,C001109,115
2314,Matt,GAETZ,N/A,R,FL,N/A,G000578,115
2356,Liz,CHENEY,N/A,R,WY,N/A,C001109,115
1834,Doug,LAMBORN,REPRESENTATIVE,R,CO,5,L000564,115
2356,Liz,CHENEY,N/A,R,WY,N/A,C001109,115
2351,Scott,TAYLOR,N/A,R,VA,N/A,T000477,115
2356,Liz,CHENEY,N/A,R,WY,N/A,C001109,115
2351,Scott,TAYLOR,N/A,R,VA,N/A,T000477,115
2356,Liz,CHENEY,N/A,R,WY,N/A,C001109,115
2355,Mike,GALLAGHER,N/A,R,WI,N/A,G000579,115
2356,Liz,CHENEY,N/A,R,WY,N/A,C001109,115
2356,Liz,CHENEY,N/A,R,WY,N/A,C001109,115
2356,Liz,CHENEY,N/A,R,WY,N/A,C001109,115
2354,Pramila,JAYAPAL,N/A,D,WA,N/A,J000298,115
1801,Louie,GOHMERT,REPRESENTATIVE,R,TX,1,G000552,115
2153,Joyce,BEATTY,REPRESENTATIVE,D,OH,3,B001281,115
1694,Lisa,MURKOWSKI,SENATOR,R,AK,N/A,M001153,115
172,Maria,CANTWELL,SENATOR,D,WA,N/A,C000127,115
1881,John,BARRASSO,SENATOR,R,WY,N/A,B001261,115
1881,John,BARRASSO,SENATOR,R,WY,N/A,B001261,115
1881,John,BARRASSO,SENATOR,R,WY,N/A,B001261,115
1998,Cory,GARDNER,N/A,R,CO,N/A,G000562,115
1409,Patty,MURRAY,SENATOR,D,WA,N/A,M001111,115
1692,John,CORNYN,SENATOR,R,TX,N/A,C001056,115
1692,John,CORNYN,SENATOR,R,TX,N/A,C001056,115
2079,John,HOEVEN,SENATOR,R,ND,N/A,H001061,115
2079,John,HOEVEN,SENATOR,R,ND,N/A,H001061,115
2138,Steve,DAINES,SENATOR,R,MT,N/A,D000618,115
2289,Ben,SASSE,SENATOR,R,NE,N/A,S001197,115
1409,Patty,MURRAY,SENATOR,D,WA,N/A,M001111,115
1828,Robert,CASEY,SENATOR,D,PA,N/A,C001070,115
1828,Robert,CASEY,SENATOR,D,PA,N/A,C001070,115
1823,Sheldon,WHITEHOUSE,SENATOR,D,RI,N/A,W000802,115
1823,Sheldon,WHITEHOUSE,SENATOR,D,RI,N/A,W000802,115
1823,Sheldon,WHITEHOUSE,SENATOR,D,RI,N/A,W000802,115
136,Sherrod,BROWN,REPRESENTATIVE,D,OH,26,B000944,115
2080,Mike,LEE,REPRESENTATIVE,R,UT,13,L000577,115
1526,Brad,SHERMAN,REPRESENTATIVE,D,CA,30,S000344,115
1332,Dianne,FEINSTEIN,SENATOR,D,CA,N/A,F000062,115
1541,Susan,COLLINS,REPRESENTATIVE,R,ME,9,C001035,115
2008,Rob,WOODALL,REPRESENTATIVE,R,GA,7,W000810,115
1668,James,LANGEVIN,REPRESENTATIVE,D,RI,2,L000559,115
2067,Blake,FARENTHOLD,REPRESENTATIVE,R,TX,27,F000460,115
2080,Mike,LEE,REPRESENTATIVE,R,UT,13,L000577,115
1955,Pete,OLSON,REPRESENTATIVE,R,TX,22,O000168,115
2097,Donald,PAYNE,REPRESENTATIVE,D,NJ,10,P000604,115
2170,Denny,HECK,REPRESENTATIVE,D,WA,3,H001064,115
616,Marcy,KAPTUR,REPRESENTATIVE,D,OH,8,K000009,115
949,Jack,REED,REPRESENTATIVE,D,RI,23,R000122,115
1383,Patrick,LEAHY,SENATOR,D,VT,N/A,L000174,115
1332,Dianne,FEINSTEIN,SENATOR,D,CA,N/A,F000062,115
1332,Dianne,FEINSTEIN,SENATOR,D,CA,N/A,F000062,115
1332,Dianne,FEINSTEIN,SENATOR,D,CA,N/A,F000062,115
1332,Dianne,FEINSTEIN,SENATOR,D,CA,N/A,F000062,115
1332,Dianne,FEINSTEIN,SENATOR,D,CA,N/A,F000062,115
1332,Dianne,FEINSTEIN,SENATOR,D,CA,N/A,F000062,115
1332,Dianne,FEINSTEIN,SENATOR,D,CA,N/A,F000062,115
1332,Dianne,FEINSTEIN,SENATOR,D,CA,N/A,F000062,115
2080,Mike,LEE,REPRESENTATIVE,R,UT,13,L000577,115
2328,Roger,MARSHALL,N/A,R,KS,N/A,M001198,115
2166,Marc,VEASEY,REPRESENTATIVE,D,TX,33,V000131,115
1973,John,GARAMENDI,REPRESENTATIVE,D,CA,3,G000559,115
1973,John,GARAMENDI,REPRESENTATIVE,D,CA,3,G000559,115
1973,John,GARAMENDI,REPRESENTATIVE,D,CA,3,G000559,115
1973,John,GARAMENDI,REPRESENTATIVE,D,CA,3,G000559,115
1973,John,GARAMENDI,REPRESENTATIVE,D,CA,3,G000559,115
1973,John,GARAMENDI,REPRESENTATIVE,D,CA,3,G000559,115
1973,John,GARAMENDI,REPRESENTATIVE,D,CA,3,G000559,115
1973,John,GARAMENDI,REPRESENTATIVE,D,CA,3,G000559,115
1973,John,GARAMENDI,REPRESENTATIVE,D,CA,3,G000559,115
1973,John,GARAMENDI,REPRESENTATIVE,D,CA,3,G000559,115
2080,Mike,LEE,REPRESENTATIVE,R,UT,13,L000577,115
2127,Cheri,BUSTOS,REPRESENTATIVE,D,IL,17,B001286,115
1878,Steve,COHEN,REPRESENTATIVE,D,TN,9,C001068,115
2309,Jimmy,PANETTA,N/A,D,CA,N/A,P000613,115
2338,Josh,GOTTHEIMER,N/A,D,NJ,N/A,G000583,115
1801,Louie,GOHMERT,REPRESENTATIVE,R,TX,1,G000552,115
2080,Mike,LEE,REPRESENTATIVE,R,UT,13,L000577,115
2080,Mike,LEE,REPRESENTATIVE,R,UT,13,L000577,115
1890,Jackie,SPEIER,REPRESENTATIVE,D,CA,14,S001175,115
2079,John,HOEVEN,SENATOR,R,ND,N/A,H001061,115
566,Steny,HOYER,REPRESENTATIVE,D,MD,5,H000874,115
566,Steny,HOYER,REPRESENTATIVE,D,MD,5,H000874,115
2311,Nanette,BARRAGAN,N/A,D,CA,N/A,B001300,115
2080,Mike,LEE,REPRESENTATIVE,R,UT,13,L000577,115
2080,Mike,LEE,REPRESENTATIVE,R,UT,13,L000577,115
2080,Mike,LEE,REPRESENTATIVE,R,UT,13,L000577,115
2339,Jacky,ROSEN,N/A,D,NV,N/A,R000608,115
2233,Ken,BUCK,REPRESENTATIVE,R,CO,4,B001297,115
2233,Ken,BUCK,REPRESENTATIVE,R,CO,4,B001297,115
2233,Ken,BUCK,REPRESENTATIVE,R,CO,4,B001297,115
2233,Ken,BUCK,REPRESENTATIVE,R,CO,4,B001297,115
511,Alcee,HASTINGS,REPRESENTATIVE,D,FL,20,H000324,115
2233,Ken,BUCK,REPRESENTATIVE,R,CO,4,B001297,115
1525,Pete,SESSIONS,SENATOR,R,TX,N/A,S000250,115
511,Alcee,HASTINGS,REPRESENTATIVE,D,FL,20,H000324,115
2233,Ken,BUCK,REPRESENTATIVE,R,CO,4,B001297,115
1525,Pete,SESSIONS,SENATOR,R,TX,N/A,S000250,115
2233,Ken,BUCK,REPRESENTATIVE,R,CO,4,B001297,115
2233,Ken,BUCK,REPRESENTATIVE,R,CO,4,B001297,115
2233,Ken,BUCK,REPRESENTATIVE,R,CO,4,B001297,115
2233,Ken,BUCK,REPRESENTATIVE,R,CO,4,B001297,115
511,Alcee,HASTINGS,REPRESENTATIVE,D,FL,20,H000324,115
511,Alcee,HASTINGS,REPRESENTATIVE,D,FL,20,H000324,115
2233,Ken,BUCK,REPRESENTATIVE,R,CO,4,B001297,115
2233,Ken,BUCK,REPRESENTATIVE,R,CO,4,B001297,115
511,Alcee,HASTINGS,REPRESENTATIVE,D,FL,20,H000324,115
2141,Robert,PITTENGER,REPRESENTATIVE,R,NC,9,P000606,115
511,Alcee,HASTINGS,REPRESENTATIVE,D,FL,20,H000324,115
2239,Rick,ALLEN,REPRESENTATIVE,R,GA,12,A000372,115
2341,Thomas,SUOZZI,N/A,D,NY,N/A,S001201,115
1501,Barbara,LEE,REPRESENTATIVE,D,CA,13,L000551,115
172,Maria,CANTWELL,SENATOR,D,WA,N/A,C000127,115
2322,Brian,MAST,N/A,R,FL,N/A,M001199,115
326,Richard,DURBIN,SENATOR,D,IL,N/A,D000563,115
1036,Charles,SCHUMER,SENATOR,D,NY,N/A,S000148,115
1036,Charles,SCHUMER,SENATOR,D,NY,N/A,S000148,115
1036,Charles,SCHUMER,SENATOR,D,NY,N/A,S000148,115
1982,Tom,REED,REPRESENTATIVE,R,NY,23,R000585,115
566,Steny,HOYER,REPRESENTATIVE,D,MD,5,H000874,115
566,Steny,HOYER,REPRESENTATIVE,D,MD,5,H000874,115
566,Steny,HOYER,REPRESENTATIVE,D,MD,5,H000874,115
1878,Steve,COHEN,REPRESENTATIVE,D,TN,9,C001068,115
612,Walter,JONES,REPRESENTATIVE,R,NC,3,J000255,115
2138,Steve,DAINES,SENATOR,R,MT,N/A,D000618,115
1351,Orrin,HATCH,SENATOR,R,UT,N/A,H000338,115
1351,Orrin,HATCH,SENATOR,R,UT,N/A,H000338,115
1826,Amy,KLOBUCHAR,SENATOR,D,MN,N/A,K000367,115
1351,Orrin,HATCH,SENATOR,R,UT,N/A,H000338,115
1826,Amy,KLOBUCHAR,SENATOR,D,MN,N/A,K000367,115
1351,Orrin,HATCH,SENATOR,R,UT,N/A,H000338,115
1531,Debbie,STABENOW,SENATOR,D,MI,N/A,S000770,115
1534,John,THUNE,SENATOR,R,SD,N/A,T000250,115
1965,Michael,BENNET,SENATOR,D,CO,N/A,B001267,115
2173,Brian,SCHATZ,SENATOR,D,HI,N/A,S001194,115
1837,Christopher,MURPHY,SENATOR,D,CT,N/A,M001169,115
1837,Christopher,MURPHY,SENATOR,D,CT,N/A,M001169,115
1694,Lisa,MURKOWSKI,SENATOR,R,AK,N/A,M001153,115
1694,Lisa,MURKOWSKI,SENATOR,R,AK,N/A,M001153,115
1694,Lisa,MURKOWSKI,SENATOR,R,AK,N/A,M001153,115
1694,Lisa,MURKOWSKI,SENATOR,R,AK,N/A,M001153,115
172,Maria,CANTWELL,SENATOR,D,WA,N/A,C000127,115
172,Maria,CANTWELL,SENATOR,D,WA,N/A,C000127,115
172,Maria,CANTWELL,SENATOR,D,WA,N/A,C000127,115
172,Maria,CANTWELL,SENATOR,D,WA,N/A,C000127,115
1226,Roger,WICKER,SENATOR,R,MS,N/A,W000437,115
1692,John,CORNYN,SENATOR,R,TX,N/A,C001056,115
