speaker_id,first_name,last_name,type,party,state,district,bio_guide_id,congress_id
1548,Jeff,SESSIONS,SENATOR,R,AL,N/A,S001141,114
2149,Hakeem,JEFFRIES,REPRESENTATIVE,D,NY,8,J000294,115
1850,Joe,DONNELLY,SENATOR,D,IN,N/A,D000607,115
791,Robert,MENENDEZ,SENATOR,D,NJ,N/A,M000639,115
2342,Adriano,ESPAILLAT,N/A,D,NY,N/A,E000297,115
2179,Deb,FISCHER,SENATOR,R,NE,N/A,F000463,115
2179,Deb,FISCHER,SENATOR,R,NE,N/A,F000463,115
1825,Bob,CORKER,SENATOR,R,TN,N/A,C001071,115
2124,Bradley,SCHNEIDER,N/A,D,IL,N/A,S001190,115
1942,Paul,TONKO,REPRESENTATIVE,D,NY,20,T000469,115
2311,Nanette,BARRAGAN,N/A,D,CA,N/A,B001300,115
2344,Claudia,TENNEY,N/A,R,NY,N/A,T000478,115
1836,Joe,COURTNEY,REPRESENTATIVE,D,CT,2,C001069,115
1695,Lamar,ALEXANDER,SENATOR,R,TN,N/A,A000360,115
2122,Tulsi,GABBARD,REPRESENTATIVE,D,HI,2,G000571,115
2340,Ruben,KIHUEN,N/A,D,NV,N/A,K000390,115
2179,Deb,FISCHER,SENATOR,R,NE,N/A,F000463,115
2332,Jamie,RASKIN,N/A,D,MD,N/A,R000606,115
1801,Louie,GOHMERT,REPRESENTATIVE,R,TX,1,G000552,115
2015,Randy,HULTGREN,REPRESENTATIVE,R,IL,14,H001059,115
1748,Marsha,BLACKBURN,REPRESENTATIVE,R,TN,7,B001243,115
2110,Mark,TAKANO,REPRESENTATIVE,D,CA,41,T000472,115
2110,Mark,TAKANO,REPRESENTATIVE,D,CA,41,T000472,115
2169,Derek,KILMER,REPRESENTATIVE,D,WA,6,K000381,115
2110,Mark,TAKANO,REPRESENTATIVE,D,CA,41,T000472,115
2110,Mark,TAKANO,REPRESENTATIVE,D,CA,41,T000472,115
2110,Mark,TAKANO,REPRESENTATIVE,D,CA,41,T000472,115
2159,Matt,CARTWRIGHT,REPRESENTATIVE,D,PA,17,C001090,115
2110,Mark,TAKANO,REPRESENTATIVE,D,CA,41,T000472,115
1807,Henry,CUELLAR,REPRESENTATIVE,D,TX,28,C001063,115
2274,Stacey,PLASKETT,DELEGATE,D,VI,N/A,P000610,115
2015,Randy,HULTGREN,REPRESENTATIVE,R,IL,14,H001059,115
2015,Randy,HULTGREN,REPRESENTATIVE,R,IL,14,H001059,115
2350,Jodey,ARRINGTON,N/A,R,TX,N/A,A000375,115
2110,Mark,TAKANO,REPRESENTATIVE,D,CA,41,T000472,115
2110,Mark,TAKANO,REPRESENTATIVE,D,CA,41,T000472,115
1954,David,ROE,REPRESENTATIVE,R,TN,1,R000582,115
2110,Mark,TAKANO,REPRESENTATIVE,D,CA,41,T000472,115
2110,Mark,TAKANO,REPRESENTATIVE,D,CA,41,T000472,115
2130,Luke,MESSER,REPRESENTATIVE,R,IN,6,M001189,115
2274,Stacey,PLASKETT,DELEGATE,D,VI,N/A,P000610,115
2274,Stacey,PLASKETT,DELEGATE,D,VI,N/A,P000610,115
2271,Mia,LOVE,REPRESENTATIVE,R,UT,4,L000584,115
2274,Stacey,PLASKETT,DELEGATE,D,VI,N/A,P000610,115
2023,Cedric,RICHMOND,REPRESENTATIVE,D,LA,2,R000588,115
2274,Stacey,PLASKETT,DELEGATE,D,VI,N/A,P000610,115
1501,Barbara,LEE,REPRESENTATIVE,D,CA,13,L000551,115
2274,Stacey,PLASKETT,DELEGATE,D,VI,N/A,P000610,115
2274,Stacey,PLASKETT,DELEGATE,D,VI,N/A,P000610,115
2097,Donald,PAYNE,REPRESENTATIVE,D,NJ,10,P000604,115
2274,Stacey,PLASKETT,DELEGATE,D,VI,N/A,P000610,115
2274,Stacey,PLASKETT,DELEGATE,D,VI,N/A,P000610,115
2320,Val,DEMINGS,N/A,D,FL,N/A,D000627,115
2274,Stacey,PLASKETT,DELEGATE,D,VI,N/A,P000610,115
2315,Neal,DUNN,N/A,R,FL,N/A,D000628,115
1801,Louie,GOHMERT,REPRESENTATIVE,R,TX,1,G000552,115
868,Eleanor,NORTON,DELEGATE,D,DC,N/A,N000147,115
1596,Greg,WALDEN,REPRESENTATIVE,R,OR,2,W000791,115
1596,Greg,WALDEN,REPRESENTATIVE,R,OR,2,W000791,115
887,Frank,PALLONE,REPRESENTATIVE,D,NJ,6,P000034,115
1596,Greg,WALDEN,REPRESENTATIVE,R,OR,2,W000791,115
1751,Michael,BURGESS,REPRESENTATIVE,R,TX,26,B001248,115
887,Frank,PALLONE,REPRESENTATIVE,D,NJ,6,P000034,115
355,Anna,ESHOO,REPRESENTATIVE,D,CA,18,E000215,115
887,Frank,PALLONE,REPRESENTATIVE,D,NJ,6,P000034,115
355,Anna,ESHOO,REPRESENTATIVE,D,CA,18,E000215,115
1596,Greg,WALDEN,REPRESENTATIVE,R,OR,2,W000791,115
887,Frank,PALLONE,REPRESENTATIVE,D,NJ,6,P000034,115
1596,Greg,WALDEN,REPRESENTATIVE,R,OR,2,W000791,115
1936,Leonard,LANCE,REPRESENTATIVE,R,NJ,7,L000567,115
887,Frank,PALLONE,REPRESENTATIVE,D,NJ,6,P000034,115
344,Eliot,ENGEL,REPRESENTATIVE,D,NY,16,E000179,115
1596,Greg,WALDEN,REPRESENTATIVE,R,OR,2,W000791,115
1955,Pete,OLSON,REPRESENTATIVE,R,TX,22,O000168,115
887,Frank,PALLONE,REPRESENTATIVE,D,NJ,6,P000034,115
1596,Greg,WALDEN,REPRESENTATIVE,R,OR,2,W000791,115
1838,Gus,BILIRAKIS,REPRESENTATIVE,R,FL,12,B001257,115
887,Frank,PALLONE,REPRESENTATIVE,D,NJ,6,P000034,115
1588,Janice,SCHAKOWSKY,REPRESENTATIVE,D,IL,9,S001145,115
1596,Greg,WALDEN,REPRESENTATIVE,R,OR,2,W000791,115
1774,Jim,COSTA,REPRESENTATIVE,D,CA,16,C001059,115
887,Frank,PALLONE,REPRESENTATIVE,D,NJ,6,P000034,115
1596,Greg,WALDEN,REPRESENTATIVE,R,OR,2,W000791,115
2018,Larry,BUCSHON,REPRESENTATIVE,R,IN,8,B001275,115
887,Frank,PALLONE,REPRESENTATIVE,D,NJ,6,P000034,115
1879,Peter,WELCH,REPRESENTATIVE,D,VT,0,W000800,115
887,Frank,PALLONE,REPRESENTATIVE,D,NJ,6,P000034,115
1879,Peter,WELCH,REPRESENTATIVE,D,VT,0,W000800,115
1596,Greg,WALDEN,REPRESENTATIVE,R,OR,2,W000791,115
887,Frank,PALLONE,REPRESENTATIVE,D,NJ,6,P000034,115
1596,Greg,WALDEN,REPRESENTATIVE,R,OR,2,W000791,115
62,Joe,BARTON,REPRESENTATIVE,R,TX,6,B000213,115
887,Frank,PALLONE,REPRESENTATIVE,D,NJ,6,P000034,115
1596,Greg,WALDEN,REPRESENTATIVE,R,OR,2,W000791,115
1855,Tim,WALBERG,REPRESENTATIVE,R,MI,7,W000798,115
887,Frank,PALLONE,REPRESENTATIVE,D,NJ,6,P000034,115
1814,Doris,MATSUI,REPRESENTATIVE,D,CA,6,M001163,115
1596,Greg,WALDEN,REPRESENTATIVE,R,OR,2,W000791,115
887,Frank,PALLONE,REPRESENTATIVE,D,NJ,6,P000034,115
1596,Greg,WALDEN,REPRESENTATIVE,R,OR,2,W000791,115
887,Frank,PALLONE,REPRESENTATIVE,D,NJ,6,P000034,115
1184,Nydia,VELAZQUEZ,REPRESENTATIVE,D,NY,7,V000081,115
887,Frank,PALLONE,REPRESENTATIVE,D,NJ,6,P000034,115
1184,Nydia,VELAZQUEZ,REPRESENTATIVE,D,NY,7,V000081,115
1596,Greg,WALDEN,REPRESENTATIVE,R,OR,2,W000791,115
2361,Ralph,NORMAN,N/A,R,SC,N/A,N000190,115
887,Frank,PALLONE,REPRESENTATIVE,D,NJ,6,P000034,115
2172,Joseph,KENNEDY,REPRESENTATIVE,D,MA,4,K000379,115
1596,Greg,WALDEN,REPRESENTATIVE,R,OR,2,W000791,115
887,Frank,PALLONE,REPRESENTATIVE,D,NJ,6,P000034,115
2251,Debbie,DINGELL,REPRESENTATIVE,D,MI,12,D000624,115
1596,Greg,WALDEN,REPRESENTATIVE,R,OR,2,W000791,115
887,Frank,PALLONE,REPRESENTATIVE,D,NJ,6,P000034,115
303,Lloyd,DOGGETT,REPRESENTATIVE,D,TX,35,D000399,115
1596,Greg,WALDEN,REPRESENTATIVE,R,OR,2,W000791,115
887,Frank,PALLONE,REPRESENTATIVE,D,NJ,6,P000034,115
2252,Brenda,LAWRENCE,REPRESENTATIVE,D,MI,14,L000581,115
887,Frank,PALLONE,REPRESENTATIVE,D,NJ,6,P000034,115
887,Frank,PALLONE,REPRESENTATIVE,D,NJ,6,P000034,115
1596,Greg,WALDEN,REPRESENTATIVE,R,OR,2,W000791,115
208,James,CLYBURN,REPRESENTATIVE,D,SC,6,C000537,115
208,James,CLYBURN,REPRESENTATIVE,D,SC,6,C000537,115
1596,Greg,WALDEN,REPRESENTATIVE,R,OR,2,W000791,115
208,James,CLYBURN,REPRESENTATIVE,D,SC,6,C000537,115
1596,Greg,WALDEN,REPRESENTATIVE,R,OR,2,W000791,115
1596,Greg,WALDEN,REPRESENTATIVE,R,OR,2,W000791,115
1596,Greg,WALDEN,REPRESENTATIVE,R,OR,2,W000791,115
208,James,CLYBURN,REPRESENTATIVE,D,SC,6,C000537,115
887,Frank,PALLONE,REPRESENTATIVE,D,NJ,6,P000034,115
2113,Scott,PETERS,REPRESENTATIVE,D,CA,52,P000608,115
1890,Jackie,SPEIER,REPRESENTATIVE,D,CA,14,S001175,115
2063,Diane,BLACK,REPRESENTATIVE,R,TN,6,B001273,115
2110,Mark,TAKANO,REPRESENTATIVE,D,CA,41,T000472,115
2247,Bruce,POLIQUIN,REPRESENTATIVE,R,ME,2,P000611,115
2110,Mark,TAKANO,REPRESENTATIVE,D,CA,41,T000472,115
457,Chuck,GRASSLEY,SENATOR,R,IA,N/A,G000386,115
2320,Val,DEMINGS,N/A,D,FL,N/A,D000627,115
2032,Vicky,HARTZLER,REPRESENTATIVE,R,MO,4,H001053,115
2179,Deb,FISCHER,SENATOR,R,NE,N/A,F000463,115
2097,Donald,PAYNE,REPRESENTATIVE,D,NJ,10,P000604,115
2179,Deb,FISCHER,SENATOR,R,NE,N/A,F000463,115
1998,Cory,GARDNER,N/A,R,CO,N/A,G000562,115
2353,Thomas,GARRETT,REPRESENTATIVE,R,VA,5,G000580,115
566,Steny,HOYER,REPRESENTATIVE,D,MD,5,H000874,115
566,Steny,HOYER,REPRESENTATIVE,D,MD,5,H000874,115
566,Steny,HOYER,REPRESENTATIVE,D,MD,5,H000874,115
566,Steny,HOYER,REPRESENTATIVE,D,MD,5,H000874,115
566,Steny,HOYER,REPRESENTATIVE,D,MD,5,H000874,115
566,Steny,HOYER,REPRESENTATIVE,D,MD,5,H000874,115
566,Steny,HOYER,REPRESENTATIVE,D,MD,5,H000874,115
2344,Claudia,TENNEY,N/A,R,NY,N/A,T000478,115
99,Earl,BLUMENAUER,REPRESENTATIVE,D,OR,3,B000574,115
616,Marcy,KAPTUR,REPRESENTATIVE,D,OH,8,K000009,115
1969,Al,FRANKEN,SENATOR,D,MN,N/A,F000457,115
1881,John,BARRASSO,SENATOR,R,WY,N/A,B001261,115
355,Anna,ESHOO,REPRESENTATIVE,D,CA,18,E000215,115
2239,Rick,ALLEN,REPRESENTATIVE,R,GA,12,A000372,115
2298,Dwight,EVANS,N/A,D,PA,N/A,E000296,115
1464,Roy,BLUNT,SENATOR,R,MO,N/A,B000575,115
