speaker_id,first_name,last_name,type,party,state,district,bio_guide_id,congress_id
1501,Barbara,LEE,REPRESENTATIVE,D,CA,13,L000551,115
136,Sherrod,BROWN,REPRESENTATIVE,D,OH,26,B000944,115
1003,Bobby,RUSH,REPRESENTATIVE,D,IL,1,R000515,115
153,Richard,BURR,SENATOR,R,NC,N/A,B001135,115
1998,Cory,GARDNER,N/A,R,CO,N/A,G000562,115
2252,Brenda,LAWRENCE,REPRESENTATIVE,D,MI,14,L000581,115
2311,Nanette,BARRAGAN,N/A,D,CA,N/A,B001300,115
2311,Nanette,BARRAGAN,N/A,D,CA,N/A,B001300,115
172,Maria,CANTWELL,SENATOR,D,WA,N/A,C000127,115
1541,Susan,COLLINS,REPRESENTATIVE,R,ME,9,C001035,115
1383,Patrick,LEAHY,SENATOR,D,VT,N/A,L000174,115
2138,Steve,DAINES,SENATOR,R,MT,N/A,D000618,115
2138,Steve,DAINES,SENATOR,R,MT,N/A,D000618,115
1998,Cory,GARDNER,N/A,R,CO,N/A,G000562,115
2311,Nanette,BARRAGAN,N/A,D,CA,N/A,B001300,115
452,Lindsey,GRAHAM,REPRESENTATIVE,R,SC,2,G000359,115
2082,Rand,PAUL,REPRESENTATIVE,R,KY,4,P000603,115
1825,Bob,CORKER,SENATOR,R,TN,N/A,C001071,115
2082,Rand,PAUL,REPRESENTATIVE,R,KY,4,P000603,115
1823,Sheldon,WHITEHOUSE,SENATOR,D,RI,N/A,W000802,115
2233,Ken,BUCK,REPRESENTATIVE,R,CO,4,B001297,115
2233,Ken,BUCK,REPRESENTATIVE,R,CO,4,B001297,115
2233,Ken,BUCK,REPRESENTATIVE,R,CO,4,B001297,115
2233,Ken,BUCK,REPRESENTATIVE,R,CO,4,B001297,115
511,Alcee,HASTINGS,REPRESENTATIVE,D,FL,20,H000324,115
511,Alcee,HASTINGS,REPRESENTATIVE,D,FL,20,H000324,115
2233,Ken,BUCK,REPRESENTATIVE,R,CO,4,B001297,115
511,Alcee,HASTINGS,REPRESENTATIVE,D,FL,20,H000324,115
2332,Jamie,RASKIN,N/A,D,MD,N/A,R000606,115
2233,Ken,BUCK,REPRESENTATIVE,R,CO,4,B001297,115
511,Alcee,HASTINGS,REPRESENTATIVE,D,FL,20,H000324,115
511,Alcee,HASTINGS,REPRESENTATIVE,D,FL,20,H000324,115
2233,Ken,BUCK,REPRESENTATIVE,R,CO,4,B001297,115
2233,Ken,BUCK,REPRESENTATIVE,R,CO,4,B001297,115
511,Alcee,HASTINGS,REPRESENTATIVE,D,FL,20,H000324,115
511,Alcee,HASTINGS,REPRESENTATIVE,D,FL,20,H000324,115
2028,Bill,HUIZENGA,REPRESENTATIVE,R,MI,2,H001058,115
2028,Bill,HUIZENGA,REPRESENTATIVE,R,MI,2,H001058,115
1602,Grace,NAPOLITANO,REPRESENTATIVE,D,CA,32,N000179,115
2233,Ken,BUCK,REPRESENTATIVE,R,CO,4,B001297,115
2344,Claudia,TENNEY,N/A,R,NY,N/A,T000478,115
1998,Cory,GARDNER,N/A,R,CO,N/A,G000562,115
1998,Cory,GARDNER,N/A,R,CO,N/A,G000562,115
2303,John,KENNEDY,REPRESENTATIVE,R,LA,4,K000393,115
1998,Cory,GARDNER,N/A,R,CO,N/A,G000562,115
2346,Lloyd,SMUCKER,N/A,R,PA,N/A,S001199,115
1036,Charles,SCHUMER,SENATOR,D,NY,N/A,S000148,115
136,Sherrod,BROWN,REPRESENTATIVE,D,OH,26,B000944,115
1036,Charles,SCHUMER,SENATOR,D,NY,N/A,S000148,115
1856,Timothy,WALZ,REPRESENTATIVE,D,MN,1,W000799,115
1856,Timothy,WALZ,REPRESENTATIVE,D,MN,1,W000799,115
2110,Mark,TAKANO,REPRESENTATIVE,D,CA,41,T000472,115
1838,Gus,BILIRAKIS,REPRESENTATIVE,R,FL,12,B001257,115
1856,Timothy,WALZ,REPRESENTATIVE,D,MN,1,W000799,115
1912,Mike,COFFMAN,REPRESENTATIVE,R,CO,6,C001077,115
1856,Timothy,WALZ,REPRESENTATIVE,D,MN,1,W000799,115
2113,Scott,PETERS,REPRESENTATIVE,D,CA,52,P000608,115
2247,Bruce,POLIQUIN,REPRESENTATIVE,R,ME,2,P000611,115
1856,Timothy,WALZ,REPRESENTATIVE,D,MN,1,W000799,115
1856,Timothy,WALZ,REPRESENTATIVE,D,MN,1,W000799,115
2315,Neal,DUNN,N/A,R,FL,N/A,D000628,115
1856,Timothy,WALZ,REPRESENTATIVE,D,MN,1,W000799,115
2350,Jodey,ARRINGTON,N/A,R,TX,N/A,A000375,115
1856,Timothy,WALZ,REPRESENTATIVE,D,MN,1,W000799,115
2316,John,RUTHERFORD,N/A,R,FL,N/A,R000609,115
1856,Timothy,WALZ,REPRESENTATIVE,D,MN,1,W000799,115
2333,Jack,BERGMAN,N/A,R,MI,N/A,B001301,115
2130,Luke,MESSER,REPRESENTATIVE,R,IN,6,M001189,115
2322,Brian,MAST,N/A,R,FL,N/A,M001199,115
1856,Timothy,WALZ,REPRESENTATIVE,D,MN,1,W000799,115
2345,Brian,FITZPATRICK,REPRESENTATIVE,R,PA,8,F000466,115
1856,Timothy,WALZ,REPRESENTATIVE,D,MN,1,W000799,115
1959,Gerald,CONNOLLY,REPRESENTATIVE,D,VA,11,C001078,115
2255,Mark,WALKER,REPRESENTATIVE,R,NC,6,W000819,115
1749,Jeb,HENSARLING,REPRESENTATIVE,R,TX,5,H001036,115
2255,Mark,WALKER,REPRESENTATIVE,R,NC,6,W000819,115
2268,John,RATCLIFFE,REPRESENTATIVE,R,TX,4,R000601,115
2255,Mark,WALKER,REPRESENTATIVE,R,NC,6,W000819,115
2140,Richard,HUDSON,REPRESENTATIVE,R,NC,8,H001067,115
2255,Mark,WALKER,REPRESENTATIVE,R,NC,6,W000819,115
2152,Brad,WENSTRUP,REPRESENTATIVE,R,OH,2,W000815,115
2255,Mark,WALKER,REPRESENTATIVE,R,NC,6,W000819,115
2255,Mark,WALKER,REPRESENTATIVE,R,NC,6,W000819,115
2063,Diane,BLACK,REPRESENTATIVE,R,TN,6,B001273,115
2255,Mark,WALKER,REPRESENTATIVE,R,NC,6,W000819,115
2255,Mark,WALKER,REPRESENTATIVE,R,NC,6,W000819,115
2255,Mark,WALKER,REPRESENTATIVE,R,NC,6,W000819,115
2255,Mark,WALKER,REPRESENTATIVE,R,NC,6,W000819,115
2255,Mark,WALKER,REPRESENTATIVE,R,NC,6,W000819,115
2255,Mark,WALKER,REPRESENTATIVE,R,NC,6,W000819,115
2255,Mark,WALKER,REPRESENTATIVE,R,NC,6,W000819,115
2255,Mark,WALKER,REPRESENTATIVE,R,NC,6,W000819,115
2221,Gary,PALMER,REPRESENTATIVE,R,AL,6,P000609,115
2255,Mark,WALKER,REPRESENTATIVE,R,NC,6,W000819,115
1983,Joe,MANCHIN,SENATOR,D,WV,N/A,M001183,115
1825,Bob,CORKER,SENATOR,R,TN,N/A,C001071,115
174,Benjamin,CARDIN,SENATOR,D,MD,N/A,C000141,115
1825,Bob,KING,REPRESENTATIVE,R,TN,4,C001071,115
1825,Bob,KING,REPRESENTATIVE,R,TN,4,C001071,115
1010,Bernard,SANDERS,SENATOR,I,VT,N/A,S000033,115
1010,Bernard,SANDERS,SENATOR,I,VT,N/A,S000033,115
1823,Sheldon,WHITEHOUSE,SENATOR,D,RI,N/A,W000802,115
1823,Sheldon,WHITEHOUSE,SENATOR,D,RI,N/A,W000802,115
2050,James,LANKFORD,SENATOR,R,OK,N/A,L000575,115
1984,Christopher,COONS,SENATOR,D,DE,N/A,C001088,115
1984,Christopher,COONS,SENATOR,D,DE,N/A,C001088,115
1464,Roy,BLUNT,SENATOR,R,MO,N/A,B000575,115
1984,Christopher,COONS,SENATOR,D,DE,N/A,C001088,115
1464,Roy,BLUNT,SENATOR,R,MO,N/A,B000575,115
172,Maria,CANTWELL,SENATOR,D,WA,N/A,C000127,115
172,Maria,CANTWELL,SENATOR,D,WA,N/A,C000127,115
1541,Susan,COLLINS,REPRESENTATIVE,R,ME,9,C001035,115
1901,Jeanne,SHAHEEN,SENATOR,D,NH,N/A,S001181,115
1036,Charles,SCHUMER,SENATOR,D,NY,N/A,S000148,115
136,Sherrod,BROWN,REPRESENTATIVE,D,OH,26,B000944,115
250,Mike,CRAPO,SENATOR,R,ID,N/A,C000880,115
1036,Charles,SCHUMER,SENATOR,D,NY,N/A,S000148,115
326,Richard,DURBIN,SENATOR,D,IL,N/A,D000563,115
1825,Bob,CORKER,SENATOR,R,TN,N/A,C001071,115
1825,Bob,CORKER,SENATOR,R,TN,N/A,C001071,115
1825,Bob,CORKER,SENATOR,R,TN,N/A,C001071,115
1351,Orrin,HATCH,SENATOR,R,UT,N/A,H000338,115
1351,Orrin,HATCH,SENATOR,R,UT,N/A,H000338,115
1692,John,CORNYN,SENATOR,R,TX,N/A,C001056,115
2056,Tim,SCOTT,REPRESENTATIVE,R,SC,52,S001184,115
1247,Ron,WYDEN,SENATOR,D,OR,N/A,W000779,115
1247,Ron,WYDEN,SENATOR,D,OR,N/A,W000779,115
1464,Roy,BLUNT,SENATOR,R,MO,N/A,B000575,115
1464,Roy,BLUNT,SENATOR,R,MO,N/A,B000575,115
326,Richard,DURBIN,SENATOR,D,IL,N/A,D000563,115
1881,John,BARRASSO,SENATOR,R,WY,N/A,B001261,115
1534,John,THUNE,SENATOR,R,SD,N/A,T000250,115
1534,John,THUNE,SENATOR,R,SD,N/A,T000250,115
1925,Bill,CASSIDY,SENATOR,R,LA,N/A,C001075,115
1925,Bill,CASSIDY,SENATOR,R,LA,N/A,C001075,115
2303,John,KENNEDY,REPRESENTATIVE,R,LA,4,K000393,115
2303,John,KENNEDY,REPRESENTATIVE,R,LA,4,K000393,115
2098,Tom,COTTON,SENATOR,R,AR,N/A,C001095,115
2098,Tom,COTTON,SENATOR,R,AR,N/A,C001095,115
2290,Dan,SULLIVAN,SENATOR,R,AK,N/A,S001198,115
2290,Dan,SULLIVAN,SENATOR,R,AK,N/A,S001198,115
1998,Cory,GARDNER,N/A,R,CO,N/A,G000562,115
1998,Cory,GARDNER,N/A,R,CO,N/A,G000562,115
1998,Cory,GARDNER,N/A,R,CO,N/A,G000562,115
2307,Andy,BIGGS,N/A,R,AZ,N/A,B001302,115
1757,Linda,SANCHEZ,REPRESENTATIVE,D,CA,38,S001156,115
1757,Linda,SANCHEZ,REPRESENTATIVE,D,CA,38,S001156,115
2054,Lou,BARLETTA,REPRESENTATIVE,R,PA,11,B001269,115
2054,Lou,BARLETTA,REPRESENTATIVE,R,PA,11,B001269,115
2054,Lou,BARLETTA,REPRESENTATIVE,R,PA,11,B001269,115
1757,Linda,SANCHEZ,REPRESENTATIVE,D,CA,38,S001156,115
683,Sander,LEVIN,REPRESENTATIVE,D,MI,9,L000263,115
1757,Linda,SANCHEZ,REPRESENTATIVE,D,CA,38,S001156,115
303,Lloyd,DOGGETT,REPRESENTATIVE,D,TX,35,D000399,115
1757,Linda,SANCHEZ,REPRESENTATIVE,D,CA,38,S001156,115
303,Lloyd,DOGGETT,REPRESENTATIVE,D,TX,35,D000399,115
1838,Gus,BILIRAKIS,REPRESENTATIVE,R,FL,12,B001257,115
1757,Linda,SANCHEZ,REPRESENTATIVE,D,CA,38,S001156,115
2053,Tom,MARINO,REPRESENTATIVE,R,PA,10,M001179,115
1757,Linda,SANCHEZ,REPRESENTATIVE,D,CA,38,S001156,115
99,Earl,BLUMENAUER,REPRESENTATIVE,D,OR,3,B000574,115
1757,Linda,SANCHEZ,REPRESENTATIVE,D,CA,38,S001156,115
99,Earl,BLUMENAUER,REPRESENTATIVE,D,OR,3,B000574,115
2048,James,RENACCI,REPRESENTATIVE,R,OH,16,R000586,115
1757,Linda,SANCHEZ,REPRESENTATIVE,D,CA,38,S001156,115
1757,Linda,SANCHEZ,REPRESENTATIVE,D,CA,38,S001156,115
2270,Brian,BABIN,REPRESENTATIVE,R,TX,36,B001291,115
1757,Linda,SANCHEZ,REPRESENTATIVE,D,CA,38,S001156,115
1757,Linda,SANCHEZ,REPRESENTATIVE,D,CA,38,S001156,115
1757,Linda,SANCHEZ,REPRESENTATIVE,D,CA,38,S001156,115
1757,Linda,SANCHEZ,REPRESENTATIVE,D,CA,38,S001156,115
2351,Scott,TAYLOR,N/A,R,VA,N/A,T000477,115
1036,Charles,SCHUMER,SENATOR,D,NY,N/A,S000148,115
303,Lloyd,DOGGETT,REPRESENTATIVE,D,TX,35,D000399,115
2134,Daniel,KILDEE,REPRESENTATIVE,D,MI,5,K000380,115
1748,Marsha,BLACKBURN,REPRESENTATIVE,R,TN,7,B001243,115
1602,Grace,NAPOLITANO,REPRESENTATIVE,D,CA,32,N000179,115
905,Nancy,PELOSI,REPRESENTATIVE,D,CA,12,P000197,115
1801,Louie,GOHMERT,REPRESENTATIVE,R,TX,1,G000552,115
1801,Louie,GOHMERT,REPRESENTATIVE,R,TX,1,G000552,115
2221,Gary,PALMER,REPRESENTATIVE,R,AL,6,P000609,115
1801,Louie,GOHMERT,REPRESENTATIVE,R,TX,1,G000552,115
2082,Rand,PAUL,REPRESENTATIVE,R,KY,4,P000603,115
2082,Rand,PAUL,REPRESENTATIVE,R,KY,4,P000603,115
326,Richard,DURBIN,SENATOR,D,IL,N/A,D000563,115
1383,Patrick,LEAHY,SENATOR,D,VT,N/A,L000174,115
1692,John,CORNYN,SENATOR,R,TX,N/A,C001056,115
2019,Todd,YOUNG,REPRESENTATIVE,R,IN,0,Y000064,115
2019,Todd,YOUNG,REPRESENTATIVE,R,IN,0,Y000064,115
1010,Bernard,SANDERS,SENATOR,I,VT,N/A,S000033,115
1010,Bernard,SANDERS,SENATOR,I,VT,N/A,S000033,115
452,Lindsey,GRAHAM,REPRESENTATIVE,R,SC,2,G000359,115
452,Lindsey,GRAHAM,REPRESENTATIVE,R,SC,2,G000359,115
1837,Christopher,MURPHY,SENATOR,D,CT,N/A,M001169,115
1036,Charles,SCHUMER,SENATOR,D,NY,N/A,S000148,115
1036,Charles,SCHUMER,SENATOR,D,NY,N/A,S000148,115
949,Jack,REED,REPRESENTATIVE,D,RI,23,R000122,115
1036,Charles,SCHUMER,SENATOR,D,NY,N/A,S000148,115
1526,Brad,SHERMAN,REPRESENTATIVE,D,CA,30,S000344,115
1541,Susan,COLLINS,REPRESENTATIVE,R,ME,9,C001035,115
1541,Susan,KING,REPRESENTATIVE,R,ME,4,C001035,115
1036,Charles,SCHUMER,SENATOR,D,NY,N/A,S000148,115
1633,Jeff,FLAKE,SENATOR,R,AZ,N/A,F000444,115
136,Sherrod,BROWN,REPRESENTATIVE,D,OH,26,B000944,115
136,Sherrod,BROWN,REPRESENTATIVE,D,OH,26,B000944,115
1825,Bob,CORKER,SENATOR,R,TN,N/A,C001071,115
174,Benjamin,CARDIN,SENATOR,D,MD,N/A,C000141,115
1825,Bob,CORKER,SENATOR,R,TN,N/A,C001071,115
1826,Amy,KLOBUCHAR,SENATOR,D,MN,N/A,K000367,115
1594,Patrick,TOOMEY,SENATOR,R,PA,N/A,T000461,115
1594,Patrick,TOOMEY,SENATOR,R,PA,N/A,T000461,115
1823,Sheldon,WHITEHOUSE,SENATOR,D,RI,N/A,W000802,115
1823,Sheldon,WHITEHOUSE,SENATOR,D,RI,N/A,W000802,115
250,Mike,CRAPO,SENATOR,R,ID,N/A,C000880,115
2098,Tom,COTTON,SENATOR,R,AR,N/A,C001095,115
2098,Tom,COTTON,SENATOR,R,AR,N/A,C001095,115
2303,John,KENNEDY,REPRESENTATIVE,R,LA,4,K000393,115
2303,John,KENNEDY,REPRESENTATIVE,R,LA,4,K000393,115
1687,John,BOOZMAN,SENATOR,R,AR,N/A,B001236,115
1687,John,BOOZMAN,SENATOR,R,AR,N/A,B001236,115
1687,John,BOOZMAN,SENATOR,R,AR,N/A,B001236,115
1983,Joe,MANCHIN,SENATOR,D,WV,N/A,M001183,115
