speaker_id,first_name,last_name,type,party,state,district,bio_guide_id,congress_id
2272,Donald,BEYER,REPRESENTATIVE,D,VA,8,B001292,115
2130,Luke,MESSER,REPRESENTATIVE,R,IN,6,M001189,115
2223,J.,HILL,REPRESENTATIVE,R,AR,2,H001072,115
1525,Pete,SESSIONS,SENATOR,R,TX,N/A,S000250,115
2265,Steve,RUSSELL,REPRESENTATIVE,R,OK,5,R000604,115
1973,John,GARAMENDI,REPRESENTATIVE,D,CA,3,G000559,115
2309,Jimmy,PANETTA,N/A,D,CA,N/A,P000613,115
2353,Thomas,GARRETT,REPRESENTATIVE,R,VA,5,G000580,115
2355,Mike,GALLAGHER,N/A,R,WI,N/A,G000579,115
616,Marcy,KAPTUR,REPRESENTATIVE,D,OH,8,K000009,115
2332,Jamie,RASKIN,N/A,D,MD,N/A,R000606,115
2314,Matt,GAETZ,N/A,R,FL,N/A,G000578,115
2340,Ruben,KIHUEN,N/A,D,NV,N/A,K000390,115
1668,James,LANGEVIN,REPRESENTATIVE,D,RI,2,L000559,115
1668,James,LANGEVIN,REPRESENTATIVE,D,RI,2,L000559,115
1510,Bill,PASCRELL,REPRESENTATIVE,D,NJ,9,P000096,115
1668,James,LANGEVIN,REPRESENTATIVE,D,RI,2,L000559,115
2055,David,CICILLINE,REPRESENTATIVE,D,RI,1,C001084,115
1668,James,LANGEVIN,REPRESENTATIVE,D,RI,2,L000559,115
2201,Alma,ADAMS,REPRESENTATIVE,D,NC,12,A000370,115
1668,James,LANGEVIN,REPRESENTATIVE,D,RI,2,L000559,115
1942,Paul,TONKO,REPRESENTATIVE,D,NY,20,T000469,115
1668,James,LANGEVIN,REPRESENTATIVE,D,RI,2,L000559,115
1668,James,LANGEVIN,REPRESENTATIVE,D,RI,2,L000559,115
1888,Bill,FOSTER,REPRESENTATIVE,D,IL,11,F000454,115
1668,James,LANGEVIN,REPRESENTATIVE,D,RI,2,L000559,115
1668,James,LANGEVIN,REPRESENTATIVE,D,RI,2,L000559,115
344,Eliot,ENGEL,REPRESENTATIVE,D,NY,16,E000179,115
2248,John,MOOLENAAR,REPRESENTATIVE,R,MI,4,M001194,115
2115,Ted,YOHO,REPRESENTATIVE,R,FL,3,Y000065,115
1184,Nydia,VELAZQUEZ,REPRESENTATIVE,D,NY,7,V000081,115
2275,Dan,NEWHOUSE,REPRESENTATIVE,R,WA,4,N000189,115
229,John,CONYERS,REPRESENTATIVE,D,MI,13,C000714,115
2107,Tony,CARDENAS,REPRESENTATIVE,D,CA,29,C001097,115
1933,Gregg,HARPER,REPRESENTATIVE,R,MS,3,H001045,115
1933,Gregg,HARPER,REPRESENTATIVE,R,MS,3,H001045,115
1933,Gregg,HARPER,REPRESENTATIVE,R,MS,3,H001045,115
1774,Jim,COSTA,REPRESENTATIVE,D,CA,16,C001059,115
2337,Don,BACON,N/A,R,NE,N/A,B001298,115
2028,Bill,HUIZENGA,REPRESENTATIVE,R,MI,2,H001058,115
2028,Bill,HUIZENGA,REPRESENTATIVE,R,MI,2,H001058,115
2028,Bill,HUIZENGA,REPRESENTATIVE,R,MI,2,H001058,115
2028,Bill,HUIZENGA,REPRESENTATIVE,R,MI,2,H001058,115
1184,Nydia,VELAZQUEZ,REPRESENTATIVE,D,NY,7,V000081,115
2028,Bill,HUIZENGA,REPRESENTATIVE,R,MI,2,H001058,115
186,Steve,CHABOT,REPRESENTATIVE,R,OH,1,C000266,115
2028,Bill,HUIZENGA,REPRESENTATIVE,R,MI,2,H001058,115
2015,Randy,HULTGREN,REPRESENTATIVE,R,IL,14,H001059,115
1888,Bill,FOSTER,REPRESENTATIVE,D,IL,11,F000454,115
2028,Bill,HUIZENGA,REPRESENTATIVE,R,MI,2,H001058,115
2247,Bruce,POLIQUIN,REPRESENTATIVE,R,ME,2,P000611,115
2028,Bill,HUIZENGA,REPRESENTATIVE,R,MI,2,H001058,115
2223,J.,HILL,REPRESENTATIVE,R,AR,2,H001072,115
2028,Bill,HUIZENGA,REPRESENTATIVE,R,MI,2,H001058,115
2253,Tom,EMMER,REPRESENTATIVE,R,MN,6,E000294,115
2028,Bill,HUIZENGA,REPRESENTATIVE,R,MI,2,H001058,115
2028,Bill,HUIZENGA,REPRESENTATIVE,R,MI,2,H001058,115
2296,Warren,DAVIDSON,N/A,R,OH,N/A,D000626,115
2028,Bill,HUIZENGA,REPRESENTATIVE,R,MI,2,H001058,115
2327,Trey,HOLLINGSWORTH,N/A,R,IN,N/A,H001074,115
2028,Bill,HUIZENGA,REPRESENTATIVE,R,MI,2,H001058,115
1749,Jeb,HENSARLING,REPRESENTATIVE,R,TX,5,H001036,115
2028,Bill,HUIZENGA,REPRESENTATIVE,R,MI,2,H001058,115
2028,Bill,HUIZENGA,REPRESENTATIVE,R,MI,2,H001058,115
1069,Louise,SLAUGHTER,REPRESENTATIVE,D,NY,25,S000480,115
1525,Pete,SESSIONS,SENATOR,R,TX,N/A,S000250,115
1525,Pete,SESSIONS,SENATOR,R,TX,N/A,S000250,115
1801,Louie,GOHMERT,REPRESENTATIVE,R,TX,1,G000552,115
1791,Virginia,FOXX,REPRESENTATIVE,R,NC,5,F000450,115
1791,Virginia,FOXX,REPRESENTATIVE,R,NC,5,F000450,115
