speaker_id,first_name,last_name,type,party,state,district,bio_guide_id,congress_id
583,James,INHOFE,SENATOR,R,OK,N/A,I000024,115
583,James,INHOFE,SENATOR,R,OK,N/A,I000024,115
1692,John,CORNYN,SENATOR,R,TX,N/A,C001056,115
326,Richard,DURBIN,SENATOR,D,IL,N/A,D000563,115
1541,Susan,COLLINS,REPRESENTATIVE,R,ME,9,C001035,115
2194,Cory,BOOKER,SENATOR,D,NJ,N/A,B001288,115
2176,Tim,KAINE,SENATOR,D,VA,N/A,K000384,115
1897,Mark,WARNER,SENATOR,D,VA,N/A,W000805,115
1897,Mark,WARNER,SENATOR,D,VA,N/A,W000805,115
1897,Mark,WARNER,SENATOR,D,VA,N/A,W000805,115
1692,John,CORNYN,SENATOR,R,TX,N/A,C001056,115
326,Richard,DURBIN,SENATOR,D,IL,N/A,D000563,115
2138,Steve,DAINES,SENATOR,R,MT,N/A,D000618,115
2138,Steve,DAINES,SENATOR,R,MT,N/A,D000618,115
1507,Jerry,MORAN,SENATOR,R,KS,N/A,M000934,115
1507,Jerry,MORAN,SENATOR,R,KS,N/A,M000934,115
1507,Jerry,MORAN,SENATOR,R,KS,N/A,M000934,115
1464,Roy,BLUNT,SENATOR,R,MO,N/A,B000575,115
1464,Roy,BLUNT,SENATOR,R,MO,N/A,B000575,115
1676,Shelley,CAPITO,N/A,R,WV,N/A,C001047,115
1901,Jeanne,SHAHEEN,SENATOR,D,NH,N/A,S001181,115
1901,Jeanne,SHAHEEN,SENATOR,D,NH,N/A,S001181,115
2173,Brian,SCHATZ,SENATOR,D,HI,N/A,S001194,115
1692,John,CORNYN,SENATOR,R,TX,N/A,C001056,115
326,Richard,DURBIN,SENATOR,D,IL,N/A,D000563,115
1036,Charles,SCHUMER,SENATOR,D,NY,N/A,S000148,115
2168,Chris,STEWART,REPRESENTATIVE,R,UT,2,S001192,115
2168,Chris,STEWART,REPRESENTATIVE,R,UT,2,S001192,115
2168,Chris,STEWART,REPRESENTATIVE,R,UT,2,S001192,115
1635,Adam,SCHIFF,REPRESENTATIVE,D,CA,28,S001150,115
2168,Chris,STEWART,REPRESENTATIVE,R,UT,2,S001192,115
1805,K.,CONAWAY,REPRESENTATIVE,R,TX,11,C001062,115
1635,Adam,SCHIFF,REPRESENTATIVE,D,CA,28,S001150,115
2168,Chris,STEWART,REPRESENTATIVE,R,UT,2,S001192,115
2053,Tom,MARINO,REPRESENTATIVE,R,PA,10,M001179,115
850,Jerrold,NADLER,REPRESENTATIVE,D,NY,10,N000002,115
2053,Tom,MARINO,REPRESENTATIVE,R,PA,10,M001179,115
850,Jerrold,NADLER,REPRESENTATIVE,D,NY,10,N000002,115
701,Zoe,LOFGREN,REPRESENTATIVE,D,CA,19,L000397,115
446,Bob,GOODLATTE,REPRESENTATIVE,R,VA,6,G000289,115
446,Bob,GOODLATTE,REPRESENTATIVE,R,VA,6,G000289,115
850,Jerrold,NADLER,REPRESENTATIVE,D,NY,10,N000002,115
2055,David,CICILLINE,REPRESENTATIVE,D,RI,1,C001084,115
446,Bob,GOODLATTE,REPRESENTATIVE,R,VA,6,G000289,115
186,Steve,CHABOT,REPRESENTATIVE,R,OH,1,C000266,115
850,Jerrold,NADLER,REPRESENTATIVE,D,NY,10,N000002,115
446,Bob,GOODLATTE,REPRESENTATIVE,R,VA,6,G000289,115
1041,F.,SENSENBRENNER,REPRESENTATIVE,R,WI,5,S000244,115
850,Jerrold,NADLER,REPRESENTATIVE,D,NY,10,N000002,115
446,Bob,GOODLATTE,REPRESENTATIVE,R,VA,6,G000289,115
446,Bob,GOODLATTE,REPRESENTATIVE,R,VA,6,G000289,115
850,Jerrold,NADLER,REPRESENTATIVE,D,NY,10,N000002,115
446,Bob,GOODLATTE,REPRESENTATIVE,R,VA,6,G000289,115
850,Jerrold,NADLER,REPRESENTATIVE,D,NY,10,N000002,115
2354,Pramila,JAYAPAL,N/A,D,WA,N/A,J000298,115
446,Bob,GOODLATTE,REPRESENTATIVE,R,VA,6,G000289,115
850,Jerrold,NADLER,REPRESENTATIVE,D,NY,10,N000002,115
905,Nancy,PELOSI,REPRESENTATIVE,D,CA,12,P000197,115
850,Jerrold,NADLER,REPRESENTATIVE,D,NY,10,N000002,115
446,Bob,GOODLATTE,REPRESENTATIVE,R,VA,6,G000289,115
446,Bob,GOODLATTE,REPRESENTATIVE,R,VA,6,G000289,115
2029,Justin,AMASH,REPRESENTATIVE,R,MI,3,A000367,115
2029,Justin,AMASH,REPRESENTATIVE,R,MI,3,A000367,115
446,Bob,GOODLATTE,REPRESENTATIVE,R,VA,6,G000289,115
446,Bob,GOODLATTE,REPRESENTATIVE,R,VA,6,G000289,115
2029,Justin,AMASH,REPRESENTATIVE,R,MI,3,A000367,115
701,Zoe,LOFGREN,REPRESENTATIVE,D,CA,19,L000397,115
446,Bob,GOODLATTE,REPRESENTATIVE,R,VA,6,G000289,115
2168,Chris,STEWART,REPRESENTATIVE,R,UT,2,S001192,115
2029,Justin,AMASH,REPRESENTATIVE,R,MI,3,A000367,115
446,Bob,GOODLATTE,REPRESENTATIVE,R,VA,6,G000289,115
1635,Adam,SCHIFF,REPRESENTATIVE,D,CA,28,S001150,115
2029,Justin,AMASH,REPRESENTATIVE,R,MI,3,A000367,115
850,Jerrold,NADLER,REPRESENTATIVE,D,NY,10,N000002,115
446,Bob,GOODLATTE,REPRESENTATIVE,R,VA,6,G000289,115
1728,C.,RUPPERSBERGER,REPRESENTATIVE,D,MD,2,R000576,115
2029,Justin,AMASH,REPRESENTATIVE,R,MI,3,A000367,115
446,Bob,GOODLATTE,REPRESENTATIVE,R,VA,6,G000289,115
1774,Jim,COSTA,REPRESENTATIVE,D,CA,16,C001059,115
2029,Justin,AMASH,REPRESENTATIVE,R,MI,3,A000367,115
1041,F.,SENSENBRENNER,REPRESENTATIVE,R,WI,5,S000244,115
2029,Justin,AMASH,REPRESENTATIVE,R,MI,3,A000367,115
2029,Justin,AMASH,REPRESENTATIVE,R,MI,3,A000367,115
446,Bob,GOODLATTE,REPRESENTATIVE,R,VA,6,G000289,115
2152,Brad,WENSTRUP,REPRESENTATIVE,R,OH,2,W000815,115
2029,Justin,AMASH,REPRESENTATIVE,R,MI,3,A000367,115
2296,Warren,DAVIDSON,N/A,R,OH,N/A,D000626,115
446,Bob,GOODLATTE,REPRESENTATIVE,R,VA,6,G000289,115
2029,Justin,AMASH,REPRESENTATIVE,R,MI,3,A000367,115
99,Earl,BLUMENAUER,REPRESENTATIVE,D,OR,3,B000574,115
446,Bob,GOODLATTE,REPRESENTATIVE,R,VA,6,G000289,115
2029,Justin,AMASH,REPRESENTATIVE,R,MI,3,A000367,115
2157,Scott,PERRY,REPRESENTATIVE,R,PA,4,P000605,115
2029,Justin,AMASH,REPRESENTATIVE,R,MI,3,A000367,115
2029,Justin,AMASH,REPRESENTATIVE,R,MI,3,A000367,115
2353,Thomas,GARRETT,REPRESENTATIVE,R,VA,5,G000580,115
2029,Justin,AMASH,REPRESENTATIVE,R,MI,3,A000367,115
2029,Justin,AMASH,REPRESENTATIVE,R,MI,3,A000367,115
446,Bob,GOODLATTE,REPRESENTATIVE,R,VA,6,G000289,115
446,Bob,GOODLATTE,REPRESENTATIVE,R,VA,6,G000289,115
2029,Justin,AMASH,REPRESENTATIVE,R,MI,3,A000367,115
2029,Justin,AMASH,REPRESENTATIVE,R,MI,3,A000367,115
446,Bob,GOODLATTE,REPRESENTATIVE,R,VA,6,G000289,115
446,Bob,GOODLATTE,REPRESENTATIVE,R,VA,6,G000289,115
2029,Justin,AMASH,REPRESENTATIVE,R,MI,3,A000367,115
1913,James,HIMES,REPRESENTATIVE,D,CT,4,H001047,115
1913,James,HIMES,REPRESENTATIVE,D,CT,4,H001047,115
1913,James,HIMES,REPRESENTATIVE,D,CT,4,H001047,115
1710,Devin,NUNES,REPRESENTATIVE,R,CA,22,N000181,115
1710,Devin,NUNES,REPRESENTATIVE,R,CA,22,N000181,115
1913,James,HIMES,REPRESENTATIVE,D,CT,4,H001047,115
850,Jerrold,NADLER,REPRESENTATIVE,D,NY,10,N000002,115
326,Richard,DURBIN,SENATOR,D,IL,N/A,D000563,115
2362,Jimmy,GOMEZ,N/A,D,CA,N/A,G000585,115
174,Benjamin,CARDIN,SENATOR,D,MD,N/A,C000141,115
1351,Orrin,HATCH,SENATOR,R,UT,N/A,H000338,115
924,Rob,PORTMAN,SENATOR,R,OH,N/A,P000449,115
1351,Orrin,HATCH,SENATOR,R,UT,N/A,H000338,115
924,Rob,PORTMAN,SENATOR,R,OH,N/A,P000449,115
2286,David,PERDUE,SENATOR,R,GA,N/A,P000612,115
1844,Mazie,HIRONO,SENATOR,D,HI,N/A,H001042,115
2290,Dan,SULLIVAN,SENATOR,R,AK,N/A,S001198,115
1837,Christopher,MURPHY,SENATOR,D,CT,N/A,M001169,115
2339,Jacky,ROSEN,N/A,D,NV,N/A,R000608,115
1036,Charles,SCHUMER,SENATOR,D,NY,N/A,S000148,115
1036,Charles,SCHUMER,SENATOR,D,NY,N/A,S000148,115
1855,Tim,WALBERG,REPRESENTATIVE,R,MI,7,W000798,115
1791,Virginia,FOXX,REPRESENTATIVE,R,NC,5,F000450,115
1694,Lisa,MURKOWSKI,SENATOR,R,AK,N/A,M001153,115
1791,Virginia,FOXX,REPRESENTATIVE,R,NC,5,F000450,115
2122,Tulsi,GABBARD,REPRESENTATIVE,D,HI,2,G000571,115
1881,John,BARRASSO,SENATOR,R,WY,N/A,B001261,115
949,Jack,REED,REPRESENTATIVE,D,RI,23,R000122,115
1881,John,BARRASSO,SENATOR,R,WY,N/A,B001261,115
2138,Steve,DAINES,SENATOR,R,MT,N/A,D000618,115
2223,J.,HILL,REPRESENTATIVE,R,AR,2,H001072,115
2223,J.,HILL,REPRESENTATIVE,R,AR,2,H001072,115
2355,Mike,GALLAGHER,N/A,R,WI,N/A,G000579,115
2223,J.,HILL,REPRESENTATIVE,R,AR,2,H001072,115
2346,Lloyd,SMUCKER,N/A,R,PA,N/A,S001199,115
2336,Ted,BUDD,REPRESENTATIVE,R,NC,1,B001305,115
1692,John,CORNYN,SENATOR,R,TX,N/A,C001056,115
326,Richard,DURBIN,SENATOR,D,IL,N/A,D000563,115
2138,Steve,DAINES,SENATOR,R,MT,N/A,D000618,115
1791,Virginia,FOXX,REPRESENTATIVE,R,NC,5,F000450,115
2344,Claudia,TENNEY,N/A,R,NY,N/A,T000478,115
859,Bill,NELSON,SENATOR,D,FL,N/A,N000032,115
1710,Devin,NUNES,REPRESENTATIVE,R,CA,22,N000181,115
1541,Susan,COLLINS,REPRESENTATIVE,R,ME,9,C001035,115
2256,David,ROUZER,REPRESENTATIVE,R,NC,7,R000603,115
2345,Brian,FITZPATRICK,REPRESENTATIVE,R,PA,8,F000466,115
1694,Lisa,MURKOWSKI,SENATOR,R,AK,N/A,M001153,115
2035,Steven,PALAZZO,REPRESENTATIVE,R,MS,4,P000601,115
174,Benjamin,CARDIN,SENATOR,D,MD,N/A,C000141,115
924,Rob,PORTMAN,SENATOR,R,OH,N/A,P000449,115
1694,Lisa,MURKOWSKI,SENATOR,R,AK,N/A,M001153,115
1950,Kurt,SCHRADER,REPRESENTATIVE,D,OR,5,S001180,115
2239,Rick,ALLEN,REPRESENTATIVE,R,GA,12,A000372,115
2309,Jimmy,PANETTA,N/A,D,CA,N/A,P000613,115
2050,James,LANKFORD,SENATOR,R,OK,N/A,L000575,115
2182,Elizabeth,WARREN,SENATOR,D,MA,N/A,W000817,115
2182,Elizabeth,WARREN,SENATOR,D,MA,N/A,W000817,115
1694,Lisa,MURKOWSKI,SENATOR,R,AK,N/A,M001153,115
1694,Lisa,MURKOWSKI,SENATOR,R,AK,N/A,M001153,115
1694,Lisa,MURKOWSKI,SENATOR,R,AK,N/A,M001153,115
566,Steny,HOYER,REPRESENTATIVE,D,MD,5,H000874,115
566,Steny,HOYER,REPRESENTATIVE,D,MD,5,H000874,115
566,Steny,HOYER,REPRESENTATIVE,D,MD,5,H000874,115
566,Steny,HOYER,REPRESENTATIVE,D,MD,5,H000874,115
566,Steny,HOYER,REPRESENTATIVE,D,MD,5,H000874,115
1694,Lisa,MURKOWSKI,SENATOR,R,AK,N/A,M001153,115
1694,Lisa,MURKOWSKI,SENATOR,R,AK,N/A,M001153,115
