speaker_id,first_name,last_name,type,party,state,district,bio_guide_id,congress_id
2086,Ron,JOHNSON,REPRESENTATIVE,R,WI,4,J000293,115
174,Benjamin,CARDIN,SENATOR,D,MD,N/A,C000141,115
1351,Orrin,HATCH,SENATOR,R,UT,N/A,H000338,115
1351,Orrin,HATCH,SENATOR,R,UT,N/A,H000338,115
1351,Orrin,HATCH,SENATOR,R,UT,N/A,H000338,115
326,Richard,DURBIN,SENATOR,D,IL,N/A,D000563,115
326,Richard,DURBIN,SENATOR,D,IL,N/A,D000563,115
1226,Roger,WICKER,SENATOR,R,MS,N/A,W000437,115
1226,Roger,WICKER,SENATOR,R,MS,N/A,W000437,115
2290,Dan,SULLIVAN,SENATOR,R,AK,N/A,S001198,115
2290,Dan,SULLIVAN,SENATOR,R,AK,N/A,S001198,115
213,Thad,COCHRAN,SENATOR,R,MS,N/A,C000567,115
1383,Patrick,LEAHY,SENATOR,D,VT,N/A,L000174,115
2138,Steve,DAINES,SENATOR,R,MT,N/A,D000618,115
1896,James,RISCH,SENATOR,R,ID,N/A,R000584,115
1351,Orrin,HATCH,SENATOR,R,UT,N/A,H000338,115
2056,Tim,SCOTT,REPRESENTATIVE,R,SC,52,S001184,115
2138,Steve,DAINES,SENATOR,R,MT,N/A,D000618,115
1692,John,CORNYN,SENATOR,R,TX,N/A,C001056,115
326,Richard,DURBIN,SENATOR,D,IL,N/A,D000563,115
1558,Tammy,BALDWIN,SENATOR,D,WI,N/A,B001230,115
2175,Ted,CRUZ,SENATOR,R,TX,N/A,C001098,115
1692,John,CORNYN,SENATOR,R,TX,N/A,C001056,115
2222,Aumua,RADEWAGEN,DELEGATE,R,AS,N/A,R000600,115
2222,Aumua,RADEWAGEN,DELEGATE,R,AS,N/A,R000600,115
2222,Aumua,RADEWAGEN,DELEGATE,R,AS,N/A,R000600,115
1856,Timothy,WALZ,REPRESENTATIVE,D,MN,1,W000799,115
2222,Aumua,RADEWAGEN,DELEGATE,R,AS,N/A,R000600,115
1856,Timothy,WALZ,REPRESENTATIVE,D,MN,1,W000799,115
1962,Gregorio,SABLAN,DELEGATE,D,MP,N/A,S001177,115
2222,Aumua,RADEWAGEN,DELEGATE,R,AS,N/A,R000600,115
1856,Timothy,WALZ,REPRESENTATIVE,D,MN,1,W000799,115
2222,Aumua,RADEWAGEN,DELEGATE,R,AS,N/A,R000600,115
1723,Madeleine,BORDALLO,DELEGATE,D,GU,N/A,B001245,115
1723,Madeleine,BORDALLO,DELEGATE,D,GU,N/A,B001245,115
1856,Timothy,WALZ,REPRESENTATIVE,D,MN,1,W000799,115
250,Mike,CRAPO,SENATOR,R,ID,N/A,C000880,115
1383,Patrick,LEAHY,SENATOR,D,VT,N/A,L000174,115
250,Mike,CRAPO,SENATOR,R,ID,N/A,C000880,115
250,Mike,CRAPO,SENATOR,R,ID,N/A,C000880,115
250,Mike,CRAPO,SENATOR,R,ID,N/A,C000880,115
250,Mike,CRAPO,SENATOR,R,ID,N/A,C000880,115
1692,John,CORNYN,SENATOR,R,TX,N/A,C001056,115
1036,Charles,SCHUMER,SENATOR,D,NY,N/A,S000148,115
355,Anna,ESHOO,REPRESENTATIVE,D,CA,18,E000215,114
355,Anna,ESHOO,REPRESENTATIVE,D,CA,18,E000215,114
355,Anna,ESHOO,REPRESENTATIVE,D,CA,18,E000215,114
355,Anna,ESHOO,REPRESENTATIVE,D,CA,18,E000215,114
355,Anna,ESHOO,REPRESENTATIVE,D,CA,18,E000215,114
355,Anna,ESHOO,REPRESENTATIVE,D,CA,18,E000215,114
355,Anna,ESHOO,REPRESENTATIVE,D,CA,18,E000215,114
355,Anna,ESHOO,REPRESENTATIVE,D,CA,18,E000215,114
355,Anna,ESHOO,REPRESENTATIVE,D,CA,18,E000215,114
1036,Charles,SCHUMER,SENATOR,D,NY,N/A,S000148,115
213,Thad,COCHRAN,SENATOR,R,MS,N/A,C000567,115
1383,Patrick,LEAHY,SENATOR,D,VT,N/A,L000174,115
1694,Lisa,MURKOWSKI,SENATOR,R,AK,N/A,M001153,115
1692,John,CORNYN,SENATOR,R,TX,N/A,C001056,115
1692,John,CORNYN,SENATOR,R,TX,N/A,C001056,115
1464,Roy,BLUNT,SENATOR,R,MO,N/A,B000575,115
172,Maria,CANTWELL,SENATOR,D,WA,N/A,C000127,115
172,Maria,CANTWELL,SENATOR,D,WA,N/A,C000127,115
1409,Patty,MURRAY,SENATOR,D,WA,N/A,M001111,115
172,Maria,CANTWELL,SENATOR,D,WA,N/A,C000127,115
1844,Mazie,HIRONO,SENATOR,D,HI,N/A,H001042,115
1383,Patrick,LEAHY,SENATOR,D,VT,N/A,L000174,115
949,Jack,REED,REPRESENTATIVE,D,RI,23,R000122,115
174,Benjamin,CARDIN,SENATOR,D,MD,N/A,C000141,115
2286,David,PERDUE,SENATOR,R,GA,N/A,P000612,115
2175,Ted,CRUZ,SENATOR,R,TX,N/A,C001098,115
859,Bill,NELSON,SENATOR,D,FL,N/A,N000032,115
1633,Jeff,FLAKE,SENATOR,R,AZ,N/A,F000444,115
1633,Jeff,FLAKE,SENATOR,R,AZ,N/A,F000444,115
1692,John,CORNYN,SENATOR,R,TX,N/A,C001056,115
1692,John,CORNYN,SENATOR,R,TX,N/A,C001056,115
1692,John,CORNYN,SENATOR,R,TX,N/A,C001056,115
2076,Richard,BLUMENTHAL,SENATOR,D,CT,N/A,B001277,115
2076,Richard,BLUMENTHAL,SENATOR,D,CT,N/A,B001277,115
1694,Lisa,MURKOWSKI,SENATOR,R,AK,N/A,M001153,115
1694,Lisa,MURKOWSKI,SENATOR,R,AK,N/A,M001153,115
2076,Richard,BLUMENTHAL,SENATOR,D,CT,N/A,B001277,115
1694,Lisa,MURKOWSKI,SENATOR,R,AK,N/A,M001153,115
172,Maria,CANTWELL,SENATOR,D,WA,N/A,C000127,115
457,Chuck,GRASSLEY,SENATOR,R,IA,N/A,G000386,115
1692,John,CORNYN,SENATOR,R,TX,N/A,C001056,115
2319,Darren,SOTO,N/A,D,FL,N/A,S001200,115
2138,Steve,DAINES,SENATOR,R,MT,N/A,D000618,115
2138,Steve,DAINES,SENATOR,R,MT,N/A,D000618,115
2243,Mike,BOST,REPRESENTATIVE,R,IL,12,B001295,115
1791,Virginia,FOXX,REPRESENTATIVE,R,NC,5,F000450,115
1383,Patrick,LEAHY,SENATOR,D,VT,N/A,L000174,115
2102,Ami,BERA,REPRESENTATIVE,D,CA,7,B001287,115
2320,Val,DEMINGS,N/A,D,FL,N/A,D000627,115
2076,Richard,BLUMENTHAL,SENATOR,D,CT,N/A,B001277,115
172,Maria,CANTWELL,SENATOR,D,WA,N/A,C000127,115
172,Maria,CANTWELL,SENATOR,D,WA,N/A,C000127,115
172,Maria,CANTWELL,SENATOR,D,WA,N/A,C000127,115
924,Rob,PORTMAN,SENATOR,R,OH,N/A,P000449,115
924,Rob,PORTMAN,SENATOR,R,OH,N/A,P000449,115
2182,Elizabeth,WARREN,SENATOR,D,MA,N/A,W000817,115
2182,Elizabeth,WARREN,SENATOR,D,MA,N/A,W000817,115
2173,Brian,SCHATZ,SENATOR,D,HI,N/A,S001194,115
2173,Brian,SCHATZ,SENATOR,D,HI,N/A,S001194,115
1969,Al,FRANKEN,SENATOR,D,MN,N/A,F000457,115
1969,Al,FRANKEN,SENATOR,D,MN,N/A,F000457,115
1969,Al,FRANKEN,SENATOR,D,MN,N/A,F000457,115
1969,Al,FRANKEN,SENATOR,D,MN,N/A,F000457,115
136,Sherrod,BROWN,REPRESENTATIVE,D,OH,26,B000944,115
136,Sherrod,BROWN,REPRESENTATIVE,D,OH,26,B000944,115
136,Sherrod,BROWN,REPRESENTATIVE,D,OH,26,B000944,115
1409,Patty,MURRAY,SENATOR,D,WA,N/A,M001111,115
1409,Patty,MURRAY,SENATOR,D,WA,N/A,M001111,115
1409,Patty,MURRAY,SENATOR,D,WA,N/A,M001111,115
1036,Charles,SCHUMER,SENATOR,D,NY,N/A,S000148,115
1409,Patty,MURRAY,SENATOR,D,WA,N/A,M001111,115
1692,John,CORNYN,SENATOR,R,TX,N/A,C001056,115
2054,Lou,BARLETTA,REPRESENTATIVE,R,PA,11,B001269,115
2054,Lou,BARLETTA,REPRESENTATIVE,R,PA,11,B001269,115
2054,Lou,BARLETTA,REPRESENTATIVE,R,PA,11,B001269,115
2342,Adriano,ESPAILLAT,N/A,D,NY,N/A,E000297,115
2054,Lou,BARLETTA,REPRESENTATIVE,R,PA,11,B001269,115
2054,Lou,BARLETTA,REPRESENTATIVE,R,PA,11,B001269,115
2054,Lou,BARLETTA,REPRESENTATIVE,R,PA,11,B001269,115
2270,Brian,BABIN,REPRESENTATIVE,R,TX,36,B001291,115
2270,Brian,BABIN,REPRESENTATIVE,R,TX,36,B001291,115
2270,Brian,BABIN,REPRESENTATIVE,R,TX,36,B001291,115
2270,Brian,BABIN,REPRESENTATIVE,R,TX,36,B001291,115
2102,Ami,BERA,REPRESENTATIVE,D,CA,7,B001287,115
2270,Brian,BABIN,REPRESENTATIVE,R,TX,36,B001291,115
1835,Ed,PERLMUTTER,REPRESENTATIVE,D,CO,7,P000593,115
2270,Brian,BABIN,REPRESENTATIVE,R,TX,36,B001291,115
2138,Steve,DAINES,SENATOR,R,MT,N/A,D000618,115
1010,Bernard,SANDERS,SENATOR,I,VT,N/A,S000033,115
1036,Charles,SCHUMER,SENATOR,D,NY,N/A,S000148,115
2076,Richard,BLUMENTHAL,SENATOR,D,CT,N/A,B001277,115
2054,Lou,BARLETTA,REPRESENTATIVE,R,PA,11,B001269,115
2054,Lou,BARLETTA,REPRESENTATIVE,R,PA,11,B001269,115
2054,Lou,BARLETTA,REPRESENTATIVE,R,PA,11,B001269,115
868,Eleanor,NORTON,DELEGATE,D,DC,N/A,N000147,115
2054,Lou,BARLETTA,REPRESENTATIVE,R,PA,11,B001269,115
2273,Barbara,COMSTOCK,REPRESENTATIVE,R,VA,10,C001105,115
2054,Lou,BARLETTA,REPRESENTATIVE,R,PA,11,B001269,115
1012,Mark,SANFORD,REPRESENTATIVE,R,SC,2,S000051,115
2172,Joseph,KENNEDY,REPRESENTATIVE,D,MA,4,K000379,115
2054,Lou,BARLETTA,REPRESENTATIVE,R,PA,11,B001269,115
1588,Janice,SCHAKOWSKY,REPRESENTATIVE,D,IL,9,S001145,115
2054,Lou,BARLETTA,REPRESENTATIVE,R,PA,11,B001269,115
868,Eleanor,NORTON,DELEGATE,D,DC,N/A,N000147,115
2054,Lou,BARLETTA,REPRESENTATIVE,R,PA,11,B001269,115
2054,Lou,BARLETTA,REPRESENTATIVE,R,PA,11,B001269,115
326,Richard,DURBIN,SENATOR,D,IL,N/A,D000563,115
2138,Steve,DAINES,SENATOR,R,MT,N/A,D000618,115
2298,Dwight,EVANS,N/A,D,PA,N/A,E000296,115
1791,Virginia,FOXX,REPRESENTATIVE,R,NC,5,F000450,115
1826,Amy,KLOBUCHAR,SENATOR,D,MN,N/A,K000367,115
2138,Steve,DAINES,SENATOR,R,MT,N/A,D000618,115
2138,Steve,DAINES,SENATOR,R,MT,N/A,D000618,115
1692,John,CORNYN,SENATOR,R,TX,N/A,C001056,115
1247,Ron,WYDEN,SENATOR,D,OR,N/A,W000779,115
1247,Ron,WYDEN,SENATOR,D,OR,N/A,W000779,115
2138,Steve,DAINES,SENATOR,R,MT,N/A,D000618,115
566,Steny,HOYER,REPRESENTATIVE,D,MD,5,H000874,115
2084,Marco,RUBIO,SENATOR,R,FL,N/A,R000595,115
1927,Chellie,PINGREE,REPRESENTATIVE,D,ME,1,P000597,115
1036,Charles,SCHUMER,SENATOR,D,NY,N/A,S000148,115
1838,Gus,BILIRAKIS,REPRESENTATIVE,R,FL,12,B001257,115
1383,Patrick,LEAHY,SENATOR,D,VT,N/A,L000174,115
1836,Joe,COURTNEY,REPRESENTATIVE,D,CT,2,C001069,115
