speaker_id,first_name,last_name,type,party,state,district,bio_guide_id,congress_id
1834,Doug,LAMBORN,REPRESENTATIVE,R,CO,5,L000564,115
2244,Ralph,ABRAHAM,REPRESENTATIVE,R,LA,5,A000374,115
868,Eleanor,NORTON,DELEGATE,D,DC,N/A,N000147,115
2008,Rob,WOODALL,REPRESENTATIVE,R,GA,7,W000810,115
868,Eleanor,NORTON,DELEGATE,D,DC,N/A,N000147,115
1656,Sam,GRAVES,REPRESENTATIVE,R,MO,14,G000546,115
2274,Stacey,PLASKETT,DELEGATE,D,VI,N/A,P000610,115
2360,Karen,HANDEL,N/A,R,GA,N/A,H001078,115
2244,Ralph,ABRAHAM,REPRESENTATIVE,R,LA,5,A000374,115
1790,Emanuel,CLEAVER,REPRESENTATIVE,D,MO,5,C001061,115
2328,Roger,MARSHALL,N/A,R,KS,N/A,M001198,115
2328,Roger,MARSHALL,N/A,R,KS,N/A,M001198,115
208,James,CLYBURN,REPRESENTATIVE,D,SC,6,C000537,115
2346,Lloyd,SMUCKER,N/A,R,PA,N/A,S001199,115
2310,Salud,CARBAJAL,N/A,D,CA,N/A,C001112,115
1909,Duncan,HUNTER,REPRESENTATIVE,R,CA,50,H001048,115
1909,Duncan,HUNTER,REPRESENTATIVE,R,CA,50,H001048,115
1909,Duncan,HUNTER,REPRESENTATIVE,R,CA,50,H001048,115
1973,John,GARAMENDI,REPRESENTATIVE,D,CA,3,G000559,115
1909,Duncan,HUNTER,REPRESENTATIVE,R,CA,50,H001048,115
1888,Bill,FOSTER,REPRESENTATIVE,D,IL,11,F000454,115
2158,Keith,ROTHFUS,REPRESENTATIVE,R,PA,12,R000598,115
868,Eleanor,NORTON,DELEGATE,D,DC,N/A,N000147,115
868,Eleanor,NORTON,DELEGATE,D,DC,N/A,N000147,115
2229,Pete,AGUILAR,REPRESENTATIVE,D,CA,31,A000371,115
868,Eleanor,NORTON,DELEGATE,D,DC,N/A,N000147,115
2309,Jimmy,PANETTA,N/A,D,CA,N/A,P000613,115
868,Eleanor,NORTON,DELEGATE,D,DC,N/A,N000147,115
868,Eleanor,NORTON,DELEGATE,D,DC,N/A,N000147,115
850,Jerrold,NADLER,REPRESENTATIVE,D,NY,10,N000002,115
868,Eleanor,NORTON,DELEGATE,D,DC,N/A,N000147,115
344,Eliot,ENGEL,REPRESENTATIVE,D,NY,16,E000179,115
1825,Bob,CORKER,SENATOR,R,TN,N/A,C001071,115
2124,Bradley,SCHNEIDER,N/A,D,IL,N/A,S001190,115
2325,Raja,KRISHNAMOORTHI,N/A,D,IL,N/A,K000391,115
1984,Christopher,COONS,SENATOR,D,DE,N/A,C001088,115
2265,Steve,RUSSELL,REPRESENTATIVE,R,OK,5,R000604,115
2355,Mike,GALLAGHER,N/A,R,WI,N/A,G000579,115
2265,Steve,RUSSELL,REPRESENTATIVE,R,OK,5,R000604,115
1664,Patrick,TIBERI,REPRESENTATIVE,R,OH,12,T000462,114
1602,Grace,NAPOLITANO,REPRESENTATIVE,D,CA,32,N000179,114
1810,David,REICHERT,REPRESENTATIVE,R,WA,8,R000578,115
2019,Todd,YOUNG,REPRESENTATIVE,R,IN,0,Y000064,115
2355,Mike,GALLAGHER,N/A,R,WI,N/A,G000579,115
208,James,CLYBURN,REPRESENTATIVE,D,SC,6,C000537,115
208,James,CLYBURN,REPRESENTATIVE,D,SC,6,C000537,115
2361,Ralph,NORMAN,N/A,R,SC,N/A,N000190,115
303,Lloyd,DOGGETT,REPRESENTATIVE,D,TX,35,D000399,115
303,Lloyd,DOGGETT,REPRESENTATIVE,D,TX,35,D000399,115
1811,Gwen,MOORE,SENATOR,D,WI,N/A,M001160,115
1791,Virginia,FOXX,REPRESENTATIVE,R,NC,5,F000450,115
1791,Virginia,FOXX,REPRESENTATIVE,R,NC,5,F000450,115
1791,Virginia,FOXX,REPRESENTATIVE,R,NC,5,F000450,115
2243,Mike,BOST,REPRESENTATIVE,R,IL,12,B001295,115
2243,Mike,BOST,REPRESENTATIVE,R,IL,12,B001295,115
2092,Suzanne,BONAMICI,REPRESENTATIVE,D,OR,1,B001278,115
2092,Suzanne,BONAMICI,REPRESENTATIVE,D,OR,1,B001278,115
2092,Suzanne,BONAMICI,REPRESENTATIVE,D,OR,1,B001278,115
2325,Raja,KRISHNAMOORTHI,N/A,D,IL,N/A,K000391,115
2325,Raja,KRISHNAMOORTHI,N/A,D,IL,N/A,K000391,115
2325,Raja,KRISHNAMOORTHI,N/A,D,IL,N/A,K000391,115
2325,Raja,KRISHNAMOORTHI,N/A,D,IL,N/A,K000391,115
2296,Warren,DAVIDSON,N/A,R,OH,N/A,D000626,115
2296,Warren,DAVIDSON,N/A,R,OH,N/A,D000626,115
2296,Warren,DAVIDSON,N/A,R,OH,N/A,D000626,115
2296,Warren,DAVIDSON,N/A,R,OH,N/A,D000626,115
2308,Ro,KHANNA,N/A,D,CA,N/A,K000389,115
2308,Ro,KHANNA,N/A,D,CA,N/A,K000389,115
2169,Derek,KILMER,REPRESENTATIVE,D,WA,6,K000381,115
2169,Derek,KILMER,REPRESENTATIVE,D,WA,6,K000381,115
2169,Derek,KILMER,REPRESENTATIVE,D,WA,6,K000381,115
2256,David,ROUZER,REPRESENTATIVE,R,NC,7,R000603,115
2344,Claudia,TENNEY,N/A,R,NY,N/A,T000478,115
1741,Michael,TURNER,REPRESENTATIVE,R,OH,10,T000463,115
1930,Erik,PAULSEN,REPRESENTATIVE,R,MN,3,P000594,115
1036,Charles,SCHUMER,SENATOR,D,NY,N/A,S000148,115
1036,Charles,SCHUMER,SENATOR,D,NY,N/A,S000148,115
1036,Charles,SCHUMER,SENATOR,D,NY,N/A,S000148,115
1036,Charles,SCHUMER,SENATOR,D,NY,N/A,S000148,115
1383,Patrick,LEAHY,SENATOR,D,VT,N/A,L000174,115
949,Jack,REED,REPRESENTATIVE,D,RI,23,R000122,115
859,Bill,NELSON,SENATOR,D,FL,N/A,N000032,115
179,Thomas,CARPER,SENATOR,D,DE,N/A,C000174,115
179,Thomas,CARPER,SENATOR,D,DE,N/A,C000174,115
1983,Joe,MANCHIN,SENATOR,D,WV,N/A,M001183,115
1983,Joe,MANCHIN,SENATOR,D,WV,N/A,M001183,115
1692,John,CORNYN,SENATOR,R,TX,N/A,C001056,115
1036,Charles,SCHUMER,SENATOR,D,NY,N/A,S000148,115
1900,Jeff,MERKLEY,SENATOR,D,OR,N/A,M001176,115
1973,John,GARAMENDI,REPRESENTATIVE,D,CA,3,G000559,115
344,Eliot,ENGEL,REPRESENTATIVE,D,NY,16,E000179,115
1900,Jeff,MERKLEY,SENATOR,D,OR,N/A,M001176,115
1826,Amy,KLOBUCHAR,SENATOR,D,MN,N/A,K000367,115
735,Edward,MARKEY,SENATOR,D,MA,N/A,M000133,115
1010,Bernard,SANDERS,SENATOR,I,VT,N/A,S000033,115
1010,Bernard,SANDERS,SENATOR,I,VT,N/A,S000033,115
172,Maria,CANTWELL,SENATOR,D,WA,N/A,C000127,115
172,Maria,CANTWELL,SENATOR,D,WA,N/A,C000127,115
1969,Al,FRANKEN,SENATOR,D,MN,N/A,F000457,115
1955,Pete,OLSON,REPRESENTATIVE,R,TX,22,O000168,115
2315,Neal,DUNN,N/A,R,FL,N/A,D000628,115
1801,Louie,GOHMERT,REPRESENTATIVE,R,TX,1,G000552,115
1912,Mike,COFFMAN,REPRESENTATIVE,R,CO,6,C001077,115
1801,Louie,GOHMERT,REPRESENTATIVE,R,TX,1,G000552,115
2307,Andy,BIGGS,N/A,R,AZ,N/A,B001302,115
2342,Adriano,ESPAILLAT,N/A,D,NY,N/A,E000297,115
1844,Mazie,HIRONO,SENATOR,D,HI,N/A,H001042,115
2274,Stacey,PLASKETT,DELEGATE,D,VI,N/A,P000610,115
2166,Marc,VEASEY,REPRESENTATIVE,D,TX,33,V000131,115
2274,Stacey,PLASKETT,DELEGATE,D,VI,N/A,P000610,115
2274,Stacey,PLASKETT,DELEGATE,D,VI,N/A,P000610,115
2274,Stacey,PLASKETT,DELEGATE,D,VI,N/A,P000610,115
2274,Stacey,PLASKETT,DELEGATE,D,VI,N/A,P000610,115
2274,Stacey,PLASKETT,DELEGATE,D,VI,N/A,P000610,115
2274,Stacey,PLASKETT,DELEGATE,D,VI,N/A,P000610,115
2274,Stacey,PLASKETT,DELEGATE,D,VI,N/A,P000610,115
588,Sheila,LEE,REPRESENTATIVE,D,TX,13,J000032,115
2274,Stacey,PLASKETT,DELEGATE,D,VI,N/A,P000610,115
588,Sheila,LEE,REPRESENTATIVE,D,TX,13,J000032,115
2274,Stacey,PLASKETT,DELEGATE,D,VI,N/A,P000610,115
1811,Gwen,MOORE,SENATOR,D,WI,N/A,M001160,115
2274,Stacey,PLASKETT,DELEGATE,D,VI,N/A,P000610,115
2274,Stacey,PLASKETT,DELEGATE,D,VI,N/A,P000610,115
2274,Stacey,PLASKETT,DELEGATE,D,VI,N/A,P000610,115
1506,Gregory,MEEKS,REPRESENTATIVE,D,NY,5,M001137,115
2274,Stacey,PLASKETT,DELEGATE,D,VI,N/A,P000610,115
2274,Stacey,PLASKETT,DELEGATE,D,VI,N/A,P000610,115
2298,Dwight,EVANS,N/A,D,PA,N/A,E000296,115
2274,Stacey,PLASKETT,DELEGATE,D,VI,N/A,P000610,115
