speaker_id,first_name,last_name,type,party,state,district,bio_guide_id,congress_id
566,Steny,HOYER,REPRESENTATIVE,D,MD,5,H000874,115
566,Steny,HOYER,REPRESENTATIVE,D,MD,5,H000874,115
905,Nancy,PELOSI,REPRESENTATIVE,D,CA,12,P000197,115
566,Steny,HOYER,REPRESENTATIVE,D,MD,5,H000874,115
1793,Jeff,FORTENBERRY,REPRESENTATIVE,R,NE,1,F000449,115
1036,Charles,SCHUMER,SENATOR,D,NY,N/A,S000148,115
2298,Dwight,EVANS,N/A,D,PA,N/A,E000296,115
616,Marcy,KAPTUR,REPRESENTATIVE,D,OH,8,K000009,115
1940,Dina,TITUS,REPRESENTATIVE,D,NV,1,T000468,115
1501,Barbara,LEE,REPRESENTATIVE,D,CA,13,L000551,115
2122,Tulsi,GABBARD,REPRESENTATIVE,D,HI,2,G000571,115
1692,John,CORNYN,SENATOR,R,TX,N/A,C001056,115
1823,Sheldon,WHITEHOUSE,SENATOR,D,RI,N/A,W000802,115
1983,Joe,MANCHIN,SENATOR,D,WV,N/A,M001183,115
1823,Sheldon,WHITEHOUSE,SENATOR,D,RI,N/A,W000802,115
2289,Ben,SASSE,SENATOR,R,NE,N/A,S001197,115
1829,Jon,TESTER,SENATOR,D,MT,N/A,T000464,115
2289,Ben,SASSE,SENATOR,R,NE,N/A,S001197,115
2289,Ben,SASSE,SENATOR,R,NE,N/A,S001197,115
1692,John,CORNYN,SENATOR,R,TX,N/A,C001056,115
1668,James,LANGEVIN,REPRESENTATIVE,D,RI,2,L000559,115
1036,Charles,SCHUMER,SENATOR,D,NY,N/A,S000148,115
1692,John,CORNYN,SENATOR,R,TX,N/A,C001056,115
1925,Bill,CASSIDY,SENATOR,R,LA,N/A,C001075,115
1541,Susan,COLLINS,REPRESENTATIVE,R,ME,9,C001035,115
326,Richard,DURBIN,SENATOR,D,IL,N/A,D000563,115
1823,Sheldon,WHITEHOUSE,SENATOR,D,RI,N/A,W000802,115
1823,Sheldon,WHITEHOUSE,SENATOR,D,RI,N/A,W000802,115
1036,Charles,SCHUMER,SENATOR,D,NY,N/A,S000148,115
344,Eliot,ENGEL,REPRESENTATIVE,D,NY,16,E000179,115
1155,Mac,THORNBERRY,REPRESENTATIVE,R,TX,13,T000238,115
1155,Mac,THORNBERRY,REPRESENTATIVE,R,TX,13,T000238,115
1155,Mac,THORNBERRY,REPRESENTATIVE,R,TX,13,T000238,115
1155,Mac,THORNBERRY,REPRESENTATIVE,R,TX,13,T000238,115
1155,Mac,THORNBERRY,REPRESENTATIVE,R,TX,13,T000238,115
1741,Michael,TURNER,REPRESENTATIVE,R,OH,10,T000463,115
1155,Mac,THORNBERRY,REPRESENTATIVE,R,TX,13,T000238,115
2339,Jacky,ROSEN,N/A,D,NV,N/A,R000608,115
2339,Jacky,ROSEN,N/A,D,NV,N/A,R000608,115
1155,Mac,THORNBERRY,REPRESENTATIVE,R,TX,13,T000238,115
1886,Robert,WITTMAN,REPRESENTATIVE,R,VA,1,W000804,115
1155,Mac,THORNBERRY,REPRESENTATIVE,R,TX,13,T000238,115
1909,Duncan,HUNTER,REPRESENTATIVE,R,CA,50,H001048,115
1155,Mac,THORNBERRY,REPRESENTATIVE,R,TX,13,T000238,115
1909,Duncan,HUNTER,REPRESENTATIVE,R,CA,50,H001048,115
1155,Mac,THORNBERRY,REPRESENTATIVE,R,TX,13,T000238,115
1912,Mike,COFFMAN,REPRESENTATIVE,R,CO,6,C001077,115
2308,Ro,KHANNA,N/A,D,CA,N/A,K000389,115
1155,Mac,THORNBERRY,REPRESENTATIVE,R,TX,13,T000238,115
2032,Vicky,HARTZLER,REPRESENTATIVE,R,MO,4,H001053,115
1155,Mac,THORNBERRY,REPRESENTATIVE,R,TX,13,T000238,115
2152,Brad,WENSTRUP,REPRESENTATIVE,R,OH,2,W000815,115
1155,Mac,THORNBERRY,REPRESENTATIVE,R,TX,13,T000238,115
2197,Bradley,BYRNE,REPRESENTATIVE,R,AL,1,B001289,115
1155,Mac,THORNBERRY,REPRESENTATIVE,R,TX,13,T000238,115
2265,Steve,RUSSELL,REPRESENTATIVE,R,OK,5,R000604,115
1155,Mac,THORNBERRY,REPRESENTATIVE,R,TX,13,T000238,115
1155,Mac,THORNBERRY,REPRESENTATIVE,R,TX,13,T000238,115
1155,Mac,THORNBERRY,REPRESENTATIVE,R,TX,13,T000238,115
2355,Mike,GALLAGHER,N/A,R,WI,N/A,G000579,115
1155,Mac,THORNBERRY,REPRESENTATIVE,R,TX,13,T000238,115
2337,Don,BACON,N/A,R,NE,N/A,B001298,115
1155,Mac,THORNBERRY,REPRESENTATIVE,R,TX,13,T000238,115
2326,Jim,BANKS,N/A,R,IN,N/A,B001299,115
1155,Mac,THORNBERRY,REPRESENTATIVE,R,TX,13,T000238,115
2158,Keith,ROTHFUS,REPRESENTATIVE,R,PA,12,R000598,115
1155,Mac,THORNBERRY,REPRESENTATIVE,R,TX,13,T000238,115
1155,Mac,THORNBERRY,REPRESENTATIVE,R,TX,13,T000238,115
2351,Scott,TAYLOR,N/A,R,VA,N/A,T000477,115
1155,Mac,THORNBERRY,REPRESENTATIVE,R,TX,13,T000238,115
1155,Mac,THORNBERRY,REPRESENTATIVE,R,TX,13,T000238,115
1805,K.,CONAWAY,REPRESENTATIVE,R,TX,11,C001062,115
616,Marcy,KAPTUR,REPRESENTATIVE,D,OH,8,K000009,115
99,Earl,BLUMENAUER,REPRESENTATIVE,D,OR,3,B000574,115
1036,Charles,SCHUMER,SENATOR,D,NY,N/A,S000148,115
326,Richard,DURBIN,SENATOR,D,IL,N/A,D000563,115
326,Richard,DURBIN,SENATOR,D,IL,N/A,D000563,115
326,Richard,DURBIN,SENATOR,D,IL,N/A,D000563,115
1823,Sheldon,WHITEHOUSE,SENATOR,D,RI,N/A,W000802,115
1823,Sheldon,WHITEHOUSE,SENATOR,D,RI,N/A,W000802,115
1155,Mac,THORNBERRY,REPRESENTATIVE,R,TX,13,T000238,115
1604,Joseph,CROWLEY,REPRESENTATIVE,D,NY,14,C001038,115
2063,Diane,BLACK,REPRESENTATIVE,R,TN,6,B001273,115
2063,Diane,BLACK,REPRESENTATIVE,R,TN,6,B001273,115
1853,John,YARMUTH,REPRESENTATIVE,D,KY,3,Y000062,115
2063,Diane,BLACK,REPRESENTATIVE,R,TN,6,B001273,115
2017,Todd,ROKITA,REPRESENTATIVE,R,IN,4,R000592,115
1853,John,YARMUTH,REPRESENTATIVE,D,KY,3,Y000062,115
1853,John,YARMUTH,REPRESENTATIVE,D,KY,3,Y000062,115
2063,Diane,BLACK,REPRESENTATIVE,R,TN,6,B001273,115
1853,John,YARMUTH,REPRESENTATIVE,D,KY,3,Y000062,115
2325,Raja,KRISHNAMOORTHI,N/A,D,IL,N/A,K000391,115
2063,Diane,BLACK,REPRESENTATIVE,R,TN,6,B001273,115
1853,John,YARMUTH,REPRESENTATIVE,D,KY,3,Y000062,115
2063,Diane,BLACK,REPRESENTATIVE,R,TN,6,B001273,115
1892,Steve,SCALISE,REPRESENTATIVE,R,LA,1,S001176,115
1853,John,YARMUTH,REPRESENTATIVE,D,KY,3,Y000062,115
2063,Diane,BLACK,REPRESENTATIVE,R,TN,6,B001273,115
1791,Virginia,FOXX,REPRESENTATIVE,R,NC,5,F000450,115
1853,John,YARMUTH,REPRESENTATIVE,D,KY,3,Y000062,115
2092,Suzanne,BONAMICI,REPRESENTATIVE,D,OR,1,B001278,115
2063,Diane,BLACK,REPRESENTATIVE,R,TN,6,B001273,115
2276,Glenn,GROTHMAN,REPRESENTATIVE,R,WI,6,G000576,115
1853,John,YARMUTH,REPRESENTATIVE,D,KY,3,Y000062,115
1853,John,YARMUTH,REPRESENTATIVE,D,KY,3,Y000062,115
2063,Diane,BLACK,REPRESENTATIVE,R,TN,6,B001273,115
2324,A.,FERGUSON,N/A,R,GA,N/A,F000465,115
1853,John,YARMUTH,REPRESENTATIVE,D,KY,3,Y000062,115
2149,Hakeem,JEFFRIES,REPRESENTATIVE,D,NY,8,J000294,115
2063,Diane,BLACK,REPRESENTATIVE,R,TN,6,B001273,115
1991,Steve,WOMACK,REPRESENTATIVE,R,AR,3,W000809,115
1853,John,YARMUTH,REPRESENTATIVE,D,KY,3,Y000062,115
1588,Janice,SCHAKOWSKY,REPRESENTATIVE,D,IL,9,S001145,115
2063,Diane,BLACK,REPRESENTATIVE,R,TN,6,B001273,115
2350,Jodey,ARRINGTON,N/A,R,TX,N/A,A000375,115
2063,Diane,BLACK,REPRESENTATIVE,R,TN,6,B001273,115
2350,Jodey,ARRINGTON,N/A,R,TX,N/A,A000375,115
1853,John,YARMUTH,REPRESENTATIVE,D,KY,3,Y000062,115
2063,Diane,BLACK,REPRESENTATIVE,R,TN,6,B001273,115
2346,Lloyd,SMUCKER,N/A,R,PA,N/A,S001199,115
2063,Diane,BLACK,REPRESENTATIVE,R,TN,6,B001273,115
2346,Lloyd,SMUCKER,N/A,R,PA,N/A,S001199,115
1853,John,YARMUTH,REPRESENTATIVE,D,KY,3,Y000062,115
588,Sheila,LEE,REPRESENTATIVE,D,TX,13,J000032,115
2063,Diane,BLACK,REPRESENTATIVE,R,TN,6,B001273,115
2314,Matt,GAETZ,N/A,R,FL,N/A,G000578,115
1853,John,YARMUTH,REPRESENTATIVE,D,KY,3,Y000062,115
566,Steny,HOYER,REPRESENTATIVE,D,MD,5,H000874,115
2063,Diane,BLACK,REPRESENTATIVE,R,TN,6,B001273,115
1853,John,YARMUTH,REPRESENTATIVE,D,KY,3,Y000062,115
2063,Diane,BLACK,REPRESENTATIVE,R,TN,6,B001273,115
2328,Roger,MARSHALL,N/A,R,KS,N/A,M001198,115
1853,John,YARMUTH,REPRESENTATIVE,D,KY,3,Y000062,115
2055,David,CICILLINE,REPRESENTATIVE,D,RI,1,C001084,115
2063,Diane,BLACK,REPRESENTATIVE,R,TN,6,B001273,115
2334,Paul,MITCHELL,N/A,R,MI,N/A,M001201,115
1853,John,YARMUTH,REPRESENTATIVE,D,KY,3,Y000062,115
683,Sander,LEVIN,REPRESENTATIVE,D,MI,9,L000263,115
2063,Diane,BLACK,REPRESENTATIVE,R,TN,6,B001273,115
2353,Thomas,GARRETT,REPRESENTATIVE,R,VA,5,G000580,115
1853,John,YARMUTH,REPRESENTATIVE,D,KY,3,Y000062,115
1853,John,YARMUTH,REPRESENTATIVE,D,KY,3,Y000062,115
1879,Peter,WELCH,REPRESENTATIVE,D,VT,0,W000800,115
2063,Diane,BLACK,REPRESENTATIVE,R,TN,6,B001273,115
1853,John,YARMUTH,REPRESENTATIVE,D,KY,3,Y000062,115
854,Richard,NEAL,REPRESENTATIVE,D,MA,1,N000015,115
1853,John,YARMUTH,REPRESENTATIVE,D,KY,3,Y000062,115
854,Richard,NEAL,REPRESENTATIVE,D,MA,1,N000015,115
2063,Diane,BLACK,REPRESENTATIVE,R,TN,6,B001273,115
1853,John,YARMUTH,REPRESENTATIVE,D,KY,3,Y000062,115
905,Nancy,PELOSI,REPRESENTATIVE,D,CA,12,P000197,115
2063,Diane,BLACK,REPRESENTATIVE,R,TN,6,B001273,115
2343,John,FASO,N/A,R,NY,N/A,F000464,115
1853,John,YARMUTH,REPRESENTATIVE,D,KY,3,Y000062,115
2063,Diane,BLACK,REPRESENTATIVE,R,TN,6,B001273,115
1853,John,YARMUTH,REPRESENTATIVE,D,KY,3,Y000062,115
2063,Diane,BLACK,REPRESENTATIVE,R,TN,6,B001273,115
1853,John,YARMUTH,REPRESENTATIVE,D,KY,3,Y000062,115
887,Frank,PALLONE,REPRESENTATIVE,D,NJ,6,P000034,115
2063,Diane,BLACK,REPRESENTATIVE,R,TN,6,B001273,115
1853,John,YARMUTH,REPRESENTATIVE,D,KY,3,Y000062,115
1853,John,YARMUTH,REPRESENTATIVE,D,KY,3,Y000062,115
2063,Diane,BLACK,REPRESENTATIVE,R,TN,6,B001273,115
1853,John,YARMUTH,REPRESENTATIVE,D,KY,3,Y000062,115
2354,Pramila,JAYAPAL,N/A,D,WA,N/A,J000298,115
2063,Diane,BLACK,REPRESENTATIVE,R,TN,6,B001273,115
1853,John,YARMUTH,REPRESENTATIVE,D,KY,3,Y000062,115
1184,Nydia,VELAZQUEZ,REPRESENTATIVE,D,NY,7,V000081,115
1853,John,YARMUTH,REPRESENTATIVE,D,KY,3,Y000062,115
2063,Diane,BLACK,REPRESENTATIVE,R,TN,6,B001273,115
1664,Patrick,TIBERI,REPRESENTATIVE,R,OH,12,T000462,115
1664,Patrick,TIBERI,REPRESENTATIVE,R,OH,12,T000462,115
1664,Patrick,TIBERI,REPRESENTATIVE,R,OH,12,T000462,115
850,Jerrold,NADLER,REPRESENTATIVE,D,NY,10,N000002,115
1664,Patrick,TIBERI,REPRESENTATIVE,R,OH,12,T000462,115
2272,Donald,BEYER,REPRESENTATIVE,D,VA,8,B001292,115
1664,Patrick,TIBERI,REPRESENTATIVE,R,OH,12,T000462,115
2133,John,DELANEY,REPRESENTATIVE,D,MD,6,D000620,115
1664,Patrick,TIBERI,REPRESENTATIVE,R,OH,12,T000462,115
2063,Diane,BLACK,REPRESENTATIVE,R,TN,6,B001273,115
1853,John,YARMUTH,REPRESENTATIVE,D,KY,3,Y000062,115
2063,Diane,BLACK,REPRESENTATIVE,R,TN,6,B001273,115
2063,Diane,BLACK,REPRESENTATIVE,R,TN,6,B001273,115
355,Anna,ESHOO,REPRESENTATIVE,D,CA,18,E000215,115
355,Anna,ESHOO,REPRESENTATIVE,D,CA,18,E000215,115
355,Anna,ESHOO,REPRESENTATIVE,D,CA,18,E000215,115
1853,John,YARMUTH,REPRESENTATIVE,D,KY,3,Y000062,115
1853,John,YARMUTH,REPRESENTATIVE,D,KY,3,Y000062,115
2063,Diane,BLACK,REPRESENTATIVE,R,TN,6,B001273,115
2063,Diane,BLACK,REPRESENTATIVE,R,TN,6,B001273,115
1853,John,YARMUTH,REPRESENTATIVE,D,KY,3,Y000062,115
1853,John,YARMUTH,REPRESENTATIVE,D,KY,3,Y000062,115
1878,Steve,COHEN,REPRESENTATIVE,D,TN,9,C001068,115
1853,John,YARMUTH,REPRESENTATIVE,D,KY,3,Y000062,115
1853,John,YARMUTH,REPRESENTATIVE,D,KY,3,Y000062,115
1853,John,YARMUTH,REPRESENTATIVE,D,KY,3,Y000062,115
2063,Diane,BLACK,REPRESENTATIVE,R,TN,6,B001273,115
1036,Charles,SCHUMER,SENATOR,D,NY,N/A,S000148,115
1608,Johnny,ISAKSON,SENATOR,R,GA,N/A,I000055,115
1793,Jeff,FORTENBERRY,REPRESENTATIVE,R,NE,1,F000449,115
1608,Johnny,ISAKSON,SENATOR,R,GA,N/A,I000055,115
1925,Bill,CASSIDY,SENATOR,R,LA,N/A,C001075,115
