speaker_id,first_name,last_name,type,party,state,district,bio_guide_id,congress_id
1351,Orrin,HATCH,SENATOR,R,UT,N/A,H000338,115
1692,John,CORNYN,SENATOR,R,TX,N/A,C001056,115
1332,Dianne,FEINSTEIN,SENATOR,D,CA,N/A,F000062,115
1695,Lamar,ALEXANDER,SENATOR,R,TN,N/A,A000360,115
1695,Lamar,KING,REPRESENTATIVE,R,TN,4,A000360,115
2288,Mike,ROUNDS,N/A,R,SD,N/A,R000605,115
179,Thomas,CARPER,SENATOR,D,DE,N/A,C000174,115
179,Thomas,CARPER,SENATOR,D,DE,N/A,C000174,115
1695,Lamar,ALEXANDER,SENATOR,R,TN,N/A,A000360,115
179,Thomas,CARPER,SENATOR,D,DE,N/A,C000174,115
2303,John,KENNEDY,REPRESENTATIVE,R,LA,4,K000393,115
2303,John,KENNEDY,REPRESENTATIVE,R,LA,4,K000393,115
2123,Tammy,DUCKWORTH,REPRESENTATIVE,D,IL,8,D000622,115
1969,Al,FRANKEN,SENATOR,D,MN,N/A,F000457,115
791,Robert,MENENDEZ,SENATOR,D,NJ,N/A,M000639,115
1969,Al,FRANKEN,SENATOR,D,MN,N/A,F000457,115
1900,Jeff,MERKLEY,SENATOR,D,OR,N/A,M001176,115
1998,Cory,GARDNER,N/A,R,CO,N/A,G000562,115
1829,Jon,TESTER,SENATOR,D,MT,N/A,T000464,115
2123,Tammy,DUCKWORTH,REPRESENTATIVE,D,IL,8,D000622,115
1526,Brad,SHERMAN,REPRESENTATIVE,D,CA,30,S000344,115
2286,David,PERDUE,SENATOR,R,GA,N/A,P000612,115
2302,Margaret,HASSAN,N/A,D,NH,N/A,H001076,115
2201,Alma,ADAMS,REPRESENTATIVE,D,NC,12,A000370,115
2311,Nanette,BARRAGAN,N/A,D,CA,N/A,B001300,115
2224,Bruce,WESTERMAN,REPRESENTATIVE,R,AR,4,W000821,115
2350,Jodey,ARRINGTON,N/A,R,TX,N/A,A000375,115
2345,Brian,FITZPATRICK,REPRESENTATIVE,R,PA,8,F000466,115
2351,Scott,TAYLOR,N/A,R,VA,N/A,T000477,115
2338,Josh,GOTTHEIMER,N/A,D,NJ,N/A,G000583,115
2359,Greg,GIANFORTE,N/A,R,MT,N/A,G000584,115
2309,Jimmy,PANETTA,N/A,D,CA,N/A,P000613,115
2097,Donald,PAYNE,REPRESENTATIVE,D,NJ,10,P000604,115
1838,Gus,BILIRAKIS,REPRESENTATIVE,R,FL,12,B001257,115
1749,Jeb,HENSARLING,REPRESENTATIVE,R,TX,5,H001036,115
1749,Jeb,HENSARLING,REPRESENTATIVE,R,TX,5,H001036,115
1749,Jeb,HENSARLING,REPRESENTATIVE,R,TX,5,H001036,115
1749,Jeb,HENSARLING,REPRESENTATIVE,R,TX,5,H001036,115
2253,Tom,EMMER,REPRESENTATIVE,R,MN,6,E000294,115
1749,Jeb,HENSARLING,REPRESENTATIVE,R,TX,5,H001036,115
2253,Tom,EMMER,REPRESENTATIVE,R,MN,6,E000294,115
2055,David,CICILLINE,REPRESENTATIVE,D,RI,1,C001084,115
1749,Jeb,HENSARLING,REPRESENTATIVE,R,TX,5,H001036,115
1931,Blaine,LUETKEMEYER,REPRESENTATIVE,R,MO,3,L000569,115
1749,Jeb,HENSARLING,REPRESENTATIVE,R,TX,5,H001036,115
2158,Keith,ROTHFUS,REPRESENTATIVE,R,PA,12,R000598,115
1749,Jeb,HENSARLING,REPRESENTATIVE,R,TX,5,H001036,115
1997,Scott,TIPTON,REPRESENTATIVE,R,CO,3,T000470,115
1749,Jeb,HENSARLING,REPRESENTATIVE,R,TX,5,H001036,115
2296,Warren,DAVIDSON,N/A,R,OH,N/A,D000626,115
1749,Jeb,HENSARLING,REPRESENTATIVE,R,TX,5,H001036,115
2327,Trey,HOLLINGSWORTH,N/A,R,IN,N/A,H001074,115
1749,Jeb,HENSARLING,REPRESENTATIVE,R,TX,5,H001036,115
2361,Ralph,NORMAN,N/A,R,SC,N/A,N000190,115
1749,Jeb,HENSARLING,REPRESENTATIVE,R,TX,5,H001036,115
2072,Sean,DUFFY,N/A,R,WI,N/A,D000614,115
1749,Jeb,HENSARLING,REPRESENTATIVE,R,TX,5,H001036,115
2072,Sean,DUFFY,N/A,R,WI,N/A,D000614,115
1749,Jeb,HENSARLING,REPRESENTATIVE,R,TX,5,H001036,115
2253,Tom,EMMER,REPRESENTATIVE,R,MN,6,E000294,115
2253,Tom,EMMER,REPRESENTATIVE,R,MN,6,E000294,115
2253,Tom,EMMER,REPRESENTATIVE,R,MN,6,E000294,115
2269,Will,HURD,REPRESENTATIVE,R,TX,23,H001073,115
1856,Timothy,WALZ,REPRESENTATIVE,D,MN,1,W000799,115
1801,Louie,GOHMERT,REPRESENTATIVE,R,TX,1,G000552,115
867,Richard,NOLAN,REPRESENTATIVE,D,MN,8,N000127,115
1526,Brad,SHERMAN,REPRESENTATIVE,D,CA,30,S000344,115
2032,Vicky,HARTZLER,REPRESENTATIVE,R,MO,4,H001053,115
566,Steny,HOYER,REPRESENTATIVE,D,MD,5,H000874,115
566,Steny,HOYER,REPRESENTATIVE,D,MD,5,H000874,115
566,Steny,HOYER,REPRESENTATIVE,D,MD,5,H000874,115
566,Steny,HOYER,REPRESENTATIVE,D,MD,5,H000874,115
566,Steny,HOYER,REPRESENTATIVE,D,MD,5,H000874,115
566,Steny,HOYER,REPRESENTATIVE,D,MD,5,H000874,115
566,Steny,HOYER,REPRESENTATIVE,D,MD,5,H000874,115
344,Eliot,ENGEL,REPRESENTATIVE,D,NY,16,E000179,115
2274,Stacey,PLASKETT,DELEGATE,D,VI,N/A,P000610,115
1900,Jeff,MERKLEY,SENATOR,D,OR,N/A,M001176,115
1633,Jeff,FLAKE,SENATOR,R,AZ,N/A,F000444,115
1036,Charles,SCHUMER,SENATOR,D,NY,N/A,S000148,115
1901,Jeanne,SHAHEEN,SENATOR,D,NH,N/A,S001181,115
1687,John,BOOZMAN,SENATOR,R,AR,N/A,B001236,115
1687,John,BOOZMAN,SENATOR,R,AR,N/A,B001236,115
1687,John,BOOZMAN,SENATOR,R,AR,N/A,B001236,115
2179,Deb,FISCHER,SENATOR,R,NE,N/A,F000463,115
1247,Ron,WYDEN,SENATOR,D,OR,N/A,W000779,115
1409,Patty,MURRAY,SENATOR,D,WA,N/A,M001111,115
1409,Patty,MURRAY,SENATOR,D,WA,N/A,M001111,115
1692,John,CORNYN,SENATOR,R,TX,N/A,C001056,115
1692,John,CORNYN,SENATOR,R,TX,N/A,C001056,115
1844,Mazie,HIRONO,SENATOR,D,HI,N/A,H001042,115
172,Maria,CANTWELL,SENATOR,D,WA,N/A,C000127,115
174,Benjamin,CARDIN,SENATOR,D,MD,N/A,C000141,115
1881,John,BARRASSO,SENATOR,R,WY,N/A,B001261,115
1881,John,BARRASSO,SENATOR,R,WY,N/A,B001261,115
1010,Bernard,SANDERS,SENATOR,I,VT,N/A,S000033,115
1464,Roy,BLUNT,SENATOR,R,MO,N/A,B000575,115
1464,Roy,BLUNT,SENATOR,R,MO,N/A,B000575,115
1608,Johnny,ISAKSON,SENATOR,R,GA,N/A,I000055,115
2079,John,HOEVEN,SENATOR,R,ND,N/A,H001061,115
2291,Thom,TILLIS,SENATOR,R,NC,N/A,T000476,115
1409,Patty,MURRAY,SENATOR,D,WA,N/A,M001111,115
1409,Patty,MURRAY,SENATOR,D,WA,N/A,M001111,115
1409,Patty,MURRAY,SENATOR,D,WA,N/A,M001111,115
1901,Jeanne,SHAHEEN,SENATOR,D,NH,N/A,S001181,115
1969,Al,FRANKEN,SENATOR,D,MN,N/A,F000457,115
1826,Amy,KLOBUCHAR,SENATOR,D,MN,N/A,K000367,115
1826,Amy,KLOBUCHAR,SENATOR,D,MN,N/A,K000367,115
1929,Gary,PETERS,REPRESENTATIVE,D,MI,52,P000595,115
1695,Lamar,ALEXANDER,SENATOR,R,TN,N/A,A000360,115
1929,Gary,PETERS,REPRESENTATIVE,D,MI,52,P000595,115
2173,Brian,SCHATZ,SENATOR,D,HI,N/A,S001194,115
2173,Brian,SCHATZ,SENATOR,D,HI,N/A,S001194,115
1998,Cory,GARDNER,N/A,R,CO,N/A,G000562,115
1998,Cory,GARDNER,N/A,R,CO,N/A,G000562,115
1998,Cory,GARDNER,N/A,R,CO,N/A,G000562,115
1900,Jeff,MERKLEY,SENATOR,D,OR,N/A,M001176,115
1881,John,BARRASSO,SENATOR,R,WY,N/A,B001261,115
1409,Patty,MURRAY,SENATOR,D,WA,N/A,M001111,115
1881,John,BARRASSO,SENATOR,R,WY,N/A,B001261,115
1692,John,CORNYN,SENATOR,R,TX,N/A,C001056,115
326,Richard,DURBIN,SENATOR,D,IL,N/A,D000563,115
2333,Jack,BERGMAN,N/A,R,MI,N/A,B001301,115
179,Thomas,CARPER,SENATOR,D,DE,N/A,C000174,115
1881,John,BARRASSO,SENATOR,R,WY,N/A,B001261,115
1692,John,CORNYN,SENATOR,R,TX,N/A,C001056,115
326,Richard,DURBIN,SENATOR,D,IL,N/A,D000563,115
2340,Ruben,KIHUEN,N/A,D,NV,N/A,K000390,115
1761,G.,BUTTERFIELD,REPRESENTATIVE,D,NC,1,B001251,115
