speaker_id,first_name,last_name,type,party,state,district,bio_guide_id,congress_id
2097,Donald,PAYNE,REPRESENTATIVE,D,NJ,10,P000604,115
2115,Ted,YOHO,REPRESENTATIVE,R,FL,3,Y000065,115
1761,G.,BUTTERFIELD,REPRESENTATIVE,D,NC,1,B001251,115
1010,Bernard,SANDERS,SENATOR,I,VT,N/A,S000033,115
1010,Bernard,SANDERS,SENATOR,I,VT,N/A,S000033,115
2080,Mike,LEE,REPRESENTATIVE,R,UT,13,L000577,115
1010,Bernard,SANDERS,SENATOR,I,VT,N/A,S000033,115
1010,Bernard,SANDERS,SENATOR,I,VT,N/A,S000033,115
2080,Mike,LEE,REPRESENTATIVE,R,UT,13,L000577,115
1010,Bernard,SANDERS,SENATOR,I,VT,N/A,S000033,115
2080,Mike,LEE,REPRESENTATIVE,R,UT,13,L000577,115
1010,Bernard,SANDERS,SENATOR,I,VT,N/A,S000033,115
2080,Mike,LEE,REPRESENTATIVE,R,UT,13,L000577,115
1837,Christopher,MURPHY,SENATOR,D,CT,N/A,M001169,115
1010,Bernard,SANDERS,SENATOR,I,VT,N/A,S000033,115
1837,Christopher,MURPHY,SENATOR,D,CT,N/A,M001169,115
1010,Bernard,SANDERS,SENATOR,I,VT,N/A,S000033,115
1837,Christopher,MURPHY,SENATOR,D,CT,N/A,M001169,115
1010,Bernard,SANDERS,SENATOR,I,VT,N/A,S000033,115
1692,John,CORNYN,SENATOR,R,TX,N/A,C001056,115
791,Robert,MENENDEZ,SENATOR,D,NJ,N/A,M000639,115
791,Robert,MENENDEZ,SENATOR,D,NJ,N/A,M000639,115
1825,Bob,CORKER,SENATOR,R,TN,N/A,C001071,115
326,Richard,DURBIN,SENATOR,D,IL,N/A,D000563,115
326,Richard,DURBIN,SENATOR,D,IL,N/A,D000563,115
1900,Jeff,MERKLEY,SENATOR,D,OR,N/A,M001176,115
1937,Martin,HEINRICH,SENATOR,D,NM,N/A,H001046,115
2056,Tim,SCOTT,REPRESENTATIVE,R,SC,52,S001184,115
2123,Tammy,DUCKWORTH,REPRESENTATIVE,D,IL,8,D000622,115
2086,Ron,JOHNSON,REPRESENTATIVE,R,WI,4,J000293,115
1558,Tammy,BALDWIN,SENATOR,D,WI,N/A,B001230,115
1588,Janice,SCHAKOWSKY,REPRESENTATIVE,D,IL,9,S001145,115
1751,Michael,BURGESS,REPRESENTATIVE,R,TX,26,B001248,115
1751,Michael,BURGESS,REPRESENTATIVE,R,TX,26,B001248,115
1751,Michael,BURGESS,REPRESENTATIVE,R,TX,26,B001248,115
1751,Michael,BURGESS,REPRESENTATIVE,R,TX,26,B001248,115
511,Alcee,HASTINGS,REPRESENTATIVE,D,FL,20,H000324,115
1751,Michael,BURGESS,REPRESENTATIVE,R,TX,26,B001248,115
511,Alcee,HASTINGS,REPRESENTATIVE,D,FL,20,H000324,115
511,Alcee,HASTINGS,REPRESENTATIVE,D,FL,20,H000324,115
1751,Michael,BURGESS,REPRESENTATIVE,R,TX,26,B001248,115
2275,Dan,NEWHOUSE,REPRESENTATIVE,R,WA,4,N000189,115
511,Alcee,HASTINGS,REPRESENTATIVE,D,FL,20,H000324,115
1751,Michael,BURGESS,REPRESENTATIVE,R,TX,26,B001248,115
1751,Michael,BURGESS,REPRESENTATIVE,R,TX,26,B001248,115
1751,Michael,BURGESS,REPRESENTATIVE,R,TX,26,B001248,115
511,Alcee,HASTINGS,REPRESENTATIVE,D,FL,20,H000324,115
2340,Ruben,KIHUEN,N/A,D,NV,N/A,K000390,115
2134,Daniel,KILDEE,REPRESENTATIVE,D,MI,5,K000380,115
2243,Mike,BOST,REPRESENTATIVE,R,IL,12,B001295,115
1036,Charles,SCHUMER,SENATOR,D,NY,N/A,S000148,115
1383,Patrick,LEAHY,SENATOR,D,VT,N/A,L000174,115
2130,Luke,MESSER,REPRESENTATIVE,R,IN,6,M001189,115
2138,Steve,DAINES,SENATOR,R,MT,N/A,D000618,115
1640,Darrell,ISSA,REPRESENTATIVE,R,CA,49,I000056,115
1640,Darrell,ISSA,REPRESENTATIVE,R,CA,49,I000056,114
1881,John,BARRASSO,SENATOR,R,WY,N/A,B001261,115
2124,Bradley,SCHNEIDER,N/A,D,IL,N/A,S001190,115
1036,Charles,SCHUMER,SENATOR,D,NY,N/A,S000148,115
1010,Bernard,SANDERS,SENATOR,I,VT,N/A,S000033,115
1036,Charles,SCHUMER,SENATOR,D,NY,N/A,S000148,115
2353,Thomas,GARRETT,REPRESENTATIVE,R,VA,5,G000580,115
924,Rob,PORTMAN,SENATOR,R,OH,N/A,P000449,115
1900,Jeff,MERKLEY,SENATOR,D,OR,N/A,M001176,115
1692,John,CORNYN,SENATOR,R,TX,N/A,C001056,115
1774,Jim,COSTA,REPRESENTATIVE,D,CA,16,C001059,115
1774,Jim,COSTA,REPRESENTATIVE,D,CA,16,C001059,115
2302,Margaret,HASSAN,N/A,D,NH,N/A,H001076,115
2110,Mark,TAKANO,REPRESENTATIVE,D,CA,41,T000472,115
1749,Jeb,HENSARLING,REPRESENTATIVE,R,TX,5,H001036,115
1749,Jeb,HENSARLING,REPRESENTATIVE,R,TX,5,H001036,115
1749,Jeb,HENSARLING,REPRESENTATIVE,R,TX,5,H001036,115
1749,Jeb,HENSARLING,REPRESENTATIVE,R,TX,5,H001036,115
2247,Bruce,POLIQUIN,REPRESENTATIVE,R,ME,2,P000611,115
1749,Jeb,HENSARLING,REPRESENTATIVE,R,TX,5,H001036,115
1749,Jeb,HENSARLING,REPRESENTATIVE,R,TX,5,H001036,115
1931,Blaine,LUETKEMEYER,REPRESENTATIVE,R,MO,3,L000569,115
1749,Jeb,HENSARLING,REPRESENTATIVE,R,TX,5,H001036,115
2015,Randy,HULTGREN,REPRESENTATIVE,R,IL,14,H001059,115
1749,Jeb,HENSARLING,REPRESENTATIVE,R,TX,5,H001036,115
2165,Roger,WILLIAMS,REPRESENTATIVE,R,TX,25,W000816,115
1749,Jeb,HENSARLING,REPRESENTATIVE,R,TX,5,H001036,115
1749,Jeb,HENSARLING,REPRESENTATIVE,R,TX,5,H001036,115
1749,Jeb,HENSARLING,REPRESENTATIVE,R,TX,5,H001036,115
1749,Jeb,HENSARLING,REPRESENTATIVE,R,TX,5,H001036,115
2247,Bruce,POLIQUIN,REPRESENTATIVE,R,ME,2,P000611,115
1749,Jeb,HENSARLING,REPRESENTATIVE,R,TX,5,H001036,115
1749,Jeb,HENSARLING,REPRESENTATIVE,R,TX,5,H001036,115
1640,Darrell,ISSA,REPRESENTATIVE,R,CA,49,I000056,115
1692,John,CORNYN,SENATOR,R,TX,N/A,C001056,115
1692,John,CORNYN,SENATOR,R,TX,N/A,C001056,115
1837,Christopher,MURPHY,SENATOR,D,CT,N/A,M001169,115
1837,Christopher,MURPHY,SENATOR,D,CT,N/A,M001169,115
1829,Jon,TESTER,SENATOR,D,MT,N/A,T000464,115
457,Chuck,GRASSLEY,SENATOR,R,IA,N/A,G000386,115
859,Bill,NELSON,SENATOR,D,FL,N/A,N000032,115
859,Bill,NELSON,SENATOR,D,FL,N/A,N000032,115
859,Bill,NELSON,SENATOR,D,FL,N/A,N000032,115
1247,Ron,WYDEN,SENATOR,D,OR,N/A,W000779,115
2261,Lee,ZELDIN,REPRESENTATIVE,R,NY,1,Z000017,115
511,Alcee,HASTINGS,REPRESENTATIVE,D,FL,20,H000324,115
1351,Orrin,HATCH,SENATOR,R,UT,N/A,H000338,115
949,Jack,REED,REPRESENTATIVE,D,RI,23,R000122,115
949,Jack,REED,REPRESENTATIVE,D,RI,23,R000122,115
1383,Patrick,LEAHY,SENATOR,D,VT,N/A,L000174,115
1687,John,BOOZMAN,SENATOR,R,AR,N/A,B001236,115
2019,Todd,YOUNG,REPRESENTATIVE,R,IN,0,Y000064,115
1332,Dianne,FEINSTEIN,SENATOR,D,CA,N/A,F000062,115
1332,Dianne,FEINSTEIN,SENATOR,D,CA,N/A,F000062,115
791,Robert,MENENDEZ,SENATOR,D,NJ,N/A,M000639,115
1567,Tom,UDALL,SENATOR,D,NM,N/A,U000039,115
791,Robert,MENENDEZ,SENATOR,D,NJ,N/A,M000639,115
1901,Jeanne,SHAHEEN,SENATOR,D,NH,N/A,S001181,115
1901,Jeanne,SHAHEEN,SENATOR,D,NH,N/A,S001181,115
174,Benjamin,CARDIN,SENATOR,D,MD,N/A,C000141,115
735,Edward,MARKEY,SENATOR,D,MA,N/A,M000133,115
1837,Christopher,MURPHY,SENATOR,D,CT,N/A,M001169,115
1837,Christopher,MURPHY,SENATOR,D,CT,N/A,M001169,115
1984,Christopher,COONS,SENATOR,D,DE,N/A,C001088,115
174,Benjamin,CARDIN,SENATOR,D,MD,N/A,C000141,115
2080,Mike,LEE,REPRESENTATIVE,R,UT,13,L000577,115
1825,Bob,CORKER,SENATOR,R,TN,N/A,C001071,115
1692,John,CORNYN,SENATOR,R,TX,N/A,C001056,115
1825,Bob,CORKER,SENATOR,R,TN,N/A,C001071,115
1692,John,CORNYN,SENATOR,R,TX,N/A,C001056,115
1825,Bob,CORKER,SENATOR,R,TN,N/A,C001071,115
1010,Bernard,SANDERS,SENATOR,I,VT,N/A,S000033,115
1825,Bob,CORKER,SENATOR,R,TN,N/A,C001071,115
1692,John,CORNYN,SENATOR,R,TX,N/A,C001056,115
924,Rob,PORTMAN,SENATOR,R,OH,N/A,P000449,115
1692,John,CORNYN,SENATOR,R,TX,N/A,C001056,115
1791,Virginia,FOXX,REPRESENTATIVE,R,NC,5,F000450,115
1383,Patrick,LEAHY,SENATOR,D,VT,N/A,L000174,115
1332,Dianne,FEINSTEIN,SENATOR,D,CA,N/A,F000062,115
1332,Dianne,FEINSTEIN,SENATOR,D,CA,N/A,F000062,115
1383,Patrick,LEAHY,SENATOR,D,VT,N/A,L000174,115
