speaker_id,first_name,last_name,type,party,state,district,bio_guide_id,congress_id
1901,Jeanne,SHAHEEN,SENATOR,D,NH,N/A,S001181,115
2079,John,HOEVEN,SENATOR,R,ND,N/A,H001061,115
2079,John,HOEVEN,SENATOR,R,ND,N/A,H001061,115
2079,John,HOEVEN,SENATOR,R,ND,N/A,H001061,115
2079,John,HOEVEN,SENATOR,R,ND,N/A,H001061,115
2288,Mike,ROUNDS,N/A,R,SD,N/A,R000605,115
2261,Lee,ZELDIN,REPRESENTATIVE,R,NY,1,Z000017,115
1664,Patrick,TIBERI,REPRESENTATIVE,R,OH,12,T000462,115
1790,Emanuel,CLEAVER,REPRESENTATIVE,D,MO,5,C001061,115
2115,Ted,YOHO,REPRESENTATIVE,R,FL,3,Y000065,115
2337,Don,BACON,N/A,R,NE,N/A,B001298,115
2079,John,HOEVEN,SENATOR,R,ND,N/A,H001061,115
2079,John,HOEVEN,SENATOR,R,ND,N/A,H001061,115
1036,Charles,SCHUMER,SENATOR,D,NY,N/A,S000148,115
949,Jack,REED,REPRESENTATIVE,D,RI,23,R000122,115
2076,Richard,BLUMENTHAL,SENATOR,D,CT,N/A,B001277,115
1608,Johnny,ISAKSON,SENATOR,R,GA,N/A,I000055,115
174,Benjamin,CARDIN,SENATOR,D,MD,N/A,C000141,115
326,Richard,DURBIN,SENATOR,D,IL,N/A,D000563,115
1837,Christopher,MURPHY,SENATOR,D,CT,N/A,M001169,115
1507,Jerry,MORAN,SENATOR,R,KS,N/A,M000934,115
949,Jack,REED,REPRESENTATIVE,D,RI,23,R000122,115
1507,Jerry,MORAN,SENATOR,R,KS,N/A,M000934,115
2082,Rand,PAUL,REPRESENTATIVE,R,KY,4,P000603,115
949,Jack,REED,REPRESENTATIVE,D,RI,23,R000122,115
1825,Bob,CORKER,SENATOR,R,TN,N/A,C001071,115
1692,John,CORNYN,SENATOR,R,TX,N/A,C001056,115
326,Richard,DURBIN,SENATOR,D,IL,N/A,D000563,115
1692,John,CORNYN,SENATOR,R,TX,N/A,C001056,115
1984,Christopher,COONS,SENATOR,D,DE,N/A,C001088,115
1984,Christopher,COONS,SENATOR,D,DE,N/A,C001088,115
1534,John,THUNE,SENATOR,R,SD,N/A,T000250,115
1534,John,THUNE,SENATOR,R,SD,N/A,T000250,115
1464,Roy,BLUNT,SENATOR,R,MO,N/A,B000575,115
2288,Mike,ROUNDS,N/A,R,SD,N/A,R000605,115
1608,Johnny,ISAKSON,SENATOR,R,GA,N/A,I000055,115
1226,Roger,WICKER,SENATOR,R,MS,N/A,W000437,115
1226,Roger,WICKER,SENATOR,R,MS,N/A,W000437,115
1826,Amy,KLOBUCHAR,SENATOR,D,MN,N/A,K000367,115
1826,Amy,KLOBUCHAR,SENATOR,D,MN,N/A,K000367,115
1829,Jon,TESTER,SENATOR,D,MT,N/A,T000464,115
1881,John,BARRASSO,SENATOR,R,WY,N/A,B001261,115
1881,John,BARRASSO,SENATOR,R,WY,N/A,B001261,115
1351,Orrin,HATCH,SENATOR,R,UT,N/A,H000338,115
1351,Orrin,HATCH,SENATOR,R,UT,N/A,H000338,115
1531,Debbie,STABENOW,SENATOR,D,MI,N/A,S000770,115
1850,Joe,DONNELLY,SENATOR,D,IN,N/A,D000607,115
1850,Joe,DONNELLY,SENATOR,D,IN,N/A,D000607,115
1558,Tammy,BALDWIN,SENATOR,D,WI,N/A,B001230,115
1558,Tammy,BALDWIN,SENATOR,D,WI,N/A,B001230,115
2076,Richard,BLUMENTHAL,SENATOR,D,CT,N/A,B001277,115
2076,Richard,BLUMENTHAL,SENATOR,D,CT,N/A,B001277,115
2140,Richard,HUDSON,REPRESENTATIVE,R,NC,8,H001067,115
2017,Todd,ROKITA,REPRESENTATIVE,R,IN,4,R000592,115
1742,Tom,COLE,REPRESENTATIVE,R,OK,12,C001053,115
1742,Tom,COLE,REPRESENTATIVE,R,OK,12,C001053,115
1967,Mike,QUIGLEY,REPRESENTATIVE,D,IL,5,Q000023,115
1995,Jeff,DENHAM,REPRESENTATIVE,R,CA,10,D000612,115
1967,Mike,QUIGLEY,REPRESENTATIVE,D,IL,5,Q000023,115
2124,Bradley,SCHNEIDER,N/A,D,IL,N/A,S001190,115
1967,Mike,QUIGLEY,REPRESENTATIVE,D,IL,5,Q000023,115
1836,Joe,COURTNEY,REPRESENTATIVE,D,CT,2,C001069,115
1836,Joe,COURTNEY,REPRESENTATIVE,D,CT,2,C001069,115
1967,Mike,QUIGLEY,REPRESENTATIVE,D,IL,5,Q000023,115
2122,Tulsi,GABBARD,REPRESENTATIVE,D,HI,2,G000571,115
1967,Mike,QUIGLEY,REPRESENTATIVE,D,IL,5,Q000023,115
1848,Peter,ROSKAM,REPRESENTATIVE,R,IL,6,R000580,115
1848,Peter,ROSKAM,REPRESENTATIVE,R,IL,6,R000580,115
99,Earl,BLUMENAUER,REPRESENTATIVE,D,OR,3,B000574,115
99,Earl,BLUMENAUER,REPRESENTATIVE,D,OR,3,B000574,115
1848,Peter,ROSKAM,REPRESENTATIVE,R,IL,6,R000580,115
1848,Peter,ROSKAM,REPRESENTATIVE,R,IL,6,R000580,115
2131,Andy,BARR,REPRESENTATIVE,R,KY,11,B001282,115
99,Earl,BLUMENAUER,REPRESENTATIVE,D,OR,3,B000574,115
1848,Peter,ROSKAM,REPRESENTATIVE,R,IL,6,R000580,115
1848,Peter,ROSKAM,REPRESENTATIVE,R,IL,6,R000580,115
1848,Peter,ROSKAM,REPRESENTATIVE,R,IL,6,R000580,115
1967,Mike,QUIGLEY,REPRESENTATIVE,D,IL,5,Q000023,115
1967,Mike,QUIGLEY,REPRESENTATIVE,D,IL,5,Q000023,115
1848,Peter,ROSKAM,REPRESENTATIVE,R,IL,6,R000580,115
1834,Doug,LAMBORN,REPRESENTATIVE,R,CO,5,L000564,115
1848,Peter,ROSKAM,REPRESENTATIVE,R,IL,6,R000580,115
2261,Lee,ZELDIN,REPRESENTATIVE,R,NY,1,Z000017,115
1848,Peter,ROSKAM,REPRESENTATIVE,R,IL,6,R000580,115
2221,Gary,PALMER,REPRESENTATIVE,R,AL,6,P000609,115
2221,Gary,PALMER,REPRESENTATIVE,R,AL,6,P000609,115
868,Eleanor,NORTON,DELEGATE,D,DC,N/A,N000147,115
868,Eleanor,NORTON,DELEGATE,D,DC,N/A,N000147,115
2221,Gary,PALMER,REPRESENTATIVE,R,AL,6,P000609,115
2307,Andy,BIGGS,N/A,R,AZ,N/A,B001302,115
2221,Gary,PALMER,REPRESENTATIVE,R,AL,6,P000609,115
868,Eleanor,NORTON,DELEGATE,D,DC,N/A,N000147,115
868,Eleanor,NORTON,DELEGATE,D,DC,N/A,N000147,115
2221,Gary,PALMER,REPRESENTATIVE,R,AL,6,P000609,115
868,Eleanor,NORTON,DELEGATE,D,DC,N/A,N000147,115
868,Eleanor,NORTON,DELEGATE,D,DC,N/A,N000147,115
1967,Mike,QUIGLEY,REPRESENTATIVE,D,IL,5,Q000023,115
1967,Mike,QUIGLEY,REPRESENTATIVE,D,IL,5,Q000023,115
2221,Gary,PALMER,REPRESENTATIVE,R,AL,6,P000609,115
2221,Gary,PALMER,REPRESENTATIVE,R,AL,6,P000609,115
868,Eleanor,NORTON,DELEGATE,D,DC,N/A,N000147,115
1801,Louie,GOHMERT,REPRESENTATIVE,R,TX,1,G000552,115
1801,Louie,GOHMERT,REPRESENTATIVE,R,TX,1,G000552,115
1967,Mike,QUIGLEY,REPRESENTATIVE,D,IL,5,Q000023,115
1967,Mike,QUIGLEY,REPRESENTATIVE,D,IL,5,Q000023,115
1801,Louie,GOHMERT,REPRESENTATIVE,R,TX,1,G000552,115
1967,Mike,QUIGLEY,REPRESENTATIVE,D,IL,5,Q000023,115
1967,Mike,QUIGLEY,REPRESENTATIVE,D,IL,5,Q000023,115
868,Eleanor,NORTON,DELEGATE,D,DC,N/A,N000147,115
868,Eleanor,NORTON,DELEGATE,D,DC,N/A,N000147,115
868,Eleanor,NORTON,DELEGATE,D,DC,N/A,N000147,115
1857,Keith,ELLISON,REPRESENTATIVE,D,MN,5,E000288,115
1857,Keith,ELLISON,REPRESENTATIVE,D,MN,5,E000288,115
1857,Keith,ELLISON,REPRESENTATIVE,D,MN,5,E000288,115
1857,Keith,ELLISON,REPRESENTATIVE,D,MN,5,E000288,115
1931,Blaine,LUETKEMEYER,REPRESENTATIVE,R,MO,3,L000569,115
1931,Blaine,LUETKEMEYER,REPRESENTATIVE,R,MO,3,L000569,115
1857,Keith,ELLISON,REPRESENTATIVE,D,MN,5,E000288,115
1857,Keith,ELLISON,REPRESENTATIVE,D,MN,5,E000288,115
1967,Mike,QUIGLEY,REPRESENTATIVE,D,IL,5,Q000023,115
1857,Keith,ELLISON,REPRESENTATIVE,D,MN,5,E000288,115
1931,Blaine,LUETKEMEYER,REPRESENTATIVE,R,MO,3,L000569,115
2131,Andy,BARR,REPRESENTATIVE,R,KY,11,B001282,115
1931,Blaine,LUETKEMEYER,REPRESENTATIVE,R,MO,3,L000569,115
2158,Keith,ROTHFUS,REPRESENTATIVE,R,PA,12,R000598,115
1931,Blaine,LUETKEMEYER,REPRESENTATIVE,R,MO,3,L000569,115
1931,Blaine,LUETKEMEYER,REPRESENTATIVE,R,MO,3,L000569,115
1931,Blaine,LUETKEMEYER,REPRESENTATIVE,R,MO,3,L000569,115
1857,Keith,ELLISON,REPRESENTATIVE,D,MN,5,E000288,115
1857,Keith,ELLISON,REPRESENTATIVE,D,MN,5,E000288,115
1857,Keith,ELLISON,REPRESENTATIVE,D,MN,5,E000288,115
1857,Keith,ELLISON,REPRESENTATIVE,D,MN,5,E000288,115
2131,Andy,BARR,REPRESENTATIVE,R,KY,11,B001282,115
2131,Andy,BARR,REPRESENTATIVE,R,KY,11,B001282,115
2131,Andy,BARR,REPRESENTATIVE,R,KY,11,B001282,115
1931,Blaine,LUETKEMEYER,REPRESENTATIVE,R,MO,3,L000569,115
2131,Andy,BARR,REPRESENTATIVE,R,KY,11,B001282,115
2131,Andy,BARR,REPRESENTATIVE,R,KY,11,B001282,115
1857,Keith,ELLISON,REPRESENTATIVE,D,MN,5,E000288,115
1857,Keith,ELLISON,REPRESENTATIVE,D,MN,5,E000288,115
1857,Keith,ELLISON,REPRESENTATIVE,D,MN,5,E000288,115
1931,Blaine,LUETKEMEYER,REPRESENTATIVE,R,MO,3,L000569,115
1931,Blaine,LUETKEMEYER,REPRESENTATIVE,R,MO,3,L000569,115
1857,Keith,ELLISON,REPRESENTATIVE,D,MN,5,E000288,115
1931,Blaine,LUETKEMEYER,REPRESENTATIVE,R,MO,3,L000569,115
2158,Keith,ROTHFUS,REPRESENTATIVE,R,PA,12,R000598,115
1931,Blaine,LUETKEMEYER,REPRESENTATIVE,R,MO,3,L000569,115
1931,Blaine,LUETKEMEYER,REPRESENTATIVE,R,MO,3,L000569,115
1931,Blaine,LUETKEMEYER,REPRESENTATIVE,R,MO,3,L000569,115
1857,Keith,ELLISON,REPRESENTATIVE,D,MN,5,E000288,115
2334,Paul,MITCHELL,N/A,R,MI,N/A,M001201,115
2334,Paul,MITCHELL,N/A,R,MI,N/A,M001201,115
1967,Mike,QUIGLEY,REPRESENTATIVE,D,IL,5,Q000023,115
1967,Mike,QUIGLEY,REPRESENTATIVE,D,IL,5,Q000023,115
2334,Paul,MITCHELL,N/A,R,MI,N/A,M001201,115
1967,Mike,QUIGLEY,REPRESENTATIVE,D,IL,5,Q000023,115
2334,Paul,MITCHELL,N/A,R,MI,N/A,M001201,115
1967,Mike,QUIGLEY,REPRESENTATIVE,D,IL,5,Q000023,115
2131,Andy,BARR,REPRESENTATIVE,R,KY,11,B001282,115
2028,Bill,HUIZENGA,REPRESENTATIVE,R,MI,2,H001058,115
2028,Bill,HUIZENGA,REPRESENTATIVE,R,MI,2,H001058,115
2028,Bill,HUIZENGA,REPRESENTATIVE,R,MI,2,H001058,115
1811,Gwen,MOORE,SENATOR,D,WI,N/A,M001160,115
1811,Gwen,MOORE,SENATOR,D,WI,N/A,M001160,115
1811,Gwen,MOORE,SENATOR,D,WI,N/A,M001160,115
2170,Denny,HECK,REPRESENTATIVE,D,WA,3,H001064,115
2170,Denny,HECK,REPRESENTATIVE,D,WA,3,H001064,115
2170,Denny,HECK,REPRESENTATIVE,D,WA,3,H001064,115
186,Steve,CHABOT,REPRESENTATIVE,R,OH,1,C000266,115
186,Steve,CHABOT,REPRESENTATIVE,R,OH,1,C000266,115
2170,Denny,HECK,REPRESENTATIVE,D,WA,3,H001064,115
186,Steve,CHABOT,REPRESENTATIVE,R,OH,1,C000266,115
1967,Mike,QUIGLEY,REPRESENTATIVE,D,IL,5,Q000023,115
1967,Mike,QUIGLEY,REPRESENTATIVE,D,IL,5,Q000023,115
2169,Derek,KILMER,REPRESENTATIVE,D,WA,6,K000381,115
1967,Mike,QUIGLEY,REPRESENTATIVE,D,IL,5,Q000023,115
2090,Mark,AMODEI,REPRESENTATIVE,R,NV,2,A000369,115
2090,Mark,AMODEI,REPRESENTATIVE,R,NV,2,A000369,115
2229,Pete,AGUILAR,REPRESENTATIVE,D,CA,31,A000371,115
2090,Mark,AMODEI,REPRESENTATIVE,R,NV,2,A000369,115
1931,Blaine,LUETKEMEYER,REPRESENTATIVE,R,MO,3,L000569,115
1931,Blaine,LUETKEMEYER,REPRESENTATIVE,R,MO,3,L000569,115
2090,Mark,AMODEI,REPRESENTATIVE,R,NV,2,A000369,115
2134,Daniel,KILDEE,REPRESENTATIVE,D,MI,5,K000380,115
2134,Daniel,KILDEE,REPRESENTATIVE,D,MI,5,K000380,115
2134,Daniel,KILDEE,REPRESENTATIVE,D,MI,5,K000380,115
2065,Bill,FLORES,REPRESENTATIVE,R,TX,17,F000461,115
414,Rodney,FRELINGHUYSEN,REPRESENTATIVE,R,NJ,11,F000372,115
414,Rodney,FRELINGHUYSEN,REPRESENTATIVE,R,NJ,11,F000372,115
446,Bob,GOODLATTE,REPRESENTATIVE,R,VA,6,G000289,115
1742,Tom,COLE,REPRESENTATIVE,R,OK,12,C001053,115
2115,Ted,YOHO,REPRESENTATIVE,R,FL,3,Y000065,115
2247,Bruce,POLIQUIN,REPRESENTATIVE,R,ME,2,P000611,115
2113,Scott,PETERS,REPRESENTATIVE,D,CA,52,P000608,115
2115,Ted,YOHO,REPRESENTATIVE,R,FL,3,Y000065,115
414,Rodney,FRELINGHUYSEN,REPRESENTATIVE,R,NJ,11,F000372,115
414,Rodney,FRELINGHUYSEN,REPRESENTATIVE,R,NJ,11,F000372,115
1351,Orrin,HATCH,SENATOR,R,UT,N/A,H000338,115
2079,John,HOEVEN,SENATOR,R,ND,N/A,H001061,115
2079,John,HOEVEN,SENATOR,R,ND,N/A,H001061,115
1884,Niki,TSONGAS,REPRESENTATIVE,D,MA,3,T000465,115
2255,Mark,WALKER,REPRESENTATIVE,R,NC,6,W000819,115
1936,Leonard,LANCE,REPRESENTATIVE,R,NJ,7,L000567,115
2123,Tammy,DUCKWORTH,REPRESENTATIVE,D,IL,8,D000622,115
1668,James,LANGEVIN,REPRESENTATIVE,D,RI,2,L000559,115
949,Jack,REED,REPRESENTATIVE,D,RI,23,R000122,115
616,Marcy,KAPTUR,REPRESENTATIVE,D,OH,8,K000009,115
791,Robert,MENENDEZ,SENATOR,D,NJ,N/A,M000639,115
2168,Chris,STEWART,REPRESENTATIVE,R,UT,2,S001192,115
2239,Rick,ALLEN,REPRESENTATIVE,R,GA,12,A000372,115
2011,Raul,LABRADOR,REPRESENTATIVE,R,ID,1,L000573,115
2011,Raul,LABRADOR,REPRESENTATIVE,R,ID,1,L000573,115
2011,Raul,LABRADOR,REPRESENTATIVE,R,ID,1,L000573,115
701,Zoe,LOFGREN,REPRESENTATIVE,D,CA,19,L000397,115
2011,Raul,LABRADOR,REPRESENTATIVE,R,ID,1,L000573,115
2273,Barbara,COMSTOCK,REPRESENTATIVE,R,VA,10,C001105,115
2011,Raul,LABRADOR,REPRESENTATIVE,R,ID,1,L000573,115
2273,Barbara,COMSTOCK,REPRESENTATIVE,R,VA,10,C001105,115
701,Zoe,LOFGREN,REPRESENTATIVE,D,CA,19,L000397,115
850,Jerrold,NADLER,REPRESENTATIVE,D,NY,10,N000002,115
2011,Raul,LABRADOR,REPRESENTATIVE,R,ID,1,L000573,115
701,Zoe,LOFGREN,REPRESENTATIVE,D,CA,19,L000397,115
2011,Raul,LABRADOR,REPRESENTATIVE,R,ID,1,L000573,115
446,Bob,GOODLATTE,REPRESENTATIVE,R,VA,6,G000289,115
2011,Raul,LABRADOR,REPRESENTATIVE,R,ID,1,L000573,115
446,Bob,GOODLATTE,REPRESENTATIVE,R,VA,6,G000289,115
701,Zoe,LOFGREN,REPRESENTATIVE,D,CA,19,L000397,115
701,Zoe,LOFGREN,REPRESENTATIVE,D,CA,19,L000397,115
2320,Val,DEMINGS,N/A,D,FL,N/A,D000627,115
2011,Raul,LABRADOR,REPRESENTATIVE,R,ID,1,L000573,115
701,Zoe,LOFGREN,REPRESENTATIVE,D,CA,19,L000397,115
2011,Raul,LABRADOR,REPRESENTATIVE,R,ID,1,L000573,115
2350,Jodey,ARRINGTON,N/A,R,TX,N/A,A000375,115
701,Zoe,LOFGREN,REPRESENTATIVE,D,CA,19,L000397,115
701,Zoe,LOFGREN,REPRESENTATIVE,D,CA,19,L000397,115
2011,Raul,LABRADOR,REPRESENTATIVE,R,ID,1,L000573,115
229,John,CONYERS,REPRESENTATIVE,D,MI,13,C000714,115
2270,Brian,BABIN,REPRESENTATIVE,R,TX,36,B001291,115
2272,Donald,BEYER,REPRESENTATIVE,D,VA,8,B001292,115
2272,Donald,BEYER,REPRESENTATIVE,D,VA,8,B001292,115
2272,Donald,BEYER,REPRESENTATIVE,D,VA,8,B001292,115
2273,Barbara,COMSTOCK,REPRESENTATIVE,R,VA,10,C001105,115
2273,Barbara,COMSTOCK,REPRESENTATIVE,R,VA,10,C001105,115
2272,Donald,BEYER,REPRESENTATIVE,D,VA,8,B001292,115
701,Zoe,LOFGREN,REPRESENTATIVE,D,CA,19,L000397,115
1878,Steve,COHEN,REPRESENTATIVE,D,TN,9,C001068,115
1878,Steve,COHEN,REPRESENTATIVE,D,TN,9,C001068,115
2291,Thom,TILLIS,SENATOR,R,NC,N/A,T000476,115
2149,Hakeem,JEFFRIES,REPRESENTATIVE,D,NY,8,J000294,115
2084,Marco,RUBIO,SENATOR,R,FL,N/A,R000595,115
2165,Roger,WILLIAMS,REPRESENTATIVE,R,TX,25,W000816,115
2055,David,CICILLINE,REPRESENTATIVE,D,RI,1,C001084,115
2341,Thomas,SUOZZI,N/A,D,NY,N/A,S001201,115
1036,Charles,SCHUMER,SENATOR,D,NY,N/A,S000148,115
2124,Bradley,SCHNEIDER,N/A,D,IL,N/A,S001190,115
1247,Ron,WYDEN,SENATOR,D,OR,N/A,W000779,115
1247,Ron,WYDEN,SENATOR,D,OR,N/A,W000779,115
1247,Ron,WYDEN,SENATOR,D,OR,N/A,W000779,115
1950,Kurt,SCHRADER,REPRESENTATIVE,D,OR,5,S001180,115
1036,Charles,SCHUMER,SENATOR,D,NY,N/A,S000148,115
2354,Pramila,JAYAPAL,N/A,D,WA,N/A,J000298,115
511,Alcee,HASTINGS,REPRESENTATIVE,D,FL,20,H000324,115
511,Alcee,HASTINGS,REPRESENTATIVE,D,FL,20,H000324,115
701,Zoe,LOFGREN,REPRESENTATIVE,D,CA,19,L000397,115
701,Zoe,LOFGREN,REPRESENTATIVE,D,CA,19,L000397,115
1986,Martha,ROBY,REPRESENTATIVE,R,AL,2,R000591,115
511,Alcee,HASTINGS,REPRESENTATIVE,D,FL,20,H000324,115
511,Alcee,HASTINGS,REPRESENTATIVE,D,FL,20,H000324,115
1757,Linda,SANCHEZ,REPRESENTATIVE,D,CA,38,S001156,115
1757,Linda,SANCHEZ,REPRESENTATIVE,D,CA,38,S001156,115
511,Alcee,HASTINGS,REPRESENTATIVE,D,FL,20,H000324,115
1757,Linda,SANCHEZ,REPRESENTATIVE,D,CA,38,S001156,115
511,Alcee,HASTINGS,REPRESENTATIVE,D,FL,20,H000324,115
511,Alcee,HASTINGS,REPRESENTATIVE,D,FL,20,H000324,115
511,Alcee,HASTINGS,REPRESENTATIVE,D,FL,20,H000324,115
511,Alcee,HASTINGS,REPRESENTATIVE,D,FL,20,H000324,115
1501,Barbara,LEE,REPRESENTATIVE,D,CA,13,L000551,115
1668,James,LANGEVIN,REPRESENTATIVE,D,RI,2,L000559,115
2345,Brian,FITZPATRICK,REPRESENTATIVE,R,PA,8,F000466,115
905,Nancy,PELOSI,REPRESENTATIVE,D,CA,12,P000197,115
2345,Brian,FITZPATRICK,REPRESENTATIVE,R,PA,8,F000466,115
2345,Brian,FITZPATRICK,REPRESENTATIVE,R,PA,8,F000466,115
566,Steny,HOYER,REPRESENTATIVE,D,MD,5,H000874,115
1003,Bobby,RUSH,REPRESENTATIVE,D,IL,1,R000515,115
1930,Erik,PAULSEN,REPRESENTATIVE,R,MN,3,P000594,115
2350,Jodey,ARRINGTON,N/A,R,TX,N/A,A000375,115
1036,Charles,SCHUMER,SENATOR,D,NY,N/A,S000148,115
2269,Will,HURD,REPRESENTATIVE,R,TX,23,H001073,115
1247,Ron,WYDEN,SENATOR,D,OR,N/A,W000779,115
1930,Erik,PAULSEN,REPRESENTATIVE,R,MN,3,P000594,114
2325,Raja,KRISHNAMOORTHI,N/A,D,IL,N/A,K000391,115
2243,Mike,BOST,REPRESENTATIVE,R,IL,12,B001295,115
2309,Jimmy,PANETTA,N/A,D,CA,N/A,P000613,115
