speaker_id,first_name,last_name,type,party,state,district,bio_guide_id,congress_id
566,Steny,HOYER,REPRESENTATIVE,D,MD,5,H000874,115
566,Steny,HOYER,REPRESENTATIVE,D,MD,5,H000874,115
566,Steny,HOYER,REPRESENTATIVE,D,MD,5,H000874,115
566,Steny,HOYER,REPRESENTATIVE,D,MD,5,H000874,115
1900,Jeff,MERKLEY,SENATOR,D,OR,N/A,M001176,115
791,Robert,MENENDEZ,SENATOR,D,NJ,N/A,M000639,115
1853,John,YARMUTH,REPRESENTATIVE,D,KY,3,Y000062,115
1853,John,YARMUTH,REPRESENTATIVE,D,KY,3,Y000062,115
2255,Mark,WALKER,REPRESENTATIVE,R,NC,6,W000819,115
2255,Mark,WALKER,REPRESENTATIVE,R,NC,6,W000819,115
1853,John,YARMUTH,REPRESENTATIVE,D,KY,3,Y000062,115
2065,Bill,FLORES,REPRESENTATIVE,R,TX,17,F000461,115
2065,Bill,FLORES,REPRESENTATIVE,R,TX,17,F000461,115
1853,John,YARMUTH,REPRESENTATIVE,D,KY,3,Y000062,115
1588,Janice,SCHAKOWSKY,REPRESENTATIVE,D,IL,9,S001145,115
2221,Gary,PALMER,REPRESENTATIVE,R,AL,6,P000609,115
1853,John,YARMUTH,REPRESENTATIVE,D,KY,3,Y000062,115
1879,Peter,WELCH,REPRESENTATIVE,D,VT,0,W000800,115
1853,John,YARMUTH,REPRESENTATIVE,D,KY,3,Y000062,115
1879,Peter,WELCH,REPRESENTATIVE,D,VT,0,W000800,115
1853,John,YARMUTH,REPRESENTATIVE,D,KY,3,Y000062,115
99999999999999,First Name unavailable,MCCLINTOCK,Type Unavailable,Party Info Unavailable,state info unavailable,District Unavailable,BioGuideID unavailable,CongressID unavailable
99999999999999,First Name unavailable,MCCLINTOCK,Type Unavailable,Party Info Unavailable,state info unavailable,District Unavailable,BioGuideID unavailable,CongressID unavailable
1602,Grace,NAPOLITANO,REPRESENTATIVE,D,CA,32,N000179,115
1853,John,YARMUTH,REPRESENTATIVE,D,KY,3,Y000062,115
1853,John,YARMUTH,REPRESENTATIVE,D,KY,3,Y000062,115
2063,Diane,BLACK,REPRESENTATIVE,R,TN,6,B001273,115
2063,Diane,BLACK,REPRESENTATIVE,R,TN,6,B001273,115
1853,John,YARMUTH,REPRESENTATIVE,D,KY,3,Y000062,115
2149,Hakeem,JEFFRIES,REPRESENTATIVE,D,NY,8,J000294,115
250,Mike,CRAPO,SENATOR,R,ID,N/A,C000880,115
250,Mike,CRAPO,SENATOR,R,ID,N/A,C000880,115
2353,Thomas,GARRETT,REPRESENTATIVE,R,VA,5,G000580,115
1036,Charles,SCHUMER,SENATOR,D,NY,N/A,S000148,115
1036,Charles,SCHUMER,SENATOR,D,NY,N/A,S000148,115
1036,Charles,SCHUMER,SENATOR,D,NY,N/A,S000148,115
1036,Charles,SCHUMER,SENATOR,D,NY,N/A,S000148,115
1247,Ron,WYDEN,SENATOR,D,OR,N/A,W000779,115
1247,Ron,WYDEN,SENATOR,D,OR,N/A,W000779,115
153,Richard,BURR,SENATOR,R,NC,N/A,B001135,115
153,Richard,BURR,SENATOR,R,NC,N/A,B001135,115
1692,John,CORNYN,SENATOR,R,TX,N/A,C001056,115
326,Richard,DURBIN,SENATOR,D,IL,N/A,D000563,115
1692,John,CORNYN,SENATOR,R,TX,N/A,C001056,115
1395,Mitch,KING,REPRESENTATIVE,R,KY,4,M000355,115
1395,Mitch,KING,REPRESENTATIVE,R,KY,4,M000355,115
1351,Orrin,HATCH,SENATOR,R,UT,N/A,H000338,115
1828,Robert,CASEY,SENATOR,D,PA,N/A,C001070,115
1828,Robert,CASEY,SENATOR,D,PA,N/A,C001070,115
2050,James,LANKFORD,SENATOR,R,OK,N/A,L000575,115
1247,Ron,WYDEN,SENATOR,D,OR,N/A,W000779,115
136,Sherrod,BROWN,REPRESENTATIVE,D,OH,26,B000944,115
136,Sherrod,BROWN,REPRESENTATIVE,D,OH,26,B000944,115
1464,Roy,BLUNT,SENATOR,R,MO,N/A,B000575,115
1464,Roy,BLUNT,SENATOR,R,MO,N/A,B000575,115
1608,Johnny,ISAKSON,SENATOR,R,GA,N/A,I000055,115
1881,John,BARRASSO,SENATOR,R,WY,N/A,B001261,115
2288,Mike,ROUNDS,N/A,R,SD,N/A,R000605,115
2291,Thom,TILLIS,SENATOR,R,NC,N/A,T000476,115
1828,Robert,CASEY,SENATOR,D,PA,N/A,C001070,115
1900,Jeff,MERKLEY,SENATOR,D,OR,N/A,M001176,115
1900,Jeff,MERKLEY,SENATOR,D,OR,N/A,M001176,115
326,Richard,DURBIN,SENATOR,D,IL,N/A,D000563,115
326,Richard,DURBIN,SENATOR,D,IL,N/A,D000563,115
2086,Ron,JOHNSON,REPRESENTATIVE,R,WI,4,J000293,115
1692,John,CORNYN,SENATOR,R,TX,N/A,C001056,115
326,Richard,DURBIN,SENATOR,D,IL,N/A,D000563,115
457,Chuck,GRASSLEY,SENATOR,R,IA,N/A,G000386,115
1801,Louie,GOHMERT,REPRESENTATIVE,R,TX,1,G000552,115
2345,Brian,FITZPATRICK,REPRESENTATIVE,R,PA,8,F000466,115
2201,Alma,ADAMS,REPRESENTATIVE,D,NC,12,A000370,115
1801,Louie,GOHMERT,REPRESENTATIVE,R,TX,1,G000552,115
1801,Louie,GOHMERT,REPRESENTATIVE,R,TX,1,G000552,115
1801,Louie,GOHMERT,REPRESENTATIVE,R,TX,1,G000552,115
457,Chuck,GRASSLEY,SENATOR,R,IA,N/A,G000386,115
2113,Scott,PETERS,REPRESENTATIVE,D,CA,52,P000608,115
250,Mike,CRAPO,SENATOR,R,ID,N/A,C000880,115
2275,Dan,NEWHOUSE,REPRESENTATIVE,R,WA,4,N000189,115
2314,Matt,GAETZ,N/A,R,FL,N/A,G000578,115
2063,Diane,BLACK,REPRESENTATIVE,R,TN,6,B001273,115
2063,Diane,BLACK,REPRESENTATIVE,R,TN,6,B001273,115
1853,John,YARMUTH,REPRESENTATIVE,D,KY,3,Y000062,115
2063,Diane,BLACK,REPRESENTATIVE,R,TN,6,B001273,115
2017,Todd,ROKITA,REPRESENTATIVE,R,IN,4,R000592,115
1853,John,YARMUTH,REPRESENTATIVE,D,KY,3,Y000062,115
2246,Seth,MOULTON,REPRESENTATIVE,D,MA,6,M001196,115
2063,Diane,BLACK,REPRESENTATIVE,R,TN,6,B001273,115
1853,John,YARMUTH,REPRESENTATIVE,D,KY,3,Y000062,115
2063,Diane,BLACK,REPRESENTATIVE,R,TN,6,B001273,115
1742,Tom,COLE,REPRESENTATIVE,R,OK,12,C001053,115
1853,John,YARMUTH,REPRESENTATIVE,D,KY,3,Y000062,115
2310,Salud,CARBAJAL,N/A,D,CA,N/A,C001112,115
1853,John,YARMUTH,REPRESENTATIVE,D,KY,3,Y000062,115
2310,Salud,CARBAJAL,N/A,D,CA,N/A,C001112,115
2063,Diane,BLACK,REPRESENTATIVE,R,TN,6,B001273,115
1853,John,YARMUTH,REPRESENTATIVE,D,KY,3,Y000062,115
854,Richard,NEAL,REPRESENTATIVE,D,MA,1,N000015,115
2063,Diane,BLACK,REPRESENTATIVE,R,TN,6,B001273,115
1853,John,YARMUTH,REPRESENTATIVE,D,KY,3,Y000062,115
2063,Diane,BLACK,REPRESENTATIVE,R,TN,6,B001273,115
2239,Rick,ALLEN,REPRESENTATIVE,R,GA,12,A000372,115
1853,John,YARMUTH,REPRESENTATIVE,D,KY,3,Y000062,115
566,Steny,HOYER,REPRESENTATIVE,D,MD,5,H000874,115
1853,John,YARMUTH,REPRESENTATIVE,D,KY,3,Y000062,115
566,Steny,HOYER,REPRESENTATIVE,D,MD,5,H000874,115
1853,John,YARMUTH,REPRESENTATIVE,D,KY,3,Y000062,115
566,Steny,HOYER,REPRESENTATIVE,D,MD,5,H000874,115
2063,Diane,BLACK,REPRESENTATIVE,R,TN,6,B001273,115
2224,Bruce,WESTERMAN,REPRESENTATIVE,R,AR,4,W000821,115
1853,John,YARMUTH,REPRESENTATIVE,D,KY,3,Y000062,115
1501,Barbara,LEE,REPRESENTATIVE,D,CA,13,L000551,115
1853,John,YARMUTH,REPRESENTATIVE,D,KY,3,Y000062,115
1501,Barbara,LEE,REPRESENTATIVE,D,CA,13,L000551,115
2063,Diane,BLACK,REPRESENTATIVE,R,TN,6,B001273,115
1012,Mark,SANFORD,REPRESENTATIVE,R,SC,2,S000051,115
2063,Diane,BLACK,REPRESENTATIVE,R,TN,6,B001273,115
1012,Mark,SANFORD,REPRESENTATIVE,R,SC,2,S000051,115
1853,John,YARMUTH,REPRESENTATIVE,D,KY,3,Y000062,115
2063,Diane,BLACK,REPRESENTATIVE,R,TN,6,B001273,115
1848,Peter,ROSKAM,REPRESENTATIVE,R,IL,6,R000580,115
1853,John,YARMUTH,REPRESENTATIVE,D,KY,3,Y000062,115
709,Nita,LOWEY,REPRESENTATIVE,D,NY,17,L000480,115
2063,Diane,BLACK,REPRESENTATIVE,R,TN,6,B001273,115
2350,Jodey,ARRINGTON,N/A,R,TX,N/A,A000375,115
1853,John,YARMUTH,REPRESENTATIVE,D,KY,3,Y000062,115
1853,John,YARMUTH,REPRESENTATIVE,D,KY,3,Y000062,115
2063,Diane,BLACK,REPRESENTATIVE,R,TN,6,B001273,115
2333,Jack,BERGMAN,N/A,R,MI,N/A,B001301,115
1853,John,YARMUTH,REPRESENTATIVE,D,KY,3,Y000062,115
1959,Gerald,CONNOLLY,REPRESENTATIVE,D,VA,11,C001078,115
2063,Diane,BLACK,REPRESENTATIVE,R,TN,6,B001273,115
1991,Steve,WOMACK,REPRESENTATIVE,R,AR,3,W000809,115
1853,John,YARMUTH,REPRESENTATIVE,D,KY,3,Y000062,115
1510,Bill,PASCRELL,REPRESENTATIVE,D,NJ,9,P000096,115
1853,John,YARMUTH,REPRESENTATIVE,D,KY,3,Y000062,115
1510,Bill,PASCRELL,REPRESENTATIVE,D,NJ,9,P000096,115
2063,Diane,BLACK,REPRESENTATIVE,R,TN,6,B001273,115
2324,A.,FERGUSON,N/A,R,GA,N/A,F000465,115
1853,John,YARMUTH,REPRESENTATIVE,D,KY,3,Y000062,115
1604,Joseph,CROWLEY,REPRESENTATIVE,D,NY,14,C001038,115
1853,John,YARMUTH,REPRESENTATIVE,D,KY,3,Y000062,115
1604,Joseph,CROWLEY,REPRESENTATIVE,D,NY,14,C001038,115
2063,Diane,BLACK,REPRESENTATIVE,R,TN,6,B001273,115
1853,John,YARMUTH,REPRESENTATIVE,D,KY,3,Y000062,115
2063,Diane,BLACK,REPRESENTATIVE,R,TN,6,B001273,115
2334,Paul,MITCHELL,N/A,R,MI,N/A,M001201,115
1853,John,YARMUTH,REPRESENTATIVE,D,KY,3,Y000062,115
2308,Ro,KHANNA,N/A,D,CA,N/A,K000389,115
2063,Diane,BLACK,REPRESENTATIVE,R,TN,6,B001273,115
2346,Lloyd,SMUCKER,N/A,R,PA,N/A,S001199,115
1853,John,YARMUTH,REPRESENTATIVE,D,KY,3,Y000062,115
1853,John,YARMUTH,REPRESENTATIVE,D,KY,3,Y000062,115
2063,Diane,BLACK,REPRESENTATIVE,R,TN,6,B001273,115
2361,Ralph,NORMAN,N/A,R,SC,N/A,N000190,115
1853,John,YARMUTH,REPRESENTATIVE,D,KY,3,Y000062,115
2325,Raja,KRISHNAMOORTHI,N/A,D,IL,N/A,K000391,115
2063,Diane,BLACK,REPRESENTATIVE,R,TN,6,B001273,115
1527,John,SHIMKUS,REPRESENTATIVE,R,IL,15,S000364,115
1853,John,YARMUTH,REPRESENTATIVE,D,KY,3,Y000062,115
2063,Diane,BLACK,REPRESENTATIVE,R,TN,6,B001273,115
1853,John,YARMUTH,REPRESENTATIVE,D,KY,3,Y000062,115
1853,John,YARMUTH,REPRESENTATIVE,D,KY,3,Y000062,115
2063,Diane,BLACK,REPRESENTATIVE,R,TN,6,B001273,115
1738,Stevan,PEARCE,REPRESENTATIVE,R,NM,2,P000588,115
1853,John,YARMUTH,REPRESENTATIVE,D,KY,3,Y000062,115
2063,Diane,BLACK,REPRESENTATIVE,R,TN,6,B001273,115
1853,John,YARMUTH,REPRESENTATIVE,D,KY,3,Y000062,115
2063,Diane,BLACK,REPRESENTATIVE,R,TN,6,B001273,115
1664,Patrick,TIBERI,REPRESENTATIVE,R,OH,12,T000462,115
1664,Patrick,TIBERI,REPRESENTATIVE,R,OH,12,T000462,115
1664,Patrick,TIBERI,REPRESENTATIVE,R,OH,12,T000462,115
1664,Patrick,TIBERI,REPRESENTATIVE,R,OH,12,T000462,115
1930,Erik,PAULSEN,REPRESENTATIVE,R,MN,3,P000594,115
1664,Patrick,TIBERI,REPRESENTATIVE,R,OH,12,T000462,115
2272,Donald,BEYER,REPRESENTATIVE,D,VA,8,B001292,115
2272,Donald,BEYER,REPRESENTATIVE,D,VA,8,B001292,115
1664,Patrick,TIBERI,REPRESENTATIVE,R,OH,12,T000462,115
1664,Patrick,TIBERI,REPRESENTATIVE,R,OH,12,T000462,115
1664,Patrick,TIBERI,REPRESENTATIVE,R,OH,12,T000462,115
1805,K.,CONAWAY,REPRESENTATIVE,R,TX,11,C001062,115
1664,Patrick,TIBERI,REPRESENTATIVE,R,OH,12,T000462,115
2063,Diane,BLACK,REPRESENTATIVE,R,TN,6,B001273,115
1853,John,YARMUTH,REPRESENTATIVE,D,KY,3,Y000062,115
2354,Pramila,JAYAPAL,N/A,D,WA,N/A,J000298,115
1853,John,YARMUTH,REPRESENTATIVE,D,KY,3,Y000062,115
2354,Pramila,JAYAPAL,N/A,D,WA,N/A,J000298,115
2063,Diane,BLACK,REPRESENTATIVE,R,TN,6,B001273,115
1853,John,YARMUTH,REPRESENTATIVE,D,KY,3,Y000062,115
2063,Diane,BLACK,REPRESENTATIVE,R,TN,6,B001273,115
1853,John,YARMUTH,REPRESENTATIVE,D,KY,3,Y000062,115
2063,Diane,BLACK,REPRESENTATIVE,R,TN,6,B001273,115
1853,John,YARMUTH,REPRESENTATIVE,D,KY,3,Y000062,115
1853,John,YARMUTH,REPRESENTATIVE,D,KY,3,Y000062,115
2063,Diane,BLACK,REPRESENTATIVE,R,TN,6,B001273,115
2063,Diane,BLACK,REPRESENTATIVE,R,TN,6,B001273,115
1853,John,YARMUTH,REPRESENTATIVE,D,KY,3,Y000062,115
1895,Marcia,FUDGE,REPRESENTATIVE,D,OH,11,F000455,115
2063,Diane,BLACK,REPRESENTATIVE,R,TN,6,B001273,115
1853,John,YARMUTH,REPRESENTATIVE,D,KY,3,Y000062,115
303,Lloyd,DOGGETT,REPRESENTATIVE,D,TX,35,D000399,115
1853,John,YARMUTH,REPRESENTATIVE,D,KY,3,Y000062,115
303,Lloyd,DOGGETT,REPRESENTATIVE,D,TX,35,D000399,115
2063,Diane,BLACK,REPRESENTATIVE,R,TN,6,B001273,115
2063,Diane,BLACK,REPRESENTATIVE,R,TN,6,B001273,115
1853,John,YARMUTH,REPRESENTATIVE,D,KY,3,Y000062,115
2063,Diane,BLACK,REPRESENTATIVE,R,TN,6,B001273,115
2063,Diane,BLACK,REPRESENTATIVE,R,TN,6,B001273,115
1708,Raul,GRIJALVA,REPRESENTATIVE,D,AZ,3,G000551,115
1708,Raul,GRIJALVA,REPRESENTATIVE,D,AZ,3,G000551,115
1708,Raul,GRIJALVA,REPRESENTATIVE,D,AZ,3,G000551,115
2171,Mark,POCAN,REPRESENTATIVE,D,WI,2,P000607,115
2008,Rob,WOODALL,REPRESENTATIVE,R,GA,7,W000810,115
1708,Raul,GRIJALVA,REPRESENTATIVE,D,AZ,3,G000551,115
2354,Pramila,JAYAPAL,N/A,D,WA,N/A,J000298,115
2221,Gary,PALMER,REPRESENTATIVE,R,AL,6,P000609,115
2221,Gary,PALMER,REPRESENTATIVE,R,AL,6,P000609,115
1708,Raul,GRIJALVA,REPRESENTATIVE,D,AZ,3,G000551,115
2276,Glenn,GROTHMAN,REPRESENTATIVE,R,WI,6,G000576,115
1708,Raul,GRIJALVA,REPRESENTATIVE,D,AZ,3,G000551,115
2342,Adriano,ESPAILLAT,N/A,D,NY,N/A,E000297,115
1708,Raul,GRIJALVA,REPRESENTATIVE,D,AZ,3,G000551,115
1708,Raul,GRIJALVA,REPRESENTATIVE,D,AZ,3,G000551,115
1501,Barbara,LEE,REPRESENTATIVE,D,CA,13,L000551,115
1708,Raul,GRIJALVA,REPRESENTATIVE,D,AZ,3,G000551,115
1708,Raul,GRIJALVA,REPRESENTATIVE,D,AZ,3,G000551,115
1708,Raul,GRIJALVA,REPRESENTATIVE,D,AZ,3,G000551,115
2324,A.,FERGUSON,N/A,R,GA,N/A,F000465,115
2324,A.,FERGUSON,N/A,R,GA,N/A,F000465,115
2023,Cedric,RICHMOND,REPRESENTATIVE,D,LA,2,R000588,115
2324,A.,FERGUSON,N/A,R,GA,N/A,F000465,115
1501,Barbara,LEE,REPRESENTATIVE,D,CA,13,L000551,115
2324,A.,FERGUSON,N/A,R,GA,N/A,F000465,115
2314,Matt,GAETZ,N/A,R,FL,N/A,G000578,115
2324,A.,FERGUSON,N/A,R,GA,N/A,F000465,115
2361,Ralph,NORMAN,N/A,R,SC,N/A,N000190,115
2324,A.,FERGUSON,N/A,R,GA,N/A,F000465,115
2324,A.,FERGUSON,N/A,R,GA,N/A,F000465,115
2324,A.,FERGUSON,N/A,R,GA,N/A,F000465,115
2324,A.,FERGUSON,N/A,R,GA,N/A,F000465,115
2354,Pramila,JAYAPAL,N/A,D,WA,N/A,J000298,115
1383,Patrick,LEAHY,SENATOR,D,VT,N/A,L000174,115
2353,Thomas,GARRETT,REPRESENTATIVE,R,VA,5,G000580,115
2309,Jimmy,PANETTA,N/A,D,CA,N/A,P000613,115
1774,Jim,COSTA,REPRESENTATIVE,D,CA,16,C001059,115
2134,Daniel,KILDEE,REPRESENTATIVE,D,MI,5,K000380,115
2008,Rob,WOODALL,REPRESENTATIVE,R,GA,7,W000810,115
2008,Rob,WOODALL,REPRESENTATIVE,R,GA,7,W000810,115
2008,Rob,WOODALL,REPRESENTATIVE,R,GA,7,W000810,115
2008,Rob,WOODALL,REPRESENTATIVE,R,GA,7,W000810,115
2008,Rob,WOODALL,REPRESENTATIVE,R,GA,7,W000810,115
2008,Rob,WOODALL,REPRESENTATIVE,R,GA,7,W000810,115
2008,Rob,WOODALL,REPRESENTATIVE,R,GA,7,W000810,115
2008,Rob,WOODALL,REPRESENTATIVE,R,GA,7,W000810,115
2008,Rob,WOODALL,REPRESENTATIVE,R,GA,7,W000810,115
2008,Rob,WOODALL,REPRESENTATIVE,R,GA,7,W000810,115
1838,Gus,BILIRAKIS,REPRESENTATIVE,R,FL,12,B001257,115
2122,Tulsi,GABBARD,REPRESENTATIVE,D,HI,2,G000571,115
2011,Raul,LABRADOR,REPRESENTATIVE,R,ID,1,L000573,115
2226,Ruben,GALLEGO,REPRESENTATIVE,D,AZ,7,G000574,115
1003,Bobby,RUSH,REPRESENTATIVE,D,IL,1,R000515,115
2310,Salud,CARBAJAL,N/A,D,CA,N/A,C001112,115
1967,Mike,QUIGLEY,REPRESENTATIVE,D,IL,5,Q000023,115
250,Mike,CRAPO,SENATOR,R,ID,N/A,C000880,115
2344,Claudia,TENNEY,N/A,R,NY,N/A,T000478,115
1541,Susan,COLLINS,REPRESENTATIVE,R,ME,9,C001035,115
1692,John,CORNYN,SENATOR,R,TX,N/A,C001056,115
250,Mike,CRAPO,SENATOR,R,ID,N/A,C000880,115
2328,Roger,MARSHALL,N/A,R,KS,N/A,M001198,115
2067,Blake,FARENTHOLD,REPRESENTATIVE,R,TX,27,F000460,115
2067,Blake,FARENTHOLD,REPRESENTATIVE,R,TX,27,F000460,115
2067,Blake,FARENTHOLD,REPRESENTATIVE,R,TX,27,F000460,115
2067,Blake,FARENTHOLD,REPRESENTATIVE,R,TX,27,F000460,115
2359,Greg,GIANFORTE,N/A,R,MT,N/A,G000584,115
2264,John,KATKO,REPRESENTATIVE,R,NY,24,K000386,115
1991,Steve,WOMACK,REPRESENTATIVE,R,AR,3,W000809,115
2252,Brenda,LAWRENCE,REPRESENTATIVE,D,MI,14,L000581,115
2243,Mike,BOST,REPRESENTATIVE,R,IL,12,B001295,115
616,Marcy,KAPTUR,REPRESENTATIVE,D,OH,8,K000009,115
616,Marcy,KAPTUR,REPRESENTATIVE,D,OH,8,K000009,115
2130,Luke,MESSER,REPRESENTATIVE,R,IN,6,M001189,115
250,Mike,CRAPO,SENATOR,R,ID,N/A,C000880,115
250,Mike,CRAPO,SENATOR,R,ID,N/A,C000880,115
1383,Patrick,LEAHY,SENATOR,D,VT,N/A,L000174,115
2055,David,CICILLINE,REPRESENTATIVE,D,RI,1,C001084,115
250,Mike,CRAPO,SENATOR,R,ID,N/A,C000880,115
250,Mike,CRAPO,SENATOR,R,ID,N/A,C000880,115
2063,Diane,BLACK,REPRESENTATIVE,R,TN,6,B001273,115
1853,John,YARMUTH,REPRESENTATIVE,D,KY,3,Y000062,115
1878,Steve,COHEN,REPRESENTATIVE,D,TN,9,C001068,115
2063,Diane,BLACK,REPRESENTATIVE,R,TN,6,B001273,115
1991,Steve,WOMACK,REPRESENTATIVE,R,AR,3,W000809,115
2063,Diane,BLACK,REPRESENTATIVE,R,TN,6,B001273,115
1991,Steve,WOMACK,REPRESENTATIVE,R,AR,3,W000809,115
1853,John,YARMUTH,REPRESENTATIVE,D,KY,3,Y000062,115
867,Richard,NOLAN,REPRESENTATIVE,D,MN,8,N000127,115
2063,Diane,BLACK,REPRESENTATIVE,R,TN,6,B001273,115
1853,John,YARMUTH,REPRESENTATIVE,D,KY,3,Y000062,115
2063,Diane,BLACK,REPRESENTATIVE,R,TN,6,B001273,115
1791,Virginia,FOXX,REPRESENTATIVE,R,NC,5,F000450,115
1853,John,YARMUTH,REPRESENTATIVE,D,KY,3,Y000062,115
2063,Diane,BLACK,REPRESENTATIVE,R,TN,6,B001273,115
1012,Mark,SANFORD,REPRESENTATIVE,R,SC,2,S000051,115
1853,John,YARMUTH,REPRESENTATIVE,D,KY,3,Y000062,115
2063,Diane,BLACK,REPRESENTATIVE,R,TN,6,B001273,115
1853,John,YARMUTH,REPRESENTATIVE,D,KY,3,Y000062,115
2063,Diane,BLACK,REPRESENTATIVE,R,TN,6,B001273,115
2221,Gary,PALMER,REPRESENTATIVE,R,AL,6,P000609,115
1853,John,YARMUTH,REPRESENTATIVE,D,KY,3,Y000062,115
905,Nancy,PELOSI,REPRESENTATIVE,D,CA,12,P000197,115
1853,John,YARMUTH,REPRESENTATIVE,D,KY,3,Y000062,115
2063,Diane,BLACK,REPRESENTATIVE,R,TN,6,B001273,115
1602,Grace,NAPOLITANO,REPRESENTATIVE,D,CA,32,N000179,115
250,Mike,CRAPO,SENATOR,R,ID,N/A,C000880,115
250,Mike,CRAPO,SENATOR,R,ID,N/A,C000880,115
1692,John,CORNYN,SENATOR,R,TX,N/A,C001056,115
326,Richard,DURBIN,SENATOR,D,IL,N/A,D000563,115
