speaker_id,first_name,last_name,type,party,state,district,bio_guide_id,congress_id
612,Walter,JONES,REPRESENTATIVE,R,NC,3,J000255,115
612,Walter,JONES,REPRESENTATIVE,R,NC,3,J000255,115
2332,Jamie,RASKIN,N/A,D,MD,N/A,R000606,115
1184,Nydia,VELAZQUEZ,REPRESENTATIVE,D,NY,7,V000081,115
1036,Charles,SCHUMER,SENATOR,D,NY,N/A,S000148,115
1036,Charles,SCHUMER,SENATOR,D,NY,N/A,S000148,115
1837,Christopher,MURPHY,SENATOR,D,CT,N/A,M001169,115
1409,Patty,MURRAY,SENATOR,D,WA,N/A,M001111,115
174,Benjamin,CARDIN,SENATOR,D,MD,N/A,C000141,115
1010,Bernard,SANDERS,SENATOR,I,VT,N/A,S000033,115
1826,Amy,KLOBUCHAR,SENATOR,D,MN,N/A,K000367,115
2182,Elizabeth,WARREN,SENATOR,D,MA,N/A,W000817,115
2076,Richard,BLUMENTHAL,SENATOR,D,CT,N/A,B001277,115
1984,Christopher,COONS,SENATOR,D,DE,N/A,C001088,115
1984,Christopher,COONS,SENATOR,D,DE,N/A,C001088,115
172,Maria,CANTWELL,SENATOR,D,WA,N/A,C000127,115
172,Maria,CANTWELL,SENATOR,D,WA,N/A,C000127,115
179,Thomas,CARPER,SENATOR,D,DE,N/A,C000174,115
1383,Patrick,LEAHY,SENATOR,D,VT,N/A,L000174,115
1409,Patty,MURRAY,SENATOR,D,WA,N/A,M001111,115
1409,Patty,MURRAY,SENATOR,D,WA,N/A,M001111,115
1409,Patty,MURRAY,SENATOR,D,WA,N/A,M001111,115
1901,Jeanne,SHAHEEN,SENATOR,D,NH,N/A,S001181,115
1247,Ron,WYDEN,SENATOR,D,OR,N/A,W000779,115
2050,James,LANKFORD,SENATOR,R,OK,N/A,L000575,115
1010,Bernard,SANDERS,SENATOR,I,VT,N/A,S000033,115
250,Mike,CRAPO,SENATOR,R,ID,N/A,C000880,115
1010,Bernard,SANDERS,SENATOR,I,VT,N/A,S000033,115
250,Mike,CRAPO,SENATOR,R,ID,N/A,C000880,115
250,Mike,CRAPO,SENATOR,R,ID,N/A,C000880,115
1010,Bernard,SANDERS,SENATOR,I,VT,N/A,S000033,115
2138,Steve,DAINES,SENATOR,R,MT,N/A,D000618,115
2182,Elizabeth,WARREN,SENATOR,D,MA,N/A,W000817,115
1383,Patrick,LEAHY,SENATOR,D,VT,N/A,L000174,115
1541,Susan,COLLINS,REPRESENTATIVE,R,ME,9,C001035,115
174,Benjamin,CARDIN,SENATOR,D,MD,N/A,C000141,115
1826,Amy,KLOBUCHAR,SENATOR,D,MN,N/A,K000367,115
1897,Mark,WARNER,SENATOR,D,VA,N/A,W000805,115
2056,Tim,SCOTT,REPRESENTATIVE,R,SC,52,S001184,115
2182,Elizabeth,WARREN,SENATOR,D,MA,N/A,W000817,115
2302,Margaret,HASSAN,N/A,D,NH,N/A,H001076,115
2302,Margaret,HASSAN,N/A,D,NH,N/A,H001076,115
1881,John,BARRASSO,SENATOR,R,WY,N/A,B001261,115
1881,John,BARRASSO,SENATOR,R,WY,N/A,B001261,115
2079,John,HOEVEN,SENATOR,R,ND,N/A,H001061,115
1049,Richard,SHELBY,SENATOR,R,AL,N/A,S000320,115
1594,Patrick,TOOMEY,SENATOR,R,PA,N/A,T000461,115
1594,Patrick,TOOMEY,SENATOR,R,PA,N/A,T000461,115
326,Richard,DURBIN,SENATOR,D,IL,N/A,D000563,115
1692,John,CORNYN,SENATOR,R,TX,N/A,C001056,115
136,Sherrod,BROWN,REPRESENTATIVE,D,OH,26,B000944,115
136,Sherrod,BROWN,REPRESENTATIVE,D,OH,26,B000944,115
136,Sherrod,BROWN,REPRESENTATIVE,D,OH,26,B000944,115
136,Sherrod,BROWN,REPRESENTATIVE,D,OH,26,B000944,115
136,Sherrod,BROWN,REPRESENTATIVE,D,OH,26,B000944,115
250,Mike,CRAPO,SENATOR,R,ID,N/A,C000880,115
250,Mike,CRAPO,SENATOR,R,ID,N/A,C000880,115
1695,Lamar,ALEXANDER,SENATOR,R,TN,N/A,A000360,115
1692,John,CORNYN,SENATOR,R,TX,N/A,C001056,115
326,Richard,DURBIN,SENATOR,D,IL,N/A,D000563,115
1692,John,CORNYN,SENATOR,R,TX,N/A,C001056,115
250,Mike,CRAPO,SENATOR,R,ID,N/A,C000880,115
1995,Jeff,DENHAM,REPRESENTATIVE,R,CA,10,D000612,115
1351,Orrin,HATCH,SENATOR,R,UT,N/A,H000338,115
1247,Ron,WYDEN,SENATOR,D,OR,N/A,W000779,115
1351,Orrin,HATCH,SENATOR,R,UT,N/A,H000338,115
1247,Ron,WYDEN,SENATOR,D,OR,N/A,W000779,115
1749,Jeb,HENSARLING,REPRESENTATIVE,R,TX,5,H001036,115
1749,Jeb,HENSARLING,REPRESENTATIVE,R,TX,5,H001036,115
1749,Jeb,HENSARLING,REPRESENTATIVE,R,TX,5,H001036,115
1790,Emanuel,CLEAVER,REPRESENTATIVE,D,MO,5,C001061,115
1749,Jeb,HENSARLING,REPRESENTATIVE,R,TX,5,H001036,115
1997,Scott,TIPTON,REPRESENTATIVE,R,CO,3,T000470,115
1790,Emanuel,CLEAVER,REPRESENTATIVE,D,MO,5,C001061,115
1749,Jeb,HENSARLING,REPRESENTATIVE,R,TX,5,H001036,115
1931,Blaine,LUETKEMEYER,REPRESENTATIVE,R,MO,3,L000569,115
1790,Emanuel,CLEAVER,REPRESENTATIVE,D,MO,5,C001061,115
1749,Jeb,HENSARLING,REPRESENTATIVE,R,TX,5,H001036,115
2141,Robert,PITTENGER,REPRESENTATIVE,R,NC,9,P000606,115
1790,Emanuel,CLEAVER,REPRESENTATIVE,D,MO,5,C001061,115
1749,Jeb,HENSARLING,REPRESENTATIVE,R,TX,5,H001036,115
2158,Keith,ROTHFUS,REPRESENTATIVE,R,PA,12,R000598,115
1790,Emanuel,CLEAVER,REPRESENTATIVE,D,MO,5,C001061,115
1749,Jeb,HENSARLING,REPRESENTATIVE,R,TX,5,H001036,115
1749,Jeb,HENSARLING,REPRESENTATIVE,R,TX,5,H001036,115
1749,Jeb,HENSARLING,REPRESENTATIVE,R,TX,5,H001036,115
1749,Jeb,HENSARLING,REPRESENTATIVE,R,TX,5,H001036,115
2072,Sean,DUFFY,N/A,R,WI,N/A,D000614,115
1749,Jeb,HENSARLING,REPRESENTATIVE,R,TX,5,H001036,115
2072,Sean,DUFFY,N/A,R,WI,N/A,D000614,115
1749,Jeb,HENSARLING,REPRESENTATIVE,R,TX,5,H001036,115
711,Frank,LUCAS,REPRESENTATIVE,R,OK,3,L000491,115
1749,Jeb,HENSARLING,REPRESENTATIVE,R,TX,5,H001036,115
1749,Jeb,HENSARLING,REPRESENTATIVE,R,TX,5,H001036,115
1749,Jeb,HENSARLING,REPRESENTATIVE,R,TX,5,H001036,115
2319,Darren,SOTO,N/A,D,FL,N/A,S001200,115
1749,Jeb,HENSARLING,REPRESENTATIVE,R,TX,5,H001036,115
2202,Donald,NORCROSS,REPRESENTATIVE,D,NJ,1,N000188,115
2354,Pramila,JAYAPAL,N/A,D,WA,N/A,J000298,115
2297,James,COMER,N/A,R,KY,N/A,C001108,115
2128,Jackie,WALORSKI,REPRESENTATIVE,R,IN,2,W000813,115
2341,Thomas,SUOZZI,N/A,D,NY,N/A,S001201,115
1668,James,LANGEVIN,REPRESENTATIVE,D,RI,2,L000559,115
1930,Erik,PAULSEN,REPRESENTATIVE,R,MN,3,P000594,115
1801,Louie,GOHMERT,REPRESENTATIVE,R,TX,1,G000552,115
1757,Linda,SANCHEZ,REPRESENTATIVE,D,CA,38,S001156,115
2361,Ralph,NORMAN,N/A,R,SC,N/A,N000190,115
2340,Ruben,KIHUEN,N/A,D,NV,N/A,K000390,115
2158,Keith,ROTHFUS,REPRESENTATIVE,R,PA,12,R000598,115
2340,Ruben,KIHUEN,N/A,D,NV,N/A,K000390,115
2233,Ken,BUCK,REPRESENTATIVE,R,CO,4,B001297,115
2233,Ken,BUCK,REPRESENTATIVE,R,CO,4,B001297,115
2233,Ken,BUCK,REPRESENTATIVE,R,CO,4,B001297,115
2233,Ken,BUCK,REPRESENTATIVE,R,CO,4,B001297,115
511,Alcee,HASTINGS,REPRESENTATIVE,D,FL,20,H000324,115
2233,Ken,BUCK,REPRESENTATIVE,R,CO,4,B001297,115
2261,Lee,ZELDIN,REPRESENTATIVE,R,NY,1,Z000017,115
511,Alcee,HASTINGS,REPRESENTATIVE,D,FL,20,H000324,115
511,Alcee,HASTINGS,REPRESENTATIVE,D,FL,20,H000324,115
208,James,CLYBURN,REPRESENTATIVE,D,SC,6,C000537,115
2233,Ken,BUCK,REPRESENTATIVE,R,CO,4,B001297,115
2003,Dennis,ROSS,REPRESENTATIVE,R,FL,15,R000593,115
511,Alcee,HASTINGS,REPRESENTATIVE,D,FL,20,H000324,115
2310,Salud,CARBAJAL,N/A,D,CA,N/A,C001112,115
2233,Ken,BUCK,REPRESENTATIVE,R,CO,4,B001297,115
511,Alcee,HASTINGS,REPRESENTATIVE,D,FL,20,H000324,115
2233,Ken,BUCK,REPRESENTATIVE,R,CO,4,B001297,115
511,Alcee,HASTINGS,REPRESENTATIVE,D,FL,20,H000324,115
2233,Ken,BUCK,REPRESENTATIVE,R,CO,4,B001297,115
2233,Ken,BUCK,REPRESENTATIVE,R,CO,4,B001297,115
511,Alcee,HASTINGS,REPRESENTATIVE,D,FL,20,H000324,115
1692,John,CORNYN,SENATOR,R,TX,N/A,C001056,115
326,Richard,DURBIN,SENATOR,D,IL,N/A,D000563,115
1383,Patrick,LEAHY,SENATOR,D,VT,N/A,L000174,115
250,Mike,CRAPO,SENATOR,R,ID,N/A,C000880,115
250,Mike,CRAPO,SENATOR,R,ID,N/A,C000880,115
1692,John,CORNYN,SENATOR,R,TX,N/A,C001056,115
326,Richard,DURBIN,SENATOR,D,IL,N/A,D000563,115
1881,John,BARRASSO,SENATOR,R,WY,N/A,B001261,115
1692,John,CORNYN,SENATOR,R,TX,N/A,C001056,115
326,Richard,DURBIN,SENATOR,D,IL,N/A,D000563,115
1955,Pete,OLSON,REPRESENTATIVE,R,TX,22,O000168,115
2344,Claudia,TENNEY,N/A,R,NY,N/A,T000478,115
2319,Darren,SOTO,N/A,D,FL,N/A,S001200,115
2319,Darren,SOTO,N/A,D,FL,N/A,S001200,115
2319,Darren,SOTO,N/A,D,FL,N/A,S001200,115
2319,Darren,SOTO,N/A,D,FL,N/A,S001200,115
2319,Darren,SOTO,N/A,D,FL,N/A,S001200,115
2319,Darren,SOTO,N/A,D,FL,N/A,S001200,115
2319,Darren,SOTO,N/A,D,FL,N/A,S001200,115
2319,Darren,SOTO,N/A,D,FL,N/A,S001200,115
2115,Ted,YOHO,REPRESENTATIVE,R,FL,3,Y000065,115
2309,Jimmy,PANETTA,N/A,D,CA,N/A,P000613,115
1531,Debbie,STABENOW,SENATOR,D,MI,N/A,S000770,115
1761,G.,BUTTERFIELD,REPRESENTATIVE,D,NC,1,B001251,115
683,Sander,LEVIN,REPRESENTATIVE,D,MI,9,L000263,115
1654,Wm.,CLAY,REPRESENTATIVE,D,MO,1,C001049,115
186,Steve,CHABOT,REPRESENTATIVE,R,OH,1,C000266,115
2110,Mark,TAKANO,REPRESENTATIVE,D,CA,41,T000472,115
1588,Janice,SCHAKOWSKY,REPRESENTATIVE,D,IL,9,S001145,115
1890,Jackie,SPEIER,REPRESENTATIVE,D,CA,14,S001175,115
1811,Gwen,MOORE,SENATOR,D,WI,N/A,M001160,115
1942,Paul,TONKO,REPRESENTATIVE,D,NY,20,T000469,115
1801,Louie,GOHMERT,REPRESENTATIVE,R,TX,1,G000552,115
616,Marcy,KAPTUR,REPRESENTATIVE,D,OH,8,K000009,115
566,Steny,HOYER,REPRESENTATIVE,D,MD,5,H000874,115
1895,Marcia,FUDGE,REPRESENTATIVE,D,OH,11,F000455,115
1995,Jeff,DENHAM,REPRESENTATIVE,R,CA,10,D000612,114
1936,Leonard,LANCE,REPRESENTATIVE,R,NJ,7,L000567,115
2055,David,CICILLINE,REPRESENTATIVE,D,RI,1,C001084,115
1749,Jeb,HENSARLING,REPRESENTATIVE,R,TX,5,H001036,115
2050,James,LANKFORD,SENATOR,R,OK,N/A,L000575,115
2158,Keith,ROTHFUS,REPRESENTATIVE,R,PA,12,R000598,115
1855,Tim,WALBERG,REPRESENTATIVE,R,MI,7,W000798,115
2344,Claudia,TENNEY,N/A,R,NY,N/A,T000478,115
1879,Peter,WELCH,REPRESENTATIVE,D,VT,0,W000800,115
511,Alcee,HASTINGS,REPRESENTATIVE,D,FL,20,H000324,115
1892,Steve,SCALISE,REPRESENTATIVE,R,LA,1,S001176,115
2328,Roger,MARSHALL,N/A,R,KS,N/A,M001198,115
2328,Roger,MARSHALL,N/A,R,KS,N/A,M001198,115
2047,Steve,STIVERS,REPRESENTATIVE,R,OH,15,S001187,115
2097,Donald,PAYNE,REPRESENTATIVE,D,NJ,10,P000604,115
478,Luis,GUTIERREZ,REPRESENTATIVE,D,IL,4,G000535,115
2141,Robert,PITTENGER,REPRESENTATIVE,R,NC,9,P000606,115
2124,Bradley,SCHNEIDER,N/A,D,IL,N/A,S001190,115
1761,G.,BUTTERFIELD,REPRESENTATIVE,D,NC,1,B001251,115
2032,Vicky,HARTZLER,REPRESENTATIVE,R,MO,4,H001053,115
1749,Jeb,HENSARLING,REPRESENTATIVE,R,TX,5,H001036,115
1749,Jeb,HENSARLING,REPRESENTATIVE,R,TX,5,H001036,115
1749,Jeb,HENSARLING,REPRESENTATIVE,R,TX,5,H001036,115
1749,Jeb,HENSARLING,REPRESENTATIVE,R,TX,5,H001036,115
1749,Jeb,HENSARLING,REPRESENTATIVE,R,TX,5,H001036,115
2028,Bill,HUIZENGA,REPRESENTATIVE,R,MI,2,H001058,115
1749,Jeb,HENSARLING,REPRESENTATIVE,R,TX,5,H001036,115
2015,Randy,HULTGREN,REPRESENTATIVE,R,IL,14,H001059,115
1749,Jeb,HENSARLING,REPRESENTATIVE,R,TX,5,H001036,115
2223,J.,HILL,REPRESENTATIVE,R,AR,2,H001072,115
1749,Jeb,HENSARLING,REPRESENTATIVE,R,TX,5,H001036,115
2247,Bruce,POLIQUIN,REPRESENTATIVE,R,ME,2,P000611,115
1749,Jeb,HENSARLING,REPRESENTATIVE,R,TX,5,H001036,115
2296,Warren,DAVIDSON,N/A,R,OH,N/A,D000626,115
1749,Jeb,HENSARLING,REPRESENTATIVE,R,TX,5,H001036,115
2344,Claudia,TENNEY,N/A,R,NY,N/A,T000478,115
1749,Jeb,HENSARLING,REPRESENTATIVE,R,TX,5,H001036,115
1749,Jeb,HENSARLING,REPRESENTATIVE,R,TX,5,H001036,115
2153,Joyce,BEATTY,REPRESENTATIVE,D,OH,3,B001281,115
2153,Joyce,BEATTY,REPRESENTATIVE,D,OH,3,B001281,115
2153,Joyce,BEATTY,REPRESENTATIVE,D,OH,3,B001281,115
1749,Jeb,HENSARLING,REPRESENTATIVE,R,TX,5,H001036,115
1749,Jeb,HENSARLING,REPRESENTATIVE,R,TX,5,H001036,115
2153,Joyce,BEATTY,REPRESENTATIVE,D,OH,3,B001281,115
1749,Jeb,HENSARLING,REPRESENTATIVE,R,TX,5,H001036,115
2026,Andy,HARRIS,REPRESENTATIVE,R,MD,1,H001052,115
2026,Andy,HARRIS,REPRESENTATIVE,R,MD,1,H001052,115
2026,Andy,HARRIS,REPRESENTATIVE,R,MD,1,H001052,115
2028,Bill,HUIZENGA,REPRESENTATIVE,R,MI,2,H001058,115
2026,Andy,HARRIS,REPRESENTATIVE,R,MD,1,H001052,115
2224,Bruce,WESTERMAN,REPRESENTATIVE,R,AR,4,W000821,115
2026,Andy,HARRIS,REPRESENTATIVE,R,MD,1,H001052,115
2026,Andy,HARRIS,REPRESENTATIVE,R,MD,1,H001052,115
2350,Jodey,ARRINGTON,N/A,R,TX,N/A,A000375,115
2026,Andy,HARRIS,REPRESENTATIVE,R,MD,1,H001052,115
2032,Vicky,HARTZLER,REPRESENTATIVE,R,MO,4,H001053,115
2026,Andy,HARRIS,REPRESENTATIVE,R,MD,1,H001052,115
1791,Virginia,FOXX,REPRESENTATIVE,R,NC,5,F000450,115
2026,Andy,HARRIS,REPRESENTATIVE,R,MD,1,H001052,115
2275,Dan,NEWHOUSE,REPRESENTATIVE,R,WA,4,N000189,115
2026,Andy,HARRIS,REPRESENTATIVE,R,MD,1,H001052,115
2165,Roger,WILLIAMS,REPRESENTATIVE,R,TX,25,W000816,115
2026,Andy,HARRIS,REPRESENTATIVE,R,MD,1,H001052,115
2026,Andy,HARRIS,REPRESENTATIVE,R,MD,1,H001052,115
2026,Andy,HARRIS,REPRESENTATIVE,R,MD,1,H001052,115
2359,Greg,GIANFORTE,N/A,R,MT,N/A,G000584,115
2312,J.,CORREA,N/A,D,CA,N/A,C001110,115
