speaker_id,first_name,last_name,type,party,state,district,bio_guide_id,congress_id
2356,Liz,CHENEY,N/A,R,WY,N/A,C001109,115
1991,Steve,WOMACK,REPRESENTATIVE,R,AR,3,W000809,115
1332,Dianne,FEINSTEIN,SENATOR,D,CA,N/A,F000062,115
2122,Tulsi,GABBARD,REPRESENTATIVE,D,HI,2,G000571,115
1036,Charles,SCHUMER,SENATOR,D,NY,N/A,S000148,115
1825,Bob,CORKER,SENATOR,R,TN,N/A,C001071,115
1694,Lisa,MURKOWSKI,SENATOR,R,AK,N/A,M001153,115
1567,Tom,UDALL,SENATOR,D,NM,N/A,U000039,115
2079,John,HOEVEN,SENATOR,R,ND,N/A,H001061,115
1823,Sheldon,WHITEHOUSE,SENATOR,D,RI,N/A,W000802,115
1828,Robert,CASEY,SENATOR,D,PA,N/A,C001070,115
1828,Robert,CASEY,SENATOR,D,PA,N/A,C001070,115
1184,Nydia,VELAZQUEZ,REPRESENTATIVE,D,NY,7,V000081,115
2134,Daniel,KILDEE,REPRESENTATIVE,D,MI,5,K000380,115
1927,Chellie,PINGREE,REPRESENTATIVE,D,ME,1,P000597,115
2345,Brian,FITZPATRICK,REPRESENTATIVE,R,PA,8,F000466,115
2345,Brian,FITZPATRICK,REPRESENTATIVE,R,PA,8,F000466,115
1992,Paul,GOSAR,REPRESENTATIVE,R,AZ,4,G000565,115
1992,Paul,GOSAR,REPRESENTATIVE,R,AZ,4,G000565,115
1992,Paul,GOSAR,REPRESENTATIVE,R,AZ,4,G000565,115
1834,Doug,LAMBORN,REPRESENTATIVE,R,CO,5,L000564,115
1992,Paul,GOSAR,REPRESENTATIVE,R,AZ,4,G000565,115
2111,Alan,LOWENTHAL,REPRESENTATIVE,D,CA,47,L000579,115
1992,Paul,GOSAR,REPRESENTATIVE,R,AZ,4,G000565,115
2253,Tom,EMMER,REPRESENTATIVE,R,MN,6,E000294,115
2111,Alan,LOWENTHAL,REPRESENTATIVE,D,CA,47,L000579,115
1992,Paul,GOSAR,REPRESENTATIVE,R,AZ,4,G000565,115
2111,Alan,LOWENTHAL,REPRESENTATIVE,D,CA,47,L000579,115
1930,Erik,PAULSEN,REPRESENTATIVE,R,MN,3,P000594,115
1992,Paul,GOSAR,REPRESENTATIVE,R,AZ,4,G000565,115
2224,Bruce,WESTERMAN,REPRESENTATIVE,R,AR,4,W000821,115
2111,Alan,LOWENTHAL,REPRESENTATIVE,D,CA,47,L000579,115
1857,Keith,ELLISON,REPRESENTATIVE,D,MN,5,E000288,115
2111,Alan,LOWENTHAL,REPRESENTATIVE,D,CA,47,L000579,115
1857,Keith,ELLISON,REPRESENTATIVE,D,MN,5,E000288,115
1992,Paul,GOSAR,REPRESENTATIVE,R,AZ,4,G000565,115
2253,Tom,EMMER,REPRESENTATIVE,R,MN,6,E000294,115
2111,Alan,LOWENTHAL,REPRESENTATIVE,D,CA,47,L000579,115
2111,Alan,LOWENTHAL,REPRESENTATIVE,D,CA,47,L000579,115
1992,Paul,GOSAR,REPRESENTATIVE,R,AZ,4,G000565,115
2111,Alan,LOWENTHAL,REPRESENTATIVE,D,CA,47,L000579,115
1992,Paul,GOSAR,REPRESENTATIVE,R,AZ,4,G000565,115
2111,Alan,LOWENTHAL,REPRESENTATIVE,D,CA,47,L000579,115
1992,Paul,GOSAR,REPRESENTATIVE,R,AZ,4,G000565,115
2111,Alan,LOWENTHAL,REPRESENTATIVE,D,CA,47,L000579,115
2111,Alan,LOWENTHAL,REPRESENTATIVE,D,CA,47,L000579,115
2111,Alan,LOWENTHAL,REPRESENTATIVE,D,CA,47,L000579,115
1992,Paul,GOSAR,REPRESENTATIVE,R,AZ,4,G000565,115
2111,Alan,LOWENTHAL,REPRESENTATIVE,D,CA,47,L000579,115
1992,Paul,GOSAR,REPRESENTATIVE,R,AZ,4,G000565,115
1992,Paul,GOSAR,REPRESENTATIVE,R,AZ,4,G000565,115
2111,Alan,LOWENTHAL,REPRESENTATIVE,D,CA,47,L000579,115
1992,Paul,GOSAR,REPRESENTATIVE,R,AZ,4,G000565,115
2111,Alan,LOWENTHAL,REPRESENTATIVE,D,CA,47,L000579,115
2111,Alan,LOWENTHAL,REPRESENTATIVE,D,CA,47,L000579,115
1992,Paul,GOSAR,REPRESENTATIVE,R,AZ,4,G000565,115
1992,Paul,GOSAR,REPRESENTATIVE,R,AZ,4,G000565,115
1992,Paul,GOSAR,REPRESENTATIVE,R,AZ,4,G000565,115
1708,Raul,GRIJALVA,REPRESENTATIVE,D,AZ,3,G000551,115
1708,Raul,GRIJALVA,REPRESENTATIVE,D,AZ,3,G000551,115
1992,Paul,GOSAR,REPRESENTATIVE,R,AZ,4,G000565,115
1992,Paul,GOSAR,REPRESENTATIVE,R,AZ,4,G000565,115
1708,Raul,GRIJALVA,REPRESENTATIVE,D,AZ,3,G000551,115
1992,Paul,GOSAR,REPRESENTATIVE,R,AZ,4,G000565,115
2138,Steve,DAINES,SENATOR,R,MT,N/A,D000618,115
2138,Steve,DAINES,SENATOR,R,MT,N/A,D000618,115
2138,Steve,DAINES,SENATOR,R,MT,N/A,D000618,115
2138,Steve,DAINES,SENATOR,R,MT,N/A,D000618,115
2138,Steve,DAINES,SENATOR,R,MT,N/A,D000618,115
326,Richard,DURBIN,SENATOR,D,IL,N/A,D000563,115
326,Richard,DURBIN,SENATOR,D,IL,N/A,D000563,115
2050,James,LANKFORD,SENATOR,R,OK,N/A,L000575,115
1844,Mazie,HIRONO,SENATOR,D,HI,N/A,H001042,115
457,Chuck,GRASSLEY,SENATOR,R,IA,N/A,G000386,115
326,Richard,DURBIN,SENATOR,D,IL,N/A,D000563,115
1844,Mazie,HIRONO,SENATOR,D,HI,N/A,H001042,115
1692,John,CORNYN,SENATOR,R,TX,N/A,C001056,115
1692,John,CORNYN,SENATOR,R,TX,N/A,C001056,115
1351,Orrin,HATCH,SENATOR,R,UT,N/A,H000338,115
1351,Orrin,HATCH,SENATOR,R,UT,N/A,H000338,115
2084,Marco,RUBIO,SENATOR,R,FL,N/A,R000595,115
2084,Marco,RUBIO,SENATOR,R,FL,N/A,R000595,115
2084,Marco,RUBIO,SENATOR,R,FL,N/A,R000595,115
1692,John,CORNYN,SENATOR,R,TX,N/A,C001056,115
616,Marcy,KAPTUR,REPRESENTATIVE,D,OH,8,K000009,115
2026,Andy,HARRIS,REPRESENTATIVE,R,MD,1,H001052,115
326,Richard,DURBIN,SENATOR,D,IL,N/A,D000563,115
2008,Rob,WOODALL,REPRESENTATIVE,R,GA,7,W000810,115
2127,Cheri,BUSTOS,REPRESENTATIVE,D,IL,17,B001286,114
2023,Cedric,RICHMOND,REPRESENTATIVE,D,LA,2,R000588,115
326,Richard,DURBIN,SENATOR,D,IL,N/A,D000563,115
1933,Gregg,HARPER,REPRESENTATIVE,R,MS,3,H001045,115
1933,Gregg,HARPER,REPRESENTATIVE,R,MS,3,H001045,115
1933,Gregg,HARPER,REPRESENTATIVE,R,MS,3,H001045,115
905,Nancy,PELOSI,REPRESENTATIVE,D,CA,12,P000197,115
1933,Gregg,HARPER,REPRESENTATIVE,R,MS,3,H001045,115
2332,Jamie,RASKIN,N/A,D,MD,N/A,R000606,115
1933,Gregg,HARPER,REPRESENTATIVE,R,MS,3,H001045,115
1890,Jackie,SPEIER,REPRESENTATIVE,D,CA,14,S001175,115
1933,Gregg,HARPER,REPRESENTATIVE,R,MS,3,H001045,115
2247,Bruce,POLIQUIN,REPRESENTATIVE,R,ME,2,P000611,115
1604,Joseph,CROWLEY,REPRESENTATIVE,D,NY,14,C001038,115
1933,Gregg,HARPER,REPRESENTATIVE,R,MS,3,H001045,115
2273,Barbara,COMSTOCK,REPRESENTATIVE,R,VA,10,C001105,115
2273,Barbara,COMSTOCK,REPRESENTATIVE,R,VA,10,C001105,115
1933,Gregg,HARPER,REPRESENTATIVE,R,MS,3,H001045,115
2273,Barbara,COMSTOCK,REPRESENTATIVE,R,VA,10,C001105,115
701,Zoe,LOFGREN,REPRESENTATIVE,D,CA,19,L000397,115
1933,Gregg,HARPER,REPRESENTATIVE,R,MS,3,H001045,115
1933,Gregg,HARPER,REPRESENTATIVE,R,MS,3,H001045,115
1936,Leonard,LANCE,REPRESENTATIVE,R,NJ,7,L000567,115
868,Eleanor,NORTON,DELEGATE,D,DC,N/A,N000147,115
1933,Gregg,HARPER,REPRESENTATIVE,R,MS,3,H001045,115
2252,Brenda,LAWRENCE,REPRESENTATIVE,D,MI,14,L000581,115
1933,Gregg,HARPER,REPRESENTATIVE,R,MS,3,H001045,115
2130,Luke,MESSER,REPRESENTATIVE,R,IN,6,M001189,115
1933,Gregg,HARPER,REPRESENTATIVE,R,MS,3,H001045,115
1982,Tom,REED,REPRESENTATIVE,R,NY,23,R000585,115
1933,Gregg,HARPER,REPRESENTATIVE,R,MS,3,H001045,115
1933,Gregg,HARPER,REPRESENTATIVE,R,MS,3,H001045,115
1933,Gregg,HARPER,REPRESENTATIVE,R,MS,3,H001045,115
208,James,CLYBURN,REPRESENTATIVE,D,SC,6,C000537,115
1464,Roy,BLUNT,SENATOR,R,MO,N/A,B000575,114
1036,Charles,SCHUMER,SENATOR,D,NY,N/A,S000148,115
1594,Patrick,TOOMEY,SENATOR,R,PA,N/A,T000461,115
2224,Bruce,WESTERMAN,REPRESENTATIVE,R,AR,4,W000821,115
2350,Jodey,ARRINGTON,N/A,R,TX,N/A,A000375,115
1854,John,SARBANES,REPRESENTATIVE,D,MD,3,S001168,115
1351,Orrin,HATCH,SENATOR,R,UT,N/A,H000338,115
949,Jack,REED,REPRESENTATIVE,D,RI,23,R000122,115
1409,Patty,MURRAY,SENATOR,D,WA,N/A,M001111,115
1010,Bernard,SANDERS,SENATOR,I,VT,N/A,S000033,115
1010,Bernard,SANDERS,SENATOR,I,VT,N/A,S000033,115
1881,John,BARRASSO,SENATOR,R,WY,N/A,B001261,115
2291,Thom,TILLIS,SENATOR,R,NC,N/A,T000476,115
326,Richard,DURBIN,SENATOR,D,IL,N/A,D000563,115
2223,J.,HILL,REPRESENTATIVE,R,AR,2,H001072,115
1806,Kenny,MARCHANT,REPRESENTATIVE,R,TX,24,M001158,115
1913,James,HIMES,REPRESENTATIVE,D,CT,4,H001047,115
2356,Liz,CHENEY,N/A,R,WY,N/A,C001109,115
2356,Liz,CHENEY,N/A,R,WY,N/A,C001109,115
2356,Liz,CHENEY,N/A,R,WY,N/A,C001109,115
2356,Liz,CHENEY,N/A,R,WY,N/A,C001109,115
2356,Liz,CHENEY,N/A,R,WY,N/A,C001109,115
2356,Liz,CHENEY,N/A,R,WY,N/A,C001109,115
1527,John,SHIMKUS,REPRESENTATIVE,R,IL,15,S000364,115
2356,Liz,CHENEY,N/A,R,WY,N/A,C001109,115
1527,John,SHIMKUS,REPRESENTATIVE,R,IL,15,S000364,115
355,Anna,ESHOO,REPRESENTATIVE,D,CA,18,E000215,115
355,Anna,ESHOO,REPRESENTATIVE,D,CA,18,E000215,115
2356,Liz,CHENEY,N/A,R,WY,N/A,C001109,115
2356,Liz,CHENEY,N/A,R,WY,N/A,C001109,115
1654,Wm.,CLAY,REPRESENTATIVE,D,MO,1,C001049,115
1654,Wm.,CLAY,REPRESENTATIVE,D,MO,1,C001049,115
2356,Liz,CHENEY,N/A,R,WY,N/A,C001109,115
2253,Tom,EMMER,REPRESENTATIVE,R,MN,6,E000294,115
2356,Liz,CHENEY,N/A,R,WY,N/A,C001109,115
1992,Paul,GOSAR,REPRESENTATIVE,R,AZ,4,G000565,115
2356,Liz,CHENEY,N/A,R,WY,N/A,C001109,115
2224,Bruce,WESTERMAN,REPRESENTATIVE,R,AR,4,W000821,115
2356,Liz,CHENEY,N/A,R,WY,N/A,C001109,115
2356,Liz,CHENEY,N/A,R,WY,N/A,C001109,115
2356,Liz,CHENEY,N/A,R,WY,N/A,C001109,115
1950,Kurt,SCHRADER,REPRESENTATIVE,D,OR,5,S001180,115
2056,Tim,SCOTT,REPRESENTATIVE,R,SC,52,S001184,115
1036,Charles,SCHUMER,SENATOR,D,NY,N/A,S000148,115
1811,Gwen,MOORE,SENATOR,D,WI,N/A,M001160,115
1668,James,LANGEVIN,REPRESENTATIVE,D,RI,2,L000559,115
2050,James,LANKFORD,SENATOR,R,OK,N/A,L000575,115
1036,Charles,SCHUMER,SENATOR,D,NY,N/A,S000148,115
1036,Charles,SCHUMER,SENATOR,D,NY,N/A,S000148,115
1828,Robert,CASEY,SENATOR,D,PA,N/A,C001070,115
2239,Rick,ALLEN,REPRESENTATIVE,R,GA,12,A000372,115
2334,Paul,MITCHELL,N/A,R,MI,N/A,M001201,115
