speaker_id,first_name,last_name,type,party,state,district,bio_guide_id,congress_id
1826,Amy,KLOBUCHAR,SENATOR,D,MN,N/A,K000367,115
859,Bill,NELSON,SENATOR,D,FL,N/A,N000032,115
1692,John,CORNYN,SENATOR,R,TX,N/A,C001056,115
2138,Steve,DAINES,SENATOR,R,MT,N/A,D000618,115
2138,Steve,DAINES,SENATOR,R,MT,N/A,D000618,115
1998,Cory,GARDNER,N/A,R,CO,N/A,G000562,115
1998,Cory,GARDNER,N/A,R,CO,N/A,G000562,115
1692,John,CORNYN,SENATOR,R,TX,N/A,C001056,115
326,Richard,DURBIN,SENATOR,D,IL,N/A,D000563,115
1036,Charles,SCHUMER,SENATOR,D,NY,N/A,S000148,115
1036,Charles,SCHUMER,SENATOR,D,NY,N/A,S000148,115
1036,Charles,SCHUMER,SENATOR,D,NY,N/A,S000148,115
2084,Marco,RUBIO,SENATOR,R,FL,N/A,R000595,115
949,Jack,REED,REPRESENTATIVE,D,RI,23,R000122,115
2182,Elizabeth,WARREN,SENATOR,D,MA,N/A,W000817,115
1998,Cory,GARDNER,N/A,R,CO,N/A,G000562,115
1010,Bernard,SANDERS,SENATOR,I,VT,N/A,S000033,115
1998,Cory,GARDNER,N/A,R,CO,N/A,G000562,115
2291,Thom,TILLIS,SENATOR,R,NC,N/A,T000476,115
1687,John,BOOZMAN,SENATOR,R,AR,N/A,B001236,115
583,James,INHOFE,SENATOR,R,OK,N/A,I000024,115
1036,Charles,SCHUMER,SENATOR,D,NY,N/A,S000148,115
583,James,INHOFE,SENATOR,R,OK,N/A,I000024,115
583,James,INHOFE,SENATOR,R,OK,N/A,I000024,115
326,Richard,DURBIN,SENATOR,D,IL,N/A,D000563,115
859,Bill,NELSON,SENATOR,D,FL,N/A,N000032,115
326,Richard,DURBIN,SENATOR,D,IL,N/A,D000563,115
1823,Sheldon,WHITEHOUSE,SENATOR,D,RI,N/A,W000802,115
1692,John,CORNYN,SENATOR,R,TX,N/A,C001056,115
326,Richard,DURBIN,SENATOR,D,IL,N/A,D000563,115
791,Robert,MENENDEZ,SENATOR,D,NJ,N/A,M000639,115
1925,Bill,CASSIDY,SENATOR,R,LA,N/A,C001075,115
1925,Bill,CASSIDY,SENATOR,R,LA,N/A,C001075,115
2080,Mike,LEE,REPRESENTATIVE,R,UT,13,L000577,115
2080,Mike,LEE,REPRESENTATIVE,R,UT,13,L000577,115
1692,John,CORNYN,SENATOR,R,TX,N/A,C001056,115
2194,Cory,BOOKER,SENATOR,D,NJ,N/A,B001288,115
2194,Cory,BOOKER,SENATOR,D,NJ,N/A,B001288,115
1464,Roy,BLUNT,SENATOR,R,MO,N/A,B000575,115
1464,Roy,BLUNT,SENATOR,R,MO,N/A,B000575,115
1464,Roy,BLUNT,SENATOR,R,MO,N/A,B000575,115
2290,Dan,SULLIVAN,SENATOR,R,AK,N/A,S001198,115
2290,Dan,SULLIVAN,SENATOR,R,AK,N/A,S001198,115
1823,Sheldon,WHITEHOUSE,SENATOR,D,RI,N/A,W000802,115
583,James,INHOFE,SENATOR,R,OK,N/A,I000024,115
583,James,INHOFE,SENATOR,R,OK,N/A,I000024,115
583,James,INHOFE,SENATOR,R,OK,N/A,I000024,115
1036,Charles,SCHUMER,SENATOR,D,NY,N/A,S000148,115
1036,Charles,SCHUMER,SENATOR,D,NY,N/A,S000148,115
1608,Johnny,ISAKSON,SENATOR,R,GA,N/A,I000055,115
1687,John,BOOZMAN,SENATOR,R,AR,N/A,B001236,115
2076,Richard,BLUMENTHAL,SENATOR,D,CT,N/A,B001277,115
2076,Richard,BLUMENTHAL,SENATOR,D,CT,N/A,B001277,115
1881,John,BARRASSO,SENATOR,R,WY,N/A,B001261,115
1633,Jeff,FLAKE,SENATOR,R,AZ,N/A,F000444,115
1633,Jeff,FLAKE,SENATOR,R,AZ,N/A,F000444,115
1998,Cory,GARDNER,N/A,R,CO,N/A,G000562,115
1998,Cory,GARDNER,N/A,R,CO,N/A,G000562,115
1010,Bernard,SANDERS,SENATOR,I,VT,N/A,S000033,115
1010,Bernard,SANDERS,SENATOR,I,VT,N/A,S000033,115
1010,Bernard,SANDERS,SENATOR,I,VT,N/A,S000033,115
1036,Charles,SCHUMER,SENATOR,D,NY,N/A,S000148,115
1036,Charles,SCHUMER,SENATOR,D,NY,N/A,S000148,115
859,Bill,NELSON,SENATOR,D,FL,N/A,N000032,115
859,Bill,NELSON,SENATOR,D,FL,N/A,N000032,115
859,Bill,NELSON,SENATOR,D,FL,N/A,N000032,115
2298,Dwight,EVANS,N/A,D,PA,N/A,E000296,115
