speaker_id,first_name,last_name,type,party,state,district,bio_guide_id,congress_id
2345,Brian,FITZPATRICK,REPRESENTATIVE,R,PA,8,F000466,115
1487,Kay,GRANGER,REPRESENTATIVE,R,TX,12,G000377,115
2122,Tulsi,GABBARD,REPRESENTATIVE,D,HI,2,G000571,115
1884,Niki,TSONGAS,REPRESENTATIVE,D,MA,3,T000465,115
1823,Sheldon,WHITEHOUSE,SENATOR,D,RI,N/A,W000802,115
1049,Richard,SHELBY,SENATOR,R,AL,N/A,S000320,115
1602,Grace,NAPOLITANO,REPRESENTATIVE,D,CA,32,N000179,115
99,Earl,BLUMENAUER,REPRESENTATIVE,D,OR,3,B000574,115
1930,Erik,PAULSEN,REPRESENTATIVE,R,MN,3,P000594,115
2055,David,CICILLINE,REPRESENTATIVE,D,RI,1,C001084,115
2149,Hakeem,JEFFRIES,REPRESENTATIVE,D,NY,8,J000294,115
2325,Raja,KRISHNAMOORTHI,N/A,D,IL,N/A,K000391,115
2021,Kevin,YODER,REPRESENTATIVE,R,KS,3,Y000063,115
1049,Richard,SHELBY,SENATOR,R,AL,N/A,S000320,115
2138,Steve,DAINES,SENATOR,R,MT,N/A,D000618,115
1998,Cory,GARDNER,N/A,R,CO,N/A,G000562,115
2134,Daniel,KILDEE,REPRESENTATIVE,D,MI,5,K000380,115
2344,Claudia,TENNEY,N/A,R,NY,N/A,T000478,115
2253,Tom,EMMER,REPRESENTATIVE,R,MN,6,E000294,115
2253,Tom,EMMER,REPRESENTATIVE,R,MN,6,E000294,115
2253,Tom,EMMER,REPRESENTATIVE,R,MN,6,E000294,115
2253,Tom,EMMER,REPRESENTATIVE,R,MN,6,E000294,115
1998,Cory,GARDNER,N/A,R,CO,N/A,G000562,115
2334,Paul,MITCHELL,N/A,R,MI,N/A,M001201,115
174,Benjamin,CARDIN,SENATOR,D,MD,N/A,C000141,115
174,Benjamin,CARDIN,SENATOR,D,MD,N/A,C000141,115
2098,Tom,COTTON,SENATOR,R,AR,N/A,C001095,115
1036,Charles,SCHUMER,SENATOR,D,NY,N/A,S000148,115
2169,Derek,KILMER,REPRESENTATIVE,D,WA,6,K000381,115
1967,Mike,QUIGLEY,REPRESENTATIVE,D,IL,5,Q000023,115
1913,James,HIMES,REPRESENTATIVE,D,CT,4,H001047,115
1226,Roger,WICKER,SENATOR,R,MS,N/A,W000437,115
2303,John,KENNEDY,REPRESENTATIVE,R,LA,4,K000393,115
859,Bill,NELSON,SENATOR,D,FL,N/A,N000032,115
1534,John,THUNE,SENATOR,R,SD,N/A,T000250,115
2342,Adriano,ESPAILLAT,N/A,D,NY,N/A,E000297,115
2342,Adriano,ESPAILLAT,N/A,D,NY,N/A,E000297,115
355,Anna,ESHOO,REPRESENTATIVE,D,CA,18,E000215,115
2270,Brian,BABIN,REPRESENTATIVE,R,TX,36,B001291,115
2309,Jimmy,PANETTA,N/A,D,CA,N/A,P000613,115
1608,Johnny,ISAKSON,SENATOR,R,GA,N/A,I000055,115
1998,Cory,GARDNER,N/A,R,CO,N/A,G000562,115
1806,Kenny,MARCHANT,REPRESENTATIVE,R,TX,24,M001158,115
2130,Luke,MESSER,REPRESENTATIVE,R,IN,6,M001189,115
478,Luis,GUTIERREZ,REPRESENTATIVE,D,IL,4,G000535,115
1692,John,CORNYN,SENATOR,R,TX,N/A,C001056,115
1247,Ron,WYDEN,SENATOR,D,OR,N/A,W000779,115
1247,Ron,WYDEN,SENATOR,D,OR,N/A,W000779,115
2098,Tom,COTTON,SENATOR,R,AR,N/A,C001095,115
2098,Tom,COTTON,SENATOR,R,AR,N/A,C001095,115
1925,Bill,CASSIDY,SENATOR,R,LA,N/A,C001075,115
1925,Bill,CASSIDY,SENATOR,R,LA,N/A,C001075,115
2303,John,KENNEDY,REPRESENTATIVE,R,LA,4,K000393,115
868,Eleanor,NORTON,DELEGATE,D,DC,N/A,N000147,115
868,Eleanor,NORTON,DELEGATE,D,DC,N/A,N000147,115
1854,John,SARBANES,REPRESENTATIVE,D,MD,3,S001168,115
868,Eleanor,NORTON,DELEGATE,D,DC,N/A,N000147,115
566,Steny,HOYER,REPRESENTATIVE,D,MD,5,H000874,115
2342,Adriano,ESPAILLAT,N/A,D,NY,N/A,E000297,115
1510,Bill,PASCRELL,REPRESENTATIVE,D,NJ,9,P000096,115
1774,Jim,COSTA,REPRESENTATIVE,D,CA,16,C001059,115
1774,Jim,COSTA,REPRESENTATIVE,D,CA,16,C001059,115
2303,John,KENNEDY,REPRESENTATIVE,R,LA,4,K000393,115
1608,Johnny,ISAKSON,SENATOR,R,GA,N/A,I000055,115
1829,Jon,TESTER,SENATOR,D,MT,N/A,T000464,115
1608,Johnny,ISAKSON,SENATOR,R,GA,N/A,I000055,115
1829,Jon,TESTER,SENATOR,D,MT,N/A,T000464,115
1608,Johnny,ISAKSON,SENATOR,R,GA,N/A,I000055,115
1829,Jon,TESTER,SENATOR,D,MT,N/A,T000464,115
1608,Johnny,ISAKSON,SENATOR,R,GA,N/A,I000055,115
924,Rob,PORTMAN,SENATOR,R,OH,N/A,P000449,115
326,Richard,DURBIN,SENATOR,D,IL,N/A,D000563,115
1900,Jeff,MERKLEY,SENATOR,D,OR,N/A,M001176,115
1534,John,THUNE,SENATOR,R,SD,N/A,T000250,115
859,Bill,NELSON,SENATOR,D,FL,N/A,N000032,115
859,Bill,NELSON,SENATOR,D,FL,N/A,N000032,115
859,Bill,NELSON,SENATOR,D,FL,N/A,N000032,115
2286,David,PERDUE,SENATOR,R,GA,N/A,P000612,115
2286,David,PERDUE,SENATOR,R,GA,N/A,P000612,115
1409,Patty,MURRAY,SENATOR,D,WA,N/A,M001111,115
2079,John,HOEVEN,SENATOR,R,ND,N/A,H001061,115
2084,Marco,RUBIO,SENATOR,R,FL,N/A,R000595,115
1608,Johnny,ISAKSON,SENATOR,R,GA,N/A,I000055,115
1925,Bill,CASSIDY,SENATOR,R,LA,N/A,C001075,115
2342,Adriano,ESPAILLAT,N/A,D,NY,N/A,E000297,115
2143,George,HOLDING,REPRESENTATIVE,R,NC,13,H001065,115
2342,Adriano,ESPAILLAT,N/A,D,NY,N/A,E000297,115
2342,Adriano,ESPAILLAT,N/A,D,NY,N/A,E000297,115
1635,Adam,SCHIFF,REPRESENTATIVE,D,CA,28,S001150,115
1036,Charles,SCHUMER,SENATOR,D,NY,N/A,S000148,115
1890,Jackie,SPEIER,REPRESENTATIVE,D,CA,14,S001175,115
2130,Luke,MESSER,REPRESENTATIVE,R,IN,6,M001189,115
