speaker_id,first_name,last_name,type,party,state,district,bio_guide_id,congress_id
2345,Brian,FITZPATRICK,REPRESENTATIVE,R,PA,8,F000466,115
2345,Brian,FITZPATRICK,REPRESENTATIVE,R,PA,8,F000466,115
2345,Brian,FITZPATRICK,REPRESENTATIVE,R,PA,8,F000466,115
2328,Roger,MARSHALL,N/A,R,KS,N/A,M001198,115
2328,Roger,MARSHALL,N/A,R,KS,N/A,M001198,115
2328,Roger,MARSHALL,N/A,R,KS,N/A,M001198,115
2328,Roger,MARSHALL,N/A,R,KS,N/A,M001198,115
2328,Roger,MARSHALL,N/A,R,KS,N/A,M001198,115
2328,Roger,MARSHALL,N/A,R,KS,N/A,M001198,115
1790,Emanuel,CLEAVER,REPRESENTATIVE,D,MO,5,C001061,115
1526,Brad,SHERMAN,REPRESENTATIVE,D,CA,30,S000344,115
1526,Brad,SHERMAN,REPRESENTATIVE,D,CA,30,S000344,115
1526,Brad,SHERMAN,REPRESENTATIVE,D,CA,30,S000344,115
998,Edward,ROYCE,REPRESENTATIVE,R,CA,39,R000487,115
1409,Patty,MURRAY,SENATOR,D,WA,N/A,M001111,115
1692,John,CORNYN,SENATOR,R,TX,N/A,C001056,115
1692,John,CORNYN,SENATOR,R,TX,N/A,C001056,115
949,Jack,REED,REPRESENTATIVE,D,RI,23,R000122,115
949,Jack,REED,REPRESENTATIVE,D,RI,23,R000122,115
1823,Sheldon,WHITEHOUSE,SENATOR,D,RI,N/A,W000802,115
1823,Sheldon,WHITEHOUSE,SENATOR,D,RI,N/A,W000802,115
1929,Gary,PETERS,REPRESENTATIVE,D,MI,52,P000595,115
174,Benjamin,CARDIN,SENATOR,D,MD,N/A,C000141,115
326,Richard,DURBIN,SENATOR,D,IL,N/A,D000563,115
1836,Joe,COURTNEY,REPRESENTATIVE,D,CT,2,C001069,115
2015,Randy,HULTGREN,REPRESENTATIVE,R,IL,14,H001059,115
2015,Randy,HULTGREN,REPRESENTATIVE,R,IL,14,H001059,115
2015,Randy,HULTGREN,REPRESENTATIVE,R,IL,14,H001059,115
2015,Randy,HULTGREN,REPRESENTATIVE,R,IL,14,H001059,115
2015,Randy,HULTGREN,REPRESENTATIVE,R,IL,14,H001059,115
2015,Randy,HULTGREN,REPRESENTATIVE,R,IL,14,H001059,115
2228,Stephen,KNIGHT,REPRESENTATIVE,R,CA,25,K000387,115
2228,Stephen,KNIGHT,REPRESENTATIVE,R,CA,25,K000387,115
2228,Stephen,KNIGHT,REPRESENTATIVE,R,CA,25,K000387,115
2228,Stephen,KNIGHT,REPRESENTATIVE,R,CA,25,K000387,115
2339,Jacky,ROSEN,N/A,D,NV,N/A,R000608,115
2228,Stephen,KNIGHT,REPRESENTATIVE,R,CA,25,K000387,115
1526,Brad,SHERMAN,REPRESENTATIVE,D,CA,30,S000344,115
1526,Brad,SHERMAN,REPRESENTATIVE,D,CA,30,S000344,115
1526,Brad,SHERMAN,REPRESENTATIVE,D,CA,30,S000344,115
998,Edward,ROYCE,REPRESENTATIVE,R,CA,39,R000487,115
2253,Tom,EMMER,REPRESENTATIVE,R,MN,6,E000294,115
2253,Tom,EMMER,REPRESENTATIVE,R,MN,6,E000294,115
2253,Tom,EMMER,REPRESENTATIVE,R,MN,6,E000294,115
2253,Tom,EMMER,REPRESENTATIVE,R,MN,6,E000294,115
2253,Tom,EMMER,REPRESENTATIVE,R,MN,6,E000294,115
2228,Stephen,KNIGHT,REPRESENTATIVE,R,CA,25,K000387,115
2302,Margaret,HASSAN,N/A,D,NH,N/A,H001076,115
2109,Raul,RUIZ,REPRESENTATIVE,D,CA,36,R000599,115
1596,Greg,WALDEN,REPRESENTATIVE,R,OR,2,W000791,115
2342,Adriano,ESPAILLAT,N/A,D,NY,N/A,E000297,115
1791,Virginia,FOXX,REPRESENTATIVE,R,NC,5,F000450,115
326,Richard,DURBIN,SENATOR,D,IL,N/A,D000563,115
326,Richard,DURBIN,SENATOR,D,IL,N/A,D000563,115
1036,Charles,SCHUMER,SENATOR,D,NY,N/A,S000148,115
1036,Charles,SCHUMER,SENATOR,D,NY,N/A,S000148,115
457,Chuck,GRASSLEY,SENATOR,R,IA,N/A,G000386,115
457,Chuck,GRASSLEY,SENATOR,R,IA,N/A,G000386,115
457,Chuck,GRASSLEY,SENATOR,R,IA,N/A,G000386,115
1036,Charles,SCHUMER,SENATOR,D,NY,N/A,S000148,115
1534,John,THUNE,SENATOR,R,SD,N/A,T000250,115
457,Chuck,GRASSLEY,SENATOR,R,IA,N/A,G000386,115
2307,Andy,BIGGS,N/A,R,AZ,N/A,B001302,115
1534,John,THUNE,SENATOR,R,SD,N/A,T000250,115
2110,Mark,TAKANO,REPRESENTATIVE,D,CA,41,T000472,115
2131,Andy,BARR,REPRESENTATIVE,R,KY,11,B001282,115
2110,Mark,TAKANO,REPRESENTATIVE,D,CA,41,T000472,115
355,Anna,ESHOO,REPRESENTATIVE,D,CA,18,E000215,115
1608,Johnny,ISAKSON,SENATOR,R,GA,N/A,I000055,115
2115,Ted,YOHO,REPRESENTATIVE,R,FL,3,Y000065,115
2015,Randy,HULTGREN,REPRESENTATIVE,R,IL,14,H001059,115
2138,Steve,DAINES,SENATOR,R,MT,N/A,D000618,115
2124,Bradley,SCHNEIDER,N/A,D,IL,N/A,S001190,115
616,Marcy,KAPTUR,REPRESENTATIVE,D,OH,8,K000009,115
2097,Donald,PAYNE,REPRESENTATIVE,D,NJ,10,P000604,115
457,Chuck,GRASSLEY,SENATOR,R,IA,N/A,G000386,115
1596,Greg,WALDEN,REPRESENTATIVE,R,OR,2,W000791,115
1527,John,SHIMKUS,REPRESENTATIVE,R,IL,15,S000364,115
1596,Greg,WALDEN,REPRESENTATIVE,R,OR,2,W000791,115
2144,Kevin,CRAMER,REPRESENTATIVE,R,ND,0,C001096,115
1596,Greg,WALDEN,REPRESENTATIVE,R,OR,2,W000791,115
1885,Robert,LATTA,REPRESENTATIVE,R,OH,5,L000566,115
1596,Greg,WALDEN,REPRESENTATIVE,R,OR,2,W000791,115
2070,H.,GRIFFITH,REPRESENTATIVE,R,VA,9,G000568,115
1596,Greg,WALDEN,REPRESENTATIVE,R,OR,2,W000791,115
2070,H.,GRIFFITH,REPRESENTATIVE,R,VA,9,G000568,115
1596,Greg,WALDEN,REPRESENTATIVE,R,OR,2,W000791,115
1596,Greg,WALDEN,REPRESENTATIVE,R,OR,2,W000791,115
1668,James,LANGEVIN,REPRESENTATIVE,D,RI,2,L000559,115
2297,James,COMER,N/A,R,KY,N/A,C001108,115
1955,Pete,OLSON,REPRESENTATIVE,R,TX,22,O000168,115
887,Frank,PALLONE,REPRESENTATIVE,D,NJ,6,P000034,115
1507,Jerry,MORAN,SENATOR,R,KS,N/A,M000934,115
99,Earl,BLUMENAUER,REPRESENTATIVE,D,OR,3,B000574,115
1810,David,REICHERT,REPRESENTATIVE,R,WA,8,R000578,115
1810,David,REICHERT,REPRESENTATIVE,R,WA,8,R000578,115
1810,David,REICHERT,REPRESENTATIVE,R,WA,8,R000578,115
1510,Bill,PASCRELL,REPRESENTATIVE,D,NJ,9,P000096,115
1810,David,REICHERT,REPRESENTATIVE,R,WA,8,R000578,115
1510,Bill,PASCRELL,REPRESENTATIVE,D,NJ,9,P000096,115
1810,David,REICHERT,REPRESENTATIVE,R,WA,8,R000578,115
2128,Jackie,WALORSKI,REPRESENTATIVE,R,IN,2,W000813,115
1510,Bill,PASCRELL,REPRESENTATIVE,D,NJ,9,P000096,115
1810,David,REICHERT,REPRESENTATIVE,R,WA,8,R000578,115
1510,Bill,PASCRELL,REPRESENTATIVE,D,NJ,9,P000096,115
1810,David,REICHERT,REPRESENTATIVE,R,WA,8,R000578,115
2361,Ralph,NORMAN,N/A,R,SC,N/A,N000190,115
1510,Bill,PASCRELL,REPRESENTATIVE,D,NJ,9,P000096,115
1810,David,REICHERT,REPRESENTATIVE,R,WA,8,R000578,115
1810,David,REICHERT,REPRESENTATIVE,R,WA,8,R000578,115
1930,Erik,PAULSEN,REPRESENTATIVE,R,MN,3,P000594,115
1973,John,GARAMENDI,REPRESENTATIVE,D,CA,3,G000559,115
1973,John,GARAMENDI,REPRESENTATIVE,D,CA,3,G000559,115
1973,John,GARAMENDI,REPRESENTATIVE,D,CA,3,G000559,115
1973,John,GARAMENDI,REPRESENTATIVE,D,CA,3,G000559,115
2097,Donald,PAYNE,REPRESENTATIVE,D,NJ,10,P000604,115
1973,John,GARAMENDI,REPRESENTATIVE,D,CA,3,G000559,115
1973,John,GARAMENDI,REPRESENTATIVE,D,CA,3,G000559,115
2097,Donald,PAYNE,REPRESENTATIVE,D,NJ,10,P000604,115
1973,John,GARAMENDI,REPRESENTATIVE,D,CA,3,G000559,115
2055,David,CICILLINE,REPRESENTATIVE,D,RI,1,C001084,115
1973,John,GARAMENDI,REPRESENTATIVE,D,CA,3,G000559,115
2055,David,CICILLINE,REPRESENTATIVE,D,RI,1,C001084,115
1973,John,GARAMENDI,REPRESENTATIVE,D,CA,3,G000559,115
2097,Donald,PAYNE,REPRESENTATIVE,D,NJ,10,P000604,115
1973,John,GARAMENDI,REPRESENTATIVE,D,CA,3,G000559,115
2325,Raja,KRISHNAMOORTHI,N/A,D,IL,N/A,K000391,115
2166,Marc,VEASEY,REPRESENTATIVE,D,TX,33,V000131,115
2302,Margaret,HASSAN,N/A,D,NH,N/A,H001076,115
