speaker_id,first_name,last_name,type,party,state,district,bio_guide_id,congress_id
2015,Randy,HULTGREN,REPRESENTATIVE,R,IL,14,H001059,115
2345,Brian,FITZPATRICK,REPRESENTATIVE,R,PA,8,F000466,115
2143,George,HOLDING,REPRESENTATIVE,R,NC,13,H001065,115
1801,Louie,GOHMERT,REPRESENTATIVE,R,TX,1,G000552,115
1507,Jerry,MORAN,SENATOR,R,KS,N/A,M000934,115
1801,Louie,GOHMERT,REPRESENTATIVE,R,TX,1,G000552,115
1710,Devin,NUNES,REPRESENTATIVE,R,CA,22,N000181,115
1710,Devin,NUNES,REPRESENTATIVE,R,CA,22,N000181,115
1710,Devin,NUNES,REPRESENTATIVE,R,CA,22,N000181,115
1635,Adam,SCHIFF,REPRESENTATIVE,D,CA,28,S001150,115
1710,Devin,NUNES,REPRESENTATIVE,R,CA,22,N000181,115
1635,Adam,SCHIFF,REPRESENTATIVE,D,CA,28,S001150,115
1913,James,HIMES,REPRESENTATIVE,D,CT,4,H001047,115
1710,Devin,NUNES,REPRESENTATIVE,R,CA,22,N000181,115
1635,Adam,SCHIFF,REPRESENTATIVE,D,CA,28,S001150,115
905,Nancy,PELOSI,REPRESENTATIVE,D,CA,12,P000197,115
1710,Devin,NUNES,REPRESENTATIVE,R,CA,22,N000181,115
1635,Adam,SCHIFF,REPRESENTATIVE,D,CA,28,S001150,115
2170,Denny,HECK,REPRESENTATIVE,D,WA,3,H001064,115
1710,Devin,NUNES,REPRESENTATIVE,R,CA,22,N000181,115
1635,Adam,SCHIFF,REPRESENTATIVE,D,CA,28,S001150,115
1710,Devin,NUNES,REPRESENTATIVE,R,CA,22,N000181,115
1635,Adam,SCHIFF,REPRESENTATIVE,D,CA,28,S001150,115
1710,Devin,NUNES,REPRESENTATIVE,R,CA,22,N000181,115
1635,Adam,SCHIFF,REPRESENTATIVE,D,CA,28,S001150,115
1710,Devin,NUNES,REPRESENTATIVE,R,CA,22,N000181,115
1635,Adam,SCHIFF,REPRESENTATIVE,D,CA,28,S001150,115
1710,Devin,NUNES,REPRESENTATIVE,R,CA,22,N000181,115
1710,Devin,NUNES,REPRESENTATIVE,R,CA,22,N000181,115
2143,George,HOLDING,REPRESENTATIVE,R,NC,13,H001065,115
1856,Timothy,WALZ,REPRESENTATIVE,D,MN,1,W000799,115
2351,Scott,TAYLOR,N/A,R,VA,N/A,T000477,115
1856,Timothy,WALZ,REPRESENTATIVE,D,MN,1,W000799,115
1856,Timothy,WALZ,REPRESENTATIVE,D,MN,1,W000799,115
2247,Bruce,POLIQUIN,REPRESENTATIVE,R,ME,2,P000611,115
2247,Bruce,POLIQUIN,REPRESENTATIVE,R,ME,2,P000611,115
1856,Timothy,WALZ,REPRESENTATIVE,D,MN,1,W000799,115
2110,Mark,TAKANO,REPRESENTATIVE,D,CA,41,T000472,115
2350,Jodey,ARRINGTON,N/A,R,TX,N/A,A000375,115
1856,Timothy,WALZ,REPRESENTATIVE,D,MN,1,W000799,115
1856,Timothy,WALZ,REPRESENTATIVE,D,MN,1,W000799,115
2312,J.,CORREA,N/A,D,CA,N/A,C001110,115
1856,Timothy,WALZ,REPRESENTATIVE,D,MN,1,W000799,115
1927,Chellie,PINGREE,REPRESENTATIVE,D,ME,1,P000597,115
1856,Timothy,WALZ,REPRESENTATIVE,D,MN,1,W000799,115
1962,Gregorio,SABLAN,DELEGATE,D,MP,N/A,S001177,115
2226,Ruben,GALLEGO,REPRESENTATIVE,D,AZ,7,G000574,115
2226,Ruben,GALLEGO,REPRESENTATIVE,D,AZ,7,G000574,115
2246,Seth,MOULTON,REPRESENTATIVE,D,MA,6,M001196,115
2158,Keith,ROTHFUS,REPRESENTATIVE,R,PA,12,R000598,115
2226,Ruben,GALLEGO,REPRESENTATIVE,D,AZ,7,G000574,115
2309,Jimmy,PANETTA,N/A,D,CA,N/A,P000613,115
2309,Jimmy,PANETTA,N/A,D,CA,N/A,P000613,115
2355,Mike,GALLAGHER,N/A,R,WI,N/A,G000579,115
2226,Ruben,GALLEGO,REPRESENTATIVE,D,AZ,7,G000574,115
1602,Grace,NAPOLITANO,REPRESENTATIVE,D,CA,32,N000179,115
2261,Lee,ZELDIN,REPRESENTATIVE,R,NY,1,Z000017,115
2158,Keith,ROTHFUS,REPRESENTATIVE,R,PA,12,R000598,115
1527,John,SHIMKUS,REPRESENTATIVE,R,IL,15,S000364,115
2354,Pramila,JAYAPAL,N/A,D,WA,N/A,J000298,115
2065,Bill,FLORES,REPRESENTATIVE,R,TX,17,F000461,115
2110,Mark,TAKANO,REPRESENTATIVE,D,CA,41,T000472,115
1184,Nydia,VELAZQUEZ,REPRESENTATIVE,D,NY,7,V000081,115
2274,Stacey,PLASKETT,DELEGATE,D,VI,N/A,P000610,115
1936,Leonard,LANCE,REPRESENTATIVE,R,NJ,7,L000567,115
2342,Adriano,ESPAILLAT,N/A,D,NY,N/A,E000297,115
2226,Ruben,GALLEGO,REPRESENTATIVE,D,AZ,7,G000574,115
2226,Ruben,GALLEGO,REPRESENTATIVE,D,AZ,7,G000574,115
2226,Ruben,GALLEGO,REPRESENTATIVE,D,AZ,7,G000574,115
2226,Ruben,GALLEGO,REPRESENTATIVE,D,AZ,7,G000574,115
2319,Darren,SOTO,N/A,D,FL,N/A,S001200,115
2015,Randy,HULTGREN,REPRESENTATIVE,R,IL,14,H001059,115
1856,Timothy,WALZ,REPRESENTATIVE,D,MN,1,W000799,115
1856,Timothy,WALZ,REPRESENTATIVE,D,MN,1,W000799,115
1856,Timothy,WALZ,REPRESENTATIVE,D,MN,1,W000799,115
1856,Timothy,WALZ,REPRESENTATIVE,D,MN,1,W000799,115
2333,Jack,BERGMAN,N/A,R,MI,N/A,B001301,115
1856,Timothy,WALZ,REPRESENTATIVE,D,MN,1,W000799,115
1856,Timothy,WALZ,REPRESENTATIVE,D,MN,1,W000799,115
2275,Dan,NEWHOUSE,REPRESENTATIVE,R,WA,4,N000189,115
1069,Louise,SLAUGHTER,REPRESENTATIVE,D,NY,25,S000480,115
2334,Paul,MITCHELL,N/A,R,MI,N/A,M001201,115
1069,Louise,SLAUGHTER,REPRESENTATIVE,D,NY,25,S000480,115
2356,Liz,CHENEY,N/A,R,WY,N/A,C001109,115
2356,Liz,CHENEY,N/A,R,WY,N/A,C001109,115
2356,Liz,CHENEY,N/A,R,WY,N/A,C001109,115
2356,Liz,CHENEY,N/A,R,WY,N/A,C001109,115
511,Alcee,HASTINGS,REPRESENTATIVE,D,FL,20,H000324,115
2356,Liz,CHENEY,N/A,R,WY,N/A,C001109,115
511,Alcee,HASTINGS,REPRESENTATIVE,D,FL,20,H000324,115
2356,Liz,CHENEY,N/A,R,WY,N/A,C001109,115
511,Alcee,HASTINGS,REPRESENTATIVE,D,FL,20,H000324,115
