speaker_id,first_name,last_name,type,party,state,district,bio_guide_id,congress_id
2321,Charlie,CRIST,N/A,D,FL,N/A,C001111,115
2134,Daniel,KILDEE,REPRESENTATIVE,D,MI,5,K000380,115
1823,Sheldon,WHITEHOUSE,SENATOR,D,RI,N/A,W000802,115
2076,Richard,BLUMENTHAL,SENATOR,D,CT,N/A,B001277,115
1823,Sheldon,WHITEHOUSE,SENATOR,D,RI,N/A,W000802,115
2076,Richard,BLUMENTHAL,SENATOR,D,CT,N/A,B001277,115
2344,Claudia,TENNEY,N/A,R,NY,N/A,T000478,115
2325,Raja,KRISHNAMOORTHI,N/A,D,IL,N/A,K000391,115
1692,John,CORNYN,SENATOR,R,TX,N/A,C001056,115
1823,Sheldon,WHITEHOUSE,SENATOR,D,RI,N/A,W000802,115
2340,Ruben,KIHUEN,N/A,D,NV,N/A,K000390,115
1930,Erik,PAULSEN,REPRESENTATIVE,R,MN,3,P000594,115
1332,Dianne,FEINSTEIN,SENATOR,D,CA,N/A,F000062,115
457,Chuck,GRASSLEY,SENATOR,R,IA,N/A,G000386,115
1558,Tammy,BALDWIN,SENATOR,D,WI,N/A,B001230,115
2252,Brenda,LAWRENCE,REPRESENTATIVE,D,MI,14,L000581,115
250,Mike,CRAPO,SENATOR,R,ID,N/A,C000880,115
2319,Darren,SOTO,N/A,D,FL,N/A,S001200,115
859,Bill,NELSON,SENATOR,D,FL,N/A,N000032,115
2008,Rob,WOODALL,REPRESENTATIVE,R,GA,7,W000810,115
1742,Tom,COLE,REPRESENTATIVE,R,OK,12,C001053,115
2010,Colleen,HANABUSA,N/A,D,HI,N/A,H001050,115
1992,Paul,GOSAR,REPRESENTATIVE,R,AZ,4,G000565,115
1992,Paul,GOSAR,REPRESENTATIVE,R,AZ,4,G000565,115
1992,Paul,GOSAR,REPRESENTATIVE,R,AZ,4,G000565,115
2010,Colleen,HANABUSA,N/A,D,HI,N/A,H001050,115
1992,Paul,GOSAR,REPRESENTATIVE,R,AZ,4,G000565,115
1992,Paul,GOSAR,REPRESENTATIVE,R,AZ,4,G000565,115
2343,John,FASO,N/A,R,NY,N/A,F000464,115
1791,Virginia,FOXX,REPRESENTATIVE,R,NC,5,F000450,115
1801,Louie,GOHMERT,REPRESENTATIVE,R,TX,1,G000552,115
2067,Blake,FARENTHOLD,REPRESENTATIVE,R,TX,27,F000460,115
2067,Blake,FARENTHOLD,REPRESENTATIVE,R,TX,27,F000460,115
2067,Blake,FARENTHOLD,REPRESENTATIVE,R,TX,27,F000460,115
924,Rob,PORTMAN,SENATOR,R,OH,N/A,P000449,115
1692,John,CORNYN,SENATOR,R,TX,N/A,C001056,115
2332,Jamie,RASKIN,N/A,D,MD,N/A,R000606,115
2332,Jamie,RASKIN,N/A,D,MD,N/A,R000606,115
2332,Jamie,RASKIN,N/A,D,MD,N/A,R000606,115
2307,Andy,BIGGS,N/A,R,AZ,N/A,B001302,115
2097,Donald,PAYNE,REPRESENTATIVE,D,NJ,10,P000604,115
2298,Dwight,EVANS,N/A,D,PA,N/A,E000296,115
2298,Dwight,EVANS,N/A,D,PA,N/A,E000296,115
2097,Donald,PAYNE,REPRESENTATIVE,D,NJ,10,P000604,115
2298,Dwight,EVANS,N/A,D,PA,N/A,E000296,115
2097,Donald,PAYNE,REPRESENTATIVE,D,NJ,10,P000604,115
2298,Dwight,EVANS,N/A,D,PA,N/A,E000296,115
2097,Donald,PAYNE,REPRESENTATIVE,D,NJ,10,P000604,115
2298,Dwight,EVANS,N/A,D,PA,N/A,E000296,115
2252,Brenda,LAWRENCE,REPRESENTATIVE,D,MI,14,L000581,115
2298,Dwight,EVANS,N/A,D,PA,N/A,E000296,115
2252,Brenda,LAWRENCE,REPRESENTATIVE,D,MI,14,L000581,115
2298,Dwight,EVANS,N/A,D,PA,N/A,E000296,115
2252,Brenda,LAWRENCE,REPRESENTATIVE,D,MI,14,L000581,115
2298,Dwight,EVANS,N/A,D,PA,N/A,E000296,115
2023,Cedric,RICHMOND,REPRESENTATIVE,D,LA,2,R000588,115
2298,Dwight,EVANS,N/A,D,PA,N/A,E000296,115
2023,Cedric,RICHMOND,REPRESENTATIVE,D,LA,2,R000588,115
2298,Dwight,EVANS,N/A,D,PA,N/A,E000296,115
2298,Dwight,EVANS,N/A,D,PA,N/A,E000296,115
2023,Cedric,RICHMOND,REPRESENTATIVE,D,LA,2,R000588,115
2298,Dwight,EVANS,N/A,D,PA,N/A,E000296,115
2023,Cedric,RICHMOND,REPRESENTATIVE,D,LA,2,R000588,115
2298,Dwight,EVANS,N/A,D,PA,N/A,E000296,115
1791,Virginia,FOXX,REPRESENTATIVE,R,NC,5,F000450,115
2165,Roger,WILLIAMS,REPRESENTATIVE,R,TX,25,W000816,115
2166,Marc,VEASEY,REPRESENTATIVE,D,TX,33,V000131,115
1942,Paul,TONKO,REPRESENTATIVE,D,NY,20,T000469,115
2138,Steve,DAINES,SENATOR,R,MT,N/A,D000618,115
1010,Bernard,SANDERS,SENATOR,I,VT,N/A,S000033,115
1976,Theodore,DEUTCH,REPRESENTATIVE,D,FL,21,D000610,115
1992,Paul,GOSAR,REPRESENTATIVE,R,AZ,4,G000565,115
1992,Paul,GOSAR,REPRESENTATIVE,R,AZ,4,G000565,115
1992,Paul,GOSAR,REPRESENTATIVE,R,AZ,4,G000565,115
2010,Colleen,HANABUSA,N/A,D,HI,N/A,H001050,115
1992,Paul,GOSAR,REPRESENTATIVE,R,AZ,4,G000565,115
2010,Colleen,HANABUSA,N/A,D,HI,N/A,H001050,115
1992,Paul,GOSAR,REPRESENTATIVE,R,AZ,4,G000565,115
1992,Paul,GOSAR,REPRESENTATIVE,R,AZ,4,G000565,115
1992,Paul,GOSAR,REPRESENTATIVE,R,AZ,4,G000565,115
1992,Paul,GOSAR,REPRESENTATIVE,R,AZ,4,G000565,115
2010,Colleen,HANABUSA,N/A,D,HI,N/A,H001050,115
1992,Paul,GOSAR,REPRESENTATIVE,R,AZ,4,G000565,115
2137,Ann,WAGNER,REPRESENTATIVE,R,MO,2,W000812,115
2010,Colleen,HANABUSA,N/A,D,HI,N/A,H001050,115
1992,Paul,GOSAR,REPRESENTATIVE,R,AZ,4,G000565,115
1992,Paul,GOSAR,REPRESENTATIVE,R,AZ,4,G000565,115
2179,Deb,FISCHER,SENATOR,R,NE,N/A,F000463,115
1594,Patrick,TOOMEY,SENATOR,R,PA,N/A,T000461,115
1992,Paul,GOSAR,REPRESENTATIVE,R,AZ,4,G000565,115
1992,Paul,GOSAR,REPRESENTATIVE,R,AZ,4,G000565,115
1992,Paul,GOSAR,REPRESENTATIVE,R,AZ,4,G000565,115
2010,Colleen,HANABUSA,N/A,D,HI,N/A,H001050,115
1927,Chellie,PINGREE,REPRESENTATIVE,D,ME,1,P000597,115
1992,Paul,GOSAR,REPRESENTATIVE,R,AZ,4,G000565,115
2247,Bruce,POLIQUIN,REPRESENTATIVE,R,ME,2,P000611,115
2010,Colleen,HANABUSA,N/A,D,HI,N/A,H001050,115
1992,Paul,GOSAR,REPRESENTATIVE,R,AZ,4,G000565,115
2319,Darren,SOTO,N/A,D,FL,N/A,S001200,115
2319,Darren,SOTO,N/A,D,FL,N/A,S001200,115
2319,Darren,SOTO,N/A,D,FL,N/A,S001200,115
2319,Darren,SOTO,N/A,D,FL,N/A,S001200,115
2319,Darren,SOTO,N/A,D,FL,N/A,S001200,115
2319,Darren,SOTO,N/A,D,FL,N/A,S001200,115
2319,Darren,SOTO,N/A,D,FL,N/A,S001200,115
2319,Darren,SOTO,N/A,D,FL,N/A,S001200,115
2319,Darren,SOTO,N/A,D,FL,N/A,S001200,115
2319,Darren,SOTO,N/A,D,FL,N/A,S001200,115
2319,Darren,SOTO,N/A,D,FL,N/A,S001200,115
2319,Darren,SOTO,N/A,D,FL,N/A,S001200,115
2345,Brian,FITZPATRICK,REPRESENTATIVE,R,PA,8,F000466,115
1976,Theodore,DEUTCH,REPRESENTATIVE,D,FL,21,D000610,115
616,Marcy,KAPTUR,REPRESENTATIVE,D,OH,8,K000009,115
1687,John,BOOZMAN,SENATOR,R,AR,N/A,B001236,115
1687,John,BOOZMAN,SENATOR,R,AR,N/A,B001236,115
924,Rob,PORTMAN,SENATOR,R,OH,N/A,P000449,115
1633,Jeff,FLAKE,SENATOR,R,AZ,N/A,F000444,115
1633,Jeff,FLAKE,SENATOR,R,AZ,N/A,F000444,115
1633,Jeff,FLAKE,SENATOR,R,AZ,N/A,F000444,115
1036,Charles,SCHUMER,SENATOR,D,NY,N/A,S000148,115
1998,Cory,GARDNER,N/A,R,CO,N/A,G000562,115
859,Bill,NELSON,SENATOR,D,FL,N/A,N000032,115
2084,Marco,RUBIO,SENATOR,R,FL,N/A,R000595,115
1633,Jeff,FLAKE,SENATOR,R,AZ,N/A,F000444,115
1383,Patrick,LEAHY,SENATOR,D,VT,N/A,L000174,115
1829,Jon,TESTER,SENATOR,D,MT,N/A,T000464,115
1829,Jon,TESTER,SENATOR,D,MT,N/A,T000464,115
1829,Jon,TESTER,SENATOR,D,MT,N/A,T000464,115
1594,Patrick,TOOMEY,SENATOR,R,PA,N/A,T000461,115
1049,Richard,SHELBY,SENATOR,R,AL,N/A,S000320,115
1534,John,THUNE,SENATOR,R,SD,N/A,T000250,115
1534,John,THUNE,SENATOR,R,SD,N/A,T000250,115
949,Jack,REED,REPRESENTATIVE,D,RI,23,R000122,115
1687,John,BOOZMAN,SENATOR,R,AR,N/A,B001236,115
153,Richard,BURR,SENATOR,R,NC,N/A,B001135,115
1692,John,CORNYN,SENATOR,R,TX,N/A,C001056,115
2345,Brian,FITZPATRICK,REPRESENTATIVE,R,PA,8,F000466,115
