speaker_id,first_name,last_name,type,party,state,district,bio_guide_id,congress_id
1036,Charles,SCHUMER,SENATOR,D,NY,N/A,S000148,115
1383,Patrick,LEAHY,SENATOR,D,VT,N/A,L000174,115
1247,Ron,WYDEN,SENATOR,D,OR,N/A,W000779,115
2082,Rand,PAUL,REPRESENTATIVE,R,KY,4,P000603,115
457,Chuck,GRASSLEY,SENATOR,R,IA,N/A,G000386,115
153,Richard,BURR,SENATOR,R,NC,N/A,B001135,115
153,Richard,BURR,SENATOR,R,NC,N/A,B001135,115
1897,Mark,WARNER,SENATOR,D,VA,N/A,W000805,115
153,Richard,BURR,SENATOR,R,NC,N/A,B001135,115
1247,Ron,WYDEN,SENATOR,D,OR,N/A,W000779,115
1247,Ron,WYDEN,SENATOR,D,OR,N/A,W000779,115
1692,John,CORNYN,SENATOR,R,TX,N/A,C001056,115
136,Sherrod,BROWN,REPRESENTATIVE,D,OH,26,B000944,115
1531,Debbie,STABENOW,SENATOR,D,MI,N/A,S000770,115
1036,Charles,SCHUMER,SENATOR,D,NY,N/A,S000148,115
1850,Joe,DONNELLY,SENATOR,D,IN,N/A,D000607,115
1558,Tammy,BALDWIN,SENATOR,D,WI,N/A,B001230,115
1826,Amy,KLOBUCHAR,SENATOR,D,MN,N/A,K000367,115
1828,Robert,CASEY,SENATOR,D,PA,N/A,C001070,115
1828,Robert,CASEY,SENATOR,D,PA,N/A,C001070,115
2288,Mike,ROUNDS,N/A,R,SD,N/A,R000605,115
2288,Mike,ROUNDS,N/A,R,SD,N/A,R000605,115
174,Benjamin,CARDIN,SENATOR,D,MD,N/A,C000141,115
1973,John,GARAMENDI,REPRESENTATIVE,D,CA,3,G000559,115
2288,Mike,ROUNDS,N/A,R,SD,N/A,R000605,115
1668,James,LANGEVIN,REPRESENTATIVE,D,RI,2,L000559,115
2288,Mike,ROUNDS,N/A,R,SD,N/A,R000605,115
2288,Mike,ROUNDS,N/A,R,SD,N/A,R000605,115
2288,Mike,ROUNDS,N/A,R,SD,N/A,R000605,115
2223,J.,HILL,REPRESENTATIVE,R,AR,2,H001072,115
2072,Sean,DUFFY,N/A,R,WI,N/A,D000614,115
2072,Sean,DUFFY,N/A,R,WI,N/A,D000614,115
2072,Sean,DUFFY,N/A,R,WI,N/A,D000614,115
1913,James,HIMES,REPRESENTATIVE,D,CT,4,H001047,115
1790,Emanuel,CLEAVER,REPRESENTATIVE,D,MO,5,C001061,115
1913,James,HIMES,REPRESENTATIVE,D,CT,4,H001047,115
2072,Sean,DUFFY,N/A,R,WI,N/A,D000614,115
2072,Sean,DUFFY,N/A,R,WI,N/A,D000614,115
2115,Ted,YOHO,REPRESENTATIVE,R,FL,3,Y000065,115
1895,Marcia,FUDGE,REPRESENTATIVE,D,OH,11,F000455,115
2171,Mark,POCAN,REPRESENTATIVE,D,WI,2,P000607,115
2350,Jodey,ARRINGTON,N/A,R,TX,N/A,A000375,115
2350,Jodey,ARRINGTON,N/A,R,TX,N/A,A000375,115
2141,Robert,PITTENGER,REPRESENTATIVE,R,NC,9,P000606,115
1383,Patrick,LEAHY,SENATOR,D,VT,N/A,L000174,115
2345,Brian,FITZPATRICK,REPRESENTATIVE,R,PA,8,F000466,115
2325,Raja,KRISHNAMOORTHI,N/A,D,IL,N/A,K000391,115
2344,Claudia,TENNEY,N/A,R,NY,N/A,T000478,115
186,Steve,CHABOT,REPRESENTATIVE,R,OH,1,C000266,115
1791,Virginia,FOXX,REPRESENTATIVE,R,NC,5,F000450,115
1791,Virginia,FOXX,REPRESENTATIVE,R,NC,5,F000450,115
99999999999999,First Name unavailable,DUFFY,Type Unavailable,Party Info Unavailable,state info unavailable,District Unavailable,BioGuideID unavailable,CongressID unavailable
99999999999999,First Name unavailable,DUFFY,Type Unavailable,Party Info Unavailable,state info unavailable,District Unavailable,BioGuideID unavailable,CongressID unavailable
99999999999999,First Name unavailable,DUFFY,Type Unavailable,Party Info Unavailable,state info unavailable,District Unavailable,BioGuideID unavailable,CongressID unavailable
1913,James,HIMES,REPRESENTATIVE,D,CT,4,H001047,114
99999999999999,First Name unavailable,DUFFY,Type Unavailable,Party Info Unavailable,state info unavailable,District Unavailable,BioGuideID unavailable,CongressID unavailable
1913,James,HIMES,REPRESENTATIVE,D,CT,4,H001047,114
2360,Karen,HANDEL,N/A,R,GA,N/A,H001078,115
2359,Greg,GIANFORTE,N/A,R,MT,N/A,G000584,115
2359,Greg,GIANFORTE,N/A,R,MT,N/A,G000584,115
2359,Greg,GIANFORTE,N/A,R,MT,N/A,G000584,115
2010,Colleen,HANABUSA,N/A,D,HI,N/A,H001050,115
868,Eleanor,NORTON,DELEGATE,D,DC,N/A,N000147,115
2010,Colleen,HANABUSA,N/A,D,HI,N/A,H001050,115
2359,Greg,GIANFORTE,N/A,R,MT,N/A,G000584,115
1791,Virginia,FOXX,REPRESENTATIVE,R,NC,5,F000450,115
2345,Brian,FITZPATRICK,REPRESENTATIVE,R,PA,8,F000466,115
2345,Brian,FITZPATRICK,REPRESENTATIVE,R,PA,8,F000466,115
2092,Suzanne,BONAMICI,REPRESENTATIVE,D,OR,1,B001278,115
414,Rodney,FRELINGHUYSEN,REPRESENTATIVE,R,NJ,11,F000372,115
2345,Brian,FITZPATRICK,REPRESENTATIVE,R,PA,8,F000466,115
2345,Brian,FITZPATRICK,REPRESENTATIVE,R,PA,8,F000466,115
2072,Sean,DUFFY,N/A,R,WI,N/A,D000614,115
2072,Sean,DUFFY,N/A,R,WI,N/A,D000614,115
2072,Sean,DUFFY,N/A,R,WI,N/A,D000614,115
1888,Bill,FOSTER,REPRESENTATIVE,D,IL,11,F000454,115
2072,Sean,DUFFY,N/A,R,WI,N/A,D000614,115
2327,Trey,HOLLINGSWORTH,N/A,R,IN,N/A,H001074,115
1888,Bill,FOSTER,REPRESENTATIVE,D,IL,11,F000454,115
2072,Sean,DUFFY,N/A,R,WI,N/A,D000614,115
2072,Sean,DUFFY,N/A,R,WI,N/A,D000614,115
1955,Pete,OLSON,REPRESENTATIVE,R,TX,22,O000168,115
2130,Luke,MESSER,REPRESENTATIVE,R,IN,6,M001189,115
2363,John,CURTIS,N/A,R,UT,N/A,C001114,115
2092,Suzanne,BONAMICI,REPRESENTATIVE,D,OR,1,B001278,115
2359,Greg,GIANFORTE,N/A,R,MT,N/A,G000584,115
2359,Greg,GIANFORTE,N/A,R,MT,N/A,G000584,115
2359,Greg,GIANFORTE,N/A,R,MT,N/A,G000584,115
2010,Colleen,HANABUSA,N/A,D,HI,N/A,H001050,115
2359,Greg,GIANFORTE,N/A,R,MT,N/A,G000584,115
2101,Jared,HUFFMAN,REPRESENTATIVE,D,CA,2,H001068,115
2359,Greg,GIANFORTE,N/A,R,MT,N/A,G000584,115
2359,Greg,GIANFORTE,N/A,R,MT,N/A,G000584,115
2359,Greg,GIANFORTE,N/A,R,MT,N/A,G000584,115
2359,Greg,GIANFORTE,N/A,R,MT,N/A,G000584,115
2010,Colleen,HANABUSA,N/A,D,HI,N/A,H001050,115
2359,Greg,GIANFORTE,N/A,R,MT,N/A,G000584,115
2197,Bradley,BYRNE,REPRESENTATIVE,R,AL,1,B001289,115
2010,Colleen,HANABUSA,N/A,D,HI,N/A,H001050,115
2359,Greg,GIANFORTE,N/A,R,MT,N/A,G000584,115
2314,Matt,GAETZ,N/A,R,FL,N/A,G000578,115
2359,Greg,GIANFORTE,N/A,R,MT,N/A,G000584,115
1541,Susan,COLLINS,REPRESENTATIVE,R,ME,9,C001035,115
1829,Jon,TESTER,SENATOR,D,MT,N/A,T000464,115
2359,Greg,GIANFORTE,N/A,R,MT,N/A,G000584,115
2359,Greg,GIANFORTE,N/A,R,MT,N/A,G000584,115
2359,Greg,GIANFORTE,N/A,R,MT,N/A,G000584,115
2010,Colleen,HANABUSA,N/A,D,HI,N/A,H001050,115
2359,Greg,GIANFORTE,N/A,R,MT,N/A,G000584,115
2090,Mark,AMODEI,REPRESENTATIVE,R,NV,2,A000369,115
2010,Colleen,HANABUSA,N/A,D,HI,N/A,H001050,115
2359,Greg,GIANFORTE,N/A,R,MT,N/A,G000584,115
1510,Bill,PASCRELL,REPRESENTATIVE,D,NJ,9,P000096,115
1510,Bill,PASCRELL,REPRESENTATIVE,D,NJ,9,P000096,115
2353,Thomas,GARRETT,REPRESENTATIVE,R,VA,5,G000580,115
2353,Thomas,GARRETT,REPRESENTATIVE,R,VA,5,G000580,115
2353,Thomas,GARRETT,REPRESENTATIVE,R,VA,5,G000580,115
2239,Rick,ALLEN,REPRESENTATIVE,R,GA,12,A000372,115
2288,Mike,ROUNDS,N/A,R,SD,N/A,R000605,115
2138,Steve,DAINES,SENATOR,R,MT,N/A,D000618,115
