speaker_id,first_name,last_name,type,party,state,district,bio_guide_id,congress_id
1881,John,BARRASSO,SENATOR,R,WY,N/A,B001261,115
2153,Joyce,BEATTY,REPRESENTATIVE,D,OH,3,B001281,115
136,Sherrod,BROWN,REPRESENTATIVE,D,OH,26,B000944,115
1881,John,BARRASSO,SENATOR,R,WY,N/A,B001261,115
2153,Joyce,BEATTY,REPRESENTATIVE,D,OH,3,B001281,115
1881,John,BARRASSO,SENATOR,R,WY,N/A,B001261,115
1534,John,THUNE,SENATOR,R,SD,N/A,T000250,115
1692,John,CORNYN,SENATOR,R,TX,N/A,C001056,115
326,Richard,DURBIN,SENATOR,D,IL,N/A,D000563,115
979,Dana,ROHRABACHER,REPRESENTATIVE,R,CA,48,R000409,115
1850,Joe,DONNELLY,SENATOR,D,IN,N/A,D000607,115
2238,Barry,LOUDERMILK,REPRESENTATIVE,R,GA,11,L000583,115
1041,F.,SENSENBRENNER,REPRESENTATIVE,R,WI,5,S000244,115
1881,John,BARRASSO,SENATOR,R,WY,N/A,B001261,115
1801,Louie,GOHMERT,REPRESENTATIVE,R,TX,1,G000552,115
1749,Jeb,HENSARLING,REPRESENTATIVE,R,TX,5,H001036,115
1749,Jeb,HENSARLING,REPRESENTATIVE,R,TX,5,H001036,115
1749,Jeb,HENSARLING,REPRESENTATIVE,R,TX,5,H001036,115
1749,Jeb,HENSARLING,REPRESENTATIVE,R,TX,5,H001036,115
1749,Jeb,HENSARLING,REPRESENTATIVE,R,TX,5,H001036,115
1913,James,HIMES,REPRESENTATIVE,D,CT,4,H001047,115
1913,James,HIMES,REPRESENTATIVE,D,CT,4,H001047,115
1749,Jeb,HENSARLING,REPRESENTATIVE,R,TX,5,H001036,115
2165,Roger,WILLIAMS,REPRESENTATIVE,R,TX,25,W000816,115
1749,Jeb,HENSARLING,REPRESENTATIVE,R,TX,5,H001036,115
2165,Roger,WILLIAMS,REPRESENTATIVE,R,TX,25,W000816,115
1749,Jeb,HENSARLING,REPRESENTATIVE,R,TX,5,H001036,115
2131,Andy,BARR,REPRESENTATIVE,R,KY,11,B001282,115
2170,Denny,HECK,REPRESENTATIVE,D,WA,3,H001064,115
2170,Denny,HECK,REPRESENTATIVE,D,WA,3,H001064,115
1749,Jeb,HENSARLING,REPRESENTATIVE,R,TX,5,H001036,115
2261,Lee,ZELDIN,REPRESENTATIVE,R,NY,1,Z000017,115
1749,Jeb,HENSARLING,REPRESENTATIVE,R,TX,5,H001036,115
2223,J.,HILL,REPRESENTATIVE,R,AR,2,H001072,115
1749,Jeb,HENSARLING,REPRESENTATIVE,R,TX,5,H001036,115
2336,Ted,BUDD,REPRESENTATIVE,R,NC,1,B001305,115
1749,Jeb,HENSARLING,REPRESENTATIVE,R,TX,5,H001036,115
1749,Jeb,HENSARLING,REPRESENTATIVE,R,TX,5,H001036,115
1749,Jeb,HENSARLING,REPRESENTATIVE,R,TX,5,H001036,115
2361,Ralph,NORMAN,N/A,R,SC,N/A,N000190,115
1749,Jeb,HENSARLING,REPRESENTATIVE,R,TX,5,H001036,115
1749,Jeb,HENSARLING,REPRESENTATIVE,R,TX,5,H001036,115
2314,Matt,GAETZ,N/A,R,FL,N/A,G000578,115
2314,Matt,GAETZ,N/A,R,FL,N/A,G000578,115
1749,Jeb,HENSARLING,REPRESENTATIVE,R,TX,5,H001036,115
1749,Jeb,HENSARLING,REPRESENTATIVE,R,TX,5,H001036,115
905,Nancy,PELOSI,REPRESENTATIVE,D,CA,12,P000197,115
2233,Ken,BUCK,REPRESENTATIVE,R,CO,4,B001297,115
2233,Ken,BUCK,REPRESENTATIVE,R,CO,4,B001297,115
2233,Ken,BUCK,REPRESENTATIVE,R,CO,4,B001297,115
2233,Ken,BUCK,REPRESENTATIVE,R,CO,4,B001297,115
511,Alcee,HASTINGS,REPRESENTATIVE,D,FL,20,H000324,115
2233,Ken,BUCK,REPRESENTATIVE,R,CO,4,B001297,115
511,Alcee,HASTINGS,REPRESENTATIVE,D,FL,20,H000324,115
511,Alcee,HASTINGS,REPRESENTATIVE,D,FL,20,H000324,115
2233,Ken,BUCK,REPRESENTATIVE,R,CO,4,B001297,115
511,Alcee,HASTINGS,REPRESENTATIVE,D,FL,20,H000324,115
2231,Norma,TORRES,REPRESENTATIVE,D,CA,35,T000474,115
2233,Ken,BUCK,REPRESENTATIVE,R,CO,4,B001297,115
511,Alcee,HASTINGS,REPRESENTATIVE,D,FL,20,H000324,115
2233,Ken,BUCK,REPRESENTATIVE,R,CO,4,B001297,115
2247,Bruce,POLIQUIN,REPRESENTATIVE,R,ME,2,P000611,115
2233,Ken,BUCK,REPRESENTATIVE,R,CO,4,B001297,115
2247,Bruce,POLIQUIN,REPRESENTATIVE,R,ME,2,P000611,115
2233,Ken,BUCK,REPRESENTATIVE,R,CO,4,B001297,115
511,Alcee,HASTINGS,REPRESENTATIVE,D,FL,20,H000324,115
2233,Ken,BUCK,REPRESENTATIVE,R,CO,4,B001297,115
2165,Roger,WILLIAMS,REPRESENTATIVE,R,TX,25,W000816,115
511,Alcee,HASTINGS,REPRESENTATIVE,D,FL,20,H000324,115
2233,Ken,BUCK,REPRESENTATIVE,R,CO,4,B001297,115
2233,Ken,BUCK,REPRESENTATIVE,R,CO,4,B001297,115
511,Alcee,HASTINGS,REPRESENTATIVE,D,FL,20,H000324,115
1878,Steve,COHEN,REPRESENTATIVE,D,TN,9,C001068,115
2332,Jamie,RASKIN,N/A,D,MD,N/A,R000606,115
566,Steny,HOYER,REPRESENTATIVE,D,MD,5,H000874,115
2332,Jamie,RASKIN,N/A,D,MD,N/A,R000606,115
1878,Steve,COHEN,REPRESENTATIVE,D,TN,9,C001068,115
2332,Jamie,RASKIN,N/A,D,MD,N/A,R000606,115
2332,Jamie,RASKIN,N/A,D,MD,N/A,R000606,115
2332,Jamie,RASKIN,N/A,D,MD,N/A,R000606,115
1749,Jeb,HENSARLING,REPRESENTATIVE,R,TX,5,H001036,115
1749,Jeb,HENSARLING,REPRESENTATIVE,R,TX,5,H001036,115
1749,Jeb,HENSARLING,REPRESENTATIVE,R,TX,5,H001036,115
2247,Bruce,POLIQUIN,REPRESENTATIVE,R,ME,2,P000611,115
1749,Jeb,HENSARLING,REPRESENTATIVE,R,TX,5,H001036,115
2247,Bruce,POLIQUIN,REPRESENTATIVE,R,ME,2,P000611,115
2170,Denny,HECK,REPRESENTATIVE,D,WA,3,H001064,115
1749,Jeb,HENSARLING,REPRESENTATIVE,R,TX,5,H001036,115
99,Earl,BLUMENAUER,REPRESENTATIVE,D,OR,3,B000574,115
1749,Jeb,HENSARLING,REPRESENTATIVE,R,TX,5,H001036,115
2253,Tom,EMMER,REPRESENTATIVE,R,MN,6,E000294,115
1749,Jeb,HENSARLING,REPRESENTATIVE,R,TX,5,H001036,115
2296,Warren,DAVIDSON,N/A,R,OH,N/A,D000626,115
2247,Bruce,POLIQUIN,REPRESENTATIVE,R,ME,2,P000611,115
2247,Bruce,POLIQUIN,REPRESENTATIVE,R,ME,2,P000611,115
1749,Jeb,HENSARLING,REPRESENTATIVE,R,TX,5,H001036,115
2336,Ted,BUDD,REPRESENTATIVE,R,NC,1,B001305,115
1749,Jeb,HENSARLING,REPRESENTATIVE,R,TX,5,H001036,115
1936,Leonard,LANCE,REPRESENTATIVE,R,NJ,7,L000567,115
1749,Jeb,HENSARLING,REPRESENTATIVE,R,TX,5,H001036,115
1749,Jeb,HENSARLING,REPRESENTATIVE,R,TX,5,H001036,115
2247,Bruce,POLIQUIN,REPRESENTATIVE,R,ME,2,P000611,115
2247,Bruce,POLIQUIN,REPRESENTATIVE,R,ME,2,P000611,115
2247,Bruce,POLIQUIN,REPRESENTATIVE,R,ME,2,P000611,115
2247,Bruce,POLIQUIN,REPRESENTATIVE,R,ME,2,P000611,115
1749,Jeb,HENSARLING,REPRESENTATIVE,R,TX,5,H001036,115
1749,Jeb,HENSARLING,REPRESENTATIVE,R,TX,5,H001036,115
1749,Jeb,HENSARLING,REPRESENTATIVE,R,TX,5,H001036,115
2124,Bradley,SCHNEIDER,N/A,D,IL,N/A,S001190,115
2124,Bradley,SCHNEIDER,N/A,D,IL,N/A,S001190,115
2124,Bradley,SCHNEIDER,N/A,D,IL,N/A,S001190,115
2148,Grace,MENG,REPRESENTATIVE,D,NY,6,M001188,115
2148,Grace,MENG,REPRESENTATIVE,D,NY,6,M001188,115
1749,Jeb,HENSARLING,REPRESENTATIVE,R,TX,5,H001036,115
1749,Jeb,HENSARLING,REPRESENTATIVE,R,TX,5,H001036,115
2148,Grace,MENG,REPRESENTATIVE,D,NY,6,M001188,115
1749,Jeb,HENSARLING,REPRESENTATIVE,R,TX,5,H001036,115
2238,Barry,LOUDERMILK,REPRESENTATIVE,R,GA,11,L000583,115
616,Marcy,KAPTUR,REPRESENTATIVE,D,OH,8,K000009,115
566,Steny,HOYER,REPRESENTATIVE,D,MD,5,H000874,115
566,Steny,HOYER,REPRESENTATIVE,D,MD,5,H000874,115
566,Steny,HOYER,REPRESENTATIVE,D,MD,5,H000874,115
566,Steny,HOYER,REPRESENTATIVE,D,MD,5,H000874,115
566,Steny,HOYER,REPRESENTATIVE,D,MD,5,H000874,115
566,Steny,HOYER,REPRESENTATIVE,D,MD,5,H000874,115
566,Steny,HOYER,REPRESENTATIVE,D,MD,5,H000874,115
566,Steny,HOYER,REPRESENTATIVE,D,MD,5,H000874,115
566,Steny,HOYER,REPRESENTATIVE,D,MD,5,H000874,115
566,Steny,HOYER,REPRESENTATIVE,D,MD,5,H000874,115
566,Steny,HOYER,REPRESENTATIVE,D,MD,5,H000874,115
566,Steny,HOYER,REPRESENTATIVE,D,MD,5,H000874,115
566,Steny,HOYER,REPRESENTATIVE,D,MD,5,H000874,115
566,Steny,HOYER,REPRESENTATIVE,D,MD,5,H000874,115
566,Steny,HOYER,REPRESENTATIVE,D,MD,5,H000874,115
566,Steny,HOYER,REPRESENTATIVE,D,MD,5,H000874,115
566,Steny,HOYER,REPRESENTATIVE,D,MD,5,H000874,115
2353,Thomas,GARRETT,REPRESENTATIVE,R,VA,5,G000580,115
1749,Jeb,HENSARLING,REPRESENTATIVE,R,TX,5,H001036,115
1749,Jeb,HENSARLING,REPRESENTATIVE,R,TX,5,H001036,115
1749,Jeb,HENSARLING,REPRESENTATIVE,R,TX,5,H001036,115
1749,Jeb,HENSARLING,REPRESENTATIVE,R,TX,5,H001036,115
2250,David,TROTT,REPRESENTATIVE,R,MI,11,T000475,115
2250,David,TROTT,REPRESENTATIVE,R,MI,11,T000475,115
1184,Nydia,VELAZQUEZ,REPRESENTATIVE,D,NY,7,V000081,115
1749,Jeb,HENSARLING,REPRESENTATIVE,R,TX,5,H001036,115
1931,Blaine,LUETKEMEYER,REPRESENTATIVE,R,MO,3,L000569,115
1749,Jeb,HENSARLING,REPRESENTATIVE,R,TX,5,H001036,115
1749,Jeb,HENSARLING,REPRESENTATIVE,R,TX,5,H001036,115
2238,Barry,LOUDERMILK,REPRESENTATIVE,R,GA,11,L000583,115
1749,Jeb,HENSARLING,REPRESENTATIVE,R,TX,5,H001036,115
2250,David,TROTT,REPRESENTATIVE,R,MI,11,T000475,115
1749,Jeb,HENSARLING,REPRESENTATIVE,R,TX,5,H001036,115
2250,David,TROTT,REPRESENTATIVE,R,MI,11,T000475,115
1749,Jeb,HENSARLING,REPRESENTATIVE,R,TX,5,H001036,115
1749,Jeb,HENSARLING,REPRESENTATIVE,R,TX,5,H001036,115
1654,Wm.,CLAY,REPRESENTATIVE,D,MO,1,C001049,115
1654,Wm.,CLAY,REPRESENTATIVE,D,MO,1,C001049,115
1654,Wm.,CLAY,REPRESENTATIVE,D,MO,1,C001049,115
1749,Jeb,HENSARLING,REPRESENTATIVE,R,TX,5,H001036,115
1749,Jeb,HENSARLING,REPRESENTATIVE,R,TX,5,H001036,115
1749,Jeb,HENSARLING,REPRESENTATIVE,R,TX,5,H001036,115
2359,Greg,GIANFORTE,N/A,R,MT,N/A,G000584,115
1036,Charles,SCHUMER,SENATOR,D,NY,N/A,S000148,115
172,Maria,CANTWELL,SENATOR,D,WA,N/A,C000127,115
172,Maria,CANTWELL,SENATOR,D,WA,N/A,C000127,115
735,Edward,MARKEY,SENATOR,D,MA,N/A,M000133,115
1929,Gary,PETERS,REPRESENTATIVE,D,MI,52,P000595,115
1383,Patrick,LEAHY,SENATOR,D,VT,N/A,L000174,115
1383,Patrick,LEAHY,SENATOR,D,VT,N/A,L000174,115
1826,Amy,KLOBUCHAR,SENATOR,D,MN,N/A,K000367,115
2182,Elizabeth,WARREN,SENATOR,D,MA,N/A,W000817,115
1247,Ron,WYDEN,SENATOR,D,OR,N/A,W000779,115
1969,Al,FRANKEN,SENATOR,D,MN,N/A,F000457,115
1900,Jeff,MERKLEY,SENATOR,D,OR,N/A,M001176,115
1464,Roy,BLUNT,SENATOR,R,MO,N/A,B000575,115
2175,Ted,CRUZ,SENATOR,R,TX,N/A,C001098,115
1881,John,BARRASSO,SENATOR,R,WY,N/A,B001261,115
2076,Richard,BLUMENTHAL,SENATOR,D,CT,N/A,B001277,115
2076,Richard,BLUMENTHAL,SENATOR,D,CT,N/A,B001277,115
1984,Christopher,COONS,SENATOR,D,DE,N/A,C001088,115
1984,Christopher,COONS,SENATOR,D,DE,N/A,C001088,115
2179,Deb,FISCHER,SENATOR,R,NE,N/A,F000463,115
2179,Deb,FISCHER,SENATOR,R,NE,N/A,F000463,115
2098,Tom,COTTON,SENATOR,R,AR,N/A,C001095,115
2098,Tom,COTTON,SENATOR,R,AR,N/A,C001095,115
174,Benjamin,CARDIN,SENATOR,D,MD,N/A,C000141,115
174,Benjamin,CARDIN,SENATOR,D,MD,N/A,C000141,115
2302,Margaret,HASSAN,N/A,D,NH,N/A,H001076,115
2302,Margaret,HASSAN,N/A,D,NH,N/A,H001076,115
2079,John,HOEVEN,SENATOR,R,ND,N/A,H001061,115
2079,John,HOEVEN,SENATOR,R,ND,N/A,H001061,115
1901,Jeanne,SHAHEEN,SENATOR,D,NH,N/A,S001181,115
1983,Joe,MANCHIN,SENATOR,D,WV,N/A,M001183,115
1881,John,BARRASSO,SENATOR,R,WY,N/A,B001261,115
1881,John,BARRASSO,SENATOR,R,WY,N/A,B001261,115
1692,John,CORNYN,SENATOR,R,TX,N/A,C001056,115
326,Richard,DURBIN,SENATOR,D,IL,N/A,D000563,115
1936,Leonard,LANCE,REPRESENTATIVE,R,NJ,7,L000567,115
2134,Daniel,KILDEE,REPRESENTATIVE,D,MI,5,K000380,115
1749,Jeb,HENSARLING,REPRESENTATIVE,R,TX,5,H001036,115
2264,John,KATKO,REPRESENTATIVE,R,NY,24,K000386,115
1910,Jared,POLIS,REPRESENTATIVE,D,CO,2,P000598,115
2101,Jared,HUFFMAN,REPRESENTATIVE,D,CA,2,H001068,115
2165,Roger,WILLIAMS,REPRESENTATIVE,R,TX,25,W000816,115
2359,Greg,GIANFORTE,N/A,R,MT,N/A,G000584,115
1464,Roy,BLUNT,SENATOR,R,MO,N/A,B000575,115
2008,Rob,WOODALL,REPRESENTATIVE,R,GA,7,W000810,115
2008,Rob,WOODALL,REPRESENTATIVE,R,GA,7,W000810,115
2008,Rob,WOODALL,REPRESENTATIVE,R,GA,7,W000810,115
2008,Rob,WOODALL,REPRESENTATIVE,R,GA,7,W000810,115
1910,Jared,POLIS,REPRESENTATIVE,D,CO,2,P000598,115
2008,Rob,WOODALL,REPRESENTATIVE,R,GA,7,W000810,115
2250,David,TROTT,REPRESENTATIVE,R,MI,11,T000475,115
1910,Jared,POLIS,REPRESENTATIVE,D,CO,2,P000598,115
1910,Jared,POLIS,REPRESENTATIVE,D,CO,2,P000598,115
1910,Jared,POLIS,REPRESENTATIVE,D,CO,2,P000598,115
2008,Rob,WOODALL,REPRESENTATIVE,R,GA,7,W000810,115
2072,Sean,DUFFY,N/A,R,WI,N/A,D000614,115
2008,Rob,WOODALL,REPRESENTATIVE,R,GA,7,W000810,115
2072,Sean,DUFFY,N/A,R,WI,N/A,D000614,115
1910,Jared,POLIS,REPRESENTATIVE,D,CO,2,P000598,115
2008,Rob,WOODALL,REPRESENTATIVE,R,GA,7,W000810,115
1910,Jared,POLIS,REPRESENTATIVE,D,CO,2,P000598,115
2008,Rob,WOODALL,REPRESENTATIVE,R,GA,7,W000810,115
2008,Rob,WOODALL,REPRESENTATIVE,R,GA,7,W000810,115
1910,Jared,POLIS,REPRESENTATIVE,D,CO,2,P000598,115
2165,Roger,WILLIAMS,REPRESENTATIVE,R,TX,25,W000816,115
2309,Jimmy,PANETTA,N/A,D,CA,N/A,P000613,115
1801,Louie,GOHMERT,REPRESENTATIVE,R,TX,1,G000552,115
859,Bill,NELSON,SENATOR,D,FL,N/A,N000032,115
1567,Tom,UDALL,SENATOR,D,NM,N/A,U000039,115
326,Richard,DURBIN,SENATOR,D,IL,N/A,D000563,115
326,Richard,DURBIN,SENATOR,D,IL,N/A,D000563,115
2123,Tammy,DUCKWORTH,REPRESENTATIVE,D,IL,8,D000622,115
326,Richard,DURBIN,SENATOR,D,IL,N/A,D000563,115
1826,Amy,KLOBUCHAR,SENATOR,D,MN,N/A,K000367,115
1826,Amy,KLOBUCHAR,SENATOR,D,MN,N/A,K000367,115
136,Sherrod,BROWN,REPRESENTATIVE,D,OH,26,B000944,115
2080,Mike,LEE,REPRESENTATIVE,R,UT,13,L000577,115
2263,Elise,STEFANIK,REPRESENTATIVE,R,NY,21,S001196,115
511,Alcee,HASTINGS,REPRESENTATIVE,D,FL,20,H000324,115
2124,Bradley,SCHNEIDER,N/A,D,IL,N/A,S001190,115
2270,Brian,BABIN,REPRESENTATIVE,R,TX,36,B001291,115
1501,Barbara,LEE,REPRESENTATIVE,D,CA,13,L000551,114
2032,Vicky,HARTZLER,REPRESENTATIVE,R,MO,4,H001053,115
2315,Neal,DUNN,N/A,R,FL,N/A,D000628,115
1950,Kurt,SCHRADER,REPRESENTATIVE,D,OR,5,S001180,115
1507,Jerry,MORAN,SENATOR,R,KS,N/A,M000934,115
1507,Jerry,MORAN,SENATOR,R,KS,N/A,M000934,115
1036,Charles,SCHUMER,SENATOR,D,NY,N/A,S000148,115
1036,Charles,SCHUMER,SENATOR,D,NY,N/A,S000148,115
2076,Richard,BLUMENTHAL,SENATOR,D,CT,N/A,B001277,115
1383,Patrick,LEAHY,SENATOR,D,VT,N/A,L000174,115
2182,Elizabeth,WARREN,SENATOR,D,MA,N/A,W000817,115
2182,Elizabeth,WARREN,SENATOR,D,MA,N/A,W000817,115
1332,Dianne,FEINSTEIN,SENATOR,D,CA,N/A,F000062,115
2182,Elizabeth,WARREN,SENATOR,D,MA,N/A,W000817,115
1692,John,CORNYN,SENATOR,R,TX,N/A,C001056,115
1692,John,CORNYN,SENATOR,R,TX,N/A,C001056,115
949,Jack,REED,REPRESENTATIVE,D,RI,23,R000122,115
949,Jack,REED,REPRESENTATIVE,D,RI,23,R000122,115
1633,Jeff,FLAKE,SENATOR,R,AZ,N/A,F000444,115
1633,Jeff,FLAKE,SENATOR,R,AZ,N/A,F000444,115
1676,Shelley,CAPITO,N/A,R,WV,N/A,C001047,115
1676,Shelley,CAPITO,N/A,R,WV,N/A,C001047,115
1828,Robert,CASEY,SENATOR,D,PA,N/A,C001070,115
1828,Robert,CASEY,SENATOR,D,PA,N/A,C001070,115
2303,John,KENNEDY,REPRESENTATIVE,R,LA,4,K000393,115
1837,Christopher,MURPHY,SENATOR,D,CT,N/A,M001169,115
1965,Michael,BENNET,SENATOR,D,CO,N/A,B001267,115
1965,Michael,BENNET,SENATOR,D,CO,N/A,B001267,115
1965,Michael,BENNET,SENATOR,D,CO,N/A,B001267,115
1692,John,CORNYN,SENATOR,R,TX,N/A,C001056,115
326,Richard,DURBIN,SENATOR,D,IL,N/A,D000563,115
2363,John,CURTIS,N/A,R,UT,N/A,C001114,115
1383,Patrick,LEAHY,SENATOR,D,VT,N/A,L000174,115
1900,Jeff,MERKLEY,SENATOR,D,OR,N/A,M001176,115
2097,Donald,PAYNE,REPRESENTATIVE,D,NJ,10,P000604,114
