speaker_id,first_name,last_name,type,party,state,district,bio_guide_id,congress_id
616,Marcy,KAPTUR,REPRESENTATIVE,D,OH,8,K000009,115
2097,Donald,PAYNE,REPRESENTATIVE,D,NJ,10,P000604,115
2328,Roger,MARSHALL,N/A,R,KS,N/A,M001198,115
2346,Lloyd,SMUCKER,N/A,R,PA,N/A,S001199,115
2346,Lloyd,SMUCKER,N/A,R,PA,N/A,S001199,115
2325,Raja,KRISHNAMOORTHI,N/A,D,IL,N/A,K000391,115
2346,Lloyd,SMUCKER,N/A,R,PA,N/A,S001199,115
2346,Lloyd,SMUCKER,N/A,R,PA,N/A,S001199,115
2334,Paul,MITCHELL,N/A,R,MI,N/A,M001201,115
2346,Lloyd,SMUCKER,N/A,R,PA,N/A,S001199,115
2324,A.,FERGUSON,N/A,R,GA,N/A,F000465,115
2346,Lloyd,SMUCKER,N/A,R,PA,N/A,S001199,115
2346,Lloyd,SMUCKER,N/A,R,PA,N/A,S001199,115
1668,James,LANGEVIN,REPRESENTATIVE,D,RI,2,L000559,115
2346,Lloyd,SMUCKER,N/A,R,PA,N/A,S001199,115
2345,Brian,FITZPATRICK,REPRESENTATIVE,R,PA,8,F000466,115
186,Steve,CHABOT,REPRESENTATIVE,R,OH,1,C000266,115
2324,A.,FERGUSON,N/A,R,GA,N/A,F000465,115
1838,Gus,BILIRAKIS,REPRESENTATIVE,R,FL,12,B001257,115
2321,Charlie,CRIST,N/A,D,FL,N/A,C001111,115
2021,Kevin,YODER,REPRESENTATIVE,R,KS,3,Y000063,115
2337,Don,BACON,N/A,R,NE,N/A,B001298,115
2354,Pramila,JAYAPAL,N/A,D,WA,N/A,J000298,115
1801,Louie,GOHMERT,REPRESENTATIVE,R,TX,1,G000552,115
2080,Mike,LEE,REPRESENTATIVE,R,UT,13,L000577,115
1694,Lisa,MURKOWSKI,SENATOR,R,AK,N/A,M001153,115
1694,Lisa,MURKOWSKI,SENATOR,R,AK,N/A,M001153,115
1844,Mazie,HIRONO,SENATOR,D,HI,N/A,H001042,115
1036,Charles,SCHUMER,SENATOR,D,NY,N/A,S000148,115
1036,Charles,SCHUMER,SENATOR,D,NY,N/A,S000148,115
2290,Dan,SULLIVAN,SENATOR,R,AK,N/A,S001198,115
2290,Dan,SULLIVAN,SENATOR,R,AK,N/A,S001198,115
1464,Roy,BLUNT,SENATOR,R,MO,N/A,B000575,115
179,Thomas,CARPER,SENATOR,D,DE,N/A,C000174,115
179,Thomas,CARPER,SENATOR,D,DE,N/A,C000174,115
1749,Jeb,HENSARLING,REPRESENTATIVE,R,TX,5,H001036,115
1749,Jeb,HENSARLING,REPRESENTATIVE,R,TX,5,H001036,115
99999999999999,,RYAN,REPRESENTATIVE,Party information Unavailable,State Info Unavailable,0,9999999999999999,115
1749,Jeb,HENSARLING,REPRESENTATIVE,R,TX,5,H001036,115
1654,Wm.,CLAY,REPRESENTATIVE,D,MO,1,C001049,115
1749,Jeb,HENSARLING,REPRESENTATIVE,R,TX,5,H001036,115
446,Bob,GOODLATTE,REPRESENTATIVE,R,VA,6,G000289,115
1835,Ed,PERLMUTTER,REPRESENTATIVE,D,CO,7,P000593,115
1749,Jeb,HENSARLING,REPRESENTATIVE,R,TX,5,H001036,115
1931,Blaine,LUETKEMEYER,REPRESENTATIVE,R,MO,3,L000569,115
2134,Daniel,KILDEE,REPRESENTATIVE,D,MI,5,K000380,115
1749,Jeb,HENSARLING,REPRESENTATIVE,R,TX,5,H001036,115
186,Steve,CHABOT,REPRESENTATIVE,R,OH,1,C000266,115
1184,Nydia,VELAZQUEZ,REPRESENTATIVE,D,NY,7,V000081,115
1749,Jeb,HENSARLING,REPRESENTATIVE,R,TX,5,H001036,115
2028,Bill,HUIZENGA,REPRESENTATIVE,R,MI,2,H001058,115
1749,Jeb,HENSARLING,REPRESENTATIVE,R,TX,5,H001036,115
2028,Bill,HUIZENGA,REPRESENTATIVE,R,MI,2,H001058,115
1749,Jeb,HENSARLING,REPRESENTATIVE,R,TX,5,H001036,115
2137,Ann,WAGNER,REPRESENTATIVE,R,MO,2,W000812,115
1811,Gwen,MOORE,SENATOR,D,WI,N/A,M001160,115
1749,Jeb,HENSARLING,REPRESENTATIVE,R,TX,5,H001036,115
2131,Andy,BARR,REPRESENTATIVE,R,KY,11,B001282,115
1506,Gregory,MEEKS,REPRESENTATIVE,D,NY,5,M001137,115
1749,Jeb,HENSARLING,REPRESENTATIVE,R,TX,5,H001036,115
1749,Jeb,HENSARLING,REPRESENTATIVE,R,TX,5,H001036,115
1738,Stevan,PEARCE,REPRESENTATIVE,R,NM,2,P000588,115
1749,Jeb,HENSARLING,REPRESENTATIVE,R,TX,5,H001036,115
2072,Sean,DUFFY,N/A,R,WI,N/A,D000614,115
1526,Brad,SHERMAN,REPRESENTATIVE,D,CA,30,S000344,115
1749,Jeb,HENSARLING,REPRESENTATIVE,R,TX,5,H001036,115
2015,Randy,HULTGREN,REPRESENTATIVE,R,IL,14,H001059,115
566,Steny,HOYER,REPRESENTATIVE,D,MD,5,H000874,115
1749,Jeb,HENSARLING,REPRESENTATIVE,R,TX,5,H001036,115
2003,Dennis,ROSS,REPRESENTATIVE,R,FL,15,R000593,115
1564,Michael,CAPUANO,REPRESENTATIVE,D,MA,7,C001037,115
1749,Jeb,HENSARLING,REPRESENTATIVE,R,TX,5,H001036,115
2141,Robert,PITTENGER,REPRESENTATIVE,R,NC,9,P000606,115
1686,Stephen,LYNCH,REPRESENTATIVE,D,MA,8,L000562,115
1749,Jeb,HENSARLING,REPRESENTATIVE,R,TX,5,H001036,115
2158,Keith,ROTHFUS,REPRESENTATIVE,R,PA,12,R000598,115
2133,John,DELANEY,REPRESENTATIVE,D,MD,6,D000620,115
1749,Jeb,HENSARLING,REPRESENTATIVE,R,TX,5,H001036,115
1936,Leonard,LANCE,REPRESENTATIVE,R,NJ,7,L000567,115
2153,Joyce,BEATTY,REPRESENTATIVE,D,OH,3,B001281,115
1749,Jeb,HENSARLING,REPRESENTATIVE,R,TX,5,H001036,115
2130,Luke,MESSER,REPRESENTATIVE,R,IN,6,M001189,115
1888,Bill,FOSTER,REPRESENTATIVE,D,IL,11,F000454,115
1749,Jeb,HENSARLING,REPRESENTATIVE,R,TX,5,H001036,115
1997,Scott,TIPTON,REPRESENTATIVE,R,CO,3,T000470,115
2170,Denny,HECK,REPRESENTATIVE,D,WA,3,H001064,115
1749,Jeb,HENSARLING,REPRESENTATIVE,R,TX,5,H001036,115
2165,Roger,WILLIAMS,REPRESENTATIVE,R,TX,25,W000816,115
1857,Keith,ELLISON,REPRESENTATIVE,D,MN,5,E000288,115
1749,Jeb,HENSARLING,REPRESENTATIVE,R,TX,5,H001036,115
2247,Bruce,POLIQUIN,REPRESENTATIVE,R,ME,2,P000611,115
1749,Jeb,HENSARLING,REPRESENTATIVE,R,TX,5,H001036,115
2271,Mia,LOVE,REPRESENTATIVE,R,UT,4,L000584,115
2321,Charlie,CRIST,N/A,D,FL,N/A,C001111,115
1749,Jeb,HENSARLING,REPRESENTATIVE,R,TX,5,H001036,115
2223,J.,HILL,REPRESENTATIVE,R,AR,2,H001072,115
2223,J.,HILL,REPRESENTATIVE,R,AR,2,H001072,115
2340,Ruben,KIHUEN,N/A,D,NV,N/A,K000390,115
1749,Jeb,HENSARLING,REPRESENTATIVE,R,TX,5,H001036,115
2253,Tom,EMMER,REPRESENTATIVE,R,MN,6,E000294,115
2320,Val,DEMINGS,N/A,D,FL,N/A,D000627,115
1749,Jeb,HENSARLING,REPRESENTATIVE,R,TX,5,H001036,115
2250,David,TROTT,REPRESENTATIVE,R,MI,11,T000475,115
2159,Matt,CARTWRIGHT,REPRESENTATIVE,D,PA,17,C001090,115
1749,Jeb,HENSARLING,REPRESENTATIVE,R,TX,5,H001036,115
2238,Barry,LOUDERMILK,REPRESENTATIVE,R,GA,11,L000583,115
303,Lloyd,DOGGETT,REPRESENTATIVE,D,TX,35,D000399,115
1749,Jeb,HENSARLING,REPRESENTATIVE,R,TX,5,H001036,115
1749,Jeb,HENSARLING,REPRESENTATIVE,R,TX,5,H001036,115
1588,Janice,SCHAKOWSKY,REPRESENTATIVE,D,IL,9,S001145,115
1749,Jeb,HENSARLING,REPRESENTATIVE,R,TX,5,H001036,115
2092,Suzanne,BONAMICI,REPRESENTATIVE,D,OR,1,B001278,115
1749,Jeb,HENSARLING,REPRESENTATIVE,R,TX,5,H001036,115
1857,Keith,ELLISON,REPRESENTATIVE,D,MN,5,E000288,115
2311,Nanette,BARRAGAN,N/A,D,CA,N/A,B001300,115
1749,Jeb,HENSARLING,REPRESENTATIVE,R,TX,5,H001036,115
2261,Lee,ZELDIN,REPRESENTATIVE,R,NY,1,Z000017,115
1857,Keith,ELLISON,REPRESENTATIVE,D,MN,5,E000288,115
1854,John,SARBANES,REPRESENTATIVE,D,MD,3,S001168,115
1749,Jeb,HENSARLING,REPRESENTATIVE,R,TX,5,H001036,115
1857,Keith,ELLISON,REPRESENTATIVE,D,MN,5,E000288,115
1879,Peter,WELCH,REPRESENTATIVE,D,VT,0,W000800,115
1749,Jeb,HENSARLING,REPRESENTATIVE,R,TX,5,H001036,115
2336,Ted,BUDD,REPRESENTATIVE,R,NC,1,B001305,115
1931,Blaine,LUETKEMEYER,REPRESENTATIVE,R,MO,3,L000569,115
2336,Ted,BUDD,REPRESENTATIVE,R,NC,1,B001305,115
1749,Jeb,HENSARLING,REPRESENTATIVE,R,TX,5,H001036,115
1857,Keith,ELLISON,REPRESENTATIVE,D,MN,5,E000288,115
1749,Jeb,HENSARLING,REPRESENTATIVE,R,TX,5,H001036,115
1857,Keith,ELLISON,REPRESENTATIVE,D,MN,5,E000288,115
1501,Barbara,LEE,REPRESENTATIVE,D,CA,13,L000551,115
1749,Jeb,HENSARLING,REPRESENTATIVE,R,TX,5,H001036,115
2344,Claudia,TENNEY,N/A,R,NY,N/A,T000478,115
1857,Keith,ELLISON,REPRESENTATIVE,D,MN,5,E000288,115
1749,Jeb,HENSARLING,REPRESENTATIVE,R,TX,5,H001036,115
1510,Bill,PASCRELL,REPRESENTATIVE,D,NJ,9,P000096,115
1749,Jeb,HENSARLING,REPRESENTATIVE,R,TX,5,H001036,115
1749,Jeb,HENSARLING,REPRESENTATIVE,R,TX,5,H001036,115
1857,Keith,ELLISON,REPRESENTATIVE,D,MN,5,E000288,115
1857,Keith,ELLISON,REPRESENTATIVE,D,MN,5,E000288,115
1749,Jeb,HENSARLING,REPRESENTATIVE,R,TX,5,H001036,115
2296,Warren,DAVIDSON,N/A,R,OH,N/A,D000626,115
1857,Keith,ELLISON,REPRESENTATIVE,D,MN,5,E000288,115
1857,Keith,ELLISON,REPRESENTATIVE,D,MN,5,E000288,115
1749,Jeb,HENSARLING,REPRESENTATIVE,R,TX,5,H001036,115
1749,Jeb,HENSARLING,REPRESENTATIVE,R,TX,5,H001036,115
1857,Keith,ELLISON,REPRESENTATIVE,D,MN,5,E000288,115
2327,Trey,HOLLINGSWORTH,N/A,R,IN,N/A,H001074,115
2327,Trey,HOLLINGSWORTH,N/A,R,IN,N/A,H001074,115
1857,Keith,ELLISON,REPRESENTATIVE,D,MN,5,E000288,115
1857,Keith,ELLISON,REPRESENTATIVE,D,MN,5,E000288,115
2327,Trey,HOLLINGSWORTH,N/A,R,IN,N/A,H001074,115
2327,Trey,HOLLINGSWORTH,N/A,R,IN,N/A,H001074,115
2028,Bill,HUIZENGA,REPRESENTATIVE,R,MI,2,H001058,115
2327,Trey,HOLLINGSWORTH,N/A,R,IN,N/A,H001074,115
1857,Keith,ELLISON,REPRESENTATIVE,D,MN,5,E000288,115
1857,Keith,ELLISON,REPRESENTATIVE,D,MN,5,E000288,115
2346,Lloyd,SMUCKER,N/A,R,PA,N/A,S001199,115
2346,Lloyd,SMUCKER,N/A,R,PA,N/A,S001199,115
1857,Keith,ELLISON,REPRESENTATIVE,D,MN,5,E000288,115
1857,Keith,ELLISON,REPRESENTATIVE,D,MN,5,E000288,115
2346,Lloyd,SMUCKER,N/A,R,PA,N/A,S001199,115
1931,Blaine,LUETKEMEYER,REPRESENTATIVE,R,MO,3,L000569,115
1857,Keith,ELLISON,REPRESENTATIVE,D,MN,5,E000288,115
2346,Lloyd,SMUCKER,N/A,R,PA,N/A,S001199,115
1749,Jeb,HENSARLING,REPRESENTATIVE,R,TX,5,H001036,115
2346,Lloyd,SMUCKER,N/A,R,PA,N/A,S001199,115
2343,John,FASO,N/A,R,NY,N/A,F000464,115
2343,John,FASO,N/A,R,NY,N/A,F000464,115
1857,Keith,ELLISON,REPRESENTATIVE,D,MN,5,E000288,115
1857,Keith,ELLISON,REPRESENTATIVE,D,MN,5,E000288,115
2343,John,FASO,N/A,R,NY,N/A,F000464,115
2343,John,FASO,N/A,R,NY,N/A,F000464,115
1857,Keith,ELLISON,REPRESENTATIVE,D,MN,5,E000288,115
905,Nancy,PELOSI,REPRESENTATIVE,D,CA,12,P000197,115
2343,John,FASO,N/A,R,NY,N/A,F000464,115
1749,Jeb,HENSARLING,REPRESENTATIVE,R,TX,5,H001036,115
1749,Jeb,HENSARLING,REPRESENTATIVE,R,TX,5,H001036,115
2343,John,FASO,N/A,R,NY,N/A,F000464,115
1857,Keith,ELLISON,REPRESENTATIVE,D,MN,5,E000288,115
1857,Keith,ELLISON,REPRESENTATIVE,D,MN,5,E000288,115
1857,Keith,ELLISON,REPRESENTATIVE,D,MN,5,E000288,115
1857,Keith,ELLISON,REPRESENTATIVE,D,MN,5,E000288,115
2233,Ken,BUCK,REPRESENTATIVE,R,CO,4,B001297,115
2233,Ken,BUCK,REPRESENTATIVE,R,CO,4,B001297,115
1857,Keith,ELLISON,REPRESENTATIVE,D,MN,5,E000288,115
1857,Keith,ELLISON,REPRESENTATIVE,D,MN,5,E000288,115
2233,Ken,BUCK,REPRESENTATIVE,R,CO,4,B001297,115
1857,Keith,ELLISON,REPRESENTATIVE,D,MN,5,E000288,115
1742,Tom,COLE,REPRESENTATIVE,R,OK,12,C001053,115
1749,Jeb,HENSARLING,REPRESENTATIVE,R,TX,5,H001036,115
1810,David,REICHERT,REPRESENTATIVE,R,WA,8,R000578,115
344,Eliot,ENGEL,REPRESENTATIVE,D,NY,16,E000179,115
1602,Grace,NAPOLITANO,REPRESENTATIVE,D,CA,32,N000179,115
1774,Jim,COSTA,REPRESENTATIVE,D,CA,16,C001059,115
2229,Pete,AGUILAR,REPRESENTATIVE,D,CA,31,A000371,115
2053,Tom,MARINO,REPRESENTATIVE,R,PA,10,M001179,115
1036,Charles,SCHUMER,SENATOR,D,NY,N/A,S000148,115
1036,Charles,SCHUMER,SENATOR,D,NY,N/A,S000148,115
2311,Nanette,BARRAGAN,N/A,D,CA,N/A,B001300,115
1694,Lisa,MURKOWSKI,SENATOR,R,AK,N/A,M001153,115
2351,Scott,TAYLOR,N/A,R,VA,N/A,T000477,115
2072,Sean,DUFFY,N/A,R,WI,N/A,D000614,115
1633,Jeff,FLAKE,SENATOR,R,AZ,N/A,F000444,115
1633,Jeff,FLAKE,SENATOR,R,AZ,N/A,F000444,115
1692,John,CORNYN,SENATOR,R,TX,N/A,C001056,115
326,Richard,DURBIN,SENATOR,D,IL,N/A,D000563,115
99999999999999,,LEE,REPRESENTATIVE,Party information Unavailable,State Info Unavailable,13,9999999999999999,115
1929,Gary,PETERS,REPRESENTATIVE,D,MI,52,P000595,115
2179,Deb,FISCHER,SENATOR,R,NE,N/A,F000463,115
1608,Johnny,ISAKSON,SENATOR,R,GA,N/A,I000055,115
1801,Louie,GOHMERT,REPRESENTATIVE,R,TX,1,G000552,115
2332,Jamie,RASKIN,N/A,D,MD,N/A,R000606,115
1687,John,BOOZMAN,SENATOR,R,AR,N/A,B001236,115
1332,Dianne,FEINSTEIN,SENATOR,D,CA,N/A,F000062,115
2176,Tim,KAINE,SENATOR,D,VA,N/A,K000384,115
791,Robert,MENENDEZ,SENATOR,D,NJ,N/A,M000639,115
1036,Charles,SCHUMER,SENATOR,D,NY,N/A,S000148,115
1531,Debbie,STABENOW,SENATOR,D,MI,N/A,S000770,115
2138,Steve,DAINES,SENATOR,R,MT,N/A,D000618,115
1838,Gus,BILIRAKIS,REPRESENTATIVE,R,FL,12,B001257,114
452,Lindsey,GRAHAM,REPRESENTATIVE,R,SC,2,G000359,115
2185,Angus,KING,REPRESENTATIVE,I,ME,4,K000383,115
2332,Jamie,RASKIN,N/A,D,MD,N/A,R000606,115
2332,Jamie,RASKIN,N/A,D,MD,N/A,R000606,115
2332,Jamie,RASKIN,N/A,D,MD,N/A,R000606,115
1036,Charles,SCHUMER,SENATOR,D,NY,N/A,S000148,115
1036,Charles,SCHUMER,SENATOR,D,NY,N/A,S000148,115
1829,Jon,TESTER,SENATOR,D,MT,N/A,T000464,115
2056,Tim,SCOTT,REPRESENTATIVE,R,SC,52,S001184,115
