speaker_id,first_name,last_name,type,party,state,district,bio_guide_id,congress_id
1534,John,THUNE,SENATOR,R,SD,N/A,T000250,115
2079,John,HOEVEN,SENATOR,R,ND,N/A,H001061,115
1534,John,THUNE,SENATOR,R,SD,N/A,T000250,115
1383,Patrick,LEAHY,SENATOR,D,VT,N/A,L000174,115
2138,Steve,DAINES,SENATOR,R,MT,N/A,D000618,115
1534,John,THUNE,SENATOR,R,SD,N/A,T000250,115
1814,Doris,MATSUI,REPRESENTATIVE,D,CA,6,M001163,115
2124,Bradley,SCHNEIDER,N/A,D,IL,N/A,S001190,115
1692,John,CORNYN,SENATOR,R,TX,N/A,C001056,115
2319,Darren,SOTO,N/A,D,FL,N/A,S001200,115
1896,James,RISCH,SENATOR,R,ID,N/A,R000584,115
1534,John,THUNE,SENATOR,R,SD,N/A,T000250,115
1534,John,THUNE,SENATOR,R,SD,N/A,T000250,115
2243,Mike,BOST,REPRESENTATIVE,R,IL,12,B001295,115
2243,Mike,BOST,REPRESENTATIVE,R,IL,12,B001295,115
1534,John,THUNE,SENATOR,R,SD,N/A,T000250,115
1534,John,THUNE,SENATOR,R,SD,N/A,T000250,115
1602,Grace,NAPOLITANO,REPRESENTATIVE,D,CA,32,N000179,115
1991,Steve,WOMACK,REPRESENTATIVE,R,AR,3,W000809,115
2053,Tom,MARINO,REPRESENTATIVE,R,PA,10,M001179,115
1534,John,THUNE,SENATOR,R,SD,N/A,T000250,115
1534,John,THUNE,SENATOR,R,SD,N/A,T000250,115
2138,Steve,DAINES,SENATOR,R,MT,N/A,D000618,115
1930,Erik,PAULSEN,REPRESENTATIVE,R,MN,3,P000594,115
1534,John,THUNE,SENATOR,R,SD,N/A,T000250,115
174,Benjamin,CARDIN,SENATOR,D,MD,N/A,C000141,115
1534,John,THUNE,SENATOR,R,SD,N/A,T000250,115
2153,Joyce,BEATTY,REPRESENTATIVE,D,OH,3,B001281,115
2172,Joseph,KENNEDY,REPRESENTATIVE,D,MA,4,K000379,115
2333,Jack,BERGMAN,N/A,R,MI,N/A,B001301,115
2152,Brad,WENSTRUP,REPRESENTATIVE,R,OH,2,W000815,115
2048,James,RENACCI,REPRESENTATIVE,R,OH,16,R000586,115
457,Chuck,GRASSLEY,SENATOR,R,IA,N/A,G000386,115
1900,Jeff,MERKLEY,SENATOR,D,OR,N/A,M001176,115
683,Sander,LEVIN,REPRESENTATIVE,D,MI,9,L000263,115
1910,Jared,POLIS,REPRESENTATIVE,D,CO,2,P000598,115
850,Jerrold,NADLER,REPRESENTATIVE,D,NY,10,N000002,115
2231,Norma,TORRES,REPRESENTATIVE,D,CA,35,T000474,115
1910,Jared,POLIS,REPRESENTATIVE,D,CO,2,P000598,115
1748,Marsha,BLACKBURN,REPRESENTATIVE,R,TN,7,B001243,115
1910,Jared,POLIS,REPRESENTATIVE,D,CO,2,P000598,115
701,Zoe,LOFGREN,REPRESENTATIVE,D,CA,19,L000397,115
1910,Jared,POLIS,REPRESENTATIVE,D,CO,2,P000598,115
701,Zoe,LOFGREN,REPRESENTATIVE,D,CA,19,L000397,115
1910,Jared,POLIS,REPRESENTATIVE,D,CO,2,P000598,115
1910,Jared,POLIS,REPRESENTATIVE,D,CO,2,P000598,115
850,Jerrold,NADLER,REPRESENTATIVE,D,NY,10,N000002,115
1910,Jared,POLIS,REPRESENTATIVE,D,CO,2,P000598,115
1910,Jared,POLIS,REPRESENTATIVE,D,CO,2,P000598,115
355,Anna,ESHOO,REPRESENTATIVE,D,CA,18,E000215,115
1910,Jared,POLIS,REPRESENTATIVE,D,CO,2,P000598,115
355,Anna,ESHOO,REPRESENTATIVE,D,CA,18,E000215,115
1910,Jared,POLIS,REPRESENTATIVE,D,CO,2,P000598,115
1910,Jared,POLIS,REPRESENTATIVE,D,CO,2,P000598,115
1910,Jared,POLIS,REPRESENTATIVE,D,CO,2,P000598,115
1742,Tom,COLE,REPRESENTATIVE,R,OK,12,C001053,115
1910,Jared,POLIS,REPRESENTATIVE,D,CO,2,P000598,115
2297,James,COMER,N/A,R,KY,N/A,C001108,115
2231,Norma,TORRES,REPRESENTATIVE,D,CA,35,T000474,115
2272,Donald,BEYER,REPRESENTATIVE,D,VA,8,B001292,115
2134,Daniel,KILDEE,REPRESENTATIVE,D,MI,5,K000380,115
566,Steny,HOYER,REPRESENTATIVE,D,MD,5,H000874,115
1664,Patrick,TIBERI,REPRESENTATIVE,R,OH,12,T000462,115
2307,Andy,BIGGS,N/A,R,AZ,N/A,B001302,115
2185,Angus,KING,REPRESENTATIVE,I,ME,4,K000383,115
2166,Marc,VEASEY,REPRESENTATIVE,D,TX,33,V000131,115
2253,Tom,EMMER,REPRESENTATIVE,R,MN,6,E000294,115
2296,Warren,DAVIDSON,N/A,R,OH,N/A,D000626,115
2179,Deb,FISCHER,SENATOR,R,NE,N/A,F000463,115
179,Thomas,CARPER,SENATOR,D,DE,N/A,C000174,115
1900,Jeff,MERKLEY,SENATOR,D,OR,N/A,M001176,115
2123,Tammy,DUCKWORTH,REPRESENTATIVE,D,IL,8,D000622,115
326,Richard,DURBIN,SENATOR,D,IL,N/A,D000563,115
1534,John,THUNE,SENATOR,R,SD,N/A,T000250,115
1534,John,THUNE,SENATOR,R,SD,N/A,T000250,115
174,Benjamin,CARDIN,SENATOR,D,MD,N/A,C000141,115
1383,Patrick,LEAHY,SENATOR,D,VT,N/A,L000174,115
174,Benjamin,CARDIN,SENATOR,D,MD,N/A,C000141,115
1984,Christopher,COONS,SENATOR,D,DE,N/A,C001088,115
2303,John,KENNEDY,REPRESENTATIVE,R,LA,4,K000393,115
1925,Bill,CASSIDY,SENATOR,R,LA,N/A,C001075,115
2076,Richard,BLUMENTHAL,SENATOR,D,CT,N/A,B001277,115
2076,Richard,BLUMENTHAL,SENATOR,D,CT,N/A,B001277,115
2224,Bruce,WESTERMAN,REPRESENTATIVE,R,AR,4,W000821,115
2185,Angus,KING,REPRESENTATIVE,I,ME,4,K000383,115
1825,Bob,CORKER,SENATOR,R,TN,N/A,C001071,115
1774,Jim,COSTA,REPRESENTATIVE,D,CA,16,C001059,115
1774,Jim,COSTA,REPRESENTATIVE,D,CA,16,C001059,115
2298,Dwight,EVANS,N/A,D,PA,N/A,E000296,115
446,Bob,GOODLATTE,REPRESENTATIVE,R,VA,6,G000289,115
446,Bob,GOODLATTE,REPRESENTATIVE,R,VA,6,G000289,115
229,John,CONYERS,REPRESENTATIVE,D,MI,13,C000714,115
446,Bob,GOODLATTE,REPRESENTATIVE,R,VA,6,G000289,115
229,John,CONYERS,REPRESENTATIVE,D,MI,13,C000714,115
850,Jerrold,NADLER,REPRESENTATIVE,D,NY,10,N000002,115
446,Bob,GOODLATTE,REPRESENTATIVE,R,VA,6,G000289,115
229,John,CONYERS,REPRESENTATIVE,D,MI,13,C000714,115
446,Bob,GOODLATTE,REPRESENTATIVE,R,VA,6,G000289,115
229,John,CONYERS,REPRESENTATIVE,D,MI,13,C000714,115
701,Zoe,LOFGREN,REPRESENTATIVE,D,CA,19,L000397,115
446,Bob,GOODLATTE,REPRESENTATIVE,R,VA,6,G000289,115
229,John,CONYERS,REPRESENTATIVE,D,MI,13,C000714,115
2107,Tony,CARDENAS,REPRESENTATIVE,D,CA,29,C001097,115
446,Bob,GOODLATTE,REPRESENTATIVE,R,VA,6,G000289,115
229,John,CONYERS,REPRESENTATIVE,D,MI,13,C000714,115
446,Bob,GOODLATTE,REPRESENTATIVE,R,VA,6,G000289,115
229,John,CONYERS,REPRESENTATIVE,D,MI,13,C000714,115
1976,Theodore,DEUTCH,REPRESENTATIVE,D,FL,21,D000610,115
446,Bob,GOODLATTE,REPRESENTATIVE,R,VA,6,G000289,115
229,John,CONYERS,REPRESENTATIVE,D,MI,13,C000714,115
446,Bob,GOODLATTE,REPRESENTATIVE,R,VA,6,G000289,115
229,John,CONYERS,REPRESENTATIVE,D,MI,13,C000714,115
229,John,CONYERS,REPRESENTATIVE,D,MI,13,C000714,115
229,John,CONYERS,REPRESENTATIVE,D,MI,13,C000714,115
446,Bob,GOODLATTE,REPRESENTATIVE,R,VA,6,G000289,115
229,John,CONYERS,REPRESENTATIVE,D,MI,13,C000714,115
229,John,CONYERS,REPRESENTATIVE,D,MI,13,C000714,115
446,Bob,GOODLATTE,REPRESENTATIVE,R,VA,6,G000289,115
99,Earl,BLUMENAUER,REPRESENTATIVE,D,OR,3,B000574,115
1976,Theodore,DEUTCH,REPRESENTATIVE,D,FL,21,D000610,115
1976,Theodore,DEUTCH,REPRESENTATIVE,D,FL,21,D000610,115
446,Bob,GOODLATTE,REPRESENTATIVE,R,VA,6,G000289,115
446,Bob,GOODLATTE,REPRESENTATIVE,R,VA,6,G000289,115
1976,Theodore,DEUTCH,REPRESENTATIVE,D,FL,21,D000610,115
229,John,CONYERS,REPRESENTATIVE,D,MI,13,C000714,115
1976,Theodore,DEUTCH,REPRESENTATIVE,D,FL,21,D000610,115
446,Bob,GOODLATTE,REPRESENTATIVE,R,VA,6,G000289,115
446,Bob,GOODLATTE,REPRESENTATIVE,R,VA,6,G000289,115
446,Bob,GOODLATTE,REPRESENTATIVE,R,VA,6,G000289,115
229,John,CONYERS,REPRESENTATIVE,D,MI,13,C000714,115
446,Bob,GOODLATTE,REPRESENTATIVE,R,VA,6,G000289,115
1973,John,GARAMENDI,REPRESENTATIVE,D,CA,3,G000559,115
1885,Robert,LATTA,REPRESENTATIVE,R,OH,5,L000566,115
1534,John,THUNE,SENATOR,R,SD,N/A,T000250,115
1973,John,GARAMENDI,REPRESENTATIVE,D,CA,3,G000559,115
791,Robert,MENENDEZ,SENATOR,D,NJ,N/A,M000639,115
2055,David,CICILLINE,REPRESENTATIVE,D,RI,1,C001084,115
326,Richard,DURBIN,SENATOR,D,IL,N/A,D000563,115
1036,Charles,SCHUMER,SENATOR,D,NY,N/A,S000148,115
172,Maria,CANTWELL,SENATOR,D,WA,N/A,C000127,115
172,Maria,CANTWELL,SENATOR,D,WA,N/A,C000127,115
1929,Gary,PETERS,REPRESENTATIVE,D,MI,52,P000595,115
1929,Gary,PETERS,REPRESENTATIVE,D,MI,52,P000595,115
1692,John,CORNYN,SENATOR,R,TX,N/A,C001056,115
1692,John,CORNYN,SENATOR,R,TX,N/A,C001056,115
457,Chuck,GRASSLEY,SENATOR,R,IA,N/A,G000386,115
457,Chuck,GRASSLEY,SENATOR,R,IA,N/A,G000386,115
457,Chuck,GRASSLEY,SENATOR,R,IA,N/A,G000386,115
457,Chuck,GRASSLEY,SENATOR,R,IA,N/A,G000386,115
457,Chuck,GRASSLEY,SENATOR,R,IA,N/A,G000386,115
2223,J.,HILL,REPRESENTATIVE,R,AR,2,H001072,115
