speaker_id,first_name,last_name,type,party,state,district,bio_guide_id,congress_id
859,Bill,NELSON,SENATOR,D,FL,N/A,N000032,115
2084,Marco,RUBIO,SENATOR,R,FL,N/A,R000595,115
2138,Steve,DAINES,SENATOR,R,MT,N/A,D000618,115
2182,Elizabeth,WARREN,SENATOR,D,MA,N/A,W000817,115
136,Sherrod,BROWN,REPRESENTATIVE,D,OH,26,B000944,115
136,Sherrod,BROWN,REPRESENTATIVE,D,OH,26,B000944,115
136,Sherrod,BROWN,REPRESENTATIVE,D,OH,26,B000944,115
250,Mike,CRAPO,SENATOR,R,ID,N/A,C000880,115
136,Sherrod,BROWN,REPRESENTATIVE,D,OH,26,B000944,115
1925,Bill,CASSIDY,SENATOR,R,LA,N/A,C001075,115
1925,Bill,CASSIDY,SENATOR,R,LA,N/A,C001075,115
1692,John,CORNYN,SENATOR,R,TX,N/A,C001056,115
326,Richard,DURBIN,SENATOR,D,IL,N/A,D000563,115
1950,Kurt,SCHRADER,REPRESENTATIVE,D,OR,5,S001180,115
326,Richard,DURBIN,SENATOR,D,IL,N/A,D000563,115
326,Richard,DURBIN,SENATOR,D,IL,N/A,D000563,115
326,Richard,DURBIN,SENATOR,D,IL,N/A,D000563,115
326,Richard,DURBIN,SENATOR,D,IL,N/A,D000563,115
1036,Charles,SCHUMER,SENATOR,D,NY,N/A,S000148,115
2303,John,KENNEDY,REPRESENTATIVE,R,LA,4,K000393,115
2303,John,KENNEDY,REPRESENTATIVE,R,LA,4,K000393,115
2175,Ted,CRUZ,SENATOR,R,TX,N/A,C001098,115
1332,Dianne,FEINSTEIN,SENATOR,D,CA,N/A,F000062,115
99,Earl,BLUMENAUER,REPRESENTATIVE,D,OR,3,B000574,115
2283,Joni,ERNST,SENATOR,R,IA,N/A,E000295,115
791,Robert,MENENDEZ,SENATOR,D,NJ,N/A,M000639,115
2134,Daniel,KILDEE,REPRESENTATIVE,D,MI,5,K000380,115
2175,Ted,CRUZ,SENATOR,R,TX,N/A,C001098,115
2175,Ted,CRUZ,SENATOR,R,TX,N/A,C001098,115
2134,Daniel,KILDEE,REPRESENTATIVE,D,MI,5,K000380,115
2134,Daniel,KILDEE,REPRESENTATIVE,D,MI,5,K000380,115
1742,Tom,COLE,REPRESENTATIVE,R,OK,12,C001053,115
1742,Tom,COLE,REPRESENTATIVE,R,OK,12,C001053,115
2134,Daniel,KILDEE,REPRESENTATIVE,D,MI,5,K000380,115
709,Nita,LOWEY,REPRESENTATIVE,D,NY,17,L000480,115
1742,Tom,COLE,REPRESENTATIVE,R,OK,12,C001053,115
2134,Daniel,KILDEE,REPRESENTATIVE,D,MI,5,K000380,115
1742,Tom,COLE,REPRESENTATIVE,R,OK,12,C001053,115
2134,Daniel,KILDEE,REPRESENTATIVE,D,MI,5,K000380,115
1742,Tom,COLE,REPRESENTATIVE,R,OK,12,C001053,115
2134,Daniel,KILDEE,REPRESENTATIVE,D,MI,5,K000380,115
2334,Paul,MITCHELL,N/A,R,MI,N/A,M001201,115
2334,Paul,MITCHELL,N/A,R,MI,N/A,M001201,115
1742,Tom,COLE,REPRESENTATIVE,R,OK,12,C001053,115
1742,Tom,COLE,REPRESENTATIVE,R,OK,12,C001053,115
2334,Paul,MITCHELL,N/A,R,MI,N/A,M001201,115
1742,Tom,COLE,REPRESENTATIVE,R,OK,12,C001053,115
709,Nita,LOWEY,REPRESENTATIVE,D,NY,17,L000480,115
1742,Tom,COLE,REPRESENTATIVE,R,OK,12,C001053,115
1742,Tom,COLE,REPRESENTATIVE,R,OK,12,C001053,115
2171,Mark,POCAN,REPRESENTATIVE,D,WI,2,P000607,115
2171,Mark,POCAN,REPRESENTATIVE,D,WI,2,P000607,115
1742,Tom,COLE,REPRESENTATIVE,R,OK,12,C001053,115
1742,Tom,COLE,REPRESENTATIVE,R,OK,12,C001053,115
2171,Mark,POCAN,REPRESENTATIVE,D,WI,2,P000607,115
1742,Tom,COLE,REPRESENTATIVE,R,OK,12,C001053,115
2171,Mark,POCAN,REPRESENTATIVE,D,WI,2,P000607,115
1962,Gregorio,SABLAN,DELEGATE,D,MP,N/A,S001177,115
1962,Gregorio,SABLAN,DELEGATE,D,MP,N/A,S001177,115
1742,Tom,COLE,REPRESENTATIVE,R,OK,12,C001053,115
1742,Tom,COLE,REPRESENTATIVE,R,OK,12,C001053,115
1962,Gregorio,SABLAN,DELEGATE,D,MP,N/A,S001177,115
709,Nita,LOWEY,REPRESENTATIVE,D,NY,17,L000480,115
1962,Gregorio,SABLAN,DELEGATE,D,MP,N/A,S001177,115
1742,Tom,COLE,REPRESENTATIVE,R,OK,12,C001053,115
2148,Grace,MENG,REPRESENTATIVE,D,NY,6,M001188,115
2148,Grace,MENG,REPRESENTATIVE,D,NY,6,M001188,115
1742,Tom,COLE,REPRESENTATIVE,R,OK,12,C001053,115
1742,Tom,COLE,REPRESENTATIVE,R,OK,12,C001053,115
2148,Grace,MENG,REPRESENTATIVE,D,NY,6,M001188,115
709,Nita,LOWEY,REPRESENTATIVE,D,NY,17,L000480,115
2148,Grace,MENG,REPRESENTATIVE,D,NY,6,M001188,115
1742,Tom,COLE,REPRESENTATIVE,R,OK,12,C001053,115
2148,Grace,MENG,REPRESENTATIVE,D,NY,6,M001188,115
1888,Bill,FOSTER,REPRESENTATIVE,D,IL,11,F000454,115
1888,Bill,FOSTER,REPRESENTATIVE,D,IL,11,F000454,115
1742,Tom,COLE,REPRESENTATIVE,R,OK,12,C001053,115
1742,Tom,COLE,REPRESENTATIVE,R,OK,12,C001053,115
1888,Bill,FOSTER,REPRESENTATIVE,D,IL,11,F000454,115
2148,Grace,MENG,REPRESENTATIVE,D,NY,6,M001188,115
2148,Grace,MENG,REPRESENTATIVE,D,NY,6,M001188,115
1742,Tom,COLE,REPRESENTATIVE,R,OK,12,C001053,115
1742,Tom,COLE,REPRESENTATIVE,R,OK,12,C001053,115
2148,Grace,MENG,REPRESENTATIVE,D,NY,6,M001188,115
2148,Grace,MENG,REPRESENTATIVE,D,NY,6,M001188,115
1742,Tom,COLE,REPRESENTATIVE,R,OK,12,C001053,115
1742,Tom,COLE,REPRESENTATIVE,R,OK,12,C001053,115
2148,Grace,MENG,REPRESENTATIVE,D,NY,6,M001188,115
1742,Tom,COLE,REPRESENTATIVE,R,OK,12,C001053,115
2134,Daniel,KILDEE,REPRESENTATIVE,D,MI,5,K000380,115
2134,Daniel,KILDEE,REPRESENTATIVE,D,MI,5,K000380,115
1742,Tom,COLE,REPRESENTATIVE,R,OK,12,C001053,115
1742,Tom,COLE,REPRESENTATIVE,R,OK,12,C001053,115
2134,Daniel,KILDEE,REPRESENTATIVE,D,MI,5,K000380,115
1742,Tom,COLE,REPRESENTATIVE,R,OK,12,C001053,115
2134,Daniel,KILDEE,REPRESENTATIVE,D,MI,5,K000380,115
2065,Bill,FLORES,REPRESENTATIVE,R,TX,17,F000461,115
2065,Bill,FLORES,REPRESENTATIVE,R,TX,17,F000461,115
1742,Tom,COLE,REPRESENTATIVE,R,OK,12,C001053,115
1742,Tom,COLE,REPRESENTATIVE,R,OK,12,C001053,115
2065,Bill,FLORES,REPRESENTATIVE,R,TX,17,F000461,115
1742,Tom,COLE,REPRESENTATIVE,R,OK,12,C001053,115
2171,Mark,POCAN,REPRESENTATIVE,D,WI,2,P000607,115
1742,Tom,COLE,REPRESENTATIVE,R,OK,12,C001053,115
2065,Bill,FLORES,REPRESENTATIVE,R,TX,17,F000461,115
2344,Claudia,TENNEY,N/A,R,NY,N/A,T000478,115
2344,Claudia,TENNEY,N/A,R,NY,N/A,T000478,115
1742,Tom,COLE,REPRESENTATIVE,R,OK,12,C001053,115
2344,Claudia,TENNEY,N/A,R,NY,N/A,T000478,115
867,Richard,NOLAN,REPRESENTATIVE,D,MN,8,N000127,115
867,Richard,NOLAN,REPRESENTATIVE,D,MN,8,N000127,115
1742,Tom,COLE,REPRESENTATIVE,R,OK,12,C001053,115
1742,Tom,COLE,REPRESENTATIVE,R,OK,12,C001053,115
867,Richard,NOLAN,REPRESENTATIVE,D,MN,8,N000127,115
1742,Tom,COLE,REPRESENTATIVE,R,OK,12,C001053,115
1742,Tom,COLE,REPRESENTATIVE,R,OK,12,C001053,115
1742,Tom,COLE,REPRESENTATIVE,R,OK,12,C001053,115
2302,Margaret,HASSAN,N/A,D,NH,N/A,H001076,115
1596,Greg,WALDEN,REPRESENTATIVE,R,OR,2,W000791,115
1596,Greg,WALDEN,REPRESENTATIVE,R,OR,2,W000791,115
1596,Greg,WALDEN,REPRESENTATIVE,R,OR,2,W000791,115
1596,Greg,WALDEN,REPRESENTATIVE,R,OR,2,W000791,115
1510,Bill,PASCRELL,REPRESENTATIVE,D,NJ,9,P000096,115
1596,Greg,WALDEN,REPRESENTATIVE,R,OR,2,W000791,115
1751,Michael,BURGESS,REPRESENTATIVE,R,TX,26,B001248,115
1596,Greg,WALDEN,REPRESENTATIVE,R,OR,2,W000791,115
1936,Leonard,LANCE,REPRESENTATIVE,R,NJ,7,L000567,115
1596,Greg,WALDEN,REPRESENTATIVE,R,OR,2,W000791,115
2343,John,FASO,N/A,R,NY,N/A,F000464,115
1596,Greg,WALDEN,REPRESENTATIVE,R,OR,2,W000791,115
2092,Suzanne,BONAMICI,REPRESENTATIVE,D,OR,1,B001278,115
2092,Suzanne,BONAMICI,REPRESENTATIVE,D,OR,1,B001278,115
1742,Tom,COLE,REPRESENTATIVE,R,OK,12,C001053,115
1742,Tom,COLE,REPRESENTATIVE,R,OK,12,C001053,115
2092,Suzanne,BONAMICI,REPRESENTATIVE,D,OR,1,B001278,115
2092,Suzanne,BONAMICI,REPRESENTATIVE,D,OR,1,B001278,115
2092,Suzanne,BONAMICI,REPRESENTATIVE,D,OR,1,B001278,115
1501,Barbara,LEE,REPRESENTATIVE,D,CA,13,L000551,115
2092,Suzanne,BONAMICI,REPRESENTATIVE,D,OR,1,B001278,115
1742,Tom,COLE,REPRESENTATIVE,R,OK,12,C001053,115
1742,Tom,COLE,REPRESENTATIVE,R,OK,12,C001053,115
1742,Tom,COLE,REPRESENTATIVE,R,OK,12,C001053,115
1501,Barbara,LEE,REPRESENTATIVE,D,CA,13,L000551,115
1742,Tom,COLE,REPRESENTATIVE,R,OK,12,C001053,115
709,Nita,LOWEY,REPRESENTATIVE,D,NY,17,L000480,115
709,Nita,LOWEY,REPRESENTATIVE,D,NY,17,L000480,115
1742,Tom,COLE,REPRESENTATIVE,R,OK,12,C001053,115
1742,Tom,COLE,REPRESENTATIVE,R,OK,12,C001053,115
709,Nita,LOWEY,REPRESENTATIVE,D,NY,17,L000480,115
1742,Tom,COLE,REPRESENTATIVE,R,OK,12,C001053,115
2276,Glenn,GROTHMAN,REPRESENTATIVE,R,WI,6,G000576,115
709,Nita,LOWEY,REPRESENTATIVE,D,NY,17,L000480,115
1742,Tom,COLE,REPRESENTATIVE,R,OK,12,C001053,115
1742,Tom,COLE,REPRESENTATIVE,R,OK,12,C001053,115
709,Nita,LOWEY,REPRESENTATIVE,D,NY,17,L000480,115
1742,Tom,COLE,REPRESENTATIVE,R,OK,12,C001053,115
709,Nita,LOWEY,REPRESENTATIVE,D,NY,17,L000480,115
1836,Joe,COURTNEY,REPRESENTATIVE,D,CT,2,C001069,115
1836,Joe,COURTNEY,REPRESENTATIVE,D,CT,2,C001069,115
1742,Tom,COLE,REPRESENTATIVE,R,OK,12,C001053,115
1742,Tom,COLE,REPRESENTATIVE,R,OK,12,C001053,115
1836,Joe,COURTNEY,REPRESENTATIVE,D,CT,2,C001069,115
1501,Barbara,LEE,REPRESENTATIVE,D,CA,13,L000551,115
1742,Tom,COLE,REPRESENTATIVE,R,OK,12,C001053,115
1836,Joe,COURTNEY,REPRESENTATIVE,D,CT,2,C001069,115
1836,Joe,COURTNEY,REPRESENTATIVE,D,CT,2,C001069,115
1742,Tom,COLE,REPRESENTATIVE,R,OK,12,C001053,115
1836,Joe,COURTNEY,REPRESENTATIVE,D,CT,2,C001069,115
1742,Tom,COLE,REPRESENTATIVE,R,OK,12,C001053,115
1742,Tom,COLE,REPRESENTATIVE,R,OK,12,C001053,115
2334,Paul,MITCHELL,N/A,R,MI,N/A,M001201,115
1742,Tom,COLE,REPRESENTATIVE,R,OK,12,C001053,115
2276,Glenn,GROTHMAN,REPRESENTATIVE,R,WI,6,G000576,115
1742,Tom,COLE,REPRESENTATIVE,R,OK,12,C001053,115
1811,Gwen,MOORE,SENATOR,D,WI,N/A,M001160,115
1811,Gwen,MOORE,SENATOR,D,WI,N/A,M001160,115
1791,Virginia,FOXX,REPRESENTATIVE,R,NC,5,F000450,115
1742,Tom,COLE,REPRESENTATIVE,R,OK,12,C001053,115
2276,Glenn,GROTHMAN,REPRESENTATIVE,R,WI,6,G000576,115
2276,Glenn,GROTHMAN,REPRESENTATIVE,R,WI,6,G000576,115
1742,Tom,COLE,REPRESENTATIVE,R,OK,12,C001053,115
1742,Tom,COLE,REPRESENTATIVE,R,OK,12,C001053,115
1742,Tom,COLE,REPRESENTATIVE,R,OK,12,C001053,115
2276,Glenn,GROTHMAN,REPRESENTATIVE,R,WI,6,G000576,115
1742,Tom,COLE,REPRESENTATIVE,R,OK,12,C001053,115
2276,Glenn,GROTHMAN,REPRESENTATIVE,R,WI,6,G000576,115
1742,Tom,COLE,REPRESENTATIVE,R,OK,12,C001053,115
1742,Tom,COLE,REPRESENTATIVE,R,OK,12,C001053,115
1742,Tom,COLE,REPRESENTATIVE,R,OK,12,C001053,115
2276,Glenn,GROTHMAN,REPRESENTATIVE,R,WI,6,G000576,115
2276,Glenn,GROTHMAN,REPRESENTATIVE,R,WI,6,G000576,115
2276,Glenn,GROTHMAN,REPRESENTATIVE,R,WI,6,G000576,115
2276,Glenn,GROTHMAN,REPRESENTATIVE,R,WI,6,G000576,115
2276,Glenn,GROTHMAN,REPRESENTATIVE,R,WI,6,G000576,115
2142,Mark,MEADOWS,REPRESENTATIVE,R,NC,11,M001187,115
2142,Mark,MEADOWS,REPRESENTATIVE,R,NC,11,M001187,115
709,Nita,LOWEY,REPRESENTATIVE,D,NY,17,L000480,115
709,Nita,LOWEY,REPRESENTATIVE,D,NY,17,L000480,115
709,Nita,LOWEY,REPRESENTATIVE,D,NY,17,L000480,115
2142,Mark,MEADOWS,REPRESENTATIVE,R,NC,11,M001187,115
709,Nita,LOWEY,REPRESENTATIVE,D,NY,17,L000480,115
709,Nita,LOWEY,REPRESENTATIVE,D,NY,17,L000480,115
709,Nita,LOWEY,REPRESENTATIVE,D,NY,17,L000480,115
1855,Tim,WALBERG,REPRESENTATIVE,R,MI,7,W000798,115
1855,Tim,WALBERG,REPRESENTATIVE,R,MI,7,W000798,115
1855,Tim,WALBERG,REPRESENTATIVE,R,MI,7,W000798,115
1855,Tim,WALBERG,REPRESENTATIVE,R,MI,7,W000798,115
1910,Jared,POLIS,REPRESENTATIVE,D,CO,2,P000598,115
1748,Marsha,BLACKBURN,REPRESENTATIVE,R,TN,7,B001243,115
1748,Marsha,BLACKBURN,REPRESENTATIVE,R,TN,7,B001243,115
1742,Tom,COLE,REPRESENTATIVE,R,OK,12,C001053,115
1742,Tom,COLE,REPRESENTATIVE,R,OK,12,C001053,115
1748,Marsha,BLACKBURN,REPRESENTATIVE,R,TN,7,B001243,115
1742,Tom,COLE,REPRESENTATIVE,R,OK,12,C001053,115
1742,Tom,COLE,REPRESENTATIVE,R,OK,12,C001053,115
1742,Tom,COLE,REPRESENTATIVE,R,OK,12,C001053,115
1742,Tom,COLE,REPRESENTATIVE,R,OK,12,C001053,115
1742,Tom,COLE,REPRESENTATIVE,R,OK,12,C001053,115
1742,Tom,COLE,REPRESENTATIVE,R,OK,12,C001053,115
1742,Tom,COLE,REPRESENTATIVE,R,OK,12,C001053,115
1742,Tom,COLE,REPRESENTATIVE,R,OK,12,C001053,115
1742,Tom,COLE,REPRESENTATIVE,R,OK,12,C001053,115
1742,Tom,COLE,REPRESENTATIVE,R,OK,12,C001053,115
1742,Tom,COLE,REPRESENTATIVE,R,OK,12,C001053,115
1742,Tom,COLE,REPRESENTATIVE,R,OK,12,C001053,115
1742,Tom,COLE,REPRESENTATIVE,R,OK,12,C001053,115
1751,Michael,BURGESS,REPRESENTATIVE,R,TX,26,B001248,115
1751,Michael,BURGESS,REPRESENTATIVE,R,TX,26,B001248,115
1857,Keith,ELLISON,REPRESENTATIVE,D,MN,5,E000288,115
1857,Keith,ELLISON,REPRESENTATIVE,D,MN,5,E000288,115
1742,Tom,COLE,REPRESENTATIVE,R,OK,12,C001053,115
1742,Tom,COLE,REPRESENTATIVE,R,OK,12,C001053,115
1857,Keith,ELLISON,REPRESENTATIVE,D,MN,5,E000288,115
1857,Keith,ELLISON,REPRESENTATIVE,D,MN,5,E000288,115
1742,Tom,COLE,REPRESENTATIVE,R,OK,12,C001053,115
1857,Keith,ELLISON,REPRESENTATIVE,D,MN,5,E000288,115
1857,Keith,ELLISON,REPRESENTATIVE,D,MN,5,E000288,115
2049,Bob,GIBBS,REPRESENTATIVE,R,OH,7,G000563,115
2049,Bob,GIBBS,REPRESENTATIVE,R,OH,7,G000563,115
2049,Bob,GIBBS,REPRESENTATIVE,R,OH,7,G000563,115
2049,Bob,GIBBS,REPRESENTATIVE,R,OH,7,G000563,115
1742,Tom,COLE,REPRESENTATIVE,R,OK,12,C001053,115
2345,Brian,FITZPATRICK,REPRESENTATIVE,R,PA,8,F000466,115
2185,Angus,KING,REPRESENTATIVE,I,ME,4,K000383,115
2185,Angus,KING,REPRESENTATIVE,I,ME,4,K000383,115
1742,Tom,COLE,REPRESENTATIVE,R,OK,12,C001053,115
1742,Tom,COLE,REPRESENTATIVE,R,OK,12,C001053,115
1501,Barbara,LEE,REPRESENTATIVE,D,CA,13,L000551,115
1742,Tom,COLE,REPRESENTATIVE,R,OK,12,C001053,115
1742,Tom,COLE,REPRESENTATIVE,R,OK,12,C001053,115
1501,Barbara,LEE,REPRESENTATIVE,D,CA,13,L000551,115
1501,Barbara,LEE,REPRESENTATIVE,D,CA,13,L000551,115
1501,Barbara,LEE,REPRESENTATIVE,D,CA,13,L000551,115
1742,Tom,COLE,REPRESENTATIVE,R,OK,12,C001053,115
457,Chuck,GRASSLEY,SENATOR,R,IA,N/A,G000386,115
2176,Tim,KAINE,SENATOR,D,VA,N/A,K000384,115
2345,Brian,FITZPATRICK,REPRESENTATIVE,R,PA,8,F000466,115
2345,Brian,FITZPATRICK,REPRESENTATIVE,R,PA,8,F000466,115
2345,Brian,FITZPATRICK,REPRESENTATIVE,R,PA,8,F000466,115
2345,Brian,FITZPATRICK,REPRESENTATIVE,R,PA,8,F000466,115
2311,Nanette,BARRAGAN,N/A,D,CA,N/A,B001300,115
2345,Brian,FITZPATRICK,REPRESENTATIVE,R,PA,8,F000466,115
2345,Brian,FITZPATRICK,REPRESENTATIVE,R,PA,8,F000466,115
2175,Ted,CRUZ,SENATOR,R,TX,N/A,C001098,115
1608,Johnny,ISAKSON,SENATOR,R,GA,N/A,I000055,115
2157,Scott,PERRY,REPRESENTATIVE,R,PA,4,P000605,115
2157,Scott,PERRY,REPRESENTATIVE,R,PA,4,P000605,115
2157,Scott,PERRY,REPRESENTATIVE,R,PA,4,P000605,115
2157,Scott,PERRY,REPRESENTATIVE,R,PA,4,P000605,115
2123,Tammy,DUCKWORTH,REPRESENTATIVE,D,IL,8,D000622,115
1542,Michael,ENZI,SENATOR,R,WY,N/A,E000285,115
2269,Will,HURD,REPRESENTATIVE,R,TX,23,H001073,115
2269,Will,HURD,REPRESENTATIVE,R,TX,23,H001073,115
2269,Will,HURD,REPRESENTATIVE,R,TX,23,H001073,115
2269,Will,HURD,REPRESENTATIVE,R,TX,23,H001073,115
2157,Scott,PERRY,REPRESENTATIVE,R,PA,4,P000605,115
2157,Scott,PERRY,REPRESENTATIVE,R,PA,4,P000605,115
2157,Scott,PERRY,REPRESENTATIVE,R,PA,4,P000605,115
2157,Scott,PERRY,REPRESENTATIVE,R,PA,4,P000605,115
2157,Scott,PERRY,REPRESENTATIVE,R,PA,4,P000605,115
2054,Lou,BARLETTA,REPRESENTATIVE,R,PA,11,B001269,115
2054,Lou,BARLETTA,REPRESENTATIVE,R,PA,11,B001269,115
2054,Lou,BARLETTA,REPRESENTATIVE,R,PA,11,B001269,115
2054,Lou,BARLETTA,REPRESENTATIVE,R,PA,11,B001269,115
1670,John,CULBERSON,REPRESENTATIVE,R,TX,7,C001048,115
1670,John,CULBERSON,REPRESENTATIVE,R,TX,7,C001048,115
1670,John,CULBERSON,REPRESENTATIVE,R,TX,7,C001048,115
1042,Jose,SERRANO,REPRESENTATIVE,D,NY,15,S000248,115
2339,Jacky,ROSEN,N/A,D,NV,N/A,R000608,115
1670,John,CULBERSON,REPRESENTATIVE,R,TX,7,C001048,115
2361,Ralph,NORMAN,N/A,R,SC,N/A,N000190,115
1042,Jose,SERRANO,REPRESENTATIVE,D,NY,15,S000248,115
2092,Suzanne,BONAMICI,REPRESENTATIVE,D,OR,1,B001278,115
1670,John,CULBERSON,REPRESENTATIVE,R,TX,7,C001048,115
1810,David,REICHERT,REPRESENTATIVE,R,WA,8,R000578,115
1042,Jose,SERRANO,REPRESENTATIVE,D,NY,15,S000248,115
1670,John,CULBERSON,REPRESENTATIVE,R,TX,7,C001048,115
2320,Val,DEMINGS,N/A,D,FL,N/A,D000627,115
1670,John,CULBERSON,REPRESENTATIVE,R,TX,7,C001048,115
1670,John,CULBERSON,REPRESENTATIVE,R,TX,7,C001048,115
1810,David,REICHERT,REPRESENTATIVE,R,WA,8,R000578,115
1670,John,CULBERSON,REPRESENTATIVE,R,TX,7,C001048,115
1810,David,REICHERT,REPRESENTATIVE,R,WA,8,R000578,115
1670,John,CULBERSON,REPRESENTATIVE,R,TX,7,C001048,115
2231,Norma,TORRES,REPRESENTATIVE,D,CA,35,T000474,115
2231,Norma,TORRES,REPRESENTATIVE,D,CA,35,T000474,115
1670,John,CULBERSON,REPRESENTATIVE,R,TX,7,C001048,115
1670,John,CULBERSON,REPRESENTATIVE,R,TX,7,C001048,115
2231,Norma,TORRES,REPRESENTATIVE,D,CA,35,T000474,115
1042,Jose,SERRANO,REPRESENTATIVE,D,NY,15,S000248,115
1670,John,CULBERSON,REPRESENTATIVE,R,TX,7,C001048,115
2231,Norma,TORRES,REPRESENTATIVE,D,CA,35,T000474,115
2231,Norma,TORRES,REPRESENTATIVE,D,CA,35,T000474,115
2339,Jacky,ROSEN,N/A,D,NV,N/A,R000608,115
2339,Jacky,ROSEN,N/A,D,NV,N/A,R000608,115
1670,John,CULBERSON,REPRESENTATIVE,R,TX,7,C001048,115
1670,John,CULBERSON,REPRESENTATIVE,R,TX,7,C001048,115
1878,Steve,COHEN,REPRESENTATIVE,D,TN,9,C001068,115
1878,Steve,COHEN,REPRESENTATIVE,D,TN,9,C001068,115
2345,Brian,FITZPATRICK,REPRESENTATIVE,R,PA,8,F000466,115
1878,Steve,COHEN,REPRESENTATIVE,D,TN,9,C001068,115
1042,Jose,SERRANO,REPRESENTATIVE,D,NY,15,S000248,115
1670,John,CULBERSON,REPRESENTATIVE,R,TX,7,C001048,115
1670,John,CULBERSON,REPRESENTATIVE,R,TX,7,C001048,115
1670,John,CULBERSON,REPRESENTATIVE,R,TX,7,C001048,115
1878,Steve,COHEN,REPRESENTATIVE,D,TN,9,C001068,115
2276,Glenn,GROTHMAN,REPRESENTATIVE,R,WI,6,G000576,115
2276,Glenn,GROTHMAN,REPRESENTATIVE,R,WI,6,G000576,115
1670,John,CULBERSON,REPRESENTATIVE,R,TX,7,C001048,115
1670,John,CULBERSON,REPRESENTATIVE,R,TX,7,C001048,115
1042,Jose,SERRANO,REPRESENTATIVE,D,NY,15,S000248,115
2276,Glenn,GROTHMAN,REPRESENTATIVE,R,WI,6,G000576,115
1670,John,CULBERSON,REPRESENTATIVE,R,TX,7,C001048,115
2276,Glenn,GROTHMAN,REPRESENTATIVE,R,WI,6,G000576,115
2276,Glenn,GROTHMAN,REPRESENTATIVE,R,WI,6,G000576,115
2276,Glenn,GROTHMAN,REPRESENTATIVE,R,WI,6,G000576,115
1042,Jose,SERRANO,REPRESENTATIVE,D,NY,15,S000248,115
1042,Jose,SERRANO,REPRESENTATIVE,D,NY,15,S000248,115
2233,Ken,BUCK,REPRESENTATIVE,R,CO,4,B001297,115
1878,Steve,COHEN,REPRESENTATIVE,D,TN,9,C001068,115
1878,Steve,COHEN,REPRESENTATIVE,D,TN,9,C001068,115
1670,John,CULBERSON,REPRESENTATIVE,R,TX,7,C001048,115
1670,John,CULBERSON,REPRESENTATIVE,R,TX,7,C001048,115
1878,Steve,COHEN,REPRESENTATIVE,D,TN,9,C001068,115
1878,Steve,COHEN,REPRESENTATIVE,D,TN,9,C001068,115
1878,Steve,COHEN,REPRESENTATIVE,D,TN,9,C001068,115
1510,Bill,PASCRELL,REPRESENTATIVE,D,NJ,9,P000096,115
1510,Bill,PASCRELL,REPRESENTATIVE,D,NJ,9,P000096,115
1510,Bill,PASCRELL,REPRESENTATIVE,D,NJ,9,P000096,115
1936,Leonard,LANCE,REPRESENTATIVE,R,NJ,7,L000567,115
1670,John,CULBERSON,REPRESENTATIVE,R,TX,7,C001048,115
1670,John,CULBERSON,REPRESENTATIVE,R,TX,7,C001048,115
1670,John,CULBERSON,REPRESENTATIVE,R,TX,7,C001048,115
1670,John,CULBERSON,REPRESENTATIVE,R,TX,7,C001048,115
2026,Andy,HARRIS,REPRESENTATIVE,R,MD,1,H001052,115
2026,Andy,HARRIS,REPRESENTATIVE,R,MD,1,H001052,115
1670,John,CULBERSON,REPRESENTATIVE,R,TX,7,C001048,115
2026,Andy,HARRIS,REPRESENTATIVE,R,MD,1,H001052,115
1042,Jose,SERRANO,REPRESENTATIVE,D,NY,15,S000248,115
2026,Andy,HARRIS,REPRESENTATIVE,R,MD,1,H001052,115
2026,Andy,HARRIS,REPRESENTATIVE,R,MD,1,H001052,115
2261,Lee,ZELDIN,REPRESENTATIVE,R,NY,1,Z000017,115
2261,Lee,ZELDIN,REPRESENTATIVE,R,NY,1,Z000017,115
1042,Jose,SERRANO,REPRESENTATIVE,D,NY,15,S000248,115
1042,Jose,SERRANO,REPRESENTATIVE,D,NY,15,S000248,115
2261,Lee,ZELDIN,REPRESENTATIVE,R,NY,1,Z000017,115
1670,John,CULBERSON,REPRESENTATIVE,R,TX,7,C001048,115
2261,Lee,ZELDIN,REPRESENTATIVE,R,NY,1,Z000017,115
2261,Lee,ZELDIN,REPRESENTATIVE,R,NY,1,Z000017,115
1042,Jose,SERRANO,REPRESENTATIVE,D,NY,15,S000248,115
2261,Lee,ZELDIN,REPRESENTATIVE,R,NY,1,Z000017,115
868,Eleanor,NORTON,DELEGATE,D,DC,N/A,N000147,115
868,Eleanor,NORTON,DELEGATE,D,DC,N/A,N000147,115
1670,John,CULBERSON,REPRESENTATIVE,R,TX,7,C001048,115
1670,John,CULBERSON,REPRESENTATIVE,R,TX,7,C001048,115
868,Eleanor,NORTON,DELEGATE,D,DC,N/A,N000147,115
868,Eleanor,NORTON,DELEGATE,D,DC,N/A,N000147,115
1670,John,CULBERSON,REPRESENTATIVE,R,TX,7,C001048,115
868,Eleanor,NORTON,DELEGATE,D,DC,N/A,N000147,115
1885,Robert,LATTA,REPRESENTATIVE,R,OH,5,L000566,115
1885,Robert,LATTA,REPRESENTATIVE,R,OH,5,L000566,115
1042,Jose,SERRANO,REPRESENTATIVE,D,NY,15,S000248,115
1042,Jose,SERRANO,REPRESENTATIVE,D,NY,15,S000248,115
1885,Robert,LATTA,REPRESENTATIVE,R,OH,5,L000566,115
1670,John,CULBERSON,REPRESENTATIVE,R,TX,7,C001048,115
1885,Robert,LATTA,REPRESENTATIVE,R,OH,5,L000566,115
1042,Jose,SERRANO,REPRESENTATIVE,D,NY,15,S000248,115
1885,Robert,LATTA,REPRESENTATIVE,R,OH,5,L000566,115
2314,Matt,GAETZ,N/A,R,FL,N/A,G000578,115
2314,Matt,GAETZ,N/A,R,FL,N/A,G000578,115
1042,Jose,SERRANO,REPRESENTATIVE,D,NY,15,S000248,115
1042,Jose,SERRANO,REPRESENTATIVE,D,NY,15,S000248,115
1670,John,CULBERSON,REPRESENTATIVE,R,TX,7,C001048,115
1670,John,CULBERSON,REPRESENTATIVE,R,TX,7,C001048,115
1042,Jose,SERRANO,REPRESENTATIVE,D,NY,15,S000248,115
1042,Jose,SERRANO,REPRESENTATIVE,D,NY,15,S000248,115
1042,Jose,SERRANO,REPRESENTATIVE,D,NY,15,S000248,115
1670,John,CULBERSON,REPRESENTATIVE,R,TX,7,C001048,115
2065,Bill,FLORES,REPRESENTATIVE,R,TX,17,F000461,115
2065,Bill,FLORES,REPRESENTATIVE,R,TX,17,F000461,115
1042,Jose,SERRANO,REPRESENTATIVE,D,NY,15,S000248,115
1042,Jose,SERRANO,REPRESENTATIVE,D,NY,15,S000248,115
2065,Bill,FLORES,REPRESENTATIVE,R,TX,17,F000461,115
1670,John,CULBERSON,REPRESENTATIVE,R,TX,7,C001048,115
2065,Bill,FLORES,REPRESENTATIVE,R,TX,17,F000461,115
1042,Jose,SERRANO,REPRESENTATIVE,D,NY,15,S000248,115
2065,Bill,FLORES,REPRESENTATIVE,R,TX,17,F000461,115
1670,John,CULBERSON,REPRESENTATIVE,R,TX,7,C001048,115
2233,Ken,BUCK,REPRESENTATIVE,R,CO,4,B001297,115
2233,Ken,BUCK,REPRESENTATIVE,R,CO,4,B001297,115
1042,Jose,SERRANO,REPRESENTATIVE,D,NY,15,S000248,115
1042,Jose,SERRANO,REPRESENTATIVE,D,NY,15,S000248,115
2233,Ken,BUCK,REPRESENTATIVE,R,CO,4,B001297,115
2233,Ken,BUCK,REPRESENTATIVE,R,CO,4,B001297,115
1670,John,CULBERSON,REPRESENTATIVE,R,TX,7,C001048,115
2233,Ken,BUCK,REPRESENTATIVE,R,CO,4,B001297,115
1670,John,CULBERSON,REPRESENTATIVE,R,TX,7,C001048,115
1042,Jose,SERRANO,REPRESENTATIVE,D,NY,15,S000248,115
2233,Ken,BUCK,REPRESENTATIVE,R,CO,4,B001297,115
1042,Jose,SERRANO,REPRESENTATIVE,D,NY,15,S000248,115
2029,Justin,AMASH,REPRESENTATIVE,R,MI,3,A000367,115
2029,Justin,AMASH,REPRESENTATIVE,R,MI,3,A000367,115
2296,Warren,DAVIDSON,N/A,R,OH,N/A,D000626,115
2029,Justin,AMASH,REPRESENTATIVE,R,MI,3,A000367,115
2122,Tulsi,GABBARD,REPRESENTATIVE,D,HI,2,G000571,115
2029,Justin,AMASH,REPRESENTATIVE,R,MI,3,A000367,115
2122,Tulsi,GABBARD,REPRESENTATIVE,D,HI,2,G000571,115
2029,Justin,AMASH,REPRESENTATIVE,R,MI,3,A000367,115
979,Dana,ROHRABACHER,REPRESENTATIVE,R,CA,48,R000409,115
2029,Justin,AMASH,REPRESENTATIVE,R,MI,3,A000367,115
2272,Donald,BEYER,REPRESENTATIVE,D,VA,8,B001292,115
2029,Justin,AMASH,REPRESENTATIVE,R,MI,3,A000367,115
2029,Justin,AMASH,REPRESENTATIVE,R,MI,3,A000367,115
1848,Peter,ROSKAM,REPRESENTATIVE,R,IL,6,R000580,115
1848,Peter,ROSKAM,REPRESENTATIVE,R,IL,6,R000580,115
1670,John,CULBERSON,REPRESENTATIVE,R,TX,7,C001048,115
1670,John,CULBERSON,REPRESENTATIVE,R,TX,7,C001048,115
1848,Peter,ROSKAM,REPRESENTATIVE,R,IL,6,R000580,115
1855,Tim,WALBERG,REPRESENTATIVE,R,MI,7,W000798,115
1855,Tim,WALBERG,REPRESENTATIVE,R,MI,7,W000798,115
1878,Steve,COHEN,REPRESENTATIVE,D,TN,9,C001068,115
1878,Steve,COHEN,REPRESENTATIVE,D,TN,9,C001068,115
1855,Tim,WALBERG,REPRESENTATIVE,R,MI,7,W000798,115
2332,Jamie,RASKIN,N/A,D,MD,N/A,R000606,115
2332,Jamie,RASKIN,N/A,D,MD,N/A,R000606,115
2259,Bonnie,COLE,REPRESENTATIVE,D,NJ,12,W000822,115
2259,Bonnie,COLE,REPRESENTATIVE,D,NJ,12,W000822,115
709,Nita,LOWEY,REPRESENTATIVE,D,NY,17,L000480,115
2092,Suzanne,BONAMICI,REPRESENTATIVE,D,OR,1,B001278,115
2259,Bonnie,COLE,REPRESENTATIVE,D,NJ,12,W000822,115
1995,Jeff,DENHAM,REPRESENTATIVE,R,CA,10,D000612,115
709,Nita,LOWEY,REPRESENTATIVE,D,NY,17,L000480,115
2134,Daniel,KILDEE,REPRESENTATIVE,D,MI,5,K000380,115
2259,Bonnie,COLE,REPRESENTATIVE,D,NJ,12,W000822,115
709,Nita,LOWEY,REPRESENTATIVE,D,NY,17,L000480,115
2259,Bonnie,COLE,REPRESENTATIVE,D,NJ,12,W000822,115
2297,James,COMER,N/A,R,KY,N/A,C001108,115
2269,Will,HURD,REPRESENTATIVE,R,TX,23,H001073,115
2269,Will,HURD,REPRESENTATIVE,R,TX,23,H001073,115
2269,Will,HURD,REPRESENTATIVE,R,TX,23,H001073,115
2269,Will,HURD,REPRESENTATIVE,R,TX,23,H001073,115
2223,J.,HILL,REPRESENTATIVE,R,AR,2,H001072,115
2010,Colleen,HANABUSA,N/A,D,HI,N/A,H001050,115
2224,Bruce,WESTERMAN,REPRESENTATIVE,R,AR,4,W000821,115
2010,Colleen,HANABUSA,N/A,D,HI,N/A,H001050,115
2355,Mike,GALLAGHER,N/A,R,WI,N/A,G000579,115
2355,Mike,GALLAGHER,N/A,R,WI,N/A,G000579,115
2355,Mike,GALLAGHER,N/A,R,WI,N/A,G000579,115
2311,Nanette,BARRAGAN,N/A,D,CA,N/A,B001300,115
2355,Mike,GALLAGHER,N/A,R,WI,N/A,G000579,115
2157,Scott,PERRY,REPRESENTATIVE,R,PA,4,P000605,115
2355,Mike,GALLAGHER,N/A,R,WI,N/A,G000579,115
2355,Mike,GALLAGHER,N/A,R,WI,N/A,G000579,115
2355,Mike,GALLAGHER,N/A,R,WI,N/A,G000579,115
2311,Nanette,BARRAGAN,N/A,D,CA,N/A,B001300,115
2355,Mike,GALLAGHER,N/A,R,WI,N/A,G000579,115
2032,Vicky,HARTZLER,REPRESENTATIVE,R,MO,4,H001053,115
2261,Lee,ZELDIN,REPRESENTATIVE,R,NY,1,Z000017,115
887,Frank,PALLONE,REPRESENTATIVE,D,NJ,6,P000034,115
446,Bob,GOODLATTE,REPRESENTATIVE,R,VA,6,G000289,115
1933,Gregg,HARPER,REPRESENTATIVE,R,MS,3,H001045,115
2253,Tom,EMMER,REPRESENTATIVE,R,MN,6,E000294,115
2253,Tom,EMMER,REPRESENTATIVE,R,MN,6,E000294,115
2253,Tom,EMMER,REPRESENTATIVE,R,MN,6,E000294,115
2253,Tom,EMMER,REPRESENTATIVE,R,MN,6,E000294,115
2082,Rand,PAUL,REPRESENTATIVE,R,KY,4,P000603,115
583,James,INHOFE,SENATOR,R,OK,N/A,I000024,115
1687,John,BOOZMAN,SENATOR,R,AR,N/A,B001236,115
1687,John,BOOZMAN,SENATOR,R,AR,N/A,B001236,115
457,Chuck,GRASSLEY,SENATOR,R,IA,N/A,G000386,115
457,Chuck,GRASSLEY,SENATOR,R,IA,N/A,G000386,115
2176,Tim,KAINE,SENATOR,D,VA,N/A,K000384,115
1633,Jeff,FLAKE,SENATOR,R,AZ,N/A,F000444,115
2182,Elizabeth,WARREN,SENATOR,D,MA,N/A,W000817,115
2080,Mike,LEE,REPRESENTATIVE,R,UT,13,L000577,115
949,Jack,REED,REPRESENTATIVE,D,RI,23,R000122,115
2244,Ralph,ABRAHAM,REPRESENTATIVE,R,LA,5,A000374,115
2355,Mike,GALLAGHER,N/A,R,WI,N/A,G000579,115
2355,Mike,GALLAGHER,N/A,R,WI,N/A,G000579,115
2355,Mike,GALLAGHER,N/A,R,WI,N/A,G000579,115
2311,Nanette,BARRAGAN,N/A,D,CA,N/A,B001300,115
2355,Mike,GALLAGHER,N/A,R,WI,N/A,G000579,115
2157,Scott,PERRY,REPRESENTATIVE,R,PA,4,P000605,115
1791,Virginia,FOXX,REPRESENTATIVE,R,NC,5,F000450,115
