speaker_id,first_name,last_name,type,party,state,district,bio_guide_id,congress_id
446,Bob,GOODLATTE,REPRESENTATIVE,R,VA,6,G000289,115
446,Bob,GOODLATTE,REPRESENTATIVE,R,VA,6,G000289,115
446,Bob,GOODLATTE,REPRESENTATIVE,R,VA,6,G000289,115
850,Jerrold,NADLER,REPRESENTATIVE,D,NY,10,N000002,115
446,Bob,GOODLATTE,REPRESENTATIVE,R,VA,6,G000289,115
2316,John,RUTHERFORD,N/A,R,FL,N/A,R000609,115
850,Jerrold,NADLER,REPRESENTATIVE,D,NY,10,N000002,115
2124,Bradley,SCHNEIDER,N/A,D,IL,N/A,S001190,115
446,Bob,GOODLATTE,REPRESENTATIVE,R,VA,6,G000289,115
850,Jerrold,NADLER,REPRESENTATIVE,D,NY,10,N000002,115
446,Bob,GOODLATTE,REPRESENTATIVE,R,VA,6,G000289,115
186,Steve,CHABOT,REPRESENTATIVE,R,OH,1,C000266,115
850,Jerrold,NADLER,REPRESENTATIVE,D,NY,10,N000002,115
1976,Theodore,DEUTCH,REPRESENTATIVE,D,FL,21,D000610,115
446,Bob,GOODLATTE,REPRESENTATIVE,R,VA,6,G000289,115
2297,James,COMER,N/A,R,KY,N/A,C001108,115
850,Jerrold,NADLER,REPRESENTATIVE,D,NY,10,N000002,115
446,Bob,GOODLATTE,REPRESENTATIVE,R,VA,6,G000289,115
446,Bob,GOODLATTE,REPRESENTATIVE,R,VA,6,G000289,115
2243,Mike,BOST,REPRESENTATIVE,R,IL,12,B001295,115
850,Jerrold,NADLER,REPRESENTATIVE,D,NY,10,N000002,115
850,Jerrold,NADLER,REPRESENTATIVE,D,NY,10,N000002,115
446,Bob,GOODLATTE,REPRESENTATIVE,R,VA,6,G000289,115
446,Bob,GOODLATTE,REPRESENTATIVE,R,VA,6,G000289,115
850,Jerrold,NADLER,REPRESENTATIVE,D,NY,10,N000002,115
446,Bob,GOODLATTE,REPRESENTATIVE,R,VA,6,G000289,115
850,Jerrold,NADLER,REPRESENTATIVE,D,NY,10,N000002,115
446,Bob,GOODLATTE,REPRESENTATIVE,R,VA,6,G000289,115
446,Bob,GOODLATTE,REPRESENTATIVE,R,VA,6,G000289,115
2316,John,RUTHERFORD,N/A,R,FL,N/A,R000609,115
2288,Mike,ROUNDS,N/A,R,SD,N/A,R000605,115
2288,Mike,ROUNDS,N/A,R,SD,N/A,R000605,115
2363,John,CURTIS,N/A,R,UT,N/A,C001114,115
2363,John,CURTIS,N/A,R,UT,N/A,C001114,115
2363,John,CURTIS,N/A,R,UT,N/A,C001114,115
2111,Alan,LOWENTHAL,REPRESENTATIVE,D,CA,47,L000579,115
2363,John,CURTIS,N/A,R,UT,N/A,C001114,115
2288,Mike,ROUNDS,N/A,R,SD,N/A,R000605,115
2288,Mike,ROUNDS,N/A,R,SD,N/A,R000605,115
2288,Mike,ROUNDS,N/A,R,SD,N/A,R000605,115
2288,Mike,ROUNDS,N/A,R,SD,N/A,R000605,115
2092,Suzanne,BONAMICI,REPRESENTATIVE,D,OR,1,B001278,115
2363,John,CURTIS,N/A,R,UT,N/A,C001114,115
2363,John,CURTIS,N/A,R,UT,N/A,C001114,115
2363,John,CURTIS,N/A,R,UT,N/A,C001114,115
2111,Alan,LOWENTHAL,REPRESENTATIVE,D,CA,47,L000579,115
2363,John,CURTIS,N/A,R,UT,N/A,C001114,115
2185,Angus,KING,REPRESENTATIVE,I,ME,4,K000383,115
1692,John,CORNYN,SENATOR,R,TX,N/A,C001056,115
2363,John,CURTIS,N/A,R,UT,N/A,C001114,115
2363,John,CURTIS,N/A,R,UT,N/A,C001114,115
2363,John,CURTIS,N/A,R,UT,N/A,C001114,115
2111,Alan,LOWENTHAL,REPRESENTATIVE,D,CA,47,L000579,115
2363,John,CURTIS,N/A,R,UT,N/A,C001114,115
2363,John,CURTIS,N/A,R,UT,N/A,C001114,115
1749,Jeb,HENSARLING,REPRESENTATIVE,R,TX,5,H001036,115
1749,Jeb,HENSARLING,REPRESENTATIVE,R,TX,5,H001036,115
1749,Jeb,HENSARLING,REPRESENTATIVE,R,TX,5,H001036,115
1749,Jeb,HENSARLING,REPRESENTATIVE,R,TX,5,H001036,115
1997,Scott,TIPTON,REPRESENTATIVE,R,CO,3,T000470,115
1184,Nydia,VELAZQUEZ,REPRESENTATIVE,D,NY,7,V000081,115
1184,Nydia,VELAZQUEZ,REPRESENTATIVE,D,NY,7,V000081,115
1749,Jeb,HENSARLING,REPRESENTATIVE,R,TX,5,H001036,115
1931,Blaine,LUETKEMEYER,REPRESENTATIVE,R,MO,3,L000569,115
1749,Jeb,HENSARLING,REPRESENTATIVE,R,TX,5,H001036,115
2137,Ann,WAGNER,REPRESENTATIVE,R,MO,2,W000812,115
1749,Jeb,HENSARLING,REPRESENTATIVE,R,TX,5,H001036,115
2131,Andy,BARR,REPRESENTATIVE,R,KY,11,B001282,115
1749,Jeb,HENSARLING,REPRESENTATIVE,R,TX,5,H001036,115
2131,Andy,BARR,REPRESENTATIVE,R,KY,11,B001282,115
1749,Jeb,HENSARLING,REPRESENTATIVE,R,TX,5,H001036,115
2158,Keith,ROTHFUS,REPRESENTATIVE,R,PA,12,R000598,115
1749,Jeb,HENSARLING,REPRESENTATIVE,R,TX,5,H001036,115
2158,Keith,ROTHFUS,REPRESENTATIVE,R,PA,12,R000598,115
1749,Jeb,HENSARLING,REPRESENTATIVE,R,TX,5,H001036,115
711,Frank,LUCAS,REPRESENTATIVE,R,OK,3,L000491,115
1749,Jeb,HENSARLING,REPRESENTATIVE,R,TX,5,H001036,115
2253,Tom,EMMER,REPRESENTATIVE,R,MN,6,E000294,115
1749,Jeb,HENSARLING,REPRESENTATIVE,R,TX,5,H001036,115
2253,Tom,EMMER,REPRESENTATIVE,R,MN,6,E000294,115
1749,Jeb,HENSARLING,REPRESENTATIVE,R,TX,5,H001036,115
2238,Barry,LOUDERMILK,REPRESENTATIVE,R,GA,11,L000583,115
1749,Jeb,HENSARLING,REPRESENTATIVE,R,TX,5,H001036,115
2238,Barry,LOUDERMILK,REPRESENTATIVE,R,GA,11,L000583,115
1749,Jeb,HENSARLING,REPRESENTATIVE,R,TX,5,H001036,115
1749,Jeb,HENSARLING,REPRESENTATIVE,R,TX,5,H001036,115
1749,Jeb,HENSARLING,REPRESENTATIVE,R,TX,5,H001036,115
1959,Gerald,CONNOLLY,REPRESENTATIVE,D,VA,11,C001078,115
1959,Gerald,CONNOLLY,REPRESENTATIVE,D,VA,11,C001078,115
1959,Gerald,CONNOLLY,REPRESENTATIVE,D,VA,11,C001078,115
1749,Jeb,HENSARLING,REPRESENTATIVE,R,TX,5,H001036,115
1749,Jeb,HENSARLING,REPRESENTATIVE,R,TX,5,H001036,115
1959,Gerald,CONNOLLY,REPRESENTATIVE,D,VA,11,C001078,115
1811,Gwen,MOORE,SENATOR,D,WI,N/A,M001160,115
1749,Jeb,HENSARLING,REPRESENTATIVE,R,TX,5,H001036,115
2288,Mike,ROUNDS,N/A,R,SD,N/A,R000605,115
2288,Mike,ROUNDS,N/A,R,SD,N/A,R000605,115
1930,Erik,PAULSEN,REPRESENTATIVE,R,MN,3,P000594,115
1930,Erik,PAULSEN,REPRESENTATIVE,R,MN,3,P000594,115
1930,Erik,PAULSEN,REPRESENTATIVE,R,MN,3,P000594,115
1930,Erik,PAULSEN,REPRESENTATIVE,R,MN,3,P000594,115
2288,Mike,ROUNDS,N/A,R,SD,N/A,R000605,115
1910,Jared,POLIS,REPRESENTATIVE,D,CO,2,P000598,115
2288,Mike,ROUNDS,N/A,R,SD,N/A,R000605,115
2345,Brian,FITZPATRICK,REPRESENTATIVE,R,PA,8,F000466,115
2055,David,CICILLINE,REPRESENTATIVE,D,RI,1,C001084,115
1863,Dean,HELLER,SENATOR,R,NV,N/A,H001041,115
2174,Heidi,HEITKAMP,SENATOR,D,ND,N/A,H001069,115
2174,Heidi,HEITKAMP,SENATOR,D,ND,N/A,H001069,115
2182,Elizabeth,WARREN,SENATOR,D,MA,N/A,W000817,115
2182,Elizabeth,WARREN,SENATOR,D,MA,N/A,W000817,115
924,Rob,PORTMAN,SENATOR,R,OH,N/A,P000449,115
924,Rob,PORTMAN,SENATOR,R,OH,N/A,P000449,115
1633,Jeff,FLAKE,SENATOR,R,AZ,N/A,F000444,115
1633,Jeff,FLAKE,SENATOR,R,AZ,N/A,F000444,115
2286,David,PERDUE,SENATOR,R,GA,N/A,P000612,115
2286,David,PERDUE,SENATOR,R,GA,N/A,P000612,115
1010,Bernard,SANDERS,SENATOR,I,VT,N/A,S000033,115
1010,Bernard,SANDERS,SENATOR,I,VT,N/A,S000033,115
1010,Bernard,SANDERS,SENATOR,I,VT,N/A,S000033,115
1010,Bernard,SANDERS,SENATOR,I,VT,N/A,S000033,115
2080,Mike,LEE,REPRESENTATIVE,R,UT,13,L000577,115
1010,Bernard,SANDERS,SENATOR,I,VT,N/A,S000033,115
1837,Christopher,MURPHY,SENATOR,D,CT,N/A,M001169,115
1010,Bernard,SANDERS,SENATOR,I,VT,N/A,S000033,115
2080,Mike,LEE,REPRESENTATIVE,R,UT,13,L000577,115
2080,Mike,LEE,REPRESENTATIVE,R,UT,13,L000577,115
1010,Bernard,SANDERS,SENATOR,I,VT,N/A,S000033,115
1837,Christopher,MURPHY,SENATOR,D,CT,N/A,M001169,115
326,Richard,DURBIN,SENATOR,D,IL,N/A,D000563,115
1010,Bernard,SANDERS,SENATOR,I,VT,N/A,S000033,115
2080,Mike,LEE,REPRESENTATIVE,R,UT,13,L000577,115
1010,Bernard,SANDERS,SENATOR,I,VT,N/A,S000033,115
859,Bill,NELSON,SENATOR,D,FL,N/A,N000032,115
1036,Charles,SCHUMER,SENATOR,D,NY,N/A,S000148,115
326,Richard,DURBIN,SENATOR,D,IL,N/A,D000563,115
1984,Christopher,COONS,SENATOR,D,DE,N/A,C001088,115
179,Thomas,CARPER,SENATOR,D,DE,N/A,C000174,115
2173,Brian,SCHATZ,SENATOR,D,HI,N/A,S001194,115
2182,Elizabeth,WARREN,SENATOR,D,MA,N/A,W000817,115
136,Sherrod,BROWN,REPRESENTATIVE,D,OH,26,B000944,115
136,Sherrod,BROWN,REPRESENTATIVE,D,OH,26,B000944,115
1332,Dianne,FEINSTEIN,SENATOR,D,CA,N/A,F000062,115
174,Benjamin,CARDIN,SENATOR,D,MD,N/A,C000141,115
735,Edward,MARKEY,SENATOR,D,MA,N/A,M000133,115
136,Sherrod,BROWN,REPRESENTATIVE,D,OH,26,B000944,115
1863,Dean,KING,REPRESENTATIVE,R,NV,4,H001041,115
1863,Dean,KING,REPRESENTATIVE,R,NV,4,H001041,115
791,Robert,MENENDEZ,SENATOR,D,NJ,N/A,M000639,115
1567,Tom,UDALL,SENATOR,D,NM,N/A,U000039,115
949,Jack,REED,REPRESENTATIVE,D,RI,23,R000122,115
1558,Tammy,BALDWIN,SENATOR,D,WI,N/A,B001230,115
1823,Sheldon,WHITEHOUSE,SENATOR,D,RI,N/A,W000802,115
583,James,INHOFE,SENATOR,R,OK,N/A,I000024,115
1823,Sheldon,WHITEHOUSE,SENATOR,D,RI,N/A,W000802,115
1844,Mazie,HIRONO,SENATOR,D,HI,N/A,H001042,115
1826,Amy,KLOBUCHAR,SENATOR,D,MN,N/A,K000367,115
1900,Jeff,MERKLEY,SENATOR,D,OR,N/A,M001176,115
905,Nancy,PELOSI,REPRESENTATIVE,D,CA,12,P000197,115
1501,Barbara,LEE,REPRESENTATIVE,D,CA,13,L000551,115
905,Nancy,PELOSI,REPRESENTATIVE,D,CA,12,P000197,115
2320,Val,DEMINGS,N/A,D,FL,N/A,D000627,115
2233,Ken,BUCK,REPRESENTATIVE,R,CO,4,B001297,115
2233,Ken,BUCK,REPRESENTATIVE,R,CO,4,B001297,115
2233,Ken,BUCK,REPRESENTATIVE,R,CO,4,B001297,115
2233,Ken,BUCK,REPRESENTATIVE,R,CO,4,B001297,115
1910,Jared,POLIS,REPRESENTATIVE,D,CO,2,P000598,115
2233,Ken,BUCK,REPRESENTATIVE,R,CO,4,B001297,115
1910,Jared,POLIS,REPRESENTATIVE,D,CO,2,P000598,115
1910,Jared,POLIS,REPRESENTATIVE,D,CO,2,P000598,115
2312,J.,CORREA,N/A,D,CA,N/A,C001110,115
2233,Ken,BUCK,REPRESENTATIVE,R,CO,4,B001297,115
1910,Jared,POLIS,REPRESENTATIVE,D,CO,2,P000598,115
2233,Ken,BUCK,REPRESENTATIVE,R,CO,4,B001297,115
1910,Jared,POLIS,REPRESENTATIVE,D,CO,2,P000598,115
2233,Ken,BUCK,REPRESENTATIVE,R,CO,4,B001297,115
1997,Scott,TIPTON,REPRESENTATIVE,R,CO,3,T000470,115
1910,Jared,POLIS,REPRESENTATIVE,D,CO,2,P000598,115
2233,Ken,BUCK,REPRESENTATIVE,R,CO,4,B001297,115
2233,Ken,BUCK,REPRESENTATIVE,R,CO,4,B001297,115
1910,Jared,POLIS,REPRESENTATIVE,D,CO,2,P000598,115
2097,Donald,PAYNE,REPRESENTATIVE,D,NJ,10,P000604,115
1930,Erik,PAULSEN,REPRESENTATIVE,R,MN,3,P000594,115
1814,Doris,MATSUI,REPRESENTATIVE,D,CA,6,M001163,115
1506,Gregory,MEEKS,REPRESENTATIVE,D,NY,5,M001137,115
683,Sander,LEVIN,REPRESENTATIVE,D,MI,9,L000263,115
1640,Darrell,ISSA,REPRESENTATIVE,R,CA,49,I000056,115
1640,Darrell,ISSA,REPRESENTATIVE,R,CA,49,I000056,115
1640,Darrell,ISSA,REPRESENTATIVE,R,CA,49,I000056,115
1640,Darrell,ISSA,REPRESENTATIVE,R,CA,49,I000056,115
1640,Darrell,ISSA,REPRESENTATIVE,R,CA,49,I000056,115
1640,Darrell,ISSA,REPRESENTATIVE,R,CA,49,I000056,115
1640,Darrell,ISSA,REPRESENTATIVE,R,CA,49,I000056,115
1640,Darrell,ISSA,REPRESENTATIVE,R,CA,49,I000056,115
1976,Theodore,DEUTCH,REPRESENTATIVE,D,FL,21,D000610,115
1640,Darrell,ISSA,REPRESENTATIVE,R,CA,49,I000056,115
2035,Steven,PALAZZO,REPRESENTATIVE,R,MS,4,P000601,115
850,Jerrold,NADLER,REPRESENTATIVE,D,NY,10,N000002,115
2149,Hakeem,JEFFRIES,REPRESENTATIVE,D,NY,8,J000294,115
1976,Theodore,DEUTCH,REPRESENTATIVE,D,FL,21,D000610,115
478,Luis,GUTIERREZ,REPRESENTATIVE,D,IL,4,G000535,115
1829,Jon,TESTER,SENATOR,D,MT,N/A,T000464,115
1955,Pete,OLSON,REPRESENTATIVE,R,TX,22,O000168,115
2319,Darren,SOTO,N/A,D,FL,N/A,S001200,115
859,Bill,NELSON,SENATOR,D,FL,N/A,N000032,115
2340,Ruben,KIHUEN,N/A,D,NV,N/A,K000390,115
2363,John,CURTIS,N/A,R,UT,N/A,C001114,115
2363,John,CURTIS,N/A,R,UT,N/A,C001114,115
2363,John,CURTIS,N/A,R,UT,N/A,C001114,115
2247,Bruce,POLIQUIN,REPRESENTATIVE,R,ME,2,P000611,115
2363,John,CURTIS,N/A,R,UT,N/A,C001114,115
2247,Bruce,POLIQUIN,REPRESENTATIVE,R,ME,2,P000611,115
2111,Alan,LOWENTHAL,REPRESENTATIVE,D,CA,47,L000579,115
1927,Chellie,PINGREE,REPRESENTATIVE,D,ME,1,P000597,115
2111,Alan,LOWENTHAL,REPRESENTATIVE,D,CA,47,L000579,115
2363,John,CURTIS,N/A,R,UT,N/A,C001114,115
1994,David,SCHWEIKERT,REPRESENTATIVE,R,AZ,6,S001183,115
2131,Andy,BARR,REPRESENTATIVE,R,KY,11,B001282,115
850,Jerrold,NADLER,REPRESENTATIVE,D,NY,10,N000002,115
2097,Donald,PAYNE,REPRESENTATIVE,D,NJ,10,P000604,115
2344,Claudia,TENNEY,N/A,R,NY,N/A,T000478,115
2231,Norma,TORRES,REPRESENTATIVE,D,CA,35,T000474,115
2122,Tulsi,GABBARD,REPRESENTATIVE,D,HI,2,G000571,115
2115,Ted,YOHO,REPRESENTATIVE,R,FL,3,Y000065,115
2244,Ralph,ABRAHAM,REPRESENTATIVE,R,LA,5,A000374,115
2115,Ted,YOHO,REPRESENTATIVE,R,FL,3,Y000065,115
2157,Scott,PERRY,REPRESENTATIVE,R,PA,4,P000605,115
2115,Ted,YOHO,REPRESENTATIVE,R,FL,3,Y000065,115
612,Walter,JONES,REPRESENTATIVE,R,NC,3,J000255,115
612,Walter,JONES,REPRESENTATIVE,R,NC,3,J000255,115
2115,Ted,YOHO,REPRESENTATIVE,R,FL,3,Y000065,115
2115,Ted,YOHO,REPRESENTATIVE,R,FL,3,Y000065,115
2353,Thomas,GARRETT,REPRESENTATIVE,R,VA,5,G000580,115
2115,Ted,YOHO,REPRESENTATIVE,R,FL,3,Y000065,115
1856,Timothy,WALZ,REPRESENTATIVE,D,MN,1,W000799,115
2333,Jack,BERGMAN,N/A,R,MI,N/A,B001301,115
1856,Timothy,WALZ,REPRESENTATIVE,D,MN,1,W000799,115
2261,Lee,ZELDIN,REPRESENTATIVE,R,NY,1,Z000017,115
2261,Lee,ZELDIN,REPRESENTATIVE,R,NY,1,Z000017,115
1856,Timothy,WALZ,REPRESENTATIVE,D,MN,1,W000799,115
1640,Darrell,ISSA,REPRESENTATIVE,R,CA,49,I000056,115
1640,Darrell,ISSA,REPRESENTATIVE,R,CA,49,I000056,115
1640,Darrell,ISSA,REPRESENTATIVE,R,CA,49,I000056,115
2273,Barbara,COMSTOCK,REPRESENTATIVE,R,VA,10,C001105,115
1640,Darrell,ISSA,REPRESENTATIVE,R,CA,49,I000056,115
1640,Darrell,ISSA,REPRESENTATIVE,R,CA,49,I000056,115
1857,Keith,ELLISON,REPRESENTATIVE,D,MN,5,E000288,115
1596,Greg,WALDEN,REPRESENTATIVE,R,OR,2,W000791,115
1596,Greg,WALDEN,REPRESENTATIVE,R,OR,2,W000791,115
1596,Greg,WALDEN,REPRESENTATIVE,R,OR,2,W000791,115
887,Frank,PALLONE,REPRESENTATIVE,D,NJ,6,P000034,115
1596,Greg,WALDEN,REPRESENTATIVE,R,OR,2,W000791,115
2345,Brian,FITZPATRICK,REPRESENTATIVE,R,PA,8,F000466,115
887,Frank,PALLONE,REPRESENTATIVE,D,NJ,6,P000034,115
1596,Greg,WALDEN,REPRESENTATIVE,R,OR,2,W000791,115
62,Joe,BARTON,REPRESENTATIVE,R,TX,6,B000213,115
887,Frank,PALLONE,REPRESENTATIVE,D,NJ,6,P000034,115
1814,Doris,MATSUI,REPRESENTATIVE,D,CA,6,M001163,115
1596,Greg,WALDEN,REPRESENTATIVE,R,OR,2,W000791,115
2307,Andy,BIGGS,N/A,R,AZ,N/A,B001302,115
887,Frank,PALLONE,REPRESENTATIVE,D,NJ,6,P000034,115
1588,Janice,SCHAKOWSKY,REPRESENTATIVE,D,IL,9,S001145,115
1588,Janice,SCHAKOWSKY,REPRESENTATIVE,D,IL,9,S001145,115
1596,Greg,WALDEN,REPRESENTATIVE,R,OR,2,W000791,115
2070,H.,GRIFFITH,REPRESENTATIVE,R,VA,9,G000568,115
887,Frank,PALLONE,REPRESENTATIVE,D,NJ,6,P000034,115
1596,Greg,WALDEN,REPRESENTATIVE,R,OR,2,W000791,115
1751,Michael,BURGESS,REPRESENTATIVE,R,TX,26,B001248,115
887,Frank,PALLONE,REPRESENTATIVE,D,NJ,6,P000034,115
1596,Greg,WALDEN,REPRESENTATIVE,R,OR,2,W000791,115
887,Frank,PALLONE,REPRESENTATIVE,D,NJ,6,P000034,115
1596,Greg,WALDEN,REPRESENTATIVE,R,OR,2,W000791,115
887,Frank,PALLONE,REPRESENTATIVE,D,NJ,6,P000034,115
1596,Greg,WALDEN,REPRESENTATIVE,R,OR,2,W000791,115
2239,Rick,ALLEN,REPRESENTATIVE,R,GA,12,A000372,115
1596,Greg,WALDEN,REPRESENTATIVE,R,OR,2,W000791,115
887,Frank,PALLONE,REPRESENTATIVE,D,NJ,6,P000034,115
1596,Greg,WALDEN,REPRESENTATIVE,R,OR,2,W000791,115
887,Frank,PALLONE,REPRESENTATIVE,D,NJ,6,P000034,115
326,Richard,DURBIN,SENATOR,D,IL,N/A,D000563,115
326,Richard,DURBIN,SENATOR,D,IL,N/A,D000563,115
1036,Charles,SCHUMER,SENATOR,D,NY,N/A,S000148,115
136,Sherrod,BROWN,REPRESENTATIVE,D,OH,26,B000944,115
136,Sherrod,BROWN,REPRESENTATIVE,D,OH,26,B000944,115
136,Sherrod,BROWN,REPRESENTATIVE,D,OH,26,B000944,115
1332,Dianne,FEINSTEIN,SENATOR,D,CA,N/A,F000062,115
1332,Dianne,FEINSTEIN,SENATOR,D,CA,N/A,F000062,115
1332,Dianne,FEINSTEIN,SENATOR,D,CA,N/A,F000062,115
1692,John,CORNYN,SENATOR,R,TX,N/A,C001056,115
1692,John,CORNYN,SENATOR,R,TX,N/A,C001056,115
1692,John,CORNYN,SENATOR,R,TX,N/A,C001056,115
2179,Deb,FISCHER,SENATOR,R,NE,N/A,F000463,115
2165,Roger,WILLIAMS,REPRESENTATIVE,R,TX,25,W000816,115
2363,John,CURTIS,N/A,R,UT,N/A,C001114,115
2363,John,CURTIS,N/A,R,UT,N/A,C001114,115
2363,John,CURTIS,N/A,R,UT,N/A,C001114,115
2111,Alan,LOWENTHAL,REPRESENTATIVE,D,CA,47,L000579,115
867,Richard,NOLAN,REPRESENTATIVE,D,MN,8,N000127,115
2111,Alan,LOWENTHAL,REPRESENTATIVE,D,CA,47,L000579,115
2363,John,CURTIS,N/A,R,UT,N/A,C001114,115
