speaker_id,first_name,last_name,type,party,state,district,bio_guide_id,congress_id
1247,Ron,WYDEN,SENATOR,D,OR,N/A,W000779,115
1558,Tammy,BALDWIN,SENATOR,D,WI,N/A,B001230,115
457,Chuck,GRASSLEY,SENATOR,R,IA,N/A,G000386,115
1542,Michael,ENZI,SENATOR,R,WY,N/A,E000285,115
583,James,INHOFE,SENATOR,R,OK,N/A,I000024,115
1969,Al,FRANKEN,SENATOR,D,MN,N/A,F000457,115
1823,Sheldon,WHITEHOUSE,SENATOR,D,RI,N/A,W000802,115
2182,Elizabeth,WARREN,SENATOR,D,MA,N/A,W000817,115
326,Richard,DURBIN,SENATOR,D,IL,N/A,D000563,115
326,Richard,DURBIN,SENATOR,D,IL,N/A,D000563,115
1036,Charles,SCHUMER,SENATOR,D,NY,N/A,S000148,115
2076,Richard,BLUMENTHAL,SENATOR,D,CT,N/A,B001277,115
1826,Amy,KLOBUCHAR,SENATOR,D,MN,N/A,K000367,115
1692,John,CORNYN,SENATOR,R,TX,N/A,C001056,115
1837,Christopher,MURPHY,SENATOR,D,CT,N/A,M001169,115
1507,Jerry,MORAN,SENATOR,R,KS,N/A,M000934,115
1383,Patrick,LEAHY,SENATOR,D,VT,N/A,L000174,115
2123,Tammy,DUCKWORTH,REPRESENTATIVE,D,IL,8,D000622,115
949,Jack,REED,REPRESENTATIVE,D,RI,23,R000122,115
2050,James,LANKFORD,SENATOR,R,OK,N/A,L000575,115
2050,James,LANKFORD,SENATOR,R,OK,N/A,L000575,115
1983,Joe,MANCHIN,SENATOR,D,WV,N/A,M001183,115
1676,Shelley,CAPITO,N/A,R,WV,N/A,C001047,115
1863,Dean,HELLER,SENATOR,R,NV,N/A,H001041,115
1863,Dean,HELLER,SENATOR,R,NV,N/A,H001041,115
1863,Dean,HELLER,SENATOR,R,NV,N/A,H001041,115
2289,Ben,SASSE,SENATOR,R,NE,N/A,S001197,115
2289,Ben,SASSE,SENATOR,R,NE,N/A,S001197,115
2289,Ben,SASSE,SENATOR,R,NE,N/A,S001197,115
326,Richard,DURBIN,SENATOR,D,IL,N/A,D000563,115
1541,Susan,COLLINS,REPRESENTATIVE,R,ME,9,C001035,115
2290,Dan,SULLIVAN,SENATOR,R,AK,N/A,S001198,115
1694,Lisa,MURKOWSKI,SENATOR,R,AK,N/A,M001153,115
1969,Al,FRANKEN,SENATOR,D,MN,N/A,F000457,115
457,Chuck,GRASSLEY,SENATOR,R,IA,N/A,G000386,115
174,Benjamin,CARDIN,SENATOR,D,MD,N/A,C000141,115
2182,Elizabeth,WARREN,SENATOR,D,MA,N/A,W000817,115
2182,Elizabeth,WARREN,SENATOR,D,MA,N/A,W000817,115
457,Chuck,GRASSLEY,SENATOR,R,IA,N/A,G000386,115
457,Chuck,GRASSLEY,SENATOR,R,IA,N/A,G000386,115
1247,Ron,WYDEN,SENATOR,D,OR,N/A,W000779,115
2302,Margaret,HASSAN,N/A,D,NH,N/A,H001076,115
1542,Michael,ENZI,SENATOR,R,WY,N/A,E000285,115
213,Thad,COCHRAN,SENATOR,R,MS,N/A,C000567,115
1558,Tammy,BALDWIN,SENATOR,D,WI,N/A,B001230,115
1383,Patrick,LEAHY,SENATOR,D,VT,N/A,L000174,115
1464,Roy,BLUNT,SENATOR,R,MO,N/A,B000575,115
1965,Michael,BENNET,SENATOR,D,CO,N/A,B001267,115
1534,John,THUNE,SENATOR,R,SD,N/A,T000250,114
174,Benjamin,CARDIN,SENATOR,D,MD,N/A,C000141,115
2290,Dan,SULLIVAN,SENATOR,R,AK,N/A,S001198,115
1929,Gary,PETERS,REPRESENTATIVE,D,MI,52,P000595,115
326,Richard,DURBIN,SENATOR,D,IL,N/A,D000563,115
1534,John,THUNE,SENATOR,R,SD,N/A,T000250,115
2290,Dan,SULLIVAN,SENATOR,R,AK,N/A,S001198,115
2138,Steve,DAINES,SENATOR,R,MT,N/A,D000618,115
1383,Patrick,LEAHY,SENATOR,D,VT,N/A,L000174,115
1925,Bill,CASSIDY,SENATOR,R,LA,N/A,C001075,115
583,James,INHOFE,SENATOR,R,OK,N/A,I000024,115
583,James,INHOFE,SENATOR,R,OK,N/A,I000024,115
1965,Michael,BENNET,SENATOR,D,CO,N/A,B001267,115
