speaker_id,first_name,last_name,type,party,state,district,bio_guide_id,congress_id
2056,Tim,SCOTT,REPRESENTATIVE,R,SC,52,S001184,115
1351,Orrin,HATCH,SENATOR,R,UT,N/A,H000338,115
1541,Susan,COLLINS,REPRESENTATIVE,R,ME,9,C001035,115
2138,Steve,DAINES,SENATOR,R,MT,N/A,D000618,115
859,Bill,NELSON,SENATOR,D,FL,N/A,N000032,115
1507,Jerry,MORAN,SENATOR,R,KS,N/A,M000934,115
1925,Bill,CASSIDY,SENATOR,R,LA,N/A,C001075,115
1608,Johnny,ISAKSON,SENATOR,R,GA,N/A,I000055,115
1036,Charles,SCHUMER,SENATOR,D,NY,N/A,S000148,115
1608,Johnny,ISAKSON,SENATOR,R,GA,N/A,I000055,115
1751,Michael,BURGESS,REPRESENTATIVE,R,TX,26,B001248,115
1751,Michael,BURGESS,REPRESENTATIVE,R,TX,26,B001248,115
1751,Michael,BURGESS,REPRESENTATIVE,R,TX,26,B001248,115
887,Frank,PALLONE,REPRESENTATIVE,D,NJ,6,P000034,115
887,Frank,PALLONE,REPRESENTATIVE,D,NJ,6,P000034,115
1751,Michael,BURGESS,REPRESENTATIVE,R,TX,26,B001248,115
887,Frank,PALLONE,REPRESENTATIVE,D,NJ,6,P000034,115
355,Anna,ESHOO,REPRESENTATIVE,D,CA,18,E000215,115
1751,Michael,BURGESS,REPRESENTATIVE,R,TX,26,B001248,115
1922,Brett,GUTHRIE,REPRESENTATIVE,R,KY,2,G000558,115
887,Frank,PALLONE,REPRESENTATIVE,D,NJ,6,P000034,115
1751,Michael,BURGESS,REPRESENTATIVE,R,TX,26,B001248,115
1955,Pete,OLSON,REPRESENTATIVE,R,TX,22,O000168,115
887,Frank,PALLONE,REPRESENTATIVE,D,NJ,6,P000034,115
1751,Michael,BURGESS,REPRESENTATIVE,R,TX,26,B001248,115
1838,Gus,BILIRAKIS,REPRESENTATIVE,R,FL,12,B001257,115
887,Frank,PALLONE,REPRESENTATIVE,D,NJ,6,P000034,115
1751,Michael,BURGESS,REPRESENTATIVE,R,TX,26,B001248,115
887,Frank,PALLONE,REPRESENTATIVE,D,NJ,6,P000034,115
1588,Janice,SCHAKOWSKY,REPRESENTATIVE,D,IL,9,S001145,115
1751,Michael,BURGESS,REPRESENTATIVE,R,TX,26,B001248,115
887,Frank,PALLONE,REPRESENTATIVE,D,NJ,6,P000034,115
1761,G.,BUTTERFIELD,REPRESENTATIVE,D,NC,1,B001251,115
1751,Michael,BURGESS,REPRESENTATIVE,R,TX,26,B001248,115
1855,Tim,WALBERG,REPRESENTATIVE,R,MI,7,W000798,115
887,Frank,PALLONE,REPRESENTATIVE,D,NJ,6,P000034,115
1814,Doris,MATSUI,REPRESENTATIVE,D,CA,6,M001163,115
1751,Michael,BURGESS,REPRESENTATIVE,R,TX,26,B001248,115
887,Frank,PALLONE,REPRESENTATIVE,D,NJ,6,P000034,115
1751,Michael,BURGESS,REPRESENTATIVE,R,TX,26,B001248,115
887,Frank,PALLONE,REPRESENTATIVE,D,NJ,6,P000034,115
1751,Michael,BURGESS,REPRESENTATIVE,R,TX,26,B001248,115
2315,Neal,DUNN,N/A,R,FL,N/A,D000628,115
887,Frank,PALLONE,REPRESENTATIVE,D,NJ,6,P000034,115
2172,Joseph,KENNEDY,REPRESENTATIVE,D,MA,4,K000379,115
1751,Michael,BURGESS,REPRESENTATIVE,R,TX,26,B001248,115
1751,Michael,BURGESS,REPRESENTATIVE,R,TX,26,B001248,115
2070,H.,GRIFFITH,REPRESENTATIVE,R,VA,9,G000568,115
887,Frank,PALLONE,REPRESENTATIVE,D,NJ,6,P000034,115
2113,Scott,PETERS,REPRESENTATIVE,D,CA,52,P000608,115
1751,Michael,BURGESS,REPRESENTATIVE,R,TX,26,B001248,115
887,Frank,PALLONE,REPRESENTATIVE,D,NJ,6,P000034,115
1501,Barbara,LEE,REPRESENTATIVE,D,CA,13,L000551,115
887,Frank,PALLONE,REPRESENTATIVE,D,NJ,6,P000034,115
2251,Debbie,DINGELL,REPRESENTATIVE,D,MI,12,D000624,115
1751,Michael,BURGESS,REPRESENTATIVE,R,TX,26,B001248,115
2063,Diane,BLACK,REPRESENTATIVE,R,TN,6,B001273,115
1751,Michael,BURGESS,REPRESENTATIVE,R,TX,26,B001248,115
2063,Diane,BLACK,REPRESENTATIVE,R,TN,6,B001273,115
887,Frank,PALLONE,REPRESENTATIVE,D,NJ,6,P000034,115
1854,John,SARBANES,REPRESENTATIVE,D,MD,3,S001168,115
1751,Michael,BURGESS,REPRESENTATIVE,R,TX,26,B001248,115
1922,Brett,GUTHRIE,REPRESENTATIVE,R,KY,2,G000558,115
887,Frank,PALLONE,REPRESENTATIVE,D,NJ,6,P000034,115
2109,Raul,RUIZ,REPRESENTATIVE,D,CA,36,R000599,115
1751,Michael,BURGESS,REPRESENTATIVE,R,TX,26,B001248,115
1596,Greg,WALDEN,REPRESENTATIVE,R,OR,2,W000791,115
887,Frank,PALLONE,REPRESENTATIVE,D,NJ,6,P000034,115
2252,Brenda,LAWRENCE,REPRESENTATIVE,D,MI,14,L000581,115
887,Frank,PALLONE,REPRESENTATIVE,D,NJ,6,P000034,115
2354,Pramila,JAYAPAL,N/A,D,WA,N/A,J000298,115
1751,Michael,BURGESS,REPRESENTATIVE,R,TX,26,B001248,115
1596,Greg,WALDEN,REPRESENTATIVE,R,OR,2,W000791,115
887,Frank,PALLONE,REPRESENTATIVE,D,NJ,6,P000034,115
616,Marcy,KAPTUR,REPRESENTATIVE,D,OH,8,K000009,115
1751,Michael,BURGESS,REPRESENTATIVE,R,TX,26,B001248,115
1922,Brett,GUTHRIE,REPRESENTATIVE,R,KY,2,G000558,115
887,Frank,PALLONE,REPRESENTATIVE,D,NJ,6,P000034,115
887,Frank,PALLONE,REPRESENTATIVE,D,NJ,6,P000034,115
2055,David,CICILLINE,REPRESENTATIVE,D,RI,1,C001084,115
1751,Michael,BURGESS,REPRESENTATIVE,R,TX,26,B001248,115
887,Frank,PALLONE,REPRESENTATIVE,D,NJ,6,P000034,115
1751,Michael,BURGESS,REPRESENTATIVE,R,TX,26,B001248,115
1751,Michael,BURGESS,REPRESENTATIVE,R,TX,26,B001248,115
887,Frank,PALLONE,REPRESENTATIVE,D,NJ,6,P000034,115
887,Frank,PALLONE,REPRESENTATIVE,D,NJ,6,P000034,115
1751,Michael,BURGESS,REPRESENTATIVE,R,TX,26,B001248,115
1751,Michael,BURGESS,REPRESENTATIVE,R,TX,26,B001248,115
1542,Michael,ENZI,SENATOR,R,WY,N/A,E000285,115
1464,Roy,BLUNT,SENATOR,R,MO,N/A,B000575,115
949,Jack,REED,REPRESENTATIVE,D,RI,23,R000122,115
2253,Tom,EMMER,REPRESENTATIVE,R,MN,6,E000294,115
2063,Diane,BLACK,REPRESENTATIVE,R,TN,6,B001273,115
2063,Diane,BLACK,REPRESENTATIVE,R,TN,6,B001273,115
2063,Diane,BLACK,REPRESENTATIVE,R,TN,6,B001273,115
2092,Suzanne,BONAMICI,REPRESENTATIVE,D,OR,1,B001278,115
2063,Diane,BLACK,REPRESENTATIVE,R,TN,6,B001273,115
1596,Greg,WALDEN,REPRESENTATIVE,R,OR,2,W000791,115
1596,Greg,WALDEN,REPRESENTATIVE,R,OR,2,W000791,115
2110,Mark,TAKANO,REPRESENTATIVE,D,CA,41,T000472,115
2110,Mark,TAKANO,REPRESENTATIVE,D,CA,41,T000472,115
2063,Diane,BLACK,REPRESENTATIVE,R,TN,6,B001273,115
566,Steny,HOYER,REPRESENTATIVE,D,MD,5,H000874,115
2063,Diane,BLACK,REPRESENTATIVE,R,TN,6,B001273,115
2201,Alma,ADAMS,REPRESENTATIVE,D,NC,12,A000370,115
2063,Diane,BLACK,REPRESENTATIVE,R,TN,6,B001273,115
2149,Hakeem,JEFFRIES,REPRESENTATIVE,D,NY,8,J000294,115
2149,Hakeem,JEFFRIES,REPRESENTATIVE,D,NY,8,J000294,115
2063,Diane,BLACK,REPRESENTATIVE,R,TN,6,B001273,115
2202,Donald,NORCROSS,REPRESENTATIVE,D,NJ,1,N000188,115
2063,Diane,BLACK,REPRESENTATIVE,R,TN,6,B001273,115
1892,Steve,SCALISE,REPRESENTATIVE,R,LA,1,S001176,115
2063,Diane,BLACK,REPRESENTATIVE,R,TN,6,B001273,115
2325,Raja,KRISHNAMOORTHI,N/A,D,IL,N/A,K000391,115
2325,Raja,KRISHNAMOORTHI,N/A,D,IL,N/A,K000391,115
2063,Diane,BLACK,REPRESENTATIVE,R,TN,6,B001273,115
2342,Adriano,ESPAILLAT,N/A,D,NY,N/A,E000297,115
2342,Adriano,ESPAILLAT,N/A,D,NY,N/A,E000297,115
2063,Diane,BLACK,REPRESENTATIVE,R,TN,6,B001273,115
1501,Barbara,LEE,REPRESENTATIVE,D,CA,13,L000551,115
2063,Diane,BLACK,REPRESENTATIVE,R,TN,6,B001273,115
229,John,CONYERS,REPRESENTATIVE,D,MI,13,C000714,115
2063,Diane,BLACK,REPRESENTATIVE,R,TN,6,B001273,115
1856,Timothy,WALZ,REPRESENTATIVE,D,MN,1,W000799,115
1856,Timothy,WALZ,REPRESENTATIVE,D,MN,1,W000799,115
2063,Diane,BLACK,REPRESENTATIVE,R,TN,6,B001273,115
2010,Colleen,HANABUSA,N/A,D,HI,N/A,H001050,115
2010,Colleen,HANABUSA,N/A,D,HI,N/A,H001050,115
2063,Diane,BLACK,REPRESENTATIVE,R,TN,6,B001273,115
2127,Cheri,BUSTOS,REPRESENTATIVE,D,IL,17,B001286,115
2127,Cheri,BUSTOS,REPRESENTATIVE,D,IL,17,B001286,115
2063,Diane,BLACK,REPRESENTATIVE,R,TN,6,B001273,115
2063,Diane,BLACK,REPRESENTATIVE,R,TN,6,B001273,115
2321,Charlie,CRIST,N/A,D,FL,N/A,C001111,115
344,Eliot,ENGEL,REPRESENTATIVE,D,NY,16,E000179,115
208,James,CLYBURN,REPRESENTATIVE,D,SC,6,C000537,115
2063,Diane,BLACK,REPRESENTATIVE,R,TN,6,B001273,115
905,Nancy,PELOSI,REPRESENTATIVE,D,CA,12,P000197,115
905,Nancy,PELOSI,REPRESENTATIVE,D,CA,12,P000197,115
2063,Diane,BLACK,REPRESENTATIVE,R,TN,6,B001273,115
2063,Diane,BLACK,REPRESENTATIVE,R,TN,6,B001273,115
2153,Joyce,BEATTY,REPRESENTATIVE,D,OH,3,B001281,115
1501,Barbara,LEE,REPRESENTATIVE,D,CA,13,L000551,115
850,Jerrold,NADLER,REPRESENTATIVE,D,NY,10,N000002,115
355,Anna,ESHOO,REPRESENTATIVE,D,CA,18,E000215,115
1351,Orrin,HATCH,SENATOR,R,UT,N/A,H000338,115
2253,Tom,EMMER,REPRESENTATIVE,R,MN,6,E000294,115
256,Elijah,CUMMINGS,REPRESENTATIVE,D,MD,7,C000984,115
1823,Sheldon,WHITEHOUSE,SENATOR,D,RI,N/A,W000802,115
1823,Sheldon,WHITEHOUSE,SENATOR,D,RI,N/A,W000802,115
1003,Bobby,RUSH,REPRESENTATIVE,D,IL,1,R000515,115
1692,John,CORNYN,SENATOR,R,TX,N/A,C001056,115
1003,Bobby,RUSH,REPRESENTATIVE,D,IL,1,R000515,115
1003,Bobby,RUSH,REPRESENTATIVE,D,IL,1,R000515,115
326,Richard,DURBIN,SENATOR,D,IL,N/A,D000563,115
1837,Christopher,MURPHY,SENATOR,D,CT,N/A,M001169,115
1409,Patty,MURRAY,SENATOR,D,WA,N/A,M001111,115
2115,Ted,YOHO,REPRESENTATIVE,R,FL,3,Y000065,115
1036,Charles,SCHUMER,SENATOR,D,NY,N/A,S000148,115
1925,Bill,CASSIDY,SENATOR,R,LA,N/A,C001075,115
1036,Charles,SCHUMER,SENATOR,D,NY,N/A,S000148,115
1507,Jerry,MORAN,SENATOR,R,KS,N/A,M000934,115
1823,Sheldon,WHITEHOUSE,SENATOR,D,RI,N/A,W000802,115
1878,Steve,COHEN,REPRESENTATIVE,D,TN,9,C001068,115
1853,John,YARMUTH,REPRESENTATIVE,D,KY,3,Y000062,115
1751,Michael,BURGESS,REPRESENTATIVE,R,TX,26,B001248,115
303,Lloyd,DOGGETT,REPRESENTATIVE,D,TX,35,D000399,115
1069,Louise,SLAUGHTER,REPRESENTATIVE,D,NY,25,S000480,115
1510,Bill,PASCRELL,REPRESENTATIVE,D,NJ,9,P000096,115
2246,Seth,MOULTON,REPRESENTATIVE,D,MA,6,M001196,115
854,Richard,NEAL,REPRESENTATIVE,D,MA,1,N000015,115
1604,Joseph,CROWLEY,REPRESENTATIVE,D,NY,14,C001038,115
2130,Luke,MESSER,REPRESENTATIVE,R,IN,6,M001189,115
683,Sander,LEVIN,REPRESENTATIVE,D,MI,9,L000263,115
2334,Paul,MITCHELL,N/A,R,MI,N/A,M001201,115
1757,Linda,SANCHEZ,REPRESENTATIVE,D,CA,38,S001156,115
62,Joe,BARTON,REPRESENTATIVE,R,TX,6,B000213,115
2322,Brian,MAST,N/A,R,FL,N/A,M001199,115
99,Earl,BLUMENAUER,REPRESENTATIVE,D,OR,3,B000574,115
1668,James,LANGEVIN,REPRESENTATIVE,D,RI,2,L000559,115
1811,Gwen,MOORE,SENATOR,D,WI,N/A,M001160,115
1879,Peter,WELCH,REPRESENTATIVE,D,VT,0,W000800,115
2158,Keith,ROTHFUS,REPRESENTATIVE,R,PA,12,R000598,115
2121,Doug,COLLINS,REPRESENTATIVE,R,GA,9,C001093,115
924,Rob,PORTMAN,SENATOR,R,OH,N/A,P000449,115
924,Rob,PORTMAN,SENATOR,R,OH,N/A,P000449,115
924,Rob,KING,REPRESENTATIVE,R,OH,4,P000449,115
924,Rob,KING,REPRESENTATIVE,R,OH,4,P000449,115
2176,Tim,KAINE,SENATOR,D,VA,N/A,K000384,115
2176,Tim,KAINE,SENATOR,D,VA,N/A,K000384,115
924,Rob,KING,REPRESENTATIVE,R,OH,4,P000449,115
924,Rob,KING,REPRESENTATIVE,R,OH,4,P000449,115
2176,Tim,KAINE,SENATOR,D,VA,N/A,K000384,115
2176,Tim,KAINE,SENATOR,D,VA,N/A,K000384,115
1247,Ron,WYDEN,SENATOR,D,OR,N/A,W000779,115
1247,Ron,WYDEN,SENATOR,D,OR,N/A,W000779,115
924,Rob,PORTMAN,SENATOR,R,OH,N/A,P000449,115
924,Rob,PORTMAN,SENATOR,R,OH,N/A,P000449,115
2123,Tammy,DUCKWORTH,REPRESENTATIVE,D,IL,8,D000622,115
1897,Mark,WARNER,SENATOR,D,VA,N/A,W000805,115
1828,Robert,CASEY,SENATOR,D,PA,N/A,C001070,115
1826,Amy,KLOBUCHAR,SENATOR,D,MN,N/A,K000367,115
1850,Joe,DONNELLY,SENATOR,D,IN,N/A,D000607,115
1983,Joe,MANCHIN,SENATOR,D,WV,N/A,M001183,115
1901,Jeanne,SHAHEEN,SENATOR,D,NH,N/A,S001181,115
1929,Gary,PETERS,REPRESENTATIVE,D,MI,52,P000595,115
2302,Margaret,HASSAN,N/A,D,NH,N/A,H001076,115
2302,Margaret,HASSAN,N/A,D,NH,N/A,H001076,115
1332,Dianne,FEINSTEIN,SENATOR,D,CA,N/A,F000062,115
1542,Michael,ENZI,SENATOR,R,WY,N/A,E000285,115
2302,Margaret,HASSAN,N/A,D,NH,N/A,H001076,115
1965,Michael,BENNET,SENATOR,D,CO,N/A,B001267,115
1965,Michael,BENNET,SENATOR,D,CO,N/A,B001267,115
1901,Jeanne,SHAHEEN,SENATOR,D,NH,N/A,S001181,115
1901,Jeanne,SHAHEEN,SENATOR,D,NH,N/A,S001181,115
1896,James,RISCH,SENATOR,R,ID,N/A,R000584,115
1901,Jeanne,SHAHEEN,SENATOR,D,NH,N/A,S001181,115
1896,James,RISCH,SENATOR,R,ID,N/A,R000584,115
1901,Jeanne,SHAHEEN,SENATOR,D,NH,N/A,S001181,115
1901,Jeanne,SHAHEEN,SENATOR,D,NH,N/A,S001181,115
2182,Elizabeth,WARREN,SENATOR,D,MA,N/A,W000817,115
1409,Patty,MURRAY,SENATOR,D,WA,N/A,M001111,115
1409,Patty,MURRAY,SENATOR,D,WA,N/A,M001111,115
1692,John,CORNYN,SENATOR,R,TX,N/A,C001056,115
1692,John,CORNYN,SENATOR,R,TX,N/A,C001056,115
1692,John,CORNYN,SENATOR,R,TX,N/A,C001056,115
2076,Richard,BLUMENTHAL,SENATOR,D,CT,N/A,B001277,115
2076,Richard,BLUMENTHAL,SENATOR,D,CT,N/A,B001277,115
1900,Jeff,MERKLEY,SENATOR,D,OR,N/A,M001176,115
1983,Joe,MANCHIN,SENATOR,D,WV,N/A,M001183,115
1983,Joe,MANCHIN,SENATOR,D,WV,N/A,M001183,115
1983,Joe,MANCHIN,SENATOR,D,WV,N/A,M001183,115
1676,Shelley,CAPITO,N/A,R,WV,N/A,C001047,115
1983,Joe,MANCHIN,SENATOR,D,WV,N/A,M001183,115
1676,Shelley,CAPITO,N/A,R,WV,N/A,C001047,115
1983,Joe,MANCHIN,SENATOR,D,WV,N/A,M001183,115
1676,Shelley,CAPITO,N/A,R,WV,N/A,C001047,115
1983,Joe,MANCHIN,SENATOR,D,WV,N/A,M001183,115
1983,Joe,MANCHIN,SENATOR,D,WV,N/A,M001183,115
1695,Lamar,ALEXANDER,SENATOR,R,TN,N/A,A000360,115
1695,Lamar,ALEXANDER,SENATOR,R,TN,N/A,A000360,115
1036,Charles,SCHUMER,SENATOR,D,NY,N/A,S000148,115
