speaker_id,first_name,last_name,type,party,state,district,bio_guide_id,congress_id
1836,Joe,COURTNEY,REPRESENTATIVE,D,CT,2,C001069,115
99,Earl,BLUMENAUER,REPRESENTATIVE,D,OR,3,B000574,115
2226,Ruben,GALLEGO,REPRESENTATIVE,D,AZ,7,G000574,115
2243,Mike,BOST,REPRESENTATIVE,R,IL,12,B001295,115
1069,Louise,SLAUGHTER,REPRESENTATIVE,D,NY,25,S000480,115
2311,Nanette,BARRAGAN,N/A,D,CA,N/A,B001300,115
1588,Janice,SCHAKOWSKY,REPRESENTATIVE,D,IL,9,S001145,115
478,Luis,GUTIERREZ,REPRESENTATIVE,D,IL,4,G000535,115
2152,Brad,WENSTRUP,REPRESENTATIVE,R,OH,2,W000815,115
344,Eliot,ENGEL,REPRESENTATIVE,D,NY,16,E000179,115
1791,Virginia,FOXX,REPRESENTATIVE,R,NC,5,F000450,114
566,Steny,HOYER,REPRESENTATIVE,D,MD,5,H000874,115
566,Steny,HOYER,REPRESENTATIVE,D,MD,5,H000874,115
566,Steny,HOYER,REPRESENTATIVE,D,MD,5,H000874,115
566,Steny,HOYER,REPRESENTATIVE,D,MD,5,H000874,115
566,Steny,HOYER,REPRESENTATIVE,D,MD,5,H000874,115
566,Steny,HOYER,REPRESENTATIVE,D,MD,5,H000874,115
566,Steny,HOYER,REPRESENTATIVE,D,MD,5,H000874,115
566,Steny,HOYER,REPRESENTATIVE,D,MD,5,H000874,115
566,Steny,HOYER,REPRESENTATIVE,D,MD,5,H000874,115
566,Steny,HOYER,REPRESENTATIVE,D,MD,5,H000874,115
566,Steny,HOYER,REPRESENTATIVE,D,MD,5,H000874,115
566,Steny,HOYER,REPRESENTATIVE,D,MD,5,H000874,115
566,Steny,HOYER,REPRESENTATIVE,D,MD,5,H000874,115
566,Steny,HOYER,REPRESENTATIVE,D,MD,5,H000874,115
2152,Brad,WENSTRUP,REPRESENTATIVE,R,OH,2,W000815,115
2152,Brad,WENSTRUP,REPRESENTATIVE,R,OH,2,W000815,115
1856,Timothy,WALZ,REPRESENTATIVE,D,MN,1,W000799,115
1856,Timothy,WALZ,REPRESENTATIVE,D,MN,1,W000799,115
2152,Brad,WENSTRUP,REPRESENTATIVE,R,OH,2,W000815,115
2148,Grace,MENG,REPRESENTATIVE,D,NY,6,M001188,115
2148,Grace,MENG,REPRESENTATIVE,D,NY,6,M001188,115
2152,Brad,WENSTRUP,REPRESENTATIVE,R,OH,2,W000815,115
2152,Brad,WENSTRUP,REPRESENTATIVE,R,OH,2,W000815,115
2148,Grace,MENG,REPRESENTATIVE,D,NY,6,M001188,115
2152,Brad,WENSTRUP,REPRESENTATIVE,R,OH,2,W000815,115
2152,Brad,WENSTRUP,REPRESENTATIVE,R,OH,2,W000815,115
2152,Brad,WENSTRUP,REPRESENTATIVE,R,OH,2,W000815,115
2152,Brad,WENSTRUP,REPRESENTATIVE,R,OH,2,W000815,115
2010,Colleen,HANABUSA,N/A,D,HI,N/A,H001050,115
2010,Colleen,HANABUSA,N/A,D,HI,N/A,H001050,115
2152,Brad,WENSTRUP,REPRESENTATIVE,R,OH,2,W000815,115
2152,Brad,WENSTRUP,REPRESENTATIVE,R,OH,2,W000815,115
2233,Ken,BUCK,REPRESENTATIVE,R,CO,4,B001297,115
2233,Ken,BUCK,REPRESENTATIVE,R,CO,4,B001297,115
1856,Timothy,WALZ,REPRESENTATIVE,D,MN,1,W000799,115
1856,Timothy,WALZ,REPRESENTATIVE,D,MN,1,W000799,115
2233,Ken,BUCK,REPRESENTATIVE,R,CO,4,B001297,115
2152,Brad,WENSTRUP,REPRESENTATIVE,R,OH,2,W000815,115
2233,Ken,BUCK,REPRESENTATIVE,R,CO,4,B001297,115
2152,Brad,WENSTRUP,REPRESENTATIVE,R,OH,2,W000815,115
2152,Brad,WENSTRUP,REPRESENTATIVE,R,OH,2,W000815,115
2152,Brad,WENSTRUP,REPRESENTATIVE,R,OH,2,W000815,115
2152,Brad,WENSTRUP,REPRESENTATIVE,R,OH,2,W000815,115
2152,Brad,WENSTRUP,REPRESENTATIVE,R,OH,2,W000815,115
1879,Peter,WELCH,REPRESENTATIVE,D,VT,0,W000800,115
1879,Peter,WELCH,REPRESENTATIVE,D,VT,0,W000800,115
2152,Brad,WENSTRUP,REPRESENTATIVE,R,OH,2,W000815,115
2152,Brad,WENSTRUP,REPRESENTATIVE,R,OH,2,W000815,115
2338,Josh,GOTTHEIMER,N/A,D,NJ,N/A,G000583,115
2338,Josh,GOTTHEIMER,N/A,D,NJ,N/A,G000583,115
2152,Brad,WENSTRUP,REPRESENTATIVE,R,OH,2,W000815,115
2152,Brad,WENSTRUP,REPRESENTATIVE,R,OH,2,W000815,115
1856,Timothy,WALZ,REPRESENTATIVE,D,MN,1,W000799,115
2010,Colleen,HANABUSA,N/A,D,HI,N/A,H001050,115
2010,Colleen,HANABUSA,N/A,D,HI,N/A,H001050,115
2152,Brad,WENSTRUP,REPRESENTATIVE,R,OH,2,W000815,115
2152,Brad,WENSTRUP,REPRESENTATIVE,R,OH,2,W000815,115
1856,Timothy,WALZ,REPRESENTATIVE,D,MN,1,W000799,115
2148,Grace,MENG,REPRESENTATIVE,D,NY,6,M001188,115
2148,Grace,MENG,REPRESENTATIVE,D,NY,6,M001188,115
2152,Brad,WENSTRUP,REPRESENTATIVE,R,OH,2,W000815,115
2152,Brad,WENSTRUP,REPRESENTATIVE,R,OH,2,W000815,115
2243,Mike,BOST,REPRESENTATIVE,R,IL,12,B001295,115
2243,Mike,BOST,REPRESENTATIVE,R,IL,12,B001295,115
1856,Timothy,WALZ,REPRESENTATIVE,D,MN,1,W000799,115
1856,Timothy,WALZ,REPRESENTATIVE,D,MN,1,W000799,115
2243,Mike,BOST,REPRESENTATIVE,R,IL,12,B001295,115
2152,Brad,WENSTRUP,REPRESENTATIVE,R,OH,2,W000815,115
2243,Mike,BOST,REPRESENTATIVE,R,IL,12,B001295,115
2152,Brad,WENSTRUP,REPRESENTATIVE,R,OH,2,W000815,115
2152,Brad,WENSTRUP,REPRESENTATIVE,R,OH,2,W000815,115
2152,Brad,WENSTRUP,REPRESENTATIVE,R,OH,2,W000815,115
2253,Tom,EMMER,REPRESENTATIVE,R,MN,6,E000294,115
2253,Tom,EMMER,REPRESENTATIVE,R,MN,6,E000294,115
2253,Tom,EMMER,REPRESENTATIVE,R,MN,6,E000294,115
2253,Tom,EMMER,REPRESENTATIVE,R,MN,6,E000294,115
2354,Pramila,JAYAPAL,N/A,D,WA,N/A,J000298,115
2354,Pramila,JAYAPAL,N/A,D,WA,N/A,J000298,115
2332,Jamie,RASKIN,N/A,D,MD,N/A,R000606,115
2354,Pramila,JAYAPAL,N/A,D,WA,N/A,J000298,115
2338,Josh,GOTTHEIMER,N/A,D,NJ,N/A,G000583,115
99,Earl,BLUMENAUER,REPRESENTATIVE,D,OR,3,B000574,115
2152,Brad,WENSTRUP,REPRESENTATIVE,R,OH,2,W000815,115
2152,Brad,WENSTRUP,REPRESENTATIVE,R,OH,2,W000815,115
1856,Timothy,WALZ,REPRESENTATIVE,D,MN,1,W000799,115
2152,Brad,WENSTRUP,REPRESENTATIVE,R,OH,2,W000815,115
1956,Jason,CHAFFETZ,REPRESENTATIVE,R,UT,3,C001076,115
1856,Timothy,WALZ,REPRESENTATIVE,D,MN,1,W000799,115
2319,Darren,SOTO,N/A,D,FL,N/A,S001200,115
1856,Timothy,WALZ,REPRESENTATIVE,D,MN,1,W000799,115
2152,Brad,WENSTRUP,REPRESENTATIVE,R,OH,2,W000815,115
2247,Bruce,POLIQUIN,REPRESENTATIVE,R,ME,2,P000611,115
1856,Timothy,WALZ,REPRESENTATIVE,D,MN,1,W000799,115
2152,Brad,WENSTRUP,REPRESENTATIVE,R,OH,2,W000815,115
1856,Timothy,WALZ,REPRESENTATIVE,D,MN,1,W000799,115
2152,Brad,WENSTRUP,REPRESENTATIVE,R,OH,2,W000815,115
1506,Gregory,MEEKS,REPRESENTATIVE,D,NY,5,M001137,115
1933,Gregg,HARPER,REPRESENTATIVE,R,MS,3,H001045,115
1933,Gregg,HARPER,REPRESENTATIVE,R,MS,3,H001045,115
1933,Gregg,HARPER,REPRESENTATIVE,R,MS,3,H001045,115
1933,Gregg,HARPER,REPRESENTATIVE,R,MS,3,H001045,115
1933,Gregg,HARPER,REPRESENTATIVE,R,MS,3,H001045,115
1962,Gregorio,SABLAN,DELEGATE,D,MP,N/A,S001177,115
2350,Jodey,ARRINGTON,N/A,R,TX,N/A,A000375,115
566,Steny,HOYER,REPRESENTATIVE,D,MD,5,H000874,115
566,Steny,HOYER,REPRESENTATIVE,D,MD,5,H000874,115
2307,Andy,BIGGS,N/A,R,AZ,N/A,B001302,115
1526,Brad,SHERMAN,REPRESENTATIVE,D,CA,30,S000344,115
1856,Timothy,WALZ,REPRESENTATIVE,D,MN,1,W000799,115
1856,Timothy,WALZ,REPRESENTATIVE,D,MN,1,W000799,115
566,Steny,HOYER,REPRESENTATIVE,D,MD,5,H000874,115
1838,Gus,BILIRAKIS,REPRESENTATIVE,R,FL,12,B001257,115
1856,Timothy,WALZ,REPRESENTATIVE,D,MN,1,W000799,115
2110,Mark,TAKANO,REPRESENTATIVE,D,CA,41,T000472,115
1912,Mike,COFFMAN,REPRESENTATIVE,R,CO,6,C001077,115
1856,Timothy,WALZ,REPRESENTATIVE,D,MN,1,W000799,115
1856,Timothy,WALZ,REPRESENTATIVE,D,MN,1,W000799,115
2315,Neal,DUNN,N/A,R,FL,N/A,D000628,115
1856,Timothy,WALZ,REPRESENTATIVE,D,MN,1,W000799,115
2316,John,RUTHERFORD,N/A,R,FL,N/A,R000609,115
1856,Timothy,WALZ,REPRESENTATIVE,D,MN,1,W000799,115
1956,Jason,CHAFFETZ,REPRESENTATIVE,R,UT,3,C001076,115
1856,Timothy,WALZ,REPRESENTATIVE,D,MN,1,W000799,115
1856,Timothy,WALZ,REPRESENTATIVE,D,MN,1,W000799,115
1834,Doug,LAMBORN,REPRESENTATIVE,R,CO,5,L000564,115
1856,Timothy,WALZ,REPRESENTATIVE,D,MN,1,W000799,115
1856,Timothy,WALZ,REPRESENTATIVE,D,MN,1,W000799,115
1856,Timothy,WALZ,REPRESENTATIVE,D,MN,1,W000799,115
1856,Timothy,WALZ,REPRESENTATIVE,D,MN,1,W000799,115
1856,Timothy,WALZ,REPRESENTATIVE,D,MN,1,W000799,115
1856,Timothy,WALZ,REPRESENTATIVE,D,MN,1,W000799,115
1856,Timothy,WALZ,REPRESENTATIVE,D,MN,1,W000799,115
1856,Timothy,WALZ,REPRESENTATIVE,D,MN,1,W000799,115
1856,Timothy,WALZ,REPRESENTATIVE,D,MN,1,W000799,115
2351,Scott,TAYLOR,N/A,R,VA,N/A,T000477,115
2351,Scott,TAYLOR,N/A,R,VA,N/A,T000477,115
1856,Timothy,WALZ,REPRESENTATIVE,D,MN,1,W000799,115
1856,Timothy,WALZ,REPRESENTATIVE,D,MN,1,W000799,115
2351,Scott,TAYLOR,N/A,R,VA,N/A,T000477,115
2351,Scott,TAYLOR,N/A,R,VA,N/A,T000477,115
2344,Claudia,TENNEY,N/A,R,NY,N/A,T000478,115
2344,Claudia,TENNEY,N/A,R,NY,N/A,T000478,115
1856,Timothy,WALZ,REPRESENTATIVE,D,MN,1,W000799,115
1856,Timothy,WALZ,REPRESENTATIVE,D,MN,1,W000799,115
2344,Claudia,TENNEY,N/A,R,NY,N/A,T000478,115
2344,Claudia,TENNEY,N/A,R,NY,N/A,T000478,115
2110,Mark,TAKANO,REPRESENTATIVE,D,CA,41,T000472,115
2110,Mark,TAKANO,REPRESENTATIVE,D,CA,41,T000472,115
2110,Mark,TAKANO,REPRESENTATIVE,D,CA,41,T000472,115
2110,Mark,TAKANO,REPRESENTATIVE,D,CA,41,T000472,115
2340,Ruben,KIHUEN,N/A,D,NV,N/A,K000390,115
2340,Ruben,KIHUEN,N/A,D,NV,N/A,K000390,115
2340,Ruben,KIHUEN,N/A,D,NV,N/A,K000390,115
2340,Ruben,KIHUEN,N/A,D,NV,N/A,K000390,115
2110,Mark,TAKANO,REPRESENTATIVE,D,CA,41,T000472,115
2244,Ralph,ABRAHAM,REPRESENTATIVE,R,LA,5,A000374,115
2101,Jared,HUFFMAN,REPRESENTATIVE,D,CA,2,H001068,115
1801,Louie,GOHMERT,REPRESENTATIVE,R,TX,1,G000552,115
1801,Louie,GOHMERT,REPRESENTATIVE,R,TX,1,G000552,115
2229,Pete,AGUILAR,REPRESENTATIVE,D,CA,31,A000371,115
1527,John,SHIMKUS,REPRESENTATIVE,R,IL,15,S000364,115
1878,Steve,COHEN,REPRESENTATIVE,D,TN,9,C001068,115
2296,Warren,DAVIDSON,N/A,R,OH,N/A,D000626,115
2111,Alan,LOWENTHAL,REPRESENTATIVE,D,CA,47,L000579,115
