speaker_id,first_name,last_name,type,party,state,district,bio_guide_id,congress_id
2223,J.,HILL,REPRESENTATIVE,R,AR,2,H001072,115
2223,J.,HILL,REPRESENTATIVE,R,AR,2,H001072,115
2223,J.,HILL,REPRESENTATIVE,R,AR,2,H001072,115
1888,Bill,FOSTER,REPRESENTATIVE,D,IL,11,F000454,115
2223,J.,HILL,REPRESENTATIVE,R,AR,2,H001072,115
1888,Bill,FOSTER,REPRESENTATIVE,D,IL,11,F000454,115
2223,J.,HILL,REPRESENTATIVE,R,AR,2,H001072,115
2223,J.,HILL,REPRESENTATIVE,R,AR,2,H001072,115
2350,Jodey,ARRINGTON,N/A,R,TX,N/A,A000375,115
1383,Patrick,LEAHY,SENATOR,D,VT,N/A,L000174,115
1383,Patrick,LEAHY,SENATOR,D,VT,N/A,L000174,115
1036,Charles,SCHUMER,SENATOR,D,NY,N/A,S000148,115
1807,Henry,CUELLAR,REPRESENTATIVE,D,TX,28,C001063,115
172,Maria,CANTWELL,SENATOR,D,WA,N/A,C000127,115
2274,Stacey,PLASKETT,DELEGATE,D,VI,N/A,P000610,115
616,Marcy,KAPTUR,REPRESENTATIVE,D,OH,8,K000009,115
2274,Stacey,PLASKETT,DELEGATE,D,VI,N/A,P000610,115
2166,Marc,VEASEY,REPRESENTATIVE,D,TX,33,V000131,115
2274,Stacey,PLASKETT,DELEGATE,D,VI,N/A,P000610,115
2274,Stacey,PLASKETT,DELEGATE,D,VI,N/A,P000610,115
2097,Donald,PAYNE,REPRESENTATIVE,D,NJ,10,P000604,115
2274,Stacey,PLASKETT,DELEGATE,D,VI,N/A,P000610,115
2298,Dwight,EVANS,N/A,D,PA,N/A,E000296,115
2274,Stacey,PLASKETT,DELEGATE,D,VI,N/A,P000610,115
2274,Stacey,PLASKETT,DELEGATE,D,VI,N/A,P000610,115
2274,Stacey,PLASKETT,DELEGATE,D,VI,N/A,P000610,115
2274,Stacey,PLASKETT,DELEGATE,D,VI,N/A,P000610,115
2222,Aumua,RADEWAGEN,DELEGATE,R,AS,N/A,R000600,115
2222,Aumua,RADEWAGEN,DELEGATE,R,AS,N/A,R000600,115
2115,Ted,YOHO,REPRESENTATIVE,R,FL,3,Y000065,115
1036,Charles,SCHUMER,SENATOR,D,NY,N/A,S000148,115
1929,Gary,PETERS,REPRESENTATIVE,D,MI,52,P000595,115
1986,Martha,ROBY,REPRESENTATIVE,R,AL,2,R000591,115
1986,Martha,ROBY,REPRESENTATIVE,R,AL,2,R000591,115
2137,Ann,WAGNER,REPRESENTATIVE,R,MO,2,W000812,115
1986,Martha,ROBY,REPRESENTATIVE,R,AL,2,R000591,115
2137,Ann,WAGNER,REPRESENTATIVE,R,MO,2,W000812,115
1986,Martha,ROBY,REPRESENTATIVE,R,AL,2,R000591,115
1986,Martha,ROBY,REPRESENTATIVE,R,AL,2,R000591,115
2032,Vicky,HARTZLER,REPRESENTATIVE,R,MO,4,H001053,115
1986,Martha,ROBY,REPRESENTATIVE,R,AL,2,R000591,115
1791,Virginia,FOXX,REPRESENTATIVE,R,NC,5,F000450,115
1986,Martha,ROBY,REPRESENTATIVE,R,AL,2,R000591,115
1668,James,LANGEVIN,REPRESENTATIVE,D,RI,2,L000559,115
2297,James,COMER,N/A,R,KY,N/A,C001108,115
2297,James,COMER,N/A,R,KY,N/A,C001108,115
2297,James,COMER,N/A,R,KY,N/A,C001108,115
1959,Gerald,CONNOLLY,REPRESENTATIVE,D,VA,11,C001078,115
2297,James,COMER,N/A,R,KY,N/A,C001108,115
1959,Gerald,CONNOLLY,REPRESENTATIVE,D,VA,11,C001078,115
1959,Gerald,CONNOLLY,REPRESENTATIVE,D,VA,11,C001078,115
1959,Gerald,CONNOLLY,REPRESENTATIVE,D,VA,11,C001078,115
2297,James,COMER,N/A,R,KY,N/A,C001108,115
2097,Donald,PAYNE,REPRESENTATIVE,D,NJ,10,P000604,115
1836,Joe,COURTNEY,REPRESENTATIVE,D,CT,2,C001069,115
1930,Erik,PAULSEN,REPRESENTATIVE,R,MN,3,P000594,115
2223,J.,HILL,REPRESENTATIVE,R,AR,2,H001072,115
2223,J.,HILL,REPRESENTATIVE,R,AR,2,H001072,115
2223,J.,HILL,REPRESENTATIVE,R,AR,2,H001072,115
1184,Nydia,VELAZQUEZ,REPRESENTATIVE,D,NY,7,V000081,115
2223,J.,HILL,REPRESENTATIVE,R,AR,2,H001072,115
2247,Bruce,POLIQUIN,REPRESENTATIVE,R,ME,2,P000611,115
1184,Nydia,VELAZQUEZ,REPRESENTATIVE,D,NY,7,V000081,115
2223,J.,HILL,REPRESENTATIVE,R,AR,2,H001072,115
2223,J.,HILL,REPRESENTATIVE,R,AR,2,H001072,115
1791,Virginia,FOXX,REPRESENTATIVE,R,NC,5,F000450,115
2223,J.,HILL,REPRESENTATIVE,R,AR,2,H001072,115
2223,J.,HILL,REPRESENTATIVE,R,AR,2,H001072,115
2223,J.,HILL,REPRESENTATIVE,R,AR,2,H001072,115
1184,Nydia,VELAZQUEZ,REPRESENTATIVE,D,NY,7,V000081,115
2223,J.,HILL,REPRESENTATIVE,R,AR,2,H001072,115
1184,Nydia,VELAZQUEZ,REPRESENTATIVE,D,NY,7,V000081,115
2223,J.,HILL,REPRESENTATIVE,R,AR,2,H001072,115
2325,Raja,KRISHNAMOORTHI,N/A,D,IL,N/A,K000391,115
1036,Charles,SCHUMER,SENATOR,D,NY,N/A,S000148,115
172,Maria,CANTWELL,SENATOR,D,WA,N/A,C000127,115
2297,James,COMER,N/A,R,KY,N/A,C001108,115
2297,James,COMER,N/A,R,KY,N/A,C001108,115
2297,James,COMER,N/A,R,KY,N/A,C001108,115
1959,Gerald,CONNOLLY,REPRESENTATIVE,D,VA,11,C001078,115
2297,James,COMER,N/A,R,KY,N/A,C001108,115
2276,Glenn,GROTHMAN,REPRESENTATIVE,R,WI,6,G000576,115
1959,Gerald,CONNOLLY,REPRESENTATIVE,D,VA,11,C001078,115
2297,James,COMER,N/A,R,KY,N/A,C001108,115
2297,James,COMER,N/A,R,KY,N/A,C001108,115
1383,Patrick,LEAHY,SENATOR,D,VT,N/A,L000174,115
1036,Charles,SCHUMER,SENATOR,D,NY,N/A,S000148,115
2333,Jack,BERGMAN,N/A,R,MI,N/A,B001301,115
