speaker_id,first_name,last_name,type,party,state,district,bio_guide_id,congress_id
2345,Brian,FITZPATRICK,REPRESENTATIVE,R,PA,8,F000466,115
1383,Patrick,LEAHY,SENATOR,D,VT,N/A,L000174,115
174,Benjamin,CARDIN,SENATOR,D,MD,N/A,C000141,115
1525,Pete,SESSIONS,SENATOR,R,TX,N/A,S000250,115
1525,Pete,SESSIONS,SENATOR,R,TX,N/A,S000250,115
1525,Pete,SESSIONS,SENATOR,R,TX,N/A,S000250,115
1525,Pete,SESSIONS,SENATOR,R,TX,N/A,S000250,115
1069,Louise,SLAUGHTER,REPRESENTATIVE,D,NY,25,S000480,115
1525,Pete,SESSIONS,SENATOR,R,TX,N/A,S000250,115
1069,Louise,SLAUGHTER,REPRESENTATIVE,D,NY,25,S000480,115
1069,Louise,SLAUGHTER,REPRESENTATIVE,D,NY,25,S000480,115
1757,Linda,SANCHEZ,REPRESENTATIVE,D,CA,38,S001156,115
1525,Pete,SESSIONS,SENATOR,R,TX,N/A,S000250,115
1069,Louise,SLAUGHTER,REPRESENTATIVE,D,NY,25,S000480,115
1525,Pete,SESSIONS,SENATOR,R,TX,N/A,S000250,115
1069,Louise,SLAUGHTER,REPRESENTATIVE,D,NY,25,S000480,115
2311,Nanette,BARRAGAN,N/A,D,CA,N/A,B001300,115
1525,Pete,SESSIONS,SENATOR,R,TX,N/A,S000250,115
1069,Louise,SLAUGHTER,REPRESENTATIVE,D,NY,25,S000480,115
701,Zoe,LOFGREN,REPRESENTATIVE,D,CA,19,L000397,115
1525,Pete,SESSIONS,SENATOR,R,TX,N/A,S000250,115
1069,Louise,SLAUGHTER,REPRESENTATIVE,D,NY,25,S000480,115
1588,Janice,SCHAKOWSKY,REPRESENTATIVE,D,IL,9,S001145,115
1525,Pete,SESSIONS,SENATOR,R,TX,N/A,S000250,115
1069,Louise,SLAUGHTER,REPRESENTATIVE,D,NY,25,S000480,115
1069,Louise,SLAUGHTER,REPRESENTATIVE,D,NY,25,S000480,115
1525,Pete,SESSIONS,SENATOR,R,TX,N/A,S000250,115
1069,Louise,SLAUGHTER,REPRESENTATIVE,D,NY,25,S000480,115
1525,Pete,SESSIONS,SENATOR,R,TX,N/A,S000250,115
1069,Louise,SLAUGHTER,REPRESENTATIVE,D,NY,25,S000480,115
868,Eleanor,NORTON,DELEGATE,D,DC,N/A,N000147,115
1525,Pete,SESSIONS,SENATOR,R,TX,N/A,S000250,115
1069,Louise,SLAUGHTER,REPRESENTATIVE,D,NY,25,S000480,115
1525,Pete,SESSIONS,SENATOR,R,TX,N/A,S000250,115
2003,Dennis,ROSS,REPRESENTATIVE,R,FL,15,R000593,115
1069,Louise,SLAUGHTER,REPRESENTATIVE,D,NY,25,S000480,115
2354,Pramila,JAYAPAL,N/A,D,WA,N/A,J000298,115
1525,Pete,SESSIONS,SENATOR,R,TX,N/A,S000250,115
1069,Louise,SLAUGHTER,REPRESENTATIVE,D,NY,25,S000480,115
2231,Norma,TORRES,REPRESENTATIVE,D,CA,35,T000474,115
1525,Pete,SESSIONS,SENATOR,R,TX,N/A,S000250,115
1069,Louise,SLAUGHTER,REPRESENTATIVE,D,NY,25,S000480,115
2226,Ruben,GALLEGO,REPRESENTATIVE,D,AZ,7,G000574,115
1525,Pete,SESSIONS,SENATOR,R,TX,N/A,S000250,115
1069,Louise,SLAUGHTER,REPRESENTATIVE,D,NY,25,S000480,115
1525,Pete,SESSIONS,SENATOR,R,TX,N/A,S000250,115
1525,Pete,SESSIONS,SENATOR,R,TX,N/A,S000250,115
1069,Louise,SLAUGHTER,REPRESENTATIVE,D,NY,25,S000480,115
326,Richard,DURBIN,SENATOR,D,IL,N/A,D000563,115
2185,Angus,KING,REPRESENTATIVE,I,ME,4,K000383,115
1036,Charles,SCHUMER,SENATOR,D,NY,N/A,S000148,115
1036,Charles,SCHUMER,SENATOR,D,NY,N/A,S000148,115
1395,Mitch,KING,REPRESENTATIVE,R,KY,4,M000355,115
172,Maria,CANTWELL,SENATOR,D,WA,N/A,C000127,115
172,Maria,CANTWELL,SENATOR,D,WA,N/A,C000127,115
1692,John,CORNYN,SENATOR,R,TX,N/A,C001056,115
1900,Jeff,MERKLEY,SENATOR,D,OR,N/A,M001176,115
1900,Jeff,MERKLEY,SENATOR,D,OR,N/A,M001176,115
1881,John,BARRASSO,SENATOR,R,WY,N/A,B001261,115
1881,John,BARRASSO,SENATOR,R,WY,N/A,B001261,115
1984,Christopher,COONS,SENATOR,D,DE,N/A,C001088,115
1823,Sheldon,WHITEHOUSE,SENATOR,D,RI,N/A,W000802,115
1823,Sheldon,WHITEHOUSE,SENATOR,D,RI,N/A,W000802,115
1464,Roy,BLUNT,SENATOR,R,MO,N/A,B000575,115
1464,Roy,BLUNT,SENATOR,R,MO,N/A,B000575,115
1676,Shelley,CAPITO,N/A,R,WV,N/A,C001047,115
1464,Roy,BLUNT,SENATOR,R,MO,N/A,B000575,115
2286,David,PERDUE,SENATOR,R,GA,N/A,P000612,115
2291,Thom,TILLIS,SENATOR,R,NC,N/A,T000476,115
2201,Alma,ADAMS,REPRESENTATIVE,D,NC,12,A000370,115
1640,Darrell,ISSA,REPRESENTATIVE,R,CA,49,I000056,115
1640,Darrell,ISSA,REPRESENTATIVE,R,CA,49,I000056,115
1640,Darrell,ISSA,REPRESENTATIVE,R,CA,49,I000056,115
2149,Hakeem,JEFFRIES,REPRESENTATIVE,D,NY,8,J000294,115
850,Jerrold,NADLER,REPRESENTATIVE,D,NY,10,N000002,115
1640,Darrell,ISSA,REPRESENTATIVE,R,CA,49,I000056,115
2149,Hakeem,JEFFRIES,REPRESENTATIVE,D,NY,8,J000294,115
2149,Hakeem,JEFFRIES,REPRESENTATIVE,D,NY,8,J000294,115
2149,Hakeem,JEFFRIES,REPRESENTATIVE,D,NY,8,J000294,115
1640,Darrell,ISSA,REPRESENTATIVE,R,CA,49,I000056,115
229,John,CONYERS,REPRESENTATIVE,D,MI,13,C000714,115
326,Richard,DURBIN,SENATOR,D,IL,N/A,D000563,115
326,Richard,DURBIN,SENATOR,D,IL,N/A,D000563,115
326,Richard,DURBIN,SENATOR,D,IL,N/A,D000563,115
326,Richard,DURBIN,SENATOR,D,IL,N/A,D000563,115
1036,Charles,SCHUMER,SENATOR,D,NY,N/A,S000148,115
2289,Ben,SASSE,SENATOR,R,NE,N/A,S001197,115
2289,Ben,SASSE,SENATOR,R,NE,N/A,S001197,115
2176,Tim,KAINE,SENATOR,D,VA,N/A,K000384,115
2176,Tim,KAINE,SENATOR,D,VA,N/A,K000384,115
1633,Jeff,FLAKE,SENATOR,R,AZ,N/A,F000444,115
1633,Jeff,FLAKE,SENATOR,R,AZ,N/A,F000444,115
136,Sherrod,BROWN,REPRESENTATIVE,D,OH,26,B000944,115
1692,John,CORNYN,SENATOR,R,TX,N/A,C001056,115
1692,John,CORNYN,SENATOR,R,TX,N/A,C001056,115
1247,Ron,WYDEN,SENATOR,D,OR,N/A,W000779,115
1774,Jim,COSTA,REPRESENTATIVE,D,CA,16,C001059,115
2337,Don,BACON,N/A,R,NE,N/A,B001298,115
1826,Amy,KLOBUCHAR,SENATOR,D,MN,N/A,K000367,115
1332,Dianne,FEINSTEIN,SENATOR,D,CA,N/A,F000062,115
2076,Richard,BLUMENTHAL,SENATOR,D,CT,N/A,B001277,115
2076,Richard,BLUMENTHAL,SENATOR,D,CT,N/A,B001277,115
2182,Elizabeth,WARREN,SENATOR,D,MA,N/A,W000817,115
250,Mike,CRAPO,SENATOR,R,ID,N/A,C000880,115
250,Mike,CRAPO,SENATOR,R,ID,N/A,C000880,115
457,Chuck,GRASSLEY,SENATOR,R,IA,N/A,G000386,115
250,Mike,CRAPO,SENATOR,R,ID,N/A,C000880,115
1351,Orrin,HATCH,SENATOR,R,UT,N/A,H000338,115
1351,Orrin,HATCH,SENATOR,R,UT,N/A,H000338,115
1351,Orrin,HATCH,SENATOR,R,UT,N/A,H000338,115
1351,Orrin,HATCH,SENATOR,R,UT,N/A,H000338,115
1692,John,CORNYN,SENATOR,R,TX,N/A,C001056,115
326,Richard,DURBIN,SENATOR,D,IL,N/A,D000563,115
1897,Mark,WARNER,SENATOR,D,VA,N/A,W000805,115
1692,John,CORNYN,SENATOR,R,TX,N/A,C001056,115
326,Richard,DURBIN,SENATOR,D,IL,N/A,D000563,115
2055,David,CICILLINE,REPRESENTATIVE,D,RI,1,C001084,115
2099,Kyrsten,SINEMA,REPRESENTATIVE,D,AZ,9,S001191,115
2099,Kyrsten,SINEMA,REPRESENTATIVE,D,AZ,9,S001191,115
2099,Kyrsten,SINEMA,REPRESENTATIVE,D,AZ,9,S001191,115
2099,Kyrsten,SINEMA,REPRESENTATIVE,D,AZ,9,S001191,115
2099,Kyrsten,SINEMA,REPRESENTATIVE,D,AZ,9,S001191,115
2341,Thomas,SUOZZI,N/A,D,NY,N/A,S001201,115
2099,Kyrsten,SINEMA,REPRESENTATIVE,D,AZ,9,S001191,115
2099,Kyrsten,SINEMA,REPRESENTATIVE,D,AZ,9,S001191,115
2194,Cory,BOOKER,SENATOR,D,NJ,N/A,B001288,115
1531,Debbie,STABENOW,SENATOR,D,MI,N/A,S000770,115
1531,Debbie,STABENOW,SENATOR,D,MI,N/A,S000770,115
2084,Marco,RUBIO,SENATOR,R,FL,N/A,R000595,115
2084,Marco,RUBIO,SENATOR,R,FL,N/A,R000595,115
1965,Michael,BENNET,SENATOR,D,CO,N/A,B001267,115
1965,Michael,BENNET,SENATOR,D,CO,N/A,B001267,115
1826,Amy,KLOBUCHAR,SENATOR,D,MN,N/A,K000367,115
1965,Michael,BENNET,SENATOR,D,CO,N/A,B001267,115
1826,Amy,KLOBUCHAR,SENATOR,D,MN,N/A,K000367,115
1965,Michael,BENNET,SENATOR,D,CO,N/A,B001267,115
1826,Amy,KLOBUCHAR,SENATOR,D,MN,N/A,K000367,115
1826,Amy,KLOBUCHAR,SENATOR,D,MN,N/A,K000367,115
1900,Jeff,MERKLEY,SENATOR,D,OR,N/A,M001176,115
2311,Nanette,BARRAGAN,N/A,D,CA,N/A,B001300,115
2362,Jimmy,GOMEZ,N/A,D,CA,N/A,G000585,115
2223,J.,HILL,REPRESENTATIVE,R,AR,2,H001072,115
2223,J.,HILL,REPRESENTATIVE,R,AR,2,H001072,115
2223,J.,HILL,REPRESENTATIVE,R,AR,2,H001072,115
1888,Bill,FOSTER,REPRESENTATIVE,D,IL,11,F000454,115
2223,J.,HILL,REPRESENTATIVE,R,AR,2,H001072,115
1888,Bill,FOSTER,REPRESENTATIVE,D,IL,11,F000454,115
2223,J.,HILL,REPRESENTATIVE,R,AR,2,H001072,115
1692,John,CORNYN,SENATOR,R,TX,N/A,C001056,115
1692,John,CORNYN,SENATOR,R,TX,N/A,C001056,115
1896,James,RISCH,SENATOR,R,ID,N/A,R000584,115
2293,Daniel,DONOVAN,REPRESENTATIVE,R,NY,11,D000625,115
2223,J.,HILL,REPRESENTATIVE,R,AR,2,H001072,115
2231,Norma,TORRES,REPRESENTATIVE,D,CA,35,T000474,115
2123,Tammy,DUCKWORTH,REPRESENTATIVE,D,IL,8,D000622,115
1692,John,CORNYN,SENATOR,R,TX,N/A,C001056,115
1692,John,CORNYN,SENATOR,R,TX,N/A,C001056,115
1692,John,CORNYN,SENATOR,R,TX,N/A,C001056,115
1692,John,CORNYN,SENATOR,R,TX,N/A,C001056,115
457,Chuck,GRASSLEY,SENATOR,R,IA,N/A,G000386,115
1633,Jeff,FLAKE,SENATOR,R,AZ,N/A,F000444,115
457,Chuck,GRASSLEY,SENATOR,R,IA,N/A,G000386,115
1692,John,CORNYN,SENATOR,R,TX,N/A,C001056,115
1692,John,CORNYN,SENATOR,R,TX,N/A,C001056,115
1692,John,CORNYN,SENATOR,R,TX,N/A,C001056,115
1692,John,CORNYN,SENATOR,R,TX,N/A,C001056,115
1692,John,CORNYN,SENATOR,R,TX,N/A,C001056,115
1692,John,CORNYN,SENATOR,R,TX,N/A,C001056,115
1177,Fred,UPTON,REPRESENTATIVE,R,MI,6,U000031,115
1692,John,CORNYN,SENATOR,R,TX,N/A,C001056,115
1692,John,CORNYN,SENATOR,R,TX,N/A,C001056,115
1692,John,CORNYN,SENATOR,R,TX,N/A,C001056,115
1247,Ron,WYDEN,SENATOR,D,OR,N/A,W000779,115
1692,John,CORNYN,SENATOR,R,TX,N/A,C001056,115
1692,John,CORNYN,SENATOR,R,TX,N/A,C001056,115
1692,John,CORNYN,SENATOR,R,TX,N/A,C001056,115
583,James,INHOFE,SENATOR,R,OK,N/A,I000024,114
949,Jack,REED,REPRESENTATIVE,D,RI,23,R000122,115
1383,Patrick,LEAHY,SENATOR,D,VT,N/A,L000174,115
1937,Martin,HEINRICH,SENATOR,D,NM,N/A,H001046,115
735,Edward,MARKEY,SENATOR,D,MA,N/A,M000133,115
179,Thomas,CARPER,SENATOR,D,DE,N/A,C000174,115
1866,Kirsten,GILLIBRAND,SENATOR,D,NY,N/A,G000555,115
1866,Kirsten,GILLIBRAND,SENATOR,D,NY,N/A,G000555,115
1567,Tom,UDALL,SENATOR,D,NM,N/A,U000039,115
1567,Tom,UDALL,SENATOR,D,NM,N/A,U000039,115
2174,Heidi,HEITKAMP,SENATOR,D,ND,N/A,H001069,115
1567,Tom,UDALL,SENATOR,D,NM,N/A,U000039,115
1567,Tom,UDALL,SENATOR,D,NM,N/A,U000039,115
1567,Tom,UDALL,SENATOR,D,NM,N/A,U000039,115
859,Bill,NELSON,SENATOR,D,FL,N/A,N000032,115
859,Bill,NELSON,SENATOR,D,FL,N/A,N000032,115
924,Rob,PORTMAN,SENATOR,R,OH,N/A,P000449,115
2076,Richard,BLUMENTHAL,SENATOR,D,CT,N/A,B001277,115
1692,John,CORNYN,SENATOR,R,TX,N/A,C001056,115
1692,John,CORNYN,SENATOR,R,TX,N/A,C001056,115
99999999999999,,FROST,N/A,Party information Unavailable,State Info Unavailable,N/A,9999999999999999,115
99999999999999,,STEARNS,N/A,Party information Unavailable,State Info Unavailable,N/A,9999999999999999,115
99999999999999,,FROST,N/A,Party information Unavailable,State Info Unavailable,N/A,9999999999999999,115
99999999999999,,STEARNS,N/A,Party information Unavailable,State Info Unavailable,N/A,9999999999999999,115
99999999999999,,STEARNS,N/A,Party information Unavailable,State Info Unavailable,N/A,9999999999999999,115
99999999999999,,SKAGGS,N/A,Party information Unavailable,State Info Unavailable,N/A,9999999999999999,115
99999999999999,,FROST,N/A,Party information Unavailable,State Info Unavailable,N/A,9999999999999999,115
99999999999999,,FROST,N/A,Party information Unavailable,State Info Unavailable,N/A,9999999999999999,115
99999999999999,,STEARNS,N/A,Party information Unavailable,State Info Unavailable,N/A,9999999999999999,115
99999999999999,,MORELLA,N/A,Party information Unavailable,State Info Unavailable,N/A,9999999999999999,115
99999999999999,,STEARNS,N/A,Party information Unavailable,State Info Unavailable,N/A,9999999999999999,115
99999999999999,,HERTEL,N/A,Party information Unavailable,State Info Unavailable,N/A,9999999999999999,115
99999999999999,,FROST,N/A,Party information Unavailable,State Info Unavailable,N/A,9999999999999999,115
99999999999999,,STEARNS,N/A,Party information Unavailable,State Info Unavailable,N/A,9999999999999999,115
99999999999999,,FROST,N/A,Party information Unavailable,State Info Unavailable,N/A,9999999999999999,115
566,Steny,HOYER,REPRESENTATIVE,D,MD,5,H000874,115
566,Steny,HOYER,REPRESENTATIVE,D,MD,5,H000874,115
99999999999999,,FROST,N/A,Party information Unavailable,State Info Unavailable,N/A,9999999999999999,115
566,Steny,HOYER,REPRESENTATIVE,D,MD,5,H000874,115
99999999999999,,STEARNS,N/A,Party information Unavailable,State Info Unavailable,N/A,9999999999999999,115
99999999999999,,FROST,N/A,Party information Unavailable,State Info Unavailable,N/A,9999999999999999,115
1534,John,THUNE,SENATOR,R,SD,N/A,T000250,115
1534,John,THUNE,SENATOR,R,SD,N/A,T000250,115
583,James,INHOFE,SENATOR,R,OK,N/A,I000024,115
1247,Ron,WYDEN,SENATOR,D,OR,N/A,W000779,115
583,James,INHOFE,SENATOR,R,OK,N/A,I000024,115
583,James,INHOFE,SENATOR,R,OK,N/A,I000024,115
1692,John,CORNYN,SENATOR,R,TX,N/A,C001056,115
583,James,INHOFE,SENATOR,R,OK,N/A,I000024,115
2252,Brenda,LAWRENCE,REPRESENTATIVE,D,MI,14,L000581,115
326,Richard,DURBIN,SENATOR,D,IL,N/A,D000563,115
1676,Shelley,CAPITO,N/A,R,WV,N/A,C001047,115
1828,Robert,CASEY,SENATOR,D,PA,N/A,C001070,115
1829,Jon,TESTER,SENATOR,D,MT,N/A,T000464,115
583,James,INHOFE,SENATOR,R,OK,N/A,I000024,115
583,James,INHOFE,SENATOR,R,OK,N/A,I000024,115
791,Robert,MENENDEZ,SENATOR,D,NJ,N/A,M000639,115
1900,Jeff,MERKLEY,SENATOR,D,OR,N/A,M001176,115
1823,Sheldon,WHITEHOUSE,SENATOR,D,RI,N/A,W000802,115
1247,Ron,WYDEN,SENATOR,D,OR,N/A,W000779,115
1692,John,CORNYN,SENATOR,R,TX,N/A,C001056,115
2276,Glenn,GROTHMAN,REPRESENTATIVE,R,WI,6,G000576,115
2115,Ted,YOHO,REPRESENTATIVE,R,FL,3,Y000065,115
1003,Bobby,RUSH,REPRESENTATIVE,D,IL,1,R000515,115
1069,Louise,SLAUGHTER,REPRESENTATIVE,D,NY,25,S000480,115
1857,Keith,ELLISON,REPRESENTATIVE,D,MN,5,E000288,115
1664,Patrick,TIBERI,REPRESENTATIVE,R,OH,12,T000462,115
2140,Richard,HUDSON,REPRESENTATIVE,R,NC,8,H001067,115
478,Luis,GUTIERREZ,REPRESENTATIVE,D,IL,4,G000535,115
2128,Jackie,WALORSKI,REPRESENTATIVE,R,IN,2,W000813,115
583,James,INHOFE,SENATOR,R,OK,N/A,I000024,115
583,James,INHOFE,SENATOR,R,OK,N/A,I000024,115
1881,John,BARRASSO,SENATOR,R,WY,N/A,B001261,115
2138,Steve,DAINES,SENATOR,R,MT,N/A,D000618,115
854,Richard,NEAL,REPRESENTATIVE,D,MA,1,N000015,115
854,Richard,NEAL,REPRESENTATIVE,D,MA,1,N000015,115
1510,Bill,PASCRELL,REPRESENTATIVE,D,NJ,9,P000096,115
854,Richard,NEAL,REPRESENTATIVE,D,MA,1,N000015,115
1510,Bill,PASCRELL,REPRESENTATIVE,D,NJ,9,P000096,115
854,Richard,NEAL,REPRESENTATIVE,D,MA,1,N000015,115
1510,Bill,PASCRELL,REPRESENTATIVE,D,NJ,9,P000096,115
1681,Bill,SHUSTER,REPRESENTATIVE,R,PA,9,S001154,115
854,Richard,NEAL,REPRESENTATIVE,D,MA,1,N000015,115
854,Richard,NEAL,REPRESENTATIVE,D,MA,1,N000015,115
854,Richard,NEAL,REPRESENTATIVE,D,MA,1,N000015,115
854,Richard,NEAL,REPRESENTATIVE,D,MA,1,N000015,115
2361,Ralph,NORMAN,N/A,R,SC,N/A,N000190,115
854,Richard,NEAL,REPRESENTATIVE,D,MA,1,N000015,115
1184,Nydia,VELAZQUEZ,REPRESENTATIVE,D,NY,7,V000081,115
854,Richard,NEAL,REPRESENTATIVE,D,MA,1,N000015,115
1184,Nydia,VELAZQUEZ,REPRESENTATIVE,D,NY,7,V000081,115
854,Richard,NEAL,REPRESENTATIVE,D,MA,1,N000015,115
1749,Jeb,HENSARLING,REPRESENTATIVE,R,TX,5,H001036,115
1749,Jeb,HENSARLING,REPRESENTATIVE,R,TX,5,H001036,115
2003,Dennis,ROSS,REPRESENTATIVE,R,FL,15,R000593,115
1749,Jeb,HENSARLING,REPRESENTATIVE,R,TX,5,H001036,115
2003,Dennis,ROSS,REPRESENTATIVE,R,FL,15,R000593,115
1749,Jeb,HENSARLING,REPRESENTATIVE,R,TX,5,H001036,115
887,Frank,PALLONE,REPRESENTATIVE,D,NJ,6,P000034,115
1749,Jeb,HENSARLING,REPRESENTATIVE,R,TX,5,H001036,115
1749,Jeb,HENSARLING,REPRESENTATIVE,R,TX,5,H001036,115
2072,Sean,DUFFY,N/A,R,WI,N/A,D000614,115
1749,Jeb,HENSARLING,REPRESENTATIVE,R,TX,5,H001036,115
2138,Steve,DAINES,SENATOR,R,MT,N/A,D000618,115
