speaker_id,first_name,last_name,type,party,state,district,bio_guide_id,congress_id
2086,Ron,JOHNSON,REPRESENTATIVE,R,WI,4,J000293,115
2328,Roger,MARSHALL,N/A,R,KS,N/A,M001198,115
2086,Ron,JOHNSON,REPRESENTATIVE,R,WI,4,J000293,115
179,Thomas,CARPER,SENATOR,D,DE,N/A,C000174,115
179,Thomas,CARPER,SENATOR,D,DE,N/A,C000174,115
1844,Mazie,HIRONO,SENATOR,D,HI,N/A,H001042,115
1844,Mazie,HIRONO,SENATOR,D,HI,N/A,H001042,115
326,Richard,DURBIN,SENATOR,D,IL,N/A,D000563,115
1844,Mazie,HIRONO,SENATOR,D,HI,N/A,H001042,115
2173,Brian,SCHATZ,SENATOR,D,HI,N/A,S001194,115
2173,Brian,SCHATZ,SENATOR,D,HI,N/A,S001194,115
2173,Brian,SCHATZ,SENATOR,D,HI,N/A,S001194,115
326,Richard,DURBIN,SENATOR,D,IL,N/A,D000563,115
326,Richard,DURBIN,SENATOR,D,IL,N/A,D000563,115
1541,Susan,COLLINS,REPRESENTATIVE,R,ME,9,C001035,115
2084,Marco,RUBIO,SENATOR,R,FL,N/A,R000595,115
2084,Marco,RUBIO,SENATOR,R,FL,N/A,R000595,115
1694,Lisa,MURKOWSKI,SENATOR,R,AK,N/A,M001153,115
1694,Lisa,MURKOWSKI,SENATOR,R,AK,N/A,M001153,115
2290,Dan,SULLIVAN,SENATOR,R,AK,N/A,S001198,115
1635,Adam,SCHIFF,REPRESENTATIVE,D,CA,28,S001150,115
1036,Charles,SCHUMER,SENATOR,D,NY,N/A,S000148,115
172,Maria,CANTWELL,SENATOR,D,WA,N/A,C000127,115
172,Maria,CANTWELL,SENATOR,D,WA,N/A,C000127,115
172,Maria,CANTWELL,SENATOR,D,WA,N/A,C000127,115
1692,John,CORNYN,SENATOR,R,TX,N/A,C001056,115
1890,Jackie,SPEIER,REPRESENTATIVE,D,CA,14,S001175,115
1984,Christopher,COONS,SENATOR,D,DE,N/A,C001088,115
1984,Christopher,COONS,SENATOR,D,DE,N/A,C001088,115
2086,Ron,JOHNSON,REPRESENTATIVE,R,WI,4,J000293,115
1930,Erik,PAULSEN,REPRESENTATIVE,R,MN,3,P000594,115
1036,Charles,SCHUMER,SENATOR,D,NY,N/A,S000148,115
2097,Donald,PAYNE,REPRESENTATIVE,D,NJ,10,P000604,115
1793,Jeff,FORTENBERRY,REPRESENTATIVE,R,NE,1,F000449,115
2310,Salud,CARBAJAL,N/A,D,CA,N/A,C001112,115
1955,Pete,OLSON,REPRESENTATIVE,R,TX,22,O000168,115
2166,Marc,VEASEY,REPRESENTATIVE,D,TX,33,V000131,115
1846,David,LOEBSACK,REPRESENTATIVE,D,IA,2,L000565,115
2270,Brian,BABIN,REPRESENTATIVE,R,TX,36,B001291,115
326,Richard,DURBIN,SENATOR,D,IL,N/A,D000563,115
2337,Don,BACON,N/A,R,NE,N/A,B001298,115
2354,Pramila,JAYAPAL,N/A,D,WA,N/A,J000298,115
2354,Pramila,JAYAPAL,N/A,D,WA,N/A,J000298,115
2332,Jamie,RASKIN,N/A,D,MD,N/A,R000606,115
2354,Pramila,JAYAPAL,N/A,D,WA,N/A,J000298,115
2309,Jimmy,PANETTA,N/A,D,CA,N/A,P000613,115
1793,Jeff,FORTENBERRY,REPRESENTATIVE,R,NE,1,F000449,115
2141,Robert,PITTENGER,REPRESENTATIVE,R,NC,9,P000606,115
2197,Bradley,BYRNE,REPRESENTATIVE,R,AL,1,B001289,115
1525,Pete,SESSIONS,SENATOR,R,TX,N/A,S000250,115
1525,Pete,SESSIONS,SENATOR,R,TX,N/A,S000250,115
1525,Pete,SESSIONS,SENATOR,R,TX,N/A,S000250,115
1525,Pete,SESSIONS,SENATOR,R,TX,N/A,S000250,115
1910,Jared,POLIS,REPRESENTATIVE,D,CO,2,P000598,115
1525,Pete,SESSIONS,SENATOR,R,TX,N/A,S000250,115
2275,Dan,NEWHOUSE,REPRESENTATIVE,R,WA,4,N000189,115
1910,Jared,POLIS,REPRESENTATIVE,D,CO,2,P000598,115
1525,Pete,SESSIONS,SENATOR,R,TX,N/A,S000250,115
1910,Jared,POLIS,REPRESENTATIVE,D,CO,2,P000598,115
1910,Jared,POLIS,REPRESENTATIVE,D,CO,2,P000598,115
1525,Pete,SESSIONS,SENATOR,R,TX,N/A,S000250,115
1525,Pete,SESSIONS,SENATOR,R,TX,N/A,S000250,115
1910,Jared,POLIS,REPRESENTATIVE,D,CO,2,P000598,115
1910,Jared,POLIS,REPRESENTATIVE,D,CO,2,P000598,115
1838,Gus,BILIRAKIS,REPRESENTATIVE,R,FL,12,B001257,115
2239,Rick,ALLEN,REPRESENTATIVE,R,GA,12,A000372,115
1247,Ron,WYDEN,SENATOR,D,OR,N/A,W000779,115
1541,Susan,COLLINS,REPRESENTATIVE,R,ME,9,C001035,115
2092,Suzanne,BONAMICI,REPRESENTATIVE,D,OR,1,B001278,115
2092,Suzanne,BONAMICI,REPRESENTATIVE,D,OR,1,B001278,115
2003,Dennis,ROSS,REPRESENTATIVE,R,FL,15,R000593,115
2003,Dennis,ROSS,REPRESENTATIVE,R,FL,15,R000593,115
2092,Suzanne,BONAMICI,REPRESENTATIVE,D,OR,1,B001278,115
2003,Dennis,ROSS,REPRESENTATIVE,R,FL,15,R000593,115
2092,Suzanne,BONAMICI,REPRESENTATIVE,D,OR,1,B001278,115
1910,Jared,POLIS,REPRESENTATIVE,D,CO,2,P000598,115
2092,Suzanne,BONAMICI,REPRESENTATIVE,D,OR,1,B001278,115
2092,Suzanne,BONAMICI,REPRESENTATIVE,D,OR,1,B001278,115
2092,Suzanne,BONAMICI,REPRESENTATIVE,D,OR,1,B001278,115
2092,Suzanne,BONAMICI,REPRESENTATIVE,D,OR,1,B001278,115
2003,Dennis,ROSS,REPRESENTATIVE,R,FL,15,R000593,115
2003,Dennis,ROSS,REPRESENTATIVE,R,FL,15,R000593,115
2092,Suzanne,BONAMICI,REPRESENTATIVE,D,OR,1,B001278,115
1910,Jared,POLIS,REPRESENTATIVE,D,CO,2,P000598,115
2003,Dennis,ROSS,REPRESENTATIVE,R,FL,15,R000593,115
2092,Suzanne,BONAMICI,REPRESENTATIVE,D,OR,1,B001278,115
2092,Suzanne,BONAMICI,REPRESENTATIVE,D,OR,1,B001278,115
2092,Suzanne,BONAMICI,REPRESENTATIVE,D,OR,1,B001278,115
2332,Jamie,RASKIN,N/A,D,MD,N/A,R000606,115
2332,Jamie,RASKIN,N/A,D,MD,N/A,R000606,115
2003,Dennis,ROSS,REPRESENTATIVE,R,FL,15,R000593,115
2003,Dennis,ROSS,REPRESENTATIVE,R,FL,15,R000593,115
2332,Jamie,RASKIN,N/A,D,MD,N/A,R000606,115
256,Elijah,CUMMINGS,REPRESENTATIVE,D,MD,7,C000984,115
2332,Jamie,RASKIN,N/A,D,MD,N/A,R000606,115
2003,Dennis,ROSS,REPRESENTATIVE,R,FL,15,R000593,115
2332,Jamie,RASKIN,N/A,D,MD,N/A,R000606,115
1811,Gwen,MOORE,SENATOR,D,WI,N/A,M001160,115
1811,Gwen,MOORE,SENATOR,D,WI,N/A,M001160,115
2003,Dennis,ROSS,REPRESENTATIVE,R,FL,15,R000593,115
2003,Dennis,ROSS,REPRESENTATIVE,R,FL,15,R000593,115
1811,Gwen,MOORE,SENATOR,D,WI,N/A,M001160,115
2003,Dennis,ROSS,REPRESENTATIVE,R,FL,15,R000593,115
1811,Gwen,MOORE,SENATOR,D,WI,N/A,M001160,115
256,Elijah,CUMMINGS,REPRESENTATIVE,D,MD,7,C000984,115
256,Elijah,CUMMINGS,REPRESENTATIVE,D,MD,7,C000984,115
256,Elijah,CUMMINGS,REPRESENTATIVE,D,MD,7,C000984,115
2003,Dennis,ROSS,REPRESENTATIVE,R,FL,15,R000593,115
2003,Dennis,ROSS,REPRESENTATIVE,R,FL,15,R000593,115
256,Elijah,CUMMINGS,REPRESENTATIVE,D,MD,7,C000984,115
256,Elijah,CUMMINGS,REPRESENTATIVE,D,MD,7,C000984,115
2003,Dennis,ROSS,REPRESENTATIVE,R,FL,15,R000593,115
256,Elijah,CUMMINGS,REPRESENTATIVE,D,MD,7,C000984,115
2332,Jamie,RASKIN,N/A,D,MD,N/A,R000606,115
2332,Jamie,RASKIN,N/A,D,MD,N/A,R000606,115
2332,Jamie,RASKIN,N/A,D,MD,N/A,R000606,115
2003,Dennis,ROSS,REPRESENTATIVE,R,FL,15,R000593,115
2003,Dennis,ROSS,REPRESENTATIVE,R,FL,15,R000593,115
2332,Jamie,RASKIN,N/A,D,MD,N/A,R000606,115
2332,Jamie,RASKIN,N/A,D,MD,N/A,R000606,115
2197,Bradley,BYRNE,REPRESENTATIVE,R,AL,1,B001289,115
2197,Bradley,BYRNE,REPRESENTATIVE,R,AL,1,B001289,115
2197,Bradley,BYRNE,REPRESENTATIVE,R,AL,1,B001289,115
2197,Bradley,BYRNE,REPRESENTATIVE,R,AL,1,B001289,115
1791,Virginia,FOXX,REPRESENTATIVE,R,NC,5,F000450,115
2197,Bradley,BYRNE,REPRESENTATIVE,R,AL,1,B001289,115
2197,Bradley,BYRNE,REPRESENTATIVE,R,AL,1,B001289,115
2197,Bradley,BYRNE,REPRESENTATIVE,R,AL,1,B001289,115
2319,Darren,SOTO,N/A,D,FL,N/A,S001200,115
2197,Bradley,BYRNE,REPRESENTATIVE,R,AL,1,B001289,115
2110,Mark,TAKANO,REPRESENTATIVE,D,CA,41,T000472,115
2197,Bradley,BYRNE,REPRESENTATIVE,R,AL,1,B001289,115
2197,Bradley,BYRNE,REPRESENTATIVE,R,AL,1,B001289,115
2197,Bradley,BYRNE,REPRESENTATIVE,R,AL,1,B001289,115
2350,Jodey,ARRINGTON,N/A,R,TX,N/A,A000375,115
1525,Pete,SESSIONS,SENATOR,R,TX,N/A,S000250,115
1910,Jared,POLIS,REPRESENTATIVE,D,CO,2,P000598,115
2328,Roger,MARSHALL,N/A,R,KS,N/A,M001198,115
2328,Roger,MARSHALL,N/A,R,KS,N/A,M001198,115
1956,Jason,CHAFFETZ,REPRESENTATIVE,R,UT,3,C001076,115
1956,Jason,CHAFFETZ,REPRESENTATIVE,R,UT,3,C001076,115
2274,Stacey,PLASKETT,DELEGATE,D,VI,N/A,P000610,115
1956,Jason,CHAFFETZ,REPRESENTATIVE,R,UT,3,C001076,115
2334,Paul,MITCHELL,N/A,R,MI,N/A,M001201,115
2274,Stacey,PLASKETT,DELEGATE,D,VI,N/A,P000610,115
1956,Jason,CHAFFETZ,REPRESENTATIVE,R,UT,3,C001076,115
2274,Stacey,PLASKETT,DELEGATE,D,VI,N/A,P000610,115
1956,Jason,CHAFFETZ,REPRESENTATIVE,R,UT,3,C001076,115
2274,Stacey,PLASKETT,DELEGATE,D,VI,N/A,P000610,115
868,Eleanor,NORTON,DELEGATE,D,DC,N/A,N000147,115
1956,Jason,CHAFFETZ,REPRESENTATIVE,R,UT,3,C001076,115
2274,Stacey,PLASKETT,DELEGATE,D,VI,N/A,P000610,115
2055,David,CICILLINE,REPRESENTATIVE,D,RI,1,C001084,115
2274,Stacey,PLASKETT,DELEGATE,D,VI,N/A,P000610,115
1956,Jason,CHAFFETZ,REPRESENTATIVE,R,UT,3,C001076,115
2334,Paul,MITCHELL,N/A,R,MI,N/A,M001201,115
2334,Paul,MITCHELL,N/A,R,MI,N/A,M001201,115
2274,Stacey,PLASKETT,DELEGATE,D,VI,N/A,P000610,115
2274,Stacey,PLASKETT,DELEGATE,D,VI,N/A,P000610,115
2334,Paul,MITCHELL,N/A,R,MI,N/A,M001201,115
2274,Stacey,PLASKETT,DELEGATE,D,VI,N/A,P000610,115
2233,Ken,BUCK,REPRESENTATIVE,R,CO,4,B001297,115
2233,Ken,BUCK,REPRESENTATIVE,R,CO,4,B001297,115
2274,Stacey,PLASKETT,DELEGATE,D,VI,N/A,P000610,115
2274,Stacey,PLASKETT,DELEGATE,D,VI,N/A,P000610,115
2233,Ken,BUCK,REPRESENTATIVE,R,CO,4,B001297,115
2274,Stacey,PLASKETT,DELEGATE,D,VI,N/A,P000610,115
2274,Stacey,PLASKETT,DELEGATE,D,VI,N/A,P000610,115
2274,Stacey,PLASKETT,DELEGATE,D,VI,N/A,P000610,115
2274,Stacey,PLASKETT,DELEGATE,D,VI,N/A,P000610,115
2142,Mark,MEADOWS,REPRESENTATIVE,R,NC,11,M001187,115
2142,Mark,MEADOWS,REPRESENTATIVE,R,NC,11,M001187,115
2274,Stacey,PLASKETT,DELEGATE,D,VI,N/A,P000610,115
2274,Stacey,PLASKETT,DELEGATE,D,VI,N/A,P000610,115
2142,Mark,MEADOWS,REPRESENTATIVE,R,NC,11,M001187,115
2274,Stacey,PLASKETT,DELEGATE,D,VI,N/A,P000610,115
1959,Gerald,CONNOLLY,REPRESENTATIVE,D,VA,11,C001078,115
2274,Stacey,PLASKETT,DELEGATE,D,VI,N/A,P000610,115
2142,Mark,MEADOWS,REPRESENTATIVE,R,NC,11,M001187,115
1956,Jason,CHAFFETZ,REPRESENTATIVE,R,UT,3,C001076,115
1956,Jason,CHAFFETZ,REPRESENTATIVE,R,UT,3,C001076,115
2274,Stacey,PLASKETT,DELEGATE,D,VI,N/A,P000610,115
2274,Stacey,PLASKETT,DELEGATE,D,VI,N/A,P000610,115
1956,Jason,CHAFFETZ,REPRESENTATIVE,R,UT,3,C001076,115
1959,Gerald,CONNOLLY,REPRESENTATIVE,D,VA,11,C001078,115
1959,Gerald,CONNOLLY,REPRESENTATIVE,D,VA,11,C001078,115
1956,Jason,CHAFFETZ,REPRESENTATIVE,R,UT,3,C001076,115
1956,Jason,CHAFFETZ,REPRESENTATIVE,R,UT,3,C001076,115
1959,Gerald,CONNOLLY,REPRESENTATIVE,D,VA,11,C001078,115
1959,Gerald,CONNOLLY,REPRESENTATIVE,D,VA,11,C001078,115
1956,Jason,CHAFFETZ,REPRESENTATIVE,R,UT,3,C001076,115
1959,Gerald,CONNOLLY,REPRESENTATIVE,D,VA,11,C001078,115
2159,Matt,CARTWRIGHT,REPRESENTATIVE,D,PA,17,C001090,115
2159,Matt,CARTWRIGHT,REPRESENTATIVE,D,PA,17,C001090,115
2159,Matt,CARTWRIGHT,REPRESENTATIVE,D,PA,17,C001090,115
2334,Paul,MITCHELL,N/A,R,MI,N/A,M001201,115
2334,Paul,MITCHELL,N/A,R,MI,N/A,M001201,115
2159,Matt,CARTWRIGHT,REPRESENTATIVE,D,PA,17,C001090,115
1959,Gerald,CONNOLLY,REPRESENTATIVE,D,VA,11,C001078,115
1936,Leonard,LANCE,REPRESENTATIVE,R,NJ,7,L000567,115
153,Richard,BURR,SENATOR,R,NC,N/A,B001135,115
2149,Hakeem,JEFFRIES,REPRESENTATIVE,D,NY,8,J000294,115
99,Earl,BLUMENAUER,REPRESENTATIVE,D,OR,3,B000574,115
