speaker_id,first_name,last_name,type,party,state,district,bio_guide_id,congress_id
2345,Brian,FITZPATRICK,REPRESENTATIVE,R,PA,8,F000466,115
452,Lindsey,GRAHAM,REPRESENTATIVE,R,SC,2,G000359,115
172,Maria,CANTWELL,SENATOR,D,WA,N/A,C000127,115
2123,Tammy,DUCKWORTH,REPRESENTATIVE,D,IL,8,D000622,115
2101,Jared,HUFFMAN,REPRESENTATIVE,D,CA,2,H001068,115
1036,Charles,SCHUMER,SENATOR,D,NY,N/A,S000148,115
1036,Charles,SCHUMER,SENATOR,D,NY,N/A,S000148,115
326,Richard,DURBIN,SENATOR,D,IL,N/A,D000563,115
326,Richard,DURBIN,SENATOR,D,IL,N/A,D000563,115
1692,John,CORNYN,SENATOR,R,TX,N/A,C001056,115
457,Chuck,GRASSLEY,SENATOR,R,IA,N/A,G000386,115
2098,Tom,COTTON,SENATOR,R,AR,N/A,C001095,115
2283,Joni,ERNST,SENATOR,R,IA,N/A,E000295,115
2291,Thom,TILLIS,SENATOR,R,NC,N/A,T000476,115
1351,Orrin,HATCH,SENATOR,R,UT,N/A,H000338,115
859,Bill,NELSON,SENATOR,D,FL,N/A,N000032,115
2050,James,LANKFORD,SENATOR,R,OK,N/A,L000575,115
457,Chuck,GRASSLEY,SENATOR,R,IA,N/A,G000386,115
1692,John,CORNYN,SENATOR,R,TX,N/A,C001056,115
326,Richard,DURBIN,SENATOR,D,IL,N/A,D000563,115
2168,Chris,STEWART,REPRESENTATIVE,R,UT,2,S001192,115
2138,Steve,DAINES,SENATOR,R,MT,N/A,D000618,115
1351,Orrin,HATCH,SENATOR,R,UT,N/A,H000338,115
2138,Steve,DAINES,SENATOR,R,MT,N/A,D000618,115
1936,Leonard,LANCE,REPRESENTATIVE,R,NJ,7,L000567,115
1936,Leonard,LANCE,REPRESENTATIVE,R,NJ,7,L000567,115
1936,Leonard,LANCE,REPRESENTATIVE,R,NJ,7,L000567,115
1936,Leonard,LANCE,REPRESENTATIVE,R,NJ,7,L000567,115
1748,Marsha,BLACKBURN,REPRESENTATIVE,R,TN,7,B001243,115
355,Anna,ESHOO,REPRESENTATIVE,D,CA,18,E000215,115
1936,Leonard,LANCE,REPRESENTATIVE,R,NJ,7,L000567,115
1801,Louie,GOHMERT,REPRESENTATIVE,R,TX,1,G000552,115
1936,Leonard,LANCE,REPRESENTATIVE,R,NJ,7,L000567,115
1751,Michael,BURGESS,REPRESENTATIVE,R,TX,26,B001248,115
1936,Leonard,LANCE,REPRESENTATIVE,R,NJ,7,L000567,115
1527,John,SHIMKUS,REPRESENTATIVE,R,IL,15,S000364,115
1936,Leonard,LANCE,REPRESENTATIVE,R,NJ,7,L000567,115
1936,Leonard,LANCE,REPRESENTATIVE,R,NJ,7,L000567,115
1881,John,BARRASSO,SENATOR,R,WY,N/A,B001261,115
2360,Karen,HANDEL,N/A,R,GA,N/A,H001078,115
1668,James,LANGEVIN,REPRESENTATIVE,D,RI,2,L000559,115
2261,Lee,ZELDIN,REPRESENTATIVE,R,NY,1,Z000017,115
1749,Jeb,HENSARLING,REPRESENTATIVE,R,TX,5,H001036,115
2140,Richard,HUDSON,REPRESENTATIVE,R,NC,8,H001067,115
1749,Jeb,HENSARLING,REPRESENTATIVE,R,TX,5,H001036,115
1749,Jeb,HENSARLING,REPRESENTATIVE,R,TX,5,H001036,115
1749,Jeb,HENSARLING,REPRESENTATIVE,R,TX,5,H001036,115
1749,Jeb,HENSARLING,REPRESENTATIVE,R,TX,5,H001036,115
2271,Mia,LOVE,REPRESENTATIVE,R,UT,4,L000584,115
1749,Jeb,HENSARLING,REPRESENTATIVE,R,TX,5,H001036,115
2271,Mia,LOVE,REPRESENTATIVE,R,UT,4,L000584,115
2134,Daniel,KILDEE,REPRESENTATIVE,D,MI,5,K000380,115
1749,Jeb,HENSARLING,REPRESENTATIVE,R,TX,5,H001036,115
1931,Blaine,LUETKEMEYER,REPRESENTATIVE,R,MO,3,L000569,115
1749,Jeb,HENSARLING,REPRESENTATIVE,R,TX,5,H001036,115
2028,Bill,HUIZENGA,REPRESENTATIVE,R,MI,2,H001058,115
1749,Jeb,HENSARLING,REPRESENTATIVE,R,TX,5,H001036,115
2028,Bill,HUIZENGA,REPRESENTATIVE,R,MI,2,H001058,115
1749,Jeb,HENSARLING,REPRESENTATIVE,R,TX,5,H001036,115
2158,Keith,ROTHFUS,REPRESENTATIVE,R,PA,12,R000598,115
1749,Jeb,HENSARLING,REPRESENTATIVE,R,TX,5,H001036,115
2003,Dennis,ROSS,REPRESENTATIVE,R,FL,15,R000593,115
1749,Jeb,HENSARLING,REPRESENTATIVE,R,TX,5,H001036,115
2261,Lee,ZELDIN,REPRESENTATIVE,R,NY,1,Z000017,115
1749,Jeb,HENSARLING,REPRESENTATIVE,R,TX,5,H001036,115
2261,Lee,ZELDIN,REPRESENTATIVE,R,NY,1,Z000017,115
1749,Jeb,HENSARLING,REPRESENTATIVE,R,TX,5,H001036,115
2296,Warren,DAVIDSON,N/A,R,OH,N/A,D000626,115
1749,Jeb,HENSARLING,REPRESENTATIVE,R,TX,5,H001036,115
2296,Warren,DAVIDSON,N/A,R,OH,N/A,D000626,115
1749,Jeb,HENSARLING,REPRESENTATIVE,R,TX,5,H001036,115
1749,Jeb,HENSARLING,REPRESENTATIVE,R,TX,5,H001036,115
1749,Jeb,HENSARLING,REPRESENTATIVE,R,TX,5,H001036,115
1541,Susan,COLLINS,REPRESENTATIVE,R,ME,9,C001035,115
2138,Steve,DAINES,SENATOR,R,MT,N/A,D000618,115
2185,Angus,KING,REPRESENTATIVE,I,ME,4,K000383,115
2291,Thom,TILLIS,SENATOR,R,NC,N/A,T000476,115
2291,Thom,TILLIS,SENATOR,R,NC,N/A,T000476,115
1692,John,CORNYN,SENATOR,R,TX,N/A,C001056,115
1936,Leonard,LANCE,REPRESENTATIVE,R,NJ,7,L000567,115
1936,Leonard,LANCE,REPRESENTATIVE,R,NJ,7,L000567,115
1936,Leonard,LANCE,REPRESENTATIVE,R,NJ,7,L000567,115
1936,Leonard,LANCE,REPRESENTATIVE,R,NJ,7,L000567,115
1748,Marsha,BLACKBURN,REPRESENTATIVE,R,TN,7,B001243,115
1936,Leonard,LANCE,REPRESENTATIVE,R,NJ,7,L000567,115
1936,Leonard,LANCE,REPRESENTATIVE,R,NJ,7,L000567,115
2060,Kristi,NOEM,REPRESENTATIVE,R,SD,0,N000184,115
1936,Leonard,LANCE,REPRESENTATIVE,R,NJ,7,L000567,115
1936,Leonard,LANCE,REPRESENTATIVE,R,NJ,7,L000567,115
2288,Mike,ROUNDS,N/A,R,SD,N/A,R000605,115
2076,Richard,BLUMENTHAL,SENATOR,D,CT,N/A,B001277,115
2291,Thom,TILLIS,SENATOR,R,NC,N/A,T000476,115
1525,Pete,SESSIONS,SENATOR,R,TX,N/A,S000250,115
1525,Pete,SESSIONS,SENATOR,R,TX,N/A,S000250,115
1525,Pete,SESSIONS,SENATOR,R,TX,N/A,S000250,115
1525,Pete,SESSIONS,SENATOR,R,TX,N/A,S000250,115
1069,Louise,SLAUGHTER,REPRESENTATIVE,D,NY,25,S000480,115
1525,Pete,SESSIONS,SENATOR,R,TX,N/A,S000250,115
1069,Louise,SLAUGHTER,REPRESENTATIVE,D,NY,25,S000480,115
1069,Louise,SLAUGHTER,REPRESENTATIVE,D,NY,25,S000480,115
1525,Pete,SESSIONS,SENATOR,R,TX,N/A,S000250,115
2334,Paul,MITCHELL,N/A,R,MI,N/A,M001201,115
1069,Louise,SLAUGHTER,REPRESENTATIVE,D,NY,25,S000480,115
1910,Jared,POLIS,REPRESENTATIVE,D,CO,2,P000598,115
1525,Pete,SESSIONS,SENATOR,R,TX,N/A,S000250,115
1525,Pete,SESSIONS,SENATOR,R,TX,N/A,S000250,115
1069,Louise,SLAUGHTER,REPRESENTATIVE,D,NY,25,S000480,115
1069,Louise,SLAUGHTER,REPRESENTATIVE,D,NY,25,S000480,115
1525,Pete,SESSIONS,SENATOR,R,TX,N/A,S000250,115
1069,Louise,SLAUGHTER,REPRESENTATIVE,D,NY,25,S000480,115
905,Nancy,PELOSI,REPRESENTATIVE,D,CA,12,P000197,115
1525,Pete,SESSIONS,SENATOR,R,TX,N/A,S000250,115
1069,Louise,SLAUGHTER,REPRESENTATIVE,D,NY,25,S000480,115
1525,Pete,SESSIONS,SENATOR,R,TX,N/A,S000250,115
1069,Louise,SLAUGHTER,REPRESENTATIVE,D,NY,25,S000480,115
1525,Pete,SESSIONS,SENATOR,R,TX,N/A,S000250,115
1525,Pete,SESSIONS,SENATOR,R,TX,N/A,S000250,115
1069,Louise,SLAUGHTER,REPRESENTATIVE,D,NY,25,S000480,115
2345,Brian,FITZPATRICK,REPRESENTATIVE,R,PA,8,F000466,115
2140,Richard,HUDSON,REPRESENTATIVE,R,NC,8,H001067,115
1069,Louise,SLAUGHTER,REPRESENTATIVE,D,NY,25,S000480,115
2115,Ted,YOHO,REPRESENTATIVE,R,FL,3,Y000065,115
1036,Charles,SCHUMER,SENATOR,D,NY,N/A,S000148,115
1036,Charles,SCHUMER,SENATOR,D,NY,N/A,S000148,115
2019,Todd,YOUNG,REPRESENTATIVE,R,IN,0,Y000064,115
2019,Todd,YOUNG,REPRESENTATIVE,R,IN,0,Y000064,115
735,Edward,MARKEY,SENATOR,D,MA,N/A,M000133,115
735,Edward,MARKEY,SENATOR,D,MA,N/A,M000133,115
174,Benjamin,CARDIN,SENATOR,D,MD,N/A,C000141,115
1998,Cory,GARDNER,N/A,R,CO,N/A,G000562,115
1692,John,CORNYN,SENATOR,R,TX,N/A,C001056,115
1351,Orrin,HATCH,SENATOR,R,UT,N/A,H000338,115
1351,Orrin,HATCH,SENATOR,R,UT,N/A,H000338,115
1823,Sheldon,WHITEHOUSE,SENATOR,D,RI,N/A,W000802,115
1226,Roger,WICKER,SENATOR,R,MS,N/A,W000437,115
1823,Sheldon,WHITEHOUSE,SENATOR,D,RI,N/A,W000802,115
2290,Dan,SULLIVAN,SENATOR,R,AK,N/A,S001198,115
2290,Dan,SULLIVAN,SENATOR,R,AK,N/A,S001198,115
1828,Robert,CASEY,SENATOR,D,PA,N/A,C001070,115
1226,Roger,WICKER,SENATOR,R,MS,N/A,W000437,115
2290,Dan,SULLIVAN,SENATOR,R,AK,N/A,S001198,115
1226,Roger,WICKER,SENATOR,R,MS,N/A,W000437,115
2290,Dan,SULLIVAN,SENATOR,R,AK,N/A,S001198,115
1633,Jeff,FLAKE,SENATOR,R,AZ,N/A,F000444,115
326,Richard,DURBIN,SENATOR,D,IL,N/A,D000563,115
2288,Mike,ROUNDS,N/A,R,SD,N/A,R000605,115
1383,Patrick,LEAHY,SENATOR,D,VT,N/A,L000174,115
1692,John,CORNYN,SENATOR,R,TX,N/A,C001056,115
1929,Gary,PETERS,REPRESENTATIVE,D,MI,52,P000595,115
1929,Gary,PETERS,REPRESENTATIVE,D,MI,52,P000595,115
2290,Dan,SULLIVAN,SENATOR,R,AK,N/A,S001198,115
2290,Dan,SULLIVAN,SENATOR,R,AK,N/A,S001198,115
2138,Steve,DAINES,SENATOR,R,MT,N/A,D000618,115
2138,Steve,DAINES,SENATOR,R,MT,N/A,D000618,115
924,Rob,PORTMAN,SENATOR,R,OH,N/A,P000449,115
2080,Mike,LEE,REPRESENTATIVE,R,UT,13,L000577,115
2080,Mike,LEE,REPRESENTATIVE,R,UT,13,L000577,115
1925,Bill,CASSIDY,SENATOR,R,LA,N/A,C001075,115
1925,Bill,CASSIDY,SENATOR,R,LA,N/A,C001075,115
213,Thad,COCHRAN,SENATOR,R,MS,N/A,C000567,115
1925,Bill,CASSIDY,SENATOR,R,LA,N/A,C001075,115
1036,Charles,SCHUMER,SENATOR,D,NY,N/A,S000148,115
2082,Rand,PAUL,REPRESENTATIVE,R,KY,4,P000603,115
2082,Rand,PAUL,REPRESENTATIVE,R,KY,4,P000603,115
452,Lindsey,GRAHAM,REPRESENTATIVE,R,SC,2,G000359,115
452,Lindsey,GRAHAM,REPRESENTATIVE,R,SC,2,G000359,115
2082,Rand,PAUL,REPRESENTATIVE,R,KY,4,P000603,115
452,Lindsey,GRAHAM,REPRESENTATIVE,R,SC,2,G000359,115
2082,Rand,PAUL,REPRESENTATIVE,R,KY,4,P000603,115
452,Lindsey,GRAHAM,REPRESENTATIVE,R,SC,2,G000359,115
2082,Rand,PAUL,REPRESENTATIVE,R,KY,4,P000603,115
2082,Rand,PAUL,REPRESENTATIVE,R,KY,4,P000603,115
2082,Rand,PAUL,REPRESENTATIVE,R,KY,4,P000603,115
2291,Thom,TILLIS,SENATOR,R,NC,N/A,T000476,115
2082,Rand,PAUL,REPRESENTATIVE,R,KY,4,P000603,115
2291,Thom,TILLIS,SENATOR,R,NC,N/A,T000476,115
2082,Rand,PAUL,REPRESENTATIVE,R,KY,4,P000603,115
2291,Thom,TILLIS,SENATOR,R,NC,N/A,T000476,115
2291,Thom,TILLIS,SENATOR,R,NC,N/A,T000476,115
2082,Rand,PAUL,REPRESENTATIVE,R,KY,4,P000603,115
1692,John,CORNYN,SENATOR,R,TX,N/A,C001056,115
2082,Rand,PAUL,REPRESENTATIVE,R,KY,4,P000603,115
2082,Rand,PAUL,REPRESENTATIVE,R,KY,4,P000603,115
1692,John,CORNYN,SENATOR,R,TX,N/A,C001056,115
2082,Rand,PAUL,REPRESENTATIVE,R,KY,4,P000603,115
1692,John,CORNYN,SENATOR,R,TX,N/A,C001056,115
2082,Rand,PAUL,REPRESENTATIVE,R,KY,4,P000603,115
1692,John,CORNYN,SENATOR,R,TX,N/A,C001056,115
2082,Rand,PAUL,REPRESENTATIVE,R,KY,4,P000603,115
1692,John,CORNYN,SENATOR,R,TX,N/A,C001056,115
2082,Rand,PAUL,REPRESENTATIVE,R,KY,4,P000603,115
1692,John,CORNYN,SENATOR,R,TX,N/A,C001056,115
2082,Rand,PAUL,REPRESENTATIVE,R,KY,4,P000603,115
1692,John,CORNYN,SENATOR,R,TX,N/A,C001056,115
2082,Rand,PAUL,REPRESENTATIVE,R,KY,4,P000603,115
1692,John,CORNYN,SENATOR,R,TX,N/A,C001056,115
2082,Rand,PAUL,REPRESENTATIVE,R,KY,4,P000603,115
1692,John,CORNYN,SENATOR,R,TX,N/A,C001056,115
2082,Rand,PAUL,REPRESENTATIVE,R,KY,4,P000603,115
1692,John,CORNYN,SENATOR,R,TX,N/A,C001056,115
2082,Rand,PAUL,REPRESENTATIVE,R,KY,4,P000603,115
1692,John,CORNYN,SENATOR,R,TX,N/A,C001056,115
2082,Rand,PAUL,REPRESENTATIVE,R,KY,4,P000603,115
1692,John,CORNYN,SENATOR,R,TX,N/A,C001056,115
2082,Rand,PAUL,REPRESENTATIVE,R,KY,4,P000603,115
2080,Mike,LEE,REPRESENTATIVE,R,UT,13,L000577,115
1395,Mitch,KING,REPRESENTATIVE,R,KY,4,M000355,115
2080,Mike,LEE,REPRESENTATIVE,R,UT,13,L000577,115
2082,Rand,PAUL,REPRESENTATIVE,R,KY,4,P000603,115
2288,Mike,ROUNDS,N/A,R,SD,N/A,R000605,115
1692,John,CORNYN,SENATOR,R,TX,N/A,C001056,115
1692,John,CORNYN,SENATOR,R,TX,N/A,C001056,115
478,Luis,GUTIERREZ,REPRESENTATIVE,D,IL,4,G000535,115
