speaker_id,first_name,last_name,type,party,state,district,bio_guide_id,congress_id
1542,Michael,ENZI,SENATOR,R,WY,N/A,E000285,115
1542,Michael,ENZI,SENATOR,R,WY,N/A,E000285,115
1184,Nydia,VELAZQUEZ,REPRESENTATIVE,D,NY,7,V000081,115
1692,John,CORNYN,SENATOR,R,TX,N/A,C001056,115
326,Richard,DURBIN,SENATOR,D,IL,N/A,D000563,115
1994,David,SCHWEIKERT,REPRESENTATIVE,R,AZ,6,S001183,115
854,Richard,NEAL,REPRESENTATIVE,D,MA,1,N000015,115
854,Richard,NEAL,REPRESENTATIVE,D,MA,1,N000015,115
1710,Devin,NUNES,REPRESENTATIVE,R,CA,22,N000181,115
854,Richard,NEAL,REPRESENTATIVE,D,MA,1,N000015,115
683,Sander,LEVIN,REPRESENTATIVE,D,MI,9,L000263,115
1848,Peter,ROSKAM,REPRESENTATIVE,R,IL,6,R000580,115
854,Richard,NEAL,REPRESENTATIVE,D,MA,1,N000015,115
854,Richard,NEAL,REPRESENTATIVE,D,MA,1,N000015,115
2063,Diane,BLACK,REPRESENTATIVE,R,TN,6,B001273,115
854,Richard,NEAL,REPRESENTATIVE,D,MA,1,N000015,115
566,Steny,HOYER,REPRESENTATIVE,D,MD,5,H000874,115
854,Richard,NEAL,REPRESENTATIVE,D,MA,1,N000015,115
566,Steny,HOYER,REPRESENTATIVE,D,MD,5,H000874,115
2060,Kristi,NOEM,REPRESENTATIVE,R,SD,0,N000184,115
854,Richard,NEAL,REPRESENTATIVE,D,MA,1,N000015,115
303,Lloyd,DOGGETT,REPRESENTATIVE,D,TX,35,D000399,115
1664,Patrick,TIBERI,REPRESENTATIVE,R,OH,12,T000462,115
854,Richard,NEAL,REPRESENTATIVE,D,MA,1,N000015,115
854,Richard,NEAL,REPRESENTATIVE,D,MA,1,N000015,115
1930,Erik,PAULSEN,REPRESENTATIVE,R,MN,3,P000594,115
854,Richard,NEAL,REPRESENTATIVE,D,MA,1,N000015,115
99,Earl,BLUMENAUER,REPRESENTATIVE,D,OR,3,B000574,115
854,Richard,NEAL,REPRESENTATIVE,D,MA,1,N000015,115
1498,Ron,KIND,REPRESENTATIVE,D,WI,3,K000188,115
1892,Steve,SCALISE,REPRESENTATIVE,R,LA,1,S001176,115
854,Richard,NEAL,REPRESENTATIVE,D,MA,1,N000015,115
1510,Bill,PASCRELL,REPRESENTATIVE,D,NJ,9,P000096,115
1806,Kenny,MARCHANT,REPRESENTATIVE,R,TX,24,M001158,115
854,Richard,NEAL,REPRESENTATIVE,D,MA,1,N000015,115
1604,Joseph,CROWLEY,REPRESENTATIVE,D,NY,14,C001038,115
1982,Tom,REED,REPRESENTATIVE,R,NY,23,R000585,115
854,Richard,NEAL,REPRESENTATIVE,D,MA,1,N000015,115
2143,George,HOLDING,REPRESENTATIVE,R,NC,13,H001065,115
854,Richard,NEAL,REPRESENTATIVE,D,MA,1,N000015,115
854,Richard,NEAL,REPRESENTATIVE,D,MA,1,N000015,115
854,Richard,NEAL,REPRESENTATIVE,D,MA,1,N000015,115
2128,Jackie,WALORSKI,REPRESENTATIVE,R,IN,2,W000813,115
854,Richard,NEAL,REPRESENTATIVE,D,MA,1,N000015,115
854,Richard,NEAL,REPRESENTATIVE,D,MA,1,N000015,115
1184,Nydia,VELAZQUEZ,REPRESENTATIVE,D,NY,7,V000081,115
1994,David,SCHWEIKERT,REPRESENTATIVE,R,AZ,6,S001183,115
854,Richard,NEAL,REPRESENTATIVE,D,MA,1,N000015,115
208,James,CLYBURN,REPRESENTATIVE,D,SC,6,C000537,115
2158,Keith,ROTHFUS,REPRESENTATIVE,R,PA,12,R000598,115
854,Richard,NEAL,REPRESENTATIVE,D,MA,1,N000015,115
905,Nancy,PELOSI,REPRESENTATIVE,D,CA,12,P000197,115
854,Richard,NEAL,REPRESENTATIVE,D,MA,1,N000015,115
854,Richard,NEAL,REPRESENTATIVE,D,MA,1,N000015,115
854,Richard,NEAL,REPRESENTATIVE,D,MA,1,N000015,115
854,Richard,NEAL,REPRESENTATIVE,D,MA,1,N000015,115
854,Richard,NEAL,REPRESENTATIVE,D,MA,1,N000015,115
854,Richard,NEAL,REPRESENTATIVE,D,MA,1,N000015,115
854,Richard,NEAL,REPRESENTATIVE,D,MA,1,N000015,115
1692,John,CORNYN,SENATOR,R,TX,N/A,C001056,115
1825,Bob,CORKER,SENATOR,R,TN,N/A,C001071,115
1994,David,SCHWEIKERT,REPRESENTATIVE,R,AZ,6,S001183,115
250,Mike,CRAPO,SENATOR,R,ID,N/A,C000880,115
1774,Jim,COSTA,REPRESENTATIVE,D,CA,16,C001059,115
2065,Bill,FLORES,REPRESENTATIVE,R,TX,17,F000461,115
2065,Bill,FLORES,REPRESENTATIVE,R,TX,17,F000461,115
2065,Bill,FLORES,REPRESENTATIVE,R,TX,17,F000461,115
2065,Bill,FLORES,REPRESENTATIVE,R,TX,17,F000461,115
99,Earl,BLUMENAUER,REPRESENTATIVE,D,OR,3,B000574,115
1855,Tim,WALBERG,REPRESENTATIVE,R,MI,7,W000798,115
2291,Thom,TILLIS,SENATOR,R,NC,N/A,T000476,115
1036,Charles,SCHUMER,SENATOR,D,NY,N/A,S000148,115
1542,Michael,ENZI,SENATOR,R,WY,N/A,E000285,115
1247,Ron,WYDEN,SENATOR,D,OR,N/A,W000779,115
1351,Orrin,HATCH,SENATOR,R,UT,N/A,H000338,115
1351,Orrin,HATCH,SENATOR,R,UT,N/A,H000338,115
1608,Johnny,ISAKSON,SENATOR,R,GA,N/A,I000055,115
1608,Johnny,ISAKSON,SENATOR,R,GA,N/A,I000055,115
172,Maria,CANTWELL,SENATOR,D,WA,N/A,C000127,115
172,Maria,CANTWELL,SENATOR,D,WA,N/A,C000127,115
735,Edward,MARKEY,SENATOR,D,MA,N/A,M000133,115
1534,John,THUNE,SENATOR,R,SD,N/A,T000250,115
2138,Steve,DAINES,SENATOR,R,MT,N/A,D000618,115
1010,Bernard,SANDERS,SENATOR,I,VT,N/A,S000033,115
1247,Ron,WYDEN,SENATOR,D,OR,N/A,W000779,115
1010,Bernard,SANDERS,SENATOR,I,VT,N/A,S000033,115
1010,Bernard,SANDERS,SENATOR,I,VT,N/A,S000033,115
1247,Ron,WYDEN,SENATOR,D,OR,N/A,W000779,115
1010,Bernard,SANDERS,SENATOR,I,VT,N/A,S000033,115
1247,Ron,WYDEN,SENATOR,D,OR,N/A,W000779,115
1010,Bernard,SANDERS,SENATOR,I,VT,N/A,S000033,115
1247,Ron,WYDEN,SENATOR,D,OR,N/A,W000779,115
1010,Bernard,SANDERS,SENATOR,I,VT,N/A,S000033,115
1542,Michael,ENZI,SENATOR,R,WY,N/A,E000285,115
1694,Lisa,MURKOWSKI,SENATOR,R,AK,N/A,M001153,115
949,Jack,REED,REPRESENTATIVE,D,RI,23,R000122,115
1863,Dean,HELLER,SENATOR,R,NV,N/A,H001041,115
1850,Joe,DONNELLY,SENATOR,D,IN,N/A,D000607,115
1850,Joe,DONNELLY,SENATOR,D,IN,N/A,D000607,115
457,Chuck,GRASSLEY,SENATOR,R,IA,N/A,G000386,115
1383,Patrick,LEAHY,SENATOR,D,VT,N/A,L000174,115
452,Lindsey,GRAHAM,REPRESENTATIVE,R,SC,2,G000359,115
1826,Amy,KLOBUCHAR,SENATOR,D,MN,N/A,K000367,115
1351,Orrin,HATCH,SENATOR,R,UT,N/A,H000338,115
153,Richard,BURR,SENATOR,R,NC,N/A,B001135,115
2079,John,HOEVEN,SENATOR,R,ND,N/A,H001061,115
2291,Thom,TILLIS,SENATOR,R,NC,N/A,T000476,115
2050,James,LANKFORD,SENATOR,R,OK,N/A,L000575,115
2286,David,PERDUE,SENATOR,R,GA,N/A,P000612,115
1351,Orrin,HATCH,SENATOR,R,UT,N/A,H000338,115
2286,David,PERDUE,SENATOR,R,GA,N/A,P000612,115
1567,Tom,UDALL,SENATOR,D,NM,N/A,U000039,115
1829,Jon,TESTER,SENATOR,D,MT,N/A,T000464,115
2173,Brian,SCHATZ,SENATOR,D,HI,N/A,S001194,115
1594,Patrick,TOOMEY,SENATOR,R,PA,N/A,T000461,115
136,Sherrod,BROWN,REPRESENTATIVE,D,OH,26,B000944,115
924,Rob,PORTMAN,SENATOR,R,OH,N/A,P000449,115
1351,Orrin,HATCH,SENATOR,R,UT,N/A,H000338,115
1828,Robert,CASEY,SENATOR,D,PA,N/A,C001070,115
1247,Ron,WYDEN,SENATOR,D,OR,N/A,W000779,115
1247,Ron,WYDEN,SENATOR,D,OR,N/A,W000779,115
1828,Robert,CASEY,SENATOR,D,PA,N/A,C001070,115
2019,Todd,YOUNG,REPRESENTATIVE,R,IN,0,Y000064,115
2182,Elizabeth,WARREN,SENATOR,D,MA,N/A,W000817,115
326,Richard,DURBIN,SENATOR,D,IL,N/A,D000563,115
2286,David,PERDUE,SENATOR,R,GA,N/A,P000612,115
174,Benjamin,CARDIN,SENATOR,D,MD,N/A,C000141,115
2290,Dan,SULLIVAN,SENATOR,R,AK,N/A,S001198,115
179,Thomas,CARPER,SENATOR,D,DE,N/A,C000174,115
1351,Orrin,HATCH,SENATOR,R,UT,N/A,H000338,115
136,Sherrod,BROWN,REPRESENTATIVE,D,OH,26,B000944,115
1351,Orrin,HATCH,SENATOR,R,UT,N/A,H000338,115
136,Sherrod,BROWN,REPRESENTATIVE,D,OH,26,B000944,115
1351,Orrin,HATCH,SENATOR,R,UT,N/A,H000338,115
136,Sherrod,BROWN,REPRESENTATIVE,D,OH,26,B000944,115
1351,Orrin,HATCH,SENATOR,R,UT,N/A,H000338,115
136,Sherrod,BROWN,REPRESENTATIVE,D,OH,26,B000944,115
1351,Orrin,HATCH,SENATOR,R,UT,N/A,H000338,115
1351,Orrin,HATCH,SENATOR,R,UT,N/A,H000338,115
2056,Tim,SCOTT,REPRESENTATIVE,R,SC,52,S001184,115
1900,Jeff,MERKLEY,SENATOR,D,OR,N/A,M001176,115
1929,Gary,PETERS,REPRESENTATIVE,D,MI,52,P000595,115
2175,Ted,CRUZ,SENATOR,R,TX,N/A,C001098,115
1542,Michael,ENZI,SENATOR,R,WY,N/A,E000285,115
1247,Ron,WYDEN,SENATOR,D,OR,N/A,W000779,115
1036,Charles,SCHUMER,SENATOR,D,NY,N/A,S000148,115
1036,Charles,SCHUMER,SENATOR,D,NY,N/A,S000148,115
1036,Charles,SCHUMER,SENATOR,D,NY,N/A,S000148,115
1692,John,CORNYN,SENATOR,R,TX,N/A,C001056,115
1692,John,CORNYN,SENATOR,R,TX,N/A,C001056,115
1692,John,CORNYN,SENATOR,R,TX,N/A,C001056,115
2343,John,FASO,N/A,R,NY,N/A,F000464,115
1892,Steve,SCALISE,REPRESENTATIVE,R,LA,1,S001176,115
868,Eleanor,NORTON,DELEGATE,D,DC,N/A,N000147,115
868,Eleanor,NORTON,DELEGATE,D,DC,N/A,N000147,115
868,Eleanor,NORTON,DELEGATE,D,DC,N/A,N000147,115
2252,Brenda,LAWRENCE,REPRESENTATIVE,D,MI,14,L000581,115
868,Eleanor,NORTON,DELEGATE,D,DC,N/A,N000147,115
1687,John,BOOZMAN,SENATOR,R,AR,N/A,B001236,115
1036,Charles,SCHUMER,SENATOR,D,NY,N/A,S000148,115
1837,Christopher,MURPHY,SENATOR,D,CT,N/A,M001169,115
1930,Erik,PAULSEN,REPRESENTATIVE,R,MN,3,P000594,115
2345,Brian,FITZPATRICK,REPRESENTATIVE,R,PA,8,F000466,115
2345,Brian,FITZPATRICK,REPRESENTATIVE,R,PA,8,F000466,115
2345,Brian,FITZPATRICK,REPRESENTATIVE,R,PA,8,F000466,115
2055,David,CICILLINE,REPRESENTATIVE,D,RI,1,C001084,115
583,James,INHOFE,SENATOR,R,OK,N/A,I000024,115
1835,Ed,PERLMUTTER,REPRESENTATIVE,D,CO,7,P000593,115
1749,Jeb,HENSARLING,REPRESENTATIVE,R,TX,5,H001036,115
1749,Jeb,HENSARLING,REPRESENTATIVE,R,TX,5,H001036,115
1749,Jeb,HENSARLING,REPRESENTATIVE,R,TX,5,H001036,115
1749,Jeb,HENSARLING,REPRESENTATIVE,R,TX,5,H001036,115
1931,Blaine,LUETKEMEYER,REPRESENTATIVE,R,MO,3,L000569,115
1749,Jeb,HENSARLING,REPRESENTATIVE,R,TX,5,H001036,115
2137,Ann,WAGNER,REPRESENTATIVE,R,MO,2,W000812,115
1749,Jeb,HENSARLING,REPRESENTATIVE,R,TX,5,H001036,115
2131,Andy,BARR,REPRESENTATIVE,R,KY,11,B001282,115
1749,Jeb,HENSARLING,REPRESENTATIVE,R,TX,5,H001036,115
1749,Jeb,HENSARLING,REPRESENTATIVE,R,TX,5,H001036,115
2015,Randy,HULTGREN,REPRESENTATIVE,R,IL,14,H001059,115
1854,John,SARBANES,REPRESENTATIVE,D,MD,3,S001168,115
1749,Jeb,HENSARLING,REPRESENTATIVE,R,TX,5,H001036,115
2253,Tom,EMMER,REPRESENTATIVE,R,MN,6,E000294,115
1749,Jeb,HENSARLING,REPRESENTATIVE,R,TX,5,H001036,115
1749,Jeb,HENSARLING,REPRESENTATIVE,R,TX,5,H001036,115
1749,Jeb,HENSARLING,REPRESENTATIVE,R,TX,5,H001036,115
1749,Jeb,HENSARLING,REPRESENTATIVE,R,TX,5,H001036,115
1749,Jeb,HENSARLING,REPRESENTATIVE,R,TX,5,H001036,115
1749,Jeb,HENSARLING,REPRESENTATIVE,R,TX,5,H001036,115
2223,J.,HILL,REPRESENTATIVE,R,AR,2,H001072,115
1749,Jeb,HENSARLING,REPRESENTATIVE,R,TX,5,H001036,115
2223,J.,HILL,REPRESENTATIVE,R,AR,2,H001072,115
1749,Jeb,HENSARLING,REPRESENTATIVE,R,TX,5,H001036,115
2247,Bruce,POLIQUIN,REPRESENTATIVE,R,ME,2,P000611,115
1749,Jeb,HENSARLING,REPRESENTATIVE,R,TX,5,H001036,115
2296,Warren,DAVIDSON,N/A,R,OH,N/A,D000626,115
1811,Gwen,MOORE,SENATOR,D,WI,N/A,M001160,115
1749,Jeb,HENSARLING,REPRESENTATIVE,R,TX,5,H001036,115
2327,Trey,HOLLINGSWORTH,N/A,R,IN,N/A,H001074,115
1749,Jeb,HENSARLING,REPRESENTATIVE,R,TX,5,H001036,115
2338,Josh,GOTTHEIMER,N/A,D,NJ,N/A,G000583,115
1749,Jeb,HENSARLING,REPRESENTATIVE,R,TX,5,H001036,115
1749,Jeb,HENSARLING,REPRESENTATIVE,R,TX,5,H001036,115
1686,Stephen,LYNCH,REPRESENTATIVE,D,MA,8,L000562,115
2076,Richard,BLUMENTHAL,SENATOR,D,CT,N/A,B001277,115
583,James,INHOFE,SENATOR,R,OK,N/A,I000024,115
1531,Debbie,STABENOW,SENATOR,D,MI,N/A,S000770,115
1534,John,THUNE,SENATOR,R,SD,N/A,T000250,115
2019,Todd,YOUNG,REPRESENTATIVE,R,IN,0,Y000064,115
2361,Ralph,NORMAN,N/A,R,SC,N/A,N000190,115
2166,Marc,VEASEY,REPRESENTATIVE,D,TX,33,V000131,115
1853,John,YARMUTH,REPRESENTATIVE,D,KY,3,Y000062,115
1036,Charles,SCHUMER,SENATOR,D,NY,N/A,S000148,115
2201,Alma,ADAMS,REPRESENTATIVE,D,NC,12,A000370,115
2346,Lloyd,SMUCKER,N/A,R,PA,N/A,S001199,115
1881,John,BARRASSO,SENATOR,R,WY,N/A,B001261,115
172,Maria,CANTWELL,SENATOR,D,WA,N/A,C000127,115
1692,John,CORNYN,SENATOR,R,TX,N/A,C001056,115
868,Eleanor,NORTON,DELEGATE,D,DC,N/A,N000147,115
2008,Rob,WOODALL,REPRESENTATIVE,R,GA,7,W000810,115
868,Eleanor,NORTON,DELEGATE,D,DC,N/A,N000147,115
2229,Pete,AGUILAR,REPRESENTATIVE,D,CA,31,A000371,115
868,Eleanor,NORTON,DELEGATE,D,DC,N/A,N000147,115
616,Marcy,KAPTUR,REPRESENTATIVE,D,OH,8,K000009,115
326,Richard,DURBIN,SENATOR,D,IL,N/A,D000563,115
1881,John,BARRASSO,SENATOR,R,WY,N/A,B001261,115
2115,Ted,YOHO,REPRESENTATIVE,R,FL,3,Y000065,115
1049,Richard,SHELBY,SENATOR,R,AL,N/A,S000320,115
2223,J.,HILL,REPRESENTATIVE,R,AR,2,H001072,115
99999999999999,First Name unavailable,JAYAPAL,Type Unavailable,Party Info Unavailable,state info unavailable,District Unavailable,BioGuideID unavailable,CongressID unavailable
2202,Donald,NORCROSS,REPRESENTATIVE,D,NJ,1,N000188,115
2273,Barbara,COMSTOCK,REPRESENTATIVE,R,VA,10,C001105,115
1602,Grace,NAPOLITANO,REPRESENTATIVE,D,CA,32,N000179,115
2354,Pramila,JAYAPAL,N/A,D,WA,N/A,J000298,115
303,Lloyd,DOGGETT,REPRESENTATIVE,D,TX,35,D000399,115
868,Eleanor,NORTON,DELEGATE,D,DC,N/A,N000147,115
2264,John,KATKO,REPRESENTATIVE,R,NY,24,K000386,115
868,Eleanor,NORTON,DELEGATE,D,DC,N/A,N000147,115
2336,Ted,BUDD,REPRESENTATIVE,R,NC,1,B001305,115
2342,Adriano,ESPAILLAT,N/A,D,NY,N/A,E000297,115
1525,Pete,SESSIONS,SENATOR,R,TX,N/A,S000250,115
1525,Pete,SESSIONS,SENATOR,R,TX,N/A,S000250,115
1525,Pete,SESSIONS,SENATOR,R,TX,N/A,S000250,115
1525,Pete,SESSIONS,SENATOR,R,TX,N/A,S000250,115
1069,Louise,SLAUGHTER,REPRESENTATIVE,D,NY,25,S000480,115
1525,Pete,SESSIONS,SENATOR,R,TX,N/A,S000250,115
1931,Blaine,LUETKEMEYER,REPRESENTATIVE,R,MO,3,L000569,115
1069,Louise,SLAUGHTER,REPRESENTATIVE,D,NY,25,S000480,115
303,Lloyd,DOGGETT,REPRESENTATIVE,D,TX,35,D000399,115
1525,Pete,SESSIONS,SENATOR,R,TX,N/A,S000250,115
2334,Paul,MITCHELL,N/A,R,MI,N/A,M001201,115
1069,Louise,SLAUGHTER,REPRESENTATIVE,D,NY,25,S000480,115
1525,Pete,SESSIONS,SENATOR,R,TX,N/A,S000250,115
1069,Louise,SLAUGHTER,REPRESENTATIVE,D,NY,25,S000480,115
1853,John,YARMUTH,REPRESENTATIVE,D,KY,3,Y000062,115
1525,Pete,SESSIONS,SENATOR,R,TX,N/A,S000250,115
2197,Bradley,BYRNE,REPRESENTATIVE,R,AL,1,B001289,115
1069,Louise,SLAUGHTER,REPRESENTATIVE,D,NY,25,S000480,115
1857,Keith,ELLISON,REPRESENTATIVE,D,MN,5,E000288,115
1525,Pete,SESSIONS,SENATOR,R,TX,N/A,S000250,115
1069,Louise,SLAUGHTER,REPRESENTATIVE,D,NY,25,S000480,115
1501,Barbara,LEE,REPRESENTATIVE,D,CA,13,L000551,115
1525,Pete,SESSIONS,SENATOR,R,TX,N/A,S000250,115
1069,Louise,SLAUGHTER,REPRESENTATIVE,D,NY,25,S000480,115
1668,James,LANGEVIN,REPRESENTATIVE,D,RI,2,L000559,115
1525,Pete,SESSIONS,SENATOR,R,TX,N/A,S000250,115
1069,Louise,SLAUGHTER,REPRESENTATIVE,D,NY,25,S000480,115
1525,Pete,SESSIONS,SENATOR,R,TX,N/A,S000250,115
1069,Louise,SLAUGHTER,REPRESENTATIVE,D,NY,25,S000480,115
1879,Peter,WELCH,REPRESENTATIVE,D,VT,0,W000800,115
1525,Pete,SESSIONS,SENATOR,R,TX,N/A,S000250,115
62,Joe,BARTON,REPRESENTATIVE,R,TX,6,B000213,115
1069,Louise,SLAUGHTER,REPRESENTATIVE,D,NY,25,S000480,115
1525,Pete,SESSIONS,SENATOR,R,TX,N/A,S000250,115
2008,Rob,WOODALL,REPRESENTATIVE,R,GA,7,W000810,115
1069,Louise,SLAUGHTER,REPRESENTATIVE,D,NY,25,S000480,115
1069,Louise,SLAUGHTER,REPRESENTATIVE,D,NY,25,S000480,115
344,Eliot,ENGEL,REPRESENTATIVE,D,NY,16,E000179,115
1525,Pete,SESSIONS,SENATOR,R,TX,N/A,S000250,115
1069,Louise,SLAUGHTER,REPRESENTATIVE,D,NY,25,S000480,115
2055,David,CICILLINE,REPRESENTATIVE,D,RI,1,C001084,115
1525,Pete,SESSIONS,SENATOR,R,TX,N/A,S000250,115
1069,Louise,SLAUGHTER,REPRESENTATIVE,D,NY,25,S000480,115
1525,Pete,SESSIONS,SENATOR,R,TX,N/A,S000250,115
1525,Pete,SESSIONS,SENATOR,R,TX,N/A,S000250,115
1069,Louise,SLAUGHTER,REPRESENTATIVE,D,NY,25,S000480,115
1069,Louise,SLAUGHTER,REPRESENTATIVE,D,NY,25,S000480,115
1036,Charles,SCHUMER,SENATOR,D,NY,N/A,S000148,115
1692,John,CORNYN,SENATOR,R,TX,N/A,C001056,115
859,Bill,NELSON,SENATOR,D,FL,N/A,N000032,115
1896,James,RISCH,SENATOR,R,ID,N/A,R000584,114
250,Mike,CRAPO,SENATOR,R,ID,N/A,C000880,115
1857,Keith,ELLISON,REPRESENTATIVE,D,MN,5,E000288,115
1901,Jeanne,SHAHEEN,SENATOR,D,NH,N/A,S001181,115
2344,Claudia,TENNEY,N/A,R,NY,N/A,T000478,115
2138,Steve,DAINES,SENATOR,R,MT,N/A,D000618,115
1541,Susan,COLLINS,REPRESENTATIVE,R,ME,9,C001035,115
1036,Charles,SCHUMER,SENATOR,D,NY,N/A,S000148,115
2319,Darren,SOTO,N/A,D,FL,N/A,S001200,115
457,Chuck,GRASSLEY,SENATOR,R,IA,N/A,G000386,115
1973,John,GARAMENDI,REPRESENTATIVE,D,CA,3,G000559,115
1973,John,GARAMENDI,REPRESENTATIVE,D,CA,3,G000559,115
1973,John,GARAMENDI,REPRESENTATIVE,D,CA,3,G000559,115
1835,Ed,PERLMUTTER,REPRESENTATIVE,D,CO,7,P000593,115
1973,John,GARAMENDI,REPRESENTATIVE,D,CA,3,G000559,115
2055,David,CICILLINE,REPRESENTATIVE,D,RI,1,C001084,115
1973,John,GARAMENDI,REPRESENTATIVE,D,CA,3,G000559,115
2055,David,CICILLINE,REPRESENTATIVE,D,RI,1,C001084,115
1973,John,GARAMENDI,REPRESENTATIVE,D,CA,3,G000559,115
1973,John,GARAMENDI,REPRESENTATIVE,D,CA,3,G000559,115
1973,John,GARAMENDI,REPRESENTATIVE,D,CA,3,G000559,115
1973,John,GARAMENDI,REPRESENTATIVE,D,CA,3,G000559,115
2332,Jamie,RASKIN,N/A,D,MD,N/A,R000606,115
1973,John,GARAMENDI,REPRESENTATIVE,D,CA,3,G000559,115
2332,Jamie,RASKIN,N/A,D,MD,N/A,R000606,115
1973,John,GARAMENDI,REPRESENTATIVE,D,CA,3,G000559,115
2332,Jamie,RASKIN,N/A,D,MD,N/A,R000606,115
1973,John,GARAMENDI,REPRESENTATIVE,D,CA,3,G000559,115
2332,Jamie,RASKIN,N/A,D,MD,N/A,R000606,115
1973,John,GARAMENDI,REPRESENTATIVE,D,CA,3,G000559,115
2332,Jamie,RASKIN,N/A,D,MD,N/A,R000606,115
1973,John,GARAMENDI,REPRESENTATIVE,D,CA,3,G000559,115
2332,Jamie,RASKIN,N/A,D,MD,N/A,R000606,115
1973,John,GARAMENDI,REPRESENTATIVE,D,CA,3,G000559,115
172,Maria,CANTWELL,SENATOR,D,WA,N/A,C000127,115
2122,Tulsi,GABBARD,REPRESENTATIVE,D,HI,2,G000571,115
2297,James,COMER,N/A,R,KY,N/A,C001108,115
583,James,INHOFE,SENATOR,R,OK,N/A,I000024,115
583,James,INHOFE,SENATOR,R,OK,N/A,I000024,115
2127,Cheri,BUSTOS,REPRESENTATIVE,D,IL,17,B001286,115
2176,Tim,KAINE,SENATOR,D,VA,N/A,K000384,115
583,James,INHOFE,SENATOR,R,OK,N/A,I000024,115
1531,Debbie,STABENOW,SENATOR,D,MI,N/A,S000770,115
2097,Donald,PAYNE,REPRESENTATIVE,D,NJ,10,P000604,115
