speaker_id,first_name,last_name,type,party,state,district,bio_guide_id,congress_id
2224,Bruce,WESTERMAN,REPRESENTATIVE,R,AR,4,W000821,115
1567,Tom,UDALL,SENATOR,D,NM,N/A,U000039,115
949,Jack,REED,REPRESENTATIVE,D,RI,23,R000122,115
968,Pat,ROBERTS,SENATOR,R,KS,N/A,R000307,115
250,Mike,CRAPO,SENATOR,R,ID,N/A,C000880,115
136,Sherrod,BROWN,REPRESENTATIVE,D,OH,26,B000944,115
2055,David,CICILLINE,REPRESENTATIVE,D,RI,1,C001084,115
1542,Michael,ENZI,SENATOR,R,WY,N/A,E000285,115
1542,Michael,ENZI,SENATOR,R,WY,N/A,E000285,115
1542,Michael,ENZI,SENATOR,R,WY,N/A,E000285,115
1742,Tom,COLE,REPRESENTATIVE,R,OK,12,C001053,115
1989,Eric,CRAWFORD,REPRESENTATIVE,R,AR,1,C001087,115
2111,Alan,LOWENTHAL,REPRESENTATIVE,D,CA,47,L000579,115
854,Richard,NEAL,REPRESENTATIVE,D,MA,1,N000015,115
1664,Patrick,TIBERI,REPRESENTATIVE,R,OH,12,T000462,115
854,Richard,NEAL,REPRESENTATIVE,D,MA,1,N000015,115
1664,Patrick,TIBERI,REPRESENTATIVE,R,OH,12,T000462,115
1751,Michael,BURGESS,REPRESENTATIVE,R,TX,26,B001248,115
854,Richard,NEAL,REPRESENTATIVE,D,MA,1,N000015,115
1510,Bill,PASCRELL,REPRESENTATIVE,D,NJ,9,P000096,115
1664,Patrick,TIBERI,REPRESENTATIVE,R,OH,12,T000462,115
854,Richard,NEAL,REPRESENTATIVE,D,MA,1,N000015,115
1664,Patrick,TIBERI,REPRESENTATIVE,R,OH,12,T000462,115
2063,Diane,BLACK,REPRESENTATIVE,R,TN,6,B001273,115
854,Richard,NEAL,REPRESENTATIVE,D,MA,1,N000015,115
1814,Doris,MATSUI,REPRESENTATIVE,D,CA,6,M001163,115
1664,Patrick,TIBERI,REPRESENTATIVE,R,OH,12,T000462,115
854,Richard,NEAL,REPRESENTATIVE,D,MA,1,N000015,115
303,Lloyd,DOGGETT,REPRESENTATIVE,D,TX,35,D000399,115
1664,Patrick,TIBERI,REPRESENTATIVE,R,OH,12,T000462,115
854,Richard,NEAL,REPRESENTATIVE,D,MA,1,N000015,115
1664,Patrick,TIBERI,REPRESENTATIVE,R,OH,12,T000462,115
2134,Daniel,KILDEE,REPRESENTATIVE,D,MI,5,K000380,115
2243,Mike,BOST,REPRESENTATIVE,R,IL,12,B001295,115
2345,Brian,FITZPATRICK,REPRESENTATIVE,R,PA,8,F000466,115
2293,Daniel,DONOVAN,REPRESENTATIVE,R,NY,11,D000625,115
2293,Daniel,DONOVAN,REPRESENTATIVE,R,NY,11,D000625,115
2293,Daniel,DONOVAN,REPRESENTATIVE,R,NY,11,D000625,115
2097,Donald,PAYNE,REPRESENTATIVE,D,NJ,10,P000604,115
2293,Daniel,DONOVAN,REPRESENTATIVE,R,NY,11,D000625,115
2261,Lee,ZELDIN,REPRESENTATIVE,R,NY,1,Z000017,115
2097,Donald,PAYNE,REPRESENTATIVE,D,NJ,10,P000604,115
1836,Joe,COURTNEY,REPRESENTATIVE,D,CT,2,C001069,115
2097,Donald,PAYNE,REPRESENTATIVE,D,NJ,10,P000604,115
1836,Joe,COURTNEY,REPRESENTATIVE,D,CT,2,C001069,115
2293,Daniel,DONOVAN,REPRESENTATIVE,R,NY,11,D000625,115
2097,Donald,PAYNE,REPRESENTATIVE,D,NJ,10,P000604,115
2097,Donald,PAYNE,REPRESENTATIVE,D,NJ,10,P000604,115
2293,Daniel,DONOVAN,REPRESENTATIVE,R,NY,11,D000625,115
1670,John,CULBERSON,REPRESENTATIVE,R,TX,7,C001048,115
1409,Patty,MURRAY,SENATOR,D,WA,N/A,M001111,115
1542,Michael,ENZI,SENATOR,R,WY,N/A,E000285,115
1542,Michael,ENZI,SENATOR,R,WY,N/A,E000285,115
1542,Michael,ENZI,SENATOR,R,WY,N/A,E000285,115
1542,Michael,ENZI,SENATOR,R,WY,N/A,E000285,115
1409,Patty,MURRAY,SENATOR,D,WA,N/A,M001111,115
1542,Michael,ENZI,SENATOR,R,WY,N/A,E000285,115
859,Bill,NELSON,SENATOR,D,FL,N/A,N000032,115
859,Bill,NELSON,SENATOR,D,FL,N/A,N000032,115
1351,Orrin,HATCH,SENATOR,R,UT,N/A,H000338,115
326,Richard,DURBIN,SENATOR,D,IL,N/A,D000563,115
326,Richard,DURBIN,SENATOR,D,IL,N/A,D000563,115
136,Sherrod,BROWN,REPRESENTATIVE,D,OH,26,B000944,115
136,Sherrod,BROWN,REPRESENTATIVE,D,OH,26,B000944,115
2173,Brian,SCHATZ,SENATOR,D,HI,N/A,S001194,115
2173,Brian,SCHATZ,SENATOR,D,HI,N/A,S001194,115
1409,Patty,MURRAY,SENATOR,D,WA,N/A,M001111,115
1542,Michael,ENZI,SENATOR,R,WY,N/A,E000285,115
1542,Michael,ENZI,SENATOR,R,WY,N/A,E000285,115
1247,Ron,WYDEN,SENATOR,D,OR,N/A,W000779,115
924,Rob,PORTMAN,SENATOR,R,OH,N/A,P000449,115
735,Edward,MARKEY,SENATOR,D,MA,N/A,M000133,115
2175,Ted,CRUZ,SENATOR,R,TX,N/A,C001098,115
1900,Jeff,MERKLEY,SENATOR,D,OR,N/A,M001176,115
2175,Ted,CRUZ,SENATOR,R,TX,N/A,C001098,115
1900,Jeff,MERKLEY,SENATOR,D,OR,N/A,M001176,115
2175,Ted,CRUZ,SENATOR,R,TX,N/A,C001098,115
1900,Jeff,MERKLEY,SENATOR,D,OR,N/A,M001176,115
1409,Patty,MURRAY,SENATOR,D,WA,N/A,M001111,115
1409,Patty,MURRAY,SENATOR,D,WA,N/A,M001111,115
2175,Ted,CRUZ,SENATOR,R,TX,N/A,C001098,115
1542,Michael,ENZI,SENATOR,R,WY,N/A,E000285,115
1542,Michael,ENZI,SENATOR,R,WY,N/A,E000285,115
1850,Joe,DONNELLY,SENATOR,D,IN,N/A,D000607,115
1826,Amy,KLOBUCHAR,SENATOR,D,MN,N/A,K000367,115
1826,Amy,KLOBUCHAR,SENATOR,D,MN,N/A,K000367,115
1929,Gary,PETERS,REPRESENTATIVE,D,MI,52,P000595,115
2137,Ann,WAGNER,REPRESENTATIVE,R,MO,2,W000812,115
2350,Jodey,ARRINGTON,N/A,R,TX,N/A,A000375,115
2350,Jodey,ARRINGTON,N/A,R,TX,N/A,A000375,115
2333,Jack,BERGMAN,N/A,R,MI,N/A,B001301,115
2350,Jodey,ARRINGTON,N/A,R,TX,N/A,A000375,115
2239,Rick,ALLEN,REPRESENTATIVE,R,GA,12,A000372,115
2350,Jodey,ARRINGTON,N/A,R,TX,N/A,A000375,115
2297,James,COMER,N/A,R,KY,N/A,C001108,115
2350,Jodey,ARRINGTON,N/A,R,TX,N/A,A000375,115
2350,Jodey,ARRINGTON,N/A,R,TX,N/A,A000375,115
2324,A.,FERGUSON,N/A,R,GA,N/A,F000465,115
2350,Jodey,ARRINGTON,N/A,R,TX,N/A,A000375,115
2350,Jodey,ARRINGTON,N/A,R,TX,N/A,A000375,115
2243,Mike,BOST,REPRESENTATIVE,R,IL,12,B001295,115
2350,Jodey,ARRINGTON,N/A,R,TX,N/A,A000375,115
2165,Roger,WILLIAMS,REPRESENTATIVE,R,TX,25,W000816,115
2350,Jodey,ARRINGTON,N/A,R,TX,N/A,A000375,115
1801,Louie,GOHMERT,REPRESENTATIVE,R,TX,1,G000552,115
2350,Jodey,ARRINGTON,N/A,R,TX,N/A,A000375,115
2231,Norma,TORRES,REPRESENTATIVE,D,CA,35,T000474,115
2172,Joseph,KENNEDY,REPRESENTATIVE,D,MA,4,K000379,115
616,Marcy,KAPTUR,REPRESENTATIVE,D,OH,8,K000009,115
2124,Bradley,SCHNEIDER,N/A,D,IL,N/A,S001190,115
1542,Michael,ENZI,SENATOR,R,WY,N/A,E000285,115
99,Earl,BLUMENAUER,REPRESENTATIVE,D,OR,3,B000574,115
2229,Pete,AGUILAR,REPRESENTATIVE,D,CA,31,A000371,115
566,Steny,HOYER,REPRESENTATIVE,D,MD,5,H000874,115
1863,Dean,HELLER,SENATOR,R,NV,N/A,H001041,115
2172,Joseph,KENNEDY,REPRESENTATIVE,D,MA,4,K000379,115
1527,John,SHIMKUS,REPRESENTATIVE,R,IL,15,S000364,115
1855,Tim,WALBERG,REPRESENTATIVE,R,MI,7,W000798,115
2328,Roger,MARSHALL,N/A,R,KS,N/A,M001198,115
1878,Steve,COHEN,REPRESENTATIVE,D,TN,9,C001068,115
1910,Jared,POLIS,REPRESENTATIVE,D,CO,2,P000598,115
2315,Neal,DUNN,N/A,R,FL,N/A,D000628,115
1998,Cory,GARDNER,N/A,R,CO,N/A,G000562,115
1383,Patrick,LEAHY,SENATOR,D,VT,N/A,L000174,115
2312,J.,CORREA,N/A,D,CA,N/A,C001110,115
2233,Ken,BUCK,REPRESENTATIVE,R,CO,4,B001297,115
2233,Ken,BUCK,REPRESENTATIVE,R,CO,4,B001297,115
2233,Ken,BUCK,REPRESENTATIVE,R,CO,4,B001297,115
2233,Ken,BUCK,REPRESENTATIVE,R,CO,4,B001297,115
1910,Jared,POLIS,REPRESENTATIVE,D,CO,2,P000598,115
1910,Jared,POLIS,REPRESENTATIVE,D,CO,2,P000598,115
2233,Ken,BUCK,REPRESENTATIVE,R,CO,4,B001297,115
2158,Keith,ROTHFUS,REPRESENTATIVE,R,PA,12,R000598,115
1910,Jared,POLIS,REPRESENTATIVE,D,CO,2,P000598,115
1910,Jared,POLIS,REPRESENTATIVE,D,CO,2,P000598,115
303,Lloyd,DOGGETT,REPRESENTATIVE,D,TX,35,D000399,115
2233,Ken,BUCK,REPRESENTATIVE,R,CO,4,B001297,115
1931,Blaine,LUETKEMEYER,REPRESENTATIVE,R,MO,3,L000569,115
1910,Jared,POLIS,REPRESENTATIVE,D,CO,2,P000598,115
616,Marcy,KAPTUR,REPRESENTATIVE,D,OH,8,K000009,115
1910,Jared,POLIS,REPRESENTATIVE,D,CO,2,P000598,115
616,Marcy,KAPTUR,REPRESENTATIVE,D,OH,8,K000009,115
1910,Jared,POLIS,REPRESENTATIVE,D,CO,2,P000598,115
1910,Jared,POLIS,REPRESENTATIVE,D,CO,2,P000598,115
2233,Ken,BUCK,REPRESENTATIVE,R,CO,4,B001297,115
2233,Ken,BUCK,REPRESENTATIVE,R,CO,4,B001297,115
1910,Jared,POLIS,REPRESENTATIVE,D,CO,2,P000598,115
1886,Robert,WITTMAN,REPRESENTATIVE,R,VA,1,W000804,115
2356,Liz,CHENEY,N/A,R,WY,N/A,C001109,115
1668,James,LANGEVIN,REPRESENTATIVE,D,RI,2,L000559,115
1910,Jared,POLIS,REPRESENTATIVE,D,CO,2,P000598,115
1542,Michael,ENZI,SENATOR,R,WY,N/A,E000285,115
2143,George,HOLDING,REPRESENTATIVE,R,NC,13,H001065,115
1542,Michael,ENZI,SENATOR,R,WY,N/A,E000285,115
612,Walter,JONES,REPRESENTATIVE,R,NC,3,J000255,115
612,Walter,JONES,REPRESENTATIVE,R,NC,3,J000255,115
344,Eliot,ENGEL,REPRESENTATIVE,D,NY,16,E000179,115
344,Eliot,ENGEL,REPRESENTATIVE,D,NY,16,E000179,115
2055,David,CICILLINE,REPRESENTATIVE,D,RI,1,C001084,115
344,Eliot,ENGEL,REPRESENTATIVE,D,NY,16,E000179,115
1749,Jeb,HENSARLING,REPRESENTATIVE,R,TX,5,H001036,115
344,Eliot,ENGEL,REPRESENTATIVE,D,NY,16,E000179,115
566,Steny,HOYER,REPRESENTATIVE,D,MD,5,H000874,115
566,Steny,HOYER,REPRESENTATIVE,D,MD,5,H000874,115
1525,Pete,SESSIONS,SENATOR,R,TX,N/A,S000250,115
1525,Pete,SESSIONS,SENATOR,R,TX,N/A,S000250,115
1525,Pete,SESSIONS,SENATOR,R,TX,N/A,S000250,115
1525,Pete,SESSIONS,SENATOR,R,TX,N/A,S000250,115
344,Eliot,ENGEL,REPRESENTATIVE,D,NY,16,E000179,115
1526,Brad,SHERMAN,REPRESENTATIVE,D,CA,30,S000344,115
344,Eliot,ENGEL,REPRESENTATIVE,D,NY,16,E000179,115
1959,Gerald,CONNOLLY,REPRESENTATIVE,D,VA,11,C001078,115
1936,Leonard,LANCE,REPRESENTATIVE,R,NJ,7,L000567,115
344,Eliot,ENGEL,REPRESENTATIVE,D,NY,16,E000179,115
2336,Ted,BUDD,REPRESENTATIVE,R,NC,1,B001305,115
344,Eliot,ENGEL,REPRESENTATIVE,D,NY,16,E000179,115
2099,Kyrsten,SINEMA,REPRESENTATIVE,D,AZ,9,S001191,115
344,Eliot,ENGEL,REPRESENTATIVE,D,NY,16,E000179,115
344,Eliot,ENGEL,REPRESENTATIVE,D,NY,16,E000179,115
1588,Janice,SCHAKOWSKY,REPRESENTATIVE,D,IL,9,S001145,115
344,Eliot,ENGEL,REPRESENTATIVE,D,NY,16,E000179,115
344,Eliot,ENGEL,REPRESENTATIVE,D,NY,16,E000179,115
344,Eliot,ENGEL,REPRESENTATIVE,D,NY,16,E000179,115
99,Earl,BLUMENAUER,REPRESENTATIVE,D,OR,3,B000574,115
1749,Jeb,HENSARLING,REPRESENTATIVE,R,TX,5,H001036,115
1749,Jeb,HENSARLING,REPRESENTATIVE,R,TX,5,H001036,115
1749,Jeb,HENSARLING,REPRESENTATIVE,R,TX,5,H001036,115
1749,Jeb,HENSARLING,REPRESENTATIVE,R,TX,5,H001036,115
2158,Keith,ROTHFUS,REPRESENTATIVE,R,PA,12,R000598,115
1749,Jeb,HENSARLING,REPRESENTATIVE,R,TX,5,H001036,115
2158,Keith,ROTHFUS,REPRESENTATIVE,R,PA,12,R000598,115
1749,Jeb,HENSARLING,REPRESENTATIVE,R,TX,5,H001036,115
1931,Blaine,LUETKEMEYER,REPRESENTATIVE,R,MO,3,L000569,115
905,Nancy,PELOSI,REPRESENTATIVE,D,CA,12,P000197,115
1931,Blaine,LUETKEMEYER,REPRESENTATIVE,R,MO,3,L000569,115
2028,Bill,HUIZENGA,REPRESENTATIVE,R,MI,2,H001058,115
1184,Nydia,VELAZQUEZ,REPRESENTATIVE,D,NY,7,V000081,115
1931,Blaine,LUETKEMEYER,REPRESENTATIVE,R,MO,3,L000569,115
2131,Andy,BARR,REPRESENTATIVE,R,KY,11,B001282,115
1857,Keith,ELLISON,REPRESENTATIVE,D,MN,5,E000288,115
1931,Blaine,LUETKEMEYER,REPRESENTATIVE,R,MO,3,L000569,115
1997,Scott,TIPTON,REPRESENTATIVE,R,CO,3,T000470,115
1931,Blaine,LUETKEMEYER,REPRESENTATIVE,R,MO,3,L000569,115
1997,Scott,TIPTON,REPRESENTATIVE,R,CO,3,T000470,115
1564,Michael,CAPUANO,REPRESENTATIVE,D,MA,7,C001037,115
1931,Blaine,LUETKEMEYER,REPRESENTATIVE,R,MO,3,L000569,115
2165,Roger,WILLIAMS,REPRESENTATIVE,R,TX,25,W000816,115
1526,Brad,SHERMAN,REPRESENTATIVE,D,CA,30,S000344,115
1931,Blaine,LUETKEMEYER,REPRESENTATIVE,R,MO,3,L000569,115
2344,Claudia,TENNEY,N/A,R,NY,N/A,T000478,115
1888,Bill,FOSTER,REPRESENTATIVE,D,IL,11,F000454,115
1931,Blaine,LUETKEMEYER,REPRESENTATIVE,R,MO,3,L000569,115
2250,David,TROTT,REPRESENTATIVE,R,MI,11,T000475,115
1931,Blaine,LUETKEMEYER,REPRESENTATIVE,R,MO,3,L000569,115
1931,Blaine,LUETKEMEYER,REPRESENTATIVE,R,MO,3,L000569,115
2238,Barry,LOUDERMILK,REPRESENTATIVE,R,GA,11,L000583,115
1931,Blaine,LUETKEMEYER,REPRESENTATIVE,R,MO,3,L000569,115
2055,David,CICILLINE,REPRESENTATIVE,D,RI,1,C001084,115
1931,Blaine,LUETKEMEYER,REPRESENTATIVE,R,MO,3,L000569,115
1854,John,SARBANES,REPRESENTATIVE,D,MD,3,S001168,115
1931,Blaine,LUETKEMEYER,REPRESENTATIVE,R,MO,3,L000569,115
1931,Blaine,LUETKEMEYER,REPRESENTATIVE,R,MO,3,L000569,115
1931,Blaine,LUETKEMEYER,REPRESENTATIVE,R,MO,3,L000569,115
2110,Mark,TAKANO,REPRESENTATIVE,D,CA,41,T000472,115
1931,Blaine,LUETKEMEYER,REPRESENTATIVE,R,MO,3,L000569,115
2092,Suzanne,BONAMICI,REPRESENTATIVE,D,OR,1,B001278,115
1931,Blaine,LUETKEMEYER,REPRESENTATIVE,R,MO,3,L000569,115
1931,Blaine,LUETKEMEYER,REPRESENTATIVE,R,MO,3,L000569,115
2159,Matt,CARTWRIGHT,REPRESENTATIVE,D,PA,17,C001090,115
1931,Blaine,LUETKEMEYER,REPRESENTATIVE,R,MO,3,L000569,115
1564,Michael,CAPUANO,REPRESENTATIVE,D,MA,7,C001037,115
1931,Blaine,LUETKEMEYER,REPRESENTATIVE,R,MO,3,L000569,115
1931,Blaine,LUETKEMEYER,REPRESENTATIVE,R,MO,3,L000569,115
1749,Jeb,HENSARLING,REPRESENTATIVE,R,TX,5,H001036,115
1931,Blaine,LUETKEMEYER,REPRESENTATIVE,R,MO,3,L000569,115
446,Bob,GOODLATTE,REPRESENTATIVE,R,VA,6,G000289,115
1036,Charles,SCHUMER,SENATOR,D,NY,N/A,S000148,115
1995,Jeff,DENHAM,REPRESENTATIVE,R,CA,10,D000612,115
2179,Deb,FISCHER,SENATOR,R,NE,N/A,F000463,115
616,Marcy,KAPTUR,REPRESENTATIVE,D,OH,8,K000009,115
2127,Cheri,BUSTOS,REPRESENTATIVE,D,IL,17,B001286,115
2253,Tom,EMMER,REPRESENTATIVE,R,MN,6,E000294,115
2253,Tom,EMMER,REPRESENTATIVE,R,MN,6,E000294,115
2253,Tom,EMMER,REPRESENTATIVE,R,MN,6,E000294,115
2253,Tom,EMMER,REPRESENTATIVE,R,MN,6,E000294,115
1534,John,THUNE,SENATOR,R,SD,N/A,T000250,115
478,Luis,GUTIERREZ,REPRESENTATIVE,D,IL,4,G000535,115
1602,Grace,NAPOLITANO,REPRESENTATIVE,D,CA,32,N000179,115
1604,Joseph,CROWLEY,REPRESENTATIVE,D,NY,14,C001038,115
1036,Charles,SCHUMER,SENATOR,D,NY,N/A,S000148,115
2179,Deb,FISCHER,SENATOR,R,NE,N/A,F000463,115
2179,Deb,FISCHER,SENATOR,R,NE,N/A,F000463,115
1973,John,GARAMENDI,REPRESENTATIVE,D,CA,3,G000559,115
1942,Paul,TONKO,REPRESENTATIVE,D,NY,20,T000469,115
1973,John,GARAMENDI,REPRESENTATIVE,D,CA,3,G000559,115
1973,John,GARAMENDI,REPRESENTATIVE,D,CA,3,G000559,115
616,Marcy,KAPTUR,REPRESENTATIVE,D,OH,8,K000009,115
616,Marcy,KAPTUR,REPRESENTATIVE,D,OH,8,K000009,115
1942,Paul,TONKO,REPRESENTATIVE,D,NY,20,T000469,115
1973,John,GARAMENDI,REPRESENTATIVE,D,CA,3,G000559,115
1942,Paul,TONKO,REPRESENTATIVE,D,NY,20,T000469,115
1973,John,GARAMENDI,REPRESENTATIVE,D,CA,3,G000559,115
2049,Bob,GIBBS,REPRESENTATIVE,R,OH,7,G000563,115
2049,Bob,GIBBS,REPRESENTATIVE,R,OH,7,G000563,115
1664,Patrick,TIBERI,REPRESENTATIVE,R,OH,12,T000462,115
2049,Bob,GIBBS,REPRESENTATIVE,R,OH,7,G000563,115
2047,Steve,STIVERS,REPRESENTATIVE,R,OH,15,S001187,115
2049,Bob,GIBBS,REPRESENTATIVE,R,OH,7,G000563,115
1885,Robert,LATTA,REPRESENTATIVE,R,OH,5,L000566,115
2049,Bob,GIBBS,REPRESENTATIVE,R,OH,7,G000563,115
186,Steve,CHABOT,REPRESENTATIVE,R,OH,1,C000266,115
2049,Bob,GIBBS,REPRESENTATIVE,R,OH,7,G000563,115
616,Marcy,KAPTUR,REPRESENTATIVE,D,OH,8,K000009,115
2049,Bob,GIBBS,REPRESENTATIVE,R,OH,7,G000563,115
2048,James,RENACCI,REPRESENTATIVE,R,OH,16,R000586,115
1531,Debbie,STABENOW,SENATOR,D,MI,N/A,S000770,115
