speaker_id,first_name,last_name,type,party,state,district,bio_guide_id,congress_id
1997,Scott,TIPTON,REPRESENTATIVE,R,CO,3,T000470,115
1997,Scott,TIPTON,REPRESENTATIVE,R,CO,3,T000470,115
1997,Scott,TIPTON,REPRESENTATIVE,R,CO,3,T000470,115
2231,Norma,TORRES,REPRESENTATIVE,D,CA,35,T000474,115
1997,Scott,TIPTON,REPRESENTATIVE,R,CO,3,T000470,115
1997,Scott,TIPTON,REPRESENTATIVE,R,CO,3,T000470,115
1997,Scott,TIPTON,REPRESENTATIVE,R,CO,3,T000470,115
1997,Scott,TIPTON,REPRESENTATIVE,R,CO,3,T000470,115
1997,Scott,TIPTON,REPRESENTATIVE,R,CO,3,T000470,115
2231,Norma,TORRES,REPRESENTATIVE,D,CA,35,T000474,115
1997,Scott,TIPTON,REPRESENTATIVE,R,CO,3,T000470,115
2231,Norma,TORRES,REPRESENTATIVE,D,CA,35,T000474,115
2320,Val,DEMINGS,N/A,D,FL,N/A,D000627,115
1997,Scott,TIPTON,REPRESENTATIVE,R,CO,3,T000470,115
2231,Norma,TORRES,REPRESENTATIVE,D,CA,35,T000474,115
2231,Norma,TORRES,REPRESENTATIVE,D,CA,35,T000474,115
2149,Hakeem,JEFFRIES,REPRESENTATIVE,D,NY,8,J000294,115
2231,Norma,TORRES,REPRESENTATIVE,D,CA,35,T000474,115
1997,Scott,TIPTON,REPRESENTATIVE,R,CO,3,T000470,115
1036,Charles,SCHUMER,SENATOR,D,NY,N/A,S000148,115
1036,Charles,SCHUMER,SENATOR,D,NY,N/A,S000148,115
1692,John,CORNYN,SENATOR,R,TX,N/A,C001056,115
1692,John,CORNYN,SENATOR,R,TX,N/A,C001056,115
735,Edward,MARKEY,SENATOR,D,MA,N/A,M000133,115
859,Bill,NELSON,SENATOR,D,FL,N/A,N000032,115
136,Sherrod,BROWN,REPRESENTATIVE,D,OH,26,B000944,115
136,Sherrod,BROWN,REPRESENTATIVE,D,OH,26,B000944,115
1823,Sheldon,WHITEHOUSE,SENATOR,D,RI,N/A,W000802,115
446,Bob,GOODLATTE,REPRESENTATIVE,R,VA,6,G000289,115
446,Bob,GOODLATTE,REPRESENTATIVE,R,VA,6,G000289,115
446,Bob,GOODLATTE,REPRESENTATIVE,R,VA,6,G000289,115
446,Bob,GOODLATTE,REPRESENTATIVE,R,VA,6,G000289,115
2320,Val,DEMINGS,N/A,D,FL,N/A,D000627,115
446,Bob,GOODLATTE,REPRESENTATIVE,R,VA,6,G000289,115
850,Jerrold,NADLER,REPRESENTATIVE,D,NY,10,N000002,115
446,Bob,GOODLATTE,REPRESENTATIVE,R,VA,6,G000289,115
1510,Bill,PASCRELL,REPRESENTATIVE,D,NJ,9,P000096,115
1510,Bill,PASCRELL,REPRESENTATIVE,D,NJ,9,P000096,115
446,Bob,GOODLATTE,REPRESENTATIVE,R,VA,6,G000289,115
446,Bob,GOODLATTE,REPRESENTATIVE,R,VA,6,G000289,115
1801,Louie,GOHMERT,REPRESENTATIVE,R,TX,1,G000552,115
2363,John,CURTIS,N/A,R,UT,N/A,C001114,115
1850,Joe,DONNELLY,SENATOR,D,IN,N/A,D000607,115
1694,Lisa,MURKOWSKI,SENATOR,R,AK,N/A,M001153,115
2274,Stacey,PLASKETT,DELEGATE,D,VI,N/A,P000610,115
859,Bill,NELSON,SENATOR,D,FL,N/A,N000032,115
1801,Louie,GOHMERT,REPRESENTATIVE,R,TX,1,G000552,115
2328,Roger,MARSHALL,N/A,R,KS,N/A,M001198,115
2124,Bradley,SCHNEIDER,N/A,D,IL,N/A,S001190,115
2350,Jodey,ARRINGTON,N/A,R,TX,N/A,A000375,115
1930,Erik,PAULSEN,REPRESENTATIVE,R,MN,3,P000594,115
1929,Gary,PETERS,REPRESENTATIVE,D,MI,52,P000595,115
566,Steny,HOYER,REPRESENTATIVE,D,MD,5,H000874,115
683,Sander,LEVIN,REPRESENTATIVE,D,MI,9,L000263,115
566,Steny,HOYER,REPRESENTATIVE,D,MD,5,H000874,115
683,Sander,LEVIN,REPRESENTATIVE,D,MI,9,L000263,115
566,Steny,HOYER,REPRESENTATIVE,D,MD,5,H000874,115
566,Steny,HOYER,REPRESENTATIVE,D,MD,5,H000874,115
566,Steny,HOYER,REPRESENTATIVE,D,MD,5,H000874,115
566,Steny,HOYER,REPRESENTATIVE,D,MD,5,H000874,115
566,Steny,HOYER,REPRESENTATIVE,D,MD,5,H000874,115
2344,Claudia,TENNEY,N/A,R,NY,N/A,T000478,115
1850,Joe,DONNELLY,SENATOR,D,IN,N/A,D000607,115
2138,Steve,DAINES,SENATOR,R,MT,N/A,D000618,115
1825,Bob,CORKER,SENATOR,R,TN,N/A,C001071,115
250,Mike,CRAPO,SENATOR,R,ID,N/A,C000880,115
2325,Raja,KRISHNAMOORTHI,N/A,D,IL,N/A,K000391,115
1997,Scott,TIPTON,REPRESENTATIVE,R,CO,3,T000470,115
1997,Scott,TIPTON,REPRESENTATIVE,R,CO,3,T000470,115
1997,Scott,TIPTON,REPRESENTATIVE,R,CO,3,T000470,115
2231,Norma,TORRES,REPRESENTATIVE,D,CA,35,T000474,115
1997,Scott,TIPTON,REPRESENTATIVE,R,CO,3,T000470,115
2231,Norma,TORRES,REPRESENTATIVE,D,CA,35,T000474,115
867,Richard,NOLAN,REPRESENTATIVE,D,MN,8,N000127,115
1997,Scott,TIPTON,REPRESENTATIVE,R,CO,3,T000470,115
2231,Norma,TORRES,REPRESENTATIVE,D,CA,35,T000474,115
2231,Norma,TORRES,REPRESENTATIVE,D,CA,35,T000474,115
1997,Scott,TIPTON,REPRESENTATIVE,R,CO,3,T000470,115
2231,Norma,TORRES,REPRESENTATIVE,D,CA,35,T000474,115
1942,Paul,TONKO,REPRESENTATIVE,D,NY,20,T000469,115
1836,Joe,COURTNEY,REPRESENTATIVE,D,CT,2,C001069,115
1676,Shelley,CAPITO,N/A,R,WV,N/A,C001047,115
2194,Cory,BOOKER,SENATOR,D,NJ,N/A,B001288,115
2158,Keith,ROTHFUS,REPRESENTATIVE,R,PA,12,R000598,115
1955,Pete,OLSON,REPRESENTATIVE,R,TX,22,O000168,115
457,Chuck,GRASSLEY,SENATOR,R,IA,N/A,G000386,115
2097,Donald,PAYNE,REPRESENTATIVE,D,NJ,10,P000604,115
1997,Scott,TIPTON,REPRESENTATIVE,R,CO,3,T000470,115
1997,Scott,TIPTON,REPRESENTATIVE,R,CO,3,T000470,115
1997,Scott,TIPTON,REPRESENTATIVE,R,CO,3,T000470,115
2231,Norma,TORRES,REPRESENTATIVE,D,CA,35,T000474,115
1997,Scott,TIPTON,REPRESENTATIVE,R,CO,3,T000470,115
1997,Scott,TIPTON,REPRESENTATIVE,R,CO,3,T000470,115
2231,Norma,TORRES,REPRESENTATIVE,D,CA,35,T000474,115
1997,Scott,TIPTON,REPRESENTATIVE,R,CO,3,T000470,115
2310,Salud,CARBAJAL,N/A,D,CA,N/A,C001112,115
