speaker_id,first_name,last_name,type,party,state,district,bio_guide_id,congress_id
1878,Steve,COHEN,REPRESENTATIVE,D,TN,9,C001068,115
1912,Mike,COFFMAN,REPRESENTATIVE,R,CO,6,C001077,115
2014,Adam,KINZINGER,REPRESENTATIVE,R,IL,16,K000378,115
1664,Patrick,TIBERI,REPRESENTATIVE,R,OH,12,T000462,115
2311,Nanette,BARRAGAN,N/A,D,CA,N/A,B001300,115
99,Earl,BLUMENAUER,REPRESENTATIVE,D,OR,3,B000574,115
2290,Dan,SULLIVAN,SENATOR,R,AK,N/A,S001198,115
2290,Dan,SULLIVAN,SENATOR,R,AK,N/A,S001198,115
2097,Donald,PAYNE,REPRESENTATIVE,D,NJ,10,P000604,115
1801,Louie,GOHMERT,REPRESENTATIVE,R,TX,1,G000552,115
1836,Joe,COURTNEY,REPRESENTATIVE,D,CT,2,C001069,115
2325,Raja,KRISHNAMOORTHI,N/A,D,IL,N/A,K000391,115
2173,Brian,SCHATZ,SENATOR,D,HI,N/A,S001194,115
1668,James,LANGEVIN,REPRESENTATIVE,D,RI,2,L000559,115
2166,Marc,VEASEY,REPRESENTATIVE,D,TX,33,V000131,115
2166,Marc,VEASEY,REPRESENTATIVE,D,TX,33,V000131,115
2023,Cedric,RICHMOND,REPRESENTATIVE,D,LA,2,R000588,115
2166,Marc,VEASEY,REPRESENTATIVE,D,TX,33,V000131,115
2274,Stacey,PLASKETT,DELEGATE,D,VI,N/A,P000610,115
2166,Marc,VEASEY,REPRESENTATIVE,D,TX,33,V000131,115
2166,Marc,VEASEY,REPRESENTATIVE,D,TX,33,V000131,115
2166,Marc,VEASEY,REPRESENTATIVE,D,TX,33,V000131,115
2166,Marc,VEASEY,REPRESENTATIVE,D,TX,33,V000131,115
2153,Joyce,BEATTY,REPRESENTATIVE,D,OH,3,B001281,115
2166,Marc,VEASEY,REPRESENTATIVE,D,TX,33,V000131,115
1996,Karen,BASS,REPRESENTATIVE,D,CA,37,B001270,115
2166,Marc,VEASEY,REPRESENTATIVE,D,TX,33,V000131,115
2298,Dwight,EVANS,N/A,D,PA,N/A,E000296,115
2166,Marc,VEASEY,REPRESENTATIVE,D,TX,33,V000131,115
2166,Marc,VEASEY,REPRESENTATIVE,D,TX,33,V000131,115
2097,Donald,PAYNE,REPRESENTATIVE,D,NJ,10,P000604,115
2166,Marc,VEASEY,REPRESENTATIVE,D,TX,33,V000131,115
1811,Gwen,MOORE,SENATOR,D,WI,N/A,M001160,115
2166,Marc,VEASEY,REPRESENTATIVE,D,TX,33,V000131,115
588,Sheila,LEE,REPRESENTATIVE,D,TX,13,J000032,115
588,Sheila,LEE,REPRESENTATIVE,D,TX,13,J000032,115
2166,Marc,VEASEY,REPRESENTATIVE,D,TX,33,V000131,115
1828,Robert,CASEY,SENATOR,D,PA,N/A,C001070,115
1823,Sheldon,WHITEHOUSE,SENATOR,D,RI,N/A,W000802,115
2079,John,HOEVEN,SENATOR,R,ND,N/A,H001061,115
1962,Gregorio,SABLAN,DELEGATE,D,MP,N/A,S001177,115
1564,Michael,CAPUANO,REPRESENTATIVE,D,MA,7,C001037,115
1962,Gregorio,SABLAN,DELEGATE,D,MP,N/A,S001177,115
2238,Barry,LOUDERMILK,REPRESENTATIVE,R,GA,11,L000583,115
1962,Gregorio,SABLAN,DELEGATE,D,MP,N/A,S001177,115
701,Zoe,LOFGREN,REPRESENTATIVE,D,CA,19,L000397,115
1805,K.,CONAWAY,REPRESENTATIVE,R,TX,11,C001062,115
1801,Louie,GOHMERT,REPRESENTATIVE,R,TX,1,G000552,115
2314,Matt,GAETZ,N/A,R,FL,N/A,G000578,115
1801,Louie,GOHMERT,REPRESENTATIVE,R,TX,1,G000552,115
2314,Matt,GAETZ,N/A,R,FL,N/A,G000578,115
1801,Louie,GOHMERT,REPRESENTATIVE,R,TX,1,G000552,115
1801,Louie,GOHMERT,REPRESENTATIVE,R,TX,1,G000552,115
2314,Matt,GAETZ,N/A,R,FL,N/A,G000578,115
1801,Louie,GOHMERT,REPRESENTATIVE,R,TX,1,G000552,115
1962,Gregorio,SABLAN,DELEGATE,D,MP,N/A,S001177,115
1962,Gregorio,SABLAN,DELEGATE,D,MP,N/A,S001177,115
1962,Gregorio,SABLAN,DELEGATE,D,MP,N/A,S001177,115
2053,Tom,MARINO,REPRESENTATIVE,R,PA,10,M001179,115
1962,Gregorio,SABLAN,DELEGATE,D,MP,N/A,S001177,115
2110,Mark,TAKANO,REPRESENTATIVE,D,CA,41,T000472,115
1962,Gregorio,SABLAN,DELEGATE,D,MP,N/A,S001177,115
1962,Gregorio,SABLAN,DELEGATE,D,MP,N/A,S001177,115
2134,Daniel,KILDEE,REPRESENTATIVE,D,MI,5,K000380,115
1962,Gregorio,SABLAN,DELEGATE,D,MP,N/A,S001177,115
99999999999999,,BEUTLER,REPRESENTATIVE,Party information Unavailable,State Info Unavailable,3,9999999999999999,115
1962,Gregorio,SABLAN,DELEGATE,D,MP,N/A,S001177,115
1962,Gregorio,SABLAN,DELEGATE,D,MP,N/A,S001177,115
1942,Paul,TONKO,REPRESENTATIVE,D,NY,20,T000469,115
1602,Grace,NAPOLITANO,REPRESENTATIVE,D,CA,32,N000179,115
2325,Raja,KRISHNAMOORTHI,N/A,D,IL,N/A,K000391,115
1668,James,LANGEVIN,REPRESENTATIVE,D,RI,2,L000559,115
1962,Gregorio,SABLAN,DELEGATE,D,MP,N/A,S001177,115
2264,John,KATKO,REPRESENTATIVE,R,NY,24,K000386,115
1962,Gregorio,SABLAN,DELEGATE,D,MP,N/A,S001177,115
1913,James,HIMES,REPRESENTATIVE,D,CT,4,H001047,115
