speaker_id,first_name,last_name,type,party,state,district,bio_guide_id,congress_id
1542,Michael,ENZI,SENATOR,R,WY,N/A,E000285,115
457,Chuck,GRASSLEY,SENATOR,R,IA,N/A,G000386,115
1534,John,THUNE,SENATOR,R,SD,N/A,T000250,115
2333,Jack,BERGMAN,N/A,R,MI,N/A,B001301,115
2035,Steven,PALAZZO,REPRESENTATIVE,R,MS,4,P000601,115
1668,James,LANGEVIN,REPRESENTATIVE,D,RI,2,L000559,115
1177,Fred,UPTON,REPRESENTATIVE,R,MI,6,U000031,115
1177,Fred,UPTON,REPRESENTATIVE,R,MI,6,U000031,115
1177,Fred,UPTON,REPRESENTATIVE,R,MI,6,U000031,115
1879,Peter,WELCH,REPRESENTATIVE,D,VT,0,W000800,115
1177,Fred,UPTON,REPRESENTATIVE,R,MI,6,U000031,115
174,Benjamin,CARDIN,SENATOR,D,MD,N/A,C000141,115
1036,Charles,SCHUMER,SENATOR,D,NY,N/A,S000148,115
1748,Marsha,BLACKBURN,REPRESENTATIVE,R,TN,7,B001243,115
1748,Marsha,BLACKBURN,REPRESENTATIVE,R,TN,7,B001243,115
887,Frank,PALLONE,REPRESENTATIVE,D,NJ,6,P000034,115
1748,Marsha,BLACKBURN,REPRESENTATIVE,R,TN,7,B001243,115
1748,Marsha,BLACKBURN,REPRESENTATIVE,R,TN,7,B001243,115
2252,Brenda,LAWRENCE,REPRESENTATIVE,D,MI,14,L000581,115
1936,Leonard,LANCE,REPRESENTATIVE,R,NJ,7,L000567,115
1936,Leonard,LANCE,REPRESENTATIVE,R,NJ,7,L000567,115
1936,Leonard,LANCE,REPRESENTATIVE,R,NJ,7,L000567,115
1892,Steve,SCALISE,REPRESENTATIVE,R,LA,1,S001176,115
1936,Leonard,LANCE,REPRESENTATIVE,R,NJ,7,L000567,115
2173,Brian,SCHATZ,SENATOR,D,HI,N/A,S001194,115
1929,Gary,PETERS,REPRESENTATIVE,D,MI,52,P000595,115
1247,Ron,WYDEN,SENATOR,D,OR,N/A,W000779,115
2194,Cory,BOOKER,SENATOR,D,NJ,N/A,B001288,115
1010,Bernard,SANDERS,SENATOR,I,VT,N/A,S000033,115
1983,Joe,MANCHIN,SENATOR,D,WV,N/A,M001183,115
1525,Pete,SESSIONS,SENATOR,R,TX,N/A,S000250,115
1793,Jeff,FORTENBERRY,REPRESENTATIVE,R,NE,1,F000449,115
1525,Pete,SESSIONS,SENATOR,R,TX,N/A,S000250,115
2350,Jodey,ARRINGTON,N/A,R,TX,N/A,A000375,115
1525,Pete,SESSIONS,SENATOR,R,TX,N/A,S000250,115
1534,John,THUNE,SENATOR,R,SD,N/A,T000250,115
1534,John,THUNE,SENATOR,R,SD,N/A,T000250,115
2173,Brian,SCHATZ,SENATOR,D,HI,N/A,S001194,115
1464,Roy,BLUNT,SENATOR,R,MO,N/A,B000575,115
1036,Charles,SCHUMER,SENATOR,D,NY,N/A,S000148,115
1464,Roy,BLUNT,SENATOR,R,MO,N/A,B000575,115
1464,Roy,BLUNT,SENATOR,R,MO,N/A,B000575,115
1464,Roy,BLUNT,SENATOR,R,MO,N/A,B000575,115
1936,Leonard,LANCE,REPRESENTATIVE,R,NJ,7,L000567,115
1936,Leonard,LANCE,REPRESENTATIVE,R,NJ,7,L000567,115
1936,Leonard,LANCE,REPRESENTATIVE,R,NJ,7,L000567,115
1936,Leonard,LANCE,REPRESENTATIVE,R,NJ,7,L000567,115
2014,Adam,KINZINGER,REPRESENTATIVE,R,IL,16,K000378,115
1836,Joe,COURTNEY,REPRESENTATIVE,D,CT,2,C001069,115
1936,Leonard,LANCE,REPRESENTATIVE,R,NJ,7,L000567,115
2275,Dan,NEWHOUSE,REPRESENTATIVE,R,WA,4,N000189,115
1936,Leonard,LANCE,REPRESENTATIVE,R,NJ,7,L000567,115
1177,Fred,UPTON,REPRESENTATIVE,R,MI,6,U000031,115
1177,Fred,UPTON,REPRESENTATIVE,R,MI,6,U000031,115
1177,Fred,UPTON,REPRESENTATIVE,R,MI,6,U000031,115
2172,Joseph,KENNEDY,REPRESENTATIVE,D,MA,4,K000379,115
1177,Fred,UPTON,REPRESENTATIVE,R,MI,6,U000031,115
2172,Joseph,KENNEDY,REPRESENTATIVE,D,MA,4,K000379,115
2172,Joseph,KENNEDY,REPRESENTATIVE,D,MA,4,K000379,115
1177,Fred,UPTON,REPRESENTATIVE,R,MI,6,U000031,115
1936,Leonard,LANCE,REPRESENTATIVE,R,NJ,7,L000567,115
1936,Leonard,LANCE,REPRESENTATIVE,R,NJ,7,L000567,115
1936,Leonard,LANCE,REPRESENTATIVE,R,NJ,7,L000567,115
1936,Leonard,LANCE,REPRESENTATIVE,R,NJ,7,L000567,115
1936,Leonard,LANCE,REPRESENTATIVE,R,NJ,7,L000567,115
1879,Peter,WELCH,REPRESENTATIVE,D,VT,0,W000800,115
1936,Leonard,LANCE,REPRESENTATIVE,R,NJ,7,L000567,115
1036,Charles,SCHUMER,SENATOR,D,NY,N/A,S000148,115
1177,Fred,UPTON,REPRESENTATIVE,R,MI,6,U000031,115
1177,Fred,UPTON,REPRESENTATIVE,R,MI,6,U000031,115
1177,Fred,UPTON,REPRESENTATIVE,R,MI,6,U000031,115
1177,Fred,UPTON,REPRESENTATIVE,R,MI,6,U000031,115
1177,Fred,UPTON,REPRESENTATIVE,R,MI,6,U000031,115
1836,Joe,COURTNEY,REPRESENTATIVE,D,CT,2,C001069,115
1036,Charles,SCHUMER,SENATOR,D,NY,N/A,S000148,115
1838,Gus,BILIRAKIS,REPRESENTATIVE,R,FL,12,B001257,115
2134,Daniel,KILDEE,REPRESENTATIVE,D,MI,5,K000380,115
1177,Fred,UPTON,REPRESENTATIVE,R,MI,6,U000031,115
1177,Fred,UPTON,REPRESENTATIVE,R,MI,6,U000031,115
1177,Fred,UPTON,REPRESENTATIVE,R,MI,6,U000031,115
1177,Fred,UPTON,REPRESENTATIVE,R,MI,6,U000031,115
1751,Michael,BURGESS,REPRESENTATIVE,R,TX,26,B001248,115
2274,Stacey,PLASKETT,DELEGATE,D,VI,N/A,P000610,115
2274,Stacey,PLASKETT,DELEGATE,D,VI,N/A,P000610,115
2023,Cedric,RICHMOND,REPRESENTATIVE,D,LA,2,R000588,115
2274,Stacey,PLASKETT,DELEGATE,D,VI,N/A,P000610,115
2166,Marc,VEASEY,REPRESENTATIVE,D,TX,33,V000131,115
2274,Stacey,PLASKETT,DELEGATE,D,VI,N/A,P000610,115
1501,Barbara,LEE,REPRESENTATIVE,D,CA,13,L000551,115
2274,Stacey,PLASKETT,DELEGATE,D,VI,N/A,P000610,115
2252,Brenda,LAWRENCE,REPRESENTATIVE,D,MI,14,L000581,115
2274,Stacey,PLASKETT,DELEGATE,D,VI,N/A,P000610,115
2274,Stacey,PLASKETT,DELEGATE,D,VI,N/A,P000610,115
1811,Gwen,MOORE,SENATOR,D,WI,N/A,M001160,115
2298,Dwight,EVANS,N/A,D,PA,N/A,E000296,115
1811,Gwen,MOORE,SENATOR,D,WI,N/A,M001160,115
2274,Stacey,PLASKETT,DELEGATE,D,VI,N/A,P000610,115
2274,Stacey,PLASKETT,DELEGATE,D,VI,N/A,P000610,115
2153,Joyce,BEATTY,REPRESENTATIVE,D,OH,3,B001281,115
2274,Stacey,PLASKETT,DELEGATE,D,VI,N/A,P000610,115
2274,Stacey,PLASKETT,DELEGATE,D,VI,N/A,P000610,115
2166,Marc,VEASEY,REPRESENTATIVE,D,TX,33,V000131,115
2274,Stacey,PLASKETT,DELEGATE,D,VI,N/A,P000610,115
2166,Marc,VEASEY,REPRESENTATIVE,D,TX,33,V000131,115
2274,Stacey,PLASKETT,DELEGATE,D,VI,N/A,P000610,115
229,John,CONYERS,REPRESENTATIVE,D,MI,13,C000714,115
1748,Marsha,BLACKBURN,REPRESENTATIVE,R,TN,7,B001243,115
1748,Marsha,BLACKBURN,REPRESENTATIVE,R,TN,7,B001243,115
1748,Marsha,BLACKBURN,REPRESENTATIVE,R,TN,7,B001243,115
1748,Marsha,BLACKBURN,REPRESENTATIVE,R,TN,7,B001243,115
1596,Greg,WALDEN,REPRESENTATIVE,R,OR,2,W000791,115
1748,Marsha,BLACKBURN,REPRESENTATIVE,R,TN,7,B001243,115
355,Anna,ESHOO,REPRESENTATIVE,D,CA,18,E000215,115
2239,Rick,ALLEN,REPRESENTATIVE,R,GA,12,A000372,115
1748,Marsha,BLACKBURN,REPRESENTATIVE,R,TN,7,B001243,115
1748,Marsha,BLACKBURN,REPRESENTATIVE,R,TN,7,B001243,115
1748,Marsha,BLACKBURN,REPRESENTATIVE,R,TN,7,B001243,115
1748,Marsha,BLACKBURN,REPRESENTATIVE,R,TN,7,B001243,115
1748,Marsha,BLACKBURN,REPRESENTATIVE,R,TN,7,B001243,115
2148,Grace,MENG,REPRESENTATIVE,D,NY,6,M001188,115
1748,Marsha,BLACKBURN,REPRESENTATIVE,R,TN,7,B001243,115
1936,Leonard,LANCE,REPRESENTATIVE,R,NJ,7,L000567,115
1748,Marsha,BLACKBURN,REPRESENTATIVE,R,TN,7,B001243,115
1748,Marsha,BLACKBURN,REPRESENTATIVE,R,TN,7,B001243,115
326,Richard,DURBIN,SENATOR,D,IL,N/A,D000563,115
1036,Charles,SCHUMER,SENATOR,D,NY,N/A,S000148,115
1036,Charles,SCHUMER,SENATOR,D,NY,N/A,S000148,115
1983,Joe,MANCHIN,SENATOR,D,WV,N/A,M001183,115
2018,Larry,BUCSHON,REPRESENTATIVE,R,IN,8,B001275,115
1828,Robert,CASEY,SENATOR,D,PA,N/A,C001070,115
326,Richard,DURBIN,SENATOR,D,IL,N/A,D000563,115
1936,Leonard,LANCE,REPRESENTATIVE,R,NJ,7,L000567,115
1936,Leonard,LANCE,REPRESENTATIVE,R,NJ,7,L000567,115
1936,Leonard,LANCE,REPRESENTATIVE,R,NJ,7,L000567,115
1936,Leonard,LANCE,REPRESENTATIVE,R,NJ,7,L000567,115
1801,Louie,GOHMERT,REPRESENTATIVE,R,TX,1,G000552,115
1936,Leonard,LANCE,REPRESENTATIVE,R,NJ,7,L000567,115
1936,Leonard,LANCE,REPRESENTATIVE,R,NJ,7,L000567,115
1692,John,CORNYN,SENATOR,R,TX,N/A,C001056,115
1692,John,CORNYN,SENATOR,R,TX,N/A,C001056,115
326,Richard,DURBIN,SENATOR,D,IL,N/A,D000563,115
1929,Gary,PETERS,REPRESENTATIVE,D,MI,52,P000595,115
2274,Stacey,PLASKETT,DELEGATE,D,VI,N/A,P000610,115
1036,Charles,SCHUMER,SENATOR,D,NY,N/A,S000148,115
326,Richard,DURBIN,SENATOR,D,IL,N/A,D000563,115
1567,Tom,UDALL,SENATOR,D,NM,N/A,U000039,115
1036,Charles,SCHUMER,SENATOR,D,NY,N/A,S000148,115
1692,John,CORNYN,SENATOR,R,TX,N/A,C001056,115
1692,John,CORNYN,SENATOR,R,TX,N/A,C001056,115
949,Jack,REED,REPRESENTATIVE,D,RI,23,R000122,115
1247,Ron,WYDEN,SENATOR,D,OR,N/A,W000779,115
1383,Patrick,LEAHY,SENATOR,D,VT,N/A,L000174,115
,,JOHNSON,REPRESENTATIVE,R,GA,4,99999999999999999,114
1383,Patrick,LEAHY,SENATOR,D,VT,N/A,L000174,115
153,Richard,BURR,SENATOR,R,NC,N/A,B001135,115
153,Richard,BURR,SENATOR,R,NC,N/A,B001135,115
153,Richard,BURR,SENATOR,R,NC,N/A,B001135,115
326,Richard,DURBIN,SENATOR,D,IL,N/A,D000563,115
153,Richard,BURR,SENATOR,R,NC,N/A,B001135,115
326,Richard,DURBIN,SENATOR,D,IL,N/A,D000563,115
326,Richard,DURBIN,SENATOR,D,IL,N/A,D000563,115
1692,John,CORNYN,SENATOR,R,TX,N/A,C001056,115
1247,Ron,WYDEN,SENATOR,D,OR,N/A,W000779,115
1247,Ron,WYDEN,SENATOR,D,OR,N/A,W000779,115
1247,Ron,WYDEN,SENATOR,D,OR,N/A,W000779,115
1692,John,CORNYN,SENATOR,R,TX,N/A,C001056,115
1567,Tom,UDALL,SENATOR,D,NM,N/A,U000039,115
