speaker_id,first_name,last_name,type,party,state,district,bio_guide_id,congress_id
1708,Raul,GRIJALVA,REPRESENTATIVE,D,AZ,3,G000551,115
1708,Raul,GRIJALVA,REPRESENTATIVE,D,AZ,3,G000551,115
2111,Alan,LOWENTHAL,REPRESENTATIVE,D,CA,47,L000579,115
1708,Raul,GRIJALVA,REPRESENTATIVE,D,AZ,3,G000551,115
2252,Brenda,LAWRENCE,REPRESENTATIVE,D,MI,14,L000581,115
1708,Raul,GRIJALVA,REPRESENTATIVE,D,AZ,3,G000551,115
2101,Jared,HUFFMAN,REPRESENTATIVE,D,CA,2,H001068,115
1834,Doug,LAMBORN,REPRESENTATIVE,R,CO,5,L000564,115
1708,Raul,GRIJALVA,REPRESENTATIVE,D,AZ,3,G000551,115
1992,Paul,GOSAR,REPRESENTATIVE,R,AZ,4,G000565,115
1708,Raul,GRIJALVA,REPRESENTATIVE,D,AZ,3,G000551,115
2272,Donald,BEYER,REPRESENTATIVE,D,VA,8,B001292,115
1708,Raul,GRIJALVA,REPRESENTATIVE,D,AZ,3,G000551,115
2272,Donald,BEYER,REPRESENTATIVE,D,VA,8,B001292,115
2243,Mike,BOST,REPRESENTATIVE,R,IL,12,B001295,115
1708,Raul,GRIJALVA,REPRESENTATIVE,D,AZ,3,G000551,115
2158,Keith,ROTHFUS,REPRESENTATIVE,R,PA,12,R000598,115
1708,Raul,GRIJALVA,REPRESENTATIVE,D,AZ,3,G000551,115
1853,John,YARMUTH,REPRESENTATIVE,D,KY,3,Y000062,115
2048,James,RENACCI,REPRESENTATIVE,R,OH,16,R000586,115
1708,Raul,GRIJALVA,REPRESENTATIVE,D,AZ,3,G000551,115
1997,Scott,TIPTON,REPRESENTATIVE,R,CO,3,T000470,115
1708,Raul,GRIJALVA,REPRESENTATIVE,D,AZ,3,G000551,115
2297,James,COMER,N/A,R,KY,N/A,C001108,115
1708,Raul,GRIJALVA,REPRESENTATIVE,D,AZ,3,G000551,115
1708,Raul,GRIJALVA,REPRESENTATIVE,D,AZ,3,G000551,115
2115,Ted,YOHO,REPRESENTATIVE,R,FL,3,Y000065,115
1708,Raul,GRIJALVA,REPRESENTATIVE,D,AZ,3,G000551,115
2131,Andy,BARR,REPRESENTATIVE,R,KY,11,B001282,115
1708,Raul,GRIJALVA,REPRESENTATIVE,D,AZ,3,G000551,115
1708,Raul,GRIJALVA,REPRESENTATIVE,D,AZ,3,G000551,115
1708,Raul,GRIJALVA,REPRESENTATIVE,D,AZ,3,G000551,115
1708,Raul,GRIJALVA,REPRESENTATIVE,D,AZ,3,G000551,115
2049,Bob,GIBBS,REPRESENTATIVE,R,OH,7,G000563,115
1708,Raul,GRIJALVA,REPRESENTATIVE,D,AZ,3,G000551,115
1708,Raul,GRIJALVA,REPRESENTATIVE,D,AZ,3,G000551,115
1708,Raul,GRIJALVA,REPRESENTATIVE,D,AZ,3,G000551,115
2141,Robert,PITTENGER,REPRESENTATIVE,R,NC,9,P000606,115
2251,Debbie,DINGELL,REPRESENTATIVE,D,MI,12,D000624,115
1927,Chellie,PINGREE,REPRESENTATIVE,D,ME,1,P000597,115
1738,Stevan,PEARCE,REPRESENTATIVE,R,NM,2,P000588,115
2259,Bonnie,COLE,REPRESENTATIVE,D,NJ,12,W000822,114
1973,John,GARAMENDI,REPRESENTATIVE,D,CA,3,G000559,115
1676,Shelley,CAPITO,N/A,R,WV,N/A,C001047,115
1534,John,THUNE,SENATOR,R,SD,N/A,T000250,115
859,Bill,NELSON,SENATOR,D,FL,N/A,N000032,115
1383,Patrick,LEAHY,SENATOR,D,VT,N/A,L000174,115
583,James,INHOFE,SENATOR,R,OK,N/A,I000024,115
1534,John,THUNE,SENATOR,R,SD,N/A,T000250,115
859,Bill,NELSON,SENATOR,D,FL,N/A,N000032,115
457,Chuck,GRASSLEY,SENATOR,R,IA,N/A,G000386,115
1036,Charles,SCHUMER,SENATOR,D,NY,N/A,S000148,115
1036,Charles,SCHUMER,SENATOR,D,NY,N/A,S000148,115
136,Sherrod,BROWN,REPRESENTATIVE,D,OH,26,B000944,115
136,Sherrod,BROWN,REPRESENTATIVE,D,OH,26,B000944,115
136,Sherrod,BROWN,REPRESENTATIVE,D,OH,26,B000944,115
949,Jack,REED,REPRESENTATIVE,D,RI,23,R000122,115
949,Jack,REED,REPRESENTATIVE,D,RI,23,R000122,115
949,Jack,REED,REPRESENTATIVE,D,RI,23,R000122,115
2283,Joni,ERNST,SENATOR,R,IA,N/A,E000295,115
2301,Kamala,HARRIS,REPRESENTATIVE,D,CA,1,H001075,115
2302,Margaret,HASSAN,N/A,D,NH,N/A,H001076,115
2302,Margaret,HASSAN,N/A,D,NH,N/A,H001076,115
174,Benjamin,CARDIN,SENATOR,D,MD,N/A,C000141,115
174,Benjamin,CARDIN,SENATOR,D,MD,N/A,C000141,115
174,Benjamin,CARDIN,SENATOR,D,MD,N/A,C000141,115
174,Benjamin,CARDIN,SENATOR,D,MD,N/A,C000141,115
1925,Bill,CASSIDY,SENATOR,R,LA,N/A,C001075,115
1534,John,THUNE,SENATOR,R,SD,N/A,T000250,115
1534,John,THUNE,SENATOR,R,SD,N/A,T000250,115
326,Richard,DURBIN,SENATOR,D,IL,N/A,D000563,115
326,Richard,DURBIN,SENATOR,D,IL,N/A,D000563,115
1881,John,BARRASSO,SENATOR,R,WY,N/A,B001261,115
326,Richard,DURBIN,SENATOR,D,IL,N/A,D000563,115
2098,Tom,COTTON,SENATOR,R,AR,N/A,C001095,115
326,Richard,DURBIN,SENATOR,D,IL,N/A,D000563,115
174,Benjamin,CARDIN,SENATOR,D,MD,N/A,C000141,115
174,Benjamin,CARDIN,SENATOR,D,MD,N/A,C000141,115
2176,Tim,KAINE,SENATOR,D,VA,N/A,K000384,115
2176,Tim,KAINE,SENATOR,D,VA,N/A,K000384,115
1900,Jeff,MERKLEY,SENATOR,D,OR,N/A,M001176,115
1567,Tom,UDALL,SENATOR,D,NM,N/A,U000039,115
1984,Christopher,COONS,SENATOR,D,DE,N/A,C001088,115
735,Edward,MARKEY,SENATOR,D,MA,N/A,M000133,115
1984,Christopher,COONS,SENATOR,D,DE,N/A,C001088,115
735,Edward,MARKEY,SENATOR,D,MA,N/A,M000133,115
1837,Christopher,MURPHY,SENATOR,D,CT,N/A,M001169,115
174,Benjamin,CARDIN,SENATOR,D,MD,N/A,C000141,115
1558,Tammy,BALDWIN,SENATOR,D,WI,N/A,B001230,115
1409,Patty,MURRAY,SENATOR,D,WA,N/A,M001111,115
2182,Elizabeth,WARREN,SENATOR,D,MA,N/A,W000817,115
859,Bill,NELSON,SENATOR,D,FL,N/A,N000032,115
2076,Richard,BLUMENTHAL,SENATOR,D,CT,N/A,B001277,115
2076,Richard,BLUMENTHAL,SENATOR,D,CT,N/A,B001277,115
2173,Brian,SCHATZ,SENATOR,D,HI,N/A,S001194,115
2173,Brian,SCHATZ,SENATOR,D,HI,N/A,S001194,115
1929,Gary,PETERS,REPRESENTATIVE,D,MI,52,P000595,115
1929,Gary,PETERS,REPRESENTATIVE,D,MI,52,P000595,115
1826,Amy,KLOBUCHAR,SENATOR,D,MN,N/A,K000367,115
1826,Amy,KLOBUCHAR,SENATOR,D,MN,N/A,K000367,115
2084,Marco,RUBIO,SENATOR,R,FL,N/A,R000595,115
1383,Patrick,LEAHY,SENATOR,D,VT,N/A,L000174,115
136,Sherrod,BROWN,REPRESENTATIVE,D,OH,26,B000944,115
1829,Jon,TESTER,SENATOR,D,MT,N/A,T000464,115
1010,Bernard,SANDERS,SENATOR,I,VT,N/A,S000033,115
1925,Bill,CASSIDY,SENATOR,R,LA,N/A,C001075,115
859,Bill,NELSON,SENATOR,D,FL,N/A,N000032,115
2084,Marco,RUBIO,SENATOR,R,FL,N/A,R000595,115
2084,Marco,RUBIO,SENATOR,R,FL,N/A,R000595,115
1967,Mike,QUIGLEY,REPRESENTATIVE,D,IL,5,Q000023,115
2233,Ken,BUCK,REPRESENTATIVE,R,CO,4,B001297,115
2233,Ken,BUCK,REPRESENTATIVE,R,CO,4,B001297,115
2233,Ken,BUCK,REPRESENTATIVE,R,CO,4,B001297,115
2233,Ken,BUCK,REPRESENTATIVE,R,CO,4,B001297,115
2233,Ken,BUCK,REPRESENTATIVE,R,CO,4,B001297,115
701,Zoe,LOFGREN,REPRESENTATIVE,D,CA,19,L000397,115
2233,Ken,BUCK,REPRESENTATIVE,R,CO,4,B001297,115
2233,Ken,BUCK,REPRESENTATIVE,R,CO,4,B001297,115
2233,Ken,BUCK,REPRESENTATIVE,R,CO,4,B001297,115
1525,Pete,SESSIONS,SENATOR,R,TX,N/A,S000250,115
2233,Ken,BUCK,REPRESENTATIVE,R,CO,4,B001297,115
2233,Ken,BUCK,REPRESENTATIVE,R,CO,4,B001297,115
1525,Pete,SESSIONS,SENATOR,R,TX,N/A,S000250,115
2233,Ken,BUCK,REPRESENTATIVE,R,CO,4,B001297,115
2233,Ken,BUCK,REPRESENTATIVE,R,CO,4,B001297,115
2094,Thomas,MASSIE,REPRESENTATIVE,R,KY,4,M001184,115
2233,Ken,BUCK,REPRESENTATIVE,R,CO,4,B001297,115
2233,Ken,BUCK,REPRESENTATIVE,R,CO,4,B001297,115
2270,Brian,BABIN,REPRESENTATIVE,R,TX,36,B001291,115
1774,Jim,COSTA,REPRESENTATIVE,D,CA,16,C001059,115
1781,Daniel,LIPINSKI,REPRESENTATIVE,D,IL,3,L000563,115
1687,John,BOOZMAN,SENATOR,R,AR,N/A,B001236,115
2084,Marco,RUBIO,SENATOR,R,FL,N/A,R000595,115
1834,Doug,LAMBORN,REPRESENTATIVE,R,CO,5,L000564,115
1749,Jeb,HENSARLING,REPRESENTATIVE,R,TX,5,H001036,115
1749,Jeb,HENSARLING,REPRESENTATIVE,R,TX,5,H001036,115
1749,Jeb,HENSARLING,REPRESENTATIVE,R,TX,5,H001036,115
1749,Jeb,HENSARLING,REPRESENTATIVE,R,TX,5,H001036,115
2028,Bill,HUIZENGA,REPRESENTATIVE,R,MI,2,H001058,115
1749,Jeb,HENSARLING,REPRESENTATIVE,R,TX,5,H001036,115
2028,Bill,HUIZENGA,REPRESENTATIVE,R,MI,2,H001058,115
1749,Jeb,HENSARLING,REPRESENTATIVE,R,TX,5,H001036,115
2137,Ann,WAGNER,REPRESENTATIVE,R,MO,2,W000812,115
1888,Bill,FOSTER,REPRESENTATIVE,D,IL,11,F000454,115
1749,Jeb,HENSARLING,REPRESENTATIVE,R,TX,5,H001036,115
2131,Andy,BARR,REPRESENTATIVE,R,KY,11,B001282,115
1811,Gwen,MOORE,SENATOR,D,WI,N/A,M001160,115
1811,Gwen,MOORE,SENATOR,D,WI,N/A,M001160,115
1749,Jeb,HENSARLING,REPRESENTATIVE,R,TX,5,H001036,115
2158,Keith,ROTHFUS,REPRESENTATIVE,R,PA,12,R000598,115
1564,Michael,CAPUANO,REPRESENTATIVE,D,MA,7,C001037,115
1564,Michael,CAPUANO,REPRESENTATIVE,D,MA,7,C001037,115
2028,Bill,HUIZENGA,REPRESENTATIVE,R,MI,2,H001058,115
1564,Michael,CAPUANO,REPRESENTATIVE,D,MA,7,C001037,115
1564,Michael,CAPUANO,REPRESENTATIVE,D,MA,7,C001037,115
2028,Bill,HUIZENGA,REPRESENTATIVE,R,MI,2,H001058,115
1564,Michael,CAPUANO,REPRESENTATIVE,D,MA,7,C001037,115
1564,Michael,CAPUANO,REPRESENTATIVE,D,MA,7,C001037,115
1749,Jeb,HENSARLING,REPRESENTATIVE,R,TX,5,H001036,115
1997,Scott,TIPTON,REPRESENTATIVE,R,CO,3,T000470,115
1749,Jeb,HENSARLING,REPRESENTATIVE,R,TX,5,H001036,115
2165,Roger,WILLIAMS,REPRESENTATIVE,R,TX,25,W000816,115
1749,Jeb,HENSARLING,REPRESENTATIVE,R,TX,5,H001036,115
2223,J.,HILL,REPRESENTATIVE,R,AR,2,H001072,115
1749,Jeb,HENSARLING,REPRESENTATIVE,R,TX,5,H001036,115
2250,David,TROTT,REPRESENTATIVE,R,MI,11,T000475,115
1749,Jeb,HENSARLING,REPRESENTATIVE,R,TX,5,H001036,115
2336,Ted,BUDD,REPRESENTATIVE,R,NC,1,B001305,115
1749,Jeb,HENSARLING,REPRESENTATIVE,R,TX,5,H001036,115
2344,Claudia,TENNEY,N/A,R,NY,N/A,T000478,115
1749,Jeb,HENSARLING,REPRESENTATIVE,R,TX,5,H001036,115
2344,Claudia,TENNEY,N/A,R,NY,N/A,T000478,115
1749,Jeb,HENSARLING,REPRESENTATIVE,R,TX,5,H001036,115
1749,Jeb,HENSARLING,REPRESENTATIVE,R,TX,5,H001036,115
1749,Jeb,HENSARLING,REPRESENTATIVE,R,TX,5,H001036,115
2144,Kevin,CRAMER,REPRESENTATIVE,R,ND,0,C001096,115
1036,Charles,SCHUMER,SENATOR,D,NY,N/A,S000148,115
2098,Tom,COTTON,SENATOR,R,AR,N/A,C001095,115
478,Luis,GUTIERREZ,REPRESENTATIVE,D,IL,4,G000535,115
2342,Adriano,ESPAILLAT,N/A,D,NY,N/A,E000297,115
2239,Rick,ALLEN,REPRESENTATIVE,R,GA,12,A000372,115
