speaker_id,first_name,last_name,type,party,state,district,bio_guide_id,congress_id
2182,Elizabeth,WARREN,SENATOR,D,MA,N/A,W000817,115
2182,Elizabeth,WARREN,SENATOR,D,MA,N/A,W000817,115
1534,John,THUNE,SENATOR,R,SD,N/A,T000250,115
1534,John,THUNE,SENATOR,R,SD,N/A,T000250,115
1692,John,CORNYN,SENATOR,R,TX,N/A,C001056,115
1534,John,THUNE,SENATOR,R,SD,N/A,T000250,115
1534,John,THUNE,SENATOR,R,SD,N/A,T000250,115
136,Sherrod,BROWN,REPRESENTATIVE,D,OH,26,B000944,115
136,Sherrod,BROWN,REPRESENTATIVE,D,OH,26,B000944,115
250,Mike,CRAPO,SENATOR,R,ID,N/A,C000880,115
2080,Mike,LEE,REPRESENTATIVE,R,UT,13,L000577,115
2080,Mike,LEE,REPRESENTATIVE,R,UT,13,L000577,115
1633,Jeff,FLAKE,SENATOR,R,AZ,N/A,F000444,115
2080,Mike,LEE,REPRESENTATIVE,R,UT,13,L000577,115
1633,Jeff,FLAKE,SENATOR,R,AZ,N/A,F000444,115
2080,Mike,LEE,REPRESENTATIVE,R,UT,13,L000577,115
1226,Roger,WICKER,SENATOR,R,MS,N/A,W000437,115
1226,Roger,WICKER,SENATOR,R,MS,N/A,W000437,115
1226,Roger,WICKER,SENATOR,R,MS,N/A,W000437,115
583,James,INHOFE,SENATOR,R,OK,N/A,I000024,115
1247,Ron,WYDEN,SENATOR,D,OR,N/A,W000779,115
1247,Ron,WYDEN,SENATOR,D,OR,N/A,W000779,115
1247,Ron,WYDEN,SENATOR,D,OR,N/A,W000779,115
1247,Ron,WYDEN,SENATOR,D,OR,N/A,W000779,115
1692,John,CORNYN,SENATOR,R,TX,N/A,C001056,115
1332,Dianne,FEINSTEIN,SENATOR,D,CA,N/A,F000062,115
2138,Steve,DAINES,SENATOR,R,MT,N/A,D000618,115
2158,Keith,ROTHFUS,REPRESENTATIVE,R,PA,12,R000598,115
566,Steny,HOYER,REPRESENTATIVE,D,MD,5,H000874,115
1791,Virginia,FOXX,REPRESENTATIVE,R,NC,5,F000450,115
1835,Ed,PERLMUTTER,REPRESENTATIVE,D,CO,7,P000593,115
2158,Keith,ROTHFUS,REPRESENTATIVE,R,PA,12,R000598,115
2152,Brad,WENSTRUP,REPRESENTATIVE,R,OH,2,W000815,115
2134,Daniel,KILDEE,REPRESENTATIVE,D,MI,5,K000380,115
2182,Elizabeth,WARREN,SENATOR,D,MA,N/A,W000817,115
1531,Debbie,STABENOW,SENATOR,D,MI,N/A,S000770,115
2138,Steve,DAINES,SENATOR,R,MT,N/A,D000618,115
2138,Steve,DAINES,SENATOR,R,MT,N/A,D000618,115
2332,Jamie,RASKIN,N/A,D,MD,N/A,R000606,115
2138,Steve,DAINES,SENATOR,R,MT,N/A,D000618,115
2058,Trey,GOWDY,REPRESENTATIVE,R,SC,4,G000566,115
1837,Christopher,MURPHY,SENATOR,D,CT,N/A,M001169,115
2097,Donald,PAYNE,REPRESENTATIVE,D,NJ,10,P000604,115
1692,John,CORNYN,SENATOR,R,TX,N/A,C001056,115
1878,Steve,COHEN,REPRESENTATIVE,D,TN,9,C001068,115
2076,Richard,BLUMENTHAL,SENATOR,D,CT,N/A,B001277,115
2023,Cedric,RICHMOND,REPRESENTATIVE,D,LA,2,R000588,115
1534,John,THUNE,SENATOR,R,SD,N/A,T000250,115
2342,Adriano,ESPAILLAT,N/A,D,NY,N/A,E000297,115
905,Nancy,PELOSI,REPRESENTATIVE,D,CA,12,P000197,115
2124,Bradley,SCHNEIDER,N/A,D,IL,N/A,S001190,115
566,Steny,HOYER,REPRESENTATIVE,D,MD,5,H000874,115
905,Nancy,PELOSI,REPRESENTATIVE,D,CA,12,P000197,115
566,Steny,HOYER,REPRESENTATIVE,D,MD,5,H000874,115
566,Steny,HOYER,REPRESENTATIVE,D,MD,5,H000874,115
2105,David,VALADAO,REPRESENTATIVE,R,CA,21,V000129,115
1751,Michael,BURGESS,REPRESENTATIVE,R,TX,26,B001248,115
2365,Tina,SMITH,REPRESENTATIVE,D,MN,8,S001203,115
1791,Virginia,FOXX,REPRESENTATIVE,R,NC,5,F000450,115
887,Frank,PALLONE,REPRESENTATIVE,D,NJ,6,P000034,115
1036,Charles,SCHUMER,SENATOR,D,NY,N/A,S000148,115
2017,Todd,ROKITA,REPRESENTATIVE,R,IN,4,R000592,115
2359,Greg,GIANFORTE,N/A,R,MT,N/A,G000584,115
979,Dana,ROHRABACHER,REPRESENTATIVE,R,CA,48,R000409,115
1692,John,CORNYN,SENATOR,R,TX,N/A,C001056,115
2361,Ralph,NORMAN,N/A,R,SC,N/A,N000190,115
1692,John,CORNYN,SENATOR,R,TX,N/A,C001056,115
326,Richard,DURBIN,SENATOR,D,IL,N/A,D000563,115
1829,Jon,TESTER,SENATOR,D,MT,N/A,T000464,115
1829,Jon,TESTER,SENATOR,D,MT,N/A,T000464,115
1558,Tammy,BALDWIN,SENATOR,D,WI,N/A,B001230,115
1383,Patrick,LEAHY,SENATOR,D,VT,N/A,L000174,115
2290,Dan,SULLIVAN,SENATOR,R,AK,N/A,S001198,115
2290,Dan,SULLIVAN,SENATOR,R,AK,N/A,S001198,115
2173,Brian,SCHATZ,SENATOR,D,HI,N/A,S001194,115
2176,Tim,KAINE,SENATOR,D,VA,N/A,K000384,115
1692,John,CORNYN,SENATOR,R,TX,N/A,C001056,115
2176,Tim,KAINE,SENATOR,D,VA,N/A,K000384,115
1692,John,CORNYN,SENATOR,R,TX,N/A,C001056,115
1900,Jeff,MERKLEY,SENATOR,D,OR,N/A,M001176,115
1900,Jeff,MERKLEY,SENATOR,D,OR,N/A,M001176,115
2176,Tim,KAINE,SENATOR,D,VA,N/A,K000384,115
1900,Jeff,MERKLEY,SENATOR,D,OR,N/A,M001176,115
2176,Tim,KAINE,SENATOR,D,VA,N/A,K000384,115
1900,Jeff,MERKLEY,SENATOR,D,OR,N/A,M001176,115
2176,Tim,KAINE,SENATOR,D,VA,N/A,K000384,115
1900,Jeff,MERKLEY,SENATOR,D,OR,N/A,M001176,115
1900,Jeff,MERKLEY,SENATOR,D,OR,N/A,M001176,115
2176,Tim,KAINE,SENATOR,D,VA,N/A,K000384,115
1900,Jeff,MERKLEY,SENATOR,D,OR,N/A,M001176,115
2176,Tim,KAINE,SENATOR,D,VA,N/A,K000384,115
1900,Jeff,MERKLEY,SENATOR,D,OR,N/A,M001176,115
2176,Tim,KAINE,SENATOR,D,VA,N/A,K000384,115
1900,Jeff,MERKLEY,SENATOR,D,OR,N/A,M001176,115
2176,Tim,KAINE,SENATOR,D,VA,N/A,K000384,115
1900,Jeff,MERKLEY,SENATOR,D,OR,N/A,M001176,115
2176,Tim,KAINE,SENATOR,D,VA,N/A,K000384,115
1900,Jeff,MERKLEY,SENATOR,D,OR,N/A,M001176,115
2176,Tim,KAINE,SENATOR,D,VA,N/A,K000384,115
2123,Tammy,DUCKWORTH,REPRESENTATIVE,D,IL,8,D000622,115
1692,John,CORNYN,SENATOR,R,TX,N/A,C001056,115
2123,Tammy,DUCKWORTH,REPRESENTATIVE,D,IL,8,D000622,115
1692,John,CORNYN,SENATOR,R,TX,N/A,C001056,115
2123,Tammy,DUCKWORTH,REPRESENTATIVE,D,IL,8,D000622,115
1901,Jeanne,SHAHEEN,SENATOR,D,NH,N/A,S001181,115
1409,Patty,MURRAY,SENATOR,D,WA,N/A,M001111,115
1844,Mazie,HIRONO,SENATOR,D,HI,N/A,H001042,115
1844,Mazie,HIRONO,SENATOR,D,HI,N/A,H001042,115
1464,Roy,BLUNT,SENATOR,R,MO,N/A,B000575,115
2076,Richard,BLUMENTHAL,SENATOR,D,CT,N/A,B001277,115
2076,Richard,BLUMENTHAL,SENATOR,D,CT,N/A,B001277,115
924,Rob,PORTMAN,SENATOR,R,OH,N/A,P000449,115
1534,John,THUNE,SENATOR,R,SD,N/A,T000250,115
1534,John,THUNE,SENATOR,R,SD,N/A,T000250,115
791,Robert,MENENDEZ,SENATOR,D,NJ,N/A,M000639,115
1226,Roger,WICKER,SENATOR,R,MS,N/A,W000437,115
1837,Christopher,MURPHY,SENATOR,D,CT,N/A,M001169,115
1837,Christopher,MURPHY,SENATOR,D,CT,N/A,M001169,115
2291,Thom,TILLIS,SENATOR,R,NC,N/A,T000476,115
2291,Thom,TILLIS,SENATOR,R,NC,N/A,T000476,115
1837,Christopher,MURPHY,SENATOR,D,CT,N/A,M001169,115
1837,Christopher,MURPHY,SENATOR,D,CT,N/A,M001169,115
136,Sherrod,BROWN,REPRESENTATIVE,D,OH,26,B000944,115
2291,Thom,TILLIS,SENATOR,R,NC,N/A,T000476,115
136,Sherrod,BROWN,REPRESENTATIVE,D,OH,26,B000944,115
136,Sherrod,BROWN,REPRESENTATIVE,D,OH,26,B000944,115
2291,Thom,TILLIS,SENATOR,R,NC,N/A,T000476,115
2173,Brian,SCHATZ,SENATOR,D,HI,N/A,S001194,115
2173,Brian,SCHATZ,SENATOR,D,HI,N/A,S001194,115
2173,Brian,SCHATZ,SENATOR,D,HI,N/A,S001194,115
2173,Brian,SCHATZ,SENATOR,D,HI,N/A,S001194,115
2291,Thom,TILLIS,SENATOR,R,NC,N/A,T000476,115
2291,Thom,TILLIS,SENATOR,R,NC,N/A,T000476,115
2173,Brian,SCHATZ,SENATOR,D,HI,N/A,S001194,115
2173,Brian,SCHATZ,SENATOR,D,HI,N/A,S001194,115
2173,Brian,SCHATZ,SENATOR,D,HI,N/A,S001194,115
136,Sherrod,BROWN,REPRESENTATIVE,D,OH,26,B000944,115
2291,Thom,TILLIS,SENATOR,R,NC,N/A,T000476,115
2194,Cory,BOOKER,SENATOR,D,NJ,N/A,B001288,115
2291,Thom,TILLIS,SENATOR,R,NC,N/A,T000476,115
136,Sherrod,BROWN,REPRESENTATIVE,D,OH,26,B000944,115
2194,Cory,BOOKER,SENATOR,D,NJ,N/A,B001288,115
2194,Cory,BOOKER,SENATOR,D,NJ,N/A,B001288,115
136,Sherrod,BROWN,REPRESENTATIVE,D,OH,26,B000944,115
2173,Brian,SCHATZ,SENATOR,D,HI,N/A,S001194,115
2291,Thom,TILLIS,SENATOR,R,NC,N/A,T000476,115
2173,Brian,SCHATZ,SENATOR,D,HI,N/A,S001194,115
2291,Thom,TILLIS,SENATOR,R,NC,N/A,T000476,115
1837,Christopher,MURPHY,SENATOR,D,CT,N/A,M001169,115
2173,Brian,SCHATZ,SENATOR,D,HI,N/A,S001194,115
2291,Thom,TILLIS,SENATOR,R,NC,N/A,T000476,115
2173,Brian,SCHATZ,SENATOR,D,HI,N/A,S001194,115
2173,Brian,SCHATZ,SENATOR,D,HI,N/A,S001194,115
1351,Orrin,HATCH,SENATOR,R,UT,N/A,H000338,115
1351,Orrin,HATCH,SENATOR,R,UT,N/A,H000338,115
1036,Charles,SCHUMER,SENATOR,D,NY,N/A,S000148,115
1633,Jeff,FLAKE,SENATOR,R,AZ,N/A,F000444,115
303,Lloyd,DOGGETT,REPRESENTATIVE,D,TX,35,D000399,115
99,Earl,BLUMENAUER,REPRESENTATIVE,D,OR,3,B000574,115
208,James,CLYBURN,REPRESENTATIVE,D,SC,6,C000537,115
566,Steny,HOYER,REPRESENTATIVE,D,MD,5,H000874,115
566,Steny,HOYER,REPRESENTATIVE,D,MD,5,H000874,115
566,Steny,HOYER,REPRESENTATIVE,D,MD,5,H000874,115
1036,Charles,SCHUMER,SENATOR,D,NY,N/A,S000148,115
1801,Louie,GOHMERT,REPRESENTATIVE,R,TX,1,G000552,115
1692,John,CORNYN,SENATOR,R,TX,N/A,C001056,115
1036,Charles,SCHUMER,SENATOR,D,NY,N/A,S000148,115
1738,Stevan,PEARCE,REPRESENTATIVE,R,NM,2,P000588,115
2308,Ro,KHANNA,N/A,D,CA,N/A,K000389,115
1525,Pete,SESSIONS,SENATOR,R,TX,N/A,S000250,115
2320,Val,DEMINGS,N/A,D,FL,N/A,D000627,115
2283,Joni,ERNST,SENATOR,R,IA,N/A,E000295,115
1036,Charles,SCHUMER,SENATOR,D,NY,N/A,S000148,115
1036,Charles,SCHUMER,SENATOR,D,NY,N/A,S000148,115
1036,Charles,SCHUMER,SENATOR,D,NY,N/A,S000148,115
326,Richard,DURBIN,SENATOR,D,IL,N/A,D000563,115
1692,John,CORNYN,SENATOR,R,TX,N/A,C001056,115
174,Benjamin,CARDIN,SENATOR,D,MD,N/A,C000141,115
153,Richard,BURR,SENATOR,R,NC,N/A,B001135,115
153,Richard,BURR,SENATOR,R,NC,N/A,B001135,115
1897,Mark,WARNER,SENATOR,D,VA,N/A,W000805,115
153,Richard,BURR,SENATOR,R,NC,N/A,B001135,115
213,Thad,COCHRAN,SENATOR,R,MS,N/A,C000567,115
153,Richard,BURR,SENATOR,R,NC,N/A,B001135,115
136,Sherrod,BROWN,REPRESENTATIVE,D,OH,26,B000944,115
136,Sherrod,BROWN,REPRESENTATIVE,D,OH,26,B000944,115
136,Sherrod,BROWN,REPRESENTATIVE,D,OH,26,B000944,115
1692,John,CORNYN,SENATOR,R,TX,N/A,C001056,115
1692,John,CORNYN,SENATOR,R,TX,N/A,C001056,115
2153,Joyce,BEATTY,REPRESENTATIVE,D,OH,3,B001281,115
