speaker_id,first_name,last_name,type,party,state,district,bio_guide_id,congress_id
1534,John,THUNE,SENATOR,R,SD,N/A,T000250,115
1542,Michael,ENZI,SENATOR,R,WY,N/A,E000285,115
1542,Michael,ENZI,SENATOR,R,WY,N/A,E000285,115
1687,John,BOOZMAN,SENATOR,R,AR,N/A,B001236,115
1633,Jeff,FLAKE,SENATOR,R,AZ,N/A,F000444,115
2176,Tim,KAINE,SENATOR,D,VA,N/A,K000384,115
2076,Richard,BLUMENTHAL,SENATOR,D,CT,N/A,B001277,115
1542,Michael,ENZI,SENATOR,R,WY,N/A,E000285,115
1542,Michael,ENZI,SENATOR,R,WY,N/A,E000285,115
1534,John,THUNE,SENATOR,R,SD,N/A,T000250,115
1036,Charles,SCHUMER,SENATOR,D,NY,N/A,S000148,115
1692,John,CORNYN,SENATOR,R,TX,N/A,C001056,115
1351,Orrin,HATCH,SENATOR,R,UT,N/A,H000338,115
1351,Orrin,HATCH,SENATOR,R,UT,N/A,H000338,115
1351,Orrin,HATCH,SENATOR,R,UT,N/A,H000338,115
859,Bill,NELSON,SENATOR,D,FL,N/A,N000032,115
1049,Richard,SHELBY,SENATOR,R,AL,N/A,S000320,115
1692,John,CORNYN,SENATOR,R,TX,N/A,C001056,115
326,Richard,DURBIN,SENATOR,D,IL,N/A,D000563,115
99999999999999,,BARRASSO,SENATOR,Party information Unavailable,State Info Unavailable,N/A,9999999999999999,115
1863,Dean,HELLER,SENATOR,R,NV,N/A,H001041,115
1464,Roy,BLUNT,SENATOR,R,MO,N/A,B000575,115
1828,Robert,CASEY,SENATOR,D,PA,N/A,C001070,115
1863,Dean,HELLER,SENATOR,R,NV,N/A,H001041,115
136,Sherrod,BROWN,REPRESENTATIVE,D,OH,26,B000944,115
1998,Cory,GARDNER,N/A,R,CO,N/A,G000562,115
1998,Cory,GARDNER,N/A,R,CO,N/A,G000562,115
1998,Cory,GARDNER,N/A,R,CO,N/A,G000562,115
1542,Michael,ENZI,SENATOR,R,WY,N/A,E000285,115
1542,Michael,ENZI,SENATOR,R,WY,N/A,E000285,115
1542,Michael,ENZI,SENATOR,R,WY,N/A,E000285,115
1036,Charles,SCHUMER,SENATOR,D,NY,N/A,S000148,115
1594,Patrick,TOOMEY,SENATOR,R,PA,N/A,T000461,115
1542,Michael,KING,REPRESENTATIVE,R,WY,4,E000285,115
1226,Roger,WICKER,SENATOR,R,MS,N/A,W000437,115
1900,Jeff,MERKLEY,SENATOR,D,OR,N/A,M001176,115
2084,Marco,RUBIO,SENATOR,R,FL,N/A,R000595,115
1409,Patty,MURRAY,SENATOR,D,WA,N/A,M001111,115
949,Jack,REED,REPRESENTATIVE,D,RI,23,R000122,115
1881,John,BARRASSO,SENATOR,R,WY,N/A,B001261,115
174,Benjamin,CARDIN,SENATOR,D,MD,N/A,C000141,115
1998,Cory,GARDNER,N/A,R,CO,N/A,G000562,115
174,Benjamin,CARDIN,SENATOR,D,MD,N/A,C000141,115
174,Benjamin,CARDIN,SENATOR,D,MD,N/A,C000141,115
1998,Cory,GARDNER,N/A,R,CO,N/A,G000562,115
735,Edward,MARKEY,SENATOR,D,MA,N/A,M000133,115
1567,Tom,UDALL,SENATOR,D,NM,N/A,U000039,115
1010,Bernard,SANDERS,SENATOR,I,VT,N/A,S000033,115
1010,Bernard,SANDERS,SENATOR,I,VT,N/A,S000033,115
1828,Robert,CASEY,SENATOR,D,PA,N/A,C001070,115
1692,John,CORNYN,SENATOR,R,TX,N/A,C001056,115
2056,Tim,SCOTT,REPRESENTATIVE,R,SC,52,S001184,115
2079,John,HOEVEN,SENATOR,R,ND,N/A,H001061,115
1676,Shelley,CAPITO,N/A,R,WV,N/A,C001047,115
1542,Michael,ENZI,SENATOR,R,WY,N/A,E000285,115
1542,Michael,ENZI,SENATOR,R,WY,N/A,E000285,115
2291,Thom,TILLIS,SENATOR,R,NC,N/A,T000476,115
1247,Ron,WYDEN,SENATOR,D,OR,N/A,W000779,115
1351,Orrin,HATCH,SENATOR,R,UT,N/A,H000338,115
1531,Debbie,STABENOW,SENATOR,D,MI,N/A,S000770,115
1531,Debbie,STABENOW,SENATOR,D,MI,N/A,S000770,115
1541,Susan,COLLINS,REPRESENTATIVE,R,ME,9,C001035,115
1351,Orrin,HATCH,SENATOR,R,UT,N/A,H000338,115
1010,Bernard,SANDERS,SENATOR,I,VT,N/A,S000033,115
1542,Michael,ENZI,SENATOR,R,WY,N/A,E000285,115
1692,John,CORNYN,SENATOR,R,TX,N/A,C001056,115
326,Richard,DURBIN,SENATOR,D,IL,N/A,D000563,115
1542,Michael,ENZI,SENATOR,R,WY,N/A,E000285,115
1010,Bernard,SANDERS,SENATOR,I,VT,N/A,S000033,115
1010,Bernard,SANDERS,SENATOR,I,VT,N/A,S000033,115
1542,Michael,ENZI,SENATOR,R,WY,N/A,E000285,115
1692,John,CORNYN,SENATOR,R,TX,N/A,C001056,115
326,Richard,DURBIN,SENATOR,D,IL,N/A,D000563,115
859,Bill,NELSON,SENATOR,D,FL,N/A,N000032,115
1542,Michael,ENZI,SENATOR,R,WY,N/A,E000285,115
1692,John,CORNYN,SENATOR,R,TX,N/A,C001056,115
326,Richard,DURBIN,SENATOR,D,IL,N/A,D000563,115
1863,Dean,HELLER,SENATOR,R,NV,N/A,H001041,115
1010,Bernard,SANDERS,SENATOR,I,VT,N/A,S000033,115
1247,Ron,WYDEN,SENATOR,D,OR,N/A,W000779,115
1542,Michael,ENZI,SENATOR,R,WY,N/A,E000285,115
1692,John,CORNYN,SENATOR,R,TX,N/A,C001056,115
326,Richard,DURBIN,SENATOR,D,IL,N/A,D000563,115
1010,Bernard,SANDERS,SENATOR,I,VT,N/A,S000033,115
1542,Michael,ENZI,SENATOR,R,WY,N/A,E000285,115
1010,Bernard,SANDERS,SENATOR,I,VT,N/A,S000033,115
1692,John,CORNYN,SENATOR,R,TX,N/A,C001056,115
326,Richard,DURBIN,SENATOR,D,IL,N/A,D000563,115
1541,Susan,COLLINS,REPRESENTATIVE,R,ME,9,C001035,115
1541,Susan,COLLINS,REPRESENTATIVE,R,ME,9,C001035,115
1534,John,THUNE,SENATOR,R,SD,N/A,T000250,115
1863,Dean,HELLER,SENATOR,R,NV,N/A,H001041,115
1863,Dean,HELLER,SENATOR,R,NV,N/A,H001041,115
1900,Jeff,MERKLEY,SENATOR,D,OR,N/A,M001176,115
1531,Debbie,STABENOW,SENATOR,D,MI,N/A,S000770,115
172,Maria,CANTWELL,SENATOR,D,WA,N/A,C000127,115
326,Richard,DURBIN,SENATOR,D,IL,N/A,D000563,115
1998,Cory,GARDNER,N/A,R,CO,N/A,G000562,115
1998,Cory,GARDNER,N/A,R,CO,N/A,G000562,115
1998,Cory,GARDNER,N/A,R,CO,N/A,G000562,115
1036,Charles,SCHUMER,SENATOR,D,NY,N/A,S000148,115
1036,Charles,SCHUMER,SENATOR,D,NY,N/A,S000148,115
1692,John,CORNYN,SENATOR,R,TX,N/A,C001056,115
326,Richard,DURBIN,SENATOR,D,IL,N/A,D000563,115
1825,Bob,CORKER,SENATOR,R,TN,N/A,C001071,115
1542,Michael,ENZI,SENATOR,R,WY,N/A,E000285,115
1542,Michael,ENZI,SENATOR,R,WY,N/A,E000285,115
1542,Michael,ENZI,SENATOR,R,WY,N/A,E000285,115
326,Richard,DURBIN,SENATOR,D,IL,N/A,D000563,115
326,Richard,DURBIN,SENATOR,D,IL,N/A,D000563,115
326,Richard,DURBIN,SENATOR,D,IL,N/A,D000563,115
1351,Orrin,HATCH,SENATOR,R,UT,N/A,H000338,115
1351,Orrin,HATCH,SENATOR,R,UT,N/A,H000338,115
1692,John,CORNYN,SENATOR,R,TX,N/A,C001056,115
1692,John,CORNYN,SENATOR,R,TX,N/A,C001056,115
1633,Jeff,FLAKE,SENATOR,R,AZ,N/A,F000444,115
1695,Lamar,ALEXANDER,SENATOR,R,TN,N/A,A000360,115
1695,Lamar,ALEXANDER,SENATOR,R,TN,N/A,A000360,115
1695,Lamar,ALEXANDER,SENATOR,R,TN,N/A,A000360,115
1695,Lamar,ALEXANDER,SENATOR,R,TN,N/A,A000360,115
1409,Patty,MURRAY,SENATOR,D,WA,N/A,M001111,115
1937,Martin,HEINRICH,SENATOR,D,NM,N/A,H001046,115
1937,Martin,HEINRICH,SENATOR,D,NM,N/A,H001046,115
2080,Mike,LEE,REPRESENTATIVE,R,UT,13,L000577,115
2176,Tim,KAINE,SENATOR,D,VA,N/A,K000384,115
457,Chuck,GRASSLEY,SENATOR,R,IA,N/A,G000386,115
457,Chuck,GRASSLEY,SENATOR,R,IA,N/A,G000386,115
735,Edward,MARKEY,SENATOR,D,MA,N/A,M000133,115
172,Maria,CANTWELL,SENATOR,D,WA,N/A,C000127,115
1542,Michael,ENZI,SENATOR,R,WY,N/A,E000285,115
1542,Michael,ENZI,SENATOR,R,WY,N/A,E000285,115
2084,Marco,RUBIO,SENATOR,R,FL,N/A,R000595,115
1900,Jeff,MERKLEY,SENATOR,D,OR,N/A,M001176,115
1567,Tom,UDALL,SENATOR,D,NM,N/A,U000039,115
1828,Robert,CASEY,SENATOR,D,PA,N/A,C001070,115
1036,Charles,SCHUMER,SENATOR,D,NY,N/A,S000148,115
791,Robert,MENENDEZ,SENATOR,D,NJ,N/A,M000639,115
1863,Dean,HELLER,SENATOR,R,NV,N/A,H001041,115
1036,Charles,SCHUMER,SENATOR,D,NY,N/A,S000148,115
1036,Charles,SCHUMER,SENATOR,D,NY,N/A,S000148,115
1542,Michael,ENZI,SENATOR,R,WY,N/A,E000285,115
1542,Michael,ENZI,SENATOR,R,WY,N/A,E000285,115
1542,Michael,ENZI,SENATOR,R,WY,N/A,E000285,115
1542,Michael,ENZI,SENATOR,R,WY,N/A,E000285,115
1010,Bernard,SANDERS,SENATOR,I,VT,N/A,S000033,115
1010,Bernard,SANDERS,SENATOR,I,VT,N/A,S000033,115
1687,John,BOOZMAN,SENATOR,R,AR,N/A,B001236,115
1998,Cory,GARDNER,N/A,R,CO,N/A,G000562,115
1881,John,BARRASSO,SENATOR,R,WY,N/A,B001261,115
136,Sherrod,BROWN,REPRESENTATIVE,D,OH,26,B000944,115
136,Sherrod,BROWN,REPRESENTATIVE,D,OH,26,B000944,115
1823,Sheldon,WHITEHOUSE,SENATOR,D,RI,N/A,W000802,115
1531,Debbie,STABENOW,SENATOR,D,MI,N/A,S000770,115
1542,Michael,ENZI,SENATOR,R,WY,N/A,E000285,115
1829,Jon,TESTER,SENATOR,D,MT,N/A,T000464,115
1692,John,CORNYN,SENATOR,R,TX,N/A,C001056,115
326,Richard,DURBIN,SENATOR,D,IL,N/A,D000563,115
791,Robert,MENENDEZ,SENATOR,D,NJ,N/A,M000639,115
791,Robert,MENENDEZ,SENATOR,D,NJ,N/A,M000639,115
1983,Joe,MANCHIN,SENATOR,D,WV,N/A,M001183,115
1825,Bob,CORKER,SENATOR,R,TN,N/A,C001071,115
1998,Cory,GARDNER,N/A,R,CO,N/A,G000562,115
179,Thomas,CARPER,SENATOR,D,DE,N/A,C000174,115
1829,Jon,TESTER,SENATOR,D,MT,N/A,T000464,115
