speaker_id,first_name,last_name,type,party,state,district,bio_guide_id,congress_id
2273,Barbara,COMSTOCK,REPRESENTATIVE,R,VA,10,C001105,115
2273,Barbara,COMSTOCK,REPRESENTATIVE,R,VA,10,C001105,115
2273,Barbara,COMSTOCK,REPRESENTATIVE,R,VA,10,C001105,115
2114,Elizabeth,ESTY,REPRESENTATIVE,D,CT,5,E000293,115
2273,Barbara,COMSTOCK,REPRESENTATIVE,R,VA,10,C001105,115
2114,Elizabeth,ESTY,REPRESENTATIVE,D,CT,5,E000293,115
2273,Barbara,COMSTOCK,REPRESENTATIVE,R,VA,10,C001105,115
2114,Elizabeth,ESTY,REPRESENTATIVE,D,CT,5,E000293,115
2273,Barbara,COMSTOCK,REPRESENTATIVE,R,VA,10,C001105,115
1036,Charles,SCHUMER,SENATOR,D,NY,N/A,S000148,115
1036,Charles,SCHUMER,SENATOR,D,NY,N/A,S000148,115
1542,Michael,ENZI,SENATOR,R,WY,N/A,E000285,115
2273,Barbara,COMSTOCK,REPRESENTATIVE,R,VA,10,C001105,115
2273,Barbara,COMSTOCK,REPRESENTATIVE,R,VA,10,C001105,115
2273,Barbara,COMSTOCK,REPRESENTATIVE,R,VA,10,C001105,115
2114,Elizabeth,ESTY,REPRESENTATIVE,D,CT,5,E000293,115
2273,Barbara,COMSTOCK,REPRESENTATIVE,R,VA,10,C001105,115
2114,Elizabeth,ESTY,REPRESENTATIVE,D,CT,5,E000293,115
2273,Barbara,COMSTOCK,REPRESENTATIVE,R,VA,10,C001105,115
2114,Elizabeth,ESTY,REPRESENTATIVE,D,CT,5,E000293,115
2273,Barbara,COMSTOCK,REPRESENTATIVE,R,VA,10,C001105,115
1010,Bernard,SANDERS,SENATOR,I,VT,N/A,S000033,115
326,Richard,DURBIN,SENATOR,D,IL,N/A,D000563,115
1633,Jeff,FLAKE,SENATOR,R,AZ,N/A,F000444,115
1010,Bernard,SANDERS,SENATOR,I,VT,N/A,S000033,115
1633,Jeff,FLAKE,SENATOR,R,AZ,N/A,F000444,115
1692,John,CORNYN,SENATOR,R,TX,N/A,C001056,115
1010,Bernard,SANDERS,SENATOR,I,VT,N/A,S000033,115
1542,Michael,ENZI,SENATOR,R,WY,N/A,E000285,115
1010,Bernard,SANDERS,SENATOR,I,VT,N/A,S000033,115
1692,John,CORNYN,SENATOR,R,TX,N/A,C001056,115
1383,Patrick,LEAHY,SENATOR,D,VT,N/A,L000174,115
1633,Jeff,FLAKE,SENATOR,R,AZ,N/A,F000444,115
1633,Jeff,FLAKE,SENATOR,R,AZ,N/A,F000444,115
1010,Bernard,KING,REPRESENTATIVE,I,VT,4,S000033,115
1695,Lamar,ALEXANDER,SENATOR,R,TN,N/A,A000360,115
1542,Michael,ENZI,SENATOR,R,WY,N/A,E000285,115
1695,Lamar,ALEXANDER,SENATOR,R,TN,N/A,A000360,115
1542,Michael,ENZI,SENATOR,R,WY,N/A,E000285,115
1929,Gary,PETERS,REPRESENTATIVE,D,MI,52,P000595,115
1929,Gary,PETERS,REPRESENTATIVE,D,MI,52,P000595,115
1542,Michael,ENZI,SENATOR,R,WY,N/A,E000285,115
1604,Joseph,CROWLEY,REPRESENTATIVE,D,NY,14,C001038,115
2268,John,RATCLIFFE,REPRESENTATIVE,R,TX,4,R000601,115
2268,John,RATCLIFFE,REPRESENTATIVE,R,TX,4,R000601,115
2268,John,RATCLIFFE,REPRESENTATIVE,R,TX,4,R000601,115
2268,John,RATCLIFFE,REPRESENTATIVE,R,TX,4,R000601,115
1915,Bill,POSEY,REPRESENTATIVE,R,FL,8,P000599,115
979,Dana,ROHRABACHER,REPRESENTATIVE,R,CA,48,R000409,115
2067,Blake,FARENTHOLD,REPRESENTATIVE,R,TX,27,F000460,115
2014,Adam,KINZINGER,REPRESENTATIVE,R,IL,16,K000378,115
1910,Jared,POLIS,REPRESENTATIVE,D,CO,2,P000598,115
1955,Pete,OLSON,REPRESENTATIVE,R,TX,22,O000168,115
1955,Pete,OLSON,REPRESENTATIVE,R,TX,22,O000168,115
2268,John,RATCLIFFE,REPRESENTATIVE,R,TX,4,R000601,115
2268,John,RATCLIFFE,REPRESENTATIVE,R,TX,4,R000601,115
2268,John,RATCLIFFE,REPRESENTATIVE,R,TX,4,R000601,115
2268,John,RATCLIFFE,REPRESENTATIVE,R,TX,4,R000601,115
2115,Ted,YOHO,REPRESENTATIVE,R,FL,3,Y000065,115
136,Sherrod,BROWN,REPRESENTATIVE,D,OH,26,B000944,115
1542,Michael,ENZI,SENATOR,R,WY,N/A,E000285,115
1542,Michael,ENZI,SENATOR,R,WY,N/A,E000285,115
136,Sherrod,BROWN,REPRESENTATIVE,D,OH,26,B000944,115
859,Bill,NELSON,SENATOR,D,FL,N/A,N000032,115
1774,Jim,COSTA,REPRESENTATIVE,D,CA,16,C001059,115
1534,John,THUNE,SENATOR,R,SD,N/A,T000250,115
1534,John,THUNE,SENATOR,R,SD,N/A,T000250,115
1534,John,THUNE,SENATOR,R,SD,N/A,T000250,115
1881,John,BARRASSO,SENATOR,R,WY,N/A,B001261,115
1881,John,BARRASSO,SENATOR,R,WY,N/A,B001261,115
1542,Michael,ENZI,SENATOR,R,WY,N/A,E000285,115
1531,Debbie,STABENOW,SENATOR,D,MI,N/A,S000770,115
1542,Michael,ENZI,SENATOR,R,WY,N/A,E000285,115
1890,Jackie,SPEIER,REPRESENTATIVE,D,CA,14,S001175,115
1542,Michael,ENZI,SENATOR,R,WY,N/A,E000285,115
1383,Patrick,LEAHY,SENATOR,D,VT,N/A,L000174,115
616,Marcy,KAPTUR,REPRESENTATIVE,D,OH,8,K000009,115
326,Richard,DURBIN,SENATOR,D,IL,N/A,D000563,115
1534,John,THUNE,SENATOR,R,SD,N/A,T000250,115
1383,Patrick,LEAHY,SENATOR,D,VT,N/A,L000174,115
1695,Lamar,ALEXANDER,SENATOR,R,TN,N/A,A000360,115
1910,Jared,POLIS,REPRESENTATIVE,D,CO,2,P000598,115
2337,Don,BACON,N/A,R,NE,N/A,B001298,115
1910,Jared,POLIS,REPRESENTATIVE,D,CO,2,P000598,115
1910,Jared,POLIS,REPRESENTATIVE,D,CO,2,P000598,115
256,Elijah,CUMMINGS,REPRESENTATIVE,D,MD,7,C000984,115
1910,Jared,POLIS,REPRESENTATIVE,D,CO,2,P000598,115
256,Elijah,CUMMINGS,REPRESENTATIVE,D,MD,7,C000984,115
1910,Jared,POLIS,REPRESENTATIVE,D,CO,2,P000598,115
1910,Jared,POLIS,REPRESENTATIVE,D,CO,2,P000598,115
1910,Jared,POLIS,REPRESENTATIVE,D,CO,2,P000598,115
1910,Jared,POLIS,REPRESENTATIVE,D,CO,2,P000598,115
1910,Jared,POLIS,REPRESENTATIVE,D,CO,2,P000598,115
1910,Jared,POLIS,REPRESENTATIVE,D,CO,2,P000598,115
1910,Jared,POLIS,REPRESENTATIVE,D,CO,2,P000598,115
1036,Charles,SCHUMER,SENATOR,D,NY,N/A,S000148,115
1838,Gus,BILIRAKIS,REPRESENTATIVE,R,FL,12,B001257,115
1976,Theodore,DEUTCH,REPRESENTATIVE,D,FL,21,D000610,115
1748,Marsha,BLACKBURN,REPRESENTATIVE,R,TN,7,B001243,115
2269,Will,HURD,REPRESENTATIVE,R,TX,23,H001073,115
2269,Will,HURD,REPRESENTATIVE,R,TX,23,H001073,115
2269,Will,HURD,REPRESENTATIVE,R,TX,23,H001073,115
2269,Will,HURD,REPRESENTATIVE,R,TX,23,H001073,115
566,Steny,HOYER,REPRESENTATIVE,D,MD,5,H000874,115
2269,Will,HURD,REPRESENTATIVE,R,TX,23,H001073,115
2269,Will,HURD,REPRESENTATIVE,R,TX,23,H001073,115
2269,Will,HURD,REPRESENTATIVE,R,TX,23,H001073,115
2223,J.,HILL,REPRESENTATIVE,R,AR,2,H001072,115
1184,Nydia,VELAZQUEZ,REPRESENTATIVE,D,NY,7,V000081,115
1967,Mike,QUIGLEY,REPRESENTATIVE,D,IL,5,Q000023,115
2342,Adriano,ESPAILLAT,N/A,D,NY,N/A,E000297,115
2311,Nanette,BARRAGAN,N/A,D,CA,N/A,B001300,115
1801,Louie,GOHMERT,REPRESENTATIVE,R,TX,1,G000552,115
1801,Louie,GOHMERT,REPRESENTATIVE,R,TX,1,G000552,115
1801,Louie,GOHMERT,REPRESENTATIVE,R,TX,1,G000552,115
1955,Pete,OLSON,REPRESENTATIVE,R,TX,22,O000168,115
1955,Pete,OLSON,REPRESENTATIVE,R,TX,22,O000168,115
1955,Pete,OLSON,REPRESENTATIVE,R,TX,22,O000168,115
355,Anna,ESHOO,REPRESENTATIVE,D,CA,18,E000215,115
1955,Pete,OLSON,REPRESENTATIVE,R,TX,22,O000168,115
355,Anna,ESHOO,REPRESENTATIVE,D,CA,18,E000215,115
355,Anna,ESHOO,REPRESENTATIVE,D,CA,18,E000215,115
1955,Pete,OLSON,REPRESENTATIVE,R,TX,22,O000168,115
1973,John,GARAMENDI,REPRESENTATIVE,D,CA,3,G000559,115
616,Marcy,KAPTUR,REPRESENTATIVE,D,OH,8,K000009,115
616,Marcy,KAPTUR,REPRESENTATIVE,D,OH,8,K000009,115
1973,John,GARAMENDI,REPRESENTATIVE,D,CA,3,G000559,115
1973,John,GARAMENDI,REPRESENTATIVE,D,CA,3,G000559,115
616,Marcy,KAPTUR,REPRESENTATIVE,D,OH,8,K000009,115
1973,John,GARAMENDI,REPRESENTATIVE,D,CA,3,G000559,115
1942,Paul,TONKO,REPRESENTATIVE,D,NY,20,T000469,115
1973,John,GARAMENDI,REPRESENTATIVE,D,CA,3,G000559,115
1942,Paul,TONKO,REPRESENTATIVE,D,NY,20,T000469,115
1973,John,GARAMENDI,REPRESENTATIVE,D,CA,3,G000559,115
616,Marcy,KAPTUR,REPRESENTATIVE,D,OH,8,K000009,115
1942,Paul,TONKO,REPRESENTATIVE,D,NY,20,T000469,115
616,Marcy,KAPTUR,REPRESENTATIVE,D,OH,8,K000009,115
1973,John,GARAMENDI,REPRESENTATIVE,D,CA,3,G000559,115
1942,Paul,TONKO,REPRESENTATIVE,D,NY,20,T000469,115
1942,Paul,TONKO,REPRESENTATIVE,D,NY,20,T000469,115
1973,John,GARAMENDI,REPRESENTATIVE,D,CA,3,G000559,115
1956,Jason,CHAFFETZ,REPRESENTATIVE,R,UT,3,C001076,115
1956,Jason,CHAFFETZ,REPRESENTATIVE,R,UT,3,C001076,115
1956,Jason,CHAFFETZ,REPRESENTATIVE,R,UT,3,C001076,115
1956,Jason,CHAFFETZ,REPRESENTATIVE,R,UT,3,C001076,115
2269,Will,HURD,REPRESENTATIVE,R,TX,23,H001073,115
2246,Seth,MOULTON,REPRESENTATIVE,D,MA,6,M001196,115
1956,Jason,CHAFFETZ,REPRESENTATIVE,R,UT,3,C001076,115
1749,Jeb,HENSARLING,REPRESENTATIVE,R,TX,5,H001036,115
1749,Jeb,HENSARLING,REPRESENTATIVE,R,TX,5,H001036,115
1654,Wm.,CLAY,REPRESENTATIVE,D,MO,1,C001049,115
1749,Jeb,HENSARLING,REPRESENTATIVE,R,TX,5,H001036,115
186,Steve,CHABOT,REPRESENTATIVE,R,OH,1,C000266,115
1654,Wm.,CLAY,REPRESENTATIVE,D,MO,1,C001049,115
1749,Jeb,HENSARLING,REPRESENTATIVE,R,TX,5,H001036,115
2028,Bill,HUIZENGA,REPRESENTATIVE,R,MI,2,H001058,115
1749,Jeb,HENSARLING,REPRESENTATIVE,R,TX,5,H001036,115
2028,Bill,HUIZENGA,REPRESENTATIVE,R,MI,2,H001058,115
1654,Wm.,CLAY,REPRESENTATIVE,D,MO,1,C001049,115
2028,Bill,HUIZENGA,REPRESENTATIVE,R,MI,2,H001058,115
2015,Randy,HULTGREN,REPRESENTATIVE,R,IL,14,H001059,115
1654,Wm.,CLAY,REPRESENTATIVE,D,MO,1,C001049,115
2028,Bill,HUIZENGA,REPRESENTATIVE,R,MI,2,H001058,115
2165,Roger,WILLIAMS,REPRESENTATIVE,R,TX,25,W000816,115
1654,Wm.,CLAY,REPRESENTATIVE,D,MO,1,C001049,115
2028,Bill,HUIZENGA,REPRESENTATIVE,R,MI,2,H001058,115
1654,Wm.,CLAY,REPRESENTATIVE,D,MO,1,C001049,115
2028,Bill,HUIZENGA,REPRESENTATIVE,R,MI,2,H001058,115
2124,Bradley,SCHNEIDER,N/A,D,IL,N/A,S001190,115
1654,Wm.,CLAY,REPRESENTATIVE,D,MO,1,C001049,115
2028,Bill,HUIZENGA,REPRESENTATIVE,R,MI,2,H001058,115
2028,Bill,HUIZENGA,REPRESENTATIVE,R,MI,2,H001058,115
2099,Kyrsten,SINEMA,REPRESENTATIVE,D,AZ,9,S001191,115
1654,Wm.,CLAY,REPRESENTATIVE,D,MO,1,C001049,115
2028,Bill,HUIZENGA,REPRESENTATIVE,R,MI,2,H001058,115
1654,Wm.,CLAY,REPRESENTATIVE,D,MO,1,C001049,115
2028,Bill,HUIZENGA,REPRESENTATIVE,R,MI,2,H001058,115
1184,Nydia,VELAZQUEZ,REPRESENTATIVE,D,NY,7,V000081,115
1184,Nydia,VELAZQUEZ,REPRESENTATIVE,D,NY,7,V000081,115
2028,Bill,HUIZENGA,REPRESENTATIVE,R,MI,2,H001058,115
2028,Bill,HUIZENGA,REPRESENTATIVE,R,MI,2,H001058,115
1184,Nydia,VELAZQUEZ,REPRESENTATIVE,D,NY,7,V000081,115
2028,Bill,HUIZENGA,REPRESENTATIVE,R,MI,2,H001058,115
1184,Nydia,VELAZQUEZ,REPRESENTATIVE,D,NY,7,V000081,115
2028,Bill,HUIZENGA,REPRESENTATIVE,R,MI,2,H001058,115
1184,Nydia,VELAZQUEZ,REPRESENTATIVE,D,NY,7,V000081,115
1654,Wm.,CLAY,REPRESENTATIVE,D,MO,1,C001049,115
1654,Wm.,CLAY,REPRESENTATIVE,D,MO,1,C001049,115
2028,Bill,HUIZENGA,REPRESENTATIVE,R,MI,2,H001058,115
2028,Bill,HUIZENGA,REPRESENTATIVE,R,MI,2,H001058,115
1654,Wm.,CLAY,REPRESENTATIVE,D,MO,1,C001049,115
2028,Bill,HUIZENGA,REPRESENTATIVE,R,MI,2,H001058,115
1654,Wm.,CLAY,REPRESENTATIVE,D,MO,1,C001049,115
2028,Bill,HUIZENGA,REPRESENTATIVE,R,MI,2,H001058,115
2028,Bill,HUIZENGA,REPRESENTATIVE,R,MI,2,H001058,115
1748,Marsha,BLACKBURN,REPRESENTATIVE,R,TN,7,B001243,115
1748,Marsha,BLACKBURN,REPRESENTATIVE,R,TN,7,B001243,115
1748,Marsha,BLACKBURN,REPRESENTATIVE,R,TN,7,B001243,115
1748,Marsha,BLACKBURN,REPRESENTATIVE,R,TN,7,B001243,115
1596,Greg,WALDEN,REPRESENTATIVE,R,OR,2,W000791,115
1748,Marsha,BLACKBURN,REPRESENTATIVE,R,TN,7,B001243,115
1748,Marsha,BLACKBURN,REPRESENTATIVE,R,TN,7,B001243,115
186,Steve,CHABOT,REPRESENTATIVE,R,OH,1,C000266,115
1748,Marsha,BLACKBURN,REPRESENTATIVE,R,TN,7,B001243,115
1542,Michael,ENZI,SENATOR,R,WY,N/A,E000285,114
478,Luis,GUTIERREZ,REPRESENTATIVE,D,IL,4,G000535,115
949,Jack,REED,REPRESENTATIVE,D,RI,23,R000122,115
1692,John,CORNYN,SENATOR,R,TX,N/A,C001056,115
