speaker_id,first_name,last_name,type,party,state,district,bio_guide_id,congress_id
2337,Don,BACON,N/A,R,NE,N/A,B001298,115
2337,Don,BACON,N/A,R,NE,N/A,B001298,115
2337,Don,BACON,N/A,R,NE,N/A,B001298,115
2337,Don,BACON,N/A,R,NE,N/A,B001298,115
2337,Don,BACON,N/A,R,NE,N/A,B001298,115
2275,Dan,NEWHOUSE,REPRESENTATIVE,R,WA,4,N000189,115
1912,Mike,COFFMAN,REPRESENTATIVE,R,CO,6,C001077,115
2345,Brian,FITZPATRICK,REPRESENTATIVE,R,PA,8,F000466,115
2345,Brian,FITZPATRICK,REPRESENTATIVE,R,PA,8,F000466,115
2141,Robert,PITTENGER,REPRESENTATIVE,R,NC,9,P000606,115
2097,Donald,PAYNE,REPRESENTATIVE,D,NJ,10,P000604,115
1801,Louie,GOHMERT,REPRESENTATIVE,R,TX,1,G000552,115
1723,Madeleine,BORDALLO,DELEGATE,D,GU,N/A,B001245,115
99,Earl,BLUMENAUER,REPRESENTATIVE,D,OR,3,B000574,115
99,Earl,BLUMENAUER,REPRESENTATIVE,D,OR,3,B000574,115
2324,A.,FERGUSON,N/A,R,GA,N/A,F000465,115
2334,Paul,MITCHELL,N/A,R,MI,N/A,M001201,115
2324,A.,FERGUSON,N/A,R,GA,N/A,F000465,115
2221,Gary,PALMER,REPRESENTATIVE,R,AL,6,P000609,115
2324,A.,FERGUSON,N/A,R,GA,N/A,F000465,115
2324,A.,FERGUSON,N/A,R,GA,N/A,F000465,115
2239,Rick,ALLEN,REPRESENTATIVE,R,GA,12,A000372,115
2324,A.,FERGUSON,N/A,R,GA,N/A,F000465,115
2238,Barry,LOUDERMILK,REPRESENTATIVE,R,GA,11,L000583,115
2324,A.,FERGUSON,N/A,R,GA,N/A,F000465,115
2324,A.,FERGUSON,N/A,R,GA,N/A,F000465,115
2008,Rob,WOODALL,REPRESENTATIVE,R,GA,7,W000810,115
2324,A.,FERGUSON,N/A,R,GA,N/A,F000465,115
1801,Louie,GOHMERT,REPRESENTATIVE,R,TX,1,G000552,115
1878,Steve,COHEN,REPRESENTATIVE,D,TN,9,C001068,115
2328,Roger,MARSHALL,N/A,R,KS,N/A,M001198,115
1177,Fred,UPTON,REPRESENTATIVE,R,MI,6,U000031,115
1177,Fred,UPTON,REPRESENTATIVE,R,MI,6,U000031,115
1177,Fred,UPTON,REPRESENTATIVE,R,MI,6,U000031,115
1177,Fred,UPTON,REPRESENTATIVE,R,MI,6,U000031,115
1177,Fred,UPTON,REPRESENTATIVE,R,MI,6,U000031,115
1177,Fred,UPTON,REPRESENTATIVE,R,MI,6,U000031,115
1177,Fred,UPTON,REPRESENTATIVE,R,MI,6,U000031,115
1177,Fred,UPTON,REPRESENTATIVE,R,MI,6,U000031,115
1177,Fred,UPTON,REPRESENTATIVE,R,MI,6,U000031,115
1177,Fred,UPTON,REPRESENTATIVE,R,MI,6,U000031,115
1177,Fred,UPTON,REPRESENTATIVE,R,MI,6,U000031,115
1177,Fred,UPTON,REPRESENTATIVE,R,MI,6,U000031,115
2179,Deb,FISCHER,SENATOR,R,NE,N/A,F000463,115
1694,Lisa,MURKOWSKI,SENATOR,R,AK,N/A,M001153,115
2332,Jamie,RASKIN,N/A,D,MD,N/A,R000606,115
2325,Raja,KRISHNAMOORTHI,N/A,D,IL,N/A,K000391,115
457,Chuck,GRASSLEY,SENATOR,R,IA,N/A,G000386,115
1332,Dianne,FEINSTEIN,SENATOR,D,CA,N/A,F000062,115
1955,Pete,OLSON,REPRESENTATIVE,R,TX,22,O000168,115
1942,Paul,TONKO,REPRESENTATIVE,D,NY,20,T000469,115
2345,Brian,FITZPATRICK,REPRESENTATIVE,R,PA,8,F000466,115
2340,Ruben,KIHUEN,N/A,D,NV,N/A,K000390,115
1036,Charles,SCHUMER,SENATOR,D,NY,N/A,S000148,115
924,Rob,PORTMAN,SENATOR,R,OH,N/A,P000449,115
1929,Gary,PETERS,REPRESENTATIVE,D,MI,52,P000595,115
2286,David,PERDUE,SENATOR,R,GA,N/A,P000612,115
2286,David,PERDUE,SENATOR,R,GA,N/A,P000612,115
2176,Tim,KAINE,SENATOR,D,VA,N/A,K000384,115
2176,Tim,KAINE,SENATOR,D,VA,N/A,K000384,115
859,Bill,NELSON,SENATOR,D,FL,N/A,N000032,115
1694,Lisa,MURKOWSKI,SENATOR,R,AK,N/A,M001153,115
1695,Lamar,ALEXANDER,SENATOR,R,TN,N/A,A000360,115
1695,Lamar,ALEXANDER,SENATOR,R,TN,N/A,A000360,115
1695,Lamar,ALEXANDER,SENATOR,R,TN,N/A,A000360,115
949,Jack,REED,REPRESENTATIVE,D,RI,23,R000122,115
949,Jack,REED,REPRESENTATIVE,D,RI,23,R000122,115
1826,Amy,KLOBUCHAR,SENATOR,D,MN,N/A,K000367,115
1826,Amy,KLOBUCHAR,SENATOR,D,MN,N/A,K000367,115
136,Sherrod,BROWN,REPRESENTATIVE,D,OH,26,B000944,115
2179,Deb,FISCHER,SENATOR,R,NE,N/A,F000463,115
2179,Deb,FISCHER,SENATOR,R,NE,N/A,F000463,115
1692,John,CORNYN,SENATOR,R,TX,N/A,C001056,115
1692,John,CORNYN,SENATOR,R,TX,N/A,C001056,115
2182,Elizabeth,WARREN,SENATOR,D,MA,N/A,W000817,115
1464,Roy,BLUNT,SENATOR,R,MO,N/A,B000575,115
1464,Roy,BLUNT,SENATOR,R,MO,N/A,B000575,115
1351,Orrin,HATCH,SENATOR,R,UT,N/A,H000338,115
1351,Orrin,HATCH,SENATOR,R,UT,N/A,H000338,115
968,Pat,ROBERTS,SENATOR,R,KS,N/A,R000307,115
1351,Orrin,HATCH,SENATOR,R,UT,N/A,H000338,115
968,Pat,ROBERTS,SENATOR,R,KS,N/A,R000307,115
2197,Bradley,BYRNE,REPRESENTATIVE,R,AL,1,B001289,115
1668,James,LANGEVIN,REPRESENTATIVE,D,RI,2,L000559,115
2138,Steve,DAINES,SENATOR,R,MT,N/A,D000618,115
1834,Doug,LAMBORN,REPRESENTATIVE,R,CO,5,L000564,115
1834,Doug,LAMBORN,REPRESENTATIVE,R,CO,5,L000564,115
1834,Doug,LAMBORN,REPRESENTATIVE,R,CO,5,L000564,115
2010,Colleen,HANABUSA,N/A,D,HI,N/A,H001050,115
1834,Doug,LAMBORN,REPRESENTATIVE,R,CO,5,L000564,115
2010,Colleen,HANABUSA,N/A,D,HI,N/A,H001050,115
1834,Doug,LAMBORN,REPRESENTATIVE,R,CO,5,L000564,115
1834,Doug,LAMBORN,REPRESENTATIVE,R,CO,5,L000564,115
1930,Erik,PAULSEN,REPRESENTATIVE,R,MN,3,P000594,115
1834,Doug,LAMBORN,REPRESENTATIVE,R,CO,5,L000564,115
1834,Doug,LAMBORN,REPRESENTATIVE,R,CO,5,L000564,115
1834,Doug,LAMBORN,REPRESENTATIVE,R,CO,5,L000564,115
2010,Colleen,HANABUSA,N/A,D,HI,N/A,H001050,115
1834,Doug,LAMBORN,REPRESENTATIVE,R,CO,5,L000564,115
1834,Doug,LAMBORN,REPRESENTATIVE,R,CO,5,L000564,115
616,Marcy,KAPTUR,REPRESENTATIVE,D,OH,8,K000009,115
2252,Brenda,LAWRENCE,REPRESENTATIVE,D,MI,14,L000581,115
1501,Barbara,LEE,REPRESENTATIVE,D,CA,13,L000551,115
2298,Dwight,EVANS,N/A,D,PA,N/A,E000296,115
2097,Donald,PAYNE,REPRESENTATIVE,D,NJ,10,P000604,115
2252,Brenda,LAWRENCE,REPRESENTATIVE,D,MI,14,L000581,115
1982,Tom,REED,REPRESENTATIVE,R,NY,23,R000585,115
326,Richard,DURBIN,SENATOR,D,IL,N/A,D000563,115
2171,Mark,POCAN,REPRESENTATIVE,D,WI,2,P000607,115
1885,Robert,LATTA,REPRESENTATIVE,R,OH,5,L000566,115
2337,Don,BACON,N/A,R,NE,N/A,B001298,115
2337,Don,BACON,N/A,R,NE,N/A,B001298,115
2337,Don,BACON,N/A,R,NE,N/A,B001298,115
2337,Don,BACON,N/A,R,NE,N/A,B001298,115
99999999999999,First Name unavailable,BACON,Type Unavailable,Party Info Unavailable,state info unavailable,District Unavailable,BioGuideID unavailable,CongressID unavailable
99999999999999,First Name unavailable,BACON,Type Unavailable,Party Info Unavailable,state info unavailable,District Unavailable,BioGuideID unavailable,CongressID unavailable
99999999999999,First Name unavailable,BACON,Type Unavailable,Party Info Unavailable,state info unavailable,District Unavailable,BioGuideID unavailable,CongressID unavailable
99999999999999,First Name unavailable,BARRAGAN,Type Unavailable,Party Info Unavailable,state info unavailable,District Unavailable,BioGuideID unavailable,CongressID unavailable
99999999999999,First Name unavailable,BACON,Type Unavailable,Party Info Unavailable,state info unavailable,District Unavailable,BioGuideID unavailable,CongressID unavailable
99999999999999,First Name unavailable,BACON,Type Unavailable,Party Info Unavailable,state info unavailable,District Unavailable,BioGuideID unavailable,CongressID unavailable
2344,Claudia,TENNEY,N/A,R,NY,N/A,T000478,115
1542,Michael,ENZI,SENATOR,R,WY,N/A,E000285,115
1188,Peter,VISCLOSKY,REPRESENTATIVE,D,IN,1,V000108,115
2166,Marc,VEASEY,REPRESENTATIVE,D,TX,33,V000131,115
2337,Don,BACON,N/A,R,NE,N/A,B001298,115
2337,Don,BACON,N/A,R,NE,N/A,B001298,115
2337,Don,BACON,N/A,R,NE,N/A,B001298,115
2337,Don,BACON,N/A,R,NE,N/A,B001298,115
2337,Don,BACON,N/A,R,NE,N/A,B001298,115
2337,Don,BACON,N/A,R,NE,N/A,B001298,115
2144,Kevin,CRAMER,REPRESENTATIVE,R,ND,0,C001096,115
2350,Jodey,ARRINGTON,N/A,R,TX,N/A,A000375,115
2315,Neal,DUNN,N/A,R,FL,N/A,D000628,115
