speaker_id,first_name,last_name,type,party,state,district,bio_guide_id,congress_id
2345,Brian,FITZPATRICK,REPRESENTATIVE,R,PA,8,F000466,115
2345,Brian,FITZPATRICK,REPRESENTATIVE,R,PA,8,F000466,115
2345,Brian,FITZPATRICK,REPRESENTATIVE,R,PA,8,F000466,115
2302,Margaret,HASSAN,N/A,D,NH,N/A,H001076,115
1534,John,THUNE,SENATOR,R,SD,N/A,T000250,115
1487,Kay,GRANGER,REPRESENTATIVE,R,TX,12,G000377,115
1955,Pete,OLSON,REPRESENTATIVE,R,TX,22,O000168,115
2008,Rob,WOODALL,REPRESENTATIVE,R,GA,7,W000810,115
1003,Bobby,RUSH,REPRESENTATIVE,D,IL,1,R000515,115
1857,Keith,ELLISON,REPRESENTATIVE,D,MN,5,E000288,115
1695,Lamar,ALEXANDER,SENATOR,R,TN,N/A,A000360,115
1695,Lamar,ALEXANDER,SENATOR,R,TN,N/A,A000360,115
1856,Timothy,WALZ,REPRESENTATIVE,D,MN,1,W000799,115
326,Richard,DURBIN,SENATOR,D,IL,N/A,D000563,115
2359,Greg,GIANFORTE,N/A,R,MT,N/A,G000584,115
1801,Louie,GOHMERT,REPRESENTATIVE,R,TX,1,G000552,115
1950,Kurt,SCHRADER,REPRESENTATIVE,D,OR,5,S001180,115
1226,Roger,WICKER,SENATOR,R,MS,N/A,W000437,115
1226,Roger,WICKER,SENATOR,R,MS,N/A,W000437,115
326,Richard,DURBIN,SENATOR,D,IL,N/A,D000563,115
99999999999999,,COTTON,SENATOR,Party information Unavailable,State Info Unavailable,N/A,9999999999999999,115
2194,Cory,BOOKER,SENATOR,D,NJ,N/A,B001288,115
2134,Daniel,KILDEE,REPRESENTATIVE,D,MI,5,K000380,115
1884,Niki,TSONGAS,REPRESENTATIVE,D,MA,3,T000465,115
2159,Matt,CARTWRIGHT,REPRESENTATIVE,D,PA,17,C001090,115
2244,Ralph,ABRAHAM,REPRESENTATIVE,R,LA,5,A000374,115
2175,Ted,CRUZ,SENATOR,R,TX,N/A,C001098,115
2149,Hakeem,JEFFRIES,REPRESENTATIVE,D,NY,8,J000294,115
791,Robert,MENENDEZ,SENATOR,D,NJ,N/A,M000639,115
2243,Mike,BOST,REPRESENTATIVE,R,IL,12,B001295,115
1723,Madeleine,BORDALLO,DELEGATE,D,GU,N/A,B001245,115
2315,Neal,DUNN,N/A,R,FL,N/A,D000628,115
303,Lloyd,DOGGETT,REPRESENTATIVE,D,TX,35,D000399,115
2336,Ted,BUDD,REPRESENTATIVE,R,NC,1,B001305,115
2350,Jodey,ARRINGTON,N/A,R,TX,N/A,A000375,115
2297,James,COMER,N/A,R,KY,N/A,C001108,115
2353,Thomas,GARRETT,REPRESENTATIVE,R,VA,5,G000580,115
1994,David,SCHWEIKERT,REPRESENTATIVE,R,AZ,6,S001183,115
2026,Andy,HARRIS,REPRESENTATIVE,R,MD,1,H001052,115
1383,Patrick,LEAHY,SENATOR,D,VT,N/A,L000174,115
854,Richard,NEAL,REPRESENTATIVE,D,MA,1,N000015,115
1848,Peter,ROSKAM,REPRESENTATIVE,R,IL,6,R000580,115
854,Richard,NEAL,REPRESENTATIVE,D,MA,1,N000015,115
1588,Janice,SCHAKOWSKY,REPRESENTATIVE,D,IL,9,S001145,115
1810,David,REICHERT,REPRESENTATIVE,R,WA,8,R000578,115
854,Richard,NEAL,REPRESENTATIVE,D,MA,1,N000015,115
2124,Bradley,SCHNEIDER,N/A,D,IL,N/A,S001190,115
854,Richard,NEAL,REPRESENTATIVE,D,MA,1,N000015,115
1564,Michael,CAPUANO,REPRESENTATIVE,D,MA,7,C001037,115
854,Richard,NEAL,REPRESENTATIVE,D,MA,1,N000015,115
1564,Michael,CAPUANO,REPRESENTATIVE,D,MA,7,C001037,115
1930,Erik,PAULSEN,REPRESENTATIVE,R,MN,3,P000594,115
854,Richard,NEAL,REPRESENTATIVE,D,MA,1,N000015,115
1498,Ron,KIND,REPRESENTATIVE,D,WI,3,K000188,115
2063,Diane,BLACK,REPRESENTATIVE,R,TN,6,B001273,115
2063,Diane,BLACK,REPRESENTATIVE,R,TN,6,B001273,115
854,Richard,NEAL,REPRESENTATIVE,D,MA,1,N000015,115
1836,Joe,COURTNEY,REPRESENTATIVE,D,CT,2,C001069,115
2052,Patrick,MEEHAN,REPRESENTATIVE,R,PA,7,M001181,115
854,Richard,NEAL,REPRESENTATIVE,D,MA,1,N000015,115
1526,Brad,SHERMAN,REPRESENTATIVE,D,CA,30,S000344,115
854,Richard,NEAL,REPRESENTATIVE,D,MA,1,N000015,115
1526,Brad,SHERMAN,REPRESENTATIVE,D,CA,30,S000344,115
2060,Kristi,NOEM,REPRESENTATIVE,R,SD,0,N000184,115
854,Richard,NEAL,REPRESENTATIVE,D,MA,1,N000015,115
1959,Gerald,CONNOLLY,REPRESENTATIVE,D,VA,11,C001078,115
2131,Andy,BARR,REPRESENTATIVE,R,KY,11,B001282,115
2131,Andy,BARR,REPRESENTATIVE,R,KY,11,B001282,115
2131,Andy,BARR,REPRESENTATIVE,R,KY,11,B001282,115
854,Richard,NEAL,REPRESENTATIVE,D,MA,1,N000015,115
1501,Barbara,LEE,REPRESENTATIVE,D,CA,13,L000551,115
854,Richard,NEAL,REPRESENTATIVE,D,MA,1,N000015,115
854,Richard,NEAL,REPRESENTATIVE,D,MA,1,N000015,115
1982,Tom,REED,REPRESENTATIVE,R,NY,23,R000585,115
854,Richard,NEAL,REPRESENTATIVE,D,MA,1,N000015,115
616,Marcy,KAPTUR,REPRESENTATIVE,D,OH,8,K000009,115
854,Richard,NEAL,REPRESENTATIVE,D,MA,1,N000015,115
616,Marcy,KAPTUR,REPRESENTATIVE,D,OH,8,K000009,115
1741,Michael,TURNER,REPRESENTATIVE,R,OH,10,T000463,115
1741,Michael,TURNER,REPRESENTATIVE,R,OH,10,T000463,115
1741,Michael,TURNER,REPRESENTATIVE,R,OH,10,T000463,115
854,Richard,NEAL,REPRESENTATIVE,D,MA,1,N000015,115
1879,Peter,WELCH,REPRESENTATIVE,D,VT,0,W000800,115
1879,Peter,WELCH,REPRESENTATIVE,D,VT,0,W000800,115
2128,Jackie,WALORSKI,REPRESENTATIVE,R,IN,2,W000813,115
854,Richard,NEAL,REPRESENTATIVE,D,MA,1,N000015,115
854,Richard,NEAL,REPRESENTATIVE,D,MA,1,N000015,115
1848,Peter,ROSKAM,REPRESENTATIVE,R,IL,6,R000580,115
1994,David,SCHWEIKERT,REPRESENTATIVE,R,AZ,6,S001183,115
854,Richard,NEAL,REPRESENTATIVE,D,MA,1,N000015,115
2134,Daniel,KILDEE,REPRESENTATIVE,D,MI,5,K000380,115
1848,Peter,ROSKAM,REPRESENTATIVE,R,IL,6,R000580,115
2137,Ann,WAGNER,REPRESENTATIVE,R,MO,2,W000812,115
854,Richard,NEAL,REPRESENTATIVE,D,MA,1,N000015,115
1848,Peter,ROSKAM,REPRESENTATIVE,R,IL,6,R000580,115
2131,Andy,BARR,REPRESENTATIVE,R,KY,11,B001282,115
854,Richard,NEAL,REPRESENTATIVE,D,MA,1,N000015,115
854,Richard,NEAL,REPRESENTATIVE,D,MA,1,N000015,115
1848,Peter,ROSKAM,REPRESENTATIVE,R,IL,6,R000580,115
2316,John,RUTHERFORD,N/A,R,FL,N/A,R000609,115
854,Richard,NEAL,REPRESENTATIVE,D,MA,1,N000015,115
1848,Peter,ROSKAM,REPRESENTATIVE,R,IL,6,R000580,115
1848,Peter,ROSKAM,REPRESENTATIVE,R,IL,6,R000580,115
854,Richard,NEAL,REPRESENTATIVE,D,MA,1,N000015,115
2109,Raul,RUIZ,REPRESENTATIVE,D,CA,36,R000599,115
1848,Peter,ROSKAM,REPRESENTATIVE,R,IL,6,R000580,115
854,Richard,NEAL,REPRESENTATIVE,D,MA,1,N000015,115
854,Richard,NEAL,REPRESENTATIVE,D,MA,1,N000015,115
2172,Joseph,KENNEDY,REPRESENTATIVE,D,MA,4,K000379,115
854,Richard,NEAL,REPRESENTATIVE,D,MA,1,N000015,115
2172,Joseph,KENNEDY,REPRESENTATIVE,D,MA,4,K000379,115
854,Richard,NEAL,REPRESENTATIVE,D,MA,1,N000015,115
2332,Jamie,RASKIN,N/A,D,MD,N/A,R000606,115
854,Richard,NEAL,REPRESENTATIVE,D,MA,1,N000015,115
2332,Jamie,RASKIN,N/A,D,MD,N/A,R000606,115
854,Richard,NEAL,REPRESENTATIVE,D,MA,1,N000015,115
1848,Peter,ROSKAM,REPRESENTATIVE,R,IL,6,R000580,115
854,Richard,NEAL,REPRESENTATIVE,D,MA,1,N000015,115
1848,Peter,ROSKAM,REPRESENTATIVE,R,IL,6,R000580,115
2228,Stephen,KNIGHT,REPRESENTATIVE,R,CA,25,K000387,115
854,Richard,NEAL,REPRESENTATIVE,D,MA,1,N000015,115
1994,David,SCHWEIKERT,REPRESENTATIVE,R,AZ,6,S001183,115
854,Richard,NEAL,REPRESENTATIVE,D,MA,1,N000015,115
854,Richard,NEAL,REPRESENTATIVE,D,MA,1,N000015,115
854,Richard,NEAL,REPRESENTATIVE,D,MA,1,N000015,115
683,Sander,LEVIN,REPRESENTATIVE,D,MI,9,L000263,115
854,Richard,NEAL,REPRESENTATIVE,D,MA,1,N000015,115
854,Richard,NEAL,REPRESENTATIVE,D,MA,1,N000015,115
854,Richard,NEAL,REPRESENTATIVE,D,MA,1,N000015,115
854,Richard,NEAL,REPRESENTATIVE,D,MA,1,N000015,115
854,Richard,NEAL,REPRESENTATIVE,D,MA,1,N000015,115
1498,Ron,KIND,REPRESENTATIVE,D,WI,3,K000188,115
854,Richard,NEAL,REPRESENTATIVE,D,MA,1,N000015,115
854,Richard,NEAL,REPRESENTATIVE,D,MA,1,N000015,115
854,Richard,NEAL,REPRESENTATIVE,D,MA,1,N000015,115
1498,Ron,KIND,REPRESENTATIVE,D,WI,3,K000188,115
854,Richard,NEAL,REPRESENTATIVE,D,MA,1,N000015,115
854,Richard,NEAL,REPRESENTATIVE,D,MA,1,N000015,115
683,Sander,LEVIN,REPRESENTATIVE,D,MI,9,L000263,115
854,Richard,NEAL,REPRESENTATIVE,D,MA,1,N000015,115
854,Richard,NEAL,REPRESENTATIVE,D,MA,1,N000015,115
1879,Peter,WELCH,REPRESENTATIVE,D,VT,0,W000800,115
854,Richard,NEAL,REPRESENTATIVE,D,MA,1,N000015,115
1781,Daniel,LIPINSKI,REPRESENTATIVE,D,IL,3,L000563,115
854,Richard,NEAL,REPRESENTATIVE,D,MA,1,N000015,115
854,Richard,NEAL,REPRESENTATIVE,D,MA,1,N000015,115
1534,John,THUNE,SENATOR,R,SD,N/A,T000250,115
1036,Charles,SCHUMER,SENATOR,D,NY,N/A,S000148,115
1036,Charles,SCHUMER,SENATOR,D,NY,N/A,S000148,115
2098,Tom,COTTON,SENATOR,R,AR,N/A,C001095,115
2098,Tom,COTTON,SENATOR,R,AR,N/A,C001095,115
949,Jack,REED,REPRESENTATIVE,D,RI,23,R000122,115
2055,David,CICILLINE,REPRESENTATIVE,D,RI,1,C001084,115
326,Richard,DURBIN,SENATOR,D,IL,N/A,D000563,115
1464,Roy,BLUNT,SENATOR,R,MO,N/A,B000575,115
1692,John,CORNYN,SENATOR,R,TX,N/A,C001056,115
355,Anna,ESHOO,REPRESENTATIVE,D,CA,18,E000215,115
2067,Blake,FARENTHOLD,REPRESENTATIVE,R,TX,27,F000460,115
2067,Blake,FARENTHOLD,REPRESENTATIVE,R,TX,27,F000460,115
2067,Blake,FARENTHOLD,REPRESENTATIVE,R,TX,27,F000460,115
2067,Blake,FARENTHOLD,REPRESENTATIVE,R,TX,27,F000460,115
2169,Derek,KILMER,REPRESENTATIVE,D,WA,6,K000381,115
2067,Blake,FARENTHOLD,REPRESENTATIVE,R,TX,27,F000460,115
2334,Paul,MITCHELL,N/A,R,MI,N/A,M001201,115
2067,Blake,FARENTHOLD,REPRESENTATIVE,R,TX,27,F000460,115
2320,Val,DEMINGS,N/A,D,FL,N/A,D000627,115
303,Lloyd,DOGGETT,REPRESENTATIVE,D,TX,35,D000399,115
1383,Patrick,LEAHY,SENATOR,D,VT,N/A,L000174,115
1541,Susan,COLLINS,REPRESENTATIVE,R,ME,9,C001035,115
1383,Patrick,LEAHY,SENATOR,D,VT,N/A,L000174,115
1383,Patrick,LEAHY,SENATOR,D,VT,N/A,L000174,115
1332,Dianne,FEINSTEIN,SENATOR,D,CA,N/A,F000062,115
2297,James,COMER,N/A,R,KY,N/A,C001108,115
2297,James,COMER,N/A,R,KY,N/A,C001108,115
2297,James,COMER,N/A,R,KY,N/A,C001108,115
2297,James,COMER,N/A,R,KY,N/A,C001108,115
2297,James,COMER,N/A,R,KY,N/A,C001108,115
1965,Michael,BENNET,SENATOR,D,CO,N/A,B001267,115
1464,Roy,BLUNT,SENATOR,R,MO,N/A,B000575,115
1998,Cory,GARDNER,N/A,R,CO,N/A,G000562,115
1998,Cory,GARDNER,N/A,R,CO,N/A,G000562,115
2286,David,PERDUE,SENATOR,R,GA,N/A,P000612,115
2291,Thom,TILLIS,SENATOR,R,NC,N/A,T000476,115
2303,John,KENNEDY,REPRESENTATIVE,R,LA,4,K000393,115
1998,Cory,GARDNER,N/A,R,CO,N/A,G000562,115
1676,Shelley,CAPITO,N/A,R,WV,N/A,C001047,115
1998,Cory,GARDNER,N/A,R,CO,N/A,G000562,115
2050,James,LANKFORD,SENATOR,R,OK,N/A,L000575,115
2288,Mike,ROUNDS,N/A,R,SD,N/A,R000605,115
1925,Bill,CASSIDY,SENATOR,R,LA,N/A,C001075,115
2288,Mike,ROUNDS,N/A,R,SD,N/A,R000605,115
2290,Dan,SULLIVAN,SENATOR,R,AK,N/A,S001198,115
2288,Mike,ROUNDS,N/A,R,SD,N/A,R000605,115
2283,Joni,ERNST,SENATOR,R,IA,N/A,E000295,115
2288,Mike,ROUNDS,N/A,R,SD,N/A,R000605,115
1823,Sheldon,WHITEHOUSE,SENATOR,D,RI,N/A,W000802,115
1881,John,BARRASSO,SENATOR,R,WY,N/A,B001261,115
1881,John,BARRASSO,SENATOR,R,WY,N/A,B001261,115
1881,John,BARRASSO,SENATOR,R,WY,N/A,B001261,115
326,Richard,DURBIN,SENATOR,D,IL,N/A,D000563,115
326,Richard,DURBIN,SENATOR,D,IL,N/A,D000563,115
326,Richard,DURBIN,SENATOR,D,IL,N/A,D000563,115
1900,Jeff,MERKLEY,SENATOR,D,OR,N/A,M001176,115
1900,Jeff,MERKLEY,SENATOR,D,OR,N/A,M001176,115
136,Sherrod,BROWN,REPRESENTATIVE,D,OH,26,B000944,115
136,Sherrod,BROWN,REPRESENTATIVE,D,OH,26,B000944,115
2182,Elizabeth,WARREN,SENATOR,D,MA,N/A,W000817,115
2076,Richard,BLUMENTHAL,SENATOR,D,CT,N/A,B001277,115
2340,Ruben,KIHUEN,N/A,D,NV,N/A,K000390,115
136,Sherrod,BROWN,REPRESENTATIVE,D,OH,26,B000944,115
1525,Pete,SESSIONS,SENATOR,R,TX,N/A,S000250,115
1525,Pete,SESSIONS,SENATOR,R,TX,N/A,S000250,115
1525,Pete,SESSIONS,SENATOR,R,TX,N/A,S000250,115
1525,Pete,SESSIONS,SENATOR,R,TX,N/A,S000250,115
511,Alcee,HASTINGS,REPRESENTATIVE,D,FL,20,H000324,115
1525,Pete,SESSIONS,SENATOR,R,TX,N/A,S000250,115
1751,Michael,BURGESS,REPRESENTATIVE,R,TX,26,B001248,115
511,Alcee,HASTINGS,REPRESENTATIVE,D,FL,20,H000324,115
1879,Peter,WELCH,REPRESENTATIVE,D,VT,0,W000800,115
1525,Pete,SESSIONS,SENATOR,R,TX,N/A,S000250,115
2275,Dan,NEWHOUSE,REPRESENTATIVE,R,WA,4,N000189,115
511,Alcee,HASTINGS,REPRESENTATIVE,D,FL,20,H000324,115
303,Lloyd,DOGGETT,REPRESENTATIVE,D,TX,35,D000399,115
1525,Pete,SESSIONS,SENATOR,R,TX,N/A,S000250,115
2197,Bradley,BYRNE,REPRESENTATIVE,R,AL,1,B001289,115
511,Alcee,HASTINGS,REPRESENTATIVE,D,FL,20,H000324,115
1910,Jared,POLIS,REPRESENTATIVE,D,CO,2,P000598,115
1525,Pete,SESSIONS,SENATOR,R,TX,N/A,S000250,115
1525,Pete,SESSIONS,SENATOR,R,TX,N/A,S000250,115
511,Alcee,HASTINGS,REPRESENTATIVE,D,FL,20,H000324,115
1814,Doris,MATSUI,REPRESENTATIVE,D,CA,6,M001163,115
1525,Pete,SESSIONS,SENATOR,R,TX,N/A,S000250,115
511,Alcee,HASTINGS,REPRESENTATIVE,D,FL,20,H000324,115
511,Alcee,HASTINGS,REPRESENTATIVE,D,FL,20,H000324,115
1525,Pete,SESSIONS,SENATOR,R,TX,N/A,S000250,115
511,Alcee,HASTINGS,REPRESENTATIVE,D,FL,20,H000324,115
2092,Suzanne,BONAMICI,REPRESENTATIVE,D,OR,1,B001278,115
1525,Pete,SESSIONS,SENATOR,R,TX,N/A,S000250,115
511,Alcee,HASTINGS,REPRESENTATIVE,D,FL,20,H000324,115
2298,Dwight,EVANS,N/A,D,PA,N/A,E000296,115
1525,Pete,SESSIONS,SENATOR,R,TX,N/A,S000250,115
511,Alcee,HASTINGS,REPRESENTATIVE,D,FL,20,H000324,115
868,Eleanor,NORTON,DELEGATE,D,DC,N/A,N000147,115
1525,Pete,SESSIONS,SENATOR,R,TX,N/A,S000250,115
511,Alcee,HASTINGS,REPRESENTATIVE,D,FL,20,H000324,115
1668,James,LANGEVIN,REPRESENTATIVE,D,RI,2,L000559,115
1525,Pete,SESSIONS,SENATOR,R,TX,N/A,S000250,115
2158,Keith,ROTHFUS,REPRESENTATIVE,R,PA,12,R000598,115
511,Alcee,HASTINGS,REPRESENTATIVE,D,FL,20,H000324,115
511,Alcee,HASTINGS,REPRESENTATIVE,D,FL,20,H000324,115
1525,Pete,SESSIONS,SENATOR,R,TX,N/A,S000250,115
1525,Pete,SESSIONS,SENATOR,R,TX,N/A,S000250,115
511,Alcee,HASTINGS,REPRESENTATIVE,D,FL,20,H000324,115
2325,Raja,KRISHNAMOORTHI,N/A,D,IL,N/A,K000391,115
1525,Pete,SESSIONS,SENATOR,R,TX,N/A,S000250,115
511,Alcee,HASTINGS,REPRESENTATIVE,D,FL,20,H000324,115
511,Alcee,HASTINGS,REPRESENTATIVE,D,FL,20,H000324,115
1525,Pete,SESSIONS,SENATOR,R,TX,N/A,S000250,115
1751,Michael,BURGESS,REPRESENTATIVE,R,TX,26,B001248,115
1525,Pete,SESSIONS,SENATOR,R,TX,N/A,S000250,115
511,Alcee,HASTINGS,REPRESENTATIVE,D,FL,20,H000324,115
511,Alcee,HASTINGS,REPRESENTATIVE,D,FL,20,H000324,115
2297,James,COMER,N/A,R,KY,N/A,C001108,115
2297,James,COMER,N/A,R,KY,N/A,C001108,115
2297,James,COMER,N/A,R,KY,N/A,C001108,115
2297,James,COMER,N/A,R,KY,N/A,C001108,115
2127,Cheri,BUSTOS,REPRESENTATIVE,D,IL,17,B001286,115
2297,James,COMER,N/A,R,KY,N/A,C001108,115
2297,James,COMER,N/A,R,KY,N/A,C001108,115
1751,Michael,BURGESS,REPRESENTATIVE,R,TX,26,B001248,115
2110,Mark,TAKANO,REPRESENTATIVE,D,CA,41,T000472,115
1596,Greg,WALDEN,REPRESENTATIVE,R,OR,2,W000791,115
1596,Greg,WALDEN,REPRESENTATIVE,R,OR,2,W000791,115
1596,Greg,WALDEN,REPRESENTATIVE,R,OR,2,W000791,115
1596,Greg,WALDEN,REPRESENTATIVE,R,OR,2,W000791,115
887,Frank,PALLONE,REPRESENTATIVE,D,NJ,6,P000034,115
1596,Greg,WALDEN,REPRESENTATIVE,R,OR,2,W000791,115
1527,John,SHIMKUS,REPRESENTATIVE,R,IL,15,S000364,115
887,Frank,PALLONE,REPRESENTATIVE,D,NJ,6,P000034,115
1596,Greg,WALDEN,REPRESENTATIVE,R,OR,2,W000791,115
887,Frank,PALLONE,REPRESENTATIVE,D,NJ,6,P000034,115
1596,Greg,WALDEN,REPRESENTATIVE,R,OR,2,W000791,115
1912,Mike,COFFMAN,REPRESENTATIVE,R,CO,6,C001077,115
887,Frank,PALLONE,REPRESENTATIVE,D,NJ,6,P000034,115
1596,Greg,WALDEN,REPRESENTATIVE,R,OR,2,W000791,115
2152,Brad,WENSTRUP,REPRESENTATIVE,R,OH,2,W000815,115
887,Frank,PALLONE,REPRESENTATIVE,D,NJ,6,P000034,115
1596,Greg,WALDEN,REPRESENTATIVE,R,OR,2,W000791,115
887,Frank,PALLONE,REPRESENTATIVE,D,NJ,6,P000034,115
2067,Blake,FARENTHOLD,REPRESENTATIVE,R,TX,27,F000460,115
2297,James,COMER,N/A,R,KY,N/A,C001108,115
2297,James,COMER,N/A,R,KY,N/A,C001108,115
2297,James,COMER,N/A,R,KY,N/A,C001108,115
2115,Ted,YOHO,REPRESENTATIVE,R,FL,3,Y000065,115
2297,James,COMER,N/A,R,KY,N/A,C001108,115
1791,Virginia,FOXX,REPRESENTATIVE,R,NC,5,F000450,115
1940,Dina,TITUS,REPRESENTATIVE,D,NV,1,T000468,115
2297,James,COMER,N/A,R,KY,N/A,C001108,115
2297,James,COMER,N/A,R,KY,N/A,C001108,115
2297,James,COMER,N/A,R,KY,N/A,C001108,115
2297,James,COMER,N/A,R,KY,N/A,C001108,115
2351,Scott,TAYLOR,N/A,R,VA,N/A,T000477,115
2297,James,COMER,N/A,R,KY,N/A,C001108,115
2297,James,COMER,N/A,R,KY,N/A,C001108,115
99,Earl,BLUMENAUER,REPRESENTATIVE,D,OR,3,B000574,115
949,Jack,REED,REPRESENTATIVE,D,RI,23,R000122,115
1409,Patty,MURRAY,SENATOR,D,WA,N/A,M001111,115
1409,Patty,MURRAY,SENATOR,D,WA,N/A,M001111,115
949,Jack,REED,REPRESENTATIVE,D,RI,23,R000122,115
1692,John,CORNYN,SENATOR,R,TX,N/A,C001056,115
326,Richard,DURBIN,SENATOR,D,IL,N/A,D000563,115
979,Dana,ROHRABACHER,REPRESENTATIVE,R,CA,48,R000409,115
2067,Blake,FARENTHOLD,REPRESENTATIVE,R,TX,27,F000460,115
2067,Blake,FARENTHOLD,REPRESENTATIVE,R,TX,27,F000460,115
2067,Blake,FARENTHOLD,REPRESENTATIVE,R,TX,27,F000460,115
2140,Richard,HUDSON,REPRESENTATIVE,R,NC,8,H001067,115
2297,James,COMER,N/A,R,KY,N/A,C001108,115
2297,James,COMER,N/A,R,KY,N/A,C001108,115
2297,James,COMER,N/A,R,KY,N/A,C001108,115
2297,James,COMER,N/A,R,KY,N/A,C001108,115
2297,James,COMER,N/A,R,KY,N/A,C001108,115
2021,Kevin,YODER,REPRESENTATIVE,R,KS,3,Y000063,115
2112,Juan,VARGAS,REPRESENTATIVE,D,CA,51,V000130,115
2067,Blake,FARENTHOLD,REPRESENTATIVE,R,TX,27,F000460,115
2067,Blake,FARENTHOLD,REPRESENTATIVE,R,TX,27,F000460,115
2067,Blake,FARENTHOLD,REPRESENTATIVE,R,TX,27,F000460,115
2067,Blake,FARENTHOLD,REPRESENTATIVE,R,TX,27,F000460,115
1807,Henry,CUELLAR,REPRESENTATIVE,D,TX,28,C001063,115
2067,Blake,FARENTHOLD,REPRESENTATIVE,R,TX,27,F000460,115
