speaker_id,first_name,last_name,type,party,state,district,bio_guide_id,congress_id
1994,David,SCHWEIKERT,REPRESENTATIVE,R,AZ,6,S001183,115
616,Marcy,KAPTUR,REPRESENTATIVE,D,OH,8,K000009,115
1994,David,SCHWEIKERT,REPRESENTATIVE,R,AZ,6,S001183,115
1332,Dianne,FEINSTEIN,SENATOR,D,CA,N/A,F000062,115
2049,Bob,GIBBS,REPRESENTATIVE,R,OH,7,G000563,115
99,Earl,BLUMENAUER,REPRESENTATIVE,D,OR,3,B000574,115
478,Luis,GUTIERREZ,REPRESENTATIVE,D,IL,4,G000535,115
1332,Dianne,FEINSTEIN,SENATOR,D,CA,N/A,F000062,115
326,Richard,DURBIN,SENATOR,D,IL,N/A,D000563,115
326,Richard,DURBIN,SENATOR,D,IL,N/A,D000563,115
2272,Donald,BEYER,REPRESENTATIVE,D,VA,8,B001292,115
326,Richard,DURBIN,SENATOR,D,IL,N/A,D000563,115
326,Richard,DURBIN,SENATOR,D,IL,N/A,D000563,115
1036,Charles,SCHUMER,SENATOR,D,NY,N/A,S000148,115
1036,Charles,SCHUMER,SENATOR,D,NY,N/A,S000148,115
1850,Joe,DONNELLY,SENATOR,D,IN,N/A,D000607,115
1929,Gary,PETERS,REPRESENTATIVE,D,MI,52,P000595,115
1881,John,BARRASSO,SENATOR,R,WY,N/A,B001261,115
1881,John,BARRASSO,SENATOR,R,WY,N/A,B001261,115
1901,Jeanne,SHAHEEN,SENATOR,D,NH,N/A,S001181,115
2302,Margaret,HASSAN,N/A,D,NH,N/A,H001076,115
1395,Mitch,KING,REPRESENTATIVE,R,KY,4,M000355,115
1395,Mitch,KING,REPRESENTATIVE,R,KY,4,M000355,115
583,James,INHOFE,SENATOR,R,OK,N/A,I000024,115
583,James,INHOFE,SENATOR,R,OK,N/A,I000024,115
583,James,INHOFE,SENATOR,R,OK,N/A,I000024,115
2076,Richard,BLUMENTHAL,SENATOR,D,CT,N/A,B001277,115
2076,Richard,BLUMENTHAL,SENATOR,D,CT,N/A,B001277,115
1567,Tom,UDALL,SENATOR,D,NM,N/A,U000039,115
1567,Tom,UDALL,SENATOR,D,NM,N/A,U000039,115
2174,Heidi,HEITKAMP,SENATOR,D,ND,N/A,H001069,115
1901,Jeanne,SHAHEEN,SENATOR,D,NH,N/A,S001181,115
1881,John,BARRASSO,SENATOR,R,WY,N/A,B001261,115
1036,Charles,SCHUMER,SENATOR,D,NY,N/A,S000148,115
1036,Charles,SCHUMER,SENATOR,D,NY,N/A,S000148,115
1036,Charles,SCHUMER,SENATOR,D,NY,N/A,S000148,115
1901,Jeanne,SHAHEEN,SENATOR,D,NH,N/A,S001181,115
1881,John,BARRASSO,SENATOR,R,WY,N/A,B001261,115
1826,Amy,KLOBUCHAR,SENATOR,D,MN,N/A,K000367,115
179,Thomas,CARPER,SENATOR,D,DE,N/A,C000174,115
1897,Mark,WARNER,SENATOR,D,VA,N/A,W000805,115
859,Bill,NELSON,SENATOR,D,FL,N/A,N000032,115
2176,Tim,KAINE,SENATOR,D,VA,N/A,K000384,115
2174,Heidi,HEITKAMP,SENATOR,D,ND,N/A,H001069,115
616,Marcy,KAPTUR,REPRESENTATIVE,D,OH,8,K000009,115
1184,Nydia,VELAZQUEZ,REPRESENTATIVE,D,NY,7,V000081,115
1184,Nydia,VELAZQUEZ,REPRESENTATIVE,D,NY,7,V000081,115
1930,Erik,PAULSEN,REPRESENTATIVE,R,MN,3,P000594,115
2158,Keith,ROTHFUS,REPRESENTATIVE,R,PA,12,R000598,115
1910,Jared,POLIS,REPRESENTATIVE,D,CO,2,P000598,115
1602,Grace,NAPOLITANO,REPRESENTATIVE,D,CA,32,N000179,115
701,Zoe,LOFGREN,REPRESENTATIVE,D,CA,19,L000397,115
1510,Bill,PASCRELL,REPRESENTATIVE,D,NJ,9,P000096,115
1510,Bill,PASCRELL,REPRESENTATIVE,D,NJ,9,P000096,115
1510,Bill,PASCRELL,REPRESENTATIVE,D,NJ,9,P000096,115
1857,Keith,ELLISON,REPRESENTATIVE,D,MN,5,E000288,115
303,Lloyd,DOGGETT,REPRESENTATIVE,D,TX,35,D000399,115
979,Dana,ROHRABACHER,REPRESENTATIVE,R,CA,48,R000409,115
979,Dana,ROHRABACHER,REPRESENTATIVE,R,CA,48,R000409,115
1757,Linda,SANCHEZ,REPRESENTATIVE,D,CA,38,S001156,115
1602,Grace,NAPOLITANO,REPRESENTATIVE,D,CA,32,N000179,115
2297,James,COMER,N/A,R,KY,N/A,C001108,115
1751,Michael,BURGESS,REPRESENTATIVE,R,TX,26,B001248,115
2055,David,CICILLINE,REPRESENTATIVE,D,RI,1,C001084,115
446,Bob,GOODLATTE,REPRESENTATIVE,R,VA,6,G000289,115
446,Bob,GOODLATTE,REPRESENTATIVE,R,VA,6,G000289,115
229,John,CONYERS,REPRESENTATIVE,D,MI,13,C000714,115
446,Bob,GOODLATTE,REPRESENTATIVE,R,VA,6,G000289,115
2314,Matt,GAETZ,N/A,R,FL,N/A,G000578,115
229,John,CONYERS,REPRESENTATIVE,D,MI,13,C000714,115
1878,Steve,COHEN,REPRESENTATIVE,D,TN,9,C001068,115
446,Bob,GOODLATTE,REPRESENTATIVE,R,VA,6,G000289,115
446,Bob,GOODLATTE,REPRESENTATIVE,R,VA,6,G000289,115
229,John,CONYERS,REPRESENTATIVE,D,MI,13,C000714,115
850,Jerrold,NADLER,REPRESENTATIVE,D,NY,10,N000002,115
229,John,CONYERS,REPRESENTATIVE,D,MI,13,C000714,115
850,Jerrold,NADLER,REPRESENTATIVE,D,NY,10,N000002,115
229,John,CONYERS,REPRESENTATIVE,D,MI,13,C000714,115
229,John,CONYERS,REPRESENTATIVE,D,MI,13,C000714,115
229,John,CONYERS,REPRESENTATIVE,D,MI,13,C000714,115
229,John,CONYERS,REPRESENTATIVE,D,MI,13,C000714,115
2055,David,CICILLINE,REPRESENTATIVE,D,RI,1,C001084,115
229,John,CONYERS,REPRESENTATIVE,D,MI,13,C000714,115
1976,Theodore,DEUTCH,REPRESENTATIVE,D,FL,21,D000610,115
229,John,CONYERS,REPRESENTATIVE,D,MI,13,C000714,115
229,John,CONYERS,REPRESENTATIVE,D,MI,13,C000714,115
2354,Pramila,JAYAPAL,N/A,D,WA,N/A,J000298,115
229,John,CONYERS,REPRESENTATIVE,D,MI,13,C000714,115
2149,Hakeem,JEFFRIES,REPRESENTATIVE,D,NY,8,J000294,115
229,John,CONYERS,REPRESENTATIVE,D,MI,13,C000714,115
2332,Jamie,RASKIN,N/A,D,MD,N/A,R000606,115
229,John,CONYERS,REPRESENTATIVE,D,MI,13,C000714,115
2332,Jamie,RASKIN,N/A,D,MD,N/A,R000606,115
229,John,CONYERS,REPRESENTATIVE,D,MI,13,C000714,115
2092,Suzanne,BONAMICI,REPRESENTATIVE,D,OR,1,B001278,115
229,John,CONYERS,REPRESENTATIVE,D,MI,13,C000714,115
2311,Nanette,BARRAGAN,N/A,D,CA,N/A,B001300,115
229,John,CONYERS,REPRESENTATIVE,D,MI,13,C000714,115
2159,Matt,CARTWRIGHT,REPRESENTATIVE,D,PA,17,C001090,115
229,John,CONYERS,REPRESENTATIVE,D,MI,13,C000714,115
2332,Jamie,RASKIN,N/A,D,MD,N/A,R000606,115
229,John,CONYERS,REPRESENTATIVE,D,MI,13,C000714,115
1525,Pete,SESSIONS,SENATOR,R,TX,N/A,S000250,115
1525,Pete,SESSIONS,SENATOR,R,TX,N/A,S000250,115
1878,Steve,COHEN,REPRESENTATIVE,D,TN,9,C001068,115
1878,Steve,COHEN,REPRESENTATIVE,D,TN,9,C001068,115
1525,Pete,SESSIONS,SENATOR,R,TX,N/A,S000250,115
1525,Pete,SESSIONS,SENATOR,R,TX,N/A,S000250,115
1878,Steve,COHEN,REPRESENTATIVE,D,TN,9,C001068,115
1525,Pete,SESSIONS,SENATOR,R,TX,N/A,S000250,115
1525,Pete,SESSIONS,SENATOR,R,TX,N/A,S000250,115
1525,Pete,SESSIONS,SENATOR,R,TX,N/A,S000250,115
1878,Steve,COHEN,REPRESENTATIVE,D,TN,9,C001068,115
1878,Steve,COHEN,REPRESENTATIVE,D,TN,9,C001068,115
1525,Pete,SESSIONS,SENATOR,R,TX,N/A,S000250,115
1878,Steve,COHEN,REPRESENTATIVE,D,TN,9,C001068,115
1878,Steve,COHEN,REPRESENTATIVE,D,TN,9,C001068,115
1525,Pete,SESSIONS,SENATOR,R,TX,N/A,S000250,115
1878,Steve,COHEN,REPRESENTATIVE,D,TN,9,C001068,115
1878,Steve,COHEN,REPRESENTATIVE,D,TN,9,C001068,115
1878,Steve,COHEN,REPRESENTATIVE,D,TN,9,C001068,115
1878,Steve,COHEN,REPRESENTATIVE,D,TN,9,C001068,115
2328,Roger,MARSHALL,N/A,R,KS,N/A,M001198,115
2018,Larry,BUCSHON,REPRESENTATIVE,R,IN,8,B001275,115
2140,Richard,HUDSON,REPRESENTATIVE,R,NC,8,H001067,115
2140,Richard,HUDSON,REPRESENTATIVE,R,NC,8,H001067,115
1878,Steve,COHEN,REPRESENTATIVE,D,TN,9,C001068,115
1878,Steve,COHEN,REPRESENTATIVE,D,TN,9,C001068,115
2140,Richard,HUDSON,REPRESENTATIVE,R,NC,8,H001067,115
2140,Richard,HUDSON,REPRESENTATIVE,R,NC,8,H001067,115
2140,Richard,HUDSON,REPRESENTATIVE,R,NC,8,H001067,115
1878,Steve,COHEN,REPRESENTATIVE,D,TN,9,C001068,115
2311,Nanette,BARR,REPRESENTATIVE,D,CA,11,B001300,115
2311,Nanette,BARR,REPRESENTATIVE,D,CA,11,B001300,115
1878,Steve,COHEN,REPRESENTATIVE,D,TN,9,C001068,115
1878,Steve,COHEN,REPRESENTATIVE,D,TN,9,C001068,115
2311,Nanette,BARR,REPRESENTATIVE,D,CA,11,B001300,115
2311,Nanette,BARR,REPRESENTATIVE,D,CA,11,B001300,115
1878,Steve,COHEN,REPRESENTATIVE,D,TN,9,C001068,115
2311,Nanette,BARR,REPRESENTATIVE,D,CA,11,B001300,115
1668,James,LANGEVIN,REPRESENTATIVE,D,RI,2,L000559,115
2314,Matt,GAETZ,N/A,R,FL,N/A,G000578,115
2314,Matt,GAETZ,N/A,R,FL,N/A,G000578,115
229,John,CONYERS,REPRESENTATIVE,D,MI,13,C000714,115
2256,David,ROUZER,REPRESENTATIVE,R,NC,7,R000603,115
2172,Joseph,KENNEDY,REPRESENTATIVE,D,MA,4,K000379,115
1838,Gus,BILIRAKIS,REPRESENTATIVE,R,FL,12,B001257,115
2137,Ann,WAGNER,REPRESENTATIVE,R,MO,2,W000812,115
2224,Bruce,WESTERMAN,REPRESENTATIVE,R,AR,4,W000821,114
2168,Chris,STEWART,REPRESENTATIVE,R,UT,2,S001192,115
2337,Don,BACON,N/A,R,NE,N/A,B001298,115
2115,Ted,YOHO,REPRESENTATIVE,R,FL,3,Y000065,115
1184,Nydia,VELAZQUEZ,REPRESENTATIVE,D,NY,7,V000081,115
1868,Jim,JORDAN,REPRESENTATIVE,R,OH,4,J000289,115
1534,John,THUNE,SENATOR,R,SD,N/A,T000250,115
1936,Leonard,LANCE,REPRESENTATIVE,R,NJ,7,L000567,115
2345,Brian,FITZPATRICK,REPRESENTATIVE,R,PA,8,F000466,115
136,Sherrod,BROWN,REPRESENTATIVE,D,OH,26,B000944,115
2141,Robert,PITTENGER,REPRESENTATIVE,R,NC,9,P000606,115
457,Chuck,GRASSLEY,SENATOR,R,IA,N/A,G000386,115
2109,Raul,RUIZ,REPRESENTATIVE,D,CA,36,R000599,115
2253,Tom,EMMER,REPRESENTATIVE,R,MN,6,E000294,115
2253,Tom,EMMER,REPRESENTATIVE,R,MN,6,E000294,115
2253,Tom,EMMER,REPRESENTATIVE,R,MN,6,E000294,115
2018,Larry,BUCSHON,REPRESENTATIVE,R,IN,8,B001275,115
2344,Claudia,TENNEY,N/A,R,NY,N/A,T000478,115
2130,Luke,MESSER,REPRESENTATIVE,R,IN,6,M001189,115
735,Edward,MARKEY,SENATOR,D,MA,N/A,M000133,115
2173,Brian,SCHATZ,SENATOR,D,HI,N/A,S001194,115
1811,Gwen,MOORE,SENATOR,D,WI,N/A,M001160,115
2274,Stacey,PLASKETT,DELEGATE,D,VI,N/A,P000610,115
2310,Salud,CARBAJAL,N/A,D,CA,N/A,C001112,115
2021,Kevin,YODER,REPRESENTATIVE,R,KS,3,Y000063,115
2143,George,HOLDING,REPRESENTATIVE,R,NC,13,H001065,115
1774,Jim,COSTA,REPRESENTATIVE,D,CA,16,C001059,115
1774,Jim,COSTA,REPRESENTATIVE,D,CA,16,C001059,115
2223,J.,HILL,REPRESENTATIVE,R,AR,2,H001072,115
2223,J.,HILL,REPRESENTATIVE,R,AR,2,H001072,115
2223,J.,HILL,REPRESENTATIVE,R,AR,2,H001072,115
2223,J.,HILL,REPRESENTATIVE,R,AR,2,H001072,115
2223,J.,HILL,REPRESENTATIVE,R,AR,2,H001072,115
