speaker_id,first_name,last_name,type,party,state,district,bio_guide_id,congress_id
478,Luis,GUTIERREZ,REPRESENTATIVE,D,IL,4,G000535,115
2321,Charlie,CRIST,N/A,D,FL,N/A,C001111,115
2223,J.,HILL,REPRESENTATIVE,R,AR,2,H001072,115
2223,J.,HILL,REPRESENTATIVE,R,AR,2,H001072,115
566,Steny,HOYER,REPRESENTATIVE,D,MD,5,H000874,115
2223,J.,HILL,REPRESENTATIVE,R,AR,2,H001072,115
2311,Nanette,BARRAGAN,N/A,D,CA,N/A,B001300,115
2355,Mike,GALLAGHER,N/A,R,WI,N/A,G000579,115
2355,Mike,GALLAGHER,N/A,R,WI,N/A,G000579,115
2355,Mike,GALLAGHER,N/A,R,WI,N/A,G000579,115
99999999999999,First Name unavailable,RASKIN,Type Unavailable,Party Info Unavailable,state info unavailable,District Unavailable,BioGuideID unavailable,CongressID unavailable
2149,Hakeem,JEFFRIES,REPRESENTATIVE,D,NY,8,J000294,114
99999999999999,First Name unavailable,RASKIN,Type Unavailable,Party Info Unavailable,state info unavailable,District Unavailable,BioGuideID unavailable,CongressID unavailable
99999999999999,First Name unavailable,RASKIN,Type Unavailable,Party Info Unavailable,state info unavailable,District Unavailable,BioGuideID unavailable,CongressID unavailable
99999999999999,First Name unavailable,RASKIN,Type Unavailable,Party Info Unavailable,state info unavailable,District Unavailable,BioGuideID unavailable,CongressID unavailable
1857,Keith,ELLISON,REPRESENTATIVE,D,MN,5,E000288,114
99999999999999,First Name unavailable,RASKIN,Type Unavailable,Party Info Unavailable,state info unavailable,District Unavailable,BioGuideID unavailable,CongressID unavailable
1857,Keith,ELLISON,REPRESENTATIVE,D,MN,5,E000288,114
99999999999999,First Name unavailable,RASKIN,Type Unavailable,Party Info Unavailable,state info unavailable,District Unavailable,BioGuideID unavailable,CongressID unavailable
99999999999999,First Name unavailable,RASKIN,Type Unavailable,Party Info Unavailable,state info unavailable,District Unavailable,BioGuideID unavailable,CongressID unavailable
566,Steny,HOYER,REPRESENTATIVE,D,MD,5,H000874,115
2067,Blake,FARENTHOLD,REPRESENTATIVE,R,TX,27,F000460,115
2067,Blake,FARENTHOLD,REPRESENTATIVE,R,TX,27,F000460,115
229,John,CONYERS,REPRESENTATIVE,D,MI,13,C000714,115
2307,Andy,BIGGS,N/A,R,AZ,N/A,B001302,115
2049,Bob,GIBBS,REPRESENTATIVE,R,OH,7,G000563,115
1036,Charles,SCHUMER,SENATOR,D,NY,N/A,S000148,115
326,Richard,DURBIN,SENATOR,D,IL,N/A,D000563,115
616,Marcy,KAPTUR,REPRESENTATIVE,D,OH,8,K000009,115
1811,Gwen,MOORE,SENATOR,D,WI,N/A,M001160,115
1012,Mark,SANFORD,REPRESENTATIVE,R,SC,2,S000051,115
446,Bob,GOODLATTE,REPRESENTATIVE,R,VA,6,G000289,115
446,Bob,GOODLATTE,REPRESENTATIVE,R,VA,6,G000289,115
2332,Jamie,RASKIN,N/A,D,MD,N/A,R000606,115
2067,Blake,FARENTHOLD,REPRESENTATIVE,R,TX,27,F000460,115
2332,Jamie,RASKIN,N/A,D,MD,N/A,R000606,115
850,Jerrold,NADLER,REPRESENTATIVE,D,NY,10,N000002,115
2067,Blake,FARENTHOLD,REPRESENTATIVE,R,TX,27,F000460,115
2332,Jamie,RASKIN,N/A,D,MD,N/A,R000606,115
2067,Blake,FARENTHOLD,REPRESENTATIVE,R,TX,27,F000460,115
2332,Jamie,RASKIN,N/A,D,MD,N/A,R000606,115
2067,Blake,FARENTHOLD,REPRESENTATIVE,R,TX,27,F000460,115
2319,Darren,SOTO,N/A,D,FL,N/A,S001200,115
2319,Darren,SOTO,N/A,D,FL,N/A,S001200,115
2067,Blake,FARENTHOLD,REPRESENTATIVE,R,TX,27,F000460,115
2067,Blake,FARENTHOLD,REPRESENTATIVE,R,TX,27,F000460,115
2319,Darren,SOTO,N/A,D,FL,N/A,S001200,115
2332,Jamie,RASKIN,N/A,D,MD,N/A,R000606,115
2319,Darren,SOTO,N/A,D,FL,N/A,S001200,115
2067,Blake,FARENTHOLD,REPRESENTATIVE,R,TX,27,F000460,115
2332,Jamie,RASKIN,N/A,D,MD,N/A,R000606,115
2159,Matt,CARTWRIGHT,REPRESENTATIVE,D,PA,17,C001090,115
2159,Matt,CARTWRIGHT,REPRESENTATIVE,D,PA,17,C001090,115
2067,Blake,FARENTHOLD,REPRESENTATIVE,R,TX,27,F000460,115
2067,Blake,FARENTHOLD,REPRESENTATIVE,R,TX,27,F000460,115
2159,Matt,CARTWRIGHT,REPRESENTATIVE,D,PA,17,C001090,115
2067,Blake,FARENTHOLD,REPRESENTATIVE,R,TX,27,F000460,115
2131,Andy,BARR,REPRESENTATIVE,R,KY,11,B001282,115
2131,Andy,BARR,REPRESENTATIVE,R,KY,11,B001282,115
2354,Pramila,JAYAPAL,N/A,D,WA,N/A,J000298,115
1998,Cory,GARDNER,N/A,R,CO,N/A,G000562,115
1409,Patty,MURRAY,SENATOR,D,WA,N/A,M001111,115
326,Richard,DURBIN,SENATOR,D,IL,N/A,D000563,115
1866,Kirsten,GILLIBRAND,SENATOR,D,NY,N/A,G000555,115
1866,Kirsten,GILLIBRAND,SENATOR,D,NY,N/A,G000555,115
1866,Kirsten,GILLIBRAND,SENATOR,D,NY,N/A,G000555,115
2176,Tim,KAINE,SENATOR,D,VA,N/A,K000384,115
2176,Tim,KAINE,SENATOR,D,VA,N/A,K000384,115
1633,Jeff,FLAKE,SENATOR,R,AZ,N/A,F000444,115
1633,Jeff,FLAKE,SENATOR,R,AZ,N/A,F000444,115
1633,Jeff,FLAKE,SENATOR,R,AZ,N/A,F000444,115
1692,John,CORNYN,SENATOR,R,TX,N/A,C001056,115
1692,John,CORNYN,SENATOR,R,TX,N/A,C001056,115
326,Richard,KING,REPRESENTATIVE,D,IL,4,D000563,115
1901,Jeanne,SHAHEEN,SENATOR,D,NH,N/A,S001181,115
136,Sherrod,BROWN,REPRESENTATIVE,D,OH,26,B000944,115
136,Sherrod,BROWN,REPRESENTATIVE,D,OH,26,B000944,115
2076,Richard,BLUMENTHAL,SENATOR,D,CT,N/A,B001277,115
2076,Richard,BLUMENTHAL,SENATOR,D,CT,N/A,B001277,115
1998,Cory,GARDNER,N/A,R,CO,N/A,G000562,115
1983,Joe,MANCHIN,SENATOR,D,WV,N/A,M001183,115
1844,Mazie,HIRONO,SENATOR,D,HI,N/A,H001042,115
1409,Patty,MURRAY,SENATOR,D,WA,N/A,M001111,115
2289,Ben,SASSE,SENATOR,R,NE,N/A,S001197,115
2289,Ben,SASSE,SENATOR,R,NE,N/A,S001197,115
2289,Ben,SASSE,SENATOR,R,NE,N/A,S001197,115
2289,Ben,SASSE,SENATOR,R,NE,N/A,S001197,115
2289,Ben,SASSE,SENATOR,R,NE,N/A,S001197,115
1692,John,CORNYN,SENATOR,R,TX,N/A,C001056,115
326,Richard,DURBIN,SENATOR,D,IL,N/A,D000563,115
1837,Christopher,MURPHY,SENATOR,D,CT,N/A,M001169,115
2341,Thomas,SUOZZI,N/A,D,NY,N/A,S001201,115
2264,John,KATKO,REPRESENTATIVE,R,NY,24,K000386,115
414,Rodney,FRELINGHUYSEN,REPRESENTATIVE,R,NJ,11,F000372,115
414,Rodney,FRELINGHUYSEN,REPRESENTATIVE,R,NJ,11,F000372,115
414,Rodney,FRELINGHUYSEN,REPRESENTATIVE,R,NJ,11,F000372,115
1188,Peter,VISCLOSKY,REPRESENTATIVE,D,IN,1,V000108,115
414,Rodney,FRELINGHUYSEN,REPRESENTATIVE,R,NJ,11,F000372,115
1487,Kay,GRANGER,REPRESENTATIVE,R,TX,12,G000377,115
1188,Peter,VISCLOSKY,REPRESENTATIVE,D,IN,1,V000108,115
709,Nita,LOWEY,REPRESENTATIVE,D,NY,17,L000480,115
414,Rodney,FRELINGHUYSEN,REPRESENTATIVE,R,NJ,11,F000372,115
1155,Mac,THORNBERRY,REPRESENTATIVE,R,TX,13,T000238,115
1188,Peter,VISCLOSKY,REPRESENTATIVE,D,IN,1,V000108,115
414,Rodney,FRELINGHUYSEN,REPRESENTATIVE,R,NJ,11,F000372,115
1188,Peter,VISCLOSKY,REPRESENTATIVE,D,IN,1,V000108,115
1728,C.,RUPPERSBERGER,REPRESENTATIVE,D,MD,2,R000576,115
414,Rodney,FRELINGHUYSEN,REPRESENTATIVE,R,NJ,11,F000372,115
414,Rodney,FRELINGHUYSEN,REPRESENTATIVE,R,NJ,11,F000372,115
1188,Peter,VISCLOSKY,REPRESENTATIVE,D,IN,1,V000108,115
1501,Barbara,LEE,REPRESENTATIVE,D,CA,13,L000551,115
1188,Peter,VISCLOSKY,REPRESENTATIVE,D,IN,1,V000108,115
1501,Barbara,LEE,REPRESENTATIVE,D,CA,13,L000551,115
414,Rodney,FRELINGHUYSEN,REPRESENTATIVE,R,NJ,11,F000372,115
1188,Peter,VISCLOSKY,REPRESENTATIVE,D,IN,1,V000108,115
616,Marcy,KAPTUR,REPRESENTATIVE,D,OH,8,K000009,115
414,Rodney,FRELINGHUYSEN,REPRESENTATIVE,R,NJ,11,F000372,115
1991,Steve,WOMACK,REPRESENTATIVE,R,AR,3,W000809,115
1188,Peter,VISCLOSKY,REPRESENTATIVE,D,IN,1,V000108,115
414,Rodney,FRELINGHUYSEN,REPRESENTATIVE,R,NJ,11,F000372,115
1986,Martha,ROBY,REPRESENTATIVE,R,AL,2,R000591,115
414,Rodney,FRELINGHUYSEN,REPRESENTATIVE,R,NJ,11,F000372,115
1188,Peter,VISCLOSKY,REPRESENTATIVE,D,IN,1,V000108,115
414,Rodney,FRELINGHUYSEN,REPRESENTATIVE,R,NJ,11,F000372,115
2035,Steven,PALAZZO,REPRESENTATIVE,R,MS,4,P000601,115
414,Rodney,FRELINGHUYSEN,REPRESENTATIVE,R,NJ,11,F000372,115
1188,Peter,VISCLOSKY,REPRESENTATIVE,D,IN,1,V000108,115
414,Rodney,FRELINGHUYSEN,REPRESENTATIVE,R,NJ,11,F000372,115
165,Ken,CALVERT,REPRESENTATIVE,R,CA,42,C000059,115
2050,James,LANKFORD,SENATOR,R,OK,N/A,L000575,115
2050,James,LANKFORD,SENATOR,R,OK,N/A,L000575,115
2182,Elizabeth,WARREN,SENATOR,D,MA,N/A,W000817,115
1901,Jeanne,SHAHEEN,SENATOR,D,NH,N/A,S001181,115
2124,Bradley,SCHNEIDER,N/A,D,IL,N/A,S001190,115
1976,Theodore,DEUTCH,REPRESENTATIVE,D,FL,21,D000610,115
1692,John,CORNYN,SENATOR,R,TX,N/A,C001056,115
1036,Charles,SCHUMER,SENATOR,D,NY,N/A,S000148,115
1695,Lamar,ALEXANDER,SENATOR,R,TN,N/A,A000360,115
2325,Raja,KRISHNAMOORTHI,N/A,D,IL,N/A,K000391,115
2110,Mark,TAKANO,REPRESENTATIVE,D,CA,41,T000472,115
2110,Mark,TAKANO,REPRESENTATIVE,D,CA,41,T000472,115
2110,Mark,TAKANO,REPRESENTATIVE,D,CA,41,T000472,115
1983,Joe,MANCHIN,SENATOR,D,WV,N/A,M001183,115
1692,John,CORNYN,SENATOR,R,TX,N/A,C001056,115
2332,Jamie,RASKIN,N/A,D,MD,N/A,R000606,115
2332,Jamie,RASKIN,N/A,D,MD,N/A,R000606,115
2337,Don,BACON,N/A,R,NE,N/A,B001298,115
1910,Jared,POLIS,REPRESENTATIVE,D,CO,2,P000598,115
2286,David,PERDUE,SENATOR,R,GA,N/A,P000612,115
1955,Pete,OLSON,REPRESENTATIVE,R,TX,22,O000168,115
2097,Donald,PAYNE,REPRESENTATIVE,D,NJ,10,P000604,115
1695,Lamar,ALEXANDER,SENATOR,R,TN,N/A,A000360,115
1695,Lamar,ALEXANDER,SENATOR,R,TN,N/A,A000360,115
1409,Patty,MURRAY,SENATOR,D,WA,N/A,M001111,115
1409,Patty,MURRAY,SENATOR,D,WA,N/A,M001111,115
859,Bill,NELSON,SENATOR,D,FL,N/A,N000032,115
859,Bill,NELSON,SENATOR,D,FL,N/A,N000032,115
174,Benjamin,CARDIN,SENATOR,D,MD,N/A,C000141,115
1984,Christopher,COONS,SENATOR,D,DE,N/A,C001088,115
791,Robert,MENENDEZ,SENATOR,D,NJ,N/A,M000639,115
326,Richard,DURBIN,SENATOR,D,IL,N/A,D000563,115
174,Benjamin,CARDIN,SENATOR,D,MD,N/A,C000141,115
2182,Elizabeth,WARREN,SENATOR,D,MA,N/A,W000817,115
1901,Jeanne,SHAHEEN,SENATOR,D,NH,N/A,S001181,115
1901,Jeanne,SHAHEEN,SENATOR,D,NH,N/A,S001181,115
2288,Mike,ROUNDS,N/A,R,SD,N/A,R000605,115
2288,Mike,ROUNDS,N/A,R,SD,N/A,R000605,115
1837,Christopher,MURPHY,SENATOR,D,CT,N/A,M001169,115
1837,Christopher,MURPHY,SENATOR,D,CT,N/A,M001169,115
1069,Louise,SLAUGHTER,REPRESENTATIVE,D,NY,25,S000480,115
1567,Tom,UDALL,SENATOR,D,NM,N/A,U000039,115
2324,A.,FERGUSON,N/A,R,GA,N/A,F000465,115
2298,Dwight,EVANS,N/A,D,PA,N/A,E000296,115
1383,Patrick,LEAHY,SENATOR,D,VT,N/A,L000174,115
1525,Pete,SESSIONS,SENATOR,R,TX,N/A,S000250,115
2122,Tulsi,GABBARD,REPRESENTATIVE,D,HI,2,G000571,115
2067,Blake,FARENTHOLD,REPRESENTATIVE,R,TX,27,F000460,115
2067,Blake,FARENTHOLD,REPRESENTATIVE,R,TX,27,F000460,115
2332,Jamie,RASKIN,N/A,D,MD,N/A,R000606,115
2067,Blake,FARENTHOLD,REPRESENTATIVE,R,TX,27,F000460,115
2332,Jamie,RASKIN,N/A,D,MD,N/A,R000606,115
850,Jerrold,NADLER,REPRESENTATIVE,D,NY,10,N000002,115
2067,Blake,FARENTHOLD,REPRESENTATIVE,R,TX,27,F000460,115
2332,Jamie,RASKIN,N/A,D,MD,N/A,R000606,115
2332,Jamie,RASKIN,N/A,D,MD,N/A,R000606,115
2067,Blake,FARENTHOLD,REPRESENTATIVE,R,TX,27,F000460,115
2332,Jamie,RASKIN,N/A,D,MD,N/A,R000606,115
2055,David,CICILLINE,REPRESENTATIVE,D,RI,1,C001084,115
2067,Blake,FARENTHOLD,REPRESENTATIVE,R,TX,27,F000460,115
2332,Jamie,RASKIN,N/A,D,MD,N/A,R000606,115
2067,Blake,FARENTHOLD,REPRESENTATIVE,R,TX,27,F000460,115
2332,Jamie,RASKIN,N/A,D,MD,N/A,R000606,115
2067,Blake,FARENTHOLD,REPRESENTATIVE,R,TX,27,F000460,115
2332,Jamie,RASKIN,N/A,D,MD,N/A,R000606,115
2067,Blake,FARENTHOLD,REPRESENTATIVE,R,TX,27,F000460,115
446,Bob,GOODLATTE,REPRESENTATIVE,R,VA,6,G000289,115
446,Bob,GOODLATTE,REPRESENTATIVE,R,VA,6,G000289,115
2332,Jamie,RASKIN,N/A,D,MD,N/A,R000606,115
2332,Jamie,RASKIN,N/A,D,MD,N/A,R000606,115
446,Bob,GOODLATTE,REPRESENTATIVE,R,VA,6,G000289,115
1976,Theodore,DEUTCH,REPRESENTATIVE,D,FL,21,D000610,115
1976,Theodore,DEUTCH,REPRESENTATIVE,D,FL,21,D000610,115
446,Bob,GOODLATTE,REPRESENTATIVE,R,VA,6,G000289,115
446,Bob,GOODLATTE,REPRESENTATIVE,R,VA,6,G000289,115
1976,Theodore,DEUTCH,REPRESENTATIVE,D,FL,21,D000610,115
1976,Theodore,DEUTCH,REPRESENTATIVE,D,FL,21,D000610,115
1976,Theodore,DEUTCH,REPRESENTATIVE,D,FL,21,D000610,115
1976,Theodore,DEUTCH,REPRESENTATIVE,D,FL,21,D000610,115
446,Bob,GOODLATTE,REPRESENTATIVE,R,VA,6,G000289,115
446,Bob,GOODLATTE,REPRESENTATIVE,R,VA,6,G000289,115
1976,Theodore,DEUTCH,REPRESENTATIVE,D,FL,21,D000610,115
446,Bob,GOODLATTE,REPRESENTATIVE,R,VA,6,G000289,115
1976,Theodore,DEUTCH,REPRESENTATIVE,D,FL,21,D000610,115
2319,Darren,SOTO,N/A,D,FL,N/A,S001200,115
2319,Darren,SOTO,N/A,D,FL,N/A,S001200,115
446,Bob,GOODLATTE,REPRESENTATIVE,R,VA,6,G000289,115
446,Bob,GOODLATTE,REPRESENTATIVE,R,VA,6,G000289,115
2319,Darren,SOTO,N/A,D,FL,N/A,S001200,115
446,Bob,GOODLATTE,REPRESENTATIVE,R,VA,6,G000289,115
2319,Darren,SOTO,N/A,D,FL,N/A,S001200,115
446,Bob,GOODLATTE,REPRESENTATIVE,R,VA,6,G000289,115
446,Bob,GOODLATTE,REPRESENTATIVE,R,VA,6,G000289,115
446,Bob,GOODLATTE,REPRESENTATIVE,R,VA,6,G000289,115
229,John,CONYERS,REPRESENTATIVE,D,MI,13,C000714,115
229,John,CONYERS,REPRESENTATIVE,D,MI,13,C000714,115
446,Bob,GOODLATTE,REPRESENTATIVE,R,VA,6,G000289,115
446,Bob,GOODLATTE,REPRESENTATIVE,R,VA,6,G000289,115
229,John,CONYERS,REPRESENTATIVE,D,MI,13,C000714,115
2067,Blake,FARENTHOLD,REPRESENTATIVE,R,TX,27,F000460,115
2067,Blake,FARENTHOLD,REPRESENTATIVE,R,TX,27,F000460,115
2067,Blake,FARENTHOLD,REPRESENTATIVE,R,TX,27,F000460,115
2342,Adriano,ESPAILLAT,N/A,D,NY,N/A,E000297,115
2342,Adriano,ESPAILLAT,N/A,D,NY,N/A,E000297,115
2067,Blake,FARENTHOLD,REPRESENTATIVE,R,TX,27,F000460,115
2067,Blake,FARENTHOLD,REPRESENTATIVE,R,TX,27,F000460,115
2342,Adriano,ESPAILLAT,N/A,D,NY,N/A,E000297,115
2342,Adriano,ESPAILLAT,N/A,D,NY,N/A,E000297,115
2115,Ted,YOHO,REPRESENTATIVE,R,FL,3,Y000065,115
2134,Daniel,KILDEE,REPRESENTATIVE,D,MI,5,K000380,115
2134,Daniel,KILDEE,REPRESENTATIVE,D,MI,5,K000380,115
2134,Daniel,KILDEE,REPRESENTATIVE,D,MI,5,K000380,115
446,Bob,GOODLATTE,REPRESENTATIVE,R,VA,6,G000289,115
446,Bob,GOODLATTE,REPRESENTATIVE,R,VA,6,G000289,115
2134,Daniel,KILDEE,REPRESENTATIVE,D,MI,5,K000380,115
229,John,CONYERS,REPRESENTATIVE,D,MI,13,C000714,115
2169,Derek,KILMER,REPRESENTATIVE,D,WA,6,K000381,115
1976,Theodore,DEUTCH,REPRESENTATIVE,D,FL,21,D000610,115
2263,Elise,STEFANIK,REPRESENTATIVE,R,NY,21,S001196,115
2328,Roger,MARSHALL,N/A,R,KS,N/A,M001198,115
1069,Louise,SLAUGHTER,REPRESENTATIVE,D,NY,25,S000480,115
1069,Louise,SLAUGHTER,REPRESENTATIVE,D,NY,25,S000480,115
1069,Louise,SLAUGHTER,REPRESENTATIVE,D,NY,25,S000480,115
1069,Louise,SLAUGHTER,REPRESENTATIVE,D,NY,25,S000480,115
2021,Kevin,YODER,REPRESENTATIVE,R,KS,3,Y000063,115
1888,Bill,FOSTER,REPRESENTATIVE,D,IL,11,F000454,115
2350,Jodey,ARRINGTON,N/A,R,TX,N/A,A000375,115
2110,Mark,TAKANO,REPRESENTATIVE,D,CA,41,T000472,115
2110,Mark,TAKANO,REPRESENTATIVE,D,CA,41,T000472,115
2061,Charles,FLEISCHMANN,REPRESENTATIVE,R,TN,3,F000459,115
2101,Jared,HUFFMAN,REPRESENTATIVE,D,CA,2,H001068,115
1742,Tom,COLE,REPRESENTATIVE,R,OK,12,C001053,115
2101,Jared,HUFFMAN,REPRESENTATIVE,D,CA,2,H001068,115
2332,Jamie,RASKIN,N/A,D,MD,N/A,R000606,115
2332,Jamie,RASKIN,N/A,D,MD,N/A,R000606,115
2332,Jamie,RASKIN,N/A,D,MD,N/A,R000606,115
2332,Jamie,RASKIN,N/A,D,MD,N/A,R000606,115
2110,Mark,TAKANO,REPRESENTATIVE,D,CA,41,T000472,115
1558,Tammy,BALDWIN,SENATOR,D,WI,N/A,B001230,115
2149,Hakeem,JEFFRIES,REPRESENTATIVE,D,NY,8,J000294,115
