speaker_id,first_name,last_name,type,party,state,district,bio_guide_id,congress_id
2291,Thom,TILLIS,SENATOR,R,NC,N/A,T000476,115
2297,James,COMER,N/A,R,KY,N/A,C001108,115
2291,Thom,TILLIS,SENATOR,R,NC,N/A,T000476,115
2291,Thom,TILLIS,SENATOR,R,NC,N/A,T000476,115
1825,Bob,CORKER,SENATOR,R,TN,N/A,C001071,115
2356,Liz,CHENEY,N/A,R,WY,N/A,C001109,115
2356,Liz,CHENEY,N/A,R,WY,N/A,C001109,115
2356,Liz,CHENEY,N/A,R,WY,N/A,C001109,115
2356,Liz,CHENEY,N/A,R,WY,N/A,C001109,115
511,Alcee,HASTINGS,REPRESENTATIVE,D,FL,20,H000324,115
2356,Liz,CHENEY,N/A,R,WY,N/A,C001109,115
2316,John,RUTHERFORD,N/A,R,FL,N/A,R000609,115
511,Alcee,HASTINGS,REPRESENTATIVE,D,FL,20,H000324,115
701,Zoe,LOFGREN,REPRESENTATIVE,D,CA,19,L000397,115
511,Alcee,HASTINGS,REPRESENTATIVE,D,FL,20,H000324,115
701,Zoe,LOFGREN,REPRESENTATIVE,D,CA,19,L000397,115
2356,Liz,CHENEY,N/A,R,WY,N/A,C001109,115
2197,Bradley,BYRNE,REPRESENTATIVE,R,AL,1,B001289,115
2356,Liz,CHENEY,N/A,R,WY,N/A,C001109,115
2197,Bradley,BYRNE,REPRESENTATIVE,R,AL,1,B001289,115
511,Alcee,HASTINGS,REPRESENTATIVE,D,FL,20,H000324,115
511,Alcee,HASTINGS,REPRESENTATIVE,D,FL,20,H000324,115
2356,Liz,CHENEY,N/A,R,WY,N/A,C001109,115
2356,Liz,CHENEY,N/A,R,WY,N/A,C001109,115
511,Alcee,HASTINGS,REPRESENTATIVE,D,FL,20,H000324,115
2109,Raul,RUIZ,REPRESENTATIVE,D,CA,36,R000599,115
1036,Charles,SCHUMER,SENATOR,D,NY,N/A,S000148,115
1010,Bernard,SANDERS,SENATOR,I,VT,N/A,S000033,115
1247,Ron,WYDEN,SENATOR,D,OR,N/A,W000779,115
1900,Jeff,MERKLEY,SENATOR,D,OR,N/A,M001176,115
1247,Ron,WYDEN,SENATOR,D,OR,N/A,W000779,115
1929,Gary,PETERS,REPRESENTATIVE,D,MI,52,P000595,115
1863,Dean,HELLER,SENATOR,R,NV,N/A,H001041,115
1036,Charles,SCHUMER,SENATOR,D,NY,N/A,S000148,115
1863,Dean,HELLER,SENATOR,R,NV,N/A,H001041,115
2298,Dwight,EVANS,N/A,D,PA,N/A,E000296,115
1694,Lisa,MURKOWSKI,SENATOR,R,AK,N/A,M001153,115
1863,Dean,HELLER,SENATOR,R,NV,N/A,H001041,115
1036,Charles,SCHUMER,SENATOR,D,NY,N/A,S000148,115
1542,Michael,ENZI,SENATOR,R,WY,N/A,E000285,115
1801,Louie,GOHMERT,REPRESENTATIVE,R,TX,1,G000552,115
1801,Louie,GOHMERT,REPRESENTATIVE,R,TX,1,G000552,115
99,Earl,BLUMENAUER,REPRESENTATIVE,D,OR,3,B000574,115
2053,Tom,MARINO,REPRESENTATIVE,R,PA,10,M001179,115
1602,Grace,NAPOLITANO,REPRESENTATIVE,D,CA,32,N000179,115
2291,Thom,TILLIS,SENATOR,R,NC,N/A,T000476,115
1507,Jerry,MORAN,SENATOR,R,KS,N/A,M000934,115
2291,Thom,TILLIS,SENATOR,R,NC,N/A,T000476,115
2291,Thom,TILLIS,SENATOR,R,NC,N/A,T000476,115
2291,Thom,TILLIS,SENATOR,R,NC,N/A,T000476,115
2166,Marc,VEASEY,REPRESENTATIVE,D,TX,33,V000131,115
1036,Charles,SCHUMER,SENATOR,D,NY,N/A,S000148,115
179,Thomas,CARPER,SENATOR,D,DE,N/A,C000174,115
179,Thomas,CARPER,SENATOR,D,DE,N/A,C000174,115
1010,Bernard,SANDERS,SENATOR,I,VT,N/A,S000033,115
1010,Bernard,SANDERS,SENATOR,I,VT,N/A,S000033,115
1837,Christopher,MURPHY,SENATOR,D,CT,N/A,M001169,115
1837,Christopher,MURPHY,SENATOR,D,CT,N/A,M001169,115
791,Robert,MENENDEZ,SENATOR,D,NJ,N/A,M000639,115
791,Robert,MENENDEZ,SENATOR,D,NJ,N/A,M000639,115
1881,John,BARRASSO,SENATOR,R,WY,N/A,B001261,115
1881,John,BARRASSO,SENATOR,R,WY,N/A,B001261,115
1900,Jeff,MERKLEY,SENATOR,D,OR,N/A,M001176,115
1900,Jeff,MERKLEY,SENATOR,D,OR,N/A,M001176,115
1036,Charles,SCHUMER,SENATOR,D,NY,N/A,S000148,115
1036,Charles,SCHUMER,SENATOR,D,NY,N/A,S000148,115
1036,Charles,SCHUMER,SENATOR,D,NY,N/A,S000148,115
1692,John,CORNYN,SENATOR,R,TX,N/A,C001056,115
1332,Dianne,FEINSTEIN,SENATOR,D,CA,N/A,F000062,115
1826,Amy,KLOBUCHAR,SENATOR,D,MN,N/A,K000367,115
1531,Debbie,STABENOW,SENATOR,D,MI,N/A,S000770,115
1826,Amy,KLOBUCHAR,SENATOR,D,MN,N/A,K000367,115
2174,Heidi,HEITKAMP,SENATOR,D,ND,N/A,H001069,115
1826,Amy,KLOBUCHAR,SENATOR,D,MN,N/A,K000367,115
1633,Jeff,FLAKE,SENATOR,R,AZ,N/A,F000444,115
1247,Ron,WYDEN,SENATOR,D,OR,N/A,W000779,115
1247,Ron,WYDEN,SENATOR,D,OR,N/A,W000779,115
2076,Richard,BLUMENTHAL,SENATOR,D,CT,N/A,B001277,115
2076,Richard,BLUMENTHAL,SENATOR,D,CT,N/A,B001277,115
326,Richard,DURBIN,SENATOR,D,IL,N/A,D000563,115
2076,Richard,BLUMENTHAL,SENATOR,D,CT,N/A,B001277,115
1823,Sheldon,WHITEHOUSE,SENATOR,D,RI,N/A,W000802,115
1823,Sheldon,WHITEHOUSE,SENATOR,D,RI,N/A,W000802,115
1965,Michael,BENNET,SENATOR,D,CO,N/A,B001267,115
1965,Michael,BENNET,SENATOR,D,CO,N/A,B001267,115
1507,Jerry,MORAN,SENATOR,R,KS,N/A,M000934,115
1828,Robert,CASEY,SENATOR,D,PA,N/A,C001070,115
1828,Robert,CASEY,SENATOR,D,PA,N/A,C001070,115
1828,Robert,CASEY,SENATOR,D,PA,N/A,C001070,115
2308,Ro,KHANNA,N/A,D,CA,N/A,K000389,115
2153,Joyce,BEATTY,REPRESENTATIVE,D,OH,3,B001281,115
1801,Louie,GOHMERT,REPRESENTATIVE,R,TX,1,G000552,115
1973,John,GARAMENDI,REPRESENTATIVE,D,CA,3,G000559,115
2243,Mike,BOST,REPRESENTATIVE,R,IL,12,B001295,115
2250,David,TROTT,REPRESENTATIVE,R,MI,11,T000475,115
1942,Paul,TONKO,REPRESENTATIVE,D,NY,20,T000469,115
2264,John,KATKO,REPRESENTATIVE,R,NY,24,K000386,115
2138,Steve,DAINES,SENATOR,R,MT,N/A,D000618,115
1774,Jim,COSTA,REPRESENTATIVE,D,CA,16,C001059,115
1989,Eric,CRAWFORD,REPRESENTATIVE,R,AR,1,C001087,115
1986,Martha,ROBY,REPRESENTATIVE,R,AL,2,R000591,115
2233,Ken,BUCK,REPRESENTATIVE,R,CO,4,B001297,115
2233,Ken,BUCK,REPRESENTATIVE,R,CO,4,B001297,115
2233,Ken,BUCK,REPRESENTATIVE,R,CO,4,B001297,115
2233,Ken,BUCK,REPRESENTATIVE,R,CO,4,B001297,115
1069,Louise,SLAUGHTER,REPRESENTATIVE,D,NY,25,S000480,115
2233,Ken,BUCK,REPRESENTATIVE,R,CO,4,B001297,115
2165,Roger,WILLIAMS,REPRESENTATIVE,R,TX,25,W000816,115
1069,Louise,SLAUGHTER,REPRESENTATIVE,D,NY,25,S000480,115
303,Lloyd,DOGGETT,REPRESENTATIVE,D,TX,35,D000399,115
2233,Ken,BUCK,REPRESENTATIVE,R,CO,4,B001297,115
1738,Stevan,PEARCE,REPRESENTATIVE,R,NM,2,P000588,115
2233,Ken,BUCK,REPRESENTATIVE,R,CO,4,B001297,115
1738,Stevan,PEARCE,REPRESENTATIVE,R,NM,2,P000588,115
1069,Louise,SLAUGHTER,REPRESENTATIVE,D,NY,25,S000480,115
1069,Louise,SLAUGHTER,REPRESENTATIVE,D,NY,25,S000480,115
2233,Ken,BUCK,REPRESENTATIVE,R,CO,4,B001297,115
2028,Bill,HUIZENGA,REPRESENTATIVE,R,MI,2,H001058,115
2233,Ken,BUCK,REPRESENTATIVE,R,CO,4,B001297,115
2028,Bill,HUIZENGA,REPRESENTATIVE,R,MI,2,H001058,115
1069,Louise,SLAUGHTER,REPRESENTATIVE,D,NY,25,S000480,115
2354,Pramila,JAYAPAL,N/A,D,WA,N/A,J000298,115
1069,Louise,SLAUGHTER,REPRESENTATIVE,D,NY,25,S000480,115
2354,Pramila,JAYAPAL,N/A,D,WA,N/A,J000298,115
2233,Ken,BUCK,REPRESENTATIVE,R,CO,4,B001297,115
2137,Ann,WAGNER,REPRESENTATIVE,R,MO,2,W000812,115
2233,Ken,BUCK,REPRESENTATIVE,R,CO,4,B001297,115
2137,Ann,WAGNER,REPRESENTATIVE,R,MO,2,W000812,115
1069,Louise,SLAUGHTER,REPRESENTATIVE,D,NY,25,S000480,115
1069,Louise,SLAUGHTER,REPRESENTATIVE,D,NY,25,S000480,115
2233,Ken,BUCK,REPRESENTATIVE,R,CO,4,B001297,115
2131,Andy,BARR,REPRESENTATIVE,R,KY,11,B001282,115
1069,Louise,SLAUGHTER,REPRESENTATIVE,D,NY,25,S000480,115
2233,Ken,BUCK,REPRESENTATIVE,R,CO,4,B001297,115
1069,Louise,SLAUGHTER,REPRESENTATIVE,D,NY,25,S000480,115
2233,Ken,BUCK,REPRESENTATIVE,R,CO,4,B001297,115
2158,Keith,ROTHFUS,REPRESENTATIVE,R,PA,12,R000598,115
1069,Louise,SLAUGHTER,REPRESENTATIVE,D,NY,25,S000480,115
2233,Ken,BUCK,REPRESENTATIVE,R,CO,4,B001297,115
1069,Louise,SLAUGHTER,REPRESENTATIVE,D,NY,25,S000480,115
1069,Louise,SLAUGHTER,REPRESENTATIVE,D,NY,25,S000480,115
2233,Ken,BUCK,REPRESENTATIVE,R,CO,4,B001297,115
355,Anna,ESHOO,REPRESENTATIVE,D,CA,18,E000215,115
2233,Ken,BUCK,REPRESENTATIVE,R,CO,4,B001297,115
1069,Louise,SLAUGHTER,REPRESENTATIVE,D,NY,25,S000480,115
1955,Pete,OLSON,REPRESENTATIVE,R,TX,22,O000168,115
2203,Dave,BRAT,REPRESENTATIVE,R,VA,7,B001290,115
2203,Dave,BRAT,REPRESENTATIVE,R,VA,7,B001290,115
2203,Dave,BRAT,REPRESENTATIVE,R,VA,7,B001290,115
2203,Dave,BRAT,REPRESENTATIVE,R,VA,7,B001290,115
446,Bob,GOODLATTE,REPRESENTATIVE,R,VA,6,G000289,115
2203,Dave,BRAT,REPRESENTATIVE,R,VA,7,B001290,115
2337,Don,BACON,N/A,R,NE,N/A,B001298,115
1564,Michael,CAPUANO,REPRESENTATIVE,D,MA,7,C001037,115
1526,Brad,SHERMAN,REPRESENTATIVE,D,CA,30,S000344,115
1069,Louise,SLAUGHTER,REPRESENTATIVE,D,NY,25,S000480,115
2025,William,KEATING,REPRESENTATIVE,D,MA,9,K000375,115
1602,Grace,NAPOLITANO,REPRESENTATIVE,D,CA,32,N000179,115
2239,Rick,ALLEN,REPRESENTATIVE,R,GA,12,A000372,115
2158,Keith,ROTHFUS,REPRESENTATIVE,R,PA,12,R000598,115
1878,Steve,COHEN,REPRESENTATIVE,D,TN,9,C001068,115
2167,Filemon,VELA,REPRESENTATIVE,D,TX,7,V000132,115
2167,Filemon,VELA,REPRESENTATIVE,D,TX,7,V000132,115
701,Zoe,LOFGREN,REPRESENTATIVE,D,CA,19,L000397,115
2167,Filemon,VELA,REPRESENTATIVE,D,TX,7,V000132,115
2350,Jodey,ARRINGTON,N/A,R,TX,N/A,A000375,115
2167,Filemon,VELA,REPRESENTATIVE,D,TX,7,V000132,115
2167,Filemon,VELA,REPRESENTATIVE,D,TX,7,V000132,115
478,Luis,GUTIERREZ,REPRESENTATIVE,D,IL,4,G000535,115
2167,Filemon,VELA,REPRESENTATIVE,D,TX,7,V000132,115
1807,Henry,CUELLAR,REPRESENTATIVE,D,TX,28,C001063,115
2167,Filemon,VELA,REPRESENTATIVE,D,TX,7,V000132,115
1807,Henry,CUELLAR,REPRESENTATIVE,D,TX,28,C001063,115
2167,Filemon,VELA,REPRESENTATIVE,D,TX,7,V000132,115
2124,Bradley,SCHNEIDER,N/A,D,IL,N/A,S001190,115
701,Zoe,LOFGREN,REPRESENTATIVE,D,CA,19,L000397,115
2124,Bradley,SCHNEIDER,N/A,D,IL,N/A,S001190,115
2172,Joseph,KENNEDY,REPRESENTATIVE,D,MA,4,K000379,115
1036,Charles,SCHUMER,SENATOR,D,NY,N/A,S000148,115
2122,Tulsi,GABBARD,REPRESENTATIVE,D,HI,2,G000571,115
2122,Tulsi,GABBARD,REPRESENTATIVE,D,HI,2,G000571,115
2122,Tulsi,GABBARD,REPRESENTATIVE,D,HI,2,G000571,115
2319,Darren,SOTO,N/A,D,FL,N/A,S001200,115
2122,Tulsi,GABBARD,REPRESENTATIVE,D,HI,2,G000571,115
616,Marcy,KAPTUR,REPRESENTATIVE,D,OH,8,K000009,115
2274,Stacey,PLASKETT,DELEGATE,D,VI,N/A,P000610,115
1930,Erik,PAULSEN,REPRESENTATIVE,R,MN,3,P000594,115
1633,Jeff,FLAKE,SENATOR,R,AZ,N/A,F000444,115
1383,Patrick,LEAHY,SENATOR,D,VT,N/A,L000174,115
1332,Dianne,FEINSTEIN,SENATOR,D,CA,N/A,F000062,115
1929,Gary,PETERS,REPRESENTATIVE,D,MI,52,P000595,115
1692,John,CORNYN,SENATOR,R,TX,N/A,C001056,115
457,Chuck,GRASSLEY,SENATOR,R,IA,N/A,G000386,115
1332,Dianne,FEINSTEIN,SENATOR,D,CA,N/A,F000062,115
1866,Kirsten,GILLIBRAND,SENATOR,D,NY,N/A,G000555,115
1925,Bill,CASSIDY,SENATOR,R,LA,N/A,C001075,115
2176,Tim,KAINE,SENATOR,D,VA,N/A,K000384,115
1036,Charles,SCHUMER,SENATOR,D,NY,N/A,S000148,115
511,Alcee,HASTINGS,REPRESENTATIVE,D,FL,20,H000324,115
2055,David,CICILLINE,REPRESENTATIVE,D,RI,1,C001084,115
