speaker_id,first_name,last_name,type,party,state,district,bio_guide_id,congress_id
1036,Charles,SCHUMER,SENATOR,D,NY,N/A,S000148,115
457,Chuck,GRASSLEY,SENATOR,R,IA,N/A,G000386,115
1687,John,BOOZMAN,SENATOR,R,AR,N/A,B001236,115
1692,John,CORNYN,SENATOR,R,TX,N/A,C001056,115
1983,Joe,MANCHIN,SENATOR,D,WV,N/A,M001183,115
1983,Joe,MANCHIN,SENATOR,D,WV,N/A,M001183,115
924,Rob,PORTMAN,SENATOR,R,OH,N/A,P000449,115
924,Rob,PORTMAN,SENATOR,R,OH,N/A,P000449,115
1829,Jon,TESTER,SENATOR,D,MT,N/A,T000464,115
1829,Jon,TESTER,SENATOR,D,MT,N/A,T000464,115
1829,Jon,TESTER,SENATOR,D,MT,N/A,T000464,115
1534,John,THUNE,SENATOR,R,SD,N/A,T000250,115
1534,John,THUNE,SENATOR,R,SD,N/A,T000250,115
1692,John,CORNYN,SENATOR,R,TX,N/A,C001056,115
2291,Thom,TILLIS,SENATOR,R,NC,N/A,T000476,115
1881,John,BARRASSO,SENATOR,R,WY,N/A,B001261,115
1881,John,BARRASSO,SENATOR,R,WY,N/A,B001261,115
1823,Sheldon,WHITEHOUSE,SENATOR,D,RI,N/A,W000802,115
1010,Bernard,SANDERS,SENATOR,I,VT,N/A,S000033,115
1036,Charles,SCHUMER,SENATOR,D,NY,N/A,S000148,115
250,Mike,CRAPO,SENATOR,R,ID,N/A,C000880,115
583,James,INHOFE,SENATOR,R,OK,N/A,I000024,115
2019,Todd,YOUNG,REPRESENTATIVE,R,IN,0,Y000064,115
1383,Patrick,LEAHY,SENATOR,D,VT,N/A,L000174,115
1541,Susan,COLLINS,REPRESENTATIVE,R,ME,9,C001035,115
1541,Susan,KING,REPRESENTATIVE,R,ME,4,C001035,115
2076,Richard,BLUMENTHAL,SENATOR,D,CT,N/A,B001277,115
1925,Bill,CASSIDY,SENATOR,R,LA,N/A,C001075,115
2176,Tim,KAINE,SENATOR,D,VA,N/A,K000384,115
1036,Charles,SCHUMER,SENATOR,D,NY,N/A,S000148,115
1036,Charles,SCHUMER,SENATOR,D,NY,N/A,S000148,115
2098,Tom,COTTON,SENATOR,R,AR,N/A,C001095,115
2098,Tom,COTTON,SENATOR,R,AR,N/A,C001095,115
457,Chuck,GRASSLEY,SENATOR,R,IA,N/A,G000386,115
2290,Dan,SULLIVAN,SENATOR,R,AK,N/A,S001198,115
136,Sherrod,BROWN,REPRESENTATIVE,D,OH,26,B000944,115
1534,John,THUNE,SENATOR,R,SD,N/A,T000250,115
1687,John,BOOZMAN,SENATOR,R,AR,N/A,B001236,115
1829,Jon,TESTER,SENATOR,D,MT,N/A,T000464,115
1036,Charles,SCHUMER,SENATOR,D,NY,N/A,S000148,115
2138,Steve,DAINES,SENATOR,R,MT,N/A,D000618,115
1247,Ron,WYDEN,SENATOR,D,OR,N/A,W000779,115
2138,Steve,DAINES,SENATOR,R,MT,N/A,D000618,115
2138,Steve,DAINES,SENATOR,R,MT,N/A,D000618,115
1332,Dianne,FEINSTEIN,SENATOR,D,CA,N/A,F000062,115
1332,Dianne,FEINSTEIN,SENATOR,D,CA,N/A,F000062,115
1881,John,BARRASSO,SENATOR,R,WY,N/A,B001261,115
1881,John,BARRASSO,SENATOR,R,WY,N/A,B001261,115
1881,John,BARRASSO,SENATOR,R,WY,N/A,B001261,115
2194,Cory,BOOKER,SENATOR,D,NJ,N/A,B001288,115
1036,Charles,SCHUMER,SENATOR,D,NY,N/A,S000148,115
1836,Joe,COURTNEY,REPRESENTATIVE,D,CT,2,C001069,115
1881,John,BARRASSO,SENATOR,R,WY,N/A,B001261,115
1881,John,BARRASSO,SENATOR,R,WY,N/A,B001261,115
1692,John,CORNYN,SENATOR,R,TX,N/A,C001056,115
326,Richard,DURBIN,SENATOR,D,IL,N/A,D000563,115
1881,John,BARRASSO,SENATOR,R,WY,N/A,B001261,115
2291,Thom,TILLIS,SENATOR,R,NC,N/A,T000476,115
583,James,INHOFE,SENATOR,R,OK,N/A,I000024,115
583,James,INHOFE,SENATOR,R,OK,N/A,I000024,115
1464,Roy,BLUNT,SENATOR,R,MO,N/A,B000575,115
1464,Roy,BLUNT,SENATOR,R,MO,N/A,B000575,115
326,Richard,DURBIN,SENATOR,D,IL,N/A,D000563,115
1464,Roy,BLUNT,SENATOR,R,MO,N/A,B000575,115
326,Richard,DURBIN,SENATOR,D,IL,N/A,D000563,115
326,Richard,DURBIN,SENATOR,D,IL,N/A,D000563,115
1507,Jerry,MORAN,SENATOR,R,KS,N/A,M000934,115
1507,Jerry,MORAN,SENATOR,R,KS,N/A,M000934,115
1844,Mazie,HIRONO,SENATOR,D,HI,N/A,H001042,115
1844,Mazie,HIRONO,SENATOR,D,HI,N/A,H001042,115
1900,Jeff,MERKLEY,SENATOR,D,OR,N/A,M001176,115
1900,Jeff,MERKLEY,SENATOR,D,OR,N/A,M001176,115
1896,James,RISCH,SENATOR,R,ID,N/A,R000584,115
1896,James,RISCH,SENATOR,R,ID,N/A,R000584,115
1837,Christopher,MURPHY,SENATOR,D,CT,N/A,M001169,115
1247,Ron,WYDEN,SENATOR,D,OR,N/A,W000779,115
1351,Orrin,HATCH,SENATOR,R,UT,N/A,H000338,115
1226,Roger,WICKER,SENATOR,R,MS,N/A,W000437,115
1692,John,CORNYN,SENATOR,R,TX,N/A,C001056,115
1881,John,BARRASSO,SENATOR,R,WY,N/A,B001261,115
2176,Tim,KAINE,SENATOR,D,VA,N/A,K000384,115
1881,John,BARRASSO,SENATOR,R,WY,N/A,B001261,115
