speaker_id,first_name,last_name,type,party,state,district,bio_guide_id,congress_id
478,Luis,GUTIERREZ,REPRESENTATIVE,D,IL,4,G000535,115
1801,Louie,GOHMERT,REPRESENTATIVE,R,TX,1,G000552,115
2314,Matt,GAETZ,N/A,R,FL,N/A,G000578,115
1801,Louie,GOHMERT,REPRESENTATIVE,R,TX,1,G000552,115
2296,Warren,DAVIDSON,N/A,R,OH,N/A,D000626,115
1801,Louie,GOHMERT,REPRESENTATIVE,R,TX,1,G000552,115
1692,John,CORNYN,SENATOR,R,TX,N/A,C001056,115
1541,Susan,COLLINS,REPRESENTATIVE,R,ME,9,C001035,115
1541,Susan,COLLINS,REPRESENTATIVE,R,ME,9,C001035,115
1541,Susan,COLLINS,REPRESENTATIVE,R,ME,9,C001035,115
1541,Susan,COLLINS,REPRESENTATIVE,R,ME,9,C001035,115
1464,Roy,BLUNT,SENATOR,R,MO,N/A,B000575,115
1464,Roy,BLUNT,SENATOR,R,MO,N/A,B000575,115
326,Richard,DURBIN,SENATOR,D,IL,N/A,D000563,115
326,Richard,DURBIN,SENATOR,D,IL,N/A,D000563,115
2080,Mike,LEE,REPRESENTATIVE,R,UT,13,L000577,115
1901,Jeanne,SHAHEEN,SENATOR,D,NH,N/A,S001181,115
1534,John,THUNE,SENATOR,R,SD,N/A,T000250,115
1969,Al,FRANKEN,SENATOR,D,MN,N/A,F000457,115
1825,Bob,CORKER,SENATOR,R,TN,N/A,C001071,115
1825,Bob,CORKER,SENATOR,R,TN,N/A,C001071,115
1998,Cory,GARDNER,N/A,R,CO,N/A,G000562,115
1998,Cory,GARDNER,N/A,R,CO,N/A,G000562,115
2322,Brian,MAST,N/A,R,FL,N/A,M001199,115
1955,Pete,OLSON,REPRESENTATIVE,R,TX,22,O000168,115
153,Richard,BURR,SENATOR,R,NC,N/A,B001135,115
153,Richard,BURR,SENATOR,R,NC,N/A,B001135,115
1844,Mazie,HIRONO,SENATOR,D,HI,N/A,H001042,115
1844,Mazie,HIRONO,SENATOR,D,HI,N/A,H001042,115
1878,Steve,COHEN,REPRESENTATIVE,D,TN,9,C001068,115
1036,Charles,SCHUMER,SENATOR,D,NY,N/A,S000148,115
1748,Marsha,BLACKBURN,REPRESENTATIVE,R,TN,7,B001243,115
1748,Marsha,BLACKBURN,REPRESENTATIVE,R,TN,7,B001243,115
1748,Marsha,BLACKBURN,REPRESENTATIVE,R,TN,7,B001243,115
1748,Marsha,BLACKBURN,REPRESENTATIVE,R,TN,7,B001243,115
1596,Greg,WALDEN,REPRESENTATIVE,R,OR,2,W000791,115
355,Anna,ESHOO,REPRESENTATIVE,D,CA,18,E000215,115
1748,Marsha,BLACKBURN,REPRESENTATIVE,R,TN,7,B001243,115
2065,Bill,FLORES,REPRESENTATIVE,R,TX,17,F000461,115
2065,Bill,FLORES,REPRESENTATIVE,R,TX,17,F000461,115
2065,Bill,FLORES,REPRESENTATIVE,R,TX,17,F000461,115
887,Frank,PALLONE,REPRESENTATIVE,D,NJ,6,P000034,115
2065,Bill,FLORES,REPRESENTATIVE,R,TX,17,F000461,115
1885,Robert,LATTA,REPRESENTATIVE,R,OH,5,L000566,115
1814,Doris,MATSUI,REPRESENTATIVE,D,CA,6,M001163,115
2065,Bill,FLORES,REPRESENTATIVE,R,TX,17,F000461,115
1936,Leonard,LANCE,REPRESENTATIVE,R,NJ,7,L000567,115
2065,Bill,FLORES,REPRESENTATIVE,R,TX,17,F000461,115
1892,Steve,SCALISE,REPRESENTATIVE,R,LA,1,S001176,115
1942,Paul,TONKO,REPRESENTATIVE,D,NY,20,T000469,115
2065,Bill,FLORES,REPRESENTATIVE,R,TX,17,F000461,115
1955,Pete,OLSON,REPRESENTATIVE,R,TX,22,O000168,115
1564,Michael,CAPUANO,REPRESENTATIVE,D,MA,7,C001037,115
1564,Michael,CAPUANO,REPRESENTATIVE,D,MA,7,C001037,115
2065,Bill,FLORES,REPRESENTATIVE,R,TX,17,F000461,115
905,Nancy,PELOSI,REPRESENTATIVE,D,CA,12,P000197,115
2065,Bill,FLORES,REPRESENTATIVE,R,TX,17,F000461,115
1588,Janice,SCHAKOWSKY,REPRESENTATIVE,D,IL,9,S001145,115
2065,Bill,FLORES,REPRESENTATIVE,R,TX,17,F000461,115
1668,James,LANGEVIN,REPRESENTATIVE,D,RI,2,L000559,115
2065,Bill,FLORES,REPRESENTATIVE,R,TX,17,F000461,115
2320,Val,DEMINGS,N/A,D,FL,N/A,D000627,115
2065,Bill,FLORES,REPRESENTATIVE,R,TX,17,F000461,115
701,Zoe,LOFGREN,REPRESENTATIVE,D,CA,19,L000397,115
2065,Bill,FLORES,REPRESENTATIVE,R,TX,17,F000461,115
2065,Bill,FLORES,REPRESENTATIVE,R,TX,17,F000461,115
2223,J.,HILL,REPRESENTATIVE,R,AR,2,H001072,115
1590,Michael,SIMPSON,REPRESENTATIVE,R,ID,2,S001148,115
2072,Sean,DUFFY,N/A,R,WI,N/A,D000614,115
2307,Andy,BIGGS,N/A,R,AZ,N/A,B001302,115
2275,Dan,NEWHOUSE,REPRESENTATIVE,R,WA,4,N000189,114
701,Zoe,LOFGREN,REPRESENTATIVE,D,CA,19,L000397,115
701,Zoe,LOFGREN,REPRESENTATIVE,D,CA,19,L000397,115
701,Zoe,LOFGREN,REPRESENTATIVE,D,CA,19,L000397,115
701,Zoe,LOFGREN,REPRESENTATIVE,D,CA,19,L000397,115
2065,Bill,FLORES,REPRESENTATIVE,R,TX,17,F000461,115
701,Zoe,LOFGREN,REPRESENTATIVE,D,CA,19,L000397,115
1937,Martin,HEINRICH,SENATOR,D,NM,N/A,H001046,115
1823,Sheldon,WHITEHOUSE,SENATOR,D,RI,N/A,W000802,115
616,Marcy,KAPTUR,REPRESENTATIVE,D,OH,8,K000009,115
2309,Jimmy,PANETTA,N/A,D,CA,N/A,P000613,115
1383,Patrick,LEAHY,SENATOR,D,VT,N/A,L000174,115
1973,John,GARAMENDI,REPRESENTATIVE,D,CA,3,G000559,115
1878,Steve,COHEN,REPRESENTATIVE,D,TN,9,C001068,115
1973,John,GARAMENDI,REPRESENTATIVE,D,CA,3,G000559,115
1973,John,GARAMENDI,REPRESENTATIVE,D,CA,3,G000559,115
2113,Scott,PETERS,REPRESENTATIVE,D,CA,52,P000608,115
1973,John,GARAMENDI,REPRESENTATIVE,D,CA,3,G000559,115
1973,John,GARAMENDI,REPRESENTATIVE,D,CA,3,G000559,115
2113,Scott,PETERS,REPRESENTATIVE,D,CA,52,P000608,115
1973,John,GARAMENDI,REPRESENTATIVE,D,CA,3,G000559,115
1973,John,GARAMENDI,REPRESENTATIVE,D,CA,3,G000559,115
2332,Jamie,RASKIN,N/A,D,MD,N/A,R000606,115
1973,John,GARAMENDI,REPRESENTATIVE,D,CA,3,G000559,115
1910,Jared,POLIS,REPRESENTATIVE,D,CO,2,P000598,115
1383,Patrick,LEAHY,SENATOR,D,VT,N/A,L000174,115
1823,Sheldon,WHITEHOUSE,SENATOR,D,RI,N/A,W000802,115
1850,Joe,DONNELLY,SENATOR,D,IN,N/A,D000607,115
2176,Tim,KAINE,SENATOR,D,VA,N/A,K000384,115
1332,Dianne,FEINSTEIN,SENATOR,D,CA,N/A,F000062,115
2107,Tony,CARDENAS,REPRESENTATIVE,D,CA,29,C001097,115
1036,Charles,SCHUMER,SENATOR,D,NY,N/A,S000148,115
174,Benjamin,CARDIN,SENATOR,D,MD,N/A,C000141,115
2185,Angus,KING,REPRESENTATIVE,I,ME,4,K000383,115
2176,Tim,KAINE,SENATOR,D,VA,N/A,K000384,115
949,Jack,REED,REPRESENTATIVE,D,RI,23,R000122,115
1633,Jeff,FLAKE,SENATOR,R,AZ,N/A,F000444,115
1633,Jeff,FLAKE,SENATOR,R,AZ,N/A,F000444,115
99999999999999,First Name unavailable,GARDENER,Type Unavailable,Party Info Unavailable,state info unavailable,District Unavailable,BioGuideID unavailable,CongressID unavailable
2008,Rob,WOODALL,REPRESENTATIVE,R,GA,7,W000810,115
2008,Rob,WOODALL,REPRESENTATIVE,R,GA,7,W000810,115
2008,Rob,WOODALL,REPRESENTATIVE,R,GA,7,W000810,115
2008,Rob,WOODALL,REPRESENTATIVE,R,GA,7,W000810,115
1910,Jared,POLIS,REPRESENTATIVE,D,CO,2,P000598,115
2008,Rob,WOODALL,REPRESENTATIVE,R,GA,7,W000810,115
1910,Jared,POLIS,REPRESENTATIVE,D,CO,2,P000598,115
1910,Jared,POLIS,REPRESENTATIVE,D,CO,2,P000598,115
1910,Jared,POLIS,REPRESENTATIVE,D,CO,2,P000598,115
1910,Jared,POLIS,REPRESENTATIVE,D,CO,2,P000598,115
2008,Rob,WOODALL,REPRESENTATIVE,R,GA,7,W000810,115
1801,Louie,GOHMERT,REPRESENTATIVE,R,TX,1,G000552,115
1910,Jared,POLIS,REPRESENTATIVE,D,CO,2,P000598,115
1910,Jared,POLIS,REPRESENTATIVE,D,CO,2,P000598,115
2008,Rob,WOODALL,REPRESENTATIVE,R,GA,7,W000810,115
1910,Jared,POLIS,REPRESENTATIVE,D,CO,2,P000598,115
1910,Jared,POLIS,REPRESENTATIVE,D,CO,2,P000598,115
2008,Rob,WOODALL,REPRESENTATIVE,R,GA,7,W000810,115
1910,Jared,POLIS,REPRESENTATIVE,D,CO,2,P000598,115
2008,Rob,WOODALL,REPRESENTATIVE,R,GA,7,W000810,115
2008,Rob,WOODALL,REPRESENTATIVE,R,GA,7,W000810,115
1910,Jared,POLIS,REPRESENTATIVE,D,CO,2,P000598,115
566,Steny,HOYER,REPRESENTATIVE,D,MD,5,H000874,115
1633,Jeff,FLAKE,SENATOR,R,AZ,N/A,F000444,115
2289,Ben,SASSE,SENATOR,R,NE,N/A,S001197,115
2289,Ben,SASSE,SENATOR,R,NE,N/A,S001197,115
1837,Christopher,MURPHY,SENATOR,D,CT,N/A,M001169,115
1837,Christopher,MURPHY,SENATOR,D,CT,N/A,M001169,115
924,Rob,PORTMAN,SENATOR,R,OH,N/A,P000449,115
2086,Ron,JOHNSON,REPRESENTATIVE,R,WI,4,J000293,115
2086,Ron,JOHNSON,REPRESENTATIVE,R,WI,4,J000293,115
1695,Lamar,ALEXANDER,SENATOR,R,TN,N/A,A000360,115
1695,Lamar,ALEXANDER,SENATOR,R,TN,N/A,A000360,115
2098,Tom,COTTON,SENATOR,R,AR,N/A,C001095,115
2098,Tom,COTTON,SENATOR,R,AR,N/A,C001095,115
2098,Tom,COTTON,SENATOR,R,AR,N/A,C001095,115
1692,John,CORNYN,SENATOR,R,TX,N/A,C001056,115
1910,Jared,POLIS,REPRESENTATIVE,D,CO,2,P000598,115
1801,Louie,GOHMERT,REPRESENTATIVE,R,TX,1,G000552,115
1823,Sheldon,WHITEHOUSE,SENATOR,D,RI,N/A,W000802,115
1879,Peter,WELCH,REPRESENTATIVE,D,VT,0,W000800,115
1751,Michael,BURGESS,REPRESENTATIVE,R,TX,26,B001248,115
1751,Michael,BURGESS,REPRESENTATIVE,R,TX,26,B001248,115
1751,Michael,BURGESS,REPRESENTATIVE,R,TX,26,B001248,115
1751,Michael,BURGESS,REPRESENTATIVE,R,TX,26,B001248,115
1910,Jared,POLIS,REPRESENTATIVE,D,CO,2,P000598,115
1910,Jared,POLIS,REPRESENTATIVE,D,CO,2,P000598,115
355,Anna,ESHOO,REPRESENTATIVE,D,CA,18,E000215,115
1910,Jared,POLIS,REPRESENTATIVE,D,CO,2,P000598,115
355,Anna,ESHOO,REPRESENTATIVE,D,CA,18,E000215,115
1751,Michael,BURGESS,REPRESENTATIVE,R,TX,26,B001248,115
1751,Michael,BURGESS,REPRESENTATIVE,R,TX,26,B001248,115
1910,Jared,POLIS,REPRESENTATIVE,D,CO,2,P000598,115
1751,Michael,BURGESS,REPRESENTATIVE,R,TX,26,B001248,115
1751,Michael,BURGESS,REPRESENTATIVE,R,TX,26,B001248,115
1910,Jared,POLIS,REPRESENTATIVE,D,CO,2,P000598,115
1564,Michael,CAPUANO,REPRESENTATIVE,D,MA,7,C001037,115
1751,Michael,BURGESS,REPRESENTATIVE,R,TX,26,B001248,115
1910,Jared,POLIS,REPRESENTATIVE,D,CO,2,P000598,115
1857,Keith,ELLISON,REPRESENTATIVE,D,MN,5,E000288,115
1751,Michael,BURGESS,REPRESENTATIVE,R,TX,26,B001248,115
1910,Jared,POLIS,REPRESENTATIVE,D,CO,2,P000598,115
2308,Ro,KHANNA,N/A,D,CA,N/A,K000389,115
1751,Michael,BURGESS,REPRESENTATIVE,R,TX,26,B001248,115
1910,Jared,POLIS,REPRESENTATIVE,D,CO,2,P000598,115
1751,Michael,BURGESS,REPRESENTATIVE,R,TX,26,B001248,115
1910,Jared,POLIS,REPRESENTATIVE,D,CO,2,P000598,115
1910,Jared,POLIS,REPRESENTATIVE,D,CO,2,P000598,115
1910,Jared,POLIS,REPRESENTATIVE,D,CO,2,P000598,115
1751,Michael,BURGESS,REPRESENTATIVE,R,TX,26,B001248,115
1751,Michael,BURGESS,REPRESENTATIVE,R,TX,26,B001248,115
1751,Michael,BURGESS,REPRESENTATIVE,R,TX,26,B001248,115
1910,Jared,POLIS,REPRESENTATIVE,D,CO,2,P000598,115
1910,Jared,POLIS,REPRESENTATIVE,D,CO,2,P000598,115
1855,Tim,WALBERG,REPRESENTATIVE,R,MI,7,W000798,115
1791,Virginia,FOXX,REPRESENTATIVE,R,NC,5,F000450,115
2332,Jamie,RASKIN,N/A,D,MD,N/A,R000606,115
153,Richard,BURR,SENATOR,R,NC,N/A,B001135,115
1036,Charles,SCHUMER,SENATOR,D,NY,N/A,S000148,115
2134,Daniel,KILDEE,REPRESENTATIVE,D,MI,5,K000380,115
1527,John,SHIMKUS,REPRESENTATIVE,R,IL,15,S000364,115
2339,Jacky,ROSEN,N/A,D,NV,N/A,R000608,115
2072,Sean,DUFFY,N/A,R,WI,N/A,D000614,115
