speaker_id,first_name,last_name,type,party,state,district,bio_guide_id,congress_id
457,Chuck,GRASSLEY,SENATOR,R,IA,N/A,G000386,115
1010,Bernard,SANDERS,SENATOR,I,VT,N/A,S000033,115
457,Chuck,GRASSLEY,SENATOR,R,IA,N/A,G000386,115
1692,John,CORNYN,SENATOR,R,TX,N/A,C001056,115
1633,Jeff,FLAKE,SENATOR,R,AZ,N/A,F000444,115
326,Richard,DURBIN,SENATOR,D,IL,N/A,D000563,115
326,Richard,DURBIN,SENATOR,D,IL,N/A,D000563,115
2138,Steve,DAINES,SENATOR,R,MT,N/A,D000618,115
2138,Steve,DAINES,SENATOR,R,MT,N/A,D000618,115
1931,Blaine,LUETKEMEYER,REPRESENTATIVE,R,MO,3,L000569,115
2111,Alan,LOWENTHAL,REPRESENTATIVE,D,CA,47,L000579,115
136,Sherrod,BROWN,REPRESENTATIVE,D,OH,26,B000944,115
2122,Tulsi,GABBARD,REPRESENTATIVE,D,HI,2,G000571,115
1692,John,CORNYN,SENATOR,R,TX,N/A,C001056,115
1854,John,SARBANES,REPRESENTATIVE,D,MD,3,S001168,115
2253,Tom,EMMER,REPRESENTATIVE,R,MN,6,E000294,115
208,James,CLYBURN,REPRESENTATIVE,D,SC,6,C000537,115
2308,Ro,KHANNA,N/A,D,CA,N/A,K000389,115
2008,Rob,WOODALL,REPRESENTATIVE,R,GA,7,W000810,115
2008,Rob,WOODALL,REPRESENTATIVE,R,GA,7,W000810,115
2008,Rob,WOODALL,REPRESENTATIVE,R,GA,7,W000810,115
2008,Rob,WOODALL,REPRESENTATIVE,R,GA,7,W000810,115
2008,Rob,WOODALL,REPRESENTATIVE,R,GA,7,W000810,115
2008,Rob,WOODALL,REPRESENTATIVE,R,GA,7,W000810,115
2008,Rob,WOODALL,REPRESENTATIVE,R,GA,7,W000810,115
2008,Rob,WOODALL,REPRESENTATIVE,R,GA,7,W000810,115
2008,Rob,WOODALL,REPRESENTATIVE,R,GA,7,W000810,115
2356,Liz,CHENEY,N/A,R,WY,N/A,C001109,115
2105,David,VALADAO,REPRESENTATIVE,R,CA,21,V000129,115
1927,Chellie,PINGREE,REPRESENTATIVE,D,ME,1,P000597,115
616,Marcy,KAPTUR,REPRESENTATIVE,D,OH,8,K000009,115
1510,Bill,PASCRELL,REPRESENTATIVE,D,NJ,9,P000096,115
612,Walter,JONES,REPRESENTATIVE,R,NC,3,J000255,115
303,Lloyd,DOGGETT,REPRESENTATIVE,D,TX,35,D000399,115
478,Luis,GUTIERREZ,REPRESENTATIVE,D,IL,4,G000535,115
2336,Ted,BUDD,REPRESENTATIVE,R,NC,1,B001305,115
2321,Charlie,CRIST,N/A,D,FL,N/A,C001111,115
303,Lloyd,DOGGETT,REPRESENTATIVE,D,TX,35,D000399,115
2336,Ted,BUDD,REPRESENTATIVE,R,NC,1,B001305,115
1184,Nydia,VELAZQUEZ,REPRESENTATIVE,D,NY,7,V000081,115
1955,Pete,OLSON,REPRESENTATIVE,R,TX,22,O000168,115
1878,Steve,COHEN,REPRESENTATIVE,D,TN,9,C001068,115
2337,Don,BACON,N/A,R,NE,N/A,B001298,115
2158,Keith,ROTHFUS,REPRESENTATIVE,R,PA,12,R000598,115
1888,Bill,FOSTER,REPRESENTATIVE,D,IL,11,F000454,115
1602,Grace,NAPOLITANO,REPRESENTATIVE,D,CA,32,N000179,115
2339,Jacky,ROSEN,N/A,D,NV,N/A,R000608,115
1654,Wm.,CLAY,REPRESENTATIVE,D,MO,1,C001049,115
2097,Donald,PAYNE,REPRESENTATIVE,D,NJ,10,P000604,115
2053,Tom,MARINO,REPRESENTATIVE,R,PA,10,M001179,115
2015,Randy,HULTGREN,REPRESENTATIVE,R,IL,14,H001059,115
1525,Pete,SESSIONS,SENATOR,R,TX,N/A,S000250,115
1654,Wm.,CLAY,REPRESENTATIVE,D,MO,1,C001049,115
1654,Wm.,CLAY,REPRESENTATIVE,D,MO,1,C001049,115
229,John,CONYERS,REPRESENTATIVE,D,MI,13,C000714,115
1654,Wm.,CLAY,REPRESENTATIVE,D,MO,1,C001049,115
2201,Alma,ADAMS,REPRESENTATIVE,D,NC,12,A000370,115
1654,Wm.,CLAY,REPRESENTATIVE,D,MO,1,C001049,115
1878,Steve,COHEN,REPRESENTATIVE,D,TN,9,C001068,115
1654,Wm.,CLAY,REPRESENTATIVE,D,MO,1,C001049,115
1654,Wm.,CLAY,REPRESENTATIVE,D,MO,1,C001049,115
2332,Jamie,RASKIN,N/A,D,MD,N/A,R000606,115
1654,Wm.,CLAY,REPRESENTATIVE,D,MO,1,C001049,115
1588,Janice,SCHAKOWSKY,REPRESENTATIVE,D,IL,9,S001145,115
1654,Wm.,CLAY,REPRESENTATIVE,D,MO,1,C001049,115
616,Marcy,KAPTUR,REPRESENTATIVE,D,OH,8,K000009,115
1654,Wm.,CLAY,REPRESENTATIVE,D,MO,1,C001049,115
1036,Charles,SCHUMER,SENATOR,D,NY,N/A,S000148,115
1633,Jeff,FLAKE,SENATOR,R,AZ,N/A,F000444,115
1633,Jeff,FLAKE,SENATOR,R,AZ,N/A,F000444,115
1633,Jeff,FLAKE,SENATOR,R,AZ,N/A,F000444,115
1633,Jeff,FLAKE,SENATOR,R,AZ,N/A,F000444,115
1633,Jeff,FLAKE,SENATOR,R,AZ,N/A,F000444,115
2098,Tom,COTTON,SENATOR,R,AR,N/A,C001095,115
2098,Tom,COTTON,SENATOR,R,AR,N/A,C001095,115
2076,Richard,BLUMENTHAL,SENATOR,D,CT,N/A,B001277,115
2076,Richard,BLUMENTHAL,SENATOR,D,CT,N/A,B001277,115
1332,Dianne,FEINSTEIN,SENATOR,D,CA,N/A,F000062,115
2076,Richard,BLUMENTHAL,SENATOR,D,CT,N/A,B001277,115
2084,Marco,RUBIO,SENATOR,R,FL,N/A,R000595,115
2084,Marco,RUBIO,SENATOR,R,FL,N/A,R000595,115
2084,Marco,RUBIO,SENATOR,R,FL,N/A,R000595,115
1409,Patty,MURRAY,SENATOR,D,WA,N/A,M001111,115
326,Richard,DURBIN,SENATOR,D,IL,N/A,D000563,115
859,Bill,NELSON,SENATOR,D,FL,N/A,N000032,115
859,Bill,NELSON,SENATOR,D,FL,N/A,N000032,115
2182,Elizabeth,WARREN,SENATOR,D,MA,N/A,W000817,115
2182,Elizabeth,WARREN,SENATOR,D,MA,N/A,W000817,115
1801,Louie,GOHMERT,REPRESENTATIVE,R,TX,1,G000552,115
979,Dana,ROHRABACHER,REPRESENTATIVE,R,CA,48,R000409,115
2194,Cory,BOOKER,SENATOR,D,NJ,N/A,B001288,115
2320,Val,DEMINGS,N/A,D,FL,N/A,D000627,115
1997,Scott,TIPTON,REPRESENTATIVE,R,CO,3,T000470,115
2309,Jimmy,PANETTA,N/A,D,CA,N/A,P000613,115
2307,Andy,BIGGS,N/A,R,AZ,N/A,B001302,115
1692,John,CORNYN,SENATOR,R,TX,N/A,C001056,115
2158,Keith,ROTHFUS,REPRESENTATIVE,R,PA,12,R000598,115
2338,Josh,GOTTHEIMER,N/A,D,NJ,N/A,G000583,115
2003,Dennis,ROSS,REPRESENTATIVE,R,FL,15,R000593,115
2003,Dennis,ROSS,REPRESENTATIVE,R,FL,15,R000593,115
1654,Wm.,CLAY,REPRESENTATIVE,D,MO,1,C001049,115
2003,Dennis,ROSS,REPRESENTATIVE,R,FL,15,R000593,115
2223,J.,HILL,REPRESENTATIVE,R,AR,2,H001072,115
2003,Dennis,ROSS,REPRESENTATIVE,R,FL,15,R000593,115
2223,J.,HILL,REPRESENTATIVE,R,AR,2,H001072,115
1654,Wm.,CLAY,REPRESENTATIVE,D,MO,1,C001049,115
2003,Dennis,ROSS,REPRESENTATIVE,R,FL,15,R000593,115
2003,Dennis,ROSS,REPRESENTATIVE,R,FL,15,R000593,115
2003,Dennis,ROSS,REPRESENTATIVE,R,FL,15,R000593,115
1654,Wm.,CLAY,REPRESENTATIVE,D,MO,1,C001049,115
1654,Wm.,CLAY,REPRESENTATIVE,D,MO,1,C001049,115
2003,Dennis,ROSS,REPRESENTATIVE,R,FL,15,R000593,115
2003,Dennis,ROSS,REPRESENTATIVE,R,FL,15,R000593,115
2003,Dennis,ROSS,REPRESENTATIVE,R,FL,15,R000593,115
1654,Wm.,CLAY,REPRESENTATIVE,D,MO,1,C001049,115
1654,Wm.,CLAY,REPRESENTATIVE,D,MO,1,C001049,115
1654,Wm.,CLAY,REPRESENTATIVE,D,MO,1,C001049,115
2003,Dennis,ROSS,REPRESENTATIVE,R,FL,15,R000593,115
2003,Dennis,ROSS,REPRESENTATIVE,R,FL,15,R000593,115
1654,Wm.,CLAY,REPRESENTATIVE,D,MO,1,C001049,115
2090,Mark,AMODEI,REPRESENTATIVE,R,NV,2,A000369,115
