speaker_id,first_name,last_name,type,party,state,district,bio_guide_id,congress_id
2314,Matt,GAETZ,N/A,R,FL,N/A,G000578,115
1042,Jose,SERRANO,REPRESENTATIVE,D,NY,15,S000248,115
2297,James,COMER,N/A,R,KY,N/A,C001108,115
2297,James,COMER,N/A,R,KY,N/A,C001108,115
2297,James,COMER,N/A,R,KY,N/A,C001108,115
1959,Gerald,CONNOLLY,REPRESENTATIVE,D,VA,11,C001078,115
1959,Gerald,CONNOLLY,REPRESENTATIVE,D,VA,11,C001078,115
2297,James,COMER,N/A,R,KY,N/A,C001108,115
1959,Gerald,CONNOLLY,REPRESENTATIVE,D,VA,11,C001078,115
2252,Brenda,LAWRENCE,REPRESENTATIVE,D,MI,14,L000581,115
1959,Gerald,CONNOLLY,REPRESENTATIVE,D,VA,11,C001078,115
868,Eleanor,NORTON,DELEGATE,D,DC,N/A,N000147,115
1959,Gerald,CONNOLLY,REPRESENTATIVE,D,VA,11,C001078,115
2297,James,COMER,N/A,R,KY,N/A,C001108,115
1959,Gerald,CONNOLLY,REPRESENTATIVE,D,VA,11,C001078,115
1959,Gerald,CONNOLLY,REPRESENTATIVE,D,VA,11,C001078,115
2332,Jamie,RASKIN,N/A,D,MD,N/A,R000606,115
2332,Jamie,RASKIN,N/A,D,MD,N/A,R000606,115
1959,Gerald,CONNOLLY,REPRESENTATIVE,D,VA,11,C001078,115
2332,Jamie,RASKIN,N/A,D,MD,N/A,R000606,115
2332,Jamie,RASKIN,N/A,D,MD,N/A,R000606,115
1959,Gerald,CONNOLLY,REPRESENTATIVE,D,VA,11,C001078,115
2332,Jamie,RASKIN,N/A,D,MD,N/A,R000606,115
1959,Gerald,CONNOLLY,REPRESENTATIVE,D,VA,11,C001078,115
2332,Jamie,RASKIN,N/A,D,MD,N/A,R000606,115
2297,James,COMER,N/A,R,KY,N/A,C001108,115
1959,Gerald,CONNOLLY,REPRESENTATIVE,D,VA,11,C001078,115
2297,James,COMER,N/A,R,KY,N/A,C001108,115
256,Elijah,CUMMINGS,REPRESENTATIVE,D,MD,7,C000984,115
511,Alcee,HASTINGS,REPRESENTATIVE,D,FL,20,H000324,115
511,Alcee,HASTINGS,REPRESENTATIVE,D,FL,20,H000324,115
2297,James,COMER,N/A,R,KY,N/A,C001108,115
2297,James,COMER,N/A,R,KY,N/A,C001108,115
2297,James,COMER,N/A,R,KY,N/A,C001108,115
2359,Greg,GIANFORTE,N/A,R,MT,N/A,G000584,115
2359,Greg,GIANFORTE,N/A,R,MT,N/A,G000584,115
2359,Greg,GIANFORTE,N/A,R,MT,N/A,G000584,115
1959,Gerald,CONNOLLY,REPRESENTATIVE,D,VA,11,C001078,115
1959,Gerald,CONNOLLY,REPRESENTATIVE,D,VA,11,C001078,115
2359,Greg,GIANFORTE,N/A,R,MT,N/A,G000584,115
1959,Gerald,CONNOLLY,REPRESENTATIVE,D,VA,11,C001078,115
1959,Gerald,CONNOLLY,REPRESENTATIVE,D,VA,11,C001078,115
2297,James,COMER,N/A,R,KY,N/A,C001108,115
2297,James,COMER,N/A,R,KY,N/A,C001108,115
1959,Gerald,CONNOLLY,REPRESENTATIVE,D,VA,11,C001078,115
2332,Jamie,RASKIN,N/A,D,MD,N/A,R000606,115
1959,Gerald,CONNOLLY,REPRESENTATIVE,D,VA,11,C001078,115
2297,James,COMER,N/A,R,KY,N/A,C001108,115
1959,Gerald,CONNOLLY,REPRESENTATIVE,D,VA,11,C001078,115
1959,Gerald,CONNOLLY,REPRESENTATIVE,D,VA,11,C001078,115
344,Eliot,ENGEL,REPRESENTATIVE,D,NY,16,E000179,115
2261,Lee,ZELDIN,REPRESENTATIVE,R,NY,1,Z000017,115
850,Jerrold,NADLER,REPRESENTATIVE,D,NY,10,N000002,115
1069,Louise,SLAUGHTER,REPRESENTATIVE,D,NY,25,S000480,115
2055,David,CICILLINE,REPRESENTATIVE,D,RI,1,C001084,115
2354,Pramila,JAYAPAL,N/A,D,WA,N/A,J000298,115
2351,Scott,TAYLOR,N/A,R,VA,N/A,T000477,115
2319,Darren,SOTO,N/A,D,FL,N/A,S001200,115
2332,Jamie,RASKIN,N/A,D,MD,N/A,R000606,115
1930,Erik,PAULSEN,REPRESENTATIVE,R,MN,3,P000594,115
2332,Jamie,RASKIN,N/A,D,MD,N/A,R000606,115
2055,David,CICILLINE,REPRESENTATIVE,D,RI,1,C001084,115
2332,Jamie,RASKIN,N/A,D,MD,N/A,R000606,115
2113,Scott,PETERS,REPRESENTATIVE,D,CA,52,P000608,115
2153,Joyce,BEATTY,REPRESENTATIVE,D,OH,3,B001281,115
924,Rob,PORTMAN,SENATOR,R,OH,N/A,P000449,115
2182,Elizabeth,WARREN,SENATOR,D,MA,N/A,W000817,115
2166,Marc,VEASEY,REPRESENTATIVE,D,TX,33,V000131,115
1534,John,THUNE,SENATOR,R,SD,N/A,T000250,115
859,Bill,NELSON,SENATOR,D,FL,N/A,N000032,115
859,Bill,NELSON,SENATOR,D,FL,N/A,N000032,115
1676,Shelley,CAPITO,N/A,R,WV,N/A,C001047,115
1676,Shelley,CAPITO,N/A,R,WV,N/A,C001047,115
174,Benjamin,CARDIN,SENATOR,D,MD,N/A,C000141,115
174,Benjamin,CARDIN,SENATOR,D,MD,N/A,C000141,115
174,Benjamin,CARDIN,SENATOR,D,MD,N/A,C000141,115
1866,Kirsten,GILLIBRAND,SENATOR,D,NY,N/A,G000555,115
791,Robert,MENENDEZ,SENATOR,D,NJ,N/A,M000639,115
1965,Michael,BENNET,SENATOR,D,CO,N/A,B001267,115
2084,Marco,RUBIO,SENATOR,R,FL,N/A,R000595,115
2084,Marco,RUBIO,SENATOR,R,FL,N/A,R000595,115
2080,Mike,LEE,REPRESENTATIVE,R,UT,13,L000577,115
1897,Mark,WARNER,SENATOR,D,VA,N/A,W000805,115
179,Thomas,CARPER,SENATOR,D,DE,N/A,C000174,115
859,Bill,NELSON,SENATOR,D,FL,N/A,N000032,115
1247,Ron,WYDEN,SENATOR,D,OR,N/A,W000779,115
583,James,INHOFE,SENATOR,R,OK,N/A,I000024,115
1247,Ron,WYDEN,SENATOR,D,OR,N/A,W000779,115
1542,Michael,ENZI,SENATOR,R,WY,N/A,E000285,115
1247,Ron,WYDEN,SENATOR,D,OR,N/A,W000779,115
457,Chuck,GRASSLEY,SENATOR,R,IA,N/A,G000386,115
1247,Ron,WYDEN,SENATOR,D,OR,N/A,W000779,115
1901,Jeanne,SHAHEEN,SENATOR,D,NH,N/A,S001181,115
2076,Richard,BLUMENTHAL,SENATOR,D,CT,N/A,B001277,115
2179,Deb,FISCHER,SENATOR,R,NE,N/A,F000463,115
1247,Ron,WYDEN,SENATOR,D,OR,N/A,W000779,115
1247,Ron,WYDEN,SENATOR,D,OR,N/A,W000779,115
1247,Ron,WYDEN,SENATOR,D,OR,N/A,W000779,115
1692,John,CORNYN,SENATOR,R,TX,N/A,C001056,115
709,Nita,LOWEY,REPRESENTATIVE,D,NY,17,L000480,115
1588,Janice,SCHAKOWSKY,REPRESENTATIVE,D,IL,9,S001145,115
1668,James,LANGEVIN,REPRESENTATIVE,D,RI,2,L000559,115
583,James,INHOFE,SENATOR,R,OK,N/A,I000024,115
1825,Bob,CORKER,SENATOR,R,TN,N/A,C001071,115
2359,Greg,GIANFORTE,N/A,R,MT,N/A,G000584,115
2014,Adam,KINZINGER,REPRESENTATIVE,R,IL,16,K000378,115
1531,Debbie,STABENOW,SENATOR,D,MI,N/A,S000770,115
2346,Lloyd,SMUCKER,N/A,R,PA,N/A,S001199,115
1829,Jon,TESTER,SENATOR,D,MT,N/A,T000464,115
1247,Ron,WYDEN,SENATOR,D,OR,N/A,W000779,115
2286,David,PERDUE,SENATOR,R,GA,N/A,P000612,115
1604,Joseph,CROWLEY,REPRESENTATIVE,D,NY,14,C001038,115
2336,Ted,BUDD,REPRESENTATIVE,R,NC,1,B001305,115
1527,John,SHIMKUS,REPRESENTATIVE,R,IL,15,S000364,115
1527,John,SHIMKUS,REPRESENTATIVE,R,IL,15,S000364,115
1527,John,SHIMKUS,REPRESENTATIVE,R,IL,15,S000364,115
887,Frank,PALLONE,REPRESENTATIVE,D,NJ,6,P000034,115
1527,John,SHIMKUS,REPRESENTATIVE,R,IL,15,S000364,115
1596,Greg,WALDEN,REPRESENTATIVE,R,OR,2,W000791,115
887,Frank,PALLONE,REPRESENTATIVE,D,NJ,6,P000034,115
1942,Paul,TONKO,REPRESENTATIVE,D,NY,20,T000469,115
1527,John,SHIMKUS,REPRESENTATIVE,R,IL,15,S000364,115
887,Frank,PALLONE,REPRESENTATIVE,D,NJ,6,P000034,115
1527,John,SHIMKUS,REPRESENTATIVE,R,IL,15,S000364,115
1855,Tim,WALBERG,REPRESENTATIVE,R,MI,7,W000798,115
887,Frank,PALLONE,REPRESENTATIVE,D,NJ,6,P000034,115
2251,Debbie,DINGELL,REPRESENTATIVE,D,MI,12,D000624,115
1527,John,SHIMKUS,REPRESENTATIVE,R,IL,15,S000364,115
1936,Leonard,LANCE,REPRESENTATIVE,R,NJ,7,L000567,115
887,Frank,PALLONE,REPRESENTATIVE,D,NJ,6,P000034,115
887,Frank,PALLONE,REPRESENTATIVE,D,NJ,6,P000034,115
1527,John,SHIMKUS,REPRESENTATIVE,R,IL,15,S000364,115
2264,John,KATKO,REPRESENTATIVE,R,NY,24,K000386,115
887,Frank,PALLONE,REPRESENTATIVE,D,NJ,6,P000034,115
1602,Grace,NAPOLITANO,REPRESENTATIVE,D,CA,32,N000179,115
1527,John,SHIMKUS,REPRESENTATIVE,R,IL,15,S000364,115
2049,Bob,GIBBS,REPRESENTATIVE,R,OH,7,G000563,115
887,Frank,PALLONE,REPRESENTATIVE,D,NJ,6,P000034,115
1527,John,SHIMKUS,REPRESENTATIVE,R,IL,15,S000364,115
2343,John,FASO,N/A,R,NY,N/A,F000464,115
887,Frank,PALLONE,REPRESENTATIVE,D,NJ,6,P000034,115
887,Frank,PALLONE,REPRESENTATIVE,D,NJ,6,P000034,115
1527,John,SHIMKUS,REPRESENTATIVE,R,IL,15,S000364,115
887,Frank,PALLONE,REPRESENTATIVE,D,NJ,6,P000034,115
1527,John,SHIMKUS,REPRESENTATIVE,R,IL,15,S000364,115
887,Frank,PALLONE,REPRESENTATIVE,D,NJ,6,P000034,115
1527,John,SHIMKUS,REPRESENTATIVE,R,IL,15,S000364,115
2247,Bruce,POLIQUIN,REPRESENTATIVE,R,ME,2,P000611,115
887,Frank,PALLONE,REPRESENTATIVE,D,NJ,6,P000034,115
1527,John,SHIMKUS,REPRESENTATIVE,R,IL,15,S000364,115
1527,John,SHIMKUS,REPRESENTATIVE,R,IL,15,S000364,115
887,Frank,PALLONE,REPRESENTATIVE,D,NJ,6,P000034,115
1527,John,SHIMKUS,REPRESENTATIVE,R,IL,15,S000364,115
1527,John,SHIMKUS,REPRESENTATIVE,R,IL,15,S000364,115
1942,Paul,TONKO,REPRESENTATIVE,D,NY,20,T000469,115
99999999999999,,HIGGINS,REPRESENTATIVE,Party information Unavailable,State Info Unavailable,26,9999999999999999,115
2343,John,FASO,N/A,R,NY,N/A,F000464,115
1069,Louise,SLAUGHTER,REPRESENTATIVE,D,NY,25,S000480,115
1774,Jim,COSTA,REPRESENTATIVE,D,CA,16,C001059,115
2111,Alan,LOWENTHAL,REPRESENTATIVE,D,CA,47,L000579,115
2008,Rob,WOODALL,REPRESENTATIVE,R,GA,7,W000810,115
2008,Rob,WOODALL,REPRESENTATIVE,R,GA,7,W000810,115
2008,Rob,WOODALL,REPRESENTATIVE,R,GA,7,W000810,115
2008,Rob,WOODALL,REPRESENTATIVE,R,GA,7,W000810,115
1069,Louise,SLAUGHTER,REPRESENTATIVE,D,NY,25,S000480,115
2008,Rob,WOODALL,REPRESENTATIVE,R,GA,7,W000810,115
2131,Andy,BARR,REPRESENTATIVE,R,KY,11,B001282,115
1069,Louise,SLAUGHTER,REPRESENTATIVE,D,NY,25,S000480,115
2008,Rob,WOODALL,REPRESENTATIVE,R,GA,7,W000810,115
2158,Keith,ROTHFUS,REPRESENTATIVE,R,PA,12,R000598,115
1069,Louise,SLAUGHTER,REPRESENTATIVE,D,NY,25,S000480,115
1069,Louise,SLAUGHTER,REPRESENTATIVE,D,NY,25,S000480,115
2231,Norma,TORRES,REPRESENTATIVE,D,CA,35,T000474,115
2008,Rob,WOODALL,REPRESENTATIVE,R,GA,7,W000810,115
1069,Louise,SLAUGHTER,REPRESENTATIVE,D,NY,25,S000480,115
2008,Rob,WOODALL,REPRESENTATIVE,R,GA,7,W000810,115
2008,Rob,WOODALL,REPRESENTATIVE,R,GA,7,W000810,115
1069,Louise,SLAUGHTER,REPRESENTATIVE,D,NY,25,S000480,115
1692,John,CORNYN,SENATOR,R,TX,N/A,C001056,115
174,Benjamin,CARDIN,SENATOR,D,MD,N/A,C000141,115
2015,Randy,HULTGREN,REPRESENTATIVE,R,IL,14,H001059,115
566,Steny,HOYER,REPRESENTATIVE,D,MD,5,H000874,115
566,Steny,HOYER,REPRESENTATIVE,D,MD,5,H000874,115
566,Steny,HOYER,REPRESENTATIVE,D,MD,5,H000874,115
2345,Brian,FITZPATRICK,REPRESENTATIVE,R,PA,8,F000466,115
2065,Bill,FLORES,REPRESENTATIVE,R,TX,17,F000461,115
566,Steny,HOYER,REPRESENTATIVE,D,MD,5,H000874,115
566,Steny,HOYER,REPRESENTATIVE,D,MD,5,H000874,115
2021,Kevin,YODER,REPRESENTATIVE,R,KS,3,Y000063,115
2084,Marco,RUBIO,SENATOR,R,FL,N/A,R000595,115
2309,Jimmy,PANETTA,N/A,D,CA,N/A,P000613,115
457,Chuck,GRASSLEY,SENATOR,R,IA,N/A,G000386,115
1811,Gwen,MOORE,SENATOR,D,WI,N/A,M001160,115
1855,Tim,WALBERG,REPRESENTATIVE,R,MI,7,W000798,115
2223,J.,HILL,REPRESENTATIVE,R,AR,2,H001072,115
2223,J.,HILL,REPRESENTATIVE,R,AR,2,H001072,115
2223,J.,HILL,REPRESENTATIVE,R,AR,2,H001072,115
2201,Alma,ADAMS,REPRESENTATIVE,D,NC,12,A000370,115
1542,Michael,ENZI,SENATOR,R,WY,N/A,E000285,115
2328,Roger,MARSHALL,N/A,R,KS,N/A,M001198,115
1069,Louise,SLAUGHTER,REPRESENTATIVE,D,NY,25,S000480,115
511,Alcee,HASTINGS,REPRESENTATIVE,D,FL,20,H000324,115
2351,Scott,TAYLOR,N/A,R,VA,N/A,T000477,115
1774,Jim,COSTA,REPRESENTATIVE,D,CA,16,C001059,115
1247,Ron,WYDEN,SENATOR,D,OR,N/A,W000779,115
1542,Michael,ENZI,SENATOR,R,WY,N/A,E000285,115
924,Rob,PORTMAN,SENATOR,R,OH,N/A,P000449,115
1878,Steve,COHEN,REPRESENTATIVE,D,TN,9,C001068,115
2334,Paul,MITCHELL,N/A,R,MI,N/A,M001201,115
99999999999999,First Name unavailable,TILIS,Type Unavailable,Party Info Unavailable,state info unavailable,District Unavailable,BioGuideID unavailable,CongressID unavailable
2315,Neal,DUNN,N/A,R,FL,N/A,D000628,115
1501,Barbara,LEE,REPRESENTATIVE,D,CA,13,L000551,115
