speaker_id,first_name,last_name,type,party,state,district,bio_guide_id,congress_id
2297,James,COMER,N/A,R,KY,N/A,C001108,115
2166,Marc,VEASEY,REPRESENTATIVE,D,TX,33,V000131,115
2028,Bill,HUIZENGA,REPRESENTATIVE,R,MI,2,H001058,115
1036,Charles,SCHUMER,SENATOR,D,NY,N/A,S000148,115
1692,John,CORNYN,SENATOR,R,TX,N/A,C001056,115
1036,Charles,SCHUMER,SENATOR,D,NY,N/A,S000148,115
1036,Charles,SCHUMER,SENATOR,D,NY,N/A,S000148,115
1036,Charles,SCHUMER,SENATOR,D,NY,N/A,S000148,115
326,Richard,DURBIN,SENATOR,D,IL,N/A,D000563,115
1036,Charles,SCHUMER,SENATOR,D,NY,N/A,S000148,115
1036,Charles,SCHUMER,SENATOR,D,NY,N/A,S000148,115
1409,Patty,MURRAY,SENATOR,D,WA,N/A,M001111,115
1409,Patty,MURRAY,SENATOR,D,WA,N/A,M001111,115
1692,John,CORNYN,SENATOR,R,TX,N/A,C001056,115
1036,Charles,SCHUMER,SENATOR,D,NY,N/A,S000148,115
1036,Charles,SCHUMER,SENATOR,D,NY,N/A,S000148,115
1692,John,CORNYN,SENATOR,R,TX,N/A,C001056,115
1036,Charles,SCHUMER,SENATOR,D,NY,N/A,S000148,115
1036,Charles,SCHUMER,SENATOR,D,NY,N/A,S000148,115
1692,John,CORNYN,SENATOR,R,TX,N/A,C001056,115
1692,John,CORNYN,SENATOR,R,TX,N/A,C001056,115
1409,Patty,MURRAY,SENATOR,D,WA,N/A,M001111,115
1692,John,CORNYN,SENATOR,R,TX,N/A,C001056,115
1692,John,CORNYN,SENATOR,R,TX,N/A,C001056,115
1409,Patty,MURRAY,SENATOR,D,WA,N/A,M001111,115
1036,Charles,SCHUMER,SENATOR,D,NY,N/A,S000148,115
1692,John,CORNYN,SENATOR,R,TX,N/A,C001056,115
1036,Charles,SCHUMER,SENATOR,D,NY,N/A,S000148,115
1036,Charles,SCHUMER,SENATOR,D,NY,N/A,S000148,115
1692,John,CORNYN,SENATOR,R,TX,N/A,C001056,115
1692,John,CORNYN,SENATOR,R,TX,N/A,C001056,115
1036,Charles,SCHUMER,SENATOR,D,NY,N/A,S000148,115
1692,John,CORNYN,SENATOR,R,TX,N/A,C001056,115
1692,John,CORNYN,SENATOR,R,TX,N/A,C001056,115
1247,Ron,WYDEN,SENATOR,D,OR,N/A,W000779,115
1247,Ron,WYDEN,SENATOR,D,OR,N/A,W000779,115
1247,Ron,WYDEN,SENATOR,D,OR,N/A,W000779,115
1692,John,CORNYN,SENATOR,R,TX,N/A,C001056,115
1531,Debbie,STABENOW,SENATOR,D,MI,N/A,S000770,115
1692,John,CORNYN,SENATOR,R,TX,N/A,C001056,115
1531,Debbie,STABENOW,SENATOR,D,MI,N/A,S000770,115
1692,John,CORNYN,SENATOR,R,TX,N/A,C001056,115
1531,Debbie,STABENOW,SENATOR,D,MI,N/A,S000770,115
1036,Charles,SCHUMER,SENATOR,D,NY,N/A,S000148,115
735,Edward,MARKEY,SENATOR,D,MA,N/A,M000133,115
735,Edward,MARKEY,SENATOR,D,MA,N/A,M000133,115
174,Benjamin,CARDIN,SENATOR,D,MD,N/A,C000141,115
172,Maria,CANTWELL,SENATOR,D,WA,N/A,C000127,115
457,Chuck,GRASSLEY,SENATOR,R,IA,N/A,G000386,115
457,Chuck,GRASSLEY,SENATOR,R,IA,N/A,G000386,115
457,Chuck,GRASSLEY,SENATOR,R,IA,N/A,G000386,115
2182,Elizabeth,WARREN,SENATOR,D,MA,N/A,W000817,115
1828,Robert,CASEY,SENATOR,D,PA,N/A,C001070,115
1828,Robert,CASEY,SENATOR,D,PA,N/A,C001070,115
1901,Jeanne,SHAHEEN,SENATOR,D,NH,N/A,S001181,115
1881,John,BARRASSO,SENATOR,R,WY,N/A,B001261,115
1881,John,BARRASSO,SENATOR,R,WY,N/A,B001261,115
1881,John,BARRASSO,SENATOR,R,WY,N/A,B001261,115
1881,John,BARRASSO,SENATOR,R,WY,N/A,B001261,115
1881,John,BARRASSO,SENATOR,R,WY,N/A,B001261,115
2325,Raja,KRISHNAMOORTHI,N/A,D,IL,N/A,K000391,115
1791,Virginia,FOXX,REPRESENTATIVE,R,NC,5,F000450,115
2325,Raja,KRISHNAMOORTHI,N/A,D,IL,N/A,K000391,115
2325,Raja,KRISHNAMOORTHI,N/A,D,IL,N/A,K000391,115
2197,Bradley,BYRNE,REPRESENTATIVE,R,AL,1,B001289,115
2325,Raja,KRISHNAMOORTHI,N/A,D,IL,N/A,K000391,115
1668,James,LANGEVIN,REPRESENTATIVE,D,RI,2,L000559,115
2325,Raja,KRISHNAMOORTHI,N/A,D,IL,N/A,K000391,115
1668,James,LANGEVIN,REPRESENTATIVE,D,RI,2,L000559,115
1855,Tim,WALBERG,REPRESENTATIVE,R,MI,7,W000798,115
2325,Raja,KRISHNAMOORTHI,N/A,D,IL,N/A,K000391,115
2325,Raja,KRISHNAMOORTHI,N/A,D,IL,N/A,K000391,115
2325,Raja,KRISHNAMOORTHI,N/A,D,IL,N/A,K000391,115
867,Richard,NOLAN,REPRESENTATIVE,D,MN,8,N000127,115
2356,Liz,CHENEY,N/A,R,WY,N/A,C001109,115
2356,Liz,CHENEY,N/A,R,WY,N/A,C001109,115
1791,Virginia,FOXX,REPRESENTATIVE,R,NC,5,F000450,115
2356,Liz,CHENEY,N/A,R,WY,N/A,C001109,115
2325,Raja,KRISHNAMOORTHI,N/A,D,IL,N/A,K000391,115
1836,Joe,COURTNEY,REPRESENTATIVE,D,CT,2,C001069,115
2346,Lloyd,SMUCKER,N/A,R,PA,N/A,S001199,115
2325,Raja,KRISHNAMOORTHI,N/A,D,IL,N/A,K000391,115
1910,Jared,POLIS,REPRESENTATIVE,D,CO,2,P000598,115
2324,A.,FERGUSON,N/A,R,GA,N/A,F000465,115
2325,Raja,KRISHNAMOORTHI,N/A,D,IL,N/A,K000391,115
2239,Rick,ALLEN,REPRESENTATIVE,R,GA,12,A000372,115
2239,Rick,ALLEN,REPRESENTATIVE,R,GA,12,A000372,115
2325,Raja,KRISHNAMOORTHI,N/A,D,IL,N/A,K000391,115
2092,Suzanne,BONAMICI,REPRESENTATIVE,D,OR,1,B001278,115
2325,Raja,KRISHNAMOORTHI,N/A,D,IL,N/A,K000391,115
2325,Raja,KRISHNAMOORTHI,N/A,D,IL,N/A,K000391,115
2201,Alma,ADAMS,REPRESENTATIVE,D,NC,12,A000370,115
2276,Glenn,GROTHMAN,REPRESENTATIVE,R,WI,6,G000576,115
2325,Raja,KRISHNAMOORTHI,N/A,D,IL,N/A,K000391,115
2203,Dave,BRAT,REPRESENTATIVE,R,VA,7,B001290,115
2325,Raja,KRISHNAMOORTHI,N/A,D,IL,N/A,K000391,115
2202,Donald,NORCROSS,REPRESENTATIVE,D,NJ,1,N000188,115
2325,Raja,KRISHNAMOORTHI,N/A,D,IL,N/A,K000391,115
2296,Warren,DAVIDSON,N/A,R,OH,N/A,D000626,115
2325,Raja,KRISHNAMOORTHI,N/A,D,IL,N/A,K000391,115
1781,Daniel,LIPINSKI,REPRESENTATIVE,D,IL,3,L000563,115
2325,Raja,KRISHNAMOORTHI,N/A,D,IL,N/A,K000391,115
1781,Daniel,LIPINSKI,REPRESENTATIVE,D,IL,3,L000563,115
2325,Raja,KRISHNAMOORTHI,N/A,D,IL,N/A,K000391,115
2334,Paul,MITCHELL,N/A,R,MI,N/A,M001201,115
616,Marcy,KAPTUR,REPRESENTATIVE,D,OH,8,K000009,115
2008,Rob,WOODALL,REPRESENTATIVE,R,GA,7,W000810,115
2182,Elizabeth,WARREN,SENATOR,D,MA,N/A,W000817,115
1247,Ron,WYDEN,SENATOR,D,OR,N/A,W000779,115
2332,Jamie,RASKIN,N/A,D,MD,N/A,R000606,115
2124,Bradley,SCHNEIDER,N/A,D,IL,N/A,S001190,115
1742,Tom,COLE,REPRESENTATIVE,R,OK,12,C001053,115
1742,Tom,COLE,REPRESENTATIVE,R,OK,12,C001053,115
1742,Tom,COLE,REPRESENTATIVE,R,OK,12,C001053,115
1742,Tom,COLE,REPRESENTATIVE,R,OK,12,C001053,115
511,Alcee,HASTINGS,REPRESENTATIVE,D,FL,20,H000324,115
1742,Tom,COLE,REPRESENTATIVE,R,OK,12,C001053,115
511,Alcee,HASTINGS,REPRESENTATIVE,D,FL,20,H000324,115
1742,Tom,COLE,REPRESENTATIVE,R,OK,12,C001053,115
511,Alcee,HASTINGS,REPRESENTATIVE,D,FL,20,H000324,115
511,Alcee,HASTINGS,REPRESENTATIVE,D,FL,20,H000324,115
1742,Tom,COLE,REPRESENTATIVE,R,OK,12,C001053,115
511,Alcee,HASTINGS,REPRESENTATIVE,D,FL,20,H000324,115
1742,Tom,COLE,REPRESENTATIVE,R,OK,12,C001053,115
1742,Tom,COLE,REPRESENTATIVE,R,OK,12,C001053,115
511,Alcee,HASTINGS,REPRESENTATIVE,D,FL,20,H000324,115
511,Alcee,HASTINGS,REPRESENTATIVE,D,FL,20,H000324,115
2109,Raul,RUIZ,REPRESENTATIVE,D,CA,36,R000599,115
2157,Scott,PERRY,REPRESENTATIVE,R,PA,4,P000605,115
2152,Brad,WENSTRUP,REPRESENTATIVE,R,OH,2,W000815,115
1602,Grace,NAPOLITANO,REPRESENTATIVE,D,CA,32,N000179,115
2138,Steve,DAINES,SENATOR,R,MT,N/A,D000618,115
2131,Andy,BARR,REPRESENTATIVE,R,KY,11,B001282,115
2131,Andy,BARR,REPRESENTATIVE,R,KY,11,B001282,115
2131,Andy,BARR,REPRESENTATIVE,R,KY,11,B001282,115
1853,John,YARMUTH,REPRESENTATIVE,D,KY,3,Y000062,115
2131,Andy,BARR,REPRESENTATIVE,R,KY,11,B001282,115
1922,Brett,GUTHRIE,REPRESENTATIVE,R,KY,2,G000558,115
2131,Andy,BARR,REPRESENTATIVE,R,KY,11,B001282,115
2297,James,COMER,N/A,R,KY,N/A,C001108,115
2131,Andy,BARR,REPRESENTATIVE,R,KY,11,B001282,115
2332,Jamie,RASKIN,N/A,D,MD,N/A,R000606,115
2332,Jamie,RASKIN,N/A,D,MD,N/A,R000606,115
2354,Pramila,JAYAPAL,N/A,D,WA,N/A,J000298,115
2308,Ro,KHANNA,N/A,D,CA,N/A,K000389,115
2332,Jamie,RASKIN,N/A,D,MD,N/A,R000606,115
1588,Janice,SCHAKOWSKY,REPRESENTATIVE,D,IL,9,S001145,115
2332,Jamie,RASKIN,N/A,D,MD,N/A,R000606,115
1383,Patrick,LEAHY,SENATOR,D,VT,N/A,L000174,115
2185,Angus,KING,REPRESENTATIVE,I,ME,4,K000383,115
2338,Josh,GOTTHEIMER,N/A,D,NJ,N/A,G000583,115
2250,David,TROTT,REPRESENTATIVE,R,MI,11,T000475,115
2138,Steve,DAINES,SENATOR,R,MT,N/A,D000618,115
250,Mike,CRAPO,SENATOR,R,ID,N/A,C000880,115
1668,James,LANGEVIN,REPRESENTATIVE,D,RI,2,L000559,115
2097,Donald,PAYNE,REPRESENTATIVE,D,NJ,10,P000604,115
1930,Erik,PAULSEN,REPRESENTATIVE,R,MN,3,P000594,115
1834,Doug,LAMBORN,REPRESENTATIVE,R,CO,5,L000564,115
1834,Doug,LAMBORN,REPRESENTATIVE,R,CO,5,L000564,115
2101,Jared,HUFFMAN,REPRESENTATIVE,D,CA,2,H001068,115
1834,Doug,LAMBORN,REPRESENTATIVE,R,CO,5,L000564,115
2101,Jared,HUFFMAN,REPRESENTATIVE,D,CA,2,H001068,115
1834,Doug,LAMBORN,REPRESENTATIVE,R,CO,5,L000564,115
1834,Doug,LAMBORN,REPRESENTATIVE,R,CO,5,L000564,115
2101,Jared,HUFFMAN,REPRESENTATIVE,D,CA,2,H001068,115
1834,Doug,LAMBORN,REPRESENTATIVE,R,CO,5,L000564,115
1997,Scott,TIPTON,REPRESENTATIVE,R,CO,3,T000470,115
2101,Jared,HUFFMAN,REPRESENTATIVE,D,CA,2,H001068,115
1774,Jim,COSTA,REPRESENTATIVE,D,CA,16,C001059,115
1834,Doug,LAMBORN,REPRESENTATIVE,R,CO,5,L000564,115
979,Dana,ROHRABACHER,REPRESENTATIVE,R,CA,48,R000409,115
1834,Doug,LAMBORN,REPRESENTATIVE,R,CO,5,L000564,115
979,Dana,ROHRABACHER,REPRESENTATIVE,R,CA,48,R000409,115
2101,Jared,HUFFMAN,REPRESENTATIVE,D,CA,2,H001068,115
1834,Doug,LAMBORN,REPRESENTATIVE,R,CO,5,L000564,115
1992,Paul,GOSAR,REPRESENTATIVE,R,AZ,4,G000565,115
2101,Jared,HUFFMAN,REPRESENTATIVE,D,CA,2,H001068,115
1834,Doug,LAMBORN,REPRESENTATIVE,R,CO,5,L000564,115
1834,Doug,LAMBORN,REPRESENTATIVE,R,CO,5,L000564,115
1834,Doug,LAMBORN,REPRESENTATIVE,R,CO,5,L000564,115
2101,Jared,HUFFMAN,REPRESENTATIVE,D,CA,2,H001068,115
2101,Jared,HUFFMAN,REPRESENTATIVE,D,CA,2,H001068,115
1774,Jim,COSTA,REPRESENTATIVE,D,CA,16,C001059,115
2101,Jared,HUFFMAN,REPRESENTATIVE,D,CA,2,H001068,115
2101,Jared,HUFFMAN,REPRESENTATIVE,D,CA,2,H001068,115
2111,Alan,LOWENTHAL,REPRESENTATIVE,D,CA,47,L000579,115
2111,Alan,LOWENTHAL,REPRESENTATIVE,D,CA,47,L000579,115
2111,Alan,LOWENTHAL,REPRESENTATIVE,D,CA,47,L000579,115
2111,Alan,LOWENTHAL,REPRESENTATIVE,D,CA,47,L000579,115
2101,Jared,HUFFMAN,REPRESENTATIVE,D,CA,2,H001068,115
2111,Alan,LOWENTHAL,REPRESENTATIVE,D,CA,47,L000579,115
2111,Alan,LOWENTHAL,REPRESENTATIVE,D,CA,47,L000579,115
2111,Alan,LOWENTHAL,REPRESENTATIVE,D,CA,47,L000579,115
62,Joe,BARTON,REPRESENTATIVE,R,TX,6,B000213,115
2101,Jared,HUFFMAN,REPRESENTATIVE,D,CA,2,H001068,115
1664,Patrick,TIBERI,REPRESENTATIVE,R,OH,12,T000462,115
1602,Grace,NAPOLITANO,REPRESENTATIVE,D,CA,32,N000179,115
1487,Kay,GRANGER,REPRESENTATIVE,R,TX,12,G000377,115
1838,Gus,BILIRAKIS,REPRESENTATIVE,R,FL,12,B001257,115
99999999999999,First Name unavailable,DENT,Type Unavailable,Party Info Unavailable,state info unavailable,District Unavailable,BioGuideID unavailable,CongressID unavailable
2141,Robert,PITTENGER,REPRESENTATIVE,R,NC,9,P000606,115
1929,Gary,PETERS,REPRESENTATIVE,D,MI,52,P000595,115
2032,Vicky,HARTZLER,REPRESENTATIVE,R,MO,4,H001053,115
2264,John,KATKO,REPRESENTATIVE,R,NY,24,K000386,115
1692,John,CORNYN,SENATOR,R,TX,N/A,C001056,115
1936,Leonard,LANCE,REPRESENTATIVE,R,NJ,7,L000567,115
2134,Daniel,KILDEE,REPRESENTATIVE,D,MI,5,K000380,115
2354,Pramila,JAYAPAL,N/A,D,WA,N/A,J000298,115
2229,Pete,AGUILAR,REPRESENTATIVE,D,CA,31,A000371,115
1247,Ron,WYDEN,SENATOR,D,OR,N/A,W000779,115
1351,Orrin,HATCH,SENATOR,R,UT,N/A,H000338,115
2102,Ami,BERA,REPRESENTATIVE,D,CA,7,B001287,115
1927,Chellie,PINGREE,REPRESENTATIVE,D,ME,1,P000597,115
1986,Martha,ROBY,REPRESENTATIVE,R,AL,2,R000591,115
2170,Denny,HECK,REPRESENTATIVE,D,WA,3,H001064,115
583,James,INHOFE,SENATOR,R,OK,N/A,I000024,115
583,James,INHOFE,SENATOR,R,OK,N/A,I000024,115
583,James,INHOFE,SENATOR,R,OK,N/A,I000024,115
99999999999999,First Name unavailable,BLUMENTAL,Type Unavailable,Party Info Unavailable,state info unavailable,District Unavailable,BioGuideID unavailable,CongressID unavailable
1826,Amy,KLOBUCHAR,SENATOR,D,MN,N/A,K000367,115
1692,John,CORNYN,SENATOR,R,TX,N/A,C001056,115
2176,Tim,KAINE,SENATOR,D,VA,N/A,K000384,115
2176,Tim,KAINE,SENATOR,D,VA,N/A,K000384,115
2173,Brian,SCHATZ,SENATOR,D,HI,N/A,S001194,115
2173,Brian,SCHATZ,SENATOR,D,HI,N/A,S001194,115
1464,Roy,BLUNT,SENATOR,R,MO,N/A,B000575,115
1567,Tom,UDALL,SENATOR,D,NM,N/A,U000039,115
1567,Tom,UDALL,SENATOR,D,NM,N/A,U000039,115
2173,Brian,SCHATZ,SENATOR,D,HI,N/A,S001194,114
2275,Dan,NEWHOUSE,REPRESENTATIVE,R,WA,4,N000189,115
