speaker_id,first_name,last_name,type,party,state,district,bio_guide_id,congress_id
326,Richard,DURBIN,SENATOR,D,IL,N/A,D000563,115
1692,John,CORNYN,SENATOR,R,TX,N/A,C001056,115
326,Richard,DURBIN,SENATOR,D,IL,N/A,D000563,115
1825,Bob,CORKER,SENATOR,R,TN,N/A,C001071,115
1900,Jeff,MERKLEY,SENATOR,D,OR,N/A,M001176,115
1507,Jerry,MORAN,SENATOR,R,KS,N/A,M000934,115
229,John,CONYERS,REPRESENTATIVE,D,MI,13,C000714,115
868,Eleanor,NORTON,DELEGATE,D,DC,N/A,N000147,115
868,Eleanor,NORTON,DELEGATE,D,DC,N/A,N000147,115
2048,James,RENACCI,REPRESENTATIVE,R,OH,16,R000586,115
1525,Pete,SESSIONS,SENATOR,R,TX,N/A,S000250,115
1525,Pete,SESSIONS,SENATOR,R,TX,N/A,S000250,115
1525,Pete,SESSIONS,SENATOR,R,TX,N/A,S000250,115
1525,Pete,SESSIONS,SENATOR,R,TX,N/A,S000250,115
1525,Pete,SESSIONS,SENATOR,R,TX,N/A,S000250,115
566,Steny,HOYER,REPRESENTATIVE,D,MD,5,H000874,115
1525,Pete,SESSIONS,SENATOR,R,TX,N/A,S000250,115
566,Steny,HOYER,REPRESENTATIVE,D,MD,5,H000874,115
1525,Pete,SESSIONS,SENATOR,R,TX,N/A,S000250,115
566,Steny,HOYER,REPRESENTATIVE,D,MD,5,H000874,115
1525,Pete,SESSIONS,SENATOR,R,TX,N/A,S000250,115
566,Steny,HOYER,REPRESENTATIVE,D,MD,5,H000874,115
1525,Pete,SESSIONS,SENATOR,R,TX,N/A,S000250,115
566,Steny,HOYER,REPRESENTATIVE,D,MD,5,H000874,115
1525,Pete,SESSIONS,SENATOR,R,TX,N/A,S000250,115
566,Steny,HOYER,REPRESENTATIVE,D,MD,5,H000874,115
566,Steny,HOYER,REPRESENTATIVE,D,MD,5,H000874,115
1525,Pete,SESSIONS,SENATOR,R,TX,N/A,S000250,115
566,Steny,HOYER,REPRESENTATIVE,D,MD,5,H000874,115
1525,Pete,SESSIONS,SENATOR,R,TX,N/A,S000250,115
566,Steny,HOYER,REPRESENTATIVE,D,MD,5,H000874,115
566,Steny,HOYER,REPRESENTATIVE,D,MD,5,H000874,115
1525,Pete,SESSIONS,SENATOR,R,TX,N/A,S000250,115
566,Steny,HOYER,REPRESENTATIVE,D,MD,5,H000874,115
1525,Pete,SESSIONS,SENATOR,R,TX,N/A,S000250,115
1069,Louise,SLAUGHTER,REPRESENTATIVE,D,NY,25,S000480,115
1525,Pete,SESSIONS,SENATOR,R,TX,N/A,S000250,115
1525,Pete,SESSIONS,SENATOR,R,TX,N/A,S000250,115
1069,Louise,SLAUGHTER,REPRESENTATIVE,D,NY,25,S000480,115
566,Steny,HOYER,REPRESENTATIVE,D,MD,5,H000874,115
1525,Pete,SESSIONS,SENATOR,R,TX,N/A,S000250,115
1069,Louise,SLAUGHTER,REPRESENTATIVE,D,NY,25,S000480,115
208,James,CLYBURN,REPRESENTATIVE,D,SC,6,C000537,115
1525,Pete,SESSIONS,SENATOR,R,TX,N/A,S000250,115
1069,Louise,SLAUGHTER,REPRESENTATIVE,D,NY,25,S000480,115
1604,Joseph,CROWLEY,REPRESENTATIVE,D,NY,14,C001038,115
1525,Pete,SESSIONS,SENATOR,R,TX,N/A,S000250,115
1069,Louise,SLAUGHTER,REPRESENTATIVE,D,NY,25,S000480,115
1757,Linda,SANCHEZ,REPRESENTATIVE,D,CA,38,S001156,115
1525,Pete,SESSIONS,SENATOR,R,TX,N/A,S000250,115
1069,Louise,SLAUGHTER,REPRESENTATIVE,D,NY,25,S000480,115
1525,Pete,SESSIONS,SENATOR,R,TX,N/A,S000250,115
1069,Louise,SLAUGHTER,REPRESENTATIVE,D,NY,25,S000480,115
1525,Pete,SESSIONS,SENATOR,R,TX,N/A,S000250,115
1069,Louise,SLAUGHTER,REPRESENTATIVE,D,NY,25,S000480,115
854,Richard,NEAL,REPRESENTATIVE,D,MA,1,N000015,115
1069,Louise,SLAUGHTER,REPRESENTATIVE,D,NY,25,S000480,115
854,Richard,NEAL,REPRESENTATIVE,D,MA,1,N000015,115
1525,Pete,SESSIONS,SENATOR,R,TX,N/A,S000250,115
1069,Louise,SLAUGHTER,REPRESENTATIVE,D,NY,25,S000480,115
1069,Louise,SLAUGHTER,REPRESENTATIVE,D,NY,25,S000480,115
887,Frank,PALLONE,REPRESENTATIVE,D,NJ,6,P000034,115
1525,Pete,SESSIONS,SENATOR,R,TX,N/A,S000250,115
2197,Bradley,BYRNE,REPRESENTATIVE,R,AL,1,B001289,115
1069,Louise,SLAUGHTER,REPRESENTATIVE,D,NY,25,S000480,115
1525,Pete,SESSIONS,SENATOR,R,TX,N/A,S000250,115
1069,Louise,SLAUGHTER,REPRESENTATIVE,D,NY,25,S000480,115
1525,Pete,SESSIONS,SENATOR,R,TX,N/A,S000250,115
2275,Dan,NEWHOUSE,REPRESENTATIVE,R,WA,4,N000189,115
1069,Louise,SLAUGHTER,REPRESENTATIVE,D,NY,25,S000480,115
2149,Hakeem,JEFFRIES,REPRESENTATIVE,D,NY,8,J000294,115
1525,Pete,SESSIONS,SENATOR,R,TX,N/A,S000250,115
1069,Louise,SLAUGHTER,REPRESENTATIVE,D,NY,25,S000480,115
1525,Pete,SESSIONS,SENATOR,R,TX,N/A,S000250,115
1069,Louise,SLAUGHTER,REPRESENTATIVE,D,NY,25,S000480,115
1525,Pete,SESSIONS,SENATOR,R,TX,N/A,S000250,115
1069,Louise,SLAUGHTER,REPRESENTATIVE,D,NY,25,S000480,115
1069,Louise,SLAUGHTER,REPRESENTATIVE,D,NY,25,S000480,115
1525,Pete,SESSIONS,SENATOR,R,TX,N/A,S000250,115
1069,Louise,SLAUGHTER,REPRESENTATIVE,D,NY,25,S000480,115
1878,Steve,COHEN,REPRESENTATIVE,D,TN,9,C001068,115
1525,Pete,SESSIONS,SENATOR,R,TX,N/A,S000250,115
1069,Louise,SLAUGHTER,REPRESENTATIVE,D,NY,25,S000480,115
905,Nancy,PELOSI,REPRESENTATIVE,D,CA,12,P000197,115
1525,Pete,SESSIONS,SENATOR,R,TX,N/A,S000250,115
1069,Louise,SLAUGHTER,REPRESENTATIVE,D,NY,25,S000480,115
1959,Gerald,CONNOLLY,REPRESENTATIVE,D,VA,11,C001078,115
1069,Louise,SLAUGHTER,REPRESENTATIVE,D,NY,25,S000480,115
1069,Louise,SLAUGHTER,REPRESENTATIVE,D,NY,25,S000480,115
1525,Pete,SESSIONS,SENATOR,R,TX,N/A,S000250,115
1525,Pete,SESSIONS,SENATOR,R,TX,N/A,S000250,115
1525,Pete,SESSIONS,SENATOR,R,TX,N/A,S000250,115
1878,Steve,COHEN,REPRESENTATIVE,D,TN,9,C001068,115
1525,Pete,SESSIONS,SENATOR,R,TX,N/A,S000250,115
1525,Pete,SESSIONS,SENATOR,R,TX,N/A,S000250,115
1069,Louise,SLAUGHTER,REPRESENTATIVE,D,NY,25,S000480,115
1069,Louise,SLAUGHTER,REPRESENTATIVE,D,NY,25,S000480,115
1929,Gary,PETERS,REPRESENTATIVE,D,MI,52,P000595,115
1604,Joseph,CROWLEY,REPRESENTATIVE,D,NY,14,C001038,115
1604,Joseph,CROWLEY,REPRESENTATIVE,D,NY,14,C001038,115
1604,Joseph,CROWLEY,REPRESENTATIVE,D,NY,14,C001038,115
1604,Joseph,CROWLEY,REPRESENTATIVE,D,NY,14,C001038,115
