speaker_id,first_name,last_name,type,party,state,district,bio_guide_id,congress_id
2109,Raul,RUIZ,REPRESENTATIVE,D,CA,36,R000599,115
1976,Theodore,DEUTCH,REPRESENTATIVE,D,FL,21,D000610,115
1976,Theodore,DEUTCH,REPRESENTATIVE,D,FL,21,D000610,115
1976,Theodore,DEUTCH,REPRESENTATIVE,D,FL,21,D000610,115
344,Eliot,ENGEL,REPRESENTATIVE,D,NY,16,E000179,115
2124,Bradley,SCHNEIDER,N/A,D,IL,N/A,S001190,115
2110,Mark,TAKANO,REPRESENTATIVE,D,CA,41,T000472,115
2324,A.,FERGUSON,N/A,R,GA,N/A,F000465,115
344,Eliot,ENGEL,REPRESENTATIVE,D,NY,16,E000179,115
2355,Mike,GALLAGHER,N/A,R,WI,N/A,G000579,115
344,Eliot,ENGEL,REPRESENTATIVE,D,NY,16,E000179,115
2341,Thomas,SUOZZI,N/A,D,NY,N/A,S001201,115
979,Dana,ROHRABACHER,REPRESENTATIVE,R,CA,48,R000409,115
344,Eliot,ENGEL,REPRESENTATIVE,D,NY,16,E000179,115
344,Eliot,ENGEL,REPRESENTATIVE,D,NY,16,E000179,115
2353,Thomas,GARRETT,REPRESENTATIVE,R,VA,5,G000580,115
2353,Thomas,GARRETT,REPRESENTATIVE,R,VA,5,G000580,115
344,Eliot,ENGEL,REPRESENTATIVE,D,NY,16,E000179,115
2137,Ann,WAGNER,REPRESENTATIVE,R,MO,2,W000812,115
326,Richard,DURBIN,SENATOR,D,IL,N/A,D000563,115
1247,Ron,WYDEN,SENATOR,D,OR,N/A,W000779,115
2159,Matt,CARTWRIGHT,REPRESENTATIVE,D,PA,17,C001090,115
2159,Matt,CARTWRIGHT,REPRESENTATIVE,D,PA,17,C001090,115
2159,Matt,CARTWRIGHT,REPRESENTATIVE,D,PA,17,C001090,115
2159,Matt,CARTWRIGHT,REPRESENTATIVE,D,PA,17,C001090,115
2115,Ted,YOHO,REPRESENTATIVE,R,FL,3,Y000065,115
1686,Stephen,LYNCH,REPRESENTATIVE,D,MA,8,L000562,115
229,John,CONYERS,REPRESENTATIVE,D,MI,13,C000714,115
1933,Gregg,HARPER,REPRESENTATIVE,R,MS,3,H001045,115
1749,Jeb,HENSARLING,REPRESENTATIVE,R,TX,5,H001036,115
344,Eliot,ENGEL,REPRESENTATIVE,D,NY,16,E000179,115
344,Eliot,ENGEL,REPRESENTATIVE,D,NY,16,E000179,115
1976,Theodore,DEUTCH,REPRESENTATIVE,D,FL,21,D000610,115
1976,Theodore,DEUTCH,REPRESENTATIVE,D,FL,21,D000610,115
2124,Bradley,SCHNEIDER,N/A,D,IL,N/A,S001190,115
2243,Mike,BOST,REPRESENTATIVE,R,IL,12,B001295,115
1761,G.,BUTTERFIELD,REPRESENTATIVE,D,NC,1,B001251,115
1927,Chellie,PINGREE,REPRESENTATIVE,D,ME,1,P000597,115
2008,Rob,WOODALL,REPRESENTATIVE,R,GA,7,W000810,115
2008,Rob,WOODALL,REPRESENTATIVE,R,GA,7,W000810,115
2008,Rob,WOODALL,REPRESENTATIVE,R,GA,7,W000810,115
2008,Rob,WOODALL,REPRESENTATIVE,R,GA,7,W000810,115
2008,Rob,WOODALL,REPRESENTATIVE,R,GA,7,W000810,115
1510,Bill,PASCRELL,REPRESENTATIVE,D,NJ,9,P000096,115
1510,Bill,PASCRELL,REPRESENTATIVE,D,NJ,9,P000096,115
1510,Bill,PASCRELL,REPRESENTATIVE,D,NJ,9,P000096,115
2008,Rob,WOODALL,REPRESENTATIVE,R,GA,7,W000810,115
2008,Rob,WOODALL,REPRESENTATIVE,R,GA,7,W000810,115
1510,Bill,PASCRELL,REPRESENTATIVE,D,NJ,9,P000096,115
2008,Rob,WOODALL,REPRESENTATIVE,R,GA,7,W000810,115
1510,Bill,PASCRELL,REPRESENTATIVE,D,NJ,9,P000096,115
1510,Bill,PASCRELL,REPRESENTATIVE,D,NJ,9,P000096,115
2008,Rob,WOODALL,REPRESENTATIVE,R,GA,7,W000810,115
2008,Rob,WOODALL,REPRESENTATIVE,R,GA,7,W000810,115
303,Lloyd,DOGGETT,REPRESENTATIVE,D,TX,35,D000399,115
303,Lloyd,DOGGETT,REPRESENTATIVE,D,TX,35,D000399,115
2008,Rob,WOODALL,REPRESENTATIVE,R,GA,7,W000810,115
1498,Ron,KIND,REPRESENTATIVE,D,WI,3,K000188,115
2008,Rob,WOODALL,REPRESENTATIVE,R,GA,7,W000810,115
303,Lloyd,DOGGETT,REPRESENTATIVE,D,TX,35,D000399,115
2008,Rob,WOODALL,REPRESENTATIVE,R,GA,7,W000810,115
2008,Rob,WOODALL,REPRESENTATIVE,R,GA,7,W000810,115
2008,Rob,WOODALL,REPRESENTATIVE,R,GA,7,W000810,115
2055,David,CICILLINE,REPRESENTATIVE,D,RI,1,C001084,115
229,John,CONYERS,REPRESENTATIVE,D,MI,13,C000714,115
446,Bob,GOODLATTE,REPRESENTATIVE,R,VA,6,G000289,115
229,John,CONYERS,REPRESENTATIVE,D,MI,13,C000714,115
2361,Ralph,NORMAN,N/A,R,SC,N/A,N000190,115
2055,David,CICILLINE,REPRESENTATIVE,D,RI,1,C001084,115
850,Jerrold,NADLER,REPRESENTATIVE,D,NY,10,N000002,115
2168,Chris,STEWART,REPRESENTATIVE,R,UT,2,S001192,115
2055,David,CICILLINE,REPRESENTATIVE,D,RI,1,C001084,115
2055,David,CICILLINE,REPRESENTATIVE,D,RI,1,C001084,115
2055,David,CICILLINE,REPRESENTATIVE,D,RI,1,C001084,115
2055,David,CICILLINE,REPRESENTATIVE,D,RI,1,C001084,115
229,John,CONYERS,REPRESENTATIVE,D,MI,13,C000714,115
229,John,CONYERS,REPRESENTATIVE,D,MI,13,C000714,115
229,John,CONYERS,REPRESENTATIVE,D,MI,13,C000714,115
1791,Virginia,FOXX,REPRESENTATIVE,R,NC,5,F000450,115
1761,G.,BUTTERFIELD,REPRESENTATIVE,D,NC,1,B001251,115
1761,G.,BUTTERFIELD,REPRESENTATIVE,D,NC,1,B001251,115
2201,Alma,ADAMS,REPRESENTATIVE,D,NC,12,A000370,115
1761,G.,BUTTERFIELD,REPRESENTATIVE,D,NC,1,B001251,115
1761,G.,BUTTERFIELD,REPRESENTATIVE,D,NC,1,B001251,115
2201,Alma,ADAMS,REPRESENTATIVE,D,NC,12,A000370,115
1761,G.,BUTTERFIELD,REPRESENTATIVE,D,NC,1,B001251,115
1761,G.,BUTTERFIELD,REPRESENTATIVE,D,NC,1,B001251,115
1761,G.,BUTTERFIELD,REPRESENTATIVE,D,NC,1,B001251,115
1036,Charles,SCHUMER,SENATOR,D,NY,N/A,S000148,115
1036,Charles,SCHUMER,SENATOR,D,NY,N/A,S000148,115
326,Richard,DURBIN,SENATOR,D,IL,N/A,D000563,115
2303,John,KENNEDY,REPRESENTATIVE,R,LA,4,K000393,115
2303,John,KENNEDY,REPRESENTATIVE,R,LA,4,K000393,115
1900,Jeff,MERKLEY,SENATOR,D,OR,N/A,M001176,115
136,Sherrod,BROWN,REPRESENTATIVE,D,OH,26,B000944,115
735,Edward,MARKEY,SENATOR,D,MA,N/A,M000133,115
1692,John,CORNYN,SENATOR,R,TX,N/A,C001056,115
2141,Robert,PITTENGER,REPRESENTATIVE,R,NC,9,P000606,115
2115,Ted,YOHO,REPRESENTATIVE,R,FL,3,Y000065,115
2261,Lee,ZELDIN,REPRESENTATIVE,R,NY,1,Z000017,115
2261,Lee,ZELDIN,REPRESENTATIVE,R,NY,1,Z000017,115
2261,Lee,ZELDIN,REPRESENTATIVE,R,NY,1,Z000017,115
2261,Lee,ZELDIN,REPRESENTATIVE,R,NY,1,Z000017,115
2115,Ted,YOHO,REPRESENTATIVE,R,FL,3,Y000065,115
2261,Lee,ZELDIN,REPRESENTATIVE,R,NY,1,Z000017,115
2344,Claudia,TENNEY,N/A,R,NY,N/A,T000478,115
2261,Lee,ZELDIN,REPRESENTATIVE,R,NY,1,Z000017,115
2131,Andy,BARR,REPRESENTATIVE,R,KY,11,B001282,115
2261,Lee,ZELDIN,REPRESENTATIVE,R,NY,1,Z000017,115
2017,Todd,ROKITA,REPRESENTATIVE,R,IN,4,R000592,115
2261,Lee,ZELDIN,REPRESENTATIVE,R,NY,1,Z000017,115
478,Luis,GUTIERREZ,REPRESENTATIVE,D,IL,4,G000535,115
478,Luis,GUTIERREZ,REPRESENTATIVE,D,IL,4,G000535,115
478,Luis,GUTIERREZ,REPRESENTATIVE,D,IL,4,G000535,115
2346,Lloyd,SMUCKER,N/A,R,PA,N/A,S001199,115
2342,Adriano,ESPAILLAT,N/A,D,NY,N/A,E000297,115
2092,Suzanne,BONAMICI,REPRESENTATIVE,D,OR,1,B001278,115
2342,Adriano,ESPAILLAT,N/A,D,NY,N/A,E000297,115
99,Earl,BLUMENAUER,REPRESENTATIVE,D,OR,3,B000574,115
1332,Dianne,FEINSTEIN,SENATOR,D,CA,N/A,F000062,115
2303,John,KENNEDY,REPRESENTATIVE,R,LA,4,K000393,115
1049,Richard,SHELBY,SENATOR,R,AL,N/A,S000320,115
326,Richard,DURBIN,SENATOR,D,IL,N/A,D000563,115
2050,James,LANKFORD,SENATOR,R,OK,N/A,L000575,115
1409,Patty,MURRAY,SENATOR,D,WA,N/A,M001111,115
1409,Patty,MURRAY,SENATOR,D,WA,N/A,M001111,115
1695,Lamar,ALEXANDER,SENATOR,R,TN,N/A,A000360,115
1695,Lamar,ALEXANDER,SENATOR,R,TN,N/A,A000360,115
1901,Jeanne,SHAHEEN,SENATOR,D,NH,N/A,S001181,115
1695,Lamar,ALEXANDER,SENATOR,R,TN,N/A,A000360,115
1901,Jeanne,SHAHEEN,SENATOR,D,NH,N/A,S001181,115
1692,John,CORNYN,SENATOR,R,TX,N/A,C001056,115
1464,Roy,BLUNT,SENATOR,R,MO,N/A,B000575,115
2290,Dan,SULLIVAN,SENATOR,R,AK,N/A,S001198,115
2291,Thom,TILLIS,SENATOR,R,NC,N/A,T000476,115
2175,Ted,CRUZ,SENATOR,R,TX,N/A,C001098,115
1837,Christopher,MURPHY,SENATOR,D,CT,N/A,M001169,115
1567,Tom,UDALL,SENATOR,D,NM,N/A,U000039,115
1881,John,BARRASSO,SENATOR,R,WY,N/A,B001261,115
1881,John,BARRASSO,SENATOR,R,WY,N/A,B001261,115
1900,Jeff,MERKLEY,SENATOR,D,OR,N/A,M001176,115
1900,Jeff,MERKLEY,SENATOR,D,OR,N/A,M001176,115
1850,Joe,DONNELLY,SENATOR,D,IN,N/A,D000607,115
1900,Jeff,MERKLEY,SENATOR,D,OR,N/A,M001176,115
1900,Jeff,MERKLEY,SENATOR,D,OR,N/A,M001176,115
2019,Todd,YOUNG,REPRESENTATIVE,R,IN,0,Y000064,115
1900,Jeff,MERKLEY,SENATOR,D,OR,N/A,M001176,115
1826,Amy,KLOBUCHAR,SENATOR,D,MN,N/A,K000367,115
1826,Amy,KLOBUCHAR,SENATOR,D,MN,N/A,K000367,115
1969,Al,FRANKEN,SENATOR,D,MN,N/A,F000457,115
1969,Al,FRANKEN,SENATOR,D,MN,N/A,F000457,115
1823,Sheldon,WHITEHOUSE,SENATOR,D,RI,N/A,W000802,115
1823,Sheldon,WHITEHOUSE,SENATOR,D,RI,N/A,W000802,115
1998,Cory,GARDNER,N/A,R,CO,N/A,G000562,115
1929,Gary,PETERS,REPRESENTATIVE,D,MI,52,P000595,115
2302,Margaret,HASSAN,N/A,D,NH,N/A,H001076,115
2302,Margaret,HASSAN,N/A,D,NH,N/A,H001076,115
2182,Elizabeth,WARREN,SENATOR,D,MA,N/A,W000817,115
2182,Elizabeth,WARREN,SENATOR,D,MA,N/A,W000817,115
1984,Christopher,COONS,SENATOR,D,DE,N/A,C001088,115
1828,Robert,CASEY,SENATOR,D,PA,N/A,C001070,115
136,Sherrod,BROWN,REPRESENTATIVE,D,OH,26,B000944,115
136,Sherrod,BROWN,REPRESENTATIVE,D,OH,26,B000944,115
1844,Mazie,HIRONO,SENATOR,D,HI,N/A,H001042,115
1844,Mazie,HIRONO,SENATOR,D,HI,N/A,H001042,115
735,Edward,MARKEY,SENATOR,D,MA,N/A,M000133,115
735,Edward,MARKEY,SENATOR,D,MA,N/A,M000133,115
1332,Dianne,FEINSTEIN,SENATOR,D,CA,N/A,F000062,115
735,Edward,MARKEY,SENATOR,D,MA,N/A,M000133,115
583,James,INHOFE,SENATOR,R,OK,N/A,I000024,115
583,James,INHOFE,SENATOR,R,OK,N/A,I000024,115
326,Richard,DURBIN,SENATOR,D,IL,N/A,D000563,115
326,Richard,DURBIN,SENATOR,D,IL,N/A,D000563,115
2252,Brenda,LAWRENCE,REPRESENTATIVE,D,MI,14,L000581,115
2021,Kevin,YODER,REPRESENTATIVE,R,KS,3,Y000063,115
2019,Todd,YOUNG,REPRESENTATIVE,R,IN,0,Y000064,115
344,Eliot,ENGEL,REPRESENTATIVE,D,NY,16,E000179,115
2122,Tulsi,GABBARD,REPRESENTATIVE,D,HI,2,G000571,114
2359,Greg,GIANFORTE,N/A,R,MT,N/A,G000584,115
2283,Joni,ERNST,SENATOR,R,IA,N/A,E000295,115
1668,James,LANGEVIN,REPRESENTATIVE,D,RI,2,L000559,115
1930,Erik,PAULSEN,REPRESENTATIVE,R,MN,3,P000594,115
2231,Norma,TORRES,REPRESENTATIVE,D,CA,35,T000474,115
2319,Darren,SOTO,N/A,D,FL,N/A,S001200,115
2092,Suzanne,BONAMICI,REPRESENTATIVE,D,OR,1,B001278,115
1541,Susan,COLLINS,REPRESENTATIVE,R,ME,9,C001035,115
1940,Dina,TITUS,REPRESENTATIVE,D,NV,1,T000468,115
2332,Jamie,RASKIN,N/A,D,MD,N/A,R000606,115
2244,Ralph,ABRAHAM,REPRESENTATIVE,R,LA,5,A000374,115
2247,Bruce,POLIQUIN,REPRESENTATIVE,R,ME,2,P000611,115
2344,Claudia,TENNEY,N/A,R,NY,N/A,T000478,115
2166,Marc,VEASEY,REPRESENTATIVE,D,TX,33,V000131,115
1774,Jim,COSTA,REPRESENTATIVE,D,CA,16,C001059,115
344,Eliot,ENGEL,REPRESENTATIVE,D,NY,16,E000179,115
344,Eliot,ENGEL,REPRESENTATIVE,D,NY,16,E000179,115
2124,Bradley,SCHNEIDER,N/A,D,IL,N/A,S001190,115
1995,Jeff,DENHAM,REPRESENTATIVE,R,CA,10,D000612,115
791,Robert,MENENDEZ,SENATOR,D,NJ,N/A,M000639,115
1826,Amy,KLOBUCHAR,SENATOR,D,MN,N/A,K000367,115
