speaker_id,first_name,last_name,type,party,state,district,bio_guide_id,congress_id
2342,Adriano,ESPAILLAT,N/A,D,NY,N/A,E000297,115
1012,Mark,SANFORD,REPRESENTATIVE,R,SC,2,S000051,115
1501,Barbara,LEE,REPRESENTATIVE,D,CA,13,L000551,115
2334,Paul,MITCHELL,N/A,R,MI,N/A,M001201,115
1010,Bernard,SANDERS,SENATOR,I,VT,N/A,S000033,115
1010,Bernard,SANDERS,SENATOR,I,VT,N/A,S000033,115
1010,Bernard,SANDERS,SENATOR,I,VT,N/A,S000033,115
1010,Bernard,SANDERS,SENATOR,I,VT,N/A,S000033,115
1036,Charles,SCHUMER,SENATOR,D,NY,N/A,S000148,115
326,Richard,DURBIN,SENATOR,D,IL,N/A,D000563,115
174,Benjamin,CARDIN,SENATOR,D,MD,N/A,C000141,115
2176,Tim,KAINE,SENATOR,D,VA,N/A,K000384,115
2176,Tim,KAINE,SENATOR,D,VA,N/A,K000384,115
2176,Tim,KAINE,SENATOR,D,VA,N/A,K000384,115
1542,Michael,ENZI,SENATOR,R,WY,N/A,E000285,115
1542,Michael,ENZI,SENATOR,R,WY,N/A,E000285,115
1542,Michael,ENZI,SENATOR,R,WY,N/A,E000285,115
1837,Christopher,MURPHY,SENATOR,D,CT,N/A,M001169,115
1837,Christopher,MURPHY,SENATOR,D,CT,N/A,M001169,115
1692,John,CORNYN,SENATOR,R,TX,N/A,C001056,115
1464,Roy,BLUNT,SENATOR,R,MO,N/A,B000575,115
1542,Michael,ENZI,SENATOR,R,WY,N/A,E000285,115
1542,Michael,ENZI,SENATOR,R,WY,N/A,E000285,115
1247,Ron,WYDEN,SENATOR,D,OR,N/A,W000779,115
1542,Michael,ENZI,SENATOR,R,WY,N/A,E000285,115
1507,Jerry,MORAN,SENATOR,R,KS,N/A,M000934,115
179,Thomas,CARPER,SENATOR,D,DE,N/A,C000174,115
1507,Jerry,MORAN,SENATOR,R,KS,N/A,M000934,115
179,Thomas,CARPER,SENATOR,D,DE,N/A,C000174,115
1507,Jerry,MORAN,SENATOR,R,KS,N/A,M000934,115
1925,Bill,CASSIDY,SENATOR,R,LA,N/A,C001075,115
1351,Orrin,HATCH,SENATOR,R,UT,N/A,H000338,115
924,Rob,PORTMAN,SENATOR,R,OH,N/A,P000449,115
1542,Michael,ENZI,SENATOR,R,WY,N/A,E000285,115
1542,Michael,ENZI,SENATOR,R,WY,N/A,E000285,115
2176,Tim,KAINE,SENATOR,D,VA,N/A,K000384,115
1542,Michael,ENZI,SENATOR,R,WY,N/A,E000285,115
2176,Tim,KAINE,SENATOR,D,VA,N/A,K000384,115
2175,Ted,CRUZ,SENATOR,R,TX,N/A,C001098,115
1542,Michael,ENZI,SENATOR,R,WY,N/A,E000285,115
1823,Sheldon,WHITEHOUSE,SENATOR,D,RI,N/A,W000802,115
1542,Michael,ENZI,SENATOR,R,WY,N/A,E000285,115
1823,Sheldon,WHITEHOUSE,SENATOR,D,RI,N/A,W000802,115
1823,Sheldon,WHITEHOUSE,SENATOR,D,RI,N/A,W000802,115
1823,Sheldon,WHITEHOUSE,SENATOR,D,RI,N/A,W000802,115
1823,Sheldon,WHITEHOUSE,SENATOR,D,RI,N/A,W000802,115
2194,Cory,BOOKER,SENATOR,D,NJ,N/A,B001288,115
2194,Cory,BOOKER,SENATOR,D,NJ,N/A,B001288,115
2179,Deb,FISCHER,SENATOR,R,NE,N/A,F000463,115
2179,Deb,FISCHER,SENATOR,R,NE,N/A,F000463,115
2080,Mike,LEE,REPRESENTATIVE,R,UT,13,L000577,115
174,Benjamin,CARDIN,SENATOR,D,MD,N/A,C000141,115
457,Chuck,GRASSLEY,SENATOR,R,IA,N/A,G000386,115
174,Benjamin,CARDIN,SENATOR,D,MD,N/A,C000141,115
1036,Charles,SCHUMER,SENATOR,D,NY,N/A,S000148,115
457,Chuck,GRASSLEY,SENATOR,R,IA,N/A,G000386,115
1604,Joseph,CROWLEY,REPRESENTATIVE,D,NY,14,C001038,115
1247,Ron,WYDEN,SENATOR,D,OR,N/A,W000779,115
1409,Patty,MURRAY,SENATOR,D,WA,N/A,M001111,115
1351,Orrin,HATCH,SENATOR,R,UT,N/A,H000338,115
1464,Roy,BLUNT,SENATOR,R,MO,N/A,B000575,115
2197,Bradley,BYRNE,REPRESENTATIVE,R,AL,1,B001289,115
1525,Pete,SESSIONS,SENATOR,R,TX,N/A,S000250,115
2055,David,CICILLINE,REPRESENTATIVE,D,RI,1,C001084,115
2131,Andy,BARR,REPRESENTATIVE,R,KY,11,B001282,115
1501,Barbara,LEE,REPRESENTATIVE,D,CA,13,L000551,115
1501,Barbara,LEE,REPRESENTATIVE,D,CA,13,L000551,115
2003,Dennis,ROSS,REPRESENTATIVE,R,FL,15,R000593,115
1879,Peter,WELCH,REPRESENTATIVE,D,VT,0,W000800,115
2130,Luke,MESSER,REPRESENTATIVE,R,IN,6,M001189,115
99,Earl,BLUMENAUER,REPRESENTATIVE,D,OR,3,B000574,115
1959,Gerald,CONNOLLY,REPRESENTATIVE,D,VA,11,C001078,115
2322,Brian,MAST,N/A,R,FL,N/A,M001199,115
303,Lloyd,DOGGETT,REPRESENTATIVE,D,TX,35,D000399,115
2327,Trey,HOLLINGSWORTH,N/A,R,IN,N/A,H001074,115
2314,Matt,GAETZ,N/A,R,FL,N/A,G000578,115
566,Steny,HOYER,REPRESENTATIVE,D,MD,5,H000874,115
566,Steny,HOYER,REPRESENTATIVE,D,MD,5,H000874,115
2115,Ted,YOHO,REPRESENTATIVE,R,FL,3,Y000065,115
446,Bob,GOODLATTE,REPRESENTATIVE,R,VA,6,G000289,115
1801,Louie,GOHMERT,REPRESENTATIVE,R,TX,1,G000552,115
1036,Charles,SCHUMER,SENATOR,D,NY,N/A,S000148,115
1036,Charles,SCHUMER,SENATOR,D,NY,N/A,S000148,115
1036,Charles,SCHUMER,SENATOR,D,NY,N/A,S000148,115
2341,Thomas,SUOZZI,N/A,D,NY,N/A,S001201,115
446,Bob,GOODLATTE,REPRESENTATIVE,R,VA,6,G000289,115
446,Bob,GOODLATTE,REPRESENTATIVE,R,VA,6,G000289,115
229,John,CONYERS,REPRESENTATIVE,D,MI,13,C000714,115
344,Eliot,ENGEL,REPRESENTATIVE,D,NY,16,E000179,115
344,Eliot,ENGEL,REPRESENTATIVE,D,NY,16,E000179,115
344,Eliot,ENGEL,REPRESENTATIVE,D,NY,16,E000179,115
1526,Brad,SHERMAN,REPRESENTATIVE,D,CA,30,S000344,115
1588,Janice,SCHAKOWSKY,REPRESENTATIVE,D,IL,9,S001145,115
344,Eliot,ENGEL,REPRESENTATIVE,D,NY,16,E000179,115
2339,Jacky,ROSEN,N/A,D,NV,N/A,R000608,115
478,Luis,GUTIERREZ,REPRESENTATIVE,D,IL,4,G000535,115
2115,Ted,YOHO,REPRESENTATIVE,R,FL,3,Y000065,115
344,Eliot,ENGEL,REPRESENTATIVE,D,NY,16,E000179,115
2341,Thomas,SUOZZI,N/A,D,NY,N/A,S001201,115
303,Lloyd,DOGGETT,REPRESENTATIVE,D,TX,35,D000399,115
2261,Lee,ZELDIN,REPRESENTATIVE,R,NY,1,Z000017,115
344,Eliot,ENGEL,REPRESENTATIVE,D,NY,16,E000179,115
344,Eliot,ENGEL,REPRESENTATIVE,D,NY,16,E000179,115
2250,David,TROTT,REPRESENTATIVE,R,MI,11,T000475,115
1853,John,YARMUTH,REPRESENTATIVE,D,KY,3,Y000062,115
979,Dana,ROHRABACHER,REPRESENTATIVE,R,CA,48,R000409,115
344,Eliot,ENGEL,REPRESENTATIVE,D,NY,16,E000179,115
566,Steny,HOYER,REPRESENTATIVE,D,MD,5,H000874,115
344,Eliot,ENGEL,REPRESENTATIVE,D,NY,16,E000179,115
566,Steny,HOYER,REPRESENTATIVE,D,MD,5,H000874,115
1936,Leonard,LANCE,REPRESENTATIVE,R,NJ,7,L000567,115
1959,Gerald,CONNOLLY,REPRESENTATIVE,D,VA,11,C001078,115
344,Eliot,ENGEL,REPRESENTATIVE,D,NY,16,E000179,115
2124,Bradley,SCHNEIDER,N/A,D,IL,N/A,S001190,115
2223,J.,HILL,REPRESENTATIVE,R,AR,2,H001072,115
2239,Rick,ALLEN,REPRESENTATIVE,R,GA,12,A000372,115
344,Eliot,ENGEL,REPRESENTATIVE,D,NY,16,E000179,115
709,Nita,LOWEY,REPRESENTATIVE,D,NY,17,L000480,115
1879,Peter,WELCH,REPRESENTATIVE,D,VT,0,W000800,115
2351,Scott,TAYLOR,N/A,R,VA,N/A,T000477,115
344,Eliot,ENGEL,REPRESENTATIVE,D,NY,16,E000179,115
1976,Theodore,DEUTCH,REPRESENTATIVE,D,FL,21,D000610,115
344,Eliot,ENGEL,REPRESENTATIVE,D,NY,16,E000179,115
2124,Bradley,SCHNEIDER,N/A,D,IL,N/A,S001190,115
683,Sander,LEVIN,REPRESENTATIVE,D,MI,9,L000263,115
2308,Ro,KHANNA,N/A,D,CA,N/A,K000389,115
1510,Bill,PASCRELL,REPRESENTATIVE,D,NJ,9,P000096,115
998,Edward,ROYCE,REPRESENTATIVE,R,CA,39,R000487,115
2321,Charlie,CRIST,N/A,D,FL,N/A,C001111,115
1332,Dianne,FEINSTEIN,SENATOR,D,CA,N/A,F000062,115
1694,Lisa,MURKOWSKI,SENATOR,R,AK,N/A,M001153,115
2194,Cory,BOOKER,SENATOR,D,NJ,N/A,B001288,115
1801,Louie,GOHMERT,REPRESENTATIVE,R,TX,1,G000552,115
1692,John,CORNYN,SENATOR,R,TX,N/A,C001056,115
2138,Steve,DAINES,SENATOR,R,MT,N/A,D000618,115
1933,Gregg,HARPER,REPRESENTATIVE,R,MS,3,H001045,115
1933,Gregg,HARPER,REPRESENTATIVE,R,MS,3,H001045,115
1933,Gregg,HARPER,REPRESENTATIVE,R,MS,3,H001045,115
2332,Jamie,RASKIN,N/A,D,MD,N/A,R000606,115
2332,Jamie,RASKIN,N/A,D,MD,N/A,R000606,115
2332,Jamie,RASKIN,N/A,D,MD,N/A,R000606,115
2354,Pramila,JAYAPAL,N/A,D,WA,N/A,J000298,115
2354,Pramila,JAYAPAL,N/A,D,WA,N/A,J000298,115
2354,Pramila,JAYAPAL,N/A,D,WA,N/A,J000298,115
1933,Gregg,HARPER,REPRESENTATIVE,R,MS,3,H001045,115
1933,Gregg,HARPER,REPRESENTATIVE,R,MS,3,H001045,115
1933,Gregg,HARPER,REPRESENTATIVE,R,MS,3,H001045,115
1501,Barbara,LEE,REPRESENTATIVE,D,CA,13,L000551,115
1501,Barbara,LEE,REPRESENTATIVE,D,CA,13,L000551,115
1501,Barbara,LEE,REPRESENTATIVE,D,CA,13,L000551,115
1501,Barbara,LEE,REPRESENTATIVE,D,CA,13,L000551,115
1933,Gregg,HARPER,REPRESENTATIVE,R,MS,3,H001045,115
1933,Gregg,HARPER,REPRESENTATIVE,R,MS,3,H001045,115
1933,Gregg,HARPER,REPRESENTATIVE,R,MS,3,H001045,115
1708,Raul,GRIJALVA,REPRESENTATIVE,D,AZ,3,G000551,115
1708,Raul,GRIJALVA,REPRESENTATIVE,D,AZ,3,G000551,115
1933,Gregg,HARPER,REPRESENTATIVE,R,MS,3,H001045,115
1933,Gregg,HARPER,REPRESENTATIVE,R,MS,3,H001045,115
1933,Gregg,HARPER,REPRESENTATIVE,R,MS,3,H001045,115
1933,Gregg,HARPER,REPRESENTATIVE,R,MS,3,H001045,115
1501,Barbara,LEE,REPRESENTATIVE,D,CA,13,L000551,115
1501,Barbara,LEE,REPRESENTATIVE,D,CA,13,L000551,115
1036,Charles,SCHUMER,SENATOR,D,NY,N/A,S000148,115
1036,Charles,SCHUMER,SENATOR,D,NY,N/A,S000148,115
446,Bob,GOODLATTE,REPRESENTATIVE,R,VA,6,G000289,115
446,Bob,GOODLATTE,REPRESENTATIVE,R,VA,6,G000289,115
446,Bob,GOODLATTE,REPRESENTATIVE,R,VA,6,G000289,115
2053,Tom,MARINO,REPRESENTATIVE,R,PA,10,M001179,115
1878,Steve,COHEN,REPRESENTATIVE,D,TN,9,C001068,115
1878,Steve,COHEN,REPRESENTATIVE,D,TN,9,C001068,115
446,Bob,GOODLATTE,REPRESENTATIVE,R,VA,6,G000289,115
2067,Blake,FARENTHOLD,REPRESENTATIVE,R,TX,27,F000460,115
446,Bob,GOODLATTE,REPRESENTATIVE,R,VA,6,G000289,115
446,Bob,GOODLATTE,REPRESENTATIVE,R,VA,6,G000289,115
2250,David,TROTT,REPRESENTATIVE,R,MI,11,T000475,115
446,Bob,GOODLATTE,REPRESENTATIVE,R,VA,6,G000289,115
446,Bob,GOODLATTE,REPRESENTATIVE,R,VA,6,G000289,115
2158,Keith,ROTHFUS,REPRESENTATIVE,R,PA,12,R000598,115
446,Bob,GOODLATTE,REPRESENTATIVE,R,VA,6,G000289,115
446,Bob,GOODLATTE,REPRESENTATIVE,R,VA,6,G000289,115
1936,Leonard,LANCE,REPRESENTATIVE,R,NJ,7,L000567,115
446,Bob,GOODLATTE,REPRESENTATIVE,R,VA,6,G000289,115
2115,Ted,YOHO,REPRESENTATIVE,R,FL,3,Y000065,115
446,Bob,GOODLATTE,REPRESENTATIVE,R,VA,6,G000289,115
2353,Thomas,GARRETT,REPRESENTATIVE,R,VA,5,G000580,115
1835,Ed,PERLMUTTER,REPRESENTATIVE,D,CO,7,P000593,115
446,Bob,GOODLATTE,REPRESENTATIVE,R,VA,6,G000289,115
446,Bob,GOODLATTE,REPRESENTATIVE,R,VA,6,G000289,115
446,Bob,GOODLATTE,REPRESENTATIVE,R,VA,6,G000289,115
229,John,CONYERS,REPRESENTATIVE,D,MI,13,C000714,115
446,Bob,GOODLATTE,REPRESENTATIVE,R,VA,6,G000289,115
446,Bob,GOODLATTE,REPRESENTATIVE,R,VA,6,G000289,115
446,Bob,GOODLATTE,REPRESENTATIVE,R,VA,6,G000289,115
2130,Luke,MESSER,REPRESENTATIVE,R,IN,6,M001189,115
2130,Luke,MESSER,REPRESENTATIVE,R,IN,6,M001189,115
2130,Luke,MESSER,REPRESENTATIVE,R,IN,6,M001189,115
446,Bob,GOODLATTE,REPRESENTATIVE,R,VA,6,G000289,115
2130,Luke,MESSER,REPRESENTATIVE,R,IN,6,M001189,115
1708,Raul,GRIJALVA,REPRESENTATIVE,D,AZ,3,G000551,115
1708,Raul,GRIJALVA,REPRESENTATIVE,D,AZ,3,G000551,115
2053,Tom,MARINO,REPRESENTATIVE,R,PA,10,M001179,115
2053,Tom,MARINO,REPRESENTATIVE,R,PA,10,M001179,115
1708,Raul,GRIJALVA,REPRESENTATIVE,D,AZ,3,G000551,115
2053,Tom,MARINO,REPRESENTATIVE,R,PA,10,M001179,115
1708,Raul,GRIJALVA,REPRESENTATIVE,D,AZ,3,G000551,115
2053,Tom,MARINO,REPRESENTATIVE,R,PA,10,M001179,115
2053,Tom,MARINO,REPRESENTATIVE,R,PA,10,M001179,115
2053,Tom,MARINO,REPRESENTATIVE,R,PA,10,M001179,115
2053,Tom,MARINO,REPRESENTATIVE,R,PA,10,M001179,115
2055,David,CICILLINE,REPRESENTATIVE,D,RI,1,C001084,115
2055,David,CICILLINE,REPRESENTATIVE,D,RI,1,C001084,115
2053,Tom,MARINO,REPRESENTATIVE,R,PA,10,M001179,115
2053,Tom,MARINO,REPRESENTATIVE,R,PA,10,M001179,115
2055,David,CICILLINE,REPRESENTATIVE,D,RI,1,C001084,115
2053,Tom,MARINO,REPRESENTATIVE,R,PA,10,M001179,115
2055,David,CICILLINE,REPRESENTATIVE,D,RI,1,C001084,115
229,John,CONYERS,REPRESENTATIVE,D,MI,13,C000714,115
229,John,CONYERS,REPRESENTATIVE,D,MI,13,C000714,115
2053,Tom,MARINO,REPRESENTATIVE,R,PA,10,M001179,115
2053,Tom,MARINO,REPRESENTATIVE,R,PA,10,M001179,115
229,John,CONYERS,REPRESENTATIVE,D,MI,13,C000714,115
229,John,CONYERS,REPRESENTATIVE,D,MI,13,C000714,115
229,John,CONYERS,REPRESENTATIVE,D,MI,13,C000714,115
2053,Tom,MARINO,REPRESENTATIVE,R,PA,10,M001179,115
229,John,CONYERS,REPRESENTATIVE,D,MI,13,C000714,115
2053,Tom,MARINO,REPRESENTATIVE,R,PA,10,M001179,115
2053,Tom,MARINO,REPRESENTATIVE,R,PA,10,M001179,115
2053,Tom,MARINO,REPRESENTATIVE,R,PA,10,M001179,115
2053,Tom,MARINO,REPRESENTATIVE,R,PA,10,M001179,115
2053,Tom,MARINO,REPRESENTATIVE,R,PA,10,M001179,115
850,Jerrold,NADLER,REPRESENTATIVE,D,NY,10,N000002,115
850,Jerrold,NADLER,REPRESENTATIVE,D,NY,10,N000002,115
2053,Tom,MARINO,REPRESENTATIVE,R,PA,10,M001179,115
2053,Tom,MARINO,REPRESENTATIVE,R,PA,10,M001179,115
850,Jerrold,NADLER,REPRESENTATIVE,D,NY,10,N000002,115
2053,Tom,MARINO,REPRESENTATIVE,R,PA,10,M001179,115
850,Jerrold,NADLER,REPRESENTATIVE,D,NY,10,N000002,115
2053,Tom,MARINO,REPRESENTATIVE,R,PA,10,M001179,115
2053,Tom,MARINO,REPRESENTATIVE,R,PA,10,M001179,115
2053,Tom,MARINO,REPRESENTATIVE,R,PA,10,M001179,115
2053,Tom,MARINO,REPRESENTATIVE,R,PA,10,M001179,115
2053,Tom,MARINO,REPRESENTATIVE,R,PA,10,M001179,115
1836,Joe,COURTNEY,REPRESENTATIVE,D,CT,2,C001069,115
2053,Tom,MARINO,REPRESENTATIVE,R,PA,10,M001179,115
2053,Tom,MARINO,REPRESENTATIVE,R,PA,10,M001179,115
2053,Tom,MARINO,REPRESENTATIVE,R,PA,10,M001179,115
1541,Susan,COLLINS,REPRESENTATIVE,R,ME,9,C001035,115
