speaker_id,first_name,last_name,type,party,state,district,bio_guide_id,congress_id
1838,Gus,BILIRAKIS,REPRESENTATIVE,R,FL,12,B001257,115
2110,Mark,TAKANO,REPRESENTATIVE,D,CA,41,T000472,115
2362,Jimmy,GOMEZ,N/A,D,CA,N/A,G000585,115
1998,Cory,GARDNER,N/A,R,CO,N/A,G000562,115
1542,Michael,ENZI,SENATOR,R,WY,N/A,E000285,115
2275,Dan,NEWHOUSE,REPRESENTATIVE,R,WA,4,N000189,115
859,Bill,NELSON,SENATOR,D,FL,N/A,N000032,115
1826,Amy,KLOBUCHAR,SENATOR,D,MN,N/A,K000367,115
1226,Roger,WICKER,SENATOR,R,MS,N/A,W000437,115
859,Bill,NELSON,SENATOR,D,FL,N/A,N000032,115
1226,Roger,WICKER,SENATOR,R,MS,N/A,W000437,115
1881,John,BARRASSO,SENATOR,R,WY,N/A,B001261,115
2050,James,LANKFORD,SENATOR,R,OK,N/A,L000575,115
174,Benjamin,CARDIN,SENATOR,D,MD,N/A,C000141,115
174,Benjamin,CARDIN,SENATOR,D,MD,N/A,C000141,115
1409,Patty,MURRAY,SENATOR,D,WA,N/A,M001111,115
1247,Ron,WYDEN,SENATOR,D,OR,N/A,W000779,115
1010,Bernard,SANDERS,SENATOR,I,VT,N/A,S000033,115
1247,Ron,WYDEN,SENATOR,D,OR,N/A,W000779,115
1010,Bernard,SANDERS,SENATOR,I,VT,N/A,S000033,115
1247,Ron,WYDEN,SENATOR,D,OR,N/A,W000779,115
1010,Bernard,SANDERS,SENATOR,I,VT,N/A,S000033,115
1247,Ron,WYDEN,SENATOR,D,OR,N/A,W000779,115
1010,Bernard,SANDERS,SENATOR,I,VT,N/A,S000033,115
1247,Ron,WYDEN,SENATOR,D,OR,N/A,W000779,115
1010,Bernard,SANDERS,SENATOR,I,VT,N/A,S000033,115
1247,Ron,WYDEN,SENATOR,D,OR,N/A,W000779,115
1247,Ron,WYDEN,SENATOR,D,OR,N/A,W000779,115
1010,Bernard,SANDERS,SENATOR,I,VT,N/A,S000033,115
583,James,INHOFE,SENATOR,R,OK,N/A,I000024,115
583,James,INHOFE,SENATOR,R,OK,N/A,I000024,115
1247,Ron,WYDEN,SENATOR,D,OR,N/A,W000779,115
583,James,INHOFE,SENATOR,R,OK,N/A,I000024,115
1247,Ron,WYDEN,SENATOR,D,OR,N/A,W000779,115
1247,Ron,WYDEN,SENATOR,D,OR,N/A,W000779,115
1010,Bernard,SANDERS,SENATOR,I,VT,N/A,S000033,115
583,James,INHOFE,SENATOR,R,OK,N/A,I000024,115
1247,Ron,WYDEN,SENATOR,D,OR,N/A,W000779,115
172,Maria,CANTWELL,SENATOR,D,WA,N/A,C000127,115
172,Maria,CANTWELL,SENATOR,D,WA,N/A,C000127,115
791,Robert,MENENDEZ,SENATOR,D,NJ,N/A,M000639,115
1534,John,THUNE,SENATOR,R,SD,N/A,T000250,115
1541,Susan,COLLINS,REPRESENTATIVE,R,ME,9,C001035,115
1541,Susan,COLLINS,REPRESENTATIVE,R,ME,9,C001035,115
1541,Susan,COLLINS,REPRESENTATIVE,R,ME,9,C001035,115
1534,John,THUNE,SENATOR,R,SD,N/A,T000250,115
1247,Ron,WYDEN,SENATOR,D,OR,N/A,W000779,115
1247,Ron,WYDEN,SENATOR,D,OR,N/A,W000779,115
1247,Ron,WYDEN,SENATOR,D,OR,N/A,W000779,115
1247,Ron,WYDEN,SENATOR,D,OR,N/A,W000779,115
2056,Tim,SCOTT,REPRESENTATIVE,R,SC,52,S001184,115
1247,Ron,WYDEN,SENATOR,D,OR,N/A,W000779,115
2056,Tim,SCOTT,REPRESENTATIVE,R,SC,52,S001184,115
2056,Tim,SCOTT,REPRESENTATIVE,R,SC,52,S001184,115
1247,Ron,WYDEN,SENATOR,D,OR,N/A,W000779,115
1409,Patty,MURRAY,SENATOR,D,WA,N/A,M001111,115
1247,Ron,WYDEN,SENATOR,D,OR,N/A,W000779,115
1247,Ron,WYDEN,SENATOR,D,OR,N/A,W000779,115
2056,Tim,SCOTT,REPRESENTATIVE,R,SC,52,S001184,115
1247,Ron,WYDEN,SENATOR,D,OR,N/A,W000779,115
1247,Ron,WYDEN,SENATOR,D,OR,N/A,W000779,115
1965,Michael,BENNET,SENATOR,D,CO,N/A,B001267,115
1594,Patrick,TOOMEY,SENATOR,R,PA,N/A,T000461,115
2056,Tim,SCOTT,REPRESENTATIVE,R,SC,52,S001184,115
1534,John,THUNE,SENATOR,R,SD,N/A,T000250,115
1965,Michael,BENNET,SENATOR,D,CO,N/A,B001267,115
2056,Tim,SCOTT,REPRESENTATIVE,R,SC,52,S001184,115
1534,John,THUNE,SENATOR,R,SD,N/A,T000250,115
1247,Ron,WYDEN,SENATOR,D,OR,N/A,W000779,115
1247,Ron,WYDEN,SENATOR,D,OR,N/A,W000779,115
1247,Ron,WYDEN,SENATOR,D,OR,N/A,W000779,115
1247,Ron,WYDEN,SENATOR,D,OR,N/A,W000779,115
1247,Ron,WYDEN,SENATOR,D,OR,N/A,W000779,115
1998,Cory,GARDNER,N/A,R,CO,N/A,G000562,115
1828,Robert,CASEY,SENATOR,D,PA,N/A,C001070,115
1828,Robert,CASEY,SENATOR,D,PA,N/A,C001070,115
1247,Ron,WYDEN,SENATOR,D,OR,N/A,W000779,115
1247,Ron,WYDEN,SENATOR,D,OR,N/A,W000779,115
1828,Robert,CASEY,SENATOR,D,PA,N/A,C001070,115
1594,Patrick,TOOMEY,SENATOR,R,PA,N/A,T000461,115
1594,Patrick,TOOMEY,SENATOR,R,PA,N/A,T000461,115
2056,Tim,SCOTT,REPRESENTATIVE,R,SC,52,S001184,115
1534,John,THUNE,SENATOR,R,SD,N/A,T000250,115
1534,John,THUNE,SENATOR,R,SD,N/A,T000250,115
1247,Ron,WYDEN,SENATOR,D,OR,N/A,W000779,115
1594,Patrick,TOOMEY,SENATOR,R,PA,N/A,T000461,115
1828,Robert,CASEY,SENATOR,D,PA,N/A,C001070,115
1594,Patrick,TOOMEY,SENATOR,R,PA,N/A,T000461,115
2056,Tim,SCOTT,REPRESENTATIVE,R,SC,52,S001184,115
2056,Tim,SCOTT,REPRESENTATIVE,R,SC,52,S001184,115
1247,Ron,WYDEN,SENATOR,D,OR,N/A,W000779,115
1969,Al,FRANKEN,SENATOR,D,MN,N/A,F000457,115
2056,Tim,SCOTT,REPRESENTATIVE,R,SC,52,S001184,115
924,Rob,PORTMAN,SENATOR,R,OH,N/A,P000449,115
924,Rob,PORTMAN,SENATOR,R,OH,N/A,P000449,115
1247,Ron,WYDEN,SENATOR,D,OR,N/A,W000779,115
1900,Jeff,MERKLEY,SENATOR,D,OR,N/A,M001176,115
924,Rob,PORTMAN,SENATOR,R,OH,N/A,P000449,115
2056,Tim,SCOTT,REPRESENTATIVE,R,SC,52,S001184,115
924,Rob,PORTMAN,SENATOR,R,OH,N/A,P000449,115
1531,Debbie,STABENOW,SENATOR,D,MI,N/A,S000770,115
1247,Ron,WYDEN,SENATOR,D,OR,N/A,W000779,115
1531,Debbie,STABENOW,SENATOR,D,MI,N/A,S000770,115
1247,Ron,WYDEN,SENATOR,D,OR,N/A,W000779,115
1247,Ron,WYDEN,SENATOR,D,OR,N/A,W000779,115
1247,Ron,WYDEN,SENATOR,D,OR,N/A,W000779,115
1531,Debbie,STABENOW,SENATOR,D,MI,N/A,S000770,115
1247,Ron,WYDEN,SENATOR,D,OR,N/A,W000779,115
1531,Debbie,STABENOW,SENATOR,D,MI,N/A,S000770,115
1828,Robert,CASEY,SENATOR,D,PA,N/A,C001070,115
1828,Robert,CASEY,SENATOR,D,PA,N/A,C001070,115
924,Rob,PORTMAN,SENATOR,R,OH,N/A,P000449,115
1247,Ron,WYDEN,SENATOR,D,OR,N/A,W000779,115
924,Rob,PORTMAN,SENATOR,R,OH,N/A,P000449,115
924,Rob,PORTMAN,SENATOR,R,OH,N/A,P000449,115
1837,Christopher,MURPHY,SENATOR,D,CT,N/A,M001169,115
1247,Ron,WYDEN,SENATOR,D,OR,N/A,W000779,115
1247,Ron,WYDEN,SENATOR,D,OR,N/A,W000779,115
1837,Christopher,MURPHY,SENATOR,D,CT,N/A,M001169,115
174,Benjamin,CARDIN,SENATOR,D,MD,N/A,C000141,115
174,Benjamin,CARDIN,SENATOR,D,MD,N/A,C000141,115
924,Rob,PORTMAN,SENATOR,R,OH,N/A,P000449,115
924,Rob,PORTMAN,SENATOR,R,OH,N/A,P000449,115
1247,Ron,WYDEN,SENATOR,D,OR,N/A,W000779,115
924,Rob,PORTMAN,SENATOR,R,OH,N/A,P000449,115
1247,Ron,WYDEN,SENATOR,D,OR,N/A,W000779,115
924,Rob,PORTMAN,SENATOR,R,OH,N/A,P000449,115
1247,Ron,WYDEN,SENATOR,D,OR,N/A,W000779,115
174,Benjamin,CARDIN,SENATOR,D,MD,N/A,C000141,115
1247,Ron,WYDEN,SENATOR,D,OR,N/A,W000779,115
174,Benjamin,CARDIN,SENATOR,D,MD,N/A,C000141,115
1247,Ron,WYDEN,SENATOR,D,OR,N/A,W000779,115
1983,Joe,MANCHIN,SENATOR,D,WV,N/A,M001183,115
1247,Ron,WYDEN,SENATOR,D,OR,N/A,W000779,115
1247,Ron,WYDEN,SENATOR,D,OR,N/A,W000779,115
1247,Ron,WYDEN,SENATOR,D,OR,N/A,W000779,115
1594,Patrick,TOOMEY,SENATOR,R,PA,N/A,T000461,115
2138,Steve,DAINES,SENATOR,R,MT,N/A,D000618,115
2138,Steve,DAINES,SENATOR,R,MT,N/A,D000618,115
1247,Ron,WYDEN,SENATOR,D,OR,N/A,W000779,115
2076,Richard,BLUMENTHAL,SENATOR,D,CT,N/A,B001277,115
1900,Jeff,MERKLEY,SENATOR,D,OR,N/A,M001176,115
1900,Jeff,MERKLEY,SENATOR,D,OR,N/A,M001176,115
1925,Bill,CASSIDY,SENATOR,R,LA,N/A,C001075,115
1925,Bill,CASSIDY,SENATOR,R,LA,N/A,C001075,115
1247,Ron,WYDEN,SENATOR,D,OR,N/A,W000779,115
326,Richard,DURBIN,SENATOR,D,IL,N/A,D000563,115
326,Richard,DURBIN,SENATOR,D,IL,N/A,D000563,115
1247,Ron,WYDEN,SENATOR,D,OR,N/A,W000779,115
326,Richard,DURBIN,SENATOR,D,IL,N/A,D000563,115
1247,Ron,WYDEN,SENATOR,D,OR,N/A,W000779,115
859,Bill,NELSON,SENATOR,D,FL,N/A,N000032,115
1247,Ron,WYDEN,SENATOR,D,OR,N/A,W000779,115
326,Richard,DURBIN,SENATOR,D,IL,N/A,D000563,115
326,Richard,DURBIN,SENATOR,D,IL,N/A,D000563,115
326,Richard,DURBIN,SENATOR,D,IL,N/A,D000563,115
326,Richard,DURBIN,SENATOR,D,IL,N/A,D000563,115
326,Richard,DURBIN,SENATOR,D,IL,N/A,D000563,115
1247,Ron,WYDEN,SENATOR,D,OR,N/A,W000779,115
1247,Ron,WYDEN,SENATOR,D,OR,N/A,W000779,115
1247,Ron,WYDEN,SENATOR,D,OR,N/A,W000779,115
326,Richard,DURBIN,SENATOR,D,IL,N/A,D000563,115
1247,Ron,WYDEN,SENATOR,D,OR,N/A,W000779,115
1965,Michael,BENNET,SENATOR,D,CO,N/A,B001267,115
1965,Michael,BENNET,SENATOR,D,CO,N/A,B001267,115
1965,Michael,BENNET,SENATOR,D,CO,N/A,B001267,115
1247,Ron,WYDEN,SENATOR,D,OR,N/A,W000779,115
2084,Marco,RUBIO,SENATOR,R,FL,N/A,R000595,115
1594,Patrick,TOOMEY,SENATOR,R,PA,N/A,T000461,115
1247,Ron,WYDEN,SENATOR,D,OR,N/A,W000779,115
1010,Bernard,SANDERS,SENATOR,I,VT,N/A,S000033,115
1594,Patrick,TOOMEY,SENATOR,R,PA,N/A,T000461,115
1534,John,THUNE,SENATOR,R,SD,N/A,T000250,115
1247,Ron,WYDEN,SENATOR,D,OR,N/A,W000779,115
1247,Ron,WYDEN,SENATOR,D,OR,N/A,W000779,115
1594,Patrick,TOOMEY,SENATOR,R,PA,N/A,T000461,115
1247,Ron,WYDEN,SENATOR,D,OR,N/A,W000779,115
1594,Patrick,TOOMEY,SENATOR,R,PA,N/A,T000461,115
1247,Ron,WYDEN,SENATOR,D,OR,N/A,W000779,115
1594,Patrick,TOOMEY,SENATOR,R,PA,N/A,T000461,115
1594,Patrick,TOOMEY,SENATOR,R,PA,N/A,T000461,115
1594,Patrick,TOOMEY,SENATOR,R,PA,N/A,T000461,115
1594,Patrick,TOOMEY,SENATOR,R,PA,N/A,T000461,115
1594,Patrick,TOOMEY,SENATOR,R,PA,N/A,T000461,115
1594,Patrick,TOOMEY,SENATOR,R,PA,N/A,T000461,115
1594,Patrick,TOOMEY,SENATOR,R,PA,N/A,T000461,115
1594,Patrick,TOOMEY,SENATOR,R,PA,N/A,T000461,115
1594,Patrick,TOOMEY,SENATOR,R,PA,N/A,T000461,115
1594,Patrick,TOOMEY,SENATOR,R,PA,N/A,T000461,115
1900,Jeff,MERKLEY,SENATOR,D,OR,N/A,M001176,115
1900,Jeff,MERKLEY,SENATOR,D,OR,N/A,M001176,115
1594,Patrick,TOOMEY,SENATOR,R,PA,N/A,T000461,115
1900,Jeff,MERKLEY,SENATOR,D,OR,N/A,M001176,115
1594,Patrick,TOOMEY,SENATOR,R,PA,N/A,T000461,115
1900,Jeff,MERKLEY,SENATOR,D,OR,N/A,M001176,115
1594,Patrick,TOOMEY,SENATOR,R,PA,N/A,T000461,115
1900,Jeff,MERKLEY,SENATOR,D,OR,N/A,M001176,115
1594,Patrick,TOOMEY,SENATOR,R,PA,N/A,T000461,115
1247,Ron,WYDEN,SENATOR,D,OR,N/A,W000779,115
1247,Ron,WYDEN,SENATOR,D,OR,N/A,W000779,115
1247,Ron,WYDEN,SENATOR,D,OR,N/A,W000779,115
1594,Patrick,TOOMEY,SENATOR,R,PA,N/A,T000461,115
1594,Patrick,TOOMEY,SENATOR,R,PA,N/A,T000461,115
1247,Ron,WYDEN,SENATOR,D,OR,N/A,W000779,115
1594,Patrick,TOOMEY,SENATOR,R,PA,N/A,T000461,115
2080,Mike,LEE,REPRESENTATIVE,R,UT,13,L000577,115
1247,Ron,WYDEN,SENATOR,D,OR,N/A,W000779,115
1247,Ron,WYDEN,SENATOR,D,OR,N/A,W000779,115
136,Sherrod,BROWN,REPRESENTATIVE,D,OH,26,B000944,115
1542,Michael,ENZI,SENATOR,R,WY,N/A,E000285,115
924,Rob,PORTMAN,SENATOR,R,OH,N/A,P000449,115
1351,Orrin,HATCH,SENATOR,R,UT,N/A,H000338,115
924,Rob,PORTMAN,SENATOR,R,OH,N/A,P000449,115
179,Thomas,CARPER,SENATOR,D,DE,N/A,C000174,115
1925,Bill,CASSIDY,SENATOR,R,LA,N/A,C001075,115
2303,John,KENNEDY,REPRESENTATIVE,R,LA,4,K000393,115
1247,Ron,WYDEN,SENATOR,D,OR,N/A,W000779,115
1567,Tom,UDALL,SENATOR,D,NM,N/A,U000039,115
949,Jack,REED,REPRESENTATIVE,D,RI,23,R000122,115
2194,Cory,BOOKER,SENATOR,D,NJ,N/A,B001288,115
791,Robert,MENENDEZ,SENATOR,D,NJ,N/A,M000639,115
2056,Tim,SCOTT,REPRESENTATIVE,R,SC,52,S001184,115
1036,Charles,SCHUMER,SENATOR,D,NY,N/A,S000148,115
1010,Bernard,SANDERS,SENATOR,I,VT,N/A,S000033,115
1010,Bernard,SANDERS,SENATOR,I,VT,N/A,S000033,115
1542,Michael,ENZI,SENATOR,R,WY,N/A,E000285,115
1010,Bernard,SANDERS,SENATOR,I,VT,N/A,S000033,115
1542,Michael,ENZI,SENATOR,R,WY,N/A,E000285,115
1010,Bernard,SANDERS,SENATOR,I,VT,N/A,S000033,115
136,Sherrod,BROWN,REPRESENTATIVE,D,OH,26,B000944,115
1542,Michael,ENZI,SENATOR,R,WY,N/A,E000285,115
1542,Michael,ENZI,SENATOR,R,WY,N/A,E000285,115
136,Sherrod,BROWN,REPRESENTATIVE,D,OH,26,B000944,115
2084,Marco,RUBIO,SENATOR,R,FL,N/A,R000595,115
1247,Ron,WYDEN,SENATOR,D,OR,N/A,W000779,115
2084,Marco,RUBIO,SENATOR,R,FL,N/A,R000595,115
791,Robert,MENENDEZ,SENATOR,D,NJ,N/A,M000639,115
791,Robert,MENENDEZ,SENATOR,D,NJ,N/A,M000639,115
1534,John,THUNE,SENATOR,R,SD,N/A,T000250,115
1692,John,CORNYN,SENATOR,R,TX,N/A,C001056,115
2175,Ted,CRUZ,SENATOR,R,TX,N/A,C001098,115
1247,Ron,WYDEN,SENATOR,D,OR,N/A,W000779,115
2176,Tim,KAINE,SENATOR,D,VA,N/A,K000384,115
2176,Tim,KAINE,SENATOR,D,VA,N/A,K000384,115
1594,Patrick,TOOMEY,SENATOR,R,PA,N/A,T000461,115
2176,Tim,KAINE,SENATOR,D,VA,N/A,K000384,115
1036,Charles,SCHUMER,SENATOR,D,NY,N/A,S000148,115
2176,Tim,KAINE,SENATOR,D,VA,N/A,K000384,115
1594,Patrick,TOOMEY,SENATOR,R,PA,N/A,T000461,115
2176,Tim,KAINE,SENATOR,D,VA,N/A,K000384,115
326,Richard,DURBIN,SENATOR,D,IL,N/A,D000563,115
1983,Joe,MANCHIN,SENATOR,D,WV,N/A,M001183,115
1983,Joe,MANCHIN,SENATOR,D,WV,N/A,M001183,115
1692,John,CORNYN,SENATOR,R,TX,N/A,C001056,115
1983,Joe,MANCHIN,SENATOR,D,WV,N/A,M001183,115
1983,Joe,MANCHIN,SENATOR,D,WV,N/A,M001183,115
1983,Joe,MANCHIN,SENATOR,D,WV,N/A,M001183,115
1383,Patrick,LEAHY,SENATOR,D,VT,N/A,L000174,115
326,Richard,DURBIN,SENATOR,D,IL,N/A,D000563,115
172,Maria,CANTWELL,SENATOR,D,WA,N/A,C000127,115
172,Maria,CANTWELL,SENATOR,D,WA,N/A,C000127,115
1010,Bernard,SANDERS,SENATOR,I,VT,N/A,S000033,115
1694,Lisa,MURKOWSKI,SENATOR,R,AK,N/A,M001153,115
172,Maria,CANTWELL,SENATOR,D,WA,N/A,C000127,115
1900,Jeff,MERKLEY,SENATOR,D,OR,N/A,M001176,115
1900,Jeff,MERKLEY,SENATOR,D,OR,N/A,M001176,115
1594,Patrick,TOOMEY,SENATOR,R,PA,N/A,T000461,115
1900,Jeff,MERKLEY,SENATOR,D,OR,N/A,M001176,115
1036,Charles,SCHUMER,SENATOR,D,NY,N/A,S000148,115
1247,Ron,WYDEN,SENATOR,D,OR,N/A,W000779,115
355,Anna,ESHOO,REPRESENTATIVE,D,CA,18,E000215,115
1998,Cory,GARDNER,N/A,R,CO,N/A,G000562,115
1036,Charles,SCHUMER,SENATOR,D,NY,N/A,S000148,115
1558,Tammy,BALDWIN,SENATOR,D,WI,N/A,B001230,115
968,Pat,ROBERTS,SENATOR,R,KS,N/A,R000307,115
1850,Joe,DONNELLY,SENATOR,D,IN,N/A,D000607,115
1542,Michael,ENZI,SENATOR,R,WY,N/A,E000285,115
1351,Orrin,HATCH,SENATOR,R,UT,N/A,H000338,115
256,Elijah,CUMMINGS,REPRESENTATIVE,D,MD,7,C000984,115
2252,Brenda,LAWRENCE,REPRESENTATIVE,D,MI,14,L000581,115
1542,Michael,ENZI,SENATOR,R,WY,N/A,E000285,115
1542,Michael,ENZI,SENATOR,R,WY,N/A,E000285,115
2101,Jared,HUFFMAN,REPRESENTATIVE,D,CA,2,H001068,115
1531,Debbie,STABENOW,SENATOR,D,MI,N/A,S000770,115
1878,Steve,COHEN,REPRESENTATIVE,D,TN,9,C001068,115
1542,Michael,ENZI,SENATOR,R,WY,N/A,E000285,115
1542,Michael,ENZI,SENATOR,R,WY,N/A,E000285,115
1177,Fred,UPTON,REPRESENTATIVE,R,MI,6,U000031,115
1801,Louie,GOHMERT,REPRESENTATIVE,R,TX,1,G000552,115
2275,Dan,NEWHOUSE,REPRESENTATIVE,R,WA,4,N000189,115
2275,Dan,NEWHOUSE,REPRESENTATIVE,R,WA,4,N000189,115
2111,Alan,LOWENTHAL,REPRESENTATIVE,D,CA,47,L000579,115
326,Richard,DURBIN,SENATOR,D,IL,N/A,D000563,115
1542,Michael,ENZI,SENATOR,R,WY,N/A,E000285,115
1542,Michael,ENZI,SENATOR,R,WY,N/A,E000285,115
446,Bob,GOODLATTE,REPRESENTATIVE,R,VA,6,G000289,115
2351,Scott,TAYLOR,N/A,R,VA,N/A,T000477,115
2048,James,RENACCI,REPRESENTATIVE,R,OH,16,R000586,115
1976,Theodore,DEUTCH,REPRESENTATIVE,D,FL,21,D000610,115
1749,Jeb,HENSARLING,REPRESENTATIVE,R,TX,5,H001036,115
1749,Jeb,HENSARLING,REPRESENTATIVE,R,TX,5,H001036,115
1749,Jeb,HENSARLING,REPRESENTATIVE,R,TX,5,H001036,115
1749,Jeb,HENSARLING,REPRESENTATIVE,R,TX,5,H001036,115
2131,Andy,BARR,REPRESENTATIVE,R,KY,11,B001282,115
1749,Jeb,HENSARLING,REPRESENTATIVE,R,TX,5,H001036,115
2131,Andy,BARR,REPRESENTATIVE,R,KY,11,B001282,115
1857,Keith,ELLISON,REPRESENTATIVE,D,MN,5,E000288,115
1857,Keith,ELLISON,REPRESENTATIVE,D,MN,5,E000288,115
1749,Jeb,HENSARLING,REPRESENTATIVE,R,TX,5,H001036,115
1931,Blaine,LUETKEMEYER,REPRESENTATIVE,R,MO,3,L000569,115
2153,Joyce,BEATTY,REPRESENTATIVE,D,OH,3,B001281,115
1749,Jeb,HENSARLING,REPRESENTATIVE,R,TX,5,H001036,115
1738,Stevan,PEARCE,REPRESENTATIVE,R,NM,2,P000588,115
1749,Jeb,HENSARLING,REPRESENTATIVE,R,TX,5,H001036,115
1738,Stevan,PEARCE,REPRESENTATIVE,R,NM,2,P000588,115
1749,Jeb,HENSARLING,REPRESENTATIVE,R,TX,5,H001036,115
2158,Keith,ROTHFUS,REPRESENTATIVE,R,PA,12,R000598,115
1588,Janice,SCHAKOWSKY,REPRESENTATIVE,D,IL,9,S001145,115
1749,Jeb,HENSARLING,REPRESENTATIVE,R,TX,5,H001036,115
2247,Bruce,POLIQUIN,REPRESENTATIVE,R,ME,2,P000611,115
1749,Jeb,HENSARLING,REPRESENTATIVE,R,TX,5,H001036,115
2223,J.,HILL,REPRESENTATIVE,R,AR,2,H001072,115
1749,Jeb,HENSARLING,REPRESENTATIVE,R,TX,5,H001036,115
2253,Tom,EMMER,REPRESENTATIVE,R,MN,6,E000294,115
1749,Jeb,HENSARLING,REPRESENTATIVE,R,TX,5,H001036,115
2238,Barry,LOUDERMILK,REPRESENTATIVE,R,GA,11,L000583,115
1604,Joseph,CROWLEY,REPRESENTATIVE,D,NY,14,C001038,115
1749,Jeb,HENSARLING,REPRESENTATIVE,R,TX,5,H001036,115
2336,Ted,BUDD,REPRESENTATIVE,R,NC,1,B001305,115
1749,Jeb,HENSARLING,REPRESENTATIVE,R,TX,5,H001036,115
1749,Jeb,HENSARLING,REPRESENTATIVE,R,TX,5,H001036,115
2361,Ralph,NORMAN,N/A,R,SC,N/A,N000190,115
1749,Jeb,HENSARLING,REPRESENTATIVE,R,TX,5,H001036,115
1749,Jeb,HENSARLING,REPRESENTATIVE,R,TX,5,H001036,115
2099,Kyrsten,SINEMA,REPRESENTATIVE,D,AZ,9,S001191,115
1749,Jeb,HENSARLING,REPRESENTATIVE,R,TX,5,H001036,115
1749,Jeb,HENSARLING,REPRESENTATIVE,R,TX,5,H001036,115
2090,Mark,AMODEI,REPRESENTATIVE,R,NV,2,A000369,115
1828,Robert,CASEY,SENATOR,D,PA,N/A,C001070,115
1670,John,CULBERSON,REPRESENTATIVE,R,TX,7,C001048,115
1534,John,THUNE,SENATOR,R,SD,N/A,T000250,115
854,Richard,NEAL,REPRESENTATIVE,D,MA,1,N000015,115
1892,Steve,SCALISE,REPRESENTATIVE,R,LA,1,S001176,115
854,Richard,NEAL,REPRESENTATIVE,D,MA,1,N000015,115
854,Richard,NEAL,REPRESENTATIVE,D,MA,1,N000015,115
854,Richard,NEAL,REPRESENTATIVE,D,MA,1,N000015,115
854,Richard,NEAL,REPRESENTATIVE,D,MA,1,N000015,115
854,Richard,NEAL,REPRESENTATIVE,D,MA,1,N000015,115
683,Sander,LEVIN,REPRESENTATIVE,D,MI,9,L000263,115
1848,Peter,ROSKAM,REPRESENTATIVE,R,IL,6,R000580,115
854,Richard,NEAL,REPRESENTATIVE,D,MA,1,N000015,115
303,Lloyd,DOGGETT,REPRESENTATIVE,D,TX,35,D000399,115
854,Richard,NEAL,REPRESENTATIVE,D,MA,1,N000015,115
303,Lloyd,DOGGETT,REPRESENTATIVE,D,TX,35,D000399,115
1982,Tom,REED,REPRESENTATIVE,R,NY,23,R000585,115
854,Richard,NEAL,REPRESENTATIVE,D,MA,1,N000015,115
854,Richard,NEAL,REPRESENTATIVE,D,MA,1,N000015,115
1994,David,SCHWEIKERT,REPRESENTATIVE,R,AZ,6,S001183,115
854,Richard,NEAL,REPRESENTATIVE,D,MA,1,N000015,115
99,Earl,BLUMENAUER,REPRESENTATIVE,D,OR,3,B000574,115
854,Richard,NEAL,REPRESENTATIVE,D,MA,1,N000015,115
1510,Bill,PASCRELL,REPRESENTATIVE,D,NJ,9,P000096,115
854,Richard,NEAL,REPRESENTATIVE,D,MA,1,N000015,115
1604,Joseph,CROWLEY,REPRESENTATIVE,D,NY,14,C001038,115
854,Richard,NEAL,REPRESENTATIVE,D,MA,1,N000015,115
854,Richard,NEAL,REPRESENTATIVE,D,MA,1,N000015,115
854,Richard,NEAL,REPRESENTATIVE,D,MA,1,N000015,115
854,Richard,NEAL,REPRESENTATIVE,D,MA,1,N000015,115
854,Richard,NEAL,REPRESENTATIVE,D,MA,1,N000015,115
1757,Linda,SANCHEZ,REPRESENTATIVE,D,CA,38,S001156,115
854,Richard,NEAL,REPRESENTATIVE,D,MA,1,N000015,115
854,Richard,NEAL,REPRESENTATIVE,D,MA,1,N000015,115
208,James,CLYBURN,REPRESENTATIVE,D,SC,6,C000537,115
854,Richard,NEAL,REPRESENTATIVE,D,MA,1,N000015,115
566,Steny,HOYER,REPRESENTATIVE,D,MD,5,H000874,115
854,Richard,NEAL,REPRESENTATIVE,D,MA,1,N000015,115
566,Steny,HOYER,REPRESENTATIVE,D,MD,5,H000874,115
854,Richard,NEAL,REPRESENTATIVE,D,MA,1,N000015,115
905,Nancy,PELOSI,REPRESENTATIVE,D,CA,12,P000197,115
854,Richard,NEAL,REPRESENTATIVE,D,MA,1,N000015,115
854,Richard,NEAL,REPRESENTATIVE,D,MA,1,N000015,115
854,Richard,NEAL,REPRESENTATIVE,D,MA,1,N000015,115
2288,Mike,ROUNDS,N/A,R,SD,N/A,R000605,115
2138,Steve,DAINES,SENATOR,R,MT,N/A,D000618,115
344,Eliot,ENGEL,REPRESENTATIVE,D,NY,16,E000179,115
1687,John,BOOZMAN,SENATOR,R,AR,N/A,B001236,115
2286,David,PERDUE,SENATOR,R,GA,N/A,P000612,115
1936,Leonard,LANCE,REPRESENTATIVE,R,NJ,7,L000567,115
2342,Adriano,ESPAILLAT,N/A,D,NY,N/A,E000297,115
2109,Raul,RUIZ,REPRESENTATIVE,D,CA,36,R000599,115
2345,Brian,FITZPATRICK,REPRESENTATIVE,R,PA,8,F000466,115
2293,Daniel,DONOVAN,REPRESENTATIVE,R,NY,11,D000625,115
1501,Barbara,LEE,REPRESENTATIVE,D,CA,13,L000551,115
2309,Jimmy,PANETTA,N/A,D,CA,N/A,P000613,115
1791,Virginia,FOXX,REPRESENTATIVE,R,NC,5,F000450,115
1247,Ron,WYDEN,SENATOR,D,OR,N/A,W000779,115
1351,Orrin,HATCH,SENATOR,R,UT,N/A,H000338,115
1036,Charles,SCHUMER,SENATOR,D,NY,N/A,S000148,115
1036,Charles,SCHUMER,SENATOR,D,NY,N/A,S000148,115
1351,Orrin,HATCH,SENATOR,R,UT,N/A,H000338,115
1351,Orrin,HATCH,SENATOR,R,UT,N/A,H000338,115
1351,Orrin,HATCH,SENATOR,R,UT,N/A,H000338,115
136,Sherrod,BROWN,REPRESENTATIVE,D,OH,26,B000944,115
136,Sherrod,BROWN,REPRESENTATIVE,D,OH,26,B000944,115
1351,Orrin,HATCH,SENATOR,R,UT,N/A,H000338,115
136,Sherrod,BROWN,REPRESENTATIVE,D,OH,26,B000944,115
136,Sherrod,BROWN,REPRESENTATIVE,D,OH,26,B000944,115
136,Sherrod,BROWN,REPRESENTATIVE,D,OH,26,B000944,115
136,Sherrod,BROWN,REPRESENTATIVE,D,OH,26,B000944,115
1351,Orrin,HATCH,SENATOR,R,UT,N/A,H000338,115
1351,Orrin,HATCH,SENATOR,R,UT,N/A,H000338,115
1351,Orrin,HATCH,SENATOR,R,UT,N/A,H000338,115
136,Sherrod,BROWN,REPRESENTATIVE,D,OH,26,B000944,115
136,Sherrod,BROWN,REPRESENTATIVE,D,OH,26,B000944,115
1351,Orrin,HATCH,SENATOR,R,UT,N/A,H000338,115
136,Sherrod,BROWN,REPRESENTATIVE,D,OH,26,B000944,115
136,Sherrod,BROWN,REPRESENTATIVE,D,OH,26,B000944,115
1351,Orrin,HATCH,SENATOR,R,UT,N/A,H000338,115
1351,Orrin,HATCH,SENATOR,R,UT,N/A,H000338,115
1247,Ron,WYDEN,SENATOR,D,OR,N/A,W000779,115
1594,Patrick,TOOMEY,SENATOR,R,PA,N/A,T000461,115
1594,Patrick,TOOMEY,SENATOR,R,PA,N/A,T000461,115
136,Sherrod,BROWN,REPRESENTATIVE,D,OH,26,B000944,115
136,Sherrod,BROWN,REPRESENTATIVE,D,OH,26,B000944,115
1692,John,CORNYN,SENATOR,R,TX,N/A,C001056,115
136,Sherrod,BROWN,REPRESENTATIVE,D,OH,26,B000944,115
1692,John,CORNYN,SENATOR,R,TX,N/A,C001056,115
1692,John,CORNYN,SENATOR,R,TX,N/A,C001056,115
1594,Patrick,TOOMEY,SENATOR,R,PA,N/A,T000461,115
1247,Ron,WYDEN,SENATOR,D,OR,N/A,W000779,115
136,Sherrod,BROWN,REPRESENTATIVE,D,OH,26,B000944,115
2290,Dan,SULLIVAN,SENATOR,R,AK,N/A,S001198,115
136,Sherrod,BROWN,REPRESENTATIVE,D,OH,26,B000944,115
2290,Dan,SULLIVAN,SENATOR,R,AK,N/A,S001198,115
2290,Dan,SULLIVAN,SENATOR,R,AK,N/A,S001198,115
136,Sherrod,BROWN,REPRESENTATIVE,D,OH,26,B000944,115
136,Sherrod,BROWN,REPRESENTATIVE,D,OH,26,B000944,115
2290,Dan,SULLIVAN,SENATOR,R,AK,N/A,S001198,115
2290,Dan,SULLIVAN,SENATOR,R,AK,N/A,S001198,115
136,Sherrod,BROWN,REPRESENTATIVE,D,OH,26,B000944,115
2290,Dan,SULLIVAN,SENATOR,R,AK,N/A,S001198,115
136,Sherrod,BROWN,REPRESENTATIVE,D,OH,26,B000944,115
326,Richard,DURBIN,SENATOR,D,IL,N/A,D000563,115
136,Sherrod,BROWN,REPRESENTATIVE,D,OH,26,B000944,115
136,Sherrod,BROWN,REPRESENTATIVE,D,OH,26,B000944,115
1247,Ron,WYDEN,SENATOR,D,OR,N/A,W000779,115
136,Sherrod,BROWN,REPRESENTATIVE,D,OH,26,B000944,115
1247,Ron,WYDEN,SENATOR,D,OR,N/A,W000779,115
1998,Cory,GARDNER,N/A,R,CO,N/A,G000562,115
1998,Cory,GARDNER,N/A,R,CO,N/A,G000562,115
1998,Cory,GARDNER,N/A,R,CO,N/A,G000562,115
1828,Robert,CASEY,SENATOR,D,PA,N/A,C001070,115
1828,Robert,CASEY,SENATOR,D,PA,N/A,C001070,115
1541,Susan,COLLINS,REPRESENTATIVE,R,ME,9,C001035,115
1567,Tom,UDALL,SENATOR,D,NM,N/A,U000039,115
2194,Cory,BOOKER,SENATOR,D,NJ,N/A,B001288,115
968,Pat,ROBERTS,SENATOR,R,KS,N/A,R000307,115
1844,Mazie,HIRONO,SENATOR,D,HI,N/A,H001042,115
1844,Mazie,HIRONO,SENATOR,D,HI,N/A,H001042,115
1929,Gary,PETERS,REPRESENTATIVE,D,MI,52,P000595,115
1929,Gary,PETERS,REPRESENTATIVE,D,MI,52,P000595,115
1828,Robert,CASEY,SENATOR,D,PA,N/A,C001070,115
1828,Robert,CASEY,SENATOR,D,PA,N/A,C001070,115
174,Benjamin,CARDIN,SENATOR,D,MD,N/A,C000141,115
1692,John,CORNYN,SENATOR,R,TX,N/A,C001056,115
1542,Michael,ENZI,SENATOR,R,WY,N/A,E000285,115
1247,Ron,KING,REPRESENTATIVE,D,OR,4,W000779,115
1925,Bill,CASSIDY,SENATOR,R,LA,N/A,C001075,115
1247,Ron,KING,REPRESENTATIVE,D,OR,4,W000779,115
1594,Patrick,TOOMEY,SENATOR,R,PA,N/A,T000461,115
735,Edward,MARKEY,SENATOR,D,MA,N/A,M000133,115
2286,David,PERDUE,SENATOR,R,GA,N/A,P000612,115
2286,David,PERDUE,SENATOR,R,GA,N/A,P000612,115
1829,Jon,TESTER,SENATOR,D,MT,N/A,T000464,115
1010,Bernard,SANDERS,SENATOR,I,VT,N/A,S000033,115
1010,Bernard,SANDERS,SENATOR,I,VT,N/A,S000033,115
1247,Ron,WYDEN,SENATOR,D,OR,N/A,W000779,115
1010,Bernard,SANDERS,SENATOR,I,VT,N/A,S000033,115
1010,Bernard,SANDERS,SENATOR,I,VT,N/A,S000033,115
1534,John,THUNE,SENATOR,R,SD,N/A,T000250,115
1247,Ron,WYDEN,SENATOR,D,OR,N/A,W000779,115
1534,John,THUNE,SENATOR,R,SD,N/A,T000250,115
1010,Bernard,SANDERS,SENATOR,I,VT,N/A,S000033,115
1247,Ron,WYDEN,SENATOR,D,OR,N/A,W000779,115
1692,John,CORNYN,SENATOR,R,TX,N/A,C001056,115
1247,Ron,WYDEN,SENATOR,D,OR,N/A,W000779,115
1247,Ron,WYDEN,SENATOR,D,OR,N/A,W000779,115
1692,John,CORNYN,SENATOR,R,TX,N/A,C001056,115
1247,Ron,WYDEN,SENATOR,D,OR,N/A,W000779,115
1247,Ron,WYDEN,SENATOR,D,OR,N/A,W000779,115
1534,John,THUNE,SENATOR,R,SD,N/A,T000250,115
924,Rob,PORTMAN,SENATOR,R,OH,N/A,P000449,115
1534,John,THUNE,SENATOR,R,SD,N/A,T000250,115
924,Rob,PORTMAN,SENATOR,R,OH,N/A,P000449,115
1534,John,THUNE,SENATOR,R,SD,N/A,T000250,115
924,Rob,PORTMAN,SENATOR,R,OH,N/A,P000449,115
1534,John,THUNE,SENATOR,R,SD,N/A,T000250,115
1247,Ron,WYDEN,SENATOR,D,OR,N/A,W000779,115
1531,Debbie,STABENOW,SENATOR,D,MI,N/A,S000770,115
1531,Debbie,STABENOW,SENATOR,D,MI,N/A,S000770,115
1531,Debbie,STABENOW,SENATOR,D,MI,N/A,S000770,115
2056,Tim,SCOTT,REPRESENTATIVE,R,SC,52,S001184,115
1694,Lisa,MURKOWSKI,SENATOR,R,AK,N/A,M001153,115
1900,Jeff,MERKLEY,SENATOR,D,OR,N/A,M001176,115
1826,Amy,KLOBUCHAR,SENATOR,D,MN,N/A,K000367,115
1900,Jeff,MERKLEY,SENATOR,D,OR,N/A,M001176,115
1826,Amy,KLOBUCHAR,SENATOR,D,MN,N/A,K000367,115
1900,Jeff,MERKLEY,SENATOR,D,OR,N/A,M001176,115
1826,Amy,KLOBUCHAR,SENATOR,D,MN,N/A,K000367,115
1900,Jeff,MERKLEY,SENATOR,D,OR,N/A,M001176,115
1826,Amy,KLOBUCHAR,SENATOR,D,MN,N/A,K000367,115
1900,Jeff,MERKLEY,SENATOR,D,OR,N/A,M001176,115
1826,Amy,KLOBUCHAR,SENATOR,D,MN,N/A,K000367,115
1900,Jeff,MERKLEY,SENATOR,D,OR,N/A,M001176,115
1594,Patrick,TOOMEY,SENATOR,R,PA,N/A,T000461,115
1010,Bernard,SANDERS,SENATOR,I,VT,N/A,S000033,115
1010,Bernard,SANDERS,SENATOR,I,VT,N/A,S000033,115
1010,Bernard,SANDERS,SENATOR,I,VT,N/A,S000033,115
2084,Marco,RUBIO,SENATOR,R,FL,N/A,R000595,115
2084,Marco,RUBIO,SENATOR,R,FL,N/A,R000595,115
1010,Bernard,SANDERS,SENATOR,I,VT,N/A,S000033,115
1594,Patrick,TOOMEY,SENATOR,R,PA,N/A,T000461,115
1010,Bernard,SANDERS,SENATOR,I,VT,N/A,S000033,115
1594,Patrick,TOOMEY,SENATOR,R,PA,N/A,T000461,115
1010,Bernard,SANDERS,SENATOR,I,VT,N/A,S000033,115
1594,Patrick,TOOMEY,SENATOR,R,PA,N/A,T000461,115
1010,Bernard,SANDERS,SENATOR,I,VT,N/A,S000033,115
1594,Patrick,TOOMEY,SENATOR,R,PA,N/A,T000461,115
1010,Bernard,SANDERS,SENATOR,I,VT,N/A,S000033,115
2084,Marco,RUBIO,SENATOR,R,FL,N/A,R000595,115
2084,Marco,RUBIO,SENATOR,R,FL,N/A,R000595,115
1984,Christopher,COONS,SENATOR,D,DE,N/A,C001088,115
2084,Marco,RUBIO,SENATOR,R,FL,N/A,R000595,115
1984,Christopher,COONS,SENATOR,D,DE,N/A,C001088,115
2084,Marco,RUBIO,SENATOR,R,FL,N/A,R000595,115
1531,Debbie,STABENOW,SENATOR,D,MI,N/A,S000770,115
1531,Debbie,STABENOW,SENATOR,D,MI,N/A,S000770,115
1594,Patrick,TOOMEY,SENATOR,R,PA,N/A,T000461,115
1531,Debbie,STABENOW,SENATOR,D,MI,N/A,S000770,115
1531,Debbie,STABENOW,SENATOR,D,MI,N/A,S000770,115
1594,Patrick,TOOMEY,SENATOR,R,PA,N/A,T000461,115
1531,Debbie,STABENOW,SENATOR,D,MI,N/A,S000770,115
1531,Debbie,STABENOW,SENATOR,D,MI,N/A,S000770,115
859,Bill,NELSON,SENATOR,D,FL,N/A,N000032,115
174,Benjamin,CARDIN,SENATOR,D,MD,N/A,C000141,115
1247,Ron,WYDEN,SENATOR,D,OR,N/A,W000779,115
2290,Dan,SULLIVAN,SENATOR,R,AK,N/A,S001198,115
1558,Tammy,BALDWIN,SENATOR,D,WI,N/A,B001230,115
1247,Ron,WYDEN,SENATOR,D,OR,N/A,W000779,115
2056,Tim,SCOTT,REPRESENTATIVE,R,SC,52,S001184,115
2290,Dan,SULLIVAN,SENATOR,R,AK,N/A,S001198,115
2076,Richard,BLUMENTHAL,SENATOR,D,CT,N/A,B001277,115
791,Robert,MENENDEZ,SENATOR,D,NJ,N/A,M000639,115
1383,Patrick,LEAHY,SENATOR,D,VT,N/A,L000174,115
1332,Dianne,FEINSTEIN,SENATOR,D,CA,N/A,F000062,115
1965,Michael,BENNET,SENATOR,D,CO,N/A,B001267,115
179,Thomas,CARPER,SENATOR,D,DE,N/A,C000174,115
1558,Tammy,BALDWIN,SENATOR,D,WI,N/A,B001230,115
1900,Jeff,MERKLEY,SENATOR,D,OR,N/A,M001176,115
1567,Tom,UDALL,SENATOR,D,NM,N/A,U000039,115
1567,Tom,UDALL,SENATOR,D,NM,N/A,U000039,115
1567,Tom,UDALL,SENATOR,D,NM,N/A,U000039,115
949,Jack,REED,REPRESENTATIVE,D,RI,23,R000122,115
2301,Kamala,HARRIS,REPRESENTATIVE,D,CA,1,H001075,115
791,Robert,MENENDEZ,SENATOR,D,NJ,N/A,M000639,115
1828,Robert,CASEY,SENATOR,D,PA,N/A,C001070,115
2344,Claudia,TENNEY,N/A,R,NY,N/A,T000478,115
2097,Donald,PAYNE,REPRESENTATIVE,D,NJ,10,P000604,115
1542,Michael,ENZI,SENATOR,R,WY,N/A,E000285,115
