speaker_id,first_name,last_name,type,party,state,district,bio_guide_id,congress_id
1844,Mazie,HIRONO,SENATOR,D,HI,N/A,H001042,115
1844,Mazie,HIRONO,SENATOR,D,HI,N/A,H001042,115
2173,Brian,SCHATZ,SENATOR,D,HI,N/A,S001194,115
1608,Johnny,ISAKSON,SENATOR,R,GA,N/A,I000055,115
1608,Johnny,ISAKSON,SENATOR,R,GA,N/A,I000055,115
1608,Johnny,ISAKSON,SENATOR,R,GA,N/A,I000055,115
1692,John,CORNYN,SENATOR,R,TX,N/A,C001056,115
326,Richard,DURBIN,SENATOR,D,IL,N/A,D000563,115
1695,Lamar,ALEXANDER,SENATOR,R,TN,N/A,A000360,115
1695,Lamar,ALEXANDER,SENATOR,R,TN,N/A,A000360,115
1567,Tom,UDALL,SENATOR,D,NM,N/A,U000039,115
1567,Tom,UDALL,SENATOR,D,NM,N/A,U000039,115
2334,Paul,MITCHELL,N/A,R,MI,N/A,M001201,115
2334,Paul,MITCHELL,N/A,R,MI,N/A,M001201,115
2334,Paul,MITCHELL,N/A,R,MI,N/A,M001201,115
1564,Michael,CAPUANO,REPRESENTATIVE,D,MA,7,C001037,115
2334,Paul,MITCHELL,N/A,R,MI,N/A,M001201,115
2334,Paul,MITCHELL,N/A,R,MI,N/A,M001201,115
2334,Paul,MITCHELL,N/A,R,MI,N/A,M001201,115
2334,Paul,MITCHELL,N/A,R,MI,N/A,M001201,115
2334,Paul,MITCHELL,N/A,R,MI,N/A,M001201,115
1564,Michael,CAPUANO,REPRESENTATIVE,D,MA,7,C001037,115
2338,Josh,GOTTHEIMER,N/A,D,NJ,N/A,G000583,115
1564,Michael,CAPUANO,REPRESENTATIVE,D,MA,7,C001037,115
2334,Paul,MITCHELL,N/A,R,MI,N/A,M001201,115
1801,Louie,GOHMERT,REPRESENTATIVE,R,TX,1,G000552,115
2025,William,KEATING,REPRESENTATIVE,D,MA,9,K000375,115
2025,William,KEATING,REPRESENTATIVE,D,MA,9,K000375,115
1036,Charles,SCHUMER,SENATOR,D,NY,N/A,S000148,115
2346,Lloyd,SMUCKER,N/A,R,PA,N/A,S001199,115
2346,Lloyd,SMUCKER,N/A,R,PA,N/A,S001199,115
1036,Charles,SCHUMER,SENATOR,D,NY,N/A,S000148,115
1825,Bob,CORKER,SENATOR,R,TN,N/A,C001071,115
1542,Michael,ENZI,SENATOR,R,WY,N/A,E000285,115
1036,Charles,SCHUMER,SENATOR,D,NY,N/A,S000148,115
1036,Charles,SCHUMER,SENATOR,D,NY,N/A,S000148,115
1801,Louie,GOHMERT,REPRESENTATIVE,R,TX,1,G000552,115
1036,Charles,SCHUMER,SENATOR,D,NY,N/A,S000148,115
1844,Mazie,HIRONO,SENATOR,D,HI,N/A,H001042,115
2076,Richard,BLUMENTHAL,SENATOR,D,CT,N/A,B001277,115
1247,Ron,WYDEN,SENATOR,D,OR,N/A,W000779,115
2354,Pramila,JAYAPAL,N/A,D,WA,N/A,J000298,115
2228,Stephen,KNIGHT,REPRESENTATIVE,R,CA,25,K000387,115
2105,David,VALADAO,REPRESENTATIVE,R,CA,21,V000129,115
2344,Claudia,TENNEY,N/A,R,NY,N/A,T000478,115
1995,Jeff,DENHAM,REPRESENTATIVE,R,CA,10,D000612,115
2097,Donald,PAYNE,REPRESENTATIVE,D,NJ,10,P000604,115
2346,Lloyd,SMUCKER,N/A,R,PA,N/A,S001199,115
1863,Dean,HELLER,SENATOR,R,NV,N/A,H001041,115
2328,Roger,MARSHALL,N/A,R,KS,N/A,M001198,115
2328,Roger,MARSHALL,N/A,R,KS,N/A,M001198,115
2134,Daniel,KILDEE,REPRESENTATIVE,D,MI,5,K000380,115
2124,Bradley,SCHNEIDER,N/A,D,IL,N/A,S001190,115
2244,Ralph,ABRAHAM,REPRESENTATIVE,R,LA,5,A000374,115
452,Lindsey,GRAHAM,REPRESENTATIVE,R,SC,2,G000359,115
2344,Claudia,TENNEY,N/A,R,NY,N/A,T000478,115
2325,Raja,KRISHNAMOORTHI,N/A,D,IL,N/A,K000391,115
1930,Erik,PAULSEN,REPRESENTATIVE,R,MN,3,P000594,115
2141,Robert,PITTENGER,REPRESENTATIVE,R,NC,9,P000606,115
2165,Roger,WILLIAMS,REPRESENTATIVE,R,TX,25,W000816,115
1828,Robert,CASEY,SENATOR,D,PA,N/A,C001070,115
2340,Ruben,KIHUEN,N/A,D,NV,N/A,K000390,115
2025,William,KEATING,REPRESENTATIVE,D,MA,9,K000375,115
1912,Mike,COFFMAN,REPRESENTATIVE,R,CO,6,C001077,115
2025,William,KEATING,REPRESENTATIVE,D,MA,9,K000375,115
1996,Karen,BASS,REPRESENTATIVE,D,CA,37,B001270,115
1930,Erik,PAULSEN,REPRESENTATIVE,R,MN,3,P000594,115
2025,William,KEATING,REPRESENTATIVE,D,MA,9,K000375,115
1857,Keith,ELLISON,REPRESENTATIVE,D,MN,5,E000288,115
2025,William,KEATING,REPRESENTATIVE,D,MA,9,K000375,115
1857,Keith,ELLISON,REPRESENTATIVE,D,MN,5,E000288,115
2025,William,KEATING,REPRESENTATIVE,D,MA,9,K000375,115
1036,Charles,SCHUMER,SENATOR,D,NY,N/A,S000148,115
1955,Pete,OLSON,REPRESENTATIVE,R,TX,22,O000168,115
2123,Tammy,DUCKWORTH,REPRESENTATIVE,D,IL,8,D000622,115
616,Marcy,KAPTUR,REPRESENTATIVE,D,OH,8,K000009,115
1850,Joe,DONNELLY,SENATOR,D,IN,N/A,D000607,115
2239,Rick,ALLEN,REPRESENTATIVE,R,GA,12,A000372,115
446,Bob,GOODLATTE,REPRESENTATIVE,R,VA,6,G000289,115
446,Bob,GOODLATTE,REPRESENTATIVE,R,VA,6,G000289,115
446,Bob,GOODLATTE,REPRESENTATIVE,R,VA,6,G000289,115
446,Bob,GOODLATTE,REPRESENTATIVE,R,VA,6,G000289,115
2345,Brian,FITZPATRICK,REPRESENTATIVE,R,PA,8,F000466,115
446,Bob,GOODLATTE,REPRESENTATIVE,R,VA,6,G000289,115
446,Bob,GOODLATTE,REPRESENTATIVE,R,VA,6,G000289,115
446,Bob,GOODLATTE,REPRESENTATIVE,R,VA,6,G000289,115
1036,Charles,SCHUMER,SENATOR,D,NY,N/A,S000148,115
