speaker_id,first_name,last_name,type,party,state,district,bio_guide_id,congress_id
1247,Ron,WYDEN,SENATOR,D,OR,N/A,W000779,115
1247,Ron,WYDEN,SENATOR,D,OR,N/A,W000779,115
1036,Charles,SCHUMER,SENATOR,D,NY,N/A,S000148,115
924,Rob,PORTMAN,SENATOR,R,OH,N/A,P000449,115
457,Chuck,GRASSLEY,SENATOR,R,IA,N/A,G000386,115
457,Chuck,GRASSLEY,SENATOR,R,IA,N/A,G000386,115
2291,Thom,TILLIS,SENATOR,R,NC,N/A,T000476,115
457,Chuck,GRASSLEY,SENATOR,R,IA,N/A,G000386,115
2098,Tom,COTTON,SENATOR,R,AR,N/A,C001095,115
2050,James,LANKFORD,SENATOR,R,OK,N/A,L000575,115
1351,Orrin,HATCH,SENATOR,R,UT,N/A,H000338,115
1351,Orrin,HATCH,SENATOR,R,UT,N/A,H000338,115
2086,Ron,JOHNSON,REPRESENTATIVE,R,WI,4,J000293,115
1692,John,CORNYN,SENATOR,R,TX,N/A,C001056,115
326,Richard,DURBIN,SENATOR,D,IL,N/A,D000563,115
1692,John,CORNYN,SENATOR,R,TX,N/A,C001056,115
1531,Debbie,STABENOW,SENATOR,D,MI,N/A,S000770,115
1633,Jeff,FLAKE,SENATOR,R,AZ,N/A,F000444,115
1828,Robert,CASEY,SENATOR,D,PA,N/A,C001070,115
1828,Robert,CASEY,SENATOR,D,PA,N/A,C001070,115
2298,Dwight,EVANS,N/A,D,PA,N/A,E000296,115
2298,Dwight,EVANS,N/A,D,PA,N/A,E000296,115
2298,Dwight,EVANS,N/A,D,PA,N/A,E000296,115
2023,Cedric,RICHMOND,REPRESENTATIVE,D,LA,2,R000588,115
2298,Dwight,EVANS,N/A,D,PA,N/A,E000296,115
2298,Dwight,EVANS,N/A,D,PA,N/A,E000296,115
2298,Dwight,EVANS,N/A,D,PA,N/A,E000296,115
2298,Dwight,EVANS,N/A,D,PA,N/A,E000296,115
588,Sheila,LEE,REPRESENTATIVE,D,TX,13,J000032,115
2298,Dwight,EVANS,N/A,D,PA,N/A,E000296,115
2298,Dwight,EVANS,N/A,D,PA,N/A,E000296,115
2298,Dwight,EVANS,N/A,D,PA,N/A,E000296,115
2097,Donald,PAYNE,REPRESENTATIVE,D,NJ,10,P000604,115
2298,Dwight,EVANS,N/A,D,PA,N/A,E000296,115
2153,Joyce,BEATTY,REPRESENTATIVE,D,OH,3,B001281,115
2298,Dwight,EVANS,N/A,D,PA,N/A,E000296,115
2293,Daniel,DONOVAN,REPRESENTATIVE,R,NY,11,D000625,115
2293,Daniel,DONOVAN,REPRESENTATIVE,R,NY,11,D000625,115
2293,Daniel,DONOVAN,REPRESENTATIVE,R,NY,11,D000625,115
2097,Donald,PAYNE,REPRESENTATIVE,D,NJ,10,P000604,115
2293,Daniel,DONOVAN,REPRESENTATIVE,R,NY,11,D000625,115
2097,Donald,PAYNE,REPRESENTATIVE,D,NJ,10,P000604,115
2097,Donald,PAYNE,REPRESENTATIVE,D,NJ,10,P000604,115
2293,Daniel,DONOVAN,REPRESENTATIVE,R,NY,11,D000625,115
2144,Kevin,CRAMER,REPRESENTATIVE,R,ND,0,C001096,115
2144,Kevin,CRAMER,REPRESENTATIVE,R,ND,0,C001096,115
2345,Brian,FITZPATRICK,REPRESENTATIVE,R,PA,8,F000466,115
2345,Brian,FITZPATRICK,REPRESENTATIVE,R,PA,8,F000466,115
2319,Darren,SOTO,N/A,D,FL,N/A,S001200,115
2345,Brian,FITZPATRICK,REPRESENTATIVE,R,PA,8,F000466,115
2252,Brenda,LAWRENCE,REPRESENTATIVE,D,MI,14,L000581,115
2115,Ted,YOHO,REPRESENTATIVE,R,FL,3,Y000065,115
1526,Brad,SHERMAN,REPRESENTATIVE,D,CA,30,S000344,115
2115,Ted,YOHO,REPRESENTATIVE,R,FL,3,Y000065,115
1526,Brad,SHERMAN,REPRESENTATIVE,D,CA,30,S000344,115
1526,Brad,SHERMAN,REPRESENTATIVE,D,CA,30,S000344,115
1526,Brad,SHERMAN,REPRESENTATIVE,D,CA,30,S000344,115
1930,Erik,PAULSEN,REPRESENTATIVE,R,MN,3,P000594,115
2354,Pramila,JAYAPAL,N/A,D,WA,N/A,J000298,115
616,Marcy,KAPTUR,REPRESENTATIVE,D,OH,8,K000009,115
1692,John,CORNYN,SENATOR,R,TX,N/A,C001056,115
979,Dana,ROHRABACHER,REPRESENTATIVE,R,CA,48,R000409,115
1973,John,GARAMENDI,REPRESENTATIVE,D,CA,3,G000559,115
2149,Hakeem,JEFFRIES,REPRESENTATIVE,D,NY,8,J000294,115
1973,John,GARAMENDI,REPRESENTATIVE,D,CA,3,G000559,115
2149,Hakeem,JEFFRIES,REPRESENTATIVE,D,NY,8,J000294,115
1973,John,GARAMENDI,REPRESENTATIVE,D,CA,3,G000559,115
2149,Hakeem,JEFFRIES,REPRESENTATIVE,D,NY,8,J000294,115
1973,John,GARAMENDI,REPRESENTATIVE,D,CA,3,G000559,115
1973,John,GARAMENDI,REPRESENTATIVE,D,CA,3,G000559,115
1973,John,GARAMENDI,REPRESENTATIVE,D,CA,3,G000559,115
2149,Hakeem,JEFFRIES,REPRESENTATIVE,D,NY,8,J000294,115
1973,John,GARAMENDI,REPRESENTATIVE,D,CA,3,G000559,115
2149,Hakeem,JEFFRIES,REPRESENTATIVE,D,NY,8,J000294,115
1973,John,GARAMENDI,REPRESENTATIVE,D,CA,3,G000559,115
2149,Hakeem,JEFFRIES,REPRESENTATIVE,D,NY,8,J000294,115
1973,John,GARAMENDI,REPRESENTATIVE,D,CA,3,G000559,115
1774,Jim,COSTA,REPRESENTATIVE,D,CA,16,C001059,115
2035,Steven,PALAZZO,REPRESENTATIVE,R,MS,4,P000601,115
1900,Jeff,MERKLEY,SENATOR,D,OR,N/A,M001176,115
1791,Virginia,FOXX,REPRESENTATIVE,R,NC,5,F000450,115
1791,Virginia,FOXX,REPRESENTATIVE,R,NC,5,F000450,115
2344,Claudia,TENNEY,N/A,R,NY,N/A,T000478,115
99,Earl,BLUMENAUER,REPRESENTATIVE,D,OR,3,B000574,115
2097,Donald,PAYNE,REPRESENTATIVE,D,NJ,10,P000604,115
2263,Elise,STEFANIK,REPRESENTATIVE,R,NY,21,S001196,115
1900,Jeff,MERKLEY,SENATOR,D,OR,N/A,M001176,115
2253,Tom,EMMER,REPRESENTATIVE,R,MN,6,E000294,115
2253,Tom,EMMER,REPRESENTATIVE,R,MN,6,E000294,115
2253,Tom,EMMER,REPRESENTATIVE,R,MN,6,E000294,115
2253,Tom,EMMER,REPRESENTATIVE,R,MN,6,E000294,115
2344,Claudia,TENNEY,N/A,R,NY,N/A,T000478,115
2355,Mike,GALLAGHER,N/A,R,WI,N/A,G000579,115
2355,Mike,GALLAGHER,N/A,R,WI,N/A,G000579,115
2355,Mike,GALLAGHER,N/A,R,WI,N/A,G000579,115
2312,J.,CORREA,N/A,D,CA,N/A,C001110,115
2355,Mike,GALLAGHER,N/A,R,WI,N/A,G000579,115
2320,Val,DEMINGS,N/A,D,FL,N/A,D000627,115
2353,Thomas,GARRETT,REPRESENTATIVE,R,VA,5,G000580,115
2353,Thomas,GARRETT,REPRESENTATIVE,R,VA,5,G000580,115
2363,John,CURTIS,N/A,R,UT,N/A,C001114,115
2353,Thomas,GARRETT,REPRESENTATIVE,R,VA,5,G000580,115
2115,Ted,YOHO,REPRESENTATIVE,R,FL,3,Y000065,115
2353,Thomas,GARRETT,REPRESENTATIVE,R,VA,5,G000580,115
2158,Keith,ROTHFUS,REPRESENTATIVE,R,PA,12,R000598,115
2353,Thomas,GARRETT,REPRESENTATIVE,R,VA,5,G000580,115
2336,Ted,BUDD,REPRESENTATIVE,R,NC,1,B001305,115
2353,Thomas,GARRETT,REPRESENTATIVE,R,VA,5,G000580,115
2353,Thomas,GARRETT,REPRESENTATIVE,R,VA,5,G000580,115
2353,Thomas,GARRETT,REPRESENTATIVE,R,VA,5,G000580,115
1801,Louie,GOHMERT,REPRESENTATIVE,R,TX,1,G000552,115
2353,Thomas,GARRETT,REPRESENTATIVE,R,VA,5,G000580,115
979,Dana,ROHRABACHER,REPRESENTATIVE,R,CA,48,R000409,115
2353,Thomas,GARRETT,REPRESENTATIVE,R,VA,5,G000580,115
2345,Brian,FITZPATRICK,REPRESENTATIVE,R,PA,8,F000466,115
2345,Brian,FITZPATRICK,REPRESENTATIVE,R,PA,8,F000466,115
2345,Brian,FITZPATRICK,REPRESENTATIVE,R,PA,8,F000466,115
2312,J.,CORREA,N/A,D,CA,N/A,C001110,115
2345,Brian,FITZPATRICK,REPRESENTATIVE,R,PA,8,F000466,115
2312,J.,CORREA,N/A,D,CA,N/A,C001110,115
2345,Brian,FITZPATRICK,REPRESENTATIVE,R,PA,8,F000466,115
2345,Brian,FITZPATRICK,REPRESENTATIVE,R,PA,8,F000466,115
1692,John,CORNYN,SENATOR,R,TX,N/A,C001056,115
2172,Joseph,KENNEDY,REPRESENTATIVE,D,MA,4,K000379,115
616,Marcy,KAPTUR,REPRESENTATIVE,D,OH,8,K000009,115
2345,Brian,FITZPATRICK,REPRESENTATIVE,R,PA,8,F000466,115
2345,Brian,FITZPATRICK,REPRESENTATIVE,R,PA,8,F000466,115
2345,Brian,FITZPATRICK,REPRESENTATIVE,R,PA,8,F000466,115
2312,J.,CORREA,N/A,D,CA,N/A,C001110,115
2345,Brian,FITZPATRICK,REPRESENTATIVE,R,PA,8,F000466,115
2124,Bradley,SCHNEIDER,N/A,D,IL,N/A,S001190,115
1801,Louie,GOHMERT,REPRESENTATIVE,R,TX,1,G000552,115
979,Dana,ROHRABACHER,REPRESENTATIVE,R,CA,48,R000409,115
1801,Louie,GOHMERT,REPRESENTATIVE,R,TX,1,G000552,115
979,Dana,ROHRABACHER,REPRESENTATIVE,R,CA,48,R000409,115
1801,Louie,GOHMERT,REPRESENTATIVE,R,TX,1,G000552,115
979,Dana,ROHRABACHER,REPRESENTATIVE,R,CA,48,R000409,115
1801,Louie,GOHMERT,REPRESENTATIVE,R,TX,1,G000552,115
1526,Brad,SHERMAN,REPRESENTATIVE,D,CA,30,S000344,115
979,Dana,ROHRABACHER,REPRESENTATIVE,R,CA,48,R000409,115
1526,Brad,SHERMAN,REPRESENTATIVE,D,CA,30,S000344,115
2124,Bradley,SCHNEIDER,N/A,D,IL,N/A,S001190,115
1526,Brad,SHERMAN,REPRESENTATIVE,D,CA,30,S000344,115
2124,Bradley,SCHNEIDER,N/A,D,IL,N/A,S001190,115
1526,Brad,SHERMAN,REPRESENTATIVE,D,CA,30,S000344,115
2341,Thomas,SUOZZI,N/A,D,NY,N/A,S001201,115
1526,Brad,SHERMAN,REPRESENTATIVE,D,CA,30,S000344,115
1976,Theodore,DEUTCH,REPRESENTATIVE,D,FL,21,D000610,115
1526,Brad,SHERMAN,REPRESENTATIVE,D,CA,30,S000344,115
1526,Brad,SHERMAN,REPRESENTATIVE,D,CA,30,S000344,115
1526,Brad,SHERMAN,REPRESENTATIVE,D,CA,30,S000344,115
2338,Josh,GOTTHEIMER,N/A,D,NJ,N/A,G000583,115
2157,Scott,PERRY,REPRESENTATIVE,R,PA,4,P000605,115
1526,Brad,SHERMAN,REPRESENTATIVE,D,CA,30,S000344,115
2137,Ann,WAGNER,REPRESENTATIVE,R,MO,2,W000812,115
1526,Brad,SHERMAN,REPRESENTATIVE,D,CA,30,S000344,115
2261,Lee,ZELDIN,REPRESENTATIVE,R,NY,1,Z000017,115
1526,Brad,SHERMAN,REPRESENTATIVE,D,CA,30,S000344,115
2312,J.,CORREA,N/A,D,CA,N/A,C001110,115
2316,John,RUTHERFORD,N/A,R,FL,N/A,R000609,115
1829,Jon,TESTER,SENATOR,D,MT,N/A,T000464,115
2134,Daniel,KILDEE,REPRESENTATIVE,D,MI,5,K000380,115
1526,Brad,SHERMAN,REPRESENTATIVE,D,CA,30,S000344,115
1526,Brad,SHERMAN,REPRESENTATIVE,D,CA,30,S000344,115
186,Steve,CHABOT,REPRESENTATIVE,R,OH,1,C000266,115
1526,Brad,SHERMAN,REPRESENTATIVE,D,CA,30,S000344,115
1531,Debbie,STABENOW,SENATOR,D,MI,N/A,S000770,115
2264,John,KATKO,REPRESENTATIVE,R,NY,24,K000386,115
616,Marcy,KAPTUR,REPRESENTATIVE,D,OH,8,K000009,115
2167,Filemon,VELA,REPRESENTATIVE,D,TX,7,V000132,115
2264,John,KATKO,REPRESENTATIVE,R,NY,24,K000386,115
2167,Filemon,VELA,REPRESENTATIVE,D,TX,7,V000132,115
2167,Filemon,VELA,REPRESENTATIVE,D,TX,7,V000132,115
2334,Paul,MITCHELL,N/A,R,MI,N/A,M001201,115
2334,Paul,MITCHELL,N/A,R,MI,N/A,M001201,115
2307,Andy,BIGGS,N/A,R,AZ,N/A,B001302,115
1810,David,REICHERT,REPRESENTATIVE,R,WA,8,R000578,115
2328,Roger,MARSHALL,N/A,R,KS,N/A,M001198,115
2270,Brian,BABIN,REPRESENTATIVE,R,TX,36,B001291,115
2233,Ken,BUCK,REPRESENTATIVE,R,CO,4,B001297,115
1955,Pete,OLSON,REPRESENTATIVE,R,TX,22,O000168,115
2170,Denny,HECK,REPRESENTATIVE,D,WA,3,H001064,115
2315,Neal,DUNN,N/A,R,FL,N/A,D000628,115
2264,John,KATKO,REPRESENTATIVE,R,NY,24,K000386,115
2264,John,KATKO,REPRESENTATIVE,R,NY,24,K000386,115
2264,John,KATKO,REPRESENTATIVE,R,NY,24,K000386,115
2167,Filemon,VELA,REPRESENTATIVE,D,TX,7,V000132,115
2264,John,KATKO,REPRESENTATIVE,R,NY,24,K000386,115
2167,Filemon,VELA,REPRESENTATIVE,D,TX,7,V000132,115
2097,Donald,PAYNE,REPRESENTATIVE,D,NJ,10,P000604,115
2264,John,KATKO,REPRESENTATIVE,R,NY,24,K000386,115
2167,Filemon,VELA,REPRESENTATIVE,D,TX,7,V000132,115
2264,John,KATKO,REPRESENTATIVE,R,NY,24,K000386,115
2264,John,KATKO,REPRESENTATIVE,R,NY,24,K000386,115
2052,Patrick,MEEHAN,REPRESENTATIVE,R,PA,7,M001181,115
2223,J.,HILL,REPRESENTATIVE,R,AR,2,H001072,115
2264,John,KATKO,REPRESENTATIVE,R,NY,24,K000386,115
2264,John,KATKO,REPRESENTATIVE,R,NY,24,K000386,115
2264,John,KATKO,REPRESENTATIVE,R,NY,24,K000386,115
2167,Filemon,VELA,REPRESENTATIVE,D,TX,7,V000132,115
2264,John,KATKO,REPRESENTATIVE,R,NY,24,K000386,115
1838,Gus,BILIRAKIS,REPRESENTATIVE,R,FL,12,B001257,115
2167,Filemon,VELA,REPRESENTATIVE,D,TX,7,V000132,115
2264,John,KATKO,REPRESENTATIVE,R,NY,24,K000386,115
1836,Joe,COURTNEY,REPRESENTATIVE,D,CT,2,C001069,115
1930,Erik,PAULSEN,REPRESENTATIVE,R,MN,3,P000594,115
2325,Raja,KRISHNAMOORTHI,N/A,D,IL,N/A,K000391,115
2272,Donald,BEYER,REPRESENTATIVE,D,VA,8,B001292,115
