speaker_id,first_name,last_name,type,party,state,district,bio_guide_id,congress_id
1604,Joseph,CROWLEY,REPRESENTATIVE,D,NY,14,C001038,115
1836,Joe,COURTNEY,REPRESENTATIVE,D,CT,2,C001069,115
1878,Steve,COHEN,REPRESENTATIVE,D,TN,9,C001068,115
2021,Kevin,YODER,REPRESENTATIVE,R,KS,3,Y000063,115
2149,Hakeem,JEFFRIES,REPRESENTATIVE,D,NY,8,J000294,115
1791,Virginia,FOXX,REPRESENTATIVE,R,NC,5,F000450,115
1791,Virginia,FOXX,REPRESENTATIVE,R,NC,5,F000450,115
2092,Suzanne,BONAMICI,REPRESENTATIVE,D,OR,1,B001278,115
2092,Suzanne,BONAMICI,REPRESENTATIVE,D,OR,1,B001278,115
1791,Virginia,FOXX,REPRESENTATIVE,R,NC,5,F000450,115
1855,Tim,WALBERG,REPRESENTATIVE,R,MI,7,W000798,115
1855,Tim,WALBERG,REPRESENTATIVE,R,MI,7,W000798,115
2092,Suzanne,BONAMICI,REPRESENTATIVE,D,OR,1,B001278,115
1855,Tim,WALBERG,REPRESENTATIVE,R,MI,7,W000798,115
2092,Suzanne,BONAMICI,REPRESENTATIVE,D,OR,1,B001278,115
854,Richard,NEAL,REPRESENTATIVE,D,MA,1,N000015,115
1855,Tim,WALBERG,REPRESENTATIVE,R,MI,7,W000798,115
2092,Suzanne,BONAMICI,REPRESENTATIVE,D,OR,1,B001278,115
1855,Tim,WALBERG,REPRESENTATIVE,R,MI,7,W000798,115
2092,Suzanne,BONAMICI,REPRESENTATIVE,D,OR,1,B001278,115
1855,Tim,WALBERG,REPRESENTATIVE,R,MI,7,W000798,115
2092,Suzanne,BONAMICI,REPRESENTATIVE,D,OR,1,B001278,115
1855,Tim,WALBERG,REPRESENTATIVE,R,MI,7,W000798,115
1848,Peter,ROSKAM,REPRESENTATIVE,R,IL,6,R000580,115
2092,Suzanne,BONAMICI,REPRESENTATIVE,D,OR,1,B001278,115
2092,Suzanne,BONAMICI,REPRESENTATIVE,D,OR,1,B001278,115
99,Earl,BLUMENAUER,REPRESENTATIVE,D,OR,3,B000574,115
1855,Tim,WALBERG,REPRESENTATIVE,R,MI,7,W000798,115
2092,Suzanne,BONAMICI,REPRESENTATIVE,D,OR,1,B001278,115
2092,Suzanne,BONAMICI,REPRESENTATIVE,D,OR,1,B001278,115
1588,Janice,SCHAKOWSKY,REPRESENTATIVE,D,IL,9,S001145,115
1855,Tim,WALBERG,REPRESENTATIVE,R,MI,7,W000798,115
1855,Tim,WALBERG,REPRESENTATIVE,R,MI,7,W000798,115
2092,Suzanne,BONAMICI,REPRESENTATIVE,D,OR,1,B001278,115
616,Marcy,KAPTUR,REPRESENTATIVE,D,OH,8,K000009,115
2092,Suzanne,BONAMICI,REPRESENTATIVE,D,OR,1,B001278,115
616,Marcy,KAPTUR,REPRESENTATIVE,D,OH,8,K000009,115
1855,Tim,WALBERG,REPRESENTATIVE,R,MI,7,W000798,115
2092,Suzanne,BONAMICI,REPRESENTATIVE,D,OR,1,B001278,115
905,Nancy,PELOSI,REPRESENTATIVE,D,CA,12,P000197,115
1855,Tim,WALBERG,REPRESENTATIVE,R,MI,7,W000798,115
2092,Suzanne,BONAMICI,REPRESENTATIVE,D,OR,1,B001278,115
2092,Suzanne,BONAMICI,REPRESENTATIVE,D,OR,1,B001278,115
1854,John,SARBANES,REPRESENTATIVE,D,MD,3,S001168,115
1855,Tim,WALBERG,REPRESENTATIVE,R,MI,7,W000798,115
2092,Suzanne,BONAMICI,REPRESENTATIVE,D,OR,1,B001278,115
1855,Tim,WALBERG,REPRESENTATIVE,R,MI,7,W000798,115
2092,Suzanne,BONAMICI,REPRESENTATIVE,D,OR,1,B001278,115
1748,Marsha,BLACKBURN,REPRESENTATIVE,R,TN,7,B001243,115
457,Chuck,GRASSLEY,SENATOR,R,IA,N/A,G000386,115
2101,Jared,HUFFMAN,REPRESENTATIVE,D,CA,2,H001068,115
1940,Dina,TITUS,REPRESENTATIVE,D,NV,1,T000468,115
1929,Gary,PETERS,REPRESENTATIVE,D,MI,52,P000595,115
326,Richard,DURBIN,SENATOR,D,IL,N/A,D000563,115
326,Richard,DURBIN,SENATOR,D,IL,N/A,D000563,115
174,Benjamin,CARDIN,SENATOR,D,MD,N/A,C000141,115
1901,Jeanne,SHAHEEN,SENATOR,D,NH,N/A,S001181,115
1901,Jeanne,SHAHEEN,SENATOR,D,NH,N/A,S001181,115
1896,James,RISCH,SENATOR,R,ID,N/A,R000584,115
1896,James,RISCH,SENATOR,R,ID,N/A,R000584,115
1801,Louie,GOHMERT,REPRESENTATIVE,R,TX,1,G000552,115
2134,Daniel,KILDEE,REPRESENTATIVE,D,MI,5,K000380,115
2127,Cheri,BUSTOS,REPRESENTATIVE,D,IL,17,B001286,115
616,Marcy,KAPTUR,REPRESENTATIVE,D,OH,8,K000009,115
208,James,CLYBURN,REPRESENTATIVE,D,SC,6,C000537,115
457,Chuck,GRASSLEY,SENATOR,R,IA,N/A,G000386,115
457,Chuck,GRASSLEY,SENATOR,R,IA,N/A,G000386,115
457,Chuck,GRASSLEY,SENATOR,R,IA,N/A,G000386,115
1351,Orrin,HATCH,SENATOR,R,UT,N/A,H000338,115
1247,Ron,WYDEN,SENATOR,D,OR,N/A,W000779,115
1837,Christopher,MURPHY,SENATOR,D,CT,N/A,M001169,115
1534,John,THUNE,SENATOR,R,SD,N/A,T000250,115
1534,John,THUNE,SENATOR,R,SD,N/A,T000250,115
1534,John,THUNE,SENATOR,R,SD,N/A,T000250,115
2003,Dennis,ROSS,REPRESENTATIVE,R,FL,15,R000593,115
1856,Timothy,WALZ,REPRESENTATIVE,D,MN,1,W000799,115
1751,Michael,BURGESS,REPRESENTATIVE,R,TX,26,B001248,115
1751,Michael,BURGESS,REPRESENTATIVE,R,TX,26,B001248,115
1751,Michael,BURGESS,REPRESENTATIVE,R,TX,26,B001248,115
1751,Michael,BURGESS,REPRESENTATIVE,R,TX,26,B001248,115
1069,Louise,SLAUGHTER,REPRESENTATIVE,D,NY,25,S000480,115
1069,Louise,SLAUGHTER,REPRESENTATIVE,D,NY,25,S000480,115
1069,Louise,SLAUGHTER,REPRESENTATIVE,D,NY,25,S000480,115
1751,Michael,BURGESS,REPRESENTATIVE,R,TX,26,B001248,115
1069,Louise,SLAUGHTER,REPRESENTATIVE,D,NY,25,S000480,115
1751,Michael,BURGESS,REPRESENTATIVE,R,TX,26,B001248,115
1069,Louise,SLAUGHTER,REPRESENTATIVE,D,NY,25,S000480,115
2107,Tony,CARDENAS,REPRESENTATIVE,D,CA,29,C001097,115
1751,Michael,BURGESS,REPRESENTATIVE,R,TX,26,B001248,115
1069,Louise,SLAUGHTER,REPRESENTATIVE,D,NY,25,S000480,115
2309,Jimmy,PANETTA,N/A,D,CA,N/A,P000613,115
1751,Michael,BURGESS,REPRESENTATIVE,R,TX,26,B001248,115
1751,Michael,BURGESS,REPRESENTATIVE,R,TX,26,B001248,115
1069,Louise,SLAUGHTER,REPRESENTATIVE,D,NY,25,S000480,115
1069,Louise,SLAUGHTER,REPRESENTATIVE,D,NY,25,S000480,115
1751,Michael,BURGESS,REPRESENTATIVE,R,TX,26,B001248,115
1791,Virginia,FOXX,REPRESENTATIVE,R,NC,5,F000450,115
1751,Michael,BURGESS,REPRESENTATIVE,R,TX,26,B001248,115
1751,Michael,BURGESS,REPRESENTATIVE,R,TX,26,B001248,115
1069,Louise,SLAUGHTER,REPRESENTATIVE,D,NY,25,S000480,115
2319,Darren,SOTO,N/A,D,FL,N/A,S001200,115
1069,Louise,SLAUGHTER,REPRESENTATIVE,D,NY,25,S000480,115
1834,Doug,LAMBORN,REPRESENTATIVE,R,CO,5,L000564,115
2253,Tom,EMMER,REPRESENTATIVE,R,MN,6,E000294,115
511,Alcee,HASTINGS,REPRESENTATIVE,D,FL,20,H000324,115
2339,Jacky,ROSEN,N/A,D,NV,N/A,R000608,115
1890,Jackie,SPEIER,REPRESENTATIVE,D,CA,14,S001175,115
326,Richard,DURBIN,SENATOR,D,IL,N/A,D000563,115
1668,James,LANGEVIN,REPRESENTATIVE,D,RI,2,L000559,115
2015,Randy,HULTGREN,REPRESENTATIVE,R,IL,14,H001059,115
854,Richard,NEAL,REPRESENTATIVE,D,MA,1,N000015,115
2128,Jackie,WALORSKI,REPRESENTATIVE,R,IN,2,W000813,115
683,Sander,LEVIN,REPRESENTATIVE,D,MI,9,L000263,115
2115,Ted,YOHO,REPRESENTATIVE,R,FL,3,Y000065,115
1501,Barbara,LEE,REPRESENTATIVE,D,CA,13,L000551,115
1742,Tom,COLE,REPRESENTATIVE,R,OK,12,C001053,115
1742,Tom,COLE,REPRESENTATIVE,R,OK,12,C001053,115
1742,Tom,COLE,REPRESENTATIVE,R,OK,12,C001053,115
1742,Tom,COLE,REPRESENTATIVE,R,OK,12,C001053,115
511,Alcee,HASTINGS,REPRESENTATIVE,D,FL,20,H000324,115
1742,Tom,COLE,REPRESENTATIVE,R,OK,12,C001053,115
511,Alcee,HASTINGS,REPRESENTATIVE,D,FL,20,H000324,115
511,Alcee,HASTINGS,REPRESENTATIVE,D,FL,20,H000324,115
1742,Tom,COLE,REPRESENTATIVE,R,OK,12,C001053,115
511,Alcee,HASTINGS,REPRESENTATIVE,D,FL,20,H000324,115
511,Alcee,HASTINGS,REPRESENTATIVE,D,FL,20,H000324,115
1742,Tom,COLE,REPRESENTATIVE,R,OK,12,C001053,115
511,Alcee,HASTINGS,REPRESENTATIVE,D,FL,20,H000324,115
1742,Tom,COLE,REPRESENTATIVE,R,OK,12,C001053,115
511,Alcee,HASTINGS,REPRESENTATIVE,D,FL,20,H000324,115
1742,Tom,COLE,REPRESENTATIVE,R,OK,12,C001053,115
1742,Tom,COLE,REPRESENTATIVE,R,OK,12,C001053,115
511,Alcee,HASTINGS,REPRESENTATIVE,D,FL,20,H000324,115
2224,Bruce,WESTERMAN,REPRESENTATIVE,R,AR,4,W000821,115
208,James,CLYBURN,REPRESENTATIVE,D,SC,6,C000537,115
2134,Daniel,KILDEE,REPRESENTATIVE,D,MI,5,K000380,115
1383,Patrick,LEAHY,SENATOR,D,VT,N/A,L000174,115
1751,Michael,BURGESS,REPRESENTATIVE,R,TX,26,B001248,115
2311,Nanette,BARRAGAN,N/A,D,CA,N/A,B001300,115
2333,Jack,BERGMAN,N/A,R,MI,N/A,B001301,115
2341,Thomas,SUOZZI,N/A,D,NY,N/A,S001201,115
2355,Mike,GALLAGHER,N/A,R,WI,N/A,G000579,115
2328,Roger,MARSHALL,N/A,R,KS,N/A,M001198,115
2310,Salud,CARBAJAL,N/A,D,CA,N/A,C001112,115
2337,Don,BACON,N/A,R,NE,N/A,B001298,115
2309,Jimmy,PANETTA,N/A,D,CA,N/A,P000613,115
2344,Claudia,TENNEY,N/A,R,NY,N/A,T000478,115
2346,Lloyd,SMUCKER,N/A,R,PA,N/A,S001199,115
2308,Ro,KHANNA,N/A,D,CA,N/A,K000389,115
2321,Charlie,CRIST,N/A,D,FL,N/A,C001111,115
2345,Brian,FITZPATRICK,REPRESENTATIVE,R,PA,8,F000466,115
1155,Mac,THORNBERRY,REPRESENTATIVE,R,TX,13,T000238,115
2010,Colleen,HANABUSA,N/A,D,HI,N/A,H001050,115
2010,Colleen,HANABUSA,N/A,D,HI,N/A,H001050,115
2010,Colleen,HANABUSA,N/A,D,HI,N/A,H001050,115
2010,Colleen,HANABUSA,N/A,D,HI,N/A,H001050,115
1801,Louie,GOHMERT,REPRESENTATIVE,R,TX,1,G000552,115
2010,Colleen,HANABUSA,N/A,D,HI,N/A,H001050,115
2010,Colleen,HANABUSA,N/A,D,HI,N/A,H001050,115
2010,Colleen,HANABUSA,N/A,D,HI,N/A,H001050,115
2010,Colleen,HANABUSA,N/A,D,HI,N/A,H001050,115
1976,Theodore,DEUTCH,REPRESENTATIVE,D,FL,21,D000610,115
2197,Bradley,BYRNE,REPRESENTATIVE,R,AL,1,B001289,115
2197,Bradley,BYRNE,REPRESENTATIVE,R,AL,1,B001289,115
2197,Bradley,BYRNE,REPRESENTATIVE,R,AL,1,B001289,115
2197,Bradley,BYRNE,REPRESENTATIVE,R,AL,1,B001289,115
2197,Bradley,BYRNE,REPRESENTATIVE,R,AL,1,B001289,115
2197,Bradley,BYRNE,REPRESENTATIVE,R,AL,1,B001289,115
2197,Bradley,BYRNE,REPRESENTATIVE,R,AL,1,B001289,115
2197,Bradley,BYRNE,REPRESENTATIVE,R,AL,1,B001289,115
2194,Cory,BOOKER,SENATOR,D,NJ,N/A,B001288,115
326,Richard,DURBIN,SENATOR,D,IL,N/A,D000563,115
1836,Joe,COURTNEY,REPRESENTATIVE,D,CT,2,C001069,115
1692,John,CORNYN,SENATOR,R,TX,N/A,C001056,115
2076,Richard,BLUMENTHAL,SENATOR,D,CT,N/A,B001277,115
2076,Richard,BLUMENTHAL,SENATOR,D,CT,N/A,B001277,115
2076,Richard,BLUMENTHAL,SENATOR,D,CT,N/A,B001277,115
735,Edward,MARKEY,SENATOR,D,MA,N/A,M000133,115
735,Edward,MARKEY,SENATOR,D,MA,N/A,M000133,115
250,Mike,CRAPO,SENATOR,R,ID,N/A,C000880,115
457,Chuck,GRASSLEY,SENATOR,R,IA,N/A,G000386,115
457,Chuck,GRASSLEY,SENATOR,R,IA,N/A,G000386,115
457,Chuck,GRASSLEY,SENATOR,R,IA,N/A,G000386,115
1828,Robert,CASEY,SENATOR,D,PA,N/A,C001070,115
1828,Robert,CASEY,SENATOR,D,PA,N/A,C001070,115
1828,Robert,CASEY,SENATOR,D,PA,N/A,C001070,115
1594,Patrick,TOOMEY,SENATOR,R,PA,N/A,T000461,115
1594,Patrick,TOOMEY,SENATOR,R,PA,N/A,T000461,115
1692,John,CORNYN,SENATOR,R,TX,N/A,C001056,115
1594,Patrick,TOOMEY,SENATOR,R,PA,N/A,T000461,115
1692,John,CORNYN,SENATOR,R,TX,N/A,C001056,115
1973,John,GARAMENDI,REPRESENTATIVE,D,CA,3,G000559,115
2332,Jamie,RASKIN,N/A,D,MD,N/A,R000606,115
1973,John,GARAMENDI,REPRESENTATIVE,D,CA,3,G000559,115
2297,James,COMER,N/A,R,KY,N/A,C001108,115
1973,John,GARAMENDI,REPRESENTATIVE,D,CA,3,G000559,115
1692,John,CORNYN,SENATOR,R,TX,N/A,C001056,115
1692,John,CORNYN,SENATOR,R,TX,N/A,C001056,115
1534,John,THUNE,SENATOR,R,SD,N/A,T000250,115
99,Earl,BLUMENAUER,REPRESENTATIVE,D,OR,3,B000574,115
2354,Pramila,JAYAPAL,N/A,D,WA,N/A,J000298,115
2056,Tim,SCOTT,REPRESENTATIVE,R,SC,52,S001184,115
1855,Tim,WALBERG,REPRESENTATIVE,R,MI,7,W000798,115
1855,Tim,WALBERG,REPRESENTATIVE,R,MI,7,W000798,115
1855,Tim,WALBERG,REPRESENTATIVE,R,MI,7,W000798,115
2092,Suzanne,BONAMICI,REPRESENTATIVE,D,OR,1,B001278,115
1855,Tim,WALBERG,REPRESENTATIVE,R,MI,7,W000798,115
2092,Suzanne,BONAMICI,REPRESENTATIVE,D,OR,1,B001278,115
1604,Joseph,CROWLEY,REPRESENTATIVE,D,NY,14,C001038,115
2092,Suzanne,BONAMICI,REPRESENTATIVE,D,OR,1,B001278,115
1604,Joseph,CROWLEY,REPRESENTATIVE,D,NY,14,C001038,115
1855,Tim,WALBERG,REPRESENTATIVE,R,MI,7,W000798,115
2092,Suzanne,BONAMICI,REPRESENTATIVE,D,OR,1,B001278,115
2342,Adriano,ESPAILLAT,N/A,D,NY,N/A,E000297,115
1855,Tim,WALBERG,REPRESENTATIVE,R,MI,7,W000798,115
2092,Suzanne,BONAMICI,REPRESENTATIVE,D,OR,1,B001278,115
1604,Joseph,CROWLEY,REPRESENTATIVE,D,NY,14,C001038,115
1855,Tim,WALBERG,REPRESENTATIVE,R,MI,7,W000798,115
2092,Suzanne,BONAMICI,REPRESENTATIVE,D,OR,1,B001278,115
1855,Tim,WALBERG,REPRESENTATIVE,R,MI,7,W000798,115
2092,Suzanne,BONAMICI,REPRESENTATIVE,D,OR,1,B001278,115
1967,Mike,QUIGLEY,REPRESENTATIVE,D,IL,5,Q000023,115
1036,Charles,SCHUMER,SENATOR,D,NY,N/A,S000148,115
