speaker_id,first_name,last_name,type,party,state,district,bio_guide_id,congress_id
1890,Jackie,SPEIER,REPRESENTATIVE,D,CA,14,S001175,115
1838,Gus,BILIRAKIS,REPRESENTATIVE,R,FL,12,B001257,115
1742,Tom,COLE,REPRESENTATIVE,R,OK,12,C001053,115
1742,Tom,COLE,REPRESENTATIVE,R,OK,12,C001053,115
1742,Tom,COLE,REPRESENTATIVE,R,OK,12,C001053,115
1742,Tom,COLE,REPRESENTATIVE,R,OK,12,C001053,115
511,Alcee,HASTINGS,REPRESENTATIVE,D,FL,20,H000324,115
1742,Tom,COLE,REPRESENTATIVE,R,OK,12,C001053,115
2197,Bradley,BYRNE,REPRESENTATIVE,R,AL,1,B001289,115
511,Alcee,HASTINGS,REPRESENTATIVE,D,FL,20,H000324,115
511,Alcee,HASTINGS,REPRESENTATIVE,D,FL,20,H000324,115
511,Alcee,HASTINGS,REPRESENTATIVE,D,FL,20,H000324,115
854,Richard,NEAL,REPRESENTATIVE,D,MA,1,N000015,115
511,Alcee,HASTINGS,REPRESENTATIVE,D,FL,20,H000324,115
854,Richard,NEAL,REPRESENTATIVE,D,MA,1,N000015,115
511,Alcee,HASTINGS,REPRESENTATIVE,D,FL,20,H000324,115
854,Richard,NEAL,REPRESENTATIVE,D,MA,1,N000015,115
1742,Tom,COLE,REPRESENTATIVE,R,OK,12,C001053,115
2248,John,MOOLENAAR,REPRESENTATIVE,R,MI,4,M001194,115
511,Alcee,HASTINGS,REPRESENTATIVE,D,FL,20,H000324,115
1668,James,LANGEVIN,REPRESENTATIVE,D,RI,2,L000559,115
1742,Tom,COLE,REPRESENTATIVE,R,OK,12,C001053,115
1799,Charles,DENT,N/A,R,PA,N/A,D000604,115
1742,Tom,COLE,REPRESENTATIVE,R,OK,12,C001053,115
1799,Charles,DENT,N/A,R,PA,N/A,D000604,115
511,Alcee,HASTINGS,REPRESENTATIVE,D,FL,20,H000324,115
1742,Tom,COLE,REPRESENTATIVE,R,OK,12,C001053,115
1742,Tom,COLE,REPRESENTATIVE,R,OK,12,C001053,115
511,Alcee,HASTINGS,REPRESENTATIVE,D,FL,20,H000324,115
1749,Jeb,HENSARLING,REPRESENTATIVE,R,TX,5,H001036,115
511,Alcee,HASTINGS,REPRESENTATIVE,D,FL,20,H000324,115
2328,Roger,MARSHALL,N/A,R,KS,N/A,M001198,115
414,Rodney,FRELINGHUYSEN,REPRESENTATIVE,R,NJ,11,F000372,115
2063,Diane,BLACK,REPRESENTATIVE,R,TN,6,B001273,115
2026,Andy,HARRIS,REPRESENTATIVE,R,MD,1,H001052,115
2063,Diane,BLACK,REPRESENTATIVE,R,TN,6,B001273,115
566,Steny,HOYER,REPRESENTATIVE,D,MD,5,H000874,115
566,Steny,HOYER,REPRESENTATIVE,D,MD,5,H000874,115
566,Steny,HOYER,REPRESENTATIVE,D,MD,5,H000874,115
566,Steny,HOYER,REPRESENTATIVE,D,MD,5,H000874,115
2185,Angus,KING,REPRESENTATIVE,I,ME,4,K000383,115
2157,Scott,PERRY,REPRESENTATIVE,R,PA,4,P000605,115
2134,Daniel,KILDEE,REPRESENTATIVE,D,MI,5,K000380,115
136,Sherrod,BROWN,REPRESENTATIVE,D,OH,26,B000944,115
1534,John,THUNE,SENATOR,R,SD,N/A,T000250,115
2138,Steve,DAINES,SENATOR,R,MT,N/A,D000618,115
2138,Steve,DAINES,SENATOR,R,MT,N/A,D000618,115
791,Robert,MENENDEZ,SENATOR,D,NJ,N/A,M000639,115
791,Robert,MENENDEZ,SENATOR,D,NJ,N/A,M000639,115
949,Jack,REED,REPRESENTATIVE,D,RI,23,R000122,115
2176,Tim,KAINE,SENATOR,D,VA,N/A,K000384,115
1929,Gary,PETERS,REPRESENTATIVE,D,MI,52,P000595,115
1933,Gregg,HARPER,REPRESENTATIVE,R,MS,3,H001045,115
414,Rodney,FRELINGHUYSEN,REPRESENTATIVE,R,NJ,11,F000372,115
2253,Tom,EMMER,REPRESENTATIVE,R,MN,6,E000294,115
1896,James,RISCH,SENATOR,R,ID,N/A,R000584,115
1881,John,BARRASSO,SENATOR,R,WY,N/A,B001261,115
2303,John,KENNEDY,REPRESENTATIVE,R,LA,4,K000393,115
2303,John,KENNEDY,REPRESENTATIVE,R,LA,4,K000393,115
2098,Tom,COTTON,SENATOR,R,AR,N/A,C001095,115
1692,John,CORNYN,SENATOR,R,TX,N/A,C001056,115
1692,John,CORNYN,SENATOR,R,TX,N/A,C001056,115
2182,Elizabeth,WARREN,SENATOR,D,MA,N/A,W000817,115
2182,Elizabeth,WARREN,SENATOR,D,MA,N/A,W000817,115
2056,Tim,SCOTT,REPRESENTATIVE,R,SC,52,S001184,115
2056,Tim,SCOTT,REPRESENTATIVE,R,SC,52,S001184,115
1676,Shelley,CAPITO,N/A,R,WV,N/A,C001047,115
2312,J.,CORREA,N/A,D,CA,N/A,C001110,115
2056,Tim,SCOTT,REPRESENTATIVE,R,SC,52,S001184,115
2176,Tim,KAINE,SENATOR,D,VA,N/A,K000384,115
2176,Tim,KAINE,SENATOR,D,VA,N/A,K000384,115
457,Chuck,GRASSLEY,SENATOR,R,IA,N/A,G000386,115
457,Chuck,GRASSLEY,SENATOR,R,IA,N/A,G000386,115
1692,John,CORNYN,SENATOR,R,TX,N/A,C001056,115
1247,Ron,WYDEN,SENATOR,D,OR,N/A,W000779,115
2056,Tim,SCOTT,REPRESENTATIVE,R,SC,52,S001184,115
1929,Gary,PETERS,REPRESENTATIVE,D,MI,52,P000595,115
1929,Gary,PETERS,REPRESENTATIVE,D,MI,52,P000595,115
1929,Gary,PETERS,REPRESENTATIVE,D,MI,52,P000595,115
1695,Lamar,ALEXANDER,SENATOR,R,TN,N/A,A000360,115
1925,Bill,CASSIDY,SENATOR,R,LA,N/A,C001075,115
2097,Donald,PAYNE,REPRESENTATIVE,D,NJ,10,P000604,115
414,Rodney,FRELINGHUYSEN,REPRESENTATIVE,R,NJ,11,F000372,115
414,Rodney,FRELINGHUYSEN,REPRESENTATIVE,R,NJ,11,F000372,115
414,Rodney,FRELINGHUYSEN,REPRESENTATIVE,R,NJ,11,F000372,115
414,Rodney,FRELINGHUYSEN,REPRESENTATIVE,R,NJ,11,F000372,115
414,Rodney,FRELINGHUYSEN,REPRESENTATIVE,R,NJ,11,F000372,115
709,Nita,LOWEY,REPRESENTATIVE,D,NY,17,L000480,115
414,Rodney,FRELINGHUYSEN,REPRESENTATIVE,R,NJ,11,F000372,115
709,Nita,LOWEY,REPRESENTATIVE,D,NY,17,L000480,115
616,Marcy,KAPTUR,REPRESENTATIVE,D,OH,8,K000009,115
414,Rodney,FRELINGHUYSEN,REPRESENTATIVE,R,NJ,11,F000372,115
1487,Kay,GRANGER,REPRESENTATIVE,R,TX,12,G000377,115
414,Rodney,FRELINGHUYSEN,REPRESENTATIVE,R,NJ,11,F000372,115
1487,Kay,GRANGER,REPRESENTATIVE,R,TX,12,G000377,115
709,Nita,LOWEY,REPRESENTATIVE,D,NY,17,L000480,115
1042,Jose,SERRANO,REPRESENTATIVE,D,NY,15,S000248,115
414,Rodney,FRELINGHUYSEN,REPRESENTATIVE,R,NJ,11,F000372,115
709,Nita,LOWEY,REPRESENTATIVE,D,NY,17,L000480,115
414,Rodney,FRELINGHUYSEN,REPRESENTATIVE,R,NJ,11,F000372,115
1590,Michael,SIMPSON,REPRESENTATIVE,R,ID,2,S001148,115
414,Rodney,FRELINGHUYSEN,REPRESENTATIVE,R,NJ,11,F000372,115
1590,Michael,SIMPSON,REPRESENTATIVE,R,ID,2,S001148,115
709,Nita,LOWEY,REPRESENTATIVE,D,NY,17,L000480,115
566,Steny,HOYER,REPRESENTATIVE,D,MD,5,H000874,115
414,Rodney,FRELINGHUYSEN,REPRESENTATIVE,R,NJ,11,F000372,115
1460,Robert,ADERHOLT,REPRESENTATIVE,R,AL,4,A000055,115
709,Nita,LOWEY,REPRESENTATIVE,D,NY,17,L000480,115
414,Rodney,FRELINGHUYSEN,REPRESENTATIVE,R,NJ,11,F000372,115
1670,John,CULBERSON,REPRESENTATIVE,R,TX,7,C001048,115
414,Rodney,FRELINGHUYSEN,REPRESENTATIVE,R,NJ,11,F000372,115
1670,John,CULBERSON,REPRESENTATIVE,R,TX,7,C001048,115
709,Nita,LOWEY,REPRESENTATIVE,D,NY,17,L000480,115
414,Rodney,FRELINGHUYSEN,REPRESENTATIVE,R,NJ,11,F000372,115
709,Nita,LOWEY,REPRESENTATIVE,D,NY,17,L000480,115
1807,Henry,CUELLAR,REPRESENTATIVE,D,TX,28,C001063,115
414,Rodney,FRELINGHUYSEN,REPRESENTATIVE,R,NJ,11,F000372,115
165,Ken,CALVERT,REPRESENTATIVE,R,CA,42,C000059,115
709,Nita,LOWEY,REPRESENTATIVE,D,NY,17,L000480,115
2148,Grace,MENG,REPRESENTATIVE,D,NY,6,M001188,115
414,Rodney,FRELINGHUYSEN,REPRESENTATIVE,R,NJ,11,F000372,115
709,Nita,LOWEY,REPRESENTATIVE,D,NY,17,L000480,115
1184,Nydia,VELAZQUEZ,REPRESENTATIVE,D,NY,7,V000081,115
414,Rodney,FRELINGHUYSEN,REPRESENTATIVE,R,NJ,11,F000372,115
2021,Kevin,YODER,REPRESENTATIVE,R,KS,3,Y000063,115
709,Nita,LOWEY,REPRESENTATIVE,D,NY,17,L000480,115
905,Nancy,PELOSI,REPRESENTATIVE,D,CA,12,P000197,115
414,Rodney,FRELINGHUYSEN,REPRESENTATIVE,R,NJ,11,F000372,115
709,Nita,LOWEY,REPRESENTATIVE,D,NY,17,L000480,115
414,Rodney,FRELINGHUYSEN,REPRESENTATIVE,R,NJ,11,F000372,115
709,Nita,LOWEY,REPRESENTATIVE,D,NY,17,L000480,115
1710,Devin,NUNES,REPRESENTATIVE,R,CA,22,N000181,115
2092,Suzanne,BONAMICI,REPRESENTATIVE,D,OR,1,B001278,115
414,Rodney,FRELINGHUYSEN,REPRESENTATIVE,R,NJ,11,F000372,115
2141,Robert,PITTENGER,REPRESENTATIVE,R,NC,9,P000606,115
1668,James,LANGEVIN,REPRESENTATIVE,D,RI,2,L000559,115
1695,Lamar,ALEXANDER,SENATOR,R,TN,N/A,A000360,115
2173,Brian,SCHATZ,SENATOR,D,HI,N/A,S001194,115
2173,Brian,SCHATZ,SENATOR,D,HI,N/A,S001194,115
250,Mike,CRAPO,SENATOR,R,ID,N/A,C000880,115
136,Sherrod,BROWN,REPRESENTATIVE,D,OH,26,B000944,115
136,Sherrod,BROWN,REPRESENTATIVE,D,OH,26,B000944,115
136,Sherrod,BROWN,REPRESENTATIVE,D,OH,26,B000944,115
136,Sherrod,BROWN,REPRESENTATIVE,D,OH,26,B000944,115
1692,John,CORNYN,SENATOR,R,TX,N/A,C001056,115
1036,Charles,SCHUMER,SENATOR,D,NY,N/A,S000148,115
326,Richard,DURBIN,SENATOR,D,IL,N/A,D000563,115
1527,John,SHIMKUS,REPRESENTATIVE,R,IL,15,S000364,115
478,Luis,GUTIERREZ,REPRESENTATIVE,D,IL,4,G000535,115
616,Marcy,KAPTUR,REPRESENTATIVE,D,OH,8,K000009,115
2332,Jamie,RASKIN,N/A,D,MD,N/A,R000606,115
1741,Michael,TURNER,REPRESENTATIVE,R,OH,10,T000463,115
1967,Mike,QUIGLEY,REPRESENTATIVE,D,IL,5,Q000023,115
1936,Leonard,LANCE,REPRESENTATIVE,R,NJ,7,L000567,115
1994,David,SCHWEIKERT,REPRESENTATIVE,R,AZ,6,S001183,115
1994,David,SCHWEIKERT,REPRESENTATIVE,R,AZ,6,S001183,115
414,Rodney,FRELINGHUYSEN,REPRESENTATIVE,R,NJ,11,F000372,115
2334,Paul,MITCHELL,N/A,R,MI,N/A,M001201,115
566,Steny,HOYER,REPRESENTATIVE,D,MD,5,H000874,115
2297,James,COMER,N/A,R,KY,N/A,C001108,115
2342,Adriano,ESPAILLAT,N/A,D,NY,N/A,E000297,115
1930,Erik,PAULSEN,REPRESENTATIVE,R,MN,3,P000594,115
1991,Steve,WOMACK,REPRESENTATIVE,R,AR,3,W000809,115
2171,Mark,POCAN,REPRESENTATIVE,D,WI,2,P000607,115
2171,Mark,POCAN,REPRESENTATIVE,D,WI,2,P000607,115
2159,Matt,CARTWRIGHT,REPRESENTATIVE,D,PA,17,C001090,115
