speaker_id,first_name,last_name,type,party,state,district,bio_guide_id,congress_id
2056,Tim,SCOTT,REPRESENTATIVE,R,SC,52,S001184,115
2179,Deb,FISCHER,SENATOR,R,NE,N/A,F000463,115
2289,Ben,SASSE,SENATOR,R,NE,N/A,S001197,115
2179,Deb,FISCHER,SENATOR,R,NE,N/A,F000463,115
2179,Deb,FISCHER,SENATOR,R,NE,N/A,F000463,115
2179,Deb,FISCHER,SENATOR,R,NE,N/A,F000463,115
924,Rob,PORTMAN,SENATOR,R,OH,N/A,P000449,115
583,James,INHOFE,SENATOR,R,OK,N/A,I000024,115
1826,Amy,KLOBUCHAR,SENATOR,D,MN,N/A,K000367,115
326,Richard,DURBIN,SENATOR,D,IL,N/A,D000563,115
326,Richard,DURBIN,SENATOR,D,IL,N/A,D000563,115
1823,Sheldon,WHITEHOUSE,SENATOR,D,RI,N/A,W000802,115
1823,Sheldon,WHITEHOUSE,SENATOR,D,RI,N/A,W000802,115
1900,Jeff,MERKLEY,SENATOR,D,OR,N/A,M001176,115
1900,Jeff,MERKLEY,SENATOR,D,OR,N/A,M001176,115
2109,Raul,RUIZ,REPRESENTATIVE,D,CA,36,R000599,115
2224,Bruce,WESTERMAN,REPRESENTATIVE,R,AR,4,W000821,115
2008,Rob,WOODALL,REPRESENTATIVE,R,GA,7,W000810,115
2008,Rob,WOODALL,REPRESENTATIVE,R,GA,7,W000810,115
2008,Rob,WOODALL,REPRESENTATIVE,R,GA,7,W000810,115
2008,Rob,WOODALL,REPRESENTATIVE,R,GA,7,W000810,115
2008,Rob,WOODALL,REPRESENTATIVE,R,GA,7,W000810,115
303,Lloyd,DOGGETT,REPRESENTATIVE,D,TX,35,D000399,115
303,Lloyd,DOGGETT,REPRESENTATIVE,D,TX,35,D000399,115
2008,Rob,WOODALL,REPRESENTATIVE,R,GA,7,W000810,115
511,Alcee,HASTINGS,REPRESENTATIVE,D,FL,20,H000324,115
511,Alcee,HASTINGS,REPRESENTATIVE,D,FL,20,H000324,115
511,Alcee,HASTINGS,REPRESENTATIVE,D,FL,20,H000324,115
2008,Rob,WOODALL,REPRESENTATIVE,R,GA,7,W000810,115
1525,Pete,SESSIONS,SENATOR,R,TX,N/A,S000250,115
905,Nancy,PELOSI,REPRESENTATIVE,D,CA,12,P000197,115
2008,Rob,WOODALL,REPRESENTATIVE,R,GA,7,W000810,115
2311,Nanette,BARRAGAN,N/A,D,CA,N/A,B001300,115
2008,Rob,WOODALL,REPRESENTATIVE,R,GA,7,W000810,115
1588,Janice,SCHAKOWSKY,REPRESENTATIVE,D,IL,9,S001145,115
2008,Rob,WOODALL,REPRESENTATIVE,R,GA,7,W000810,115
2008,Rob,WOODALL,REPRESENTATIVE,R,GA,7,W000810,115
2008,Rob,WOODALL,REPRESENTATIVE,R,GA,7,W000810,115
2008,Rob,WOODALL,REPRESENTATIVE,R,GA,7,W000810,115
2008,Rob,WOODALL,REPRESENTATIVE,R,GA,7,W000810,115
2130,Luke,MESSER,REPRESENTATIVE,R,IN,6,M001189,115
2008,Rob,WOODALL,REPRESENTATIVE,R,GA,7,W000810,115
2341,Thomas,SUOZZI,N/A,D,NY,N/A,S001201,115
583,James,INHOFE,SENATOR,R,OK,N/A,I000024,115
136,Sherrod,BROWN,REPRESENTATIVE,D,OH,26,B000944,115
924,Rob,PORTMAN,SENATOR,R,OH,N/A,P000449,115
2134,Daniel,KILDEE,REPRESENTATIVE,D,MI,5,K000380,115
1933,Gregg,HARPER,REPRESENTATIVE,R,MS,3,H001045,115
2076,Richard,BLUMENTHAL,SENATOR,D,CT,N/A,B001277,115
136,Sherrod,BROWN,REPRESENTATIVE,D,OH,26,B000944,115
136,Sherrod,BROWN,REPRESENTATIVE,D,OH,26,B000944,115
1351,Orrin,HATCH,SENATOR,R,UT,N/A,H000338,115
1801,Louie,GOHMERT,REPRESENTATIVE,R,TX,1,G000552,115
2350,Jodey,ARRINGTON,N/A,R,TX,N/A,A000375,115
2350,Jodey,ARRINGTON,N/A,R,TX,N/A,A000375,115
1801,Louie,GOHMERT,REPRESENTATIVE,R,TX,1,G000552,115
1912,Mike,COFFMAN,REPRESENTATIVE,R,CO,6,C001077,115
1901,Jeanne,SHAHEEN,SENATOR,D,NH,N/A,S001181,115
2290,Dan,SULLIVAN,SENATOR,R,AK,N/A,S001198,115
2076,Richard,BLUMENTHAL,SENATOR,D,CT,N/A,B001277,115
1801,Louie,GOHMERT,REPRESENTATIVE,R,TX,1,G000552,115
1464,Roy,BLUNT,SENATOR,R,MO,N/A,B000575,115
1676,Shelley,CAPITO,N/A,R,WV,N/A,C001047,115
583,James,INHOFE,SENATOR,R,OK,N/A,I000024,115
1965,Michael,BENNET,SENATOR,D,CO,N/A,B001267,115
326,Richard,DURBIN,SENATOR,D,IL,N/A,D000563,115
174,Benjamin,CARDIN,SENATOR,D,MD,N/A,C000141,115
1823,Sheldon,WHITEHOUSE,SENATOR,D,RI,N/A,W000802,115
1409,Patty,MURRAY,SENATOR,D,WA,N/A,M001111,115
2182,Elizabeth,WARREN,SENATOR,D,MA,N/A,W000817,115
2176,Tim,KAINE,SENATOR,D,VA,N/A,K000384,115
1826,Amy,KLOBUCHAR,SENATOR,D,MN,N/A,K000367,115
1826,Amy,KLOBUCHAR,SENATOR,D,MN,N/A,K000367,115
2050,James,LANKFORD,SENATOR,R,OK,N/A,L000575,115
1965,Michael,BENNET,SENATOR,D,CO,N/A,B001267,115
1534,John,THUNE,SENATOR,R,SD,N/A,T000250,115
1534,John,THUNE,SENATOR,R,SD,N/A,T000250,115
1036,Charles,SCHUMER,SENATOR,D,NY,N/A,S000148,115
1534,John,THUNE,SENATOR,R,SD,N/A,T000250,115
414,Rodney,FRELINGHUYSEN,REPRESENTATIVE,R,NJ,11,F000372,115
414,Rodney,FRELINGHUYSEN,REPRESENTATIVE,R,NJ,11,F000372,115
414,Rodney,FRELINGHUYSEN,REPRESENTATIVE,R,NJ,11,F000372,115
709,Nita,LOWEY,REPRESENTATIVE,D,NY,17,L000480,115
414,Rodney,FRELINGHUYSEN,REPRESENTATIVE,R,NJ,11,F000372,115
1670,John,CULBERSON,REPRESENTATIVE,R,TX,7,C001048,115
414,Rodney,FRELINGHUYSEN,REPRESENTATIVE,R,NJ,11,F000372,115
1670,John,CULBERSON,REPRESENTATIVE,R,TX,7,C001048,115
709,Nita,LOWEY,REPRESENTATIVE,D,NY,17,L000480,115
1042,Jose,SERRANO,REPRESENTATIVE,D,NY,15,S000248,115
414,Rodney,FRELINGHUYSEN,REPRESENTATIVE,R,NJ,11,F000372,115
414,Rodney,FRELINGHUYSEN,REPRESENTATIVE,R,NJ,11,F000372,115
709,Nita,LOWEY,REPRESENTATIVE,D,NY,17,L000480,115
1604,Joseph,CROWLEY,REPRESENTATIVE,D,NY,14,C001038,115
709,Nita,LOWEY,REPRESENTATIVE,D,NY,17,L000480,115
1604,Joseph,CROWLEY,REPRESENTATIVE,D,NY,14,C001038,115
414,Rodney,FRELINGHUYSEN,REPRESENTATIVE,R,NJ,11,F000372,115
165,Ken,CALVERT,REPRESENTATIVE,R,CA,42,C000059,115
709,Nita,LOWEY,REPRESENTATIVE,D,NY,17,L000480,115
709,Nita,LOWEY,REPRESENTATIVE,D,NY,17,L000480,115
414,Rodney,FRELINGHUYSEN,REPRESENTATIVE,R,NJ,11,F000372,115
709,Nita,LOWEY,REPRESENTATIVE,D,NY,17,L000480,115
414,Rodney,FRELINGHUYSEN,REPRESENTATIVE,R,NJ,11,F000372,115
1681,Bill,SHUSTER,REPRESENTATIVE,R,PA,9,S001154,115
709,Nita,LOWEY,REPRESENTATIVE,D,NY,17,L000480,115
414,Rodney,FRELINGHUYSEN,REPRESENTATIVE,R,NJ,11,F000372,115
709,Nita,LOWEY,REPRESENTATIVE,D,NY,17,L000480,115
414,Rodney,FRELINGHUYSEN,REPRESENTATIVE,R,NJ,11,F000372,115
2054,Lou,BARLETTA,REPRESENTATIVE,R,PA,11,B001269,115
709,Nita,LOWEY,REPRESENTATIVE,D,NY,17,L000480,115
414,Rodney,FRELINGHUYSEN,REPRESENTATIVE,R,NJ,11,F000372,115
414,Rodney,FRELINGHUYSEN,REPRESENTATIVE,R,NJ,11,F000372,115
709,Nita,LOWEY,REPRESENTATIVE,D,NY,17,L000480,115
414,Rodney,FRELINGHUYSEN,REPRESENTATIVE,R,NJ,11,F000372,115
709,Nita,LOWEY,REPRESENTATIVE,D,NY,17,L000480,115
414,Rodney,FRELINGHUYSEN,REPRESENTATIVE,R,NJ,11,F000372,115
2316,John,RUTHERFORD,N/A,R,FL,N/A,R000609,115
709,Nita,LOWEY,REPRESENTATIVE,D,NY,17,L000480,115
414,Rodney,FRELINGHUYSEN,REPRESENTATIVE,R,NJ,11,F000372,115
709,Nita,LOWEY,REPRESENTATIVE,D,NY,17,L000480,115
2274,Stacey,PLASKETT,DELEGATE,D,VI,N/A,P000610,115
709,Nita,LOWEY,REPRESENTATIVE,D,NY,17,L000480,115
2274,Stacey,PLASKETT,DELEGATE,D,VI,N/A,P000610,115
414,Rodney,FRELINGHUYSEN,REPRESENTATIVE,R,NJ,11,F000372,115
709,Nita,LOWEY,REPRESENTATIVE,D,NY,17,L000480,115
709,Nita,LOWEY,REPRESENTATIVE,D,NY,17,L000480,115
414,Rodney,FRELINGHUYSEN,REPRESENTATIVE,R,NJ,11,F000372,115
1351,Orrin,HATCH,SENATOR,R,UT,N/A,H000338,115
2084,Marco,RUBIO,SENATOR,R,FL,N/A,R000595,115
2360,Karen,HANDEL,N/A,R,GA,N/A,H001078,115
2360,Karen,HANDEL,N/A,R,GA,N/A,H001078,115
2360,Karen,HANDEL,N/A,R,GA,N/A,H001078,115
2360,Karen,HANDEL,N/A,R,GA,N/A,H001078,115
2360,Karen,HANDEL,N/A,R,GA,N/A,H001078,115
2360,Karen,HANDEL,N/A,R,GA,N/A,H001078,115
1602,Grace,NAPOLITANO,REPRESENTATIVE,D,CA,32,N000179,115
2341,Thomas,SUOZZI,N/A,D,NY,N/A,S001201,115
2345,Brian,FITZPATRICK,REPRESENTATIVE,R,PA,8,F000466,115
2067,Blake,FARENTHOLD,REPRESENTATIVE,R,TX,27,F000460,115
1036,Charles,SCHUMER,SENATOR,D,NY,N/A,S000148,115
1247,Ron,WYDEN,SENATOR,D,OR,N/A,W000779,115
2097,Donald,PAYNE,REPRESENTATIVE,D,NJ,10,P000604,115
1036,Charles,SCHUMER,SENATOR,D,NY,N/A,S000148,115
1036,Charles,SCHUMER,SENATOR,D,NY,N/A,S000148,115
924,Rob,PORTMAN,SENATOR,R,OH,N/A,P000449,115
2256,David,ROUZER,REPRESENTATIVE,R,NC,7,R000603,115
2094,Thomas,MASSIE,REPRESENTATIVE,R,KY,4,M001184,115
924,Rob,PORTMAN,SENATOR,R,OH,N/A,P000449,115
924,Rob,PORTMAN,SENATOR,R,OH,N/A,P000449,115
1036,Charles,SCHUMER,SENATOR,D,NY,N/A,S000148,115
1984,Christopher,COONS,SENATOR,D,DE,N/A,C001088,115
2223,J.,HILL,REPRESENTATIVE,R,AR,2,H001072,115
1036,Charles,SCHUMER,SENATOR,D,NY,N/A,S000148,115
1351,Orrin,HATCH,SENATOR,R,UT,N/A,H000338,115
1633,Jeff,FLAKE,SENATOR,R,AZ,N/A,F000444,115
1351,Orrin,HATCH,SENATOR,R,UT,N/A,H000338,115
1828,Robert,CASEY,SENATOR,D,PA,N/A,C001070,115
1828,Robert,CASEY,SENATOR,D,PA,N/A,C001070,115
1826,Amy,KLOBUCHAR,SENATOR,D,MN,N/A,K000367,115
2084,Marco,RUBIO,SENATOR,R,FL,N/A,R000595,115
1850,Joe,DONNELLY,SENATOR,D,IN,N/A,D000607,115
1633,Jeff,FLAKE,SENATOR,R,AZ,N/A,F000444,115
1351,Orrin,HATCH,SENATOR,R,UT,N/A,H000338,115
2343,John,FASO,N/A,R,NY,N/A,F000464,115
2343,John,FASO,N/A,R,NY,N/A,F000464,115
1332,Dianne,FEINSTEIN,SENATOR,D,CA,N/A,F000062,115
1692,John,CORNYN,SENATOR,R,TX,N/A,C001056,115
1608,Johnny,ISAKSON,SENATOR,R,GA,N/A,I000055,115
414,Rodney,FRELINGHUYSEN,REPRESENTATIVE,R,NJ,11,F000372,115
414,Rodney,FRELINGHUYSEN,REPRESENTATIVE,R,NJ,11,F000372,115
414,Rodney,FRELINGHUYSEN,REPRESENTATIVE,R,NJ,11,F000372,115
414,Rodney,FRELINGHUYSEN,REPRESENTATIVE,R,NJ,11,F000372,115
709,Nita,LOWEY,REPRESENTATIVE,D,NY,17,L000480,115
414,Rodney,FRELINGHUYSEN,REPRESENTATIVE,R,NJ,11,F000372,115
1596,Greg,WALDEN,REPRESENTATIVE,R,OR,2,W000791,115
414,Rodney,FRELINGHUYSEN,REPRESENTATIVE,R,NJ,11,F000372,115
1596,Greg,WALDEN,REPRESENTATIVE,R,OR,2,W000791,115
709,Nita,LOWEY,REPRESENTATIVE,D,NY,17,L000480,115
414,Rodney,FRELINGHUYSEN,REPRESENTATIVE,R,NJ,11,F000372,115
709,Nita,LOWEY,REPRESENTATIVE,D,NY,17,L000480,115
616,Marcy,KAPTUR,REPRESENTATIVE,D,OH,8,K000009,115
709,Nita,LOWEY,REPRESENTATIVE,D,NY,17,L000480,115
616,Marcy,KAPTUR,REPRESENTATIVE,D,OH,8,K000009,115
414,Rodney,FRELINGHUYSEN,REPRESENTATIVE,R,NJ,11,F000372,115
709,Nita,LOWEY,REPRESENTATIVE,D,NY,17,L000480,115
1501,Barbara,LEE,REPRESENTATIVE,D,CA,13,L000551,115
709,Nita,LOWEY,REPRESENTATIVE,D,NY,17,L000480,115
1501,Barbara,LEE,REPRESENTATIVE,D,CA,13,L000551,115
414,Rodney,FRELINGHUYSEN,REPRESENTATIVE,R,NJ,11,F000372,115
709,Nita,LOWEY,REPRESENTATIVE,D,NY,17,L000480,115
414,Rodney,FRELINGHUYSEN,REPRESENTATIVE,R,NJ,11,F000372,115
709,Nita,LOWEY,REPRESENTATIVE,D,NY,17,L000480,115
709,Nita,LOWEY,REPRESENTATIVE,D,NY,17,L000480,115
414,Rodney,FRELINGHUYSEN,REPRESENTATIVE,R,NJ,11,F000372,115
709,Nita,LOWEY,REPRESENTATIVE,D,NY,17,L000480,115
709,Nita,LOWEY,REPRESENTATIVE,D,NY,17,L000480,115
566,Steny,HOYER,REPRESENTATIVE,D,MD,5,H000874,115
414,Rodney,FRELINGHUYSEN,REPRESENTATIVE,R,NJ,11,F000372,115
709,Nita,LOWEY,REPRESENTATIVE,D,NY,17,L000480,115
414,Rodney,FRELINGHUYSEN,REPRESENTATIVE,R,NJ,11,F000372,115
1590,Michael,SIMPSON,REPRESENTATIVE,R,ID,2,S001148,115
1604,Joseph,CROWLEY,REPRESENTATIVE,D,NY,14,C001038,115
414,Rodney,FRELINGHUYSEN,REPRESENTATIVE,R,NJ,11,F000372,115
1828,Robert,CASEY,SENATOR,D,PA,N/A,C001070,115
2082,Rand,PAUL,REPRESENTATIVE,R,KY,4,P000603,115
949,Jack,REED,REPRESENTATIVE,D,RI,23,R000122,115
868,Eleanor,NORTON,DELEGATE,D,DC,N/A,N000147,115
2175,Ted,CRUZ,SENATOR,R,TX,N/A,C001098,115
1969,Al,FRANKEN,SENATOR,D,MN,N/A,F000457,115
1826,Amy,KLOBUCHAR,SENATOR,D,MN,N/A,K000367,115
1383,Patrick,LEAHY,SENATOR,D,VT,N/A,L000174,115
2344,Claudia,TENNEY,N/A,R,NY,N/A,T000478,115
2052,Patrick,MEEHAN,REPRESENTATIVE,R,PA,7,M001181,115
1541,Susan,COLLINS,REPRESENTATIVE,R,ME,9,C001035,115
1541,Susan,COLLINS,REPRESENTATIVE,R,ME,9,C001035,115
1608,Johnny,ISAKSON,SENATOR,R,GA,N/A,I000055,115
1829,Jon,TESTER,SENATOR,D,MT,N/A,T000464,115
1969,Al,FRANKEN,SENATOR,D,MN,N/A,F000457,115
1969,Al,FRANKEN,SENATOR,D,MN,N/A,F000457,115
136,Sherrod,BROWN,REPRESENTATIVE,D,OH,26,B000944,115
735,Edward,MARKEY,SENATOR,D,MA,N/A,M000133,115
136,Sherrod,BROWN,REPRESENTATIVE,D,OH,26,B000944,115
735,Edward,MARKEY,SENATOR,D,MA,N/A,M000133,115
136,Sherrod,BROWN,REPRESENTATIVE,D,OH,26,B000944,115
136,Sherrod,BROWN,REPRESENTATIVE,D,OH,26,B000944,115
735,Edward,MARKEY,SENATOR,D,MA,N/A,M000133,115
136,Sherrod,BROWN,REPRESENTATIVE,D,OH,26,B000944,115
2082,Rand,PAUL,REPRESENTATIVE,R,KY,4,P000603,115
1541,Susan,COLLINS,REPRESENTATIVE,R,ME,9,C001035,115
326,Richard,DURBIN,SENATOR,D,IL,N/A,D000563,115
1383,Patrick,LEAHY,SENATOR,D,VT,N/A,L000174,115
1383,Patrick,LEAHY,SENATOR,D,VT,N/A,L000174,115
1692,John,CORNYN,SENATOR,R,TX,N/A,C001056,115
2288,Mike,ROUNDS,N/A,R,SD,N/A,R000605,115
1692,John,CORNYN,SENATOR,R,TX,N/A,C001056,115
