speaker_id,first_name,last_name,type,party,state,district,bio_guide_id,congress_id
2286,David,PERDUE,SENATOR,R,GA,N/A,P000612,115
2286,David,PERDUE,SENATOR,R,GA,N/A,P000612,115
2286,David,PERDUE,SENATOR,R,GA,N/A,P000612,115
1850,Joe,DONNELLY,SENATOR,D,IN,N/A,D000607,115
1633,Jeff,FLAKE,SENATOR,R,AZ,N/A,F000444,115
2084,Marco,RUBIO,SENATOR,R,FL,N/A,R000595,115
2056,Tim,SCOTT,REPRESENTATIVE,R,SC,52,S001184,115
1541,Susan,COLLINS,REPRESENTATIVE,R,ME,9,C001035,115
2290,Dan,SULLIVAN,SENATOR,R,AK,N/A,S001198,115
2056,Tim,SCOTT,REPRESENTATIVE,R,SC,52,S001184,115
968,Pat,ROBERTS,SENATOR,R,KS,N/A,R000307,115
968,Pat,ROBERTS,SENATOR,R,KS,N/A,R000307,115
968,Pat,ROBERTS,SENATOR,R,KS,N/A,R000307,115
968,Pat,ROBERTS,SENATOR,R,KS,N/A,R000307,115
968,Pat,ROBERTS,SENATOR,R,KS,N/A,R000307,115
968,Pat,ROBERTS,SENATOR,R,KS,N/A,R000307,115
968,Pat,ROBERTS,SENATOR,R,KS,N/A,R000307,115
968,Pat,ROBERTS,SENATOR,R,KS,N/A,R000307,115
968,Pat,ROBERTS,SENATOR,R,KS,N/A,R000307,115
968,Pat,ROBERTS,SENATOR,R,KS,N/A,R000307,115
968,Pat,ROBERTS,SENATOR,R,KS,N/A,R000307,115
2286,David,PERDUE,SENATOR,R,GA,N/A,P000612,115
1226,Roger,WICKER,SENATOR,R,MS,N/A,W000437,115
1226,Roger,WICKER,SENATOR,R,MS,N/A,W000437,115
1695,Lamar,ALEXANDER,SENATOR,R,TN,N/A,A000360,115
1881,John,BARRASSO,SENATOR,R,WY,N/A,B001261,115
1692,John,CORNYN,SENATOR,R,TX,N/A,C001056,115
2179,Deb,FISCHER,SENATOR,R,NE,N/A,F000463,115
1226,Roger,WICKER,SENATOR,R,MS,N/A,W000437,115
1226,Roger,WICKER,SENATOR,R,MS,N/A,W000437,115
1226,Roger,WICKER,SENATOR,R,MS,N/A,W000437,115
1226,Roger,WICKER,SENATOR,R,MS,N/A,W000437,115
1383,Patrick,LEAHY,SENATOR,D,VT,N/A,L000174,115
1049,Richard,SHELBY,SENATOR,R,AL,N/A,S000320,115
859,Bill,NELSON,SENATOR,D,FL,N/A,N000032,115
2179,Deb,FISCHER,SENATOR,R,NE,N/A,F000463,115
1695,Lamar,ALEXANDER,SENATOR,R,TN,N/A,A000360,115
1695,Lamar,ALEXANDER,SENATOR,R,TN,N/A,A000360,115
1558,Tammy,BALDWIN,SENATOR,D,WI,N/A,B001230,115
1829,Jon,TESTER,SENATOR,D,MT,N/A,T000464,115
1383,Patrick,LEAHY,SENATOR,D,VT,N/A,L000174,115
1226,Roger,WICKER,SENATOR,R,MS,N/A,W000437,115
1226,Roger,WICKER,SENATOR,R,MS,N/A,W000437,115
1351,Orrin,HATCH,SENATOR,R,UT,N/A,H000338,115
968,Pat,ROBERTS,SENATOR,R,KS,N/A,R000307,115
1825,Bob,CORKER,SENATOR,R,TN,N/A,C001071,115
1694,Lisa,MURKOWSKI,SENATOR,R,AK,N/A,M001153,115
1694,Lisa,MURKOWSKI,SENATOR,R,AK,N/A,M001153,115
1694,Lisa,MURKOWSKI,SENATOR,R,AK,N/A,M001153,115
1687,John,BOOZMAN,SENATOR,R,AR,N/A,B001236,115
2179,Deb,FISCHER,SENATOR,R,NE,N/A,F000463,115
2290,Dan,SULLIVAN,SENATOR,R,AK,N/A,S001198,115
1965,Michael,BENNET,SENATOR,D,CO,N/A,B001267,115
1247,Ron,WYDEN,SENATOR,D,OR,N/A,W000779,115
1837,Christopher,MURPHY,SENATOR,D,CT,N/A,M001169,115
99999999999999,,FISHER,N/A,Party information Unavailable,State Info Unavailable,N/A,9999999999999999,115
2019,Todd,YOUNG,REPRESENTATIVE,R,IN,0,Y000064,115
179,Thomas,CARPER,SENATOR,D,DE,N/A,C000174,115
1692,John,CORNYN,SENATOR,R,TX,N/A,C001056,115
1247,Ron,WYDEN,SENATOR,D,OR,N/A,W000779,115
1541,Susan,COLLINS,REPRESENTATIVE,R,ME,9,C001035,115
1694,Lisa,MURKOWSKI,SENATOR,R,AK,N/A,M001153,115
1692,John,CORNYN,SENATOR,R,TX,N/A,C001056,115
1351,Orrin,HATCH,SENATOR,R,UT,N/A,H000338,115
1351,Orrin,HATCH,SENATOR,R,UT,N/A,H000338,115
2286,David,PERDUE,SENATOR,R,GA,N/A,P000612,115
2290,Dan,SULLIVAN,SENATOR,R,AK,N/A,S001198,115
1850,Joe,DONNELLY,SENATOR,D,IN,N/A,D000607,115
1247,Ron,WYDEN,SENATOR,D,OR,N/A,W000779,115
1633,Jeff,FLAKE,SENATOR,R,AZ,N/A,F000444,115
2084,Marco,RUBIO,SENATOR,R,FL,N/A,R000595,115
1542,Michael,ENZI,SENATOR,R,WY,N/A,E000285,115
924,Rob,PORTMAN,SENATOR,R,OH,N/A,P000449,115
924,Rob,PORTMAN,SENATOR,R,OH,N/A,P000449,115
1542,Michael,ENZI,SENATOR,R,WY,N/A,E000285,115
326,Richard,DURBIN,SENATOR,D,IL,N/A,D000563,115
1036,Charles,SCHUMER,SENATOR,D,NY,N/A,S000148,115
1541,Susan,COLLINS,REPRESENTATIVE,R,ME,9,C001035,115
1542,Michael,ENZI,SENATOR,R,WY,N/A,E000285,115
1542,Michael,ENZI,SENATOR,R,WY,N/A,E000285,115
1692,John,CORNYN,SENATOR,R,TX,N/A,C001056,115
1695,Lamar,ALEXANDER,SENATOR,R,TN,N/A,A000360,115
1897,Mark,WARNER,SENATOR,D,VA,N/A,W000805,115
1897,Mark,WARNER,SENATOR,D,VA,N/A,W000805,115
1897,Mark,WARNER,SENATOR,D,VA,N/A,W000805,115
2084,Marco,RUBIO,SENATOR,R,FL,N/A,R000595,115
2185,Angus,KING,REPRESENTATIVE,I,ME,4,K000383,115
1694,Lisa,MURKOWSKI,SENATOR,R,AK,N/A,M001153,115
1676,Shelley,CAPITO,N/A,R,WV,N/A,C001047,115
2185,Angus,KING,REPRESENTATIVE,I,ME,4,K000383,115
136,Sherrod,BROWN,REPRESENTATIVE,D,OH,26,B000944,115
1542,Michael,ENZI,SENATOR,R,WY,N/A,E000285,115
1896,James,RISCH,SENATOR,R,ID,N/A,R000584,115
250,Mike,CRAPO,SENATOR,R,ID,N/A,C000880,115
1695,Lamar,ALEXANDER,SENATOR,R,TN,N/A,A000360,115
1695,Lamar,ALEXANDER,SENATOR,R,TN,N/A,A000360,115
1695,Lamar,ALEXANDER,SENATOR,R,TN,N/A,A000360,115
1695,Lamar,ALEXANDER,SENATOR,R,TN,N/A,A000360,115
1695,Lamar,ALEXANDER,SENATOR,R,TN,N/A,A000360,115
1823,Sheldon,WHITEHOUSE,SENATOR,D,RI,N/A,W000802,115
2019,Todd,YOUNG,REPRESENTATIVE,R,IN,0,Y000064,115
1226,Roger,WICKER,SENATOR,R,MS,N/A,W000437,115
1226,Roger,WICKER,SENATOR,R,MS,N/A,W000437,115
1687,John,BOOZMAN,SENATOR,R,AR,N/A,B001236,115
1036,Charles,SCHUMER,SENATOR,D,NY,N/A,S000148,115
2086,Ron,JOHNSON,REPRESENTATIVE,R,WI,4,J000293,115
2086,Ron,JOHNSON,REPRESENTATIVE,R,WI,4,J000293,115
1850,Joe,DONNELLY,SENATOR,D,IN,N/A,D000607,115
1409,Patty,MURRAY,SENATOR,D,WA,N/A,M001111,115
1695,Lamar,ALEXANDER,SENATOR,R,TN,N/A,A000360,115
1608,Johnny,ISAKSON,SENATOR,R,GA,N/A,I000055,115
1608,Johnny,ISAKSON,SENATOR,R,GA,N/A,I000055,115
1829,Jon,TESTER,SENATOR,D,MT,N/A,T000464,115
1694,Lisa,MURKOWSKI,SENATOR,R,AK,N/A,M001153,115
2084,Marco,RUBIO,SENATOR,R,FL,N/A,R000595,115
1692,John,CORNYN,SENATOR,R,TX,N/A,C001056,115
1036,Charles,SCHUMER,SENATOR,D,NY,N/A,S000148,115
1036,Charles,SCHUMER,SENATOR,D,NY,N/A,S000148,115
326,Richard,DURBIN,SENATOR,D,IL,N/A,D000563,115
1692,John,CORNYN,SENATOR,R,TX,N/A,C001056,115
1409,Patty,MURRAY,SENATOR,D,WA,N/A,M001111,115
1692,John,CORNYN,SENATOR,R,TX,N/A,C001056,115
1409,Patty,MURRAY,SENATOR,D,WA,N/A,M001111,115
2173,Brian,SCHATZ,SENATOR,D,HI,N/A,S001194,115
1828,Robert,CASEY,SENATOR,D,PA,N/A,C001070,115
1828,Robert,CASEY,SENATOR,D,PA,N/A,C001070,115
136,Sherrod,BROWN,REPRESENTATIVE,D,OH,26,B000944,115
136,Sherrod,BROWN,REPRESENTATIVE,D,OH,26,B000944,115
136,Sherrod,BROWN,REPRESENTATIVE,D,OH,26,B000944,115
2179,Deb,FISCHER,SENATOR,R,NE,N/A,F000463,115
2179,Deb,FISCHER,SENATOR,R,NE,N/A,F000463,115
1900,Jeff,MERKLEY,SENATOR,D,OR,N/A,M001176,115
1900,Jeff,MERKLEY,SENATOR,D,OR,N/A,M001176,115
1900,Jeff,MERKLEY,SENATOR,D,OR,N/A,M001176,115
1464,Roy,BLUNT,SENATOR,R,MO,N/A,B000575,115
1929,Gary,PETERS,REPRESENTATIVE,D,MI,52,P000595,115
1929,Gary,PETERS,REPRESENTATIVE,D,MI,52,P000595,115
1695,Lamar,ALEXANDER,SENATOR,R,TN,N/A,A000360,115
1929,Gary,PETERS,REPRESENTATIVE,D,MI,52,P000595,115
2175,Ted,CRUZ,SENATOR,R,TX,N/A,C001098,115
2175,Ted,CRUZ,SENATOR,R,TX,N/A,C001098,115
1567,Tom,UDALL,SENATOR,D,NM,N/A,U000039,115
2076,Richard,BLUMENTHAL,SENATOR,D,CT,N/A,B001277,115
1687,John,BOOZMAN,SENATOR,R,AR,N/A,B001236,115
2288,Mike,ROUNDS,N/A,R,SD,N/A,R000605,115
1226,Roger,WICKER,SENATOR,R,MS,N/A,W000437,115
1226,Roger,WICKER,SENATOR,R,MS,N/A,W000437,115
1226,Roger,WICKER,SENATOR,R,MS,N/A,W000437,115
1226,Roger,WICKER,SENATOR,R,MS,N/A,W000437,115
1226,Roger,WICKER,SENATOR,R,MS,N/A,W000437,115
1694,Lisa,MURKOWSKI,SENATOR,R,AK,N/A,M001153,115
174,Benjamin,CARDIN,SENATOR,D,MD,N/A,C000141,115
1226,Roger,WICKER,SENATOR,R,MS,N/A,W000437,115
1226,Roger,WICKER,SENATOR,R,MS,N/A,W000437,115
2182,Elizabeth,WARREN,SENATOR,D,MA,N/A,W000817,115
2291,Thom,TILLIS,SENATOR,R,NC,N/A,T000476,115
2291,Thom,TILLIS,SENATOR,R,NC,N/A,T000476,115
1692,John,CORNYN,SENATOR,R,TX,N/A,C001056,115
1541,Susan,COLLINS,REPRESENTATIVE,R,ME,9,C001035,115
1695,Lamar,ALEXANDER,SENATOR,R,TN,N/A,A000360,115
1695,Lamar,ALEXANDER,SENATOR,R,TN,N/A,A000360,115
2086,Ron,JOHNSON,REPRESENTATIVE,R,WI,4,J000293,115
1558,Tammy,BALDWIN,SENATOR,D,WI,N/A,B001230,115
326,Richard,DURBIN,SENATOR,D,IL,N/A,D000563,115
1351,Orrin,HATCH,SENATOR,R,UT,N/A,H000338,115
949,Jack,REED,REPRESENTATIVE,D,RI,23,R000122,115
791,Robert,MENENDEZ,SENATOR,D,NJ,N/A,M000639,115
1608,Johnny,ISAKSON,SENATOR,R,GA,N/A,I000055,115
791,Robert,MENENDEZ,SENATOR,D,NJ,N/A,M000639,115
1036,Charles,SCHUMER,SENATOR,D,NY,N/A,S000148,115
