speaker_id,first_name,last_name,type,party,state,district,bio_guide_id,congress_id
1901,Jeanne,SHAHEEN,SENATOR,D,NH,N/A,S001181,115
1856,Timothy,WALZ,REPRESENTATIVE,D,MN,1,W000799,115
1856,Timothy,WALZ,REPRESENTATIVE,D,MN,1,W000799,115
2345,Brian,FITZPATRICK,REPRESENTATIVE,R,PA,8,F000466,115
1856,Timothy,WALZ,REPRESENTATIVE,D,MN,1,W000799,115
2344,Claudia,TENNEY,N/A,R,NY,N/A,T000478,115
1856,Timothy,WALZ,REPRESENTATIVE,D,MN,1,W000799,115
1856,Timothy,WALZ,REPRESENTATIVE,D,MN,1,W000799,115
1351,Orrin,HATCH,SENATOR,R,UT,N/A,H000338,115
478,Luis,GUTIERREZ,REPRESENTATIVE,D,IL,4,G000535,115
1856,Timothy,WALZ,REPRESENTATIVE,D,MN,1,W000799,115
2263,Elise,STEFANIK,REPRESENTATIVE,R,NY,21,S001196,115
1856,Timothy,WALZ,REPRESENTATIVE,D,MN,1,W000799,115
1856,Timothy,WALZ,REPRESENTATIVE,D,MN,1,W000799,115
1856,Timothy,WALZ,REPRESENTATIVE,D,MN,1,W000799,115
2152,Brad,WENSTRUP,REPRESENTATIVE,R,OH,2,W000815,115
1856,Timothy,WALZ,REPRESENTATIVE,D,MN,1,W000799,115
1856,Timothy,WALZ,REPRESENTATIVE,D,MN,1,W000799,115
1976,Theodore,DEUTCH,REPRESENTATIVE,D,FL,21,D000610,115
1668,James,LANGEVIN,REPRESENTATIVE,D,RI,2,L000559,115
1976,Theodore,DEUTCH,REPRESENTATIVE,D,FL,21,D000610,115
1692,John,CORNYN,SENATOR,R,TX,N/A,C001056,115
326,Richard,DURBIN,SENATOR,D,IL,N/A,D000563,115
1856,Timothy,WALZ,REPRESENTATIVE,D,MN,1,W000799,115
2333,Jack,BERGMAN,N/A,R,MI,N/A,B001301,115
1856,Timothy,WALZ,REPRESENTATIVE,D,MN,1,W000799,115
1856,Timothy,WALZ,REPRESENTATIVE,D,MN,1,W000799,115
1856,Timothy,WALZ,REPRESENTATIVE,D,MN,1,W000799,115
1856,Timothy,WALZ,REPRESENTATIVE,D,MN,1,W000799,115
1856,Timothy,WALZ,REPRESENTATIVE,D,MN,1,W000799,115
1856,Timothy,WALZ,REPRESENTATIVE,D,MN,1,W000799,115
1856,Timothy,WALZ,REPRESENTATIVE,D,MN,1,W000799,115
2110,Mark,TAKANO,REPRESENTATIVE,D,CA,41,T000472,115
2110,Mark,TAKANO,REPRESENTATIVE,D,CA,41,T000472,115
2110,Mark,TAKANO,REPRESENTATIVE,D,CA,41,T000472,115
1856,Timothy,WALZ,REPRESENTATIVE,D,MN,1,W000799,115
1856,Timothy,WALZ,REPRESENTATIVE,D,MN,1,W000799,115
1856,Timothy,WALZ,REPRESENTATIVE,D,MN,1,W000799,115
1912,Mike,COFFMAN,REPRESENTATIVE,R,CO,6,C001077,115
1856,Timothy,WALZ,REPRESENTATIVE,D,MN,1,W000799,115
1856,Timothy,WALZ,REPRESENTATIVE,D,MN,1,W000799,115
2239,Rick,ALLEN,REPRESENTATIVE,R,GA,12,A000372,115
1351,Orrin,HATCH,SENATOR,R,UT,N/A,H000338,115
1036,Charles,SCHUMER,SENATOR,D,NY,N/A,S000148,115
1036,Charles,SCHUMER,SENATOR,D,NY,N/A,S000148,115
174,Benjamin,CARDIN,SENATOR,D,MD,N/A,C000141,115
1829,Jon,TESTER,SENATOR,D,MT,N/A,T000464,115
1844,Mazie,HIRONO,SENATOR,D,HI,N/A,H001042,115
1844,Mazie,HIRONO,SENATOR,D,HI,N/A,H001042,115
1633,Jeff,FLAKE,SENATOR,R,AZ,N/A,F000444,115
1633,Jeff,FLAKE,SENATOR,R,AZ,N/A,F000444,115
1694,Lisa,MURKOWSKI,SENATOR,R,AK,N/A,M001153,115
2138,Steve,DAINES,SENATOR,R,MT,N/A,D000618,115
2138,Steve,DAINES,SENATOR,R,MT,N/A,D000618,115
2138,Steve,DAINES,SENATOR,R,MT,N/A,D000618,115
2289,Ben,SASSE,SENATOR,R,NE,N/A,S001197,115
1692,John,CORNYN,SENATOR,R,TX,N/A,C001056,115
1856,Timothy,WALZ,REPRESENTATIVE,D,MN,1,W000799,115
2315,Neal,DUNN,N/A,R,FL,N/A,D000628,115
1856,Timothy,WALZ,REPRESENTATIVE,D,MN,1,W000799,115
2309,Jimmy,PANETTA,N/A,D,CA,N/A,P000613,115
2243,Mike,BOST,REPRESENTATIVE,R,IL,12,B001295,115
1856,Timothy,WALZ,REPRESENTATIVE,D,MN,1,W000799,115
2333,Jack,BERGMAN,N/A,R,MI,N/A,B001301,115
1856,Timothy,WALZ,REPRESENTATIVE,D,MN,1,W000799,115
2344,Claudia,TENNEY,N/A,R,NY,N/A,T000478,115
2128,Jackie,WALORSKI,REPRESENTATIVE,R,IN,2,W000813,115
1976,Theodore,DEUTCH,REPRESENTATIVE,D,FL,21,D000610,115
2138,Steve,DAINES,SENATOR,R,MT,N/A,D000618,115
1409,Patty,MURRAY,SENATOR,D,WA,N/A,M001111,115
949,Jack,REED,REPRESENTATIVE,D,RI,23,R000122,115
949,Jack,REED,REPRESENTATIVE,D,RI,23,R000122,115
2233,Ken,BUCK,REPRESENTATIVE,R,CO,4,B001297,115
2345,Brian,FITZPATRICK,REPRESENTATIVE,R,PA,8,F000466,115
2345,Brian,FITZPATRICK,REPRESENTATIVE,R,PA,8,F000466,115
99999999999999,First Name unavailable,FITZPATRICIK,Type Unavailable,Party Info Unavailable,state info unavailable,District Unavailable,BioGuideID unavailable,CongressID unavailable
2345,Brian,FITZPATRICK,REPRESENTATIVE,R,PA,8,F000466,115
1912,Mike,COFFMAN,REPRESENTATIVE,R,CO,6,C001077,115
2286,David,PERDUE,SENATOR,R,GA,N/A,P000612,115
2247,Bruce,POLIQUIN,REPRESENTATIVE,R,ME,2,P000611,115
2269,Will,HURD,REPRESENTATIVE,R,TX,23,H001073,115
1856,Timothy,WALZ,REPRESENTATIVE,D,MN,1,W000799,115
2345,Brian,FITZPATRICK,REPRESENTATIVE,R,PA,8,F000466,115
1856,Timothy,WALZ,REPRESENTATIVE,D,MN,1,W000799,115
1838,Gus,BILIRAKIS,REPRESENTATIVE,R,FL,12,B001257,115
1856,Timothy,WALZ,REPRESENTATIVE,D,MN,1,W000799,115
2110,Mark,TAKANO,REPRESENTATIVE,D,CA,41,T000472,115
1912,Mike,COFFMAN,REPRESENTATIVE,R,CO,6,C001077,115
1856,Timothy,WALZ,REPRESENTATIVE,D,MN,1,W000799,115
1962,Gregorio,SABLAN,DELEGATE,D,MP,N/A,S001177,115
2316,John,RUTHERFORD,N/A,R,FL,N/A,R000609,115
1856,Timothy,WALZ,REPRESENTATIVE,D,MN,1,W000799,115
2308,Ro,KHANNA,N/A,D,CA,N/A,K000389,115
2130,Luke,MESSER,REPRESENTATIVE,R,IN,6,M001189,115
1856,Timothy,WALZ,REPRESENTATIVE,D,MN,1,W000799,115
1856,Timothy,WALZ,REPRESENTATIVE,D,MN,1,W000799,115
1856,Timothy,WALZ,REPRESENTATIVE,D,MN,1,W000799,115
2011,Raul,LABRADOR,REPRESENTATIVE,R,ID,1,L000573,115
2131,Andy,BARR,REPRESENTATIVE,R,KY,11,B001282,115
868,Eleanor,NORTON,DELEGATE,D,DC,N/A,N000147,115
2332,Jamie,RASKIN,N/A,D,MD,N/A,R000606,115
99,Earl,BLUMENAUER,REPRESENTATIVE,D,OR,3,B000574,115
2310,Salud,CARBAJAL,N/A,D,CA,N/A,C001112,115
186,Steve,CHABOT,REPRESENTATIVE,R,OH,1,C000266,115
186,Steve,CHABOT,REPRESENTATIVE,R,OH,1,C000266,115
186,Steve,CHABOT,REPRESENTATIVE,R,OH,1,C000266,115
186,Steve,CHABOT,REPRESENTATIVE,R,OH,1,C000266,115
2337,Don,BACON,N/A,R,NE,N/A,B001298,115
186,Steve,CHABOT,REPRESENTATIVE,R,OH,1,C000266,115
186,Steve,CHABOT,REPRESENTATIVE,R,OH,1,C000266,115
186,Steve,CHABOT,REPRESENTATIVE,R,OH,1,C000266,115
186,Steve,CHABOT,REPRESENTATIVE,R,OH,1,C000266,115
186,Steve,CHABOT,REPRESENTATIVE,R,OH,1,C000266,115
2328,Roger,MARSHALL,N/A,R,KS,N/A,M001198,115
186,Steve,CHABOT,REPRESENTATIVE,R,OH,1,C000266,115
2361,Ralph,NORMAN,N/A,R,SC,N/A,N000190,115
186,Steve,CHABOT,REPRESENTATIVE,R,OH,1,C000266,115
1710,Devin,NUNES,REPRESENTATIVE,R,CA,22,N000181,115
1710,Devin,NUNES,REPRESENTATIVE,R,CA,22,N000181,115
1710,Devin,NUNES,REPRESENTATIVE,R,CA,22,N000181,115
1635,Adam,SCHIFF,REPRESENTATIVE,D,CA,28,S001150,115
1710,Devin,NUNES,REPRESENTATIVE,R,CA,22,N000181,115
1635,Adam,SCHIFF,REPRESENTATIVE,D,CA,28,S001150,115
1710,Devin,NUNES,REPRESENTATIVE,R,CA,22,N000181,115
1635,Adam,SCHIFF,REPRESENTATIVE,D,CA,28,S001150,115
1930,Erik,PAULSEN,REPRESENTATIVE,R,MN,3,P000594,115
326,Richard,DURBIN,SENATOR,D,IL,N/A,D000563,115
1828,Robert,CASEY,SENATOR,D,PA,N/A,C001070,115
172,Maria,CANTWELL,SENATOR,D,WA,N/A,C000127,115
1823,Sheldon,WHITEHOUSE,SENATOR,D,RI,N/A,W000802,115
2182,Elizabeth,WARREN,SENATOR,D,MA,N/A,W000817,115
1826,Amy,KLOBUCHAR,SENATOR,D,MN,N/A,K000367,115
1969,Al,FRANKEN,SENATOR,D,MN,N/A,F000457,115
1969,Al,FRANKEN,SENATOR,D,MN,N/A,F000457,115
2302,Margaret,HASSAN,N/A,D,NH,N/A,H001076,115
1010,Bernard,SANDERS,SENATOR,I,VT,N/A,S000033,115
1010,Bernard,SANDERS,SENATOR,I,VT,N/A,S000033,115
1558,Tammy,BALDWIN,SENATOR,D,WI,N/A,B001230,115
2176,Tim,KAINE,SENATOR,D,VA,N/A,K000384,115
1837,Christopher,MURPHY,SENATOR,D,CT,N/A,M001169,115
1900,Jeff,MERKLEY,SENATOR,D,OR,N/A,M001176,115
2173,Brian,SCHATZ,SENATOR,D,HI,N/A,S001194,115
2286,David,PERDUE,SENATOR,R,GA,N/A,P000612,115
2274,Stacey,PLASKETT,DELEGATE,D,VI,N/A,P000610,115
2274,Stacey,PLASKETT,DELEGATE,D,VI,N/A,P000610,115
2097,Donald,PAYNE,REPRESENTATIVE,D,NJ,10,P000604,115
2274,Stacey,PLASKETT,DELEGATE,D,VI,N/A,P000610,115
2274,Stacey,PLASKETT,DELEGATE,D,VI,N/A,P000610,115
2097,Donald,PAYNE,REPRESENTATIVE,D,NJ,10,P000604,115
2274,Stacey,PLASKETT,DELEGATE,D,VI,N/A,P000610,115
2298,Dwight,EVANS,N/A,D,PA,N/A,E000296,115
2274,Stacey,PLASKETT,DELEGATE,D,VI,N/A,P000610,115
2274,Stacey,PLASKETT,DELEGATE,D,VI,N/A,P000610,115
2274,Stacey,PLASKETT,DELEGATE,D,VI,N/A,P000610,115
1933,Gregg,HARPER,REPRESENTATIVE,R,MS,3,H001045,115
62,Joe,BARTON,REPRESENTATIVE,R,TX,6,B000213,115
2328,Roger,MARSHALL,N/A,R,KS,N/A,M001198,115
2255,Mark,WALKER,REPRESENTATIVE,R,NC,6,W000819,115
2238,Barry,LOUDERMILK,REPRESENTATIVE,R,GA,11,L000583,115
1668,James,LANGEVIN,REPRESENTATIVE,D,RI,2,L000559,115
2153,Joyce,BEATTY,REPRESENTATIVE,D,OH,3,B001281,115
2325,Raja,KRISHNAMOORTHI,N/A,D,IL,N/A,K000391,115
186,Steve,CHABOT,REPRESENTATIVE,R,OH,1,C000266,115
186,Steve,CHABOT,REPRESENTATIVE,R,OH,1,C000266,115
186,Steve,CHABOT,REPRESENTATIVE,R,OH,1,C000266,115
186,Steve,CHABOT,REPRESENTATIVE,R,OH,1,C000266,115
2201,Alma,ADAMS,REPRESENTATIVE,D,NC,12,A000370,115
186,Steve,CHABOT,REPRESENTATIVE,R,OH,1,C000266,115
186,Steve,CHABOT,REPRESENTATIVE,R,OH,1,C000266,115
1930,Erik,PAULSEN,REPRESENTATIVE,R,MN,3,P000594,115
1844,Mazie,HIRONO,SENATOR,D,HI,N/A,H001042,115
1694,Lisa,MURKOWSKI,SENATOR,R,AK,N/A,M001153,115
1955,Pete,OLSON,REPRESENTATIVE,R,TX,22,O000168,115
