speaker_id,first_name,last_name,type,party,state,district,bio_guide_id,congress_id
1955,Pete,OLSON,REPRESENTATIVE,R,TX,22,O000168,115
616,Marcy,KAPTUR,REPRESENTATIVE,D,OH,8,K000009,115
924,Rob,PORTMAN,SENATOR,R,OH,N/A,P000449,115
1541,Susan,COLLINS,REPRESENTATIVE,R,ME,9,C001035,115
859,Bill,NELSON,SENATOR,D,FL,N/A,N000032,115
1967,Mike,QUIGLEY,REPRESENTATIVE,D,IL,5,Q000023,115
2021,Kevin,YODER,REPRESENTATIVE,R,KS,3,Y000063,115
2086,Ron,JOHNSON,REPRESENTATIVE,R,WI,4,J000293,115
2137,Ann,WAGNER,REPRESENTATIVE,R,MO,2,W000812,115
1997,Scott,TIPTON,REPRESENTATIVE,R,CO,3,T000470,115
2086,Ron,JOHNSON,REPRESENTATIVE,R,WI,4,J000293,115
1998,Cory,GARDNER,N/A,R,CO,N/A,G000562,115
924,Rob,PORTMAN,SENATOR,R,OH,N/A,P000449,115
1791,Virginia,FOXX,REPRESENTATIVE,R,NC,5,F000450,115
2314,Matt,GAETZ,N/A,R,FL,N/A,G000578,115
1791,Virginia,FOXX,REPRESENTATIVE,R,NC,5,F000450,115
1829,Jon,TESTER,SENATOR,D,MT,N/A,T000464,115
1829,Jon,TESTER,SENATOR,D,MT,N/A,T000464,115
1829,Jon,TESTER,SENATOR,D,MT,N/A,T000464,115
1829,Jon,TESTER,SENATOR,D,MT,N/A,T000464,115
1507,Jerry,MORAN,SENATOR,R,KS,N/A,M000934,115
1692,John,CORNYN,SENATOR,R,TX,N/A,C001056,115
1501,Barbara,LEE,REPRESENTATIVE,D,CA,13,L000551,115
616,Marcy,KAPTUR,REPRESENTATIVE,D,OH,8,K000009,115
1003,Bobby,RUSH,REPRESENTATIVE,D,IL,1,R000515,115
616,Marcy,KAPTUR,REPRESENTATIVE,D,OH,8,K000009,115
2055,David,CICILLINE,REPRESENTATIVE,D,RI,1,C001084,115
616,Marcy,KAPTUR,REPRESENTATIVE,D,OH,8,K000009,115
616,Marcy,KAPTUR,REPRESENTATIVE,D,OH,8,K000009,115
616,Marcy,KAPTUR,REPRESENTATIVE,D,OH,8,K000009,115
616,Marcy,KAPTUR,REPRESENTATIVE,D,OH,8,K000009,115
616,Marcy,KAPTUR,REPRESENTATIVE,D,OH,8,K000009,115
616,Marcy,KAPTUR,REPRESENTATIVE,D,OH,8,K000009,115
616,Marcy,KAPTUR,REPRESENTATIVE,D,OH,8,K000009,115
616,Marcy,KAPTUR,REPRESENTATIVE,D,OH,8,K000009,115
949,Jack,REED,REPRESENTATIVE,D,RI,23,R000122,115
2346,Lloyd,SMUCKER,N/A,R,PA,N/A,S001199,115
1878,Steve,COHEN,REPRESENTATIVE,D,TN,9,C001068,115
1805,K.,CONAWAY,REPRESENTATIVE,R,TX,11,C001062,115
2325,Raja,KRISHNAMOORTHI,N/A,D,IL,N/A,K000391,115
2052,Patrick,MEEHAN,REPRESENTATIVE,R,PA,7,M001181,115
2265,Steve,RUSSELL,REPRESENTATIVE,R,OK,5,R000604,115
2334,Paul,MITCHELL,N/A,R,MI,N/A,M001201,115
1692,John,CORNYN,SENATOR,R,TX,N/A,C001056,115
174,Benjamin,CARDIN,SENATOR,D,MD,N/A,C000141,115
1692,John,CORNYN,SENATOR,R,TX,N/A,C001056,115
1633,Jeff,FLAKE,SENATOR,R,AZ,N/A,F000444,115
1633,Jeff,FLAKE,SENATOR,R,AZ,N/A,F000444,115
250,Mike,CRAPO,SENATOR,R,ID,N/A,C000880,115
250,Mike,CRAPO,SENATOR,R,ID,N/A,C000880,115
1692,John,CORNYN,SENATOR,R,TX,N/A,C001056,115
326,Richard,DURBIN,SENATOR,D,IL,N/A,D000563,115
924,Rob,PORTMAN,SENATOR,R,OH,N/A,P000449,115
2197,Bradley,BYRNE,REPRESENTATIVE,R,AL,1,B001289,115
2197,Bradley,BYRNE,REPRESENTATIVE,R,AL,1,B001289,115
2197,Bradley,BYRNE,REPRESENTATIVE,R,AL,1,B001289,115
2197,Bradley,BYRNE,REPRESENTATIVE,R,AL,1,B001289,115
511,Alcee,HASTINGS,REPRESENTATIVE,D,FL,20,H000324,115
2197,Bradley,BYRNE,REPRESENTATIVE,R,AL,1,B001289,115
511,Alcee,HASTINGS,REPRESENTATIVE,D,FL,20,H000324,115
511,Alcee,HASTINGS,REPRESENTATIVE,D,FL,20,H000324,115
2339,Jacky,ROSEN,N/A,D,NV,N/A,R000608,115
2197,Bradley,BYRNE,REPRESENTATIVE,R,AL,1,B001289,115
511,Alcee,HASTINGS,REPRESENTATIVE,D,FL,20,H000324,115
2197,Bradley,BYRNE,REPRESENTATIVE,R,AL,1,B001289,115
2197,Bradley,BYRNE,REPRESENTATIVE,R,AL,1,B001289,115
511,Alcee,HASTINGS,REPRESENTATIVE,D,FL,20,H000324,115
511,Alcee,HASTINGS,REPRESENTATIVE,D,FL,20,H000324,115
2122,Tulsi,GABBARD,REPRESENTATIVE,D,HI,2,G000571,115
511,Alcee,HASTINGS,REPRESENTATIVE,D,FL,20,H000324,115
2355,Mike,GALLAGHER,N/A,R,WI,N/A,G000579,115
1247,Ron,WYDEN,SENATOR,D,OR,N/A,W000779,115
2092,Suzanne,BONAMICI,REPRESENTATIVE,D,OR,1,B001278,115
711,Frank,LUCAS,REPRESENTATIVE,R,OK,3,L000491,115
2092,Suzanne,BONAMICI,REPRESENTATIVE,D,OR,1,B001278,115
2307,Andy,BIGGS,N/A,R,AZ,N/A,B001302,115
2092,Suzanne,BONAMICI,REPRESENTATIVE,D,OR,1,B001278,115
2141,Robert,PITTENGER,REPRESENTATIVE,R,NC,9,P000606,115
2092,Suzanne,BONAMICI,REPRESENTATIVE,D,OR,1,B001278,115
2092,Suzanne,BONAMICI,REPRESENTATIVE,D,OR,1,B001278,115
2092,Suzanne,BONAMICI,REPRESENTATIVE,D,OR,1,B001278,115
2328,Roger,MARSHALL,N/A,R,KS,N/A,M001198,115
1676,Shelley,CAPITO,N/A,R,WV,N/A,C001047,115
1036,Charles,SCHUMER,SENATOR,D,NY,N/A,S000148,115
1036,Charles,SCHUMER,SENATOR,D,NY,N/A,S000148,115
2179,Deb,FISCHER,SENATOR,R,NE,N/A,F000463,115
1829,Jon,TESTER,SENATOR,D,MT,N/A,T000464,115
1818,Albio,SIRES,REPRESENTATIVE,D,NJ,8,S001165,115
1818,Albio,SIRES,REPRESENTATIVE,D,NJ,8,S001165,115
344,Eliot,ENGEL,REPRESENTATIVE,D,NY,16,E000179,115
344,Eliot,ENGEL,REPRESENTATIVE,D,NY,16,E000179,115
344,Eliot,ENGEL,REPRESENTATIVE,D,NY,16,E000179,115
1818,Albio,SIRES,REPRESENTATIVE,D,NJ,8,S001165,115
344,Eliot,ENGEL,REPRESENTATIVE,D,NY,16,E000179,115
344,Eliot,ENGEL,REPRESENTATIVE,D,NY,16,E000179,115
1818,Albio,SIRES,REPRESENTATIVE,D,NJ,8,S001165,115
1910,Jared,POLIS,REPRESENTATIVE,D,CO,2,P000598,115
2086,Ron,JOHNSON,REPRESENTATIVE,R,WI,4,J000293,115
616,Marcy,KAPTUR,REPRESENTATIVE,D,OH,8,K000009,115
2014,Adam,KINZINGER,REPRESENTATIVE,R,IL,16,K000378,115
616,Marcy,KAPTUR,REPRESENTATIVE,D,OH,8,K000009,115
1633,Jeff,FLAKE,SENATOR,R,AZ,N/A,F000444,115
2345,Brian,FITZPATRICK,REPRESENTATIVE,R,PA,8,F000466,115
1749,Jeb,HENSARLING,REPRESENTATIVE,R,TX,5,H001036,115
1749,Jeb,HENSARLING,REPRESENTATIVE,R,TX,5,H001036,115
1749,Jeb,HENSARLING,REPRESENTATIVE,R,TX,5,H001036,115
2134,Daniel,KILDEE,REPRESENTATIVE,D,MI,5,K000380,115
1749,Jeb,HENSARLING,REPRESENTATIVE,R,TX,5,H001036,115
2028,Bill,HUIZENGA,REPRESENTATIVE,R,MI,2,H001058,115
2134,Daniel,KILDEE,REPRESENTATIVE,D,MI,5,K000380,115
1857,Keith,ELLISON,REPRESENTATIVE,D,MN,5,E000288,115
2134,Daniel,KILDEE,REPRESENTATIVE,D,MI,5,K000380,115
1857,Keith,ELLISON,REPRESENTATIVE,D,MN,5,E000288,115
2028,Bill,HUIZENGA,REPRESENTATIVE,R,MI,2,H001058,115
1931,Blaine,LUETKEMEYER,REPRESENTATIVE,R,MO,3,L000569,115
2134,Daniel,KILDEE,REPRESENTATIVE,D,MI,5,K000380,115
2133,John,DELANEY,REPRESENTATIVE,D,MD,6,D000620,115
2134,Daniel,KILDEE,REPRESENTATIVE,D,MI,5,K000380,115
2133,John,DELANEY,REPRESENTATIVE,D,MD,6,D000620,115
2028,Bill,HUIZENGA,REPRESENTATIVE,R,MI,2,H001058,115
2015,Randy,HULTGREN,REPRESENTATIVE,R,IL,14,H001059,115
2134,Daniel,KILDEE,REPRESENTATIVE,D,MI,5,K000380,115
2134,Daniel,KILDEE,REPRESENTATIVE,D,MI,5,K000380,115
2028,Bill,HUIZENGA,REPRESENTATIVE,R,MI,2,H001058,115
2223,J.,HILL,REPRESENTATIVE,R,AR,2,H001072,115
2134,Daniel,KILDEE,REPRESENTATIVE,D,MI,5,K000380,115
1910,Jared,POLIS,REPRESENTATIVE,D,CO,2,P000598,115
2028,Bill,HUIZENGA,REPRESENTATIVE,R,MI,2,H001058,115
2028,Bill,HUIZENGA,REPRESENTATIVE,R,MI,2,H001058,115
2238,Barry,LOUDERMILK,REPRESENTATIVE,R,GA,11,L000583,115
2134,Daniel,KILDEE,REPRESENTATIVE,D,MI,5,K000380,115
2028,Bill,HUIZENGA,REPRESENTATIVE,R,MI,2,H001058,115
2250,David,TROTT,REPRESENTATIVE,R,MI,11,T000475,115
2134,Daniel,KILDEE,REPRESENTATIVE,D,MI,5,K000380,115
2028,Bill,HUIZENGA,REPRESENTATIVE,R,MI,2,H001058,115
2261,Lee,ZELDIN,REPRESENTATIVE,R,NY,1,Z000017,115
2134,Daniel,KILDEE,REPRESENTATIVE,D,MI,5,K000380,115
2028,Bill,HUIZENGA,REPRESENTATIVE,R,MI,2,H001058,115
2028,Bill,HUIZENGA,REPRESENTATIVE,R,MI,2,H001058,115
2344,Claudia,TENNEY,N/A,R,NY,N/A,T000478,115
2134,Daniel,KILDEE,REPRESENTATIVE,D,MI,5,K000380,115
2028,Bill,HUIZENGA,REPRESENTATIVE,R,MI,2,H001058,115
1910,Jared,POLIS,REPRESENTATIVE,D,CO,2,P000598,115
1910,Jared,POLIS,REPRESENTATIVE,D,CO,2,P000598,115
2015,Randy,HULTGREN,REPRESENTATIVE,R,IL,14,H001059,115
1910,Jared,POLIS,REPRESENTATIVE,D,CO,2,P000598,115
2028,Bill,HUIZENGA,REPRESENTATIVE,R,MI,2,H001058,115
2028,Bill,HUIZENGA,REPRESENTATIVE,R,MI,2,H001058,115
2341,Thomas,SUOZZI,N/A,D,NY,N/A,S001201,115
1834,Doug,LAMBORN,REPRESENTATIVE,R,CO,5,L000564,115
2028,Bill,HUIZENGA,REPRESENTATIVE,R,MI,2,H001058,115
2134,Daniel,KILDEE,REPRESENTATIVE,D,MI,5,K000380,115
2153,Joyce,BEATTY,REPRESENTATIVE,D,OH,3,B001281,115
2166,Marc,VEASEY,REPRESENTATIVE,D,TX,33,V000131,115
2158,Keith,ROTHFUS,REPRESENTATIVE,R,PA,12,R000598,115
2315,Neal,DUNN,N/A,R,FL,N/A,D000628,115
868,Eleanor,NORTON,DELEGATE,D,DC,N/A,N000147,115
2233,Ken,BUCK,REPRESENTATIVE,R,CO,4,B001297,115
2233,Ken,BUCK,REPRESENTATIVE,R,CO,4,B001297,115
2233,Ken,BUCK,REPRESENTATIVE,R,CO,4,B001297,115
2233,Ken,BUCK,REPRESENTATIVE,R,CO,4,B001297,115
1910,Jared,POLIS,REPRESENTATIVE,D,CO,2,P000598,115
2233,Ken,BUCK,REPRESENTATIVE,R,CO,4,B001297,115
2015,Randy,HULTGREN,REPRESENTATIVE,R,IL,14,H001059,115
1910,Jared,POLIS,REPRESENTATIVE,D,CO,2,P000598,115
2233,Ken,BUCK,REPRESENTATIVE,R,CO,4,B001297,115
2028,Bill,HUIZENGA,REPRESENTATIVE,R,MI,2,H001058,115
1910,Jared,POLIS,REPRESENTATIVE,D,CO,2,P000598,115
1910,Jared,POLIS,REPRESENTATIVE,D,CO,2,P000598,115
1910,Jared,POLIS,REPRESENTATIVE,D,CO,2,P000598,115
2233,Ken,BUCK,REPRESENTATIVE,R,CO,4,B001297,115
1910,Jared,POLIS,REPRESENTATIVE,D,CO,2,P000598,115
2233,Ken,BUCK,REPRESENTATIVE,R,CO,4,B001297,115
1910,Jared,POLIS,REPRESENTATIVE,D,CO,2,P000598,115
2233,Ken,BUCK,REPRESENTATIVE,R,CO,4,B001297,115
2233,Ken,BUCK,REPRESENTATIVE,R,CO,4,B001297,115
1910,Jared,POLIS,REPRESENTATIVE,D,CO,2,P000598,115
2201,Alma,ADAMS,REPRESENTATIVE,D,NC,12,A000370,115
1487,Kay,GRANGER,REPRESENTATIVE,R,TX,12,G000377,115
2342,Adriano,ESPAILLAT,N/A,D,NY,N/A,E000297,115
2314,Matt,GAETZ,N/A,R,FL,N/A,G000578,115
1838,Gus,BILIRAKIS,REPRESENTATIVE,R,FL,12,B001257,115
868,Eleanor,NORTON,DELEGATE,D,DC,N/A,N000147,115
2097,Donald,PAYNE,REPRESENTATIVE,D,NJ,10,P000604,115
868,Eleanor,NORTON,DELEGATE,D,DC,N/A,N000147,115
868,Eleanor,NORTON,DELEGATE,D,DC,N/A,N000147,115
868,Eleanor,NORTON,DELEGATE,D,DC,N/A,N000147,115
2149,Hakeem,JEFFRIES,REPRESENTATIVE,D,NY,8,J000294,115
2239,Rick,ALLEN,REPRESENTATIVE,R,GA,12,A000372,115
2309,Jimmy,PANETTA,N/A,D,CA,N/A,P000613,115
2165,Roger,WILLIAMS,REPRESENTATIVE,R,TX,25,W000816,115
