speaker_id,first_name,last_name,type,party,state,district,bio_guide_id,congress_id
1692,John,CORNYN,SENATOR,R,TX,N/A,C001056,115
1602,Grace,NAPOLITANO,REPRESENTATIVE,D,CA,32,N000179,115
1878,Steve,COHEN,REPRESENTATIVE,D,TN,9,C001068,115
2015,Randy,HULTGREN,REPRESENTATIVE,R,IL,14,H001059,115
2152,Brad,WENSTRUP,REPRESENTATIVE,R,OH,2,W000815,115
1801,Louie,GOHMERT,REPRESENTATIVE,R,TX,1,G000552,115
2339,Jacky,ROSEN,N/A,D,NV,N/A,R000608,115
566,Steny,HOYER,REPRESENTATIVE,D,MD,5,H000874,115
566,Steny,HOYER,REPRESENTATIVE,D,MD,5,H000874,115
566,Steny,HOYER,REPRESENTATIVE,D,MD,5,H000874,115
566,Steny,HOYER,REPRESENTATIVE,D,MD,5,H000874,115
566,Steny,HOYER,REPRESENTATIVE,D,MD,5,H000874,115
566,Steny,HOYER,REPRESENTATIVE,D,MD,5,H000874,115
2340,Ruben,KIHUEN,N/A,D,NV,N/A,K000390,115
446,Bob,GOODLATTE,REPRESENTATIVE,R,VA,6,G000289,115
446,Bob,GOODLATTE,REPRESENTATIVE,R,VA,6,G000289,115
229,John,CONYERS,REPRESENTATIVE,D,MI,13,C000714,115
229,John,CONYERS,REPRESENTATIVE,D,MI,13,C000714,115
850,Jerrold,NADLER,REPRESENTATIVE,D,NY,10,N000002,115
186,Steve,CHABOT,REPRESENTATIVE,R,OH,1,C000266,115
229,John,CONYERS,REPRESENTATIVE,D,MI,13,C000714,115
229,John,CONYERS,REPRESENTATIVE,D,MI,13,C000714,115
229,John,CONYERS,REPRESENTATIVE,D,MI,13,C000714,115
229,John,CONYERS,REPRESENTATIVE,D,MI,13,C000714,115
2319,Darren,SOTO,N/A,D,FL,N/A,S001200,115
2319,Darren,SOTO,N/A,D,FL,N/A,S001200,115
2319,Darren,SOTO,N/A,D,FL,N/A,S001200,115
229,John,CONYERS,REPRESENTATIVE,D,MI,13,C000714,115
229,John,CONYERS,REPRESENTATIVE,D,MI,13,C000714,115
229,John,CONYERS,REPRESENTATIVE,D,MI,13,C000714,115
229,John,CONYERS,REPRESENTATIVE,D,MI,13,C000714,115
229,John,CONYERS,REPRESENTATIVE,D,MI,13,C000714,115
2149,Hakeem,JEFFRIES,REPRESENTATIVE,D,NY,8,J000294,115
2149,Hakeem,JEFFRIES,REPRESENTATIVE,D,NY,8,J000294,115
2149,Hakeem,JEFFRIES,REPRESENTATIVE,D,NY,8,J000294,115
2149,Hakeem,JEFFRIES,REPRESENTATIVE,D,NY,8,J000294,115
1668,James,LANGEVIN,REPRESENTATIVE,D,RI,2,L000559,115
2273,Barbara,COMSTOCK,REPRESENTATIVE,R,VA,10,C001105,115
2029,Justin,AMASH,REPRESENTATIVE,R,MI,3,A000367,115
2115,Ted,YOHO,REPRESENTATIVE,R,FL,3,Y000065,115
701,Zoe,LOFGREN,REPRESENTATIVE,D,CA,19,L000397,115
701,Zoe,LOFGREN,REPRESENTATIVE,D,CA,19,L000397,115
701,Zoe,LOFGREN,REPRESENTATIVE,D,CA,19,L000397,115
446,Bob,GOODLATTE,REPRESENTATIVE,R,VA,6,G000289,115
446,Bob,GOODLATTE,REPRESENTATIVE,R,VA,6,G000289,115
701,Zoe,LOFGREN,REPRESENTATIVE,D,CA,19,L000397,115
229,John,CONYERS,REPRESENTATIVE,D,MI,13,C000714,115
2055,David,CICILLINE,REPRESENTATIVE,D,RI,1,C001084,115
2290,Dan,SULLIVAN,SENATOR,R,AK,N/A,S001198,115
2290,Dan,SULLIVAN,SENATOR,R,AK,N/A,S001198,115
1541,Susan,COLLINS,REPRESENTATIVE,R,ME,9,C001035,115
2176,Tim,KAINE,SENATOR,D,VA,N/A,K000384,115
1692,John,CORNYN,SENATOR,R,TX,N/A,C001056,115
326,Richard,DURBIN,SENATOR,D,IL,N/A,D000563,115
326,Richard,DURBIN,SENATOR,D,IL,N/A,D000563,115
1541,Susan,COLLINS,REPRESENTATIVE,R,ME,9,C001035,115
2138,Steve,DAINES,SENATOR,R,MT,N/A,D000618,115
2290,Dan,SULLIVAN,SENATOR,R,AK,N/A,S001198,115
2226,Ruben,GALLEGO,REPRESENTATIVE,D,AZ,7,G000574,115
1991,Steve,WOMACK,REPRESENTATIVE,R,AR,3,W000809,115
1863,Dean,HELLER,SENATOR,R,NV,N/A,H001041,115
1863,Dean,HELLER,SENATOR,R,NV,N/A,H001041,115
2290,Dan,SULLIVAN,SENATOR,R,AK,N/A,S001198,115
1681,Bill,SHUSTER,REPRESENTATIVE,R,PA,9,S001154,114
1681,Bill,SHUSTER,REPRESENTATIVE,R,PA,9,S001154,114
1681,Bill,SHUSTER,REPRESENTATIVE,R,PA,9,S001154,114
2274,Stacey,PLASKETT,DELEGATE,D,VI,N/A,P000610,115
1863,Dean,HELLER,SENATOR,R,NV,N/A,H001041,115
1863,Dean,HELLER,SENATOR,R,NV,N/A,H001041,115
2115,Ted,YOHO,REPRESENTATIVE,R,FL,3,Y000065,115
2115,Ted,YOHO,REPRESENTATIVE,R,FL,3,Y000065,115
2270,Brian,BABIN,REPRESENTATIVE,R,TX,36,B001291,115
2115,Ted,YOHO,REPRESENTATIVE,R,FL,3,Y000065,115
2275,Dan,NEWHOUSE,REPRESENTATIVE,R,WA,4,N000189,115
2115,Ted,YOHO,REPRESENTATIVE,R,FL,3,Y000065,115
2115,Ted,YOHO,REPRESENTATIVE,R,FL,3,Y000065,115
2115,Ted,YOHO,REPRESENTATIVE,R,FL,3,Y000065,115
2115,Ted,YOHO,REPRESENTATIVE,R,FL,3,Y000065,115
2290,Dan,SULLIVAN,SENATOR,R,AK,N/A,S001198,115
2290,Dan,SULLIVAN,SENATOR,R,AK,N/A,S001198,115
1863,Dean,HELLER,SENATOR,R,NV,N/A,H001041,115
2302,Margaret,HASSAN,N/A,D,NH,N/A,H001076,115
2138,Steve,DAINES,SENATOR,R,MT,N/A,D000618,115
1801,Louie,GOHMERT,REPRESENTATIVE,R,TX,1,G000552,115
326,Richard,DURBIN,SENATOR,D,IL,N/A,D000563,115
1464,Roy,BLUNT,SENATOR,R,MO,N/A,B000575,115
326,Richard,DURBIN,SENATOR,D,IL,N/A,D000563,115
1464,Roy,BLUNT,SENATOR,R,MO,N/A,B000575,115
1881,John,BARRASSO,SENATOR,R,WY,N/A,B001261,115
1464,Roy,BLUNT,SENATOR,R,MO,N/A,B000575,115
1881,John,BARRASSO,SENATOR,R,WY,N/A,B001261,115
1464,Roy,BLUNT,SENATOR,R,MO,N/A,B000575,115
1036,Charles,SCHUMER,SENATOR,D,NY,N/A,S000148,115
1036,Charles,SCHUMER,SENATOR,D,NY,N/A,S000148,115
1036,Charles,SCHUMER,SENATOR,D,NY,N/A,S000148,115
1965,Michael,BENNET,SENATOR,D,CO,N/A,B001267,115
1965,Michael,BENNET,SENATOR,D,CO,N/A,B001267,115
326,Richard,DURBIN,SENATOR,D,IL,N/A,D000563,115
457,Chuck,GRASSLEY,SENATOR,R,IA,N/A,G000386,115
457,Chuck,GRASSLEY,SENATOR,R,IA,N/A,G000386,115
1409,Patty,MURRAY,SENATOR,D,WA,N/A,M001111,115
1409,Patty,MURRAY,SENATOR,D,WA,N/A,M001111,115
1409,Patty,MURRAY,SENATOR,D,WA,N/A,M001111,115
1695,Lamar,ALEXANDER,SENATOR,R,TN,N/A,A000360,115
2286,David,PERDUE,SENATOR,R,GA,N/A,P000612,115
1692,John,CORNYN,SENATOR,R,TX,N/A,C001056,115
859,Bill,NELSON,SENATOR,D,FL,N/A,N000032,115
1692,John,CORNYN,SENATOR,R,TX,N/A,C001056,115
1010,Bernard,SANDERS,SENATOR,I,VT,N/A,S000033,115
1692,John,CORNYN,SENATOR,R,TX,N/A,C001056,115
735,Edward,MARKEY,SENATOR,D,MA,N/A,M000133,115
735,Edward,MARKEY,SENATOR,D,MA,N/A,M000133,115
1998,Cory,GARDNER,N/A,R,CO,N/A,G000562,115
1998,Cory,GARDNER,N/A,R,CO,N/A,G000562,115
1507,Jerry,MORAN,SENATOR,R,KS,N/A,M000934,115
1507,Jerry,MORAN,SENATOR,R,KS,N/A,M000934,115
1507,Jerry,MORAN,SENATOR,R,KS,N/A,M000934,115
1692,John,CORNYN,SENATOR,R,TX,N/A,C001056,115
1507,Jerry,MORAN,SENATOR,R,KS,N/A,M000934,115
1507,Jerry,MORAN,SENATOR,R,KS,N/A,M000934,115
1247,Ron,WYDEN,SENATOR,D,OR,N/A,W000779,115
1247,Ron,WYDEN,SENATOR,D,OR,N/A,W000779,115
172,Maria,CANTWELL,SENATOR,D,WA,N/A,C000127,115
172,Maria,CANTWELL,SENATOR,D,WA,N/A,C000127,115
1247,Ron,WYDEN,SENATOR,D,OR,N/A,W000779,115
172,Maria,CANTWELL,SENATOR,D,WA,N/A,C000127,115
1531,Debbie,STABENOW,SENATOR,D,MI,N/A,S000770,115
1247,Ron,WYDEN,SENATOR,D,OR,N/A,W000779,115
172,Maria,CANTWELL,SENATOR,D,WA,N/A,C000127,115
1531,Debbie,STABENOW,SENATOR,D,MI,N/A,S000770,115
1247,Ron,WYDEN,SENATOR,D,OR,N/A,W000779,115
1828,Robert,CASEY,SENATOR,D,PA,N/A,C001070,115
1531,Debbie,STABENOW,SENATOR,D,MI,N/A,S000770,115
949,Jack,REED,REPRESENTATIVE,D,RI,23,R000122,115
949,Jack,REED,REPRESENTATIVE,D,RI,23,R000122,115
1247,Ron,WYDEN,SENATOR,D,OR,N/A,W000779,115
1247,Ron,WYDEN,SENATOR,D,OR,N/A,W000779,115
1901,Jeanne,SHAHEEN,SENATOR,D,NH,N/A,S001181,115
1247,Ron,WYDEN,SENATOR,D,OR,N/A,W000779,115
1247,Ron,WYDEN,SENATOR,D,OR,N/A,W000779,115
1901,Jeanne,SHAHEEN,SENATOR,D,NH,N/A,S001181,115
1247,Ron,WYDEN,SENATOR,D,OR,N/A,W000779,115
1901,Jeanne,SHAHEEN,SENATOR,D,NH,N/A,S001181,115
1247,Ron,WYDEN,SENATOR,D,OR,N/A,W000779,115
1901,Jeanne,SHAHEEN,SENATOR,D,NH,N/A,S001181,115
1247,Ron,WYDEN,SENATOR,D,OR,N/A,W000779,115
1901,Jeanne,SHAHEEN,SENATOR,D,NH,N/A,S001181,115
1247,Ron,WYDEN,SENATOR,D,OR,N/A,W000779,115
1901,Jeanne,SHAHEEN,SENATOR,D,NH,N/A,S001181,115
1247,Ron,WYDEN,SENATOR,D,OR,N/A,W000779,115
1351,Orrin,HATCH,SENATOR,R,UT,N/A,H000338,115
179,Thomas,CARPER,SENATOR,D,DE,N/A,C000174,115
1687,John,BOOZMAN,SENATOR,R,AR,N/A,B001236,115
1929,Gary,PETERS,REPRESENTATIVE,D,MI,52,P000595,115
172,Maria,CANTWELL,SENATOR,D,WA,N/A,C000127,115
2084,Marco,RUBIO,SENATOR,R,FL,N/A,R000595,115
