speaker_id,first_name,last_name,type,party,state,district,bio_guide_id,congress_id
2098,Tom,COTTON,SENATOR,R,AR,N/A,C001095,115
1687,John,BOOZMAN,SENATOR,R,AR,N/A,B001236,115
1687,John,BOOZMAN,SENATOR,R,AR,N/A,B001236,115
1036,Charles,SCHUMER,SENATOR,D,NY,N/A,S000148,115
1036,Charles,SCHUMER,SENATOR,D,NY,N/A,S000148,115
1351,Orrin,HATCH,SENATOR,R,UT,N/A,H000338,115
1036,Charles,SCHUMER,SENATOR,D,NY,N/A,S000148,115
1351,Orrin,HATCH,SENATOR,R,UT,N/A,H000338,115
2056,Tim,SCOTT,REPRESENTATIVE,R,SC,52,S001184,115
2123,Tammy,DUCKWORTH,REPRESENTATIVE,D,IL,8,D000622,115
136,Sherrod,BROWN,REPRESENTATIVE,D,OH,26,B000944,115
1633,Jeff,FLAKE,SENATOR,R,AZ,N/A,F000444,115
326,Richard,DURBIN,SENATOR,D,IL,N/A,D000563,115
1984,Christopher,COONS,SENATOR,D,DE,N/A,C001088,115
1692,John,CORNYN,SENATOR,R,TX,N/A,C001056,115
172,Maria,CANTWELL,SENATOR,D,WA,N/A,C000127,115
1351,Orrin,HATCH,SENATOR,R,UT,N/A,H000338,115
1351,Orrin,HATCH,SENATOR,R,UT,N/A,H000338,115
2289,Ben,SASSE,SENATOR,R,NE,N/A,S001197,115
1351,Orrin,HATCH,SENATOR,R,UT,N/A,H000338,115
2289,Ben,SASSE,SENATOR,R,NE,N/A,S001197,115
1351,Orrin,HATCH,SENATOR,R,UT,N/A,H000338,115
1351,Orrin,HATCH,SENATOR,R,UT,N/A,H000338,115
2056,Tim,SCOTT,REPRESENTATIVE,R,SC,52,S001184,115
1351,Orrin,HATCH,SENATOR,R,UT,N/A,H000338,115
2056,Tim,SCOTT,REPRESENTATIVE,R,SC,52,S001184,115
1351,Orrin,HATCH,SENATOR,R,UT,N/A,H000338,115
1929,Gary,PETERS,REPRESENTATIVE,D,MI,52,P000595,115
1901,Jeanne,SHAHEEN,SENATOR,D,NH,N/A,S001181,115
1409,Patty,MURRAY,SENATOR,D,WA,N/A,M001111,115
1558,Tammy,BALDWIN,SENATOR,D,WI,N/A,B001230,115
2289,Ben,SASSE,SENATOR,R,NE,N/A,S001197,115
1897,Mark,WARNER,SENATOR,D,VA,N/A,W000805,115
1837,Christopher,MURPHY,SENATOR,D,CT,N/A,M001169,115
2098,Tom,COTTON,SENATOR,R,AR,N/A,C001095,115
2176,Tim,KAINE,SENATOR,D,VA,N/A,K000384,115
2176,Tim,KAINE,SENATOR,D,VA,N/A,K000384,115
924,Rob,PORTMAN,SENATOR,R,OH,N/A,P000449,115
924,Rob,PORTMAN,SENATOR,R,OH,N/A,P000449,115
1247,Ron,WYDEN,SENATOR,D,OR,N/A,W000779,115
2290,Dan,SULLIVAN,SENATOR,R,AK,N/A,S001198,115
2290,Dan,SULLIVAN,SENATOR,R,AK,N/A,S001198,115
2182,Elizabeth,WARREN,SENATOR,D,MA,N/A,W000817,115
2182,Elizabeth,WARREN,SENATOR,D,MA,N/A,W000817,115
949,Jack,REED,REPRESENTATIVE,D,RI,23,R000122,115
949,Jack,REED,REPRESENTATIVE,D,RI,23,R000122,115
949,Jack,REED,REPRESENTATIVE,D,RI,23,R000122,115
949,Jack,REED,REPRESENTATIVE,D,RI,23,R000122,115
949,Jack,REED,REPRESENTATIVE,D,RI,23,R000122,115
136,Sherrod,BROWN,REPRESENTATIVE,D,OH,26,B000944,115
136,Sherrod,BROWN,REPRESENTATIVE,D,OH,26,B000944,115
1897,Mark,WARNER,SENATOR,D,VA,N/A,W000805,115
172,Maria,CANTWELL,SENATOR,D,WA,N/A,C000127,115
172,Maria,CANTWELL,SENATOR,D,WA,N/A,C000127,115
1687,John,BOOZMAN,SENATOR,R,AR,N/A,B001236,115
924,Rob,PORTMAN,SENATOR,R,OH,N/A,P000449,115
136,Sherrod,BROWN,REPRESENTATIVE,D,OH,26,B000944,115
1351,Orrin,HATCH,SENATOR,R,UT,N/A,H000338,115
1828,Robert,CASEY,SENATOR,D,PA,N/A,C001070,115
2194,Cory,BOOKER,SENATOR,D,NJ,N/A,B001288,115
326,Richard,DURBIN,SENATOR,D,IL,N/A,D000563,115
1687,John,BOOZMAN,SENATOR,R,AR,N/A,B001236,115
949,Jack,REED,REPRESENTATIVE,D,RI,23,R000122,115
1687,John,BOOZMAN,SENATOR,R,AR,N/A,B001236,115
1897,Mark,WARNER,SENATOR,D,VA,N/A,W000805,115
2176,Tim,KAINE,SENATOR,D,VA,N/A,K000384,115
1897,Mark,WARNER,SENATOR,D,VA,N/A,W000805,115
2185,Angus,KING,REPRESENTATIVE,I,ME,4,K000383,115
174,Benjamin,CARDIN,SENATOR,D,MD,N/A,C000141,115
2286,David,PERDUE,SENATOR,R,GA,N/A,P000612,115
1823,Sheldon,WHITEHOUSE,SENATOR,D,RI,N/A,W000802,115
1531,Debbie,STABENOW,SENATOR,D,MI,N/A,S000770,115
1969,Al,FRANKEN,SENATOR,D,MN,N/A,F000457,115
1969,Al,FRANKEN,SENATOR,D,MN,N/A,F000457,115
1036,Charles,SCHUMER,SENATOR,D,NY,N/A,S000148,115
1969,Al,FRANKEN,SENATOR,D,MN,N/A,F000457,115
1036,Charles,SCHUMER,SENATOR,D,NY,N/A,S000148,115
1036,Charles,SCHUMER,SENATOR,D,NY,N/A,S000148,115
1969,Al,FRANKEN,SENATOR,D,MN,N/A,F000457,115
1969,Al,FRANKEN,SENATOR,D,MN,N/A,F000457,115
1969,Al,FRANKEN,SENATOR,D,MN,N/A,F000457,115
1844,Mazie,HIRONO,SENATOR,D,HI,N/A,H001042,115
791,Robert,MENENDEZ,SENATOR,D,NJ,N/A,M000639,115
791,Robert,MENENDEZ,SENATOR,D,NJ,N/A,M000639,115
1383,Patrick,LEAHY,SENATOR,D,VT,N/A,L000174,115
1567,Tom,UDALL,SENATOR,D,NM,N/A,U000039,115
172,Maria,CANTWELL,SENATOR,D,WA,N/A,C000127,115
2182,Elizabeth,WARREN,SENATOR,D,MA,N/A,W000817,115
2182,Elizabeth,WARREN,SENATOR,D,MA,N/A,W000817,115
1010,Bernard,SANDERS,SENATOR,I,VT,N/A,S000033,115
2076,Richard,BLUMENTHAL,SENATOR,D,CT,N/A,B001277,115
2194,Cory,BOOKER,SENATOR,D,NJ,N/A,B001288,115
2084,Marco,RUBIO,SENATOR,R,FL,N/A,R000595,115
735,Edward,MARKEY,SENATOR,D,MA,N/A,M000133,115
1395,Mitch,KING,REPRESENTATIVE,R,KY,4,M000355,115
1247,Ron,WYDEN,SENATOR,D,OR,N/A,W000779,115
1247,Ron,WYDEN,SENATOR,D,OR,N/A,W000779,115
1247,Ron,WYDEN,SENATOR,D,OR,N/A,W000779,115
1247,Ron,WYDEN,SENATOR,D,OR,N/A,W000779,115
949,Jack,REED,REPRESENTATIVE,D,RI,23,R000122,115
2302,Margaret,HASSAN,N/A,D,NH,N/A,H001076,115
2302,Margaret,HASSAN,N/A,D,NH,N/A,H001076,115
1247,Ron,WYDEN,SENATOR,D,OR,N/A,W000779,115
1247,Ron,WYDEN,SENATOR,D,OR,N/A,W000779,115
2098,Tom,COTTON,SENATOR,R,AR,N/A,C001095,115
2098,Tom,COTTON,SENATOR,R,AR,N/A,C001095,115
326,Richard,DURBIN,SENATOR,D,IL,N/A,D000563,115
1687,John,BOOZMAN,SENATOR,R,AR,N/A,B001236,115
1687,John,BOOZMAN,SENATOR,R,AR,N/A,B001236,115
1687,John,BOOZMAN,SENATOR,R,AR,N/A,B001236,115
1687,John,BOOZMAN,SENATOR,R,AR,N/A,B001236,115
1687,John,BOOZMAN,SENATOR,R,AR,N/A,B001236,115
1687,John,BOOZMAN,SENATOR,R,AR,N/A,B001236,115
1687,John,BOOZMAN,SENATOR,R,AR,N/A,B001236,115
2138,Steve,DAINES,SENATOR,R,MT,N/A,D000618,115
1383,Patrick,LEAHY,SENATOR,D,VT,N/A,L000174,115
2176,Tim,KAINE,SENATOR,D,VA,N/A,K000384,115
859,Bill,NELSON,SENATOR,D,FL,N/A,N000032,115
1049,Richard,SHELBY,SENATOR,R,AL,N/A,S000320,115
2176,Tim,KAINE,SENATOR,D,VA,N/A,K000384,115
1828,Robert,CASEY,SENATOR,D,PA,N/A,C001070,115
1828,Robert,CASEY,SENATOR,D,PA,N/A,C001070,115
1828,Robert,CASEY,SENATOR,D,PA,N/A,C001070,115
583,James,INHOFE,SENATOR,R,OK,N/A,I000024,115
1828,Robert,CASEY,SENATOR,D,PA,N/A,C001070,115
179,Thomas,CARPER,SENATOR,D,DE,N/A,C000174,115
1829,Jon,TESTER,SENATOR,D,MT,N/A,T000464,115
1608,Johnny,ISAKSON,SENATOR,R,GA,N/A,I000055,115
1608,Johnny,ISAKSON,SENATOR,R,GA,N/A,I000055,115
1881,John,BARRASSO,SENATOR,R,WY,N/A,B001261,115
179,Thomas,CARPER,SENATOR,D,DE,N/A,C000174,115
174,Benjamin,CARDIN,SENATOR,D,MD,N/A,C000141,115
1332,Dianne,FEINSTEIN,SENATOR,D,CA,N/A,F000062,115
2302,Margaret,HASSAN,N/A,D,NH,N/A,H001076,115
1687,John,BOOZMAN,SENATOR,R,AR,N/A,B001236,115
1687,John,BOOZMAN,SENATOR,R,AR,N/A,B001236,115
