speaker_id,first_name,last_name,type,party,state,district,bio_guide_id,congress_id
1881,John,BARRASSO,SENATOR,R,WY,N/A,B001261,115
1881,John,BARRASSO,SENATOR,R,WY,N/A,B001261,115
1881,John,BARRASSO,SENATOR,R,WY,N/A,B001261,115
1541,Susan,COLLINS,REPRESENTATIVE,R,ME,9,C001035,115
1881,John,BARRASSO,SENATOR,R,WY,N/A,B001261,115
924,Rob,PORTMAN,SENATOR,R,OH,N/A,P000449,115
924,Rob,PORTMAN,SENATOR,R,OH,N/A,P000449,115
1534,John,THUNE,SENATOR,R,SD,N/A,T000250,115
924,Rob,PORTMAN,SENATOR,R,OH,N/A,P000449,115
924,Rob,PORTMAN,SENATOR,R,OH,N/A,P000449,115
1332,Dianne,FEINSTEIN,SENATOR,D,CA,N/A,F000062,115
1881,John,BARRASSO,SENATOR,R,WY,N/A,B001261,115
1881,John,BARRASSO,SENATOR,R,WY,N/A,B001261,115
1692,John,CORNYN,SENATOR,R,TX,N/A,C001056,115
326,Richard,DURBIN,SENATOR,D,IL,N/A,D000563,115
1825,Bob,CORKER,SENATOR,R,TN,N/A,C001071,115
136,Sherrod,BROWN,REPRESENTATIVE,D,OH,26,B000944,115
924,Rob,PORTMAN,SENATOR,R,OH,N/A,P000449,115
1881,John,BARRASSO,SENATOR,R,WY,N/A,B001261,115
1881,John,BARRASSO,SENATOR,R,WY,N/A,B001261,115
924,Rob,PORTMAN,SENATOR,R,OH,N/A,P000449,115
1036,Charles,SCHUMER,SENATOR,D,NY,N/A,S000148,115
859,Bill,NELSON,SENATOR,D,FL,N/A,N000032,115
859,Bill,NELSON,SENATOR,D,FL,N/A,N000032,115
1542,Michael,ENZI,SENATOR,R,WY,N/A,E000285,115
1036,Charles,SCHUMER,SENATOR,D,NY,N/A,S000148,115
1036,Charles,SCHUMER,SENATOR,D,NY,N/A,S000148,115
1998,Cory,GARDNER,N/A,R,CO,N/A,G000562,115
1998,Cory,GARDNER,N/A,R,CO,N/A,G000562,115
1692,John,CORNYN,SENATOR,R,TX,N/A,C001056,115
1881,John,BARRASSO,SENATOR,R,WY,N/A,B001261,115
1881,John,BARRASSO,SENATOR,R,WY,N/A,B001261,115
1049,Richard,SHELBY,SENATOR,R,AL,N/A,S000320,115
1049,Richard,SHELBY,SENATOR,R,AL,N/A,S000320,115
1881,John,BARRASSO,SENATOR,R,WY,N/A,B001261,115
1226,Roger,WICKER,SENATOR,R,MS,N/A,W000437,115
99999999999999,,CORNYN,SENATOR,Party information Unavailable,State Info Unavailable,N/A,9999999999999999,115
326,Richard,DURBIN,SENATOR,D,IL,N/A,D000563,115
99999999999999,,CORNYN,SENATOR,Party information Unavailable,State Info Unavailable,N/A,9999999999999999,115
326,Richard,DURBIN,SENATOR,D,IL,N/A,D000563,115
1823,Sheldon,WHITEHOUSE,SENATOR,D,RI,N/A,W000802,115
1823,Sheldon,WHITEHOUSE,SENATOR,D,RI,N/A,W000802,115
1823,Sheldon,WHITEHOUSE,SENATOR,D,RI,N/A,W000802,115
1823,Sheldon,WHITEHOUSE,SENATOR,D,RI,N/A,W000802,115
457,Chuck,GRASSLEY,SENATOR,R,IA,N/A,G000386,115
1823,Sheldon,WHITEHOUSE,SENATOR,D,RI,N/A,W000802,115
457,Chuck,GRASSLEY,SENATOR,R,IA,N/A,G000386,115
457,Chuck,GRASSLEY,SENATOR,R,IA,N/A,G000386,115
457,Chuck,GRASSLEY,SENATOR,R,IA,N/A,G000386,115
457,Chuck,GRASSLEY,SENATOR,R,IA,N/A,G000386,115
457,Chuck,GRASSLEY,SENATOR,R,IA,N/A,G000386,115
1695,Lamar,ALEXANDER,SENATOR,R,TN,N/A,A000360,115
1881,John,BARRASSO,SENATOR,R,WY,N/A,B001261,115
1881,John,BARRASSO,SENATOR,R,WY,N/A,B001261,115
1825,Bob,CORKER,SENATOR,R,TN,N/A,C001071,115
1695,Lamar,ALEXANDER,SENATOR,R,TN,N/A,A000360,115
1823,Sheldon,WHITEHOUSE,SENATOR,D,RI,N/A,W000802,115
2185,Angus,KING,REPRESENTATIVE,I,ME,4,K000383,115
1881,John,BARRASSO,SENATOR,R,WY,N/A,B001261,115
1881,John,BARRASSO,SENATOR,R,WY,N/A,B001261,115
1823,Sheldon,WHITEHOUSE,SENATOR,D,RI,N/A,W000802,115
924,Rob,PORTMAN,SENATOR,R,OH,N/A,P000449,115
924,Rob,PORTMAN,SENATOR,R,OH,N/A,P000449,115
1542,Michael,ENZI,SENATOR,R,WY,N/A,E000285,115
2288,Mike,ROUNDS,N/A,R,SD,N/A,R000605,115
1692,John,CORNYN,SENATOR,R,TX,N/A,C001056,115
1881,John,BARRASSO,SENATOR,R,WY,N/A,B001261,115
1881,John,BARRASSO,SENATOR,R,WY,N/A,B001261,115
924,Rob,PORTMAN,SENATOR,R,OH,N/A,P000449,115
924,Rob,PORTMAN,SENATOR,R,OH,N/A,P000449,115
1881,John,BARRASSO,SENATOR,R,WY,N/A,B001261,115
1534,John,THUNE,SENATOR,R,SD,N/A,T000250,115
924,Rob,PORTMAN,SENATOR,R,OH,N/A,P000449,115
924,Rob,PORTMAN,SENATOR,R,OH,N/A,P000449,115
2194,Cory,BOOKER,SENATOR,D,NJ,N/A,B001288,115
924,Rob,PORTMAN,SENATOR,R,OH,N/A,P000449,115
949,Jack,REED,REPRESENTATIVE,D,RI,23,R000122,115
924,Rob,PORTMAN,SENATOR,R,OH,N/A,P000449,115
924,Rob,PORTMAN,SENATOR,R,OH,N/A,P000449,115
924,Rob,PORTMAN,SENATOR,R,OH,N/A,P000449,115
924,Rob,PORTMAN,SENATOR,R,OH,N/A,P000449,115
924,Rob,PORTMAN,SENATOR,R,OH,N/A,P000449,115
924,Rob,PORTMAN,SENATOR,R,OH,N/A,P000449,115
1823,Sheldon,WHITEHOUSE,SENATOR,D,RI,N/A,W000802,115
1900,Jeff,MERKLEY,SENATOR,D,OR,N/A,M001176,115
924,Rob,PORTMAN,SENATOR,R,OH,N/A,P000449,115
924,Rob,PORTMAN,SENATOR,R,OH,N/A,P000449,115
924,Rob,PORTMAN,SENATOR,R,OH,N/A,P000449,115
924,Rob,PORTMAN,SENATOR,R,OH,N/A,P000449,115
924,Rob,PORTMAN,SENATOR,R,OH,N/A,P000449,115
1900,Jeff,MERKLEY,SENATOR,D,OR,N/A,M001176,115
924,Rob,PORTMAN,SENATOR,R,OH,N/A,P000449,115
924,Rob,PORTMAN,SENATOR,R,OH,N/A,P000449,115
924,Rob,PORTMAN,SENATOR,R,OH,N/A,P000449,115
213,Thad,COCHRAN,SENATOR,R,MS,N/A,C000567,115
1531,Debbie,STABENOW,SENATOR,D,MI,N/A,S000770,115
924,Rob,PORTMAN,SENATOR,R,OH,N/A,P000449,115
924,Rob,PORTMAN,SENATOR,R,OH,N/A,P000449,115
924,Rob,PORTMAN,SENATOR,R,OH,N/A,P000449,115
924,Rob,PORTMAN,SENATOR,R,OH,N/A,P000449,115
924,Rob,PORTMAN,SENATOR,R,OH,N/A,P000449,115
949,Jack,REED,REPRESENTATIVE,D,RI,23,R000122,115
924,Rob,PORTMAN,SENATOR,R,OH,N/A,P000449,115
924,Rob,PORTMAN,SENATOR,R,OH,N/A,P000449,115
1351,Orrin,HATCH,SENATOR,R,UT,N/A,H000338,115
1534,John,THUNE,SENATOR,R,SD,N/A,T000250,115
1534,John,THUNE,SENATOR,R,SD,N/A,T000250,115
1534,John,THUNE,SENATOR,R,SD,N/A,T000250,115
1826,Amy,KLOBUCHAR,SENATOR,D,MN,N/A,K000367,115
1826,Amy,KLOBUCHAR,SENATOR,D,MN,N/A,K000367,115
326,Richard,DURBIN,SENATOR,D,IL,N/A,D000563,115
1383,Patrick,LEAHY,SENATOR,D,VT,N/A,L000174,115
2076,Richard,BLUMENTHAL,SENATOR,D,CT,N/A,B001277,115
1332,Dianne,FEINSTEIN,SENATOR,D,CA,N/A,F000062,115
457,Chuck,GRASSLEY,SENATOR,R,IA,N/A,G000386,115
457,Chuck,GRASSLEY,SENATOR,R,IA,N/A,G000386,115
1608,Johnny,ISAKSON,SENATOR,R,GA,N/A,I000055,115
1036,Charles,SCHUMER,SENATOR,D,NY,N/A,S000148,115
1608,Johnny,ISAKSON,SENATOR,R,GA,N/A,I000055,115
1036,Charles,SCHUMER,SENATOR,D,NY,N/A,S000148,115
1608,Johnny,ISAKSON,SENATOR,R,GA,N/A,I000055,115
1036,Charles,SCHUMER,SENATOR,D,NY,N/A,S000148,115
1608,Johnny,ISAKSON,SENATOR,R,GA,N/A,I000055,115
1036,Charles,SCHUMER,SENATOR,D,NY,N/A,S000148,115
1608,Johnny,ISAKSON,SENATOR,R,GA,N/A,I000055,115
1608,Johnny,ISAKSON,SENATOR,R,GA,N/A,I000055,115
1608,Johnny,ISAKSON,SENATOR,R,GA,N/A,I000055,115
1608,Johnny,ISAKSON,SENATOR,R,GA,N/A,I000055,115
1692,John,CORNYN,SENATOR,R,TX,N/A,C001056,115
326,Richard,DURBIN,SENATOR,D,IL,N/A,D000563,115
2288,Mike,ROUNDS,N/A,R,SD,N/A,R000605,115
2288,Mike,ROUNDS,N/A,R,SD,N/A,R000605,115
