speaker_id,first_name,last_name,type,party,state,district,bio_guide_id,congress_id
1542,Michael,ENZI,SENATOR,R,WY,N/A,E000285,115
2102,Ami,BERA,REPRESENTATIVE,D,CA,7,B001287,115
2008,Rob,WOODALL,REPRESENTATIVE,R,GA,7,W000810,115
1668,James,LANGEVIN,REPRESENTATIVE,D,RI,2,L000559,115
174,Benjamin,CARDIN,SENATOR,D,MD,N/A,C000141,115
2290,Dan,SULLIVAN,SENATOR,R,AK,N/A,S001198,115
2274,Stacey,PLASKETT,DELEGATE,D,VI,N/A,P000610,115
1925,Bill,CASSIDY,SENATOR,R,LA,N/A,C001075,115
1925,Bill,CASSIDY,SENATOR,R,LA,N/A,C001075,115
1925,Bill,CASSIDY,SENATOR,R,LA,N/A,C001075,115
1036,Charles,SCHUMER,SENATOR,D,NY,N/A,S000148,115
1036,Charles,SCHUMER,SENATOR,D,NY,N/A,S000148,115
1036,Charles,SCHUMER,SENATOR,D,NY,N/A,S000148,115
1983,Joe,MANCHIN,SENATOR,D,WV,N/A,M001183,115
1983,Joe,MANCHIN,SENATOR,D,WV,N/A,M001183,115
1998,Cory,GARDNER,N/A,R,CO,N/A,G000562,115
1998,Cory,GARDNER,N/A,R,CO,N/A,G000562,115
2182,Elizabeth,WARREN,SENATOR,D,MA,N/A,W000817,115
2182,Elizabeth,WARREN,SENATOR,D,MA,N/A,W000817,115
859,Bill,NELSON,SENATOR,D,FL,N/A,N000032,115
859,Bill,NELSON,SENATOR,D,FL,N/A,N000032,115
136,Sherrod,BROWN,REPRESENTATIVE,D,OH,26,B000944,115
136,Sherrod,BROWN,REPRESENTATIVE,D,OH,26,B000944,115
1900,Jeff,MERKLEY,SENATOR,D,OR,N/A,M001176,115
1900,Jeff,MERKLEY,SENATOR,D,OR,N/A,M001176,115
2076,Richard,BLUMENTHAL,SENATOR,D,CT,N/A,B001277,115
2076,Richard,BLUMENTHAL,SENATOR,D,CT,N/A,B001277,115
1969,Al,FRANKEN,SENATOR,D,MN,N/A,F000457,115
2076,Richard,BLUMENTHAL,SENATOR,D,CT,N/A,B001277,115
1409,Patty,MURRAY,SENATOR,D,WA,N/A,M001111,115
1409,Patty,MURRAY,SENATOR,D,WA,N/A,M001111,115
1692,John,CORNYN,SENATOR,R,TX,N/A,C001056,115
1692,John,CORNYN,SENATOR,R,TX,N/A,C001056,115
1837,Christopher,MURPHY,SENATOR,D,CT,N/A,M001169,115
1837,Christopher,MURPHY,SENATOR,D,CT,N/A,M001169,115
326,Richard,DURBIN,SENATOR,D,IL,N/A,D000563,115
326,Richard,DURBIN,SENATOR,D,IL,N/A,D000563,115
1925,Bill,CASSIDY,SENATOR,R,LA,N/A,C001075,115
1823,Sheldon,WHITEHOUSE,SENATOR,D,RI,N/A,W000802,115
1695,Lamar,ALEXANDER,SENATOR,R,TN,N/A,A000360,115
1823,Sheldon,WHITEHOUSE,SENATOR,D,RI,N/A,W000802,115
1695,Lamar,ALEXANDER,SENATOR,R,TN,N/A,A000360,115
2289,Ben,SASSE,SENATOR,R,NE,N/A,S001197,115
2289,Ben,SASSE,SENATOR,R,NE,N/A,S001197,115
1692,John,CORNYN,SENATOR,R,TX,N/A,C001056,115
1633,Jeff,FLAKE,SENATOR,R,AZ,N/A,F000444,115
859,Bill,NELSON,SENATOR,D,FL,N/A,N000032,115
1534,John,THUNE,SENATOR,R,SD,N/A,T000250,115
1534,John,THUNE,SENATOR,R,SD,N/A,T000250,115
1837,Christopher,MURPHY,SENATOR,D,CT,N/A,M001169,115
949,Jack,REED,REPRESENTATIVE,D,RI,23,R000122,115
949,Jack,REED,REPRESENTATIVE,D,RI,23,R000122,115
1351,Orrin,HATCH,SENATOR,R,UT,N/A,H000338,115
1351,Orrin,HATCH,SENATOR,R,UT,N/A,H000338,115
1929,Gary,PETERS,REPRESENTATIVE,D,MI,52,P000595,115
2290,Dan,SULLIVAN,SENATOR,R,AK,N/A,S001198,115
2290,Dan,SULLIVAN,SENATOR,R,AK,N/A,S001198,115
2290,Dan,SULLIVAN,SENATOR,R,AK,N/A,S001198,115
174,Benjamin,CARDIN,SENATOR,D,MD,N/A,C000141,115
1409,Patty,MURRAY,SENATOR,D,WA,N/A,M001111,115
1409,Patty,MURRAY,SENATOR,D,WA,N/A,M001111,115
1036,Charles,SCHUMER,SENATOR,D,NY,N/A,S000148,115
735,Edward,MARKEY,SENATOR,D,MA,N/A,M000133,115
1247,Ron,WYDEN,SENATOR,D,OR,N/A,W000779,115
1247,Ron,WYDEN,SENATOR,D,OR,N/A,W000779,115
1383,Patrick,LEAHY,SENATOR,D,VT,N/A,L000174,115
1383,Patrick,LEAHY,SENATOR,D,VT,N/A,L000174,115
1383,Patrick,LEAHY,SENATOR,D,VT,N/A,L000174,115
1383,Patrick,LEAHY,SENATOR,D,VT,N/A,L000174,115
2076,Richard,BLUMENTHAL,SENATOR,D,CT,N/A,B001277,115
2076,Richard,BLUMENTHAL,SENATOR,D,CT,N/A,B001277,115
2301,Kamala,HARRIS,REPRESENTATIVE,D,CA,1,H001075,115
2301,Kamala,HARRIS,REPRESENTATIVE,D,CA,1,H001075,115
1692,John,CORNYN,SENATOR,R,TX,N/A,C001056,115
2173,Brian,SCHATZ,SENATOR,D,HI,N/A,S001194,115
2173,Brian,SCHATZ,SENATOR,D,HI,N/A,S001194,115
1692,John,CORNYN,SENATOR,R,TX,N/A,C001056,115
2008,Rob,WOODALL,REPRESENTATIVE,R,GA,7,W000810,115
1692,John,CORNYN,SENATOR,R,TX,N/A,C001056,115
2173,Brian,SCHATZ,SENATOR,D,HI,N/A,S001194,114
1567,Tom,UDALL,SENATOR,D,NM,N/A,U000039,114
1969,Al,FRANKEN,SENATOR,D,MN,N/A,F000457,114
1383,Patrick,LEAHY,SENATOR,D,VT,N/A,L000174,114
1969,Al,FRANKEN,SENATOR,D,MN,N/A,F000457,114
99999999999999,First Name unavailable,ROUNDS,Type Unavailable,Party Info Unavailable,state info unavailable,District Unavailable,BioGuideID unavailable,CongressID unavailable
99999999999999,First Name unavailable,ROUNDS,Type Unavailable,Party Info Unavailable,state info unavailable,District Unavailable,BioGuideID unavailable,CongressID unavailable
99999999999999,First Name unavailable,ROUNDS,Type Unavailable,Party Info Unavailable,state info unavailable,District Unavailable,BioGuideID unavailable,CongressID unavailable
99999999999999,First Name unavailable,ROUNDS,Type Unavailable,Party Info Unavailable,state info unavailable,District Unavailable,BioGuideID unavailable,CongressID unavailable
,,CARDIN,SENATOR,D,MD,N/A,99999999999999999,114
326,Richard,DURBIN,SENATOR,D,IL,N/A,D000563,114
326,Richard,DURBIN,SENATOR,D,IL,N/A,D000563,114
326,Richard,DURBIN,SENATOR,D,IL,N/A,D000563,114
1692,John,CORNYN,SENATOR,R,TX,N/A,C001056,114
1525,Pete,SESSIONS,SENATOR,R,TX,N/A,S000250,115
1525,Pete,SESSIONS,SENATOR,R,TX,N/A,S000250,115
1525,Pete,SESSIONS,SENATOR,R,TX,N/A,S000250,115
1525,Pete,SESSIONS,SENATOR,R,TX,N/A,S000250,115
1525,Pete,SESSIONS,SENATOR,R,TX,N/A,S000250,115
1527,John,SHIMKUS,REPRESENTATIVE,R,IL,15,S000364,115
709,Nita,LOWEY,REPRESENTATIVE,D,NY,17,L000480,115
709,Nita,LOWEY,REPRESENTATIVE,D,NY,17,L000480,115
1525,Pete,SESSIONS,SENATOR,R,TX,N/A,S000250,115
355,Anna,ESHOO,REPRESENTATIVE,D,CA,18,E000215,115
1525,Pete,SESSIONS,SENATOR,R,TX,N/A,S000250,115
2308,Ro,KHANNA,N/A,D,CA,N/A,K000389,115
1525,Pete,SESSIONS,SENATOR,R,TX,N/A,S000250,115
2055,David,CICILLINE,REPRESENTATIVE,D,RI,1,C001084,115
1525,Pete,SESSIONS,SENATOR,R,TX,N/A,S000250,115
1525,Pete,SESSIONS,SENATOR,R,TX,N/A,S000250,115
2332,Jamie,RASKIN,N/A,D,MD,N/A,R000606,115
2332,Jamie,RASKIN,N/A,D,MD,N/A,R000606,115
1525,Pete,SESSIONS,SENATOR,R,TX,N/A,S000250,115
1879,Peter,WELCH,REPRESENTATIVE,D,VT,0,W000800,115
1525,Pete,SESSIONS,SENATOR,R,TX,N/A,S000250,115
1525,Pete,SESSIONS,SENATOR,R,TX,N/A,S000250,115
1525,Pete,SESSIONS,SENATOR,R,TX,N/A,S000250,115
303,Lloyd,DOGGETT,REPRESENTATIVE,D,TX,35,D000399,115
1525,Pete,SESSIONS,SENATOR,R,TX,N/A,S000250,115
2138,Steve,DAINES,SENATOR,R,MT,N/A,D000618,115
1896,James,RISCH,SENATOR,R,ID,N/A,R000584,115
1901,Jeanne,SHAHEEN,SENATOR,D,NH,N/A,S001181,115
1976,Theodore,DEUTCH,REPRESENTATIVE,D,FL,21,D000610,115
1900,Jeff,MERKLEY,SENATOR,D,OR,N/A,M001176,115
1837,Christopher,MURPHY,SENATOR,D,CT,N/A,M001169,115
859,Bill,NELSON,SENATOR,D,FL,N/A,N000032,115
2243,Mike,BOST,REPRESENTATIVE,R,IL,12,B001295,115
1184,Nydia,VELAZQUEZ,REPRESENTATIVE,D,NY,7,V000081,115
566,Steny,HOYER,REPRESENTATIVE,D,MD,5,H000874,115
566,Steny,HOYER,REPRESENTATIVE,D,MD,5,H000874,115
566,Steny,HOYER,REPRESENTATIVE,D,MD,5,H000874,115
566,Steny,HOYER,REPRESENTATIVE,D,MD,5,H000874,115
566,Steny,HOYER,REPRESENTATIVE,D,MD,5,H000874,115
566,Steny,HOYER,REPRESENTATIVE,D,MD,5,H000874,115
1567,Tom,UDALL,SENATOR,D,NM,N/A,U000039,115
1567,Tom,UDALL,SENATOR,D,NM,N/A,U000039,115
2138,Steve,DAINES,SENATOR,R,MT,N/A,D000618,115
1828,Robert,CASEY,SENATOR,D,PA,N/A,C001070,115
1534,John,THUNE,SENATOR,R,SD,N/A,T000250,115
2173,Brian,SCHATZ,SENATOR,D,HI,N/A,S001194,115
735,Edward,MARKEY,SENATOR,D,MA,N/A,M000133,115
1942,Paul,TONKO,REPRESENTATIVE,D,NY,20,T000469,115
1692,John,CORNYN,SENATOR,R,TX,N/A,C001056,115
2185,Angus,KING,REPRESENTATIVE,I,ME,4,K000383,115
