speaker_id,first_name,last_name,type,party,state,district,bio_guide_id,congress_id
1604,Joseph,CROWLEY,REPRESENTATIVE,D,NY,14,C001038,115
2110,Mark,TAKANO,REPRESENTATIVE,D,CA,41,T000472,115
2110,Mark,TAKANO,REPRESENTATIVE,D,CA,41,T000472,115
2110,Mark,TAKANO,REPRESENTATIVE,D,CA,41,T000472,115
1525,Pete,SESSIONS,SENATOR,R,TX,N/A,S000250,115
1525,Pete,SESSIONS,SENATOR,R,TX,N/A,S000250,115
1604,Joseph,CROWLEY,REPRESENTATIVE,D,NY,14,C001038,115
2274,Stacey,PLASKETT,DELEGATE,D,VI,N/A,P000610,115
905,Nancy,PELOSI,REPRESENTATIVE,D,CA,12,P000197,115
905,Nancy,PELOSI,REPRESENTATIVE,D,CA,12,P000197,115
905,Nancy,PELOSI,REPRESENTATIVE,D,CA,12,P000197,115
229,John,CONYERS,REPRESENTATIVE,D,MI,13,C000714,115
2110,Mark,TAKANO,REPRESENTATIVE,D,CA,41,T000472,115
1604,Joseph,CROWLEY,REPRESENTATIVE,D,NY,14,C001038,115
1604,Joseph,CROWLEY,REPRESENTATIVE,D,NY,14,C001038,115
1604,Joseph,CROWLEY,REPRESENTATIVE,D,NY,14,C001038,115
1604,Joseph,CROWLEY,REPRESENTATIVE,D,NY,14,C001038,115
1604,Joseph,CROWLEY,REPRESENTATIVE,D,NY,14,C001038,115
