speaker_id,first_name,last_name,type,party,state,district,bio_guide_id,congress_id
1863,Dean,HELLER,SENATOR,R,NV,N/A,H001041,115
1863,Dean,HELLER,SENATOR,R,NV,N/A,H001041,115
213,Thad,COCHRAN,SENATOR,R,MS,N/A,C000567,115
1896,James,RISCH,SENATOR,R,ID,N/A,R000584,115
1937,Martin,HEINRICH,SENATOR,D,NM,N/A,H001046,115
1542,Michael,ENZI,SENATOR,R,WY,N/A,E000285,115
1825,Bob,CORKER,SENATOR,R,TN,N/A,C001071,115
250,Mike,CRAPO,SENATOR,R,ID,N/A,C000880,115
1542,Michael,ENZI,SENATOR,R,WY,N/A,E000285,115
1687,John,BOOZMAN,SENATOR,R,AR,N/A,B001236,115
1692,John,CORNYN,SENATOR,R,TX,N/A,C001056,115
326,Richard,DURBIN,SENATOR,D,IL,N/A,D000563,115
1929,Gary,PETERS,REPRESENTATIVE,D,MI,52,P000595,115
1723,Madeleine,BORDALLO,DELEGATE,D,GU,N/A,B001245,115
1036,Charles,SCHUMER,SENATOR,D,NY,N/A,S000148,115
1534,John,THUNE,SENATOR,R,SD,N/A,T000250,115
136,Sherrod,BROWN,REPRESENTATIVE,D,OH,26,B000944,115
1829,Jon,TESTER,SENATOR,D,MT,N/A,T000464,115
2084,Marco,RUBIO,SENATOR,R,FL,N/A,R000595,115
2345,Brian,FITZPATRICK,REPRESENTATIVE,R,PA,8,F000466,115
2345,Brian,FITZPATRICK,REPRESENTATIVE,R,PA,8,F000466,115
1878,Steve,COHEN,REPRESENTATIVE,D,TN,9,C001068,115
1501,Barbara,LEE,REPRESENTATIVE,D,CA,13,L000551,115
2094,Thomas,MASSIE,REPRESENTATIVE,R,KY,4,M001184,115
2325,Raja,KRISHNAMOORTHI,N/A,D,IL,N/A,K000391,115
1989,Eric,CRAWFORD,REPRESENTATIVE,R,AR,1,C001087,115
1989,Eric,CRAWFORD,REPRESENTATIVE,R,AR,1,C001087,115
1989,Eric,CRAWFORD,REPRESENTATIVE,R,AR,1,C001087,115
1895,Marcia,FUDGE,REPRESENTATIVE,D,OH,11,F000455,115
1989,Eric,CRAWFORD,REPRESENTATIVE,R,AR,1,C001087,115
1989,Eric,CRAWFORD,REPRESENTATIVE,R,AR,1,C001087,115
2361,Ralph,NORMAN,N/A,R,SC,N/A,N000190,115
1989,Eric,CRAWFORD,REPRESENTATIVE,R,AR,1,C001087,115
1989,Eric,CRAWFORD,REPRESENTATIVE,R,AR,1,C001087,115
1989,Eric,CRAWFORD,REPRESENTATIVE,R,AR,1,C001087,115
1989,Eric,CRAWFORD,REPRESENTATIVE,R,AR,1,C001087,115
1989,Eric,CRAWFORD,REPRESENTATIVE,R,AR,1,C001087,115
1895,Marcia,FUDGE,REPRESENTATIVE,D,OH,11,F000455,115
1989,Eric,CRAWFORD,REPRESENTATIVE,R,AR,1,C001087,115
165,Ken,CALVERT,REPRESENTATIVE,R,CA,42,C000059,115
1989,Eric,CRAWFORD,REPRESENTATIVE,R,AR,1,C001087,115
1003,Bobby,RUSH,REPRESENTATIVE,D,IL,1,R000515,115
2275,Dan,NEWHOUSE,REPRESENTATIVE,R,WA,4,N000189,115
1989,Eric,CRAWFORD,REPRESENTATIVE,R,AR,1,C001087,115
1989,Eric,CRAWFORD,REPRESENTATIVE,R,AR,1,C001087,115
1989,Eric,CRAWFORD,REPRESENTATIVE,R,AR,1,C001087,115
1895,Marcia,FUDGE,REPRESENTATIVE,D,OH,11,F000455,115
1989,Eric,CRAWFORD,REPRESENTATIVE,R,AR,1,C001087,115
1692,John,CORNYN,SENATOR,R,TX,N/A,C001056,115
859,Bill,NELSON,SENATOR,D,FL,N/A,N000032,115
859,Bill,NELSON,SENATOR,D,FL,N/A,N000032,115
1881,John,BARRASSO,SENATOR,R,WY,N/A,B001261,115
1881,John,BARRASSO,SENATOR,R,WY,N/A,B001261,115
1692,John,CORNYN,SENATOR,R,TX,N/A,C001056,115
326,Richard,DURBIN,SENATOR,D,IL,N/A,D000563,115
791,Robert,MENENDEZ,SENATOR,D,NJ,N/A,M000639,115
1668,James,LANGEVIN,REPRESENTATIVE,D,RI,2,L000559,115
1036,Charles,SCHUMER,SENATOR,D,NY,N/A,S000148,115
1036,Charles,SCHUMER,SENATOR,D,NY,N/A,S000148,115
616,Marcy,KAPTUR,REPRESENTATIVE,D,OH,8,K000009,115
2269,Will,HURD,REPRESENTATIVE,R,TX,23,H001073,115
2344,Claudia,TENNEY,N/A,R,NY,N/A,T000478,115
1695,Lamar,ALEXANDER,SENATOR,R,TN,N/A,A000360,115
949,Jack,REED,REPRESENTATIVE,D,RI,23,R000122,115
2328,Roger,MARSHALL,N/A,R,KS,N/A,M001198,115
2328,Roger,MARSHALL,N/A,R,KS,N/A,M001198,115
2328,Roger,MARSHALL,N/A,R,KS,N/A,M001198,115
1989,Eric,CRAWFORD,REPRESENTATIVE,R,AR,1,C001087,115
1989,Eric,CRAWFORD,REPRESENTATIVE,R,AR,1,C001087,115
1989,Eric,CRAWFORD,REPRESENTATIVE,R,AR,1,C001087,115
1895,Marcia,FUDGE,REPRESENTATIVE,D,OH,11,F000455,115
1989,Eric,CRAWFORD,REPRESENTATIVE,R,AR,1,C001087,115
2144,Kevin,CRAMER,REPRESENTATIVE,R,ND,0,C001096,115
1989,Eric,CRAWFORD,REPRESENTATIVE,R,AR,1,C001087,115
949,Jack,REED,REPRESENTATIVE,D,RI,23,R000122,115
