speaker_id,first_name,last_name,type,party,state,district,bio_guide_id,congress_id
2344,Claudia,TENNEY,N/A,R,NY,N/A,T000478,115
2153,Joyce,BEATTY,REPRESENTATIVE,D,OH,3,B001281,115
2063,Diane,BLACK,REPRESENTATIVE,R,TN,6,B001273,115
1749,Jeb,HENSARLING,REPRESENTATIVE,R,TX,5,H001036,115
1749,Jeb,HENSARLING,REPRESENTATIVE,R,TX,5,H001036,115
1749,Jeb,HENSARLING,REPRESENTATIVE,R,TX,5,H001036,115
1749,Jeb,HENSARLING,REPRESENTATIVE,R,TX,5,H001036,115
2261,Lee,ZELDIN,REPRESENTATIVE,R,NY,1,Z000017,115
1749,Jeb,HENSARLING,REPRESENTATIVE,R,TX,5,H001036,115
2271,Mia,LOVE,REPRESENTATIVE,R,UT,4,L000584,115
1749,Jeb,HENSARLING,REPRESENTATIVE,R,TX,5,H001036,115
2344,Claudia,TENNEY,N/A,R,NY,N/A,T000478,115
1749,Jeb,HENSARLING,REPRESENTATIVE,R,TX,5,H001036,115
2131,Andy,BARR,REPRESENTATIVE,R,KY,11,B001282,115
1749,Jeb,HENSARLING,REPRESENTATIVE,R,TX,5,H001036,115
1749,Jeb,HENSARLING,REPRESENTATIVE,R,TX,5,H001036,115
1749,Jeb,HENSARLING,REPRESENTATIVE,R,TX,5,H001036,115
1749,Jeb,HENSARLING,REPRESENTATIVE,R,TX,5,H001036,115
1749,Jeb,HENSARLING,REPRESENTATIVE,R,TX,5,H001036,115
2158,Keith,ROTHFUS,REPRESENTATIVE,R,PA,12,R000598,115
1749,Jeb,HENSARLING,REPRESENTATIVE,R,TX,5,H001036,115
1749,Jeb,HENSARLING,REPRESENTATIVE,R,TX,5,H001036,115
1749,Jeb,HENSARLING,REPRESENTATIVE,R,TX,5,H001036,115
1749,Jeb,HENSARLING,REPRESENTATIVE,R,TX,5,H001036,115
1604,Joseph,CROWLEY,REPRESENTATIVE,D,NY,14,C001038,115
326,Richard,DURBIN,SENATOR,D,IL,N/A,D000563,115
1036,Charles,SCHUMER,SENATOR,D,NY,N/A,S000148,115
1036,Charles,SCHUMER,SENATOR,D,NY,N/A,S000148,115
1692,John,CORNYN,SENATOR,R,TX,N/A,C001056,115
2138,Steve,DAINES,SENATOR,R,MT,N/A,D000618,115
2182,Elizabeth,WARREN,SENATOR,D,MA,N/A,W000817,115
583,James,INHOFE,SENATOR,R,OK,N/A,I000024,115
1692,John,CORNYN,SENATOR,R,TX,N/A,C001056,115
326,Richard,DURBIN,SENATOR,D,IL,N/A,D000563,115
583,James,INHOFE,SENATOR,R,OK,N/A,I000024,115
1409,Patty,MURRAY,SENATOR,D,WA,N/A,M001111,115
1823,Sheldon,WHITEHOUSE,SENATOR,D,RI,N/A,W000802,115
136,Sherrod,BROWN,REPRESENTATIVE,D,OH,26,B000944,115
1823,Sheldon,WHITEHOUSE,SENATOR,D,RI,N/A,W000802,115
1692,John,CORNYN,SENATOR,R,TX,N/A,C001056,115
326,Richard,DURBIN,SENATOR,D,IL,N/A,D000563,115
1881,John,BARRASSO,SENATOR,R,WY,N/A,B001261,115
136,Sherrod,BROWN,REPRESENTATIVE,D,OH,26,B000944,115
136,Sherrod,BROWN,REPRESENTATIVE,D,OH,26,B000944,115
1676,Shelley,CAPITO,N/A,R,WV,N/A,C001047,115
1464,Roy,BLUNT,SENATOR,R,MO,N/A,B000575,115
1594,Patrick,TOOMEY,SENATOR,R,PA,N/A,T000461,115
1594,Patrick,TOOMEY,SENATOR,R,PA,N/A,T000461,115
1534,John,THUNE,SENATOR,R,SD,N/A,T000250,115
1409,Patty,MURRAY,SENATOR,D,WA,N/A,M001111,115
1409,Patty,MURRAY,SENATOR,D,WA,N/A,M001111,115
1998,Cory,GARDNER,N/A,R,CO,N/A,G000562,115
2340,Ruben,KIHUEN,N/A,D,NV,N/A,K000390,115
2158,Keith,ROTHFUS,REPRESENTATIVE,R,PA,12,R000598,115
2233,Ken,BUCK,REPRESENTATIVE,R,CO,4,B001297,115
2233,Ken,BUCK,REPRESENTATIVE,R,CO,4,B001297,115
2233,Ken,BUCK,REPRESENTATIVE,R,CO,4,B001297,115
2233,Ken,BUCK,REPRESENTATIVE,R,CO,4,B001297,115
2233,Ken,BUCK,REPRESENTATIVE,R,CO,4,B001297,115
1976,Theodore,DEUTCH,REPRESENTATIVE,D,FL,21,D000610,115
2233,Ken,BUCK,REPRESENTATIVE,R,CO,4,B001297,115
2233,Ken,BUCK,REPRESENTATIVE,R,CO,4,B001297,115
2233,Ken,BUCK,REPRESENTATIVE,R,CO,4,B001297,115
1857,Keith,ELLISON,REPRESENTATIVE,D,MN,5,E000288,115
1857,Keith,ELLISON,REPRESENTATIVE,D,MN,5,E000288,115
1247,Ron,WYDEN,SENATOR,D,OR,N/A,W000779,115
2311,Nanette,BARRAGAN,N/A,D,CA,N/A,B001300,115
1749,Jeb,HENSARLING,REPRESENTATIVE,R,TX,5,H001036,115
1892,Steve,SCALISE,REPRESENTATIVE,R,LA,1,S001176,115
2243,Mike,BOST,REPRESENTATIVE,R,IL,12,B001295,115
1828,Robert,CASEY,SENATOR,D,PA,N/A,C001070,115
2194,Cory,BOOKER,SENATOR,D,NJ,N/A,B001288,115
2055,David,CICILLINE,REPRESENTATIVE,D,RI,1,C001084,115
1749,Jeb,HENSARLING,REPRESENTATIVE,R,TX,5,H001036,115
1749,Jeb,HENSARLING,REPRESENTATIVE,R,TX,5,H001036,115
1749,Jeb,HENSARLING,REPRESENTATIVE,R,TX,5,H001036,115
1749,Jeb,HENSARLING,REPRESENTATIVE,R,TX,5,H001036,115
2003,Dennis,ROSS,REPRESENTATIVE,R,FL,15,R000593,115
1749,Jeb,HENSARLING,REPRESENTATIVE,R,TX,5,H001036,115
2028,Bill,HUIZENGA,REPRESENTATIVE,R,MI,2,H001058,115
1749,Jeb,HENSARLING,REPRESENTATIVE,R,TX,5,H001036,115
2028,Bill,HUIZENGA,REPRESENTATIVE,R,MI,2,H001058,115
1749,Jeb,HENSARLING,REPRESENTATIVE,R,TX,5,H001036,115
2133,John,DELANEY,REPRESENTATIVE,D,MD,6,D000620,115
1749,Jeb,HENSARLING,REPRESENTATIVE,R,TX,5,H001036,115
2133,John,DELANEY,REPRESENTATIVE,D,MD,6,D000620,115
1749,Jeb,HENSARLING,REPRESENTATIVE,R,TX,5,H001036,115
2015,Randy,HULTGREN,REPRESENTATIVE,R,IL,14,H001059,115
1749,Jeb,HENSARLING,REPRESENTATIVE,R,TX,5,H001036,115
1997,Scott,TIPTON,REPRESENTATIVE,R,CO,3,T000470,115
1749,Jeb,HENSARLING,REPRESENTATIVE,R,TX,5,H001036,115
1526,Brad,SHERMAN,REPRESENTATIVE,D,CA,30,S000344,115
1749,Jeb,HENSARLING,REPRESENTATIVE,R,TX,5,H001036,115
2336,Ted,BUDD,REPRESENTATIVE,R,NC,1,B001305,115
1749,Jeb,HENSARLING,REPRESENTATIVE,R,TX,5,H001036,115
1749,Jeb,HENSARLING,REPRESENTATIVE,R,TX,5,H001036,115
1749,Jeb,HENSARLING,REPRESENTATIVE,R,TX,5,H001036,115
1931,Blaine,LUETKEMEYER,REPRESENTATIVE,R,MO,3,L000569,115
1749,Jeb,HENSARLING,REPRESENTATIVE,R,TX,5,H001036,115
616,Marcy,KAPTUR,REPRESENTATIVE,D,OH,8,K000009,115
2097,Donald,PAYNE,REPRESENTATIVE,D,NJ,10,P000604,115
2359,Greg,GIANFORTE,N/A,R,MT,N/A,G000584,115
1692,John,CORNYN,SENATOR,R,TX,N/A,C001056,115
326,Richard,DURBIN,SENATOR,D,IL,N/A,D000563,115
2268,John,RATCLIFFE,REPRESENTATIVE,R,TX,4,R000601,115
1825,Bob,CORKER,SENATOR,R,TN,N/A,C001071,115
2201,Alma,ADAMS,REPRESENTATIVE,D,NC,12,A000370,115
1836,Joe,COURTNEY,REPRESENTATIVE,D,CT,2,C001069,115
1801,Louie,GOHMERT,REPRESENTATIVE,R,TX,1,G000552,115
2194,Cory,BOOKER,SENATOR,D,NJ,N/A,B001288,114
2098,Tom,COTTON,SENATOR,R,AR,N/A,C001095,115
326,Richard,DURBIN,SENATOR,D,IL,N/A,D000563,115
326,Richard,DURBIN,SENATOR,D,IL,N/A,D000563,115
1692,John,CORNYN,SENATOR,R,TX,N/A,C001056,115
1695,Lamar,ALEXANDER,SENATOR,R,TN,N/A,A000360,115
174,Benjamin,CARDIN,SENATOR,D,MD,N/A,C000141,115
2050,James,LANKFORD,SENATOR,R,OK,N/A,L000575,115
2290,Dan,SULLIVAN,SENATOR,R,AK,N/A,S001198,115
1929,Gary,PETERS,REPRESENTATIVE,D,MI,52,P000595,115
1823,Sheldon,WHITEHOUSE,SENATOR,D,RI,N/A,W000802,115
1692,John,CORNYN,SENATOR,R,TX,N/A,C001056,115
326,Richard,DURBIN,SENATOR,D,IL,N/A,D000563,115
1036,Charles,SCHUMER,SENATOR,D,NY,N/A,S000148,115
1036,Charles,SCHUMER,SENATOR,D,NY,N/A,S000148,115
2098,Tom,COTTON,SENATOR,R,AR,N/A,C001095,115
2138,Steve,DAINES,SENATOR,R,MT,N/A,D000618,115
2176,Tim,KAINE,SENATOR,D,VA,N/A,K000384,115
174,Benjamin,CARDIN,SENATOR,D,MD,N/A,C000141,115
2084,Marco,RUBIO,SENATOR,R,FL,N/A,R000595,115
2084,Marco,RUBIO,SENATOR,R,FL,N/A,R000595,115
478,Luis,GUTIERREZ,REPRESENTATIVE,D,IL,4,G000535,115
2056,Tim,SCOTT,REPRESENTATIVE,R,SC,52,S001184,115
1351,Orrin,HATCH,SENATOR,R,UT,N/A,H000338,115
1886,Robert,WITTMAN,REPRESENTATIVE,R,VA,1,W000804,115
1036,Charles,SCHUMER,SENATOR,D,NY,N/A,S000148,115
2084,Marco,RUBIO,SENATOR,R,FL,N/A,R000595,115
2340,Ruben,KIHUEN,N/A,D,NV,N/A,K000390,115
250,Mike,CRAPO,SENATOR,R,ID,N/A,C000880,115
