speaker_id,first_name,last_name,type,party,state,district,bio_guide_id,congress_id
1534,John,THUNE,SENATOR,R,SD,N/A,T000250,115
1155,Mac,THORNBERRY,REPRESENTATIVE,R,TX,13,T000238,115
1930,Erik,PAULSEN,REPRESENTATIVE,R,MN,3,P000594,114
2076,Richard,BLUMENTHAL,SENATOR,D,CT,N/A,B001277,115
1801,Louie,GOHMERT,REPRESENTATIVE,R,TX,1,G000552,115
1801,Louie,GOHMERT,REPRESENTATIVE,R,TX,1,G000552,115
1761,G.,BUTTERFIELD,REPRESENTATIVE,D,NC,1,B001251,115
979,Dana,ROHRABACHER,REPRESENTATIVE,R,CA,48,R000409,115
1801,Louie,GOHMERT,REPRESENTATIVE,R,TX,1,G000552,115
979,Dana,ROHRABACHER,REPRESENTATIVE,R,CA,48,R000409,115
1801,Louie,GOHMERT,REPRESENTATIVE,R,TX,1,G000552,115
979,Dana,ROHRABACHER,REPRESENTATIVE,R,CA,48,R000409,115
979,Dana,ROHRABACHER,REPRESENTATIVE,R,CA,48,R000409,115
2138,Steve,DAINES,SENATOR,R,MT,N/A,D000618,115
1534,John,THUNE,SENATOR,R,SD,N/A,T000250,115
2201,Alma,ADAMS,REPRESENTATIVE,D,NC,12,A000370,115
1829,Jon,TESTER,SENATOR,D,MT,N/A,T000464,115
1801,Louie,GOHMERT,REPRESENTATIVE,R,TX,1,G000552,115
174,Benjamin,CARDIN,SENATOR,D,MD,N/A,C000141,115
1036,Charles,SCHUMER,SENATOR,D,NY,N/A,S000148,115
683,Sander,LEVIN,REPRESENTATIVE,D,MI,9,L000263,115
1534,John,THUNE,SENATOR,R,SD,N/A,T000250,115
153,Richard,BURR,SENATOR,R,NC,N/A,B001135,115
1534,John,THUNE,SENATOR,R,SD,N/A,T000250,115
1036,Charles,SCHUMER,SENATOR,D,NY,N/A,S000148,115
1036,Charles,SCHUMER,SENATOR,D,NY,N/A,S000148,115
1036,Charles,SCHUMER,SENATOR,D,NY,N/A,S000148,115
735,Edward,MARKEY,SENATOR,D,MA,N/A,M000133,115
1695,Lamar,ALEXANDER,SENATOR,R,TN,N/A,A000360,115
1825,Bob,CORKER,SENATOR,R,TN,N/A,C001071,115
1695,Lamar,ALEXANDER,SENATOR,R,TN,N/A,A000360,115
1695,Lamar,ALEXANDER,SENATOR,R,TN,N/A,A000360,115
1692,John,CORNYN,SENATOR,R,TX,N/A,C001056,115
326,Richard,DURBIN,SENATOR,D,IL,N/A,D000563,115
2228,Stephen,KNIGHT,REPRESENTATIVE,R,CA,25,K000387,115
2067,Blake,FARENTHOLD,REPRESENTATIVE,R,TX,27,F000460,115
2067,Blake,FARENTHOLD,REPRESENTATIVE,R,TX,27,F000460,115
1534,John,THUNE,SENATOR,R,SD,N/A,T000250,115
1633,Jeff,FLAKE,SENATOR,R,AZ,N/A,F000444,115
1633,Jeff,FLAKE,SENATOR,R,AZ,N/A,F000444,115
1351,Orrin,HATCH,SENATOR,R,UT,N/A,H000338,115
1901,Jeanne,SHAHEEN,SENATOR,D,NH,N/A,S001181,115
1901,Jeanne,SHAHEEN,SENATOR,D,NH,N/A,S001181,115
2174,Heidi,HEITKAMP,SENATOR,D,ND,N/A,H001069,115
1826,Amy,KLOBUCHAR,SENATOR,D,MN,N/A,K000367,115
1901,Jeanne,SHAHEEN,SENATOR,D,NH,N/A,S001181,115
1692,John,CORNYN,SENATOR,R,TX,N/A,C001056,115
1692,John,CORNYN,SENATOR,R,TX,N/A,C001056,115
1901,Jeanne,SHAHEEN,SENATOR,D,NH,N/A,S001181,115
1692,John,CORNYN,SENATOR,R,TX,N/A,C001056,115
1901,Jeanne,SHAHEEN,SENATOR,D,NH,N/A,S001181,115
2174,Heidi,HEITKAMP,SENATOR,D,ND,N/A,H001069,115
924,Rob,PORTMAN,SENATOR,R,OH,N/A,P000449,115
924,Rob,PORTMAN,SENATOR,R,OH,N/A,P000449,115
2174,Heidi,HEITKAMP,SENATOR,D,ND,N/A,H001069,115
1676,Shelley,CAPITO,N/A,R,WV,N/A,C001047,115
1823,Sheldon,WHITEHOUSE,SENATOR,D,RI,N/A,W000802,115
1983,Joe,MANCHIN,SENATOR,D,WV,N/A,M001183,115
1823,Sheldon,WHITEHOUSE,SENATOR,D,RI,N/A,W000802,115
1823,Sheldon,WHITEHOUSE,SENATOR,D,RI,N/A,W000802,115
1983,Joe,MANCHIN,SENATOR,D,WV,N/A,M001183,115
2174,Heidi,HEITKAMP,SENATOR,D,ND,N/A,H001069,115
1010,Bernard,SANDERS,SENATOR,I,VT,N/A,S000033,115
1464,Roy,BLUNT,SENATOR,R,MO,N/A,B000575,115
2086,Ron,JOHNSON,REPRESENTATIVE,R,WI,4,J000293,115
2290,Dan,SULLIVAN,SENATOR,R,AK,N/A,S001198,115
2290,Dan,SULLIVAN,SENATOR,R,AK,N/A,S001198,115
1925,Bill,CASSIDY,SENATOR,R,LA,N/A,C001075,115
1925,Bill,CASSIDY,SENATOR,R,LA,N/A,C001075,115
172,Maria,CANTWELL,SENATOR,D,WA,N/A,C000127,115
172,Maria,CANTWELL,SENATOR,D,WA,N/A,C000127,115
1531,Debbie,STABENOW,SENATOR,D,MI,N/A,S000770,115
2328,Roger,MARSHALL,N/A,R,KS,N/A,M001198,115
2328,Roger,MARSHALL,N/A,R,KS,N/A,M001198,115
2328,Roger,MARSHALL,N/A,R,KS,N/A,M001198,115
1534,John,THUNE,SENATOR,R,SD,N/A,T000250,115
1351,Orrin,HATCH,SENATOR,R,UT,N/A,H000338,115
2315,Neal,DUNN,N/A,R,FL,N/A,D000628,115
2346,Lloyd,SMUCKER,N/A,R,PA,N/A,S001199,115
1036,Charles,SCHUMER,SENATOR,D,NY,N/A,S000148,115
2275,Dan,NEWHOUSE,REPRESENTATIVE,R,WA,4,N000189,115
446,Bob,GOODLATTE,REPRESENTATIVE,R,VA,6,G000289,115
446,Bob,GOODLATTE,REPRESENTATIVE,R,VA,6,G000289,115
446,Bob,GOODLATTE,REPRESENTATIVE,R,VA,6,G000289,115
2332,Jamie,RASKIN,N/A,D,MD,N/A,R000606,115
446,Bob,GOODLATTE,REPRESENTATIVE,R,VA,6,G000289,115
2273,Barbara,COMSTOCK,REPRESENTATIVE,R,VA,10,C001105,115
2332,Jamie,RASKIN,N/A,D,MD,N/A,R000606,115
868,Eleanor,NORTON,DELEGATE,D,DC,N/A,N000147,115
2332,Jamie,RASKIN,N/A,D,MD,N/A,R000606,115
446,Bob,GOODLATTE,REPRESENTATIVE,R,VA,6,G000289,115
229,John,CONYERS,REPRESENTATIVE,D,MI,13,C000714,115
446,Bob,GOODLATTE,REPRESENTATIVE,R,VA,6,G000289,115
1929,Gary,PETERS,REPRESENTATIVE,D,MI,52,P000595,115
2315,Neal,DUNN,N/A,R,FL,N/A,D000628,115
2315,Neal,DUNN,N/A,R,FL,N/A,D000628,115
2315,Neal,DUNN,N/A,R,FL,N/A,D000628,115
2110,Mark,TAKANO,REPRESENTATIVE,D,CA,41,T000472,115
2315,Neal,DUNN,N/A,R,FL,N/A,D000628,115
2110,Mark,TAKANO,REPRESENTATIVE,D,CA,41,T000472,115
2315,Neal,DUNN,N/A,R,FL,N/A,D000628,115
2315,Neal,DUNN,N/A,R,FL,N/A,D000628,115
1901,Jeanne,SHAHEEN,SENATOR,D,NH,N/A,S001181,115
1976,Theodore,DEUTCH,REPRESENTATIVE,D,FL,21,D000610,115
566,Steny,HOYER,REPRESENTATIVE,D,MD,5,H000874,115
566,Steny,HOYER,REPRESENTATIVE,D,MD,5,H000874,115
566,Steny,HOYER,REPRESENTATIVE,D,MD,5,H000874,115
566,Steny,HOYER,REPRESENTATIVE,D,MD,5,H000874,115
566,Steny,HOYER,REPRESENTATIVE,D,MD,5,H000874,115
566,Steny,HOYER,REPRESENTATIVE,D,MD,5,H000874,115
566,Steny,HOYER,REPRESENTATIVE,D,MD,5,H000874,115
2174,Heidi,HEITKAMP,SENATOR,D,ND,N/A,H001069,115
1036,Charles,SCHUMER,SENATOR,D,NY,N/A,S000148,115
2197,Bradley,BYRNE,REPRESENTATIVE,R,AL,1,B001289,115
2197,Bradley,BYRNE,REPRESENTATIVE,R,AL,1,B001289,115
1836,Joe,COURTNEY,REPRESENTATIVE,D,CT,2,C001069,115
1836,Joe,COURTNEY,REPRESENTATIVE,D,CT,2,C001069,115
2197,Bradley,BYRNE,REPRESENTATIVE,R,AL,1,B001289,115
1836,Joe,COURTNEY,REPRESENTATIVE,D,CT,2,C001069,115
1836,Joe,COURTNEY,REPRESENTATIVE,D,CT,2,C001069,115
2197,Bradley,BYRNE,REPRESENTATIVE,R,AL,1,B001289,115
1836,Joe,COURTNEY,REPRESENTATIVE,D,CT,2,C001069,115
1909,Duncan,HUNTER,REPRESENTATIVE,R,CA,50,H001048,115
1909,Duncan,HUNTER,REPRESENTATIVE,R,CA,50,H001048,115
850,Jerrold,NADLER,REPRESENTATIVE,D,NY,10,N000002,115
850,Jerrold,NADLER,REPRESENTATIVE,D,NY,10,N000002,115
1909,Duncan,HUNTER,REPRESENTATIVE,R,CA,50,H001048,115
850,Jerrold,NADLER,REPRESENTATIVE,D,NY,10,N000002,115
1909,Duncan,HUNTER,REPRESENTATIVE,R,CA,50,H001048,115
1909,Duncan,HUNTER,REPRESENTATIVE,R,CA,50,H001048,115
850,Jerrold,NADLER,REPRESENTATIVE,D,NY,10,N000002,115
850,Jerrold,NADLER,REPRESENTATIVE,D,NY,10,N000002,115
2253,Tom,EMMER,REPRESENTATIVE,R,MN,6,E000294,115
1155,Mac,THORNBERRY,REPRESENTATIVE,R,TX,13,T000238,115
1155,Mac,THORNBERRY,REPRESENTATIVE,R,TX,13,T000238,115
1155,Mac,THORNBERRY,REPRESENTATIVE,R,TX,13,T000238,115
1155,Mac,THORNBERRY,REPRESENTATIVE,R,TX,13,T000238,115
1155,Mac,THORNBERRY,REPRESENTATIVE,R,TX,13,T000238,115
1886,Robert,WITTMAN,REPRESENTATIVE,R,VA,1,W000804,115
1886,Robert,WITTMAN,REPRESENTATIVE,R,VA,1,W000804,115
2247,Bruce,POLIQUIN,REPRESENTATIVE,R,ME,2,P000611,115
1886,Robert,WITTMAN,REPRESENTATIVE,R,VA,1,W000804,115
1886,Robert,WITTMAN,REPRESENTATIVE,R,VA,1,W000804,115
2247,Bruce,POLIQUIN,REPRESENTATIVE,R,ME,2,P000611,115
1155,Mac,THORNBERRY,REPRESENTATIVE,R,TX,13,T000238,115
2141,Robert,PITTENGER,REPRESENTATIVE,R,NC,9,P000606,115
1811,Gwen,MOORE,SENATOR,D,WI,N/A,M001160,115
1155,Mac,THORNBERRY,REPRESENTATIVE,R,TX,13,T000238,115
1848,Peter,ROSKAM,REPRESENTATIVE,R,IL,6,R000580,115
2274,Stacey,PLASKETT,DELEGATE,D,VI,N/A,P000610,115
1155,Mac,THORNBERRY,REPRESENTATIVE,R,TX,13,T000238,115
867,Richard,NOLAN,REPRESENTATIVE,D,MN,8,N000127,115
1155,Mac,THORNBERRY,REPRESENTATIVE,R,TX,13,T000238,115
979,Dana,ROHRABACHER,REPRESENTATIVE,R,CA,48,R000409,115
2246,Seth,MOULTON,REPRESENTATIVE,D,MA,6,M001196,115
1155,Mac,THORNBERRY,REPRESENTATIVE,R,TX,13,T000238,115
1834,Doug,LAMBORN,REPRESENTATIVE,R,CO,5,L000564,115
1155,Mac,THORNBERRY,REPRESENTATIVE,R,TX,13,T000238,115
1155,Mac,THORNBERRY,REPRESENTATIVE,R,TX,13,T000238,115
1155,Mac,THORNBERRY,REPRESENTATIVE,R,TX,13,T000238,115
1155,Mac,THORNBERRY,REPRESENTATIVE,R,TX,13,T000238,115
1155,Mac,THORNBERRY,REPRESENTATIVE,R,TX,13,T000238,115
2345,Brian,FITZPATRICK,REPRESENTATIVE,R,PA,8,F000466,115
1155,Mac,THORNBERRY,REPRESENTATIVE,R,TX,13,T000238,115
1155,Mac,THORNBERRY,REPRESENTATIVE,R,TX,13,T000238,115
1155,Mac,THORNBERRY,REPRESENTATIVE,R,TX,13,T000238,115
2339,Jacky,ROSEN,N/A,D,NV,N/A,R000608,115
344,Eliot,ENGEL,REPRESENTATIVE,D,NY,16,E000179,115
1155,Mac,THORNBERRY,REPRESENTATIVE,R,TX,13,T000238,115
1155,Mac,THORNBERRY,REPRESENTATIVE,R,TX,13,T000238,115
1155,Mac,THORNBERRY,REPRESENTATIVE,R,TX,13,T000238,115
1155,Mac,THORNBERRY,REPRESENTATIVE,R,TX,13,T000238,115
1155,Mac,THORNBERRY,REPRESENTATIVE,R,TX,13,T000238,115
2296,Warren,DAVIDSON,N/A,R,OH,N/A,D000626,115
1155,Mac,THORNBERRY,REPRESENTATIVE,R,TX,13,T000238,115
2296,Warren,DAVIDSON,N/A,R,OH,N/A,D000626,115
1155,Mac,THORNBERRY,REPRESENTATIVE,R,TX,13,T000238,115
2310,Salud,CARBAJAL,N/A,D,CA,N/A,C001112,115
2127,Cheri,BUSTOS,REPRESENTATIVE,D,IL,17,B001286,115
2344,Claudia,TENNEY,N/A,R,NY,N/A,T000478,115
2344,Claudia,TENNEY,N/A,R,NY,N/A,T000478,115
1781,Daniel,LIPINSKI,REPRESENTATIVE,D,IL,3,L000563,115
2344,Claudia,TENNEY,N/A,R,NY,N/A,T000478,115
1155,Mac,THORNBERRY,REPRESENTATIVE,R,TX,13,T000238,115
1155,Mac,THORNBERRY,REPRESENTATIVE,R,TX,13,T000238,115
1155,Mac,THORNBERRY,REPRESENTATIVE,R,TX,13,T000238,115
1155,Mac,THORNBERRY,REPRESENTATIVE,R,TX,13,T000238,115
1790,Emanuel,CLEAVER,REPRESENTATIVE,D,MO,5,C001061,115
1838,Gus,BILIRAKIS,REPRESENTATIVE,R,FL,12,B001257,115
1525,Pete,SESSIONS,SENATOR,R,TX,N/A,S000250,115
1155,Mac,THORNBERRY,REPRESENTATIVE,R,TX,13,T000238,115
1602,Grace,NAPOLITANO,REPRESENTATIVE,D,CA,32,N000179,115
446,Bob,GOODLATTE,REPRESENTATIVE,R,VA,6,G000289,115
446,Bob,GOODLATTE,REPRESENTATIVE,R,VA,6,G000289,115
446,Bob,GOODLATTE,REPRESENTATIVE,R,VA,6,G000289,115
2332,Jamie,RASKIN,N/A,D,MD,N/A,R000606,115
446,Bob,GOODLATTE,REPRESENTATIVE,R,VA,6,G000289,115
2273,Barbara,COMSTOCK,REPRESENTATIVE,R,VA,10,C001105,115
2273,Barbara,COMSTOCK,REPRESENTATIVE,R,VA,10,C001105,115
2332,Jamie,RASKIN,N/A,D,MD,N/A,R000606,115
566,Steny,HOYER,REPRESENTATIVE,D,MD,5,H000874,115
446,Bob,GOODLATTE,REPRESENTATIVE,R,VA,6,G000289,115
2332,Jamie,RASKIN,N/A,D,MD,N/A,R000606,115
868,Eleanor,NORTON,DELEGATE,D,DC,N/A,N000147,115
446,Bob,GOODLATTE,REPRESENTATIVE,R,VA,6,G000289,115
2332,Jamie,RASKIN,N/A,D,MD,N/A,R000606,115
1959,Gerald,CONNOLLY,REPRESENTATIVE,D,VA,11,C001078,115
2332,Jamie,RASKIN,N/A,D,MD,N/A,R000606,115
1959,Gerald,CONNOLLY,REPRESENTATIVE,D,VA,11,C001078,115
2332,Jamie,RASKIN,N/A,D,MD,N/A,R000606,115
2332,Jamie,RASKIN,N/A,D,MD,N/A,R000606,115
446,Bob,GOODLATTE,REPRESENTATIVE,R,VA,6,G000289,115
229,John,CONYERS,REPRESENTATIVE,D,MI,13,C000714,115
446,Bob,GOODLATTE,REPRESENTATIVE,R,VA,6,G000289,115
1929,Gary,PETERS,REPRESENTATIVE,D,MI,52,P000595,115
2243,Mike,BOST,REPRESENTATIVE,R,IL,12,B001295,115
2311,Nanette,BARRAGAN,N/A,D,CA,N/A,B001300,115
2226,Ruben,GALLEGO,REPRESENTATIVE,D,AZ,7,G000574,115
2226,Ruben,GALLEGO,REPRESENTATIVE,D,AZ,7,G000574,115
2226,Ruben,GALLEGO,REPRESENTATIVE,D,AZ,7,G000574,115
2226,Ruben,GALLEGO,REPRESENTATIVE,D,AZ,7,G000574,115
2226,Ruben,GALLEGO,REPRESENTATIVE,D,AZ,7,G000574,115
2226,Ruben,GALLEGO,REPRESENTATIVE,D,AZ,7,G000574,115
2226,Ruben,GALLEGO,REPRESENTATIVE,D,AZ,7,G000574,115
2226,Ruben,GALLEGO,REPRESENTATIVE,D,AZ,7,G000574,115
2226,Ruben,GALLEGO,REPRESENTATIVE,D,AZ,7,G000574,115
2226,Ruben,GALLEGO,REPRESENTATIVE,D,AZ,7,G000574,115
2226,Ruben,GALLEGO,REPRESENTATIVE,D,AZ,7,G000574,115
979,Dana,ROHRABACHER,REPRESENTATIVE,R,CA,48,R000409,115
979,Dana,ROHRABACHER,REPRESENTATIVE,R,CA,48,R000409,115
2226,Ruben,GALLEGO,REPRESENTATIVE,D,AZ,7,G000574,115
2226,Ruben,GALLEGO,REPRESENTATIVE,D,AZ,7,G000574,115
2226,Ruben,GALLEGO,REPRESENTATIVE,D,AZ,7,G000574,115
2351,Scott,TAYLOR,N/A,R,VA,N/A,T000477,115
1633,Jeff,FLAKE,SENATOR,R,AZ,N/A,F000444,115
2086,Ron,JOHNSON,REPRESENTATIVE,R,WI,4,J000293,115
326,Richard,DURBIN,SENATOR,D,IL,N/A,D000563,115
1534,John,THUNE,SENATOR,R,SD,N/A,T000250,115
2307,Andy,BIGGS,N/A,R,AZ,N/A,B001302,115
2344,Claudia,TENNEY,N/A,R,NY,N/A,T000478,115
2265,Steve,RUSSELL,REPRESENTATIVE,R,OK,5,R000604,115
2244,Ralph,ABRAHAM,REPRESENTATIVE,R,LA,5,A000374,115
1910,Jared,POLIS,REPRESENTATIVE,D,CO,2,P000598,115
2345,Brian,FITZPATRICK,REPRESENTATIVE,R,PA,8,F000466,115
