speaker_id,first_name,last_name,type,party,state,district,bio_guide_id,congress_id
1692,John,CORNYN,SENATOR,R,TX,N/A,C001056,115
2309,Jimmy,PANETTA,N/A,D,CA,N/A,P000613,115
1501,Barbara,LEE,REPRESENTATIVE,D,CA,13,L000551,115
2320,Val,DEMINGS,N/A,D,FL,N/A,D000627,115
2153,Joyce,BEATTY,REPRESENTATIVE,D,OH,3,B001281,115
2298,Dwight,EVANS,N/A,D,PA,N/A,E000296,115
2127,Cheri,BUSTOS,REPRESENTATIVE,D,IL,17,B001286,115
1791,Virginia,FOXX,REPRESENTATIVE,R,NC,5,F000450,115
2314,Matt,GAETZ,N/A,R,FL,N/A,G000578,115
2157,Scott,PERRY,REPRESENTATIVE,R,PA,4,P000605,115
2314,Matt,GAETZ,N/A,R,FL,N/A,G000578,115
2314,Matt,GAETZ,N/A,R,FL,N/A,G000578,115
1868,Jim,JORDAN,REPRESENTATIVE,R,OH,4,J000289,115
2314,Matt,GAETZ,N/A,R,FL,N/A,G000578,115
2307,Andy,BIGGS,N/A,R,AZ,N/A,B001302,115
2314,Matt,GAETZ,N/A,R,FL,N/A,G000578,115
1801,Louie,GOHMERT,REPRESENTATIVE,R,TX,1,G000552,115
2314,Matt,GAETZ,N/A,R,FL,N/A,G000578,115
2138,Steve,DAINES,SENATOR,R,MT,N/A,D000618,115
2097,Donald,PAYNE,REPRESENTATIVE,D,NJ,10,P000604,115
2201,Alma,ADAMS,REPRESENTATIVE,D,NC,12,A000370,115
1534,John,THUNE,SENATOR,R,SD,N/A,T000250,115
2359,Greg,GIANFORTE,N/A,R,MT,N/A,G000584,115
2359,Greg,GIANFORTE,N/A,R,MT,N/A,G000584,115
2359,Greg,GIANFORTE,N/A,R,MT,N/A,G000584,115
2359,Greg,GIANFORTE,N/A,R,MT,N/A,G000584,115
2320,Val,DEMINGS,N/A,D,FL,N/A,D000627,115
2359,Greg,GIANFORTE,N/A,R,MT,N/A,G000584,115
1950,Kurt,SCHRADER,REPRESENTATIVE,D,OR,5,S001180,115
2224,Bruce,WESTERMAN,REPRESENTATIVE,R,AR,4,W000821,115
1501,Barbara,LEE,REPRESENTATIVE,D,CA,13,L000551,115
2334,Paul,MITCHELL,N/A,R,MI,N/A,M001201,115
1986,Martha,ROBY,REPRESENTATIVE,R,AL,2,R000591,115
1878,Steve,COHEN,REPRESENTATIVE,D,TN,9,C001068,115
344,Eliot,ENGEL,REPRESENTATIVE,D,NY,16,E000179,115
2276,Glenn,GROTHMAN,REPRESENTATIVE,R,WI,6,G000576,115
344,Eliot,ENGEL,REPRESENTATIVE,D,NY,16,E000179,115
344,Eliot,ENGEL,REPRESENTATIVE,D,NY,16,E000179,115
344,Eliot,ENGEL,REPRESENTATIVE,D,NY,16,E000179,115
1177,Fred,UPTON,REPRESENTATIVE,R,MI,6,U000031,115
1177,Fred,UPTON,REPRESENTATIVE,R,MI,6,U000031,115
1177,Fred,UPTON,REPRESENTATIVE,R,MI,6,U000031,115
1003,Bobby,RUSH,REPRESENTATIVE,D,IL,1,R000515,115
1177,Fred,UPTON,REPRESENTATIVE,R,MI,6,U000031,115
2018,Larry,BUCSHON,REPRESENTATIVE,R,IN,8,B001275,115
1003,Bobby,RUSH,REPRESENTATIVE,D,IL,1,R000515,115
1846,David,LOEBSACK,REPRESENTATIVE,D,IA,2,L000565,115
1177,Fred,UPTON,REPRESENTATIVE,R,MI,6,U000031,115
1596,Greg,WALDEN,REPRESENTATIVE,R,OR,2,W000791,115
1003,Bobby,RUSH,REPRESENTATIVE,D,IL,1,R000515,115
1177,Fred,UPTON,REPRESENTATIVE,R,MI,6,U000031,115
1351,Orrin,HATCH,SENATOR,R,UT,N/A,H000338,115
2275,Dan,NEWHOUSE,REPRESENTATIVE,R,WA,4,N000189,115
2110,Mark,TAKANO,REPRESENTATIVE,D,CA,41,T000472,115
1036,Charles,SCHUMER,SENATOR,D,NY,N/A,S000148,115
1036,Charles,SCHUMER,SENATOR,D,NY,N/A,S000148,115
1534,John,THUNE,SENATOR,R,SD,N/A,T000250,115
1534,John,THUNE,SENATOR,R,SD,N/A,T000250,115
1692,John,CORNYN,SENATOR,R,TX,N/A,C001056,115
1692,John,CORNYN,SENATOR,R,TX,N/A,C001056,115
1531,Debbie,STABENOW,SENATOR,D,MI,N/A,S000770,115
2289,Ben,SASSE,SENATOR,R,NE,N/A,S001197,115
2289,Ben,SASSE,SENATOR,R,NE,N/A,S001197,115
859,Bill,NELSON,SENATOR,D,FL,N/A,N000032,115
859,Bill,NELSON,SENATOR,D,FL,N/A,N000032,115
2312,J.,CORREA,N/A,D,CA,N/A,C001110,115
2344,Claudia,TENNEY,N/A,R,NY,N/A,T000478,115
2344,Claudia,TENNEY,N/A,R,NY,N/A,T000478,115
2344,Claudia,TENNEY,N/A,R,NY,N/A,T000478,115
1749,Jeb,HENSARLING,REPRESENTATIVE,R,TX,5,H001036,115
1749,Jeb,HENSARLING,REPRESENTATIVE,R,TX,5,H001036,115
1931,Blaine,LUETKEMEYER,REPRESENTATIVE,R,MO,3,L000569,115
1749,Jeb,HENSARLING,REPRESENTATIVE,R,TX,5,H001036,115
2158,Keith,ROTHFUS,REPRESENTATIVE,R,PA,12,R000598,115
1749,Jeb,HENSARLING,REPRESENTATIVE,R,TX,5,H001036,115
2165,Roger,WILLIAMS,REPRESENTATIVE,R,TX,25,W000816,115
1749,Jeb,HENSARLING,REPRESENTATIVE,R,TX,5,H001036,115
2131,Andy,BARR,REPRESENTATIVE,R,KY,11,B001282,115
1749,Jeb,HENSARLING,REPRESENTATIVE,R,TX,5,H001036,115
2271,Mia,LOVE,REPRESENTATIVE,R,UT,4,L000584,115
1749,Jeb,HENSARLING,REPRESENTATIVE,R,TX,5,H001036,115
2271,Mia,LOVE,REPRESENTATIVE,R,UT,4,L000584,115
1749,Jeb,HENSARLING,REPRESENTATIVE,R,TX,5,H001036,115
1749,Jeb,HENSARLING,REPRESENTATIVE,R,TX,5,H001036,115
2336,Ted,BUDD,REPRESENTATIVE,R,NC,1,B001305,115
1749,Jeb,HENSARLING,REPRESENTATIVE,R,TX,5,H001036,115
1749,Jeb,HENSARLING,REPRESENTATIVE,R,TX,5,H001036,115
1526,Brad,SHERMAN,REPRESENTATIVE,D,CA,30,S000344,115
1526,Brad,SHERMAN,REPRESENTATIVE,D,CA,30,S000344,115
2344,Claudia,TENNEY,N/A,R,NY,N/A,T000478,115
2344,Claudia,TENNEY,N/A,R,NY,N/A,T000478,115
1526,Brad,SHERMAN,REPRESENTATIVE,D,CA,30,S000344,115
1940,Dina,TITUS,REPRESENTATIVE,D,NV,1,T000468,115
1940,Dina,TITUS,REPRESENTATIVE,D,NV,1,T000468,115
1940,Dina,TITUS,REPRESENTATIVE,D,NV,1,T000468,115
1749,Jeb,HENSARLING,REPRESENTATIVE,R,TX,5,H001036,115
1749,Jeb,HENSARLING,REPRESENTATIVE,R,TX,5,H001036,115
1940,Dina,TITUS,REPRESENTATIVE,D,NV,1,T000468,115
1973,John,GARAMENDI,REPRESENTATIVE,D,CA,3,G000559,115
2055,David,CICILLINE,REPRESENTATIVE,D,RI,1,C001084,115
1973,John,GARAMENDI,REPRESENTATIVE,D,CA,3,G000559,115
1973,John,GARAMENDI,REPRESENTATIVE,D,CA,3,G000559,115
2055,David,CICILLINE,REPRESENTATIVE,D,RI,1,C001084,115
1973,John,GARAMENDI,REPRESENTATIVE,D,CA,3,G000559,115
2055,David,CICILLINE,REPRESENTATIVE,D,RI,1,C001084,115
1973,John,GARAMENDI,REPRESENTATIVE,D,CA,3,G000559,115
2055,David,CICILLINE,REPRESENTATIVE,D,RI,1,C001084,115
1973,John,GARAMENDI,REPRESENTATIVE,D,CA,3,G000559,115
2055,David,CICILLINE,REPRESENTATIVE,D,RI,1,C001084,115
1973,John,GARAMENDI,REPRESENTATIVE,D,CA,3,G000559,115
1973,John,GARAMENDI,REPRESENTATIVE,D,CA,3,G000559,115
2055,David,CICILLINE,REPRESENTATIVE,D,RI,1,C001084,115
1973,John,GARAMENDI,REPRESENTATIVE,D,CA,3,G000559,115
1973,John,GARAMENDI,REPRESENTATIVE,D,CA,3,G000559,115
2055,David,CICILLINE,REPRESENTATIVE,D,RI,1,C001084,115
1973,John,GARAMENDI,REPRESENTATIVE,D,CA,3,G000559,115
1973,John,GARAMENDI,REPRESENTATIVE,D,CA,3,G000559,115
2055,David,CICILLINE,REPRESENTATIVE,D,RI,1,C001084,115
1973,John,GARAMENDI,REPRESENTATIVE,D,CA,3,G000559,115
2055,David,CICILLINE,REPRESENTATIVE,D,RI,1,C001084,115
1973,John,GARAMENDI,REPRESENTATIVE,D,CA,3,G000559,115
1973,John,GARAMENDI,REPRESENTATIVE,D,CA,3,G000559,115
2055,David,CICILLINE,REPRESENTATIVE,D,RI,1,C001084,115
1973,John,GARAMENDI,REPRESENTATIVE,D,CA,3,G000559,115
1892,Steve,SCALISE,REPRESENTATIVE,R,LA,1,S001176,115
344,Eliot,ENGEL,REPRESENTATIVE,D,NY,16,E000179,115
344,Eliot,ENGEL,REPRESENTATIVE,D,NY,16,E000179,115
2252,Brenda,LAWRENCE,REPRESENTATIVE,D,MI,14,L000581,115
1177,Fred,UPTON,REPRESENTATIVE,R,MI,6,U000031,115
1177,Fred,UPTON,REPRESENTATIVE,R,MI,6,U000031,115
1177,Fred,UPTON,REPRESENTATIVE,R,MI,6,U000031,115
1003,Bobby,RUSH,REPRESENTATIVE,D,IL,1,R000515,115
1177,Fred,UPTON,REPRESENTATIVE,R,MI,6,U000031,115
1003,Bobby,RUSH,REPRESENTATIVE,D,IL,1,R000515,115
1177,Fred,UPTON,REPRESENTATIVE,R,MI,6,U000031,115
2021,Kevin,YODER,REPRESENTATIVE,R,KS,3,Y000063,115
2359,Greg,GIANFORTE,N/A,R,MT,N/A,G000584,115
2359,Greg,GIANFORTE,N/A,R,MT,N/A,G000584,115
2359,Greg,GIANFORTE,N/A,R,MT,N/A,G000584,115
2359,Greg,GIANFORTE,N/A,R,MT,N/A,G000584,115
2320,Val,DEMINGS,N/A,D,FL,N/A,D000627,115
2359,Greg,GIANFORTE,N/A,R,MT,N/A,G000584,115
1805,K.,CONAWAY,REPRESENTATIVE,R,TX,11,C001062,115
2252,Brenda,LAWRENCE,REPRESENTATIVE,D,MI,14,L000581,115
1995,Jeff,DENHAM,REPRESENTATIVE,R,CA,10,D000612,115
2359,Greg,GIANFORTE,N/A,R,MT,N/A,G000584,115
2359,Greg,GIANFORTE,N/A,R,MT,N/A,G000584,115
2359,Greg,GIANFORTE,N/A,R,MT,N/A,G000584,115
2320,Val,DEMINGS,N/A,D,FL,N/A,D000627,115
2359,Greg,GIANFORTE,N/A,R,MT,N/A,G000584,115
2320,Val,DEMINGS,N/A,D,FL,N/A,D000627,115
2320,Val,DEMINGS,N/A,D,FL,N/A,D000627,115
2359,Greg,GIANFORTE,N/A,R,MT,N/A,G000584,115
344,Eliot,ENGEL,REPRESENTATIVE,D,NY,16,E000179,115
344,Eliot,ENGEL,REPRESENTATIVE,D,NY,16,E000179,115
2231,Norma,TORRES,REPRESENTATIVE,D,CA,35,T000474,115
344,Eliot,ENGEL,REPRESENTATIVE,D,NY,16,E000179,115
2359,Greg,GIANFORTE,N/A,R,MT,N/A,G000584,115
2359,Greg,GIANFORTE,N/A,R,MT,N/A,G000584,115
2359,Greg,GIANFORTE,N/A,R,MT,N/A,G000584,115
2320,Val,DEMINGS,N/A,D,FL,N/A,D000627,115
2359,Greg,GIANFORTE,N/A,R,MT,N/A,G000584,115
2320,Val,DEMINGS,N/A,D,FL,N/A,D000627,115
1807,Henry,CUELLAR,REPRESENTATIVE,D,TX,28,C001063,115
2320,Val,DEMINGS,N/A,D,FL,N/A,D000627,115
2359,Greg,GIANFORTE,N/A,R,MT,N/A,G000584,115
2359,Greg,GIANFORTE,N/A,R,MT,N/A,G000584,115
2359,Greg,GIANFORTE,N/A,R,MT,N/A,G000584,115
2359,Greg,GIANFORTE,N/A,R,MT,N/A,G000584,115
2320,Val,DEMINGS,N/A,D,FL,N/A,D000627,115
2320,Val,DEMINGS,N/A,D,FL,N/A,D000627,115
2359,Greg,GIANFORTE,N/A,R,MT,N/A,G000584,115
2320,Val,DEMINGS,N/A,D,FL,N/A,D000627,115
2320,Val,DEMINGS,N/A,D,FL,N/A,D000627,115
2359,Greg,GIANFORTE,N/A,R,MT,N/A,G000584,115
2359,Greg,GIANFORTE,N/A,R,MT,N/A,G000584,115
2359,Greg,GIANFORTE,N/A,R,MT,N/A,G000584,115
2359,Greg,GIANFORTE,N/A,R,MT,N/A,G000584,115
1936,Leonard,LANCE,REPRESENTATIVE,R,NJ,7,L000567,115
2359,Greg,GIANFORTE,N/A,R,MT,N/A,G000584,115
2320,Val,DEMINGS,N/A,D,FL,N/A,D000627,115
2359,Greg,GIANFORTE,N/A,R,MT,N/A,G000584,115
2320,Val,DEMINGS,N/A,D,FL,N/A,D000627,115
1510,Bill,PASCRELL,REPRESENTATIVE,D,NJ,9,P000096,115
2320,Val,DEMINGS,N/A,D,FL,N/A,D000627,115
2359,Greg,GIANFORTE,N/A,R,MT,N/A,G000584,115
2359,Greg,GIANFORTE,N/A,R,MT,N/A,G000584,115
2149,Hakeem,JEFFRIES,REPRESENTATIVE,D,NY,8,J000294,115
616,Marcy,KAPTUR,REPRESENTATIVE,D,OH,8,K000009,115
1177,Fred,UPTON,REPRESENTATIVE,R,MI,6,U000031,115
1177,Fred,UPTON,REPRESENTATIVE,R,MI,6,U000031,115
1177,Fred,UPTON,REPRESENTATIVE,R,MI,6,U000031,115
1003,Bobby,RUSH,REPRESENTATIVE,D,IL,1,R000515,115
1177,Fred,UPTON,REPRESENTATIVE,R,MI,6,U000031,115
2070,H.,GRIFFITH,REPRESENTATIVE,R,VA,9,G000568,115
1003,Bobby,RUSH,REPRESENTATIVE,D,IL,1,R000515,115
2113,Scott,PETERS,REPRESENTATIVE,D,CA,52,P000608,115
1003,Bobby,RUSH,REPRESENTATIVE,D,IL,1,R000515,115
1177,Fred,UPTON,REPRESENTATIVE,R,MI,6,U000031,115
1010,Bernard,SANDERS,SENATOR,I,VT,N/A,S000033,115
1826,Amy,KLOBUCHAR,SENATOR,D,MN,N/A,K000367,115
949,Jack,REED,REPRESENTATIVE,D,RI,23,R000122,115
1409,Patty,MURRAY,SENATOR,D,WA,N/A,M001111,115
949,Jack,REED,REPRESENTATIVE,D,RI,23,R000122,115
1247,Ron,WYDEN,SENATOR,D,OR,N/A,W000779,115
1247,Ron,WYDEN,SENATOR,D,OR,N/A,W000779,115
2179,Deb,FISCHER,SENATOR,R,NE,N/A,F000463,115
2179,Deb,FISCHER,SENATOR,R,NE,N/A,F000463,115
2179,Deb,FISCHER,SENATOR,R,NE,N/A,F000463,115
1692,John,CORNYN,SENATOR,R,TX,N/A,C001056,115
2109,Raul,RUIZ,REPRESENTATIVE,D,CA,36,R000599,115
2109,Raul,RUIZ,REPRESENTATIVE,D,CA,36,R000599,115
1247,Ron,WYDEN,SENATOR,D,OR,N/A,W000779,115
326,Richard,DURBIN,SENATOR,D,IL,N/A,D000563,115
1844,Mazie,HIRONO,SENATOR,D,HI,N/A,H001042,115
136,Sherrod,BROWN,REPRESENTATIVE,D,OH,26,B000944,115
2194,Cory,BOOKER,SENATOR,D,NJ,N/A,B001288,115
2076,Richard,BLUMENTHAL,SENATOR,D,CT,N/A,B001277,115
478,Luis,GUTIERREZ,REPRESENTATIVE,D,IL,4,G000535,115
2359,Greg,GIANFORTE,N/A,R,MT,N/A,G000584,115
2359,Greg,GIANFORTE,N/A,R,MT,N/A,G000584,115
2359,Greg,GIANFORTE,N/A,R,MT,N/A,G000584,115
2320,Val,DEMINGS,N/A,D,FL,N/A,D000627,115
2359,Greg,GIANFORTE,N/A,R,MT,N/A,G000584,115
2320,Val,DEMINGS,N/A,D,FL,N/A,D000627,115
2319,Darren,SOTO,N/A,D,FL,N/A,S001200,115
2320,Val,DEMINGS,N/A,D,FL,N/A,D000627,115
2359,Greg,GIANFORTE,N/A,R,MT,N/A,G000584,115
2359,Greg,GIANFORTE,N/A,R,MT,N/A,G000584,115
