speaker_id,first_name,last_name,type,party,state,district,bio_guide_id,congress_id
2021,Kevin,YODER,REPRESENTATIVE,R,KS,3,Y000063,115
1818,Albio,SIRES,REPRESENTATIVE,D,NJ,8,S001165,115
1818,Albio,SIRES,REPRESENTATIVE,D,NJ,8,S001165,115
1996,Karen,BASS,REPRESENTATIVE,D,CA,37,B001270,115
1818,Albio,SIRES,REPRESENTATIVE,D,NJ,8,S001165,115
1818,Albio,SIRES,REPRESENTATIVE,D,NJ,8,S001165,115
1950,Kurt,SCHRADER,REPRESENTATIVE,D,OR,5,S001180,115
2084,Marco,RUBIO,SENATOR,R,FL,N/A,R000595,115
2223,J.,HILL,REPRESENTATIVE,R,AR,2,H001072,115
2128,Jackie,WALORSKI,REPRESENTATIVE,R,IN,2,W000813,115
2141,Robert,PITTENGER,REPRESENTATIVE,R,NC,9,P000606,115
2026,Andy,HARRIS,REPRESENTATIVE,R,MD,1,H001052,115
1791,Virginia,FOXX,REPRESENTATIVE,R,NC,5,F000450,115
1855,Tim,WALBERG,REPRESENTATIVE,R,MI,7,W000798,115
2333,Jack,BERGMAN,N/A,R,MI,N/A,B001301,115
2276,Glenn,GROTHMAN,REPRESENTATIVE,R,WI,6,G000576,115
1955,Pete,OLSON,REPRESENTATIVE,R,TX,22,O000168,115
2307,Andy,BIGGS,N/A,R,AZ,N/A,B001302,115
2158,Keith,ROTHFUS,REPRESENTATIVE,R,PA,12,R000598,115
2244,Ralph,ABRAHAM,REPRESENTATIVE,R,LA,5,A000374,115
2346,Lloyd,SMUCKER,N/A,R,PA,N/A,S001199,115
2337,Don,BACON,N/A,R,NE,N/A,B001298,115
2307,Andy,BIGGS,N/A,R,AZ,N/A,B001302,115
1742,Tom,COLE,REPRESENTATIVE,R,OK,12,C001053,115
2311,Nanette,BARRAGAN,N/A,D,CA,N/A,B001300,115
2231,Norma,TORRES,REPRESENTATIVE,D,CA,35,T000474,115
1774,Jim,COSTA,REPRESENTATIVE,D,CA,16,C001059,115
1774,Jim,COSTA,REPRESENTATIVE,D,CA,16,C001059,115
2319,Darren,SOTO,N/A,D,FL,N/A,S001200,115
2319,Darren,SOTO,N/A,D,FL,N/A,S001200,115
2312,J.,CORREA,N/A,D,CA,N/A,C001110,115
2312,J.,CORREA,N/A,D,CA,N/A,C001110,115
2341,Thomas,SUOZZI,N/A,D,NY,N/A,S001201,115
2341,Thomas,SUOZZI,N/A,D,NY,N/A,S001201,115
2341,Thomas,SUOZZI,N/A,D,NY,N/A,S001201,115
2341,Thomas,SUOZZI,N/A,D,NY,N/A,S001201,115
452,Lindsey,GRAHAM,REPRESENTATIVE,R,SC,2,G000359,115
326,Richard,DURBIN,SENATOR,D,IL,N/A,D000563,115
1633,Jeff,FLAKE,SENATOR,R,AZ,N/A,F000444,115
791,Robert,MENENDEZ,SENATOR,D,NJ,N/A,M000639,115
1965,Michael,BENNET,SENATOR,D,CO,N/A,B001267,115
2028,Bill,HUIZENGA,REPRESENTATIVE,R,MI,2,H001058,115
2097,Donald,PAYNE,REPRESENTATIVE,D,NJ,10,P000604,115
2314,Matt,GAETZ,N/A,R,FL,N/A,G000578,115
2314,Matt,GAETZ,N/A,R,FL,N/A,G000578,115
2312,J.,CORREA,N/A,D,CA,N/A,C001110,115
2314,Matt,GAETZ,N/A,R,FL,N/A,G000578,115
2312,J.,CORREA,N/A,D,CA,N/A,C001110,115
2314,Matt,GAETZ,N/A,R,FL,N/A,G000578,115
1012,Mark,SANFORD,REPRESENTATIVE,R,SC,2,S000051,115
2314,Matt,GAETZ,N/A,R,FL,N/A,G000578,115
2314,Matt,GAETZ,N/A,R,FL,N/A,G000578,115
1633,Jeff,FLAKE,SENATOR,R,AZ,N/A,F000444,115
1826,Amy,KLOBUCHAR,SENATOR,D,MN,N/A,K000367,115
326,Richard,DURBIN,SENATOR,D,IL,N/A,D000563,115
1351,Orrin,HATCH,SENATOR,R,UT,N/A,H000338,115
1351,Orrin,HATCH,SENATOR,R,UT,N/A,H000338,115
1351,Orrin,HATCH,SENATOR,R,UT,N/A,H000338,115
1351,Orrin,HATCH,SENATOR,R,UT,N/A,H000338,115
1351,Orrin,HATCH,SENATOR,R,UT,N/A,H000338,115
2290,Dan,SULLIVAN,SENATOR,R,AK,N/A,S001198,115
2290,Dan,SULLIVAN,SENATOR,R,AK,N/A,S001198,115
949,Jack,REED,REPRESENTATIVE,D,RI,23,R000122,115
2080,Mike,LEE,REPRESENTATIVE,R,UT,13,L000577,115
2080,Mike,LEE,REPRESENTATIVE,R,UT,13,L000577,115
2080,Mike,LEE,REPRESENTATIVE,R,UT,13,L000577,115
2035,Steven,PALAZZO,REPRESENTATIVE,R,MS,4,P000601,115
2035,Steven,PALAZZO,REPRESENTATIVE,R,MS,4,P000601,115
2290,Dan,SULLIVAN,SENATOR,R,AK,N/A,S001198,115
2297,James,COMER,N/A,R,KY,N/A,C001108,115
2021,Kevin,YODER,REPRESENTATIVE,R,KS,3,Y000063,115
1825,Bob,CORKER,SENATOR,R,TN,N/A,C001071,115
2356,Liz,CHENEY,N/A,R,WY,N/A,C001109,115
2356,Liz,CHENEY,N/A,R,WY,N/A,C001109,115
2356,Liz,CHENEY,N/A,R,WY,N/A,C001109,115
2356,Liz,CHENEY,N/A,R,WY,N/A,C001109,115
2356,Liz,CHENEY,N/A,R,WY,N/A,C001109,115
1748,Marsha,BLACKBURN,REPRESENTATIVE,R,TN,7,B001243,115
2356,Liz,CHENEY,N/A,R,WY,N/A,C001109,115
1748,Marsha,BLACKBURN,REPRESENTATIVE,R,TN,7,B001243,115
1069,Louise,SLAUGHTER,REPRESENTATIVE,D,NY,25,S000480,115
1069,Louise,SLAUGHTER,REPRESENTATIVE,D,NY,25,S000480,115
2356,Liz,CHENEY,N/A,R,WY,N/A,C001109,115
2356,Liz,CHENEY,N/A,R,WY,N/A,C001109,115
2356,Liz,CHENEY,N/A,R,WY,N/A,C001109,115
2356,Liz,CHENEY,N/A,R,WY,N/A,C001109,115
1834,Doug,LAMBORN,REPRESENTATIVE,R,CO,5,L000564,115
2356,Liz,CHENEY,N/A,R,WY,N/A,C001109,115
2356,Liz,CHENEY,N/A,R,WY,N/A,C001109,115
2356,Liz,CHENEY,N/A,R,WY,N/A,C001109,115
2356,Liz,CHENEY,N/A,R,WY,N/A,C001109,115
2275,Dan,NEWHOUSE,REPRESENTATIVE,R,WA,4,N000189,115
2356,Liz,CHENEY,N/A,R,WY,N/A,C001109,115
2356,Liz,CHENEY,N/A,R,WY,N/A,C001109,115
2356,Liz,CHENEY,N/A,R,WY,N/A,C001109,115
2356,Liz,CHENEY,N/A,R,WY,N/A,C001109,115
2356,Liz,CHENEY,N/A,R,WY,N/A,C001109,115
1247,Ron,WYDEN,SENATOR,D,OR,N/A,W000779,115
2296,Warren,DAVIDSON,N/A,R,OH,N/A,D000626,115
2344,Claudia,TENNEY,N/A,R,NY,N/A,T000478,115
326,Richard,DURBIN,SENATOR,D,IL,N/A,D000563,115
1036,Charles,SCHUMER,SENATOR,D,NY,N/A,S000148,115
1818,Albio,SIRES,REPRESENTATIVE,D,NJ,8,S001165,115
1806,Kenny,MARCHANT,REPRESENTATIVE,R,TX,24,M001158,115
2252,Brenda,LAWRENCE,REPRESENTATIVE,D,MI,14,L000581,115
1930,Erik,PAULSEN,REPRESENTATIVE,R,MN,3,P000594,115
1781,Daniel,LIPINSKI,REPRESENTATIVE,D,IL,3,L000563,115
326,Richard,DURBIN,SENATOR,D,IL,N/A,D000563,115
1806,Kenny,MARCHANT,REPRESENTATIVE,R,TX,24,M001158,115
2302,Margaret,HASSAN,N/A,D,NH,N/A,H001076,115
2345,Brian,FITZPATRICK,REPRESENTATIVE,R,PA,8,F000466,115
2345,Brian,FITZPATRICK,REPRESENTATIVE,R,PA,8,F000466,115
1818,Albio,SIRES,REPRESENTATIVE,D,NJ,8,S001165,115
1818,Albio,SIRES,REPRESENTATIVE,D,NJ,8,S001165,115
1668,James,LANGEVIN,REPRESENTATIVE,D,RI,2,L000559,115
1818,Albio,SIRES,REPRESENTATIVE,D,NJ,8,S001165,115
2351,Scott,TAYLOR,N/A,R,VA,N/A,T000477,115
1774,Jim,COSTA,REPRESENTATIVE,D,CA,16,C001059,115
2342,Adriano,ESPAILLAT,N/A,D,NY,N/A,E000297,115
1332,Dianne,FEINSTEIN,SENATOR,D,CA,N/A,F000062,115
1692,John,CORNYN,SENATOR,R,TX,N/A,C001056,115
1692,John,CORNYN,SENATOR,R,TX,N/A,C001056,115
1534,John,THUNE,SENATOR,R,SD,N/A,T000250,115
1534,John,THUNE,SENATOR,R,SD,N/A,T000250,115
1998,Cory,GARDNER,N/A,R,CO,N/A,G000562,115
1998,Cory,GARDNER,N/A,R,CO,N/A,G000562,115
1695,Lamar,ALEXANDER,SENATOR,R,TN,N/A,A000360,115
1695,Lamar,ALEXANDER,SENATOR,R,TN,N/A,A000360,115
2056,Tim,SCOTT,REPRESENTATIVE,R,SC,52,S001184,115
174,Benjamin,CARDIN,SENATOR,D,MD,N/A,C000141,115
174,Benjamin,CARDIN,SENATOR,D,MD,N/A,C000141,115
1900,Jeff,MERKLEY,SENATOR,D,OR,N/A,M001176,115
1900,Jeff,MERKLEY,SENATOR,D,OR,N/A,M001176,115
1594,Patrick,TOOMEY,SENATOR,R,PA,N/A,T000461,115
2098,Tom,COTTON,SENATOR,R,AR,N/A,C001095,115
1226,Roger,WICKER,SENATOR,R,MS,N/A,W000437,115
1937,Martin,HEINRICH,SENATOR,D,NM,N/A,H001046,115
1937,Martin,HEINRICH,SENATOR,D,NM,N/A,H001046,115
1247,Ron,WYDEN,SENATOR,D,OR,N/A,W000779,115
1247,Ron,WYDEN,SENATOR,D,OR,N/A,W000779,115
1247,Ron,WYDEN,SENATOR,D,OR,N/A,W000779,115
2050,James,LANKFORD,SENATOR,R,OK,N/A,L000575,115
2050,James,LANKFORD,SENATOR,R,OK,N/A,L000575,115
1823,Sheldon,WHITEHOUSE,SENATOR,D,RI,N/A,W000802,115
1823,Sheldon,WHITEHOUSE,SENATOR,D,RI,N/A,W000802,115
1823,Sheldon,WHITEHOUSE,SENATOR,D,RI,N/A,W000802,115
2050,James,LANKFORD,SENATOR,R,OK,N/A,L000575,115
1844,Mazie,HIRONO,SENATOR,D,HI,N/A,H001042,115
1507,Jerry,MORAN,SENATOR,R,KS,N/A,M000934,115
1910,Jared,POLIS,REPRESENTATIVE,D,CO,2,P000598,115
1994,David,SCHWEIKERT,REPRESENTATIVE,R,AZ,6,S001183,115
1749,Jeb,HENSARLING,REPRESENTATIVE,R,TX,5,H001036,115
1749,Jeb,HENSARLING,REPRESENTATIVE,R,TX,5,H001036,115
1749,Jeb,HENSARLING,REPRESENTATIVE,R,TX,5,H001036,115
2131,Andy,BARR,REPRESENTATIVE,R,KY,11,B001282,115
1184,Nydia,VELAZQUEZ,REPRESENTATIVE,D,NY,7,V000081,115
1184,Nydia,VELAZQUEZ,REPRESENTATIVE,D,NY,7,V000081,115
1749,Jeb,HENSARLING,REPRESENTATIVE,R,TX,5,H001036,115
2028,Bill,HUIZENGA,REPRESENTATIVE,R,MI,2,H001058,115
2028,Bill,HUIZENGA,REPRESENTATIVE,R,MI,2,H001058,115
1749,Jeb,HENSARLING,REPRESENTATIVE,R,TX,5,H001036,115
2028,Bill,HUIZENGA,REPRESENTATIVE,R,MI,2,H001058,115
1506,Gregory,MEEKS,REPRESENTATIVE,D,NY,5,M001137,115
1506,Gregory,MEEKS,REPRESENTATIVE,D,NY,5,M001137,115
1749,Jeb,HENSARLING,REPRESENTATIVE,R,TX,5,H001036,115
2165,Roger,WILLIAMS,REPRESENTATIVE,R,TX,25,W000816,115
1888,Bill,FOSTER,REPRESENTATIVE,D,IL,11,F000454,115
1888,Bill,FOSTER,REPRESENTATIVE,D,IL,11,F000454,115
1749,Jeb,HENSARLING,REPRESENTATIVE,R,TX,5,H001036,115
2296,Warren,DAVIDSON,N/A,R,OH,N/A,D000626,115
2134,Daniel,KILDEE,REPRESENTATIVE,D,MI,5,K000380,115
2134,Daniel,KILDEE,REPRESENTATIVE,D,MI,5,K000380,115
1749,Jeb,HENSARLING,REPRESENTATIVE,R,TX,5,H001036,115
2223,J.,HILL,REPRESENTATIVE,R,AR,2,H001072,115
2340,Ruben,KIHUEN,N/A,D,NV,N/A,K000390,115
1749,Jeb,HENSARLING,REPRESENTATIVE,R,TX,5,H001036,115
1749,Jeb,HENSARLING,REPRESENTATIVE,R,TX,5,H001036,115
2361,Ralph,NORMAN,N/A,R,SC,N/A,N000190,115
2361,Ralph,NORMAN,N/A,R,SC,N/A,N000190,115
2131,Andy,BARR,REPRESENTATIVE,R,KY,11,B001282,115
2131,Andy,BARR,REPRESENTATIVE,R,KY,11,B001282,115
1959,Gerald,CONNOLLY,REPRESENTATIVE,D,VA,11,C001078,115
1959,Gerald,CONNOLLY,REPRESENTATIVE,D,VA,11,C001078,115
2131,Andy,BARR,REPRESENTATIVE,R,KY,11,B001282,115
2131,Andy,BARR,REPRESENTATIVE,R,KY,11,B001282,115
1959,Gerald,CONNOLLY,REPRESENTATIVE,D,VA,11,C001078,115
2131,Andy,BARR,REPRESENTATIVE,R,KY,11,B001282,115
2131,Andy,BARR,REPRESENTATIVE,R,KY,11,B001282,115
1749,Jeb,HENSARLING,REPRESENTATIVE,R,TX,5,H001036,115
2131,Andy,BARR,REPRESENTATIVE,R,KY,11,B001282,115
1749,Jeb,HENSARLING,REPRESENTATIVE,R,TX,5,H001036,115
2197,Bradley,BYRNE,REPRESENTATIVE,R,AL,1,B001289,115
2328,Roger,MARSHALL,N/A,R,KS,N/A,M001198,115
2328,Roger,MARSHALL,N/A,R,KS,N/A,M001198,115
2233,Ken,BUCK,REPRESENTATIVE,R,CO,4,B001297,115
2233,Ken,BUCK,REPRESENTATIVE,R,CO,4,B001297,115
2233,Ken,BUCK,REPRESENTATIVE,R,CO,4,B001297,115
2233,Ken,BUCK,REPRESENTATIVE,R,CO,4,B001297,115
1910,Jared,POLIS,REPRESENTATIVE,D,CO,2,P000598,115
2233,Ken,BUCK,REPRESENTATIVE,R,CO,4,B001297,115
2253,Tom,EMMER,REPRESENTATIVE,R,MN,6,E000294,115
1910,Jared,POLIS,REPRESENTATIVE,D,CO,2,P000598,115
1910,Jared,POLIS,REPRESENTATIVE,D,CO,2,P000598,115
2362,Jimmy,GOMEZ,N/A,D,CA,N/A,G000585,115
2233,Ken,BUCK,REPRESENTATIVE,R,CO,4,B001297,115
2131,Andy,BARR,REPRESENTATIVE,R,KY,11,B001282,115
1910,Jared,POLIS,REPRESENTATIVE,D,CO,2,P000598,115
2233,Ken,BUCK,REPRESENTATIVE,R,CO,4,B001297,115
2233,Ken,BUCK,REPRESENTATIVE,R,CO,4,B001297,115
1910,Jared,POLIS,REPRESENTATIVE,D,CO,2,P000598,115
1910,Jared,POLIS,REPRESENTATIVE,D,CO,2,P000598,115
1927,Chellie,PINGREE,REPRESENTATIVE,D,ME,1,P000597,115
2055,David,CICILLINE,REPRESENTATIVE,D,RI,1,C001084,115
2309,Jimmy,PANETTA,N/A,D,CA,N/A,P000613,115
1036,Charles,SCHUMER,SENATOR,D,NY,N/A,S000148,115
2097,Donald,PAYNE,REPRESENTATIVE,D,NJ,10,P000604,115
1510,Bill,PASCRELL,REPRESENTATIVE,D,NJ,9,P000096,115
1501,Barbara,LEE,REPRESENTATIVE,D,CA,13,L000551,115
2359,Greg,GIANFORTE,N/A,R,MT,N/A,G000584,115
478,Luis,GUTIERREZ,REPRESENTATIVE,D,IL,4,G000535,115
2243,Mike,BOST,REPRESENTATIVE,R,IL,12,B001295,115
2243,Mike,BOST,REPRESENTATIVE,R,IL,12,B001295,115
2243,Mike,BOST,REPRESENTATIVE,R,IL,12,B001295,115
2328,Roger,MARSHALL,N/A,R,KS,N/A,M001198,115
2032,Vicky,HARTZLER,REPRESENTATIVE,R,MO,4,H001053,115
612,Walter,JONES,REPRESENTATIVE,R,NC,3,J000255,115
355,Anna,ESHOO,REPRESENTATIVE,D,CA,18,E000215,115
