speaker_id,first_name,last_name,type,party,state,district,bio_guide_id,congress_id
1036,Charles,SCHUMER,SENATOR,D,NY,N/A,S000148,115
1036,Charles,SCHUMER,SENATOR,D,NY,N/A,S000148,115
1692,John,CORNYN,SENATOR,R,TX,N/A,C001056,115
1692,John,CORNYN,SENATOR,R,TX,N/A,C001056,115
859,Bill,NELSON,SENATOR,D,FL,N/A,N000032,115
859,Bill,NELSON,SENATOR,D,FL,N/A,N000032,115
859,Bill,NELSON,SENATOR,D,FL,N/A,N000032,115
1984,Christopher,COONS,SENATOR,D,DE,N/A,C001088,115
1984,Christopher,COONS,SENATOR,D,DE,N/A,C001088,115
2303,John,KENNEDY,REPRESENTATIVE,R,LA,4,K000393,115
1534,John,THUNE,SENATOR,R,SD,N/A,T000250,115
1534,John,THUNE,SENATOR,R,SD,N/A,T000250,115
2109,Raul,RUIZ,REPRESENTATIVE,D,CA,36,R000599,115
2026,Andy,HARRIS,REPRESENTATIVE,R,MD,1,H001052,115
2362,Jimmy,GOMEZ,N/A,D,CA,N/A,G000585,115
2172,Joseph,KENNEDY,REPRESENTATIVE,D,MA,4,K000379,115
2311,Nanette,BARRAGAN,N/A,D,CA,N/A,B001300,115
735,Edward,MARKEY,SENATOR,D,MA,N/A,M000133,115
1694,Lisa,MURKOWSKI,SENATOR,R,AK,N/A,M001153,115
1844,Mazie,HIRONO,SENATOR,D,HI,N/A,H001042,115
1010,Bernard,SANDERS,SENATOR,I,VT,N/A,S000033,115
1010,Bernard,SANDERS,SENATOR,I,VT,N/A,S000033,115
1567,Tom,UDALL,SENATOR,D,NM,N/A,U000039,115
1567,Tom,UDALL,SENATOR,D,NM,N/A,U000039,115
1937,Martin,HEINRICH,SENATOR,D,NM,N/A,H001046,115
1937,Martin,HEINRICH,SENATOR,D,NM,N/A,H001046,115
1531,Debbie,STABENOW,SENATOR,D,MI,N/A,S000770,115
1633,Jeff,FLAKE,SENATOR,R,AZ,N/A,F000444,115
1633,Jeff,FLAKE,SENATOR,R,AZ,N/A,F000444,115
1823,Sheldon,WHITEHOUSE,SENATOR,D,RI,N/A,W000802,115
1823,Sheldon,WHITEHOUSE,SENATOR,D,RI,N/A,W000802,115
1992,Paul,GOSAR,REPRESENTATIVE,R,AZ,4,G000565,115
1992,Paul,GOSAR,REPRESENTATIVE,R,AZ,4,G000565,115
1997,Scott,TIPTON,REPRESENTATIVE,R,CO,3,T000470,115
1992,Paul,GOSAR,REPRESENTATIVE,R,AZ,4,G000565,115
2168,Chris,STEWART,REPRESENTATIVE,R,UT,2,S001192,115
1992,Paul,GOSAR,REPRESENTATIVE,R,AZ,4,G000565,115
2359,Greg,GIANFORTE,N/A,R,MT,N/A,G000584,115
1992,Paul,GOSAR,REPRESENTATIVE,R,AZ,4,G000565,115
1992,Paul,GOSAR,REPRESENTATIVE,R,AZ,4,G000565,115
1596,Greg,WALDEN,REPRESENTATIVE,R,OR,2,W000791,115
1992,Paul,GOSAR,REPRESENTATIVE,R,AZ,4,G000565,115
1596,Greg,WALDEN,REPRESENTATIVE,R,OR,2,W000791,115
1992,Paul,GOSAR,REPRESENTATIVE,R,AZ,4,G000565,115
1992,Paul,GOSAR,REPRESENTATIVE,R,AZ,4,G000565,115
2275,Dan,NEWHOUSE,REPRESENTATIVE,R,WA,4,N000189,115
1992,Paul,GOSAR,REPRESENTATIVE,R,AZ,4,G000565,115
2224,Bruce,WESTERMAN,REPRESENTATIVE,R,AR,4,W000821,115
1992,Paul,GOSAR,REPRESENTATIVE,R,AZ,4,G000565,115
2080,Mike,LEE,REPRESENTATIVE,R,UT,13,L000577,115
2303,John,KENNEDY,REPRESENTATIVE,R,LA,4,K000393,115
2315,Neal,DUNN,N/A,R,FL,N/A,D000628,115
1681,Bill,SHUSTER,REPRESENTATIVE,R,PA,9,S001154,115
1878,Steve,COHEN,REPRESENTATIVE,D,TN,9,C001068,115
446,Bob,GOODLATTE,REPRESENTATIVE,R,VA,6,G000289,115
446,Bob,GOODLATTE,REPRESENTATIVE,R,VA,6,G000289,115
446,Bob,GOODLATTE,REPRESENTATIVE,R,VA,6,G000289,115
229,John,CONYERS,REPRESENTATIVE,D,MI,13,C000714,115
446,Bob,GOODLATTE,REPRESENTATIVE,R,VA,6,G000289,115
1383,Patrick,LEAHY,SENATOR,D,VT,N/A,L000174,115
1913,James,HIMES,REPRESENTATIVE,D,CT,4,H001047,115
2008,Rob,WOODALL,REPRESENTATIVE,R,GA,7,W000810,115
208,James,CLYBURN,REPRESENTATIVE,D,SC,6,C000537,114
1751,Michael,BURGESS,REPRESENTATIVE,R,TX,26,B001248,115
1751,Michael,BURGESS,REPRESENTATIVE,R,TX,26,B001248,115
1751,Michael,BURGESS,REPRESENTATIVE,R,TX,26,B001248,115
1596,Greg,WALDEN,REPRESENTATIVE,R,OR,2,W000791,115
1751,Michael,BURGESS,REPRESENTATIVE,R,TX,26,B001248,115
1814,Doris,MATSUI,REPRESENTATIVE,D,CA,6,M001163,115
1751,Michael,BURGESS,REPRESENTATIVE,R,TX,26,B001248,115
1922,Brett,GUTHRIE,REPRESENTATIVE,R,KY,2,G000558,115
1751,Michael,BURGESS,REPRESENTATIVE,R,TX,26,B001248,115
1838,Gus,BILIRAKIS,REPRESENTATIVE,R,FL,12,B001257,115
1751,Michael,BURGESS,REPRESENTATIVE,R,TX,26,B001248,115
1838,Gus,BILIRAKIS,REPRESENTATIVE,R,FL,12,B001257,115
1751,Michael,BURGESS,REPRESENTATIVE,R,TX,26,B001248,115
1950,Kurt,SCHRADER,REPRESENTATIVE,D,OR,5,S001180,115
2339,Jacky,ROSEN,N/A,D,NV,N/A,R000608,115
1930,Erik,PAULSEN,REPRESENTATIVE,R,MN,3,P000594,115
478,Luis,GUTIERREZ,REPRESENTATIVE,D,IL,4,G000535,115
1761,G.,BUTTERFIELD,REPRESENTATIVE,D,NC,1,B001251,115
2201,Alma,ADAMS,REPRESENTATIVE,D,NC,12,A000370,115
2334,Paul,MITCHELL,N/A,R,MI,N/A,M001201,115
2344,Claudia,TENNEY,N/A,R,NY,N/A,T000478,115
2274,Stacey,PLASKETT,DELEGATE,D,VI,N/A,P000610,115
1895,Marcia,FUDGE,REPRESENTATIVE,D,OH,11,F000455,115
1973,John,GARAMENDI,REPRESENTATIVE,D,CA,3,G000559,115
1973,John,GARAMENDI,REPRESENTATIVE,D,CA,3,G000559,115
2354,Pramila,JAYAPAL,N/A,D,WA,N/A,J000298,115
1973,John,GARAMENDI,REPRESENTATIVE,D,CA,3,G000559,115
2166,Marc,VEASEY,REPRESENTATIVE,D,TX,33,V000131,115
1973,John,GARAMENDI,REPRESENTATIVE,D,CA,3,G000559,115
1588,Janice,SCHAKOWSKY,REPRESENTATIVE,D,IL,9,S001145,115
1973,John,GARAMENDI,REPRESENTATIVE,D,CA,3,G000559,115
1588,Janice,SCHAKOWSKY,REPRESENTATIVE,D,IL,9,S001145,115
1973,John,GARAMENDI,REPRESENTATIVE,D,CA,3,G000559,115
1588,Janice,SCHAKOWSKY,REPRESENTATIVE,D,IL,9,S001145,115
1973,John,GARAMENDI,REPRESENTATIVE,D,CA,3,G000559,115
1588,Janice,SCHAKOWSKY,REPRESENTATIVE,D,IL,9,S001145,115
1973,John,GARAMENDI,REPRESENTATIVE,D,CA,3,G000559,115
2124,Bradley,SCHNEIDER,N/A,D,IL,N/A,S001190,115
2028,Bill,HUIZENGA,REPRESENTATIVE,R,MI,2,H001058,115
2028,Bill,HUIZENGA,REPRESENTATIVE,R,MI,2,H001058,115
2028,Bill,HUIZENGA,REPRESENTATIVE,R,MI,2,H001058,115
2028,Bill,HUIZENGA,REPRESENTATIVE,R,MI,2,H001058,115
2130,Luke,MESSER,REPRESENTATIVE,R,IN,6,M001189,115
2028,Bill,HUIZENGA,REPRESENTATIVE,R,MI,2,H001058,115
2328,Roger,MARSHALL,N/A,R,KS,N/A,M001198,115
1332,Dianne,FEINSTEIN,SENATOR,D,CA,N/A,F000062,115
2092,Suzanne,BONAMICI,REPRESENTATIVE,D,OR,1,B001278,115
1247,Ron,WYDEN,SENATOR,D,OR,N/A,W000779,115
2141,Robert,PITTENGER,REPRESENTATIVE,R,NC,9,P000606,115
2350,Jodey,ARRINGTON,N/A,R,TX,N/A,A000375,115
1890,Jackie,SPEIER,REPRESENTATIVE,D,CA,14,S001175,115
1791,Virginia,FOXX,REPRESENTATIVE,R,NC,5,F000450,115
859,Bill,NELSON,SENATOR,D,FL,N/A,N000032,115
949,Jack,REED,REPRESENTATIVE,D,RI,23,R000122,115
326,Richard,DURBIN,SENATOR,D,IL,N/A,D000563,115
446,Bob,GOODLATTE,REPRESENTATIVE,R,VA,6,G000289,115
446,Bob,GOODLATTE,REPRESENTATIVE,R,VA,6,G000289,115
446,Bob,GOODLATTE,REPRESENTATIVE,R,VA,6,G000289,115
446,Bob,GOODLATTE,REPRESENTATIVE,R,VA,6,G000289,115
229,John,CONYERS,REPRESENTATIVE,D,MI,13,C000714,115
446,Bob,GOODLATTE,REPRESENTATIVE,R,VA,6,G000289,115
446,Bob,GOODLATTE,REPRESENTATIVE,R,VA,6,G000289,115
2360,Karen,HANDEL,N/A,R,GA,N/A,H001078,115
2360,Karen,HANDEL,N/A,R,GA,N/A,H001078,115
2360,Karen,HANDEL,N/A,R,GA,N/A,H001078,115
229,John,CONYERS,REPRESENTATIVE,D,MI,13,C000714,115
2360,Karen,HANDEL,N/A,R,GA,N/A,H001078,115
446,Bob,GOODLATTE,REPRESENTATIVE,R,VA,6,G000289,115
229,John,CONYERS,REPRESENTATIVE,D,MI,13,C000714,115
1878,Steve,COHEN,REPRESENTATIVE,D,TN,9,C001068,115
229,John,CONYERS,REPRESENTATIVE,D,MI,13,C000714,115
1878,Steve,COHEN,REPRESENTATIVE,D,TN,9,C001068,115
2360,Karen,HANDEL,N/A,R,GA,N/A,H001078,115
229,John,CONYERS,REPRESENTATIVE,D,MI,13,C000714,115
2360,Karen,HANDEL,N/A,R,GA,N/A,H001078,115
229,John,CONYERS,REPRESENTATIVE,D,MI,13,C000714,115
2354,Pramila,JAYAPAL,N/A,D,WA,N/A,J000298,115
229,John,CONYERS,REPRESENTATIVE,D,MI,13,C000714,115
2354,Pramila,JAYAPAL,N/A,D,WA,N/A,J000298,115
2360,Karen,HANDEL,N/A,R,GA,N/A,H001078,115
1791,Virginia,FOXX,REPRESENTATIVE,R,NC,5,F000450,115
229,John,CONYERS,REPRESENTATIVE,D,MI,13,C000714,115
1976,Theodore,DEUTCH,REPRESENTATIVE,D,FL,21,D000610,115
2360,Karen,HANDEL,N/A,R,GA,N/A,H001078,115
229,John,CONYERS,REPRESENTATIVE,D,MI,13,C000714,115
850,Jerrold,NADLER,REPRESENTATIVE,D,NY,10,N000002,115
2360,Karen,HANDEL,N/A,R,GA,N/A,H001078,115
229,John,CONYERS,REPRESENTATIVE,D,MI,13,C000714,115
2360,Karen,HANDEL,N/A,R,GA,N/A,H001078,115
229,John,CONYERS,REPRESENTATIVE,D,MI,13,C000714,115
2360,Karen,HANDEL,N/A,R,GA,N/A,H001078,115
2137,Ann,WAGNER,REPRESENTATIVE,R,MO,2,W000812,115
229,John,CONYERS,REPRESENTATIVE,D,MI,13,C000714,115
2201,Alma,ADAMS,REPRESENTATIVE,D,NC,12,A000370,115
2360,Karen,HANDEL,N/A,R,GA,N/A,H001078,115
229,John,CONYERS,REPRESENTATIVE,D,MI,13,C000714,115
1588,Janice,SCHAKOWSKY,REPRESENTATIVE,D,IL,9,S001145,115
2360,Karen,HANDEL,N/A,R,GA,N/A,H001078,115
229,John,CONYERS,REPRESENTATIVE,D,MI,13,C000714,115
1890,Jackie,SPEIER,REPRESENTATIVE,D,CA,14,S001175,115
229,John,CONYERS,REPRESENTATIVE,D,MI,13,C000714,115
1890,Jackie,SPEIER,REPRESENTATIVE,D,CA,14,S001175,115
2360,Karen,HANDEL,N/A,R,GA,N/A,H001078,115
1793,Jeff,FORTENBERRY,REPRESENTATIVE,R,NE,1,F000449,115
229,John,CONYERS,REPRESENTATIVE,D,MI,13,C000714,115
1501,Barbara,LEE,REPRESENTATIVE,D,CA,13,L000551,115
2360,Karen,HANDEL,N/A,R,GA,N/A,H001078,115
2063,Diane,BLACK,REPRESENTATIVE,R,TN,6,B001273,115
229,John,CONYERS,REPRESENTATIVE,D,MI,13,C000714,115
229,John,CONYERS,REPRESENTATIVE,D,MI,13,C000714,115
2360,Karen,HANDEL,N/A,R,GA,N/A,H001078,115
2255,Mark,WALKER,REPRESENTATIVE,R,NC,6,W000819,115
229,John,CONYERS,REPRESENTATIVE,D,MI,13,C000714,115
2360,Karen,HANDEL,N/A,R,GA,N/A,H001078,115
2270,Brian,BABIN,REPRESENTATIVE,R,TX,36,B001291,115
229,John,CONYERS,REPRESENTATIVE,D,MI,13,C000714,115
2092,Suzanne,BONAMICI,REPRESENTATIVE,D,OR,1,B001278,115
2360,Karen,HANDEL,N/A,R,GA,N/A,H001078,115
2015,Randy,HULTGREN,REPRESENTATIVE,R,IL,14,H001059,115
229,John,CONYERS,REPRESENTATIVE,D,MI,13,C000714,115
1811,Gwen,MOORE,SENATOR,D,WI,N/A,M001160,115
2360,Karen,HANDEL,N/A,R,GA,N/A,H001078,115
2239,Rick,ALLEN,REPRESENTATIVE,R,GA,12,A000372,115
229,John,CONYERS,REPRESENTATIVE,D,MI,13,C000714,115
2310,Salud,CARBAJAL,N/A,D,CA,N/A,C001112,115
2360,Karen,HANDEL,N/A,R,GA,N/A,H001078,115
1460,Robert,ADERHOLT,REPRESENTATIVE,R,AL,4,A000055,115
229,John,CONYERS,REPRESENTATIVE,D,MI,13,C000714,115
229,John,CONYERS,REPRESENTATIVE,D,MI,13,C000714,115
2360,Karen,HANDEL,N/A,R,GA,N/A,H001078,115
2328,Roger,MARSHALL,N/A,R,KS,N/A,M001198,115
229,John,CONYERS,REPRESENTATIVE,D,MI,13,C000714,115
2360,Karen,HANDEL,N/A,R,GA,N/A,H001078,115
2130,Luke,MESSER,REPRESENTATIVE,R,IN,6,M001189,115
229,John,CONYERS,REPRESENTATIVE,D,MI,13,C000714,115
344,Eliot,ENGEL,REPRESENTATIVE,D,NY,16,E000179,115
2360,Karen,HANDEL,N/A,R,GA,N/A,H001078,115
2322,Brian,MAST,N/A,R,FL,N/A,M001199,115
229,John,CONYERS,REPRESENTATIVE,D,MI,13,C000714,115
229,John,CONYERS,REPRESENTATIVE,D,MI,13,C000714,115
2360,Karen,HANDEL,N/A,R,GA,N/A,H001078,115
229,John,CONYERS,REPRESENTATIVE,D,MI,13,C000714,115
2360,Karen,HANDEL,N/A,R,GA,N/A,H001078,115
355,Anna,ESHOO,REPRESENTATIVE,D,CA,18,E000215,115
1986,Martha,ROBY,REPRESENTATIVE,R,AL,2,R000591,115
1986,Martha,ROBY,REPRESENTATIVE,R,AL,2,R000591,115
1888,Bill,FOSTER,REPRESENTATIVE,D,IL,11,F000454,115
229,John,CONYERS,REPRESENTATIVE,D,MI,13,C000714,115
2149,Hakeem,JEFFRIES,REPRESENTATIVE,D,NY,8,J000294,115
1818,Albio,SIRES,REPRESENTATIVE,D,NJ,8,S001165,115
186,Steve,CHABOT,REPRESENTATIVE,R,OH,1,C000266,115
1818,Albio,SIRES,REPRESENTATIVE,D,NJ,8,S001165,115
1818,Albio,SIRES,REPRESENTATIVE,D,NJ,8,S001165,115
2336,Ted,BUDD,REPRESENTATIVE,R,NC,1,B001305,115
2131,Andy,BARR,REPRESENTATIVE,R,KY,11,B001282,115
2244,Ralph,ABRAHAM,REPRESENTATIVE,R,LA,5,A000374,115
1818,Albio,SIRES,REPRESENTATIVE,D,NJ,8,S001165,115
1818,Albio,SIRES,REPRESENTATIVE,D,NJ,8,S001165,115
1818,Albio,SIRES,REPRESENTATIVE,D,NJ,8,S001165,115
2356,Liz,CHENEY,N/A,R,WY,N/A,C001109,115
2356,Liz,CHENEY,N/A,R,WY,N/A,C001109,115
2356,Liz,CHENEY,N/A,R,WY,N/A,C001109,115
2356,Liz,CHENEY,N/A,R,WY,N/A,C001109,115
1069,Louise,SLAUGHTER,REPRESENTATIVE,D,NY,25,S000480,115
2356,Liz,CHENEY,N/A,R,WY,N/A,C001109,115
1069,Louise,SLAUGHTER,REPRESENTATIVE,D,NY,25,S000480,115
2356,Liz,CHENEY,N/A,R,WY,N/A,C001109,115
2032,Vicky,HARTZLER,REPRESENTATIVE,R,MO,4,H001053,115
1069,Louise,SLAUGHTER,REPRESENTATIVE,D,NY,25,S000480,115
2356,Liz,CHENEY,N/A,R,WY,N/A,C001109,115
2334,Paul,MITCHELL,N/A,R,MI,N/A,M001201,115
1069,Louise,SLAUGHTER,REPRESENTATIVE,D,NY,25,S000480,115
2332,Jamie,RASKIN,N/A,D,MD,N/A,R000606,115
2356,Liz,CHENEY,N/A,R,WY,N/A,C001109,115
1069,Louise,SLAUGHTER,REPRESENTATIVE,D,NY,25,S000480,115
2134,Daniel,KILDEE,REPRESENTATIVE,D,MI,5,K000380,115
2356,Liz,CHENEY,N/A,R,WY,N/A,C001109,115
2271,Mia,LOVE,REPRESENTATIVE,R,UT,4,L000584,115
1069,Louise,SLAUGHTER,REPRESENTATIVE,D,NY,25,S000480,115
2356,Liz,CHENEY,N/A,R,WY,N/A,C001109,115
2158,Keith,ROTHFUS,REPRESENTATIVE,R,PA,12,R000598,115
1069,Louise,SLAUGHTER,REPRESENTATIVE,D,NY,25,S000480,115
2124,Bradley,SCHNEIDER,N/A,D,IL,N/A,S001190,115
2356,Liz,CHENEY,N/A,R,WY,N/A,C001109,115
1069,Louise,SLAUGHTER,REPRESENTATIVE,D,NY,25,S000480,115
1811,Gwen,MOORE,SENATOR,D,WI,N/A,M001160,115
2356,Liz,CHENEY,N/A,R,WY,N/A,C001109,115
1748,Marsha,BLACKBURN,REPRESENTATIVE,R,TN,7,B001243,115
1069,Louise,SLAUGHTER,REPRESENTATIVE,D,NY,25,S000480,115
868,Eleanor,NORTON,DELEGATE,D,DC,N/A,N000147,115
2356,Liz,CHENEY,N/A,R,WY,N/A,C001109,115
2141,Robert,PITTENGER,REPRESENTATIVE,R,NC,9,P000606,115
1069,Louise,SLAUGHTER,REPRESENTATIVE,D,NY,25,S000480,115
2252,Brenda,LAWRENCE,REPRESENTATIVE,D,MI,14,L000581,115
2356,Liz,CHENEY,N/A,R,WY,N/A,C001109,115
1069,Louise,SLAUGHTER,REPRESENTATIVE,D,NY,25,S000480,115
1184,Nydia,VELAZQUEZ,REPRESENTATIVE,D,NY,7,V000081,115
2356,Liz,CHENEY,N/A,R,WY,N/A,C001109,115
1069,Louise,SLAUGHTER,REPRESENTATIVE,D,NY,25,S000480,115
2109,Raul,RUIZ,REPRESENTATIVE,D,CA,36,R000599,115
1069,Louise,SLAUGHTER,REPRESENTATIVE,D,NY,25,S000480,115
2109,Raul,RUIZ,REPRESENTATIVE,D,CA,36,R000599,115
2356,Liz,CHENEY,N/A,R,WY,N/A,C001109,115
1069,Louise,SLAUGHTER,REPRESENTATIVE,D,NY,25,S000480,115
1069,Louise,SLAUGHTER,REPRESENTATIVE,D,NY,25,S000480,115
2319,Darren,SOTO,N/A,D,FL,N/A,S001200,115
1069,Louise,SLAUGHTER,REPRESENTATIVE,D,NY,25,S000480,115
2319,Darren,SOTO,N/A,D,FL,N/A,S001200,115
2356,Liz,CHENEY,N/A,R,WY,N/A,C001109,115
1834,Doug,LAMBORN,REPRESENTATIVE,R,CO,5,L000564,115
1069,Louise,SLAUGHTER,REPRESENTATIVE,D,NY,25,S000480,115
2356,Liz,CHENEY,N/A,R,WY,N/A,C001109,115
2356,Liz,CHENEY,N/A,R,WY,N/A,C001109,115
1069,Louise,SLAUGHTER,REPRESENTATIVE,D,NY,25,S000480,115
2353,Thomas,GARRETT,REPRESENTATIVE,R,VA,5,G000580,115
1069,Louise,SLAUGHTER,REPRESENTATIVE,D,NY,25,S000480,115
2346,Lloyd,SMUCKER,N/A,R,PA,N/A,S001199,115
2224,Bruce,WESTERMAN,REPRESENTATIVE,R,AR,4,W000821,115
616,Marcy,KAPTUR,REPRESENTATIVE,D,OH,8,K000009,115
