speaker_id,first_name,last_name,type,party,state,district,bio_guide_id,congress_id
326,Richard,DURBIN,SENATOR,D,IL,N/A,D000563,115
2344,Claudia,TENNEY,N/A,R,NY,N/A,T000478,115
1910,Jared,POLIS,REPRESENTATIVE,D,CO,2,P000598,115
1910,Jared,POLIS,REPRESENTATIVE,D,CO,2,P000598,115
1910,Jared,POLIS,REPRESENTATIVE,D,CO,2,P000598,115
1668,James,LANGEVIN,REPRESENTATIVE,D,RI,2,L000559,115
2223,J.,HILL,REPRESENTATIVE,R,AR,2,H001072,115
1910,Jared,POLIS,REPRESENTATIVE,D,CO,2,P000598,115
1910,Jared,POLIS,REPRESENTATIVE,D,CO,2,P000598,115
2312,J.,CORREA,N/A,D,CA,N/A,C001110,115
1910,Jared,POLIS,REPRESENTATIVE,D,CO,2,P000598,115
1910,Jared,POLIS,REPRESENTATIVE,D,CO,2,P000598,115
2157,Scott,PERRY,REPRESENTATIVE,R,PA,4,P000605,115
1910,Jared,POLIS,REPRESENTATIVE,D,CO,2,P000598,115
1930,Erik,PAULSEN,REPRESENTATIVE,R,MN,3,P000594,115
2055,David,CICILLINE,REPRESENTATIVE,D,RI,1,C001084,115
1910,Jared,POLIS,REPRESENTATIVE,D,CO,2,P000598,115
2021,Kevin,YODER,REPRESENTATIVE,R,KS,3,Y000063,115
2101,Jared,HUFFMAN,REPRESENTATIVE,D,CA,2,H001068,115
1829,Jon,TESTER,SENATOR,D,MT,N/A,T000464,115
1890,Jackie,SPEIER,REPRESENTATIVE,D,CA,14,S001175,115
850,Jerrold,NADLER,REPRESENTATIVE,D,NY,10,N000002,115
2102,Ami,BERA,REPRESENTATIVE,D,CA,7,B001287,115
2102,Ami,BERA,REPRESENTATIVE,D,CA,7,B001287,115
1668,James,LANGEVIN,REPRESENTATIVE,D,RI,2,L000559,115
1668,James,LANGEVIN,REPRESENTATIVE,D,RI,2,L000559,115
2102,Ami,BERA,REPRESENTATIVE,D,CA,7,B001287,115
1668,James,LANGEVIN,REPRESENTATIVE,D,RI,2,L000559,115
2102,Ami,BERA,REPRESENTATIVE,D,CA,7,B001287,115
850,Jerrold,NADLER,REPRESENTATIVE,D,NY,10,N000002,115
850,Jerrold,NADLER,REPRESENTATIVE,D,NY,10,N000002,115
2197,Bradley,BYRNE,REPRESENTATIVE,R,AL,1,B001289,115
2084,Marco,RUBIO,SENATOR,R,FL,N/A,R000595,115
2345,Brian,FITZPATRICK,REPRESENTATIVE,R,PA,8,F000466,115
616,Marcy,KAPTUR,REPRESENTATIVE,D,OH,8,K000009,115
1950,Kurt,SCHRADER,REPRESENTATIVE,D,OR,5,S001180,115
1995,Jeff,DENHAM,REPRESENTATIVE,R,CA,10,D000612,115
1995,Jeff,DENHAM,REPRESENTATIVE,R,CA,10,D000612,115
446,Bob,GOODLATTE,REPRESENTATIVE,R,VA,6,G000289,115
446,Bob,GOODLATTE,REPRESENTATIVE,R,VA,6,G000289,115
446,Bob,GOODLATTE,REPRESENTATIVE,R,VA,6,G000289,115
1995,Jeff,DENHAM,REPRESENTATIVE,R,CA,10,D000612,115
446,Bob,GOODLATTE,REPRESENTATIVE,R,VA,6,G000289,115
446,Bob,GOODLATTE,REPRESENTATIVE,R,VA,6,G000289,115
1668,James,LANGEVIN,REPRESENTATIVE,D,RI,2,L000559,115
1668,James,LANGEVIN,REPRESENTATIVE,D,RI,2,L000559,115
446,Bob,GOODLATTE,REPRESENTATIVE,R,VA,6,G000289,115
446,Bob,GOODLATTE,REPRESENTATIVE,R,VA,6,G000289,115
1668,James,LANGEVIN,REPRESENTATIVE,D,RI,2,L000559,115
850,Jerrold,NADLER,REPRESENTATIVE,D,NY,10,N000002,115
446,Bob,GOODLATTE,REPRESENTATIVE,R,VA,6,G000289,115
1668,James,LANGEVIN,REPRESENTATIVE,D,RI,2,L000559,115
1668,James,LANGEVIN,REPRESENTATIVE,D,RI,2,L000559,115
446,Bob,GOODLATTE,REPRESENTATIVE,R,VA,6,G000289,115
1668,James,LANGEVIN,REPRESENTATIVE,D,RI,2,L000559,115
1888,Bill,FOSTER,REPRESENTATIVE,D,IL,11,F000454,115
1888,Bill,FOSTER,REPRESENTATIVE,D,IL,11,F000454,115
1888,Bill,FOSTER,REPRESENTATIVE,D,IL,11,F000454,115
1890,Jackie,SPEIER,REPRESENTATIVE,D,CA,14,S001175,115
1890,Jackie,SPEIER,REPRESENTATIVE,D,CA,14,S001175,115
850,Jerrold,NADLER,REPRESENTATIVE,D,NY,10,N000002,115
850,Jerrold,NADLER,REPRESENTATIVE,D,NY,10,N000002,115
1890,Jackie,SPEIER,REPRESENTATIVE,D,CA,14,S001175,115
2130,Luke,MESSER,REPRESENTATIVE,R,IN,6,M001189,115
1003,Bobby,RUSH,REPRESENTATIVE,D,IL,1,R000515,115
2316,John,RUTHERFORD,N/A,R,FL,N/A,R000609,115
2316,John,RUTHERFORD,N/A,R,FL,N/A,R000609,115
1749,Jeb,HENSARLING,REPRESENTATIVE,R,TX,5,H001036,115
1749,Jeb,HENSARLING,REPRESENTATIVE,R,TX,5,H001036,115
1749,Jeb,HENSARLING,REPRESENTATIVE,R,TX,5,H001036,115
1749,Jeb,HENSARLING,REPRESENTATIVE,R,TX,5,H001036,115
2223,J.,HILL,REPRESENTATIVE,R,AR,2,H001072,115
1749,Jeb,HENSARLING,REPRESENTATIVE,R,TX,5,H001036,115
2072,Sean,DUFFY,N/A,R,WI,N/A,D000614,115
1749,Jeb,HENSARLING,REPRESENTATIVE,R,TX,5,H001036,115
2072,Sean,DUFFY,N/A,R,WI,N/A,D000614,115
1749,Jeb,HENSARLING,REPRESENTATIVE,R,TX,5,H001036,115
1749,Jeb,HENSARLING,REPRESENTATIVE,R,TX,5,H001036,115
2015,Randy,HULTGREN,REPRESENTATIVE,R,IL,14,H001059,115
1749,Jeb,HENSARLING,REPRESENTATIVE,R,TX,5,H001036,115
2165,Roger,WILLIAMS,REPRESENTATIVE,R,TX,25,W000816,115
1749,Jeb,HENSARLING,REPRESENTATIVE,R,TX,5,H001036,115
2247,Bruce,POLIQUIN,REPRESENTATIVE,R,ME,2,P000611,115
1749,Jeb,HENSARLING,REPRESENTATIVE,R,TX,5,H001036,115
2261,Lee,ZELDIN,REPRESENTATIVE,R,NY,1,Z000017,115
1749,Jeb,HENSARLING,REPRESENTATIVE,R,TX,5,H001036,115
2238,Barry,LOUDERMILK,REPRESENTATIVE,R,GA,11,L000583,115
1749,Jeb,HENSARLING,REPRESENTATIVE,R,TX,5,H001036,115
1749,Jeb,HENSARLING,REPRESENTATIVE,R,TX,5,H001036,115
1749,Jeb,HENSARLING,REPRESENTATIVE,R,TX,5,H001036,115
2099,Kyrsten,SINEMA,REPRESENTATIVE,D,AZ,9,S001191,115
1749,Jeb,HENSARLING,REPRESENTATIVE,R,TX,5,H001036,115
1749,Jeb,HENSARLING,REPRESENTATIVE,R,TX,5,H001036,115
1888,Bill,FOSTER,REPRESENTATIVE,D,IL,11,F000454,115
1888,Bill,FOSTER,REPRESENTATIVE,D,IL,11,F000454,115
1888,Bill,FOSTER,REPRESENTATIVE,D,IL,11,F000454,115
1564,Michael,CAPUANO,REPRESENTATIVE,D,MA,7,C001037,115
1749,Jeb,HENSARLING,REPRESENTATIVE,R,TX,5,H001036,115
1749,Jeb,HENSARLING,REPRESENTATIVE,R,TX,5,H001036,115
1564,Michael,CAPUANO,REPRESENTATIVE,D,MA,7,C001037,115
1749,Jeb,HENSARLING,REPRESENTATIVE,R,TX,5,H001036,115
1749,Jeb,HENSARLING,REPRESENTATIVE,R,TX,5,H001036,115
1749,Jeb,HENSARLING,REPRESENTATIVE,R,TX,5,H001036,115
1564,Michael,CAPUANO,REPRESENTATIVE,D,MA,7,C001037,115
1751,Michael,BURGESS,REPRESENTATIVE,R,TX,26,B001248,115
1892,Steve,SCALISE,REPRESENTATIVE,R,LA,1,S001176,115
478,Luis,GUTIERREZ,REPRESENTATIVE,D,IL,4,G000535,115
1986,Martha,ROBY,REPRESENTATIVE,R,AL,2,R000591,115
1692,John,CORNYN,SENATOR,R,TX,N/A,C001056,115
2340,Ruben,KIHUEN,N/A,D,NV,N/A,K000390,115
2134,Daniel,KILDEE,REPRESENTATIVE,D,MI,5,K000380,115
2003,Dennis,ROSS,REPRESENTATIVE,R,FL,15,R000593,115
2275,Dan,NEWHOUSE,REPRESENTATIVE,R,WA,4,N000189,115
2115,Ted,YOHO,REPRESENTATIVE,R,FL,3,Y000065,115
1900,Jeff,MERKLEY,SENATOR,D,OR,N/A,M001176,115
2345,Brian,FITZPATRICK,REPRESENTATIVE,R,PA,8,F000466,115
2097,Donald,PAYNE,REPRESENTATIVE,D,NJ,10,P000604,115
1527,John,SHIMKUS,REPRESENTATIVE,R,IL,15,S000364,115
1793,Jeff,FORTENBERRY,REPRESENTATIVE,R,NE,1,F000449,115
2101,Jared,HUFFMAN,REPRESENTATIVE,D,CA,2,H001068,115
2097,Donald,PAYNE,REPRESENTATIVE,D,NJ,10,P000604,115
2359,Greg,GIANFORTE,N/A,R,MT,N/A,G000584,115
2310,Salud,CARBAJAL,N/A,D,CA,N/A,C001112,115
1781,Daniel,LIPINSKI,REPRESENTATIVE,D,IL,3,L000563,115
2197,Bradley,BYRNE,REPRESENTATIVE,R,AL,1,B001289,115
2197,Bradley,BYRNE,REPRESENTATIVE,R,AL,1,B001289,115
1749,Jeb,HENSARLING,REPRESENTATIVE,R,TX,5,H001036,115
1749,Jeb,HENSARLING,REPRESENTATIVE,R,TX,5,H001036,115
1749,Jeb,HENSARLING,REPRESENTATIVE,R,TX,5,H001036,115
1749,Jeb,HENSARLING,REPRESENTATIVE,R,TX,5,H001036,115
2308,Ro,KHANNA,N/A,D,CA,N/A,K000389,115
2308,Ro,KHANNA,N/A,D,CA,N/A,K000389,115
2308,Ro,KHANNA,N/A,D,CA,N/A,K000389,115
2308,Ro,KHANNA,N/A,D,CA,N/A,K000389,115
1749,Jeb,HENSARLING,REPRESENTATIVE,R,TX,5,H001036,115
2158,Keith,ROTHFUS,REPRESENTATIVE,R,PA,12,R000598,115
1749,Jeb,HENSARLING,REPRESENTATIVE,R,TX,5,H001036,115
2141,Robert,PITTENGER,REPRESENTATIVE,R,NC,9,P000606,115
1749,Jeb,HENSARLING,REPRESENTATIVE,R,TX,5,H001036,115
1997,Scott,TIPTON,REPRESENTATIVE,R,CO,3,T000470,115
1749,Jeb,HENSARLING,REPRESENTATIVE,R,TX,5,H001036,115
2253,Tom,EMMER,REPRESENTATIVE,R,MN,6,E000294,115
1749,Jeb,HENSARLING,REPRESENTATIVE,R,TX,5,H001036,115
1749,Jeb,HENSARLING,REPRESENTATIVE,R,TX,5,H001036,115
1749,Jeb,HENSARLING,REPRESENTATIVE,R,TX,5,H001036,115
2250,David,TROTT,REPRESENTATIVE,R,MI,11,T000475,115
1749,Jeb,HENSARLING,REPRESENTATIVE,R,TX,5,H001036,115
2336,Ted,BUDD,REPRESENTATIVE,R,NC,1,B001305,115
1749,Jeb,HENSARLING,REPRESENTATIVE,R,TX,5,H001036,115
2327,Trey,HOLLINGSWORTH,N/A,R,IN,N/A,H001074,115
1749,Jeb,HENSARLING,REPRESENTATIVE,R,TX,5,H001036,115
1749,Jeb,HENSARLING,REPRESENTATIVE,R,TX,5,H001036,115
1749,Jeb,HENSARLING,REPRESENTATIVE,R,TX,5,H001036,115
2340,Ruben,KIHUEN,N/A,D,NV,N/A,K000390,115
457,Chuck,GRASSLEY,SENATOR,R,IA,N/A,G000386,115
457,Chuck,GRASSLEY,SENATOR,R,IA,N/A,G000386,115
1036,Charles,SCHUMER,SENATOR,D,NY,N/A,S000148,115
1036,Charles,SCHUMER,SENATOR,D,NY,N/A,S000148,115
326,Richard,DURBIN,SENATOR,D,IL,N/A,D000563,115
326,Richard,DURBIN,SENATOR,D,IL,N/A,D000563,115
1036,Charles,SCHUMER,SENATOR,D,NY,N/A,S000148,115
326,Richard,DURBIN,SENATOR,D,IL,N/A,D000563,115
791,Robert,MENENDEZ,SENATOR,D,NJ,N/A,M000639,115
791,Robert,MENENDEZ,SENATOR,D,NJ,N/A,M000639,115
2291,Thom,TILLIS,SENATOR,R,NC,N/A,T000476,115
1383,Patrick,LEAHY,SENATOR,D,VT,N/A,L000174,115
1383,Patrick,LEAHY,SENATOR,D,VT,N/A,L000174,115
1692,John,CORNYN,SENATOR,R,TX,N/A,C001056,115
1692,John,CORNYN,SENATOR,R,TX,N/A,C001056,115
2286,David,PERDUE,SENATOR,R,GA,N/A,P000612,115
2286,David,PERDUE,SENATOR,R,GA,N/A,P000612,115
1010,Bernard,SANDERS,SENATOR,I,VT,N/A,S000033,115
1010,Bernard,SANDERS,SENATOR,I,VT,N/A,S000033,115
1900,Jeff,MERKLEY,SENATOR,D,OR,N/A,M001176,115
1464,Roy,BLUNT,SENATOR,R,MO,N/A,B000575,115
1881,John,BARRASSO,SENATOR,R,WY,N/A,B001261,115
1844,Mazie,HIRONO,SENATOR,D,HI,N/A,H001042,115
1844,Mazie,HIRONO,SENATOR,D,HI,N/A,H001042,115
1937,Martin,HEINRICH,SENATOR,D,NM,N/A,H001046,115
1937,Martin,HEINRICH,SENATOR,D,NM,N/A,H001046,115
1837,Christopher,MURPHY,SENATOR,D,CT,N/A,M001169,115
457,Chuck,GRASSLEY,SENATOR,R,IA,N/A,G000386,115
1828,Robert,CASEY,SENATOR,D,PA,N/A,C001070,115
1594,Patrick,TOOMEY,SENATOR,R,PA,N/A,T000461,115
1594,Patrick,TOOMEY,SENATOR,R,PA,N/A,T000461,115
2076,Richard,BLUMENTHAL,SENATOR,D,CT,N/A,B001277,115
2050,James,LANKFORD,SENATOR,R,OK,N/A,L000575,115
1984,Christopher,COONS,SENATOR,D,DE,N/A,C001088,115
326,Richard,DURBIN,SENATOR,D,IL,N/A,D000563,115
326,Richard,DURBIN,SENATOR,D,IL,N/A,D000563,115
1036,Charles,SCHUMER,SENATOR,D,NY,N/A,S000148,115
1036,Charles,SCHUMER,SENATOR,D,NY,N/A,S000148,115
1460,Robert,ADERHOLT,REPRESENTATIVE,R,AL,4,A000055,115
2344,Claudia,TENNEY,N/A,R,NY,N/A,T000478,115
850,Jerrold,NADLER,REPRESENTATIVE,D,NY,10,N000002,115
2324,A.,FERGUSON,N/A,R,GA,N/A,F000465,115
1933,Gregg,HARPER,REPRESENTATIVE,R,MS,3,H001045,115
2343,John,FASO,N/A,R,NY,N/A,F000464,115
2272,Donald,BEYER,REPRESENTATIVE,D,VA,8,B001292,115
1930,Erik,PAULSEN,REPRESENTATIVE,R,MN,3,P000594,115
446,Bob,GOODLATTE,REPRESENTATIVE,R,VA,6,G000289,115
446,Bob,GOODLATTE,REPRESENTATIVE,R,VA,6,G000289,115
850,Jerrold,NADLER,REPRESENTATIVE,D,NY,10,N000002,115
446,Bob,GOODLATTE,REPRESENTATIVE,R,VA,6,G000289,115
165,Ken,CALVERT,REPRESENTATIVE,R,CA,42,C000059,115
850,Jerrold,NADLER,REPRESENTATIVE,D,NY,10,N000002,115
446,Bob,GOODLATTE,REPRESENTATIVE,R,VA,6,G000289,115
446,Bob,GOODLATTE,REPRESENTATIVE,R,VA,6,G000289,115
850,Jerrold,NADLER,REPRESENTATIVE,D,NY,10,N000002,115
446,Bob,GOODLATTE,REPRESENTATIVE,R,VA,6,G000289,115
2113,Scott,PETERS,REPRESENTATIVE,D,CA,52,P000608,115
446,Bob,GOODLATTE,REPRESENTATIVE,R,VA,6,G000289,115
2113,Scott,PETERS,REPRESENTATIVE,D,CA,52,P000608,115
850,Jerrold,NADLER,REPRESENTATIVE,D,NY,10,N000002,115
446,Bob,GOODLATTE,REPRESENTATIVE,R,VA,6,G000289,115
446,Bob,GOODLATTE,REPRESENTATIVE,R,VA,6,G000289,115
446,Bob,GOODLATTE,REPRESENTATIVE,R,VA,6,G000289,115
446,Bob,GOODLATTE,REPRESENTATIVE,R,VA,6,G000289,115
850,Jerrold,NADLER,REPRESENTATIVE,D,NY,10,N000002,115
2332,Jamie,RASKIN,N/A,D,MD,N/A,R000606,115
446,Bob,GOODLATTE,REPRESENTATIVE,R,VA,6,G000289,115
2008,Rob,WOODALL,REPRESENTATIVE,R,GA,7,W000810,115
2008,Rob,WOODALL,REPRESENTATIVE,R,GA,7,W000810,115
2008,Rob,WOODALL,REPRESENTATIVE,R,GA,7,W000810,115
2008,Rob,WOODALL,REPRESENTATIVE,R,GA,7,W000810,115
446,Bob,GOODLATTE,REPRESENTATIVE,R,VA,6,G000289,115
2008,Rob,WOODALL,REPRESENTATIVE,R,GA,7,W000810,115
2008,Rob,WOODALL,REPRESENTATIVE,R,GA,7,W000810,115
850,Jerrold,NADLER,REPRESENTATIVE,D,NY,10,N000002,115
446,Bob,GOODLATTE,REPRESENTATIVE,R,VA,6,G000289,115
850,Jerrold,NADLER,REPRESENTATIVE,D,NY,10,N000002,115
1588,Janice,SCHAKOWSKY,REPRESENTATIVE,D,IL,9,S001145,115
446,Bob,GOODLATTE,REPRESENTATIVE,R,VA,6,G000289,115
446,Bob,GOODLATTE,REPRESENTATIVE,R,VA,6,G000289,115
850,Jerrold,NADLER,REPRESENTATIVE,D,NY,10,N000002,115
566,Steny,HOYER,REPRESENTATIVE,D,MD,5,H000874,115
446,Bob,GOODLATTE,REPRESENTATIVE,R,VA,6,G000289,115
850,Jerrold,NADLER,REPRESENTATIVE,D,NY,10,N000002,115
446,Bob,GOODLATTE,REPRESENTATIVE,R,VA,6,G000289,115
850,Jerrold,NADLER,REPRESENTATIVE,D,NY,10,N000002,115
1668,James,LANGEVIN,REPRESENTATIVE,D,RI,2,L000559,115
850,Jerrold,NADLER,REPRESENTATIVE,D,NY,10,N000002,115
446,Bob,GOODLATTE,REPRESENTATIVE,R,VA,6,G000289,115
446,Bob,GOODLATTE,REPRESENTATIVE,R,VA,6,G000289,115
1909,Duncan,HUNTER,REPRESENTATIVE,R,CA,50,H001048,115
99,Earl,BLUMENAUER,REPRESENTATIVE,D,OR,3,B000574,115
446,Bob,GOODLATTE,REPRESENTATIVE,R,VA,6,G000289,115
2122,Tulsi,GABBARD,REPRESENTATIVE,D,HI,2,G000571,115
