speaker_id,first_name,last_name,type,party,state,district,bio_guide_id,congress_id
2233,Ken,BUCK,REPRESENTATIVE,R,CO,4,B001297,115
2233,Ken,BUCK,REPRESENTATIVE,R,CO,4,B001297,115
2233,Ken,BUCK,REPRESENTATIVE,R,CO,4,B001297,115
2157,Scott,PERRY,REPRESENTATIVE,R,PA,4,P000605,115
1487,Kay,GRANGER,REPRESENTATIVE,R,TX,12,G000377,115
709,Nita,LOWEY,REPRESENTATIVE,D,NY,17,L000480,115
709,Nita,LOWEY,REPRESENTATIVE,D,NY,17,L000480,115
344,Eliot,ENGEL,REPRESENTATIVE,D,NY,16,E000179,115
344,Eliot,ENGEL,REPRESENTATIVE,D,NY,16,E000179,115
709,Nita,LOWEY,REPRESENTATIVE,D,NY,17,L000480,115
2233,Ken,BUCK,REPRESENTATIVE,R,CO,4,B001297,115
344,Eliot,ENGEL,REPRESENTATIVE,D,NY,16,E000179,115
344,Eliot,ENGEL,REPRESENTATIVE,D,NY,16,E000179,115
344,Eliot,ENGEL,REPRESENTATIVE,D,NY,16,E000179,115
709,Nita,LOWEY,REPRESENTATIVE,D,NY,17,L000480,115
344,Eliot,ENGEL,REPRESENTATIVE,D,NY,16,E000179,115
709,Nita,LOWEY,REPRESENTATIVE,D,NY,17,L000480,115
511,Alcee,HASTINGS,REPRESENTATIVE,D,FL,20,H000324,115
511,Alcee,HASTINGS,REPRESENTATIVE,D,FL,20,H000324,115
511,Alcee,HASTINGS,REPRESENTATIVE,D,FL,20,H000324,115
511,Alcee,HASTINGS,REPRESENTATIVE,D,FL,20,H000324,115
511,Alcee,HASTINGS,REPRESENTATIVE,D,FL,20,H000324,115
511,Alcee,HASTINGS,REPRESENTATIVE,D,FL,20,H000324,115
511,Alcee,HASTINGS,REPRESENTATIVE,D,FL,20,H000324,115
709,Nita,LOWEY,REPRESENTATIVE,D,NY,17,L000480,115
511,Alcee,HASTINGS,REPRESENTATIVE,D,FL,20,H000324,115
511,Alcee,HASTINGS,REPRESENTATIVE,D,FL,20,H000324,115
2276,Glenn,GROTHMAN,REPRESENTATIVE,R,WI,6,G000576,115
2276,Glenn,GROTHMAN,REPRESENTATIVE,R,WI,6,G000576,115
2276,Glenn,GROTHMAN,REPRESENTATIVE,R,WI,6,G000576,115
2276,Glenn,GROTHMAN,REPRESENTATIVE,R,WI,6,G000576,115
1930,Erik,PAULSEN,REPRESENTATIVE,R,MN,3,P000594,115
1930,Erik,PAULSEN,REPRESENTATIVE,R,MN,3,P000594,115
2115,Ted,YOHO,REPRESENTATIVE,R,FL,3,Y000065,115
2115,Ted,YOHO,REPRESENTATIVE,R,FL,3,Y000065,115
2115,Ted,YOHO,REPRESENTATIVE,R,FL,3,Y000065,115
1834,Doug,LAMBORN,REPRESENTATIVE,R,CO,5,L000564,115
2115,Ted,YOHO,REPRESENTATIVE,R,FL,3,Y000065,115
1506,Gregory,MEEKS,REPRESENTATIVE,D,NY,5,M001137,115
1506,Gregory,MEEKS,REPRESENTATIVE,D,NY,5,M001137,115
1506,Gregory,MEEKS,REPRESENTATIVE,D,NY,5,M001137,115
1506,Gregory,MEEKS,REPRESENTATIVE,D,NY,5,M001137,115
1857,Keith,ELLISON,REPRESENTATIVE,D,MN,5,E000288,115
1506,Gregory,MEEKS,REPRESENTATIVE,D,NY,5,M001137,115
2115,Ted,YOHO,REPRESENTATIVE,R,FL,3,Y000065,115
2314,Matt,GAETZ,N/A,R,FL,N/A,G000578,115
2314,Matt,GAETZ,N/A,R,FL,N/A,G000578,115
1834,Doug,LAMBORN,REPRESENTATIVE,R,CO,5,L000564,115
2314,Matt,GAETZ,N/A,R,FL,N/A,G000578,115
165,Ken,CALVERT,REPRESENTATIVE,R,CA,42,C000059,115
1692,John,CORNYN,SENATOR,R,TX,N/A,C001056,115
1850,Joe,DONNELLY,SENATOR,D,IN,N/A,D000607,115
1850,Joe,DONNELLY,SENATOR,D,IN,N/A,D000607,115
1633,Jeff,FLAKE,SENATOR,R,AZ,N/A,F000444,115
1633,Jeff,FLAKE,SENATOR,R,AZ,N/A,F000444,115
1633,Jeff,FLAKE,SENATOR,R,AZ,N/A,F000444,115
859,Bill,NELSON,SENATOR,D,FL,N/A,N000032,115
2112,Juan,VARGAS,REPRESENTATIVE,D,CA,51,V000130,115
2201,Alma,ADAMS,REPRESENTATIVE,D,NC,12,A000370,115
1942,Paul,TONKO,REPRESENTATIVE,D,NY,20,T000469,115
165,Ken,CALVERT,REPRESENTATIVE,R,CA,42,C000059,115
2359,Greg,GIANFORTE,N/A,R,MT,N/A,G000584,115
2055,David,CICILLINE,REPRESENTATIVE,D,RI,1,C001084,115
2055,David,CICILLINE,REPRESENTATIVE,D,RI,1,C001084,115
1811,Gwen,MOORE,SENATOR,D,WI,N/A,M001160,115
1998,Cory,GARDNER,N/A,R,CO,N/A,G000562,115
1998,Cory,GARDNER,N/A,R,CO,N/A,G000562,115
1998,Cory,GARDNER,N/A,R,CO,N/A,G000562,115
2172,Joseph,KENNEDY,REPRESENTATIVE,D,MA,4,K000379,115
859,Bill,NELSON,SENATOR,D,FL,N/A,N000032,115
2110,Mark,TAKANO,REPRESENTATIVE,D,CA,41,T000472,115
165,Ken,CALVERT,REPRESENTATIVE,R,CA,42,C000059,115
165,Ken,CALVERT,REPRESENTATIVE,R,CA,42,C000059,115
2170,Denny,HECK,REPRESENTATIVE,D,WA,3,H001064,115
165,Ken,CALVERT,REPRESENTATIVE,R,CA,42,C000059,115
165,Ken,CALVERT,REPRESENTATIVE,R,CA,42,C000059,115
2247,Bruce,POLIQUIN,REPRESENTATIVE,R,ME,2,P000611,115
165,Ken,CALVERT,REPRESENTATIVE,R,CA,42,C000059,115
1708,Raul,GRIJALVA,REPRESENTATIVE,D,AZ,3,G000551,115
1708,Raul,GRIJALVA,REPRESENTATIVE,D,AZ,3,G000551,115
165,Ken,CALVERT,REPRESENTATIVE,R,CA,42,C000059,115
165,Ken,CALVERT,REPRESENTATIVE,R,CA,42,C000059,115
1708,Raul,GRIJALVA,REPRESENTATIVE,D,AZ,3,G000551,115
165,Ken,CALVERT,REPRESENTATIVE,R,CA,42,C000059,115
1708,Raul,GRIJALVA,REPRESENTATIVE,D,AZ,3,G000551,115
2337,Don,BACON,N/A,R,NE,N/A,B001298,115
2337,Don,BACON,N/A,R,NE,N/A,B001298,115
165,Ken,CALVERT,REPRESENTATIVE,R,CA,42,C000059,115
2337,Don,BACON,N/A,R,NE,N/A,B001298,115
165,Ken,CALVERT,REPRESENTATIVE,R,CA,42,C000059,115
2337,Don,BACON,N/A,R,NE,N/A,B001298,115
2274,Stacey,PLASKETT,DELEGATE,D,VI,N/A,P000610,115
165,Ken,CALVERT,REPRESENTATIVE,R,CA,42,C000059,115
165,Ken,CALVERT,REPRESENTATIVE,R,CA,42,C000059,115
2253,Tom,EMMER,REPRESENTATIVE,R,MN,6,E000294,115
165,Ken,CALVERT,REPRESENTATIVE,R,CA,42,C000059,115
2253,Tom,EMMER,REPRESENTATIVE,R,MN,6,E000294,115
2169,Derek,KILMER,REPRESENTATIVE,D,WA,6,K000381,115
165,Ken,CALVERT,REPRESENTATIVE,R,CA,42,C000059,115
1930,Erik,PAULSEN,REPRESENTATIVE,R,MN,3,P000594,115
165,Ken,CALVERT,REPRESENTATIVE,R,CA,42,C000059,115
165,Ken,CALVERT,REPRESENTATIVE,R,CA,42,C000059,115
2070,H.,GRIFFITH,REPRESENTATIVE,R,VA,9,G000568,115
2070,H.,GRIFFITH,REPRESENTATIVE,R,VA,9,G000568,115
2070,H.,GRIFFITH,REPRESENTATIVE,R,VA,9,G000568,115
2070,H.,GRIFFITH,REPRESENTATIVE,R,VA,9,G000568,115
165,Ken,CALVERT,REPRESENTATIVE,R,CA,42,C000059,115
2070,H.,GRIFFITH,REPRESENTATIVE,R,VA,9,G000568,115
165,Ken,CALVERT,REPRESENTATIVE,R,CA,42,C000059,115
165,Ken,CALVERT,REPRESENTATIVE,R,CA,42,C000059,115
165,Ken,CALVERT,REPRESENTATIVE,R,CA,42,C000059,115
2026,Andy,HARRIS,REPRESENTATIVE,R,MD,1,H001052,115
165,Ken,CALVERT,REPRESENTATIVE,R,CA,42,C000059,115
165,Ken,CALVERT,REPRESENTATIVE,R,CA,42,C000059,115
1708,Raul,GRIJALVA,REPRESENTATIVE,D,AZ,3,G000551,115
1708,Raul,GRIJALVA,REPRESENTATIVE,D,AZ,3,G000551,115
165,Ken,CALVERT,REPRESENTATIVE,R,CA,42,C000059,115
165,Ken,CALVERT,REPRESENTATIVE,R,CA,42,C000059,115
1708,Raul,GRIJALVA,REPRESENTATIVE,D,AZ,3,G000551,115
1708,Raul,GRIJALVA,REPRESENTATIVE,D,AZ,3,G000551,115
165,Ken,CALVERT,REPRESENTATIVE,R,CA,42,C000059,115
1708,Raul,GRIJALVA,REPRESENTATIVE,D,AZ,3,G000551,115
165,Ken,CALVERT,REPRESENTATIVE,R,CA,42,C000059,115
165,Ken,CALVERT,REPRESENTATIVE,R,CA,42,C000059,115
165,Ken,CALVERT,REPRESENTATIVE,R,CA,42,C000059,115
165,Ken,CALVERT,REPRESENTATIVE,R,CA,42,C000059,115
165,Ken,CALVERT,REPRESENTATIVE,R,CA,42,C000059,115
1936,Leonard,LANCE,REPRESENTATIVE,R,NJ,7,L000567,115
165,Ken,CALVERT,REPRESENTATIVE,R,CA,42,C000059,115
1069,Louise,SLAUGHTER,REPRESENTATIVE,D,NY,25,S000480,115
1668,James,LANGEVIN,REPRESENTATIVE,D,RI,2,L000559,115
1668,James,LANGEVIN,REPRESENTATIVE,D,RI,2,L000559,115
165,Ken,CALVERT,REPRESENTATIVE,R,CA,42,C000059,115
165,Ken,CALVERT,REPRESENTATIVE,R,CA,42,C000059,115
1668,James,LANGEVIN,REPRESENTATIVE,D,RI,2,L000559,115
165,Ken,CALVERT,REPRESENTATIVE,R,CA,42,C000059,115
1668,James,LANGEVIN,REPRESENTATIVE,D,RI,2,L000559,115
2015,Randy,HULTGREN,REPRESENTATIVE,R,IL,14,H001059,115
99,Earl,BLUMENAUER,REPRESENTATIVE,D,OR,3,B000574,115
2309,Jimmy,PANETTA,N/A,D,CA,N/A,P000613,115
1383,Patrick,LEAHY,SENATOR,D,VT,N/A,L000174,115
2176,Tim,KAINE,SENATOR,D,VA,N/A,K000384,115
1567,Tom,UDALL,SENATOR,D,NM,N/A,U000039,115
2080,Mike,LEE,REPRESENTATIVE,R,UT,13,L000577,115
2321,Charlie,CRIST,N/A,D,FL,N/A,C001111,115
979,Dana,ROHRABACHER,REPRESENTATIVE,R,CA,48,R000409,115
1955,Pete,OLSON,REPRESENTATIVE,R,TX,22,O000168,115
2134,Daniel,KILDEE,REPRESENTATIVE,D,MI,5,K000380,115
2021,Kevin,YODER,REPRESENTATIVE,R,KS,3,Y000063,115
2128,Jackie,WALORSKI,REPRESENTATIVE,R,IN,2,W000813,115
1929,Gary,PETERS,REPRESENTATIVE,D,MI,52,P000595,115
1692,John,CORNYN,SENATOR,R,TX,N/A,C001056,115
1036,Charles,SCHUMER,SENATOR,D,NY,N/A,S000148,115
2307,Andy,BIGGS,N/A,R,AZ,N/A,B001302,115
2307,Andy,BIGGS,N/A,R,AZ,N/A,B001302,115
2307,Andy,BIGGS,N/A,R,AZ,N/A,B001302,115
165,Ken,CALVERT,REPRESENTATIVE,R,CA,42,C000059,115
2307,Andy,BIGGS,N/A,R,AZ,N/A,B001302,115
2307,Andy,BIGGS,N/A,R,AZ,N/A,B001302,115
2264,John,KATKO,REPRESENTATIVE,R,NY,24,K000386,115
2264,John,KATKO,REPRESENTATIVE,R,NY,24,K000386,115
2264,John,KATKO,REPRESENTATIVE,R,NY,24,K000386,115
165,Ken,CALVERT,REPRESENTATIVE,R,CA,42,C000059,115
2264,John,KATKO,REPRESENTATIVE,R,NY,24,K000386,115
165,Ken,CALVERT,REPRESENTATIVE,R,CA,42,C000059,115
165,Ken,CALVERT,REPRESENTATIVE,R,CA,42,C000059,115
2272,Donald,BEYER,REPRESENTATIVE,D,VA,8,B001292,115
2272,Donald,BEYER,REPRESENTATIVE,D,VA,8,B001292,115
165,Ken,CALVERT,REPRESENTATIVE,R,CA,42,C000059,115
165,Ken,CALVERT,REPRESENTATIVE,R,CA,42,C000059,115
2272,Donald,BEYER,REPRESENTATIVE,D,VA,8,B001292,115
165,Ken,CALVERT,REPRESENTATIVE,R,CA,42,C000059,115
2272,Donald,BEYER,REPRESENTATIVE,D,VA,8,B001292,115
2272,Donald,BEYER,REPRESENTATIVE,D,VA,8,B001292,115
2272,Donald,BEYER,REPRESENTATIVE,D,VA,8,B001292,115
2272,Donald,BEYER,REPRESENTATIVE,D,VA,8,B001292,115
165,Ken,CALVERT,REPRESENTATIVE,R,CA,42,C000059,115
165,Ken,CALVERT,REPRESENTATIVE,R,CA,42,C000059,115
2272,Donald,BEYER,REPRESENTATIVE,D,VA,8,B001292,115
2272,Donald,BEYER,REPRESENTATIVE,D,VA,8,B001292,115
165,Ken,CALVERT,REPRESENTATIVE,R,CA,42,C000059,115
1857,Keith,ELLISON,REPRESENTATIVE,D,MN,5,E000288,115
1857,Keith,ELLISON,REPRESENTATIVE,D,MN,5,E000288,115
165,Ken,CALVERT,REPRESENTATIVE,R,CA,42,C000059,115
165,Ken,CALVERT,REPRESENTATIVE,R,CA,42,C000059,115
1857,Keith,ELLISON,REPRESENTATIVE,D,MN,5,E000288,115
1781,Daniel,LIPINSKI,REPRESENTATIVE,D,IL,3,L000563,115
165,Ken,CALVERT,REPRESENTATIVE,R,CA,42,C000059,115
1857,Keith,ELLISON,REPRESENTATIVE,D,MN,5,E000288,115
1857,Keith,ELLISON,REPRESENTATIVE,D,MN,5,E000288,115
165,Ken,CALVERT,REPRESENTATIVE,R,CA,42,C000059,115
1857,Keith,ELLISON,REPRESENTATIVE,D,MN,5,E000288,115
2111,Alan,LOWENTHAL,REPRESENTATIVE,D,CA,47,L000579,115
2111,Alan,LOWENTHAL,REPRESENTATIVE,D,CA,47,L000579,115
165,Ken,CALVERT,REPRESENTATIVE,R,CA,42,C000059,115
165,Ken,CALVERT,REPRESENTATIVE,R,CA,42,C000059,115
2111,Alan,LOWENTHAL,REPRESENTATIVE,D,CA,47,L000579,115
165,Ken,CALVERT,REPRESENTATIVE,R,CA,42,C000059,115
2111,Alan,LOWENTHAL,REPRESENTATIVE,D,CA,47,L000579,115
2033,Billy,LONG,REPRESENTATIVE,R,MO,7,L000576,115
2033,Billy,LONG,REPRESENTATIVE,R,MO,7,L000576,115
2033,Billy,LONG,REPRESENTATIVE,R,MO,7,L000576,115
165,Ken,CALVERT,REPRESENTATIVE,R,CA,42,C000059,115
2033,Billy,LONG,REPRESENTATIVE,R,MO,7,L000576,115
2233,Ken,BUCK,REPRESENTATIVE,R,CO,4,B001297,115
2233,Ken,BUCK,REPRESENTATIVE,R,CO,4,B001297,115
2233,Ken,BUCK,REPRESENTATIVE,R,CO,4,B001297,115
165,Ken,CALVERT,REPRESENTATIVE,R,CA,42,C000059,115
2233,Ken,BUCK,REPRESENTATIVE,R,CO,4,B001297,115
2354,Pramila,JAYAPAL,N/A,D,WA,N/A,J000298,115
2354,Pramila,JAYAPAL,N/A,D,WA,N/A,J000298,115
165,Ken,CALVERT,REPRESENTATIVE,R,CA,42,C000059,115
2354,Pramila,JAYAPAL,N/A,D,WA,N/A,J000298,115
2354,Pramila,JAYAPAL,N/A,D,WA,N/A,J000298,115
2354,Pramila,JAYAPAL,N/A,D,WA,N/A,J000298,115
2354,Pramila,JAYAPAL,N/A,D,WA,N/A,J000298,115
2354,Pramila,JAYAPAL,N/A,D,WA,N/A,J000298,115
1590,Michael,SIMPSON,REPRESENTATIVE,R,ID,2,S001148,115
2224,Bruce,WESTERMAN,REPRESENTATIVE,R,AR,4,W000821,115
2224,Bruce,WESTERMAN,REPRESENTATIVE,R,AR,4,W000821,115
2224,Bruce,WESTERMAN,REPRESENTATIVE,R,AR,4,W000821,115
165,Ken,CALVERT,REPRESENTATIVE,R,CA,42,C000059,115
2224,Bruce,WESTERMAN,REPRESENTATIVE,R,AR,4,W000821,115
446,Bob,GOODLATTE,REPRESENTATIVE,R,VA,6,G000289,115
446,Bob,GOODLATTE,REPRESENTATIVE,R,VA,6,G000289,115
446,Bob,GOODLATTE,REPRESENTATIVE,R,VA,6,G000289,115
165,Ken,CALVERT,REPRESENTATIVE,R,CA,42,C000059,115
446,Bob,GOODLATTE,REPRESENTATIVE,R,VA,6,G000289,115
446,Bob,GOODLATTE,REPRESENTATIVE,R,VA,6,G000289,115
446,Bob,GOODLATTE,REPRESENTATIVE,R,VA,6,G000289,115
446,Bob,GOODLATTE,REPRESENTATIVE,R,VA,6,G000289,115
1012,Mark,SANFORD,REPRESENTATIVE,R,SC,2,S000051,115
1012,Mark,SANFORD,REPRESENTATIVE,R,SC,2,S000051,115
1012,Mark,SANFORD,REPRESENTATIVE,R,SC,2,S000051,115
1012,Mark,SANFORD,REPRESENTATIVE,R,SC,2,S000051,115
2272,Donald,BEYER,REPRESENTATIVE,D,VA,8,B001292,115
165,Ken,CALVERT,REPRESENTATIVE,R,CA,42,C000059,115
165,Ken,CALVERT,REPRESENTATIVE,R,CA,42,C000059,115
1012,Mark,SANFORD,REPRESENTATIVE,R,SC,2,S000051,115
1012,Mark,SANFORD,REPRESENTATIVE,R,SC,2,S000051,115
2272,Donald,BEYER,REPRESENTATIVE,D,VA,8,B001292,115
1012,Mark,SANFORD,REPRESENTATIVE,R,SC,2,S000051,115
165,Ken,CALVERT,REPRESENTATIVE,R,CA,42,C000059,115
1036,Charles,SCHUMER,SENATOR,D,NY,N/A,S000148,115
2320,Val,DEMINGS,N/A,D,FL,N/A,D000627,115
2032,Vicky,HARTZLER,REPRESENTATIVE,R,MO,4,H001053,115
1855,Tim,WALBERG,REPRESENTATIVE,R,MI,7,W000798,115
1247,Ron,WYDEN,SENATOR,D,OR,N/A,W000779,115
1036,Charles,SCHUMER,SENATOR,D,NY,N/A,S000148,115
1998,Cory,GARDNER,N/A,R,CO,N/A,G000562,115
1998,Cory,GARDNER,N/A,R,CO,N/A,G000562,115
2008,Rob,WOODALL,REPRESENTATIVE,R,GA,7,W000810,115
2008,Rob,WOODALL,REPRESENTATIVE,R,GA,7,W000810,115
2008,Rob,WOODALL,REPRESENTATIVE,R,GA,7,W000810,115
2008,Rob,WOODALL,REPRESENTATIVE,R,GA,7,W000810,115
1069,Louise,SLAUGHTER,REPRESENTATIVE,D,NY,25,S000480,115
2008,Rob,WOODALL,REPRESENTATIVE,R,GA,7,W000810,115
1069,Louise,SLAUGHTER,REPRESENTATIVE,D,NY,25,S000480,115
2339,Jacky,ROSEN,N/A,D,NV,N/A,R000608,115
2008,Rob,WOODALL,REPRESENTATIVE,R,GA,7,W000810,115
979,Dana,ROHRABACHER,REPRESENTATIVE,R,CA,48,R000409,115
2008,Rob,WOODALL,REPRESENTATIVE,R,GA,7,W000810,115
979,Dana,ROHRABACHER,REPRESENTATIVE,R,CA,48,R000409,115
1069,Louise,SLAUGHTER,REPRESENTATIVE,D,NY,25,S000480,115
1069,Louise,SLAUGHTER,REPRESENTATIVE,D,NY,25,S000480,115
2310,Salud,CARBAJAL,N/A,D,CA,N/A,C001112,115
2008,Rob,WOODALL,REPRESENTATIVE,R,GA,7,W000810,115
1986,Martha,ROBY,REPRESENTATIVE,R,AL,2,R000591,115
1069,Louise,SLAUGHTER,REPRESENTATIVE,D,NY,25,S000480,115
1501,Barbara,LEE,REPRESENTATIVE,D,CA,13,L000551,115
1069,Louise,SLAUGHTER,REPRESENTATIVE,D,NY,25,S000480,115
1069,Louise,SLAUGHTER,REPRESENTATIVE,D,NY,25,S000480,115
1501,Barbara,LEE,REPRESENTATIVE,D,CA,13,L000551,115
2008,Rob,WOODALL,REPRESENTATIVE,R,GA,7,W000810,115
1069,Louise,SLAUGHTER,REPRESENTATIVE,D,NY,25,S000480,115
2008,Rob,WOODALL,REPRESENTATIVE,R,GA,7,W000810,115
1069,Louise,SLAUGHTER,REPRESENTATIVE,D,NY,25,S000480,115
1069,Louise,SLAUGHTER,REPRESENTATIVE,D,NY,25,S000480,115
2008,Rob,WOODALL,REPRESENTATIVE,R,GA,7,W000810,115
1069,Louise,SLAUGHTER,REPRESENTATIVE,D,NY,25,S000480,115
2023,Cedric,RICHMOND,REPRESENTATIVE,D,LA,2,R000588,115
2008,Rob,WOODALL,REPRESENTATIVE,R,GA,7,W000810,115
1069,Louise,SLAUGHTER,REPRESENTATIVE,D,NY,25,S000480,115
2008,Rob,WOODALL,REPRESENTATIVE,R,GA,7,W000810,115
2008,Rob,WOODALL,REPRESENTATIVE,R,GA,7,W000810,115
1069,Louise,SLAUGHTER,REPRESENTATIVE,D,NY,25,S000480,115
2008,Rob,WOODALL,REPRESENTATIVE,R,GA,7,W000810,115
1069,Louise,SLAUGHTER,REPRESENTATIVE,D,NY,25,S000480,115
2008,Rob,WOODALL,REPRESENTATIVE,R,GA,7,W000810,115
2008,Rob,WOODALL,REPRESENTATIVE,R,GA,7,W000810,115
1069,Louise,SLAUGHTER,REPRESENTATIVE,D,NY,25,S000480,115
1069,Louise,SLAUGHTER,REPRESENTATIVE,D,NY,25,S000480,115
1959,Gerald,CONNOLLY,REPRESENTATIVE,D,VA,11,C001078,115
2084,Marco,RUBIO,SENATOR,R,FL,N/A,R000595,115
2310,Salud,CARBAJAL,N/A,D,CA,N/A,C001112,115
2310,Salud,CARBAJAL,N/A,D,CA,N/A,C001112,115
165,Ken,CALVERT,REPRESENTATIVE,R,CA,42,C000059,115
165,Ken,CALVERT,REPRESENTATIVE,R,CA,42,C000059,115
2310,Salud,CARBAJAL,N/A,D,CA,N/A,C001112,115
165,Ken,CALVERT,REPRESENTATIVE,R,CA,42,C000059,115
2310,Salud,CARBAJAL,N/A,D,CA,N/A,C001112,115
2157,Scott,PERRY,REPRESENTATIVE,R,PA,4,P000605,115
2157,Scott,PERRY,REPRESENTATIVE,R,PA,4,P000605,115
2157,Scott,PERRY,REPRESENTATIVE,R,PA,4,P000605,115
2157,Scott,PERRY,REPRESENTATIVE,R,PA,4,P000605,115
165,Ken,CALVERT,REPRESENTATIVE,R,CA,42,C000059,115
2157,Scott,PERRY,REPRESENTATIVE,R,PA,4,P000605,115
1738,Stevan,PEARCE,REPRESENTATIVE,R,NM,2,P000588,115
1738,Stevan,PEARCE,REPRESENTATIVE,R,NM,2,P000588,115
1738,Stevan,PEARCE,REPRESENTATIVE,R,NM,2,P000588,115
165,Ken,CALVERT,REPRESENTATIVE,R,CA,42,C000059,115
1738,Stevan,PEARCE,REPRESENTATIVE,R,NM,2,P000588,115
2224,Bruce,WESTERMAN,REPRESENTATIVE,R,AR,4,W000821,115
1738,Stevan,PEARCE,REPRESENTATIVE,R,NM,2,P000588,115
1738,Stevan,PEARCE,REPRESENTATIVE,R,NM,2,P000588,115
1738,Stevan,PEARCE,REPRESENTATIVE,R,NM,2,P000588,115
1738,Stevan,PEARCE,REPRESENTATIVE,R,NM,2,P000588,115
165,Ken,CALVERT,REPRESENTATIVE,R,CA,42,C000059,115
1738,Stevan,PEARCE,REPRESENTATIVE,R,NM,2,P000588,115
1992,Paul,GOSAR,REPRESENTATIVE,R,AZ,4,G000565,115
165,Ken,CALVERT,REPRESENTATIVE,R,CA,42,C000059,115
2276,Glenn,GROTHMAN,REPRESENTATIVE,R,WI,6,G000576,115
2276,Glenn,GROTHMAN,REPRESENTATIVE,R,WI,6,G000576,115
165,Ken,CALVERT,REPRESENTATIVE,R,CA,42,C000059,115
165,Ken,CALVERT,REPRESENTATIVE,R,CA,42,C000059,115
1834,Doug,LAMBORN,REPRESENTATIVE,R,CO,5,L000564,115
1834,Doug,LAMBORN,REPRESENTATIVE,R,CO,5,L000564,115
1834,Doug,LAMBORN,REPRESENTATIVE,R,CO,5,L000564,115
165,Ken,CALVERT,REPRESENTATIVE,R,CA,42,C000059,115
1834,Doug,LAMBORN,REPRESENTATIVE,R,CO,5,L000564,115
1834,Doug,LAMBORN,REPRESENTATIVE,R,CO,5,L000564,115
1834,Doug,LAMBORN,REPRESENTATIVE,R,CO,5,L000564,115
1834,Doug,LAMBORN,REPRESENTATIVE,R,CO,5,L000564,115
165,Ken,CALVERT,REPRESENTATIVE,R,CA,42,C000059,115
1834,Doug,LAMBORN,REPRESENTATIVE,R,CO,5,L000564,115
165,Ken,CALVERT,REPRESENTATIVE,R,CA,42,C000059,115
2080,Mike,LEE,REPRESENTATIVE,R,UT,13,L000577,115
1826,Amy,KLOBUCHAR,SENATOR,D,MN,N/A,K000367,115
1826,Amy,KLOBUCHAR,SENATOR,D,MN,N/A,K000367,115
2286,David,PERDUE,SENATOR,R,GA,N/A,P000612,115
1542,Michael,ENZI,SENATOR,R,WY,N/A,E000285,115
1998,Cory,GARDNER,N/A,R,CO,N/A,G000562,115
1998,Cory,GARDNER,N/A,R,CO,N/A,G000562,115
1998,Cory,GARDNER,N/A,R,CO,N/A,G000562,115
1998,Cory,GARDNER,N/A,R,CO,N/A,G000562,115
1998,Cory,GARDNER,N/A,R,CO,N/A,G000562,115
1998,Cory,GARDNER,N/A,R,CO,N/A,G000562,115
1633,Jeff,FLAKE,SENATOR,R,AZ,N/A,F000444,115
1351,Orrin,HATCH,SENATOR,R,UT,N/A,H000338,115
2286,David,PERDUE,SENATOR,R,GA,N/A,P000612,115
924,Rob,PORTMAN,SENATOR,R,OH,N/A,P000449,115
2324,A.,FERGUSON,N/A,R,GA,N/A,F000465,115
1748,Marsha,BLACKBURN,REPRESENTATIVE,R,TN,7,B001243,115
1748,Marsha,BLACKBURN,REPRESENTATIVE,R,TN,7,B001243,115
165,Ken,CALVERT,REPRESENTATIVE,R,CA,42,C000059,115
165,Ken,CALVERT,REPRESENTATIVE,R,CA,42,C000059,115
1748,Marsha,BLACKBURN,REPRESENTATIVE,R,TN,7,B001243,115
165,Ken,CALVERT,REPRESENTATIVE,R,CA,42,C000059,115
165,Ken,CALVERT,REPRESENTATIVE,R,CA,42,C000059,115
1748,Marsha,BLACKBURN,REPRESENTATIVE,R,TN,7,B001243,115
2221,Gary,PALMER,REPRESENTATIVE,R,AL,6,P000609,115
2221,Gary,PALMER,REPRESENTATIVE,R,AL,6,P000609,115
165,Ken,CALVERT,REPRESENTATIVE,R,CA,42,C000059,115
165,Ken,CALVERT,REPRESENTATIVE,R,CA,42,C000059,115
2221,Gary,PALMER,REPRESENTATIVE,R,AL,6,P000609,115
165,Ken,CALVERT,REPRESENTATIVE,R,CA,42,C000059,115
2221,Gary,PALMER,REPRESENTATIVE,R,AL,6,P000609,115
165,Ken,CALVERT,REPRESENTATIVE,R,CA,42,C000059,115
165,Ken,CALVERT,REPRESENTATIVE,R,CA,42,C000059,115
1998,Cory,GARDNER,N/A,R,CO,N/A,G000562,115
1998,Cory,GARDNER,N/A,R,CO,N/A,G000562,115
791,Robert,MENENDEZ,SENATOR,D,NJ,N/A,M000639,115
924,Rob,PORTMAN,SENATOR,R,OH,N/A,P000449,115
511,Alcee,HASTINGS,REPRESENTATIVE,D,FL,20,H000324,115
511,Alcee,HASTINGS,REPRESENTATIVE,D,FL,20,H000324,115
566,Steny,HOYER,REPRESENTATIVE,D,MD,5,H000874,115
566,Steny,HOYER,REPRESENTATIVE,D,MD,5,H000874,115
566,Steny,HOYER,REPRESENTATIVE,D,MD,5,H000874,115
1998,Cory,GARDNER,N/A,R,CO,N/A,G000562,115
1998,Cory,GARDNER,N/A,R,CO,N/A,G000562,115
1501,Barbara,LEE,REPRESENTATIVE,D,CA,13,L000551,115
2319,Darren,SOTO,N/A,D,FL,N/A,S001200,115
1791,Virginia,FOXX,REPRESENTATIVE,R,NC,5,F000450,115
2029,Justin,AMASH,REPRESENTATIVE,R,MI,3,A000367,115
2166,Marc,VEASEY,REPRESENTATIVE,D,TX,33,V000131,115
2334,Paul,MITCHELL,N/A,R,MI,N/A,M001201,115
709,Nita,LOWEY,REPRESENTATIVE,D,NY,17,L000480,115
2124,Bradley,SCHNEIDER,N/A,D,IL,N/A,S001190,115
2105,David,VALADAO,REPRESENTATIVE,R,CA,21,V000129,115
709,Nita,LOWEY,REPRESENTATIVE,D,NY,17,L000480,115
2231,Norma,TORRES,REPRESENTATIVE,D,CA,35,T000474,115
709,Nita,LOWEY,REPRESENTATIVE,D,NY,17,L000480,115
2158,Keith,ROTHFUS,REPRESENTATIVE,R,PA,12,R000598,115
2158,Keith,ROTHFUS,REPRESENTATIVE,R,PA,12,R000598,115
1854,John,SARBANES,REPRESENTATIVE,D,MD,3,S001168,115
1854,John,SARBANES,REPRESENTATIVE,D,MD,3,S001168,115
2158,Keith,ROTHFUS,REPRESENTATIVE,R,PA,12,R000598,115
1854,John,SARBANES,REPRESENTATIVE,D,MD,3,S001168,115
709,Nita,LOWEY,REPRESENTATIVE,D,NY,17,L000480,115
1854,John,SARBANES,REPRESENTATIVE,D,MD,3,S001168,115
2158,Keith,ROTHFUS,REPRESENTATIVE,R,PA,12,R000598,115
709,Nita,LOWEY,REPRESENTATIVE,D,NY,17,L000480,115
344,Eliot,ENGEL,REPRESENTATIVE,D,NY,16,E000179,115
344,Eliot,ENGEL,REPRESENTATIVE,D,NY,16,E000179,115
709,Nita,LOWEY,REPRESENTATIVE,D,NY,17,L000480,115
344,Eliot,ENGEL,REPRESENTATIVE,D,NY,16,E000179,115
709,Nita,LOWEY,REPRESENTATIVE,D,NY,17,L000480,115
709,Nita,LOWEY,REPRESENTATIVE,D,NY,17,L000480,115
709,Nita,LOWEY,REPRESENTATIVE,D,NY,17,L000480,115
1501,Barbara,LEE,REPRESENTATIVE,D,CA,13,L000551,115
709,Nita,LOWEY,REPRESENTATIVE,D,NY,17,L000480,115
1996,Karen,BASS,REPRESENTATIVE,D,CA,37,B001270,115
1929,Gary,PETERS,REPRESENTATIVE,D,MI,52,P000595,115
174,Benjamin,CARDIN,SENATOR,D,MD,N/A,C000141,115
1929,Gary,PETERS,REPRESENTATIVE,D,MI,52,P000595,115
1791,Virginia,FOXX,REPRESENTATIVE,R,NC,5,F000450,115
1791,Virginia,FOXX,REPRESENTATIVE,R,NC,5,F000450,115
1791,Virginia,FOXX,REPRESENTATIVE,R,NC,5,F000450,115
2229,Pete,AGUILAR,REPRESENTATIVE,D,CA,31,A000371,115
1723,Madeleine,BORDALLO,DELEGATE,D,GU,N/A,B001245,115
1723,Madeleine,BORDALLO,DELEGATE,D,GU,N/A,B001245,115
2113,Scott,PETERS,REPRESENTATIVE,D,CA,52,P000608,115
2286,David,PERDUE,SENATOR,R,GA,N/A,P000612,115
1850,Joe,DONNELLY,SENATOR,D,IN,N/A,D000607,115
1351,Orrin,HATCH,SENATOR,R,UT,N/A,H000338,115
1828,Robert,CASEY,SENATOR,D,PA,N/A,C001070,115
2082,Rand,PAUL,REPRESENTATIVE,R,KY,4,P000603,115
2289,Ben,SASSE,SENATOR,R,NE,N/A,S001197,115
1692,John,CORNYN,SENATOR,R,TX,N/A,C001056,115
326,Richard,DURBIN,SENATOR,D,IL,N/A,D000563,115
1692,John,CORNYN,SENATOR,R,TX,N/A,C001056,115
326,Richard,DURBIN,SENATOR,D,IL,N/A,D000563,115
1534,John,THUNE,SENATOR,R,SD,N/A,T000250,115
1900,Jeff,MERKLEY,SENATOR,D,OR,N/A,M001176,115
1383,Patrick,LEAHY,SENATOR,D,VT,N/A,L000174,115
1383,Patrick,LEAHY,SENATOR,D,VT,N/A,L000174,115
1900,Jeff,MERKLEY,SENATOR,D,OR,N/A,M001176,115
1900,Jeff,MERKLEY,SENATOR,D,OR,N/A,M001176,115
1383,Patrick,LEAHY,SENATOR,D,VT,N/A,L000174,115
1692,John,CORNYN,SENATOR,R,TX,N/A,C001056,115
326,Richard,DURBIN,SENATOR,D,IL,N/A,D000563,115
2056,Tim,SCOTT,REPRESENTATIVE,R,SC,52,S001184,115
1692,John,CORNYN,SENATOR,R,TX,N/A,C001056,115
326,Richard,DURBIN,SENATOR,D,IL,N/A,D000563,115
