speaker_id,first_name,last_name,type,party,state,district,bio_guide_id,congress_id
1901,Jeanne,SHAHEEN,SENATOR,D,NH,N/A,S001181,115
2302,Margaret,HASSAN,N/A,D,NH,N/A,H001076,115
1351,Orrin,HATCH,SENATOR,R,UT,N/A,H000338,115
2328,Roger,MARSHALL,N/A,R,KS,N/A,M001198,115
1692,John,CORNYN,SENATOR,R,TX,N/A,C001056,115
1825,Bob,CORKER,SENATOR,R,TN,N/A,C001071,115
1692,John,CORNYN,SENATOR,R,TX,N/A,C001056,115
1695,Lamar,ALEXANDER,SENATOR,R,TN,N/A,A000360,115
1692,John,CORNYN,SENATOR,R,TX,N/A,C001056,115
326,Richard,DURBIN,SENATOR,D,IL,N/A,D000563,115
2138,Steve,DAINES,SENATOR,R,MT,N/A,D000618,115
1608,Johnny,ISAKSON,SENATOR,R,GA,N/A,I000055,115
1332,Dianne,FEINSTEIN,SENATOR,D,CA,N/A,F000062,115
2221,Gary,PALMER,REPRESENTATIVE,R,AL,6,P000609,115
2221,Gary,PALMER,REPRESENTATIVE,R,AL,6,P000609,115
2221,Gary,PALMER,REPRESENTATIVE,R,AL,6,P000609,115
1654,Wm.,CLAY,REPRESENTATIVE,D,MO,1,C001049,115
1807,Henry,CUELLAR,REPRESENTATIVE,D,TX,28,C001063,115
1654,Wm.,CLAY,REPRESENTATIVE,D,MO,1,C001049,115
2221,Gary,PALMER,REPRESENTATIVE,R,AL,6,P000609,115
1695,Lamar,ALEXANDER,SENATOR,R,TN,N/A,A000360,115
1695,Lamar,ALEXANDER,SENATOR,R,TN,N/A,A000360,115
1828,Robert,CASEY,SENATOR,D,PA,N/A,C001070,115
1828,Robert,CASEY,SENATOR,D,PA,N/A,C001070,115
2298,Dwight,EVANS,N/A,D,PA,N/A,E000296,115
2298,Dwight,EVANS,N/A,D,PA,N/A,E000296,115
1501,Barbara,LEE,REPRESENTATIVE,D,CA,13,L000551,115
1501,Barbara,LEE,REPRESENTATIVE,D,CA,13,L000551,115
2298,Dwight,EVANS,N/A,D,PA,N/A,E000296,115
1501,Barbara,LEE,REPRESENTATIVE,D,CA,13,L000551,115
2298,Dwight,EVANS,N/A,D,PA,N/A,E000296,115
1501,Barbara,LEE,REPRESENTATIVE,D,CA,13,L000551,115
2298,Dwight,EVANS,N/A,D,PA,N/A,E000296,115
1857,Keith,ELLISON,REPRESENTATIVE,D,MN,5,E000288,115
2298,Dwight,EVANS,N/A,D,PA,N/A,E000296,115
2298,Dwight,EVANS,N/A,D,PA,N/A,E000296,115
1857,Keith,ELLISON,REPRESENTATIVE,D,MN,5,E000288,115
2298,Dwight,EVANS,N/A,D,PA,N/A,E000296,115
2097,Donald,PAYNE,REPRESENTATIVE,D,NJ,10,P000604,115
2298,Dwight,EVANS,N/A,D,PA,N/A,E000296,115
2097,Donald,PAYNE,REPRESENTATIVE,D,NJ,10,P000604,115
2298,Dwight,EVANS,N/A,D,PA,N/A,E000296,115
2298,Dwight,EVANS,N/A,D,PA,N/A,E000296,115
2345,Brian,FITZPATRICK,REPRESENTATIVE,R,PA,8,F000466,115
250,Mike,CRAPO,SENATOR,R,ID,N/A,C000880,115
2221,Gary,PALMER,REPRESENTATIVE,R,AL,6,P000609,115
2221,Gary,PALMER,REPRESENTATIVE,R,AL,6,P000609,115
2221,Gary,PALMER,REPRESENTATIVE,R,AL,6,P000609,115
1654,Wm.,CLAY,REPRESENTATIVE,D,MO,1,C001049,115
2127,Cheri,BUSTOS,REPRESENTATIVE,D,IL,17,B001286,115
1654,Wm.,CLAY,REPRESENTATIVE,D,MO,1,C001049,115
2221,Gary,PALMER,REPRESENTATIVE,R,AL,6,P000609,115
2221,Gary,PALMER,REPRESENTATIVE,R,AL,6,P000609,115
2221,Gary,PALMER,REPRESENTATIVE,R,AL,6,P000609,115
2221,Gary,PALMER,REPRESENTATIVE,R,AL,6,P000609,115
1654,Wm.,CLAY,REPRESENTATIVE,D,MO,1,C001049,115
2221,Gary,PALMER,REPRESENTATIVE,R,AL,6,P000609,115
1654,Wm.,CLAY,REPRESENTATIVE,D,MO,1,C001049,115
2221,Gary,PALMER,REPRESENTATIVE,R,AL,6,P000609,115
1825,Bob,CORKER,SENATOR,R,TN,N/A,C001071,115
174,Benjamin,CARDIN,SENATOR,D,MD,N/A,C000141,115
1791,Virginia,FOXX,REPRESENTATIVE,R,NC,5,F000450,115
1881,John,BARRASSO,SENATOR,R,WY,N/A,B001261,115
1692,John,CORNYN,SENATOR,R,TX,N/A,C001056,115
2223,J.,HILL,REPRESENTATIVE,R,AR,2,H001072,115
1942,Paul,TONKO,REPRESENTATIVE,D,NY,20,T000469,115
1226,Roger,WICKER,SENATOR,R,MS,N/A,W000437,115
1826,Amy,KLOBUCHAR,SENATOR,D,MN,N/A,K000367,115
2365,Tina,SMITH,REPRESENTATIVE,D,MN,8,S001203,115
1826,Amy,KLOBUCHAR,SENATOR,D,MN,N/A,K000367,115
1527,John,SHIMKUS,REPRESENTATIVE,R,IL,15,S000364,115
1596,Greg,WALDEN,REPRESENTATIVE,R,OR,2,W000791,115
1527,John,SHIMKUS,REPRESENTATIVE,R,IL,15,S000364,115
2061,Charles,FLEISCHMANN,REPRESENTATIVE,R,TN,3,F000459,115
1527,John,SHIMKUS,REPRESENTATIVE,R,IL,15,S000364,115
1527,John,SHIMKUS,REPRESENTATIVE,R,IL,15,S000364,115
1527,John,SHIMKUS,REPRESENTATIVE,R,IL,15,S000364,115
2310,Salud,CARBAJAL,N/A,D,CA,N/A,C001112,115
1527,John,SHIMKUS,REPRESENTATIVE,R,IL,15,S000364,115
2239,Rick,ALLEN,REPRESENTATIVE,R,GA,12,A000372,115
1527,John,SHIMKUS,REPRESENTATIVE,R,IL,15,S000364,115
1527,John,SHIMKUS,REPRESENTATIVE,R,IL,15,S000364,115
1527,John,SHIMKUS,REPRESENTATIVE,R,IL,15,S000364,115
1836,Joe,COURTNEY,REPRESENTATIVE,D,CT,2,C001069,115
1527,John,SHIMKUS,REPRESENTATIVE,R,IL,15,S000364,115
1836,Joe,COURTNEY,REPRESENTATIVE,D,CT,2,C001069,115
1527,John,SHIMKUS,REPRESENTATIVE,R,IL,15,S000364,115
1527,John,SHIMKUS,REPRESENTATIVE,R,IL,15,S000364,115
1527,John,SHIMKUS,REPRESENTATIVE,R,IL,15,S000364,115
1527,John,SHIMKUS,REPRESENTATIVE,R,IL,15,S000364,115
2325,Raja,KRISHNAMOORTHI,N/A,D,IL,N/A,K000391,115
2097,Donald,PAYNE,REPRESENTATIVE,D,NJ,10,P000604,115
1791,Virginia,FOXX,REPRESENTATIVE,R,NC,5,F000450,115
1930,Erik,PAULSEN,REPRESENTATIVE,R,MN,3,P000594,115
2221,Gary,PALMER,REPRESENTATIVE,R,AL,6,P000609,115
2221,Gary,PALMER,REPRESENTATIVE,R,AL,6,P000609,115
2221,Gary,PALMER,REPRESENTATIVE,R,AL,6,P000609,115
1654,Wm.,CLAY,REPRESENTATIVE,D,MO,1,C001049,115
2055,David,CICILLINE,REPRESENTATIVE,D,RI,1,C001084,115
2221,Gary,PALMER,REPRESENTATIVE,R,AL,6,P000609,115
1654,Wm.,CLAY,REPRESENTATIVE,D,MO,1,C001049,115
1668,James,LANGEVIN,REPRESENTATIVE,D,RI,2,L000559,115
1654,Wm.,CLAY,REPRESENTATIVE,D,MO,1,C001049,115
2221,Gary,PALMER,REPRESENTATIVE,R,AL,6,P000609,115
2221,Gary,PALMER,REPRESENTATIVE,R,AL,6,P000609,115
2221,Gary,PALMER,REPRESENTATIVE,R,AL,6,P000609,115
2221,Gary,PALMER,REPRESENTATIVE,R,AL,6,P000609,115
1654,Wm.,CLAY,REPRESENTATIVE,D,MO,1,C001049,115
2342,Adriano,ESPAILLAT,N/A,D,NY,N/A,E000297,115
2221,Gary,PALMER,REPRESENTATIVE,R,AL,6,P000609,115
1654,Wm.,CLAY,REPRESENTATIVE,D,MO,1,C001049,115
2221,Gary,PALMER,REPRESENTATIVE,R,AL,6,P000609,115
2221,Gary,PALMER,REPRESENTATIVE,R,AL,6,P000609,115
2221,Gary,PALMER,REPRESENTATIVE,R,AL,6,P000609,115
2221,Gary,PALMER,REPRESENTATIVE,R,AL,6,P000609,115
2221,Gary,PALMER,REPRESENTATIVE,R,AL,6,P000609,115
1654,Wm.,CLAY,REPRESENTATIVE,D,MO,1,C001049,115
2221,Gary,PALMER,REPRESENTATIVE,R,AL,6,P000609,115
1940,Dina,TITUS,REPRESENTATIVE,D,NV,1,T000468,115
735,Edward,MARKEY,SENATOR,D,MA,N/A,M000133,115
2197,Bradley,BYRNE,REPRESENTATIVE,R,AL,1,B001289,115
2221,Gary,PALMER,REPRESENTATIVE,R,AL,6,P000609,115
2221,Gary,PALMER,REPRESENTATIVE,R,AL,6,P000609,115
2221,Gary,PALMER,REPRESENTATIVE,R,AL,6,P000609,115
2353,Thomas,GARRETT,REPRESENTATIVE,R,VA,5,G000580,115
1654,Wm.,CLAY,REPRESENTATIVE,D,MO,1,C001049,115
2221,Gary,PALMER,REPRESENTATIVE,R,AL,6,P000609,115
2221,Gary,PALMER,REPRESENTATIVE,R,AL,6,P000609,115
326,Richard,DURBIN,SENATOR,D,IL,N/A,D000563,115
326,Richard,DURBIN,SENATOR,D,IL,N/A,D000563,115
1351,Orrin,HATCH,SENATOR,R,UT,N/A,H000338,115
1351,Orrin,HATCH,SENATOR,R,UT,N/A,H000338,115
1351,Orrin,HATCH,SENATOR,R,UT,N/A,H000338,115
1036,Charles,SCHUMER,SENATOR,D,NY,N/A,S000148,115
1692,John,CORNYN,SENATOR,R,TX,N/A,C001056,115
859,Bill,NELSON,SENATOR,D,FL,N/A,N000032,115
859,Bill,NELSON,SENATOR,D,FL,N/A,N000032,115
859,Bill,NELSON,SENATOR,D,FL,N/A,N000032,115
1608,Johnny,ISAKSON,SENATOR,R,GA,N/A,I000055,115
1823,Sheldon,WHITEHOUSE,SENATOR,D,RI,N/A,W000802,115
1692,John,CORNYN,SENATOR,R,TX,N/A,C001056,115
326,Richard,DURBIN,SENATOR,D,IL,N/A,D000563,115
2340,Ruben,KIHUEN,N/A,D,NV,N/A,K000390,115
250,Mike,CRAPO,SENATOR,R,ID,N/A,C000880,115
1828,Robert,CASEY,SENATOR,D,PA,N/A,C001070,115
2314,Matt,GAETZ,N/A,R,FL,N/A,G000578,115
1525,Pete,SESSIONS,SENATOR,R,TX,N/A,S000250,115
