speaker_id,first_name,last_name,type,party,state,district,bio_guide_id,congress_id
2124,Bradley,SCHNEIDER,N/A,D,IL,N/A,S001190,115
2336,Ted,BUDD,REPRESENTATIVE,R,NC,1,B001305,115
1036,Charles,SCHUMER,SENATOR,D,NY,N/A,S000148,115
2356,Liz,CHENEY,N/A,R,WY,N/A,C001109,115
2356,Liz,CHENEY,N/A,R,WY,N/A,C001109,115
2356,Liz,CHENEY,N/A,R,WY,N/A,C001109,115
2356,Liz,CHENEY,N/A,R,WY,N/A,C001109,115
2356,Liz,CHENEY,N/A,R,WY,N/A,C001109,115
1791,Virginia,FOXX,REPRESENTATIVE,R,NC,5,F000450,115
2172,Joseph,KENNEDY,REPRESENTATIVE,D,MA,4,K000379,115
2356,Liz,CHENEY,N/A,R,WY,N/A,C001109,115
1814,Doris,MATSUI,REPRESENTATIVE,D,CA,6,M001163,115
2356,Liz,CHENEY,N/A,R,WY,N/A,C001109,115
2063,Diane,BLACK,REPRESENTATIVE,R,TN,6,B001273,115
355,Anna,ESHOO,REPRESENTATIVE,D,CA,18,E000215,115
2356,Liz,CHENEY,N/A,R,WY,N/A,C001109,115
2134,Daniel,KILDEE,REPRESENTATIVE,D,MI,5,K000380,115
2356,Liz,CHENEY,N/A,R,WY,N/A,C001109,115
2270,Brian,BABIN,REPRESENTATIVE,R,TX,36,B001291,115
1757,Linda,SANCHEZ,REPRESENTATIVE,D,CA,38,S001156,115
2356,Liz,CHENEY,N/A,R,WY,N/A,C001109,115
2015,Randy,HULTGREN,REPRESENTATIVE,R,IL,14,H001059,115
2356,Liz,CHENEY,N/A,R,WY,N/A,C001109,115
2032,Vicky,HARTZLER,REPRESENTATIVE,R,MO,4,H001053,115
2092,Suzanne,BONAMICI,REPRESENTATIVE,D,OR,1,B001278,115
2356,Liz,CHENEY,N/A,R,WY,N/A,C001109,115
701,Zoe,LOFGREN,REPRESENTATIVE,D,CA,19,L000397,115
2356,Liz,CHENEY,N/A,R,WY,N/A,C001109,115
2158,Keith,ROTHFUS,REPRESENTATIVE,R,PA,12,R000598,115
2356,Liz,CHENEY,N/A,R,WY,N/A,C001109,115
868,Eleanor,NORTON,DELEGATE,D,DC,N/A,N000147,115
868,Eleanor,NORTON,DELEGATE,D,DC,N/A,N000147,115
2356,Liz,CHENEY,N/A,R,WY,N/A,C001109,115
1525,Pete,SESSIONS,SENATOR,R,TX,N/A,S000250,115
2309,Jimmy,PANETTA,N/A,D,CA,N/A,P000613,115
2356,Liz,CHENEY,N/A,R,WY,N/A,C001109,115
2338,Josh,GOTTHEIMER,N/A,D,NJ,N/A,G000583,115
2356,Liz,CHENEY,N/A,R,WY,N/A,C001109,115
2356,Liz,CHENEY,N/A,R,WY,N/A,C001109,115
2356,Liz,CHENEY,N/A,R,WY,N/A,C001109,115
2356,Liz,CHENEY,N/A,R,WY,N/A,C001109,115
1912,Mike,COFFMAN,REPRESENTATIVE,R,CO,6,C001077,115
2252,Brenda,LAWRENCE,REPRESENTATIVE,D,MI,14,L000581,115
1036,Charles,SCHUMER,SENATOR,D,NY,N/A,S000148,115
1925,Bill,CASSIDY,SENATOR,R,LA,N/A,C001075,115
1541,Susan,COLLINS,REPRESENTATIVE,R,ME,9,C001035,115
2144,Kevin,CRAMER,REPRESENTATIVE,R,ND,0,C001096,115
1791,Virginia,FOXX,REPRESENTATIVE,R,NC,5,F000450,115
2307,Andy,BIGGS,N/A,R,AZ,N/A,B001302,115
2028,Bill,HUIZENGA,REPRESENTATIVE,R,MI,2,H001058,115
1801,Louie,GOHMERT,REPRESENTATIVE,R,TX,1,G000552,115
2158,Keith,ROTHFUS,REPRESENTATIVE,R,PA,12,R000598,115
1855,Tim,WALBERG,REPRESENTATIVE,R,MI,7,W000798,115
1834,Doug,LAMBORN,REPRESENTATIVE,R,CO,5,L000564,115
2315,Neal,DUNN,N/A,R,FL,N/A,D000628,115
1507,Jerry,MORAN,SENATOR,R,KS,N/A,M000934,115
1507,Jerry,MORAN,SENATOR,R,KS,N/A,M000934,115
1692,John,CORNYN,SENATOR,R,TX,N/A,C001056,115
1897,Mark,WARNER,SENATOR,D,VA,N/A,W000805,115
153,Richard,BURR,SENATOR,R,NC,N/A,B001135,115
1383,Patrick,LEAHY,SENATOR,D,VT,N/A,L000174,115
1383,Patrick,LEAHY,SENATOR,D,VT,N/A,L000174,115
1247,Ron,WYDEN,SENATOR,D,OR,N/A,W000779,115
2098,Tom,COTTON,SENATOR,R,AR,N/A,C001095,115
1332,Dianne,FEINSTEIN,SENATOR,D,CA,N/A,F000062,115
968,Pat,ROBERTS,SENATOR,R,KS,N/A,R000307,115
1567,Tom,UDALL,SENATOR,D,NM,N/A,U000039,115
2084,Marco,RUBIO,SENATOR,R,FL,N/A,R000595,115
1829,Jon,TESTER,SENATOR,D,MT,N/A,T000464,115
1844,Mazie,HIRONO,SENATOR,D,HI,N/A,H001042,115
1829,Jon,TESTER,SENATOR,D,MT,N/A,T000464,115
1010,Bernard,SANDERS,SENATOR,I,VT,N/A,S000033,115
1010,Bernard,SANDERS,SENATOR,I,VT,N/A,S000033,115
2050,James,LANKFORD,SENATOR,R,OK,N/A,L000575,115
1937,Martin,HEINRICH,SENATOR,D,NM,N/A,H001046,115
1937,Martin,HEINRICH,SENATOR,D,NM,N/A,H001046,115
1247,Ron,WYDEN,SENATOR,D,OR,N/A,W000779,115
1247,Ron,WYDEN,SENATOR,D,OR,N/A,W000779,115
1247,Ron,WYDEN,SENATOR,D,OR,N/A,W000779,115
153,Richard,BURR,SENATOR,R,NC,N/A,B001135,115
326,Richard,DURBIN,SENATOR,D,IL,N/A,D000563,115
2021,Kevin,YODER,REPRESENTATIVE,R,KS,3,Y000063,115
344,Eliot,ENGEL,REPRESENTATIVE,D,NY,16,E000179,115
344,Eliot,ENGEL,REPRESENTATIVE,D,NY,16,E000179,115
1996,Karen,BASS,REPRESENTATIVE,D,CA,37,B001270,115
344,Eliot,ENGEL,REPRESENTATIVE,D,NY,16,E000179,115
1996,Karen,BASS,REPRESENTATIVE,D,CA,37,B001270,115
344,Eliot,ENGEL,REPRESENTATIVE,D,NY,16,E000179,115
2252,Brenda,LAWRENCE,REPRESENTATIVE,D,MI,14,L000581,115
2307,Andy,BIGGS,N/A,R,AZ,N/A,B001302,115
1525,Pete,SESSIONS,SENATOR,R,TX,N/A,S000250,115
2025,William,KEATING,REPRESENTATIVE,D,MA,9,K000375,115
1036,Charles,SCHUMER,SENATOR,D,NY,N/A,S000148,115
2325,Raja,KRISHNAMOORTHI,N/A,D,IL,N/A,K000391,115
616,Marcy,KAPTUR,REPRESENTATIVE,D,OH,8,K000009,115
1507,Jerry,MORAN,SENATOR,R,KS,N/A,M000934,115
1507,Jerry,MORAN,SENATOR,R,KS,N/A,M000934,115
1010,Bernard,SANDERS,SENATOR,I,VT,N/A,S000033,115
1036,Charles,SCHUMER,SENATOR,D,NY,N/A,S000148,115
1835,Ed,PERLMUTTER,REPRESENTATIVE,D,CO,7,P000593,115
2228,Stephen,KNIGHT,REPRESENTATIVE,R,CA,25,K000387,115
1835,Ed,PERLMUTTER,REPRESENTATIVE,D,CO,7,P000593,115
2015,Randy,HULTGREN,REPRESENTATIVE,R,IL,14,H001059,115
1835,Ed,PERLMUTTER,REPRESENTATIVE,D,CO,7,P000593,115
1835,Ed,PERLMUTTER,REPRESENTATIVE,D,CO,7,P000593,115
344,Eliot,ENGEL,REPRESENTATIVE,D,NY,16,E000179,115
344,Eliot,ENGEL,REPRESENTATIVE,D,NY,16,E000179,115
709,Nita,LOWEY,REPRESENTATIVE,D,NY,17,L000480,115
344,Eliot,ENGEL,REPRESENTATIVE,D,NY,16,E000179,115
709,Nita,LOWEY,REPRESENTATIVE,D,NY,17,L000480,115
344,Eliot,ENGEL,REPRESENTATIVE,D,NY,16,E000179,115
2252,Brenda,LAWRENCE,REPRESENTATIVE,D,MI,14,L000581,115
1036,Charles,SCHUMER,SENATOR,D,NY,N/A,S000148,115
1692,John,CORNYN,SENATOR,R,TX,N/A,C001056,115
1247,Ron,WYDEN,SENATOR,D,OR,N/A,W000779,115
2248,John,MOOLENAAR,REPRESENTATIVE,R,MI,4,M001194,115
1069,Louise,SLAUGHTER,REPRESENTATIVE,D,NY,25,S000480,115
2201,Alma,ADAMS,REPRESENTATIVE,D,NC,12,A000370,115
1829,Jon,TESTER,SENATOR,D,MT,N/A,T000464,115
1527,John,SHIMKUS,REPRESENTATIVE,R,IL,15,S000364,115
2098,Tom,COTTON,SENATOR,R,AR,N/A,C001095,115
1525,Pete,SESSIONS,SENATOR,R,TX,N/A,S000250,115
2243,Mike,BOST,REPRESENTATIVE,R,IL,12,B001295,115
1525,Pete,SESSIONS,SENATOR,R,TX,N/A,S000250,115
566,Steny,HOYER,REPRESENTATIVE,D,MD,5,H000874,115
2253,Tom,EMMER,REPRESENTATIVE,R,MN,6,E000294,115
2049,Bob,GIBBS,REPRESENTATIVE,R,OH,7,G000563,115
2143,George,HOLDING,REPRESENTATIVE,R,NC,13,H001065,115
2067,Blake,FARENTHOLD,REPRESENTATIVE,R,TX,27,F000460,115
2067,Blake,FARENTHOLD,REPRESENTATIVE,R,TX,27,F000460,115
2067,Blake,FARENTHOLD,REPRESENTATIVE,R,TX,27,F000460,115
2319,Darren,SOTO,N/A,D,FL,N/A,S001200,115
326,Richard,DURBIN,SENATOR,D,IL,N/A,D000563,115
1604,Joseph,CROWLEY,REPRESENTATIVE,D,NY,14,C001038,115
1507,Jerry,MORAN,SENATOR,R,KS,N/A,M000934,115
2141,Robert,PITTENGER,REPRESENTATIVE,R,NC,9,P000606,115
1332,Dianne,FEINSTEIN,SENATOR,D,CA,N/A,F000062,115
1976,Theodore,DEUTCH,REPRESENTATIVE,D,FL,21,D000610,115
2354,Pramila,JAYAPAL,N/A,D,WA,N/A,J000298,115
2063,Diane,BLACK,REPRESENTATIVE,R,TN,6,B001273,115
2063,Diane,BLACK,REPRESENTATIVE,R,TN,6,B001273,115
2063,Diane,BLACK,REPRESENTATIVE,R,TN,6,B001273,115
2063,Diane,BLACK,REPRESENTATIVE,R,TN,6,B001273,115
446,Bob,GOODLATTE,REPRESENTATIVE,R,VA,6,G000289,115
1588,Janice,SCHAKOWSKY,REPRESENTATIVE,D,IL,9,S001145,115
2063,Diane,BLACK,REPRESENTATIVE,R,TN,6,B001273,115
2060,Kristi,NOEM,REPRESENTATIVE,R,SD,0,N000184,115
1501,Barbara,LEE,REPRESENTATIVE,D,CA,13,L000551,115
2063,Diane,BLACK,REPRESENTATIVE,R,TN,6,B001273,115
2354,Pramila,JAYAPAL,N/A,D,WA,N/A,J000298,115
2063,Diane,BLACK,REPRESENTATIVE,R,TN,6,B001273,115
1848,Peter,ROSKAM,REPRESENTATIVE,R,IL,6,R000580,115
1811,Gwen,MOORE,SENATOR,D,WI,N/A,M001160,115
2063,Diane,BLACK,REPRESENTATIVE,R,TN,6,B001273,115
2063,Diane,BLACK,REPRESENTATIVE,R,TN,6,B001273,115
1986,Martha,ROBY,REPRESENTATIVE,R,AL,2,R000591,115
2063,Diane,BLACK,REPRESENTATIVE,R,TN,6,B001273,115
1986,Martha,ROBY,REPRESENTATIVE,R,AL,2,R000591,115
1890,Jackie,SPEIER,REPRESENTATIVE,D,CA,14,S001175,115
2063,Diane,BLACK,REPRESENTATIVE,R,TN,6,B001273,115
2063,Diane,BLACK,REPRESENTATIVE,R,TN,6,B001273,115
2063,Diane,BLACK,REPRESENTATIVE,R,TN,6,B001273,115
2137,Ann,WAGNER,REPRESENTATIVE,R,MO,2,W000812,115
2063,Diane,BLACK,REPRESENTATIVE,R,TN,6,B001273,115
2271,Mia,LOVE,REPRESENTATIVE,R,UT,4,L000584,115
1888,Bill,FOSTER,REPRESENTATIVE,D,IL,11,F000454,115
2063,Diane,BLACK,REPRESENTATIVE,R,TN,6,B001273,115
2115,Ted,YOHO,REPRESENTATIVE,R,FL,3,Y000065,115
1184,Nydia,VELAZQUEZ,REPRESENTATIVE,D,NY,7,V000081,115
2063,Diane,BLACK,REPRESENTATIVE,R,TN,6,B001273,115
2265,Steve,RUSSELL,REPRESENTATIVE,R,OK,5,R000604,115
2063,Diane,BLACK,REPRESENTATIVE,R,TN,6,B001273,115
2334,Paul,MITCHELL,N/A,R,MI,N/A,M001201,115
683,Sander,LEVIN,REPRESENTATIVE,D,MI,9,L000263,115
683,Sander,LEVIN,REPRESENTATIVE,D,MI,9,L000263,115
2063,Diane,BLACK,REPRESENTATIVE,R,TN,6,B001273,115
2063,Diane,BLACK,REPRESENTATIVE,R,TN,6,B001273,115
2141,Robert,PITTENGER,REPRESENTATIVE,R,NC,9,P000606,115
2332,Jamie,RASKIN,N/A,D,MD,N/A,R000606,115
2063,Diane,BLACK,REPRESENTATIVE,R,TN,6,B001273,115
1793,Jeff,FORTENBERRY,REPRESENTATIVE,R,NE,1,F000449,115
1878,Steve,COHEN,REPRESENTATIVE,D,TN,9,C001068,115
2063,Diane,BLACK,REPRESENTATIVE,R,TN,6,B001273,115
1460,Robert,ADERHOLT,REPRESENTATIVE,R,AL,4,A000055,115
850,Jerrold,NADLER,REPRESENTATIVE,D,NY,10,N000002,115
2311,Nanette,BARRAGAN,N/A,D,CA,N/A,B001300,115
1976,Theodore,DEUTCH,REPRESENTATIVE,D,FL,21,D000610,115
229,John,CONYERS,REPRESENTATIVE,D,MI,13,C000714,115
887,Frank,PALLONE,REPRESENTATIVE,D,NJ,6,P000034,115
2055,David,CICILLINE,REPRESENTATIVE,D,RI,1,C001084,115
1588,Janice,SCHAKOWSKY,REPRESENTATIVE,D,IL,9,S001145,115
1588,Janice,SCHAKOWSKY,REPRESENTATIVE,D,IL,9,S001145,115
1588,Janice,SCHAKOWSKY,REPRESENTATIVE,D,IL,9,S001145,115
2063,Diane,BLACK,REPRESENTATIVE,R,TN,6,B001273,115
2063,Diane,BLACK,REPRESENTATIVE,R,TN,6,B001273,115
1588,Janice,SCHAKOWSKY,REPRESENTATIVE,D,IL,9,S001145,115
1825,Bob,CORKER,SENATOR,R,TN,N/A,C001071,115
1507,Jerry,MORAN,SENATOR,R,KS,N/A,M000934,115
1823,Sheldon,WHITEHOUSE,SENATOR,D,RI,N/A,W000802,115
2165,Roger,WILLIAMS,REPRESENTATIVE,R,TX,25,W000816,115
2342,Adriano,ESPAILLAT,N/A,D,NY,N/A,E000297,115
1604,Joseph,CROWLEY,REPRESENTATIVE,D,NY,14,C001038,115
1036,Charles,SCHUMER,SENATOR,D,NY,N/A,S000148,115
