speaker_id,first_name,last_name,type,party,state,district,bio_guide_id,congress_id
1983,Joe,MANCHIN,SENATOR,D,WV,N/A,M001183,115
2253,Tom,EMMER,REPRESENTATIVE,R,MN,6,E000294,115
2253,Tom,EMMER,REPRESENTATIVE,R,MN,6,E000294,115
2253,Tom,EMMER,REPRESENTATIVE,R,MN,6,E000294,115
2253,Tom,EMMER,REPRESENTATIVE,R,MN,6,E000294,115
99,Earl,BLUMENAUER,REPRESENTATIVE,D,OR,3,B000574,115
1801,Louie,GOHMERT,REPRESENTATIVE,R,TX,1,G000552,115
478,Luis,GUTIERREZ,REPRESENTATIVE,D,IL,4,G000535,115
511,Alcee,HASTINGS,REPRESENTATIVE,D,FL,20,H000324,115
2168,Chris,STEWART,REPRESENTATIVE,R,UT,2,S001192,115
511,Alcee,HASTINGS,REPRESENTATIVE,D,FL,20,H000324,115
511,Alcee,HASTINGS,REPRESENTATIVE,D,FL,20,H000324,115
2239,Rick,ALLEN,REPRESENTATIVE,R,GA,12,A000372,115
511,Alcee,HASTINGS,REPRESENTATIVE,D,FL,20,H000324,115
511,Alcee,HASTINGS,REPRESENTATIVE,D,FL,20,H000324,115
511,Alcee,HASTINGS,REPRESENTATIVE,D,FL,20,H000324,115
1982,Tom,REED,REPRESENTATIVE,R,NY,23,R000585,115
511,Alcee,HASTINGS,REPRESENTATIVE,D,FL,20,H000324,115
905,Nancy,PELOSI,REPRESENTATIVE,D,CA,12,P000197,115
905,Nancy,PELOSI,REPRESENTATIVE,D,CA,12,P000197,115
2345,Brian,FITZPATRICK,REPRESENTATIVE,R,PA,8,F000466,115
2345,Brian,FITZPATRICK,REPRESENTATIVE,R,PA,8,F000466,115
2097,Donald,PAYNE,REPRESENTATIVE,D,NJ,10,P000604,115
2222,Aumua,RADEWAGEN,DELEGATE,R,AS,N/A,R000600,115
250,Mike,CRAPO,SENATOR,R,ID,N/A,C000880,115
583,James,INHOFE,SENATOR,R,OK,N/A,I000024,115
2252,Brenda,LAWRENCE,REPRESENTATIVE,D,MI,14,L000581,115
1692,John,CORNYN,SENATOR,R,TX,N/A,C001056,115
616,Marcy,KAPTUR,REPRESENTATIVE,D,OH,8,K000009,115
1692,John,CORNYN,SENATOR,R,TX,N/A,C001056,115
1829,Jon,TESTER,SENATOR,D,MT,N/A,T000464,115
1969,Al,FRANKEN,SENATOR,D,MN,N/A,F000457,115
2338,Josh,GOTTHEIMER,N/A,D,NJ,N/A,G000583,115
2082,Rand,PAUL,REPRESENTATIVE,R,KY,4,P000603,115
1633,Jeff,FLAKE,SENATOR,R,AZ,N/A,F000444,115
2082,Rand,PAUL,REPRESENTATIVE,R,KY,4,P000603,115
968,Pat,ROBERTS,SENATOR,R,KS,N/A,R000307,115
326,Richard,DURBIN,SENATOR,D,IL,N/A,D000563,115
1695,Lamar,ALEXANDER,SENATOR,R,TN,N/A,A000360,115
326,Richard,DURBIN,SENATOR,D,IL,N/A,D000563,115
2134,Daniel,KILDEE,REPRESENTATIVE,D,MI,5,K000380,115
1801,Louie,GOHMERT,REPRESENTATIVE,R,TX,1,G000552,115
2229,Pete,AGUILAR,REPRESENTATIVE,D,CA,31,A000371,115
2101,Jared,HUFFMAN,REPRESENTATIVE,D,CA,2,H001068,115
250,Mike,CRAPO,SENATOR,R,ID,N/A,C000880,115
250,Mike,CRAPO,SENATOR,R,ID,N/A,C000880,115
136,Sherrod,BROWN,REPRESENTATIVE,D,OH,26,B000944,115
136,Sherrod,BROWN,REPRESENTATIVE,D,OH,26,B000944,115
250,Mike,CRAPO,SENATOR,R,ID,N/A,C000880,115
1900,Jeff,MERKLEY,SENATOR,D,OR,N/A,M001176,115
250,Mike,CRAPO,SENATOR,R,ID,N/A,C000880,115
1900,Jeff,MERKLEY,SENATOR,D,OR,N/A,M001176,115
250,Mike,CRAPO,SENATOR,R,ID,N/A,C000880,115
1900,Jeff,MERKLEY,SENATOR,D,OR,N/A,M001176,115
1900,Jeff,MERKLEY,SENATOR,D,OR,N/A,M001176,115
250,Mike,CRAPO,SENATOR,R,ID,N/A,C000880,115
1900,Jeff,MERKLEY,SENATOR,D,OR,N/A,M001176,115
2182,Elizabeth,WARREN,SENATOR,D,MA,N/A,W000817,115
1844,Mazie,HIRONO,SENATOR,D,HI,N/A,H001042,115
326,Richard,DURBIN,SENATOR,D,IL,N/A,D000563,115
1383,Patrick,LEAHY,SENATOR,D,VT,N/A,L000174,115
326,Richard,DURBIN,SENATOR,D,IL,N/A,D000563,115
250,Mike,CRAPO,SENATOR,R,ID,N/A,C000880,115
250,Mike,CRAPO,SENATOR,R,ID,N/A,C000880,115
1823,Sheldon,WHITEHOUSE,SENATOR,D,RI,N/A,W000802,115
1567,Tom,UDALL,SENATOR,D,NM,N/A,U000039,115
2123,Tammy,DUCKWORTH,REPRESENTATIVE,D,IL,8,D000622,115
136,Sherrod,BROWN,REPRESENTATIVE,D,OH,26,B000944,115
136,Sherrod,BROWN,REPRESENTATIVE,D,OH,26,B000944,115
1969,Al,FRANKEN,SENATOR,D,MN,N/A,F000457,115
2076,Richard,BLUMENTHAL,SENATOR,D,CT,N/A,B001277,115
1823,Sheldon,WHITEHOUSE,SENATOR,D,RI,N/A,W000802,115
2076,Richard,BLUMENTHAL,SENATOR,D,CT,N/A,B001277,115
1823,Sheldon,WHITEHOUSE,SENATOR,D,RI,N/A,W000802,115
1823,Sheldon,WHITEHOUSE,SENATOR,D,RI,N/A,W000802,115
2076,Richard,BLUMENTHAL,SENATOR,D,CT,N/A,B001277,115
1823,Sheldon,WHITEHOUSE,SENATOR,D,RI,N/A,W000802,115
2076,Richard,BLUMENTHAL,SENATOR,D,CT,N/A,B001277,115
1823,Sheldon,WHITEHOUSE,SENATOR,D,RI,N/A,W000802,115
2076,Richard,BLUMENTHAL,SENATOR,D,CT,N/A,B001277,115
1036,Charles,SCHUMER,SENATOR,D,NY,N/A,S000148,115
1692,John,CORNYN,SENATOR,R,TX,N/A,C001056,115
1692,John,CORNYN,SENATOR,R,TX,N/A,C001056,115
2182,Elizabeth,WARREN,SENATOR,D,MA,N/A,W000817,115
2182,Elizabeth,WARREN,SENATOR,D,MA,N/A,W000817,115
250,Mike,CRAPO,SENATOR,R,ID,N/A,C000880,115
136,Sherrod,BROWN,REPRESENTATIVE,D,OH,26,B000944,115
250,Mike,CRAPO,SENATOR,R,ID,N/A,C000880,115
153,Richard,BURR,SENATOR,R,NC,N/A,B001135,115
1036,Charles,SCHUMER,SENATOR,D,NY,N/A,S000148,115
1036,Charles,SCHUMER,SENATOR,D,NY,N/A,S000148,115
2130,Luke,MESSER,REPRESENTATIVE,R,IN,6,M001189,115
1036,Charles,SCHUMER,SENATOR,D,NY,N/A,S000148,115
1965,Michael,BENNET,SENATOR,D,CO,N/A,B001267,115
1955,Pete,OLSON,REPRESENTATIVE,R,TX,22,O000168,115
2301,Kamala,HARRIS,REPRESENTATIVE,D,CA,1,H001075,115
859,Bill,NELSON,SENATOR,D,FL,N/A,N000032,115
1409,Patty,MURRAY,SENATOR,D,WA,N/A,M001111,115
2194,Cory,BOOKER,SENATOR,D,NJ,N/A,B001288,115
1829,Jon,TESTER,SENATOR,D,MT,N/A,T000464,115
172,Maria,CANTWELL,SENATOR,D,WA,N/A,C000127,115
172,Maria,CANTWELL,SENATOR,D,WA,N/A,C000127,115
1541,Susan,COLLINS,REPRESENTATIVE,R,ME,9,C001035,115
1541,Susan,COLLINS,REPRESENTATIVE,R,ME,9,C001035,115
1692,John,CORNYN,SENATOR,R,TX,N/A,C001056,115
2076,Richard,BLUMENTHAL,SENATOR,D,CT,N/A,B001277,115
1534,John,THUNE,SENATOR,R,SD,N/A,T000250,115
1534,John,THUNE,SENATOR,R,SD,N/A,T000250,115
949,Jack,REED,REPRESENTATIVE,D,RI,23,R000122,115
949,Jack,REED,REPRESENTATIVE,D,RI,23,R000122,115
791,Robert,MENENDEZ,SENATOR,D,NJ,N/A,M000639,115
1694,Lisa,MURKOWSKI,SENATOR,R,AK,N/A,M001153,115
2342,Adriano,ESPAILLAT,N/A,D,NY,N/A,E000297,115
1950,Kurt,SCHRADER,REPRESENTATIVE,D,OR,5,S001180,115
1036,Charles,SCHUMER,SENATOR,D,NY,N/A,S000148,115
2302,Margaret,HASSAN,N/A,D,NH,N/A,H001076,115
1973,John,GARAMENDI,REPRESENTATIVE,D,CA,3,G000559,115
2097,Donald,PAYNE,REPRESENTATIVE,D,NJ,10,P000604,115
1973,John,GARAMENDI,REPRESENTATIVE,D,CA,3,G000559,115
2097,Donald,PAYNE,REPRESENTATIVE,D,NJ,10,P000604,115
1973,John,GARAMENDI,REPRESENTATIVE,D,CA,3,G000559,115
2344,Claudia,TENNEY,N/A,R,NY,N/A,T000478,115
2167,Filemon,VELA,REPRESENTATIVE,D,TX,7,V000132,115
2231,Norma,TORRES,REPRESENTATIVE,D,CA,35,T000474,115
2167,Filemon,VELA,REPRESENTATIVE,D,TX,7,V000132,115
1036,Charles,SCHUMER,SENATOR,D,NY,N/A,S000148,115
2131,Andy,BARR,REPRESENTATIVE,R,KY,11,B001282,115
2131,Andy,BARR,REPRESENTATIVE,R,KY,11,B001282,115
2131,Andy,BARR,REPRESENTATIVE,R,KY,11,B001282,115
2131,Andy,BARR,REPRESENTATIVE,R,KY,11,B001282,115
1749,Jeb,HENSARLING,REPRESENTATIVE,R,TX,5,H001036,115
2131,Andy,BARR,REPRESENTATIVE,R,KY,11,B001282,115
2131,Andy,BARR,REPRESENTATIVE,R,KY,11,B001282,115
2128,Jackie,WALORSKI,REPRESENTATIVE,R,IN,2,W000813,115
446,Bob,GOODLATTE,REPRESENTATIVE,R,VA,6,G000289,115
446,Bob,GOODLATTE,REPRESENTATIVE,R,VA,6,G000289,115
229,John,CONYERS,REPRESENTATIVE,D,MI,13,C000714,115
1640,Darrell,ISSA,REPRESENTATIVE,R,CA,49,I000056,115
99999999999999,First Name unavailable,GRABER,Type Unavailable,Party Info Unavailable,state info unavailable,District Unavailable,BioGuideID unavailable,CongressID unavailable
1640,Darrell,ISSA,REPRESENTATIVE,R,CA,49,I000056,115
1640,Darrell,ISSA,REPRESENTATIVE,R,CA,49,I000056,115
229,John,CONYERS,REPRESENTATIVE,D,MI,13,C000714,115
2055,David,CICILLINE,REPRESENTATIVE,D,RI,1,C001084,115
1640,Darrell,ISSA,REPRESENTATIVE,R,CA,49,I000056,115
229,John,CONYERS,REPRESENTATIVE,D,MI,13,C000714,115
1878,Steve,COHEN,REPRESENTATIVE,D,TN,9,C001068,115
1640,Darrell,ISSA,REPRESENTATIVE,R,CA,49,I000056,115
1878,Steve,COHEN,REPRESENTATIVE,D,TN,9,C001068,115
1640,Darrell,ISSA,REPRESENTATIVE,R,CA,49,I000056,115
1878,Steve,COHEN,REPRESENTATIVE,D,TN,9,C001068,115
229,John,CONYERS,REPRESENTATIVE,D,MI,13,C000714,115
1878,Steve,COHEN,REPRESENTATIVE,D,TN,9,C001068,115
1640,Darrell,ISSA,REPRESENTATIVE,R,CA,49,I000056,115
229,John,CONYERS,REPRESENTATIVE,D,MI,13,C000714,115
850,Jerrold,NADLER,REPRESENTATIVE,D,NY,10,N000002,115
1640,Darrell,ISSA,REPRESENTATIVE,R,CA,49,I000056,115
229,John,CONYERS,REPRESENTATIVE,D,MI,13,C000714,115
1640,Darrell,ISSA,REPRESENTATIVE,R,CA,49,I000056,115
229,John,CONYERS,REPRESENTATIVE,D,MI,13,C000714,115
1640,Darrell,ISSA,REPRESENTATIVE,R,CA,49,I000056,115
229,John,CONYERS,REPRESENTATIVE,D,MI,13,C000714,115
1510,Bill,PASCRELL,REPRESENTATIVE,D,NJ,9,P000096,115
229,John,CONYERS,REPRESENTATIVE,D,MI,13,C000714,115
1510,Bill,PASCRELL,REPRESENTATIVE,D,NJ,9,P000096,115
1640,Darrell,ISSA,REPRESENTATIVE,R,CA,49,I000056,115
229,John,CONYERS,REPRESENTATIVE,D,MI,13,C000714,115
229,John,CONYERS,REPRESENTATIVE,D,MI,13,C000714,115
1640,Darrell,ISSA,REPRESENTATIVE,R,CA,49,I000056,115
229,John,CONYERS,REPRESENTATIVE,D,MI,13,C000714,115
1506,Gregory,MEEKS,REPRESENTATIVE,D,NY,5,M001137,115
229,John,CONYERS,REPRESENTATIVE,D,MI,13,C000714,115
1506,Gregory,MEEKS,REPRESENTATIVE,D,NY,5,M001137,115
1640,Darrell,ISSA,REPRESENTATIVE,R,CA,49,I000056,115
229,John,CONYERS,REPRESENTATIVE,D,MI,13,C000714,115
1640,Darrell,ISSA,REPRESENTATIVE,R,CA,49,I000056,115
446,Bob,GOODLATTE,REPRESENTATIVE,R,VA,6,G000289,115
446,Bob,GOODLATTE,REPRESENTATIVE,R,VA,6,G000289,115
229,John,CONYERS,REPRESENTATIVE,D,MI,13,C000714,115
229,John,CONYERS,REPRESENTATIVE,D,MI,13,C000714,115
446,Bob,GOODLATTE,REPRESENTATIVE,R,VA,6,G000289,115
1878,Steve,COHEN,REPRESENTATIVE,D,TN,9,C001068,115
1878,Steve,COHEN,REPRESENTATIVE,D,TN,9,C001068,115
2055,David,CICILLINE,REPRESENTATIVE,D,RI,1,C001084,115
2055,David,CICILLINE,REPRESENTATIVE,D,RI,1,C001084,115
2055,David,CICILLINE,REPRESENTATIVE,D,RI,1,C001084,115
2055,David,CICILLINE,REPRESENTATIVE,D,RI,1,C001084,115
2055,David,CICILLINE,REPRESENTATIVE,D,RI,1,C001084,115
2134,Daniel,KILDEE,REPRESENTATIVE,D,MI,5,K000380,115
2055,David,CICILLINE,REPRESENTATIVE,D,RI,1,C001084,115
2055,David,CICILLINE,REPRESENTATIVE,D,RI,1,C001084,115
229,John,CONYERS,REPRESENTATIVE,D,MI,13,C000714,115
229,John,CONYERS,REPRESENTATIVE,D,MI,13,C000714,115
229,John,CONYERS,REPRESENTATIVE,D,MI,13,C000714,115
2134,Daniel,KILDEE,REPRESENTATIVE,D,MI,5,K000380,115
229,John,CONYERS,REPRESENTATIVE,D,MI,13,C000714,115
229,John,CONYERS,REPRESENTATIVE,D,MI,13,C000714,115
229,John,CONYERS,REPRESENTATIVE,D,MI,13,C000714,115
1676,Shelley,CAPITO,N/A,R,WV,N/A,C001047,115
1036,Charles,SCHUMER,SENATOR,D,NY,N/A,S000148,115
1036,Charles,SCHUMER,SENATOR,D,NY,N/A,S000148,115
2131,Andy,BARR,REPRESENTATIVE,R,KY,11,B001282,115
2131,Andy,BARR,REPRESENTATIVE,R,KY,11,B001282,115
2131,Andy,BARR,REPRESENTATIVE,R,KY,11,B001282,115
2131,Andy,BARR,REPRESENTATIVE,R,KY,11,B001282,115
1749,Jeb,HENSARLING,REPRESENTATIVE,R,TX,5,H001036,115
2131,Andy,BARR,REPRESENTATIVE,R,KY,11,B001282,115
2152,Brad,WENSTRUP,REPRESENTATIVE,R,OH,2,W000815,115
2131,Andy,BARR,REPRESENTATIVE,R,KY,11,B001282,115
2158,Keith,ROTHFUS,REPRESENTATIVE,R,PA,12,R000598,115
2131,Andy,BARR,REPRESENTATIVE,R,KY,11,B001282,115
2223,J.,HILL,REPRESENTATIVE,R,AR,2,H001072,115
2131,Andy,BARR,REPRESENTATIVE,R,KY,11,B001282,115
2336,Ted,BUDD,REPRESENTATIVE,R,NC,1,B001305,115
2131,Andy,BARR,REPRESENTATIVE,R,KY,11,B001282,115
2131,Andy,BARR,REPRESENTATIVE,R,KY,11,B001282,115
2327,Trey,HOLLINGSWORTH,N/A,R,IN,N/A,H001074,115
2131,Andy,BARR,REPRESENTATIVE,R,KY,11,B001282,115
2130,Luke,MESSER,REPRESENTATIVE,R,IN,6,M001189,115
2131,Andy,BARR,REPRESENTATIVE,R,KY,11,B001282,115
2131,Andy,BARR,REPRESENTATIVE,R,KY,11,B001282,115
1531,Debbie,STABENOW,SENATOR,D,MI,N/A,S000770,115
2156,Markwayne,MULLIN,REPRESENTATIVE,R,OK,2,M001190,115
