speaker_id,first_name,last_name,type,party,state,district,bio_guide_id,congress_id
2319,Darren,SOTO,N/A,D,FL,N/A,S001200,115
2084,Marco,RUBIO,SENATOR,R,FL,N/A,R000595,115
1976,Theodore,DEUTCH,REPRESENTATIVE,D,FL,21,D000610,115
2314,Matt,GAETZ,N/A,R,FL,N/A,G000578,115
1751,Michael,BURGESS,REPRESENTATIVE,R,TX,26,B001248,115
1751,Michael,BURGESS,REPRESENTATIVE,R,TX,26,B001248,115
1751,Michael,BURGESS,REPRESENTATIVE,R,TX,26,B001248,115
1751,Michael,BURGESS,REPRESENTATIVE,R,TX,26,B001248,115
511,Alcee,HASTINGS,REPRESENTATIVE,D,FL,20,H000324,115
1751,Michael,BURGESS,REPRESENTATIVE,R,TX,26,B001248,115
511,Alcee,HASTINGS,REPRESENTATIVE,D,FL,20,H000324,115
1751,Michael,BURGESS,REPRESENTATIVE,R,TX,26,B001248,115
511,Alcee,HASTINGS,REPRESENTATIVE,D,FL,20,H000324,115
511,Alcee,HASTINGS,REPRESENTATIVE,D,FL,20,H000324,115
1751,Michael,BURGESS,REPRESENTATIVE,R,TX,26,B001248,115
511,Alcee,HASTINGS,REPRESENTATIVE,D,FL,20,H000324,115
1751,Michael,BURGESS,REPRESENTATIVE,R,TX,26,B001248,115
1751,Michael,BURGESS,REPRESENTATIVE,R,TX,26,B001248,115
511,Alcee,HASTINGS,REPRESENTATIVE,D,FL,20,H000324,115
1036,Charles,SCHUMER,SENATOR,D,NY,N/A,S000148,115
1464,Roy,BLUNT,SENATOR,R,MO,N/A,B000575,115
2248,John,MOOLENAAR,REPRESENTATIVE,R,MI,4,M001194,115
616,Marcy,KAPTUR,REPRESENTATIVE,D,OH,8,K000009,115
616,Marcy,KAPTUR,REPRESENTATIVE,D,OH,8,K000009,115
1409,Patty,MURRAY,SENATOR,D,WA,N/A,M001111,115
1351,Orrin,HATCH,SENATOR,R,UT,N/A,H000338,115
1929,Gary,PETERS,REPRESENTATIVE,D,MI,52,P000595,115
2086,Ron,JOHNSON,REPRESENTATIVE,R,WI,4,J000293,115
1863,Dean,HELLER,SENATOR,R,NV,N/A,H001041,115
344,Eliot,ENGEL,REPRESENTATIVE,D,NY,16,E000179,115
1973,John,GARAMENDI,REPRESENTATIVE,D,CA,3,G000559,115
2342,Adriano,ESPAILLAT,N/A,D,NY,N/A,E000297,115
1973,John,GARAMENDI,REPRESENTATIVE,D,CA,3,G000559,115
2275,Dan,NEWHOUSE,REPRESENTATIVE,R,WA,4,N000189,115
2086,Ron,JOHNSON,REPRESENTATIVE,R,WI,4,J000293,115
1751,Michael,BURGESS,REPRESENTATIVE,R,TX,26,B001248,115
2223,J.,HILL,REPRESENTATIVE,R,AR,2,H001072,115
2052,Patrick,MEEHAN,REPRESENTATIVE,R,PA,7,M001181,115
683,Sander,LEVIN,REPRESENTATIVE,D,MI,9,L000263,115
303,Lloyd,DOGGETT,REPRESENTATIVE,D,TX,35,D000399,115
303,Lloyd,DOGGETT,REPRESENTATIVE,D,TX,35,D000399,115
2128,Jackie,WALORSKI,REPRESENTATIVE,R,IN,2,W000813,115
1510,Bill,PASCRELL,REPRESENTATIVE,D,NJ,9,P000096,115
1510,Bill,PASCRELL,REPRESENTATIVE,D,NJ,9,P000096,115
1510,Bill,PASCRELL,REPRESENTATIVE,D,NJ,9,P000096,115
1510,Bill,PASCRELL,REPRESENTATIVE,D,NJ,9,P000096,115
1838,Gus,BILIRAKIS,REPRESENTATIVE,R,FL,12,B001257,115
1036,Charles,SCHUMER,SENATOR,D,NY,N/A,S000148,115
1409,Patty,MURRAY,SENATOR,D,WA,N/A,M001111,115
136,Sherrod,BROWN,REPRESENTATIVE,D,OH,26,B000944,115
2229,Pete,AGUILAR,REPRESENTATIVE,D,CA,31,A000371,115
2342,Adriano,ESPAILLAT,N/A,D,NY,N/A,E000297,115
2359,Greg,GIANFORTE,N/A,R,MT,N/A,G000584,115
2251,Debbie,DINGELL,REPRESENTATIVE,D,MI,12,D000624,115
511,Alcee,HASTINGS,REPRESENTATIVE,D,FL,20,H000324,115
1036,Charles,SCHUMER,SENATOR,D,NY,N/A,S000148,115
2158,Keith,ROTHFUS,REPRESENTATIVE,R,PA,12,R000598,115
1383,Patrick,LEAHY,SENATOR,D,VT,N/A,L000174,115
1828,Robert,CASEY,SENATOR,D,PA,N/A,C001070,115
1687,John,BOOZMAN,SENATOR,R,AR,N/A,B001236,115
2171,Mark,POCAN,REPRESENTATIVE,D,WI,2,P000607,115
2086,Ron,JOHNSON,REPRESENTATIVE,R,WI,4,J000293,115
2182,Elizabeth,WARREN,SENATOR,D,MA,N/A,W000817,115
2182,Elizabeth,WARREN,SENATOR,D,MA,N/A,W000817,115
1695,Lamar,ALEXANDER,SENATOR,R,TN,N/A,A000360,115
1383,Patrick,LEAHY,SENATOR,D,VT,N/A,L000174,115
2182,Elizabeth,WARREN,SENATOR,D,MA,N/A,W000817,115
326,Richard,DURBIN,SENATOR,D,IL,N/A,D000563,115
326,Richard,DURBIN,SENATOR,D,IL,N/A,D000563,115
1692,John,CORNYN,SENATOR,R,TX,N/A,C001056,115
326,Richard,DURBIN,SENATOR,D,IL,N/A,D000563,115
1687,John,BOOZMAN,SENATOR,R,AR,N/A,B001236,115
136,Sherrod,BROWN,REPRESENTATIVE,D,OH,26,B000944,115
2182,Elizabeth,WARREN,SENATOR,D,MA,N/A,W000817,115
2182,Elizabeth,WARREN,SENATOR,D,MA,N/A,W000817,115
1837,Christopher,MURPHY,SENATOR,D,CT,N/A,M001169,115
1036,Charles,SCHUMER,SENATOR,D,NY,N/A,S000148,115
1036,Charles,SCHUMER,SENATOR,D,NY,N/A,S000148,115
1664,Patrick,TIBERI,REPRESENTATIVE,R,OH,12,T000462,115
1487,Kay,GRANGER,REPRESENTATIVE,R,TX,12,G000377,115
791,Robert,MENENDEZ,SENATOR,D,NJ,N/A,M000639,115
1774,Jim,COSTA,REPRESENTATIVE,D,CA,16,C001059,115
1774,Jim,COSTA,REPRESENTATIVE,D,CA,16,C001059,115
1774,Jim,COSTA,REPRESENTATIVE,D,CA,16,C001059,115
2109,Raul,RUIZ,REPRESENTATIVE,D,CA,36,R000599,115
2253,Tom,EMMER,REPRESENTATIVE,R,MN,6,E000294,115
2253,Tom,EMMER,REPRESENTATIVE,R,MN,6,E000294,115
2253,Tom,EMMER,REPRESENTATIVE,R,MN,6,E000294,115
2253,Tom,EMMER,REPRESENTATIVE,R,MN,6,E000294,115
1332,Dianne,FEINSTEIN,SENATOR,D,CA,N/A,F000062,115
2111,Alan,LOWENTHAL,REPRESENTATIVE,D,CA,47,L000579,115
1351,Orrin,HATCH,SENATOR,R,UT,N/A,H000338,115
2244,Ralph,ABRAHAM,REPRESENTATIVE,R,LA,5,A000374,115
2297,James,COMER,N/A,R,KY,N/A,C001108,115
1863,Dean,HELLER,SENATOR,R,NV,N/A,H001041,115
1527,John,SHIMKUS,REPRESENTATIVE,R,IL,15,S000364,115
1527,John,SHIMKUS,REPRESENTATIVE,R,IL,15,S000364,115
1527,John,SHIMKUS,REPRESENTATIVE,R,IL,15,S000364,115
2344,Claudia,TENNEY,N/A,R,NY,N/A,T000478,115
2076,Richard,BLUMENTHAL,SENATOR,D,CT,N/A,B001277,115
1542,Michael,ENZI,SENATOR,R,WY,N/A,E000285,115
1501,Barbara,LEE,REPRESENTATIVE,D,CA,13,L000551,115
2327,Trey,HOLLINGSWORTH,N/A,R,IN,N/A,H001074,115
2172,Joseph,KENNEDY,REPRESENTATIVE,D,MA,4,K000379,115
2343,John,FASO,N/A,R,NY,N/A,F000464,115
2343,John,FASO,N/A,R,NY,N/A,F000464,115
478,Luis,GUTIERREZ,REPRESENTATIVE,D,IL,4,G000535,115
2270,Brian,BABIN,REPRESENTATIVE,R,TX,36,B001291,115
2067,Blake,FARENTHOLD,REPRESENTATIVE,R,TX,27,F000460,115
2067,Blake,FARENTHOLD,REPRESENTATIVE,R,TX,27,F000460,115
2314,Matt,GAETZ,N/A,R,FL,N/A,G000578,115
