speaker_id,first_name,last_name,type,party,state,district,bio_guide_id,congress_id
1036,Charles,SCHUMER,SENATOR,D,NY,N/A,S000148,115
2307,Andy,BIGGS,N/A,R,AZ,N/A,B001302,115
2157,Scott,PERRY,REPRESENTATIVE,R,PA,4,P000605,115
2233,Ken,BUCK,REPRESENTATIVE,R,CO,4,B001297,115
2166,Marc,VEASEY,REPRESENTATIVE,D,TX,33,V000131,115
1604,Joseph,CROWLEY,REPRESENTATIVE,D,NY,14,C001038,115
2255,Mark,WALKER,REPRESENTATIVE,R,NC,6,W000819,115
616,Marcy,KAPTUR,REPRESENTATIVE,D,OH,8,K000009,115
1965,Michael,BENNET,SENATOR,D,CO,N/A,B001267,115
2097,Donald,PAYNE,REPRESENTATIVE,D,NJ,10,P000604,115
2014,Adam,KINZINGER,REPRESENTATIVE,R,IL,16,K000378,115
2332,Jamie,RASKIN,N/A,D,MD,N/A,R000606,115
2320,Val,DEMINGS,N/A,D,FL,N/A,D000627,115
2320,Val,DEMINGS,N/A,D,FL,N/A,D000627,115
2332,Jamie,RASKIN,N/A,D,MD,N/A,R000606,115
2332,Jamie,RASKIN,N/A,D,MD,N/A,R000606,115
2332,Jamie,RASKIN,N/A,D,MD,N/A,R000606,115
2124,Bradley,SCHNEIDER,N/A,D,IL,N/A,S001190,115
2332,Jamie,RASKIN,N/A,D,MD,N/A,R000606,115
2111,Alan,LOWENTHAL,REPRESENTATIVE,D,CA,47,L000579,115
1892,Steve,SCALISE,REPRESENTATIVE,R,LA,1,S001176,115
566,Steny,HOYER,REPRESENTATIVE,D,MD,5,H000874,115
1892,Steve,SCALISE,REPRESENTATIVE,R,LA,1,S001176,115
566,Steny,HOYER,REPRESENTATIVE,D,MD,5,H000874,115
1892,Steve,SCALISE,REPRESENTATIVE,R,LA,1,S001176,115
566,Steny,HOYER,REPRESENTATIVE,D,MD,5,H000874,115
1892,Steve,SCALISE,REPRESENTATIVE,R,LA,1,S001176,115
1892,Steve,SCALISE,REPRESENTATIVE,R,LA,1,S001176,115
1892,Steve,SCALISE,REPRESENTATIVE,R,LA,1,S001176,115
1525,Pete,SESSIONS,SENATOR,R,TX,N/A,S000250,115
1525,Pete,SESSIONS,SENATOR,R,TX,N/A,S000250,115
1525,Pete,SESSIONS,SENATOR,R,TX,N/A,S000250,115
1525,Pete,SESSIONS,SENATOR,R,TX,N/A,S000250,115
1069,Louise,SLAUGHTER,REPRESENTATIVE,D,NY,25,S000480,115
1525,Pete,SESSIONS,SENATOR,R,TX,N/A,S000250,115
2197,Bradley,BYRNE,REPRESENTATIVE,R,AL,1,B001289,115
1069,Louise,SLAUGHTER,REPRESENTATIVE,D,NY,25,S000480,115
1525,Pete,SESSIONS,SENATOR,R,TX,N/A,S000250,115
1069,Louise,SLAUGHTER,REPRESENTATIVE,D,NY,25,S000480,115
1525,Pete,SESSIONS,SENATOR,R,TX,N/A,S000250,115
2008,Rob,WOODALL,REPRESENTATIVE,R,GA,7,W000810,115
1525,Pete,SESSIONS,SENATOR,R,TX,N/A,S000250,115
2008,Rob,WOODALL,REPRESENTATIVE,R,GA,7,W000810,115
1069,Louise,SLAUGHTER,REPRESENTATIVE,D,NY,25,S000480,115
303,Lloyd,DOGGETT,REPRESENTATIVE,D,TX,35,D000399,115
1069,Louise,SLAUGHTER,REPRESENTATIVE,D,NY,25,S000480,115
303,Lloyd,DOGGETT,REPRESENTATIVE,D,TX,35,D000399,115
1069,Louise,SLAUGHTER,REPRESENTATIVE,D,NY,25,S000480,115
303,Lloyd,DOGGETT,REPRESENTATIVE,D,TX,35,D000399,115
1525,Pete,SESSIONS,SENATOR,R,TX,N/A,S000250,115
1525,Pete,SESSIONS,SENATOR,R,TX,N/A,S000250,115
1069,Louise,SLAUGHTER,REPRESENTATIVE,D,NY,25,S000480,115
1525,Pete,SESSIONS,SENATOR,R,TX,N/A,S000250,115
1069,Louise,SLAUGHTER,REPRESENTATIVE,D,NY,25,S000480,115
1588,Janice,SCHAKOWSKY,REPRESENTATIVE,D,IL,9,S001145,115
1525,Pete,SESSIONS,SENATOR,R,TX,N/A,S000250,115
2130,Luke,MESSER,REPRESENTATIVE,R,IN,6,M001189,115
1069,Louise,SLAUGHTER,REPRESENTATIVE,D,NY,25,S000480,115
1069,Louise,SLAUGHTER,REPRESENTATIVE,D,NY,25,S000480,115
1525,Pete,SESSIONS,SENATOR,R,TX,N/A,S000250,115
1751,Michael,BURGESS,REPRESENTATIVE,R,TX,26,B001248,115
1069,Louise,SLAUGHTER,REPRESENTATIVE,D,NY,25,S000480,115
1069,Louise,SLAUGHTER,REPRESENTATIVE,D,NY,25,S000480,115
1525,Pete,SESSIONS,SENATOR,R,TX,N/A,S000250,115
1848,Peter,ROSKAM,REPRESENTATIVE,R,IL,6,R000580,115
1069,Louise,SLAUGHTER,REPRESENTATIVE,D,NY,25,S000480,115
2149,Hakeem,JEFFRIES,REPRESENTATIVE,D,NY,8,J000294,115
1525,Pete,SESSIONS,SENATOR,R,TX,N/A,S000250,115
1069,Louise,SLAUGHTER,REPRESENTATIVE,D,NY,25,S000480,115
1525,Pete,SESSIONS,SENATOR,R,TX,N/A,S000250,115
1525,Pete,SESSIONS,SENATOR,R,TX,N/A,S000250,115
1069,Louise,SLAUGHTER,REPRESENTATIVE,D,NY,25,S000480,115
2048,James,RENACCI,REPRESENTATIVE,R,OH,16,R000586,115
1749,Jeb,HENSARLING,REPRESENTATIVE,R,TX,5,H001036,115
1749,Jeb,HENSARLING,REPRESENTATIVE,R,TX,5,H001036,115
1749,Jeb,HENSARLING,REPRESENTATIVE,R,TX,5,H001036,115
1749,Jeb,HENSARLING,REPRESENTATIVE,R,TX,5,H001036,115
2028,Bill,HUIZENGA,REPRESENTATIVE,R,MI,2,H001058,115
1749,Jeb,HENSARLING,REPRESENTATIVE,R,TX,5,H001036,115
2028,Bill,HUIZENGA,REPRESENTATIVE,R,MI,2,H001058,115
1749,Jeb,HENSARLING,REPRESENTATIVE,R,TX,5,H001036,115
2223,J.,HILL,REPRESENTATIVE,R,AR,2,H001072,115
1749,Jeb,HENSARLING,REPRESENTATIVE,R,TX,5,H001036,115
2223,J.,HILL,REPRESENTATIVE,R,AR,2,H001072,115
1749,Jeb,HENSARLING,REPRESENTATIVE,R,TX,5,H001036,115
2336,Ted,BUDD,REPRESENTATIVE,R,NC,1,B001305,115
1564,Michael,CAPUANO,REPRESENTATIVE,D,MA,7,C001037,115
1564,Michael,CAPUANO,REPRESENTATIVE,D,MA,7,C001037,115
1564,Michael,CAPUANO,REPRESENTATIVE,D,MA,7,C001037,115
1749,Jeb,HENSARLING,REPRESENTATIVE,R,TX,5,H001036,115
2072,Sean,DUFFY,N/A,R,WI,N/A,D000614,115
1749,Jeb,HENSARLING,REPRESENTATIVE,R,TX,5,H001036,115
2072,Sean,DUFFY,N/A,R,WI,N/A,D000614,115
1749,Jeb,HENSARLING,REPRESENTATIVE,R,TX,5,H001036,115
2072,Sean,DUFFY,N/A,R,WI,N/A,D000614,115
1749,Jeb,HENSARLING,REPRESENTATIVE,R,TX,5,H001036,115
1749,Jeb,HENSARLING,REPRESENTATIVE,R,TX,5,H001036,115
1749,Jeb,HENSARLING,REPRESENTATIVE,R,TX,5,H001036,115
1749,Jeb,HENSARLING,REPRESENTATIVE,R,TX,5,H001036,115
1854,John,SARBANES,REPRESENTATIVE,D,MD,3,S001168,115
1854,John,SARBANES,REPRESENTATIVE,D,MD,3,S001168,115
1854,John,SARBANES,REPRESENTATIVE,D,MD,3,S001168,115
1749,Jeb,HENSARLING,REPRESENTATIVE,R,TX,5,H001036,115
1749,Jeb,HENSARLING,REPRESENTATIVE,R,TX,5,H001036,115
1854,John,SARBANES,REPRESENTATIVE,D,MD,3,S001168,115
1998,Cory,GARDNER,N/A,R,CO,N/A,G000562,115
1602,Grace,NAPOLITANO,REPRESENTATIVE,D,CA,32,N000179,115
1749,Jeb,HENSARLING,REPRESENTATIVE,R,TX,5,H001036,115
2288,Mike,ROUNDS,N/A,R,SD,N/A,R000605,115
2288,Mike,ROUNDS,N/A,R,SD,N/A,R000605,115
1010,Bernard,SANDERS,SENATOR,I,VT,N/A,S000033,115
326,Richard,DURBIN,SENATOR,D,IL,N/A,D000563,115
1531,Debbie,STABENOW,SENATOR,D,MI,N/A,S000770,115
1383,Patrick,LEAHY,SENATOR,D,VT,N/A,L000174,115
1837,Christopher,MURPHY,SENATOR,D,CT,N/A,M001169,115
1351,Orrin,HATCH,SENATOR,R,UT,N/A,H000338,115
2123,Tammy,DUCKWORTH,REPRESENTATIVE,D,IL,8,D000622,115
1942,Paul,TONKO,REPRESENTATIVE,D,NY,20,T000469,115
2021,Kevin,YODER,REPRESENTATIVE,R,KS,3,Y000063,115
1866,Kirsten,GILLIBRAND,SENATOR,D,NY,N/A,G000555,115
1608,Johnny,ISAKSON,SENATOR,R,GA,N/A,I000055,115
1969,Al,FRANKEN,SENATOR,D,MN,N/A,F000457,115
1010,Bernard,SANDERS,SENATOR,I,VT,N/A,S000033,115
1608,Johnny,ISAKSON,SENATOR,R,GA,N/A,I000055,115
2134,Daniel,KILDEE,REPRESENTATIVE,D,MI,5,K000380,115
1608,Johnny,ISAKSON,SENATOR,R,GA,N/A,I000055,115
1998,Cory,GARDNER,N/A,R,CO,N/A,G000562,115
1998,Cory,GARDNER,N/A,R,CO,N/A,G000562,115
1823,Sheldon,WHITEHOUSE,SENATOR,D,RI,N/A,W000802,115
1897,Mark,WARNER,SENATOR,D,VA,N/A,W000805,115
1969,Al,FRANKEN,SENATOR,D,MN,N/A,F000457,115
1531,Debbie,STABENOW,SENATOR,D,MI,N/A,S000770,115
1866,Kirsten,GILLIBRAND,SENATOR,D,NY,N/A,G000555,115
1929,Gary,PETERS,REPRESENTATIVE,D,MI,52,P000595,115
1969,Al,FRANKEN,SENATOR,D,MN,N/A,F000457,115
2123,Tammy,DUCKWORTH,REPRESENTATIVE,D,IL,8,D000622,115
2272,Donald,BEYER,REPRESENTATIVE,D,VA,8,B001292,115
2141,Robert,PITTENGER,REPRESENTATIVE,R,NC,9,P000606,115
1967,Mike,QUIGLEY,REPRESENTATIVE,D,IL,5,Q000023,115
1542,Michael,ENZI,SENATOR,R,WY,N/A,E000285,115
1531,Debbie,STABENOW,SENATOR,D,MI,N/A,S000770,115
174,Benjamin,CARDIN,SENATOR,D,MD,N/A,C000141,115
1826,Amy,KLOBUCHAR,SENATOR,D,MN,N/A,K000367,115
1828,Robert,CASEY,SENATOR,D,PA,N/A,C001070,115
1036,Charles,SCHUMER,SENATOR,D,NY,N/A,S000148,115
1826,Amy,KLOBUCHAR,SENATOR,D,MN,N/A,K000367,115
1823,Sheldon,WHITEHOUSE,SENATOR,D,RI,N/A,W000802,115
174,Benjamin,CARDIN,SENATOR,D,MD,N/A,C000141,115
1828,Robert,CASEY,SENATOR,D,PA,N/A,C001070,115
1694,Lisa,MURKOWSKI,SENATOR,R,AK,N/A,M001153,115
452,Lindsey,GRAHAM,REPRESENTATIVE,R,SC,2,G000359,115
1694,Lisa,MURKOWSKI,SENATOR,R,AK,N/A,M001153,115
1969,Al,FRANKEN,SENATOR,D,MN,N/A,F000457,115
457,Chuck,GRASSLEY,SENATOR,R,IA,N/A,G000386,115
2084,Marco,RUBIO,SENATOR,R,FL,N/A,R000595,115
2101,Jared,HUFFMAN,REPRESENTATIVE,D,CA,2,H001068,115
174,Benjamin,CARDIN,SENATOR,D,MD,N/A,C000141,115
1897,Mark,WARNER,SENATOR,D,VA,N/A,W000805,115
2197,Bradley,BYRNE,REPRESENTATIVE,R,AL,1,B001289,115
1749,Jeb,HENSARLING,REPRESENTATIVE,R,TX,5,H001036,115
1036,Charles,SCHUMER,SENATOR,D,NY,N/A,S000148,115
511,Alcee,HASTINGS,REPRESENTATIVE,D,FL,20,H000324,115
854,Richard,NEAL,REPRESENTATIVE,D,MA,1,N000015,115
905,Nancy,PELOSI,REPRESENTATIVE,D,CA,12,P000197,115
854,Richard,NEAL,REPRESENTATIVE,D,MA,1,N000015,115
854,Richard,NEAL,REPRESENTATIVE,D,MA,1,N000015,115
566,Steny,HOYER,REPRESENTATIVE,D,MD,5,H000874,115
854,Richard,NEAL,REPRESENTATIVE,D,MA,1,N000015,115
683,Sander,LEVIN,REPRESENTATIVE,D,MI,9,L000263,115
2131,Andy,BARR,REPRESENTATIVE,R,KY,11,B001282,115
2131,Andy,BARR,REPRESENTATIVE,R,KY,11,B001282,115
854,Richard,NEAL,REPRESENTATIVE,D,MA,1,N000015,115
854,Richard,NEAL,REPRESENTATIVE,D,MA,1,N000015,115
303,Lloyd,DOGGETT,REPRESENTATIVE,D,TX,35,D000399,115
854,Richard,NEAL,REPRESENTATIVE,D,MA,1,N000015,115
854,Richard,NEAL,REPRESENTATIVE,D,MA,1,N000015,115
1604,Joseph,CROWLEY,REPRESENTATIVE,D,NY,14,C001038,115
854,Richard,NEAL,REPRESENTATIVE,D,MA,1,N000015,115
854,Richard,NEAL,REPRESENTATIVE,D,MA,1,N000015,115
854,Richard,NEAL,REPRESENTATIVE,D,MA,1,N000015,115
854,Richard,NEAL,REPRESENTATIVE,D,MA,1,N000015,115
1602,Grace,NAPOLITANO,REPRESENTATIVE,D,CA,32,N000179,115
1878,Steve,COHEN,REPRESENTATIVE,D,TN,9,C001068,115
2307,Andy,BIGGS,N/A,R,AZ,N/A,B001302,115
326,Richard,DURBIN,SENATOR,D,IL,N/A,D000563,115
