speaker_id,first_name,last_name,type,party,state,district,bio_guide_id,congress_id
2355,Mike,GALLAGHER,N/A,R,WI,N/A,G000579,115
2270,Brian,BABIN,REPRESENTATIVE,R,TX,36,B001291,115
2270,Brian,BABIN,REPRESENTATIVE,R,TX,36,B001291,115
2270,Brian,BABIN,REPRESENTATIVE,R,TX,36,B001291,115
2270,Brian,BABIN,REPRESENTATIVE,R,TX,36,B001291,115
2290,Dan,SULLIVAN,SENATOR,R,AK,N/A,S001198,115
1409,Patty,MURRAY,SENATOR,D,WA,N/A,M001111,115
1409,Patty,MURRAY,SENATOR,D,WA,N/A,M001111,115
2076,Richard,BLUMENTHAL,SENATOR,D,CT,N/A,B001277,115
2076,Richard,BLUMENTHAL,SENATOR,D,CT,N/A,B001277,115
1844,Mazie,HIRONO,SENATOR,D,HI,N/A,H001042,115
1901,Jeanne,SHAHEEN,SENATOR,D,NH,N/A,S001181,115
1409,Patty,MURRAY,SENATOR,D,WA,N/A,M001111,115
174,Benjamin,CARDIN,SENATOR,D,MD,N/A,C000141,115
174,Benjamin,CARDIN,SENATOR,D,MD,N/A,C000141,115
2182,Elizabeth,WARREN,SENATOR,D,MA,N/A,W000817,115
2182,Elizabeth,WARREN,SENATOR,D,MA,N/A,W000817,115
136,Sherrod,BROWN,REPRESENTATIVE,D,OH,26,B000944,115
136,Sherrod,BROWN,REPRESENTATIVE,D,OH,26,B000944,115
1383,Patrick,LEAHY,SENATOR,D,VT,N/A,L000174,115
1383,Patrick,LEAHY,SENATOR,D,VT,N/A,L000174,115
1383,Patrick,LEAHY,SENATOR,D,VT,N/A,L000174,115
1866,Kirsten,GILLIBRAND,SENATOR,D,NY,N/A,G000555,115
1866,Kirsten,GILLIBRAND,SENATOR,D,NY,N/A,G000555,115
2302,Margaret,HASSAN,N/A,D,NH,N/A,H001076,115
1900,Jeff,MERKLEY,SENATOR,D,OR,N/A,M001176,115
1531,Debbie,STABENOW,SENATOR,D,MI,N/A,S000770,115
1531,Debbie,STABENOW,SENATOR,D,MI,N/A,S000770,115
1409,Patty,MURRAY,SENATOR,D,WA,N/A,M001111,115
1409,Patty,MURRAY,SENATOR,D,WA,N/A,M001111,115
326,Richard,DURBIN,SENATOR,D,IL,N/A,D000563,115
1409,Patty,MURRAY,SENATOR,D,WA,N/A,M001111,115
1036,Charles,SCHUMER,SENATOR,D,NY,N/A,S000148,115
1036,Charles,SCHUMER,SENATOR,D,NY,N/A,S000148,115
1929,Gary,PETERS,REPRESENTATIVE,D,MI,52,P000595,115
1826,Amy,KLOBUCHAR,SENATOR,D,MN,N/A,K000367,115
791,Robert,MENENDEZ,SENATOR,D,NJ,N/A,M000639,115
1409,Patty,MURRAY,SENATOR,D,WA,N/A,M001111,115
2123,Tammy,DUCKWORTH,REPRESENTATIVE,D,IL,8,D000622,115
1409,Patty,MURRAY,SENATOR,D,WA,N/A,M001111,115
172,Maria,CANTWELL,SENATOR,D,WA,N/A,C000127,115
172,Maria,CANTWELL,SENATOR,D,WA,N/A,C000127,115
1558,Tammy,BALDWIN,SENATOR,D,WI,N/A,B001230,115
735,Edward,MARKEY,SENATOR,D,MA,N/A,M000133,115
1965,Michael,BENNET,SENATOR,D,CO,N/A,B001267,115
1247,Ron,WYDEN,SENATOR,D,OR,N/A,W000779,115
1409,Patty,MURRAY,SENATOR,D,WA,N/A,M001111,115
583,James,INHOFE,SENATOR,R,OK,N/A,I000024,115
2356,Liz,CHENEY,N/A,R,WY,N/A,C001109,115
1036,Charles,SCHUMER,SENATOR,D,NY,N/A,S000148,115
2173,Brian,SCHATZ,SENATOR,D,HI,N/A,S001194,115
1567,Tom,UDALL,SENATOR,D,NM,N/A,U000039,115
2098,Tom,COTTON,SENATOR,R,AR,N/A,C001095,115
2098,Tom,COTTON,SENATOR,R,AR,N/A,C001095,115
1829,Jon,TESTER,SENATOR,D,MT,N/A,T000464,115
2173,Brian,SCHATZ,SENATOR,D,HI,N/A,S001194,115
1036,Charles,SCHUMER,SENATOR,D,NY,N/A,S000148,115
1818,Albio,SIRES,REPRESENTATIVE,D,NJ,8,S001165,115
1818,Albio,SIRES,REPRESENTATIVE,D,NJ,8,S001165,115
1526,Brad,SHERMAN,REPRESENTATIVE,D,CA,30,S000344,115
1818,Albio,SIRES,REPRESENTATIVE,D,NJ,8,S001165,115
1801,Louie,GOHMERT,REPRESENTATIVE,R,TX,1,G000552,115
1351,Orrin,HATCH,SENATOR,R,UT,N/A,H000338,115
1896,James,RISCH,SENATOR,R,ID,N/A,R000584,115
2283,Joni,ERNST,SENATOR,R,IA,N/A,E000295,115
2050,James,LANKFORD,SENATOR,R,OK,N/A,L000575,115
326,Richard,DURBIN,SENATOR,D,IL,N/A,D000563,115
1969,Al,FRANKEN,SENATOR,D,MN,N/A,F000457,115
2084,Marco,RUBIO,SENATOR,R,FL,N/A,R000595,115
1692,John,CORNYN,SENATOR,R,TX,N/A,C001056,115
179,Thomas,CARPER,SENATOR,D,DE,N/A,C000174,115
179,Thomas,CARPER,SENATOR,D,DE,N/A,C000174,115
179,Thomas,CARPER,SENATOR,D,DE,N/A,C000174,115
326,Richard,DURBIN,SENATOR,D,IL,N/A,D000563,115
1829,Jon,TESTER,SENATOR,D,MT,N/A,T000464,115
1507,Jerry,MORAN,SENATOR,R,KS,N/A,M000934,115
1829,Jon,TESTER,SENATOR,D,MT,N/A,T000464,115
1507,Jerry,MORAN,SENATOR,R,KS,N/A,M000934,115
1829,Jon,TESTER,SENATOR,D,MT,N/A,T000464,115
1829,Jon,TESTER,SENATOR,D,MT,N/A,T000464,115
179,Thomas,CARPER,SENATOR,D,DE,N/A,C000174,115
2270,Brian,BABIN,REPRESENTATIVE,R,TX,36,B001291,115
1567,Tom,UDALL,SENATOR,D,NM,N/A,U000039,115
1829,Jon,TESTER,SENATOR,D,MT,N/A,T000464,115
1332,Dianne,FEINSTEIN,SENATOR,D,CA,N/A,F000062,115
949,Jack,REED,REPRESENTATIVE,D,RI,23,R000122,115
1692,John,CORNYN,SENATOR,R,TX,N/A,C001056,115
1853,John,YARMUTH,REPRESENTATIVE,D,KY,3,Y000062,115
1801,Louie,GOHMERT,REPRESENTATIVE,R,TX,1,G000552,115
1383,Patrick,LEAHY,SENATOR,D,VT,N/A,L000174,115
1526,Brad,SHERMAN,REPRESENTATIVE,D,CA,30,S000344,115
1526,Brad,SHERMAN,REPRESENTATIVE,D,CA,30,S000344,115
1526,Brad,SHERMAN,REPRESENTATIVE,D,CA,30,S000344,115
2098,Tom,COTTON,SENATOR,R,AR,N/A,C001095,115
1896,James,RISCH,SENATOR,R,ID,N/A,R000584,115
1526,Brad,SHERMAN,REPRESENTATIVE,D,CA,30,S000344,115
1526,Brad,SHERMAN,REPRESENTATIVE,D,CA,30,S000344,115
1526,Brad,SHERMAN,REPRESENTATIVE,D,CA,30,S000344,115
186,Steve,CHABOT,REPRESENTATIVE,R,OH,1,C000266,115
1526,Brad,SHERMAN,REPRESENTATIVE,D,CA,30,S000344,115
1526,Brad,SHERMAN,REPRESENTATIVE,D,CA,30,S000344,115
2138,Steve,DAINES,SENATOR,R,MT,N/A,D000618,115
172,Maria,CANTWELL,SENATOR,D,WA,N/A,C000127,115
2290,Dan,SULLIVAN,SENATOR,R,AK,N/A,S001198,115
2137,Ann,WAGNER,REPRESENTATIVE,R,MO,2,W000812,115
2098,Tom,COTTON,SENATOR,R,AR,N/A,C001095,115
1836,Joe,COURTNEY,REPRESENTATIVE,D,CT,2,C001069,115
136,Sherrod,BROWN,REPRESENTATIVE,D,OH,26,B000944,115
1036,Charles,SCHUMER,SENATOR,D,NY,N/A,S000148,115
