speaker_id,first_name,last_name,type,party,state,district,bio_guide_id,congress_id
1791,Virginia,FOXX,REPRESENTATIVE,R,NC,5,F000450,115
1748,Marsha,BLACKBURN,REPRESENTATIVE,R,TN,7,B001243,115
1986,Martha,ROBY,REPRESENTATIVE,R,AL,2,R000591,115
1507,Jerry,MORAN,SENATOR,R,KS,N/A,M000934,115
1507,Jerry,MORAN,SENATOR,R,KS,N/A,M000934,115
2309,Jimmy,PANETTA,N/A,D,CA,N/A,P000613,115
2152,Brad,WENSTRUP,REPRESENTATIVE,R,OH,2,W000815,115
1507,Jerry,MORAN,SENATOR,R,KS,N/A,M000934,115
446,Bob,GOODLATTE,REPRESENTATIVE,R,VA,6,G000289,115
446,Bob,GOODLATTE,REPRESENTATIVE,R,VA,6,G000289,115
446,Bob,GOODLATTE,REPRESENTATIVE,R,VA,6,G000289,115
446,Bob,GOODLATTE,REPRESENTATIVE,R,VA,6,G000289,115
229,John,CONYERS,REPRESENTATIVE,D,MI,13,C000714,115
446,Bob,GOODLATTE,REPRESENTATIVE,R,VA,6,G000289,115
1840,Vern,BUCHANAN,REPRESENTATIVE,R,FL,16,B001260,115
229,John,CONYERS,REPRESENTATIVE,D,MI,13,C000714,115
850,Jerrold,NADLER,REPRESENTATIVE,D,NY,10,N000002,115
229,John,CONYERS,REPRESENTATIVE,D,MI,13,C000714,115
850,Jerrold,NADLER,REPRESENTATIVE,D,NY,10,N000002,115
1986,Martha,ROBY,REPRESENTATIVE,R,AL,2,R000591,115
229,John,CONYERS,REPRESENTATIVE,D,MI,13,C000714,115
850,Jerrold,NADLER,REPRESENTATIVE,D,NY,10,N000002,115
2314,Matt,GAETZ,N/A,R,FL,N/A,G000578,115
229,John,CONYERS,REPRESENTATIVE,D,MI,13,C000714,115
229,John,CONYERS,REPRESENTATIVE,D,MI,13,C000714,115
229,John,CONYERS,REPRESENTATIVE,D,MI,13,C000714,115
229,John,CONYERS,REPRESENTATIVE,D,MI,13,C000714,115
1834,Doug,LAMBORN,REPRESENTATIVE,R,CO,5,L000564,115
229,John,CONYERS,REPRESENTATIVE,D,MI,13,C000714,115
229,John,CONYERS,REPRESENTATIVE,D,MI,13,C000714,115
229,John,CONYERS,REPRESENTATIVE,D,MI,13,C000714,115
229,John,CONYERS,REPRESENTATIVE,D,MI,13,C000714,115
229,John,CONYERS,REPRESENTATIVE,D,MI,13,C000714,115
229,John,CONYERS,REPRESENTATIVE,D,MI,13,C000714,115
2328,Roger,MARSHALL,N/A,R,KS,N/A,M001198,115
2201,Alma,ADAMS,REPRESENTATIVE,D,NC,12,A000370,115
2239,Rick,ALLEN,REPRESENTATIVE,R,GA,12,A000372,115
1774,Jim,COSTA,REPRESENTATIVE,D,CA,16,C001059,115
2032,Vicky,HARTZLER,REPRESENTATIVE,R,MO,4,H001053,115
2248,John,MOOLENAAR,REPRESENTATIVE,R,MI,4,M001194,115
1507,Jerry,MORAN,SENATOR,R,KS,N/A,M000934,115
2229,Pete,AGUILAR,REPRESENTATIVE,D,CA,31,A000371,115
2343,John,FASO,N/A,R,NY,N/A,F000464,115
1995,Jeff,DENHAM,REPRESENTATIVE,R,CA,10,D000612,115
2274,Stacey,PLASKETT,DELEGATE,D,VI,N/A,P000610,115
2311,Nanette,BARRAGAN,N/A,D,CA,N/A,B001300,115
2341,Thomas,SUOZZI,N/A,D,NY,N/A,S001201,115
1910,Jared,POLIS,REPRESENTATIVE,D,CO,2,P000598,115
1602,Grace,NAPOLITANO,REPRESENTATIVE,D,CA,32,N000179,115
1742,Tom,COLE,REPRESENTATIVE,R,OK,12,C001053,115
1507,Jerry,MORAN,SENATOR,R,KS,N/A,M000934,115
1507,Jerry,MORAN,SENATOR,R,KS,N/A,M000934,115
1507,Jerry,MORAN,SENATOR,R,KS,N/A,M000934,115
2341,Thomas,SUOZZI,N/A,D,NY,N/A,S001201,115
2015,Randy,HULTGREN,REPRESENTATIVE,R,IL,14,H001059,115
1668,James,LANGEVIN,REPRESENTATIVE,D,RI,2,L000559,115
2107,Tony,CARDENAS,REPRESENTATIVE,D,CA,29,C001097,115
1501,Barbara,LEE,REPRESENTATIVE,D,CA,13,L000551,115
1501,Barbara,LEE,REPRESENTATIVE,D,CA,13,L000551,115
1501,Barbara,LEE,REPRESENTATIVE,D,CA,13,L000551,115
1501,Barbara,LEE,REPRESENTATIVE,D,CA,13,L000551,115
1501,Barbara,LEE,REPRESENTATIVE,D,CA,13,L000551,115
2115,Ted,YOHO,REPRESENTATIVE,R,FL,3,Y000065,115
1501,Barbara,LEE,REPRESENTATIVE,D,CA,13,L000551,115
344,Eliot,ENGEL,REPRESENTATIVE,D,NY,16,E000179,115
1501,Barbara,LEE,REPRESENTATIVE,D,CA,13,L000551,115
612,Walter,JONES,REPRESENTATIVE,R,NC,3,J000255,115
1501,Barbara,LEE,REPRESENTATIVE,D,CA,13,L000551,115
2308,Ro,KHANNA,N/A,D,CA,N/A,K000389,115
1501,Barbara,LEE,REPRESENTATIVE,D,CA,13,L000551,115
1501,Barbara,LEE,REPRESENTATIVE,D,CA,13,L000551,115
2201,Alma,ADAMS,REPRESENTATIVE,D,NC,12,A000370,115
2332,Jamie,RASKIN,N/A,D,MD,N/A,R000606,115
2332,Jamie,RASKIN,N/A,D,MD,N/A,R000606,115
2303,John,KENNEDY,REPRESENTATIVE,R,LA,4,K000393,115
1910,Jared,POLIS,REPRESENTATIVE,D,CO,2,P000598,115
1910,Jared,POLIS,REPRESENTATIVE,D,CO,2,P000598,115
1910,Jared,POLIS,REPRESENTATIVE,D,CO,2,P000598,115
355,Anna,ESHOO,REPRESENTATIVE,D,CA,18,E000215,115
1910,Jared,POLIS,REPRESENTATIVE,D,CO,2,P000598,115
2320,Val,DEMINGS,N/A,D,FL,N/A,D000627,115
1910,Jared,POLIS,REPRESENTATIVE,D,CO,2,P000598,115
2320,Val,DEMINGS,N/A,D,FL,N/A,D000627,115
1910,Jared,POLIS,REPRESENTATIVE,D,CO,2,P000598,115
1910,Jared,POLIS,REPRESENTATIVE,D,CO,2,P000598,115
1910,Jared,POLIS,REPRESENTATIVE,D,CO,2,P000598,115
2336,Ted,BUDD,REPRESENTATIVE,R,NC,1,B001305,115
2008,Rob,WOODALL,REPRESENTATIVE,R,GA,7,W000810,115
2351,Scott,TAYLOR,N/A,R,VA,N/A,T000477,115
2307,Andy,BIGGS,N/A,R,AZ,N/A,B001302,115
2337,Don,BACON,N/A,R,NE,N/A,B001298,115
2165,Roger,WILLIAMS,REPRESENTATIVE,R,TX,25,W000816,115
2223,J.,HILL,REPRESENTATIVE,R,AR,2,H001072,115
2122,Tulsi,GABBARD,REPRESENTATIVE,D,HI,2,G000571,115
2153,Joyce,BEATTY,REPRESENTATIVE,D,OH,3,B001281,115
1501,Barbara,LEE,REPRESENTATIVE,D,CA,13,L000551,115
1036,Charles,SCHUMER,SENATOR,D,NY,N/A,S000148,115
2253,Tom,EMMER,REPRESENTATIVE,R,MN,6,E000294,115
2253,Tom,EMMER,REPRESENTATIVE,R,MN,6,E000294,115
2253,Tom,EMMER,REPRESENTATIVE,R,MN,6,E000294,115
2253,Tom,EMMER,REPRESENTATIVE,R,MN,6,E000294,115
1837,Christopher,MURPHY,SENATOR,D,CT,N/A,M001169,115
1226,Roger,WICKER,SENATOR,R,MS,N/A,W000437,115
1226,Roger,WICKER,SENATOR,R,MS,N/A,W000437,115
2290,Dan,SULLIVAN,SENATOR,R,AK,N/A,S001198,115
2290,Dan,SULLIVAN,SENATOR,R,AK,N/A,S001198,115
1534,John,THUNE,SENATOR,R,SD,N/A,T000250,115
1534,John,THUNE,SENATOR,R,SD,N/A,T000250,115
2050,James,LANKFORD,SENATOR,R,OK,N/A,L000575,115
2050,James,LANKFORD,SENATOR,R,OK,N/A,L000575,115
1692,John,CORNYN,SENATOR,R,TX,N/A,C001056,115
1692,John,CORNYN,SENATOR,R,TX,N/A,C001056,115
2283,Joni,ERNST,SENATOR,R,IA,N/A,E000295,115
2289,Ben,SASSE,SENATOR,R,NE,N/A,S001197,115
326,Richard,DURBIN,SENATOR,D,IL,N/A,D000563,115
2354,Pramila,JAYAPAL,N/A,D,WA,N/A,J000298,115
1501,Barbara,LEE,REPRESENTATIVE,D,CA,13,L000551,115
2354,Pramila,JAYAPAL,N/A,D,WA,N/A,J000298,115
1588,Janice,SCHAKOWSKY,REPRESENTATIVE,D,IL,9,S001145,115
2354,Pramila,JAYAPAL,N/A,D,WA,N/A,J000298,115
1890,Jackie,SPEIER,REPRESENTATIVE,D,CA,14,S001175,115
1534,John,THUNE,SENATOR,R,SD,N/A,T000250,115
2303,John,KENNEDY,REPRESENTATIVE,R,LA,4,K000393,115
2176,Tim,KAINE,SENATOR,D,VA,N/A,K000384,115
174,Benjamin,CARDIN,SENATOR,D,MD,N/A,C000141,115
2182,Elizabeth,WARREN,SENATOR,D,MA,N/A,W000817,115
1692,John,CORNYN,SENATOR,R,TX,N/A,C001056,115
2138,Steve,DAINES,SENATOR,R,MT,N/A,D000618,115
2138,Steve,DAINES,SENATOR,R,MT,N/A,D000618,115
326,Richard,DURBIN,SENATOR,D,IL,N/A,D000563,115
1910,Jared,POLIS,REPRESENTATIVE,D,CO,2,P000598,115
1890,Jackie,SPEIER,REPRESENTATIVE,D,CA,14,S001175,115
1036,Charles,SCHUMER,SENATOR,D,NY,N/A,S000148,115
1036,Charles,SCHUMER,SENATOR,D,NY,N/A,S000148,115
2243,Mike,BOST,REPRESENTATIVE,R,IL,12,B001295,115
