speaker_id,first_name,last_name,type,party,state,district,bio_guide_id,congress_id
2343,John,FASO,N/A,R,NY,N/A,F000464,115
99,Earl,BLUMENAUER,REPRESENTATIVE,D,OR,3,B000574,115
2334,Paul,MITCHELL,N/A,R,MI,N/A,M001201,115
2339,Jacky,ROSEN,N/A,D,NV,N/A,R000608,115
1757,Linda,SANCHEZ,REPRESENTATIVE,D,CA,38,S001156,115
2344,Claudia,TENNEY,N/A,R,NY,N/A,T000478,115
1692,John,CORNYN,SENATOR,R,TX,N/A,C001056,115
1863,Dean,HELLER,SENATOR,R,NV,N/A,H001041,115
344,Eliot,ENGEL,REPRESENTATIVE,D,NY,16,E000179,115
1668,James,LANGEVIN,REPRESENTATIVE,D,RI,2,L000559,115
2311,Nanette,BARRAGAN,N/A,D,CA,N/A,B001300,115
1855,Tim,WALBERG,REPRESENTATIVE,R,MI,7,W000798,115
1837,Christopher,MURPHY,SENATOR,D,CT,N/A,M001169,115
326,Richard,DURBIN,SENATOR,D,IL,N/A,D000563,115
1828,Robert,CASEY,SENATOR,D,PA,N/A,C001070,115
2342,Adriano,ESPAILLAT,N/A,D,NY,N/A,E000297,115
2316,John,RUTHERFORD,N/A,R,FL,N/A,R000609,115
2325,Raja,KRISHNAMOORTHI,N/A,D,IL,N/A,K000391,115
1633,Jeff,FLAKE,SENATOR,R,AZ,N/A,F000444,115
2271,Mia,LOVE,REPRESENTATIVE,R,UT,4,L000584,115
1633,Jeff,FLAKE,SENATOR,R,AZ,N/A,F000444,115
2239,Rick,ALLEN,REPRESENTATIVE,R,GA,12,A000372,115
2316,John,RUTHERFORD,N/A,R,FL,N/A,R000609,115
1332,Dianne,FEINSTEIN,SENATOR,D,CA,N/A,F000062,115
2032,Vicky,HARTZLER,REPRESENTATIVE,R,MO,4,H001053,115
2307,Andy,BIGGS,N/A,R,AZ,N/A,B001302,115
2060,Kristi,NOEM,REPRESENTATIVE,R,SD,0,N000184,115
2361,Ralph,NORMAN,N/A,R,SC,N/A,N000190,115
2270,Brian,BABIN,REPRESENTATIVE,R,TX,36,B001291,115
2158,Keith,ROTHFUS,REPRESENTATIVE,R,PA,12,R000598,115
1825,Bob,CORKER,SENATOR,R,TN,N/A,C001071,115
791,Robert,MENENDEZ,SENATOR,D,NJ,N/A,M000639,115
1668,James,LANGEVIN,REPRESENTATIVE,D,RI,2,L000559,115
2354,Pramila,JAYAPAL,N/A,D,WA,N/A,J000298,115
2076,Richard,BLUMENTHAL,SENATOR,D,CT,N/A,B001277,115
1687,John,BOOZMAN,SENATOR,R,AR,N/A,B001236,115
2185,Angus,KING,REPRESENTATIVE,I,ME,4,K000383,115
1866,Kirsten,GILLIBRAND,SENATOR,D,NY,N/A,G000555,115
2076,Richard,BLUMENTHAL,SENATOR,D,CT,N/A,B001277,115
2076,Richard,BLUMENTHAL,SENATOR,D,CT,N/A,B001277,115
1694,Lisa,MURKOWSKI,SENATOR,R,AK,N/A,M001153,115
2274,Stacey,PLASKETT,DELEGATE,D,VI,N/A,P000610,115
2274,Stacey,PLASKETT,DELEGATE,D,VI,N/A,P000610,115
2097,Donald,PAYNE,REPRESENTATIVE,D,NJ,10,P000604,115
2274,Stacey,PLASKETT,DELEGATE,D,VI,N/A,P000610,115
2274,Stacey,PLASKETT,DELEGATE,D,VI,N/A,P000610,115
2097,Donald,PAYNE,REPRESENTATIVE,D,NJ,10,P000604,115
2274,Stacey,PLASKETT,DELEGATE,D,VI,N/A,P000610,115
1692,John,CORNYN,SENATOR,R,TX,N/A,C001056,115
2353,Thomas,GARRETT,REPRESENTATIVE,R,VA,5,G000580,115
1801,Louie,GOHMERT,REPRESENTATIVE,R,TX,1,G000552,115
2353,Thomas,GARRETT,REPRESENTATIVE,R,VA,5,G000580,115
1351,Orrin,HATCH,SENATOR,R,UT,N/A,H000338,115
2173,Brian,SCHATZ,SENATOR,D,HI,N/A,S001194,115
2173,Brian,SCHATZ,SENATOR,D,HI,N/A,S001194,115
1036,Charles,SCHUMER,SENATOR,D,NY,N/A,S000148,115
1507,Jerry,MORAN,SENATOR,R,KS,N/A,M000934,115
1507,Jerry,MORAN,SENATOR,R,KS,N/A,M000934,115
326,Richard,DURBIN,SENATOR,D,IL,N/A,D000563,115
1383,Patrick,LEAHY,SENATOR,D,VT,N/A,L000174,115
1507,Jerry,MORAN,SENATOR,R,KS,N/A,M000934,115
1692,John,CORNYN,SENATOR,R,TX,N/A,C001056,115
1692,John,CORNYN,SENATOR,R,TX,N/A,C001056,115
1567,Tom,UDALL,SENATOR,D,NM,N/A,U000039,115
1676,Shelley,CAPITO,N/A,R,WV,N/A,C001047,115
1676,Shelley,CAPITO,N/A,R,WV,N/A,C001047,115
2182,Elizabeth,WARREN,SENATOR,D,MA,N/A,W000817,115
2182,Elizabeth,WARREN,SENATOR,D,MA,N/A,W000817,115
2179,Deb,FISCHER,SENATOR,R,NE,N/A,F000463,115
172,Maria,CANTWELL,SENATOR,D,WA,N/A,C000127,115
172,Maria,CANTWELL,SENATOR,D,WA,N/A,C000127,115
735,Edward,MARKEY,SENATOR,D,MA,N/A,M000133,115
1534,John,THUNE,SENATOR,R,SD,N/A,T000250,115
1534,John,THUNE,SENATOR,R,SD,N/A,T000250,115
1534,John,THUNE,SENATOR,R,SD,N/A,T000250,115
1692,John,CORNYN,SENATOR,R,TX,N/A,C001056,115
326,Richard,DURBIN,SENATOR,D,IL,N/A,D000563,115
1805,K.,CONAWAY,REPRESENTATIVE,R,TX,11,C001062,115
859,Bill,NELSON,SENATOR,D,FL,N/A,N000032,115
2124,Bradley,SCHNEIDER,N/A,D,IL,N/A,S001190,115
1534,John,THUNE,SENATOR,R,SD,N/A,T000250,115
2228,Stephen,KNIGHT,REPRESENTATIVE,R,CA,25,K000387,115
478,Luis,GUTIERREZ,REPRESENTATIVE,D,IL,4,G000535,115
