speaker_id,first_name,last_name,type,party,state,district,bio_guide_id,congress_id
2328,Roger,MARSHALL,N/A,R,KS,N/A,M001198,115
2015,Randy,HULTGREN,REPRESENTATIVE,R,IL,14,H001059,115
2015,Randy,HULTGREN,REPRESENTATIVE,R,IL,14,H001059,115
2015,Randy,HULTGREN,REPRESENTATIVE,R,IL,14,H001059,115
2134,Daniel,KILDEE,REPRESENTATIVE,D,MI,5,K000380,115
2015,Randy,HULTGREN,REPRESENTATIVE,R,IL,14,H001059,115
2015,Randy,HULTGREN,REPRESENTATIVE,R,IL,14,H001059,115
979,Dana,ROHRABACHER,REPRESENTATIVE,R,CA,48,R000409,115
1848,Peter,ROSKAM,REPRESENTATIVE,R,IL,6,R000580,115
1848,Peter,ROSKAM,REPRESENTATIVE,R,IL,6,R000580,115
1848,Peter,ROSKAM,REPRESENTATIVE,R,IL,6,R000580,115
854,Richard,NEAL,REPRESENTATIVE,D,MA,1,N000015,115
1848,Peter,ROSKAM,REPRESENTATIVE,R,IL,6,R000580,115
854,Richard,NEAL,REPRESENTATIVE,D,MA,1,N000015,115
1604,Joseph,CROWLEY,REPRESENTATIVE,D,NY,14,C001038,115
1848,Peter,ROSKAM,REPRESENTATIVE,R,IL,6,R000580,115
854,Richard,NEAL,REPRESENTATIVE,D,MA,1,N000015,115
1848,Peter,ROSKAM,REPRESENTATIVE,R,IL,6,R000580,115
1742,Tom,COLE,REPRESENTATIVE,R,OK,12,C001053,115
2311,Nanette,BARRAGAN,N/A,D,CA,N/A,B001300,115
2015,Randy,HULTGREN,REPRESENTATIVE,R,IL,14,H001059,115
2015,Randy,HULTGREN,REPRESENTATIVE,R,IL,14,H001059,115
2015,Randy,HULTGREN,REPRESENTATIVE,R,IL,14,H001059,115
2015,Randy,HULTGREN,REPRESENTATIVE,R,IL,14,H001059,115
2327,Trey,HOLLINGSWORTH,N/A,R,IN,N/A,H001074,115
2099,Kyrsten,SINEMA,REPRESENTATIVE,D,AZ,9,S001191,115
2015,Randy,HULTGREN,REPRESENTATIVE,R,IL,14,H001059,115
2015,Randy,HULTGREN,REPRESENTATIVE,R,IL,14,H001059,115
2015,Randy,HULTGREN,REPRESENTATIVE,R,IL,14,H001059,115
2314,Matt,GAETZ,N/A,R,FL,N/A,G000578,115
2054,Lou,BARLETTA,REPRESENTATIVE,R,PA,11,B001269,115
2341,Thomas,SUOZZI,N/A,D,NY,N/A,S001201,115
2353,Thomas,GARRETT,REPRESENTATIVE,R,VA,5,G000580,115
1668,James,LANGEVIN,REPRESENTATIVE,D,RI,2,L000559,115
1848,Peter,ROSKAM,REPRESENTATIVE,R,IL,6,R000580,115
99,Earl,BLUMENAUER,REPRESENTATIVE,D,OR,3,B000574,115
616,Marcy,KAPTUR,REPRESENTATIVE,D,OH,8,K000009,115
2325,Raja,KRISHNAMOORTHI,N/A,D,IL,N/A,K000391,115
2054,Lou,BARLETTA,REPRESENTATIVE,R,PA,11,B001269,115
2097,Donald,PAYNE,REPRESENTATIVE,D,NJ,10,P000604,115
2343,John,FASO,N/A,R,NY,N/A,F000464,115
2015,Randy,HULTGREN,REPRESENTATIVE,R,IL,14,H001059,115
2015,Randy,HULTGREN,REPRESENTATIVE,R,IL,14,H001059,115
2015,Randy,HULTGREN,REPRESENTATIVE,R,IL,14,H001059,115
2015,Randy,HULTGREN,REPRESENTATIVE,R,IL,14,H001059,115
2015,Randy,HULTGREN,REPRESENTATIVE,R,IL,14,H001059,115
2021,Kevin,YODER,REPRESENTATIVE,R,KS,3,Y000063,115
2015,Randy,HULTGREN,REPRESENTATIVE,R,IL,14,H001059,115
2015,Randy,HULTGREN,REPRESENTATIVE,R,IL,14,H001059,115
2328,Roger,MARSHALL,N/A,R,KS,N/A,M001198,115
2015,Randy,HULTGREN,REPRESENTATIVE,R,IL,14,H001059,115
2344,Claudia,TENNEY,N/A,R,NY,N/A,T000478,115
