speaker_id,first_name,last_name,type,party,state,district,bio_guide_id,congress_id
1464,Roy,BLUNT,SENATOR,R,MO,N/A,B000575,115
1823,Sheldon,WHITEHOUSE,SENATOR,D,RI,N/A,W000802,115
1881,John,BARRASSO,SENATOR,R,WY,N/A,B001261,115
1850,Joe,DONNELLY,SENATOR,D,IN,N/A,D000607,115
2080,Mike,LEE,REPRESENTATIVE,R,UT,13,L000577,115
2275,Dan,NEWHOUSE,REPRESENTATIVE,R,WA,4,N000189,115
1633,Jeff,FLAKE,SENATOR,R,AZ,N/A,F000444,115
2302,Margaret,HASSAN,N/A,D,NH,N/A,H001076,115
414,Rodney,FRELINGHUYSEN,REPRESENTATIVE,R,NJ,11,F000372,115
414,Rodney,FRELINGHUYSEN,REPRESENTATIVE,R,NJ,11,F000372,115
414,Rodney,FRELINGHUYSEN,REPRESENTATIVE,R,NJ,11,F000372,115
414,Rodney,FRELINGHUYSEN,REPRESENTATIVE,R,NJ,11,F000372,115
709,Nita,LOWEY,REPRESENTATIVE,D,NY,17,L000480,115
414,Rodney,FRELINGHUYSEN,REPRESENTATIVE,R,NJ,11,F000372,115
709,Nita,LOWEY,REPRESENTATIVE,D,NY,17,L000480,115
414,Rodney,FRELINGHUYSEN,REPRESENTATIVE,R,NJ,11,F000372,115
709,Nita,LOWEY,REPRESENTATIVE,D,NY,17,L000480,115
854,Richard,NEAL,REPRESENTATIVE,D,MA,1,N000015,115
414,Rodney,FRELINGHUYSEN,REPRESENTATIVE,R,NJ,11,F000372,115
709,Nita,LOWEY,REPRESENTATIVE,D,NY,17,L000480,115
414,Rodney,FRELINGHUYSEN,REPRESENTATIVE,R,NJ,11,F000372,115
1155,Mac,THORNBERRY,REPRESENTATIVE,R,TX,13,T000238,115
414,Rodney,FRELINGHUYSEN,REPRESENTATIVE,R,NJ,11,F000372,115
2353,Thomas,GARRETT,REPRESENTATIVE,R,VA,5,G000580,115
344,Eliot,ENGEL,REPRESENTATIVE,D,NY,16,E000179,115
165,Ken,CALVERT,REPRESENTATIVE,R,CA,42,C000059,115
1825,Bob,CORKER,SENATOR,R,TN,N/A,C001071,115
1825,Bob,CORKER,SENATOR,R,TN,N/A,C001071,115
1825,Bob,CORKER,SENATOR,R,TN,N/A,C001071,115
2194,Cory,BOOKER,SENATOR,D,NJ,N/A,B001288,115
1692,John,CORNYN,SENATOR,R,TX,N/A,C001056,115
791,Robert,MENENDEZ,SENATOR,D,NJ,N/A,M000639,115
1810,David,REICHERT,REPRESENTATIVE,R,WA,8,R000578,115
1351,Orrin,HATCH,SENATOR,R,UT,N/A,H000338,115
165,Ken,CALVERT,REPRESENTATIVE,R,CA,42,C000059,115
1184,Nydia,VELAZQUEZ,REPRESENTATIVE,D,NY,7,V000081,115
1810,David,REICHERT,REPRESENTATIVE,R,WA,8,R000578,115
2018,Larry,BUCSHON,REPRESENTATIVE,R,IN,8,B001275,115
174,Benjamin,CARDIN,SENATOR,D,MD,N/A,C000141,115
1542,Michael,ENZI,SENATOR,R,WY,N/A,E000285,115
1823,Sheldon,WHITEHOUSE,SENATOR,D,RI,N/A,W000802,115
1332,Dianne,FEINSTEIN,SENATOR,D,CA,N/A,F000062,115
2138,Steve,DAINES,SENATOR,R,MT,N/A,D000618,115
2328,Roger,MARSHALL,N/A,R,KS,N/A,M001198,115
2328,Roger,MARSHALL,N/A,R,KS,N/A,M001198,115
2345,Brian,FITZPATRICK,REPRESENTATIVE,R,PA,8,F000466,115
165,Ken,CALVERT,REPRESENTATIVE,R,CA,42,C000059,115
616,Marcy,KAPTUR,REPRESENTATIVE,D,OH,8,K000009,115
1036,Charles,SCHUMER,SENATOR,D,NY,N/A,S000148,115
1534,John,THUNE,SENATOR,R,SD,N/A,T000250,115
2228,Stephen,KNIGHT,REPRESENTATIVE,R,CA,25,K000387,115
2228,Stephen,KNIGHT,REPRESENTATIVE,R,CA,25,K000387,115
165,Ken,CALVERT,REPRESENTATIVE,R,CA,42,C000059,115
2228,Stephen,KNIGHT,REPRESENTATIVE,R,CA,25,K000387,115
165,Ken,CALVERT,REPRESENTATIVE,R,CA,42,C000059,115
2228,Stephen,KNIGHT,REPRESENTATIVE,R,CA,25,K000387,115
165,Ken,CALVERT,REPRESENTATIVE,R,CA,42,C000059,115
2156,Markwayne,MULLIN,REPRESENTATIVE,R,OK,2,M001190,115
2156,Markwayne,MULLIN,REPRESENTATIVE,R,OK,2,M001190,115
2156,Markwayne,MULLIN,REPRESENTATIVE,R,OK,2,M001190,115
1992,Paul,GOSAR,REPRESENTATIVE,R,AZ,4,G000565,115
1910,Jared,POLIS,REPRESENTATIVE,D,CO,2,P000598,115
2156,Markwayne,MULLIN,REPRESENTATIVE,R,OK,2,M001190,115
2157,Scott,PERRY,REPRESENTATIVE,R,PA,4,P000605,115
2156,Markwayne,MULLIN,REPRESENTATIVE,R,OK,2,M001190,115
165,Ken,CALVERT,REPRESENTATIVE,R,CA,42,C000059,115
2156,Markwayne,MULLIN,REPRESENTATIVE,R,OK,2,M001190,115
2156,Markwayne,MULLIN,REPRESENTATIVE,R,OK,2,M001190,115
2156,Markwayne,MULLIN,REPRESENTATIVE,R,OK,2,M001190,115
2156,Markwayne,MULLIN,REPRESENTATIVE,R,OK,2,M001190,115
1992,Paul,GOSAR,REPRESENTATIVE,R,AZ,4,G000565,115
2156,Markwayne,MULLIN,REPRESENTATIVE,R,OK,2,M001190,115
165,Ken,CALVERT,REPRESENTATIVE,R,CA,42,C000059,115
2156,Markwayne,MULLIN,REPRESENTATIVE,R,OK,2,M001190,115
1910,Jared,POLIS,REPRESENTATIVE,D,CO,2,P000598,115
1910,Jared,POLIS,REPRESENTATIVE,D,CO,2,P000598,115
165,Ken,CALVERT,REPRESENTATIVE,R,CA,42,C000059,115
165,Ken,CALVERT,REPRESENTATIVE,R,CA,42,C000059,115
1910,Jared,POLIS,REPRESENTATIVE,D,CO,2,P000598,115
2134,Daniel,KILDEE,REPRESENTATIVE,D,MI,5,K000380,115
1910,Jared,POLIS,REPRESENTATIVE,D,CO,2,P000598,115
165,Ken,CALVERT,REPRESENTATIVE,R,CA,42,C000059,115
1910,Jared,POLIS,REPRESENTATIVE,D,CO,2,P000598,115
1910,Jared,POLIS,REPRESENTATIVE,D,CO,2,P000598,115
1910,Jared,POLIS,REPRESENTATIVE,D,CO,2,P000598,115
1910,Jared,POLIS,REPRESENTATIVE,D,CO,2,P000598,115
1910,Jared,POLIS,REPRESENTATIVE,D,CO,2,P000598,115
1910,Jared,POLIS,REPRESENTATIVE,D,CO,2,P000598,115
165,Ken,CALVERT,REPRESENTATIVE,R,CA,42,C000059,115
165,Ken,CALVERT,REPRESENTATIVE,R,CA,42,C000059,115
1910,Jared,POLIS,REPRESENTATIVE,D,CO,2,P000598,115
1910,Jared,POLIS,REPRESENTATIVE,D,CO,2,P000598,115
2361,Ralph,NORMAN,N/A,R,SC,N/A,N000190,115
2361,Ralph,NORMAN,N/A,R,SC,N/A,N000190,115
165,Ken,CALVERT,REPRESENTATIVE,R,CA,42,C000059,115
165,Ken,CALVERT,REPRESENTATIVE,R,CA,42,C000059,115
165,Ken,CALVERT,REPRESENTATIVE,R,CA,42,C000059,115
165,Ken,CALVERT,REPRESENTATIVE,R,CA,42,C000059,115
2361,Ralph,NORMAN,N/A,R,SC,N/A,N000190,115
165,Ken,CALVERT,REPRESENTATIVE,R,CA,42,C000059,115
1534,John,THUNE,SENATOR,R,SD,N/A,T000250,115
1036,Charles,SCHUMER,SENATOR,D,NY,N/A,S000148,115
2185,Angus,KING,REPRESENTATIVE,I,ME,4,K000383,115
2243,Mike,BOST,REPRESENTATIVE,R,IL,12,B001295,115
1525,Pete,SESSIONS,SENATOR,R,TX,N/A,S000250,115
1525,Pete,SESSIONS,SENATOR,R,TX,N/A,S000250,115
1525,Pete,SESSIONS,SENATOR,R,TX,N/A,S000250,115
1525,Pete,SESSIONS,SENATOR,R,TX,N/A,S000250,115
1069,Louise,SLAUGHTER,REPRESENTATIVE,D,NY,25,S000480,115
1525,Pete,SESSIONS,SENATOR,R,TX,N/A,S000250,115
2067,Blake,FARENTHOLD,REPRESENTATIVE,R,TX,27,F000460,115
1069,Louise,SLAUGHTER,REPRESENTATIVE,D,NY,25,S000480,115
1069,Louise,SLAUGHTER,REPRESENTATIVE,D,NY,25,S000480,115
2340,Ruben,KIHUEN,N/A,D,NV,N/A,K000390,115
1525,Pete,SESSIONS,SENATOR,R,TX,N/A,S000250,115
1069,Louise,SLAUGHTER,REPRESENTATIVE,D,NY,25,S000480,115
1525,Pete,SESSIONS,SENATOR,R,TX,N/A,S000250,115
1069,Louise,SLAUGHTER,REPRESENTATIVE,D,NY,25,S000480,115
1525,Pete,SESSIONS,SENATOR,R,TX,N/A,S000250,115
1525,Pete,SESSIONS,SENATOR,R,TX,N/A,S000250,115
326,Richard,DURBIN,SENATOR,D,IL,N/A,D000563,115
326,Richard,DURBIN,SENATOR,D,IL,N/A,D000563,115
1692,John,CORNYN,SENATOR,R,TX,N/A,C001056,115
1692,John,CORNYN,SENATOR,R,TX,N/A,C001056,115
2179,Deb,FISCHER,SENATOR,R,NE,N/A,F000463,115
2179,Deb,FISCHER,SENATOR,R,NE,N/A,F000463,115
2098,Tom,COTTON,SENATOR,R,AR,N/A,C001095,115
1692,John,CORNYN,SENATOR,R,TX,N/A,C001056,115
326,Richard,DURBIN,SENATOR,D,IL,N/A,D000563,115
2079,John,HOEVEN,SENATOR,R,ND,N/A,H001061,115
2170,Denny,HECK,REPRESENTATIVE,D,WA,3,H001064,115
1534,John,THUNE,SENATOR,R,SD,N/A,T000250,115
1534,John,THUNE,SENATOR,R,SD,N/A,T000250,115
1036,Charles,SCHUMER,SENATOR,D,NY,N/A,S000148,115
