speaker_id,first_name,last_name,type,party,state,district,bio_guide_id,congress_id
2134,Daniel,KILDEE,REPRESENTATIVE,D,MI,5,K000380,115
2165,Roger,WILLIAMS,REPRESENTATIVE,R,TX,25,W000816,115
2307,Andy,BIGGS,N/A,R,AZ,N/A,B001302,115
1604,Joseph,CROWLEY,REPRESENTATIVE,D,NY,14,C001038,115
2021,Kevin,YODER,REPRESENTATIVE,R,KS,3,Y000063,115
1791,Virginia,FOXX,REPRESENTATIVE,R,NC,5,F000450,115
2338,Josh,GOTTHEIMER,N/A,D,NJ,N/A,G000583,115
1036,Charles,SCHUMER,SENATOR,D,NY,N/A,S000148,115
1594,Patrick,TOOMEY,SENATOR,R,PA,N/A,T000461,115
1594,Patrick,TOOMEY,SENATOR,R,PA,N/A,T000461,115
326,Richard,DURBIN,SENATOR,D,IL,N/A,D000563,115
326,Richard,DURBIN,SENATOR,D,IL,N/A,D000563,115
1829,Jon,TESTER,SENATOR,D,MT,N/A,T000464,115
1866,Kirsten,GILLIBRAND,SENATOR,D,NY,N/A,G000555,115
1036,Charles,SCHUMER,SENATOR,D,NY,N/A,S000148,115
1823,Sheldon,WHITEHOUSE,SENATOR,D,RI,N/A,W000802,115
1823,Sheldon,WHITEHOUSE,SENATOR,D,RI,N/A,W000802,115
1823,Sheldon,WHITEHOUSE,SENATOR,D,RI,N/A,W000802,115
1998,Cory,GARDNER,N/A,R,CO,N/A,G000562,115
179,Thomas,CARPER,SENATOR,D,DE,N/A,C000174,115
179,Thomas,CARPER,SENATOR,D,DE,N/A,C000174,115
1010,Bernard,SANDERS,SENATOR,I,VT,N/A,S000033,115
1010,Bernard,SANDERS,SENATOR,I,VT,N/A,S000033,115
1925,Bill,CASSIDY,SENATOR,R,LA,N/A,C001075,115
1608,Johnny,ISAKSON,SENATOR,R,GA,N/A,I000055,115
2098,Tom,COTTON,SENATOR,R,AR,N/A,C001095,115
1226,Roger,WICKER,SENATOR,R,MS,N/A,W000437,115
326,Richard,DURBIN,SENATOR,D,IL,N/A,D000563,115
326,Richard,DURBIN,SENATOR,D,IL,N/A,D000563,115
326,Richard,DURBIN,SENATOR,D,IL,N/A,D000563,115
452,Lindsey,GRAHAM,REPRESENTATIVE,R,SC,2,G000359,115
2056,Tim,SCOTT,REPRESENTATIVE,R,SC,52,S001184,115
2056,Tim,SCOTT,REPRESENTATIVE,R,SC,52,S001184,115
2080,Mike,LEE,REPRESENTATIVE,R,UT,13,L000577,115
2080,Mike,LEE,REPRESENTATIVE,R,UT,13,L000577,115
2138,Steve,DAINES,SENATOR,R,MT,N/A,D000618,115
1036,Charles,SCHUMER,SENATOR,D,NY,N/A,S000148,115
1036,Charles,SCHUMER,SENATOR,D,NY,N/A,S000148,115
1010,Bernard,SANDERS,SENATOR,I,VT,N/A,S000033,115
1542,Michael,ENZI,SENATOR,R,WY,N/A,E000285,115
1542,Michael,ENZI,SENATOR,R,WY,N/A,E000285,115
1010,Bernard,SANDERS,SENATOR,I,VT,N/A,S000033,115
1010,Bernard,SANDERS,SENATOR,I,VT,N/A,S000033,115
1010,Bernard,SANDERS,SENATOR,I,VT,N/A,S000033,115
1542,Michael,ENZI,SENATOR,R,WY,N/A,E000285,115
1542,Michael,ENZI,SENATOR,R,WY,N/A,E000285,115
859,Bill,NELSON,SENATOR,D,FL,N/A,N000032,115
1010,Bernard,SANDERS,SENATOR,I,VT,N/A,S000033,115
1692,John,CORNYN,SENATOR,R,TX,N/A,C001056,115
326,Richard,DURBIN,SENATOR,D,IL,N/A,D000563,115
1036,Charles,KING,REPRESENTATIVE,D,NY,4,S000148,115
1542,Michael,ENZI,SENATOR,R,WY,N/A,E000285,115
1036,Charles,KING,REPRESENTATIVE,D,NY,4,S000148,115
1692,John,CORNYN,SENATOR,R,TX,N/A,C001056,115
326,Richard,DURBIN,SENATOR,D,IL,N/A,D000563,115
1881,John,BARRASSO,SENATOR,R,WY,N/A,B001261,115
1010,Bernard,SANDERS,SENATOR,I,VT,N/A,S000033,115
1983,Joe,MANCHIN,SENATOR,D,WV,N/A,M001183,115
1983,Joe,MANCHIN,SENATOR,D,WV,N/A,M001183,115
1881,John,BARRASSO,SENATOR,R,WY,N/A,B001261,115
1692,John,CORNYN,SENATOR,R,TX,N/A,C001056,115
326,Richard,DURBIN,SENATOR,D,IL,N/A,D000563,115
1010,Bernard,SANDERS,SENATOR,I,VT,N/A,S000033,115
1542,Michael,ENZI,SENATOR,R,WY,N/A,E000285,115
1983,Joe,MANCHIN,SENATOR,D,WV,N/A,M001183,115
1542,Michael,ENZI,SENATOR,R,WY,N/A,E000285,115
1983,Joe,MANCHIN,SENATOR,D,WV,N/A,M001183,115
1542,Michael,ENZI,SENATOR,R,WY,N/A,E000285,115
1983,Joe,MANCHIN,SENATOR,D,WV,N/A,M001183,115
1692,John,CORNYN,SENATOR,R,TX,N/A,C001056,115
1863,Dean,HELLER,SENATOR,R,NV,N/A,H001041,115
1558,Tammy,BALDWIN,SENATOR,D,WI,N/A,B001230,115
1010,Bernard,SANDERS,SENATOR,I,VT,N/A,S000033,115
1863,Dean,HELLER,SENATOR,R,NV,N/A,H001041,115
1010,Bernard,SANDERS,SENATOR,I,VT,N/A,S000033,115
1692,John,CORNYN,SENATOR,R,TX,N/A,C001056,115
326,Richard,DURBIN,SENATOR,D,IL,N/A,D000563,115
1558,Tammy,BALDWIN,SENATOR,D,WI,N/A,B001230,115
1542,Michael,ENZI,SENATOR,R,WY,N/A,E000285,115
1558,Tammy,BALDWIN,SENATOR,D,WI,N/A,B001230,115
1692,John,CORNYN,SENATOR,R,TX,N/A,C001056,115
326,Richard,DURBIN,SENATOR,D,IL,N/A,D000563,115
1633,Jeff,FLAKE,SENATOR,R,AZ,N/A,F000444,115
1829,Jon,TESTER,SENATOR,D,MT,N/A,T000464,115
1010,Bernard,SANDERS,SENATOR,I,VT,N/A,S000033,115
1633,Jeff,FLAKE,SENATOR,R,AZ,N/A,F000444,115
1692,John,CORNYN,SENATOR,R,TX,N/A,C001056,115
326,Richard,DURBIN,SENATOR,D,IL,N/A,D000563,115
1542,Michael,ENZI,SENATOR,R,WY,N/A,E000285,115
1829,Jon,TESTER,SENATOR,D,MT,N/A,T000464,115
1542,Michael,ENZI,SENATOR,R,WY,N/A,E000285,115
1829,Jon,TESTER,SENATOR,D,MT,N/A,T000464,115
1692,John,CORNYN,SENATOR,R,TX,N/A,C001056,115
326,Richard,DURBIN,SENATOR,D,IL,N/A,D000563,115
1542,Michael,ENZI,SENATOR,R,WY,N/A,E000285,115
1010,Bernard,SANDERS,SENATOR,I,VT,N/A,S000033,115
1542,Michael,ENZI,SENATOR,R,WY,N/A,E000285,115
1010,Bernard,SANDERS,SENATOR,I,VT,N/A,S000033,115
1828,Robert,CASEY,SENATOR,D,PA,N/A,C001070,115
1828,Robert,CASEY,SENATOR,D,PA,N/A,C001070,115
1692,John,CORNYN,SENATOR,R,TX,N/A,C001056,115
326,Richard,DURBIN,SENATOR,D,IL,N/A,D000563,115
1542,Michael,ENZI,SENATOR,R,WY,N/A,E000285,115
1542,Michael,ENZI,SENATOR,R,WY,N/A,E000285,115
1825,Bob,CORKER,SENATOR,R,TN,N/A,C001071,115
924,Rob,PORTMAN,SENATOR,R,OH,N/A,P000449,115
1825,Bob,CORKER,SENATOR,R,TN,N/A,C001071,115
1541,Susan,COLLINS,REPRESENTATIVE,R,ME,9,C001035,115
1825,Bob,CORKER,SENATOR,R,TN,N/A,C001071,115
1542,Michael,ENZI,SENATOR,R,WY,N/A,E000285,115
1881,John,BARRASSO,SENATOR,R,WY,N/A,B001261,115
1010,Bernard,SANDERS,SENATOR,I,VT,N/A,S000033,115
1881,John,BARRASSO,SENATOR,R,WY,N/A,B001261,115
1692,John,CORNYN,SENATOR,R,TX,N/A,C001056,115
326,Richard,DURBIN,SENATOR,D,IL,N/A,D000563,115
1351,Orrin,HATCH,SENATOR,R,UT,N/A,H000338,115
1351,Orrin,HATCH,SENATOR,R,UT,N/A,H000338,115
1692,John,CORNYN,SENATOR,R,TX,N/A,C001056,115
326,Richard,DURBIN,SENATOR,D,IL,N/A,D000563,115
1542,Michael,ENZI,SENATOR,R,WY,N/A,E000285,115
2055,David,CICILLINE,REPRESENTATIVE,D,RI,1,C001084,115
566,Steny,HOYER,REPRESENTATIVE,D,MD,5,H000874,115
1668,James,LANGEVIN,REPRESENTATIVE,D,RI,2,L000559,115
616,Marcy,KAPTUR,REPRESENTATIVE,D,OH,8,K000009,115
616,Marcy,KAPTUR,REPRESENTATIVE,D,OH,8,K000009,115
2253,Tom,EMMER,REPRESENTATIVE,R,MN,6,E000294,115
2308,Ro,KHANNA,N/A,D,CA,N/A,K000389,115
2255,Mark,WALKER,REPRESENTATIVE,R,NC,6,W000819,115
2131,Andy,BARR,REPRESENTATIVE,R,KY,11,B001282,115
2255,Mark,WALKER,REPRESENTATIVE,R,NC,6,W000819,115
2255,Mark,WALKER,REPRESENTATIVE,R,NC,6,W000819,115
2223,J.,HILL,REPRESENTATIVE,R,AR,2,H001072,115
2255,Mark,WALKER,REPRESENTATIVE,R,NC,6,W000819,115
2255,Mark,WALKER,REPRESENTATIVE,R,NC,6,W000819,115
2017,Todd,ROKITA,REPRESENTATIVE,R,IN,4,R000592,115
2255,Mark,WALKER,REPRESENTATIVE,R,NC,6,W000819,115
2270,Brian,BABIN,REPRESENTATIVE,R,TX,36,B001291,115
2255,Mark,WALKER,REPRESENTATIVE,R,NC,6,W000819,115
2255,Mark,WALKER,REPRESENTATIVE,R,NC,6,W000819,115
2115,Ted,YOHO,REPRESENTATIVE,R,FL,3,Y000065,115
2255,Mark,WALKER,REPRESENTATIVE,R,NC,6,W000819,115
1955,Pete,OLSON,REPRESENTATIVE,R,TX,22,O000168,115
2255,Mark,WALKER,REPRESENTATIVE,R,NC,6,W000819,115
2255,Mark,WALKER,REPRESENTATIVE,R,NC,6,W000819,115
2272,Donald,BEYER,REPRESENTATIVE,D,VA,8,B001292,115
99,Earl,BLUMENAUER,REPRESENTATIVE,D,OR,3,B000574,115
2018,Larry,BUCSHON,REPRESENTATIVE,R,IN,8,B001275,115
1036,Charles,SCHUMER,SENATOR,D,NY,N/A,S000148,115
1794,Brian,HIGGINS,REPRESENTATIVE,D,NY,26,H001038,115
1036,Charles,SCHUMER,SENATOR,D,NY,N/A,S000148,115
1036,Charles,SCHUMER,SENATOR,D,NY,N/A,S000148,115
2169,Derek,KILMER,REPRESENTATIVE,D,WA,6,K000381,115
1692,John,CORNYN,SENATOR,R,TX,N/A,C001056,115
2239,Rick,ALLEN,REPRESENTATIVE,R,GA,12,A000372,115
2138,Steve,DAINES,SENATOR,R,MT,N/A,D000618,115
2115,Ted,YOHO,REPRESENTATIVE,R,FL,3,Y000065,115
1818,Albio,SIRES,REPRESENTATIVE,D,NJ,8,S001165,115
1910,Jared,POLIS,REPRESENTATIVE,D,CO,2,P000598,115
2275,Dan,NEWHOUSE,REPRESENTATIVE,R,WA,4,N000189,115
2275,Dan,NEWHOUSE,REPRESENTATIVE,R,WA,4,N000189,115
2275,Dan,NEWHOUSE,REPRESENTATIVE,R,WA,4,N000189,115
2275,Dan,NEWHOUSE,REPRESENTATIVE,R,WA,4,N000189,115
1910,Jared,POLIS,REPRESENTATIVE,D,CO,2,P000598,115
2275,Dan,NEWHOUSE,REPRESENTATIVE,R,WA,4,N000189,115
2275,Dan,NEWHOUSE,REPRESENTATIVE,R,WA,4,N000189,115
1805,K.,CONAWAY,REPRESENTATIVE,R,TX,11,C001062,115
1910,Jared,POLIS,REPRESENTATIVE,D,CO,2,P000598,115
1910,Jared,POLIS,REPRESENTATIVE,D,CO,2,P000598,115
2275,Dan,NEWHOUSE,REPRESENTATIVE,R,WA,4,N000189,115
1910,Jared,POLIS,REPRESENTATIVE,D,CO,2,P000598,115
2275,Dan,NEWHOUSE,REPRESENTATIVE,R,WA,4,N000189,115
2275,Dan,NEWHOUSE,REPRESENTATIVE,R,WA,4,N000189,115
1910,Jared,POLIS,REPRESENTATIVE,D,CO,2,P000598,115
1910,Jared,POLIS,REPRESENTATIVE,D,CO,2,P000598,115
1823,Sheldon,WHITEHOUSE,SENATOR,D,RI,N/A,W000802,115
2097,Donald,PAYNE,REPRESENTATIVE,D,NJ,10,P000604,115
2345,Brian,FITZPATRICK,REPRESENTATIVE,R,PA,8,F000466,115
2015,Randy,HULTGREN,REPRESENTATIVE,R,IL,14,H001059,115
1542,Michael,ENZI,SENATOR,R,WY,N/A,E000285,115
1837,Christopher,MURPHY,SENATOR,D,CT,N/A,M001169,115
1501,Barbara,LEE,REPRESENTATIVE,D,CA,13,L000551,115
2312,J.,CORREA,N/A,D,CA,N/A,C001110,115
1542,Michael,ENZI,SENATOR,R,WY,N/A,E000285,115
1542,Michael,ENZI,SENATOR,R,WY,N/A,E000285,115
446,Bob,GOODLATTE,REPRESENTATIVE,R,VA,6,G000289,115
446,Bob,GOODLATTE,REPRESENTATIVE,R,VA,6,G000289,115
229,John,CONYERS,REPRESENTATIVE,D,MI,13,C000714,115
446,Bob,GOODLATTE,REPRESENTATIVE,R,VA,6,G000289,115
1956,Jason,CHAFFETZ,REPRESENTATIVE,R,UT,3,C001076,115
229,John,CONYERS,REPRESENTATIVE,D,MI,13,C000714,115
446,Bob,GOODLATTE,REPRESENTATIVE,R,VA,6,G000289,115
229,John,CONYERS,REPRESENTATIVE,D,MI,13,C000714,115
256,Elijah,CUMMINGS,REPRESENTATIVE,D,MD,7,C000984,115
446,Bob,GOODLATTE,REPRESENTATIVE,R,VA,6,G000289,115
2053,Tom,MARINO,REPRESENTATIVE,R,PA,10,M001179,115
229,John,CONYERS,REPRESENTATIVE,D,MI,13,C000714,115
1878,Steve,COHEN,REPRESENTATIVE,D,TN,9,C001068,115
446,Bob,GOODLATTE,REPRESENTATIVE,R,VA,6,G000289,115
186,Steve,CHABOT,REPRESENTATIVE,R,OH,1,C000266,115
229,John,CONYERS,REPRESENTATIVE,D,MI,13,C000714,115
446,Bob,GOODLATTE,REPRESENTATIVE,R,VA,6,G000289,115
2268,John,RATCLIFFE,REPRESENTATIVE,R,TX,4,R000601,115
229,John,CONYERS,REPRESENTATIVE,D,MI,13,C000714,115
446,Bob,GOODLATTE,REPRESENTATIVE,R,VA,6,G000289,115
446,Bob,GOODLATTE,REPRESENTATIVE,R,VA,6,G000289,115
910,Collin,PETERSON,REPRESENTATIVE,D,MN,7,P000258,115
229,John,CONYERS,REPRESENTATIVE,D,MI,13,C000714,115
446,Bob,GOODLATTE,REPRESENTATIVE,R,VA,6,G000289,115
1931,Blaine,LUETKEMEYER,REPRESENTATIVE,R,MO,3,L000569,115
229,John,CONYERS,REPRESENTATIVE,D,MI,13,C000714,115
446,Bob,GOODLATTE,REPRESENTATIVE,R,VA,6,G000289,115
2158,Keith,ROTHFUS,REPRESENTATIVE,R,PA,12,R000598,115
229,John,CONYERS,REPRESENTATIVE,D,MI,13,C000714,115
229,John,CONYERS,REPRESENTATIVE,D,MI,13,C000714,115
446,Bob,GOODLATTE,REPRESENTATIVE,R,VA,6,G000289,115
229,John,CONYERS,REPRESENTATIVE,D,MI,13,C000714,115
229,John,CONYERS,REPRESENTATIVE,D,MI,13,C000714,115
446,Bob,GOODLATTE,REPRESENTATIVE,R,VA,6,G000289,115
2228,Stephen,KNIGHT,REPRESENTATIVE,R,CA,25,K000387,115
229,John,CONYERS,REPRESENTATIVE,D,MI,13,C000714,115
446,Bob,GOODLATTE,REPRESENTATIVE,R,VA,6,G000289,115
446,Bob,GOODLATTE,REPRESENTATIVE,R,VA,6,G000289,115
446,Bob,GOODLATTE,REPRESENTATIVE,R,VA,6,G000289,115
446,Bob,GOODLATTE,REPRESENTATIVE,R,VA,6,G000289,115
446,Bob,GOODLATTE,REPRESENTATIVE,R,VA,6,G000289,115
1956,Jason,CHAFFETZ,REPRESENTATIVE,R,UT,3,C001076,115
1956,Jason,CHAFFETZ,REPRESENTATIVE,R,UT,3,C001076,115
1956,Jason,CHAFFETZ,REPRESENTATIVE,R,UT,3,C001076,115
446,Bob,GOODLATTE,REPRESENTATIVE,R,VA,6,G000289,115
1956,Jason,CHAFFETZ,REPRESENTATIVE,R,UT,3,C001076,115
186,Steve,CHABOT,REPRESENTATIVE,R,OH,1,C000266,115
186,Steve,CHABOT,REPRESENTATIVE,R,OH,1,C000266,115
186,Steve,CHABOT,REPRESENTATIVE,R,OH,1,C000266,115
446,Bob,GOODLATTE,REPRESENTATIVE,R,VA,6,G000289,115
186,Steve,CHABOT,REPRESENTATIVE,R,OH,1,C000266,115
1184,Nydia,VELAZQUEZ,REPRESENTATIVE,D,NY,7,V000081,115
1184,Nydia,VELAZQUEZ,REPRESENTATIVE,D,NY,7,V000081,115
186,Steve,CHABOT,REPRESENTATIVE,R,OH,1,C000266,115
186,Steve,CHABOT,REPRESENTATIVE,R,OH,1,C000266,115
1184,Nydia,VELAZQUEZ,REPRESENTATIVE,D,NY,7,V000081,115
186,Steve,CHABOT,REPRESENTATIVE,R,OH,1,C000266,115
910,Collin,PETERSON,REPRESENTATIVE,D,MN,7,P000258,115
910,Collin,PETERSON,REPRESENTATIVE,D,MN,7,P000258,115
910,Collin,PETERSON,REPRESENTATIVE,D,MN,7,P000258,115
446,Bob,GOODLATTE,REPRESENTATIVE,R,VA,6,G000289,115
910,Collin,PETERSON,REPRESENTATIVE,D,MN,7,P000258,115
1959,Gerald,CONNOLLY,REPRESENTATIVE,D,VA,11,C001078,115
446,Bob,GOODLATTE,REPRESENTATIVE,R,VA,6,G000289,115
1807,Henry,CUELLAR,REPRESENTATIVE,D,TX,28,C001063,115
446,Bob,GOODLATTE,REPRESENTATIVE,R,VA,6,G000289,115
2053,Tom,MARINO,REPRESENTATIVE,R,PA,10,M001179,115
2053,Tom,MARINO,REPRESENTATIVE,R,PA,10,M001179,115
2053,Tom,MARINO,REPRESENTATIVE,R,PA,10,M001179,115
2055,David,CICILLINE,REPRESENTATIVE,D,RI,1,C001084,115
2055,David,CICILLINE,REPRESENTATIVE,D,RI,1,C001084,115
2053,Tom,MARINO,REPRESENTATIVE,R,PA,10,M001179,115
2053,Tom,MARINO,REPRESENTATIVE,R,PA,10,M001179,115
2055,David,CICILLINE,REPRESENTATIVE,D,RI,1,C001084,115
2053,Tom,MARINO,REPRESENTATIVE,R,PA,10,M001179,115
2053,Tom,MARINO,REPRESENTATIVE,R,PA,10,M001179,115
2053,Tom,MARINO,REPRESENTATIVE,R,PA,10,M001179,115
2053,Tom,MARINO,REPRESENTATIVE,R,PA,10,M001179,115
2053,Tom,MARINO,REPRESENTATIVE,R,PA,10,M001179,115
2053,Tom,MARINO,REPRESENTATIVE,R,PA,10,M001179,115
2053,Tom,MARINO,REPRESENTATIVE,R,PA,10,M001179,115
2109,Raul,RUIZ,REPRESENTATIVE,D,CA,36,R000599,115
2109,Raul,RUIZ,REPRESENTATIVE,D,CA,36,R000599,115
2053,Tom,MARINO,REPRESENTATIVE,R,PA,10,M001179,115
2053,Tom,MARINO,REPRESENTATIVE,R,PA,10,M001179,115
2109,Raul,RUIZ,REPRESENTATIVE,D,CA,36,R000599,115
2053,Tom,MARINO,REPRESENTATIVE,R,PA,10,M001179,115
2109,Raul,RUIZ,REPRESENTATIVE,D,CA,36,R000599,115
2053,Tom,MARINO,REPRESENTATIVE,R,PA,10,M001179,115
2053,Tom,MARINO,REPRESENTATIVE,R,PA,10,M001179,115
2053,Tom,MARINO,REPRESENTATIVE,R,PA,10,M001179,115
1942,Paul,TONKO,REPRESENTATIVE,D,NY,20,T000469,115
1942,Paul,TONKO,REPRESENTATIVE,D,NY,20,T000469,115
2053,Tom,MARINO,REPRESENTATIVE,R,PA,10,M001179,115
2053,Tom,MARINO,REPRESENTATIVE,R,PA,10,M001179,115
1942,Paul,TONKO,REPRESENTATIVE,D,NY,20,T000469,115
1708,Raul,GRIJALVA,REPRESENTATIVE,D,AZ,3,G000551,115
1708,Raul,GRIJALVA,REPRESENTATIVE,D,AZ,3,G000551,115
186,Steve,CHABOT,REPRESENTATIVE,R,OH,1,C000266,115
186,Steve,CHABOT,REPRESENTATIVE,R,OH,1,C000266,115
1708,Raul,GRIJALVA,REPRESENTATIVE,D,AZ,3,G000551,115
186,Steve,CHABOT,REPRESENTATIVE,R,OH,1,C000266,115
1708,Raul,GRIJALVA,REPRESENTATIVE,D,AZ,3,G000551,115
1915,Bill,POSEY,REPRESENTATIVE,R,FL,8,P000599,115
1915,Bill,POSEY,REPRESENTATIVE,R,FL,8,P000599,115
1942,Paul,TONKO,REPRESENTATIVE,D,NY,20,T000469,115
1942,Paul,TONKO,REPRESENTATIVE,D,NY,20,T000469,115
1915,Bill,POSEY,REPRESENTATIVE,R,FL,8,P000599,115
1915,Bill,POSEY,REPRESENTATIVE,R,FL,8,P000599,115
1915,Bill,POSEY,REPRESENTATIVE,R,FL,8,P000599,115
1604,Joseph,CROWLEY,REPRESENTATIVE,D,NY,14,C001038,115
99999999999999,First Name unavailable,SUOZZI,Type Unavailable,Party Info Unavailable,state info unavailable,District Unavailable,BioGuideID unavailable,CongressID unavailable
446,Bob,GOODLATTE,REPRESENTATIVE,R,VA,6,G000289,115
2320,Val,DEMINGS,N/A,D,FL,N/A,D000627,115
2320,Val,DEMINGS,N/A,D,FL,N/A,D000627,115
2320,Val,DEMINGS,N/A,D,FL,N/A,D000627,115
2053,Tom,MARINO,REPRESENTATIVE,R,PA,10,M001179,115
2053,Tom,MARINO,REPRESENTATIVE,R,PA,10,M001179,115
2320,Val,DEMINGS,N/A,D,FL,N/A,D000627,115
2053,Tom,MARINO,REPRESENTATIVE,R,PA,10,M001179,115
2032,Vicky,HARTZLER,REPRESENTATIVE,R,MO,4,H001053,115
791,Robert,MENENDEZ,SENATOR,D,NJ,N/A,M000639,115
1542,Michael,ENZI,SENATOR,R,WY,N/A,E000285,115
1010,Bernard,SANDERS,SENATOR,I,VT,N/A,S000033,115
1692,John,CORNYN,SENATOR,R,TX,N/A,C001056,115
326,Richard,DURBIN,SENATOR,D,IL,N/A,D000563,115
1695,Lamar,ALEXANDER,SENATOR,R,TN,N/A,A000360,115
1695,Lamar,ALEXANDER,SENATOR,R,TN,N/A,A000360,115
1010,Bernard,SANDERS,SENATOR,I,VT,N/A,S000033,115
1695,Lamar,ALEXANDER,SENATOR,R,TN,N/A,A000360,115
1692,John,CORNYN,SENATOR,R,TX,N/A,C001056,115
326,Richard,DURBIN,SENATOR,D,IL,N/A,D000563,115
1826,Amy,KLOBUCHAR,SENATOR,D,MN,N/A,K000367,115
1826,Amy,KLOBUCHAR,SENATOR,D,MN,N/A,K000367,115
1010,Bernard,SANDERS,SENATOR,I,VT,N/A,S000033,115
1542,Michael,ENZI,SENATOR,R,WY,N/A,E000285,115
1010,Bernard,SANDERS,SENATOR,I,VT,N/A,S000033,115
1692,John,CORNYN,SENATOR,R,TX,N/A,C001056,115
1247,Ron,WYDEN,SENATOR,D,OR,N/A,W000779,115
1247,Ron,WYDEN,SENATOR,D,OR,N/A,W000779,115
1247,Ron,WYDEN,SENATOR,D,OR,N/A,W000779,115
1692,John,CORNYN,SENATOR,R,TX,N/A,C001056,115
326,Richard,DURBIN,SENATOR,D,IL,N/A,D000563,115
1542,Michael,ENZI,SENATOR,R,WY,N/A,E000285,115
1542,Michael,ENZI,SENATOR,R,WY,N/A,E000285,115
1036,Charles,SCHUMER,SENATOR,D,NY,N/A,S000148,115
1542,Michael,ENZI,SENATOR,R,WY,N/A,E000285,115
1542,Michael,ENZI,SENATOR,R,WY,N/A,E000285,115
2179,Deb,FISCHER,SENATOR,R,NE,N/A,F000463,115
2179,Deb,FISCHER,SENATOR,R,NE,N/A,F000463,115
1866,Kirsten,GILLIBRAND,SENATOR,D,NY,N/A,G000555,115
2179,Deb,FISCHER,SENATOR,R,NE,N/A,F000463,115
1542,Michael,ENZI,SENATOR,R,WY,N/A,E000285,115
1542,Michael,ENZI,SENATOR,R,WY,N/A,E000285,115
1692,John,CORNYN,SENATOR,R,TX,N/A,C001056,115
326,Richard,DURBIN,SENATOR,D,IL,N/A,D000563,115
1542,Michael,ENZI,SENATOR,R,WY,N/A,E000285,115
1866,Kirsten,GILLIBRAND,SENATOR,D,NY,N/A,G000555,115
1692,John,CORNYN,SENATOR,R,TX,N/A,C001056,115
326,Richard,DURBIN,SENATOR,D,IL,N/A,D000563,115
1351,Orrin,HATCH,SENATOR,R,UT,N/A,H000338,115
136,Sherrod,BROWN,REPRESENTATIVE,D,OH,26,B000944,115
1351,Orrin,HATCH,SENATOR,R,UT,N/A,H000338,115
1692,John,CORNYN,SENATOR,R,TX,N/A,C001056,115
326,Richard,DURBIN,SENATOR,D,IL,N/A,D000563,115
136,Sherrod,BROWN,REPRESENTATIVE,D,OH,26,B000944,115
136,Sherrod,BROWN,REPRESENTATIVE,D,OH,26,B000944,115
1542,Michael,ENZI,SENATOR,R,WY,N/A,E000285,115
136,Sherrod,BROWN,REPRESENTATIVE,D,OH,26,B000944,115
1692,John,CORNYN,SENATOR,R,TX,N/A,C001056,115
326,Richard,DURBIN,SENATOR,D,IL,N/A,D000563,115
1542,Michael,ENZI,SENATOR,R,WY,N/A,E000285,115
1010,Bernard,SANDERS,SENATOR,I,VT,N/A,S000033,115
326,Richard,DURBIN,SENATOR,D,IL,N/A,D000563,115
1036,Charles,SCHUMER,SENATOR,D,NY,N/A,S000148,115
326,Richard,DURBIN,SENATOR,D,IL,N/A,D000563,115
1409,Patty,MURRAY,SENATOR,D,WA,N/A,M001111,115
1531,Debbie,STABENOW,SENATOR,D,MI,N/A,S000770,115
1010,Bernard,SANDERS,SENATOR,I,VT,N/A,S000033,115
1383,Patrick,LEAHY,SENATOR,D,VT,N/A,L000174,115
1383,Patrick,LEAHY,SENATOR,D,VT,N/A,L000174,115
136,Sherrod,BROWN,REPRESENTATIVE,D,OH,26,B000944,115
136,Sherrod,BROWN,REPRESENTATIVE,D,OH,26,B000944,115
172,Maria,CANTWELL,SENATOR,D,WA,N/A,C000127,115
172,Maria,CANTWELL,SENATOR,D,WA,N/A,C000127,115
1901,Jeanne,SHAHEEN,SENATOR,D,NH,N/A,S001181,115
1901,Jeanne,SHAHEEN,SENATOR,D,NH,N/A,S001181,115
1937,Martin,HEINRICH,SENATOR,D,NM,N/A,H001046,115
1937,Martin,HEINRICH,SENATOR,D,NM,N/A,H001046,115
1826,Amy,KLOBUCHAR,SENATOR,D,MN,N/A,K000367,115
1826,Amy,KLOBUCHAR,SENATOR,D,MN,N/A,K000367,115
1558,Tammy,BALDWIN,SENATOR,D,WI,N/A,B001230,115
1558,Tammy,BALDWIN,SENATOR,D,WI,N/A,B001230,115
1900,Jeff,MERKLEY,SENATOR,D,OR,N/A,M001176,115
1900,Jeff,MERKLEY,SENATOR,D,OR,N/A,M001176,115
1984,Christopher,COONS,SENATOR,D,DE,N/A,C001088,115
1984,Christopher,COONS,SENATOR,D,DE,N/A,C001088,115
1829,Jon,TESTER,SENATOR,D,MT,N/A,T000464,115
2123,Tammy,DUCKWORTH,REPRESENTATIVE,D,IL,8,D000622,115
2123,Tammy,DUCKWORTH,REPRESENTATIVE,D,IL,8,D000622,115
1828,Robert,CASEY,SENATOR,D,PA,N/A,C001070,115
1828,Robert,CASEY,SENATOR,D,PA,N/A,C001070,115
2173,Brian,SCHATZ,SENATOR,D,HI,N/A,S001194,115
2173,Brian,SCHATZ,SENATOR,D,HI,N/A,S001194,115
1866,Kirsten,GILLIBRAND,SENATOR,D,NY,N/A,G000555,115
1866,Kirsten,GILLIBRAND,SENATOR,D,NY,N/A,G000555,115
1837,Christopher,MURPHY,SENATOR,D,CT,N/A,M001169,115
1837,Christopher,MURPHY,SENATOR,D,CT,N/A,M001169,115
2302,Margaret,HASSAN,N/A,D,NH,N/A,H001076,115
1844,Mazie,HIRONO,SENATOR,D,HI,N/A,H001042,115
1844,Mazie,HIRONO,SENATOR,D,HI,N/A,H001042,115
2076,Richard,BLUMENTHAL,SENATOR,D,CT,N/A,B001277,115
2076,Richard,BLUMENTHAL,SENATOR,D,CT,N/A,B001277,115
1247,Ron,WYDEN,SENATOR,D,OR,N/A,W000779,115
1823,Sheldon,WHITEHOUSE,SENATOR,D,RI,N/A,W000802,115
1823,Sheldon,WHITEHOUSE,SENATOR,D,RI,N/A,W000802,115
949,Jack,REED,REPRESENTATIVE,D,RI,23,R000122,115
1969,Al,FRANKEN,SENATOR,D,MN,N/A,F000457,115
2182,Elizabeth,WARREN,SENATOR,D,MA,N/A,W000817,115
2182,Elizabeth,WARREN,SENATOR,D,MA,N/A,W000817,115
791,Robert,KING,REPRESENTATIVE,D,NJ,4,M000639,115
791,Robert,KING,REPRESENTATIVE,D,NJ,4,M000639,115
2301,Kamala,HARRIS,REPRESENTATIVE,D,CA,1,H001075,115
2301,Kamala,HARRIS,REPRESENTATIVE,D,CA,1,H001075,115
1983,Joe,MANCHIN,SENATOR,D,WV,N/A,M001183,115
1929,Gary,PETERS,REPRESENTATIVE,D,MI,52,P000595,115
1929,Gary,PETERS,REPRESENTATIVE,D,MI,52,P000595,115
1567,Tom,UDALL,SENATOR,D,NM,N/A,U000039,115
1567,Tom,UDALL,SENATOR,D,NM,N/A,U000039,115
735,Edward,MARKEY,SENATOR,D,MA,N/A,M000133,115
735,Edward,MARKEY,SENATOR,D,MA,N/A,M000133,115
1965,Michael,BENNET,SENATOR,D,CO,N/A,B001267,115
1965,Michael,BENNET,SENATOR,D,CO,N/A,B001267,115
2174,Heidi,HEITKAMP,SENATOR,D,ND,N/A,H001069,115
179,Thomas,CARPER,SENATOR,D,DE,N/A,C000174,115
179,Thomas,CARPER,SENATOR,D,DE,N/A,C000174,115
2194,Cory,BOOKER,SENATOR,D,NJ,N/A,B001288,115
2194,Cory,BOOKER,SENATOR,D,NJ,N/A,B001288,115
99999999999999,First Name unavailable,KRISHNAMOORTHI,Type Unavailable,Party Info Unavailable,state info unavailable,District Unavailable,BioGuideID unavailable,CongressID unavailable
2115,Ted,YOHO,REPRESENTATIVE,R,FL,3,Y000065,115
1654,Wm.,CLAY,REPRESENTATIVE,D,MO,1,C001049,115
2298,Dwight,EVANS,N/A,D,PA,N/A,E000296,115
1838,Gus,BILIRAKIS,REPRESENTATIVE,R,FL,12,B001257,115
683,Sander,LEVIN,REPRESENTATIVE,D,MI,9,L000263,115
1542,Michael,ENZI,SENATOR,R,WY,N/A,E000285,115
2067,Blake,FARENTHOLD,REPRESENTATIVE,R,TX,27,F000460,115
2067,Blake,FARENTHOLD,REPRESENTATIVE,R,TX,27,F000460,115
2067,Blake,FARENTHOLD,REPRESENTATIVE,R,TX,27,F000460,115
99,Earl,BLUMENAUER,REPRESENTATIVE,D,OR,3,B000574,115
2172,Joseph,KENNEDY,REPRESENTATIVE,D,MA,4,K000379,115
2201,Alma,ADAMS,REPRESENTATIVE,D,NC,12,A000370,115
2153,Joyce,BEATTY,REPRESENTATIVE,D,OH,3,B001281,115
2124,Bradley,SCHNEIDER,N/A,D,IL,N/A,S001190,115
