speaker_id,first_name,last_name,type,party,state,district,bio_guide_id,congress_id
1997,Scott,TIPTON,REPRESENTATIVE,R,CO,3,T000470,115
1997,Scott,TIPTON,REPRESENTATIVE,R,CO,3,T000470,115
1997,Scott,TIPTON,REPRESENTATIVE,R,CO,3,T000470,115
1184,Nydia,VELAZQUEZ,REPRESENTATIVE,D,NY,7,V000081,115
1997,Scott,TIPTON,REPRESENTATIVE,R,CO,3,T000470,115
1247,Ron,WYDEN,SENATOR,D,OR,N/A,W000779,115
2283,Joni,ERNST,SENATOR,R,IA,N/A,E000295,115
2283,Joni,ERNST,SENATOR,R,IA,N/A,E000295,115
2291,Thom,TILLIS,SENATOR,R,NC,N/A,T000476,115
1692,John,CORNYN,SENATOR,R,TX,N/A,C001056,115
1823,Sheldon,WHITEHOUSE,SENATOR,D,RI,N/A,W000802,115
1823,Sheldon,WHITEHOUSE,SENATOR,D,RI,N/A,W000802,115
1409,Patty,MURRAY,SENATOR,D,WA,N/A,M001111,115
2182,Elizabeth,WARREN,SENATOR,D,MA,N/A,W000817,115
1844,Mazie,HIRONO,SENATOR,D,HI,N/A,H001042,115
1844,Mazie,HIRONO,SENATOR,D,HI,N/A,H001042,115
1901,Jeanne,SHAHEEN,SENATOR,D,NH,N/A,S001181,115
2076,Richard,BLUMENTHAL,SENATOR,D,CT,N/A,B001277,115
172,Maria,CANTWELL,SENATOR,D,WA,N/A,C000127,115
174,Benjamin,CARDIN,SENATOR,D,MD,N/A,C000141,115
1925,Bill,CASSIDY,SENATOR,R,LA,N/A,C001075,115
2138,Steve,DAINES,SENATOR,R,MT,N/A,D000618,115
2289,Ben,SASSE,SENATOR,R,NE,N/A,S001197,115
1507,Jerry,MORAN,SENATOR,R,KS,N/A,M000934,115
457,Chuck,GRASSLEY,SENATOR,R,IA,N/A,G000386,115
1464,Roy,BLUNT,SENATOR,R,MO,N/A,B000575,115
1226,Roger,WICKER,SENATOR,R,MS,N/A,W000437,115
2179,Deb,FISCHER,SENATOR,R,NE,N/A,F000463,115
1332,Dianne,FEINSTEIN,SENATOR,D,CA,N/A,F000062,115
452,Lindsey,GRAHAM,REPRESENTATIVE,R,SC,2,G000359,115
452,Lindsey,GRAHAM,REPRESENTATIVE,R,SC,2,G000359,115
1036,Charles,SCHUMER,SENATOR,D,NY,N/A,S000148,115
1036,Charles,SCHUMER,SENATOR,D,NY,N/A,S000148,115
1036,Charles,SCHUMER,SENATOR,D,NY,N/A,S000148,115
1692,John,CORNYN,SENATOR,R,TX,N/A,C001056,115
326,Richard,DURBIN,SENATOR,D,IL,N/A,D000563,115
616,Marcy,KAPTUR,REPRESENTATIVE,D,OH,8,K000009,115
1930,Erik,PAULSEN,REPRESENTATIVE,R,MN,3,P000594,115
2307,Andy,BIGGS,N/A,R,AZ,N/A,B001302,115
1801,Louie,GOHMERT,REPRESENTATIVE,R,TX,1,G000552,115
2097,Donald,PAYNE,REPRESENTATIVE,D,NJ,10,P000604,115
2226,Ruben,GALLEGO,REPRESENTATIVE,D,AZ,7,G000574,115
1835,Ed,PERLMUTTER,REPRESENTATIVE,D,CO,7,P000593,115
2261,Lee,ZELDIN,REPRESENTATIVE,R,NY,1,Z000017,115
2261,Lee,ZELDIN,REPRESENTATIVE,R,NY,1,Z000017,115
2328,Roger,MARSHALL,N/A,R,KS,N/A,M001198,115
2340,Ruben,KIHUEN,N/A,D,NV,N/A,K000390,115
1857,Keith,ELLISON,REPRESENTATIVE,D,MN,5,E000288,115
2297,James,COMER,N/A,R,KY,N/A,C001108,115
1487,Kay,GRANGER,REPRESENTATIVE,R,TX,12,G000377,115
1487,Kay,GRANGER,REPRESENTATIVE,R,TX,12,G000377,115
1487,Kay,GRANGER,REPRESENTATIVE,R,TX,12,G000377,115
1487,Kay,GRANGER,REPRESENTATIVE,R,TX,12,G000377,115
1188,Peter,VISCLOSKY,REPRESENTATIVE,D,IN,1,V000108,115
1188,Peter,VISCLOSKY,REPRESENTATIVE,D,IN,1,V000108,115
1487,Kay,GRANGER,REPRESENTATIVE,R,TX,12,G000377,115
414,Rodney,FRELINGHUYSEN,REPRESENTATIVE,R,NJ,11,F000372,115
1188,Peter,VISCLOSKY,REPRESENTATIVE,D,IN,1,V000108,115
709,Nita,LOWEY,REPRESENTATIVE,D,NY,17,L000480,115
1487,Kay,GRANGER,REPRESENTATIVE,R,TX,12,G000377,115
1188,Peter,VISCLOSKY,REPRESENTATIVE,D,IN,1,V000108,115
1487,Kay,GRANGER,REPRESENTATIVE,R,TX,12,G000377,115
165,Ken,CALVERT,REPRESENTATIVE,R,CA,42,C000059,115
1188,Peter,VISCLOSKY,REPRESENTATIVE,D,IN,1,V000108,115
616,Marcy,KAPTUR,REPRESENTATIVE,D,OH,8,K000009,115
1188,Peter,VISCLOSKY,REPRESENTATIVE,D,IN,1,V000108,115
616,Marcy,KAPTUR,REPRESENTATIVE,D,OH,8,K000009,115
1487,Kay,GRANGER,REPRESENTATIVE,R,TX,12,G000377,115
1188,Peter,VISCLOSKY,REPRESENTATIVE,D,IN,1,V000108,115
1501,Barbara,LEE,REPRESENTATIVE,D,CA,13,L000551,115
1188,Peter,VISCLOSKY,REPRESENTATIVE,D,IN,1,V000108,115
1501,Barbara,LEE,REPRESENTATIVE,D,CA,13,L000551,115
1487,Kay,GRANGER,REPRESENTATIVE,R,TX,12,G000377,115
1460,Robert,ADERHOLT,REPRESENTATIVE,R,AL,4,A000055,115
1188,Peter,VISCLOSKY,REPRESENTATIVE,D,IN,1,V000108,115
1487,Kay,GRANGER,REPRESENTATIVE,R,TX,12,G000377,115
1155,Mac,THORNBERRY,REPRESENTATIVE,R,TX,13,T000238,115
1188,Peter,VISCLOSKY,REPRESENTATIVE,D,IN,1,V000108,115
1487,Kay,GRANGER,REPRESENTATIVE,R,TX,12,G000377,115
2158,Keith,ROTHFUS,REPRESENTATIVE,R,PA,12,R000598,115
1188,Peter,VISCLOSKY,REPRESENTATIVE,D,IN,1,V000108,115
1487,Kay,GRANGER,REPRESENTATIVE,R,TX,12,G000377,115
1487,Kay,GRANGER,REPRESENTATIVE,R,TX,12,G000377,115
2325,Raja,KRISHNAMOORTHI,N/A,D,IL,N/A,K000391,115
1997,Scott,TIPTON,REPRESENTATIVE,R,CO,3,T000470,115
1997,Scott,TIPTON,REPRESENTATIVE,R,CO,3,T000470,115
1997,Scott,TIPTON,REPRESENTATIVE,R,CO,3,T000470,115
1184,Nydia,VELAZQUEZ,REPRESENTATIVE,D,NY,7,V000081,115
1997,Scott,TIPTON,REPRESENTATIVE,R,CO,3,T000470,115
2261,Lee,ZELDIN,REPRESENTATIVE,R,NY,1,Z000017,115
2261,Lee,ZELDIN,REPRESENTATIVE,R,NY,1,Z000017,115
1997,Scott,TIPTON,REPRESENTATIVE,R,CO,3,T000470,115
1997,Scott,TIPTON,REPRESENTATIVE,R,CO,3,T000470,115
2345,Brian,FITZPATRICK,REPRESENTATIVE,R,PA,8,F000466,115
2345,Brian,FITZPATRICK,REPRESENTATIVE,R,PA,8,F000466,115
1774,Jim,COSTA,REPRESENTATIVE,D,CA,16,C001059,115
1774,Jim,COSTA,REPRESENTATIVE,D,CA,16,C001059,115
2345,Brian,FITZPATRICK,REPRESENTATIVE,R,PA,8,F000466,115
1828,Robert,CASEY,SENATOR,D,PA,N/A,C001070,115
2032,Vicky,HARTZLER,REPRESENTATIVE,R,MO,4,H001053,115
1997,Scott,TIPTON,REPRESENTATIVE,R,CO,3,T000470,115
1997,Scott,TIPTON,REPRESENTATIVE,R,CO,3,T000470,115
1997,Scott,TIPTON,REPRESENTATIVE,R,CO,3,T000470,115
1184,Nydia,VELAZQUEZ,REPRESENTATIVE,D,NY,7,V000081,115
1997,Scott,TIPTON,REPRESENTATIVE,R,CO,3,T000470,115
2158,Keith,ROTHFUS,REPRESENTATIVE,R,PA,12,R000598,115
1184,Nydia,VELAZQUEZ,REPRESENTATIVE,D,NY,7,V000081,115
1997,Scott,TIPTON,REPRESENTATIVE,R,CO,3,T000470,115
1997,Scott,TIPTON,REPRESENTATIVE,R,CO,3,T000470,115
1997,Scott,TIPTON,REPRESENTATIVE,R,CO,3,T000470,115
1997,Scott,TIPTON,REPRESENTATIVE,R,CO,3,T000470,115
1184,Nydia,VELAZQUEZ,REPRESENTATIVE,D,NY,7,V000081,115
2099,Kyrsten,SINEMA,REPRESENTATIVE,D,AZ,9,S001191,115
1997,Scott,TIPTON,REPRESENTATIVE,R,CO,3,T000470,115
2250,David,TROTT,REPRESENTATIVE,R,MI,11,T000475,115
1184,Nydia,VELAZQUEZ,REPRESENTATIVE,D,NY,7,V000081,115
2340,Ruben,KIHUEN,N/A,D,NV,N/A,K000390,115
1997,Scott,TIPTON,REPRESENTATIVE,R,CO,3,T000470,115
2247,Bruce,POLIQUIN,REPRESENTATIVE,R,ME,2,P000611,115
1997,Scott,TIPTON,REPRESENTATIVE,R,CO,3,T000470,115
2247,Bruce,POLIQUIN,REPRESENTATIVE,R,ME,2,P000611,115
1184,Nydia,VELAZQUEZ,REPRESENTATIVE,D,NY,7,V000081,115
1997,Scott,TIPTON,REPRESENTATIVE,R,CO,3,T000470,115
1184,Nydia,VELAZQUEZ,REPRESENTATIVE,D,NY,7,V000081,115
1901,Jeanne,SHAHEEN,SENATOR,D,NH,N/A,S001181,115
2314,Matt,GAETZ,N/A,R,FL,N/A,G000578,115
2261,Lee,ZELDIN,REPRESENTATIVE,R,NY,1,Z000017,115
2314,Matt,GAETZ,N/A,R,FL,N/A,G000578,115
1834,Doug,LAMBORN,REPRESENTATIVE,R,CO,5,L000564,115
2314,Matt,GAETZ,N/A,R,FL,N/A,G000578,115
2307,Andy,BIGGS,N/A,R,AZ,N/A,B001302,115
2314,Matt,GAETZ,N/A,R,FL,N/A,G000578,115
2067,Blake,FARENTHOLD,REPRESENTATIVE,R,TX,27,F000460,115
2314,Matt,GAETZ,N/A,R,FL,N/A,G000578,115
2314,Matt,GAETZ,N/A,R,FL,N/A,G000578,115
2314,Matt,GAETZ,N/A,R,FL,N/A,G000578,115
2124,Bradley,SCHNEIDER,N/A,D,IL,N/A,S001190,115
1955,Pete,OLSON,REPRESENTATIVE,R,TX,22,O000168,115
2050,James,LANKFORD,SENATOR,R,OK,N/A,L000575,115
2050,James,LANKFORD,SENATOR,R,OK,N/A,L000575,115
2050,James,LANKFORD,SENATOR,R,OK,N/A,L000575,115
1692,John,CORNYN,SENATOR,R,TX,N/A,C001056,115
326,Richard,DURBIN,SENATOR,D,IL,N/A,D000563,115
174,Benjamin,CARDIN,SENATOR,D,MD,N/A,C000141,115
2050,James,LANKFORD,SENATOR,R,OK,N/A,L000575,115
2050,James,LANKFORD,SENATOR,R,OK,N/A,L000575,115
1828,Robert,CASEY,SENATOR,D,PA,N/A,C001070,115
1828,Robert,CASEY,SENATOR,D,PA,N/A,C001070,115
2274,Stacey,PLASKETT,DELEGATE,D,VI,N/A,P000610,115
2080,Mike,LEE,REPRESENTATIVE,R,UT,13,L000577,115
2302,Margaret,HASSAN,N/A,D,NH,N/A,H001076,115
1507,Jerry,MORAN,SENATOR,R,KS,N/A,M000934,115
2050,James,LANKFORD,SENATOR,R,OK,N/A,L000575,115
1332,Dianne,FEINSTEIN,SENATOR,D,CA,N/A,F000062,115
2302,Margaret,HASSAN,N/A,D,NH,N/A,H001076,115
2050,James,LANKFORD,SENATOR,R,OK,N/A,L000575,115
1801,Louie,GOHMERT,REPRESENTATIVE,R,TX,1,G000552,115
1791,Virginia,FOXX,REPRESENTATIVE,R,NC,5,F000450,115
1801,Louie,GOHMERT,REPRESENTATIVE,R,TX,1,G000552,115
2356,Liz,CHENEY,N/A,R,WY,N/A,C001109,115
1835,Ed,PERLMUTTER,REPRESENTATIVE,D,CO,7,P000593,115
2101,Jared,HUFFMAN,REPRESENTATIVE,D,CA,2,H001068,115
1835,Ed,PERLMUTTER,REPRESENTATIVE,D,CO,7,P000593,115
1835,Ed,PERLMUTTER,REPRESENTATIVE,D,CO,7,P000593,115
2101,Jared,HUFFMAN,REPRESENTATIVE,D,CA,2,H001068,115
1835,Ed,PERLMUTTER,REPRESENTATIVE,D,CO,7,P000593,115
2050,James,LANKFORD,SENATOR,R,OK,N/A,L000575,115
2356,Liz,CHENEY,N/A,R,WY,N/A,C001109,115
2356,Liz,CHENEY,N/A,R,WY,N/A,C001109,115
2356,Liz,CHENEY,N/A,R,WY,N/A,C001109,115
2356,Liz,CHENEY,N/A,R,WY,N/A,C001109,115
2356,Liz,CHENEY,N/A,R,WY,N/A,C001109,115
2356,Liz,CHENEY,N/A,R,WY,N/A,C001109,115
2197,Bradley,BYRNE,REPRESENTATIVE,R,AL,1,B001289,115
2356,Liz,CHENEY,N/A,R,WY,N/A,C001109,115
2197,Bradley,BYRNE,REPRESENTATIVE,R,AL,1,B001289,115
2356,Liz,CHENEY,N/A,R,WY,N/A,C001109,115
2356,Liz,CHENEY,N/A,R,WY,N/A,C001109,115
2356,Liz,CHENEY,N/A,R,WY,N/A,C001109,115
2356,Liz,CHENEY,N/A,R,WY,N/A,C001109,115
1879,Peter,WELCH,REPRESENTATIVE,D,VT,0,W000800,115
2344,Claudia,TENNEY,N/A,R,NY,N/A,T000478,115
1828,Robert,CASEY,SENATOR,D,PA,N/A,C001070,115
2050,James,LANKFORD,SENATOR,R,OK,N/A,L000575,115
2359,Greg,GIANFORTE,N/A,R,MT,N/A,G000584,115
2298,Dwight,EVANS,N/A,D,PA,N/A,E000296,115
1501,Barbara,LEE,REPRESENTATIVE,D,CA,13,L000551,115
1790,Emanuel,CLEAVER,REPRESENTATIVE,D,MO,5,C001061,115
1857,Keith,ELLISON,REPRESENTATIVE,D,MN,5,E000288,115
2097,Donald,PAYNE,REPRESENTATIVE,D,NJ,10,P000604,115
2149,Hakeem,JEFFRIES,REPRESENTATIVE,D,NY,8,J000294,115
2320,Val,DEMINGS,N/A,D,FL,N/A,D000627,115
2170,Denny,HECK,REPRESENTATIVE,D,WA,3,H001064,115
2110,Mark,TAKANO,REPRESENTATIVE,D,CA,41,T000472,115
1588,Janice,SCHAKOWSKY,REPRESENTATIVE,D,IL,9,S001145,115
1942,Paul,TONKO,REPRESENTATIVE,D,NY,20,T000469,115
1069,Louise,SLAUGHTER,REPRESENTATIVE,D,NY,25,S000480,115
1895,Marcia,FUDGE,REPRESENTATIVE,D,OH,11,F000455,115
2309,Jimmy,PANETTA,N/A,D,CA,N/A,P000613,115
2158,Keith,ROTHFUS,REPRESENTATIVE,R,PA,12,R000598,115
1049,Richard,SHELBY,SENATOR,R,AL,N/A,S000320,115
2050,James,LANKFORD,SENATOR,R,OK,N/A,L000575,115
2122,Tulsi,GABBARD,REPRESENTATIVE,D,HI,2,G000571,115
2128,Jackie,WALORSKI,REPRESENTATIVE,R,IN,2,W000813,115
1982,Tom,REED,REPRESENTATIVE,R,NY,23,R000585,115
1863,Dean,HELLER,SENATOR,R,NV,N/A,H001041,115
