speaker_id,first_name,last_name,type,party,state,district,bio_guide_id,congress_id
2026,Andy,HARRIS,REPRESENTATIVE,R,MD,1,H001052,115
1885,Robert,LATTA,REPRESENTATIVE,R,OH,5,L000566,115
2130,Luke,MESSER,REPRESENTATIVE,R,IN,6,M001189,115
2032,Vicky,HARTZLER,REPRESENTATIVE,R,MO,4,H001053,115
1633,Jeff,FLAKE,SENATOR,R,AZ,N/A,F000444,115
2270,Brian,BABIN,REPRESENTATIVE,R,TX,36,B001291,115
2176,Tim,KAINE,SENATOR,D,VA,N/A,K000384,115
2176,Tim,KAINE,SENATOR,D,VA,N/A,K000384,115
1984,Christopher,COONS,SENATOR,D,DE,N/A,C001088,115
1984,Christopher,COONS,SENATOR,D,DE,N/A,C001088,115
1692,John,CORNYN,SENATOR,R,TX,N/A,C001056,115
1692,John,CORNYN,SENATOR,R,TX,N/A,C001056,115
1823,Sheldon,WHITEHOUSE,SENATOR,D,RI,N/A,W000802,115
1823,Sheldon,WHITEHOUSE,SENATOR,D,RI,N/A,W000802,115
174,Benjamin,CARDIN,SENATOR,D,MD,N/A,C000141,115
1965,Michael,BENNET,SENATOR,D,CO,N/A,B001267,115
1965,Michael,BENNET,SENATOR,D,CO,N/A,B001267,115
1881,John,BARRASSO,SENATOR,R,WY,N/A,B001261,115
949,Jack,REED,REPRESENTATIVE,D,RI,23,R000122,115
1247,Ron,WYDEN,SENATOR,D,OR,N/A,W000779,115
1464,Roy,BLUNT,SENATOR,R,MO,N/A,B000575,115
1464,Roy,BLUNT,SENATOR,R,MO,N/A,B000575,115
1676,Shelley,CAPITO,N/A,R,WV,N/A,C001047,115
2079,John,HOEVEN,SENATOR,R,ND,N/A,H001061,115
2291,Thom,TILLIS,SENATOR,R,NC,N/A,T000476,115
326,Richard,DURBIN,SENATOR,D,IL,N/A,D000563,115
326,Richard,DURBIN,SENATOR,D,IL,N/A,D000563,115
1395,Mitch,KING,REPRESENTATIVE,R,KY,4,M000355,115
1531,Debbie,STABENOW,SENATOR,D,MI,N/A,S000770,115
1531,Debbie,STABENOW,SENATOR,D,MI,N/A,S000770,115
1692,John,CORNYN,SENATOR,R,TX,N/A,C001056,115
1692,John,CORNYN,SENATOR,R,TX,N/A,C001056,115
326,Richard,DURBIN,SENATOR,D,IL,N/A,D000563,115
1395,Mitch,KING,REPRESENTATIVE,R,KY,4,M000355,115
1395,Mitch,KING,REPRESENTATIVE,R,KY,4,M000355,115
1692,John,CORNYN,SENATOR,R,TX,N/A,C001056,115
2289,Ben,SASSE,SENATOR,R,NE,N/A,S001197,115
1692,John,CORNYN,SENATOR,R,TX,N/A,C001056,115
326,Richard,DURBIN,SENATOR,D,IL,N/A,D000563,115
1531,Debbie,STABENOW,SENATOR,D,MI,N/A,S000770,115
1531,Debbie,STABENOW,SENATOR,D,MI,N/A,S000770,115
1692,John,CORNYN,SENATOR,R,TX,N/A,C001056,115
174,Benjamin,CARDIN,SENATOR,D,MD,N/A,C000141,115
1692,John,CORNYN,SENATOR,R,TX,N/A,C001056,115
326,Richard,DURBIN,SENATOR,D,IL,N/A,D000563,115
2174,Heidi,HEITKAMP,SENATOR,D,ND,N/A,H001069,115
478,Luis,GUTIERREZ,REPRESENTATIVE,D,IL,4,G000535,115
511,Alcee,HASTINGS,REPRESENTATIVE,D,FL,20,H000324,115
2174,Heidi,HEITKAMP,SENATOR,D,ND,N/A,H001069,115
2345,Brian,FITZPATRICK,REPRESENTATIVE,R,PA,8,F000466,115
2345,Brian,FITZPATRICK,REPRESENTATIVE,R,PA,8,F000466,115
1881,John,BARRASSO,SENATOR,R,WY,N/A,B001261,115
2084,Marco,RUBIO,SENATOR,R,FL,N/A,R000595,115
2084,Marco,RUBIO,SENATOR,R,FL,N/A,R000595,115
2194,Cory,BOOKER,SENATOR,D,NJ,N/A,B001288,115
2194,Cory,BOOKER,SENATOR,D,NJ,N/A,B001288,115
1594,Patrick,TOOMEY,SENATOR,R,PA,N/A,T000461,115
1594,Patrick,TOOMEY,SENATOR,R,PA,N/A,T000461,115
2194,Cory,BOOKER,SENATOR,D,NJ,N/A,B001288,115
1881,John,BARRASSO,SENATOR,R,WY,N/A,B001261,115
1692,John,CORNYN,SENATOR,R,TX,N/A,C001056,115
326,Richard,DURBIN,SENATOR,D,IL,N/A,D000563,115
1383,Patrick,LEAHY,SENATOR,D,VT,N/A,L000174,115
457,Chuck,GRASSLEY,SENATOR,R,IA,N/A,G000386,115
1383,Patrick,LEAHY,SENATOR,D,VT,N/A,L000174,115
1531,Debbie,STABENOW,SENATOR,D,MI,N/A,S000770,115
2288,Mike,ROUNDS,N/A,R,SD,N/A,R000605,115
1531,Debbie,STABENOW,SENATOR,D,MI,N/A,S000770,115
1383,Patrick,LEAHY,SENATOR,D,VT,N/A,L000174,115
1531,Debbie,STABENOW,SENATOR,D,MI,N/A,S000770,115
1881,John,BARRASSO,SENATOR,R,WY,N/A,B001261,115
2361,Ralph,NORMAN,N/A,R,SC,N/A,N000190,115
457,Chuck,GRASSLEY,SENATOR,R,IA,N/A,G000386,115
457,Chuck,GRASSLEY,SENATOR,R,IA,N/A,G000386,115
457,Chuck,GRASSLEY,SENATOR,R,IA,N/A,G000386,115
2357,Luther,STRANGE,N/A,R,AL,N/A,S001202,115
2357,Luther,STRANGE,N/A,R,AL,N/A,S001202,115
213,Thad,COCHRAN,SENATOR,R,MS,N/A,C000567,115
457,Chuck,GRASSLEY,SENATOR,R,IA,N/A,G000386,114
1351,Orrin,HATCH,SENATOR,R,UT,N/A,H000338,115
2344,Claudia,TENNEY,N/A,R,NY,N/A,T000478,115
1965,Michael,BENNET,SENATOR,D,CO,N/A,B001267,115
1937,Martin,HEINRICH,SENATOR,D,NM,N/A,H001046,115
2288,Mike,ROUNDS,N/A,R,SD,N/A,R000605,115
1247,Ron,WYDEN,SENATOR,D,OR,N/A,W000779,115
2097,Donald,PAYNE,REPRESENTATIVE,D,NJ,10,P000604,115
2019,Todd,YOUNG,REPRESENTATIVE,R,IN,0,Y000064,115
1930,Erik,PAULSEN,REPRESENTATIVE,R,MN,3,P000594,115
2288,Mike,ROUNDS,N/A,R,SD,N/A,R000605,115
735,Edward,MARKEY,SENATOR,D,MA,N/A,M000133,115
1818,Albio,SIRES,REPRESENTATIVE,D,NJ,8,S001165,115
949,Jack,REED,REPRESENTATIVE,D,RI,23,R000122,115
1594,Patrick,TOOMEY,SENATOR,R,PA,N/A,T000461,115
457,Chuck,GRASSLEY,SENATOR,R,IA,N/A,G000386,115
457,Chuck,GRASSLEY,SENATOR,R,IA,N/A,G000386,115
2076,Richard,BLUMENTHAL,SENATOR,D,CT,N/A,B001277,115
1383,Patrick,LEAHY,SENATOR,D,VT,N/A,L000174,115
905,Nancy,PELOSI,REPRESENTATIVE,D,CA,12,P000197,115
457,Chuck,GRASSLEY,SENATOR,R,IA,N/A,G000386,115
457,Chuck,GRASSLEY,SENATOR,R,IA,N/A,G000386,115
457,Chuck,GRASSLEY,SENATOR,R,IA,N/A,G000386,115
457,Chuck,GRASSLEY,SENATOR,R,IA,N/A,G000386,115
179,Thomas,CARPER,SENATOR,D,DE,N/A,C000174,115
2174,Heidi,HEITKAMP,SENATOR,D,ND,N/A,H001069,115
511,Alcee,HASTINGS,REPRESENTATIVE,D,FL,20,H000324,115
2032,Vicky,HARTZLER,REPRESENTATIVE,R,MO,4,H001053,115
511,Alcee,HASTINGS,REPRESENTATIVE,D,FL,20,H000324,115
344,Eliot,ENGEL,REPRESENTATIVE,D,NY,16,E000179,115
511,Alcee,HASTINGS,REPRESENTATIVE,D,FL,20,H000324,115
511,Alcee,HASTINGS,REPRESENTATIVE,D,FL,20,H000324,115
2354,Pramila,JAYAPAL,N/A,D,WA,N/A,J000298,115
2334,Paul,MITCHELL,N/A,R,MI,N/A,M001201,115
511,Alcee,HASTINGS,REPRESENTATIVE,D,FL,20,H000324,115
99,Earl,BLUMENAUER,REPRESENTATIVE,D,OR,3,B000574,115
2324,A.,FERGUSON,N/A,R,GA,N/A,F000465,115
511,Alcee,HASTINGS,REPRESENTATIVE,D,FL,20,H000324,115
2239,Rick,ALLEN,REPRESENTATIVE,R,GA,12,A000372,115
511,Alcee,HASTINGS,REPRESENTATIVE,D,FL,20,H000324,115
1510,Bill,PASCRELL,REPRESENTATIVE,D,NJ,9,P000096,115
2356,Liz,CHENEY,N/A,R,WY,N/A,C001109,115
511,Alcee,HASTINGS,REPRESENTATIVE,D,FL,20,H000324,115
2246,Seth,MOULTON,REPRESENTATIVE,D,MA,6,M001196,115
511,Alcee,HASTINGS,REPRESENTATIVE,D,FL,20,H000324,115
1668,James,LANGEVIN,REPRESENTATIVE,D,RI,2,L000559,115
511,Alcee,HASTINGS,REPRESENTATIVE,D,FL,20,H000324,115
1835,Ed,PERLMUTTER,REPRESENTATIVE,D,CO,7,P000593,115
511,Alcee,HASTINGS,REPRESENTATIVE,D,FL,20,H000324,115
511,Alcee,HASTINGS,REPRESENTATIVE,D,FL,20,H000324,115
511,Alcee,HASTINGS,REPRESENTATIVE,D,FL,20,H000324,115
1708,Raul,GRIJALVA,REPRESENTATIVE,D,AZ,3,G000551,115
511,Alcee,HASTINGS,REPRESENTATIVE,D,FL,20,H000324,115
511,Alcee,HASTINGS,REPRESENTATIVE,D,FL,20,H000324,115
1997,Scott,TIPTON,REPRESENTATIVE,R,CO,3,T000470,115
179,Thomas,CARPER,SENATOR,D,DE,N/A,C000174,115
326,Richard,DURBIN,SENATOR,D,IL,N/A,D000563,115
2301,Kamala,HARRIS,REPRESENTATIVE,D,CA,1,H001075,115
735,Edward,MARKEY,SENATOR,D,MA,N/A,M000133,115
2302,Margaret,HASSAN,N/A,D,NH,N/A,H001076,115
2182,Elizabeth,WARREN,SENATOR,D,MA,N/A,W000817,115
326,Richard,DURBIN,SENATOR,D,IL,N/A,D000563,115
1900,Jeff,MERKLEY,SENATOR,D,OR,N/A,M001176,115
1900,Jeff,MERKLEY,SENATOR,D,OR,N/A,M001176,115
179,Thomas,CARPER,SENATOR,D,DE,N/A,C000174,115
446,Bob,GOODLATTE,REPRESENTATIVE,R,VA,6,G000289,115
446,Bob,GOODLATTE,REPRESENTATIVE,R,VA,6,G000289,115
446,Bob,GOODLATTE,REPRESENTATIVE,R,VA,6,G000289,115
850,Jerrold,NADLER,REPRESENTATIVE,D,NY,10,N000002,115
446,Bob,GOODLATTE,REPRESENTATIVE,R,VA,6,G000289,115
2140,Richard,HUDSON,REPRESENTATIVE,R,NC,8,H001067,115
850,Jerrold,NADLER,REPRESENTATIVE,D,NY,10,N000002,115
446,Bob,GOODLATTE,REPRESENTATIVE,R,VA,6,G000289,115
446,Bob,GOODLATTE,REPRESENTATIVE,R,VA,6,G000289,115
1041,F.,SENSENBRENNER,REPRESENTATIVE,R,WI,5,S000244,115
850,Jerrold,NADLER,REPRESENTATIVE,D,NY,10,N000002,115
850,Jerrold,NADLER,REPRESENTATIVE,D,NY,10,N000002,115
446,Bob,GOODLATTE,REPRESENTATIVE,R,VA,6,G000289,115
850,Jerrold,NADLER,REPRESENTATIVE,D,NY,10,N000002,115
566,Steny,HOYER,REPRESENTATIVE,D,MD,5,H000874,115
446,Bob,GOODLATTE,REPRESENTATIVE,R,VA,6,G000289,115
446,Bob,GOODLATTE,REPRESENTATIVE,R,VA,6,G000289,115
1986,Martha,ROBY,REPRESENTATIVE,R,AL,2,R000591,115
850,Jerrold,NADLER,REPRESENTATIVE,D,NY,10,N000002,115
1878,Steve,COHEN,REPRESENTATIVE,D,TN,9,C001068,115
446,Bob,GOODLATTE,REPRESENTATIVE,R,VA,6,G000289,115
2067,Blake,FARENTHOLD,REPRESENTATIVE,R,TX,27,F000460,115
850,Jerrold,NADLER,REPRESENTATIVE,D,NY,10,N000002,115
1976,Theodore,DEUTCH,REPRESENTATIVE,D,FL,21,D000610,115
446,Bob,GOODLATTE,REPRESENTATIVE,R,VA,6,G000289,115
446,Bob,GOODLATTE,REPRESENTATIVE,R,VA,6,G000289,115
2314,Matt,GAETZ,N/A,R,FL,N/A,G000578,115
850,Jerrold,NADLER,REPRESENTATIVE,D,NY,10,N000002,115
2055,David,CICILLINE,REPRESENTATIVE,D,RI,1,C001084,115
850,Jerrold,NADLER,REPRESENTATIVE,D,NY,10,N000002,115
1604,Joseph,CROWLEY,REPRESENTATIVE,D,NY,14,C001038,115
446,Bob,GOODLATTE,REPRESENTATIVE,R,VA,6,G000289,115
446,Bob,GOODLATTE,REPRESENTATIVE,R,VA,6,G000289,115
2316,John,RUTHERFORD,N/A,R,FL,N/A,R000609,115
850,Jerrold,NADLER,REPRESENTATIVE,D,NY,10,N000002,115
2055,David,CICILLINE,REPRESENTATIVE,D,RI,1,C001084,115
446,Bob,GOODLATTE,REPRESENTATIVE,R,VA,6,G000289,115
850,Jerrold,NADLER,REPRESENTATIVE,D,NY,10,N000002,115
2332,Jamie,RASKIN,N/A,D,MD,N/A,R000606,115
446,Bob,GOODLATTE,REPRESENTATIVE,R,VA,6,G000289,115
1670,John,CULBERSON,REPRESENTATIVE,R,TX,7,C001048,115
850,Jerrold,NADLER,REPRESENTATIVE,D,NY,10,N000002,115
446,Bob,GOODLATTE,REPRESENTATIVE,R,VA,6,G000289,115
1807,Henry,CUELLAR,REPRESENTATIVE,D,TX,28,C001063,115
850,Jerrold,NADLER,REPRESENTATIVE,D,NY,10,N000002,115
446,Bob,GOODLATTE,REPRESENTATIVE,R,VA,6,G000289,115
2315,Neal,DUNN,N/A,R,FL,N/A,D000628,115
850,Jerrold,NADLER,REPRESENTATIVE,D,NY,10,N000002,115
850,Jerrold,NADLER,REPRESENTATIVE,D,NY,10,N000002,115
446,Bob,GOODLATTE,REPRESENTATIVE,R,VA,6,G000289,115
2336,Ted,BUDD,REPRESENTATIVE,R,NC,1,B001305,115
850,Jerrold,NADLER,REPRESENTATIVE,D,NY,10,N000002,115
2320,Val,DEMINGS,N/A,D,FL,N/A,D000627,115
850,Jerrold,NADLER,REPRESENTATIVE,D,NY,10,N000002,115
2320,Val,DEMINGS,N/A,D,FL,N/A,D000627,115
446,Bob,GOODLATTE,REPRESENTATIVE,R,VA,6,G000289,115
446,Bob,GOODLATTE,REPRESENTATIVE,R,VA,6,G000289,115
2247,Bruce,POLIQUIN,REPRESENTATIVE,R,ME,2,P000611,115
850,Jerrold,NADLER,REPRESENTATIVE,D,NY,10,N000002,115
850,Jerrold,NADLER,REPRESENTATIVE,D,NY,10,N000002,115
446,Bob,GOODLATTE,REPRESENTATIVE,R,VA,6,G000289,115
1994,David,SCHWEIKERT,REPRESENTATIVE,R,AZ,6,S001183,115
446,Bob,GOODLATTE,REPRESENTATIVE,R,VA,6,G000289,115
446,Bob,GOODLATTE,REPRESENTATIVE,R,VA,6,G000289,115
446,Bob,GOODLATTE,REPRESENTATIVE,R,VA,6,G000289,115
850,Jerrold,NADLER,REPRESENTATIVE,D,NY,10,N000002,115
1900,Jeff,MERKLEY,SENATOR,D,OR,N/A,M001176,115
1464,Roy,BLUNT,SENATOR,R,MO,N/A,B000575,115
457,Chuck,GRASSLEY,SENATOR,R,IA,N/A,G000386,115
2015,Randy,HULTGREN,REPRESENTATIVE,R,IL,14,H001059,115
