speaker_id,first_name,last_name,type,party,state,district,bio_guide_id,congress_id
1973,John,GARAMENDI,REPRESENTATIVE,D,CA,3,G000559,115
2194,Cory,BOOKER,SENATOR,D,NJ,N/A,B001288,115
2111,Alan,LOWENTHAL,REPRESENTATIVE,D,CA,47,L000579,115
1633,Jeff,FLAKE,SENATOR,R,AZ,N/A,F000444,115
2138,Steve,DAINES,SENATOR,R,MT,N/A,D000618,115
2138,Steve,DAINES,SENATOR,R,MT,N/A,D000618,115
949,Jack,REED,REPRESENTATIVE,D,RI,23,R000122,115
566,Steny,HOYER,REPRESENTATIVE,D,MD,5,H000874,115
566,Steny,HOYER,REPRESENTATIVE,D,MD,5,H000874,115
566,Steny,HOYER,REPRESENTATIVE,D,MD,5,H000874,115
566,Steny,HOYER,REPRESENTATIVE,D,MD,5,H000874,115
566,Steny,HOYER,REPRESENTATIVE,D,MD,5,H000874,115
566,Steny,HOYER,REPRESENTATIVE,D,MD,5,H000874,115
566,Steny,HOYER,REPRESENTATIVE,D,MD,5,H000874,115
566,Steny,HOYER,REPRESENTATIVE,D,MD,5,H000874,115
566,Steny,HOYER,REPRESENTATIVE,D,MD,5,H000874,115
566,Steny,HOYER,REPRESENTATIVE,D,MD,5,H000874,115
566,Steny,HOYER,REPRESENTATIVE,D,MD,5,H000874,115
566,Steny,HOYER,REPRESENTATIVE,D,MD,5,H000874,115
566,Steny,HOYER,REPRESENTATIVE,D,MD,5,H000874,115
250,Mike,CRAPO,SENATOR,R,ID,N/A,C000880,115
250,Mike,CRAPO,SENATOR,R,ID,N/A,C000880,115
2170,Denny,HECK,REPRESENTATIVE,D,WA,3,H001064,115
2223,J.,HILL,REPRESENTATIVE,R,AR,2,H001072,115
250,Mike,CRAPO,SENATOR,R,ID,N/A,C000880,115
1801,Louie,GOHMERT,REPRESENTATIVE,R,TX,1,G000552,115
2314,Matt,GAETZ,N/A,R,FL,N/A,G000578,115
1801,Louie,GOHMERT,REPRESENTATIVE,R,TX,1,G000552,115
2314,Matt,GAETZ,N/A,R,FL,N/A,G000578,115
1801,Louie,GOHMERT,REPRESENTATIVE,R,TX,1,G000552,115
2314,Matt,GAETZ,N/A,R,FL,N/A,G000578,115
1801,Louie,GOHMERT,REPRESENTATIVE,R,TX,1,G000552,115
2314,Matt,GAETZ,N/A,R,FL,N/A,G000578,115
1801,Louie,GOHMERT,REPRESENTATIVE,R,TX,1,G000552,115
250,Mike,CRAPO,SENATOR,R,ID,N/A,C000880,115
250,Mike,CRAPO,SENATOR,R,ID,N/A,C000880,115
1900,Jeff,MERKLEY,SENATOR,D,OR,N/A,M001176,115
1596,Greg,WALDEN,REPRESENTATIVE,R,OR,2,W000791,115
2307,Andy,BIGGS,N/A,R,AZ,N/A,B001302,115
1036,Charles,SCHUMER,SENATOR,D,NY,N/A,S000148,115
887,Frank,PALLONE,REPRESENTATIVE,D,NJ,6,P000034,115
1177,Fred,UPTON,REPRESENTATIVE,R,MI,6,U000031,115
1692,John,CORNYN,SENATOR,R,TX,N/A,C001056,115
326,Richard,DURBIN,SENATOR,D,IL,N/A,D000563,115
1036,Charles,SCHUMER,SENATOR,D,NY,N/A,S000148,115
250,Mike,CRAPO,SENATOR,R,ID,N/A,C000880,115
1608,Johnny,ISAKSON,SENATOR,R,GA,N/A,I000055,115
250,Mike,CRAPO,SENATOR,R,ID,N/A,C000880,115
1608,Johnny,ISAKSON,SENATOR,R,GA,N/A,I000055,115
250,Mike,CRAPO,SENATOR,R,ID,N/A,C000880,115
250,Mike,CRAPO,SENATOR,R,ID,N/A,C000880,115
583,James,INHOFE,SENATOR,R,OK,N/A,I000024,115
457,Chuck,GRASSLEY,SENATOR,R,IA,N/A,G000386,115
136,Sherrod,BROWN,REPRESENTATIVE,D,OH,26,B000944,115
583,James,INHOFE,SENATOR,R,OK,N/A,I000024,115
1383,Patrick,LEAHY,SENATOR,D,VT,N/A,L000174,115
1383,Patrick,LEAHY,SENATOR,D,VT,N/A,L000174,115
174,Benjamin,CARDIN,SENATOR,D,MD,N/A,C000141,115
174,Benjamin,CARDIN,SENATOR,D,MD,N/A,C000141,115
457,Chuck,GRASSLEY,SENATOR,R,IA,N/A,G000386,115
2176,Tim,KAINE,SENATOR,D,VA,N/A,K000384,115
326,Richard,DURBIN,SENATOR,D,IL,N/A,D000563,115
1567,Tom,UDALL,SENATOR,D,NM,N/A,U000039,115
1633,Jeff,FLAKE,SENATOR,R,AZ,N/A,F000444,115
2173,Brian,SCHATZ,SENATOR,D,HI,N/A,S001194,115
1900,Jeff,MERKLEY,SENATOR,D,OR,N/A,M001176,115
2182,Elizabeth,WARREN,SENATOR,D,MA,N/A,W000817,115
924,Rob,PORTMAN,SENATOR,R,OH,N/A,P000449,115
2290,Dan,SULLIVAN,SENATOR,R,AK,N/A,S001198,115
136,Sherrod,BROWN,REPRESENTATIVE,D,OH,26,B000944,115
136,Sherrod,BROWN,REPRESENTATIVE,D,OH,26,B000944,115
250,Mike,CRAPO,SENATOR,R,ID,N/A,C000880,115
1692,John,CORNYN,SENATOR,R,TX,N/A,C001056,115
1036,Charles,SCHUMER,SENATOR,D,NY,N/A,S000148,115
1036,Charles,SCHUMER,SENATOR,D,NY,N/A,S000148,115
1036,Charles,SCHUMER,SENATOR,D,NY,N/A,S000148,115
2111,Alan,LOWENTHAL,REPRESENTATIVE,D,CA,47,L000579,115
1738,Stevan,PEARCE,REPRESENTATIVE,R,NM,2,P000588,115
1738,Stevan,PEARCE,REPRESENTATIVE,R,NM,2,P000588,115
2111,Alan,LOWENTHAL,REPRESENTATIVE,D,CA,47,L000579,115
1884,Niki,TSONGAS,REPRESENTATIVE,D,MA,3,T000465,115
1834,Doug,LAMBORN,REPRESENTATIVE,R,CO,5,L000564,115
2111,Alan,LOWENTHAL,REPRESENTATIVE,D,CA,47,L000579,115
1997,Scott,TIPTON,REPRESENTATIVE,R,CO,3,T000470,115
2111,Alan,LOWENTHAL,REPRESENTATIVE,D,CA,47,L000579,115
2111,Alan,LOWENTHAL,REPRESENTATIVE,D,CA,47,L000579,115
2111,Alan,LOWENTHAL,REPRESENTATIVE,D,CA,47,L000579,115
2144,Kevin,CRAMER,REPRESENTATIVE,R,ND,0,C001096,115
2144,Kevin,CRAMER,REPRESENTATIVE,R,ND,0,C001096,115
2111,Alan,LOWENTHAL,REPRESENTATIVE,D,CA,47,L000579,115
2224,Bruce,WESTERMAN,REPRESENTATIVE,R,AR,4,W000821,115
2111,Alan,LOWENTHAL,REPRESENTATIVE,D,CA,47,L000579,115
2111,Alan,LOWENTHAL,REPRESENTATIVE,D,CA,47,L000579,115
2111,Alan,LOWENTHAL,REPRESENTATIVE,D,CA,47,L000579,115
2111,Alan,LOWENTHAL,REPRESENTATIVE,D,CA,47,L000579,115
326,Richard,DURBIN,SENATOR,D,IL,N/A,D000563,115
250,Mike,CRAPO,SENATOR,R,ID,N/A,C000880,115
250,Mike,CRAPO,SENATOR,R,ID,N/A,C000880,115
1526,Brad,SHERMAN,REPRESENTATIVE,D,CA,30,S000344,115
1692,John,CORNYN,SENATOR,R,TX,N/A,C001056,115
1801,Louie,GOHMERT,REPRESENTATIVE,R,TX,1,G000552,115
2309,Jimmy,PANETTA,N/A,D,CA,N/A,P000613,115
2015,Randy,HULTGREN,REPRESENTATIVE,R,IL,14,H001059,114
2015,Randy,HULTGREN,REPRESENTATIVE,R,IL,14,H001059,114
1837,Christopher,MURPHY,SENATOR,D,CT,N/A,M001169,115
1791,Virginia,FOXX,REPRESENTATIVE,R,NC,5,F000450,115
1692,John,CORNYN,SENATOR,R,TX,N/A,C001056,115
2138,Steve,DAINES,SENATOR,R,MT,N/A,D000618,115
1692,John,CORNYN,SENATOR,R,TX,N/A,C001056,115
2124,Bradley,SCHNEIDER,N/A,D,IL,N/A,S001190,115
2092,Suzanne,BONAMICI,REPRESENTATIVE,D,OR,1,B001278,115
326,Richard,DURBIN,SENATOR,D,IL,N/A,D000563,115
1694,Lisa,MURKOWSKI,SENATOR,R,AK,N/A,M001153,115
172,Maria,CANTWELL,SENATOR,D,WA,N/A,C000127,115
172,Maria,CANTWELL,SENATOR,D,WA,N/A,C000127,115
1692,John,CORNYN,SENATOR,R,TX,N/A,C001056,115
172,Maria,CANTWELL,SENATOR,D,WA,N/A,C000127,115
2288,Mike,ROUNDS,N/A,R,SD,N/A,R000605,115
2288,Mike,ROUNDS,N/A,R,SD,N/A,R000605,115
172,Maria,CANTWELL,SENATOR,D,WA,N/A,C000127,115
2290,Dan,SULLIVAN,SENATOR,R,AK,N/A,S001198,115
172,Maria,CANTWELL,SENATOR,D,WA,N/A,C000127,115
735,Edward,MARKEY,SENATOR,D,MA,N/A,M000133,115
583,James,INHOFE,SENATOR,R,OK,N/A,I000024,115
1983,Joe,MANCHIN,SENATOR,D,WV,N/A,M001183,115
2174,Heidi,HEITKAMP,SENATOR,D,ND,N/A,H001069,115
1844,Mazie,HIRONO,SENATOR,D,HI,N/A,H001042,115
174,Benjamin,CARDIN,SENATOR,D,MD,N/A,C000141,115
1010,Bernard,SANDERS,SENATOR,I,VT,N/A,S000033,115
1844,Mazie,HIRONO,SENATOR,D,HI,N/A,H001042,115
1844,Mazie,HIRONO,SENATOR,D,HI,N/A,H001042,115
2179,Deb,FISCHER,SENATOR,R,NE,N/A,F000463,115
179,Thomas,CARPER,SENATOR,D,DE,N/A,C000174,115
1900,Jeff,MERKLEY,SENATOR,D,OR,N/A,M001176,115
326,Richard,DURBIN,SENATOR,D,IL,N/A,D000563,115
172,Maria,CANTWELL,SENATOR,D,WA,N/A,C000127,115
172,Maria,CANTWELL,SENATOR,D,WA,N/A,C000127,115
172,Maria,CANTWELL,SENATOR,D,WA,N/A,C000127,115
172,Maria,CANTWELL,SENATOR,D,WA,N/A,C000127,115
172,Maria,CANTWELL,SENATOR,D,WA,N/A,C000127,115
172,Maria,CANTWELL,SENATOR,D,WA,N/A,C000127,115
153,Richard,BURR,SENATOR,R,NC,N/A,B001135,115
1692,John,CORNYN,SENATOR,R,TX,N/A,C001056,115
1687,John,BOOZMAN,SENATOR,R,AR,N/A,B001236,115
