speaker_id,first_name,last_name,type,party,state,district,bio_guide_id,congress_id
2283,Joni,ERNST,SENATOR,R,IA,N/A,E000295,115
1998,Cory,GARDNER,N/A,R,CO,N/A,G000562,115
1998,Cory,GARDNER,N/A,R,CO,N/A,G000562,115
1998,Cory,GARDNER,N/A,R,CO,N/A,G000562,115
172,Maria,CANTWELL,SENATOR,D,WA,N/A,C000127,115
172,Maria,CANTWELL,SENATOR,D,WA,N/A,C000127,115
1969,Al,FRANKEN,SENATOR,D,MN,N/A,F000457,115
1969,Al,FRANKEN,SENATOR,D,MN,N/A,F000457,115
1837,Christopher,MURPHY,SENATOR,D,CT,N/A,M001169,115
1837,Christopher,MURPHY,SENATOR,D,CT,N/A,M001169,115
1844,Mazie,HIRONO,SENATOR,D,HI,N/A,H001042,115
2138,Steve,DAINES,SENATOR,R,MT,N/A,D000618,115
735,Edward,MARKEY,SENATOR,D,MA,N/A,M000133,115
1383,Patrick,LEAHY,SENATOR,D,VT,N/A,L000174,115
2138,Steve,DAINES,SENATOR,R,MT,N/A,D000618,115
1998,Cory,GARDNER,N/A,R,CO,N/A,G000562,115
2194,Cory,BOOKER,SENATOR,D,NJ,N/A,B001288,115
1247,Ron,WYDEN,SENATOR,D,OR,N/A,W000779,115
2194,Cory,BOOKER,SENATOR,D,NJ,N/A,B001288,115
2302,Margaret,HASSAN,N/A,D,NH,N/A,H001076,115
326,Richard,DURBIN,SENATOR,D,IL,N/A,D000563,115
1998,Cory,GARDNER,N/A,R,CO,N/A,G000562,115
457,Chuck,GRASSLEY,SENATOR,R,IA,N/A,G000386,115
326,Richard,DURBIN,SENATOR,D,IL,N/A,D000563,115
457,Chuck,GRASSLEY,SENATOR,R,IA,N/A,G000386,115
326,Richard,DURBIN,SENATOR,D,IL,N/A,D000563,115
457,Chuck,GRASSLEY,SENATOR,R,IA,N/A,G000386,115
326,Richard,DURBIN,SENATOR,D,IL,N/A,D000563,115
457,Chuck,GRASSLEY,SENATOR,R,IA,N/A,G000386,115
326,Richard,DURBIN,SENATOR,D,IL,N/A,D000563,115
1036,Charles,SCHUMER,SENATOR,D,NY,N/A,S000148,115
1036,Charles,SCHUMER,SENATOR,D,NY,N/A,S000148,115
1036,Charles,SCHUMER,SENATOR,D,NY,N/A,S000148,115
1036,Charles,SCHUMER,SENATOR,D,NY,N/A,S000148,115
1036,Charles,SCHUMER,SENATOR,D,NY,N/A,S000148,115
1036,Charles,SCHUMER,SENATOR,D,NY,N/A,S000148,115
1036,Charles,SCHUMER,SENATOR,D,NY,N/A,S000148,115
1036,Charles,SCHUMER,SENATOR,D,NY,N/A,S000148,115
1036,Charles,SCHUMER,SENATOR,D,NY,N/A,S000148,115
1036,Charles,SCHUMER,SENATOR,D,NY,N/A,S000148,115
1036,Charles,SCHUMER,SENATOR,D,NY,N/A,S000148,115
1036,Charles,SCHUMER,SENATOR,D,NY,N/A,S000148,115
1036,Charles,SCHUMER,SENATOR,D,NY,N/A,S000148,115
1036,Charles,SCHUMER,SENATOR,D,NY,N/A,S000148,115
1036,Charles,SCHUMER,SENATOR,D,NY,N/A,S000148,115
1692,John,CORNYN,SENATOR,R,TX,N/A,C001056,115
1998,Cory,GARDNER,N/A,R,CO,N/A,G000562,115
1984,Christopher,COONS,SENATOR,D,DE,N/A,C001088,115
1608,Johnny,ISAKSON,SENATOR,R,GA,N/A,I000055,115
1823,Sheldon,WHITEHOUSE,SENATOR,D,RI,N/A,W000802,115
1247,Ron,WYDEN,SENATOR,D,OR,N/A,W000779,115
2138,Steve,DAINES,SENATOR,R,MT,N/A,D000618,115
1534,John,THUNE,SENATOR,R,SD,N/A,T000250,115
1049,Richard,SHELBY,SENATOR,R,AL,N/A,S000320,115
1049,Richard,SHELBY,SENATOR,R,AL,N/A,S000320,115
2076,Richard,BLUMENTHAL,SENATOR,D,CT,N/A,B001277,115
2076,Richard,BLUMENTHAL,SENATOR,D,CT,N/A,B001277,115
452,Lindsey,GRAHAM,REPRESENTATIVE,R,SC,2,G000359,115
2303,John,KENNEDY,REPRESENTATIVE,R,LA,4,K000393,115
583,James,INHOFE,SENATOR,R,OK,N/A,I000024,115
859,Bill,NELSON,SENATOR,D,FL,N/A,N000032,115
859,Bill,NELSON,SENATOR,D,FL,N/A,N000032,115
859,Bill,NELSON,SENATOR,D,FL,N/A,N000032,115
859,Bill,NELSON,SENATOR,D,FL,N/A,N000032,115
949,Jack,REED,REPRESENTATIVE,D,RI,23,R000122,115
457,Chuck,GRASSLEY,SENATOR,R,IA,N/A,G000386,115
457,Chuck,GRASSLEY,SENATOR,R,IA,N/A,G000386,115
457,Chuck,GRASSLEY,SENATOR,R,IA,N/A,G000386,115
1226,Roger,WICKER,SENATOR,R,MS,N/A,W000437,115
1226,Roger,WICKER,SENATOR,R,MS,N/A,W000437,115
2084,Marco,RUBIO,SENATOR,R,FL,N/A,R000595,115
2084,Marco,RUBIO,SENATOR,R,FL,N/A,R000595,115
452,Lindsey,GRAHAM,REPRESENTATIVE,R,SC,2,G000359,115
2056,Tim,SCOTT,REPRESENTATIVE,R,SC,52,S001184,115
2084,Marco,RUBIO,SENATOR,R,FL,N/A,R000595,115
2056,Tim,SCOTT,REPRESENTATIVE,R,SC,52,S001184,115
2056,Tim,SCOTT,REPRESENTATIVE,R,SC,52,S001184,115
2056,Tim,SCOTT,REPRESENTATIVE,R,SC,52,S001184,115
2056,Tim,SCOTT,REPRESENTATIVE,R,SC,52,S001184,115
2056,Tim,SCOTT,REPRESENTATIVE,R,SC,52,S001184,115
2084,Marco,RUBIO,SENATOR,R,FL,N/A,R000595,115
2056,Tim,SCOTT,REPRESENTATIVE,R,SC,52,S001184,115
2084,Marco,RUBIO,SENATOR,R,FL,N/A,R000595,115
2056,Tim,SCOTT,REPRESENTATIVE,R,SC,52,S001184,115
2084,Marco,RUBIO,SENATOR,R,FL,N/A,R000595,115
2084,Marco,RUBIO,SENATOR,R,FL,N/A,R000595,115
2056,Tim,SCOTT,REPRESENTATIVE,R,SC,52,S001184,115
2084,Marco,RUBIO,SENATOR,R,FL,N/A,R000595,115
2084,Marco,RUBIO,SENATOR,R,FL,N/A,R000595,115
2056,Tim,SCOTT,REPRESENTATIVE,R,SC,52,S001184,115
2050,James,LANKFORD,SENATOR,R,OK,N/A,L000575,115
2286,David,PERDUE,SENATOR,R,GA,N/A,P000612,115
2286,David,PERDUE,SENATOR,R,GA,N/A,P000612,115
924,Rob,PORTMAN,SENATOR,R,OH,N/A,P000449,115
1351,Orrin,HATCH,SENATOR,R,UT,N/A,H000338,115
1383,Patrick,LEAHY,SENATOR,D,VT,N/A,L000174,115
1828,Robert,CASEY,SENATOR,D,PA,N/A,C001070,115
1998,Cory,GARDNER,N/A,R,CO,N/A,G000562,115
1998,Cory,GARDNER,N/A,R,CO,N/A,G000562,115
1825,Bob,CORKER,SENATOR,R,TN,N/A,C001071,115
1687,John,BOOZMAN,SENATOR,R,AR,N/A,B001236,115
1829,Jon,TESTER,SENATOR,D,MT,N/A,T000464,115
457,Chuck,GRASSLEY,SENATOR,R,IA,N/A,G000386,115
583,James,INHOFE,SENATOR,R,OK,N/A,I000024,115
457,Chuck,GRASSLEY,SENATOR,R,IA,N/A,G000386,115
457,Chuck,GRASSLEY,SENATOR,R,IA,N/A,G000386,115
1998,Cory,GARDNER,N/A,R,CO,N/A,G000562,115
1844,Mazie,HIRONO,SENATOR,D,HI,N/A,H001042,115
2123,Tammy,DUCKWORTH,REPRESENTATIVE,D,IL,8,D000622,115
1844,Mazie,HIRONO,SENATOR,D,HI,N/A,H001042,115
2301,Kamala,HARRIS,REPRESENTATIVE,D,CA,1,H001075,115
1844,Mazie,HIRONO,SENATOR,D,HI,N/A,H001042,115
2182,Elizabeth,WARREN,SENATOR,D,MA,N/A,W000817,115
1844,Mazie,HIRONO,SENATOR,D,HI,N/A,H001042,115
1409,Patty,MURRAY,SENATOR,D,WA,N/A,M001111,115
1844,Mazie,HIRONO,SENATOR,D,HI,N/A,H001042,115
457,Chuck,GRASSLEY,SENATOR,R,IA,N/A,G000386,115
1534,John,THUNE,SENATOR,R,SD,N/A,T000250,115
2303,John,KENNEDY,REPRESENTATIVE,R,LA,4,K000393,115
2098,Tom,COTTON,SENATOR,R,AR,N/A,C001095,115
2175,Ted,CRUZ,SENATOR,R,TX,N/A,C001098,115
2194,Cory,BOOKER,SENATOR,D,NJ,N/A,B001288,115
1897,Mark,WARNER,SENATOR,D,VA,N/A,W000805,115
179,Thomas,CARPER,SENATOR,D,DE,N/A,C000174,115
179,Thomas,CARPER,SENATOR,D,DE,N/A,C000174,115
136,Sherrod,BROWN,REPRESENTATIVE,D,OH,26,B000944,115
1594,Patrick,TOOMEY,SENATOR,R,PA,N/A,T000461,115
1049,Richard,SHELBY,SENATOR,R,AL,N/A,S000320,115
1828,Robert,CASEY,SENATOR,D,PA,N/A,C001070,115
1998,Cory,GARDNER,N/A,R,CO,N/A,G000562,115
1998,Cory,GARDNER,N/A,R,CO,N/A,G000562,115
1900,Jeff,MERKLEY,SENATOR,D,OR,N/A,M001176,115
326,Richard,DURBIN,SENATOR,D,IL,N/A,D000563,115
326,Richard,DURBIN,SENATOR,D,IL,N/A,D000563,115
1900,Jeff,MERKLEY,SENATOR,D,OR,N/A,M001176,115
326,Richard,DURBIN,SENATOR,D,IL,N/A,D000563,115
1900,Jeff,MERKLEY,SENATOR,D,OR,N/A,M001176,115
326,Richard,DURBIN,SENATOR,D,IL,N/A,D000563,115
1900,Jeff,MERKLEY,SENATOR,D,OR,N/A,M001176,115
326,Richard,DURBIN,SENATOR,D,IL,N/A,D000563,115
1900,Jeff,MERKLEY,SENATOR,D,OR,N/A,M001176,115
326,Richard,DURBIN,SENATOR,D,IL,N/A,D000563,115
1900,Jeff,MERKLEY,SENATOR,D,OR,N/A,M001176,115
326,Richard,DURBIN,SENATOR,D,IL,N/A,D000563,115
1900,Jeff,MERKLEY,SENATOR,D,OR,N/A,M001176,115
326,Richard,DURBIN,SENATOR,D,IL,N/A,D000563,115
1900,Jeff,MERKLEY,SENATOR,D,OR,N/A,M001176,115
326,Richard,DURBIN,SENATOR,D,IL,N/A,D000563,115
1900,Jeff,MERKLEY,SENATOR,D,OR,N/A,M001176,115
1900,Jeff,MERKLEY,SENATOR,D,OR,N/A,M001176,115
1900,Jeff,MERKLEY,SENATOR,D,OR,N/A,M001176,115
457,Chuck,GRASSLEY,SENATOR,R,IA,N/A,G000386,115
1881,John,BARRASSO,SENATOR,R,WY,N/A,B001261,115
1881,John,BARRASSO,SENATOR,R,WY,N/A,B001261,115
1694,Lisa,MURKOWSKI,SENATOR,R,AK,N/A,M001153,115
1694,Lisa,MURKOWSKI,SENATOR,R,AK,N/A,M001153,115
2173,Brian,SCHATZ,SENATOR,D,HI,N/A,S001194,115
1049,Richard,SHELBY,SENATOR,R,AL,N/A,S000320,115
1247,Ron,WYDEN,SENATOR,D,OR,N/A,W000779,115
1881,John,BARRASSO,SENATOR,R,WY,N/A,B001261,115
735,Edward,MARKEY,SENATOR,D,MA,N/A,M000133,115
2138,Steve,DAINES,SENATOR,R,MT,N/A,D000618,115
2138,Steve,DAINES,SENATOR,R,MT,N/A,D000618,115
1692,John,CORNYN,SENATOR,R,TX,N/A,C001056,115
153,Richard,BURR,SENATOR,R,NC,N/A,B001135,115
174,Benjamin,CARDIN,SENATOR,D,MD,N/A,C000141,115
2173,Brian,SCHATZ,SENATOR,D,HI,N/A,S001194,115
735,Edward,MARKEY,SENATOR,D,MA,N/A,M000133,115
2176,Tim,KAINE,SENATOR,D,VA,N/A,K000384,115
1692,John,CORNYN,SENATOR,R,TX,N/A,C001056,115
2176,Tim,KAINE,SENATOR,D,VA,N/A,K000384,115
2176,Tim,KAINE,SENATOR,D,VA,N/A,K000384,115
1692,John,CORNYN,SENATOR,R,TX,N/A,C001056,115
2288,Mike,ROUNDS,N/A,R,SD,N/A,R000605,115
2288,Mike,ROUNDS,N/A,R,SD,N/A,R000605,115
2179,Deb,FISCHER,SENATOR,R,NE,N/A,F000463,115
2179,Deb,FISCHER,SENATOR,R,NE,N/A,F000463,115
1383,Patrick,LEAHY,SENATOR,D,VT,N/A,L000174,115
1383,Patrick,LEAHY,SENATOR,D,VT,N/A,L000174,115
2079,John,HOEVEN,SENATOR,R,ND,N/A,H001061,115
2079,John,HOEVEN,SENATOR,R,ND,N/A,H001061,115
1409,Patty,MURRAY,SENATOR,D,WA,N/A,M001111,115
1383,Patrick,LEAHY,SENATOR,D,VT,N/A,L000174,115
1383,Patrick,LEAHY,SENATOR,D,VT,N/A,L000174,115
1332,Dianne,FEINSTEIN,SENATOR,D,CA,N/A,F000062,115
1332,Dianne,FEINSTEIN,SENATOR,D,CA,N/A,F000062,115
1983,Joe,MANCHIN,SENATOR,D,WV,N/A,M001183,115
1036,Charles,SCHUMER,SENATOR,D,NY,N/A,S000148,115
136,Sherrod,BROWN,REPRESENTATIVE,D,OH,26,B000944,115
136,Sherrod,BROWN,REPRESENTATIVE,D,OH,26,B000944,115
1828,Robert,CASEY,SENATOR,D,PA,N/A,C001070,115
1850,Joe,DONNELLY,SENATOR,D,IN,N/A,D000607,115
1687,John,BOOZMAN,SENATOR,R,AR,N/A,B001236,115
2056,Tim,SCOTT,REPRESENTATIVE,R,SC,52,S001184,115
1542,Michael,ENZI,SENATOR,R,WY,N/A,E000285,115
1542,Michael,ENZI,SENATOR,R,WY,N/A,E000285,115
1998,Cory,GARDNER,N/A,R,CO,N/A,G000562,115
1998,Cory,GARDNER,N/A,R,CO,N/A,G000562,115
949,Jack,REED,REPRESENTATIVE,D,RI,23,R000122,115
1567,Tom,UDALL,SENATOR,D,NM,N/A,U000039,115
1567,Tom,UDALL,SENATOR,D,NM,N/A,U000039,115
1929,Gary,PETERS,REPRESENTATIVE,D,MI,52,P000595,115
859,Bill,NELSON,SENATOR,D,FL,N/A,N000032,115
1929,Gary,PETERS,REPRESENTATIVE,D,MI,52,P000595,115
859,Bill,NELSON,SENATOR,D,FL,N/A,N000032,115
1866,Kirsten,GILLIBRAND,SENATOR,D,NY,N/A,G000555,115
1866,Kirsten,GILLIBRAND,SENATOR,D,NY,N/A,G000555,115
1866,Kirsten,GILLIBRAND,SENATOR,D,NY,N/A,G000555,115
2290,Dan,SULLIVAN,SENATOR,R,AK,N/A,S001198,115
1351,Orrin,HATCH,SENATOR,R,UT,N/A,H000338,115
2076,Richard,BLUMENTHAL,SENATOR,D,CT,N/A,B001277,115
2076,Richard,BLUMENTHAL,SENATOR,D,CT,N/A,B001277,115
2076,Richard,BLUMENTHAL,SENATOR,D,CT,N/A,B001277,115
1823,Sheldon,WHITEHOUSE,SENATOR,D,RI,N/A,W000802,115
1823,Sheldon,WHITEHOUSE,SENATOR,D,RI,N/A,W000802,115
1965,Michael,BENNET,SENATOR,D,CO,N/A,B001267,115
136,Sherrod,BROWN,REPRESENTATIVE,D,OH,26,B000944,115
924,Rob,PORTMAN,SENATOR,R,OH,N/A,P000449,115
2138,Steve,DAINES,SENATOR,R,MT,N/A,D000618,115
2084,Marco,RUBIO,SENATOR,R,FL,N/A,R000595,115
2084,Marco,RUBIO,SENATOR,R,FL,N/A,R000595,115
1900,Jeff,MERKLEY,SENATOR,D,OR,N/A,M001176,115
2084,Marco,RUBIO,SENATOR,R,FL,N/A,R000595,115
457,Chuck,GRASSLEY,SENATOR,R,IA,N/A,G000386,115
179,Thomas,CARPER,SENATOR,D,DE,N/A,C000174,115
1542,Michael,ENZI,SENATOR,R,WY,N/A,E000285,115
2138,Steve,DAINES,SENATOR,R,MT,N/A,D000618,115
2138,Steve,DAINES,SENATOR,R,MT,N/A,D000618,115
2138,Steve,DAINES,SENATOR,R,MT,N/A,D000618,115
1531,Debbie,STABENOW,SENATOR,D,MI,N/A,S000770,115
326,Richard,DURBIN,SENATOR,D,IL,N/A,D000563,115
326,Richard,DURBIN,SENATOR,D,IL,N/A,D000563,115
1036,Charles,SCHUMER,SENATOR,D,NY,N/A,S000148,115
1036,Charles,SCHUMER,SENATOR,D,NY,N/A,S000148,115
326,Richard,DURBIN,SENATOR,D,IL,N/A,D000563,115
1676,Shelley,CAPITO,N/A,R,WV,N/A,C001047,115
1676,Shelley,CAPITO,N/A,R,WV,N/A,C001047,115
1692,John,CORNYN,SENATOR,R,TX,N/A,C001056,115
1010,Bernard,SANDERS,SENATOR,I,VT,N/A,S000033,115
1901,Jeanne,SHAHEEN,SENATOR,D,NH,N/A,S001181,115
1901,Jeanne,SHAHEEN,SENATOR,D,NH,N/A,S001181,115
2138,Steve,DAINES,SENATOR,R,MT,N/A,D000618,115
1829,Jon,TESTER,SENATOR,D,MT,N/A,T000464,115
1829,Jon,TESTER,SENATOR,D,MT,N/A,T000464,115
1829,Jon,TESTER,SENATOR,D,MT,N/A,T000464,115
1881,John,BARRASSO,SENATOR,R,WY,N/A,B001261,115
1881,John,BARRASSO,SENATOR,R,WY,N/A,B001261,115
1692,John,CORNYN,SENATOR,R,TX,N/A,C001056,115
1531,Debbie,STABENOW,SENATOR,D,MI,N/A,S000770,115
1828,Robert,CASEY,SENATOR,D,PA,N/A,C001070,115
1826,Amy,KLOBUCHAR,SENATOR,D,MN,N/A,K000367,115
2173,Brian,SCHATZ,SENATOR,D,HI,N/A,S001194,115
2290,Dan,SULLIVAN,SENATOR,R,AK,N/A,S001198,115
2290,Dan,SULLIVAN,SENATOR,R,AK,N/A,S001198,115
174,Benjamin,CARDIN,SENATOR,D,MD,N/A,C000141,115
