speaker_id,first_name,last_name,type,party,state,district,bio_guide_id,congress_id
1036,Charles,SCHUMER,SENATOR,D,NY,N/A,S000148,115
99999999999999,,ENZI,SENATOR,Party information Unavailable,State Info Unavailable,N/A,9999999999999999,115
2291,Thom,TILLIS,SENATOR,R,NC,N/A,T000476,115
1825,Bob,CORKER,SENATOR,R,TN,N/A,C001071,115
1973,John,GARAMENDI,REPRESENTATIVE,D,CA,3,G000559,115
1973,John,GARAMENDI,REPRESENTATIVE,D,CA,3,G000559,115
1886,Robert,WITTMAN,REPRESENTATIVE,R,VA,1,W000804,115
1886,Robert,WITTMAN,REPRESENTATIVE,R,VA,1,W000804,115
1973,John,GARAMENDI,REPRESENTATIVE,D,CA,3,G000559,115
1886,Robert,WITTMAN,REPRESENTATIVE,R,VA,1,W000804,115
2337,Don,BACON,N/A,R,NE,N/A,B001298,115
1973,John,GARAMENDI,REPRESENTATIVE,D,CA,3,G000559,115
1973,John,GARAMENDI,REPRESENTATIVE,D,CA,3,G000559,115
1886,Robert,WITTMAN,REPRESENTATIVE,R,VA,1,W000804,115
1741,Michael,TURNER,REPRESENTATIVE,R,OH,10,T000463,115
1973,John,GARAMENDI,REPRESENTATIVE,D,CA,3,G000559,115
2233,Ken,BUCK,REPRESENTATIVE,R,CO,4,B001297,115
2233,Ken,BUCK,REPRESENTATIVE,R,CO,4,B001297,115
1668,James,LANGEVIN,REPRESENTATIVE,D,RI,2,L000559,115
1668,James,LANGEVIN,REPRESENTATIVE,D,RI,2,L000559,115
2233,Ken,BUCK,REPRESENTATIVE,R,CO,4,B001297,115
1668,James,LANGEVIN,REPRESENTATIVE,D,RI,2,L000559,115
2113,Scott,PETERS,REPRESENTATIVE,D,CA,52,P000608,115
2233,Ken,BUCK,REPRESENTATIVE,R,CO,4,B001297,115
1668,James,LANGEVIN,REPRESENTATIVE,D,RI,2,L000559,115
2233,Ken,BUCK,REPRESENTATIVE,R,CO,4,B001297,115
1668,James,LANGEVIN,REPRESENTATIVE,D,RI,2,L000559,115
2157,Scott,PERRY,REPRESENTATIVE,R,PA,4,P000605,115
2157,Scott,PERRY,REPRESENTATIVE,R,PA,4,P000605,115
1668,James,LANGEVIN,REPRESENTATIVE,D,RI,2,L000559,115
1668,James,LANGEVIN,REPRESENTATIVE,D,RI,2,L000559,115
2157,Scott,PERRY,REPRESENTATIVE,R,PA,4,P000605,115
2157,Scott,PERRY,REPRESENTATIVE,R,PA,4,P000605,115
1668,James,LANGEVIN,REPRESENTATIVE,D,RI,2,L000559,115
2263,Elise,STEFANIK,REPRESENTATIVE,R,NY,21,S001196,115
2157,Scott,PERRY,REPRESENTATIVE,R,PA,4,P000605,115
1668,James,LANGEVIN,REPRESENTATIVE,D,RI,2,L000559,115
2157,Scott,PERRY,REPRESENTATIVE,R,PA,4,P000605,115
1668,James,LANGEVIN,REPRESENTATIVE,D,RI,2,L000559,115
2113,Scott,PETERS,REPRESENTATIVE,D,CA,52,P000608,115
2157,Scott,PERRY,REPRESENTATIVE,R,PA,4,P000605,115
2157,Scott,PERRY,REPRESENTATIVE,R,PA,4,P000605,115
1668,James,LANGEVIN,REPRESENTATIVE,D,RI,2,L000559,115
2157,Scott,PERRY,REPRESENTATIVE,R,PA,4,P000605,115
1668,James,LANGEVIN,REPRESENTATIVE,D,RI,2,L000559,115
1992,Paul,GOSAR,REPRESENTATIVE,R,AZ,4,G000565,115
1992,Paul,GOSAR,REPRESENTATIVE,R,AZ,4,G000565,115
2202,Donald,NORCROSS,REPRESENTATIVE,D,NJ,1,N000188,115
2202,Donald,NORCROSS,REPRESENTATIVE,D,NJ,1,N000188,115
1992,Paul,GOSAR,REPRESENTATIVE,R,AZ,4,G000565,115
2202,Donald,NORCROSS,REPRESENTATIVE,D,NJ,1,N000188,115
1992,Paul,GOSAR,REPRESENTATIVE,R,AZ,4,G000565,115
2202,Donald,NORCROSS,REPRESENTATIVE,D,NJ,1,N000188,115
2134,Daniel,KILDEE,REPRESENTATIVE,D,MI,5,K000380,115
1992,Paul,GOSAR,REPRESENTATIVE,R,AZ,4,G000565,115
1992,Paul,GOSAR,REPRESENTATIVE,R,AZ,4,G000565,115
2202,Donald,NORCROSS,REPRESENTATIVE,D,NJ,1,N000188,115
1992,Paul,GOSAR,REPRESENTATIVE,R,AZ,4,G000565,115
2202,Donald,NORCROSS,REPRESENTATIVE,D,NJ,1,N000188,115
1912,Mike,COFFMAN,REPRESENTATIVE,R,CO,6,C001077,115
1912,Mike,COFFMAN,REPRESENTATIVE,R,CO,6,C001077,115
1912,Mike,COFFMAN,REPRESENTATIVE,R,CO,6,C001077,115
1890,Jackie,SPEIER,REPRESENTATIVE,D,CA,14,S001175,115
1912,Mike,COFFMAN,REPRESENTATIVE,R,CO,6,C001077,115
1890,Jackie,SPEIER,REPRESENTATIVE,D,CA,14,S001175,115
1912,Mike,COFFMAN,REPRESENTATIVE,R,CO,6,C001077,115
1912,Mike,COFFMAN,REPRESENTATIVE,R,CO,6,C001077,115
2025,William,KEATING,REPRESENTATIVE,D,MA,9,K000375,115
2025,William,KEATING,REPRESENTATIVE,D,MA,9,K000375,115
1155,Mac,THORNBERRY,REPRESENTATIVE,R,TX,13,T000238,115
1155,Mac,THORNBERRY,REPRESENTATIVE,R,TX,13,T000238,115
2025,William,KEATING,REPRESENTATIVE,D,MA,9,K000375,115
2032,Vicky,HARTZLER,REPRESENTATIVE,R,MO,4,H001053,115
2032,Vicky,HARTZLER,REPRESENTATIVE,R,MO,4,H001053,115
2032,Vicky,HARTZLER,REPRESENTATIVE,R,MO,4,H001053,115
905,Nancy,PELOSI,REPRESENTATIVE,D,CA,12,P000197,115
2032,Vicky,HARTZLER,REPRESENTATIVE,R,MO,4,H001053,115
2032,Vicky,HARTZLER,REPRESENTATIVE,R,MO,4,H001053,115
1909,Duncan,HUNTER,REPRESENTATIVE,R,CA,50,H001048,115
2032,Vicky,HARTZLER,REPRESENTATIVE,R,MO,4,H001053,115
566,Steny,HOYER,REPRESENTATIVE,D,MD,5,H000874,115
2032,Vicky,HARTZLER,REPRESENTATIVE,R,MO,4,H001053,115
850,Jerrold,NADLER,REPRESENTATIVE,D,NY,10,N000002,115
1155,Mac,THORNBERRY,REPRESENTATIVE,R,TX,13,T000238,115
2018,Larry,BUCSHON,REPRESENTATIVE,R,IN,8,B001275,115
2197,Bradley,BYRNE,REPRESENTATIVE,R,AL,1,B001289,115
2197,Bradley,BYRNE,REPRESENTATIVE,R,AL,1,B001289,115
2197,Bradley,BYRNE,REPRESENTATIVE,R,AL,1,B001289,115
2197,Bradley,BYRNE,REPRESENTATIVE,R,AL,1,B001289,115
2322,Brian,MAST,N/A,R,FL,N/A,M001199,115
1742,Tom,COLE,REPRESENTATIVE,R,OK,12,C001053,115
1742,Tom,COLE,REPRESENTATIVE,R,OK,12,C001053,115
1742,Tom,COLE,REPRESENTATIVE,R,OK,12,C001053,115
1155,Mac,THORNBERRY,REPRESENTATIVE,R,TX,13,T000238,115
1742,Tom,COLE,REPRESENTATIVE,R,OK,12,C001053,115
1635,Adam,SCHIFF,REPRESENTATIVE,D,CA,28,S001150,115
1742,Tom,COLE,REPRESENTATIVE,R,OK,12,C001053,115
1742,Tom,COLE,REPRESENTATIVE,R,OK,12,C001053,115
2226,Ruben,GALLEGO,REPRESENTATIVE,D,AZ,7,G000574,115
2226,Ruben,GALLEGO,REPRESENTATIVE,D,AZ,7,G000574,115
2226,Ruben,GALLEGO,REPRESENTATIVE,D,AZ,7,G000574,115
1857,Keith,ELLISON,REPRESENTATIVE,D,MN,5,E000288,115
2226,Ruben,GALLEGO,REPRESENTATIVE,D,AZ,7,G000574,115
2354,Pramila,JAYAPAL,N/A,D,WA,N/A,J000298,115
2226,Ruben,GALLEGO,REPRESENTATIVE,D,AZ,7,G000574,115
2332,Jamie,RASKIN,N/A,D,MD,N/A,R000606,115
2226,Ruben,GALLEGO,REPRESENTATIVE,D,AZ,7,G000574,115
2226,Ruben,GALLEGO,REPRESENTATIVE,D,AZ,7,G000574,115
2226,Ruben,GALLEGO,REPRESENTATIVE,D,AZ,7,G000574,115
2356,Liz,CHENEY,N/A,R,WY,N/A,C001109,115
2356,Liz,CHENEY,N/A,R,WY,N/A,C001109,115
1668,James,LANGEVIN,REPRESENTATIVE,D,RI,2,L000559,115
1668,James,LANGEVIN,REPRESENTATIVE,D,RI,2,L000559,115
2356,Liz,CHENEY,N/A,R,WY,N/A,C001109,115
1668,James,LANGEVIN,REPRESENTATIVE,D,RI,2,L000559,115
1668,James,LANGEVIN,REPRESENTATIVE,D,RI,2,L000559,115
1668,James,LANGEVIN,REPRESENTATIVE,D,RI,2,L000559,115
2356,Liz,CHENEY,N/A,R,WY,N/A,C001109,115
2356,Liz,CHENEY,N/A,R,WY,N/A,C001109,115
2337,Don,BACON,N/A,R,NE,N/A,B001298,115
1668,James,LANGEVIN,REPRESENTATIVE,D,RI,2,L000559,115
2356,Liz,CHENEY,N/A,R,WY,N/A,C001109,115
1834,Doug,LAMBORN,REPRESENTATIVE,R,CO,5,L000564,115
1834,Doug,LAMBORN,REPRESENTATIVE,R,CO,5,L000564,115
231,Jim,COOPER,REPRESENTATIVE,D,TN,5,C000754,115
231,Jim,COOPER,REPRESENTATIVE,D,TN,5,C000754,115
1834,Doug,LAMBORN,REPRESENTATIVE,R,CO,5,L000564,115
231,Jim,COOPER,REPRESENTATIVE,D,TN,5,C000754,115
1834,Doug,LAMBORN,REPRESENTATIVE,R,CO,5,L000564,115
1834,Doug,LAMBORN,REPRESENTATIVE,R,CO,5,L000564,115
231,Jim,COOPER,REPRESENTATIVE,D,TN,5,C000754,115
1834,Doug,LAMBORN,REPRESENTATIVE,R,CO,5,L000564,115
231,Jim,COOPER,REPRESENTATIVE,D,TN,5,C000754,115
231,Jim,COOPER,REPRESENTATIVE,D,TN,5,C000754,115
231,Jim,COOPER,REPRESENTATIVE,D,TN,5,C000754,115
1155,Mac,THORNBERRY,REPRESENTATIVE,R,TX,13,T000238,115
1155,Mac,THORNBERRY,REPRESENTATIVE,R,TX,13,T000238,115
2322,Brian,MAST,N/A,R,FL,N/A,M001199,115
1155,Mac,THORNBERRY,REPRESENTATIVE,R,TX,13,T000238,115
1155,Mac,THORNBERRY,REPRESENTATIVE,R,TX,13,T000238,115
2346,Lloyd,SMUCKER,N/A,R,PA,N/A,S001199,115
2124,Bradley,SCHNEIDER,N/A,D,IL,N/A,S001190,115
1155,Mac,THORNBERRY,REPRESENTATIVE,R,TX,13,T000238,115
1155,Mac,THORNBERRY,REPRESENTATIVE,R,TX,13,T000238,115
1155,Mac,THORNBERRY,REPRESENTATIVE,R,TX,13,T000238,115
1155,Mac,THORNBERRY,REPRESENTATIVE,R,TX,13,T000238,115
1155,Mac,THORNBERRY,REPRESENTATIVE,R,TX,13,T000238,115
1155,Mac,THORNBERRY,REPRESENTATIVE,R,TX,13,T000238,115
2354,Pramila,JAYAPAL,N/A,D,WA,N/A,J000298,115
2141,Robert,PITTENGER,REPRESENTATIVE,R,NC,9,P000606,115
2345,Brian,FITZPATRICK,REPRESENTATIVE,R,PA,8,F000466,115
2345,Brian,FITZPATRICK,REPRESENTATIVE,R,PA,8,F000466,115
2345,Brian,FITZPATRICK,REPRESENTATIVE,R,PA,8,F000466,115
2052,Patrick,MEEHAN,REPRESENTATIVE,R,PA,7,M001181,115
1036,Charles,SCHUMER,SENATOR,D,NY,N/A,S000148,115
2122,Tulsi,GABBARD,REPRESENTATIVE,D,HI,2,G000571,115
1542,Michael,ENZI,SENATOR,R,WY,N/A,E000285,115
1838,Gus,BILIRAKIS,REPRESENTATIVE,R,FL,12,B001257,115
2197,Bradley,BYRNE,REPRESENTATIVE,R,AL,1,B001289,115
2171,Mark,POCAN,REPRESENTATIVE,D,WI,2,P000607,115
2197,Bradley,BYRNE,REPRESENTATIVE,R,AL,1,B001289,115
2328,Roger,MARSHALL,N/A,R,KS,N/A,M001198,115
2197,Bradley,BYRNE,REPRESENTATIVE,R,AL,1,B001289,115
2130,Luke,MESSER,REPRESENTATIVE,R,IN,6,M001189,115
2308,Ro,KHANNA,N/A,D,CA,N/A,K000389,115
2197,Bradley,BYRNE,REPRESENTATIVE,R,AL,1,B001289,115
2197,Bradley,BYRNE,REPRESENTATIVE,R,AL,1,B001289,115
2197,Bradley,BYRNE,REPRESENTATIVE,R,AL,1,B001289,115
1890,Jackie,SPEIER,REPRESENTATIVE,D,CA,14,S001175,115
1890,Jackie,SPEIER,REPRESENTATIVE,D,CA,14,S001175,115
2197,Bradley,BYRNE,REPRESENTATIVE,R,AL,1,B001289,115
2197,Bradley,BYRNE,REPRESENTATIVE,R,AL,1,B001289,115
2197,Bradley,BYRNE,REPRESENTATIVE,R,AL,1,B001289,115
2350,Jodey,ARRINGTON,N/A,R,TX,N/A,A000375,115
2134,Daniel,KILDEE,REPRESENTATIVE,D,MI,5,K000380,115
2297,James,COMER,N/A,R,KY,N/A,C001108,115
2315,Neal,DUNN,N/A,R,FL,N/A,D000628,115
1959,Gerald,CONNOLLY,REPRESENTATIVE,D,VA,11,C001078,115
231,Jim,COOPER,REPRESENTATIVE,D,TN,5,C000754,115
231,Jim,COOPER,REPRESENTATIVE,D,TN,5,C000754,115
231,Jim,COOPER,REPRESENTATIVE,D,TN,5,C000754,115
1942,Paul,TONKO,REPRESENTATIVE,D,NY,20,T000469,115
1855,Tim,WALBERG,REPRESENTATIVE,R,MI,7,W000798,115
2226,Ruben,GALLEGO,REPRESENTATIVE,D,AZ,7,G000574,115
1036,Charles,SCHUMER,SENATOR,D,NY,N/A,S000148,115
1036,Charles,SCHUMER,SENATOR,D,NY,N/A,S000148,115
2350,Jodey,ARRINGTON,N/A,R,TX,N/A,A000375,115
1881,John,BARRASSO,SENATOR,R,WY,N/A,B001261,115
1837,Christopher,MURPHY,SENATOR,D,CT,N/A,M001169,115
1900,Jeff,MERKLEY,SENATOR,D,OR,N/A,M001176,115
1900,Jeff,MERKLEY,SENATOR,D,OR,N/A,M001176,115
1351,Orrin,HATCH,SENATOR,R,UT,N/A,H000338,115
172,Maria,CANTWELL,SENATOR,D,WA,N/A,C000127,115
172,Maria,CANTWELL,SENATOR,D,WA,N/A,C000127,115
2173,Brian,SCHATZ,SENATOR,D,HI,N/A,S001194,115
735,Edward,MARKEY,SENATOR,D,MA,N/A,M000133,115
2076,Richard,BLUMENTHAL,SENATOR,D,CT,N/A,B001277,115
1247,Ron,WYDEN,SENATOR,D,OR,N/A,W000779,115
1692,John,CORNYN,SENATOR,R,TX,N/A,C001056,115
949,Jack,REED,REPRESENTATIVE,D,RI,23,R000122,115
949,Jack,REED,REPRESENTATIVE,D,RI,23,R000122,115
1823,Sheldon,WHITEHOUSE,SENATOR,D,RI,N/A,W000802,115
1823,Sheldon,WHITEHOUSE,SENATOR,D,RI,N/A,W000802,115
1823,Sheldon,WHITEHOUSE,SENATOR,D,RI,N/A,W000802,115
2175,Ted,CRUZ,SENATOR,R,TX,N/A,C001098,115
2175,Ted,CRUZ,SENATOR,R,TX,N/A,C001098,115
2286,David,PERDUE,SENATOR,R,GA,N/A,P000612,115
924,Rob,PORTMAN,SENATOR,R,OH,N/A,P000449,115
2239,Rick,ALLEN,REPRESENTATIVE,R,GA,12,A000372,115
2286,David,PERDUE,SENATOR,R,GA,N/A,P000612,115
2286,David,PERDUE,SENATOR,R,GA,N/A,P000612,115
1900,Jeff,MERKLEY,SENATOR,D,OR,N/A,M001176,115
2173,Brian,SCHATZ,SENATOR,D,HI,N/A,S001194,115
1351,Orrin,HATCH,SENATOR,R,UT,N/A,H000338,115
478,Luis,GUTIERREZ,REPRESENTATIVE,D,IL,4,G000535,115
1774,Jim,COSTA,REPRESENTATIVE,D,CA,16,C001059,115
1774,Jim,COSTA,REPRESENTATIVE,D,CA,16,C001059,115
2322,Brian,MAST,N/A,R,FL,N/A,M001199,115
2322,Brian,MAST,N/A,R,FL,N/A,M001199,115
1848,Peter,ROSKAM,REPRESENTATIVE,R,IL,6,R000580,115
2115,Ted,YOHO,REPRESENTATIVE,R,FL,3,Y000065,115
2115,Ted,YOHO,REPRESENTATIVE,R,FL,3,Y000065,115
2115,Ted,YOHO,REPRESENTATIVE,R,FL,3,Y000065,115
2115,Ted,YOHO,REPRESENTATIVE,R,FL,3,Y000065,115
2338,Josh,GOTTHEIMER,N/A,D,NJ,N/A,G000583,115
2286,David,PERDUE,SENATOR,R,GA,N/A,P000612,115
