speaker_id,first_name,last_name,type,party,state,district,bio_guide_id,congress_id
1825,Bob,CORKER,SENATOR,R,TN,N/A,C001071,115
2288,Mike,ROUNDS,N/A,R,SD,N/A,R000605,115
583,James,INHOFE,SENATOR,R,OK,N/A,I000024,115
2111,Alan,LOWENTHAL,REPRESENTATIVE,D,CA,47,L000579,115
2175,Ted,CRUZ,SENATOR,R,TX,N/A,C001098,115
583,James,INHOFE,SENATOR,R,OK,N/A,I000024,115
2175,Ted,CRUZ,SENATOR,R,TX,N/A,C001098,115
583,James,INHOFE,SENATOR,R,OK,N/A,I000024,115
2124,Bradley,SCHNEIDER,N/A,D,IL,N/A,S001190,115
583,James,INHOFE,SENATOR,R,OK,N/A,I000024,115
1997,Scott,TIPTON,REPRESENTATIVE,R,CO,3,T000470,115
1997,Scott,TIPTON,REPRESENTATIVE,R,CO,3,T000470,115
1997,Scott,TIPTON,REPRESENTATIVE,R,CO,3,T000470,115
457,Chuck,GRASSLEY,SENATOR,R,IA,N/A,G000386,115
174,Benjamin,CARDIN,SENATOR,D,MD,N/A,C000141,115
1997,Scott,TIPTON,REPRESENTATIVE,R,CO,3,T000470,115
1997,Scott,TIPTON,REPRESENTATIVE,R,CO,3,T000470,115
1997,Scott,TIPTON,REPRESENTATIVE,R,CO,3,T000470,115
1997,Scott,TIPTON,REPRESENTATIVE,R,CO,3,T000470,115
1997,Scott,TIPTON,REPRESENTATIVE,R,CO,3,T000470,115
1997,Scott,TIPTON,REPRESENTATIVE,R,CO,3,T000470,115
1997,Scott,TIPTON,REPRESENTATIVE,R,CO,3,T000470,115
1997,Scott,TIPTON,REPRESENTATIVE,R,CO,3,T000470,115
1351,Orrin,HATCH,SENATOR,R,UT,N/A,H000338,115
1383,Patrick,LEAHY,SENATOR,D,VT,N/A,L000174,115
1383,Patrick,LEAHY,SENATOR,D,VT,N/A,L000174,115
326,Richard,DURBIN,SENATOR,D,IL,N/A,D000563,115
326,Richard,DURBIN,SENATOR,D,IL,N/A,D000563,115
968,Pat,ROBERTS,SENATOR,R,KS,N/A,R000307,115
968,Pat,ROBERTS,SENATOR,R,KS,N/A,R000307,115
1692,John,CORNYN,SENATOR,R,TX,N/A,C001056,115
1692,John,CORNYN,SENATOR,R,TX,N/A,C001056,115
1383,Patrick,LEAHY,SENATOR,D,VT,N/A,L000174,115
1687,John,BOOZMAN,SENATOR,R,AR,N/A,B001236,115
1247,Ron,WYDEN,SENATOR,D,OR,N/A,W000779,115
1247,Ron,WYDEN,SENATOR,D,OR,N/A,W000779,115
1247,Ron,WYDEN,SENATOR,D,OR,N/A,W000779,115
1247,Ron,WYDEN,SENATOR,D,OR,N/A,W000779,115
1692,John,CORNYN,SENATOR,R,TX,N/A,C001056,115
326,Richard,DURBIN,SENATOR,D,IL,N/A,D000563,115
1997,Scott,TIPTON,REPRESENTATIVE,R,CO,3,T000470,115
1997,Scott,TIPTON,REPRESENTATIVE,R,CO,3,T000470,115
1997,Scott,TIPTON,REPRESENTATIVE,R,CO,3,T000470,115
1997,Scott,TIPTON,REPRESENTATIVE,R,CO,3,T000470,115
2356,Liz,CHENEY,N/A,R,WY,N/A,C001109,115
1997,Scott,TIPTON,REPRESENTATIVE,R,CO,3,T000470,115
1997,Scott,TIPTON,REPRESENTATIVE,R,CO,3,T000470,115
2315,Neal,DUNN,N/A,R,FL,N/A,D000628,115
2176,Tim,KAINE,SENATOR,D,VA,N/A,K000384,115
2010,Colleen,HANABUSA,N/A,D,HI,N/A,H001050,115
1036,Charles,SCHUMER,SENATOR,D,NY,N/A,S000148,115
1036,Charles,SCHUMER,SENATOR,D,NY,N/A,S000148,115
2309,Jimmy,PANETTA,N/A,D,CA,N/A,P000613,115
1383,Patrick,LEAHY,SENATOR,D,VT,N/A,L000174,115
326,Richard,DURBIN,SENATOR,D,IL,N/A,D000563,115
326,Richard,DURBIN,SENATOR,D,IL,N/A,D000563,115
457,Chuck,GRASSLEY,SENATOR,R,IA,N/A,G000386,115
457,Chuck,GRASSLEY,SENATOR,R,IA,N/A,G000386,115
457,Chuck,GRASSLEY,SENATOR,R,IA,N/A,G000386,115
2080,Mike,LEE,REPRESENTATIVE,R,UT,13,L000577,115
457,Chuck,GRASSLEY,SENATOR,R,IA,N/A,G000386,115
2289,Ben,SASSE,SENATOR,R,NE,N/A,S001197,115
457,Chuck,GRASSLEY,SENATOR,R,IA,N/A,G000386,115
1531,Debbie,STABENOW,SENATOR,D,MI,N/A,S000770,115
1036,Charles,SCHUMER,SENATOR,D,NY,N/A,S000148,115
2173,Brian,SCHATZ,SENATOR,D,HI,N/A,S001194,115
2173,Brian,SCHATZ,SENATOR,D,HI,N/A,S001194,115
326,Richard,DURBIN,SENATOR,D,IL,N/A,D000563,115
2173,Brian,SCHATZ,SENATOR,D,HI,N/A,S001194,115
1692,John,CORNYN,SENATOR,R,TX,N/A,C001056,115
1692,John,CORNYN,SENATOR,R,TX,N/A,C001056,115
1692,John,CORNYN,SENATOR,R,TX,N/A,C001056,115
1823,Sheldon,WHITEHOUSE,SENATOR,D,RI,N/A,W000802,115
1351,Orrin,HATCH,SENATOR,R,UT,N/A,H000338,115
1351,Orrin,HATCH,SENATOR,R,UT,N/A,H000338,115
1247,Ron,WYDEN,SENATOR,D,OR,N/A,W000779,115
153,Richard,BURR,SENATOR,R,NC,N/A,B001135,115
1692,John,CORNYN,SENATOR,R,TX,N/A,C001056,115
1933,Gregg,HARPER,REPRESENTATIVE,R,MS,3,H001045,115
1933,Gregg,HARPER,REPRESENTATIVE,R,MS,3,H001045,115
859,Bill,NELSON,SENATOR,D,FL,N/A,N000032,115
583,James,INHOFE,SENATOR,R,OK,N/A,I000024,115
2175,Ted,CRUZ,SENATOR,R,TX,N/A,C001098,115
2175,Ted,CRUZ,SENATOR,R,TX,N/A,C001098,115
1929,Gary,PETERS,REPRESENTATIVE,D,MI,52,P000595,115
1036,Charles,SCHUMER,SENATOR,D,NY,N/A,S000148,115
1604,Joseph,CROWLEY,REPRESENTATIVE,D,NY,14,C001038,115
1604,Joseph,CROWLEY,REPRESENTATIVE,D,NY,14,C001038,115
1604,Joseph,CROWLEY,REPRESENTATIVE,D,NY,14,C001038,115
1604,Joseph,CROWLEY,REPRESENTATIVE,D,NY,14,C001038,115
1604,Joseph,CROWLEY,REPRESENTATIVE,D,NY,14,C001038,115
1604,Joseph,CROWLEY,REPRESENTATIVE,D,NY,14,C001038,115
1604,Joseph,CROWLEY,REPRESENTATIVE,D,NY,14,C001038,115
1604,Joseph,CROWLEY,REPRESENTATIVE,D,NY,14,C001038,115
1510,Bill,PASCRELL,REPRESENTATIVE,D,NJ,9,P000096,115
1510,Bill,PASCRELL,REPRESENTATIVE,D,NJ,9,P000096,115
1510,Bill,PASCRELL,REPRESENTATIVE,D,NJ,9,P000096,115
1510,Bill,PASCRELL,REPRESENTATIVE,D,NJ,9,P000096,115
1510,Bill,PASCRELL,REPRESENTATIVE,D,NJ,9,P000096,115
1510,Bill,PASCRELL,REPRESENTATIVE,D,NJ,9,P000096,115
1510,Bill,PASCRELL,REPRESENTATIVE,D,NJ,9,P000096,115
1604,Joseph,CROWLEY,REPRESENTATIVE,D,NY,14,C001038,115
1604,Joseph,CROWLEY,REPRESENTATIVE,D,NY,14,C001038,115
583,James,INHOFE,SENATOR,R,OK,N/A,I000024,115
583,James,INHOFE,SENATOR,R,OK,N/A,I000024,115
2334,Paul,MITCHELL,N/A,R,MI,N/A,M001201,115
949,Jack,REED,REPRESENTATIVE,D,RI,23,R000122,115
1332,Dianne,FEINSTEIN,SENATOR,D,CA,N/A,F000062,115
2134,Daniel,KILDEE,REPRESENTATIVE,D,MI,5,K000380,115
2288,Mike,ROUNDS,N/A,R,SD,N/A,R000605,115
1464,Roy,BLUNT,SENATOR,R,MO,N/A,B000575,115
1692,John,CORNYN,SENATOR,R,TX,N/A,C001056,115
