speaker_id,first_name,last_name,type,party,state,district,bio_guide_id,congress_id
2275,Dan,NEWHOUSE,REPRESENTATIVE,R,WA,4,N000189,115
2275,Dan,NEWHOUSE,REPRESENTATIVE,R,WA,4,N000189,115
2275,Dan,NEWHOUSE,REPRESENTATIVE,R,WA,4,N000189,115
2275,Dan,NEWHOUSE,REPRESENTATIVE,R,WA,4,N000189,115
1910,Jared,POLIS,REPRESENTATIVE,D,CO,2,P000598,115
1910,Jared,POLIS,REPRESENTATIVE,D,CO,2,P000598,115
1910,Jared,POLIS,REPRESENTATIVE,D,CO,2,P000598,115
303,Lloyd,DOGGETT,REPRESENTATIVE,D,TX,35,D000399,115
1910,Jared,POLIS,REPRESENTATIVE,D,CO,2,P000598,115
303,Lloyd,DOGGETT,REPRESENTATIVE,D,TX,35,D000399,115
1910,Jared,POLIS,REPRESENTATIVE,D,CO,2,P000598,115
303,Lloyd,DOGGETT,REPRESENTATIVE,D,TX,35,D000399,115
1910,Jared,POLIS,REPRESENTATIVE,D,CO,2,P000598,115
303,Lloyd,DOGGETT,REPRESENTATIVE,D,TX,35,D000399,115
1910,Jared,POLIS,REPRESENTATIVE,D,CO,2,P000598,115
303,Lloyd,DOGGETT,REPRESENTATIVE,D,TX,35,D000399,115
1910,Jared,POLIS,REPRESENTATIVE,D,CO,2,P000598,115
2275,Dan,NEWHOUSE,REPRESENTATIVE,R,WA,4,N000189,115
2356,Liz,CHENEY,N/A,R,WY,N/A,C001109,115
1910,Jared,POLIS,REPRESENTATIVE,D,CO,2,P000598,115
1910,Jared,POLIS,REPRESENTATIVE,D,CO,2,P000598,115
1510,Bill,PASCRELL,REPRESENTATIVE,D,NJ,9,P000096,115
1910,Jared,POLIS,REPRESENTATIVE,D,CO,2,P000598,115
1510,Bill,PASCRELL,REPRESENTATIVE,D,NJ,9,P000096,115
1910,Jared,POLIS,REPRESENTATIVE,D,CO,2,P000598,115
1510,Bill,PASCRELL,REPRESENTATIVE,D,NJ,9,P000096,115
2275,Dan,NEWHOUSE,REPRESENTATIVE,R,WA,4,N000189,115
2233,Ken,BUCK,REPRESENTATIVE,R,CO,4,B001297,115
1910,Jared,POLIS,REPRESENTATIVE,D,CO,2,P000598,115
2275,Dan,NEWHOUSE,REPRESENTATIVE,R,WA,4,N000189,115
2275,Dan,NEWHOUSE,REPRESENTATIVE,R,WA,4,N000189,115
1910,Jared,POLIS,REPRESENTATIVE,D,CO,2,P000598,115
1036,Charles,SCHUMER,SENATOR,D,NY,N/A,S000148,115
2298,Dwight,EVANS,N/A,D,PA,N/A,E000296,115
1036,Charles,SCHUMER,SENATOR,D,NY,N/A,S000148,115
1793,Jeff,FORTENBERRY,REPRESENTATIVE,R,NE,1,F000449,115
1844,Mazie,HIRONO,SENATOR,D,HI,N/A,H001042,115
979,Dana,ROHRABACHER,REPRESENTATIVE,R,CA,48,R000409,115
1036,Charles,SCHUMER,SENATOR,D,NY,N/A,S000148,115
2076,Richard,BLUMENTHAL,SENATOR,D,CT,N/A,B001277,115
326,Richard,DURBIN,SENATOR,D,IL,N/A,D000563,115
326,Richard,KING,REPRESENTATIVE,D,IL,4,D000563,115
2283,Joni,ERNST,SENATOR,R,IA,N/A,E000295,115
949,Jack,REED,REPRESENTATIVE,D,RI,23,R000122,115
949,Jack,REED,REPRESENTATIVE,D,RI,23,R000122,115
1881,John,BARRASSO,SENATOR,R,WY,N/A,B001261,115
1881,John,BARRASSO,SENATOR,R,WY,N/A,B001261,115
1692,John,CORNYN,SENATOR,R,TX,N/A,C001056,115
1692,John,CORNYN,SENATOR,R,TX,N/A,C001056,115
1692,John,CORNYN,SENATOR,R,TX,N/A,C001056,115
1925,Bill,CASSIDY,SENATOR,R,LA,N/A,C001075,115
2076,Richard,BLUMENTHAL,SENATOR,D,CT,N/A,B001277,115
2076,Richard,BLUMENTHAL,SENATOR,D,CT,N/A,B001277,115
1351,Orrin,HATCH,SENATOR,R,UT,N/A,H000338,115
1608,Johnny,ISAKSON,SENATOR,R,GA,N/A,I000055,115
1351,Orrin,HATCH,SENATOR,R,UT,N/A,H000338,115
1929,Gary,PETERS,REPRESENTATIVE,D,MI,52,P000595,115
1823,Sheldon,WHITEHOUSE,SENATOR,D,RI,N/A,W000802,115
1823,Sheldon,WHITEHOUSE,SENATOR,D,RI,N/A,W000802,115
924,Rob,PORTMAN,SENATOR,R,OH,N/A,P000449,115
2182,Elizabeth,WARREN,SENATOR,D,MA,N/A,W000817,115
250,Mike,CRAPO,SENATOR,R,ID,N/A,C000880,115
250,Mike,CRAPO,SENATOR,R,ID,N/A,C000880,115
2357,Luther,STRANGE,N/A,R,AL,N/A,S001202,115
2127,Cheri,BUSTOS,REPRESENTATIVE,D,IL,17,B001286,115
949,Jack,REED,REPRESENTATIVE,D,RI,23,R000122,115
1692,John,CORNYN,SENATOR,R,TX,N/A,C001056,115
179,Thomas,CARPER,SENATOR,D,DE,N/A,C000174,115
1541,Susan,COLLINS,REPRESENTATIVE,R,ME,9,C001035,115
2350,Jodey,ARRINGTON,N/A,R,TX,N/A,A000375,115
2312,J.,CORREA,N/A,D,CA,N/A,C001110,115
566,Steny,HOYER,REPRESENTATIVE,D,MD,5,H000874,115
2055,David,CICILLINE,REPRESENTATIVE,D,RI,1,C001084,115
1036,Charles,SCHUMER,SENATOR,D,NY,N/A,S000148,115
1708,Raul,GRIJALVA,REPRESENTATIVE,D,AZ,3,G000551,115
1995,Jeff,DENHAM,REPRESENTATIVE,R,CA,10,D000612,115
1995,Jeff,DENHAM,REPRESENTATIVE,R,CA,10,D000612,115
1708,Raul,GRIJALVA,REPRESENTATIVE,D,AZ,3,G000551,115
1774,Jim,COSTA,REPRESENTATIVE,D,CA,16,C001059,115
1992,Paul,GOSAR,REPRESENTATIVE,R,AZ,4,G000565,115
1708,Raul,GRIJALVA,REPRESENTATIVE,D,AZ,3,G000551,115
1950,Kurt,SCHRADER,REPRESENTATIVE,D,OR,5,S001180,115
1708,Raul,GRIJALVA,REPRESENTATIVE,D,AZ,3,G000551,115
1708,Raul,GRIJALVA,REPRESENTATIVE,D,AZ,3,G000551,115
2224,Bruce,WESTERMAN,REPRESENTATIVE,R,AR,4,W000821,115
1708,Raul,GRIJALVA,REPRESENTATIVE,D,AZ,3,G000551,115
1708,Raul,GRIJALVA,REPRESENTATIVE,D,AZ,3,G000551,115
1708,Raul,GRIJALVA,REPRESENTATIVE,D,AZ,3,G000551,115
2142,Mark,MEADOWS,REPRESENTATIVE,R,NC,11,M001187,115
910,Collin,PETERSON,REPRESENTATIVE,D,MN,7,P000258,115
165,Ken,CALVERT,REPRESENTATIVE,R,CA,42,C000059,115
2310,Salud,CARBAJAL,N/A,D,CA,N/A,C001112,115
2310,Salud,CARBAJAL,N/A,D,CA,N/A,C001112,115
2310,Salud,CARBAJAL,N/A,D,CA,N/A,C001112,115
2310,Salud,CARBAJAL,N/A,D,CA,N/A,C001112,115
2099,Kyrsten,SINEMA,REPRESENTATIVE,D,AZ,9,S001191,115
2099,Kyrsten,SINEMA,REPRESENTATIVE,D,AZ,9,S001191,115
1992,Paul,GOSAR,REPRESENTATIVE,R,AZ,4,G000565,115
1992,Paul,GOSAR,REPRESENTATIVE,R,AZ,4,G000565,115
2099,Kyrsten,SINEMA,REPRESENTATIVE,D,AZ,9,S001191,115
2272,Donald,BEYER,REPRESENTATIVE,D,VA,8,B001292,115
2272,Donald,BEYER,REPRESENTATIVE,D,VA,8,B001292,115
2272,Donald,BEYER,REPRESENTATIVE,D,VA,8,B001292,115
1986,Martha,ROBY,REPRESENTATIVE,R,AL,2,R000591,115
1708,Raul,GRIJALVA,REPRESENTATIVE,D,AZ,3,G000551,115
1602,Grace,NAPOLITANO,REPRESENTATIVE,D,CA,32,N000179,115
2273,Barbara,COMSTOCK,REPRESENTATIVE,R,VA,10,C001105,115
2143,George,HOLDING,REPRESENTATIVE,R,NC,13,H001065,115
2353,Thomas,GARRETT,REPRESENTATIVE,R,VA,5,G000580,115
2353,Thomas,GARRETT,REPRESENTATIVE,R,VA,5,G000580,115
2353,Thomas,GARRETT,REPRESENTATIVE,R,VA,5,G000580,115
2312,J.,CORREA,N/A,D,CA,N/A,C001110,115
2353,Thomas,GARRETT,REPRESENTATIVE,R,VA,5,G000580,115
2312,J.,CORREA,N/A,D,CA,N/A,C001110,115
2353,Thomas,GARRETT,REPRESENTATIVE,R,VA,5,G000580,115
1855,Tim,WALBERG,REPRESENTATIVE,R,MI,7,W000798,115
2328,Roger,MARSHALL,N/A,R,KS,N/A,M001198,115
979,Dana,ROHRABACHER,REPRESENTATIVE,R,CA,48,R000409,115
2253,Tom,EMMER,REPRESENTATIVE,R,MN,6,E000294,115
1910,Jared,POLIS,REPRESENTATIVE,D,CO,2,P000598,115
2243,Mike,BOST,REPRESENTATIVE,R,IL,12,B001295,115
2172,Joseph,KENNEDY,REPRESENTATIVE,D,MA,4,K000379,115
1910,Jared,POLIS,REPRESENTATIVE,D,CO,2,P000598,115
1487,Kay,GRANGER,REPRESENTATIVE,R,TX,12,G000377,115
1602,Grace,NAPOLITANO,REPRESENTATIVE,D,CA,32,N000179,115
612,Walter,JONES,REPRESENTATIVE,R,NC,3,J000255,115
478,Luis,GUTIERREZ,REPRESENTATIVE,D,IL,4,G000535,115
2345,Brian,FITZPATRICK,REPRESENTATIVE,R,PA,8,F000466,115
2345,Brian,FITZPATRICK,REPRESENTATIVE,R,PA,8,F000466,115
2021,Kevin,YODER,REPRESENTATIVE,R,KS,3,Y000063,115
1409,Patty,MURRAY,SENATOR,D,WA,N/A,M001111,115
1844,Mazie,HIRONO,SENATOR,D,HI,N/A,H001042,115
2302,Margaret,HASSAN,N/A,D,NH,N/A,H001076,115
1247,Ron,WYDEN,SENATOR,D,OR,N/A,W000779,115
2076,Richard,BLUMENTHAL,SENATOR,D,CT,N/A,B001277,115
1901,Jeanne,SHAHEEN,SENATOR,D,NH,N/A,S001181,115
2097,Donald,PAYNE,REPRESENTATIVE,D,NJ,10,P000604,115
2342,Adriano,ESPAILLAT,N/A,D,NY,N/A,E000297,115
2134,Daniel,KILDEE,REPRESENTATIVE,D,MI,5,K000380,115
303,Lloyd,DOGGETT,REPRESENTATIVE,D,TX,35,D000399,115
303,Lloyd,DOGGETT,REPRESENTATIVE,D,TX,35,D000399,115
303,Lloyd,DOGGETT,REPRESENTATIVE,D,TX,35,D000399,115
303,Lloyd,DOGGETT,REPRESENTATIVE,D,TX,35,D000399,115
303,Lloyd,DOGGETT,REPRESENTATIVE,D,TX,35,D000399,115
1510,Bill,PASCRELL,REPRESENTATIVE,D,NJ,9,P000096,115
1510,Bill,PASCRELL,REPRESENTATIVE,D,NJ,9,P000096,115
1510,Bill,PASCRELL,REPRESENTATIVE,D,NJ,9,P000096,115
1510,Bill,PASCRELL,REPRESENTATIVE,D,NJ,9,P000096,115
1510,Bill,PASCRELL,REPRESENTATIVE,D,NJ,9,P000096,115
1510,Bill,PASCRELL,REPRESENTATIVE,D,NJ,9,P000096,115
1510,Bill,PASCRELL,REPRESENTATIVE,D,NJ,9,P000096,115
1510,Bill,PASCRELL,REPRESENTATIVE,D,NJ,9,P000096,115
1510,Bill,PASCRELL,REPRESENTATIVE,D,NJ,9,P000096,115
1510,Bill,PASCRELL,REPRESENTATIVE,D,NJ,9,P000096,115
1510,Bill,PASCRELL,REPRESENTATIVE,D,NJ,9,P000096,115
303,Lloyd,DOGGETT,REPRESENTATIVE,D,TX,35,D000399,115
2275,Dan,NEWHOUSE,REPRESENTATIVE,R,WA,4,N000189,115
303,Lloyd,DOGGETT,REPRESENTATIVE,D,TX,35,D000399,115
2343,John,FASO,N/A,R,NY,N/A,F000464,115
2307,Andy,BIGGS,N/A,R,AZ,N/A,B001302,115
326,Richard,DURBIN,SENATOR,D,IL,N/A,D000563,115
2359,Greg,GIANFORTE,N/A,R,MT,N/A,G000584,115
478,Luis,GUTIERREZ,REPRESENTATIVE,D,IL,4,G000535,115
1965,Michael,BENNET,SENATOR,D,CO,N/A,B001267,115
2243,Mike,BOST,REPRESENTATIVE,R,IL,12,B001295,115
1687,John,BOOZMAN,SENATOR,R,AR,N/A,B001236,115
1010,Bernard,SANDERS,SENATOR,I,VT,N/A,S000033,115
