speaker_id,first_name,last_name,type,party,state,district,bio_guide_id,congress_id
1976,Theodore,DEUTCH,REPRESENTATIVE,D,FL,21,D000610,115
1036,Charles,SCHUMER,SENATOR,D,NY,N/A,S000148,115
174,Benjamin,CARDIN,SENATOR,D,MD,N/A,C000141,115
583,James,INHOFE,SENATOR,R,OK,N/A,I000024,115
2138,Steve,DAINES,SENATOR,R,MT,N/A,D000618,115
1036,Charles,SCHUMER,SENATOR,D,NY,N/A,S000148,115
2344,Claudia,TENNEY,N/A,R,NY,N/A,T000478,115
1801,Louie,GOHMERT,REPRESENTATIVE,R,TX,1,G000552,115
1828,Robert,CASEY,SENATOR,D,PA,N/A,C001070,114
1531,Debbie,STABENOW,SENATOR,D,MI,N/A,S000770,115
2342,Adriano,ESPAILLAT,N/A,D,NY,N/A,E000297,115
2226,Ruben,GALLEGO,REPRESENTATIVE,D,AZ,7,G000574,115
2226,Ruben,GALLEGO,REPRESENTATIVE,D,AZ,7,G000574,115
2226,Ruben,GALLEGO,REPRESENTATIVE,D,AZ,7,G000574,115
2226,Ruben,GALLEGO,REPRESENTATIVE,D,AZ,7,G000574,115
2226,Ruben,GALLEGO,REPRESENTATIVE,D,AZ,7,G000574,115
2226,Ruben,GALLEGO,REPRESENTATIVE,D,AZ,7,G000574,115
2226,Ruben,GALLEGO,REPRESENTATIVE,D,AZ,7,G000574,115
2226,Ruben,GALLEGO,REPRESENTATIVE,D,AZ,7,G000574,115
2226,Ruben,GALLEGO,REPRESENTATIVE,D,AZ,7,G000574,115
2226,Ruben,GALLEGO,REPRESENTATIVE,D,AZ,7,G000574,115
2226,Ruben,GALLEGO,REPRESENTATIVE,D,AZ,7,G000574,115
2226,Ruben,GALLEGO,REPRESENTATIVE,D,AZ,7,G000574,115
2223,J.,HILL,REPRESENTATIVE,R,AR,2,H001072,115
2223,J.,HILL,REPRESENTATIVE,R,AR,2,H001072,115
2223,J.,HILL,REPRESENTATIVE,R,AR,2,H001072,115
2223,J.,HILL,REPRESENTATIVE,R,AR,2,H001072,115
2223,J.,HILL,REPRESENTATIVE,R,AR,2,H001072,115
2340,Ruben,KIHUEN,N/A,D,NV,N/A,K000390,115
1692,John,CORNYN,SENATOR,R,TX,N/A,C001056,115
616,Marcy,KAPTUR,REPRESENTATIVE,D,OH,8,K000009,114
2124,Bradley,SCHNEIDER,N/A,D,IL,N/A,S001190,115
2288,Mike,ROUNDS,N/A,R,SD,N/A,R000605,115
2185,Angus,KING,REPRESENTATIVE,I,ME,4,K000383,115
1950,Kurt,SCHRADER,REPRESENTATIVE,D,OR,5,S001180,115
1247,Ron,WYDEN,SENATOR,D,OR,N/A,W000779,115
250,Mike,CRAPO,SENATOR,R,ID,N/A,C000880,115
1969,Al,FRANKEN,SENATOR,D,MN,N/A,F000457,115
1676,Shelley,CAPITO,N/A,R,WV,N/A,C001047,115
1900,Jeff,MERKLEY,SENATOR,D,OR,N/A,M001176,115
2084,Marco,RUBIO,SENATOR,R,FL,N/A,R000595,115
2084,Marco,RUBIO,SENATOR,R,FL,N/A,R000595,115
1969,Al,FRANKEN,SENATOR,D,MN,N/A,F000457,115
1965,Michael,BENNET,SENATOR,D,CO,N/A,B001267,115
1542,Michael,ENZI,SENATOR,R,WY,N/A,E000285,115
583,James,INHOFE,SENATOR,R,OK,N/A,I000024,115
583,James,INHOFE,SENATOR,R,OK,N/A,I000024,115
2050,James,LANKFORD,SENATOR,R,OK,N/A,L000575,115
2050,James,LANKFORD,SENATOR,R,OK,N/A,L000575,115
2050,James,LANKFORD,SENATOR,R,OK,N/A,L000575,115
2098,Tom,COTTON,SENATOR,R,AR,N/A,C001095,115
1692,John,CORNYN,SENATOR,R,TX,N/A,C001056,115
326,Richard,DURBIN,SENATOR,D,IL,N/A,D000563,115
1984,Christopher,COONS,SENATOR,D,DE,N/A,C001088,115
1825,Bob,CORKER,SENATOR,R,TN,N/A,C001071,115
2275,Dan,NEWHOUSE,REPRESENTATIVE,R,WA,4,N000189,115
2309,Jimmy,PANETTA,N/A,D,CA,N/A,P000613,115
1036,Charles,SCHUMER,SENATOR,D,NY,N/A,S000148,115
1984,Christopher,COONS,SENATOR,D,DE,N/A,C001088,115
566,Steny,HOYER,REPRESENTATIVE,D,MD,5,H000874,115
566,Steny,HOYER,REPRESENTATIVE,D,MD,5,H000874,115
566,Steny,HOYER,REPRESENTATIVE,D,MD,5,H000874,115
566,Steny,HOYER,REPRESENTATIVE,D,MD,5,H000874,115
566,Steny,HOYER,REPRESENTATIVE,D,MD,5,H000874,115
566,Steny,HOYER,REPRESENTATIVE,D,MD,5,H000874,115
566,Steny,HOYER,REPRESENTATIVE,D,MD,5,H000874,115
566,Steny,HOYER,REPRESENTATIVE,D,MD,5,H000874,115
566,Steny,HOYER,REPRESENTATIVE,D,MD,5,H000874,115
566,Steny,HOYER,REPRESENTATIVE,D,MD,5,H000874,115
566,Steny,HOYER,REPRESENTATIVE,D,MD,5,H000874,115
566,Steny,HOYER,REPRESENTATIVE,D,MD,5,H000874,115
566,Steny,HOYER,REPRESENTATIVE,D,MD,5,H000874,115
566,Steny,HOYER,REPRESENTATIVE,D,MD,5,H000874,115
566,Steny,HOYER,REPRESENTATIVE,D,MD,5,H000874,115
250,Mike,CRAPO,SENATOR,R,ID,N/A,C000880,115
791,Robert,MENENDEZ,SENATOR,D,NJ,N/A,M000639,115
1863,Dean,HELLER,SENATOR,R,NV,N/A,H001041,115
1247,Ron,WYDEN,SENATOR,D,OR,N/A,W000779,115
949,Jack,REED,REPRESENTATIVE,D,RI,23,R000122,115
949,Jack,REED,REPRESENTATIVE,D,RI,23,R000122,115
2079,John,HOEVEN,SENATOR,R,ND,N/A,H001061,115
2153,Joyce,BEATTY,REPRESENTATIVE,D,OH,3,B001281,115
1969,Al,FRANKEN,SENATOR,D,MN,N/A,F000457,115
174,Benjamin,CARDIN,SENATOR,D,MD,N/A,C000141,115
1969,Al,FRANKEN,SENATOR,D,MN,N/A,F000457,115
2157,Scott,PERRY,REPRESENTATIVE,R,PA,4,P000605,115
2170,Denny,HECK,REPRESENTATIVE,D,WA,3,H001064,115
2122,Tulsi,GABBARD,REPRESENTATIVE,D,HI,2,G000571,115
2223,J.,HILL,REPRESENTATIVE,R,AR,2,H001072,115
2168,Chris,STEWART,REPRESENTATIVE,R,UT,2,S001192,115
2063,Diane,BLACK,REPRESENTATIVE,R,TN,6,B001273,115
2063,Diane,BLACK,REPRESENTATIVE,R,TN,6,B001273,115
2063,Diane,BLACK,REPRESENTATIVE,R,TN,6,B001273,115
1853,John,YARMUTH,REPRESENTATIVE,D,KY,3,Y000062,115
2063,Diane,BLACK,REPRESENTATIVE,R,TN,6,B001273,115
2063,Diane,BLACK,REPRESENTATIVE,R,TN,6,B001273,115
1853,John,YARMUTH,REPRESENTATIVE,D,KY,3,Y000062,115
2063,Diane,BLACK,REPRESENTATIVE,R,TN,6,B001273,115
2361,Ralph,NORMAN,N/A,R,SC,N/A,N000190,115
1853,John,YARMUTH,REPRESENTATIVE,D,KY,3,Y000062,115
2354,Pramila,JAYAPAL,N/A,D,WA,N/A,J000298,115
2063,Diane,BLACK,REPRESENTATIVE,R,TN,6,B001273,115
1853,John,YARMUTH,REPRESENTATIVE,D,KY,3,Y000062,115
1501,Barbara,LEE,REPRESENTATIVE,D,CA,13,L000551,115
2063,Diane,BLACK,REPRESENTATIVE,R,TN,6,B001273,115
2239,Rick,ALLEN,REPRESENTATIVE,R,GA,12,A000372,115
1853,John,YARMUTH,REPRESENTATIVE,D,KY,3,Y000062,115
2063,Diane,BLACK,REPRESENTATIVE,R,TN,6,B001273,115
1853,John,YARMUTH,REPRESENTATIVE,D,KY,3,Y000062,115
208,James,CLYBURN,REPRESENTATIVE,D,SC,6,C000537,115
1853,John,YARMUTH,REPRESENTATIVE,D,KY,3,Y000062,115
208,James,CLYBURN,REPRESENTATIVE,D,SC,6,C000537,115
2063,Diane,BLACK,REPRESENTATIVE,R,TN,6,B001273,115
1853,John,YARMUTH,REPRESENTATIVE,D,KY,3,Y000062,115
2310,Salud,CARBAJAL,N/A,D,CA,N/A,C001112,115
2063,Diane,BLACK,REPRESENTATIVE,R,TN,6,B001273,115
1853,John,YARMUTH,REPRESENTATIVE,D,KY,3,Y000062,115
1853,John,YARMUTH,REPRESENTATIVE,D,KY,3,Y000062,115
2149,Hakeem,JEFFRIES,REPRESENTATIVE,D,NY,8,J000294,115
2063,Diane,BLACK,REPRESENTATIVE,R,TN,6,B001273,115
1848,Peter,ROSKAM,REPRESENTATIVE,R,IL,6,R000580,115
1853,John,YARMUTH,REPRESENTATIVE,D,KY,3,Y000062,115
683,Sander,LEVIN,REPRESENTATIVE,D,MI,9,L000263,115
2063,Diane,BLACK,REPRESENTATIVE,R,TN,6,B001273,115
2255,Mark,WALKER,REPRESENTATIVE,R,NC,6,W000819,115
1853,John,YARMUTH,REPRESENTATIVE,D,KY,3,Y000062,115
1853,John,YARMUTH,REPRESENTATIVE,D,KY,3,Y000062,115
2063,Diane,BLACK,REPRESENTATIVE,R,TN,6,B001273,115
2065,Bill,FLORES,REPRESENTATIVE,R,TX,17,F000461,115
1853,John,YARMUTH,REPRESENTATIVE,D,KY,3,Y000062,115
1853,John,YARMUTH,REPRESENTATIVE,D,KY,3,Y000062,115
854,Richard,NEAL,REPRESENTATIVE,D,MA,1,N000015,115
2063,Diane,BLACK,REPRESENTATIVE,R,TN,6,B001273,115
1853,John,YARMUTH,REPRESENTATIVE,D,KY,3,Y000062,115
566,Steny,HOYER,REPRESENTATIVE,D,MD,5,H000874,115
2063,Diane,BLACK,REPRESENTATIVE,R,TN,6,B001273,115
2324,A.,FERGUSON,N/A,R,GA,N/A,F000465,115
1853,John,YARMUTH,REPRESENTATIVE,D,KY,3,Y000062,115
1588,Janice,SCHAKOWSKY,REPRESENTATIVE,D,IL,9,S001145,115
2063,Diane,BLACK,REPRESENTATIVE,R,TN,6,B001273,115
1853,John,YARMUTH,REPRESENTATIVE,D,KY,3,Y000062,115
1879,Peter,WELCH,REPRESENTATIVE,D,VT,0,W000800,115
2063,Diane,BLACK,REPRESENTATIVE,R,TN,6,B001273,115
1853,John,YARMUTH,REPRESENTATIVE,D,KY,3,Y000062,115
1853,John,YARMUTH,REPRESENTATIVE,D,KY,3,Y000062,115
2063,Diane,BLACK,REPRESENTATIVE,R,TN,6,B001273,115
1892,Steve,SCALISE,REPRESENTATIVE,R,LA,1,S001176,115
1853,John,YARMUTH,REPRESENTATIVE,D,KY,3,Y000062,115
905,Nancy,PELOSI,REPRESENTATIVE,D,CA,12,P000197,115
2063,Diane,BLACK,REPRESENTATIVE,R,TN,6,B001273,115
1853,John,YARMUTH,REPRESENTATIVE,D,KY,3,Y000062,115
2063,Diane,BLACK,REPRESENTATIVE,R,TN,6,B001273,115
1853,John,YARMUTH,REPRESENTATIVE,D,KY,3,Y000062,115
2063,Diane,BLACK,REPRESENTATIVE,R,TN,6,B001273,115
2063,Diane,BLACK,REPRESENTATIVE,R,TN,6,B001273,115
1853,John,YARMUTH,REPRESENTATIVE,D,KY,3,Y000062,115
2345,Brian,FITZPATRICK,REPRESENTATIVE,R,PA,8,F000466,115
326,Richard,DURBIN,SENATOR,D,IL,N/A,D000563,115
