speaker_id,first_name,last_name,type,party,state,district,bio_guide_id,congress_id
2127,Cheri,BUSTOS,REPRESENTATIVE,D,IL,17,B001286,115
457,Chuck,GRASSLEY,SENATOR,R,IA,N/A,G000386,115
2308,Ro,KHANNA,N/A,D,CA,N/A,K000389,115
2308,Ro,KHANNA,N/A,D,CA,N/A,K000389,115
2308,Ro,KHANNA,N/A,D,CA,N/A,K000389,115
867,Richard,NOLAN,REPRESENTATIVE,D,MN,8,N000127,115
2308,Ro,KHANNA,N/A,D,CA,N/A,K000389,115
2332,Jamie,RASKIN,N/A,D,MD,N/A,R000606,115
2308,Ro,KHANNA,N/A,D,CA,N/A,K000389,115
344,Eliot,ENGEL,REPRESENTATIVE,D,NY,16,E000179,115
186,Steve,CHABOT,REPRESENTATIVE,R,OH,1,C000266,115
2308,Ro,KHANNA,N/A,D,CA,N/A,K000389,115
905,Nancy,PELOSI,REPRESENTATIVE,D,CA,12,P000197,115
2166,Marc,VEASEY,REPRESENTATIVE,D,TX,33,V000131,115
2166,Marc,VEASEY,REPRESENTATIVE,D,TX,33,V000131,115
2097,Donald,PAYNE,REPRESENTATIVE,D,NJ,10,P000604,115
2166,Marc,VEASEY,REPRESENTATIVE,D,TX,33,V000131,115
2097,Donald,PAYNE,REPRESENTATIVE,D,NJ,10,P000604,115
2166,Marc,VEASEY,REPRESENTATIVE,D,TX,33,V000131,115
2097,Donald,PAYNE,REPRESENTATIVE,D,NJ,10,P000604,115
2166,Marc,VEASEY,REPRESENTATIVE,D,TX,33,V000131,115
2166,Marc,VEASEY,REPRESENTATIVE,D,TX,33,V000131,115
2298,Dwight,EVANS,N/A,D,PA,N/A,E000296,115
2166,Marc,VEASEY,REPRESENTATIVE,D,TX,33,V000131,115
1351,Orrin,HATCH,SENATOR,R,UT,N/A,H000338,115
1929,Gary,PETERS,REPRESENTATIVE,D,MI,52,P000595,115
2290,Dan,SULLIVAN,SENATOR,R,AK,N/A,S001198,115
2325,Raja,KRISHNAMOORTHI,N/A,D,IL,N/A,K000391,115
2097,Donald,PAYNE,REPRESENTATIVE,D,NJ,10,P000604,115
2344,Claudia,TENNEY,N/A,R,NY,N/A,T000478,115
2028,Bill,HUIZENGA,REPRESENTATIVE,R,MI,2,H001058,115
2028,Bill,HUIZENGA,REPRESENTATIVE,R,MI,2,H001058,115
2028,Bill,HUIZENGA,REPRESENTATIVE,R,MI,2,H001058,115
1526,Brad,SHERMAN,REPRESENTATIVE,D,CA,30,S000344,115
2028,Bill,HUIZENGA,REPRESENTATIVE,R,MI,2,H001058,115
2296,Warren,DAVIDSON,N/A,R,OH,N/A,D000626,115
1526,Brad,SHERMAN,REPRESENTATIVE,D,CA,30,S000344,115
2028,Bill,HUIZENGA,REPRESENTATIVE,R,MI,2,H001058,115
1930,Erik,PAULSEN,REPRESENTATIVE,R,MN,3,P000594,115
1383,Patrick,LEAHY,SENATOR,D,VT,N/A,L000174,115
1668,James,LANGEVIN,REPRESENTATIVE,D,RI,2,L000559,115
1036,Charles,SCHUMER,SENATOR,D,NY,N/A,S000148,115
1036,Charles,SCHUMER,SENATOR,D,NY,N/A,S000148,115
179,Thomas,CARPER,SENATOR,D,DE,N/A,C000174,115
2182,Elizabeth,WARREN,SENATOR,D,MA,N/A,W000817,115
1823,Sheldon,WHITEHOUSE,SENATOR,D,RI,N/A,W000802,115
1823,Sheldon,WHITEHOUSE,SENATOR,D,RI,N/A,W000802,115
1826,Amy,KLOBUCHAR,SENATOR,D,MN,N/A,K000367,115
326,Richard,DURBIN,SENATOR,D,IL,N/A,D000563,115
326,Richard,DURBIN,SENATOR,D,IL,N/A,D000563,115
179,Thomas,CARPER,SENATOR,D,DE,N/A,C000174,115
1692,John,CORNYN,SENATOR,R,TX,N/A,C001056,115
326,Richard,DURBIN,SENATOR,D,IL,N/A,D000563,115
172,Maria,CANTWELL,SENATOR,D,WA,N/A,C000127,115
172,Maria,CANTWELL,SENATOR,D,WA,N/A,C000127,115
1692,John,CORNYN,SENATOR,R,TX,N/A,C001056,115
2179,Deb,FISCHER,SENATOR,R,NE,N/A,F000463,115
1351,Orrin,HATCH,SENATOR,R,UT,N/A,H000338,115
1351,Orrin,HATCH,SENATOR,R,UT,N/A,H000338,115
457,Chuck,GRASSLEY,SENATOR,R,IA,N/A,G000386,115
2056,Tim,SCOTT,REPRESENTATIVE,R,SC,52,S001184,115
1692,John,CORNYN,SENATOR,R,TX,N/A,C001056,115
1534,John,THUNE,SENATOR,R,SD,N/A,T000250,115
1608,Johnny,ISAKSON,SENATOR,R,GA,N/A,I000055,115
1594,Patrick,TOOMEY,SENATOR,R,PA,N/A,T000461,115
924,Rob,PORTMAN,SENATOR,R,OH,N/A,P000449,115
1925,Bill,CASSIDY,SENATOR,R,LA,N/A,C001075,115
2174,Heidi,HEITKAMP,SENATOR,D,ND,N/A,H001069,115
2174,Heidi,HEITKAMP,SENATOR,D,ND,N/A,H001069,115
1929,Gary,PETERS,REPRESENTATIVE,D,MI,52,P000595,115
1929,Gary,PETERS,REPRESENTATIVE,D,MI,52,P000595,115
1826,Amy,KLOBUCHAR,SENATOR,D,MN,N/A,K000367,115
1826,Amy,KLOBUCHAR,SENATOR,D,MN,N/A,K000367,115
2290,Dan,SULLIVAN,SENATOR,R,AK,N/A,S001198,115
2290,Dan,SULLIVAN,SENATOR,R,AK,N/A,S001198,115
1534,John,THUNE,SENATOR,R,SD,N/A,T000250,115
1692,John,CORNYN,SENATOR,R,TX,N/A,C001056,115
326,Richard,DURBIN,SENATOR,D,IL,N/A,D000563,115
174,Benjamin,CARDIN,SENATOR,D,MD,N/A,C000141,115
1829,Jon,TESTER,SENATOR,D,MT,N/A,T000464,115
326,Richard,DURBIN,SENATOR,D,IL,N/A,D000563,115
1829,Jon,TESTER,SENATOR,D,MT,N/A,T000464,115
99999999999999,,CURTIS,N/A,Party information Unavailable,State Info Unavailable,N/A,9999999999999999,115
1983,Joe,MANCHIN,SENATOR,D,WV,N/A,M001183,115
887,Frank,PALLONE,REPRESENTATIVE,D,NJ,6,P000034,115
2148,Grace,MENG,REPRESENTATIVE,D,NY,6,M001188,115
1383,Patrick,LEAHY,SENATOR,D,VT,N/A,L000174,115
868,Eleanor,NORTON,DELEGATE,D,DC,N/A,N000147,115
868,Eleanor,NORTON,DELEGATE,D,DC,N/A,N000147,115
791,Robert,MENENDEZ,SENATOR,D,NJ,N/A,M000639,115
326,Richard,DURBIN,SENATOR,D,IL,N/A,D000563,115
