speaker_id,first_name,last_name,type,party,state,district,bio_guide_id,congress_id
1534,John,THUNE,SENATOR,R,SD,N/A,T000250,115
1534,John,THUNE,SENATOR,R,SD,N/A,T000250,115
1534,John,THUNE,SENATOR,R,SD,N/A,T000250,115
2050,James,LANKFORD,SENATOR,R,OK,N/A,L000575,115
2050,James,LANKFORD,SENATOR,R,OK,N/A,L000575,115
2050,James,LANKFORD,SENATOR,R,OK,N/A,L000575,115
2079,John,HOEVEN,SENATOR,R,ND,N/A,H001061,115
2174,Heidi,HEITKAMP,SENATOR,D,ND,N/A,H001069,115
2079,John,HOEVEN,SENATOR,R,ND,N/A,H001061,115
326,Richard,DURBIN,SENATOR,D,IL,N/A,D000563,115
2079,John,HOEVEN,SENATOR,R,ND,N/A,H001061,115
1036,Charles,SCHUMER,SENATOR,D,NY,N/A,S000148,115
1695,Lamar,ALEXANDER,SENATOR,R,TN,N/A,A000360,115
2286,David,PERDUE,SENATOR,R,GA,N/A,P000612,115
1608,Johnny,ISAKSON,SENATOR,R,GA,N/A,I000055,115
2286,David,PERDUE,SENATOR,R,GA,N/A,P000612,115
2286,David,PERDUE,SENATOR,R,GA,N/A,P000612,115
1633,Jeff,FLAKE,SENATOR,R,AZ,N/A,F000444,115
1828,Robert,CASEY,SENATOR,D,PA,N/A,C001070,115
1828,Robert,CASEY,SENATOR,D,PA,N/A,C001070,115
1383,Patrick,LEAHY,SENATOR,D,VT,N/A,L000174,115
1383,Patrick,LEAHY,SENATOR,D,VT,N/A,L000174,115
1633,Jeff,FLAKE,SENATOR,R,AZ,N/A,F000444,115
1828,Robert,CASEY,SENATOR,D,PA,N/A,C001070,115
1676,Shelley,CAPITO,N/A,R,WV,N/A,C001047,115
326,Richard,DURBIN,SENATOR,D,IL,N/A,D000563,115
174,Benjamin,CARDIN,SENATOR,D,MD,N/A,C000141,115
1409,Patty,MURRAY,SENATOR,D,WA,N/A,M001111,115
2076,Richard,BLUMENTHAL,SENATOR,D,CT,N/A,B001277,115
2076,Richard,BLUMENTHAL,SENATOR,D,CT,N/A,B001277,115
1676,Shelley,CAPITO,N/A,R,WV,N/A,C001047,115
1695,Lamar,ALEXANDER,SENATOR,R,TN,N/A,A000360,115
1695,Lamar,ALEXANDER,SENATOR,R,TN,N/A,A000360,115
1409,Patty,MURRAY,SENATOR,D,WA,N/A,M001111,115
1409,Patty,MURRAY,SENATOR,D,WA,N/A,M001111,115
1837,Christopher,MURPHY,SENATOR,D,CT,N/A,M001169,115
457,Chuck,GRASSLEY,SENATOR,R,IA,N/A,G000386,115
1881,John,BARRASSO,SENATOR,R,WY,N/A,B001261,115
1823,Sheldon,WHITEHOUSE,SENATOR,D,RI,N/A,W000802,115
1633,Jeff,FLAKE,SENATOR,R,AZ,N/A,F000444,115
1692,John,CORNYN,SENATOR,R,TX,N/A,C001056,115
2176,Tim,KAINE,SENATOR,D,VA,N/A,K000384,115
1692,John,CORNYN,SENATOR,R,TX,N/A,C001056,115
2138,Steve,DAINES,SENATOR,R,MT,N/A,D000618,115
1541,Susan,COLLINS,REPRESENTATIVE,R,ME,9,C001035,115
2138,Steve,DAINES,SENATOR,R,MT,N/A,D000618,115
1881,John,BARRASSO,SENATOR,R,WY,N/A,B001261,115
250,Mike,CRAPO,SENATOR,R,ID,N/A,C000880,115
2138,Steve,DAINES,SENATOR,R,MT,N/A,D000618,115
1998,Cory,GARDNER,N/A,R,CO,N/A,G000562,115
1534,John,THUNE,SENATOR,R,SD,N/A,T000250,115
1823,Sheldon,WHITEHOUSE,SENATOR,D,RI,N/A,W000802,115
1823,Sheldon,WHITEHOUSE,SENATOR,D,RI,N/A,W000802,115
583,James,INHOFE,SENATOR,R,OK,N/A,I000024,115
1929,Gary,PETERS,REPRESENTATIVE,D,MI,52,P000595,115
1534,John,THUNE,SENATOR,R,SD,N/A,T000250,115
1823,Sheldon,WHITEHOUSE,SENATOR,D,RI,N/A,W000802,115
1823,Sheldon,WHITEHOUSE,SENATOR,D,RI,N/A,W000802,115
1929,Gary,PETERS,REPRESENTATIVE,D,MI,52,P000595,115
1608,Johnny,ISAKSON,SENATOR,R,GA,N/A,I000055,115
1036,Charles,SCHUMER,SENATOR,D,NY,N/A,S000148,115
2056,Tim,SCOTT,REPRESENTATIVE,R,SC,52,S001184,115
452,Lindsey,GRAHAM,REPRESENTATIVE,R,SC,2,G000359,115
452,Lindsey,GRAHAM,REPRESENTATIVE,R,SC,2,G000359,115
1383,Patrick,LEAHY,SENATOR,D,VT,N/A,L000174,115
452,Lindsey,GRAHAM,REPRESENTATIVE,R,SC,2,G000359,115
174,Benjamin,CARDIN,SENATOR,D,MD,N/A,C000141,115
174,Benjamin,CARDIN,SENATOR,D,MD,N/A,C000141,115
1825,Bob,CORKER,SENATOR,R,TN,N/A,C001071,115
1825,Bob,CORKER,SENATOR,R,TN,N/A,C001071,115
1825,Bob,CORKER,SENATOR,R,TN,N/A,C001071,115
1010,Bernard,SANDERS,SENATOR,I,VT,N/A,S000033,115
250,Mike,CRAPO,SENATOR,R,ID,N/A,C000880,115
1901,Jeanne,SHAHEEN,SENATOR,D,NH,N/A,S001181,115
1866,Kirsten,GILLIBRAND,SENATOR,D,NY,N/A,G000555,115
583,James,INHOFE,SENATOR,R,OK,N/A,I000024,115
2056,Tim,SCOTT,REPRESENTATIVE,R,SC,52,S001184,115
1534,John,THUNE,SENATOR,R,SD,N/A,T000250,115
583,James,INHOFE,SENATOR,R,OK,N/A,I000024,115
1383,Patrick,LEAHY,SENATOR,D,VT,N/A,L000174,115
