speaker_id,first_name,last_name,type,party,state,district,bio_guide_id,congress_id
1036,Charles,SCHUMER,SENATOR,D,NY,N/A,S000148,115
1036,Charles,SCHUMER,SENATOR,D,NY,N/A,S000148,115
1036,Charles,SCHUMER,SENATOR,D,NY,N/A,S000148,115
1036,Charles,SCHUMER,SENATOR,D,NY,N/A,S000148,115
2309,Jimmy,PANETTA,N/A,D,CA,N/A,P000613,115
2309,Jimmy,PANETTA,N/A,D,CA,N/A,P000613,115
2309,Jimmy,PANETTA,N/A,D,CA,N/A,P000613,115
2309,Jimmy,PANETTA,N/A,D,CA,N/A,P000613,115
2309,Jimmy,PANETTA,N/A,D,CA,N/A,P000613,115
1829,Jon,TESTER,SENATOR,D,MT,N/A,T000464,115
2328,Roger,MARSHALL,N/A,R,KS,N/A,M001198,115
2328,Roger,MARSHALL,N/A,R,KS,N/A,M001198,115
859,Bill,NELSON,SENATOR,D,FL,N/A,N000032,115
1692,John,CORNYN,SENATOR,R,TX,N/A,C001056,115
1692,John,CORNYN,SENATOR,R,TX,N/A,C001056,115
2182,Elizabeth,WARREN,SENATOR,D,MA,N/A,W000817,115
2182,Elizabeth,WARREN,SENATOR,D,MA,N/A,W000817,115
2357,Luther,STRANGE,N/A,R,AL,N/A,S001202,115
2357,Luther,STRANGE,N/A,R,AL,N/A,S001202,115
1692,John,CORNYN,SENATOR,R,TX,N/A,C001056,115
326,Richard,DURBIN,SENATOR,D,IL,N/A,D000563,115
99999999999999,,BARRASSO,SENATOR,Party information Unavailable,State Info Unavailable,N/A,9999999999999999,115
1692,John,CORNYN,SENATOR,R,TX,N/A,C001056,115
859,Bill,NELSON,SENATOR,D,FL,N/A,N000032,115
1959,Gerald,CONNOLLY,REPRESENTATIVE,D,VA,11,C001078,115
1959,Gerald,CONNOLLY,REPRESENTATIVE,D,VA,11,C001078,115
1036,Charles,SCHUMER,SENATOR,D,NY,N/A,S000148,115
2309,Jimmy,PANETTA,N/A,D,CA,N/A,P000613,115
446,Bob,GOODLATTE,REPRESENTATIVE,R,VA,6,G000289,115
2309,Jimmy,PANETTA,N/A,D,CA,N/A,P000613,115
452,Lindsey,GRAHAM,REPRESENTATIVE,R,SC,2,G000359,115
2309,Jimmy,PANETTA,N/A,D,CA,N/A,P000613,115
1900,Jeff,MERKLEY,SENATOR,D,OR,N/A,M001176,115
1959,Gerald,CONNOLLY,REPRESENTATIVE,D,VA,11,C001078,115
256,Elijah,CUMMINGS,REPRESENTATIVE,D,MD,7,C000984,115
2362,Jimmy,GOMEZ,N/A,D,CA,N/A,G000585,115
859,Bill,NELSON,SENATOR,D,FL,N/A,N000032,115
1036,Charles,SCHUMER,SENATOR,D,NY,N/A,S000148,115
859,Bill,NELSON,SENATOR,D,FL,N/A,N000032,115
1036,Charles,SCHUMER,SENATOR,D,NY,N/A,S000148,115
859,Bill,NELSON,SENATOR,D,FL,N/A,N000032,115
1036,Charles,SCHUMER,SENATOR,D,NY,N/A,S000148,115
2309,Jimmy,PANETTA,N/A,D,CA,N/A,P000613,115
2228,Stephen,KNIGHT,REPRESENTATIVE,R,CA,25,K000387,115
2309,Jimmy,PANETTA,N/A,D,CA,N/A,P000613,115
2194,Cory,BOOKER,SENATOR,D,NJ,N/A,B001288,115
2309,Jimmy,PANETTA,N/A,D,CA,N/A,P000613,115
2273,Barbara,COMSTOCK,REPRESENTATIVE,R,VA,10,C001105,115
2309,Jimmy,PANETTA,N/A,D,CA,N/A,P000613,115
2309,Jimmy,PANETTA,N/A,D,CA,N/A,P000613,115
2309,Jimmy,PANETTA,N/A,D,CA,N/A,P000613,115
1708,Raul,GRIJALVA,REPRESENTATIVE,D,AZ,3,G000551,115
2309,Jimmy,PANETTA,N/A,D,CA,N/A,P000613,115
1751,Michael,BURGESS,REPRESENTATIVE,R,TX,26,B001248,115
1751,Michael,BURGESS,REPRESENTATIVE,R,TX,26,B001248,115
1751,Michael,BURGESS,REPRESENTATIVE,R,TX,26,B001248,115
1525,Pete,SESSIONS,SENATOR,R,TX,N/A,S000250,115
1751,Michael,BURGESS,REPRESENTATIVE,R,TX,26,B001248,115
1751,Michael,BURGESS,REPRESENTATIVE,R,TX,26,B001248,115
1751,Michael,BURGESS,REPRESENTATIVE,R,TX,26,B001248,115
2309,Jimmy,PANETTA,N/A,D,CA,N/A,P000613,115
2269,Will,HURD,REPRESENTATIVE,R,TX,23,H001073,115
1811,Gwen,MOORE,SENATOR,D,WI,N/A,M001160,115
2309,Jimmy,PANETTA,N/A,D,CA,N/A,P000613,115
1791,Virginia,FOXX,REPRESENTATIVE,R,NC,5,F000450,115
1791,Virginia,FOXX,REPRESENTATIVE,R,NC,5,F000450,115
868,Eleanor,NORTON,DELEGATE,D,DC,N/A,N000147,115
2021,Kevin,YODER,REPRESENTATIVE,R,KS,3,Y000063,115
1155,Mac,THORNBERRY,REPRESENTATIVE,R,TX,13,T000238,115
612,Walter,JONES,REPRESENTATIVE,R,NC,3,J000255,115
612,Walter,JONES,REPRESENTATIVE,R,NC,3,J000255,115
1825,Bob,CORKER,SENATOR,R,TN,N/A,C001071,115
2315,Neal,DUNN,N/A,R,FL,N/A,D000628,115
1668,James,LANGEVIN,REPRESENTATIVE,D,RI,2,L000559,115
1534,John,THUNE,SENATOR,R,SD,N/A,T000250,115
2021,Kevin,YODER,REPRESENTATIVE,R,KS,3,Y000063,115
