speaker_id,first_name,last_name,type,party,state,district,bio_guide_id,congress_id
1332,Dianne,FEINSTEIN,SENATOR,D,CA,N/A,F000062,115
1989,Eric,CRAWFORD,REPRESENTATIVE,R,AR,1,C001087,115
2111,Alan,LOWENTHAL,REPRESENTATIVE,D,CA,47,L000579,115
179,Thomas,CARPER,SENATOR,D,DE,N/A,C000174,115
1806,Kenny,MARCHANT,REPRESENTATIVE,R,TX,24,M001158,115
1806,Kenny,MARCHANT,REPRESENTATIVE,R,TX,24,M001158,115
1806,Kenny,MARCHANT,REPRESENTATIVE,R,TX,24,M001158,115
854,Richard,NEAL,REPRESENTATIVE,D,MA,1,N000015,115
1806,Kenny,MARCHANT,REPRESENTATIVE,R,TX,24,M001158,115
854,Richard,NEAL,REPRESENTATIVE,D,MA,1,N000015,115
1498,Ron,KIND,REPRESENTATIVE,D,WI,3,K000188,115
1806,Kenny,MARCHANT,REPRESENTATIVE,R,TX,24,M001158,115
854,Richard,NEAL,REPRESENTATIVE,D,MA,1,N000015,115
2110,Mark,TAKANO,REPRESENTATIVE,D,CA,41,T000472,115
1806,Kenny,MARCHANT,REPRESENTATIVE,R,TX,24,M001158,115
1838,Gus,BILIRAKIS,REPRESENTATIVE,R,FL,12,B001257,115
854,Richard,NEAL,REPRESENTATIVE,D,MA,1,N000015,115
1806,Kenny,MARCHANT,REPRESENTATIVE,R,TX,24,M001158,115
854,Richard,NEAL,REPRESENTATIVE,D,MA,1,N000015,115
1806,Kenny,MARCHANT,REPRESENTATIVE,R,TX,24,M001158,115
1838,Gus,BILIRAKIS,REPRESENTATIVE,R,FL,12,B001257,115
1925,Bill,CASSIDY,SENATOR,R,LA,N/A,C001075,115
179,Thomas,CARPER,SENATOR,D,DE,N/A,C000174,115
2337,Don,BACON,N/A,R,NE,N/A,B001298,115
1850,Joe,DONNELLY,SENATOR,D,IN,N/A,D000607,115
1036,Charles,SCHUMER,SENATOR,D,NY,N/A,S000148,115
1036,Charles,SCHUMER,SENATOR,D,NY,N/A,S000148,115
1036,Charles,SCHUMER,SENATOR,D,NY,N/A,S000148,115
1751,Michael,BURGESS,REPRESENTATIVE,R,TX,26,B001248,115
1751,Michael,BURGESS,REPRESENTATIVE,R,TX,26,B001248,115
1751,Michael,BURGESS,REPRESENTATIVE,R,TX,26,B001248,115
1751,Michael,BURGESS,REPRESENTATIVE,R,TX,26,B001248,115
1751,Michael,BURGESS,REPRESENTATIVE,R,TX,26,B001248,115
326,Richard,DURBIN,SENATOR,D,IL,N/A,D000563,115
326,Richard,DURBIN,SENATOR,D,IL,N/A,D000563,115
326,Richard,DURBIN,SENATOR,D,IL,N/A,D000563,115
326,Richard,DURBIN,SENATOR,D,IL,N/A,D000563,115
1036,Charles,SCHUMER,SENATOR,D,NY,N/A,S000148,115
1036,Charles,SCHUMER,SENATOR,D,NY,N/A,S000148,115
1998,Cory,GARDNER,N/A,R,CO,N/A,G000562,115
1998,Cory,GARDNER,N/A,R,CO,N/A,G000562,115
859,Bill,NELSON,SENATOR,D,FL,N/A,N000032,115
1897,Mark,WARNER,SENATOR,D,VA,N/A,W000805,115
1825,Bob,CORKER,SENATOR,R,TN,N/A,C001071,115
1998,Cory,GARDNER,N/A,R,CO,N/A,G000562,115
2176,Tim,KAINE,SENATOR,D,VA,N/A,K000384,115
1825,Bob,CORKER,SENATOR,R,TN,N/A,C001071,115
1825,Bob,CORKER,SENATOR,R,TN,N/A,C001071,115
1825,Bob,CORKER,SENATOR,R,TN,N/A,C001071,115
174,Benjamin,CARDIN,SENATOR,D,MD,N/A,C000141,115
174,Benjamin,CARDIN,SENATOR,D,MD,N/A,C000141,115
1825,Bob,CORKER,SENATOR,R,TN,N/A,C001071,115
1881,John,BARRASSO,SENATOR,R,WY,N/A,B001261,115
136,Sherrod,BROWN,REPRESENTATIVE,D,OH,26,B000944,115
136,Sherrod,BROWN,REPRESENTATIVE,D,OH,26,B000944,115
1825,Bob,CORKER,SENATOR,R,TN,N/A,C001071,115
1825,Bob,CORKER,SENATOR,R,TN,N/A,C001071,115
174,Benjamin,CARDIN,SENATOR,D,MD,N/A,C000141,115
1036,Charles,SCHUMER,SENATOR,D,NY,N/A,S000148,115
2194,Cory,BOOKER,SENATOR,D,NJ,N/A,B001288,115
566,Steny,HOYER,REPRESENTATIVE,D,MD,5,H000874,115
566,Steny,HOYER,REPRESENTATIVE,D,MD,5,H000874,115
1036,Charles,SCHUMER,SENATOR,D,NY,N/A,S000148,115
2097,Donald,PAYNE,REPRESENTATIVE,D,NJ,10,P000604,115
1896,James,RISCH,SENATOR,R,ID,N/A,R000584,115
1937,Martin,HEINRICH,SENATOR,D,NM,N/A,H001046,115
1940,Dina,TITUS,REPRESENTATIVE,D,NV,1,T000468,115
2328,Roger,MARSHALL,N/A,R,KS,N/A,M001198,115
344,Eliot,ENGEL,REPRESENTATIVE,D,NY,16,E000179,115
2097,Donald,PAYNE,REPRESENTATIVE,D,NJ,10,P000604,115
1695,Lamar,ALEXANDER,SENATOR,R,TN,N/A,A000360,115
1003,Bobby,RUSH,REPRESENTATIVE,D,IL,1,R000515,115
2316,John,RUTHERFORD,N/A,R,FL,N/A,R000609,115
2320,Val,DEMINGS,N/A,D,FL,N/A,D000627,115
213,Thad,COCHRAN,SENATOR,R,MS,N/A,C000567,115
1383,Patrick,LEAHY,SENATOR,D,VT,N/A,L000174,115
1890,Jackie,SPEIER,REPRESENTATIVE,D,CA,14,S001175,115
1692,John,CORNYN,SENATOR,R,TX,N/A,C001056,115
1692,John,CORNYN,SENATOR,R,TX,N/A,C001056,115
1692,John,CORNYN,SENATOR,R,TX,N/A,C001056,115
2076,Richard,BLUMENTHAL,SENATOR,D,CT,N/A,B001277,115
2138,Steve,DAINES,SENATOR,R,MT,N/A,D000618,115
1664,Patrick,TIBERI,REPRESENTATIVE,R,OH,12,T000462,115
1664,Patrick,TIBERI,REPRESENTATIVE,R,OH,12,T000462,115
1664,Patrick,TIBERI,REPRESENTATIVE,R,OH,12,T000462,115
854,Richard,NEAL,REPRESENTATIVE,D,MA,1,N000015,115
1664,Patrick,TIBERI,REPRESENTATIVE,R,OH,12,T000462,115
854,Richard,NEAL,REPRESENTATIVE,D,MA,1,N000015,115
1664,Patrick,TIBERI,REPRESENTATIVE,R,OH,12,T000462,115
1664,Patrick,TIBERI,REPRESENTATIVE,R,OH,12,T000462,115
854,Richard,NEAL,REPRESENTATIVE,D,MA,1,N000015,115
1664,Patrick,TIBERI,REPRESENTATIVE,R,OH,12,T000462,115
1664,Patrick,TIBERI,REPRESENTATIVE,R,OH,12,T000462,115
1982,Tom,REED,REPRESENTATIVE,R,NY,23,R000585,115
2256,David,ROUZER,REPRESENTATIVE,R,NC,7,R000603,115
1541,Susan,COLLINS,REPRESENTATIVE,R,ME,9,C001035,115
566,Steny,HOYER,REPRESENTATIVE,D,MD,5,H000874,115
566,Steny,HOYER,REPRESENTATIVE,D,MD,5,H000874,115
2194,Cory,BOOKER,SENATOR,D,NJ,N/A,B001288,115
1036,Charles,SCHUMER,SENATOR,D,NY,N/A,S000148,115
566,Steny,HOYER,REPRESENTATIVE,D,MD,5,H000874,115
2176,Tim,KAINE,SENATOR,D,VA,N/A,K000384,115
1929,Gary,PETERS,REPRESENTATIVE,D,MI,52,P000595,115
1929,Gary,PETERS,REPRESENTATIVE,D,MI,52,P000595,115
1226,Roger,WICKER,SENATOR,R,MS,N/A,W000437,115
1226,Roger,WICKER,SENATOR,R,MS,N/A,W000437,115
1828,Robert,CASEY,SENATOR,D,PA,N/A,C001070,115
1900,Jeff,MERKLEY,SENATOR,D,OR,N/A,M001176,115
1534,John,THUNE,SENATOR,R,SD,N/A,T000250,115
174,Benjamin,CARDIN,SENATOR,D,MD,N/A,C000141,115
174,Benjamin,CARDIN,SENATOR,D,MD,N/A,C000141,115
179,Thomas,CARPER,SENATOR,D,DE,N/A,C000174,115
2286,David,PERDUE,SENATOR,R,GA,N/A,P000612,115
583,James,INHOFE,SENATOR,R,OK,N/A,I000024,115
583,James,INHOFE,SENATOR,R,OK,N/A,I000024,115
1507,Jerry,MORAN,SENATOR,R,KS,N/A,M000934,115
1507,Jerry,MORAN,SENATOR,R,KS,N/A,M000934,115
1507,Jerry,MORAN,SENATOR,R,KS,N/A,M000934,115
1247,Ron,WYDEN,SENATOR,D,OR,N/A,W000779,115
1247,Ron,WYDEN,SENATOR,D,OR,N/A,W000779,115
