speaker_id,first_name,last_name,type,party,state,district,bio_guide_id,congress_id
2325,Raja,KRISHNAMOORTHI,N/A,D,IL,N/A,K000391,115
1930,Erik,PAULSEN,REPRESENTATIVE,R,MN,3,P000594,115
1247,Ron,WYDEN,SENATOR,D,OR,N/A,W000779,115
1332,Dianne,FEINSTEIN,SENATOR,D,CA,N/A,F000062,115
1332,Dianne,FEINSTEIN,SENATOR,D,CA,N/A,F000062,115
1929,Gary,PETERS,REPRESENTATIVE,D,MI,52,P000595,115
1942,Paul,TONKO,REPRESENTATIVE,D,NY,20,T000469,115
2166,Marc,VEASEY,REPRESENTATIVE,D,TX,33,V000131,115
2124,Bradley,SCHNEIDER,N/A,D,IL,N/A,S001190,115
1881,John,BARRASSO,SENATOR,R,WY,N/A,B001261,115
1383,Patrick,LEAHY,SENATOR,D,VT,N/A,L000174,115
2343,John,FASO,N/A,R,NY,N/A,F000464,115
2343,John,FASO,N/A,R,NY,N/A,F000464,115
1982,Tom,REED,REPRESENTATIVE,R,NY,23,R000585,115
2343,John,FASO,N/A,R,NY,N/A,F000464,115
2343,John,FASO,N/A,R,NY,N/A,F000464,115
2343,John,FASO,N/A,R,NY,N/A,F000464,115
2344,Claudia,TENNEY,N/A,R,NY,N/A,T000478,115
2343,John,FASO,N/A,R,NY,N/A,F000464,115
2344,Claudia,TENNEY,N/A,R,NY,N/A,T000478,115
2343,John,FASO,N/A,R,NY,N/A,F000464,115
446,Bob,GOODLATTE,REPRESENTATIVE,R,VA,6,G000289,115
446,Bob,GOODLATTE,REPRESENTATIVE,R,VA,6,G000289,115
446,Bob,GOODLATTE,REPRESENTATIVE,R,VA,6,G000289,115
850,Jerrold,NADLER,REPRESENTATIVE,D,NY,10,N000002,115
446,Bob,GOODLATTE,REPRESENTATIVE,R,VA,6,G000289,115
850,Jerrold,NADLER,REPRESENTATIVE,D,NY,10,N000002,115
850,Jerrold,NADLER,REPRESENTATIVE,D,NY,10,N000002,115
850,Jerrold,NADLER,REPRESENTATIVE,D,NY,10,N000002,115
446,Bob,GOODLATTE,REPRESENTATIVE,R,VA,6,G000289,115
850,Jerrold,NADLER,REPRESENTATIVE,D,NY,10,N000002,115
850,Jerrold,NADLER,REPRESENTATIVE,D,NY,10,N000002,115
446,Bob,GOODLATTE,REPRESENTATIVE,R,VA,6,G000289,115
229,John,CONYERS,REPRESENTATIVE,D,MI,13,C000714,115
153,Richard,BURR,SENATOR,R,NC,N/A,B001135,115
2290,Dan,SULLIVAN,SENATOR,R,AK,N/A,S001198,115
2290,Dan,SULLIVAN,SENATOR,R,AK,N/A,S001198,115
1036,Charles,SCHUMER,SENATOR,D,NY,N/A,S000148,115
1036,Charles,SCHUMER,SENATOR,D,NY,N/A,S000148,115
1036,Charles,SCHUMER,SENATOR,D,NY,N/A,S000148,115
1036,Charles,SCHUMER,SENATOR,D,NY,N/A,S000148,115
1036,Charles,SCHUMER,SENATOR,D,NY,N/A,S000148,115
1036,Charles,SCHUMER,SENATOR,D,NY,N/A,S000148,115
1036,Charles,SCHUMER,SENATOR,D,NY,N/A,S000148,115
1531,Debbie,STABENOW,SENATOR,D,MI,N/A,S000770,115
2173,Brian,SCHATZ,SENATOR,D,HI,N/A,S001194,115
2173,Brian,SCHATZ,SENATOR,D,HI,N/A,S001194,115
2194,Cory,BOOKER,SENATOR,D,NJ,N/A,B001288,115
2194,Cory,BOOKER,SENATOR,D,NJ,N/A,B001288,115
2123,Tammy,DUCKWORTH,REPRESENTATIVE,D,IL,8,D000622,115
1828,Robert,CASEY,SENATOR,D,PA,N/A,C001070,115
1826,Amy,KLOBUCHAR,SENATOR,D,MN,N/A,K000367,115
2301,Kamala,HARRIS,REPRESENTATIVE,D,CA,1,H001075,115
735,Edward,MARKEY,SENATOR,D,MA,N/A,M000133,115
1866,Kirsten,GILLIBRAND,SENATOR,D,NY,N/A,G000555,115
2182,Elizabeth,WARREN,SENATOR,D,MA,N/A,W000817,115
2173,Brian,SCHATZ,SENATOR,D,HI,N/A,S001194,115
2194,Cory,BOOKER,SENATOR,D,NJ,N/A,B001288,115
1900,Jeff,MERKLEY,SENATOR,D,OR,N/A,M001176,115
2194,Cory,BOOKER,SENATOR,D,NJ,N/A,B001288,115
1900,Jeff,MERKLEY,SENATOR,D,OR,N/A,M001176,115
735,Edward,MARKEY,SENATOR,D,MA,N/A,M000133,115
2194,Cory,BOOKER,SENATOR,D,NJ,N/A,B001288,115
179,Thomas,CARPER,SENATOR,D,DE,N/A,C000174,115
2301,Kamala,HARRIS,REPRESENTATIVE,D,CA,1,H001075,115
1531,Debbie,STABENOW,SENATOR,D,MI,N/A,S000770,115
735,Edward,MARKEY,SENATOR,D,MA,N/A,M000133,115
1010,Bernard,SANDERS,SENATOR,I,VT,N/A,S000033,115
1409,Patty,MURRAY,SENATOR,D,WA,N/A,M001111,115
2076,Richard,BLUMENTHAL,SENATOR,D,CT,N/A,B001277,115
172,Maria,CANTWELL,SENATOR,D,WA,N/A,C000127,115
2176,Tim,KAINE,SENATOR,D,VA,N/A,K000384,115
2182,Elizabeth,WARREN,SENATOR,D,MA,N/A,W000817,115
1828,Robert,CASEY,SENATOR,D,PA,N/A,C001070,115
1828,Robert,CASEY,SENATOR,D,PA,N/A,C001070,115
99999999999999,First Name unavailable,MERKELY,Type Unavailable,Party Info Unavailable,state info unavailable,District Unavailable,BioGuideID unavailable,CongressID unavailable
1826,Amy,KLOBUCHAR,SENATOR,D,MN,N/A,K000367,115
1969,Al,FRANKEN,SENATOR,D,MN,N/A,F000457,115
1823,Sheldon,WHITEHOUSE,SENATOR,D,RI,N/A,W000802,115
2173,Brian,SCHATZ,SENATOR,D,HI,N/A,S001194,115
1837,Christopher,MURPHY,SENATOR,D,CT,N/A,M001169,115
2194,Cory,BOOKER,SENATOR,D,NJ,N/A,B001288,115
1837,Christopher,MURPHY,SENATOR,D,CT,N/A,M001169,115
2194,Cory,BOOKER,SENATOR,D,NJ,N/A,B001288,115
2194,Cory,BOOKER,SENATOR,D,NJ,N/A,B001288,115
1837,Christopher,MURPHY,SENATOR,D,CT,N/A,M001169,115
2194,Cory,BOOKER,SENATOR,D,NJ,N/A,B001288,115
1837,Christopher,MURPHY,SENATOR,D,CT,N/A,M001169,115
2194,Cory,BOOKER,SENATOR,D,NJ,N/A,B001288,115
1837,Christopher,MURPHY,SENATOR,D,CT,N/A,M001169,115
2194,Cory,BOOKER,SENATOR,D,NJ,N/A,B001288,115
1837,Christopher,MURPHY,SENATOR,D,CT,N/A,M001169,115
2194,Cory,BOOKER,SENATOR,D,NJ,N/A,B001288,115
2194,Cory,BOOKER,SENATOR,D,NJ,N/A,B001288,115
2321,Charlie,CRIST,N/A,D,FL,N/A,C001111,115
2019,Todd,YOUNG,REPRESENTATIVE,R,IN,0,Y000064,115
1829,Jon,TESTER,SENATOR,D,MT,N/A,T000464,115
2019,Todd,YOUNG,REPRESENTATIVE,R,IN,0,Y000064,115
2138,Steve,DAINES,SENATOR,R,MT,N/A,D000618,115
2138,Steve,DAINES,SENATOR,R,MT,N/A,D000618,115
1383,Patrick,LEAHY,SENATOR,D,VT,N/A,L000174,115
1694,Lisa,MURKOWSKI,SENATOR,R,AK,N/A,M001153,115
1694,Lisa,MURKOWSKI,SENATOR,R,AK,N/A,M001153,115
1694,Lisa,MURKOWSKI,SENATOR,R,AK,N/A,M001153,115
1567,Tom,UDALL,SENATOR,D,NM,N/A,U000039,115
1937,Martin,HEINRICH,SENATOR,D,NM,N/A,H001046,115
1937,Martin,HEINRICH,SENATOR,D,NM,N/A,H001046,115
2123,Tammy,DUCKWORTH,REPRESENTATIVE,D,IL,8,D000622,115
859,Bill,NELSON,SENATOR,D,FL,N/A,N000032,115
859,Bill,NELSON,SENATOR,D,FL,N/A,N000032,115
859,Bill,NELSON,SENATOR,D,FL,N/A,N000032,115
1791,Virginia,FOXX,REPRESENTATIVE,R,NC,5,F000450,115
1829,Jon,TESTER,SENATOR,D,MT,N/A,T000464,115
1558,Tammy,BALDWIN,SENATOR,D,WI,N/A,B001230,115
1900,Jeff,MERKLEY,SENATOR,D,OR,N/A,M001176,115
1828,Robert,CASEY,SENATOR,D,PA,N/A,C001070,115
2128,Jackie,WALORSKI,REPRESENTATIVE,R,IN,2,W000813,115
2128,Jackie,WALORSKI,REPRESENTATIVE,R,IN,2,W000813,115
2128,Jackie,WALORSKI,REPRESENTATIVE,R,IN,2,W000813,115
854,Richard,NEAL,REPRESENTATIVE,D,MA,1,N000015,115
2128,Jackie,WALORSKI,REPRESENTATIVE,R,IN,2,W000813,115
2343,John,FASO,N/A,R,NY,N/A,F000464,115
2128,Jackie,WALORSKI,REPRESENTATIVE,R,IN,2,W000813,115
2343,John,FASO,N/A,R,NY,N/A,F000464,115
2128,Jackie,WALORSKI,REPRESENTATIVE,R,IN,2,W000813,115
2128,Jackie,WALORSKI,REPRESENTATIVE,R,IN,2,W000813,115
2128,Jackie,WALORSKI,REPRESENTATIVE,R,IN,2,W000813,115
1996,Karen,BASS,REPRESENTATIVE,D,CA,37,B001270,115
2128,Jackie,WALORSKI,REPRESENTATIVE,R,IN,2,W000813,115
2128,Jackie,WALORSKI,REPRESENTATIVE,R,IN,2,W000813,115
2128,Jackie,WALORSKI,REPRESENTATIVE,R,IN,2,W000813,115
2270,Brian,BABIN,REPRESENTATIVE,R,TX,36,B001291,115
2356,Liz,CHENEY,N/A,R,WY,N/A,C001109,115
2346,Lloyd,SMUCKER,N/A,R,PA,N/A,S001199,115
1996,Karen,BASS,REPRESENTATIVE,D,CA,37,B001270,115
2316,John,RUTHERFORD,N/A,R,FL,N/A,R000609,115
2316,John,RUTHERFORD,N/A,R,FL,N/A,R000609,115
2316,John,RUTHERFORD,N/A,R,FL,N/A,R000609,115
2316,John,RUTHERFORD,N/A,R,FL,N/A,R000609,115
2344,Claudia,TENNEY,N/A,R,NY,N/A,T000478,115
2060,Kristi,NOEM,REPRESENTATIVE,R,SD,0,N000184,115
2060,Kristi,NOEM,REPRESENTATIVE,R,SD,0,N000184,115
2060,Kristi,NOEM,REPRESENTATIVE,R,SD,0,N000184,115
2060,Kristi,NOEM,REPRESENTATIVE,R,SD,0,N000184,115
2060,Kristi,NOEM,REPRESENTATIVE,R,SD,0,N000184,115
1996,Karen,BASS,REPRESENTATIVE,D,CA,37,B001270,115
2060,Kristi,NOEM,REPRESENTATIVE,R,SD,0,N000184,115
2060,Kristi,NOEM,REPRESENTATIVE,R,SD,0,N000184,115
1878,Steve,COHEN,REPRESENTATIVE,D,TN,9,C001068,115
2316,John,RUTHERFORD,N/A,R,FL,N/A,R000609,115
2316,John,RUTHERFORD,N/A,R,FL,N/A,R000609,115
2316,John,RUTHERFORD,N/A,R,FL,N/A,R000609,115
2316,John,RUTHERFORD,N/A,R,FL,N/A,R000609,115
2097,Donald,PAYNE,REPRESENTATIVE,D,NJ,10,P000604,115
2060,Kristi,NOEM,REPRESENTATIVE,R,SD,0,N000184,115
2060,Kristi,NOEM,REPRESENTATIVE,R,SD,0,N000184,115
2060,Kristi,NOEM,REPRESENTATIVE,R,SD,0,N000184,115
2060,Kristi,NOEM,REPRESENTATIVE,R,SD,0,N000184,115
1996,Karen,BASS,REPRESENTATIVE,D,CA,37,B001270,115
2060,Kristi,NOEM,REPRESENTATIVE,R,SD,0,N000184,115
2060,Kristi,NOEM,REPRESENTATIVE,R,SD,0,N000184,115
457,Chuck,GRASSLEY,SENATOR,R,IA,N/A,G000386,115
326,Richard,DURBIN,SENATOR,D,IL,N/A,D000563,115
1226,Roger,WICKER,SENATOR,R,MS,N/A,W000437,115
2302,Margaret,HASSAN,N/A,D,NH,N/A,H001076,115
2060,Kristi,NOEM,REPRESENTATIVE,R,SD,0,N000184,115
1588,Janice,SCHAKOWSKY,REPRESENTATIVE,D,IL,9,S001145,115
854,Richard,NEAL,REPRESENTATIVE,D,MA,1,N000015,115
854,Richard,NEAL,REPRESENTATIVE,D,MA,1,N000015,115
208,James,CLYBURN,REPRESENTATIVE,D,SC,6,C000537,115
854,Richard,NEAL,REPRESENTATIVE,D,MA,1,N000015,115
303,Lloyd,DOGGETT,REPRESENTATIVE,D,TX,35,D000399,115
303,Lloyd,DOGGETT,REPRESENTATIVE,D,TX,35,D000399,115
854,Richard,NEAL,REPRESENTATIVE,D,MA,1,N000015,115
303,Lloyd,DOGGETT,REPRESENTATIVE,D,TX,35,D000399,115
854,Richard,NEAL,REPRESENTATIVE,D,MA,1,N000015,115
2239,Rick,ALLEN,REPRESENTATIVE,R,GA,12,A000372,115
854,Richard,NEAL,REPRESENTATIVE,D,MA,1,N000015,115
1012,Mark,SANFORD,REPRESENTATIVE,R,SC,2,S000051,115
854,Richard,NEAL,REPRESENTATIVE,D,MA,1,N000015,115
2264,John,KATKO,REPRESENTATIVE,R,NY,24,K000386,115
2056,Tim,SCOTT,REPRESENTATIVE,R,SC,52,S001184,115
1541,Susan,COLLINS,REPRESENTATIVE,R,ME,9,C001035,115
1692,John,CORNYN,SENATOR,R,TX,N/A,C001056,115
2343,John,FASO,N/A,R,NY,N/A,F000464,115
2019,Todd,YOUNG,REPRESENTATIVE,R,IN,0,Y000064,115
2264,John,KATKO,REPRESENTATIVE,R,NY,24,K000386,115
2264,John,KATKO,REPRESENTATIVE,R,NY,24,K000386,115
2264,John,KATKO,REPRESENTATIVE,R,NY,24,K000386,115
2264,John,KATKO,REPRESENTATIVE,R,NY,24,K000386,115
2128,Jackie,WALORSKI,REPRESENTATIVE,R,IN,2,W000813,115
2128,Jackie,WALORSKI,REPRESENTATIVE,R,IN,2,W000813,115
2128,Jackie,WALORSKI,REPRESENTATIVE,R,IN,2,W000813,115
2128,Jackie,WALORSKI,REPRESENTATIVE,R,IN,2,W000813,115
2128,Jackie,WALORSKI,REPRESENTATIVE,R,IN,2,W000813,115
303,Lloyd,DOGGETT,REPRESENTATIVE,D,TX,35,D000399,115
2128,Jackie,WALORSKI,REPRESENTATIVE,R,IN,2,W000813,115
1996,Karen,BASS,REPRESENTATIVE,D,CA,37,B001270,115
2128,Jackie,WALORSKI,REPRESENTATIVE,R,IN,2,W000813,115
1828,Robert,CASEY,SENATOR,D,PA,N/A,C001070,115
174,Benjamin,CARDIN,SENATOR,D,MD,N/A,C000141,115
2264,John,KATKO,REPRESENTATIVE,R,NY,24,K000386,115
2264,John,KATKO,REPRESENTATIVE,R,NY,24,K000386,115
2264,John,KATKO,REPRESENTATIVE,R,NY,24,K000386,115
2229,Pete,AGUILAR,REPRESENTATIVE,D,CA,31,A000371,115
2264,John,KATKO,REPRESENTATIVE,R,NY,24,K000386,115
1692,John,CORNYN,SENATOR,R,TX,N/A,C001056,115
2098,Tom,COTTON,SENATOR,R,AR,N/A,C001095,115
2098,Tom,COTTON,SENATOR,R,AR,N/A,C001095,115
1900,Jeff,MERKLEY,SENATOR,D,OR,N/A,M001176,115
1409,Patty,MURRAY,SENATOR,D,WA,N/A,M001111,115
1409,Patty,MURRAY,SENATOR,D,WA,N/A,M001111,115
1409,Patty,MURRAY,SENATOR,D,WA,N/A,M001111,115
1534,John,THUNE,SENATOR,R,SD,N/A,T000250,115
1829,Jon,TESTER,SENATOR,D,MT,N/A,T000464,115
1829,Jon,TESTER,SENATOR,D,MT,N/A,T000464,115
791,Robert,MENENDEZ,SENATOR,D,NJ,N/A,M000639,115
326,Richard,DURBIN,SENATOR,D,IL,N/A,D000563,115
1226,Roger,WICKER,SENATOR,R,MS,N/A,W000437,115
1226,Roger,WICKER,SENATOR,R,MS,N/A,W000437,115
1692,John,CORNYN,SENATOR,R,TX,N/A,C001056,115
1692,John,CORNYN,SENATOR,R,TX,N/A,C001056,115
1036,Charles,SCHUMER,SENATOR,D,NY,N/A,S000148,115
1036,Charles,SCHUMER,SENATOR,D,NY,N/A,S000148,115
250,Mike,CRAPO,SENATOR,R,ID,N/A,C000880,115
250,Mike,CRAPO,SENATOR,R,ID,N/A,C000880,115
250,Mike,CRAPO,SENATOR,R,ID,N/A,C000880,115
1692,John,CORNYN,SENATOR,R,TX,N/A,C001056,115
1351,Orrin,HATCH,SENATOR,R,UT,N/A,H000338,115
