speaker_id,first_name,last_name,type,party,state,district,bio_guide_id,congress_id
1967,Mike,QUIGLEY,REPRESENTATIVE,D,IL,5,Q000023,115
1801,Louie,GOHMERT,REPRESENTATIVE,R,TX,1,G000552,115
2320,Val,DEMINGS,N/A,D,FL,N/A,D000627,115
2320,Val,DEMINGS,N/A,D,FL,N/A,D000627,115
2319,Darren,SOTO,N/A,D,FL,N/A,S001200,115
2320,Val,DEMINGS,N/A,D,FL,N/A,D000627,115
2319,Darren,SOTO,N/A,D,FL,N/A,S001200,115
2320,Val,DEMINGS,N/A,D,FL,N/A,D000627,115
2319,Darren,SOTO,N/A,D,FL,N/A,S001200,115
2320,Val,DEMINGS,N/A,D,FL,N/A,D000627,115
2319,Darren,SOTO,N/A,D,FL,N/A,S001200,115
2320,Val,DEMINGS,N/A,D,FL,N/A,D000627,115
2319,Darren,SOTO,N/A,D,FL,N/A,S001200,115
2320,Val,DEMINGS,N/A,D,FL,N/A,D000627,115
1828,Robert,CASEY,SENATOR,D,PA,N/A,C001070,115
2298,Dwight,EVANS,N/A,D,PA,N/A,E000296,115
2021,Kevin,YODER,REPRESENTATIVE,R,KS,3,Y000063,115
2019,Todd,YOUNG,REPRESENTATIVE,R,IN,0,Y000064,115
1226,Roger,WICKER,SENATOR,R,MS,N/A,W000437,115
1986,Martha,ROBY,REPRESENTATIVE,R,AL,2,R000591,115
1177,Fred,UPTON,REPRESENTATIVE,R,MI,6,U000031,115
1177,Fred,UPTON,REPRESENTATIVE,R,MI,6,U000031,115
1177,Fred,UPTON,REPRESENTATIVE,R,MI,6,U000031,115
1177,Fred,UPTON,REPRESENTATIVE,R,MI,6,U000031,115
2070,H.,GRIFFITH,REPRESENTATIVE,R,VA,9,G000568,115
1177,Fred,UPTON,REPRESENTATIVE,R,MI,6,U000031,115
2272,Donald,BEYER,REPRESENTATIVE,D,VA,8,B001292,115
1177,Fred,UPTON,REPRESENTATIVE,R,MI,6,U000031,115
1177,Fred,UPTON,REPRESENTATIVE,R,MI,6,U000031,115
1177,Fred,UPTON,REPRESENTATIVE,R,MI,6,U000031,115
1177,Fred,UPTON,REPRESENTATIVE,R,MI,6,U000031,115
2070,H.,GRIFFITH,REPRESENTATIVE,R,VA,9,G000568,115
1177,Fred,UPTON,REPRESENTATIVE,R,MI,6,U000031,115
1177,Fred,UPTON,REPRESENTATIVE,R,MI,6,U000031,115
1177,Fred,UPTON,REPRESENTATIVE,R,MI,6,U000031,115
1177,Fred,UPTON,REPRESENTATIVE,R,MI,6,U000031,115
2159,Matt,CARTWRIGHT,REPRESENTATIVE,D,PA,17,C001090,115
1177,Fred,UPTON,REPRESENTATIVE,R,MI,6,U000031,115
1177,Fred,UPTON,REPRESENTATIVE,R,MI,6,U000031,115
1177,Fred,UPTON,REPRESENTATIVE,R,MI,6,U000031,115
1177,Fred,UPTON,REPRESENTATIVE,R,MI,6,U000031,115
1003,Bobby,RUSH,REPRESENTATIVE,D,IL,1,R000515,115
1177,Fred,UPTON,REPRESENTATIVE,R,MI,6,U000031,115
2140,Richard,HUDSON,REPRESENTATIVE,R,NC,8,H001067,115
1177,Fred,UPTON,REPRESENTATIVE,R,MI,6,U000031,115
1531,Debbie,STABENOW,SENATOR,D,MI,N/A,S000770,115
1177,Fred,UPTON,REPRESENTATIVE,R,MI,6,U000031,115
1177,Fred,UPTON,REPRESENTATIVE,R,MI,6,U000031,115
1177,Fred,UPTON,REPRESENTATIVE,R,MI,6,U000031,115
1177,Fred,UPTON,REPRESENTATIVE,R,MI,6,U000031,115
1177,Fred,UPTON,REPRESENTATIVE,R,MI,6,U000031,115
2231,Norma,TORRES,REPRESENTATIVE,D,CA,35,T000474,115
1177,Fred,UPTON,REPRESENTATIVE,R,MI,6,U000031,115
1177,Fred,UPTON,REPRESENTATIVE,R,MI,6,U000031,115
1177,Fred,UPTON,REPRESENTATIVE,R,MI,6,U000031,115
1177,Fred,UPTON,REPRESENTATIVE,R,MI,6,U000031,115
1791,Virginia,FOXX,REPRESENTATIVE,R,NC,5,F000450,115
1177,Fred,UPTON,REPRESENTATIVE,R,MI,6,U000031,115
1177,Fred,UPTON,REPRESENTATIVE,R,MI,6,U000031,115
1177,Fred,UPTON,REPRESENTATIVE,R,MI,6,U000031,115
1177,Fred,UPTON,REPRESENTATIVE,R,MI,6,U000031,115
1177,Fred,UPTON,REPRESENTATIVE,R,MI,6,U000031,115
1855,Tim,WALBERG,REPRESENTATIVE,R,MI,7,W000798,115
1177,Fred,UPTON,REPRESENTATIVE,R,MI,6,U000031,115
2055,David,CICILLINE,REPRESENTATIVE,D,RI,1,C001084,115
2274,Stacey,PLASKETT,DELEGATE,D,VI,N/A,P000610,115
1226,Roger,WICKER,SENATOR,R,MS,N/A,W000437,115
2345,Brian,FITZPATRICK,REPRESENTATIVE,R,PA,8,F000466,115
1664,Patrick,TIBERI,REPRESENTATIVE,R,OH,12,T000462,115
1036,Charles,SCHUMER,SENATOR,D,NY,N/A,S000148,115
2274,Stacey,PLASKETT,DELEGATE,D,VI,N/A,P000610,115
2274,Stacey,PLASKETT,DELEGATE,D,VI,N/A,P000610,115
2274,Stacey,PLASKETT,DELEGATE,D,VI,N/A,P000610,115
2097,Donald,PAYNE,REPRESENTATIVE,D,NJ,10,P000604,115
2274,Stacey,PLASKETT,DELEGATE,D,VI,N/A,P000610,115
2274,Stacey,PLASKETT,DELEGATE,D,VI,N/A,P000610,115
2149,Hakeem,JEFFRIES,REPRESENTATIVE,D,NY,8,J000294,115
2274,Stacey,PLASKETT,DELEGATE,D,VI,N/A,P000610,115
2149,Hakeem,JEFFRIES,REPRESENTATIVE,D,NY,8,J000294,115
2274,Stacey,PLASKETT,DELEGATE,D,VI,N/A,P000610,115
2274,Stacey,PLASKETT,DELEGATE,D,VI,N/A,P000610,115
2298,Dwight,EVANS,N/A,D,PA,N/A,E000296,115
2274,Stacey,PLASKETT,DELEGATE,D,VI,N/A,P000610,115
2166,Marc,VEASEY,REPRESENTATIVE,D,TX,33,V000131,115
2274,Stacey,PLASKETT,DELEGATE,D,VI,N/A,P000610,115
2274,Stacey,PLASKETT,DELEGATE,D,VI,N/A,P000610,115
2166,Marc,VEASEY,REPRESENTATIVE,D,TX,33,V000131,115
2166,Marc,VEASEY,REPRESENTATIVE,D,TX,33,V000131,115
2274,Stacey,PLASKETT,DELEGATE,D,VI,N/A,P000610,115
2166,Marc,VEASEY,REPRESENTATIVE,D,TX,33,V000131,115
2274,Stacey,PLASKETT,DELEGATE,D,VI,N/A,P000610,115
2166,Marc,VEASEY,REPRESENTATIVE,D,TX,33,V000131,115
2274,Stacey,PLASKETT,DELEGATE,D,VI,N/A,P000610,115
1036,Charles,SCHUMER,SENATOR,D,NY,N/A,S000148,115
2253,Tom,EMMER,REPRESENTATIVE,R,MN,6,E000294,115
2253,Tom,EMMER,REPRESENTATIVE,R,MN,6,E000294,115
2253,Tom,EMMER,REPRESENTATIVE,R,MN,6,E000294,115
2253,Tom,EMMER,REPRESENTATIVE,R,MN,6,E000294,115
478,Luis,GUTIERREZ,REPRESENTATIVE,D,IL,4,G000535,115
2223,J.,HILL,REPRESENTATIVE,R,AR,2,H001072,115
2325,Raja,KRISHNAMOORTHI,N/A,D,IL,N/A,K000391,115
612,Walter,JONES,REPRESENTATIVE,R,NC,3,J000255,115
1036,Charles,SCHUMER,SENATOR,D,NY,N/A,S000148,115
1930,Erik,PAULSEN,REPRESENTATIVE,R,MN,3,P000594,115
1036,Charles,SCHUMER,SENATOR,D,NY,N/A,S000148,115
1177,Fred,UPTON,REPRESENTATIVE,R,MI,6,U000031,115
1177,Fred,UPTON,REPRESENTATIVE,R,MI,6,U000031,115
1177,Fred,UPTON,REPRESENTATIVE,R,MI,6,U000031,115
1177,Fred,UPTON,REPRESENTATIVE,R,MI,6,U000031,115
2343,John,FASO,N/A,R,NY,N/A,F000464,115
1177,Fred,UPTON,REPRESENTATIVE,R,MI,6,U000031,115
1177,Fred,UPTON,REPRESENTATIVE,R,MI,6,U000031,115
2328,Roger,MARSHALL,N/A,R,KS,N/A,M001198,115
2328,Roger,MARSHALL,N/A,R,KS,N/A,M001198,115
2328,Roger,MARSHALL,N/A,R,KS,N/A,M001198,115
2097,Donald,PAYNE,REPRESENTATIVE,D,NJ,10,P000604,115
1177,Fred,UPTON,REPRESENTATIVE,R,MI,6,U000031,115
1177,Fred,UPTON,REPRESENTATIVE,R,MI,6,U000031,115
1177,Fred,UPTON,REPRESENTATIVE,R,MI,6,U000031,115
1177,Fred,UPTON,REPRESENTATIVE,R,MI,6,U000031,115
859,Bill,NELSON,SENATOR,D,FL,N/A,N000032,115
2084,Marco,RUBIO,SENATOR,R,FL,N/A,R000595,115
2084,Marco,RUBIO,SENATOR,R,FL,N/A,R000595,115
1695,Lamar,ALEXANDER,SENATOR,R,TN,N/A,A000360,115
1695,Lamar,ALEXANDER,SENATOR,R,TN,N/A,A000360,115
1692,John,CORNYN,SENATOR,R,TX,N/A,C001056,115
326,Richard,DURBIN,SENATOR,D,IL,N/A,D000563,115
2344,Claudia,TENNEY,N/A,R,NY,N/A,T000478,115
2124,Bradley,SCHNEIDER,N/A,D,IL,N/A,S001190,115
1900,Jeff,MERKLEY,SENATOR,D,OR,N/A,M001176,115
1036,Charles,SCHUMER,SENATOR,D,NY,N/A,S000148,115
1692,John,CORNYN,SENATOR,R,TX,N/A,C001056,115
326,Richard,DURBIN,SENATOR,D,IL,N/A,D000563,115
616,Marcy,KAPTUR,REPRESENTATIVE,D,OH,8,K000009,115
1177,Fred,UPTON,REPRESENTATIVE,R,MI,6,U000031,115
1177,Fred,UPTON,REPRESENTATIVE,R,MI,6,U000031,115
1177,Fred,UPTON,REPRESENTATIVE,R,MI,6,U000031,115
2113,Scott,PETERS,REPRESENTATIVE,D,CA,52,P000608,115
1177,Fred,UPTON,REPRESENTATIVE,R,MI,6,U000031,115
1801,Louie,GOHMERT,REPRESENTATIVE,R,TX,1,G000552,115
2350,Jodey,ARRINGTON,N/A,R,TX,N/A,A000375,115
1801,Louie,GOHMERT,REPRESENTATIVE,R,TX,1,G000552,115
179,Thomas,CARPER,SENATOR,D,DE,N/A,C000174,115
1692,John,CORNYN,SENATOR,R,TX,N/A,C001056,115
1036,Charles,SCHUMER,SENATOR,D,NY,N/A,S000148,115
1036,Charles,SCHUMER,SENATOR,D,NY,N/A,S000148,115
1692,John,CORNYN,SENATOR,R,TX,N/A,C001056,115
1558,Tammy,BALDWIN,SENATOR,D,WI,N/A,B001230,115
