speaker_id,first_name,last_name,type,party,state,district,bio_guide_id,congress_id
1692,John,CORNYN,SENATOR,R,TX,N/A,C001056,115
1925,Bill,CASSIDY,SENATOR,R,LA,N/A,C001075,115
2054,Lou,BARLETTA,REPRESENTATIVE,R,PA,11,B001269,115
2054,Lou,BARLETTA,REPRESENTATIVE,R,PA,11,B001269,115
2054,Lou,BARLETTA,REPRESENTATIVE,R,PA,11,B001269,115
2054,Lou,BARLETTA,REPRESENTATIVE,R,PA,11,B001269,115
2322,Brian,MAST,N/A,R,FL,N/A,M001199,115
2054,Lou,BARLETTA,REPRESENTATIVE,R,PA,11,B001269,115
2054,Lou,BARLETTA,REPRESENTATIVE,R,PA,11,B001269,115
2054,Lou,BARLETTA,REPRESENTATIVE,R,PA,11,B001269,115
979,Dana,ROHRABACHER,REPRESENTATIVE,R,CA,48,R000409,115
1910,Jared,POLIS,REPRESENTATIVE,D,CO,2,P000598,115
2276,Glenn,GROTHMAN,REPRESENTATIVE,R,WI,6,G000576,115
2054,Lou,BARLETTA,REPRESENTATIVE,R,PA,11,B001269,115
2054,Lou,BARLETTA,REPRESENTATIVE,R,PA,11,B001269,115
2054,Lou,BARLETTA,REPRESENTATIVE,R,PA,11,B001269,115
2054,Lou,BARLETTA,REPRESENTATIVE,R,PA,11,B001269,115
2127,Cheri,BUSTOS,REPRESENTATIVE,D,IL,17,B001286,115
2054,Lou,BARLETTA,REPRESENTATIVE,R,PA,11,B001269,115
2243,Mike,BOST,REPRESENTATIVE,R,IL,12,B001295,115
2054,Lou,BARLETTA,REPRESENTATIVE,R,PA,11,B001269,115
2054,Lou,BARLETTA,REPRESENTATIVE,R,PA,11,B001269,115
2054,Lou,BARLETTA,REPRESENTATIVE,R,PA,11,B001269,115
2054,Lou,BARLETTA,REPRESENTATIVE,R,PA,11,B001269,115
344,Eliot,ENGEL,REPRESENTATIVE,D,NY,16,E000179,115
186,Steve,CHABOT,REPRESENTATIVE,R,OH,1,C000266,115
344,Eliot,ENGEL,REPRESENTATIVE,D,NY,16,E000179,115
1526,Brad,SHERMAN,REPRESENTATIVE,D,CA,30,S000344,115
344,Eliot,ENGEL,REPRESENTATIVE,D,NY,16,E000179,115
344,Eliot,ENGEL,REPRESENTATIVE,D,NY,16,E000179,115
344,Eliot,ENGEL,REPRESENTATIVE,D,NY,16,E000179,115
2025,William,KEATING,REPRESENTATIVE,D,MA,9,K000375,115
344,Eliot,ENGEL,REPRESENTATIVE,D,NY,16,E000179,115
1959,Gerald,CONNOLLY,REPRESENTATIVE,D,VA,11,C001078,115
2115,Ted,YOHO,REPRESENTATIVE,R,FL,3,Y000065,115
344,Eliot,ENGEL,REPRESENTATIVE,D,NY,16,E000179,115
344,Eliot,ENGEL,REPRESENTATIVE,D,NY,16,E000179,115
303,Lloyd,DOGGETT,REPRESENTATIVE,D,TX,35,D000399,115
344,Eliot,ENGEL,REPRESENTATIVE,D,NY,16,E000179,115
344,Eliot,ENGEL,REPRESENTATIVE,D,NY,16,E000179,115
344,Eliot,ENGEL,REPRESENTATIVE,D,NY,16,E000179,115
2054,Lou,BARLETTA,REPRESENTATIVE,R,PA,11,B001269,115
2054,Lou,BARLETTA,REPRESENTATIVE,R,PA,11,B001269,115
2054,Lou,BARLETTA,REPRESENTATIVE,R,PA,11,B001269,115
2054,Lou,BARLETTA,REPRESENTATIVE,R,PA,11,B001269,115
2054,Lou,BARLETTA,REPRESENTATIVE,R,PA,11,B001269,115
1036,Charles,SCHUMER,SENATOR,D,NY,N/A,S000148,115
1881,John,BARRASSO,SENATOR,R,WY,N/A,B001261,115
1036,Charles,SCHUMER,SENATOR,D,NY,N/A,S000148,115
1036,Charles,SCHUMER,SENATOR,D,NY,N/A,S000148,115
1069,Louise,SLAUGHTER,REPRESENTATIVE,D,NY,25,S000480,115
1351,Orrin,HATCH,SENATOR,R,UT,N/A,H000338,115
1036,Charles,SCHUMER,SENATOR,D,NY,N/A,S000148,115
1036,Charles,SCHUMER,SENATOR,D,NY,N/A,S000148,115
250,Mike,CRAPO,SENATOR,R,ID,N/A,C000880,115
250,Mike,CRAPO,SENATOR,R,ID,N/A,C000880,115
1881,John,BARRASSO,SENATOR,R,WY,N/A,B001261,115
1692,John,CORNYN,SENATOR,R,TX,N/A,C001056,115
1036,Charles,SCHUMER,SENATOR,D,NY,N/A,S000148,115
2345,Brian,FITZPATRICK,REPRESENTATIVE,R,PA,8,F000466,115
2122,Tulsi,GABBARD,REPRESENTATIVE,D,HI,2,G000571,115
1976,Theodore,DEUTCH,REPRESENTATIVE,D,FL,21,D000610,115
2350,Jodey,ARRINGTON,N/A,R,TX,N/A,A000375,115
1501,Barbara,LEE,REPRESENTATIVE,D,CA,13,L000551,115
2252,Brenda,LAWRENCE,REPRESENTATIVE,D,MI,14,L000581,115
2337,Don,BACON,N/A,R,NE,N/A,B001298,115
2231,Norma,TORRES,REPRESENTATIVE,D,CA,35,T000474,115
2019,Todd,YOUNG,REPRESENTATIVE,R,IN,0,Y000064,115
2345,Brian,FITZPATRICK,REPRESENTATIVE,R,PA,8,F000466,115
979,Dana,ROHRABACHER,REPRESENTATIVE,R,CA,48,R000409,115
1692,John,CORNYN,SENATOR,R,TX,N/A,C001056,115
2197,Bradley,BYRNE,REPRESENTATIVE,R,AL,1,B001289,115
2197,Bradley,BYRNE,REPRESENTATIVE,R,AL,1,B001289,115
2197,Bradley,BYRNE,REPRESENTATIVE,R,AL,1,B001289,115
2197,Bradley,BYRNE,REPRESENTATIVE,R,AL,1,B001289,115
1910,Jared,POLIS,REPRESENTATIVE,D,CO,2,P000598,115
2197,Bradley,BYRNE,REPRESENTATIVE,R,AL,1,B001289,115
1910,Jared,POLIS,REPRESENTATIVE,D,CO,2,P000598,115
2201,Alma,ADAMS,REPRESENTATIVE,D,NC,12,A000370,115
2197,Bradley,BYRNE,REPRESENTATIVE,R,AL,1,B001289,115
1910,Jared,POLIS,REPRESENTATIVE,D,CO,2,P000598,115
1910,Jared,POLIS,REPRESENTATIVE,D,CO,2,P000598,115
2197,Bradley,BYRNE,REPRESENTATIVE,R,AL,1,B001289,115
1910,Jared,POLIS,REPRESENTATIVE,D,CO,2,P000598,115
2251,Debbie,DINGELL,REPRESENTATIVE,D,MI,12,D000624,115
2197,Bradley,BYRNE,REPRESENTATIVE,R,AL,1,B001289,115
1910,Jared,POLIS,REPRESENTATIVE,D,CO,2,P000598,115
1910,Jared,POLIS,REPRESENTATIVE,D,CO,2,P000598,115
2197,Bradley,BYRNE,REPRESENTATIVE,R,AL,1,B001289,115
1910,Jared,POLIS,REPRESENTATIVE,D,CO,2,P000598,115
2197,Bradley,BYRNE,REPRESENTATIVE,R,AL,1,B001289,115
2197,Bradley,BYRNE,REPRESENTATIVE,R,AL,1,B001289,115
1910,Jared,POLIS,REPRESENTATIVE,D,CO,2,P000598,115
1692,John,CORNYN,SENATOR,R,TX,N/A,C001056,115
1534,John,THUNE,SENATOR,R,SD,N/A,T000250,115
2063,Diane,BLACK,REPRESENTATIVE,R,TN,6,B001273,115
1793,Jeff,FORTENBERRY,REPRESENTATIVE,R,NE,1,F000449,115
1793,Jeff,FORTENBERRY,REPRESENTATIVE,R,NE,1,F000449,115
1884,Niki,TSONGAS,REPRESENTATIVE,D,MA,3,T000465,115
1654,Wm.,CLAY,REPRESENTATIVE,D,MO,1,C001049,115
2026,Andy,HARRIS,REPRESENTATIVE,R,MD,1,H001052,115
1829,Jon,TESTER,SENATOR,D,MT,N/A,T000464,115
229,John,CONYERS,REPRESENTATIVE,D,MI,13,C000714,115
859,Bill,NELSON,SENATOR,D,FL,N/A,N000032,115
859,Bill,NELSON,SENATOR,D,FL,N/A,N000032,115
2201,Alma,ADAMS,REPRESENTATIVE,D,NC,12,A000370,115
2107,Tony,CARDENAS,REPRESENTATIVE,D,CA,29,C001097,115
1930,Erik,PAULSEN,REPRESENTATIVE,R,MN,3,P000594,115
2166,Marc,VEASEY,REPRESENTATIVE,D,TX,33,V000131,115
1692,John,CORNYN,SENATOR,R,TX,N/A,C001056,115
1692,John,CORNYN,SENATOR,R,TX,N/A,C001056,115
2307,Andy,BIGGS,N/A,R,AZ,N/A,B001302,115
2124,Bradley,SCHNEIDER,N/A,D,IL,N/A,S001190,115
1910,Jared,POLIS,REPRESENTATIVE,D,CO,2,P000598,115
2197,Bradley,BYRNE,REPRESENTATIVE,R,AL,1,B001289,115
1692,John,CORNYN,SENATOR,R,TX,N/A,C001056,115
1692,John,CORNYN,SENATOR,R,TX,N/A,C001056,115
616,Marcy,KAPTUR,REPRESENTATIVE,D,OH,8,K000009,115
1692,John,CORNYN,SENATOR,R,TX,N/A,C001056,115
1692,John,CORNYN,SENATOR,R,TX,N/A,C001056,115
2339,Jacky,ROSEN,N/A,D,NV,N/A,R000608,115
2172,Joseph,KENNEDY,REPRESENTATIVE,D,MA,4,K000379,115
1791,Virginia,FOXX,REPRESENTATIVE,R,NC,5,F000450,115
1791,Virginia,FOXX,REPRESENTATIVE,R,NC,5,F000450,115
1791,Virginia,FOXX,REPRESENTATIVE,R,NC,5,F000450,115
1791,Virginia,FOXX,REPRESENTATIVE,R,NC,5,F000450,115
1986,Martha,ROBY,REPRESENTATIVE,R,AL,2,R000591,115
2092,Suzanne,BONAMICI,REPRESENTATIVE,D,OR,1,B001278,115
1791,Virginia,FOXX,REPRESENTATIVE,R,NC,5,F000450,115
1791,Virginia,FOXX,REPRESENTATIVE,R,NC,5,F000450,115
2276,Glenn,GROTHMAN,REPRESENTATIVE,R,WI,6,G000576,115
566,Steny,HOYER,REPRESENTATIVE,D,MD,5,H000874,115
566,Steny,HOYER,REPRESENTATIVE,D,MD,5,H000874,115
1791,Virginia,FOXX,REPRESENTATIVE,R,NC,5,F000450,115
566,Steny,HOYER,REPRESENTATIVE,D,MD,5,H000874,115
1791,Virginia,FOXX,REPRESENTATIVE,R,NC,5,F000450,115
566,Steny,HOYER,REPRESENTATIVE,D,MD,5,H000874,115
1791,Virginia,FOXX,REPRESENTATIVE,R,NC,5,F000450,115
186,Steve,CHABOT,REPRESENTATIVE,R,OH,1,C000266,115
2110,Mark,TAKANO,REPRESENTATIVE,D,CA,41,T000472,115
2110,Mark,TAKANO,REPRESENTATIVE,D,CA,41,T000472,115
1791,Virginia,FOXX,REPRESENTATIVE,R,NC,5,F000450,115
1791,Virginia,FOXX,REPRESENTATIVE,R,NC,5,F000450,115
1748,Marsha,BLACKBURN,REPRESENTATIVE,R,TN,7,B001243,115
2354,Pramila,JAYAPAL,N/A,D,WA,N/A,J000298,115
1791,Virginia,FOXX,REPRESENTATIVE,R,NC,5,F000450,115
2239,Rick,ALLEN,REPRESENTATIVE,R,GA,12,A000372,115
2342,Adriano,ESPAILLAT,N/A,D,NY,N/A,E000297,115
2342,Adriano,ESPAILLAT,N/A,D,NY,N/A,E000297,115
1791,Virginia,FOXX,REPRESENTATIVE,R,NC,5,F000450,115
1986,Martha,ROBY,REPRESENTATIVE,R,AL,2,R000591,115
1791,Virginia,FOXX,REPRESENTATIVE,R,NC,5,F000450,115
1791,Virginia,FOXX,REPRESENTATIVE,R,NC,5,F000450,115
1588,Janice,SCHAKOWSKY,REPRESENTATIVE,D,IL,9,S001145,115
1791,Virginia,FOXX,REPRESENTATIVE,R,NC,5,F000450,115
1986,Martha,ROBY,REPRESENTATIVE,R,AL,2,R000591,115
1791,Virginia,FOXX,REPRESENTATIVE,R,NC,5,F000450,115
1986,Martha,ROBY,REPRESENTATIVE,R,AL,2,R000591,115
1791,Virginia,FOXX,REPRESENTATIVE,R,NC,5,F000450,115
1791,Virginia,FOXX,REPRESENTATIVE,R,NC,5,F000450,115
1791,Virginia,FOXX,REPRESENTATIVE,R,NC,5,F000450,115
1791,Virginia,FOXX,REPRESENTATIVE,R,NC,5,F000450,115
1757,Linda,SANCHEZ,REPRESENTATIVE,D,CA,38,S001156,115
1791,Virginia,FOXX,REPRESENTATIVE,R,NC,5,F000450,115
1791,Virginia,FOXX,REPRESENTATIVE,R,NC,5,F000450,115
1955,Pete,OLSON,REPRESENTATIVE,R,TX,22,O000168,115
1825,Bob,CORKER,SENATOR,R,TN,N/A,C001071,115
1728,C.,RUPPERSBERGER,REPRESENTATIVE,D,MD,2,R000576,115
326,Richard,DURBIN,SENATOR,D,IL,N/A,D000563,115
2197,Bradley,BYRNE,REPRESENTATIVE,R,AL,1,B001289,115
2138,Steve,DAINES,SENATOR,R,MT,N/A,D000618,115
