speaker_id,first_name,last_name,type,party,state,district,bio_guide_id,congress_id
2063,Diane,BLACK,REPRESENTATIVE,R,TN,6,B001273,115
616,Marcy,KAPTUR,REPRESENTATIVE,D,OH,8,K000009,115
2063,Diane,BLACK,REPRESENTATIVE,R,TN,6,B001273,115
2063,Diane,BLACK,REPRESENTATIVE,R,TN,6,B001273,115
2063,Diane,BLACK,REPRESENTATIVE,R,TN,6,B001273,115
1853,John,YARMUTH,REPRESENTATIVE,D,KY,3,Y000062,115
2063,Diane,BLACK,REPRESENTATIVE,R,TN,6,B001273,115
1853,John,YARMUTH,REPRESENTATIVE,D,KY,3,Y000062,115
1501,Barbara,LEE,REPRESENTATIVE,D,CA,13,L000551,115
2063,Diane,BLACK,REPRESENTATIVE,R,TN,6,B001273,115
1853,John,YARMUTH,REPRESENTATIVE,D,KY,3,Y000062,115
2246,Seth,MOULTON,REPRESENTATIVE,D,MA,6,M001196,115
2063,Diane,BLACK,REPRESENTATIVE,R,TN,6,B001273,115
1853,John,YARMUTH,REPRESENTATIVE,D,KY,3,Y000062,115
2149,Hakeem,JEFFRIES,REPRESENTATIVE,D,NY,8,J000294,115
2063,Diane,BLACK,REPRESENTATIVE,R,TN,6,B001273,115
2350,Jodey,ARRINGTON,N/A,R,TX,N/A,A000375,115
1853,John,YARMUTH,REPRESENTATIVE,D,KY,3,Y000062,115
2063,Diane,BLACK,REPRESENTATIVE,R,TN,6,B001273,115
2343,John,FASO,N/A,R,NY,N/A,F000464,115
1853,John,YARMUTH,REPRESENTATIVE,D,KY,3,Y000062,115
2063,Diane,BLACK,REPRESENTATIVE,R,TN,6,B001273,115
2314,Matt,GAETZ,N/A,R,FL,N/A,G000578,115
1853,John,YARMUTH,REPRESENTATIVE,D,KY,3,Y000062,115
2063,Diane,BLACK,REPRESENTATIVE,R,TN,6,B001273,115
2017,Todd,ROKITA,REPRESENTATIVE,R,IN,4,R000592,115
1853,John,YARMUTH,REPRESENTATIVE,D,KY,3,Y000062,115
2063,Diane,BLACK,REPRESENTATIVE,R,TN,6,B001273,115
1853,John,YARMUTH,REPRESENTATIVE,D,KY,3,Y000062,115
2354,Pramila,JAYAPAL,N/A,D,WA,N/A,J000298,115
2063,Diane,BLACK,REPRESENTATIVE,R,TN,6,B001273,115
1853,John,YARMUTH,REPRESENTATIVE,D,KY,3,Y000062,115
2310,Salud,CARBAJAL,N/A,D,CA,N/A,C001112,115
2063,Diane,BLACK,REPRESENTATIVE,R,TN,6,B001273,115
1012,Mark,SANFORD,REPRESENTATIVE,R,SC,2,S000051,115
1853,John,YARMUTH,REPRESENTATIVE,D,KY,3,Y000062,115
2063,Diane,BLACK,REPRESENTATIVE,R,TN,6,B001273,115
2276,Glenn,GROTHMAN,REPRESENTATIVE,R,WI,6,G000576,115
2063,Diane,BLACK,REPRESENTATIVE,R,TN,6,B001273,115
2276,Glenn,GROTHMAN,REPRESENTATIVE,R,WI,6,G000576,115
1853,John,YARMUTH,REPRESENTATIVE,D,KY,3,Y000062,115
1588,Janice,SCHAKOWSKY,REPRESENTATIVE,D,IL,9,S001145,115
2063,Diane,BLACK,REPRESENTATIVE,R,TN,6,B001273,115
2328,Roger,MARSHALL,N/A,R,KS,N/A,M001198,115
1853,John,YARMUTH,REPRESENTATIVE,D,KY,3,Y000062,115
2063,Diane,BLACK,REPRESENTATIVE,R,TN,6,B001273,115
1596,Greg,WALDEN,REPRESENTATIVE,R,OR,2,W000791,115
887,Frank,PALLONE,REPRESENTATIVE,D,NJ,6,P000034,115
1596,Greg,WALDEN,REPRESENTATIVE,R,OR,2,W000791,115
62,Joe,BARTON,REPRESENTATIVE,R,TX,6,B000213,115
1596,Greg,WALDEN,REPRESENTATIVE,R,OR,2,W000791,115
62,Joe,BARTON,REPRESENTATIVE,R,TX,6,B000213,115
887,Frank,PALLONE,REPRESENTATIVE,D,NJ,6,P000034,115
355,Anna,ESHOO,REPRESENTATIVE,D,CA,18,E000215,115
1596,Greg,WALDEN,REPRESENTATIVE,R,OR,2,W000791,115
1177,Fred,UPTON,REPRESENTATIVE,R,MI,6,U000031,115
887,Frank,PALLONE,REPRESENTATIVE,D,NJ,6,P000034,115
344,Eliot,ENGEL,REPRESENTATIVE,D,NY,16,E000179,115
1596,Greg,WALDEN,REPRESENTATIVE,R,OR,2,W000791,115
1933,Gregg,HARPER,REPRESENTATIVE,R,MS,3,H001045,115
887,Frank,PALLONE,REPRESENTATIVE,D,NJ,6,P000034,115
1596,Greg,WALDEN,REPRESENTATIVE,R,OR,2,W000791,115
1922,Brett,GUTHRIE,REPRESENTATIVE,R,KY,2,G000558,115
887,Frank,PALLONE,REPRESENTATIVE,D,NJ,6,P000034,115
1596,Greg,WALDEN,REPRESENTATIVE,R,OR,2,W000791,115
2018,Larry,BUCSHON,REPRESENTATIVE,R,IN,8,B001275,115
887,Frank,PALLONE,REPRESENTATIVE,D,NJ,6,P000034,115
1596,Greg,WALDEN,REPRESENTATIVE,R,OR,2,W000791,115
2065,Bill,FLORES,REPRESENTATIVE,R,TX,17,F000461,115
887,Frank,PALLONE,REPRESENTATIVE,D,NJ,6,P000034,115
1761,G.,BUTTERFIELD,REPRESENTATIVE,D,NC,1,B001251,115
1761,G.,BUTTERFIELD,REPRESENTATIVE,D,NC,1,B001251,115
1596,Greg,WALDEN,REPRESENTATIVE,R,OR,2,W000791,115
887,Frank,PALLONE,REPRESENTATIVE,D,NJ,6,P000034,115
1596,Greg,WALDEN,REPRESENTATIVE,R,OR,2,W000791,115
887,Frank,PALLONE,REPRESENTATIVE,D,NJ,6,P000034,115
1854,John,SARBANES,REPRESENTATIVE,D,MD,3,S001168,115
1596,Greg,WALDEN,REPRESENTATIVE,R,OR,2,W000791,115
1855,Tim,WALBERG,REPRESENTATIVE,R,MI,7,W000798,115
887,Frank,PALLONE,REPRESENTATIVE,D,NJ,6,P000034,115
1596,Greg,WALDEN,REPRESENTATIVE,R,OR,2,W000791,115
887,Frank,PALLONE,REPRESENTATIVE,D,NJ,6,P000034,115
1879,Peter,WELCH,REPRESENTATIVE,D,VT,0,W000800,115
1596,Greg,WALDEN,REPRESENTATIVE,R,OR,2,W000791,115
1791,Virginia,FOXX,REPRESENTATIVE,R,NC,5,F000450,115
1791,Virginia,FOXX,REPRESENTATIVE,R,NC,5,F000450,115
1596,Greg,WALDEN,REPRESENTATIVE,R,OR,2,W000791,115
887,Frank,PALLONE,REPRESENTATIVE,D,NJ,6,P000034,115
1596,Greg,WALDEN,REPRESENTATIVE,R,OR,2,W000791,115
887,Frank,PALLONE,REPRESENTATIVE,D,NJ,6,P000034,115
1942,Paul,TONKO,REPRESENTATIVE,D,NY,20,T000469,115
1596,Greg,WALDEN,REPRESENTATIVE,R,OR,2,W000791,115
887,Frank,PALLONE,REPRESENTATIVE,D,NJ,6,P000034,115
1596,Greg,WALDEN,REPRESENTATIVE,R,OR,2,W000791,115
887,Frank,PALLONE,REPRESENTATIVE,D,NJ,6,P000034,115
887,Frank,PALLONE,REPRESENTATIVE,D,NJ,6,P000034,115
887,Frank,PALLONE,REPRESENTATIVE,D,NJ,6,P000034,115
1846,David,LOEBSACK,REPRESENTATIVE,D,IA,2,L000565,115
1596,Greg,WALDEN,REPRESENTATIVE,R,OR,2,W000791,115
1596,Greg,WALDEN,REPRESENTATIVE,R,OR,2,W000791,115
1596,Greg,WALDEN,REPRESENTATIVE,R,OR,2,W000791,115
887,Frank,PALLONE,REPRESENTATIVE,D,NJ,6,P000034,115
887,Frank,PALLONE,REPRESENTATIVE,D,NJ,6,P000034,115
1596,Greg,WALDEN,REPRESENTATIVE,R,OR,2,W000791,115
887,Frank,PALLONE,REPRESENTATIVE,D,NJ,6,P000034,115
1950,Kurt,SCHRADER,REPRESENTATIVE,D,OR,5,S001180,115
1596,Greg,WALDEN,REPRESENTATIVE,R,OR,2,W000791,115
887,Frank,PALLONE,REPRESENTATIVE,D,NJ,6,P000034,115
2172,Joseph,KENNEDY,REPRESENTATIVE,D,MA,4,K000379,115
1596,Greg,WALDEN,REPRESENTATIVE,R,OR,2,W000791,115
887,Frank,PALLONE,REPRESENTATIVE,D,NJ,6,P000034,115
701,Zoe,LOFGREN,REPRESENTATIVE,D,CA,19,L000397,115
887,Frank,PALLONE,REPRESENTATIVE,D,NJ,6,P000034,115
2107,Tony,CARDENAS,REPRESENTATIVE,D,CA,29,C001097,115
1596,Greg,WALDEN,REPRESENTATIVE,R,OR,2,W000791,115
887,Frank,PALLONE,REPRESENTATIVE,D,NJ,6,P000034,115
2109,Raul,RUIZ,REPRESENTATIVE,D,CA,36,R000599,115
1596,Greg,WALDEN,REPRESENTATIVE,R,OR,2,W000791,115
887,Frank,PALLONE,REPRESENTATIVE,D,NJ,6,P000034,115
2113,Scott,PETERS,REPRESENTATIVE,D,CA,52,P000608,115
1596,Greg,WALDEN,REPRESENTATIVE,R,OR,2,W000791,115
887,Frank,PALLONE,REPRESENTATIVE,D,NJ,6,P000034,115
2251,Debbie,DINGELL,REPRESENTATIVE,D,MI,12,D000624,115
1596,Greg,WALDEN,REPRESENTATIVE,R,OR,2,W000791,115
887,Frank,PALLONE,REPRESENTATIVE,D,NJ,6,P000034,115
1596,Greg,WALDEN,REPRESENTATIVE,R,OR,2,W000791,115
887,Frank,PALLONE,REPRESENTATIVE,D,NJ,6,P000034,115
2063,Diane,BLACK,REPRESENTATIVE,R,TN,6,B001273,115
854,Richard,NEAL,REPRESENTATIVE,D,MA,1,N000015,115
1664,Patrick,TIBERI,REPRESENTATIVE,R,OH,12,T000462,115
854,Richard,NEAL,REPRESENTATIVE,D,MA,1,N000015,115
683,Sander,LEVIN,REPRESENTATIVE,D,MI,9,L000263,115
854,Richard,NEAL,REPRESENTATIVE,D,MA,1,N000015,115
1930,Erik,PAULSEN,REPRESENTATIVE,R,MN,3,P000594,115
854,Richard,NEAL,REPRESENTATIVE,D,MA,1,N000015,115
854,Richard,NEAL,REPRESENTATIVE,D,MA,1,N000015,115
303,Lloyd,DOGGETT,REPRESENTATIVE,D,TX,35,D000399,115
1982,Tom,REED,REPRESENTATIVE,R,NY,23,R000585,115
854,Richard,NEAL,REPRESENTATIVE,D,MA,1,N000015,115
854,Richard,NEAL,REPRESENTATIVE,D,MA,1,N000015,115
2060,Kristi,NOEM,REPRESENTATIVE,R,SD,0,N000184,115
854,Richard,NEAL,REPRESENTATIVE,D,MA,1,N000015,115
99,Earl,BLUMENAUER,REPRESENTATIVE,D,OR,3,B000574,115
854,Richard,NEAL,REPRESENTATIVE,D,MA,1,N000015,115
1498,Ron,KIND,REPRESENTATIVE,D,WI,3,K000188,115
2128,Jackie,WALORSKI,REPRESENTATIVE,R,IN,2,W000813,115
854,Richard,NEAL,REPRESENTATIVE,D,MA,1,N000015,115
854,Richard,NEAL,REPRESENTATIVE,D,MA,1,N000015,115
1510,Bill,PASCRELL,REPRESENTATIVE,D,NJ,9,P000096,115
854,Richard,NEAL,REPRESENTATIVE,D,MA,1,N000015,115
1604,Joseph,CROWLEY,REPRESENTATIVE,D,NY,14,C001038,115
854,Richard,NEAL,REPRESENTATIVE,D,MA,1,N000015,115
854,Richard,NEAL,REPRESENTATIVE,D,MA,1,N000015,115
1757,Linda,SANCHEZ,REPRESENTATIVE,D,CA,38,S001156,115
854,Richard,NEAL,REPRESENTATIVE,D,MA,1,N000015,115
854,Richard,NEAL,REPRESENTATIVE,D,MA,1,N000015,115
854,Richard,NEAL,REPRESENTATIVE,D,MA,1,N000015,115
854,Richard,NEAL,REPRESENTATIVE,D,MA,1,N000015,115
854,Richard,NEAL,REPRESENTATIVE,D,MA,1,N000015,115
854,Richard,NEAL,REPRESENTATIVE,D,MA,1,N000015,115
1878,Steve,COHEN,REPRESENTATIVE,D,TN,9,C001068,115
854,Richard,NEAL,REPRESENTATIVE,D,MA,1,N000015,115
2063,Diane,BLACK,REPRESENTATIVE,R,TN,6,B001273,115
2063,Diane,BLACK,REPRESENTATIVE,R,TN,6,B001273,115
2063,Diane,BLACK,REPRESENTATIVE,R,TN,6,B001273,115
2063,Diane,BLACK,REPRESENTATIVE,R,TN,6,B001273,115
1749,Jeb,HENSARLING,REPRESENTATIVE,R,TX,5,H001036,115
2063,Diane,BLACK,REPRESENTATIVE,R,TN,6,B001273,115
446,Bob,GOODLATTE,REPRESENTATIVE,R,VA,6,G000289,115
1962,Gregorio,SABLAN,DELEGATE,D,MP,N/A,S001177,115
2063,Diane,BLACK,REPRESENTATIVE,R,TN,6,B001273,115
2315,Neal,DUNN,N/A,R,FL,N/A,D000628,115
1836,Joe,COURTNEY,REPRESENTATIVE,D,CT,2,C001069,115
2063,Diane,BLACK,REPRESENTATIVE,R,TN,6,B001273,115
2244,Ralph,ABRAHAM,REPRESENTATIVE,R,LA,5,A000374,115
1895,Marcia,FUDGE,REPRESENTATIVE,D,OH,11,F000455,115
2063,Diane,BLACK,REPRESENTATIVE,R,TN,6,B001273,115
1805,K.,CONAWAY,REPRESENTATIVE,R,TX,11,C001062,115
616,Marcy,KAPTUR,REPRESENTATIVE,D,OH,8,K000009,115
1686,Stephen,LYNCH,REPRESENTATIVE,D,MA,8,L000562,115
2153,Joyce,BEATTY,REPRESENTATIVE,D,OH,3,B001281,115
229,John,CONYERS,REPRESENTATIVE,D,MI,13,C000714,115
850,Jerrold,NADLER,REPRESENTATIVE,D,NY,10,N000002,115
2333,Jack,BERGMAN,N/A,R,MI,N/A,B001301,115
2325,Raja,KRISHNAMOORTHI,N/A,D,IL,N/A,K000391,115
2054,Lou,BARLETTA,REPRESENTATIVE,R,PA,11,B001269,115
2054,Lou,BARLETTA,REPRESENTATIVE,R,PA,11,B001269,115
2054,Lou,BARLETTA,REPRESENTATIVE,R,PA,11,B001269,115
2054,Lou,BARLETTA,REPRESENTATIVE,R,PA,11,B001269,115
1692,John,CORNYN,SENATOR,R,TX,N/A,C001056,115
735,Edward,MARKEY,SENATOR,D,MA,N/A,M000133,115
2054,Lou,BARLETTA,REPRESENTATIVE,R,PA,11,B001269,115
2054,Lou,BARLETTA,REPRESENTATIVE,R,PA,11,B001269,115
2054,Lou,BARLETTA,REPRESENTATIVE,R,PA,11,B001269,115
2054,Lou,BARLETTA,REPRESENTATIVE,R,PA,11,B001269,115
2032,Vicky,HARTZLER,REPRESENTATIVE,R,MO,4,H001053,115
2054,Lou,BARLETTA,REPRESENTATIVE,R,PA,11,B001269,115
2054,Lou,BARLETTA,REPRESENTATIVE,R,PA,11,B001269,115
2337,Don,BACON,N/A,R,NE,N/A,B001298,115
1247,Ron,WYDEN,SENATOR,D,OR,N/A,W000779,115
1567,Tom,UDALL,SENATOR,D,NM,N/A,U000039,115
2166,Marc,VEASEY,REPRESENTATIVE,D,TX,33,V000131,115
2166,Marc,VEASEY,REPRESENTATIVE,D,TX,33,V000131,115
2320,Val,DEMINGS,N/A,D,FL,N/A,D000627,115
2166,Marc,VEASEY,REPRESENTATIVE,D,TX,33,V000131,115
208,James,CLYBURN,REPRESENTATIVE,D,SC,6,C000537,115
2166,Marc,VEASEY,REPRESENTATIVE,D,TX,33,V000131,115
1996,Karen,BASS,REPRESENTATIVE,D,CA,37,B001270,115
2166,Marc,VEASEY,REPRESENTATIVE,D,TX,33,V000131,115
2166,Marc,VEASEY,REPRESENTATIVE,D,TX,33,V000131,115
2298,Dwight,EVANS,N/A,D,PA,N/A,E000296,115
2166,Marc,VEASEY,REPRESENTATIVE,D,TX,33,V000131,115
2166,Marc,VEASEY,REPRESENTATIVE,D,TX,33,V000131,115
2166,Marc,VEASEY,REPRESENTATIVE,D,TX,33,V000131,115
2166,Marc,VEASEY,REPRESENTATIVE,D,TX,33,V000131,115
2320,Val,DEMINGS,N/A,D,FL,N/A,D000627,115
2166,Marc,VEASEY,REPRESENTATIVE,D,TX,33,V000131,115
2166,Marc,VEASEY,REPRESENTATIVE,D,TX,33,V000131,115
2290,Dan,SULLIVAN,SENATOR,R,AK,N/A,S001198,115
2290,Dan,SULLIVAN,SENATOR,R,AK,N/A,S001198,115
2290,Dan,SULLIVAN,SENATOR,R,AK,N/A,S001198,115
99999999999999,First Name unavailable,,Type Unavailable,Party Info Unavailable,state info unavailable,District Unavailable,BioGuideID unavailable,CongressID unavailable
2290,Dan,SULLIVAN,SENATOR,R,AK,N/A,S001198,115
2333,Jack,BERGMAN,N/A,R,MI,N/A,B001301,115
1692,John,CORNYN,SENATOR,R,TX,N/A,C001056,115
1036,Charles,SCHUMER,SENATOR,D,NY,N/A,S000148,115
1036,Charles,SCHUMER,SENATOR,D,NY,N/A,S000148,115
2173,Brian,SCHATZ,SENATOR,D,HI,N/A,S001194,115
2173,Brian,SCHATZ,SENATOR,D,HI,N/A,S001194,115
1692,John,CORNYN,SENATOR,R,TX,N/A,C001056,115
1692,John,CORNYN,SENATOR,R,TX,N/A,C001056,115
2084,Marco,RUBIO,SENATOR,R,FL,N/A,R000595,115
2084,Marco,RUBIO,SENATOR,R,FL,N/A,R000595,115
2182,Elizabeth,WARREN,SENATOR,D,MA,N/A,W000817,115
2182,Elizabeth,WARREN,SENATOR,D,MA,N/A,W000817,115
452,Lindsey,GRAHAM,REPRESENTATIVE,R,SC,2,G000359,115
1825,Bob,CORKER,SENATOR,R,TN,N/A,C001071,115
2082,Rand,PAUL,REPRESENTATIVE,R,KY,4,P000603,115
1825,Bob,CORKER,SENATOR,R,TN,N/A,C001071,115
1825,Bob,CORKER,SENATOR,R,TN,N/A,C001071,115
2082,Rand,PAUL,REPRESENTATIVE,R,KY,4,P000603,115
1825,Bob,CORKER,SENATOR,R,TN,N/A,C001071,115
174,Benjamin,CARDIN,SENATOR,D,MD,N/A,C000141,115
174,Benjamin,CARDIN,SENATOR,D,MD,N/A,C000141,115
1825,Bob,CORKER,SENATOR,R,TN,N/A,C001071,115
1692,John,CORNYN,SENATOR,R,TX,N/A,C001056,115
1534,John,THUNE,SENATOR,R,SD,N/A,T000250,115
1541,Susan,COLLINS,REPRESENTATIVE,R,ME,9,C001035,115
1541,Susan,COLLINS,REPRESENTATIVE,R,ME,9,C001035,115
2130,Luke,MESSER,REPRESENTATIVE,R,IN,6,M001189,115
1525,Pete,SESSIONS,SENATOR,R,TX,N/A,S000250,115
1525,Pete,SESSIONS,SENATOR,R,TX,N/A,S000250,115
1525,Pete,SESSIONS,SENATOR,R,TX,N/A,S000250,115
1525,Pete,SESSIONS,SENATOR,R,TX,N/A,S000250,115
1525,Pete,SESSIONS,SENATOR,R,TX,N/A,S000250,115
1751,Michael,BURGESS,REPRESENTATIVE,R,TX,26,B001248,115
511,Alcee,HASTINGS,REPRESENTATIVE,D,FL,20,H000324,115
511,Alcee,HASTINGS,REPRESENTATIVE,D,FL,20,H000324,115
1525,Pete,SESSIONS,SENATOR,R,TX,N/A,S000250,115
1910,Jared,POLIS,REPRESENTATIVE,D,CO,2,P000598,115
1525,Pete,SESSIONS,SENATOR,R,TX,N/A,S000250,115
2197,Bradley,BYRNE,REPRESENTATIVE,R,AL,1,B001289,115
2134,Daniel,KILDEE,REPRESENTATIVE,D,MI,5,K000380,115
1525,Pete,SESSIONS,SENATOR,R,TX,N/A,S000250,115
2008,Rob,WOODALL,REPRESENTATIVE,R,GA,7,W000810,115
1525,Pete,SESSIONS,SENATOR,R,TX,N/A,S000250,115
1742,Tom,COLE,REPRESENTATIVE,R,OK,12,C001053,115
1188,Peter,VISCLOSKY,REPRESENTATIVE,D,IN,1,V000108,115
1525,Pete,SESSIONS,SENATOR,R,TX,N/A,S000250,115
1814,Doris,MATSUI,REPRESENTATIVE,D,CA,6,M001163,115
1525,Pete,SESSIONS,SENATOR,R,TX,N/A,S000250,115
1835,Ed,PERLMUTTER,REPRESENTATIVE,D,CO,7,P000593,115
1525,Pete,SESSIONS,SENATOR,R,TX,N/A,S000250,115
1668,James,LANGEVIN,REPRESENTATIVE,D,RI,2,L000559,115
2122,Tulsi,GABBARD,REPRESENTATIVE,D,HI,2,G000571,115
2055,David,CICILLINE,REPRESENTATIVE,D,RI,1,C001084,115
1525,Pete,SESSIONS,SENATOR,R,TX,N/A,S000250,115
2356,Liz,CHENEY,N/A,R,WY,N/A,C001109,115
1959,Gerald,CONNOLLY,REPRESENTATIVE,D,VA,11,C001078,115
616,Marcy,KAPTUR,REPRESENTATIVE,D,OH,8,K000009,115
616,Marcy,KAPTUR,REPRESENTATIVE,D,OH,8,K000009,115
1525,Pete,SESSIONS,SENATOR,R,TX,N/A,S000250,115
2321,Charlie,CRIST,N/A,D,FL,N/A,C001111,115
1525,Pete,SESSIONS,SENATOR,R,TX,N/A,S000250,115
2275,Dan,NEWHOUSE,REPRESENTATIVE,R,WA,4,N000189,115
2309,Jimmy,PANETTA,N/A,D,CA,N/A,P000613,115
1525,Pete,SESSIONS,SENATOR,R,TX,N/A,S000250,115
1525,Pete,SESSIONS,SENATOR,R,TX,N/A,S000250,115
1525,Pete,SESSIONS,SENATOR,R,TX,N/A,S000250,115
1525,Pete,SESSIONS,SENATOR,R,TX,N/A,S000250,115
2333,Jack,BERGMAN,N/A,R,MI,N/A,B001301,115
511,Alcee,HASTINGS,REPRESENTATIVE,D,FL,20,H000324,115
683,Sander,LEVIN,REPRESENTATIVE,D,MI,9,L000263,115
2028,Bill,HUIZENGA,REPRESENTATIVE,R,MI,2,H001058,115
1866,Kirsten,GILLIBRAND,SENATOR,D,NY,N/A,G000555,115
1844,Mazie,HIRONO,SENATOR,D,HI,N/A,H001042,115
701,Zoe,LOFGREN,REPRESENTATIVE,D,CA,19,L000397,115
2054,Lou,BARLETTA,REPRESENTATIVE,R,PA,11,B001269,115
2054,Lou,BARLETTA,REPRESENTATIVE,R,PA,11,B001269,115
2054,Lou,BARLETTA,REPRESENTATIVE,R,PA,11,B001269,115
2054,Lou,BARLETTA,REPRESENTATIVE,R,PA,11,B001269,115
2054,Lou,BARLETTA,REPRESENTATIVE,R,PA,11,B001269,115
2290,Dan,SULLIVAN,SENATOR,R,AK,N/A,S001198,115
2290,Dan,SULLIVAN,SENATOR,R,AK,N/A,S001198,115
2134,Daniel,KILDEE,REPRESENTATIVE,D,MI,5,K000380,115
2166,Marc,VEASEY,REPRESENTATIVE,D,TX,33,V000131,115
1955,Pete,OLSON,REPRESENTATIVE,R,TX,22,O000168,115
2302,Margaret,HASSAN,N/A,D,NH,N/A,H001076,115
