speaker_id,first_name,last_name,type,party,state,district,bio_guide_id,congress_id
735,Edward,MARKEY,SENATOR,D,MA,N/A,M000133,115
1036,Charles,SCHUMER,SENATOR,D,NY,N/A,S000148,115
1036,Charles,SCHUMER,SENATOR,D,NY,N/A,S000148,115
1692,John,CORNYN,SENATOR,R,TX,N/A,C001056,115
1692,John,CORNYN,SENATOR,R,TX,N/A,C001056,115
1692,John,CORNYN,SENATOR,R,TX,N/A,C001056,115
1692,John,CORNYN,SENATOR,R,TX,N/A,C001056,115
1692,John,KING,REPRESENTATIVE,R,TX,4,C001056,115
1692,John,KING,REPRESENTATIVE,R,TX,4,C001056,115
1541,Susan,COLLINS,REPRESENTATIVE,R,ME,9,C001035,115
1541,Susan,COLLINS,REPRESENTATIVE,R,ME,9,C001035,115
859,Bill,NELSON,SENATOR,D,FL,N/A,N000032,115
1541,Susan,COLLINS,REPRESENTATIVE,R,ME,9,C001035,115
859,Bill,NELSON,SENATOR,D,FL,N/A,N000032,115
174,Benjamin,CARDIN,SENATOR,D,MD,N/A,C000141,115
136,Sherrod,BROWN,REPRESENTATIVE,D,OH,26,B000944,115
250,Mike,CRAPO,SENATOR,R,ID,N/A,C000880,115
250,Mike,CRAPO,SENATOR,R,ID,N/A,C000880,115
1226,Roger,WICKER,SENATOR,R,MS,N/A,W000437,115
1692,John,CORNYN,SENATOR,R,TX,N/A,C001056,115
326,Richard,DURBIN,SENATOR,D,IL,N/A,D000563,115
1464,Roy,BLUNT,SENATOR,R,MO,N/A,B000575,115
1692,John,CORNYN,SENATOR,R,TX,N/A,C001056,115
326,Richard,DURBIN,SENATOR,D,IL,N/A,D000563,115
1525,Pete,SESSIONS,SENATOR,R,TX,N/A,S000250,115
1036,Charles,SCHUMER,SENATOR,D,NY,N/A,S000148,115
1036,Charles,SCHUMER,SENATOR,D,NY,N/A,S000148,115
213,Thad,COCHRAN,SENATOR,R,MS,N/A,C000567,115
1836,Joe,COURTNEY,REPRESENTATIVE,D,CT,2,C001069,115
2061,Charles,FLEISCHMANN,REPRESENTATIVE,R,TN,3,F000459,115
1836,Joe,COURTNEY,REPRESENTATIVE,D,CT,2,C001069,115
2351,Scott,TAYLOR,N/A,R,VA,N/A,T000477,115
1836,Joe,COURTNEY,REPRESENTATIVE,D,CT,2,C001069,115
1036,Charles,SCHUMER,SENATOR,D,NY,N/A,S000148,115
1850,Joe,DONNELLY,SENATOR,D,IN,N/A,D000607,115
1836,Joe,COURTNEY,REPRESENTATIVE,D,CT,2,C001069,115
1933,Gregg,HARPER,REPRESENTATIVE,R,MS,3,H001045,115
1836,Joe,COURTNEY,REPRESENTATIVE,D,CT,2,C001069,115
1836,Joe,COURTNEY,REPRESENTATIVE,D,CT,2,C001069,115
2243,Mike,BOST,REPRESENTATIVE,R,IL,12,B001295,115
2015,Randy,HULTGREN,REPRESENTATIVE,R,IL,14,H001059,115
2127,Cheri,BUSTOS,REPRESENTATIVE,D,IL,17,B001286,115
2124,Bradley,SCHNEIDER,N/A,D,IL,N/A,S001190,115
2325,Raja,KRISHNAMOORTHI,N/A,D,IL,N/A,K000391,115
2273,Barbara,COMSTOCK,REPRESENTATIVE,R,VA,10,C001105,115
2273,Barbara,COMSTOCK,REPRESENTATIVE,R,VA,10,C001105,115
2273,Barbara,COMSTOCK,REPRESENTATIVE,R,VA,10,C001105,115
2273,Barbara,COMSTOCK,REPRESENTATIVE,R,VA,10,C001105,115
2273,Barbara,COMSTOCK,REPRESENTATIVE,R,VA,10,C001105,115
2244,Ralph,ABRAHAM,REPRESENTATIVE,R,LA,5,A000374,115
2273,Barbara,COMSTOCK,REPRESENTATIVE,R,VA,10,C001105,115
1510,Bill,PASCRELL,REPRESENTATIVE,D,NJ,9,P000096,115
1823,Sheldon,WHITEHOUSE,SENATOR,D,RI,N/A,W000802,115
1897,Mark,WARNER,SENATOR,D,VA,N/A,W000805,115
1897,Mark,WARNER,SENATOR,D,VA,N/A,W000805,115
2290,Dan,SULLIVAN,SENATOR,R,AK,N/A,S001198,115
1823,Sheldon,WHITEHOUSE,SENATOR,D,RI,N/A,W000802,115
1886,Robert,WITTMAN,REPRESENTATIVE,R,VA,1,W000804,115
1886,Robert,WITTMAN,REPRESENTATIVE,R,VA,1,W000804,115
1886,Robert,WITTMAN,REPRESENTATIVE,R,VA,1,W000804,115
2010,Colleen,HANABUSA,N/A,D,HI,N/A,H001050,115
2149,Hakeem,JEFFRIES,REPRESENTATIVE,D,NY,8,J000294,115
1886,Robert,WITTMAN,REPRESENTATIVE,R,VA,1,W000804,115
2010,Colleen,HANABUSA,N/A,D,HI,N/A,H001050,115
1886,Robert,WITTMAN,REPRESENTATIVE,R,VA,1,W000804,115
1886,Robert,WITTMAN,REPRESENTATIVE,R,VA,1,W000804,115
2324,A.,FERGUSON,N/A,R,GA,N/A,F000465,115
1692,John,CORNYN,SENATOR,R,TX,N/A,C001056,115
1608,Johnny,ISAKSON,SENATOR,R,GA,N/A,I000055,115
1633,Jeff,FLAKE,SENATOR,R,AZ,N/A,F000444,115
1527,John,SHIMKUS,REPRESENTATIVE,R,IL,15,S000364,115
2344,Claudia,TENNEY,N/A,R,NY,N/A,T000478,115
326,Richard,DURBIN,SENATOR,D,IL,N/A,D000563,115
1687,John,BOOZMAN,SENATOR,R,AR,N/A,B001236,115
2138,Steve,DAINES,SENATOR,R,MT,N/A,D000618,115
1383,Patrick,LEAHY,SENATOR,D,VT,N/A,L000174,115
1897,Mark,WARNER,SENATOR,D,VA,N/A,W000805,115
2301,Kamala,HARRIS,REPRESENTATIVE,D,CA,1,H001075,115
2301,Kamala,HARRIS,REPRESENTATIVE,D,CA,1,H001075,115
1332,Dianne,FEINSTEIN,SENATOR,D,CA,N/A,F000062,115
2301,Kamala,HARRIS,REPRESENTATIVE,D,CA,1,H001075,115
1332,Dianne,FEINSTEIN,SENATOR,D,CA,N/A,F000062,115
1965,Michael,BENNET,SENATOR,D,CO,N/A,B001267,115
1828,Robert,CASEY,SENATOR,D,PA,N/A,C001070,115
1828,Robert,CASEY,SENATOR,D,PA,N/A,C001070,115
1247,Ron,WYDEN,SENATOR,D,OR,N/A,W000779,115
1692,John,CORNYN,SENATOR,R,TX,N/A,C001056,115
2143,George,HOLDING,REPRESENTATIVE,R,NC,13,H001065,115
511,Alcee,HASTINGS,REPRESENTATIVE,D,FL,20,H000324,115
2328,Roger,MARSHALL,N/A,R,KS,N/A,M001198,115
2273,Barbara,COMSTOCK,REPRESENTATIVE,R,VA,10,C001105,115
2273,Barbara,COMSTOCK,REPRESENTATIVE,R,VA,10,C001105,115
2273,Barbara,COMSTOCK,REPRESENTATIVE,R,VA,10,C001105,115
2273,Barbara,COMSTOCK,REPRESENTATIVE,R,VA,10,C001105,115
2273,Barbara,COMSTOCK,REPRESENTATIVE,R,VA,10,C001105,115
1828,Robert,CASEY,SENATOR,D,PA,N/A,C001070,115
2290,Dan,SULLIVAN,SENATOR,R,AK,N/A,S001198,115
2170,Denny,HECK,REPRESENTATIVE,D,WA,3,H001064,115
2097,Donald,PAYNE,REPRESENTATIVE,D,NJ,10,P000604,115
1676,Shelley,CAPITO,N/A,R,WV,N/A,C001047,115
1676,Shelley,CAPITO,N/A,R,WV,N/A,C001047,115
1965,Michael,BENNET,SENATOR,D,CO,N/A,B001267,115
1633,Jeff,FLAKE,SENATOR,R,AZ,N/A,F000444,115
2315,Neal,DUNN,N/A,R,FL,N/A,D000628,115
2315,Neal,DUNN,N/A,R,FL,N/A,D000628,115
2315,Neal,DUNN,N/A,R,FL,N/A,D000628,115
2315,Neal,DUNN,N/A,R,FL,N/A,D000628,115
2110,Mark,TAKANO,REPRESENTATIVE,D,CA,41,T000472,115
2315,Neal,DUNN,N/A,R,FL,N/A,D000628,115
2315,Neal,DUNN,N/A,R,FL,N/A,D000628,115
1801,Louie,GOHMERT,REPRESENTATIVE,R,TX,1,G000552,115
2228,Stephen,KNIGHT,REPRESENTATIVE,R,CA,25,K000387,115
2228,Stephen,KNIGHT,REPRESENTATIVE,R,CA,25,K000387,115
2228,Stephen,KNIGHT,REPRESENTATIVE,R,CA,25,K000387,115
2228,Stephen,KNIGHT,REPRESENTATIVE,R,CA,25,K000387,115
2228,Stephen,KNIGHT,REPRESENTATIVE,R,CA,25,K000387,115
2228,Stephen,KNIGHT,REPRESENTATIVE,R,CA,25,K000387,115
2228,Stephen,KNIGHT,REPRESENTATIVE,R,CA,25,K000387,115
1930,Erik,PAULSEN,REPRESENTATIVE,R,MN,3,P000594,115
2325,Raja,KRISHNAMOORTHI,N/A,D,IL,N/A,K000391,115
2315,Neal,DUNN,N/A,R,FL,N/A,D000628,115
2315,Neal,DUNN,N/A,R,FL,N/A,D000628,115
2315,Neal,DUNN,N/A,R,FL,N/A,D000628,115
2315,Neal,DUNN,N/A,R,FL,N/A,D000628,115
2169,Derek,KILMER,REPRESENTATIVE,D,WA,6,K000381,115
2315,Neal,DUNN,N/A,R,FL,N/A,D000628,115
2315,Neal,DUNN,N/A,R,FL,N/A,D000628,115
