speaker_id,first_name,last_name,type,party,state,district,bio_guide_id,congress_id
1036,Charles,SCHUMER,SENATOR,D,NY,N/A,S000148,115
1177,Fred,UPTON,REPRESENTATIVE,R,MI,6,U000031,115
1177,Fred,UPTON,REPRESENTATIVE,R,MI,6,U000031,115
1003,Bobby,RUSH,REPRESENTATIVE,D,IL,1,R000515,115
1177,Fred,UPTON,REPRESENTATIVE,R,MI,6,U000031,115
1003,Bobby,RUSH,REPRESENTATIVE,D,IL,1,R000515,115
887,Frank,PALLONE,REPRESENTATIVE,D,NJ,6,P000034,115
1177,Fred,UPTON,REPRESENTATIVE,R,MI,6,U000031,115
2070,H.,GRIFFITH,REPRESENTATIVE,R,VA,9,G000568,115
1177,Fred,UPTON,REPRESENTATIVE,R,MI,6,U000031,115
1003,Bobby,RUSH,REPRESENTATIVE,D,IL,1,R000515,115
1854,John,SARBANES,REPRESENTATIVE,D,MD,3,S001168,115
1177,Fred,UPTON,REPRESENTATIVE,R,MI,6,U000031,115
1596,Greg,WALDEN,REPRESENTATIVE,R,OR,2,W000791,115
1003,Bobby,RUSH,REPRESENTATIVE,D,IL,1,R000515,115
1942,Paul,TONKO,REPRESENTATIVE,D,NY,20,T000469,115
1177,Fred,UPTON,REPRESENTATIVE,R,MI,6,U000031,115
1834,Doug,LAMBORN,REPRESENTATIVE,R,CO,5,L000564,115
1003,Bobby,RUSH,REPRESENTATIVE,D,IL,1,R000515,115
1973,John,GARAMENDI,REPRESENTATIVE,D,CA,3,G000559,115
1177,Fred,UPTON,REPRESENTATIVE,R,MI,6,U000031,115
1992,Paul,GOSAR,REPRESENTATIVE,R,AZ,4,G000565,115
1003,Bobby,RUSH,REPRESENTATIVE,D,IL,1,R000515,115
2109,Raul,RUIZ,REPRESENTATIVE,D,CA,36,R000599,115
1177,Fred,UPTON,REPRESENTATIVE,R,MI,6,U000031,115
1995,Jeff,DENHAM,REPRESENTATIVE,R,CA,10,D000612,115
1177,Fred,UPTON,REPRESENTATIVE,R,MI,6,U000031,115
1995,Jeff,DENHAM,REPRESENTATIVE,R,CA,10,D000612,115
1003,Bobby,RUSH,REPRESENTATIVE,D,IL,1,R000515,115
1774,Jim,COSTA,REPRESENTATIVE,D,CA,16,C001059,115
1003,Bobby,RUSH,REPRESENTATIVE,D,IL,1,R000515,115
1177,Fred,UPTON,REPRESENTATIVE,R,MI,6,U000031,115
1003,Bobby,RUSH,REPRESENTATIVE,D,IL,1,R000515,115
1177,Fred,UPTON,REPRESENTATIVE,R,MI,6,U000031,115
2359,Greg,GIANFORTE,N/A,R,MT,N/A,G000584,115
1003,Bobby,RUSH,REPRESENTATIVE,D,IL,1,R000515,115
1003,Bobby,RUSH,REPRESENTATIVE,D,IL,1,R000515,115
1177,Fred,UPTON,REPRESENTATIVE,R,MI,6,U000031,115
1742,Tom,COLE,REPRESENTATIVE,R,OK,12,C001053,115
1003,Bobby,RUSH,REPRESENTATIVE,D,IL,1,R000515,115
1596,Greg,WALDEN,REPRESENTATIVE,R,OR,2,W000791,115
1003,Bobby,RUSH,REPRESENTATIVE,D,IL,1,R000515,115
2276,Glenn,GROTHMAN,REPRESENTATIVE,R,WI,6,G000576,115
2276,Glenn,GROTHMAN,REPRESENTATIVE,R,WI,6,G000576,115
2276,Glenn,GROTHMAN,REPRESENTATIVE,R,WI,6,G000576,115
1177,Fred,UPTON,REPRESENTATIVE,R,MI,6,U000031,115
2276,Glenn,GROTHMAN,REPRESENTATIVE,R,WI,6,G000576,115
1811,Gwen,MOORE,SENATOR,D,WI,N/A,M001160,115
2276,Glenn,GROTHMAN,REPRESENTATIVE,R,WI,6,G000576,115
1003,Bobby,RUSH,REPRESENTATIVE,D,IL,1,R000515,115
2276,Glenn,GROTHMAN,REPRESENTATIVE,R,WI,6,G000576,115
2270,Brian,BABIN,REPRESENTATIVE,R,TX,36,B001291,115
2270,Brian,BABIN,REPRESENTATIVE,R,TX,36,B001291,115
1177,Fred,UPTON,REPRESENTATIVE,R,MI,6,U000031,115
2270,Brian,BABIN,REPRESENTATIVE,R,TX,36,B001291,115
2270,Brian,BABIN,REPRESENTATIVE,R,TX,36,B001291,115
1003,Bobby,RUSH,REPRESENTATIVE,D,IL,1,R000515,115
2270,Brian,BABIN,REPRESENTATIVE,R,TX,36,B001291,115
1177,Fred,UPTON,REPRESENTATIVE,R,MI,6,U000031,115
1003,Bobby,RUSH,REPRESENTATIVE,D,IL,1,R000515,115
1003,Bobby,RUSH,REPRESENTATIVE,D,IL,1,R000515,115
1003,Bobby,RUSH,REPRESENTATIVE,D,IL,1,R000515,115
1003,Bobby,RUSH,REPRESENTATIVE,D,IL,1,R000515,115
1177,Fred,UPTON,REPRESENTATIVE,R,MI,6,U000031,115
1177,Fred,UPTON,REPRESENTATIVE,R,MI,6,U000031,115
1003,Bobby,RUSH,REPRESENTATIVE,D,IL,1,R000515,115
1177,Fred,UPTON,REPRESENTATIVE,R,MI,6,U000031,115
2138,Steve,DAINES,SENATOR,R,MT,N/A,D000618,115
457,Chuck,GRASSLEY,SENATOR,R,IA,N/A,G000386,115
791,Robert,MENENDEZ,SENATOR,D,NJ,N/A,M000639,115
2233,Ken,BUCK,REPRESENTATIVE,R,CO,4,B001297,115
2233,Ken,BUCK,REPRESENTATIVE,R,CO,4,B001297,115
2233,Ken,BUCK,REPRESENTATIVE,R,CO,4,B001297,115
2233,Ken,BUCK,REPRESENTATIVE,R,CO,4,B001297,115
1069,Louise,SLAUGHTER,REPRESENTATIVE,D,NY,25,S000480,115
2233,Ken,BUCK,REPRESENTATIVE,R,CO,4,B001297,115
2253,Tom,EMMER,REPRESENTATIVE,R,MN,6,E000294,115
1069,Louise,SLAUGHTER,REPRESENTATIVE,D,NY,25,S000480,115
1069,Louise,SLAUGHTER,REPRESENTATIVE,D,NY,25,S000480,115
2229,Pete,AGUILAR,REPRESENTATIVE,D,CA,31,A000371,115
2233,Ken,BUCK,REPRESENTATIVE,R,CO,4,B001297,115
2028,Bill,HUIZENGA,REPRESENTATIVE,R,MI,2,H001058,115
1069,Louise,SLAUGHTER,REPRESENTATIVE,D,NY,25,S000480,115
2233,Ken,BUCK,REPRESENTATIVE,R,CO,4,B001297,115
2233,Ken,BUCK,REPRESENTATIVE,R,CO,4,B001297,115
1069,Louise,SLAUGHTER,REPRESENTATIVE,D,NY,25,S000480,115
2276,Glenn,GROTHMAN,REPRESENTATIVE,R,WI,6,G000576,115
2356,Liz,CHENEY,N/A,R,WY,N/A,C001109,115
1912,Mike,COFFMAN,REPRESENTATIVE,R,CO,6,C001077,115
1069,Louise,SLAUGHTER,REPRESENTATIVE,D,NY,25,S000480,115
1036,Charles,SCHUMER,SENATOR,D,NY,N/A,S000148,115
1837,Christopher,MURPHY,SENATOR,D,CT,N/A,M001169,115
2084,Marco,RUBIO,SENATOR,R,FL,N/A,R000595,115
2149,Hakeem,JEFFRIES,REPRESENTATIVE,D,NY,8,J000294,115
2028,Bill,HUIZENGA,REPRESENTATIVE,R,MI,2,H001058,115
2138,Steve,DAINES,SENATOR,R,MT,N/A,D000618,115
791,Robert,MENENDEZ,SENATOR,D,NJ,N/A,M000639,115
1692,John,CORNYN,SENATOR,R,TX,N/A,C001056,115
326,Richard,DURBIN,SENATOR,D,IL,N/A,D000563,115
2107,Tony,CARDENAS,REPRESENTATIVE,D,CA,29,C001097,115
2138,Steve,DAINES,SENATOR,R,MT,N/A,D000618,115
2172,Joseph,KENNEDY,REPRESENTATIVE,D,MA,4,K000379,115
1837,Christopher,MURPHY,SENATOR,D,CT,N/A,M001169,115
1692,John,CORNYN,SENATOR,R,TX,N/A,C001056,115
1692,John,CORNYN,SENATOR,R,TX,N/A,C001056,115
1695,Lamar,ALEXANDER,SENATOR,R,TN,N/A,A000360,115
1692,John,CORNYN,SENATOR,R,TX,N/A,C001056,115
326,Richard,DURBIN,SENATOR,D,IL,N/A,D000563,115
1823,Sheldon,WHITEHOUSE,SENATOR,D,RI,N/A,W000802,115
1823,Sheldon,WHITEHOUSE,SENATOR,D,RI,N/A,W000802,115
2361,Ralph,NORMAN,N/A,R,SC,N/A,N000190,115
2138,Steve,DAINES,SENATOR,R,MT,N/A,D000618,115
1527,John,SHIMKUS,REPRESENTATIVE,R,IL,15,S000364,115
1695,Lamar,ALEXANDER,SENATOR,R,TN,N/A,A000360,115
174,Benjamin,CARDIN,SENATOR,D,MD,N/A,C000141,115
1854,John,SARBANES,REPRESENTATIVE,D,MD,3,S001168,115
1012,Mark,SANFORD,REPRESENTATIVE,R,SC,2,S000051,115
2342,Adriano,ESPAILLAT,N/A,D,NY,N/A,E000297,115
2111,Alan,LOWENTHAL,REPRESENTATIVE,D,CA,47,L000579,115
1818,Albio,SIRES,REPRESENTATIVE,D,NJ,8,S001165,115
2015,Randy,HULTGREN,REPRESENTATIVE,R,IL,14,H001059,115
1695,Lamar,ALEXANDER,SENATOR,R,TN,N/A,A000360,115
1855,Tim,WALBERG,REPRESENTATIVE,R,MI,7,W000798,115
1909,Duncan,HUNTER,REPRESENTATIVE,R,CA,50,H001048,115
2035,Steven,PALAZZO,REPRESENTATIVE,R,MS,4,P000601,115
2342,Adriano,ESPAILLAT,N/A,D,NY,N/A,E000297,115
2342,Adriano,ESPAILLAT,N/A,D,NY,N/A,E000297,115
2342,Adriano,ESPAILLAT,N/A,D,NY,N/A,E000297,115
2362,Jimmy,GOMEZ,N/A,D,CA,N/A,G000585,115
2342,Adriano,ESPAILLAT,N/A,D,NY,N/A,E000297,115
588,Sheila,LEE,REPRESENTATIVE,D,TX,13,J000032,115
2342,Adriano,ESPAILLAT,N/A,D,NY,N/A,E000297,115
2109,Raul,RUIZ,REPRESENTATIVE,D,CA,36,R000599,115
2109,Raul,RUIZ,REPRESENTATIVE,D,CA,36,R000599,115
2223,J.,HILL,REPRESENTATIVE,R,AR,2,H001072,115
2124,Bradley,SCHNEIDER,N/A,D,IL,N/A,S001190,115
1850,Joe,DONNELLY,SENATOR,D,IN,N/A,D000607,115
1850,Joe,DONNELLY,SENATOR,D,IN,N/A,D000607,115
2158,Keith,ROTHFUS,REPRESENTATIVE,R,PA,12,R000598,115
1668,James,LANGEVIN,REPRESENTATIVE,D,RI,2,L000559,115
1654,Wm.,CLAY,REPRESENTATIVE,D,MO,1,C001049,115
2328,Roger,MARSHALL,N/A,R,KS,N/A,M001198,115
2122,Tulsi,GABBARD,REPRESENTATIVE,D,HI,2,G000571,115
1003,Bobby,RUSH,REPRESENTATIVE,D,IL,1,R000515,115
2269,Will,HURD,REPRESENTATIVE,R,TX,23,H001073,115
478,Luis,GUTIERREZ,REPRESENTATIVE,D,IL,4,G000535,115
2340,Ruben,KIHUEN,N/A,D,NV,N/A,K000390,115
2202,Donald,NORCROSS,REPRESENTATIVE,D,NJ,1,N000188,115
2138,Steve,DAINES,SENATOR,R,MT,N/A,D000618,115
2138,Steve,DAINES,SENATOR,R,MT,N/A,D000618,115
1525,Pete,SESSIONS,SENATOR,R,TX,N/A,S000250,115
1900,Jeff,MERKLEY,SENATOR,D,OR,N/A,M001176,115
1930,Erik,PAULSEN,REPRESENTATIVE,R,MN,3,P000594,115
2223,J.,HILL,REPRESENTATIVE,R,AR,2,H001072,115
2055,David,CICILLINE,REPRESENTATIVE,D,RI,1,C001084,115
1805,K.,CONAWAY,REPRESENTATIVE,R,TX,11,C001062,115
2344,Claudia,TENNEY,N/A,R,NY,N/A,T000478,115
616,Marcy,KAPTUR,REPRESENTATIVE,D,OH,8,K000009,115
1501,Barbara,LEE,REPRESENTATIVE,D,CA,13,L000551,115
457,Chuck,GRASSLEY,SENATOR,R,IA,N/A,G000386,115
326,Richard,DURBIN,SENATOR,D,IL,N/A,D000563,115
1534,John,THUNE,SENATOR,R,SD,N/A,T000250,115
924,Rob,PORTMAN,SENATOR,R,OH,N/A,P000449,115
1826,Amy,KLOBUCHAR,SENATOR,D,MN,N/A,K000367,115
1826,Amy,KLOBUCHAR,SENATOR,D,MN,N/A,K000367,115
1826,Amy,KLOBUCHAR,SENATOR,D,MN,N/A,K000367,115
1837,Christopher,MURPHY,SENATOR,D,CT,N/A,M001169,115
1837,Christopher,MURPHY,SENATOR,D,CT,N/A,M001169,115
1900,Jeff,MERKLEY,SENATOR,D,OR,N/A,M001176,115
2076,Richard,BLUMENTHAL,SENATOR,D,CT,N/A,B001277,115
1531,Debbie,STABENOW,SENATOR,D,MI,N/A,S000770,115
1531,Debbie,STABENOW,SENATOR,D,MI,N/A,S000770,115
1531,Debbie,STABENOW,SENATOR,D,MI,N/A,S000770,115
1531,Debbie,STABENOW,SENATOR,D,MI,N/A,S000770,115
1692,John,CORNYN,SENATOR,R,TX,N/A,C001056,115
326,Richard,DURBIN,SENATOR,D,IL,N/A,D000563,115
2354,Pramila,JAYAPAL,N/A,D,WA,N/A,J000298,115
2269,Will,HURD,REPRESENTATIVE,R,TX,23,H001073,115
1892,Steve,SCALISE,REPRESENTATIVE,R,LA,1,S001176,115
1588,Janice,SCHAKOWSKY,REPRESENTATIVE,D,IL,9,S001145,115
1793,Jeff,FORTENBERRY,REPRESENTATIVE,R,NE,1,F000449,115
1793,Jeff,FORTENBERRY,REPRESENTATIVE,R,NE,1,F000449,115
2357,Luther,STRANGE,N/A,R,AL,N/A,S001202,115
2343,John,FASO,N/A,R,NY,N/A,F000464,115
2336,Ted,BUDD,REPRESENTATIVE,R,NC,1,B001305,115
2138,Steve,DAINES,SENATOR,R,MT,N/A,D000618,115
2138,Steve,DAINES,SENATOR,R,MT,N/A,D000618,115
2312,J.,CORREA,N/A,D,CA,N/A,C001110,115
1695,Lamar,ALEXANDER,SENATOR,R,TN,N/A,A000360,115
1692,John,CORNYN,SENATOR,R,TX,N/A,C001056,115
326,Richard,DURBIN,SENATOR,D,IL,N/A,D000563,115
2359,Greg,GIANFORTE,N/A,R,MT,N/A,G000584,115
2337,Don,BACON,N/A,R,NE,N/A,B001298,115
2138,Steve,DAINES,SENATOR,R,MT,N/A,D000618,115
2138,Steve,DAINES,SENATOR,R,MT,N/A,D000618,115
2097,Donald,PAYNE,REPRESENTATIVE,D,NJ,10,P000604,115
868,Eleanor,NORTON,DELEGATE,D,DC,N/A,N000147,115
2134,Daniel,KILDEE,REPRESENTATIVE,D,MI,5,K000380,115
