speaker_id,first_name,last_name,type,party,state,district,bio_guide_id,congress_id
2021,Kevin,YODER,REPRESENTATIVE,R,KS,3,Y000063,115
1838,Gus,BILIRAKIS,REPRESENTATIVE,R,FL,12,B001257,115
2169,Derek,KILMER,REPRESENTATIVE,D,WA,6,K000381,115
2124,Bradley,SCHNEIDER,N/A,D,IL,N/A,S001190,115
1976,Theodore,DEUTCH,REPRESENTATIVE,D,FL,21,D000610,115
2253,Tom,EMMER,REPRESENTATIVE,R,MN,6,E000294,115
1036,Charles,SCHUMER,SENATOR,D,NY,N/A,S000148,115
887,Frank,PALLONE,REPRESENTATIVE,D,NJ,6,P000034,115
1036,Charles,SCHUMER,SENATOR,D,NY,N/A,S000148,115
1036,Charles,SCHUMER,SENATOR,D,NY,N/A,S000148,115
326,Richard,DURBIN,SENATOR,D,IL,N/A,D000563,115
1801,Louie,GOHMERT,REPRESENTATIVE,R,TX,1,G000552,115
2272,Donald,BEYER,REPRESENTATIVE,D,VA,8,B001292,115
1884,Niki,TSONGAS,REPRESENTATIVE,D,MA,3,T000465,115
1884,Niki,TSONGAS,REPRESENTATIVE,D,MA,3,T000465,115
1955,Pete,OLSON,REPRESENTATIVE,R,TX,22,O000168,115
1956,Jason,CHAFFETZ,REPRESENTATIVE,R,UT,3,C001076,115
1956,Jason,CHAFFETZ,REPRESENTATIVE,R,UT,3,C001076,115
1956,Jason,CHAFFETZ,REPRESENTATIVE,R,UT,3,C001076,115
1855,Tim,WALBERG,REPRESENTATIVE,R,MI,7,W000798,115
1654,Wm.,CLAY,REPRESENTATIVE,D,MO,1,C001049,115
1956,Jason,CHAFFETZ,REPRESENTATIVE,R,UT,3,C001076,115
1654,Wm.,CLAY,REPRESENTATIVE,D,MO,1,C001049,115
1956,Jason,CHAFFETZ,REPRESENTATIVE,R,UT,3,C001076,115
2137,Ann,WAGNER,REPRESENTATIVE,R,MO,2,W000812,115
1955,Pete,OLSON,REPRESENTATIVE,R,TX,22,O000168,115
2325,Raja,KRISHNAMOORTHI,N/A,D,IL,N/A,K000391,115
2165,Roger,WILLIAMS,REPRESENTATIVE,R,TX,25,W000816,115
2253,Tom,EMMER,REPRESENTATIVE,R,MN,6,E000294,115
2128,Jackie,WALORSKI,REPRESENTATIVE,R,IN,2,W000813,115
446,Bob,GOODLATTE,REPRESENTATIVE,R,VA,6,G000289,115
446,Bob,GOODLATTE,REPRESENTATIVE,R,VA,6,G000289,115
446,Bob,GOODLATTE,REPRESENTATIVE,R,VA,6,G000289,115
229,John,CONYERS,REPRESENTATIVE,D,MI,13,C000714,115
1640,Darrell,ISSA,REPRESENTATIVE,R,CA,49,I000056,115
2053,Tom,MARINO,REPRESENTATIVE,R,PA,10,M001179,115
229,John,CONYERS,REPRESENTATIVE,D,MI,13,C000714,115
850,Jerrold,NADLER,REPRESENTATIVE,D,NY,10,N000002,115
229,John,CONYERS,REPRESENTATIVE,D,MI,13,C000714,115
850,Jerrold,NADLER,REPRESENTATIVE,D,NY,10,N000002,115
1640,Darrell,ISSA,REPRESENTATIVE,R,CA,49,I000056,115
229,John,CONYERS,REPRESENTATIVE,D,MI,13,C000714,115
1640,Darrell,ISSA,REPRESENTATIVE,R,CA,49,I000056,115
229,John,CONYERS,REPRESENTATIVE,D,MI,13,C000714,115
1878,Steve,COHEN,REPRESENTATIVE,D,TN,9,C001068,115
229,John,CONYERS,REPRESENTATIVE,D,MI,13,C000714,115
1878,Steve,COHEN,REPRESENTATIVE,D,TN,9,C001068,115
229,John,CONYERS,REPRESENTATIVE,D,MI,13,C000714,115
229,John,CONYERS,REPRESENTATIVE,D,MI,13,C000714,115
229,John,CONYERS,REPRESENTATIVE,D,MI,13,C000714,115
1640,Darrell,ISSA,REPRESENTATIVE,R,CA,49,I000056,115
229,John,CONYERS,REPRESENTATIVE,D,MI,13,C000714,115
1640,Darrell,ISSA,REPRESENTATIVE,R,CA,49,I000056,115
229,John,CONYERS,REPRESENTATIVE,D,MI,13,C000714,115
229,John,CONYERS,REPRESENTATIVE,D,MI,13,C000714,115
1184,Nydia,VELAZQUEZ,REPRESENTATIVE,D,NY,7,V000081,115
229,John,CONYERS,REPRESENTATIVE,D,MI,13,C000714,115
1640,Darrell,ISSA,REPRESENTATIVE,R,CA,49,I000056,115
1640,Darrell,ISSA,REPRESENTATIVE,R,CA,49,I000056,115
1640,Darrell,ISSA,REPRESENTATIVE,R,CA,49,I000056,115
1640,Darrell,ISSA,REPRESENTATIVE,R,CA,49,I000056,115
1640,Darrell,ISSA,REPRESENTATIVE,R,CA,49,I000056,115
1640,Darrell,ISSA,REPRESENTATIVE,R,CA,49,I000056,115
2223,J.,HILL,REPRESENTATIVE,R,AR,2,H001072,115
1956,Jason,CHAFFETZ,REPRESENTATIVE,R,UT,3,C001076,115
1956,Jason,CHAFFETZ,REPRESENTATIVE,R,UT,3,C001076,115
1956,Jason,CHAFFETZ,REPRESENTATIVE,R,UT,3,C001076,115
1654,Wm.,CLAY,REPRESENTATIVE,D,MO,1,C001049,115
1956,Jason,CHAFFETZ,REPRESENTATIVE,R,UT,3,C001076,115
2127,Cheri,BUSTOS,REPRESENTATIVE,D,IL,17,B001286,115
1542,Michael,ENZI,SENATOR,R,WY,N/A,E000285,115
1010,Bernard,SANDERS,SENATOR,I,VT,N/A,S000033,115
1010,Bernard,SANDERS,SENATOR,I,VT,N/A,S000033,115
1956,Jason,CHAFFETZ,REPRESENTATIVE,R,UT,3,C001076,115
1956,Jason,CHAFFETZ,REPRESENTATIVE,R,UT,3,C001076,115
1956,Jason,CHAFFETZ,REPRESENTATIVE,R,UT,3,C001076,115
2241,Rod,BLUM,SENATOR,R,IA,N/A,B001294,115
1654,Wm.,CLAY,REPRESENTATIVE,D,MO,1,C001049,115
1956,Jason,CHAFFETZ,REPRESENTATIVE,R,UT,3,C001076,115
1959,Gerald,CONNOLLY,REPRESENTATIVE,D,VA,11,C001078,115
1654,Wm.,CLAY,REPRESENTATIVE,D,MO,1,C001049,115
1956,Jason,CHAFFETZ,REPRESENTATIVE,R,UT,3,C001076,115
1956,Jason,CHAFFETZ,REPRESENTATIVE,R,UT,3,C001076,115
1956,Jason,CHAFFETZ,REPRESENTATIVE,R,UT,3,C001076,115
1956,Jason,CHAFFETZ,REPRESENTATIVE,R,UT,3,C001076,115
1654,Wm.,CLAY,REPRESENTATIVE,D,MO,1,C001049,115
1956,Jason,CHAFFETZ,REPRESENTATIVE,R,UT,3,C001076,115
1654,Wm.,CLAY,REPRESENTATIVE,D,MO,1,C001049,115
2055,David,CICILLINE,REPRESENTATIVE,D,RI,1,C001084,115
1525,Pete,SESSIONS,SENATOR,R,TX,N/A,S000250,115
229,John,CONYERS,REPRESENTATIVE,D,MI,13,C000714,115
1956,Jason,CHAFFETZ,REPRESENTATIVE,R,UT,3,C001076,115
1956,Jason,CHAFFETZ,REPRESENTATIVE,R,UT,3,C001076,115
1956,Jason,CHAFFETZ,REPRESENTATIVE,R,UT,3,C001076,115
1956,Jason,CHAFFETZ,REPRESENTATIVE,R,UT,3,C001076,115
1654,Wm.,CLAY,REPRESENTATIVE,D,MO,1,C001049,115
1956,Jason,CHAFFETZ,REPRESENTATIVE,R,UT,3,C001076,115
1654,Wm.,CLAY,REPRESENTATIVE,D,MO,1,C001049,115
1959,Gerald,CONNOLLY,REPRESENTATIVE,D,VA,11,C001078,115
1654,Wm.,CLAY,REPRESENTATIVE,D,MO,1,C001049,115
1959,Gerald,CONNOLLY,REPRESENTATIVE,D,VA,11,C001078,115
1956,Jason,CHAFFETZ,REPRESENTATIVE,R,UT,3,C001076,115
1654,Wm.,CLAY,REPRESENTATIVE,D,MO,1,C001049,115
1956,Jason,CHAFFETZ,REPRESENTATIVE,R,UT,3,C001076,115
1542,Michael,ENZI,SENATOR,R,WY,N/A,E000285,115
1542,Michael,ENZI,SENATOR,R,WY,N/A,E000285,115
1542,Michael,ENZI,SENATOR,R,WY,N/A,E000285,115
1542,Michael,ENZI,SENATOR,R,WY,N/A,E000285,115
1542,Michael,ENZI,SENATOR,R,WY,N/A,E000285,115
1542,Michael,ENZI,SENATOR,R,WY,N/A,E000285,115
1542,Michael,ENZI,SENATOR,R,WY,N/A,E000285,115
1010,Bernard,SANDERS,SENATOR,I,VT,N/A,S000033,115
1692,John,CORNYN,SENATOR,R,TX,N/A,C001056,115
1531,Debbie,STABENOW,SENATOR,D,MI,N/A,S000770,115
1010,Bernard,SANDERS,SENATOR,I,VT,N/A,S000033,115
1010,Bernard,SANDERS,SENATOR,I,VT,N/A,S000033,115
2082,Rand,PAUL,REPRESENTATIVE,R,KY,4,P000603,115
1542,Michael,ENZI,SENATOR,R,WY,N/A,E000285,115
326,Richard,DURBIN,SENATOR,D,IL,N/A,D000563,115
326,Richard,DURBIN,SENATOR,D,IL,N/A,D000563,115
1633,Jeff,FLAKE,SENATOR,R,AZ,N/A,F000444,115
1542,Michael,ENZI,SENATOR,R,WY,N/A,E000285,115
1823,Sheldon,WHITEHOUSE,SENATOR,D,RI,N/A,W000802,115
1823,Sheldon,WHITEHOUSE,SENATOR,D,RI,N/A,W000802,115
1823,Sheldon,WHITEHOUSE,SENATOR,D,RI,N/A,W000802,115
1823,Sheldon,WHITEHOUSE,SENATOR,D,RI,N/A,W000802,115
1823,Sheldon,WHITEHOUSE,SENATOR,D,RI,N/A,W000802,115
1823,Sheldon,WHITEHOUSE,SENATOR,D,RI,N/A,W000802,115
136,Sherrod,BROWN,REPRESENTATIVE,D,OH,26,B000944,115
136,Sherrod,BROWN,REPRESENTATIVE,D,OH,26,B000944,115
136,Sherrod,BROWN,REPRESENTATIVE,D,OH,26,B000944,115
136,Sherrod,BROWN,REPRESENTATIVE,D,OH,26,B000944,115
136,Sherrod,BROWN,REPRESENTATIVE,D,OH,26,B000944,115
2270,Brian,BABIN,REPRESENTATIVE,R,TX,36,B001291,115
2244,Ralph,ABRAHAM,REPRESENTATIVE,R,LA,5,A000374,115
2244,Ralph,ABRAHAM,REPRESENTATIVE,R,LA,5,A000374,115
2098,Tom,COTTON,SENATOR,R,AR,N/A,C001095,115
2138,Steve,DAINES,SENATOR,R,MT,N/A,D000618,115
1801,Louie,GOHMERT,REPRESENTATIVE,R,TX,1,G000552,115
1801,Louie,GOHMERT,REPRESENTATIVE,R,TX,1,G000552,115
1801,Louie,GOHMERT,REPRESENTATIVE,R,TX,1,G000552,115
1881,John,BARRASSO,SENATOR,R,WY,N/A,B001261,115
446,Bob,GOODLATTE,REPRESENTATIVE,R,VA,6,G000289,115
2015,Randy,HULTGREN,REPRESENTATIVE,R,IL,14,H001059,115
446,Bob,GOODLATTE,REPRESENTATIVE,R,VA,6,G000289,115
446,Bob,GOODLATTE,REPRESENTATIVE,R,VA,6,G000289,115
2247,Bruce,POLIQUIN,REPRESENTATIVE,R,ME,2,P000611,115
446,Bob,GOODLATTE,REPRESENTATIVE,R,VA,6,G000289,115
1856,Timothy,WALZ,REPRESENTATIVE,D,MN,1,W000799,115
446,Bob,GOODLATTE,REPRESENTATIVE,R,VA,6,G000289,115
1936,Leonard,LANCE,REPRESENTATIVE,R,NJ,7,L000567,115
446,Bob,GOODLATTE,REPRESENTATIVE,R,VA,6,G000289,115
446,Bob,GOODLATTE,REPRESENTATIVE,R,VA,6,G000289,115
2243,Mike,BOST,REPRESENTATIVE,R,IL,12,B001295,115
446,Bob,GOODLATTE,REPRESENTATIVE,R,VA,6,G000289,115
2107,Tony,CARDENAS,REPRESENTATIVE,D,CA,29,C001097,115
446,Bob,GOODLATTE,REPRESENTATIVE,R,VA,6,G000289,115
1801,Louie,GOHMERT,REPRESENTATIVE,R,TX,1,G000552,115
446,Bob,GOODLATTE,REPRESENTATIVE,R,VA,6,G000289,115
2311,Nanette,BARRAGAN,N/A,D,CA,N/A,B001300,115
446,Bob,GOODLATTE,REPRESENTATIVE,R,VA,6,G000289,115
2238,Barry,LOUDERMILK,REPRESENTATIVE,R,GA,11,L000583,115
446,Bob,GOODLATTE,REPRESENTATIVE,R,VA,6,G000289,115
1781,Daniel,LIPINSKI,REPRESENTATIVE,D,IL,3,L000563,115
446,Bob,GOODLATTE,REPRESENTATIVE,R,VA,6,G000289,115
2070,H.,GRIFFITH,REPRESENTATIVE,R,VA,9,G000568,115
446,Bob,GOODLATTE,REPRESENTATIVE,R,VA,6,G000289,115
1855,Tim,WALBERG,REPRESENTATIVE,R,MI,7,W000798,115
446,Bob,GOODLATTE,REPRESENTATIVE,R,VA,6,G000289,115
2224,Bruce,WESTERMAN,REPRESENTATIVE,R,AR,4,W000821,115
446,Bob,GOODLATTE,REPRESENTATIVE,R,VA,6,G000289,115
2049,Bob,GIBBS,REPRESENTATIVE,R,OH,7,G000563,115
446,Bob,GOODLATTE,REPRESENTATIVE,R,VA,6,G000289,115
1738,Stevan,PEARCE,REPRESENTATIVE,R,NM,2,P000588,115
446,Bob,GOODLATTE,REPRESENTATIVE,R,VA,6,G000289,115
1922,Brett,GUTHRIE,REPRESENTATIVE,R,KY,2,G000558,115
446,Bob,GOODLATTE,REPRESENTATIVE,R,VA,6,G000289,115
905,Nancy,PELOSI,REPRESENTATIVE,D,CA,12,P000197,115
446,Bob,GOODLATTE,REPRESENTATIVE,R,VA,6,G000289,115
2316,John,RUTHERFORD,N/A,R,FL,N/A,R000609,115
446,Bob,GOODLATTE,REPRESENTATIVE,R,VA,6,G000289,115
2122,Tulsi,GABBARD,REPRESENTATIVE,D,HI,2,G000571,115
446,Bob,GOODLATTE,REPRESENTATIVE,R,VA,6,G000289,115
2315,Neal,DUNN,N/A,R,FL,N/A,D000628,115
446,Bob,GOODLATTE,REPRESENTATIVE,R,VA,6,G000289,115
1604,Joseph,CROWLEY,REPRESENTATIVE,D,NY,14,C001038,115
446,Bob,GOODLATTE,REPRESENTATIVE,R,VA,6,G000289,115
446,Bob,GOODLATTE,REPRESENTATIVE,R,VA,6,G000289,115
2312,J.,CORREA,N/A,D,CA,N/A,C001110,115
446,Bob,GOODLATTE,REPRESENTATIVE,R,VA,6,G000289,115
2296,Warren,DAVIDSON,N/A,R,OH,N/A,D000626,115
446,Bob,GOODLATTE,REPRESENTATIVE,R,VA,6,G000289,115
2310,Salud,CARBAJAL,N/A,D,CA,N/A,C001112,115
446,Bob,GOODLATTE,REPRESENTATIVE,R,VA,6,G000289,115
2158,Keith,ROTHFUS,REPRESENTATIVE,R,PA,12,R000598,115
446,Bob,GOODLATTE,REPRESENTATIVE,R,VA,6,G000289,115
2102,Ami,BERA,REPRESENTATIVE,D,CA,7,B001287,115
446,Bob,GOODLATTE,REPRESENTATIVE,R,VA,6,G000289,115
2115,Ted,YOHO,REPRESENTATIVE,R,FL,3,Y000065,115
446,Bob,GOODLATTE,REPRESENTATIVE,R,VA,6,G000289,115
2332,Jamie,RASKIN,N/A,D,MD,N/A,R000606,115
446,Bob,GOODLATTE,REPRESENTATIVE,R,VA,6,G000289,115
2165,Roger,WILLIAMS,REPRESENTATIVE,R,TX,25,W000816,115
446,Bob,GOODLATTE,REPRESENTATIVE,R,VA,6,G000289,115
2354,Pramila,JAYAPAL,N/A,D,WA,N/A,J000298,115
446,Bob,GOODLATTE,REPRESENTATIVE,R,VA,6,G000289,115
2067,Blake,FARENTHOLD,REPRESENTATIVE,R,TX,27,F000460,115
446,Bob,GOODLATTE,REPRESENTATIVE,R,VA,6,G000289,115
1835,Ed,PERLMUTTER,REPRESENTATIVE,D,CO,7,P000593,115
446,Bob,GOODLATTE,REPRESENTATIVE,R,VA,6,G000289,115
2065,Bill,FLORES,REPRESENTATIVE,R,TX,17,F000461,115
446,Bob,GOODLATTE,REPRESENTATIVE,R,VA,6,G000289,115
2112,Juan,VARGAS,REPRESENTATIVE,D,CA,51,V000130,115
446,Bob,GOODLATTE,REPRESENTATIVE,R,VA,6,G000289,115
446,Bob,GOODLATTE,REPRESENTATIVE,R,VA,6,G000289,115
446,Bob,GOODLATTE,REPRESENTATIVE,R,VA,6,G000289,115
2223,J.,HILL,REPRESENTATIVE,R,AR,2,H001072,115
446,Bob,GOODLATTE,REPRESENTATIVE,R,VA,6,G000289,115
446,Bob,GOODLATTE,REPRESENTATIVE,R,VA,6,G000289,115
2021,Kevin,YODER,REPRESENTATIVE,R,KS,3,Y000063,115
446,Bob,GOODLATTE,REPRESENTATIVE,R,VA,6,G000289,115
446,Bob,GOODLATTE,REPRESENTATIVE,R,VA,6,G000289,115
2239,Rick,ALLEN,REPRESENTATIVE,R,GA,12,A000372,115
446,Bob,GOODLATTE,REPRESENTATIVE,R,VA,6,G000289,115
2320,Val,DEMINGS,N/A,D,FL,N/A,D000627,115
446,Bob,GOODLATTE,REPRESENTATIVE,R,VA,6,G000289,115
2270,Brian,BABIN,REPRESENTATIVE,R,TX,36,B001291,115
446,Bob,GOODLATTE,REPRESENTATIVE,R,VA,6,G000289,115
446,Bob,GOODLATTE,REPRESENTATIVE,R,VA,6,G000289,115
2275,Dan,NEWHOUSE,REPRESENTATIVE,R,WA,4,N000189,115
446,Bob,GOODLATTE,REPRESENTATIVE,R,VA,6,G000289,115
2272,Donald,BEYER,REPRESENTATIVE,D,VA,8,B001292,115
446,Bob,GOODLATTE,REPRESENTATIVE,R,VA,6,G000289,115
1930,Erik,PAULSEN,REPRESENTATIVE,R,MN,3,P000594,115
446,Bob,GOODLATTE,REPRESENTATIVE,R,VA,6,G000289,115
99,Earl,BLUMENAUER,REPRESENTATIVE,D,OR,3,B000574,115
446,Bob,GOODLATTE,REPRESENTATIVE,R,VA,6,G000289,115
446,Bob,GOODLATTE,REPRESENTATIVE,R,VA,6,G000289,115
2092,Suzanne,BONAMICI,REPRESENTATIVE,D,OR,1,B001278,115
446,Bob,GOODLATTE,REPRESENTATIVE,R,VA,6,G000289,115
2337,Don,BACON,N/A,R,NE,N/A,B001298,115
446,Bob,GOODLATTE,REPRESENTATIVE,R,VA,6,G000289,115
446,Bob,GOODLATTE,REPRESENTATIVE,R,VA,6,G000289,115
1955,Pete,OLSON,REPRESENTATIVE,R,TX,22,O000168,115
446,Bob,GOODLATTE,REPRESENTATIVE,R,VA,6,G000289,115
446,Bob,GOODLATTE,REPRESENTATIVE,R,VA,6,G000289,115
446,Bob,GOODLATTE,REPRESENTATIVE,R,VA,6,G000289,115
2114,Elizabeth,ESTY,REPRESENTATIVE,D,CT,5,E000293,115
446,Bob,GOODLATTE,REPRESENTATIVE,R,VA,6,G000289,115
2028,Bill,HUIZENGA,REPRESENTATIVE,R,MI,2,H001058,115
446,Bob,GOODLATTE,REPRESENTATIVE,R,VA,6,G000289,115
446,Bob,GOODLATTE,REPRESENTATIVE,R,VA,6,G000289,115
2355,Mike,GALLAGHER,N/A,R,WI,N/A,G000579,115
446,Bob,GOODLATTE,REPRESENTATIVE,R,VA,6,G000289,115
1814,Doris,MATSUI,REPRESENTATIVE,D,CA,6,M001163,115
446,Bob,GOODLATTE,REPRESENTATIVE,R,VA,6,G000289,115
2261,Lee,ZELDIN,REPRESENTATIVE,R,NY,1,Z000017,115
446,Bob,GOODLATTE,REPRESENTATIVE,R,VA,6,G000289,115
446,Bob,GOODLATTE,REPRESENTATIVE,R,VA,6,G000289,115
2343,John,FASO,N/A,R,NY,N/A,F000464,115
446,Bob,GOODLATTE,REPRESENTATIVE,R,VA,6,G000289,115
1973,John,GARAMENDI,REPRESENTATIVE,D,CA,3,G000559,115
446,Bob,GOODLATTE,REPRESENTATIVE,R,VA,6,G000289,115
2327,Trey,HOLLINGSWORTH,N/A,R,IN,N/A,H001074,115
446,Bob,GOODLATTE,REPRESENTATIVE,R,VA,6,G000289,115
446,Bob,GOODLATTE,REPRESENTATIVE,R,VA,6,G000289,115
2248,John,MOOLENAAR,REPRESENTATIVE,R,MI,4,M001194,115
446,Bob,GOODLATTE,REPRESENTATIVE,R,VA,6,G000289,115
2025,William,KEATING,REPRESENTATIVE,D,MA,9,K000375,115
446,Bob,GOODLATTE,REPRESENTATIVE,R,VA,6,G000289,115
446,Bob,GOODLATTE,REPRESENTATIVE,R,VA,6,G000289,115
1884,Niki,TSONGAS,REPRESENTATIVE,D,MA,3,T000465,115
446,Bob,GOODLATTE,REPRESENTATIVE,R,VA,6,G000289,115
446,Bob,GOODLATTE,REPRESENTATIVE,R,VA,6,G000289,115
446,Bob,GOODLATTE,REPRESENTATIVE,R,VA,6,G000289,115
2137,Ann,WAGNER,REPRESENTATIVE,R,MO,2,W000812,115
446,Bob,GOODLATTE,REPRESENTATIVE,R,VA,6,G000289,115
446,Bob,GOODLATTE,REPRESENTATIVE,R,VA,6,G000289,115
2124,Bradley,SCHNEIDER,N/A,D,IL,N/A,S001190,115
446,Bob,GOODLATTE,REPRESENTATIVE,R,VA,6,G000289,115
2159,Matt,CARTWRIGHT,REPRESENTATIVE,D,PA,17,C001090,115
446,Bob,GOODLATTE,REPRESENTATIVE,R,VA,6,G000289,115
2307,Andy,BIGGS,N/A,R,AZ,N/A,B001302,115
446,Bob,GOODLATTE,REPRESENTATIVE,R,VA,6,G000289,115
1846,David,LOEBSACK,REPRESENTATIVE,D,IA,2,L000565,115
446,Bob,GOODLATTE,REPRESENTATIVE,R,VA,6,G000289,115
446,Bob,GOODLATTE,REPRESENTATIVE,R,VA,6,G000289,115
867,Richard,NOLAN,REPRESENTATIVE,D,MN,8,N000127,115
446,Bob,GOODLATTE,REPRESENTATIVE,R,VA,6,G000289,115
446,Bob,GOODLATTE,REPRESENTATIVE,R,VA,6,G000289,115
566,Steny,HOYER,REPRESENTATIVE,D,MD,5,H000874,115
446,Bob,GOODLATTE,REPRESENTATIVE,R,VA,6,G000289,115
446,Bob,GOODLATTE,REPRESENTATIVE,R,VA,6,G000289,115
2350,Jodey,ARRINGTON,N/A,R,TX,N/A,A000375,115
446,Bob,GOODLATTE,REPRESENTATIVE,R,VA,6,G000289,115
2339,Jacky,ROSEN,N/A,D,NV,N/A,R000608,115
446,Bob,GOODLATTE,REPRESENTATIVE,R,VA,6,G000289,115
2157,Scott,PERRY,REPRESENTATIVE,R,PA,4,P000605,115
446,Bob,GOODLATTE,REPRESENTATIVE,R,VA,6,G000289,115
446,Bob,GOODLATTE,REPRESENTATIVE,R,VA,6,G000289,115
446,Bob,GOODLATTE,REPRESENTATIVE,R,VA,6,G000289,115
446,Bob,GOODLATTE,REPRESENTATIVE,R,VA,6,G000289,115
1588,Janice,SCHAKOWSKY,REPRESENTATIVE,D,IL,9,S001145,115
446,Bob,GOODLATTE,REPRESENTATIVE,R,VA,6,G000289,115
2154,David,JOYCE,REPRESENTATIVE,R,OH,3,J000295,115
446,Bob,GOODLATTE,REPRESENTATIVE,R,VA,6,G000289,115
2319,Darren,SOTO,N/A,D,FL,N/A,S001200,115
446,Bob,GOODLATTE,REPRESENTATIVE,R,VA,6,G000289,115
446,Bob,GOODLATTE,REPRESENTATIVE,R,VA,6,G000289,115
2099,Kyrsten,SINEMA,REPRESENTATIVE,D,AZ,9,S001191,115
446,Bob,GOODLATTE,REPRESENTATIVE,R,VA,6,G000289,115
1995,Jeff,DENHAM,REPRESENTATIVE,R,CA,10,D000612,115
446,Bob,GOODLATTE,REPRESENTATIVE,R,VA,6,G000289,115
1042,Jose,SERRANO,REPRESENTATIVE,D,NY,15,S000248,115
446,Bob,GOODLATTE,REPRESENTATIVE,R,VA,6,G000289,115
446,Bob,GOODLATTE,REPRESENTATIVE,R,VA,6,G000289,115
2111,Alan,LOWENTHAL,REPRESENTATIVE,D,CA,47,L000579,115
446,Bob,GOODLATTE,REPRESENTATIVE,R,VA,6,G000289,115
2256,David,ROUZER,REPRESENTATIVE,R,NC,7,R000603,115
446,Bob,GOODLATTE,REPRESENTATIVE,R,VA,6,G000289,115
1991,Steve,WOMACK,REPRESENTATIVE,R,AR,3,W000809,115
446,Bob,GOODLATTE,REPRESENTATIVE,R,VA,6,G000289,115
446,Bob,GOODLATTE,REPRESENTATIVE,R,VA,6,G000289,115
1855,Tim,WALBERG,REPRESENTATIVE,R,MI,7,W000798,115
446,Bob,GOODLATTE,REPRESENTATIVE,R,VA,6,G000289,115
446,Bob,GOODLATTE,REPRESENTATIVE,R,VA,6,G000289,115
2344,Claudia,TENNEY,N/A,R,NY,N/A,T000478,115
446,Bob,GOODLATTE,REPRESENTATIVE,R,VA,6,G000289,115
446,Bob,GOODLATTE,REPRESENTATIVE,R,VA,6,G000289,115
2008,Rob,WOODALL,REPRESENTATIVE,R,GA,7,W000810,115
446,Bob,GOODLATTE,REPRESENTATIVE,R,VA,6,G000289,115
1567,Tom,UDALL,SENATOR,D,NM,N/A,U000039,115
174,Benjamin,CARDIN,SENATOR,D,MD,N/A,C000141,115
2137,Ann,WAGNER,REPRESENTATIVE,R,MO,2,W000812,115
1633,Jeff,FLAKE,SENATOR,R,AZ,N/A,F000444,115
1332,Dianne,FEINSTEIN,SENATOR,D,CA,N/A,F000062,115
1332,Dianne,FEINSTEIN,SENATOR,D,CA,N/A,F000062,115
1967,Mike,QUIGLEY,REPRESENTATIVE,D,IL,5,Q000023,115
