speaker_id,first_name,last_name,type,party,state,district,bio_guide_id,congress_id
457,Chuck,GRASSLEY,SENATOR,R,IA,N/A,G000386,115
2144,Kevin,CRAMER,REPRESENTATIVE,R,ND,0,C001096,115
1791,Virginia,FOXX,REPRESENTATIVE,R,NC,5,F000450,115
326,Richard,DURBIN,SENATOR,D,IL,N/A,D000563,115
1351,Orrin,HATCH,SENATOR,R,UT,N/A,H000338,115
735,Edward,MARKEY,SENATOR,D,MA,N/A,M000133,115
735,Edward,MARKEY,SENATOR,D,MA,N/A,M000133,115
2080,Mike,LEE,REPRESENTATIVE,R,UT,13,L000577,115
1010,Bernard,SANDERS,SENATOR,I,VT,N/A,S000033,115
1534,John,THUNE,SENATOR,R,SD,N/A,T000250,115
1534,John,THUNE,SENATOR,R,SD,N/A,T000250,115
174,Benjamin,CARDIN,SENATOR,D,MD,N/A,C000141,115
174,Benjamin,CARDIN,SENATOR,D,MD,N/A,C000141,115
1247,Ron,WYDEN,SENATOR,D,OR,N/A,W000779,115
1247,Ron,WYDEN,SENATOR,D,OR,N/A,W000779,115
2290,Dan,SULLIVAN,SENATOR,R,AK,N/A,S001198,115
2290,Dan,SULLIVAN,SENATOR,R,AK,N/A,S001198,115
1829,Jon,TESTER,SENATOR,D,MT,N/A,T000464,115
1998,Cory,GARDNER,N/A,R,CO,N/A,G000562,115
1881,John,BARRASSO,SENATOR,R,WY,N/A,B001261,115
2176,Tim,KAINE,SENATOR,D,VA,N/A,K000384,115
1850,Joe,DONNELLY,SENATOR,D,IN,N/A,D000607,115
2291,Thom,TILLIS,SENATOR,R,NC,N/A,T000476,115
2291,Thom,TILLIS,SENATOR,R,NC,N/A,T000476,115
2050,James,LANKFORD,SENATOR,R,OK,N/A,L000575,115
2291,Thom,TILLIS,SENATOR,R,NC,N/A,T000476,115
1692,John,CORNYN,SENATOR,R,TX,N/A,C001056,115
1687,John,BOOZMAN,SENATOR,R,AR,N/A,B001236,115
2138,Steve,DAINES,SENATOR,R,MT,N/A,D000618,115
1828,Robert,CASEY,SENATOR,D,PA,N/A,C001070,115
1828,Robert,CASEY,SENATOR,D,PA,N/A,C001070,115
791,Robert,MENENDEZ,SENATOR,D,NJ,N/A,M000639,115
791,Robert,MENENDEZ,SENATOR,D,NJ,N/A,M000639,115
2171,Mark,POCAN,REPRESENTATIVE,D,WI,2,P000607,115
1828,Robert,CASEY,SENATOR,D,PA,N/A,C001070,115
1036,Charles,SCHUMER,SENATOR,D,NY,N/A,S000148,115
1695,Lamar,ALEXANDER,SENATOR,R,TN,N/A,A000360,115
326,Richard,DURBIN,SENATOR,D,IL,N/A,D000563,115
1383,Patrick,LEAHY,SENATOR,D,VT,N/A,L000174,115
583,James,INHOFE,SENATOR,R,OK,N/A,I000024,115
583,James,INHOFE,SENATOR,R,OK,N/A,I000024,115
1823,Sheldon,WHITEHOUSE,SENATOR,D,RI,N/A,W000802,115
583,James,INHOFE,SENATOR,R,OK,N/A,I000024,115
1823,Sheldon,WHITEHOUSE,SENATOR,D,RI,N/A,W000802,115
1633,Jeff,FLAKE,SENATOR,R,AZ,N/A,F000444,115
1692,John,CORNYN,SENATOR,R,TX,N/A,C001056,115
1633,Jeff,FLAKE,SENATOR,R,AZ,N/A,F000444,115
1692,John,CORNYN,SENATOR,R,TX,N/A,C001056,115
1863,Dean,HELLER,SENATOR,R,NV,N/A,H001041,115
1863,Dean,HELLER,SENATOR,R,NV,N/A,H001041,115
1829,Jon,TESTER,SENATOR,D,MT,N/A,T000464,115
1829,Jon,TESTER,SENATOR,D,MT,N/A,T000464,115
1828,Robert,KING,REPRESENTATIVE,D,PA,4,C001070,115
1829,Jon,TESTER,SENATOR,D,MT,N/A,T000464,115
1828,Robert,KING,REPRESENTATIVE,D,PA,4,C001070,115
1829,Jon,TESTER,SENATOR,D,MT,N/A,T000464,115
1828,Robert,KING,REPRESENTATIVE,D,PA,4,C001070,115
1829,Jon,TESTER,SENATOR,D,MT,N/A,T000464,115
1531,Debbie,STABENOW,SENATOR,D,MI,N/A,S000770,115
1828,Robert,CASEY,SENATOR,D,PA,N/A,C001070,115
136,Sherrod,BROWN,REPRESENTATIVE,D,OH,26,B000944,115
1247,Ron,WYDEN,SENATOR,D,OR,N/A,W000779,115
1531,Debbie,STABENOW,SENATOR,D,MI,N/A,S000770,115
1531,Debbie,STABENOW,SENATOR,D,MI,N/A,S000770,115
1531,Debbie,STABENOW,SENATOR,D,MI,N/A,S000770,115
1247,Ron,WYDEN,SENATOR,D,OR,N/A,W000779,115
174,Benjamin,CARDIN,SENATOR,D,MD,N/A,C000141,115
174,Benjamin,CARDIN,SENATOR,D,MD,N/A,C000141,115
2138,Steve,DAINES,SENATOR,R,MT,N/A,D000618,115
2290,Dan,SULLIVAN,SENATOR,R,AK,N/A,S001198,115
1983,Joe,MANCHIN,SENATOR,D,WV,N/A,M001183,115
179,Thomas,CARPER,SENATOR,D,DE,N/A,C000174,115
1900,Jeff,MERKLEY,SENATOR,D,OR,N/A,M001176,115
2173,Brian,SCHATZ,SENATOR,D,HI,N/A,S001194,115
2123,Tammy,DUCKWORTH,REPRESENTATIVE,D,IL,8,D000622,115
2123,Tammy,DUCKWORTH,REPRESENTATIVE,D,IL,8,D000622,115
2084,Marco,RUBIO,SENATOR,R,FL,N/A,R000595,115
2076,Richard,BLUMENTHAL,SENATOR,D,CT,N/A,B001277,115
2084,Marco,RUBIO,SENATOR,R,FL,N/A,R000595,115
859,Bill,NELSON,SENATOR,D,FL,N/A,N000032,115
791,Robert,MENENDEZ,SENATOR,D,NJ,N/A,M000639,115
326,Richard,DURBIN,SENATOR,D,IL,N/A,D000563,115
1692,John,CORNYN,SENATOR,R,TX,N/A,C001056,115
1036,Charles,SCHUMER,SENATOR,D,NY,N/A,S000148,115
1036,Charles,SCHUMER,SENATOR,D,NY,N/A,S000148,115
1692,John,CORNYN,SENATOR,R,TX,N/A,C001056,115
1036,Charles,SCHUMER,SENATOR,D,NY,N/A,S000148,115
859,Bill,NELSON,SENATOR,D,FL,N/A,N000032,115
1829,Jon,TESTER,SENATOR,D,MT,N/A,T000464,115
1896,James,RISCH,SENATOR,R,ID,N/A,R000584,115
2142,Mark,MEADOWS,REPRESENTATIVE,R,NC,11,M001187,115
1791,Virginia,FOXX,REPRESENTATIVE,R,NC,5,F000450,115
99,Earl,BLUMENAUER,REPRESENTATIVE,D,OR,3,B000574,115
1791,Virginia,FOXX,REPRESENTATIVE,R,NC,5,F000450,115
887,Frank,PALLONE,REPRESENTATIVE,D,NJ,6,P000034,115
2017,Todd,ROKITA,REPRESENTATIVE,R,IN,4,R000592,115
566,Steny,HOYER,REPRESENTATIVE,D,MD,5,H000874,115
2122,Tulsi,GABBARD,REPRESENTATIVE,D,HI,2,G000571,115
303,Lloyd,DOGGETT,REPRESENTATIVE,D,TX,35,D000399,115
2158,Keith,ROTHFUS,REPRESENTATIVE,R,PA,12,R000598,115
905,Nancy,PELOSI,REPRESENTATIVE,D,CA,12,P000197,115
2137,Ann,WAGNER,REPRESENTATIVE,R,MO,2,W000812,115
2252,Brenda,LAWRENCE,REPRESENTATIVE,D,MI,14,L000581,115
2332,Jamie,RASKIN,N/A,D,MD,N/A,R000606,115
566,Steny,HOYER,REPRESENTATIVE,D,MD,5,H000874,115
1604,Joseph,CROWLEY,REPRESENTATIVE,D,NY,14,C001038,115
2354,Pramila,JAYAPAL,N/A,D,WA,N/A,J000298,115
2084,Marco,RUBIO,SENATOR,R,FL,N/A,R000595,115
2058,Trey,GOWDY,REPRESENTATIVE,R,SC,4,G000566,115
2084,Marco,RUBIO,SENATOR,R,FL,N/A,R000595,115
566,Steny,HOYER,REPRESENTATIVE,D,MD,5,H000874,115
566,Steny,HOYER,REPRESENTATIVE,D,MD,5,H000874,115
566,Steny,HOYER,REPRESENTATIVE,D,MD,5,H000874,115
1525,Pete,SESSIONS,SENATOR,R,TX,N/A,S000250,115
1525,Pete,SESSIONS,SENATOR,R,TX,N/A,S000250,115
1525,Pete,SESSIONS,SENATOR,R,TX,N/A,S000250,115
1525,Pete,SESSIONS,SENATOR,R,TX,N/A,S000250,115
1835,Ed,PERLMUTTER,REPRESENTATIVE,D,CO,7,P000593,115
1835,Ed,PERLMUTTER,REPRESENTATIVE,D,CO,7,P000593,115
1835,Ed,PERLMUTTER,REPRESENTATIVE,D,CO,7,P000593,115
1835,Ed,PERLMUTTER,REPRESENTATIVE,D,CO,7,P000593,115
1835,Ed,PERLMUTTER,REPRESENTATIVE,D,CO,7,P000593,115
1525,Pete,SESSIONS,SENATOR,R,TX,N/A,S000250,115
1069,Louise,SLAUGHTER,REPRESENTATIVE,D,NY,25,S000480,115
1525,Pete,SESSIONS,SENATOR,R,TX,N/A,S000250,115
1155,Mac,THORNBERRY,REPRESENTATIVE,R,TX,13,T000238,115
1069,Louise,SLAUGHTER,REPRESENTATIVE,D,NY,25,S000480,115
1525,Pete,SESSIONS,SENATOR,R,TX,N/A,S000250,115
1069,Louise,SLAUGHTER,REPRESENTATIVE,D,NY,25,S000480,115
1879,Peter,WELCH,REPRESENTATIVE,D,VT,0,W000800,115
1525,Pete,SESSIONS,SENATOR,R,TX,N/A,S000250,115
2197,Bradley,BYRNE,REPRESENTATIVE,R,AL,1,B001289,115
1835,Ed,PERLMUTTER,REPRESENTATIVE,D,CO,7,P000593,115
1835,Ed,PERLMUTTER,REPRESENTATIVE,D,CO,7,P000593,115
1835,Ed,PERLMUTTER,REPRESENTATIVE,D,CO,7,P000593,115
1835,Ed,PERLMUTTER,REPRESENTATIVE,D,CO,7,P000593,115
1835,Ed,PERLMUTTER,REPRESENTATIVE,D,CO,7,P000593,115
1742,Tom,COLE,REPRESENTATIVE,R,OK,12,C001053,115
1835,Ed,PERLMUTTER,REPRESENTATIVE,D,CO,7,P000593,115
2115,Ted,YOHO,REPRESENTATIVE,R,FL,3,Y000065,115
2197,Bradley,BYRNE,REPRESENTATIVE,R,AL,1,B001289,115
2197,Bradley,BYRNE,REPRESENTATIVE,R,AL,1,B001289,115
1069,Louise,SLAUGHTER,REPRESENTATIVE,D,NY,25,S000480,115
566,Steny,HOYER,REPRESENTATIVE,D,MD,5,H000874,115
1069,Louise,SLAUGHTER,REPRESENTATIVE,D,NY,25,S000480,115
566,Steny,HOYER,REPRESENTATIVE,D,MD,5,H000874,115
2142,Mark,MEADOWS,REPRESENTATIVE,R,NC,11,M001187,115
1525,Pete,SESSIONS,SENATOR,R,TX,N/A,S000250,115
566,Steny,HOYER,REPRESENTATIVE,D,MD,5,H000874,115
566,Steny,HOYER,REPRESENTATIVE,D,MD,5,H000874,115
1525,Pete,SESSIONS,SENATOR,R,TX,N/A,S000250,115
1596,Greg,WALDEN,REPRESENTATIVE,R,OR,2,W000791,115
1069,Louise,SLAUGHTER,REPRESENTATIVE,D,NY,25,S000480,115
566,Steny,HOYER,REPRESENTATIVE,D,MD,5,H000874,115
1525,Pete,SESSIONS,SENATOR,R,TX,N/A,S000250,115
1596,Greg,WALDEN,REPRESENTATIVE,R,OR,2,W000791,115
1596,Greg,WALDEN,REPRESENTATIVE,R,OR,2,W000791,115
1069,Louise,SLAUGHTER,REPRESENTATIVE,D,NY,25,S000480,115
1525,Pete,SESSIONS,SENATOR,R,TX,N/A,S000250,115
1596,Greg,WALDEN,REPRESENTATIVE,R,OR,2,W000791,115
1069,Louise,SLAUGHTER,REPRESENTATIVE,D,NY,25,S000480,115
887,Frank,PALLONE,REPRESENTATIVE,D,NJ,6,P000034,115
1525,Pete,SESSIONS,SENATOR,R,TX,N/A,S000250,115
1751,Michael,BURGESS,REPRESENTATIVE,R,TX,26,B001248,115
1069,Louise,SLAUGHTER,REPRESENTATIVE,D,NY,25,S000480,115
1910,Jared,POLIS,REPRESENTATIVE,D,CO,2,P000598,115
1525,Pete,SESSIONS,SENATOR,R,TX,N/A,S000250,115
1069,Louise,SLAUGHTER,REPRESENTATIVE,D,NY,25,S000480,115
2134,Daniel,KILDEE,REPRESENTATIVE,D,MI,5,K000380,115
1525,Pete,SESSIONS,SENATOR,R,TX,N/A,S000250,115
1069,Louise,SLAUGHTER,REPRESENTATIVE,D,NY,25,S000480,115
1069,Louise,SLAUGHTER,REPRESENTATIVE,D,NY,25,S000480,115
1525,Pete,SESSIONS,SENATOR,R,TX,N/A,S000250,115
1069,Louise,SLAUGHTER,REPRESENTATIVE,D,NY,25,S000480,115
1525,Pete,SESSIONS,SENATOR,R,TX,N/A,S000250,115
2356,Liz,CHENEY,N/A,R,WY,N/A,C001109,115
1069,Louise,SLAUGHTER,REPRESENTATIVE,D,NY,25,S000480,115
1525,Pete,SESSIONS,SENATOR,R,TX,N/A,S000250,115
1069,Louise,SLAUGHTER,REPRESENTATIVE,D,NY,25,S000480,115
905,Nancy,PELOSI,REPRESENTATIVE,D,CA,12,P000197,115
1525,Pete,SESSIONS,SENATOR,R,TX,N/A,S000250,115
2275,Dan,NEWHOUSE,REPRESENTATIVE,R,WA,4,N000189,115
1525,Pete,SESSIONS,SENATOR,R,TX,N/A,S000250,115
2275,Dan,NEWHOUSE,REPRESENTATIVE,R,WA,4,N000189,115
1069,Louise,SLAUGHTER,REPRESENTATIVE,D,NY,25,S000480,115
1525,Pete,SESSIONS,SENATOR,R,TX,N/A,S000250,115
2130,Luke,MESSER,REPRESENTATIVE,R,IN,6,M001189,115
1069,Louise,SLAUGHTER,REPRESENTATIVE,D,NY,25,S000480,115
1525,Pete,SESSIONS,SENATOR,R,TX,N/A,S000250,115
1155,Mac,THORNBERRY,REPRESENTATIVE,R,TX,13,T000238,115
1069,Louise,SLAUGHTER,REPRESENTATIVE,D,NY,25,S000480,115
1525,Pete,SESSIONS,SENATOR,R,TX,N/A,S000250,115
1069,Louise,SLAUGHTER,REPRESENTATIVE,D,NY,25,S000480,115
1525,Pete,SESSIONS,SENATOR,R,TX,N/A,S000250,115
1525,Pete,SESSIONS,SENATOR,R,TX,N/A,S000250,115
1525,Pete,SESSIONS,SENATOR,R,TX,N/A,S000250,115
2055,David,CICILLINE,REPRESENTATIVE,D,RI,1,C001084,115
2055,David,CICILLINE,REPRESENTATIVE,D,RI,1,C001084,115
1525,Pete,SESSIONS,SENATOR,R,TX,N/A,S000250,115
2055,David,CICILLINE,REPRESENTATIVE,D,RI,1,C001084,115
2055,David,CICILLINE,REPRESENTATIVE,D,RI,1,C001084,115
1069,Louise,SLAUGHTER,REPRESENTATIVE,D,NY,25,S000480,115
1069,Louise,SLAUGHTER,REPRESENTATIVE,D,NY,25,S000480,115
1588,Janice,SCHAKOWSKY,REPRESENTATIVE,D,IL,9,S001145,115
1791,Virginia,FOXX,REPRESENTATIVE,R,NC,5,F000450,115
457,Chuck,GRASSLEY,SENATOR,R,IA,N/A,G000386,115
1525,Pete,SESSIONS,SENATOR,R,TX,N/A,S000250,115
566,Steny,HOYER,REPRESENTATIVE,D,MD,5,H000874,115
1922,Brett,GUTHRIE,REPRESENTATIVE,R,KY,2,G000558,115
1604,Joseph,CROWLEY,REPRESENTATIVE,D,NY,14,C001038,115
566,Steny,HOYER,REPRESENTATIVE,D,MD,5,H000874,115
