speaker_id,first_name,last_name,type,party,state,district,bio_guide_id,congress_id
2023,Cedric,RICHMOND,REPRESENTATIVE,D,LA,2,R000588,115
2023,Cedric,RICHMOND,REPRESENTATIVE,D,LA,2,R000588,115
326,Richard,DURBIN,SENATOR,D,IL,N/A,D000563,115
1383,Patrick,LEAHY,SENATOR,D,VT,N/A,L000174,115
1383,Patrick,LEAHY,SENATOR,D,VT,N/A,L000174,115
1751,Michael,BURGESS,REPRESENTATIVE,R,TX,26,B001248,115
1751,Michael,BURGESS,REPRESENTATIVE,R,TX,26,B001248,115
1751,Michael,BURGESS,REPRESENTATIVE,R,TX,26,B001248,115
1751,Michael,BURGESS,REPRESENTATIVE,R,TX,26,B001248,115
1596,Greg,WALDEN,REPRESENTATIVE,R,OR,2,W000791,115
1751,Michael,BURGESS,REPRESENTATIVE,R,TX,26,B001248,115
1751,Michael,BURGESS,REPRESENTATIVE,R,TX,26,B001248,115
2320,Val,DEMINGS,N/A,D,FL,N/A,D000627,115
1751,Michael,BURGESS,REPRESENTATIVE,R,TX,26,B001248,115
1751,Michael,BURGESS,REPRESENTATIVE,R,TX,26,B001248,115
1751,Michael,BURGESS,REPRESENTATIVE,R,TX,26,B001248,115
1751,Michael,BURGESS,REPRESENTATIVE,R,TX,26,B001248,115
1922,Brett,GUTHRIE,REPRESENTATIVE,R,KY,2,G000558,115
1751,Michael,BURGESS,REPRESENTATIVE,R,TX,26,B001248,115
1751,Michael,BURGESS,REPRESENTATIVE,R,TX,26,B001248,115
2166,Marc,VEASEY,REPRESENTATIVE,D,TX,33,V000131,115
229,John,CONYERS,REPRESENTATIVE,D,MI,13,C000714,115
2166,Marc,VEASEY,REPRESENTATIVE,D,TX,33,V000131,115
2166,Marc,VEASEY,REPRESENTATIVE,D,TX,33,V000131,115
2166,Marc,VEASEY,REPRESENTATIVE,D,TX,33,V000131,115
588,Sheila,LEE,REPRESENTATIVE,D,TX,13,J000032,115
2166,Marc,VEASEY,REPRESENTATIVE,D,TX,33,V000131,115
2166,Marc,VEASEY,REPRESENTATIVE,D,TX,33,V000131,115
2166,Marc,VEASEY,REPRESENTATIVE,D,TX,33,V000131,115
1811,Gwen,MOORE,SENATOR,D,WI,N/A,M001160,115
2166,Marc,VEASEY,REPRESENTATIVE,D,TX,33,V000131,115
2166,Marc,VEASEY,REPRESENTATIVE,D,TX,33,V000131,115
2166,Marc,VEASEY,REPRESENTATIVE,D,TX,33,V000131,115
2097,Donald,PAYNE,REPRESENTATIVE,D,NJ,10,P000604,115
2166,Marc,VEASEY,REPRESENTATIVE,D,TX,33,V000131,115
2153,Joyce,BEATTY,REPRESENTATIVE,D,OH,3,B001281,115
2166,Marc,VEASEY,REPRESENTATIVE,D,TX,33,V000131,115
2149,Hakeem,JEFFRIES,REPRESENTATIVE,D,NY,8,J000294,115
2166,Marc,VEASEY,REPRESENTATIVE,D,TX,33,V000131,115
2201,Alma,ADAMS,REPRESENTATIVE,D,NC,12,A000370,115
2166,Marc,VEASEY,REPRESENTATIVE,D,TX,33,V000131,115
2252,Brenda,LAWRENCE,REPRESENTATIVE,D,MI,14,L000581,115
2166,Marc,VEASEY,REPRESENTATIVE,D,TX,33,V000131,115
2166,Marc,VEASEY,REPRESENTATIVE,D,TX,33,V000131,115
2166,Marc,VEASEY,REPRESENTATIVE,D,TX,33,V000131,115
1810,David,REICHERT,REPRESENTATIVE,R,WA,8,R000578,115
1937,Martin,HEINRICH,SENATOR,D,NM,N/A,H001046,115
213,Thad,COCHRAN,SENATOR,R,MS,N/A,C000567,115
1991,Steve,WOMACK,REPRESENTATIVE,R,AR,3,W000809,115
2158,Keith,ROTHFUS,REPRESENTATIVE,R,PA,12,R000598,115
2115,Ted,YOHO,REPRESENTATIVE,R,FL,3,Y000065,115
2143,George,HOLDING,REPRESENTATIVE,R,NC,13,H001065,115
1884,Niki,TSONGAS,REPRESENTATIVE,D,MA,3,T000465,115
735,Edward,MARKEY,SENATOR,D,MA,N/A,M000133,115
172,Maria,CANTWELL,SENATOR,D,WA,N/A,C000127,115
172,Maria,CANTWELL,SENATOR,D,WA,N/A,C000127,115
1925,Bill,CASSIDY,SENATOR,R,LA,N/A,C001075,115
1692,John,CORNYN,SENATOR,R,TX,N/A,C001056,115
1692,John,CORNYN,SENATOR,R,TX,N/A,C001056,115
1542,Michael,ENZI,SENATOR,R,WY,N/A,E000285,115
1542,Michael,ENZI,SENATOR,R,WY,N/A,E000285,115
1844,Mazie,HIRONO,SENATOR,D,HI,N/A,H001042,115
1850,Joe,DONNELLY,SENATOR,D,IN,N/A,D000607,115
1844,Mazie,HIRONO,SENATOR,D,HI,N/A,H001042,115
2076,Richard,BLUMENTHAL,SENATOR,D,CT,N/A,B001277,115
1247,Ron,WYDEN,SENATOR,D,OR,N/A,W000779,115
2290,Dan,SULLIVAN,SENATOR,R,AK,N/A,S001198,115
1247,Ron,WYDEN,SENATOR,D,OR,N/A,W000779,115
2082,Rand,PAUL,REPRESENTATIVE,R,KY,4,P000603,115
2082,Rand,PAUL,REPRESENTATIVE,R,KY,4,P000603,115
1542,Michael,ENZI,SENATOR,R,WY,N/A,E000285,115
2082,Rand,PAUL,REPRESENTATIVE,R,KY,4,P000603,115
1010,Bernard,SANDERS,SENATOR,I,VT,N/A,S000033,115
2082,Rand,PAUL,REPRESENTATIVE,R,KY,4,P000603,115
1692,John,CORNYN,SENATOR,R,TX,N/A,C001056,115
1844,Mazie,HIRONO,SENATOR,D,HI,N/A,H001042,115
1542,Michael,ENZI,SENATOR,R,WY,N/A,E000285,115
1844,Mazie,HIRONO,SENATOR,D,HI,N/A,H001042,115
1692,John,CORNYN,SENATOR,R,TX,N/A,C001056,115
326,Richard,DURBIN,SENATOR,D,IL,N/A,D000563,115
326,Richard,DURBIN,SENATOR,D,IL,N/A,D000563,115
1247,Ron,WYDEN,SENATOR,D,OR,N/A,W000779,115
1409,Patty,MURRAY,SENATOR,D,WA,N/A,M001111,115
949,Jack,REED,REPRESENTATIVE,D,RI,23,R000122,115
1901,Jeanne,SHAHEEN,SENATOR,D,NH,N/A,S001181,115
2182,Elizabeth,WARREN,SENATOR,D,MA,N/A,W000817,115
1567,Tom,UDALL,SENATOR,D,NM,N/A,U000039,115
1937,Martin,HEINRICH,SENATOR,D,NM,N/A,H001046,115
1969,Al,FRANKEN,SENATOR,D,MN,N/A,F000457,115
2076,Richard,BLUMENTHAL,SENATOR,D,CT,N/A,B001277,115
2173,Brian,SCHATZ,SENATOR,D,HI,N/A,S001194,115
735,Edward,MARKEY,SENATOR,D,MA,N/A,M000133,115
2138,Steve,DAINES,SENATOR,R,MT,N/A,D000618,115
2308,Ro,KHANNA,N/A,D,CA,N/A,K000389,115
1791,Virginia,FOXX,REPRESENTATIVE,R,NC,5,F000450,115
1751,Michael,BURGESS,REPRESENTATIVE,R,TX,26,B001248,115
1751,Michael,BURGESS,REPRESENTATIVE,R,TX,26,B001248,115
1751,Michael,BURGESS,REPRESENTATIVE,R,TX,26,B001248,115
1751,Michael,BURGESS,REPRESENTATIVE,R,TX,26,B001248,115
1751,Michael,BURGESS,REPRESENTATIVE,R,TX,26,B001248,115
1751,Michael,BURGESS,REPRESENTATIVE,R,TX,26,B001248,115
1751,Michael,BURGESS,REPRESENTATIVE,R,TX,26,B001248,115
1751,Michael,BURGESS,REPRESENTATIVE,R,TX,26,B001248,115
1751,Michael,BURGESS,REPRESENTATIVE,R,TX,26,B001248,115
1751,Michael,BURGESS,REPRESENTATIVE,R,TX,26,B001248,115
1751,Michael,BURGESS,REPRESENTATIVE,R,TX,26,B001248,115
1955,Pete,OLSON,REPRESENTATIVE,R,TX,22,O000168,115
1751,Michael,BURGESS,REPRESENTATIVE,R,TX,26,B001248,115
1751,Michael,BURGESS,REPRESENTATIVE,R,TX,26,B001248,115
1801,Louie,GOHMERT,REPRESENTATIVE,R,TX,1,G000552,115
2138,Steve,DAINES,SENATOR,R,MT,N/A,D000618,114
1687,John,BOOZMAN,SENATOR,R,AR,N/A,B001236,115
478,Luis,GUTIERREZ,REPRESENTATIVE,D,IL,4,G000535,115
1801,Louie,GOHMERT,REPRESENTATIVE,R,TX,1,G000552,115
949,Jack,REED,REPRESENTATIVE,D,RI,23,R000122,115
2138,Steve,DAINES,SENATOR,R,MT,N/A,D000618,115
2138,Steve,DAINES,SENATOR,R,MT,N/A,D000618,115
735,Edward,MARKEY,SENATOR,D,MA,N/A,M000133,115
2176,Tim,KAINE,SENATOR,D,VA,N/A,K000384,115
1826,Amy,KLOBUCHAR,SENATOR,D,MN,N/A,K000367,115
1828,Robert,CASEY,SENATOR,D,PA,N/A,C001070,115
1531,Debbie,STABENOW,SENATOR,D,MI,N/A,S000770,115
1965,Michael,BENNET,SENATOR,D,CO,N/A,B001267,115
1558,Tammy,BALDWIN,SENATOR,D,WI,N/A,B001230,115
1900,Jeff,MERKLEY,SENATOR,D,OR,N/A,M001176,115
1984,Christopher,COONS,SENATOR,D,DE,N/A,C001088,115
2138,Steve,KING,REPRESENTATIVE,R,MT,4,D000618,115
1036,Charles,SCHUMER,SENATOR,D,NY,N/A,S000148,115
1837,Christopher,MURPHY,SENATOR,D,CT,N/A,M001169,115
2173,Brian,SCHATZ,SENATOR,D,HI,N/A,S001194,115
2194,Cory,BOOKER,SENATOR,D,NJ,N/A,B001288,115
2173,Brian,SCHATZ,SENATOR,D,HI,N/A,S001194,115
2138,Steve,DAINES,SENATOR,R,MT,N/A,D000618,115
2115,Ted,YOHO,REPRESENTATIVE,R,FL,3,Y000065,115
2333,Jack,BERGMAN,N/A,R,MI,N/A,B001301,115
2153,Joyce,BEATTY,REPRESENTATIVE,D,OH,3,B001281,115
1604,Joseph,CROWLEY,REPRESENTATIVE,D,NY,14,C001038,115
1895,Marcia,FUDGE,REPRESENTATIVE,D,OH,11,F000455,115
1930,Erik,PAULSEN,REPRESENTATIVE,R,MN,3,P000594,115
1036,Charles,SCHUMER,SENATOR,D,NY,N/A,S000148,115
1036,Charles,SCHUMER,SENATOR,D,NY,N/A,S000148,115
1855,Tim,WALBERG,REPRESENTATIVE,R,MI,7,W000798,115
2201,Alma,ADAMS,REPRESENTATIVE,D,NC,12,A000370,115
711,Frank,LUCAS,REPRESENTATIVE,R,OK,3,L000491,115
711,Frank,LUCAS,REPRESENTATIVE,R,OK,3,L000491,115
711,Frank,LUCAS,REPRESENTATIVE,R,OK,3,L000491,115
2092,Suzanne,BONAMICI,REPRESENTATIVE,D,OR,1,B001278,115
711,Frank,LUCAS,REPRESENTATIVE,R,OK,3,L000491,115
2155,Jim,BRIDENSTINE,REPRESENTATIVE,R,OK,1,B001283,115
711,Frank,LUCAS,REPRESENTATIVE,R,OK,3,L000491,115
2155,Jim,BRIDENSTINE,REPRESENTATIVE,R,OK,1,B001283,115
2092,Suzanne,BONAMICI,REPRESENTATIVE,D,OR,1,B001278,115
711,Frank,LUCAS,REPRESENTATIVE,R,OK,3,L000491,115
2092,Suzanne,BONAMICI,REPRESENTATIVE,D,OR,1,B001278,115
711,Frank,LUCAS,REPRESENTATIVE,R,OK,3,L000491,115
99,Earl,BLUMENAUER,REPRESENTATIVE,D,OR,3,B000574,115
2023,Cedric,RICHMOND,REPRESENTATIVE,D,LA,2,R000588,115
2197,Bradley,BYRNE,REPRESENTATIVE,R,AL,1,B001289,115
2114,Elizabeth,ESTY,REPRESENTATIVE,D,CT,5,E000293,115
616,Marcy,KAPTUR,REPRESENTATIVE,D,OH,8,K000009,115
616,Marcy,KAPTUR,REPRESENTATIVE,D,OH,8,K000009,115
616,Marcy,KAPTUR,REPRESENTATIVE,D,OH,8,K000009,115
2102,Ami,BERA,REPRESENTATIVE,D,CA,7,B001287,115
