speaker_id,first_name,last_name,type,party,state,district,bio_guide_id,congress_id
1527,John,SHIMKUS,REPRESENTATIVE,R,IL,15,S000364,115
1527,John,SHIMKUS,REPRESENTATIVE,R,IL,15,S000364,115
1527,John,SHIMKUS,REPRESENTATIVE,R,IL,15,S000364,115
1942,Paul,TONKO,REPRESENTATIVE,D,NY,20,T000469,115
1527,John,SHIMKUS,REPRESENTATIVE,R,IL,15,S000364,115
2158,Keith,ROTHFUS,REPRESENTATIVE,R,PA,12,R000598,115
1942,Paul,TONKO,REPRESENTATIVE,D,NY,20,T000469,115
1527,John,SHIMKUS,REPRESENTATIVE,R,IL,15,S000364,115
2158,Keith,ROTHFUS,REPRESENTATIVE,R,PA,12,R000598,115
1942,Paul,TONKO,REPRESENTATIVE,D,NY,20,T000469,115
1527,John,SHIMKUS,REPRESENTATIVE,R,IL,15,S000364,115
2158,Keith,ROTHFUS,REPRESENTATIVE,R,PA,12,R000598,115
1942,Paul,TONKO,REPRESENTATIVE,D,NY,20,T000469,115
1527,John,SHIMKUS,REPRESENTATIVE,R,IL,15,S000364,115
2158,Keith,ROTHFUS,REPRESENTATIVE,R,PA,12,R000598,115
1942,Paul,TONKO,REPRESENTATIVE,D,NY,20,T000469,115
1527,John,SHIMKUS,REPRESENTATIVE,R,IL,15,S000364,115
1942,Paul,TONKO,REPRESENTATIVE,D,NY,20,T000469,115
1942,Paul,TONKO,REPRESENTATIVE,D,NY,20,T000469,115
1527,John,SHIMKUS,REPRESENTATIVE,R,IL,15,S000364,115
1596,Greg,WALDEN,REPRESENTATIVE,R,OR,2,W000791,115
887,Frank,PALLONE,REPRESENTATIVE,D,NJ,6,P000034,115
2134,Daniel,KILDEE,REPRESENTATIVE,D,MI,5,K000380,115
2134,Daniel,KILDEE,REPRESENTATIVE,D,MI,5,K000380,115
2134,Daniel,KILDEE,REPRESENTATIVE,D,MI,5,K000380,115
1527,John,SHIMKUS,REPRESENTATIVE,R,IL,15,S000364,115
1527,John,SHIMKUS,REPRESENTATIVE,R,IL,15,S000364,115
2134,Daniel,KILDEE,REPRESENTATIVE,D,MI,5,K000380,115
1942,Paul,TONKO,REPRESENTATIVE,D,NY,20,T000469,115
2140,Richard,HUDSON,REPRESENTATIVE,R,NC,8,H001067,115
2155,Jim,BRIDENSTINE,REPRESENTATIVE,R,OK,1,B001283,115
1857,Keith,ELLISON,REPRESENTATIVE,D,MN,5,E000288,115
1825,Bob,CORKER,SENATOR,R,TN,N/A,C001071,115
2141,Robert,PITTENGER,REPRESENTATIVE,R,NC,9,P000606,115
1857,Keith,ELLISON,REPRESENTATIVE,D,MN,5,E000288,115
2354,Pramila,JAYAPAL,N/A,D,WA,N/A,J000298,115
2332,Jamie,RASKIN,N/A,D,MD,N/A,R000606,115
2332,Jamie,RASKIN,N/A,D,MD,N/A,R000606,115
2354,Pramila,JAYAPAL,N/A,D,WA,N/A,J000298,115
2332,Jamie,RASKIN,N/A,D,MD,N/A,R000606,115
2311,Nanette,BARRAGAN,N/A,D,CA,N/A,B001300,115
186,Steve,CHABOT,REPRESENTATIVE,R,OH,1,C000266,115
1564,Michael,CAPUANO,REPRESENTATIVE,D,MA,7,C001037,115
2344,Claudia,TENNEY,N/A,R,NY,N/A,T000478,115
2356,Liz,CHENEY,N/A,R,WY,N/A,C001109,115
2356,Liz,CHENEY,N/A,R,WY,N/A,C001109,115
2356,Liz,CHENEY,N/A,R,WY,N/A,C001109,115
2356,Liz,CHENEY,N/A,R,WY,N/A,C001109,115
511,Alcee,HASTINGS,REPRESENTATIVE,D,FL,20,H000324,115
2356,Liz,CHENEY,N/A,R,WY,N/A,C001109,115
2158,Keith,ROTHFUS,REPRESENTATIVE,R,PA,12,R000598,115
2356,Liz,CHENEY,N/A,R,WY,N/A,C001109,115
2158,Keith,ROTHFUS,REPRESENTATIVE,R,PA,12,R000598,115
511,Alcee,HASTINGS,REPRESENTATIVE,D,FL,20,H000324,115
511,Alcee,HASTINGS,REPRESENTATIVE,D,FL,20,H000324,115
1774,Jim,COSTA,REPRESENTATIVE,D,CA,16,C001059,115
2356,Liz,CHENEY,N/A,R,WY,N/A,C001109,115
511,Alcee,HASTINGS,REPRESENTATIVE,D,FL,20,H000324,115
2356,Liz,CHENEY,N/A,R,WY,N/A,C001109,115
2356,Liz,CHENEY,N/A,R,WY,N/A,C001109,115
511,Alcee,HASTINGS,REPRESENTATIVE,D,FL,20,H000324,115
511,Alcee,HASTINGS,REPRESENTATIVE,D,FL,20,H000324,115
2332,Jamie,RASKIN,N/A,D,MD,N/A,R000606,115
1036,Charles,SCHUMER,SENATOR,D,NY,N/A,S000148,115
1036,Charles,SCHUMER,SENATOR,D,NY,N/A,S000148,115
1692,John,CORNYN,SENATOR,R,TX,N/A,C001056,115
1881,John,BARRASSO,SENATOR,R,WY,N/A,B001261,115
1881,John,BARRASSO,SENATOR,R,WY,N/A,B001261,115
949,Jack,REED,REPRESENTATIVE,D,RI,23,R000122,115
949,Jack,REED,REPRESENTATIVE,D,RI,23,R000122,115
1695,Lamar,ALEXANDER,SENATOR,R,TN,N/A,A000360,115
1695,Lamar,ALEXANDER,SENATOR,R,TN,N/A,A000360,115
326,Richard,DURBIN,SENATOR,D,IL,N/A,D000563,115
1226,Roger,WICKER,SENATOR,R,MS,N/A,W000437,115
1226,Roger,WICKER,SENATOR,R,MS,N/A,W000437,115
2288,Mike,ROUNDS,N/A,R,SD,N/A,R000605,115
2288,Mike,ROUNDS,N/A,R,SD,N/A,R000605,115
1676,Shelley,CAPITO,N/A,R,WV,N/A,C001047,115
1464,Roy,BLUNT,SENATOR,R,MO,N/A,B000575,115
1542,Michael,ENZI,SENATOR,R,WY,N/A,E000285,115
2179,Deb,FISCHER,SENATOR,R,NE,N/A,F000463,115
1900,Jeff,MERKLEY,SENATOR,D,OR,N/A,M001176,115
1900,Jeff,MERKLEY,SENATOR,D,OR,N/A,M001176,115
2226,Ruben,GALLEGO,REPRESENTATIVE,D,AZ,7,G000574,115
2332,Jamie,RASKIN,N/A,D,MD,N/A,R000606,115
2226,Ruben,GALLEGO,REPRESENTATIVE,D,AZ,7,G000574,115
250,Mike,CRAPO,SENATOR,R,ID,N/A,C000880,115
1900,Jeff,MERKLEY,SENATOR,D,OR,N/A,M001176,115
791,Robert,MENENDEZ,SENATOR,D,NJ,N/A,M000639,115
457,Chuck,GRASSLEY,SENATOR,R,IA,N/A,G000386,115
250,Mike,CRAPO,SENATOR,R,ID,N/A,C000880,115
511,Alcee,HASTINGS,REPRESENTATIVE,D,FL,20,H000324,115
250,Mike,CRAPO,SENATOR,R,ID,N/A,C000880,115
1835,Ed,PERLMUTTER,REPRESENTATIVE,D,CO,7,P000593,115
250,Mike,CRAPO,SENATOR,R,ID,N/A,C000880,115
1608,Johnny,ISAKSON,SENATOR,R,GA,N/A,I000055,115
1901,Jeanne,SHAHEEN,SENATOR,D,NH,N/A,S001181,115
1676,Shelley,CAPITO,N/A,R,WV,N/A,C001047,115
2340,Ruben,KIHUEN,N/A,D,NV,N/A,K000390,115
1881,John,BARRASSO,SENATOR,R,WY,N/A,B001261,115
1695,Lamar,ALEXANDER,SENATOR,R,TN,N/A,A000360,115
326,Richard,DURBIN,SENATOR,D,IL,N/A,D000563,115
2314,Matt,GAETZ,N/A,R,FL,N/A,G000578,115
2097,Donald,PAYNE,REPRESENTATIVE,D,NJ,10,P000604,115
2202,Donald,NORCROSS,REPRESENTATIVE,D,NJ,1,N000188,115
1930,Erik,PAULSEN,REPRESENTATIVE,R,MN,3,P000594,115
2017,Todd,ROKITA,REPRESENTATIVE,R,IN,4,R000592,115
1823,Sheldon,WHITEHOUSE,SENATOR,D,RI,N/A,W000802,115
250,Mike,CRAPO,SENATOR,R,ID,N/A,C000880,115
250,Mike,CRAPO,SENATOR,R,ID,N/A,C000880,115
250,Mike,CRAPO,SENATOR,R,ID,N/A,C000880,115
250,Mike,CRAPO,SENATOR,R,ID,N/A,C000880,115
250,Mike,CRAPO,SENATOR,R,ID,N/A,C000880,115
1823,Sheldon,WHITEHOUSE,SENATOR,D,RI,N/A,W000802,115
1823,Sheldon,WHITEHOUSE,SENATOR,D,RI,N/A,W000802,115
250,Mike,CRAPO,SENATOR,R,ID,N/A,C000880,115
1835,Ed,PERLMUTTER,REPRESENTATIVE,D,CO,7,P000593,115
2101,Jared,HUFFMAN,REPRESENTATIVE,D,CA,2,H001068,115
1835,Ed,PERLMUTTER,REPRESENTATIVE,D,CO,7,P000593,115
2134,Daniel,KILDEE,REPRESENTATIVE,D,MI,5,K000380,115
1835,Ed,PERLMUTTER,REPRESENTATIVE,D,CO,7,P000593,115
2101,Jared,HUFFMAN,REPRESENTATIVE,D,CA,2,H001068,115
1835,Ed,PERLMUTTER,REPRESENTATIVE,D,CO,7,P000593,115
2332,Jamie,RASKIN,N/A,D,MD,N/A,R000606,115
1835,Ed,PERLMUTTER,REPRESENTATIVE,D,CO,7,P000593,115
2134,Daniel,KILDEE,REPRESENTATIVE,D,MI,5,K000380,115
1835,Ed,PERLMUTTER,REPRESENTATIVE,D,CO,7,P000593,115
1527,John,SHIMKUS,REPRESENTATIVE,R,IL,15,S000364,115
1942,Paul,TONKO,REPRESENTATIVE,D,NY,20,T000469,115
1892,Steve,SCALISE,REPRESENTATIVE,R,LA,1,S001176,115
1527,John,SHIMKUS,REPRESENTATIVE,R,IL,15,S000364,115
1527,John,SHIMKUS,REPRESENTATIVE,R,IL,15,S000364,115
1527,John,SHIMKUS,REPRESENTATIVE,R,IL,15,S000364,115
1942,Paul,TONKO,REPRESENTATIVE,D,NY,20,T000469,115
1527,John,SHIMKUS,REPRESENTATIVE,R,IL,15,S000364,115
1748,Marsha,BLACKBURN,REPRESENTATIVE,R,TN,7,B001243,115
1942,Paul,TONKO,REPRESENTATIVE,D,NY,20,T000469,115
1527,John,SHIMKUS,REPRESENTATIVE,R,IL,15,S000364,115
1933,Gregg,HARPER,REPRESENTATIVE,R,MS,3,H001045,115
1942,Paul,TONKO,REPRESENTATIVE,D,NY,20,T000469,115
1527,John,SHIMKUS,REPRESENTATIVE,R,IL,15,S000364,115
910,Collin,PETERSON,REPRESENTATIVE,D,MN,7,P000258,115
1942,Paul,TONKO,REPRESENTATIVE,D,NY,20,T000469,115
1527,John,SHIMKUS,REPRESENTATIVE,R,IL,15,S000364,115
1942,Paul,TONKO,REPRESENTATIVE,D,NY,20,T000469,115
1527,John,SHIMKUS,REPRESENTATIVE,R,IL,15,S000364,115
1942,Paul,TONKO,REPRESENTATIVE,D,NY,20,T000469,115
1527,John,SHIMKUS,REPRESENTATIVE,R,IL,15,S000364,115
186,Steve,CHABOT,REPRESENTATIVE,R,OH,1,C000266,115
1942,Paul,TONKO,REPRESENTATIVE,D,NY,20,T000469,115
1527,John,SHIMKUS,REPRESENTATIVE,R,IL,15,S000364,115
446,Bob,GOODLATTE,REPRESENTATIVE,R,VA,6,G000289,115
1527,John,SHIMKUS,REPRESENTATIVE,R,IL,15,S000364,115
1596,Greg,WALDEN,REPRESENTATIVE,R,OR,2,W000791,115
1527,John,SHIMKUS,REPRESENTATIVE,R,IL,15,S000364,115
887,Frank,PALLONE,REPRESENTATIVE,D,NJ,6,P000034,115
1527,John,SHIMKUS,REPRESENTATIVE,R,IL,15,S000364,115
1527,John,SHIMKUS,REPRESENTATIVE,R,IL,15,S000364,115
2342,Adriano,ESPAILLAT,N/A,D,NY,N/A,E000297,115
250,Mike,CRAPO,SENATOR,R,ID,N/A,C000880,115
250,Mike,CRAPO,SENATOR,R,ID,N/A,C000880,115
250,Mike,CRAPO,SENATOR,R,ID,N/A,C000880,115
2340,Ruben,KIHUEN,N/A,D,NV,N/A,K000390,115
250,Mike,CRAPO,SENATOR,R,ID,N/A,C000880,115
136,Sherrod,BROWN,REPRESENTATIVE,D,OH,26,B000944,115
136,Sherrod,BROWN,REPRESENTATIVE,D,OH,26,B000944,115
2182,Elizabeth,WARREN,SENATOR,D,MA,N/A,W000817,115
1823,Sheldon,WHITEHOUSE,SENATOR,D,RI,N/A,W000802,115
1823,Sheldon,WHITEHOUSE,SENATOR,D,RI,N/A,W000802,115
1694,Lisa,MURKOWSKI,SENATOR,R,AK,N/A,M001153,115
566,Steny,HOYER,REPRESENTATIVE,D,MD,5,H000874,115
566,Steny,HOYER,REPRESENTATIVE,D,MD,5,H000874,115
566,Steny,HOYER,REPRESENTATIVE,D,MD,5,H000874,115
566,Steny,HOYER,REPRESENTATIVE,D,MD,5,H000874,115
566,Steny,HOYER,REPRESENTATIVE,D,MD,5,H000874,115
566,Steny,HOYER,REPRESENTATIVE,D,MD,5,H000874,115
566,Steny,HOYER,REPRESENTATIVE,D,MD,5,H000874,115
566,Steny,HOYER,REPRESENTATIVE,D,MD,5,H000874,115
566,Steny,HOYER,REPRESENTATIVE,D,MD,5,H000874,115
566,Steny,HOYER,REPRESENTATIVE,D,MD,5,H000874,115
566,Steny,HOYER,REPRESENTATIVE,D,MD,5,H000874,115
566,Steny,HOYER,REPRESENTATIVE,D,MD,5,H000874,115
2166,Marc,VEASEY,REPRESENTATIVE,D,TX,33,V000131,115
1793,Jeff,FORTENBERRY,REPRESENTATIVE,R,NE,1,F000449,115
2185,Angus,KING,REPRESENTATIVE,I,ME,4,K000383,115
