speaker_id,first_name,last_name,type,party,state,district,bio_guide_id,congress_id
979,Dana,ROHRABACHER,REPRESENTATIVE,R,CA,48,R000409,115
1708,Raul,GRIJALVA,REPRESENTATIVE,D,AZ,3,G000551,115
2320,Val,DEMINGS,N/A,D,FL,N/A,D000627,115
2310,Salud,CARBAJAL,N/A,D,CA,N/A,C001112,115
1602,Grace,NAPOLITANO,REPRESENTATIVE,D,CA,32,N000179,115
2324,A.,FERGUSON,N/A,R,GA,N/A,F000465,115
2307,Andy,BIGGS,N/A,R,AZ,N/A,B001302,115
2297,James,COMER,N/A,R,KY,N/A,C001108,115
2322,Brian,MAST,N/A,R,FL,N/A,M001199,115
2334,Paul,MITCHELL,N/A,R,MI,N/A,M001201,115
2337,Don,BACON,N/A,R,NE,N/A,B001298,115
1930,Erik,PAULSEN,REPRESENTATIVE,R,MN,3,P000594,115
2250,David,TROTT,REPRESENTATIVE,R,MI,11,T000475,115
2170,Denny,HECK,REPRESENTATIVE,D,WA,3,H001064,115
1749,Jeb,HENSARLING,REPRESENTATIVE,R,TX,5,H001036,115
1749,Jeb,HENSARLING,REPRESENTATIVE,R,TX,5,H001036,115
1749,Jeb,HENSARLING,REPRESENTATIVE,R,TX,5,H001036,115
2137,Ann,WAGNER,REPRESENTATIVE,R,MO,2,W000812,115
1749,Jeb,HENSARLING,REPRESENTATIVE,R,TX,5,H001036,115
2028,Bill,HUIZENGA,REPRESENTATIVE,R,MI,2,H001058,115
1749,Jeb,HENSARLING,REPRESENTATIVE,R,TX,5,H001036,115
2028,Bill,HUIZENGA,REPRESENTATIVE,R,MI,2,H001058,115
2028,Bill,HUIZENGA,REPRESENTATIVE,R,MI,2,H001058,115
2028,Bill,HUIZENGA,REPRESENTATIVE,R,MI,2,H001058,115
2223,J.,HILL,REPRESENTATIVE,R,AR,2,H001072,115
2028,Bill,HUIZENGA,REPRESENTATIVE,R,MI,2,H001058,115
2223,J.,HILL,REPRESENTATIVE,R,AR,2,H001072,115
2028,Bill,HUIZENGA,REPRESENTATIVE,R,MI,2,H001058,115
2015,Randy,HULTGREN,REPRESENTATIVE,R,IL,14,H001059,115
2028,Bill,HUIZENGA,REPRESENTATIVE,R,MI,2,H001058,115
2028,Bill,HUIZENGA,REPRESENTATIVE,R,MI,2,H001058,115
2003,Dennis,ROSS,REPRESENTATIVE,R,FL,15,R000593,115
2028,Bill,HUIZENGA,REPRESENTATIVE,R,MI,2,H001058,115
2028,Bill,HUIZENGA,REPRESENTATIVE,R,MI,2,H001058,115
2028,Bill,HUIZENGA,REPRESENTATIVE,R,MI,2,H001058,115
2028,Bill,HUIZENGA,REPRESENTATIVE,R,MI,2,H001058,115
1997,Scott,TIPTON,REPRESENTATIVE,R,CO,3,T000470,115
2028,Bill,HUIZENGA,REPRESENTATIVE,R,MI,2,H001058,115
2238,Barry,LOUDERMILK,REPRESENTATIVE,R,GA,11,L000583,115
2028,Bill,HUIZENGA,REPRESENTATIVE,R,MI,2,H001058,115
2336,Ted,BUDD,REPRESENTATIVE,R,NC,1,B001305,115
2028,Bill,HUIZENGA,REPRESENTATIVE,R,MI,2,H001058,115
2028,Bill,HUIZENGA,REPRESENTATIVE,R,MI,2,H001058,115
2028,Bill,HUIZENGA,REPRESENTATIVE,R,MI,2,H001058,115
2028,Bill,HUIZENGA,REPRESENTATIVE,R,MI,2,H001058,115
1184,Nydia,VELAZQUEZ,REPRESENTATIVE,D,NY,7,V000081,115
1184,Nydia,VELAZQUEZ,REPRESENTATIVE,D,NY,7,V000081,115
2028,Bill,HUIZENGA,REPRESENTATIVE,R,MI,2,H001058,115
2028,Bill,HUIZENGA,REPRESENTATIVE,R,MI,2,H001058,115
1184,Nydia,VELAZQUEZ,REPRESENTATIVE,D,NY,7,V000081,115
2028,Bill,HUIZENGA,REPRESENTATIVE,R,MI,2,H001058,115
2028,Bill,HUIZENGA,REPRESENTATIVE,R,MI,2,H001058,115
2028,Bill,HUIZENGA,REPRESENTATIVE,R,MI,2,H001058,115
2028,Bill,HUIZENGA,REPRESENTATIVE,R,MI,2,H001058,115
2028,Bill,HUIZENGA,REPRESENTATIVE,R,MI,2,H001058,115
2028,Bill,HUIZENGA,REPRESENTATIVE,R,MI,2,H001058,115
2028,Bill,HUIZENGA,REPRESENTATIVE,R,MI,2,H001058,115
2028,Bill,HUIZENGA,REPRESENTATIVE,R,MI,2,H001058,115
2028,Bill,HUIZENGA,REPRESENTATIVE,R,MI,2,H001058,115
2008,Rob,WOODALL,REPRESENTATIVE,R,GA,7,W000810,115
1942,Paul,TONKO,REPRESENTATIVE,D,NY,20,T000469,115
2248,John,MOOLENAAR,REPRESENTATIVE,R,MI,4,M001194,115
1383,Patrick,LEAHY,SENATOR,D,VT,N/A,L000174,115
2008,Rob,WOODALL,REPRESENTATIVE,R,GA,7,W000810,115
2008,Rob,WOODALL,REPRESENTATIVE,R,GA,7,W000810,115
2354,Pramila,JAYAPAL,N/A,D,WA,N/A,J000298,115
2028,Bill,HUIZENGA,REPRESENTATIVE,R,MI,2,H001058,115
2311,Nanette,BARRAGAN,N/A,D,CA,N/A,B001300,115
1801,Louie,GOHMERT,REPRESENTATIVE,R,TX,1,G000552,115
2226,Ruben,GALLEGO,REPRESENTATIVE,D,AZ,7,G000574,115
2130,Luke,MESSER,REPRESENTATIVE,R,IN,6,M001189,115
1855,Tim,WALBERG,REPRESENTATIVE,R,MI,7,W000798,115
1668,James,LANGEVIN,REPRESENTATIVE,D,RI,2,L000559,115
1694,Lisa,MURKOWSKI,SENATOR,R,AK,N/A,M001153,115
2251,Debbie,DINGELL,REPRESENTATIVE,D,MI,12,D000624,115
2110,Mark,TAKANO,REPRESENTATIVE,D,CA,41,T000472,115
2110,Mark,TAKANO,REPRESENTATIVE,D,CA,41,T000472,115
1501,Barbara,LEE,REPRESENTATIVE,D,CA,13,L000551,115
850,Jerrold,NADLER,REPRESENTATIVE,D,NY,10,N000002,115
2008,Rob,WOODALL,REPRESENTATIVE,R,GA,7,W000810,114
2008,Rob,WOODALL,REPRESENTATIVE,R,GA,7,W000810,114
2008,Rob,WOODALL,REPRESENTATIVE,R,GA,7,W000810,114
2008,Rob,WOODALL,REPRESENTATIVE,R,GA,7,W000810,114
2008,Rob,WOODALL,REPRESENTATIVE,R,GA,7,W000810,114
2259,Bonnie,COLE,REPRESENTATIVE,D,NJ,12,W000822,114
2008,Rob,WOODALL,REPRESENTATIVE,R,GA,7,W000810,114
2275,Dan,NEWHOUSE,REPRESENTATIVE,R,WA,4,N000189,114
2171,Mark,POCAN,REPRESENTATIVE,D,WI,2,P000607,114
2008,Rob,WOODALL,REPRESENTATIVE,R,GA,7,W000810,114
1069,Louise,SLAUGHTER,REPRESENTATIVE,D,NY,25,S000480,114
1069,Louise,SLAUGHTER,REPRESENTATIVE,D,NY,25,S000480,114
2008,Rob,WOODALL,REPRESENTATIVE,R,GA,7,W000810,114
1836,Joe,COURTNEY,REPRESENTATIVE,D,CT,2,C001069,114
2008,Rob,WOODALL,REPRESENTATIVE,R,GA,7,W000810,114
99999999999999,First Name unavailable,SOTO,Type Unavailable,Party Info Unavailable,state info unavailable,District Unavailable,BioGuideID unavailable,CongressID unavailable
2008,Rob,WOODALL,REPRESENTATIVE,R,GA,7,W000810,114
99,Earl,BLUMENAUER,REPRESENTATIVE,D,OR,3,B000574,114
2008,Rob,WOODALL,REPRESENTATIVE,R,GA,7,W000810,114
1527,John,SHIMKUS,REPRESENTATIVE,R,IL,15,S000364,114
2008,Rob,WOODALL,REPRESENTATIVE,R,GA,7,W000810,114
99999999999999,First Name unavailable,KHANNA,Type Unavailable,Party Info Unavailable,state info unavailable,District Unavailable,BioGuideID unavailable,CongressID unavailable
2008,Rob,WOODALL,REPRESENTATIVE,R,GA,7,W000810,114
2008,Rob,WOODALL,REPRESENTATIVE,R,GA,7,W000810,114
1857,Keith,ELLISON,REPRESENTATIVE,D,MN,5,E000288,114
2008,Rob,WOODALL,REPRESENTATIVE,R,GA,7,W000810,114
99999999999999,First Name unavailable,SUOZZI,Type Unavailable,Party Info Unavailable,state info unavailable,District Unavailable,BioGuideID unavailable,CongressID unavailable
1668,James,LANGEVIN,REPRESENTATIVE,D,RI,2,L000559,115
1668,James,LANGEVIN,REPRESENTATIVE,D,RI,2,L000559,115
1668,James,LANGEVIN,REPRESENTATIVE,D,RI,2,L000559,115
1805,K.,CONAWAY,REPRESENTATIVE,R,TX,11,C001062,115
1805,K.,CONAWAY,REPRESENTATIVE,R,TX,11,C001062,115
1668,James,LANGEVIN,REPRESENTATIVE,D,RI,2,L000559,115
910,Collin,PETERSON,REPRESENTATIVE,D,MN,7,P000258,115
1805,K.,CONAWAY,REPRESENTATIVE,R,TX,11,C001062,115
1805,K.,CONAWAY,REPRESENTATIVE,R,TX,11,C001062,115
1805,K.,CONAWAY,REPRESENTATIVE,R,TX,11,C001062,115
910,Collin,PETERSON,REPRESENTATIVE,D,MN,7,P000258,115
1805,K.,CONAWAY,REPRESENTATIVE,R,TX,11,C001062,115
1989,Eric,CRAWFORD,REPRESENTATIVE,R,AR,1,C001087,115
910,Collin,PETERSON,REPRESENTATIVE,D,MN,7,P000258,115
2274,Stacey,PLASKETT,DELEGATE,D,VI,N/A,P000610,115
1805,K.,CONAWAY,REPRESENTATIVE,R,TX,11,C001062,115
910,Collin,PETERSON,REPRESENTATIVE,D,MN,7,P000258,115
910,Collin,PETERSON,REPRESENTATIVE,D,MN,7,P000258,115
1805,K.,CONAWAY,REPRESENTATIVE,R,TX,11,C001062,115
2032,Vicky,HARTZLER,REPRESENTATIVE,R,MO,4,H001053,115
910,Collin,PETERSON,REPRESENTATIVE,D,MN,7,P000258,115
1805,K.,CONAWAY,REPRESENTATIVE,R,TX,11,C001062,115
2115,Ted,YOHO,REPRESENTATIVE,R,FL,3,Y000065,115
910,Collin,PETERSON,REPRESENTATIVE,D,MN,7,P000258,115
1805,K.,CONAWAY,REPRESENTATIVE,R,TX,11,C001062,115
910,Collin,PETERSON,REPRESENTATIVE,D,MN,7,P000258,115
1805,K.,CONAWAY,REPRESENTATIVE,R,TX,11,C001062,115
1805,K.,CONAWAY,REPRESENTATIVE,R,TX,11,C001062,115
910,Collin,PETERSON,REPRESENTATIVE,D,MN,7,P000258,115
910,Collin,PETERSON,REPRESENTATIVE,D,MN,7,P000258,115
1805,K.,CONAWAY,REPRESENTATIVE,R,TX,11,C001062,115
910,Collin,PETERSON,REPRESENTATIVE,D,MN,7,P000258,115
1805,K.,CONAWAY,REPRESENTATIVE,R,TX,11,C001062,115
446,Bob,GOODLATTE,REPRESENTATIVE,R,VA,6,G000289,115
1805,K.,CONAWAY,REPRESENTATIVE,R,TX,11,C001062,115
1460,Robert,ADERHOLT,REPRESENTATIVE,R,AL,4,A000055,115
1460,Robert,ADERHOLT,REPRESENTATIVE,R,AL,4,A000055,115
910,Collin,PETERSON,REPRESENTATIVE,D,MN,7,P000258,115
910,Collin,PETERSON,REPRESENTATIVE,D,MN,7,P000258,115
1460,Robert,ADERHOLT,REPRESENTATIVE,R,AL,4,A000055,115
1460,Robert,ADERHOLT,REPRESENTATIVE,R,AL,4,A000055,115
1460,Robert,ADERHOLT,REPRESENTATIVE,R,AL,4,A000055,115
1460,Robert,ADERHOLT,REPRESENTATIVE,R,AL,4,A000055,115
910,Collin,PETERSON,REPRESENTATIVE,D,MN,7,P000258,115
1460,Robert,ADERHOLT,REPRESENTATIVE,R,AL,4,A000055,115
910,Collin,PETERSON,REPRESENTATIVE,D,MN,7,P000258,115
910,Collin,PETERSON,REPRESENTATIVE,D,MN,7,P000258,115
1805,K.,CONAWAY,REPRESENTATIVE,R,TX,11,C001062,115
1805,K.,CONAWAY,REPRESENTATIVE,R,TX,11,C001062,115
1805,K.,CONAWAY,REPRESENTATIVE,R,TX,11,C001062,115
910,Collin,PETERSON,REPRESENTATIVE,D,MN,7,P000258,115
1805,K.,CONAWAY,REPRESENTATIVE,R,TX,11,C001062,115
1805,K.,CONAWAY,REPRESENTATIVE,R,TX,11,C001062,115
1805,K.,CONAWAY,REPRESENTATIVE,R,TX,11,C001062,115
910,Collin,PETERSON,REPRESENTATIVE,D,MN,7,P000258,115
910,Collin,PETERSON,REPRESENTATIVE,D,MN,7,P000258,115
1836,Joe,COURTNEY,REPRESENTATIVE,D,CT,2,C001069,115
1805,K.,CONAWAY,REPRESENTATIVE,R,TX,11,C001062,115
1805,K.,CONAWAY,REPRESENTATIVE,R,TX,11,C001062,115
1836,Joe,COURTNEY,REPRESENTATIVE,D,CT,2,C001069,115
2072,Sean,DUFFY,N/A,R,WI,N/A,D000614,115
2072,Sean,DUFFY,N/A,R,WI,N/A,D000614,115
910,Collin,PETERSON,REPRESENTATIVE,D,MN,7,P000258,115
910,Collin,PETERSON,REPRESENTATIVE,D,MN,7,P000258,115
910,Collin,PETERSON,REPRESENTATIVE,D,MN,7,P000258,115
2072,Sean,DUFFY,N/A,R,WI,N/A,D000614,115
2072,Sean,DUFFY,N/A,R,WI,N/A,D000614,115
910,Collin,PETERSON,REPRESENTATIVE,D,MN,7,P000258,115
2072,Sean,DUFFY,N/A,R,WI,N/A,D000614,115
910,Collin,PETERSON,REPRESENTATIVE,D,MN,7,P000258,115
910,Collin,PETERSON,REPRESENTATIVE,D,MN,7,P000258,115
2072,Sean,DUFFY,N/A,R,WI,N/A,D000614,115
910,Collin,PETERSON,REPRESENTATIVE,D,MN,7,P000258,115
910,Collin,PETERSON,REPRESENTATIVE,D,MN,7,P000258,115
711,Frank,LUCAS,REPRESENTATIVE,R,OK,3,L000491,115
711,Frank,LUCAS,REPRESENTATIVE,R,OK,3,L000491,115
711,Frank,LUCAS,REPRESENTATIVE,R,OK,3,L000491,115
1805,K.,CONAWAY,REPRESENTATIVE,R,TX,11,C001062,115
711,Frank,LUCAS,REPRESENTATIVE,R,OK,3,L000491,115
2032,Vicky,HARTZLER,REPRESENTATIVE,R,MO,4,H001053,115
2032,Vicky,HARTZLER,REPRESENTATIVE,R,MO,4,H001053,115
910,Collin,PETERSON,REPRESENTATIVE,D,MN,7,P000258,115
910,Collin,PETERSON,REPRESENTATIVE,D,MN,7,P000258,115
2032,Vicky,HARTZLER,REPRESENTATIVE,R,MO,4,H001053,115
1805,K.,CONAWAY,REPRESENTATIVE,R,TX,11,C001062,115
1036,Charles,SCHUMER,SENATOR,D,NY,N/A,S000148,115
2115,Ted,YOHO,REPRESENTATIVE,R,FL,3,Y000065,115
887,Frank,PALLONE,REPRESENTATIVE,D,NJ,6,P000034,115
2229,Pete,AGUILAR,REPRESENTATIVE,D,CA,31,A000371,115
2076,Richard,BLUMENTHAL,SENATOR,D,CT,N/A,B001277,115
2076,Richard,BLUMENTHAL,SENATOR,D,CT,N/A,B001277,115
2076,Richard,BLUMENTHAL,SENATOR,D,CT,N/A,B001277,115
1866,Kirsten,GILLIBRAND,SENATOR,D,NY,N/A,G000555,115
1866,Kirsten,GILLIBRAND,SENATOR,D,NY,N/A,G000555,115
1541,Susan,COLLINS,REPRESENTATIVE,R,ME,9,C001035,115
174,Benjamin,CARDIN,SENATOR,D,MD,N/A,C000141,115
1729,Chris,VAN HOLLEN,REPRESENTATIVE,D,MD,8,V000128,114
1866,Kirsten,GILLIBRAND,SENATOR,D,NY,N/A,G000555,115
1351,Orrin,HATCH,SENATOR,R,UT,N/A,H000338,115
1351,Orrin,HATCH,SENATOR,R,UT,N/A,H000338,115
949,Jack,REED,REPRESENTATIVE,D,RI,23,R000122,115
949,Jack,REED,REPRESENTATIVE,D,RI,23,R000122,115
949,Jack,REED,REPRESENTATIVE,D,RI,23,R000122,115
1900,Jeff,MERKLEY,SENATOR,D,OR,N/A,M001176,115
949,Jack,REED,REPRESENTATIVE,D,RI,23,R000122,115
1900,Jeff,MERKLEY,SENATOR,D,OR,N/A,M001176,115
1900,Jeff,MERKLEY,SENATOR,D,OR,N/A,M001176,115
1900,Jeff,MERKLEY,SENATOR,D,OR,N/A,M001176,115
1900,Jeff,MERKLEY,SENATOR,D,OR,N/A,M001176,115
1900,Jeff,MERKLEY,SENATOR,D,OR,N/A,M001176,115
1900,Jeff,MERKLEY,SENATOR,D,OR,N/A,M001176,115
1900,Jeff,MERKLEY,SENATOR,D,OR,N/A,M001176,115
1900,Jeff,MERKLEY,SENATOR,D,OR,N/A,M001176,115
1692,John,CORNYN,SENATOR,R,TX,N/A,C001056,115
1950,Kurt,SCHRADER,REPRESENTATIVE,D,OR,5,S001180,115
566,Steny,HOYER,REPRESENTATIVE,D,MD,5,H000874,115
2028,Bill,HUIZENGA,REPRESENTATIVE,R,MI,2,H001058,115
2028,Bill,HUIZENGA,REPRESENTATIVE,R,MI,2,H001058,115
1811,Gwen,MOORE,SENATOR,D,WI,N/A,M001160,115
2028,Bill,HUIZENGA,REPRESENTATIVE,R,MI,2,H001058,115
2028,Bill,HUIZENGA,REPRESENTATIVE,R,MI,2,H001058,115
2332,Jamie,RASKIN,N/A,D,MD,N/A,R000606,115
2332,Jamie,RASKIN,N/A,D,MD,N/A,R000606,115
2028,Bill,HUIZENGA,REPRESENTATIVE,R,MI,2,H001058,115
2028,Bill,HUIZENGA,REPRESENTATIVE,R,MI,2,H001058,115
2332,Jamie,RASKIN,N/A,D,MD,N/A,R000606,115
2028,Bill,HUIZENGA,REPRESENTATIVE,R,MI,2,H001058,115
2332,Jamie,RASKIN,N/A,D,MD,N/A,R000606,115
2028,Bill,HUIZENGA,REPRESENTATIVE,R,MI,2,H001058,115
2332,Jamie,RASKIN,N/A,D,MD,N/A,R000606,115
2127,Cheri,BUSTOS,REPRESENTATIVE,D,IL,17,B001286,115
2127,Cheri,BUSTOS,REPRESENTATIVE,D,IL,17,B001286,115
2127,Cheri,BUSTOS,REPRESENTATIVE,D,IL,17,B001286,115
2028,Bill,HUIZENGA,REPRESENTATIVE,R,MI,2,H001058,115
2028,Bill,HUIZENGA,REPRESENTATIVE,R,MI,2,H001058,115
2127,Cheri,BUSTOS,REPRESENTATIVE,D,IL,17,B001286,115
2138,Steve,DAINES,SENATOR,R,MT,N/A,D000618,114
2138,Steve,DAINES,SENATOR,R,MT,N/A,D000618,115
457,Chuck,GRASSLEY,SENATOR,R,IA,N/A,G000386,115
2138,Steve,DAINES,SENATOR,R,MT,N/A,D000618,115
859,Bill,NELSON,SENATOR,D,FL,N/A,N000032,115
326,Richard,DURBIN,SENATOR,D,IL,N/A,D000563,115
