speaker_id,first_name,last_name,type,party,state,district,bio_guide_id,congress_id
924,Rob,PORTMAN,SENATOR,R,OH,N/A,P000449,115
924,Rob,PORTMAN,SENATOR,R,OH,N/A,P000449,115
924,Rob,PORTMAN,SENATOR,R,OH,N/A,P000449,115
2185,Angus,KING,REPRESENTATIVE,I,ME,4,K000383,115
2056,Tim,SCOTT,REPRESENTATIVE,R,SC,52,S001184,115
2194,Cory,BOOKER,SENATOR,D,NJ,N/A,B001288,115
1687,John,BOOZMAN,SENATOR,R,AR,N/A,B001236,115
2056,Tim,SCOTT,REPRESENTATIVE,R,SC,52,S001184,115
2056,Tim,SCOTT,REPRESENTATIVE,R,SC,52,S001184,115
2286,David,PERDUE,SENATOR,R,GA,N/A,P000612,115
2056,Tim,SCOTT,REPRESENTATIVE,R,SC,52,S001184,115
1558,Tammy,BALDWIN,SENATOR,D,WI,N/A,B001230,115
2286,David,PERDUE,SENATOR,R,GA,N/A,P000612,115
2290,Dan,SULLIVAN,SENATOR,R,AK,N/A,S001198,115
