speaker_id,first_name,last_name,type,party,state,district,bio_guide_id,congress_id
1695,Lamar,ALEXANDER,SENATOR,R,TN,N/A,A000360,115
2290,Dan,SULLIVAN,SENATOR,R,AK,N/A,S001198,115
1937,Martin,HEINRICH,SENATOR,D,NM,N/A,H001046,115
1694,Lisa,MURKOWSKI,SENATOR,R,AK,N/A,M001153,115
1694,Lisa,MURKOWSKI,SENATOR,R,AK,N/A,M001153,115
1383,Patrick,LEAHY,SENATOR,D,VT,N/A,L000174,115
172,Maria,CANTWELL,SENATOR,D,WA,N/A,C000127,115
172,Maria,CANTWELL,SENATOR,D,WA,N/A,C000127,115
172,Maria,CANTWELL,SENATOR,D,WA,N/A,C000127,115
172,Maria,CANTWELL,SENATOR,D,WA,N/A,C000127,115
1998,Cory,GARDNER,N/A,R,CO,N/A,G000562,115
1687,John,BOOZMAN,SENATOR,R,AR,N/A,B001236,115
859,Bill,NELSON,SENATOR,D,FL,N/A,N000032,115
1692,John,CORNYN,SENATOR,R,TX,N/A,C001056,115
859,Bill,NELSON,SENATOR,D,FL,N/A,N000032,115
1692,John,CORNYN,SENATOR,R,TX,N/A,C001056,115
859,Bill,NELSON,SENATOR,D,FL,N/A,N000032,115
1692,John,CORNYN,SENATOR,R,TX,N/A,C001056,115
859,Bill,NELSON,SENATOR,D,FL,N/A,N000032,115
1692,John,CORNYN,SENATOR,R,TX,N/A,C001056,115
859,Bill,NELSON,SENATOR,D,FL,N/A,N000032,115
1692,John,CORNYN,SENATOR,R,TX,N/A,C001056,115
2076,Richard,BLUMENTHAL,SENATOR,D,CT,N/A,B001277,115
1695,Lamar,ALEXANDER,SENATOR,R,TN,N/A,A000360,115
2194,Cory,BOOKER,SENATOR,D,NJ,N/A,B001288,115
968,Pat,ROBERTS,SENATOR,R,KS,N/A,R000307,115
1567,Tom,UDALL,SENATOR,D,NM,N/A,U000039,115
1567,Tom,UDALL,SENATOR,D,NM,N/A,U000039,115
1925,Bill,CASSIDY,SENATOR,R,LA,N/A,C001075,115
2303,John,KENNEDY,REPRESENTATIVE,R,LA,4,K000393,115
1692,John,CORNYN,SENATOR,R,TX,N/A,C001056,115
1692,John,CORNYN,SENATOR,R,TX,N/A,C001056,115
1692,John,CORNYN,SENATOR,R,TX,N/A,C001056,115
136,Sherrod,BROWN,REPRESENTATIVE,D,OH,26,B000944,115
136,Sherrod,BROWN,REPRESENTATIVE,D,OH,26,B000944,115
136,Sherrod,BROWN,REPRESENTATIVE,D,OH,26,B000944,115
1937,Martin,HEINRICH,SENATOR,D,NM,N/A,H001046,115
2290,Dan,SULLIVAN,SENATOR,R,AK,N/A,S001198,115
583,James,INHOFE,SENATOR,R,OK,N/A,I000024,115
1692,John,CORNYN,SENATOR,R,TX,N/A,C001056,115
2107,Tony,CARDENAS,REPRESENTATIVE,D,CA,29,C001097,115
1383,Patrick,LEAHY,SENATOR,D,VT,N/A,L000174,115
1332,Dianne,FEINSTEIN,SENATOR,D,CA,N/A,F000062,115
1881,John,BARRASSO,SENATOR,R,WY,N/A,B001261,115
1692,John,CORNYN,SENATOR,R,TX,N/A,C001056,115
2149,Hakeem,JEFFRIES,REPRESENTATIVE,D,NY,8,J000294,115
2166,Marc,VEASEY,REPRESENTATIVE,D,TX,33,V000131,115
1383,Patrick,LEAHY,SENATOR,D,VT,N/A,L000174,115
2290,Dan,SULLIVAN,SENATOR,R,AK,N/A,S001198,115
616,Marcy,KAPTUR,REPRESENTATIVE,D,OH,8,K000009,115
1464,Roy,BLUNT,SENATOR,R,MO,N/A,B000575,115
2283,Joni,ERNST,SENATOR,R,IA,N/A,E000295,115
1881,John,BARRASSO,SENATOR,R,WY,N/A,B001261,115
1036,Charles,SCHUMER,SENATOR,D,NY,N/A,S000148,115
2297,James,COMER,N/A,R,KY,N/A,C001108,115
1986,Martha,ROBY,REPRESENTATIVE,R,AL,2,R000591,115
1036,Charles,SCHUMER,SENATOR,D,NY,N/A,S000148,115
2170,Denny,HECK,REPRESENTATIVE,D,WA,3,H001064,115
2314,Matt,GAETZ,N/A,R,FL,N/A,G000578,115
1910,Jared,POLIS,REPRESENTATIVE,D,CO,2,P000598,115
1910,Jared,POLIS,REPRESENTATIVE,D,CO,2,P000598,115
1910,Jared,POLIS,REPRESENTATIVE,D,CO,2,P000598,115
1510,Bill,PASCRELL,REPRESENTATIVE,D,NJ,9,P000096,115
1510,Bill,PASCRELL,REPRESENTATIVE,D,NJ,9,P000096,115
1510,Bill,PASCRELL,REPRESENTATIVE,D,NJ,9,P000096,115
1510,Bill,PASCRELL,REPRESENTATIVE,D,NJ,9,P000096,115
1878,Steve,COHEN,REPRESENTATIVE,D,TN,9,C001068,115
1878,Steve,COHEN,REPRESENTATIVE,D,TN,9,C001068,115
1878,Steve,COHEN,REPRESENTATIVE,D,TN,9,C001068,115
1910,Jared,POLIS,REPRESENTATIVE,D,CO,2,P000598,115
1910,Jared,POLIS,REPRESENTATIVE,D,CO,2,P000598,115
1910,Jared,POLIS,REPRESENTATIVE,D,CO,2,P000598,115
1910,Jared,POLIS,REPRESENTATIVE,D,CO,2,P000598,115
2356,Liz,CHENEY,N/A,R,WY,N/A,C001109,115
1910,Jared,POLIS,REPRESENTATIVE,D,CO,2,P000598,115
1588,Janice,SCHAKOWSKY,REPRESENTATIVE,D,IL,9,S001145,115
850,Jerrold,NADLER,REPRESENTATIVE,D,NY,10,N000002,115
2141,Robert,PITTENGER,REPRESENTATIVE,R,NC,9,P000606,115
2290,Dan,SULLIVAN,SENATOR,R,AK,N/A,S001198,115
1940,Dina,TITUS,REPRESENTATIVE,D,NV,1,T000468,115
1927,Chellie,PINGREE,REPRESENTATIVE,D,ME,1,P000597,115
1525,Pete,SESSIONS,SENATOR,R,TX,N/A,S000250,115
1383,Patrick,LEAHY,SENATOR,D,VT,N/A,L000174,115
1383,Patrick,LEAHY,SENATOR,D,VT,N/A,L000174,115
174,Benjamin,CARDIN,SENATOR,D,MD,N/A,C000141,115
2176,Tim,KAINE,SENATOR,D,VA,N/A,K000384,115
2138,Steve,DAINES,SENATOR,R,MT,N/A,D000618,115
174,Benjamin,CARDIN,SENATOR,D,MD,N/A,C000141,115
2021,Kevin,YODER,REPRESENTATIVE,R,KS,3,Y000063,115
1825,Bob,CORKER,SENATOR,R,TN,N/A,C001071,115
2355,Mike,GALLAGHER,N/A,R,WI,N/A,G000579,115
2355,Mike,GALLAGHER,N/A,R,WI,N/A,G000579,115
2337,Don,BACON,N/A,R,NE,N/A,B001298,115
2355,Mike,GALLAGHER,N/A,R,WI,N/A,G000579,115
2355,Mike,GALLAGHER,N/A,R,WI,N/A,G000579,115
2345,Brian,FITZPATRICK,REPRESENTATIVE,R,PA,8,F000466,115
2308,Ro,KHANNA,N/A,D,CA,N/A,K000389,115
2355,Mike,GALLAGHER,N/A,R,WI,N/A,G000579,115
2333,Jack,BERGMAN,N/A,R,MI,N/A,B001301,115
2355,Mike,GALLAGHER,N/A,R,WI,N/A,G000579,115
2350,Jodey,ARRINGTON,N/A,R,TX,N/A,A000375,115
2355,Mike,GALLAGHER,N/A,R,WI,N/A,G000579,115
2194,Cory,BOOKER,SENATOR,D,NJ,N/A,B001288,115
2312,J.,CORREA,N/A,D,CA,N/A,C001110,115
1036,Charles,SCHUMER,SENATOR,D,NY,N/A,S000148,115
344,Eliot,ENGEL,REPRESENTATIVE,D,NY,16,E000179,115
344,Eliot,ENGEL,REPRESENTATIVE,D,NY,16,E000179,115
2321,Charlie,CRIST,N/A,D,FL,N/A,C001111,115
2290,Dan,SULLIVAN,SENATOR,R,AK,N/A,S001198,115
478,Luis,GUTIERREZ,REPRESENTATIVE,D,IL,4,G000535,115
2172,Joseph,KENNEDY,REPRESENTATIVE,D,MA,4,K000379,115
1507,Jerry,MORAN,SENATOR,R,KS,N/A,M000934,115
2153,Joyce,BEATTY,REPRESENTATIVE,D,OH,3,B001281,115
1881,John,BARRASSO,SENATOR,R,WY,N/A,B001261,115
1881,John,BARRASSO,SENATOR,R,WY,N/A,B001261,115
250,Mike,CRAPO,SENATOR,R,ID,N/A,C000880,115
2109,Raul,RUIZ,REPRESENTATIVE,D,CA,36,R000599,115
1507,Jerry,MORAN,SENATOR,R,KS,N/A,M000934,115
1177,Fred,UPTON,REPRESENTATIVE,R,MI,6,U000031,115
511,Alcee,HASTINGS,REPRESENTATIVE,D,FL,20,H000324,115
2226,Ruben,GALLEGO,REPRESENTATIVE,D,AZ,7,G000574,115
1991,Steve,WOMACK,REPRESENTATIVE,R,AR,3,W000809,115
2290,Dan,SULLIVAN,SENATOR,R,AK,N/A,S001198,115
2290,Dan,SULLIVAN,SENATOR,R,AK,N/A,S001198,115
2293,Daniel,DONOVAN,REPRESENTATIVE,R,NY,11,D000625,115
2293,Daniel,DONOVAN,REPRESENTATIVE,R,NY,11,D000625,115
2293,Daniel,DONOVAN,REPRESENTATIVE,R,NY,11,D000625,115
2312,J.,CORREA,N/A,D,CA,N/A,C001110,115
2293,Daniel,DONOVAN,REPRESENTATIVE,R,NY,11,D000625,115
2312,J.,CORREA,N/A,D,CA,N/A,C001110,115
2293,Daniel,DONOVAN,REPRESENTATIVE,R,NY,11,D000625,115
2293,Daniel,DONOVAN,REPRESENTATIVE,R,NY,11,D000625,115
1791,Virginia,FOXX,REPRESENTATIVE,R,NC,5,F000450,115
1791,Virginia,FOXX,REPRESENTATIVE,R,NC,5,F000450,115
1791,Virginia,FOXX,REPRESENTATIVE,R,NC,5,F000450,115
1791,Virginia,FOXX,REPRESENTATIVE,R,NC,5,F000450,115
2342,Adriano,ESPAILLAT,N/A,D,NY,N/A,E000297,115
1791,Virginia,FOXX,REPRESENTATIVE,R,NC,5,F000450,115
1855,Tim,WALBERG,REPRESENTATIVE,R,MI,7,W000798,115
1791,Virginia,FOXX,REPRESENTATIVE,R,NC,5,F000450,115
1855,Tim,WALBERG,REPRESENTATIVE,R,MI,7,W000798,115
1836,Joe,COURTNEY,REPRESENTATIVE,D,CT,2,C001069,115
1836,Joe,COURTNEY,REPRESENTATIVE,D,CT,2,C001069,115
1791,Virginia,FOXX,REPRESENTATIVE,R,NC,5,F000450,115
1791,Virginia,FOXX,REPRESENTATIVE,R,NC,5,F000450,115
186,Steve,CHABOT,REPRESENTATIVE,R,OH,1,C000266,115
1791,Virginia,FOXX,REPRESENTATIVE,R,NC,5,F000450,115
2239,Rick,ALLEN,REPRESENTATIVE,R,GA,12,A000372,115
1791,Virginia,FOXX,REPRESENTATIVE,R,NC,5,F000450,115
2334,Paul,MITCHELL,N/A,R,MI,N/A,M001201,115
1791,Virginia,FOXX,REPRESENTATIVE,R,NC,5,F000450,115
1791,Virginia,FOXX,REPRESENTATIVE,R,NC,5,F000450,115
1791,Virginia,FOXX,REPRESENTATIVE,R,NC,5,F000450,115
1791,Virginia,FOXX,REPRESENTATIVE,R,NC,5,F000450,115
1791,Virginia,FOXX,REPRESENTATIVE,R,NC,5,F000450,115
2115,Ted,YOHO,REPRESENTATIVE,R,FL,3,Y000065,115
1793,Jeff,FORTENBERRY,REPRESENTATIVE,R,NE,1,F000449,115
1790,Emanuel,CLEAVER,REPRESENTATIVE,D,MO,5,C001061,115
2341,Thomas,SUOZZI,N/A,D,NY,N/A,S001201,115
2293,Daniel,DONOVAN,REPRESENTATIVE,R,NY,11,D000625,115
2293,Daniel,DONOVAN,REPRESENTATIVE,R,NY,11,D000625,115
2293,Daniel,DONOVAN,REPRESENTATIVE,R,NY,11,D000625,115
2312,J.,CORREA,N/A,D,CA,N/A,C001110,115
2293,Daniel,DONOVAN,REPRESENTATIVE,R,NY,11,D000625,115
2293,Daniel,DONOVAN,REPRESENTATIVE,R,NY,11,D000625,115
2171,Mark,POCAN,REPRESENTATIVE,D,WI,2,P000607,115
2185,Angus,KING,REPRESENTATIVE,I,ME,4,K000383,115
2290,Dan,SULLIVAN,SENATOR,R,AK,N/A,S001198,115
2290,Dan,SULLIVAN,SENATOR,R,AK,N/A,S001198,115
2354,Pramila,JAYAPAL,N/A,D,WA,N/A,J000298,115
2354,Pramila,JAYAPAL,N/A,D,WA,N/A,J000298,115
2055,David,CICILLINE,REPRESENTATIVE,D,RI,1,C001084,115
2354,Pramila,JAYAPAL,N/A,D,WA,N/A,J000298,115
2354,Pramila,JAYAPAL,N/A,D,WA,N/A,J000298,115
1708,Raul,GRIJALVA,REPRESENTATIVE,D,AZ,3,G000551,115
2354,Pramila,JAYAPAL,N/A,D,WA,N/A,J000298,115
2172,Joseph,KENNEDY,REPRESENTATIVE,D,MA,4,K000379,115
2354,Pramila,JAYAPAL,N/A,D,WA,N/A,J000298,115
867,Richard,NOLAN,REPRESENTATIVE,D,MN,8,N000127,115
2354,Pramila,JAYAPAL,N/A,D,WA,N/A,J000298,115
2354,Pramila,JAYAPAL,N/A,D,WA,N/A,J000298,115
2354,Pramila,JAYAPAL,N/A,D,WA,N/A,J000298,115
868,Eleanor,NORTON,DELEGATE,D,DC,N/A,N000147,115
2332,Jamie,RASKIN,N/A,D,MD,N/A,R000606,115
2354,Pramila,JAYAPAL,N/A,D,WA,N/A,J000298,115
2354,Pramila,JAYAPAL,N/A,D,WA,N/A,J000298,115
2290,Dan,SULLIVAN,SENATOR,R,AK,N/A,S001198,115
2290,Dan,SULLIVAN,SENATOR,R,AK,N/A,S001198,115
2309,Jimmy,PANETTA,N/A,D,CA,N/A,P000613,115
1930,Erik,PAULSEN,REPRESENTATIVE,R,MN,3,P000594,115
1247,Ron,WYDEN,SENATOR,D,OR,N/A,W000779,115
2055,David,CICILLINE,REPRESENTATIVE,D,RI,1,C001084,115
2290,Dan,SULLIVAN,SENATOR,R,AK,N/A,S001198,115
2290,Dan,SULLIVAN,SENATOR,R,AK,N/A,S001198,115
99,Earl,BLUMENAUER,REPRESENTATIVE,D,OR,3,B000574,115
2290,Dan,SULLIVAN,SENATOR,R,AK,N/A,S001198,115
2127,Cheri,BUSTOS,REPRESENTATIVE,D,IL,17,B001286,114
