speaker_id,first_name,last_name,type,party,state,district,bio_guide_id,congress_id
99,Earl,BLUMENAUER,REPRESENTATIVE,D,OR,3,B000574,115
1910,Jared,POLIS,REPRESENTATIVE,D,CO,2,P000598,115
1695,Lamar,ALEXANDER,SENATOR,R,TN,N/A,A000360,115
1695,Lamar,ALEXANDER,SENATOR,R,TN,N/A,A000360,115
1695,Lamar,ALEXANDER,SENATOR,R,TN,N/A,A000360,115
1692,John,CORNYN,SENATOR,R,TX,N/A,C001056,115
2109,Raul,RUIZ,REPRESENTATIVE,D,CA,36,R000599,115
2344,Claudia,TENNEY,N/A,R,NY,N/A,T000478,115
1708,Raul,GRIJALVA,REPRESENTATIVE,D,AZ,3,G000551,115
2060,Kristi,NOEM,REPRESENTATIVE,R,SD,0,N000184,115
1708,Raul,GRIJALVA,REPRESENTATIVE,D,AZ,3,G000551,115
1708,Raul,GRIJALVA,REPRESENTATIVE,D,AZ,3,G000551,115
1738,Stevan,PEARCE,REPRESENTATIVE,R,NM,2,P000588,115
1962,Gregorio,SABLAN,DELEGATE,D,MP,N/A,S001177,115
2110,Mark,TAKANO,REPRESENTATIVE,D,CA,41,T000472,115
2110,Mark,TAKANO,REPRESENTATIVE,D,CA,41,T000472,115
1588,Janice,SCHAKOWSKY,REPRESENTATIVE,D,IL,9,S001145,115
1855,Tim,WALBERG,REPRESENTATIVE,R,MI,7,W000798,115
2171,Mark,POCAN,REPRESENTATIVE,D,WI,2,P000607,115
1855,Tim,WALBERG,REPRESENTATIVE,R,MI,7,W000798,115
1791,Virginia,FOXX,REPRESENTATIVE,R,NC,5,F000450,115
616,Marcy,KAPTUR,REPRESENTATIVE,D,OH,8,K000009,115
616,Marcy,KAPTUR,REPRESENTATIVE,D,OH,8,K000009,115
1855,Tim,WALBERG,REPRESENTATIVE,R,MI,7,W000798,115
566,Steny,HOYER,REPRESENTATIVE,D,MD,5,H000874,115
566,Steny,HOYER,REPRESENTATIVE,D,MD,5,H000874,115
1855,Tim,WALBERG,REPRESENTATIVE,R,MI,7,W000798,115
2202,Donald,NORCROSS,REPRESENTATIVE,D,NJ,1,N000188,115
2202,Donald,NORCROSS,REPRESENTATIVE,D,NJ,1,N000188,115
2202,Donald,NORCROSS,REPRESENTATIVE,D,NJ,1,N000188,115
1855,Tim,WALBERG,REPRESENTATIVE,R,MI,7,W000798,115
2017,Todd,ROKITA,REPRESENTATIVE,R,IN,4,R000592,115
1855,Tim,WALBERG,REPRESENTATIVE,R,MI,7,W000798,115
1855,Tim,WALBERG,REPRESENTATIVE,R,MI,7,W000798,115
2021,Kevin,YODER,REPRESENTATIVE,R,KS,3,Y000063,115
616,Marcy,KAPTUR,REPRESENTATIVE,D,OH,8,K000009,115
1942,Paul,TONKO,REPRESENTATIVE,D,NY,20,T000469,115
2344,Claudia,TENNEY,N/A,R,NY,N/A,T000478,115
2101,Jared,HUFFMAN,REPRESENTATIVE,D,CA,2,H001068,115
2340,Ruben,KIHUEN,N/A,D,NV,N/A,K000390,115
2243,Mike,BOST,REPRESENTATIVE,R,IL,12,B001295,115
2243,Mike,BOST,REPRESENTATIVE,R,IL,12,B001295,115
2243,Mike,BOST,REPRESENTATIVE,R,IL,12,B001295,115
2243,Mike,BOST,REPRESENTATIVE,R,IL,12,B001295,115
1534,John,THUNE,SENATOR,R,SD,N/A,T000250,115
511,Alcee,HASTINGS,REPRESENTATIVE,D,FL,20,H000324,115
1041,F.,SENSENBRENNER,REPRESENTATIVE,R,WI,5,S000244,115
1041,F.,SENSENBRENNER,REPRESENTATIVE,R,WI,5,S000244,115
511,Alcee,HASTINGS,REPRESENTATIVE,D,FL,20,H000324,115
701,Zoe,LOFGREN,REPRESENTATIVE,D,CA,19,L000397,115
2356,Liz,CHENEY,N/A,R,WY,N/A,C001109,115
511,Alcee,HASTINGS,REPRESENTATIVE,D,FL,20,H000324,115
701,Zoe,LOFGREN,REPRESENTATIVE,D,CA,19,L000397,115
2345,Brian,FITZPATRICK,REPRESENTATIVE,R,PA,8,F000466,115
511,Alcee,HASTINGS,REPRESENTATIVE,D,FL,20,H000324,115
511,Alcee,HASTINGS,REPRESENTATIVE,D,FL,20,H000324,115
511,Alcee,HASTINGS,REPRESENTATIVE,D,FL,20,H000324,115
2170,Denny,HECK,REPRESENTATIVE,D,WA,3,H001064,115
511,Alcee,HASTINGS,REPRESENTATIVE,D,FL,20,H000324,115
511,Alcee,HASTINGS,REPRESENTATIVE,D,FL,20,H000324,115
511,Alcee,HASTINGS,REPRESENTATIVE,D,FL,20,H000324,115
2025,William,KEATING,REPRESENTATIVE,D,MA,9,K000375,115
905,Nancy,PELOSI,REPRESENTATIVE,D,CA,12,P000197,115
2021,Kevin,YODER,REPRESENTATIVE,R,KS,3,Y000063,115
2194,Cory,BOOKER,SENATOR,D,NJ,N/A,B001288,115
1351,Orrin,HATCH,SENATOR,R,UT,N/A,H000338,115
1010,Bernard,SANDERS,SENATOR,I,VT,N/A,S000033,115
1010,Bernard,SANDERS,SENATOR,I,VT,N/A,S000033,115
1850,Joe,DONNELLY,SENATOR,D,IN,N/A,D000607,115
2079,John,HOEVEN,SENATOR,R,ND,N/A,H001061,115
1507,Jerry,MORAN,SENATOR,R,KS,N/A,M000934,115
1507,Jerry,MORAN,SENATOR,R,KS,N/A,M000934,115
1823,Sheldon,WHITEHOUSE,SENATOR,D,RI,N/A,W000802,115
1823,Sheldon,WHITEHOUSE,SENATOR,D,RI,N/A,W000802,115
1823,Sheldon,WHITEHOUSE,SENATOR,D,RI,N/A,W000802,115
1823,Sheldon,WHITEHOUSE,SENATOR,D,RI,N/A,W000802,115
2076,Richard,BLUMENTHAL,SENATOR,D,CT,N/A,B001277,115
2076,Richard,BLUMENTHAL,SENATOR,D,CT,N/A,B001277,115
136,Sherrod,BROWN,REPRESENTATIVE,D,OH,26,B000944,115
1534,John,THUNE,SENATOR,R,SD,N/A,T000250,115
2354,Pramila,JAYAPAL,N/A,D,WA,N/A,J000298,115
1692,John,CORNYN,SENATOR,R,TX,N/A,C001056,115
1823,Sheldon,WHITEHOUSE,SENATOR,D,RI,N/A,W000802,115
949,Jack,REED,REPRESENTATIVE,D,RI,23,R000122,115
949,Jack,REED,REPRESENTATIVE,D,RI,23,R000122,115
583,James,INHOFE,SENATOR,R,OK,N/A,I000024,115
583,James,INHOFE,SENATOR,R,OK,N/A,I000024,115
1844,Mazie,HIRONO,SENATOR,D,HI,N/A,H001042,115
1844,Mazie,HIRONO,SENATOR,D,HI,N/A,H001042,115
2176,Tim,KAINE,SENATOR,D,VA,N/A,K000384,115
2176,Tim,KAINE,SENATOR,D,VA,N/A,K000384,115
1826,Amy,KLOBUCHAR,SENATOR,D,MN,N/A,K000367,115
2076,Richard,BLUMENTHAL,SENATOR,D,CT,N/A,B001277,115
326,Richard,DURBIN,SENATOR,D,IL,N/A,D000563,115
326,Richard,DURBIN,SENATOR,D,IL,N/A,D000563,115
1692,John,CORNYN,SENATOR,R,TX,N/A,C001056,115
326,Richard,DURBIN,SENATOR,D,IL,N/A,D000563,115
1856,Timothy,WALZ,REPRESENTATIVE,D,MN,1,W000799,115
2113,Scott,PETERS,REPRESENTATIVE,D,CA,52,P000608,114
1692,John,CORNYN,SENATOR,R,TX,N/A,C001056,115
2107,Tony,CARDENAS,REPRESENTATIVE,D,CA,29,C001097,115
1351,Orrin,HATCH,SENATOR,R,UT,N/A,H000338,115
1383,Patrick,LEAHY,SENATOR,D,VT,N/A,L000174,115
1692,John,CORNYN,SENATOR,R,TX,N/A,C001056,115
2076,Richard,BLUMENTHAL,SENATOR,D,CT,N/A,B001277,115
2076,Richard,BLUMENTHAL,SENATOR,D,CT,N/A,B001277,115
924,Rob,PORTMAN,SENATOR,R,OH,N/A,P000449,115
1534,John,THUNE,SENATOR,R,SD,N/A,T000250,115
2363,John,CURTIS,N/A,R,UT,N/A,C001114,115
2263,Elise,STEFANIK,REPRESENTATIVE,R,NY,21,S001196,115
2141,Robert,PITTENGER,REPRESENTATIVE,R,NC,9,P000606,115
1668,James,LANGEVIN,REPRESENTATIVE,D,RI,2,L000559,115
1036,Charles,SCHUMER,SENATOR,D,NY,N/A,S000148,115
2055,David,CICILLINE,REPRESENTATIVE,D,RI,1,C001084,115
1825,Bob,CORKER,SENATOR,R,TN,N/A,C001071,115
1036,Charles,SCHUMER,SENATOR,D,NY,N/A,S000148,115
1036,Charles,SCHUMER,SENATOR,D,NY,N/A,S000148,115
1900,Jeff,MERKLEY,SENATOR,D,OR,N/A,M001176,115
1692,John,CORNYN,SENATOR,R,TX,N/A,C001056,115
1409,Patty,MURRAY,SENATOR,D,WA,N/A,M001111,115
1409,Patty,MURRAY,SENATOR,D,WA,N/A,M001111,115
1409,Patty,MURRAY,SENATOR,D,WA,N/A,M001111,115
859,Bill,NELSON,SENATOR,D,FL,N/A,N000032,115
859,Bill,NELSON,SENATOR,D,FL,N/A,N000032,115
1937,Martin,HEINRICH,SENATOR,D,NM,N/A,H001046,115
1937,Martin,HEINRICH,SENATOR,D,NM,N/A,H001046,115
1383,Patrick,LEAHY,SENATOR,D,VT,N/A,L000174,115
1383,Patrick,LEAHY,SENATOR,D,VT,N/A,L000174,115
1383,Patrick,LEAHY,SENATOR,D,VT,N/A,L000174,115
1383,Patrick,LEAHY,SENATOR,D,VT,N/A,L000174,115
1383,Patrick,LEAHY,SENATOR,D,VT,N/A,L000174,115
1383,Patrick,LEAHY,SENATOR,D,VT,N/A,L000174,115
1881,John,BARRASSO,SENATOR,R,WY,N/A,B001261,115
1881,John,BARRASSO,SENATOR,R,WY,N/A,B001261,115
2283,Joni,ERNST,SENATOR,R,IA,N/A,E000295,115
2283,Joni,ERNST,SENATOR,R,IA,N/A,E000295,115
1687,John,BOOZMAN,SENATOR,R,AR,N/A,B001236,115
1687,John,BOOZMAN,SENATOR,R,AR,N/A,B001236,115
1608,Johnny,ISAKSON,SENATOR,R,GA,N/A,I000055,115
1608,Johnny,ISAKSON,SENATOR,R,GA,N/A,I000055,115
153,Richard,BURR,SENATOR,R,NC,N/A,B001135,115
153,Richard,BURR,SENATOR,R,NC,N/A,B001135,115
153,Richard,BURR,SENATOR,R,NC,N/A,B001135,115
1692,John,CORNYN,SENATOR,R,TX,N/A,C001056,115
326,Richard,DURBIN,SENATOR,D,IL,N/A,D000563,115
1723,Madeleine,BORDALLO,DELEGATE,D,GU,N/A,B001245,115
1708,Raul,GRIJALVA,REPRESENTATIVE,D,AZ,3,G000551,115
1708,Raul,GRIJALVA,REPRESENTATIVE,D,AZ,3,G000551,115
1708,Raul,GRIJALVA,REPRESENTATIVE,D,AZ,3,G000551,115
2275,Dan,NEWHOUSE,REPRESENTATIVE,R,WA,4,N000189,115
186,Steve,CHABOT,REPRESENTATIVE,R,OH,1,C000266,115
1955,Pete,OLSON,REPRESENTATIVE,R,TX,22,O000168,115
2115,Ted,YOHO,REPRESENTATIVE,R,FL,3,Y000065,115
2342,Adriano,ESPAILLAT,N/A,D,NY,N/A,E000297,115
2342,Adriano,ESPAILLAT,N/A,D,NY,N/A,E000297,115
1670,John,CULBERSON,REPRESENTATIVE,R,TX,7,C001048,115
1805,K.,CONAWAY,REPRESENTATIVE,R,TX,11,C001062,115
2097,Donald,PAYNE,REPRESENTATIVE,D,NJ,10,P000604,115
2362,Jimmy,GOMEZ,N/A,D,CA,N/A,G000585,115
1036,Charles,SCHUMER,SENATOR,D,NY,N/A,S000148,115
1036,Charles,SCHUMER,SENATOR,D,NY,N/A,S000148,115
1692,John,CORNYN,SENATOR,R,TX,N/A,C001056,115
2309,Jimmy,PANETTA,N/A,D,CA,N/A,P000613,115
2359,Greg,GIANFORTE,N/A,R,MT,N/A,G000584,115
174,Benjamin,CARDIN,SENATOR,D,MD,N/A,C000141,115
1742,Tom,COLE,REPRESENTATIVE,R,OK,12,C001053,115
1742,Tom,COLE,REPRESENTATIVE,R,OK,12,C001053,115
1742,Tom,COLE,REPRESENTATIVE,R,OK,12,C001053,115
1742,Tom,COLE,REPRESENTATIVE,R,OK,12,C001053,115
1910,Jared,POLIS,REPRESENTATIVE,D,CO,2,P000598,115
1742,Tom,COLE,REPRESENTATIVE,R,OK,12,C001053,115
1910,Jared,POLIS,REPRESENTATIVE,D,CO,2,P000598,115
1910,Jared,POLIS,REPRESENTATIVE,D,CO,2,P000598,115
2312,J.,CORREA,N/A,D,CA,N/A,C001110,115
1742,Tom,COLE,REPRESENTATIVE,R,OK,12,C001053,115
1910,Jared,POLIS,REPRESENTATIVE,D,CO,2,P000598,115
1742,Tom,COLE,REPRESENTATIVE,R,OK,12,C001053,115
1751,Michael,BURGESS,REPRESENTATIVE,R,TX,26,B001248,115
1910,Jared,POLIS,REPRESENTATIVE,D,CO,2,P000598,115
1742,Tom,COLE,REPRESENTATIVE,R,OK,12,C001053,115
1742,Tom,COLE,REPRESENTATIVE,R,OK,12,C001053,115
1910,Jared,POLIS,REPRESENTATIVE,D,CO,2,P000598,115
478,Luis,GUTIERREZ,REPRESENTATIVE,D,IL,4,G000535,115
2270,Brian,BABIN,REPRESENTATIVE,R,TX,36,B001291,115
2356,Liz,CHENEY,N/A,R,WY,N/A,C001109,115
2138,Steve,DAINES,SENATOR,R,MT,N/A,D000618,115
478,Luis,GUTIERREZ,REPRESENTATIVE,D,IL,4,G000535,115
478,Luis,GUTIERREZ,REPRESENTATIVE,D,IL,4,G000535,115
1664,Patrick,TIBERI,REPRESENTATIVE,R,OH,12,T000462,115
2252,Brenda,LAWRENCE,REPRESENTATIVE,D,MI,14,L000581,115
1910,Jared,POLIS,REPRESENTATIVE,D,CO,2,P000598,115
2018,Larry,BUCSHON,REPRESENTATIVE,R,IN,8,B001275,115
2035,Steven,PALAZZO,REPRESENTATIVE,R,MS,4,P000601,115
2342,Adriano,ESPAILLAT,N/A,D,NY,N/A,E000297,115
