speaker_id,first_name,last_name,type,party,state,district,bio_guide_id,congress_id
2350,Jodey,ARRINGTON,N/A,R,TX,N/A,A000375,115
2244,Ralph,ABRAHAM,REPRESENTATIVE,R,LA,5,A000374,115
457,Chuck,GRASSLEY,SENATOR,R,IA,N/A,G000386,115
250,Mike,CRAPO,SENATOR,R,ID,N/A,C000880,115
2182,Elizabeth,WARREN,SENATOR,D,MA,N/A,W000817,115
2182,Elizabeth,WARREN,SENATOR,D,MA,N/A,W000817,115
1984,Christopher,COONS,SENATOR,D,DE,N/A,C001088,115
1984,Christopher,COONS,SENATOR,D,DE,N/A,C001088,115
791,Robert,MENENDEZ,SENATOR,D,NJ,N/A,M000639,115
791,Robert,MENENDEZ,SENATOR,D,NJ,N/A,M000639,115
250,Mike,CRAPO,SENATOR,R,ID,N/A,C000880,115
250,Mike,CRAPO,SENATOR,R,ID,N/A,C000880,115
735,Edward,MARKEY,SENATOR,D,MA,N/A,M000133,115
326,Richard,DURBIN,SENATOR,D,IL,N/A,D000563,115
1036,Charles,SCHUMER,SENATOR,D,NY,N/A,S000148,115
1036,Charles,SCHUMER,SENATOR,D,NY,N/A,S000148,115
1692,John,CORNYN,SENATOR,R,TX,N/A,C001056,115
326,Richard,DURBIN,SENATOR,D,IL,N/A,D000563,115
2050,James,LANKFORD,SENATOR,R,OK,N/A,L000575,115
174,Benjamin,CARDIN,SENATOR,D,MD,N/A,C000141,115
2291,Thom,TILLIS,SENATOR,R,NC,N/A,T000476,115
136,Sherrod,BROWN,REPRESENTATIVE,D,OH,26,B000944,115
1825,Bob,CORKER,SENATOR,R,TN,N/A,C001071,115
2290,Dan,SULLIVAN,SENATOR,R,AK,N/A,S001198,115
2290,Dan,SULLIVAN,SENATOR,R,AK,N/A,S001198,115
2179,Deb,FISCHER,SENATOR,R,NE,N/A,F000463,115
2179,Deb,FISCHER,SENATOR,R,NE,N/A,F000463,115
2179,Deb,FISCHER,SENATOR,R,NE,N/A,F000463,115
924,Rob,PORTMAN,SENATOR,R,OH,N/A,P000449,115
326,Richard,DURBIN,SENATOR,D,IL,N/A,D000563,115
2138,Steve,DAINES,SENATOR,R,MT,N/A,D000618,115
1829,Jon,TESTER,SENATOR,D,MT,N/A,T000464,115
1036,Charles,SCHUMER,SENATOR,D,NY,N/A,S000148,115
1036,Charles,SCHUMER,SENATOR,D,NY,N/A,S000148,115
2123,Tammy,DUCKWORTH,REPRESENTATIVE,D,IL,8,D000622,115
326,Richard,DURBIN,SENATOR,D,IL,N/A,D000563,115
1633,Jeff,FLAKE,SENATOR,R,AZ,N/A,F000444,115
1836,Joe,COURTNEY,REPRESENTATIVE,D,CT,2,C001069,115
1541,Susan,COLLINS,REPRESENTATIVE,R,ME,9,C001035,115
2076,Richard,BLUMENTHAL,SENATOR,D,CT,N/A,B001277,115
2067,Blake,FARENTHOLD,REPRESENTATIVE,R,TX,27,F000460,115
2067,Blake,FARENTHOLD,REPRESENTATIVE,R,TX,27,F000460,115
1692,John,CORNYN,SENATOR,R,TX,N/A,C001056,115
2182,Elizabeth,WARREN,SENATOR,D,MA,N/A,W000817,115
2182,Elizabeth,WARREN,SENATOR,D,MA,N/A,W000817,115
859,Bill,NELSON,SENATOR,D,FL,N/A,N000032,115
1687,John,BOOZMAN,SENATOR,R,AR,N/A,B001236,115
1687,John,BOOZMAN,SENATOR,R,AR,N/A,B001236,115
1687,John,BOOZMAN,SENATOR,R,AR,N/A,B001236,115
1633,Jeff,FLAKE,SENATOR,R,AZ,N/A,F000444,115
1692,John,CORNYN,SENATOR,R,TX,N/A,C001056,115
326,Richard,DURBIN,SENATOR,D,IL,N/A,D000563,115
136,Sherrod,BROWN,REPRESENTATIVE,D,OH,26,B000944,115
1036,Charles,SCHUMER,SENATOR,D,NY,N/A,S000148,115
1247,Ron,WYDEN,SENATOR,D,OR,N/A,W000779,115
174,Benjamin,CARDIN,SENATOR,D,MD,N/A,C000141,115
2149,Hakeem,JEFFRIES,REPRESENTATIVE,D,NY,8,J000294,115
