speaker_id,first_name,last_name,type,party,state,district,bio_guide_id,congress_id
2311,Nanette,BARRAGAN,N/A,D,CA,N/A,B001300,115
2264,John,KATKO,REPRESENTATIVE,R,NY,24,K000386,115
2311,Nanette,BARRAGAN,N/A,D,CA,N/A,B001300,115
1930,Erik,PAULSEN,REPRESENTATIVE,R,MN,3,P000594,115
2097,Donald,PAYNE,REPRESENTATIVE,D,NJ,10,P000604,115
2354,Pramila,JAYAPAL,N/A,D,WA,N/A,J000298,115
2122,Tulsi,GABBARD,REPRESENTATIVE,D,HI,2,G000571,115
1998,Cory,GARDNER,N/A,R,CO,N/A,G000562,115
2325,Raja,KRISHNAMOORTHI,N/A,D,IL,N/A,K000391,115
1668,James,LANGEVIN,REPRESENTATIVE,D,RI,2,L000559,115
1955,Pete,OLSON,REPRESENTATIVE,R,TX,22,O000168,115
2344,Claudia,TENNEY,N/A,R,NY,N/A,T000478,115
1010,Bernard,SANDERS,SENATOR,I,VT,N/A,S000033,115
583,James,INHOFE,SENATOR,R,OK,N/A,I000024,115
1973,John,GARAMENDI,REPRESENTATIVE,D,CA,3,G000559,115
1863,Dean,HELLER,SENATOR,R,NV,N/A,H001041,115
2084,Marco,RUBIO,SENATOR,R,FL,N/A,R000595,115
2311,Nanette,BARRAGAN,N/A,D,CA,N/A,B001300,115
2268,John,RATCLIFFE,REPRESENTATIVE,R,TX,4,R000601,115
2311,Nanette,BARRAGAN,N/A,D,CA,N/A,B001300,115
2355,Mike,GALLAGHER,N/A,R,WI,N/A,G000579,115
2311,Nanette,BARRAGAN,N/A,D,CA,N/A,B001300,115
2311,Nanette,BARRAGAN,N/A,D,CA,N/A,B001300,115
1668,James,LANGEVIN,REPRESENTATIVE,D,RI,2,L000559,115
2079,John,HOEVEN,SENATOR,R,ND,N/A,H001061,115
2138,Steve,DAINES,SENATOR,R,MT,N/A,D000618,115
174,Benjamin,CARDIN,SENATOR,D,MD,N/A,C000141,115
2314,Matt,GAETZ,N/A,R,FL,N/A,G000578,115
2201,Alma,ADAMS,REPRESENTATIVE,D,NC,12,A000370,115
2201,Alma,ADAMS,REPRESENTATIVE,D,NC,12,A000370,115
2201,Alma,ADAMS,REPRESENTATIVE,D,NC,12,A000370,115
2201,Alma,ADAMS,REPRESENTATIVE,D,NC,12,A000370,115
2201,Alma,ADAMS,REPRESENTATIVE,D,NC,12,A000370,115
2153,Joyce,BEATTY,REPRESENTATIVE,D,OH,3,B001281,115
2201,Alma,ADAMS,REPRESENTATIVE,D,NC,12,A000370,115
2252,Brenda,LAWRENCE,REPRESENTATIVE,D,MI,14,L000581,115
2201,Alma,ADAMS,REPRESENTATIVE,D,NC,12,A000370,115
2201,Alma,ADAMS,REPRESENTATIVE,D,NC,12,A000370,115
2201,Alma,ADAMS,REPRESENTATIVE,D,NC,12,A000370,115
2298,Dwight,EVANS,N/A,D,PA,N/A,E000296,115
2201,Alma,ADAMS,REPRESENTATIVE,D,NC,12,A000370,115
208,James,CLYBURN,REPRESENTATIVE,D,SC,6,C000537,115
2201,Alma,ADAMS,REPRESENTATIVE,D,NC,12,A000370,115
2201,Alma,ADAMS,REPRESENTATIVE,D,NC,12,A000370,115
1823,Sheldon,WHITEHOUSE,SENATOR,D,RI,N/A,W000802,115
1351,Orrin,HATCH,SENATOR,R,UT,N/A,H000338,115
2201,Alma,ADAMS,REPRESENTATIVE,D,NC,12,A000370,115
2079,John,HOEVEN,SENATOR,R,ND,N/A,H001061,115
2079,John,HOEVEN,SENATOR,R,ND,N/A,H001061,115
2079,John,HOEVEN,SENATOR,R,ND,N/A,H001061,115
2079,John,HOEVEN,SENATOR,R,ND,N/A,H001061,115
1351,Orrin,HATCH,SENATOR,R,UT,N/A,H000338,115
2289,Ben,SASSE,SENATOR,R,NE,N/A,S001197,115
2289,Ben,SASSE,SENATOR,R,NE,N/A,S001197,115
1036,Charles,SCHUMER,SENATOR,D,NY,N/A,S000148,115
1036,Charles,SCHUMER,SENATOR,D,NY,N/A,S000148,115
859,Bill,NELSON,SENATOR,D,FL,N/A,N000032,115
859,Bill,NELSON,SENATOR,D,FL,N/A,N000032,115
250,Mike,CRAPO,SENATOR,R,ID,N/A,C000880,115
1692,John,CORNYN,SENATOR,R,TX,N/A,C001056,115
326,Richard,DURBIN,SENATOR,D,IL,N/A,D000563,115
2079,John,HOEVEN,SENATOR,R,ND,N/A,H001061,115
99,Earl,BLUMENAUER,REPRESENTATIVE,D,OR,3,B000574,115
2158,Keith,ROTHFUS,REPRESENTATIVE,R,PA,12,R000598,115
2158,Keith,ROTHFUS,REPRESENTATIVE,R,PA,12,R000598,115
868,Eleanor,NORTON,DELEGATE,D,DC,N/A,N000147,115
250,Mike,CRAPO,SENATOR,R,ID,N/A,C000880,115
250,Mike,CRAPO,SENATOR,R,ID,N/A,C000880,115
2363,John,CURTIS,N/A,R,UT,N/A,C001114,115
2363,John,CURTIS,N/A,R,UT,N/A,C001114,115
2226,Ruben,GALLEGO,REPRESENTATIVE,D,AZ,7,G000574,115
2115,Ted,YOHO,REPRESENTATIVE,R,FL,3,Y000065,115
2357,Luther,STRANGE,N/A,R,AL,N/A,S001202,115
136,Sherrod,BROWN,REPRESENTATIVE,D,OH,26,B000944,115
2138,Steve,DAINES,SENATOR,R,MT,N/A,D000618,115
1692,John,CORNYN,SENATOR,R,TX,N/A,C001056,115
1863,Dean,HELLER,SENATOR,R,NV,N/A,H001041,115
1983,Joe,MANCHIN,SENATOR,D,WV,N/A,M001183,115
1541,Susan,COLLINS,REPRESENTATIVE,R,ME,9,C001035,115
2137,Ann,WAGNER,REPRESENTATIVE,R,MO,2,W000812,115
1602,Grace,NAPOLITANO,REPRESENTATIVE,D,CA,32,N000179,115
1931,Blaine,LUETKEMEYER,REPRESENTATIVE,R,MO,3,L000569,115
1931,Blaine,LUETKEMEYER,REPRESENTATIVE,R,MO,3,L000569,115
1931,Blaine,LUETKEMEYER,REPRESENTATIVE,R,MO,3,L000569,115
1564,Michael,CAPUANO,REPRESENTATIVE,D,MA,7,C001037,115
1931,Blaine,LUETKEMEYER,REPRESENTATIVE,R,MO,3,L000569,115
2290,Dan,SULLIVAN,SENATOR,R,AK,N/A,S001198,114
446,Bob,GOODLATTE,REPRESENTATIVE,R,VA,6,G000289,115
446,Bob,GOODLATTE,REPRESENTATIVE,R,VA,6,G000289,115
446,Bob,GOODLATTE,REPRESENTATIVE,R,VA,6,G000289,115
2332,Jamie,RASKIN,N/A,D,MD,N/A,R000606,115
446,Bob,GOODLATTE,REPRESENTATIVE,R,VA,6,G000289,115
2332,Jamie,RASKIN,N/A,D,MD,N/A,R000606,115
2332,Jamie,RASKIN,N/A,D,MD,N/A,R000606,115
2169,Derek,KILMER,REPRESENTATIVE,D,WA,6,K000381,115
2332,Jamie,RASKIN,N/A,D,MD,N/A,R000606,115
2169,Derek,KILMER,REPRESENTATIVE,D,WA,6,K000381,115
446,Bob,GOODLATTE,REPRESENTATIVE,R,VA,6,G000289,115
2332,Jamie,RASKIN,N/A,D,MD,N/A,R000606,115
2124,Bradley,SCHNEIDER,N/A,D,IL,N/A,S001190,115
446,Bob,GOODLATTE,REPRESENTATIVE,R,VA,6,G000289,115
2332,Jamie,RASKIN,N/A,D,MD,N/A,R000606,115
2332,Jamie,RASKIN,N/A,D,MD,N/A,R000606,115
2332,Jamie,RASKIN,N/A,D,MD,N/A,R000606,115
446,Bob,GOODLATTE,REPRESENTATIVE,R,VA,6,G000289,115
446,Bob,GOODLATTE,REPRESENTATIVE,R,VA,6,G000289,115
2328,Roger,MARSHALL,N/A,R,KS,N/A,M001198,115
1931,Blaine,LUETKEMEYER,REPRESENTATIVE,R,MO,3,L000569,115
1931,Blaine,LUETKEMEYER,REPRESENTATIVE,R,MO,3,L000569,115
1931,Blaine,LUETKEMEYER,REPRESENTATIVE,R,MO,3,L000569,115
1564,Michael,CAPUANO,REPRESENTATIVE,D,MA,7,C001037,115
2170,Denny,HECK,REPRESENTATIVE,D,WA,3,H001064,115
1931,Blaine,LUETKEMEYER,REPRESENTATIVE,R,MO,3,L000569,115
2327,Trey,HOLLINGSWORTH,N/A,R,IN,N/A,H001074,115
1564,Michael,CAPUANO,REPRESENTATIVE,D,MA,7,C001037,115
1931,Blaine,LUETKEMEYER,REPRESENTATIVE,R,MO,3,L000569,115
1931,Blaine,LUETKEMEYER,REPRESENTATIVE,R,MO,3,L000569,115
2079,John,HOEVEN,SENATOR,R,ND,N/A,H001061,115
