speaker_id,first_name,last_name,type,party,state,district,bio_guide_id,congress_id
344,Eliot,ENGEL,REPRESENTATIVE,D,NY,16,E000179,115
2025,William,KEATING,REPRESENTATIVE,D,MA,9,K000375,115
344,Eliot,ENGEL,REPRESENTATIVE,D,NY,16,E000179,115
1781,Daniel,LIPINSKI,REPRESENTATIVE,D,IL,3,L000563,115
1781,Daniel,LIPINSKI,REPRESENTATIVE,D,IL,3,L000563,115
2345,Brian,FITZPATRICK,REPRESENTATIVE,R,PA,8,F000466,115
1781,Daniel,LIPINSKI,REPRESENTATIVE,D,IL,3,L000563,115
1781,Daniel,LIPINSKI,REPRESENTATIVE,D,IL,3,L000563,115
2343,John,FASO,N/A,R,NY,N/A,F000464,115
1781,Daniel,LIPINSKI,REPRESENTATIVE,D,IL,3,L000563,115
2092,Suzanne,BONAMICI,REPRESENTATIVE,D,OR,1,B001278,115
1976,Theodore,DEUTCH,REPRESENTATIVE,D,FL,21,D000610,115
1781,Daniel,LIPINSKI,REPRESENTATIVE,D,IL,3,L000563,115
1781,Daniel,LIPINSKI,REPRESENTATIVE,D,IL,3,L000563,115
2341,Thomas,SUOZZI,N/A,D,NY,N/A,S001201,115
1781,Daniel,LIPINSKI,REPRESENTATIVE,D,IL,3,L000563,115
2310,Salud,CARBAJAL,N/A,D,CA,N/A,C001112,115
1781,Daniel,LIPINSKI,REPRESENTATIVE,D,IL,3,L000563,115
1781,Daniel,LIPINSKI,REPRESENTATIVE,D,IL,3,L000563,115
2309,Jimmy,PANETTA,N/A,D,CA,N/A,P000613,115
1781,Daniel,LIPINSKI,REPRESENTATIVE,D,IL,3,L000563,115
1892,Steve,SCALISE,REPRESENTATIVE,R,LA,1,S001176,115
2115,Ted,YOHO,REPRESENTATIVE,R,FL,3,Y000065,115
2115,Ted,YOHO,REPRESENTATIVE,R,FL,3,Y000065,115
2115,Ted,YOHO,REPRESENTATIVE,R,FL,3,Y000065,115
344,Eliot,ENGEL,REPRESENTATIVE,D,NY,16,E000179,115
2115,Ted,YOHO,REPRESENTATIVE,R,FL,3,Y000065,115
2298,Dwight,EVANS,N/A,D,PA,N/A,E000296,115
616,Marcy,KAPTUR,REPRESENTATIVE,D,OH,8,K000009,115
2050,James,LANKFORD,SENATOR,R,OK,N/A,L000575,115
2275,Dan,NEWHOUSE,REPRESENTATIVE,R,WA,4,N000189,115
2275,Dan,NEWHOUSE,REPRESENTATIVE,R,WA,4,N000189,115
2275,Dan,NEWHOUSE,REPRESENTATIVE,R,WA,4,N000189,115
2275,Dan,NEWHOUSE,REPRESENTATIVE,R,WA,4,N000189,115
511,Alcee,HASTINGS,REPRESENTATIVE,D,FL,20,H000324,115
511,Alcee,HASTINGS,REPRESENTATIVE,D,FL,20,H000324,115
2275,Dan,NEWHOUSE,REPRESENTATIVE,R,WA,4,N000189,115
2247,Bruce,POLIQUIN,REPRESENTATIVE,R,ME,2,P000611,115
511,Alcee,HASTINGS,REPRESENTATIVE,D,FL,20,H000324,115
511,Alcee,HASTINGS,REPRESENTATIVE,D,FL,20,H000324,115
2275,Dan,NEWHOUSE,REPRESENTATIVE,R,WA,4,N000189,115
1791,Virginia,FOXX,REPRESENTATIVE,R,NC,5,F000450,115
511,Alcee,HASTINGS,REPRESENTATIVE,D,FL,20,H000324,115
2275,Dan,NEWHOUSE,REPRESENTATIVE,R,WA,4,N000189,115
2224,Bruce,WESTERMAN,REPRESENTATIVE,R,AR,4,W000821,115
2275,Dan,NEWHOUSE,REPRESENTATIVE,R,WA,4,N000189,115
2224,Bruce,WESTERMAN,REPRESENTATIVE,R,AR,4,W000821,115
2275,Dan,NEWHOUSE,REPRESENTATIVE,R,WA,4,N000189,115
2356,Liz,CHENEY,N/A,R,WY,N/A,C001109,115
2275,Dan,NEWHOUSE,REPRESENTATIVE,R,WA,4,N000189,115
165,Ken,CALVERT,REPRESENTATIVE,R,CA,42,C000059,115
2275,Dan,NEWHOUSE,REPRESENTATIVE,R,WA,4,N000189,115
1596,Greg,WALDEN,REPRESENTATIVE,R,OR,2,W000791,115
2275,Dan,NEWHOUSE,REPRESENTATIVE,R,WA,4,N000189,115
1596,Greg,WALDEN,REPRESENTATIVE,R,OR,2,W000791,115
2275,Dan,NEWHOUSE,REPRESENTATIVE,R,WA,4,N000189,115
2275,Dan,NEWHOUSE,REPRESENTATIVE,R,WA,4,N000189,115
2275,Dan,NEWHOUSE,REPRESENTATIVE,R,WA,4,N000189,115
511,Alcee,HASTINGS,REPRESENTATIVE,D,FL,20,H000324,115
2275,Dan,NEWHOUSE,REPRESENTATIVE,R,WA,4,N000189,115
2275,Dan,NEWHOUSE,REPRESENTATIVE,R,WA,4,N000189,115
2275,Dan,NEWHOUSE,REPRESENTATIVE,R,WA,4,N000189,115
511,Alcee,HASTINGS,REPRESENTATIVE,D,FL,20,H000324,115
511,Alcee,HASTINGS,REPRESENTATIVE,D,FL,20,H000324,115
2157,Scott,PERRY,REPRESENTATIVE,R,PA,4,P000605,115
2253,Tom,EMMER,REPRESENTATIVE,R,MN,6,E000294,115
2253,Tom,EMMER,REPRESENTATIVE,R,MN,6,E000294,115
2253,Tom,EMMER,REPRESENTATIVE,R,MN,6,E000294,115
1950,Kurt,SCHRADER,REPRESENTATIVE,D,OR,5,S001180,115
2307,Andy,BIGGS,N/A,R,AZ,N/A,B001302,115
2316,John,RUTHERFORD,N/A,R,FL,N/A,R000609,115
2244,Ralph,ABRAHAM,REPRESENTATIVE,R,LA,5,A000374,115
1828,Robert,CASEY,SENATOR,D,PA,N/A,C001070,115
1848,Peter,ROSKAM,REPRESENTATIVE,R,IL,6,R000580,115
2286,David,PERDUE,SENATOR,R,GA,N/A,P000612,115
2084,Marco,RUBIO,SENATOR,R,FL,N/A,R000595,115
2084,Marco,RUBIO,SENATOR,R,FL,N/A,R000595,115
1844,Mazie,HIRONO,SENATOR,D,HI,N/A,H001042,115
1226,Roger,WICKER,SENATOR,R,MS,N/A,W000437,115
1900,Jeff,MERKLEY,SENATOR,D,OR,N/A,M001176,115
1912,Mike,COFFMAN,REPRESENTATIVE,R,CO,6,C001077,115
2340,Ruben,KIHUEN,N/A,D,NV,N/A,K000390,115
1955,Pete,OLSON,REPRESENTATIVE,R,TX,22,O000168,115
2334,Paul,MITCHELL,N/A,R,MI,N/A,M001201,115
2334,Paul,MITCHELL,N/A,R,MI,N/A,M001201,115
2353,Thomas,GARRETT,REPRESENTATIVE,R,VA,5,G000580,115
2353,Thomas,GARRETT,REPRESENTATIVE,R,VA,5,G000580,115
2334,Paul,MITCHELL,N/A,R,MI,N/A,M001201,115
2047,Steve,STIVERS,REPRESENTATIVE,R,OH,15,S001187,115
2334,Paul,MITCHELL,N/A,R,MI,N/A,M001201,115
2334,Paul,MITCHELL,N/A,R,MI,N/A,M001201,115
2346,Lloyd,SMUCKER,N/A,R,PA,N/A,S001199,115
2334,Paul,MITCHELL,N/A,R,MI,N/A,M001201,115
2134,Daniel,KILDEE,REPRESENTATIVE,D,MI,5,K000380,115
1526,Brad,SHERMAN,REPRESENTATIVE,D,CA,30,S000344,115
1708,Raul,GRIJALVA,REPRESENTATIVE,D,AZ,3,G000551,115
2343,John,FASO,N/A,R,NY,N/A,F000464,115
1892,Steve,SCALISE,REPRESENTATIVE,R,LA,1,S001176,115
2350,Jodey,ARRINGTON,N/A,R,TX,N/A,A000375,115
2122,Tulsi,GABBARD,REPRESENTATIVE,D,HI,2,G000571,115
2307,Andy,BIGGS,N/A,R,AZ,N/A,B001302,115
2028,Bill,HUIZENGA,REPRESENTATIVE,R,MI,2,H001058,115
2028,Bill,HUIZENGA,REPRESENTATIVE,R,MI,2,H001058,115
2028,Bill,HUIZENGA,REPRESENTATIVE,R,MI,2,H001058,115
1888,Bill,FOSTER,REPRESENTATIVE,D,IL,11,F000454,115
2028,Bill,HUIZENGA,REPRESENTATIVE,R,MI,2,H001058,115
1994,David,SCHWEIKERT,REPRESENTATIVE,R,AZ,6,S001183,115
1888,Bill,FOSTER,REPRESENTATIVE,D,IL,11,F000454,115
2028,Bill,HUIZENGA,REPRESENTATIVE,R,MI,2,H001058,115
2028,Bill,HUIZENGA,REPRESENTATIVE,R,MI,2,H001058,115
2296,Warren,DAVIDSON,N/A,R,OH,N/A,D000626,115
1888,Bill,FOSTER,REPRESENTATIVE,D,IL,11,F000454,115
2028,Bill,HUIZENGA,REPRESENTATIVE,R,MI,2,H001058,115
1929,Gary,PETERS,REPRESENTATIVE,D,MI,52,P000595,115
1010,Bernard,SANDERS,SENATOR,I,VT,N/A,S000033,115
2332,Jamie,RASKIN,N/A,D,MD,N/A,R000606,115
2103,Paul,COOK,REPRESENTATIVE,R,CA,8,C001094,115
2103,Paul,COOK,REPRESENTATIVE,R,CA,8,C001094,115
2103,Paul,COOK,REPRESENTATIVE,R,CA,8,C001094,115
2231,Norma,TORRES,REPRESENTATIVE,D,CA,35,T000474,115
2103,Paul,COOK,REPRESENTATIVE,R,CA,8,C001094,115
2092,Suzanne,BONAMICI,REPRESENTATIVE,D,OR,1,B001278,115
910,Collin,PETERSON,REPRESENTATIVE,D,MN,7,P000258,115
1995,Jeff,DENHAM,REPRESENTATIVE,R,CA,10,D000612,115
910,Collin,PETERSON,REPRESENTATIVE,D,MN,7,P000258,115
1774,Jim,COSTA,REPRESENTATIVE,D,CA,16,C001059,115
910,Collin,PETERSON,REPRESENTATIVE,D,MN,7,P000258,115
1774,Jim,COSTA,REPRESENTATIVE,D,CA,16,C001059,115
2315,Neal,DUNN,N/A,R,FL,N/A,D000628,115
910,Collin,PETERSON,REPRESENTATIVE,D,MN,7,P000258,115
2272,Donald,BEYER,REPRESENTATIVE,D,VA,8,B001292,115
1801,Louie,GOHMERT,REPRESENTATIVE,R,TX,1,G000552,115
910,Collin,PETERSON,REPRESENTATIVE,D,MN,7,P000258,115
2333,Jack,BERGMAN,N/A,R,MI,N/A,B001301,115
2333,Jack,BERGMAN,N/A,R,MI,N/A,B001301,115
910,Collin,PETERSON,REPRESENTATIVE,D,MN,7,P000258,115
2359,Greg,GIANFORTE,N/A,R,MT,N/A,G000584,115
2359,Greg,GIANFORTE,N/A,R,MT,N/A,G000584,115
910,Collin,PETERSON,REPRESENTATIVE,D,MN,7,P000258,115
1950,Kurt,SCHRADER,REPRESENTATIVE,D,OR,5,S001180,115
2011,Raul,LABRADOR,REPRESENTATIVE,R,ID,1,L000573,115
2011,Raul,LABRADOR,REPRESENTATIVE,R,ID,1,L000573,115
910,Collin,PETERSON,REPRESENTATIVE,D,MN,7,P000258,115
910,Collin,PETERSON,REPRESENTATIVE,D,MN,7,P000258,115
1708,Raul,GRIJALVA,REPRESENTATIVE,D,AZ,3,G000551,115
1992,Paul,GOSAR,REPRESENTATIVE,R,AZ,4,G000565,115
1992,Paul,GOSAR,REPRESENTATIVE,R,AZ,4,G000565,115
1708,Raul,GRIJALVA,REPRESENTATIVE,D,AZ,3,G000551,115
1708,Raul,GRIJALVA,REPRESENTATIVE,D,AZ,3,G000551,115
1708,Raul,GRIJALVA,REPRESENTATIVE,D,AZ,3,G000551,115
2101,Jared,HUFFMAN,REPRESENTATIVE,D,CA,2,H001068,115
1708,Raul,GRIJALVA,REPRESENTATIVE,D,AZ,3,G000551,115
1708,Raul,GRIJALVA,REPRESENTATIVE,D,AZ,3,G000551,115
1997,Scott,TIPTON,REPRESENTATIVE,R,CO,3,T000470,115
1708,Raul,GRIJALVA,REPRESENTATIVE,D,AZ,3,G000551,115
2224,Bruce,WESTERMAN,REPRESENTATIVE,R,AR,4,W000821,115
1950,Kurt,SCHRADER,REPRESENTATIVE,D,OR,5,S001180,115
1950,Kurt,SCHRADER,REPRESENTATIVE,D,OR,5,S001180,115
1950,Kurt,SCHRADER,REPRESENTATIVE,D,OR,5,S001180,115
2308,Ro,KHANNA,N/A,D,CA,N/A,K000389,115
2308,Ro,KHANNA,N/A,D,CA,N/A,K000389,115
2308,Ro,KHANNA,N/A,D,CA,N/A,K000389,115
2224,Bruce,WESTERMAN,REPRESENTATIVE,R,AR,4,W000821,115
2308,Ro,KHANNA,N/A,D,CA,N/A,K000389,115
2107,Tony,CARDENAS,REPRESENTATIVE,D,CA,29,C001097,115
2107,Tony,CARDENAS,REPRESENTATIVE,D,CA,29,C001097,115
2224,Bruce,WESTERMAN,REPRESENTATIVE,R,AR,4,W000821,115
2224,Bruce,WESTERMAN,REPRESENTATIVE,R,AR,4,W000821,115
2107,Tony,CARDENAS,REPRESENTATIVE,D,CA,29,C001097,115
2224,Bruce,WESTERMAN,REPRESENTATIVE,R,AR,4,W000821,115
2224,Bruce,WESTERMAN,REPRESENTATIVE,R,AR,4,W000821,115
2224,Bruce,WESTERMAN,REPRESENTATIVE,R,AR,4,W000821,115
2224,Bruce,WESTERMAN,REPRESENTATIVE,R,AR,4,W000821,115
1738,Stevan,PEARCE,REPRESENTATIVE,R,NM,2,P000588,115
1738,Stevan,PEARCE,REPRESENTATIVE,R,NM,2,P000588,115
1708,Raul,GRIJALVA,REPRESENTATIVE,D,AZ,3,G000551,115
1708,Raul,GRIJALVA,REPRESENTATIVE,D,AZ,3,G000551,115
1738,Stevan,PEARCE,REPRESENTATIVE,R,NM,2,P000588,115
1708,Raul,GRIJALVA,REPRESENTATIVE,D,AZ,3,G000551,115
1708,Raul,GRIJALVA,REPRESENTATIVE,D,AZ,3,G000551,115
1708,Raul,GRIJALVA,REPRESENTATIVE,D,AZ,3,G000551,115
2224,Bruce,WESTERMAN,REPRESENTATIVE,R,AR,4,W000821,115
2103,Paul,COOK,REPRESENTATIVE,R,CA,8,C001094,115
2103,Paul,COOK,REPRESENTATIVE,R,CA,8,C001094,115
2103,Paul,COOK,REPRESENTATIVE,R,CA,8,C001094,115
2231,Norma,TORRES,REPRESENTATIVE,D,CA,35,T000474,115
2103,Paul,COOK,REPRESENTATIVE,R,CA,8,C001094,115
2231,Norma,TORRES,REPRESENTATIVE,D,CA,35,T000474,115
2103,Paul,COOK,REPRESENTATIVE,R,CA,8,C001094,115
2275,Dan,NEWHOUSE,REPRESENTATIVE,R,WA,4,N000189,115
2107,Tony,CARDENAS,REPRESENTATIVE,D,CA,29,C001097,115
2103,Paul,COOK,REPRESENTATIVE,R,CA,8,C001094,115
2103,Paul,COOK,REPRESENTATIVE,R,CA,8,C001094,115
2103,Paul,COOK,REPRESENTATIVE,R,CA,8,C001094,115
2231,Norma,TORRES,REPRESENTATIVE,D,CA,35,T000474,115
2103,Paul,COOK,REPRESENTATIVE,R,CA,8,C001094,115
2231,Norma,TORRES,REPRESENTATIVE,D,CA,35,T000474,115
1188,Peter,VISCLOSKY,REPRESENTATIVE,D,IN,1,V000108,115
2231,Norma,TORRES,REPRESENTATIVE,D,CA,35,T000474,115
2103,Paul,COOK,REPRESENTATIVE,R,CA,8,C001094,115
791,Robert,MENENDEZ,SENATOR,D,NJ,N/A,M000639,115
2307,Andy,BIGGS,N/A,R,AZ,N/A,B001302,115
2307,Andy,BIGGS,N/A,R,AZ,N/A,B001302,115
2345,Brian,FITZPATRICK,REPRESENTATIVE,R,PA,8,F000466,115
2307,Andy,BIGGS,N/A,R,AZ,N/A,B001302,115
2314,Matt,GAETZ,N/A,R,FL,N/A,G000578,115
2307,Andy,BIGGS,N/A,R,AZ,N/A,B001302,115
2346,Lloyd,SMUCKER,N/A,R,PA,N/A,S001199,115
2307,Andy,BIGGS,N/A,R,AZ,N/A,B001302,115
1992,Paul,GOSAR,REPRESENTATIVE,R,AZ,4,G000565,115
2307,Andy,BIGGS,N/A,R,AZ,N/A,B001302,115
2307,Andy,BIGGS,N/A,R,AZ,N/A,B001302,115
1878,Steve,COHEN,REPRESENTATIVE,D,TN,9,C001068,115
457,Chuck,GRASSLEY,SENATOR,R,IA,N/A,G000386,115
1826,Amy,KLOBUCHAR,SENATOR,D,MN,N/A,K000367,115
1866,Kirsten,GILLIBRAND,SENATOR,D,NY,N/A,G000555,115
1351,Orrin,HATCH,SENATOR,R,UT,N/A,H000338,115
1351,Orrin,HATCH,SENATOR,R,UT,N/A,H000338,115
1351,Orrin,HATCH,SENATOR,R,UT,N/A,H000338,115
1633,Jeff,FLAKE,SENATOR,R,AZ,N/A,F000444,115
1692,John,CORNYN,SENATOR,R,TX,N/A,C001056,115
2019,Todd,YOUNG,REPRESENTATIVE,R,IN,0,Y000064,115
2019,Todd,YOUNG,REPRESENTATIVE,R,IN,0,Y000064,115
1464,Roy,BLUNT,SENATOR,R,MO,N/A,B000575,115
2079,John,HOEVEN,SENATOR,R,ND,N/A,H001061,115
583,James,INHOFE,SENATOR,R,OK,N/A,I000024,115
326,Richard,DURBIN,SENATOR,D,IL,N/A,D000563,115
1929,Gary,PETERS,REPRESENTATIVE,D,MI,52,P000595,115
2293,Daniel,DONOVAN,REPRESENTATIVE,R,NY,11,D000625,115
326,Richard,DURBIN,SENATOR,D,IL,N/A,D000563,115
2028,Bill,HUIZENGA,REPRESENTATIVE,R,MI,2,H001058,115
2028,Bill,HUIZENGA,REPRESENTATIVE,R,MI,2,H001058,115
2028,Bill,HUIZENGA,REPRESENTATIVE,R,MI,2,H001058,115
1888,Bill,FOSTER,REPRESENTATIVE,D,IL,11,F000454,115
2028,Bill,HUIZENGA,REPRESENTATIVE,R,MI,2,H001058,115
2336,Ted,BUDD,REPRESENTATIVE,R,NC,1,B001305,115
1888,Bill,FOSTER,REPRESENTATIVE,D,IL,11,F000454,115
2028,Bill,HUIZENGA,REPRESENTATIVE,R,MI,2,H001058,115
2296,Warren,DAVIDSON,N/A,R,OH,N/A,D000626,115
2028,Bill,HUIZENGA,REPRESENTATIVE,R,MI,2,H001058,115
2028,Bill,HUIZENGA,REPRESENTATIVE,R,MI,2,H001058,115
1010,Bernard,SANDERS,SENATOR,I,VT,N/A,S000033,115
2103,Paul,COOK,REPRESENTATIVE,R,CA,8,C001094,115
2103,Paul,COOK,REPRESENTATIVE,R,CA,8,C001094,115
2103,Paul,COOK,REPRESENTATIVE,R,CA,8,C001094,115
2231,Norma,TORRES,REPRESENTATIVE,D,CA,35,T000474,115
2103,Paul,COOK,REPRESENTATIVE,R,CA,8,C001094,115
2241,Rod,BLUM,SENATOR,R,IA,N/A,B001294,115
2231,Norma,TORRES,REPRESENTATIVE,D,CA,35,T000474,115
2103,Paul,COOK,REPRESENTATIVE,R,CA,8,C001094,115
2055,David,CICILLINE,REPRESENTATIVE,D,RI,1,C001084,115
326,Richard,DURBIN,SENATOR,D,IL,N/A,D000563,115
457,Chuck,GRASSLEY,SENATOR,R,IA,N/A,G000386,115
2137,Ann,WAGNER,REPRESENTATIVE,R,MO,2,W000812,115
326,Richard,DURBIN,SENATOR,D,IL,N/A,D000563,115
2123,Tammy,DUCKWORTH,REPRESENTATIVE,D,IL,8,D000622,115
326,Richard,DURBIN,SENATOR,D,IL,N/A,D000563,115
1036,Charles,SCHUMER,SENATOR,D,NY,N/A,S000148,115
1036,Charles,SCHUMER,SENATOR,D,NY,N/A,S000148,115
1837,Christopher,MURPHY,SENATOR,D,CT,N/A,M001169,115
2182,Elizabeth,WARREN,SENATOR,D,MA,N/A,W000817,115
2050,James,LANKFORD,SENATOR,R,OK,N/A,L000575,115
2050,James,LANKFORD,SENATOR,R,OK,N/A,L000575,115
2176,Tim,KAINE,SENATOR,D,VA,N/A,K000384,115
1534,John,THUNE,SENATOR,R,SD,N/A,T000250,115
1534,John,THUNE,SENATOR,R,SD,N/A,T000250,115
1534,John,THUNE,SENATOR,R,SD,N/A,T000250,115
2290,Dan,SULLIVAN,SENATOR,R,AK,N/A,S001198,115
2290,Dan,SULLIVAN,SENATOR,R,AK,N/A,S001198,115
859,Bill,NELSON,SENATOR,D,FL,N/A,N000032,115
859,Bill,NELSON,SENATOR,D,FL,N/A,N000032,115
1995,Jeff,DENHAM,REPRESENTATIVE,R,CA,10,D000612,115
1930,Erik,PAULSEN,REPRESENTATIVE,R,MN,3,P000594,115
1010,Bernard,SANDERS,SENATOR,I,VT,N/A,S000033,115
1010,Bernard,SANDERS,SENATOR,I,VT,N/A,S000033,115
1811,Gwen,MOORE,SENATOR,D,WI,N/A,M001160,115
2354,Pramila,JAYAPAL,N/A,D,WA,N/A,J000298,115
