speaker_id,first_name,last_name,type,party,state,district,bio_guide_id,congress_id
1668,James,LANGEVIN,REPRESENTATIVE,D,RI,2,L000559,115
2149,Hakeem,JEFFRIES,REPRESENTATIVE,D,NY,8,J000294,115
2343,John,FASO,N/A,R,NY,N/A,F000464,115
2128,Jackie,WALORSKI,REPRESENTATIVE,R,IN,2,W000813,115
2166,Marc,VEASEY,REPRESENTATIVE,D,TX,33,V000131,115
2097,Donald,PAYNE,REPRESENTATIVE,D,NJ,10,P000604,115
1806,Kenny,MARCHANT,REPRESENTATIVE,R,TX,24,M001158,115
99999999999999,First Name unavailable,KRISHNAMOORTHI,Type Unavailable,Party Info Unavailable,state info unavailable,District Unavailable,BioGuideID unavailable,CongressID unavailable
2172,Joseph,KENNEDY,REPRESENTATIVE,D,MA,4,K000379,115
566,Steny,HOYER,REPRESENTATIVE,D,MD,5,H000874,115
2250,David,TROTT,REPRESENTATIVE,R,MI,11,T000475,115
1838,Gus,BILIRAKIS,REPRESENTATIVE,R,FL,12,B001257,115
1838,Gus,BILIRAKIS,REPRESENTATIVE,R,FL,12,B001257,115
1838,Gus,BILIRAKIS,REPRESENTATIVE,R,FL,12,B001257,115
1856,Timothy,WALZ,REPRESENTATIVE,D,MN,1,W000799,115
1838,Gus,BILIRAKIS,REPRESENTATIVE,R,FL,12,B001257,115
1856,Timothy,WALZ,REPRESENTATIVE,D,MN,1,W000799,115
1856,Timothy,WALZ,REPRESENTATIVE,D,MN,1,W000799,115
1838,Gus,BILIRAKIS,REPRESENTATIVE,R,FL,12,B001257,115
1838,Gus,BILIRAKIS,REPRESENTATIVE,R,FL,12,B001257,115
457,Chuck,GRASSLEY,SENATOR,R,IA,N/A,G000386,115
1856,Timothy,WALZ,REPRESENTATIVE,D,MN,1,W000799,115
1838,Gus,BILIRAKIS,REPRESENTATIVE,R,FL,12,B001257,115
2333,Jack,BERGMAN,N/A,R,MI,N/A,B001301,115
1856,Timothy,WALZ,REPRESENTATIVE,D,MN,1,W000799,115
1962,Gregorio,SABLAN,DELEGATE,D,MP,N/A,S001177,115
1838,Gus,BILIRAKIS,REPRESENTATIVE,R,FL,12,B001257,115
2115,Ted,YOHO,REPRESENTATIVE,R,FL,3,Y000065,115
1856,Timothy,WALZ,REPRESENTATIVE,D,MN,1,W000799,115
2122,Tulsi,GABBARD,REPRESENTATIVE,D,HI,2,G000571,115
1856,Timothy,WALZ,REPRESENTATIVE,D,MN,1,W000799,115
1838,Gus,BILIRAKIS,REPRESENTATIVE,R,FL,12,B001257,115
1694,Lisa,MURKOWSKI,SENATOR,R,AK,N/A,M001153,115
2166,Marc,VEASEY,REPRESENTATIVE,D,TX,33,V000131,115
2166,Marc,VEASEY,REPRESENTATIVE,D,TX,33,V000131,115
208,James,CLYBURN,REPRESENTATIVE,D,SC,6,C000537,115
2166,Marc,VEASEY,REPRESENTATIVE,D,TX,33,V000131,115
2166,Marc,VEASEY,REPRESENTATIVE,D,TX,33,V000131,115
2274,Stacey,PLASKETT,DELEGATE,D,VI,N/A,P000610,115
2166,Marc,VEASEY,REPRESENTATIVE,D,TX,33,V000131,115
2149,Hakeem,JEFFRIES,REPRESENTATIVE,D,NY,8,J000294,115
2274,Stacey,PLASKETT,DELEGATE,D,VI,N/A,P000610,115
2252,Brenda,LAWRENCE,REPRESENTATIVE,D,MI,14,L000581,115
2166,Marc,VEASEY,REPRESENTATIVE,D,TX,33,V000131,115
2166,Marc,VEASEY,REPRESENTATIVE,D,TX,33,V000131,115
2166,Marc,VEASEY,REPRESENTATIVE,D,TX,33,V000131,115
2274,Stacey,PLASKETT,DELEGATE,D,VI,N/A,P000610,115
2166,Marc,VEASEY,REPRESENTATIVE,D,TX,33,V000131,115
2345,Brian,FITZPATRICK,REPRESENTATIVE,R,PA,8,F000466,115
2345,Brian,FITZPATRICK,REPRESENTATIVE,R,PA,8,F000466,115
1856,Timothy,WALZ,REPRESENTATIVE,D,MN,1,W000799,115
1856,Timothy,WALZ,REPRESENTATIVE,D,MN,1,W000799,115
616,Marcy,KAPTUR,REPRESENTATIVE,D,OH,8,K000009,115
1608,Johnny,ISAKSON,SENATOR,R,GA,N/A,I000055,115
1829,Jon,TESTER,SENATOR,D,MT,N/A,T000464,115
1383,Patrick,LEAHY,SENATOR,D,VT,N/A,L000174,115
1829,Jon,TESTER,SENATOR,D,MT,N/A,T000464,115
1608,Johnny,ISAKSON,SENATOR,R,GA,N/A,I000055,115
1881,John,BARRASSO,SENATOR,R,WY,N/A,B001261,115
2171,Mark,POCAN,REPRESENTATIVE,D,WI,2,P000607,115
2322,Brian,MAST,N/A,R,FL,N/A,M001199,115
1881,John,BARRASSO,SENATOR,R,WY,N/A,B001261,115
2084,Marco,RUBIO,SENATOR,R,FL,N/A,R000595,115
213,Thad,COCHRAN,SENATOR,R,MS,N/A,C000567,115
1498,Ron,KIND,REPRESENTATIVE,D,WI,3,K000188,115
1531,Debbie,STABENOW,SENATOR,D,MI,N/A,S000770,115
2185,Angus,KING,REPRESENTATIVE,I,ME,4,K000383,115
2084,Marco,RUBIO,SENATOR,R,FL,N/A,R000595,115
2274,Stacey,PLASKETT,DELEGATE,D,VI,N/A,P000610,115
2170,Denny,HECK,REPRESENTATIVE,D,WA,3,H001064,115
1774,Jim,COSTA,REPRESENTATIVE,D,CA,16,C001059,115
1774,Jim,COSTA,REPRESENTATIVE,D,CA,16,C001059,115
2115,Ted,YOHO,REPRESENTATIVE,R,FL,3,Y000065,115
2115,Ted,YOHO,REPRESENTATIVE,R,FL,3,Y000065,115
1332,Dianne,FEINSTEIN,SENATOR,D,CA,N/A,F000062,115
1838,Gus,BILIRAKIS,REPRESENTATIVE,R,FL,12,B001257,115
1838,Gus,BILIRAKIS,REPRESENTATIVE,R,FL,12,B001257,115
1838,Gus,BILIRAKIS,REPRESENTATIVE,R,FL,12,B001257,115
1856,Timothy,WALZ,REPRESENTATIVE,D,MN,1,W000799,115
1838,Gus,BILIRAKIS,REPRESENTATIVE,R,FL,12,B001257,115
2103,Paul,COOK,REPRESENTATIVE,R,CA,8,C001094,115
1856,Timothy,WALZ,REPRESENTATIVE,D,MN,1,W000799,115
2122,Tulsi,GABBARD,REPRESENTATIVE,D,HI,2,G000571,115
1856,Timothy,WALZ,REPRESENTATIVE,D,MN,1,W000799,115
1838,Gus,BILIRAKIS,REPRESENTATIVE,R,FL,12,B001257,115
1838,Gus,BILIRAKIS,REPRESENTATIVE,R,FL,12,B001257,115
2261,Lee,ZELDIN,REPRESENTATIVE,R,NY,1,Z000017,115
1526,Brad,SHERMAN,REPRESENTATIVE,D,CA,30,S000344,115
1526,Brad,SHERMAN,REPRESENTATIVE,D,CA,30,S000344,115
2025,William,KEATING,REPRESENTATIVE,D,MA,9,K000375,115
2302,Margaret,HASSAN,N/A,D,NH,N/A,H001076,115
2302,Margaret,HASSAN,N/A,D,NH,N/A,H001076,115
1036,Charles,SCHUMER,SENATOR,D,NY,N/A,S000148,115
1036,Charles,SCHUMER,SENATOR,D,NY,N/A,S000148,115
1247,Ron,WYDEN,SENATOR,D,OR,N/A,W000779,115
1247,Ron,WYDEN,SENATOR,D,OR,N/A,W000779,115
1247,Ron,WYDEN,SENATOR,D,OR,N/A,W000779,115
1541,Susan,COLLINS,REPRESENTATIVE,R,ME,9,C001035,115
1541,Susan,COLLINS,REPRESENTATIVE,R,ME,9,C001035,115
1844,Mazie,HIRONO,SENATOR,D,HI,N/A,H001042,115
1844,Mazie,HIRONO,SENATOR,D,HI,N/A,H001042,115
1351,Orrin,HATCH,SENATOR,R,UT,N/A,H000338,115
1351,Orrin,HATCH,SENATOR,R,UT,N/A,H000338,115
174,Benjamin,CARDIN,SENATOR,D,MD,N/A,C000141,115
174,Benjamin,CARDIN,SENATOR,D,MD,N/A,C000141,115
1531,Debbie,STABENOW,SENATOR,D,MI,N/A,S000770,115
1531,Debbie,STABENOW,SENATOR,D,MI,N/A,S000770,115
1823,Sheldon,WHITEHOUSE,SENATOR,D,RI,N/A,W000802,115
1383,Patrick,LEAHY,SENATOR,D,VT,N/A,L000174,115
1823,Sheldon,WHITEHOUSE,SENATOR,D,RI,N/A,W000802,115
326,Richard,DURBIN,SENATOR,D,IL,N/A,D000563,115
326,Richard,DURBIN,SENATOR,D,IL,N/A,D000563,115
1900,Jeff,MERKLEY,SENATOR,D,OR,N/A,M001176,115
1900,Jeff,MERKLEY,SENATOR,D,OR,N/A,M001176,115
1828,Robert,CASEY,SENATOR,D,PA,N/A,C001070,115
1828,Robert,CASEY,SENATOR,D,PA,N/A,C001070,115
1828,Robert,CASEY,SENATOR,D,PA,N/A,C001070,115
791,Robert,MENENDEZ,SENATOR,D,NJ,N/A,M000639,115
2194,Cory,BOOKER,SENATOR,D,NJ,N/A,B001288,115
2194,Cory,BOOKER,SENATOR,D,NJ,N/A,B001288,115
1247,Ron,WYDEN,SENATOR,D,OR,N/A,W000779,115
1247,Ron,WYDEN,SENATOR,D,OR,N/A,W000779,115
1351,Orrin,HATCH,SENATOR,R,UT,N/A,H000338,115
208,James,CLYBURN,REPRESENTATIVE,D,SC,6,C000537,115
