speaker_id,first_name,last_name,type,party,state,district,bio_guide_id,congress_id
2289,Ben,SASSE,SENATOR,R,NE,N/A,S001197,115
326,Richard,DURBIN,SENATOR,D,IL,N/A,D000563,115
1878,Steve,COHEN,REPRESENTATIVE,D,TN,9,C001068,115
1692,John,CORNYN,SENATOR,R,TX,N/A,C001056,115
1692,John,CORNYN,SENATOR,R,TX,N/A,C001056,115
1692,John,CORNYN,SENATOR,R,TX,N/A,C001056,115
1049,Richard,SHELBY,SENATOR,R,AL,N/A,S000320,115
924,Rob,PORTMAN,SENATOR,R,OH,N/A,P000449,115
924,Rob,PORTMAN,SENATOR,R,OH,N/A,P000449,115
1534,John,THUNE,SENATOR,R,SD,N/A,T000250,115
924,Rob,PORTMAN,SENATOR,R,OH,N/A,P000449,115
2076,Richard,BLUMENTHAL,SENATOR,D,CT,N/A,B001277,115
2076,Richard,BLUMENTHAL,SENATOR,D,CT,N/A,B001277,115
924,Rob,PORTMAN,SENATOR,R,OH,N/A,P000449,115
2174,Heidi,HEITKAMP,SENATOR,D,ND,N/A,H001069,115
924,Rob,PORTMAN,SENATOR,R,OH,N/A,P000449,115
924,Rob,PORTMAN,SENATOR,R,OH,N/A,P000449,115
924,Rob,PORTMAN,SENATOR,R,OH,N/A,P000449,115
859,Bill,NELSON,SENATOR,D,FL,N/A,N000032,115
1694,Lisa,MURKOWSKI,SENATOR,R,AK,N/A,M001153,115
2179,Deb,FISCHER,SENATOR,R,NE,N/A,F000463,115
1036,Charles,SCHUMER,SENATOR,D,NY,N/A,S000148,115
326,Richard,DURBIN,SENATOR,D,IL,N/A,D000563,115
1383,Patrick,LEAHY,SENATOR,D,VT,N/A,L000174,115
457,Chuck,GRASSLEY,SENATOR,R,IA,N/A,G000386,115
2364,Doug,JONES,REPRESENTATIVE,D,AL,3,J000300,115
2290,Dan,SULLIVAN,SENATOR,R,AK,N/A,S001198,115
1247,Ron,WYDEN,SENATOR,D,OR,N/A,W000779,115
1247,Ron,WYDEN,SENATOR,D,OR,N/A,W000779,115
1247,Ron,WYDEN,SENATOR,D,OR,N/A,W000779,115
1247,Ron,WYDEN,SENATOR,D,OR,N/A,W000779,115
1247,Ron,WYDEN,SENATOR,D,OR,N/A,W000779,115
1247,Ron,WYDEN,SENATOR,D,OR,N/A,W000779,115
924,Rob,PORTMAN,SENATOR,R,OH,N/A,P000449,115
1247,Ron,WYDEN,SENATOR,D,OR,N/A,W000779,115
1692,John,CORNYN,SENATOR,R,TX,N/A,C001056,115
1247,Ron,WYDEN,SENATOR,D,OR,N/A,W000779,115
1247,Ron,WYDEN,SENATOR,D,OR,N/A,W000779,115
1247,Ron,WYDEN,SENATOR,D,OR,N/A,W000779,115
924,Rob,PORTMAN,SENATOR,R,OH,N/A,P000449,115
2076,Richard,BLUMENTHAL,SENATOR,D,CT,N/A,B001277,115
1247,Ron,WYDEN,SENATOR,D,OR,N/A,W000779,115
924,Rob,PORTMAN,SENATOR,R,OH,N/A,P000449,115
1692,John,CORNYN,SENATOR,R,TX,N/A,C001056,115
1751,Michael,BURGESS,REPRESENTATIVE,R,TX,26,B001248,115
1751,Michael,BURGESS,REPRESENTATIVE,R,TX,26,B001248,115
1751,Michael,BURGESS,REPRESENTATIVE,R,TX,26,B001248,115
887,Frank,PALLONE,REPRESENTATIVE,D,NJ,6,P000034,115
887,Frank,PALLONE,REPRESENTATIVE,D,NJ,6,P000034,115
1751,Michael,BURGESS,REPRESENTATIVE,R,TX,26,B001248,115
2345,Brian,FITZPATRICK,REPRESENTATIVE,R,PA,8,F000466,115
887,Frank,PALLONE,REPRESENTATIVE,D,NJ,6,P000034,115
1588,Janice,SCHAKOWSKY,REPRESENTATIVE,D,IL,9,S001145,115
1588,Janice,SCHAKOWSKY,REPRESENTATIVE,D,IL,9,S001145,115
1751,Michael,BURGESS,REPRESENTATIVE,R,TX,26,B001248,115
1596,Greg,WALDEN,REPRESENTATIVE,R,OR,2,W000791,115
887,Frank,PALLONE,REPRESENTATIVE,D,NJ,6,P000034,115
1814,Doris,MATSUI,REPRESENTATIVE,D,CA,6,M001163,115
1751,Michael,BURGESS,REPRESENTATIVE,R,TX,26,B001248,115
2070,H.,GRIFFITH,REPRESENTATIVE,R,VA,9,G000568,115
887,Frank,PALLONE,REPRESENTATIVE,D,NJ,6,P000034,115
1751,Michael,BURGESS,REPRESENTATIVE,R,TX,26,B001248,115
887,Frank,PALLONE,REPRESENTATIVE,D,NJ,6,P000034,115
887,Frank,PALLONE,REPRESENTATIVE,D,NJ,6,P000034,115
1751,Michael,BURGESS,REPRESENTATIVE,R,TX,26,B001248,115
2307,Andy,BIGGS,N/A,R,AZ,N/A,B001302,115
887,Frank,PALLONE,REPRESENTATIVE,D,NJ,6,P000034,115
1751,Michael,BURGESS,REPRESENTATIVE,R,TX,26,B001248,115
2239,Rick,ALLEN,REPRESENTATIVE,R,GA,12,A000372,115
887,Frank,PALLONE,REPRESENTATIVE,D,NJ,6,P000034,115
1751,Michael,BURGESS,REPRESENTATIVE,R,TX,26,B001248,115
887,Frank,PALLONE,REPRESENTATIVE,D,NJ,6,P000034,115
1751,Michael,BURGESS,REPRESENTATIVE,R,TX,26,B001248,115
887,Frank,PALLONE,REPRESENTATIVE,D,NJ,6,P000034,115
1751,Michael,BURGESS,REPRESENTATIVE,R,TX,26,B001248,115
887,Frank,PALLONE,REPRESENTATIVE,D,NJ,6,P000034,115
887,Frank,PALLONE,REPRESENTATIVE,D,NJ,6,P000034,115
887,Frank,PALLONE,REPRESENTATIVE,D,NJ,6,P000034,115
1751,Michael,BURGESS,REPRESENTATIVE,R,TX,26,B001248,115
1751,Michael,BURGESS,REPRESENTATIVE,R,TX,26,B001248,115
887,Frank,PALLONE,REPRESENTATIVE,D,NJ,6,P000034,115
1896,James,RISCH,SENATOR,R,ID,N/A,R000584,115
174,Benjamin,CARDIN,SENATOR,D,MD,N/A,C000141,115
326,Richard,DURBIN,SENATOR,D,IL,N/A,D000563,115
2250,David,TROTT,REPRESENTATIVE,R,MI,11,T000475,115
2058,Trey,GOWDY,REPRESENTATIVE,R,SC,4,G000566,115
2169,Derek,KILMER,REPRESENTATIVE,D,WA,6,K000381,115
2097,Donald,PAYNE,REPRESENTATIVE,D,NJ,10,P000604,115
924,Rob,PORTMAN,SENATOR,R,OH,N/A,P000449,115
2076,Richard,BLUMENTHAL,SENATOR,D,CT,N/A,B001277,115
2076,Richard,BLUMENTHAL,SENATOR,D,CT,N/A,B001277,115
924,Rob,PORTMAN,SENATOR,R,OH,N/A,P000449,115
924,Rob,PORTMAN,SENATOR,R,OH,N/A,P000449,115
136,Sherrod,BROWN,REPRESENTATIVE,D,OH,26,B000944,115
1823,Sheldon,WHITEHOUSE,SENATOR,D,RI,N/A,W000802,115
1534,John,THUNE,SENATOR,R,SD,N/A,T000250,115
2058,Trey,GOWDY,REPRESENTATIVE,R,SC,4,G000566,115
326,Richard,DURBIN,SENATOR,D,IL,N/A,D000563,115
2110,Mark,TAKANO,REPRESENTATIVE,D,CA,41,T000472,115
2055,David,CICILLINE,REPRESENTATIVE,D,RI,1,C001084,115
326,Richard,DURBIN,SENATOR,D,IL,N/A,D000563,115
924,Rob,PORTMAN,SENATOR,R,OH,N/A,P000449,115
1878,Steve,COHEN,REPRESENTATIVE,D,TN,9,C001068,115
1878,Steve,COHEN,REPRESENTATIVE,D,TN,9,C001068,115
2058,Trey,GOWDY,REPRESENTATIVE,R,SC,4,G000566,115
326,Richard,DURBIN,SENATOR,D,IL,N/A,D000563,115
2264,John,KATKO,REPRESENTATIVE,R,NY,24,K000386,115
1694,Lisa,MURKOWSKI,SENATOR,R,AK,N/A,M001153,115
1837,Christopher,MURPHY,SENATOR,D,CT,N/A,M001169,115
1525,Pete,SESSIONS,SENATOR,R,TX,N/A,S000250,115
2086,Ron,JOHNSON,REPRESENTATIVE,R,WI,4,J000293,115
1409,Patty,MURRAY,SENATOR,D,WA,N/A,M001111,115
1879,Peter,WELCH,REPRESENTATIVE,D,VT,0,W000800,115
887,Frank,PALLONE,REPRESENTATIVE,D,NJ,6,P000034,115
1998,Cory,GARDNER,N/A,R,CO,N/A,G000562,115
566,Steny,HOYER,REPRESENTATIVE,D,MD,5,H000874,115
566,Steny,HOYER,REPRESENTATIVE,D,MD,5,H000874,115
791,Robert,MENENDEZ,SENATOR,D,NJ,N/A,M000639,115
1912,Mike,COFFMAN,REPRESENTATIVE,R,CO,6,C001077,115
1774,Jim,COSTA,REPRESENTATIVE,D,CA,16,C001059,115
1177,Fred,UPTON,REPRESENTATIVE,R,MI,6,U000031,115
2063,Diane,BLACK,REPRESENTATIVE,R,TN,6,B001273,115
1692,John,CORNYN,SENATOR,R,TX,N/A,C001056,115
2307,Andy,BIGGS,N/A,R,AZ,N/A,B001302,115
1811,Gwen,MOORE,SENATOR,D,WI,N/A,M001160,115
1825,Bob,CORKER,SENATOR,R,TN,N/A,C001071,115
2351,Scott,TAYLOR,N/A,R,VA,N/A,T000477,115
2344,Claudia,TENNEY,N/A,R,NY,N/A,T000478,115
2228,Stephen,KNIGHT,REPRESENTATIVE,R,CA,25,K000387,115
1829,Jon,TESTER,SENATOR,D,MT,N/A,T000464,115
2309,Jimmy,PANETTA,N/A,D,CA,N/A,P000613,115
2346,Lloyd,SMUCKER,N/A,R,PA,N/A,S001199,115
1541,Susan,COLLINS,REPRESENTATIVE,R,ME,9,C001035,115
