speaker_id,first_name,last_name,type,party,state,district,bio_guide_id,congress_id
1541,Susan,COLLINS,REPRESENTATIVE,R,ME,9,C001035,115
1541,Susan,COLLINS,REPRESENTATIVE,R,ME,9,C001035,115
2097,Donald,PAYNE,REPRESENTATIVE,D,NJ,10,P000604,115
2092,Suzanne,BONAMICI,REPRESENTATIVE,D,OR,1,B001278,115
1668,James,LANGEVIN,REPRESENTATIVE,D,RI,2,L000559,115
2283,Joni,ERNST,SENATOR,R,IA,N/A,E000295,115
326,Richard,DURBIN,SENATOR,D,IL,N/A,D000563,115
2185,Angus,KING,REPRESENTATIVE,I,ME,4,K000383,115
1942,Paul,TONKO,REPRESENTATIVE,D,NY,20,T000469,115
1838,Gus,BILIRAKIS,REPRESENTATIVE,R,FL,12,B001257,115
1838,Gus,BILIRAKIS,REPRESENTATIVE,R,FL,12,B001257,115
1838,Gus,BILIRAKIS,REPRESENTATIVE,R,FL,12,B001257,115
1856,Timothy,WALZ,REPRESENTATIVE,D,MN,1,W000799,115
1838,Gus,BILIRAKIS,REPRESENTATIVE,R,FL,12,B001257,115
1856,Timothy,WALZ,REPRESENTATIVE,D,MN,1,W000799,115
1913,James,HIMES,REPRESENTATIVE,D,CT,4,H001047,115
1856,Timothy,WALZ,REPRESENTATIVE,D,MN,1,W000799,115
1838,Gus,BILIRAKIS,REPRESENTATIVE,R,FL,12,B001257,115
1541,Susan,COLLINS,REPRESENTATIVE,R,ME,9,C001035,115
1541,Susan,COLLINS,REPRESENTATIVE,R,ME,9,C001035,115
2362,Jimmy,GOMEZ,N/A,D,CA,N/A,G000585,115
2362,Jimmy,GOMEZ,N/A,D,CA,N/A,G000585,115
326,Richard,DURBIN,SENATOR,D,IL,N/A,D000563,115
208,James,CLYBURN,REPRESENTATIVE,D,SC,6,C000537,115
868,Eleanor,NORTON,DELEGATE,D,DC,N/A,N000147,115
2067,Blake,FARENTHOLD,REPRESENTATIVE,R,TX,27,F000460,115
2067,Blake,FARENTHOLD,REPRESENTATIVE,R,TX,27,F000460,115
2067,Blake,FARENTHOLD,REPRESENTATIVE,R,TX,27,F000460,115
1541,Susan,COLLINS,REPRESENTATIVE,R,ME,9,C001035,115
1791,Virginia,FOXX,REPRESENTATIVE,R,NC,5,F000450,115
1791,Virginia,FOXX,REPRESENTATIVE,R,NC,5,F000450,115
1791,Virginia,FOXX,REPRESENTATIVE,R,NC,5,F000450,115
1791,Virginia,FOXX,REPRESENTATIVE,R,NC,5,F000450,115
2197,Bradley,BYRNE,REPRESENTATIVE,R,AL,1,B001289,115
1895,Marcia,FUDGE,REPRESENTATIVE,D,OH,11,F000455,115
1895,Marcia,FUDGE,REPRESENTATIVE,D,OH,11,F000455,115
1791,Virginia,FOXX,REPRESENTATIVE,R,NC,5,F000450,115
1855,Tim,WALBERG,REPRESENTATIVE,R,MI,7,W000798,115
2342,Adriano,ESPAILLAT,N/A,D,NY,N/A,E000297,115
2342,Adriano,ESPAILLAT,N/A,D,NY,N/A,E000297,115
1791,Virginia,FOXX,REPRESENTATIVE,R,NC,5,F000450,115
1807,Henry,CUELLAR,REPRESENTATIVE,D,TX,28,C001063,115
2110,Mark,TAKANO,REPRESENTATIVE,D,CA,41,T000472,115
2110,Mark,TAKANO,REPRESENTATIVE,D,CA,41,T000472,115
1791,Virginia,FOXX,REPRESENTATIVE,R,NC,5,F000450,115
186,Steve,CHABOT,REPRESENTATIVE,R,OH,1,C000266,115
2202,Donald,NORCROSS,REPRESENTATIVE,D,NJ,1,N000188,115
2202,Donald,NORCROSS,REPRESENTATIVE,D,NJ,1,N000188,115
1791,Virginia,FOXX,REPRESENTATIVE,R,NC,5,F000450,115
1791,Virginia,FOXX,REPRESENTATIVE,R,NC,5,F000450,115
1791,Virginia,FOXX,REPRESENTATIVE,R,NC,5,F000450,115
616,Marcy,KAPTUR,REPRESENTATIVE,D,OH,8,K000009,115
616,Marcy,KAPTUR,REPRESENTATIVE,D,OH,8,K000009,115
616,Marcy,KAPTUR,REPRESENTATIVE,D,OH,8,K000009,115
1791,Virginia,FOXX,REPRESENTATIVE,R,NC,5,F000450,115
2334,Paul,MITCHELL,N/A,R,MI,N/A,M001201,115
1588,Janice,SCHAKOWSKY,REPRESENTATIVE,D,IL,9,S001145,115
1791,Virginia,FOXX,REPRESENTATIVE,R,NC,5,F000450,115
2346,Lloyd,SMUCKER,N/A,R,PA,N/A,S001199,115
1781,Daniel,LIPINSKI,REPRESENTATIVE,D,IL,3,L000563,115
1791,Virginia,FOXX,REPRESENTATIVE,R,NC,5,F000450,115
2276,Glenn,GROTHMAN,REPRESENTATIVE,R,WI,6,G000576,115
1791,Virginia,FOXX,REPRESENTATIVE,R,NC,5,F000450,115
2276,Glenn,GROTHMAN,REPRESENTATIVE,R,WI,6,G000576,115
1686,Stephen,LYNCH,REPRESENTATIVE,D,MA,8,L000562,115
1791,Virginia,FOXX,REPRESENTATIVE,R,NC,5,F000450,115
2324,A.,FERGUSON,N/A,R,GA,N/A,F000465,115
2092,Suzanne,BONAMICI,REPRESENTATIVE,D,OR,1,B001278,115
2092,Suzanne,BONAMICI,REPRESENTATIVE,D,OR,1,B001278,115
1791,Virginia,FOXX,REPRESENTATIVE,R,NC,5,F000450,115
2203,Dave,BRAT,REPRESENTATIVE,R,VA,7,B001290,115
1791,Virginia,FOXX,REPRESENTATIVE,R,NC,5,F000450,115
1791,Virginia,FOXX,REPRESENTATIVE,R,NC,5,F000450,115
2239,Rick,ALLEN,REPRESENTATIVE,R,GA,12,A000372,115
1791,Virginia,FOXX,REPRESENTATIVE,R,NC,5,F000450,115
1791,Virginia,FOXX,REPRESENTATIVE,R,NC,5,F000450,115
1962,Gregorio,SABLAN,DELEGATE,D,MP,N/A,S001177,115
2273,Barbara,COMSTOCK,REPRESENTATIVE,R,VA,10,C001105,115
2092,Suzanne,BONAMICI,REPRESENTATIVE,D,OR,1,B001278,115
2092,Suzanne,BONAMICI,REPRESENTATIVE,D,OR,1,B001278,115
2092,Suzanne,BONAMICI,REPRESENTATIVE,D,OR,1,B001278,115
1791,Virginia,FOXX,REPRESENTATIVE,R,NC,5,F000450,115
1791,Virginia,FOXX,REPRESENTATIVE,R,NC,5,F000450,115
2092,Suzanne,BONAMICI,REPRESENTATIVE,D,OR,1,B001278,115
1838,Gus,BILIRAKIS,REPRESENTATIVE,R,FL,12,B001257,115
1838,Gus,BILIRAKIS,REPRESENTATIVE,R,FL,12,B001257,115
1838,Gus,BILIRAKIS,REPRESENTATIVE,R,FL,12,B001257,115
1856,Timothy,WALZ,REPRESENTATIVE,D,MN,1,W000799,115
1838,Gus,BILIRAKIS,REPRESENTATIVE,R,FL,12,B001257,115
2315,Neal,DUNN,N/A,R,FL,N/A,D000628,115
1856,Timothy,WALZ,REPRESENTATIVE,D,MN,1,W000799,115
1838,Gus,BILIRAKIS,REPRESENTATIVE,R,FL,12,B001257,115
2243,Mike,BOST,REPRESENTATIVE,R,IL,12,B001295,115
1856,Timothy,WALZ,REPRESENTATIVE,D,MN,1,W000799,115
1838,Gus,BILIRAKIS,REPRESENTATIVE,R,FL,12,B001257,115
1541,Susan,COLLINS,REPRESENTATIVE,R,ME,9,C001035,115
1541,Susan,KING,REPRESENTATIVE,R,ME,4,C001035,115
1950,Kurt,SCHRADER,REPRESENTATIVE,D,OR,5,S001180,115
1838,Gus,BILIRAKIS,REPRESENTATIVE,R,FL,12,B001257,115
1838,Gus,BILIRAKIS,REPRESENTATIVE,R,FL,12,B001257,115
1838,Gus,BILIRAKIS,REPRESENTATIVE,R,FL,12,B001257,115
1856,Timothy,WALZ,REPRESENTATIVE,D,MN,1,W000799,115
1927,Chellie,PINGREE,REPRESENTATIVE,D,ME,1,P000597,115
1856,Timothy,WALZ,REPRESENTATIVE,D,MN,1,W000799,115
1838,Gus,BILIRAKIS,REPRESENTATIVE,R,FL,12,B001257,115
1838,Gus,BILIRAKIS,REPRESENTATIVE,R,FL,12,B001257,115
2307,Andy,BIGGS,N/A,R,AZ,N/A,B001302,115
2307,Andy,BIGGS,N/A,R,AZ,N/A,B001302,115
2314,Matt,GAETZ,N/A,R,FL,N/A,G000578,115
2307,Andy,BIGGS,N/A,R,AZ,N/A,B001302,115
1868,Jim,JORDAN,REPRESENTATIVE,R,OH,4,J000289,115
2307,Andy,BIGGS,N/A,R,AZ,N/A,B001302,115
2142,Mark,MEADOWS,REPRESENTATIVE,R,NC,11,M001187,115
2307,Andy,BIGGS,N/A,R,AZ,N/A,B001302,115
2307,Andy,BIGGS,N/A,R,AZ,N/A,B001302,115
2157,Scott,PERRY,REPRESENTATIVE,R,PA,4,P000605,115
2307,Andy,BIGGS,N/A,R,AZ,N/A,B001302,115
1801,Louie,GOHMERT,REPRESENTATIVE,R,TX,1,G000552,115
2307,Andy,BIGGS,N/A,R,AZ,N/A,B001302,115
2307,Andy,BIGGS,N/A,R,AZ,N/A,B001302,115
2115,Ted,YOHO,REPRESENTATIVE,R,FL,3,Y000065,115
2307,Andy,BIGGS,N/A,R,AZ,N/A,B001302,115
2307,Andy,BIGGS,N/A,R,AZ,N/A,B001302,115
2307,Andy,BIGGS,N/A,R,AZ,N/A,B001302,115
2357,Luther,STRANGE,N/A,R,AL,N/A,S001202,115
1838,Gus,BILIRAKIS,REPRESENTATIVE,R,FL,12,B001257,115
1838,Gus,BILIRAKIS,REPRESENTATIVE,R,FL,12,B001257,115
1838,Gus,BILIRAKIS,REPRESENTATIVE,R,FL,12,B001257,115
1856,Timothy,WALZ,REPRESENTATIVE,D,MN,1,W000799,115
1838,Gus,BILIRAKIS,REPRESENTATIVE,R,FL,12,B001257,115
2350,Jodey,ARRINGTON,N/A,R,TX,N/A,A000375,115
1856,Timothy,WALZ,REPRESENTATIVE,D,MN,1,W000799,115
2308,Ro,KHANNA,N/A,D,CA,N/A,K000389,115
1856,Timothy,WALZ,REPRESENTATIVE,D,MN,1,W000799,115
1838,Gus,BILIRAKIS,REPRESENTATIVE,R,FL,12,B001257,115
1811,Gwen,MOORE,SENATOR,D,WI,N/A,M001160,115
2028,Bill,HUIZENGA,REPRESENTATIVE,R,MI,2,H001058,115
2028,Bill,HUIZENGA,REPRESENTATIVE,R,MI,2,H001058,115
2028,Bill,HUIZENGA,REPRESENTATIVE,R,MI,2,H001058,115
2134,Daniel,KILDEE,REPRESENTATIVE,D,MI,5,K000380,115
2028,Bill,HUIZENGA,REPRESENTATIVE,R,MI,2,H001058,115
2137,Ann,WAGNER,REPRESENTATIVE,R,MO,2,W000812,115
2134,Daniel,KILDEE,REPRESENTATIVE,D,MI,5,K000380,115
2028,Bill,HUIZENGA,REPRESENTATIVE,R,MI,2,H001058,115
2028,Bill,HUIZENGA,REPRESENTATIVE,R,MI,2,H001058,115
859,Bill,NELSON,SENATOR,D,FL,N/A,N000032,115
616,Marcy,KAPTUR,REPRESENTATIVE,D,OH,8,K000009,115
1838,Gus,BILIRAKIS,REPRESENTATIVE,R,FL,12,B001257,115
1838,Gus,BILIRAKIS,REPRESENTATIVE,R,FL,12,B001257,115
1838,Gus,BILIRAKIS,REPRESENTATIVE,R,FL,12,B001257,115
1856,Timothy,WALZ,REPRESENTATIVE,D,MN,1,W000799,115
1838,Gus,BILIRAKIS,REPRESENTATIVE,R,FL,12,B001257,115
1856,Timothy,WALZ,REPRESENTATIVE,D,MN,1,W000799,115
1838,Gus,BILIRAKIS,REPRESENTATIVE,R,FL,12,B001257,115
1912,Mike,COFFMAN,REPRESENTATIVE,R,CO,6,C001077,115
1856,Timothy,WALZ,REPRESENTATIVE,D,MN,1,W000799,115
1838,Gus,BILIRAKIS,REPRESENTATIVE,R,FL,12,B001257,115
1856,Timothy,WALZ,REPRESENTATIVE,D,MN,1,W000799,115
1838,Gus,BILIRAKIS,REPRESENTATIVE,R,FL,12,B001257,115
1838,Gus,BILIRAKIS,REPRESENTATIVE,R,FL,12,B001257,115
1973,John,GARAMENDI,REPRESENTATIVE,D,CA,3,G000559,115
905,Nancy,PELOSI,REPRESENTATIVE,D,CA,12,P000197,115
1973,John,GARAMENDI,REPRESENTATIVE,D,CA,3,G000559,115
905,Nancy,PELOSI,REPRESENTATIVE,D,CA,12,P000197,115
1973,John,GARAMENDI,REPRESENTATIVE,D,CA,3,G000559,115
905,Nancy,PELOSI,REPRESENTATIVE,D,CA,12,P000197,115
1973,John,GARAMENDI,REPRESENTATIVE,D,CA,3,G000559,115
905,Nancy,PELOSI,REPRESENTATIVE,D,CA,12,P000197,115
905,Nancy,PELOSI,REPRESENTATIVE,D,CA,12,P000197,115
1973,John,GARAMENDI,REPRESENTATIVE,D,CA,3,G000559,115
905,Nancy,PELOSI,REPRESENTATIVE,D,CA,12,P000197,115
1973,John,GARAMENDI,REPRESENTATIVE,D,CA,3,G000559,115
905,Nancy,PELOSI,REPRESENTATIVE,D,CA,12,P000197,115
1973,John,GARAMENDI,REPRESENTATIVE,D,CA,3,G000559,115
905,Nancy,PELOSI,REPRESENTATIVE,D,CA,12,P000197,115
1973,John,GARAMENDI,REPRESENTATIVE,D,CA,3,G000559,115
1973,John,GARAMENDI,REPRESENTATIVE,D,CA,3,G000559,115
1973,John,GARAMENDI,REPRESENTATIVE,D,CA,3,G000559,115
905,Nancy,PELOSI,REPRESENTATIVE,D,CA,12,P000197,115
1973,John,GARAMENDI,REPRESENTATIVE,D,CA,3,G000559,115
2028,Bill,HUIZENGA,REPRESENTATIVE,R,MI,2,H001058,115
2028,Bill,HUIZENGA,REPRESENTATIVE,R,MI,2,H001058,115
2028,Bill,HUIZENGA,REPRESENTATIVE,R,MI,2,H001058,115
2134,Daniel,KILDEE,REPRESENTATIVE,D,MI,5,K000380,115
2028,Bill,HUIZENGA,REPRESENTATIVE,R,MI,2,H001058,115
2141,Robert,PITTENGER,REPRESENTATIVE,R,NC,9,P000606,115
2134,Daniel,KILDEE,REPRESENTATIVE,D,MI,5,K000380,115
2028,Bill,HUIZENGA,REPRESENTATIVE,R,MI,2,H001058,115
2158,Keith,ROTHFUS,REPRESENTATIVE,R,PA,12,R000598,115
2134,Daniel,KILDEE,REPRESENTATIVE,D,MI,5,K000380,115
2028,Bill,HUIZENGA,REPRESENTATIVE,R,MI,2,H001058,115
1838,Gus,BILIRAKIS,REPRESENTATIVE,R,FL,12,B001257,115
1838,Gus,BILIRAKIS,REPRESENTATIVE,R,FL,12,B001257,115
1838,Gus,BILIRAKIS,REPRESENTATIVE,R,FL,12,B001257,115
1856,Timothy,WALZ,REPRESENTATIVE,D,MN,1,W000799,115
1838,Gus,BILIRAKIS,REPRESENTATIVE,R,FL,12,B001257,115
1856,Timothy,WALZ,REPRESENTATIVE,D,MN,1,W000799,115
1838,Gus,BILIRAKIS,REPRESENTATIVE,R,FL,12,B001257,115
2337,Don,BACON,N/A,R,NE,N/A,B001298,115
1838,Gus,BILIRAKIS,REPRESENTATIVE,R,FL,12,B001257,115
1838,Gus,BILIRAKIS,REPRESENTATIVE,R,FL,12,B001257,115
1838,Gus,BILIRAKIS,REPRESENTATIVE,R,FL,12,B001257,115
1856,Timothy,WALZ,REPRESENTATIVE,D,MN,1,W000799,115
1838,Gus,BILIRAKIS,REPRESENTATIVE,R,FL,12,B001257,115
1912,Mike,COFFMAN,REPRESENTATIVE,R,CO,6,C001077,115
1856,Timothy,WALZ,REPRESENTATIVE,D,MN,1,W000799,115
1838,Gus,BILIRAKIS,REPRESENTATIVE,R,FL,12,B001257,115
1856,Timothy,WALZ,REPRESENTATIVE,D,MN,1,W000799,115
2122,Tulsi,GABBARD,REPRESENTATIVE,D,HI,2,G000571,115
1838,Gus,BILIRAKIS,REPRESENTATIVE,R,FL,12,B001257,115
1856,Timothy,WALZ,REPRESENTATIVE,D,MN,1,W000799,115
2169,Derek,KILMER,REPRESENTATIVE,D,WA,6,K000381,115
1856,Timothy,WALZ,REPRESENTATIVE,D,MN,1,W000799,115
1838,Gus,BILIRAKIS,REPRESENTATIVE,R,FL,12,B001257,115
1892,Steve,SCALISE,REPRESENTATIVE,R,LA,1,S001176,115
1838,Gus,BILIRAKIS,REPRESENTATIVE,R,FL,12,B001257,115
1838,Gus,BILIRAKIS,REPRESENTATIVE,R,FL,12,B001257,115
1838,Gus,BILIRAKIS,REPRESENTATIVE,R,FL,12,B001257,115
1856,Timothy,WALZ,REPRESENTATIVE,D,MN,1,W000799,115
1838,Gus,BILIRAKIS,REPRESENTATIVE,R,FL,12,B001257,115
2047,Steve,STIVERS,REPRESENTATIVE,R,OH,15,S001187,115
1856,Timothy,WALZ,REPRESENTATIVE,D,MN,1,W000799,115
2153,Joyce,BEATTY,REPRESENTATIVE,D,OH,3,B001281,115
1838,Gus,BILIRAKIS,REPRESENTATIVE,R,FL,12,B001257,115
2296,Warren,DAVIDSON,N/A,R,OH,N/A,D000626,115
1856,Timothy,WALZ,REPRESENTATIVE,D,MN,1,W000799,115
1838,Gus,BILIRAKIS,REPRESENTATIVE,R,FL,12,B001257,115
850,Jerrold,NADLER,REPRESENTATIVE,D,NY,10,N000002,115
2026,Andy,HARRIS,REPRESENTATIVE,R,MD,1,H001052,115
2344,Claudia,TENNEY,N/A,R,NY,N/A,T000478,115
1814,Doris,MATSUI,REPRESENTATIVE,D,CA,6,M001163,115
1973,John,GARAMENDI,REPRESENTATIVE,D,CA,3,G000559,115
2141,Robert,PITTENGER,REPRESENTATIVE,R,NC,9,P000606,115
2353,Thomas,GARRETT,REPRESENTATIVE,R,VA,5,G000580,115
1838,Gus,BILIRAKIS,REPRESENTATIVE,R,FL,12,B001257,115
1838,Gus,BILIRAKIS,REPRESENTATIVE,R,FL,12,B001257,115
1838,Gus,BILIRAKIS,REPRESENTATIVE,R,FL,12,B001257,115
1856,Timothy,WALZ,REPRESENTATIVE,D,MN,1,W000799,115
1838,Gus,BILIRAKIS,REPRESENTATIVE,R,FL,12,B001257,115
1856,Timothy,WALZ,REPRESENTATIVE,D,MN,1,W000799,115
1838,Gus,BILIRAKIS,REPRESENTATIVE,R,FL,12,B001257,115
1912,Mike,COFFMAN,REPRESENTATIVE,R,CO,6,C001077,115
1856,Timothy,WALZ,REPRESENTATIVE,D,MN,1,W000799,115
1838,Gus,BILIRAKIS,REPRESENTATIVE,R,FL,12,B001257,115
2333,Jack,BERGMAN,N/A,R,MI,N/A,B001301,115
1856,Timothy,WALZ,REPRESENTATIVE,D,MN,1,W000799,115
1838,Gus,BILIRAKIS,REPRESENTATIVE,R,FL,12,B001257,115
99999999999999,First Name unavailable,,Type Unavailable,Party Info Unavailable,state info unavailable,District Unavailable,BioGuideID unavailable,CongressID unavailable
2131,Andy,BARR,REPRESENTATIVE,R,KY,11,B001282,115
2316,John,RUTHERFORD,N/A,R,FL,N/A,R000609,115
2153,Joyce,BEATTY,REPRESENTATIVE,D,OH,3,B001281,115
2345,Brian,FITZPATRICK,REPRESENTATIVE,R,PA,8,F000466,115
2345,Brian,FITZPATRICK,REPRESENTATIVE,R,PA,8,F000466,115
1986,Martha,ROBY,REPRESENTATIVE,R,AL,2,R000591,115
2253,Tom,EMMER,REPRESENTATIVE,R,MN,6,E000294,115
2253,Tom,EMMER,REPRESENTATIVE,R,MN,6,E000294,115
2253,Tom,EMMER,REPRESENTATIVE,R,MN,6,E000294,115
2253,Tom,EMMER,REPRESENTATIVE,R,MN,6,E000294,115
2197,Bradley,BYRNE,REPRESENTATIVE,R,AL,1,B001289,115
2337,Don,BACON,N/A,R,NE,N/A,B001298,115
612,Walter,JONES,REPRESENTATIVE,R,NC,3,J000255,115
2342,Adriano,ESPAILLAT,N/A,D,NY,N/A,E000297,115
1866,Kirsten,GILLIBRAND,SENATOR,D,NY,N/A,G000555,115
1866,Kirsten,GILLIBRAND,SENATOR,D,NY,N/A,G000555,115
1692,John,CORNYN,SENATOR,R,TX,N/A,C001056,115
1541,Susan,COLLINS,REPRESENTATIVE,R,ME,9,C001035,115
2138,Steve,DAINES,SENATOR,R,MT,N/A,D000618,115
2138,Steve,DAINES,SENATOR,R,MT,N/A,D000618,115
1676,Shelley,CAPITO,N/A,R,WV,N/A,C001047,115
1676,Shelley,CAPITO,N/A,R,WV,N/A,C001047,115
136,Sherrod,BROWN,REPRESENTATIVE,D,OH,26,B000944,115
326,Richard,DURBIN,SENATOR,D,IL,N/A,D000563,115
2107,Tony,CARDENAS,REPRESENTATIVE,D,CA,29,C001097,115
1967,Mike,QUIGLEY,REPRESENTATIVE,D,IL,5,Q000023,115
2015,Randy,HULTGREN,REPRESENTATIVE,R,IL,14,H001059,115
2197,Bradley,BYRNE,REPRESENTATIVE,R,AL,1,B001289,115
2197,Bradley,BYRNE,REPRESENTATIVE,R,AL,1,B001289,115
2197,Bradley,BYRNE,REPRESENTATIVE,R,AL,1,B001289,115
2197,Bradley,BYRNE,REPRESENTATIVE,R,AL,1,B001289,115
2197,Bradley,BYRNE,REPRESENTATIVE,R,AL,1,B001289,115
2275,Dan,NEWHOUSE,REPRESENTATIVE,R,WA,4,N000189,115
1857,Keith,ELLISON,REPRESENTATIVE,D,MN,5,E000288,115
2197,Bradley,BYRNE,REPRESENTATIVE,R,AL,1,B001289,115
2361,Ralph,NORMAN,N/A,R,SC,N/A,N000190,115
1857,Keith,ELLISON,REPRESENTATIVE,D,MN,5,E000288,115
2197,Bradley,BYRNE,REPRESENTATIVE,R,AL,1,B001289,115
2197,Bradley,BYRNE,REPRESENTATIVE,R,AL,1,B001289,115
2197,Bradley,BYRNE,REPRESENTATIVE,R,AL,1,B001289,115
2197,Bradley,BYRNE,REPRESENTATIVE,R,AL,1,B001289,115
2197,Bradley,BYRNE,REPRESENTATIVE,R,AL,1,B001289,115
