speaker_id,first_name,last_name,type,party,state,district,bio_guide_id,congress_id
2138,Steve,DAINES,SENATOR,R,MT,N/A,D000618,115
1036,Charles,SCHUMER,SENATOR,D,NY,N/A,S000148,115
2098,Tom,COTTON,SENATOR,R,AR,N/A,C001095,115
457,Chuck,GRASSLEY,SENATOR,R,IA,N/A,G000386,115
457,Chuck,GRASSLEY,SENATOR,R,IA,N/A,G000386,115
2084,Marco,RUBIO,SENATOR,R,FL,N/A,R000595,115
2084,Marco,RUBIO,SENATOR,R,FL,N/A,R000595,115
2084,Marco,RUBIO,SENATOR,R,FL,N/A,R000595,115
1692,John,CORNYN,SENATOR,R,TX,N/A,C001056,115
326,Richard,DURBIN,SENATOR,D,IL,N/A,D000563,115
326,Richard,DURBIN,SENATOR,D,IL,N/A,D000563,115
2098,Tom,COTTON,SENATOR,R,AR,N/A,C001095,115
2253,Tom,EMMER,REPRESENTATIVE,R,MN,6,E000294,115
2138,Steve,DAINES,SENATOR,R,MT,N/A,D000618,115
1897,Mark,WARNER,SENATOR,D,VA,N/A,W000805,115
1464,Roy,BLUNT,SENATOR,R,MO,N/A,B000575,115
1036,Charles,SCHUMER,SENATOR,D,NY,N/A,S000148,115
1885,Robert,LATTA,REPRESENTATIVE,R,OH,5,L000566,115
1885,Robert,LATTA,REPRESENTATIVE,R,OH,5,L000566,115
1885,Robert,LATTA,REPRESENTATIVE,R,OH,5,L000566,115
1596,Greg,WALDEN,REPRESENTATIVE,R,OR,2,W000791,115
1588,Janice,SCHAKOWSKY,REPRESENTATIVE,D,IL,9,S001145,115
1885,Robert,LATTA,REPRESENTATIVE,R,OH,5,L000566,115
1588,Janice,SCHAKOWSKY,REPRESENTATIVE,D,IL,9,S001145,115
887,Frank,PALLONE,REPRESENTATIVE,D,NJ,6,P000034,115
1885,Robert,LATTA,REPRESENTATIVE,R,OH,5,L000566,115
1177,Fred,UPTON,REPRESENTATIVE,R,MI,6,U000031,115
1588,Janice,SCHAKOWSKY,REPRESENTATIVE,D,IL,9,S001145,115
1814,Doris,MATSUI,REPRESENTATIVE,D,CA,6,M001163,115
1885,Robert,LATTA,REPRESENTATIVE,R,OH,5,L000566,115
1751,Michael,BURGESS,REPRESENTATIVE,R,TX,26,B001248,115
1588,Janice,SCHAKOWSKY,REPRESENTATIVE,D,IL,9,S001145,115
355,Anna,ESHOO,REPRESENTATIVE,D,CA,18,E000215,115
1885,Robert,LATTA,REPRESENTATIVE,R,OH,5,L000566,115
1933,Gregg,HARPER,REPRESENTATIVE,R,MS,3,H001045,115
1588,Janice,SCHAKOWSKY,REPRESENTATIVE,D,IL,9,S001145,115
2251,Debbie,DINGELL,REPRESENTATIVE,D,MI,12,D000624,115
1885,Robert,LATTA,REPRESENTATIVE,R,OH,5,L000566,115
1936,Leonard,LANCE,REPRESENTATIVE,R,NJ,7,L000567,115
1588,Janice,SCHAKOWSKY,REPRESENTATIVE,D,IL,9,S001145,115
1885,Robert,LATTA,REPRESENTATIVE,R,OH,5,L000566,115
1838,Gus,BILIRAKIS,REPRESENTATIVE,R,FL,12,B001257,115
1588,Janice,SCHAKOWSKY,REPRESENTATIVE,D,IL,9,S001145,115
1588,Janice,SCHAKOWSKY,REPRESENTATIVE,D,IL,9,S001145,115
1885,Robert,LATTA,REPRESENTATIVE,R,OH,5,L000566,115
2018,Larry,BUCSHON,REPRESENTATIVE,R,IN,8,B001275,115
1588,Janice,SCHAKOWSKY,REPRESENTATIVE,D,IL,9,S001145,115
99,Earl,BLUMENAUER,REPRESENTATIVE,D,OR,3,B000574,115
1885,Robert,LATTA,REPRESENTATIVE,R,OH,5,L000566,115
2156,Markwayne,MULLIN,REPRESENTATIVE,R,OK,2,M001190,115
1588,Janice,SCHAKOWSKY,REPRESENTATIVE,D,IL,9,S001145,115
1885,Robert,LATTA,REPRESENTATIVE,R,OH,5,L000566,115
1588,Janice,SCHAKOWSKY,REPRESENTATIVE,D,IL,9,S001145,115
1885,Robert,LATTA,REPRESENTATIVE,R,OH,5,L000566,115
1588,Janice,SCHAKOWSKY,REPRESENTATIVE,D,IL,9,S001145,115
1885,Robert,LATTA,REPRESENTATIVE,R,OH,5,L000566,115
1781,Daniel,LIPINSKI,REPRESENTATIVE,D,IL,3,L000563,115
2138,Steve,DAINES,SENATOR,R,MT,N/A,D000618,115
1825,Bob,CORKER,SENATOR,R,TN,N/A,C001071,115
2341,Thomas,SUOZZI,N/A,D,NY,N/A,S001201,115
583,James,INHOFE,SENATOR,R,OK,N/A,I000024,115
2182,Elizabeth,WARREN,SENATOR,D,MA,N/A,W000817,115
2182,Elizabeth,WARREN,SENATOR,D,MA,N/A,W000817,115
179,Thomas,CARPER,SENATOR,D,DE,N/A,C000174,115
2076,Richard,BLUMENTHAL,SENATOR,D,CT,N/A,B001277,115
1531,Debbie,STABENOW,SENATOR,D,MI,N/A,S000770,115
949,Jack,REED,REPRESENTATIVE,D,RI,23,R000122,115
1823,Sheldon,WHITEHOUSE,SENATOR,D,RI,N/A,W000802,115
1823,Sheldon,WHITEHOUSE,SENATOR,D,RI,N/A,W000802,115
326,Richard,DURBIN,SENATOR,D,IL,N/A,D000563,115
735,Edward,MARKEY,SENATOR,D,MA,N/A,M000133,115
1900,Jeff,MERKLEY,SENATOR,D,OR,N/A,M001176,115
1010,Bernard,SANDERS,SENATOR,I,VT,N/A,S000033,115
1010,Bernard,SANDERS,SENATOR,I,VT,N/A,S000033,115
1998,Cory,GARDNER,N/A,R,CO,N/A,G000562,115
1828,Robert,CASEY,SENATOR,D,PA,N/A,C001070,115
1567,Tom,UDALL,SENATOR,D,NM,N/A,U000039,115
1692,John,CORNYN,SENATOR,R,TX,N/A,C001056,115
2175,Ted,CRUZ,SENATOR,R,TX,N/A,C001098,115
1829,Jon,TESTER,SENATOR,D,MT,N/A,T000464,115
1692,John,CORNYN,SENATOR,R,TX,N/A,C001056,115
1897,Mark,WARNER,SENATOR,D,VA,N/A,W000805,115
2169,Derek,KILMER,REPRESENTATIVE,D,WA,6,K000381,115
2354,Pramila,JAYAPAL,N/A,D,WA,N/A,J000298,115
2354,Pramila,JAYAPAL,N/A,D,WA,N/A,J000298,115
2354,Pramila,JAYAPAL,N/A,D,WA,N/A,J000298,115
2354,Pramila,JAYAPAL,N/A,D,WA,N/A,J000298,115
2354,Pramila,JAYAPAL,N/A,D,WA,N/A,J000298,115
2261,Lee,ZELDIN,REPRESENTATIVE,R,NY,1,Z000017,115
2261,Lee,ZELDIN,REPRESENTATIVE,R,NY,1,Z000017,115
2261,Lee,ZELDIN,REPRESENTATIVE,R,NY,1,Z000017,115
2261,Lee,ZELDIN,REPRESENTATIVE,R,NY,1,Z000017,115
1541,Susan,COLLINS,REPRESENTATIVE,R,ME,9,C001035,115
1332,Dianne,FEINSTEIN,SENATOR,D,CA,N/A,F000062,115
2328,Roger,MARSHALL,N/A,R,KS,N/A,M001198,115
1998,Cory,GARDNER,N/A,R,CO,N/A,G000562,115
1332,Dianne,FEINSTEIN,SENATOR,D,CA,N/A,F000062,115
1844,Mazie,HIRONO,SENATOR,D,HI,N/A,H001042,115
1036,Charles,SCHUMER,SENATOR,D,NY,N/A,S000148,115
1409,Patty,MURRAY,SENATOR,D,WA,N/A,M001111,115
583,James,INHOFE,SENATOR,R,OK,N/A,I000024,115
583,James,INHOFE,SENATOR,R,OK,N/A,I000024,115
1383,Patrick,LEAHY,SENATOR,D,VT,N/A,L000174,115
250,Mike,CRAPO,SENATOR,R,ID,N/A,C000880,115
2050,James,LANKFORD,SENATOR,R,OK,N/A,L000575,115
250,Mike,CRAPO,SENATOR,R,ID,N/A,C000880,115
1692,John,CORNYN,SENATOR,R,TX,N/A,C001056,115
326,Richard,DURBIN,SENATOR,D,IL,N/A,D000563,115
1983,Joe,MANCHIN,SENATOR,D,WV,N/A,M001183,115
1633,Jeff,FLAKE,SENATOR,R,AZ,N/A,F000444,114
1925,Bill,CASSIDY,SENATOR,R,LA,N/A,C001075,115
2355,Mike,GALLAGHER,N/A,R,WI,N/A,G000579,115
414,Rodney,FRELINGHUYSEN,REPRESENTATIVE,R,NJ,11,F000372,115
414,Rodney,FRELINGHUYSEN,REPRESENTATIVE,R,NJ,11,F000372,115
414,Rodney,FRELINGHUYSEN,REPRESENTATIVE,R,NJ,11,F000372,115
709,Nita,LOWEY,REPRESENTATIVE,D,NY,17,L000480,115
414,Rodney,FRELINGHUYSEN,REPRESENTATIVE,R,NJ,11,F000372,115
709,Nita,LOWEY,REPRESENTATIVE,D,NY,17,L000480,115
1807,Henry,CUELLAR,REPRESENTATIVE,D,TX,28,C001063,115
414,Rodney,FRELINGHUYSEN,REPRESENTATIVE,R,NJ,11,F000372,115
2350,Jodey,ARRINGTON,N/A,R,TX,N/A,A000375,115
709,Nita,LOWEY,REPRESENTATIVE,D,NY,17,L000480,115
414,Rodney,FRELINGHUYSEN,REPRESENTATIVE,R,NJ,11,F000372,115
2270,Brian,BABIN,REPRESENTATIVE,R,TX,36,B001291,115
709,Nita,LOWEY,REPRESENTATIVE,D,NY,17,L000480,115
414,Rodney,FRELINGHUYSEN,REPRESENTATIVE,R,NJ,11,F000372,115
1670,John,CULBERSON,REPRESENTATIVE,R,TX,7,C001048,115
709,Nita,LOWEY,REPRESENTATIVE,D,NY,17,L000480,115
709,Nita,LOWEY,REPRESENTATIVE,D,NY,17,L000480,115
1670,John,CULBERSON,REPRESENTATIVE,R,TX,7,C001048,115
709,Nita,LOWEY,REPRESENTATIVE,D,NY,17,L000480,115
414,Rodney,FRELINGHUYSEN,REPRESENTATIVE,R,NJ,11,F000372,115
709,Nita,LOWEY,REPRESENTATIVE,D,NY,17,L000480,115
414,Rodney,FRELINGHUYSEN,REPRESENTATIVE,R,NJ,11,F000372,115
2067,Blake,FARENTHOLD,REPRESENTATIVE,R,TX,27,F000460,115
709,Nita,LOWEY,REPRESENTATIVE,D,NY,17,L000480,115
2274,Stacey,PLASKETT,DELEGATE,D,VI,N/A,P000610,115
414,Rodney,FRELINGHUYSEN,REPRESENTATIVE,R,NJ,11,F000372,115
1936,Leonard,LANCE,REPRESENTATIVE,R,NJ,7,L000567,115
709,Nita,LOWEY,REPRESENTATIVE,D,NY,17,L000480,115
1604,Joseph,CROWLEY,REPRESENTATIVE,D,NY,14,C001038,115
414,Rodney,FRELINGHUYSEN,REPRESENTATIVE,R,NJ,11,F000372,115
709,Nita,LOWEY,REPRESENTATIVE,D,NY,17,L000480,115
344,Eliot,ENGEL,REPRESENTATIVE,D,NY,16,E000179,115
414,Rodney,FRELINGHUYSEN,REPRESENTATIVE,R,NJ,11,F000372,115
709,Nita,LOWEY,REPRESENTATIVE,D,NY,17,L000480,115
709,Nita,LOWEY,REPRESENTATIVE,D,NY,17,L000480,115
414,Rodney,FRELINGHUYSEN,REPRESENTATIVE,R,NJ,11,F000372,115
1818,Albio,SIRES,REPRESENTATIVE,D,NJ,8,S001165,115
414,Rodney,FRELINGHUYSEN,REPRESENTATIVE,R,NJ,11,F000372,115
2345,Brian,FITZPATRICK,REPRESENTATIVE,R,PA,8,F000466,115
2025,William,KEATING,REPRESENTATIVE,D,MA,9,K000375,115
1838,Gus,BILIRAKIS,REPRESENTATIVE,R,FL,12,B001257,115
2312,J.,CORREA,N/A,D,CA,N/A,C001110,115
1885,Robert,LATTA,REPRESENTATIVE,R,OH,5,L000566,115
2134,Daniel,KILDEE,REPRESENTATIVE,D,MI,5,K000380,115
2231,Norma,TORRES,REPRESENTATIVE,D,CA,35,T000474,115
2293,Daniel,DONOVAN,REPRESENTATIVE,R,NY,11,D000625,115
2354,Pramila,JAYAPAL,N/A,D,WA,N/A,J000298,115
2354,Pramila,JAYAPAL,N/A,D,WA,N/A,J000298,115
2354,Pramila,JAYAPAL,N/A,D,WA,N/A,J000298,115
2354,Pramila,JAYAPAL,N/A,D,WA,N/A,J000298,115
2345,Brian,FITZPATRICK,REPRESENTATIVE,R,PA,8,F000466,115
2345,Brian,FITZPATRICK,REPRESENTATIVE,R,PA,8,F000466,115
2345,Brian,FITZPATRICK,REPRESENTATIVE,R,PA,8,F000466,115
2293,Daniel,DONOVAN,REPRESENTATIVE,R,NY,11,D000625,115
2345,Brian,FITZPATRICK,REPRESENTATIVE,R,PA,8,F000466,115
2345,Brian,FITZPATRICK,REPRESENTATIVE,R,PA,8,F000466,115
2312,J.,CORREA,N/A,D,CA,N/A,C001110,115
2312,J.,CORREA,N/A,D,CA,N/A,C001110,115
2312,J.,CORREA,N/A,D,CA,N/A,C001110,115
2312,J.,CORREA,N/A,D,CA,N/A,C001110,115
1909,Duncan,HUNTER,REPRESENTATIVE,R,CA,50,H001048,115
1909,Duncan,HUNTER,REPRESENTATIVE,R,CA,50,H001048,115
1909,Duncan,HUNTER,REPRESENTATIVE,R,CA,50,H001048,115
1909,Duncan,HUNTER,REPRESENTATIVE,R,CA,50,H001048,115
1909,Duncan,HUNTER,REPRESENTATIVE,R,CA,50,H001048,115
2231,Norma,TORRES,REPRESENTATIVE,D,CA,35,T000474,115
2231,Norma,TORRES,REPRESENTATIVE,D,CA,35,T000474,115
2231,Norma,TORRES,REPRESENTATIVE,D,CA,35,T000474,115
1998,Cory,GARDNER,N/A,R,CO,N/A,G000562,115
1998,Cory,GARDNER,N/A,R,CO,N/A,G000562,115
1998,Cory,GARDNER,N/A,R,CO,N/A,G000562,115
1998,Cory,GARDNER,N/A,R,CO,N/A,G000562,115
1965,Michael,BENNET,SENATOR,D,CO,N/A,B001267,115
172,Maria,CANTWELL,SENATOR,D,WA,N/A,C000127,115
2302,Margaret,HASSAN,N/A,D,NH,N/A,H001076,115
1965,Michael,BENNET,SENATOR,D,CO,N/A,B001267,115
172,Maria,CANTWELL,SENATOR,D,WA,N/A,C000127,115
1897,Mark,WARNER,SENATOR,D,VA,N/A,W000805,115
1692,John,CORNYN,SENATOR,R,TX,N/A,C001056,115
1818,Albio,SIRES,REPRESENTATIVE,D,NJ,8,S001165,115
2223,J.,HILL,REPRESENTATIVE,R,AR,2,H001072,115
1998,Cory,GARDNER,N/A,R,CO,N/A,G000562,115
1897,Mark,WARNER,SENATOR,D,VA,N/A,W000805,115
1464,Roy,BLUNT,SENATOR,R,MO,N/A,B000575,115
583,James,INHOFE,SENATOR,R,OK,N/A,I000024,115
583,James,INHOFE,SENATOR,R,OK,N/A,I000024,115
99,Earl,BLUMENAUER,REPRESENTATIVE,D,OR,3,B000574,115
1036,Charles,SCHUMER,SENATOR,D,NY,N/A,S000148,115
1829,Jon,TESTER,SENATOR,D,MT,N/A,T000464,115
1633,Jeff,FLAKE,SENATOR,R,AZ,N/A,F000444,115
1633,Jeff,FLAKE,SENATOR,R,AZ,N/A,F000444,115
1742,Tom,COLE,REPRESENTATIVE,R,OK,12,C001053,115
1742,Tom,COLE,REPRESENTATIVE,R,OK,12,C001053,115
1742,Tom,COLE,REPRESENTATIVE,R,OK,12,C001053,115
1742,Tom,COLE,REPRESENTATIVE,R,OK,12,C001053,115
1742,Tom,COLE,REPRESENTATIVE,R,OK,12,C001053,115
1742,Tom,COLE,REPRESENTATIVE,R,OK,12,C001053,115
701,Zoe,LOFGREN,REPRESENTATIVE,D,CA,19,L000397,115
1742,Tom,COLE,REPRESENTATIVE,R,OK,12,C001053,115
2109,Raul,RUIZ,REPRESENTATIVE,D,CA,36,R000599,115
1742,Tom,COLE,REPRESENTATIVE,R,OK,12,C001053,115
1184,Nydia,VELAZQUEZ,REPRESENTATIVE,D,NY,7,V000081,115
2122,Tulsi,GABBARD,REPRESENTATIVE,D,HI,2,G000571,115
1708,Raul,GRIJALVA,REPRESENTATIVE,D,AZ,3,G000551,115
1962,Gregorio,SABLAN,DELEGATE,D,MP,N/A,S001177,115
2312,J.,CORREA,N/A,D,CA,N/A,C001110,115
2342,Adriano,ESPAILLAT,N/A,D,NY,N/A,E000297,115
2310,Salud,CARBAJAL,N/A,D,CA,N/A,C001112,115
2309,Jimmy,PANETTA,N/A,D,CA,N/A,P000613,115
1814,Doris,MATSUI,REPRESENTATIVE,D,CA,6,M001163,115
850,Jerrold,NADLER,REPRESENTATIVE,D,NY,10,N000002,115
2229,Pete,AGUILAR,REPRESENTATIVE,D,CA,31,A000371,115
1723,Madeleine,BORDALLO,DELEGATE,D,GU,N/A,B001245,115
2252,Brenda,LAWRENCE,REPRESENTATIVE,D,MI,14,L000581,115
868,Eleanor,NORTON,DELEGATE,D,DC,N/A,N000147,115
2319,Darren,SOTO,N/A,D,FL,N/A,S001200,115
2231,Norma,TORRES,REPRESENTATIVE,D,CA,35,T000474,115
2110,Mark,TAKANO,REPRESENTATIVE,D,CA,41,T000472,115
1757,Linda,SANCHEZ,REPRESENTATIVE,D,CA,38,S001156,115
2226,Ruben,GALLEGO,REPRESENTATIVE,D,AZ,7,G000574,115
2311,Nanette,BARRAGAN,N/A,D,CA,N/A,B001300,115
1602,Grace,NAPOLITANO,REPRESENTATIVE,D,CA,32,N000179,115
905,Nancy,PELOSI,REPRESENTATIVE,D,CA,12,P000197,115
2111,Alan,LOWENTHAL,REPRESENTATIVE,D,CA,47,L000579,115
2159,Matt,CARTWRIGHT,REPRESENTATIVE,D,PA,17,C001090,115
1942,Paul,TONKO,REPRESENTATIVE,D,NY,20,T000469,115
2101,Jared,HUFFMAN,REPRESENTATIVE,D,CA,2,H001068,115
1588,Janice,SCHAKOWSKY,REPRESENTATIVE,D,IL,9,S001145,115
1884,Niki,TSONGAS,REPRESENTATIVE,D,MA,3,T000465,115
2134,Daniel,KILDEE,REPRESENTATIVE,D,MI,5,K000380,115
1910,Jared,POLIS,REPRESENTATIVE,D,CO,2,P000598,115
2332,Jamie,RASKIN,N/A,D,MD,N/A,R000606,115
867,Richard,NOLAN,REPRESENTATIVE,D,MN,8,N000127,115
2008,Rob,WOODALL,REPRESENTATIVE,R,GA,7,W000810,115
2008,Rob,WOODALL,REPRESENTATIVE,R,GA,7,W000810,115
1890,Jackie,SPEIER,REPRESENTATIVE,D,CA,14,S001175,115
1042,Jose,SERRANO,REPRESENTATIVE,D,NY,15,S000248,115
1940,Dina,TITUS,REPRESENTATIVE,D,NV,1,T000468,115
566,Steny,HOYER,REPRESENTATIVE,D,MD,5,H000874,115
478,Luis,GUTIERREZ,REPRESENTATIVE,D,IL,4,G000535,115
478,Luis,GUTIERREZ,REPRESENTATIVE,D,IL,4,G000535,115
2008,Rob,WOODALL,REPRESENTATIVE,R,GA,7,W000810,115
2008,Rob,WOODALL,REPRESENTATIVE,R,GA,7,W000810,115
588,Sheila,LEE,REPRESENTATIVE,D,TX,13,J000032,115
616,Marcy,KAPTUR,REPRESENTATIVE,D,OH,8,K000009,115
616,Marcy,KAPTUR,REPRESENTATIVE,D,OH,8,K000009,115
2008,Rob,WOODALL,REPRESENTATIVE,R,GA,7,W000810,115
2008,Rob,WOODALL,REPRESENTATIVE,R,GA,7,W000810,115
2008,Rob,WOODALL,REPRESENTATIVE,R,GA,7,W000810,115
2341,Thomas,SUOZZI,N/A,D,NY,N/A,S001201,115
1036,Charles,SCHUMER,SENATOR,D,NY,N/A,S000148,115
1534,John,THUNE,SENATOR,R,SD,N/A,T000250,115
1534,John,THUNE,SENATOR,R,SD,N/A,T000250,115
1881,John,BARRASSO,SENATOR,R,WY,N/A,B001261,115
