speaker_id,first_name,last_name,type,party,state,district,bio_guide_id,congress_id
2138,Steve,DAINES,SENATOR,R,MT,N/A,D000618,115
1247,Ron,WYDEN,SENATOR,D,OR,N/A,W000779,115
791,Robert,MENENDEZ,SENATOR,D,NJ,N/A,M000639,115
457,Chuck,GRASSLEY,SENATOR,R,IA,N/A,G000386,115
1998,Cory,GARDNER,N/A,R,CO,N/A,G000562,115
2098,Tom,COTTON,SENATOR,R,AR,N/A,C001095,115
2098,Tom,COTTON,SENATOR,R,AR,N/A,C001095,115
2283,Joni,ERNST,SENATOR,R,IA,N/A,E000295,115
2283,Joni,ERNST,SENATOR,R,IA,N/A,E000295,115
1692,John,CORNYN,SENATOR,R,TX,N/A,C001056,115
2175,Ted,CRUZ,SENATOR,R,TX,N/A,C001098,115
1984,Christopher,COONS,SENATOR,D,DE,N/A,C001088,115
1984,Christopher,COONS,SENATOR,D,DE,N/A,C001088,115
1692,John,CORNYN,SENATOR,R,TX,N/A,C001056,115
1594,Patrick,TOOMEY,SENATOR,R,PA,N/A,T000461,115
326,Richard,DURBIN,SENATOR,D,IL,N/A,D000563,115
1692,John,CORNYN,SENATOR,R,TX,N/A,C001056,115
2098,Tom,COTTON,SENATOR,R,AR,N/A,C001095,115
2288,Mike,ROUNDS,N/A,R,SD,N/A,R000605,115
1247,Ron,KING,REPRESENTATIVE,D,OR,4,W000779,115
1541,Susan,COLLINS,REPRESENTATIVE,R,ME,9,C001035,115
1247,Ron,KING,REPRESENTATIVE,D,OR,4,W000779,115
2288,Mike,ROUNDS,N/A,R,SD,N/A,R000605,115
1541,Susan,COLLINS,REPRESENTATIVE,R,ME,9,C001035,115
1692,John,CORNYN,SENATOR,R,TX,N/A,C001056,115
457,Chuck,GRASSLEY,SENATOR,R,IA,N/A,G000386,115
1036,Charles,SCHUMER,SENATOR,D,NY,N/A,S000148,115
1692,John,CORNYN,SENATOR,R,TX,N/A,C001056,115
2174,Heidi,HEITKAMP,SENATOR,D,ND,N/A,H001069,115
2008,Rob,WOODALL,REPRESENTATIVE,R,GA,7,W000810,115
2079,John,HOEVEN,SENATOR,R,ND,N/A,H001061,115
1383,Patrick,LEAHY,SENATOR,D,VT,N/A,L000174,115
2138,Steve,DAINES,SENATOR,R,MT,N/A,D000618,115
1383,Patrick,LEAHY,SENATOR,D,VT,N/A,L000174,115
1542,Michael,ENZI,SENATOR,R,WY,N/A,E000285,115
2291,Thom,TILLIS,SENATOR,R,NC,N/A,T000476,115
1383,Patrick,LEAHY,SENATOR,D,VT,N/A,L000174,115
2291,Thom,TILLIS,SENATOR,R,NC,N/A,T000476,115
2291,Thom,TILLIS,SENATOR,R,NC,N/A,T000476,115
250,Mike,CRAPO,SENATOR,R,ID,N/A,C000880,115
1247,Ron,WYDEN,SENATOR,D,OR,N/A,W000779,115
250,Mike,CRAPO,SENATOR,R,ID,N/A,C000880,115
213,Thad,COCHRAN,SENATOR,R,MS,N/A,C000567,115
457,Chuck,GRASSLEY,SENATOR,R,IA,N/A,G000386,115
1823,Sheldon,WHITEHOUSE,SENATOR,D,RI,N/A,W000802,115
1695,Lamar,ALEXANDER,SENATOR,R,TN,N/A,A000360,115
1695,Lamar,ALEXANDER,SENATOR,R,TN,N/A,A000360,115
1695,Lamar,ALEXANDER,SENATOR,R,TN,N/A,A000360,115
1695,Lamar,ALEXANDER,SENATOR,R,TN,N/A,A000360,115
1695,Lamar,ALEXANDER,SENATOR,R,TN,N/A,A000360,115
1695,Lamar,ALEXANDER,SENATOR,R,TN,N/A,A000360,115
1695,Lamar,ALEXANDER,SENATOR,R,TN,N/A,A000360,115
1695,Lamar,ALEXANDER,SENATOR,R,TN,N/A,A000360,115
1695,Lamar,ALEXANDER,SENATOR,R,TN,N/A,A000360,115
1695,Lamar,ALEXANDER,SENATOR,R,TN,N/A,A000360,115
1695,Lamar,ALEXANDER,SENATOR,R,TN,N/A,A000360,115
1695,Lamar,ALEXANDER,SENATOR,R,TN,N/A,A000360,115
1695,Lamar,ALEXANDER,SENATOR,R,TN,N/A,A000360,115
1383,Patrick,LEAHY,SENATOR,D,VT,N/A,L000174,115
1036,Charles,SCHUMER,SENATOR,D,NY,N/A,S000148,115
1036,Charles,SCHUMER,SENATOR,D,NY,N/A,S000148,115
2050,James,LANKFORD,SENATOR,R,OK,N/A,L000575,115
1531,Debbie,STABENOW,SENATOR,D,MI,N/A,S000770,115
1531,Debbie,STABENOW,SENATOR,D,MI,N/A,S000770,115
859,Bill,NELSON,SENATOR,D,FL,N/A,N000032,115
1695,Lamar,ALEXANDER,SENATOR,R,TN,N/A,A000360,115
179,Thomas,CARPER,SENATOR,D,DE,N/A,C000174,115
1695,Lamar,ALEXANDER,SENATOR,R,TN,N/A,A000360,115
2362,Jimmy,GOMEZ,N/A,D,CA,N/A,G000585,115
2353,Thomas,GARRETT,REPRESENTATIVE,R,VA,5,G000580,115
2336,Ted,BUDD,REPRESENTATIVE,R,NC,1,B001305,115
2353,Thomas,GARRETT,REPRESENTATIVE,R,VA,5,G000580,115
2115,Ted,YOHO,REPRESENTATIVE,R,FL,3,Y000065,115
2353,Thomas,GARRETT,REPRESENTATIVE,R,VA,5,G000580,115
1383,Patrick,LEAHY,SENATOR,D,VT,N/A,L000174,115
1695,Lamar,ALEXANDER,SENATOR,R,TN,N/A,A000360,115
2008,Rob,WOODALL,REPRESENTATIVE,R,GA,7,W000810,115
2319,Darren,SOTO,N/A,D,FL,N/A,S001200,115
859,Bill,NELSON,SENATOR,D,FL,N/A,N000032,115
859,Bill,NELSON,SENATOR,D,FL,N/A,N000032,115
2084,Marco,RUBIO,SENATOR,R,FL,N/A,R000595,115
1878,Steve,COHEN,REPRESENTATIVE,D,TN,9,C001068,115
566,Steny,HOYER,REPRESENTATIVE,D,MD,5,H000874,115
1695,Lamar,ALEXANDER,SENATOR,R,TN,N/A,A000360,115
1695,Lamar,ALEXANDER,SENATOR,R,TN,N/A,A000360,115
1695,Lamar,ALEXANDER,SENATOR,R,TN,N/A,A000360,115
2226,Ruben,GALLEGO,REPRESENTATIVE,D,AZ,7,G000574,115
1695,Lamar,ALEXANDER,SENATOR,R,TN,N/A,A000360,115
1695,Lamar,ALEXANDER,SENATOR,R,TN,N/A,A000360,115
