speaker_id,first_name,last_name,type,party,state,district,bio_guide_id,congress_id
2360,Karen,HANDEL,N/A,R,GA,N/A,H001078,115
1728,C.,RUPPERSBERGER,REPRESENTATIVE,D,MD,2,R000576,115
868,Eleanor,NORTON,DELEGATE,D,DC,N/A,N000147,115
566,Steny,HOYER,REPRESENTATIVE,D,MD,5,H000874,115
2241,Rod,BLUM,SENATOR,R,IA,N/A,B001294,115
1155,Mac,THORNBERRY,REPRESENTATIVE,R,TX,13,T000238,115
1155,Mac,THORNBERRY,REPRESENTATIVE,R,TX,13,T000238,115
1155,Mac,THORNBERRY,REPRESENTATIVE,R,TX,13,T000238,115
1155,Mac,THORNBERRY,REPRESENTATIVE,R,TX,13,T000238,115
1723,Madeleine,BORDALLO,DELEGATE,D,GU,N/A,B001245,115
1155,Mac,THORNBERRY,REPRESENTATIVE,R,TX,13,T000238,115
1741,Michael,TURNER,REPRESENTATIVE,R,OH,10,T000463,115
1668,James,LANGEVIN,REPRESENTATIVE,D,RI,2,L000559,115
1155,Mac,THORNBERRY,REPRESENTATIVE,R,TX,13,T000238,115
231,Jim,COOPER,REPRESENTATIVE,D,TN,5,C000754,115
1155,Mac,THORNBERRY,REPRESENTATIVE,R,TX,13,T000238,115
1886,Robert,WITTMAN,REPRESENTATIVE,R,VA,1,W000804,115
1836,Joe,COURTNEY,REPRESENTATIVE,D,CT,2,C001069,115
1155,Mac,THORNBERRY,REPRESENTATIVE,R,TX,13,T000238,115
1912,Mike,COFFMAN,REPRESENTATIVE,R,CO,6,C001077,115
1884,Niki,TSONGAS,REPRESENTATIVE,D,MA,3,T000465,115
1155,Mac,THORNBERRY,REPRESENTATIVE,R,TX,13,T000238,115
2032,Vicky,HARTZLER,REPRESENTATIVE,R,MO,4,H001053,115
2246,Seth,MOULTON,REPRESENTATIVE,D,MA,6,M001196,115
1155,Mac,THORNBERRY,REPRESENTATIVE,R,TX,13,T000238,115
2263,Elise,STEFANIK,REPRESENTATIVE,R,NY,21,S001196,115
1155,Mac,THORNBERRY,REPRESENTATIVE,R,TX,13,T000238,115
2263,Elise,STEFANIK,REPRESENTATIVE,R,NY,21,S001196,115
2310,Salud,CARBAJAL,N/A,D,CA,N/A,C001112,115
1155,Mac,THORNBERRY,REPRESENTATIVE,R,TX,13,T000238,115
2152,Brad,WENSTRUP,REPRESENTATIVE,R,OH,2,W000815,115
2166,Marc,VEASEY,REPRESENTATIVE,D,TX,33,V000131,115
1155,Mac,THORNBERRY,REPRESENTATIVE,R,TX,13,T000238,115
1723,Madeleine,BORDALLO,DELEGATE,D,GU,N/A,B001245,115
1723,Madeleine,BORDALLO,DELEGATE,D,GU,N/A,B001245,115
1155,Mac,THORNBERRY,REPRESENTATIVE,R,TX,13,T000238,115
1723,Madeleine,BORDALLO,DELEGATE,D,GU,N/A,B001245,115
1155,Mac,THORNBERRY,REPRESENTATIVE,R,TX,13,T000238,115
1723,Madeleine,BORDALLO,DELEGATE,D,GU,N/A,B001245,115
1155,Mac,THORNBERRY,REPRESENTATIVE,R,TX,13,T000238,115
1155,Mac,THORNBERRY,REPRESENTATIVE,R,TX,13,T000238,115
2337,Don,BACON,N/A,R,NE,N/A,B001298,115
1155,Mac,THORNBERRY,REPRESENTATIVE,R,TX,13,T000238,115
2355,Mike,GALLAGHER,N/A,R,WI,N/A,G000579,115
1155,Mac,THORNBERRY,REPRESENTATIVE,R,TX,13,T000238,115
2158,Keith,ROTHFUS,REPRESENTATIVE,R,PA,12,R000598,115
1155,Mac,THORNBERRY,REPRESENTATIVE,R,TX,13,T000238,115
1834,Doug,LAMBORN,REPRESENTATIVE,R,CO,5,L000564,115
1155,Mac,THORNBERRY,REPRESENTATIVE,R,TX,13,T000238,115
1155,Mac,THORNBERRY,REPRESENTATIVE,R,TX,13,T000238,115
616,Marcy,KAPTUR,REPRESENTATIVE,D,OH,8,K000009,115
616,Marcy,KAPTUR,REPRESENTATIVE,D,OH,8,K000009,115
2345,Brian,FITZPATRICK,REPRESENTATIVE,R,PA,8,F000466,115
2345,Brian,FITZPATRICK,REPRESENTATIVE,R,PA,8,F000466,115
326,Richard,DURBIN,SENATOR,D,IL,N/A,D000563,115
326,Richard,DURBIN,SENATOR,D,IL,N/A,D000563,115
1036,Charles,SCHUMER,SENATOR,D,NY,N/A,S000148,115
1896,James,RISCH,SENATOR,R,ID,N/A,R000584,115
1896,James,RISCH,SENATOR,R,ID,N/A,R000584,115
1837,Christopher,MURPHY,SENATOR,D,CT,N/A,M001169,115
1837,Christopher,MURPHY,SENATOR,D,CT,N/A,M001169,115
2302,Margaret,HASSAN,N/A,D,NH,N/A,H001076,115
2302,Margaret,HASSAN,N/A,D,NH,N/A,H001076,115
1534,John,THUNE,SENATOR,R,SD,N/A,T000250,115
2302,Margaret,HASSAN,N/A,D,NH,N/A,H001076,115
1464,Roy,BLUNT,SENATOR,R,MO,N/A,B000575,115
1967,Mike,QUIGLEY,REPRESENTATIVE,D,IL,5,Q000023,115
1464,Roy,BLUNT,SENATOR,R,MO,N/A,B000575,115
859,Bill,NELSON,SENATOR,D,FL,N/A,N000032,115
1826,Amy,KLOBUCHAR,SENATOR,D,MN,N/A,K000367,115
1826,Amy,KLOBUCHAR,SENATOR,D,MN,N/A,K000367,115
1594,Patrick,TOOMEY,SENATOR,R,PA,N/A,T000461,115
1930,Erik,PAULSEN,REPRESENTATIVE,R,MN,3,P000594,115
1695,Lamar,ALEXANDER,SENATOR,R,TN,N/A,A000360,115
1409,Patty,MURRAY,SENATOR,D,WA,N/A,M001111,115
2080,Mike,LEE,REPRESENTATIVE,R,UT,13,L000577,115
2138,Steve,DAINES,SENATOR,R,MT,N/A,D000618,115
2138,Steve,DAINES,SENATOR,R,MT,N/A,D000618,115
326,Richard,DURBIN,SENATOR,D,IL,N/A,D000563,115
1681,Bill,SHUSTER,REPRESENTATIVE,R,PA,9,S001154,115
1594,Patrick,TOOMEY,SENATOR,R,PA,N/A,T000461,115
1464,Roy,BLUNT,SENATOR,R,MO,N/A,B000575,115
1464,Roy,BLUNT,SENATOR,R,MO,N/A,B000575,115
1826,Amy,KLOBUCHAR,SENATOR,D,MN,N/A,K000367,115
1464,Roy,BLUNT,SENATOR,R,MO,N/A,B000575,115
1464,Roy,BLUNT,SENATOR,R,MO,N/A,B000575,115
303,Lloyd,DOGGETT,REPRESENTATIVE,D,TX,35,D000399,115
1973,John,GARAMENDI,REPRESENTATIVE,D,CA,3,G000559,115
2341,Thomas,SUOZZI,N/A,D,NY,N/A,S001201,115
1973,John,GARAMENDI,REPRESENTATIVE,D,CA,3,G000559,115
1973,John,GARAMENDI,REPRESENTATIVE,D,CA,3,G000559,115
2341,Thomas,SUOZZI,N/A,D,NY,N/A,S001201,115
1973,John,GARAMENDI,REPRESENTATIVE,D,CA,3,G000559,115
2341,Thomas,SUOZZI,N/A,D,NY,N/A,S001201,115
1973,John,GARAMENDI,REPRESENTATIVE,D,CA,3,G000559,115
2354,Pramila,JAYAPAL,N/A,D,WA,N/A,J000298,115
1973,John,GARAMENDI,REPRESENTATIVE,D,CA,3,G000559,115
850,Jerrold,NADLER,REPRESENTATIVE,D,NY,10,N000002,115
1973,John,GARAMENDI,REPRESENTATIVE,D,CA,3,G000559,115
850,Jerrold,NADLER,REPRESENTATIVE,D,NY,10,N000002,115
1973,John,GARAMENDI,REPRESENTATIVE,D,CA,3,G000559,115
1942,Paul,TONKO,REPRESENTATIVE,D,NY,20,T000469,115
1973,John,GARAMENDI,REPRESENTATIVE,D,CA,3,G000559,115
511,Alcee,HASTINGS,REPRESENTATIVE,D,FL,20,H000324,115
1973,John,GARAMENDI,REPRESENTATIVE,D,CA,3,G000559,115
511,Alcee,HASTINGS,REPRESENTATIVE,D,FL,20,H000324,115
1973,John,GARAMENDI,REPRESENTATIVE,D,CA,3,G000559,115
511,Alcee,HASTINGS,REPRESENTATIVE,D,FL,20,H000324,115
1973,John,GARAMENDI,REPRESENTATIVE,D,CA,3,G000559,115
1942,Paul,TONKO,REPRESENTATIVE,D,NY,20,T000469,115
1973,John,GARAMENDI,REPRESENTATIVE,D,CA,3,G000559,115
1942,Paul,TONKO,REPRESENTATIVE,D,NY,20,T000469,115
1973,John,GARAMENDI,REPRESENTATIVE,D,CA,3,G000559,115
1942,Paul,TONKO,REPRESENTATIVE,D,NY,20,T000469,115
1973,John,GARAMENDI,REPRESENTATIVE,D,CA,3,G000559,115
2097,Donald,PAYNE,REPRESENTATIVE,D,NJ,10,P000604,115
457,Chuck,GRASSLEY,SENATOR,R,IA,N/A,G000386,115
2239,Rick,ALLEN,REPRESENTATIVE,R,GA,12,A000372,115
1834,Doug,LAMBORN,REPRESENTATIVE,R,CO,5,L000564,115
1834,Doug,LAMBORN,REPRESENTATIVE,R,CO,5,L000564,115
2032,Vicky,HARTZLER,REPRESENTATIVE,R,MO,4,H001053,115
1834,Doug,LAMBORN,REPRESENTATIVE,R,CO,5,L000564,115
2060,Kristi,NOEM,REPRESENTATIVE,R,SD,0,N000184,115
1834,Doug,LAMBORN,REPRESENTATIVE,R,CO,5,L000564,115
1834,Doug,LAMBORN,REPRESENTATIVE,R,CO,5,L000564,115
1855,Tim,WALBERG,REPRESENTATIVE,R,MI,7,W000798,115
1834,Doug,LAMBORN,REPRESENTATIVE,R,CO,5,L000564,115
1805,K.,CONAWAY,REPRESENTATIVE,R,TX,11,C001062,115
1834,Doug,LAMBORN,REPRESENTATIVE,R,CO,5,L000564,115
1834,Doug,LAMBORN,REPRESENTATIVE,R,CO,5,L000564,115
1834,Doug,LAMBORN,REPRESENTATIVE,R,CO,5,L000564,115
2239,Rick,ALLEN,REPRESENTATIVE,R,GA,12,A000372,115
1834,Doug,LAMBORN,REPRESENTATIVE,R,CO,5,L000564,115
2256,David,ROUZER,REPRESENTATIVE,R,NC,7,R000603,115
1834,Doug,LAMBORN,REPRESENTATIVE,R,CO,5,L000564,115
2270,Brian,BABIN,REPRESENTATIVE,R,TX,36,B001291,115
1825,Bob,CORKER,SENATOR,R,TN,N/A,C001071,115
791,Robert,MENENDEZ,SENATOR,D,NJ,N/A,M000639,115
2197,Bradley,BYRNE,REPRESENTATIVE,R,AL,1,B001289,115
2197,Bradley,BYRNE,REPRESENTATIVE,R,AL,1,B001289,115
2197,Bradley,BYRNE,REPRESENTATIVE,R,AL,1,B001289,115
2197,Bradley,BYRNE,REPRESENTATIVE,R,AL,1,B001289,115
1069,Louise,SLAUGHTER,REPRESENTATIVE,D,NY,25,S000480,115
2197,Bradley,BYRNE,REPRESENTATIVE,R,AL,1,B001289,115
2072,Sean,DUFFY,N/A,R,WI,N/A,D000614,115
1069,Louise,SLAUGHTER,REPRESENTATIVE,D,NY,25,S000480,115
1069,Louise,SLAUGHTER,REPRESENTATIVE,D,NY,25,S000480,115
2342,Adriano,ESPAILLAT,N/A,D,NY,N/A,E000297,115
2197,Bradley,BYRNE,REPRESENTATIVE,R,AL,1,B001289,115
2361,Ralph,NORMAN,N/A,R,SC,N/A,N000190,115
1069,Louise,SLAUGHTER,REPRESENTATIVE,D,NY,25,S000480,115
887,Frank,PALLONE,REPRESENTATIVE,D,NJ,6,P000034,115
2197,Bradley,BYRNE,REPRESENTATIVE,R,AL,1,B001289,115
2356,Liz,CHENEY,N/A,R,WY,N/A,C001109,115
2197,Bradley,BYRNE,REPRESENTATIVE,R,AL,1,B001289,115
2356,Liz,CHENEY,N/A,R,WY,N/A,C001109,115
1069,Louise,SLAUGHTER,REPRESENTATIVE,D,NY,25,S000480,115
344,Eliot,ENGEL,REPRESENTATIVE,D,NY,16,E000179,115
1069,Louise,SLAUGHTER,REPRESENTATIVE,D,NY,25,S000480,115
344,Eliot,ENGEL,REPRESENTATIVE,D,NY,16,E000179,115
2197,Bradley,BYRNE,REPRESENTATIVE,R,AL,1,B001289,115
1069,Louise,SLAUGHTER,REPRESENTATIVE,D,NY,25,S000480,115
99,Earl,BLUMENAUER,REPRESENTATIVE,D,OR,3,B000574,115
1069,Louise,SLAUGHTER,REPRESENTATIVE,D,NY,25,S000480,115
99,Earl,BLUMENAUER,REPRESENTATIVE,D,OR,3,B000574,115
2197,Bradley,BYRNE,REPRESENTATIVE,R,AL,1,B001289,115
2003,Dennis,ROSS,REPRESENTATIVE,R,FL,15,R000593,115
1069,Louise,SLAUGHTER,REPRESENTATIVE,D,NY,25,S000480,115
2197,Bradley,BYRNE,REPRESENTATIVE,R,AL,1,B001289,115
1501,Barbara,LEE,REPRESENTATIVE,D,CA,13,L000551,115
2197,Bradley,BYRNE,REPRESENTATIVE,R,AL,1,B001289,115
1069,Louise,SLAUGHTER,REPRESENTATIVE,D,NY,25,S000480,115
1069,Louise,SLAUGHTER,REPRESENTATIVE,D,NY,25,S000480,115
2143,George,HOLDING,REPRESENTATIVE,R,NC,13,H001065,115
1036,Charles,SCHUMER,SENATOR,D,NY,N/A,S000148,115
1036,Charles,SCHUMER,SENATOR,D,NY,N/A,S000148,115
1383,Patrick,LEAHY,SENATOR,D,VT,N/A,L000174,115
1383,Patrick,LEAHY,SENATOR,D,VT,N/A,L000174,115
1969,Al,FRANKEN,SENATOR,D,MN,N/A,F000457,115
457,Chuck,GRASSLEY,SENATOR,R,IA,N/A,G000386,115
1036,Charles,SCHUMER,SENATOR,D,NY,N/A,S000148,115
457,Chuck,GRASSLEY,SENATOR,R,IA,N/A,G000386,115
1695,Lamar,ALEXANDER,SENATOR,R,TN,N/A,A000360,115
1695,Lamar,ALEXANDER,SENATOR,R,TN,N/A,A000360,115
1692,John,CORNYN,SENATOR,R,TX,N/A,C001056,115
326,Richard,DURBIN,SENATOR,D,IL,N/A,D000563,115
99999999999999,,THUNE,SENATOR,Party information Unavailable,State Info Unavailable,N/A,9999999999999999,115
1692,John,CORNYN,SENATOR,R,TX,N/A,C001056,115
326,Richard,DURBIN,SENATOR,D,IL,N/A,D000563,115
2350,Jodey,ARRINGTON,N/A,R,TX,N/A,A000375,115
326,Richard,DURBIN,SENATOR,D,IL,N/A,D000563,115
1850,Joe,DONNELLY,SENATOR,D,IN,N/A,D000607,115
2111,Alan,LOWENTHAL,REPRESENTATIVE,D,CA,47,L000579,115
1823,Sheldon,WHITEHOUSE,SENATOR,D,RI,N/A,W000802,115
1541,Susan,COLLINS,REPRESENTATIVE,R,ME,9,C001035,115
1541,Susan,KING,REPRESENTATIVE,R,ME,4,C001035,115
2194,Cory,BOOKER,SENATOR,D,NJ,N/A,B001288,115
1741,Michael,TURNER,REPRESENTATIVE,R,OH,10,T000463,115
1825,Bob,CORKER,SENATOR,R,TN,N/A,C001071,115
2297,James,COMER,N/A,R,KY,N/A,C001108,115
2194,Cory,BOOKER,SENATOR,D,NJ,N/A,B001288,115
2201,Alma,ADAMS,REPRESENTATIVE,D,NC,12,A000370,115
2141,Robert,PITTENGER,REPRESENTATIVE,R,NC,9,P000606,115
2032,Vicky,HARTZLER,REPRESENTATIVE,R,MO,4,H001053,115
2244,Ralph,ABRAHAM,REPRESENTATIVE,R,LA,5,A000374,115
791,Robert,MENENDEZ,SENATOR,D,NJ,N/A,M000639,115
1823,Sheldon,WHITEHOUSE,SENATOR,D,RI,N/A,W000802,115
1692,John,CORNYN,SENATOR,R,TX,N/A,C001056,115
949,Jack,REED,REPRESENTATIVE,D,RI,23,R000122,115
2123,Tammy,DUCKWORTH,REPRESENTATIVE,D,IL,8,D000622,115
1332,Dianne,FEINSTEIN,SENATOR,D,CA,N/A,F000062,115
1332,Dianne,FEINSTEIN,SENATOR,D,CA,N/A,F000062,115
2291,Thom,TILLIS,SENATOR,R,NC,N/A,T000476,115
2291,Thom,TILLIS,SENATOR,R,NC,N/A,T000476,115
2291,Thom,TILLIS,SENATOR,R,NC,N/A,T000476,115
326,Richard,DURBIN,SENATOR,D,IL,N/A,D000563,115
1950,Kurt,SCHRADER,REPRESENTATIVE,D,OR,5,S001180,115
326,Richard,DURBIN,SENATOR,D,IL,N/A,D000563,115
1749,Jeb,HENSARLING,REPRESENTATIVE,R,TX,5,H001036,115
1749,Jeb,HENSARLING,REPRESENTATIVE,R,TX,5,H001036,115
1749,Jeb,HENSARLING,REPRESENTATIVE,R,TX,5,H001036,115
1749,Jeb,HENSARLING,REPRESENTATIVE,R,TX,5,H001036,115
1790,Emanuel,CLEAVER,REPRESENTATIVE,D,MO,5,C001061,115
1749,Jeb,HENSARLING,REPRESENTATIVE,R,TX,5,H001036,115
1931,Blaine,LUETKEMEYER,REPRESENTATIVE,R,MO,3,L000569,115
1749,Jeb,HENSARLING,REPRESENTATIVE,R,TX,5,H001036,115
2003,Dennis,ROSS,REPRESENTATIVE,R,FL,15,R000593,115
1184,Nydia,VELAZQUEZ,REPRESENTATIVE,D,NY,7,V000081,115
1749,Jeb,HENSARLING,REPRESENTATIVE,R,TX,5,H001036,115
2158,Keith,ROTHFUS,REPRESENTATIVE,R,PA,12,R000598,115
1749,Jeb,HENSARLING,REPRESENTATIVE,R,TX,5,H001036,115
2223,J.,HILL,REPRESENTATIVE,R,AR,2,H001072,115
1749,Jeb,HENSARLING,REPRESENTATIVE,R,TX,5,H001036,115
2253,Tom,EMMER,REPRESENTATIVE,R,MN,6,E000294,115
2321,Charlie,CRIST,N/A,D,FL,N/A,C001111,115
1749,Jeb,HENSARLING,REPRESENTATIVE,R,TX,5,H001036,115
2261,Lee,ZELDIN,REPRESENTATIVE,R,NY,1,Z000017,115
2023,Cedric,RICHMOND,REPRESENTATIVE,D,LA,2,R000588,115
1749,Jeb,HENSARLING,REPRESENTATIVE,R,TX,5,H001036,115
1892,Steve,SCALISE,REPRESENTATIVE,R,LA,1,S001176,115
1749,Jeb,HENSARLING,REPRESENTATIVE,R,TX,5,H001036,115
2238,Barry,LOUDERMILK,REPRESENTATIVE,R,GA,11,L000583,115
1749,Jeb,HENSARLING,REPRESENTATIVE,R,TX,5,H001036,115
1564,Michael,CAPUANO,REPRESENTATIVE,D,MA,7,C001037,115
1749,Jeb,HENSARLING,REPRESENTATIVE,R,TX,5,H001036,115
99,Earl,BLUMENAUER,REPRESENTATIVE,D,OR,3,B000574,115
99,Earl,BLUMENAUER,REPRESENTATIVE,D,OR,3,B000574,115
1749,Jeb,HENSARLING,REPRESENTATIVE,R,TX,5,H001036,115
2072,Sean,DUFFY,N/A,R,WI,N/A,D000614,115
1749,Jeb,HENSARLING,REPRESENTATIVE,R,TX,5,H001036,115
1510,Bill,PASCRELL,REPRESENTATIVE,D,NJ,9,P000096,115
1510,Bill,PASCRELL,REPRESENTATIVE,D,NJ,9,P000096,115
1510,Bill,PASCRELL,REPRESENTATIVE,D,NJ,9,P000096,115
1749,Jeb,HENSARLING,REPRESENTATIVE,R,TX,5,H001036,115
1749,Jeb,HENSARLING,REPRESENTATIVE,R,TX,5,H001036,115
1510,Bill,PASCRELL,REPRESENTATIVE,D,NJ,9,P000096,115
1749,Jeb,HENSARLING,REPRESENTATIVE,R,TX,5,H001036,115
2345,Brian,FITZPATRICK,REPRESENTATIVE,R,PA,8,F000466,115
1525,Pete,SESSIONS,SENATOR,R,TX,N/A,S000250,115
1896,James,RISCH,SENATOR,R,ID,N/A,R000584,115
