speaker_id,first_name,last_name,type,party,state,district,bio_guide_id,congress_id
2344,Claudia,TENNEY,N/A,R,NY,N/A,T000478,115
2165,Roger,WILLIAMS,REPRESENTATIVE,R,TX,25,W000816,115
2229,Pete,AGUILAR,REPRESENTATIVE,D,CA,31,A000371,115
326,Richard,DURBIN,SENATOR,D,IL,N/A,D000563,115
2158,Keith,ROTHFUS,REPRESENTATIVE,R,PA,12,R000598,115
979,Dana,ROHRABACHER,REPRESENTATIVE,R,CA,48,R000409,115
1984,Christopher,COONS,SENATOR,D,DE,N/A,C001088,115
2350,Jodey,ARRINGTON,N/A,R,TX,N/A,A000375,115
1998,Cory,GARDNER,N/A,R,CO,N/A,G000562,115
2342,Adriano,ESPAILLAT,N/A,D,NY,N/A,E000297,115
2345,Brian,FITZPATRICK,REPRESENTATIVE,R,PA,8,F000466,115
2345,Brian,FITZPATRICK,REPRESENTATIVE,R,PA,8,F000466,115
2289,Ben,SASSE,SENATOR,R,NE,N/A,S001197,115
1984,Christopher,COONS,SENATOR,D,DE,N/A,C001088,115
2097,Donald,PAYNE,REPRESENTATIVE,D,NJ,10,P000604,115
616,Marcy,KAPTUR,REPRESENTATIVE,D,OH,8,K000009,115
791,Robert,MENENDEZ,SENATOR,D,NJ,N/A,M000639,115
2263,Elise,STEFANIK,REPRESENTATIVE,R,NY,21,S001196,115
1527,John,SHIMKUS,REPRESENTATIVE,R,IL,15,S000364,115
1986,Martha,ROBY,REPRESENTATIVE,R,AL,2,R000591,115
457,Chuck,GRASSLEY,SENATOR,R,IA,N/A,G000386,115
1542,Michael,ENZI,SENATOR,R,WY,N/A,E000285,115
2345,Brian,FITZPATRICK,REPRESENTATIVE,R,PA,8,F000466,115
1676,Shelley,CAPITO,N/A,R,WV,N/A,C001047,115
1036,Charles,SCHUMER,SENATOR,D,NY,N/A,S000148,115
1036,Charles,SCHUMER,SENATOR,D,NY,N/A,S000148,115
2098,Tom,COTTON,SENATOR,R,AR,N/A,C001095,115
2098,Tom,COTTON,SENATOR,R,AR,N/A,C001095,115
1633,Jeff,FLAKE,SENATOR,R,AZ,N/A,F000444,115
1633,Jeff,FLAKE,SENATOR,R,AZ,N/A,F000444,115
1541,Susan,COLLINS,REPRESENTATIVE,R,ME,9,C001035,115
1541,Susan,COLLINS,REPRESENTATIVE,R,ME,9,C001035,115
1937,Martin,HEINRICH,SENATOR,D,NM,N/A,H001046,115
1998,Cory,GARDNER,N/A,R,CO,N/A,G000562,115
1998,Cory,GARDNER,N/A,R,CO,N/A,G000562,115
1998,Cory,GARDNER,N/A,R,CO,N/A,G000562,115
1226,Roger,WICKER,SENATOR,R,MS,N/A,W000437,115
326,Richard,DURBIN,SENATOR,D,IL,N/A,D000563,115
1687,John,BOOZMAN,SENATOR,R,AR,N/A,B001236,115
1900,Jeff,MERKLEY,SENATOR,D,OR,N/A,M001176,115
2149,Hakeem,JEFFRIES,REPRESENTATIVE,D,NY,8,J000294,115
2128,Jackie,WALORSKI,REPRESENTATIVE,R,IN,2,W000813,115
2140,Richard,HUDSON,REPRESENTATIVE,R,NC,8,H001067,115
1950,Kurt,SCHRADER,REPRESENTATIVE,D,OR,5,S001180,115
1878,Steve,COHEN,REPRESENTATIVE,D,TN,9,C001068,115
1863,Dean,HELLER,SENATOR,R,NV,N/A,H001041,115
2289,Ben,SASSE,SENATOR,R,NE,N/A,S001197,115
2109,Raul,RUIZ,REPRESENTATIVE,D,CA,36,R000599,115
2017,Todd,ROKITA,REPRESENTATIVE,R,IN,4,R000592,115
1751,Michael,BURGESS,REPRESENTATIVE,R,TX,26,B001248,115
1751,Michael,BURGESS,REPRESENTATIVE,R,TX,26,B001248,115
1751,Michael,BURGESS,REPRESENTATIVE,R,TX,26,B001248,115
1751,Michael,BURGESS,REPRESENTATIVE,R,TX,26,B001248,115
1069,Louise,SLAUGHTER,REPRESENTATIVE,D,NY,25,S000480,115
1751,Michael,BURGESS,REPRESENTATIVE,R,TX,26,B001248,115
1751,Michael,BURGESS,REPRESENTATIVE,R,TX,26,B001248,115
2315,Neal,DUNN,N/A,R,FL,N/A,D000628,115
1751,Michael,BURGESS,REPRESENTATIVE,R,TX,26,B001248,115
1069,Louise,SLAUGHTER,REPRESENTATIVE,D,NY,25,S000480,115
1069,Louise,SLAUGHTER,REPRESENTATIVE,D,NY,25,S000480,115
1751,Michael,BURGESS,REPRESENTATIVE,R,TX,26,B001248,115
1069,Louise,SLAUGHTER,REPRESENTATIVE,D,NY,25,S000480,115
1751,Michael,BURGESS,REPRESENTATIVE,R,TX,26,B001248,115
1751,Michael,BURGESS,REPRESENTATIVE,R,TX,26,B001248,115
1069,Louise,SLAUGHTER,REPRESENTATIVE,D,NY,25,S000480,115
2354,Pramila,JAYAPAL,N/A,D,WA,N/A,J000298,115
2354,Pramila,JAYAPAL,N/A,D,WA,N/A,J000298,115
2226,Ruben,GALLEGO,REPRESENTATIVE,D,AZ,7,G000574,115
2354,Pramila,JAYAPAL,N/A,D,WA,N/A,J000298,115
2354,Pramila,JAYAPAL,N/A,D,WA,N/A,J000298,115
2149,Hakeem,JEFFRIES,REPRESENTATIVE,D,NY,8,J000294,115
2354,Pramila,JAYAPAL,N/A,D,WA,N/A,J000298,115
2149,Hakeem,JEFFRIES,REPRESENTATIVE,D,NY,8,J000294,115
2354,Pramila,JAYAPAL,N/A,D,WA,N/A,J000298,115
2149,Hakeem,JEFFRIES,REPRESENTATIVE,D,NY,8,J000294,115
2354,Pramila,JAYAPAL,N/A,D,WA,N/A,J000298,115
1751,Michael,BURGESS,REPRESENTATIVE,R,TX,26,B001248,115
1751,Michael,BURGESS,REPRESENTATIVE,R,TX,26,B001248,115
1751,Michael,BURGESS,REPRESENTATIVE,R,TX,26,B001248,115
1751,Michael,BURGESS,REPRESENTATIVE,R,TX,26,B001248,115
1069,Louise,SLAUGHTER,REPRESENTATIVE,D,NY,25,S000480,115
1751,Michael,BURGESS,REPRESENTATIVE,R,TX,26,B001248,115
1751,Michael,BURGESS,REPRESENTATIVE,R,TX,26,B001248,115
1525,Pete,SESSIONS,SENATOR,R,TX,N/A,S000250,115
1069,Louise,SLAUGHTER,REPRESENTATIVE,D,NY,25,S000480,115
1814,Doris,MATSUI,REPRESENTATIVE,D,CA,6,M001163,115
1751,Michael,BURGESS,REPRESENTATIVE,R,TX,26,B001248,115
1069,Louise,SLAUGHTER,REPRESENTATIVE,D,NY,25,S000480,115
1069,Louise,SLAUGHTER,REPRESENTATIVE,D,NY,25,S000480,115
1751,Michael,BURGESS,REPRESENTATIVE,R,TX,26,B001248,115
2197,Bradley,BYRNE,REPRESENTATIVE,R,AL,1,B001289,115
1069,Louise,SLAUGHTER,REPRESENTATIVE,D,NY,25,S000480,115
887,Frank,PALLONE,REPRESENTATIVE,D,NJ,6,P000034,115
1069,Louise,SLAUGHTER,REPRESENTATIVE,D,NY,25,S000480,115
887,Frank,PALLONE,REPRESENTATIVE,D,NJ,6,P000034,115
1751,Michael,BURGESS,REPRESENTATIVE,R,TX,26,B001248,115
1748,Marsha,BLACKBURN,REPRESENTATIVE,R,TN,7,B001243,115
1751,Michael,BURGESS,REPRESENTATIVE,R,TX,26,B001248,115
1748,Marsha,BLACKBURN,REPRESENTATIVE,R,TN,7,B001243,115
1069,Louise,SLAUGHTER,REPRESENTATIVE,D,NY,25,S000480,115
1069,Louise,SLAUGHTER,REPRESENTATIVE,D,NY,25,S000480,115
1751,Michael,BURGESS,REPRESENTATIVE,R,TX,26,B001248,115
1751,Michael,BURGESS,REPRESENTATIVE,R,TX,26,B001248,115
1069,Louise,SLAUGHTER,REPRESENTATIVE,D,NY,25,S000480,115
1069,Louise,SLAUGHTER,REPRESENTATIVE,D,NY,25,S000480,115
1751,Michael,BURGESS,REPRESENTATIVE,R,TX,26,B001248,115
1751,Michael,BURGESS,REPRESENTATIVE,R,TX,26,B001248,115
1751,Michael,BURGESS,REPRESENTATIVE,R,TX,26,B001248,115
1751,Michael,BURGESS,REPRESENTATIVE,R,TX,26,B001248,115
1069,Louise,SLAUGHTER,REPRESENTATIVE,D,NY,25,S000480,115
1850,Joe,DONNELLY,SENATOR,D,IN,N/A,D000607,115
326,Richard,DURBIN,SENATOR,D,IL,N/A,D000563,115
1998,Cory,GARDNER,N/A,R,CO,N/A,G000562,115
1998,Cory,GARDNER,N/A,R,CO,N/A,G000562,115
1823,Sheldon,WHITEHOUSE,SENATOR,D,RI,N/A,W000802,115
2176,Tim,KAINE,SENATOR,D,VA,N/A,K000384,115
1464,Roy,BLUNT,SENATOR,R,MO,N/A,B000575,115
1464,Roy,BLUNT,SENATOR,R,MO,N/A,B000575,115
1676,Shelley,CAPITO,N/A,R,WV,N/A,C001047,115
457,Chuck,GRASSLEY,SENATOR,R,IA,N/A,G000386,115
1692,John,CORNYN,SENATOR,R,TX,N/A,C001056,115
1692,John,CORNYN,SENATOR,R,TX,N/A,C001056,115
1036,Charles,SCHUMER,SENATOR,D,NY,N/A,S000148,115
1036,Charles,SCHUMER,SENATOR,D,NY,N/A,S000148,115
1409,Patty,MURRAY,SENATOR,D,WA,N/A,M001111,115
1409,Patty,MURRAY,SENATOR,D,WA,N/A,M001111,115
1409,Patty,MURRAY,SENATOR,D,WA,N/A,M001111,115
2123,Tammy,DUCKWORTH,REPRESENTATIVE,D,IL,8,D000622,115
2123,Tammy,DUCKWORTH,REPRESENTATIVE,D,IL,8,D000622,115
2182,Elizabeth,WARREN,SENATOR,D,MA,N/A,W000817,115
1828,Robert,CASEY,SENATOR,D,PA,N/A,C001070,115
1828,Robert,CASEY,SENATOR,D,PA,N/A,C001070,115
1828,Robert,CASEY,SENATOR,D,PA,N/A,C001070,115
1929,Gary,PETERS,REPRESENTATIVE,D,MI,52,P000595,115
1929,Gary,PETERS,REPRESENTATIVE,D,MI,52,P000595,115
136,Sherrod,BROWN,REPRESENTATIVE,D,OH,26,B000944,115
136,Sherrod,BROWN,REPRESENTATIVE,D,OH,26,B000944,115
1823,Sheldon,WHITEHOUSE,SENATOR,D,RI,N/A,W000802,115
1823,Sheldon,WHITEHOUSE,SENATOR,D,RI,N/A,W000802,115
1900,Jeff,MERKLEY,SENATOR,D,OR,N/A,M001176,115
583,James,INHOFE,SENATOR,R,OK,N/A,I000024,115
1850,Joe,DONNELLY,SENATOR,D,IN,N/A,D000607,115
326,Richard,DURBIN,SENATOR,D,IL,N/A,D000563,115
2233,Ken,BUCK,REPRESENTATIVE,R,CO,4,B001297,115
2233,Ken,BUCK,REPRESENTATIVE,R,CO,4,B001297,115
2233,Ken,BUCK,REPRESENTATIVE,R,CO,4,B001297,115
2233,Ken,BUCK,REPRESENTATIVE,R,CO,4,B001297,115
2293,Daniel,DONOVAN,REPRESENTATIVE,R,NY,11,D000625,115
2233,Ken,BUCK,REPRESENTATIVE,R,CO,4,B001297,115
2307,Andy,BIGGS,N/A,R,AZ,N/A,B001302,115
2233,Ken,BUCK,REPRESENTATIVE,R,CO,4,B001297,115
2233,Ken,BUCK,REPRESENTATIVE,R,CO,4,B001297,115
1992,Paul,GOSAR,REPRESENTATIVE,R,AZ,4,G000565,115
2233,Ken,BUCK,REPRESENTATIVE,R,CO,4,B001297,115
2233,Ken,BUCK,REPRESENTATIVE,R,CO,4,B001297,115
1036,Charles,SCHUMER,SENATOR,D,NY,N/A,S000148,115
1881,John,BARRASSO,SENATOR,R,WY,N/A,B001261,115
2076,Richard,BLUMENTHAL,SENATOR,D,CT,N/A,B001277,115
2076,Richard,BLUMENTHAL,SENATOR,D,CT,N/A,B001277,115
1409,Patty,MURRAY,SENATOR,D,WA,N/A,M001111,115
1409,Patty,MURRAY,SENATOR,D,WA,N/A,M001111,115
2302,Margaret,HASSAN,N/A,D,NH,N/A,H001076,115
457,Chuck,GRASSLEY,SENATOR,R,IA,N/A,G000386,115
457,Chuck,GRASSLEY,SENATOR,R,IA,N/A,G000386,115
457,Chuck,GRASSLEY,SENATOR,R,IA,N/A,G000386,115
457,Chuck,GRASSLEY,SENATOR,R,IA,N/A,G000386,115
457,Chuck,GRASSLEY,SENATOR,R,IA,N/A,G000386,115
326,Richard,DURBIN,SENATOR,D,IL,N/A,D000563,115
979,Dana,ROHRABACHER,REPRESENTATIVE,R,CA,48,R000409,115
979,Dana,ROHRABACHER,REPRESENTATIVE,R,CA,48,R000409,115
1930,Erik,PAULSEN,REPRESENTATIVE,R,MN,3,P000594,115
1930,Erik,PAULSEN,REPRESENTATIVE,R,MN,3,P000594,115
1930,Erik,PAULSEN,REPRESENTATIVE,R,MN,3,P000594,115
683,Sander,LEVIN,REPRESENTATIVE,D,MI,9,L000263,115
1930,Erik,PAULSEN,REPRESENTATIVE,R,MN,3,P000594,115
683,Sander,LEVIN,REPRESENTATIVE,D,MI,9,L000263,115
1498,Ron,KIND,REPRESENTATIVE,D,WI,3,K000188,115
683,Sander,LEVIN,REPRESENTATIVE,D,MI,9,L000263,115
1498,Ron,KIND,REPRESENTATIVE,D,WI,3,K000188,115
1930,Erik,PAULSEN,REPRESENTATIVE,R,MN,3,P000594,115
2158,Keith,ROTHFUS,REPRESENTATIVE,R,PA,12,R000598,115
683,Sander,LEVIN,REPRESENTATIVE,D,MI,9,L000263,115
1930,Erik,PAULSEN,REPRESENTATIVE,R,MN,3,P000594,115
2130,Luke,MESSER,REPRESENTATIVE,R,IN,6,M001189,115
683,Sander,LEVIN,REPRESENTATIVE,D,MI,9,L000263,115
1930,Erik,PAULSEN,REPRESENTATIVE,R,MN,3,P000594,115
2239,Rick,ALLEN,REPRESENTATIVE,R,GA,12,A000372,115
683,Sander,LEVIN,REPRESENTATIVE,D,MI,9,L000263,115
1930,Erik,PAULSEN,REPRESENTATIVE,R,MN,3,P000594,115
683,Sander,LEVIN,REPRESENTATIVE,D,MI,9,L000263,115
1930,Erik,PAULSEN,REPRESENTATIVE,R,MN,3,P000594,115
1922,Brett,GUTHRIE,REPRESENTATIVE,R,KY,2,G000558,115
887,Frank,PALLONE,REPRESENTATIVE,D,NJ,6,P000034,115
2109,Raul,RUIZ,REPRESENTATIVE,D,CA,36,R000599,115
1922,Brett,GUTHRIE,REPRESENTATIVE,R,KY,2,G000558,115
1596,Greg,WALDEN,REPRESENTATIVE,R,OR,2,W000791,115
887,Frank,PALLONE,REPRESENTATIVE,D,NJ,6,P000034,115
1922,Brett,GUTHRIE,REPRESENTATIVE,R,KY,2,G000558,115
1838,Gus,BILIRAKIS,REPRESENTATIVE,R,FL,12,B001257,115
887,Frank,PALLONE,REPRESENTATIVE,D,NJ,6,P000034,115
1879,Peter,WELCH,REPRESENTATIVE,D,VT,0,W000800,115
887,Frank,PALLONE,REPRESENTATIVE,D,NJ,6,P000034,115
1879,Peter,WELCH,REPRESENTATIVE,D,VT,0,W000800,115
1922,Brett,GUTHRIE,REPRESENTATIVE,R,KY,2,G000558,115
887,Frank,PALLONE,REPRESENTATIVE,D,NJ,6,P000034,115
887,Frank,PALLONE,REPRESENTATIVE,D,NJ,6,P000034,115
1922,Brett,GUTHRIE,REPRESENTATIVE,R,KY,2,G000558,115
887,Frank,PALLONE,REPRESENTATIVE,D,NJ,6,P000034,115
2099,Kyrsten,SINEMA,REPRESENTATIVE,D,AZ,9,S001191,115
2113,Scott,PETERS,REPRESENTATIVE,D,CA,52,P000608,115
1710,Devin,NUNES,REPRESENTATIVE,R,CA,22,N000181,115
1069,Louise,SLAUGHTER,REPRESENTATIVE,D,NY,25,S000480,115
2185,Angus,KING,REPRESENTATIVE,I,ME,4,K000383,115
1069,Louise,SLAUGHTER,REPRESENTATIVE,D,NY,25,S000480,115
1892,Steve,SCALISE,REPRESENTATIVE,R,LA,1,S001176,115
1982,Tom,REED,REPRESENTATIVE,R,NY,23,R000585,115
1863,Dean,HELLER,SENATOR,R,NV,N/A,H001041,115
1676,Shelley,CAPITO,N/A,R,WV,N/A,C001047,115
735,Edward,MARKEY,SENATOR,D,MA,N/A,M000133,115
1332,Dianne,FEINSTEIN,SENATOR,D,CA,N/A,F000062,115
2138,Steve,DAINES,SENATOR,R,MT,N/A,D000618,115
457,Chuck,GRASSLEY,SENATOR,R,IA,N/A,G000386,115
1594,Patrick,TOOMEY,SENATOR,R,PA,N/A,T000461,115
1332,Dianne,FEINSTEIN,SENATOR,D,CA,N/A,F000062,115
457,Chuck,GRASSLEY,SENATOR,R,IA,N/A,G000386,115
174,Benjamin,CARDIN,SENATOR,D,MD,N/A,C000141,115
1695,Lamar,ALEXANDER,SENATOR,R,TN,N/A,A000360,115
326,Richard,DURBIN,SENATOR,D,IL,N/A,D000563,115
99999999999999,,HELLER,SENATOR,Party information Unavailable,State Info Unavailable,N/A,9999999999999999,115
