speaker_id,first_name,last_name,type,party,state,district,bio_guide_id,congress_id
1922,Brett,GUTHRIE,REPRESENTATIVE,R,KY,2,G000558,115
1922,Brett,GUTHRIE,REPRESENTATIVE,R,KY,2,G000558,115
1922,Brett,GUTHRIE,REPRESENTATIVE,R,KY,2,G000558,115
1922,Brett,GUTHRIE,REPRESENTATIVE,R,KY,2,G000558,115
1922,Brett,GUTHRIE,REPRESENTATIVE,R,KY,2,G000558,115
2334,Paul,MITCHELL,N/A,R,MI,N/A,M001201,115
2342,Adriano,ESPAILLAT,N/A,D,NY,N/A,E000297,115
1922,Brett,GUTHRIE,REPRESENTATIVE,R,KY,2,G000558,115
2092,Suzanne,BONAMICI,REPRESENTATIVE,D,OR,1,B001278,115
1922,Brett,GUTHRIE,REPRESENTATIVE,R,KY,2,G000558,115
1836,Joe,COURTNEY,REPRESENTATIVE,D,CT,2,C001069,115
1836,Joe,COURTNEY,REPRESENTATIVE,D,CT,2,C001069,115
1922,Brett,GUTHRIE,REPRESENTATIVE,R,KY,2,G000558,115
2336,Ted,BUDD,REPRESENTATIVE,R,NC,1,B001305,115
1922,Brett,GUTHRIE,REPRESENTATIVE,R,KY,2,G000558,115
1922,Brett,GUTHRIE,REPRESENTATIVE,R,KY,2,G000558,115
1838,Gus,BILIRAKIS,REPRESENTATIVE,R,FL,12,B001257,115
1742,Tom,COLE,REPRESENTATIVE,R,OK,12,C001053,115
1910,Jared,POLIS,REPRESENTATIVE,D,CO,2,P000598,115
1973,John,GARAMENDI,REPRESENTATIVE,D,CA,3,G000559,115
2309,Jimmy,PANETTA,N/A,D,CA,N/A,P000613,115
1973,John,GARAMENDI,REPRESENTATIVE,D,CA,3,G000559,115
2332,Jamie,RASKIN,N/A,D,MD,N/A,R000606,115
1973,John,GARAMENDI,REPRESENTATIVE,D,CA,3,G000559,115
2332,Jamie,RASKIN,N/A,D,MD,N/A,R000606,115
1973,John,GARAMENDI,REPRESENTATIVE,D,CA,3,G000559,115
2308,Ro,KHANNA,N/A,D,CA,N/A,K000389,115
1973,John,GARAMENDI,REPRESENTATIVE,D,CA,3,G000559,115
2308,Ro,KHANNA,N/A,D,CA,N/A,K000389,115
2308,Ro,KHANNA,N/A,D,CA,N/A,K000389,115
1973,John,GARAMENDI,REPRESENTATIVE,D,CA,3,G000559,115
2308,Ro,KHANNA,N/A,D,CA,N/A,K000389,115
1973,John,GARAMENDI,REPRESENTATIVE,D,CA,3,G000559,115
2308,Ro,KHANNA,N/A,D,CA,N/A,K000389,115
1973,John,GARAMENDI,REPRESENTATIVE,D,CA,3,G000559,115
1383,Patrick,LEAHY,SENATOR,D,VT,N/A,L000174,115
2017,Todd,ROKITA,REPRESENTATIVE,R,IN,4,R000592,115
2017,Todd,ROKITA,REPRESENTATIVE,R,IN,4,R000592,115
2017,Todd,ROKITA,REPRESENTATIVE,R,IN,4,R000592,115
1910,Jared,POLIS,REPRESENTATIVE,D,CO,2,P000598,115
2017,Todd,ROKITA,REPRESENTATIVE,R,IN,4,R000592,115
1791,Virginia,FOXX,REPRESENTATIVE,R,NC,5,F000450,115
1910,Jared,POLIS,REPRESENTATIVE,D,CO,2,P000598,115
1910,Jared,POLIS,REPRESENTATIVE,D,CO,2,P000598,115
2017,Todd,ROKITA,REPRESENTATIVE,R,IN,4,R000592,115
2324,A.,FERGUSON,N/A,R,GA,N/A,F000465,115
1910,Jared,POLIS,REPRESENTATIVE,D,CO,2,P000598,115
2092,Suzanne,BONAMICI,REPRESENTATIVE,D,OR,1,B001278,115
2017,Todd,ROKITA,REPRESENTATIVE,R,IN,4,R000592,115
1910,Jared,POLIS,REPRESENTATIVE,D,CO,2,P000598,115
2342,Adriano,ESPAILLAT,N/A,D,NY,N/A,E000297,115
1910,Jared,POLIS,REPRESENTATIVE,D,CO,2,P000598,115
2342,Adriano,ESPAILLAT,N/A,D,NY,N/A,E000297,115
2017,Todd,ROKITA,REPRESENTATIVE,R,IN,4,R000592,115
1910,Jared,POLIS,REPRESENTATIVE,D,CO,2,P000598,115
1910,Jared,POLIS,REPRESENTATIVE,D,CO,2,P000598,115
2017,Todd,ROKITA,REPRESENTATIVE,R,IN,4,R000592,115
1910,Jared,POLIS,REPRESENTATIVE,D,CO,2,P000598,115
2017,Todd,ROKITA,REPRESENTATIVE,R,IN,4,R000592,115
1910,Jared,POLIS,REPRESENTATIVE,D,CO,2,P000598,115
1910,Jared,POLIS,REPRESENTATIVE,D,CO,2,P000598,115
2017,Todd,ROKITA,REPRESENTATIVE,R,IN,4,R000592,115
2334,Paul,MITCHELL,N/A,R,MI,N/A,M001201,115
1910,Jared,POLIS,REPRESENTATIVE,D,CO,2,P000598,115
1692,John,CORNYN,SENATOR,R,TX,N/A,C001056,115
1383,Patrick,LEAHY,SENATOR,D,VT,N/A,L000174,115
616,Marcy,KAPTUR,REPRESENTATIVE,D,OH,8,K000009,115
1383,Patrick,LEAHY,SENATOR,D,VT,N/A,L000174,115
2325,Raja,KRISHNAMOORTHI,N/A,D,IL,N/A,K000391,115
979,Dana,ROHRABACHER,REPRESENTATIVE,R,CA,48,R000409,115
1995,Jeff,DENHAM,REPRESENTATIVE,R,CA,10,D000612,115
2197,Bradley,BYRNE,REPRESENTATIVE,R,AL,1,B001289,115
2197,Bradley,BYRNE,REPRESENTATIVE,R,AL,1,B001289,115
2197,Bradley,BYRNE,REPRESENTATIVE,R,AL,1,B001289,115
2197,Bradley,BYRNE,REPRESENTATIVE,R,AL,1,B001289,115
1910,Jared,POLIS,REPRESENTATIVE,D,CO,2,P000598,115
2197,Bradley,BYRNE,REPRESENTATIVE,R,AL,1,B001289,115
2270,Brian,BABIN,REPRESENTATIVE,R,TX,36,B001291,115
1910,Jared,POLIS,REPRESENTATIVE,D,CO,2,P000598,115
1604,Joseph,CROWLEY,REPRESENTATIVE,D,NY,14,C001038,115
2197,Bradley,BYRNE,REPRESENTATIVE,R,AL,1,B001289,115
1910,Jared,POLIS,REPRESENTATIVE,D,CO,2,P000598,115
1910,Jared,POLIS,REPRESENTATIVE,D,CO,2,P000598,115
1910,Jared,POLIS,REPRESENTATIVE,D,CO,2,P000598,115
1910,Jared,POLIS,REPRESENTATIVE,D,CO,2,P000598,115
2197,Bradley,BYRNE,REPRESENTATIVE,R,AL,1,B001289,115
2197,Bradley,BYRNE,REPRESENTATIVE,R,AL,1,B001289,115
1910,Jared,POLIS,REPRESENTATIVE,D,CO,2,P000598,115
1910,Jared,POLIS,REPRESENTATIVE,D,CO,2,P000598,115
616,Marcy,KAPTUR,REPRESENTATIVE,D,OH,8,K000009,115
1890,Jackie,SPEIER,REPRESENTATIVE,D,CA,14,S001175,115
2239,Rick,ALLEN,REPRESENTATIVE,R,GA,12,A000372,115
1955,Pete,OLSON,REPRESENTATIVE,R,TX,22,O000168,115
2223,J.,HILL,REPRESENTATIVE,R,AR,2,H001072,115
2319,Darren,SOTO,N/A,D,FL,N/A,S001200,115
1692,John,CORNYN,SENATOR,R,TX,N/A,C001056,115
1548,Jeff,SESSIONS,SENATOR,R,AL,N/A,S001141,115
1548,Jeff,SESSIONS,SENATOR,R,AL,N/A,S001141,115
1548,Jeff,SESSIONS,SENATOR,R,AL,N/A,S001141,115
2356,Liz,CHENEY,N/A,R,WY,N/A,C001109,115
2356,Liz,CHENEY,N/A,R,WY,N/A,C001109,115
2356,Liz,CHENEY,N/A,R,WY,N/A,C001109,115
1708,Raul,GRIJALVA,REPRESENTATIVE,D,AZ,3,G000551,115
2356,Liz,CHENEY,N/A,R,WY,N/A,C001109,115
1708,Raul,GRIJALVA,REPRESENTATIVE,D,AZ,3,G000551,115
1884,Niki,TSONGAS,REPRESENTATIVE,D,MA,3,T000465,115
2356,Liz,CHENEY,N/A,R,WY,N/A,C001109,115
1708,Raul,GRIJALVA,REPRESENTATIVE,D,AZ,3,G000551,115
2272,Donald,BEYER,REPRESENTATIVE,D,VA,8,B001292,115
2356,Liz,CHENEY,N/A,R,WY,N/A,C001109,115
1997,Scott,TIPTON,REPRESENTATIVE,R,CO,3,T000470,115
1708,Raul,GRIJALVA,REPRESENTATIVE,D,AZ,3,G000551,115
2231,Norma,TORRES,REPRESENTATIVE,D,CA,35,T000474,115
2356,Liz,CHENEY,N/A,R,WY,N/A,C001109,115
2356,Liz,CHENEY,N/A,R,WY,N/A,C001109,115
1708,Raul,GRIJALVA,REPRESENTATIVE,D,AZ,3,G000551,115
2356,Liz,CHENEY,N/A,R,WY,N/A,C001109,115
1708,Raul,GRIJALVA,REPRESENTATIVE,D,AZ,3,G000551,115
2356,Liz,CHENEY,N/A,R,WY,N/A,C001109,115
1992,Paul,GOSAR,REPRESENTATIVE,R,AZ,4,G000565,115
1708,Raul,GRIJALVA,REPRESENTATIVE,D,AZ,3,G000551,115
2356,Liz,CHENEY,N/A,R,WY,N/A,C001109,115
2224,Bruce,WESTERMAN,REPRESENTATIVE,R,AR,4,W000821,115
1708,Raul,GRIJALVA,REPRESENTATIVE,D,AZ,3,G000551,115
1708,Raul,GRIJALVA,REPRESENTATIVE,D,AZ,3,G000551,115
2356,Liz,CHENEY,N/A,R,WY,N/A,C001109,115
1708,Raul,GRIJALVA,REPRESENTATIVE,D,AZ,3,G000551,115
2356,Liz,CHENEY,N/A,R,WY,N/A,C001109,115
2168,Chris,STEWART,REPRESENTATIVE,R,UT,2,S001192,115
1708,Raul,GRIJALVA,REPRESENTATIVE,D,AZ,3,G000551,115
1708,Raul,GRIJALVA,REPRESENTATIVE,D,AZ,3,G000551,115
2356,Liz,CHENEY,N/A,R,WY,N/A,C001109,115
2356,Liz,CHENEY,N/A,R,WY,N/A,C001109,115
1708,Raul,GRIJALVA,REPRESENTATIVE,D,AZ,3,G000551,115
1527,John,SHIMKUS,REPRESENTATIVE,R,IL,15,S000364,115
1692,John,CORNYN,SENATOR,R,TX,N/A,C001056,115
1828,Robert,CASEY,SENATOR,D,PA,N/A,C001070,115
478,Luis,GUTIERREZ,REPRESENTATIVE,D,IL,4,G000535,115
1692,John,CORNYN,SENATOR,R,TX,N/A,C001056,115
1383,Patrick,LEAHY,SENATOR,D,VT,N/A,L000174,115
2080,Mike,LEE,REPRESENTATIVE,R,UT,13,L000577,115
2124,Bradley,SCHNEIDER,N/A,D,IL,N/A,S001190,115
1247,Ron,WYDEN,SENATOR,D,OR,N/A,W000779,115
457,Chuck,GRASSLEY,SENATOR,R,IA,N/A,G000386,115
457,Chuck,GRASSLEY,SENATOR,R,IA,N/A,G000386,115
457,Chuck,GRASSLEY,SENATOR,R,IA,N/A,G000386,115
457,Chuck,GRASSLEY,SENATOR,R,IA,N/A,G000386,115
1604,Joseph,CROWLEY,REPRESENTATIVE,D,NY,14,C001038,115
1692,John,CORNYN,SENATOR,R,TX,N/A,C001056,115
1604,Joseph,CROWLEY,REPRESENTATIVE,D,NY,14,C001038,115
979,Dana,ROHRABACHER,REPRESENTATIVE,R,CA,48,R000409,115
2176,Tim,KAINE,SENATOR,D,VA,N/A,K000384,115
2098,Tom,COTTON,SENATOR,R,AR,N/A,C001095,115
1801,Louie,GOHMERT,REPRESENTATIVE,R,TX,1,G000552,115
979,Dana,ROHRABACHER,REPRESENTATIVE,R,CA,48,R000409,115
1801,Louie,GOHMERT,REPRESENTATIVE,R,TX,1,G000552,115
2247,Bruce,POLIQUIN,REPRESENTATIVE,R,ME,2,P000611,115
2194,Cory,BOOKER,SENATOR,D,NJ,N/A,B001288,115
2173,Brian,SCHATZ,SENATOR,D,HI,N/A,S001194,115
2098,Tom,COTTON,SENATOR,R,AR,N/A,C001095,115
2098,Tom,COTTON,SENATOR,R,AR,N/A,C001095,115
1900,Jeff,MERKLEY,SENATOR,D,OR,N/A,M001176,115
1900,Jeff,MERKLEY,SENATOR,D,OR,N/A,M001176,115
172,Maria,CANTWELL,SENATOR,D,WA,N/A,C000127,115
172,Maria,CANTWELL,SENATOR,D,WA,N/A,C000127,115
1837,Christopher,MURPHY,SENATOR,D,CT,N/A,M001169,115
1837,Christopher,MURPHY,SENATOR,D,CT,N/A,M001169,115
2302,Margaret,HASSAN,N/A,D,NH,N/A,H001076,115
2302,Margaret,HASSAN,N/A,D,NH,N/A,H001076,115
1866,Kirsten,GILLIBRAND,SENATOR,D,NY,N/A,G000555,115
1866,Kirsten,GILLIBRAND,SENATOR,D,NY,N/A,G000555,115
1866,Kirsten,GILLIBRAND,SENATOR,D,NY,N/A,G000555,115
136,Sherrod,BROWN,REPRESENTATIVE,D,OH,26,B000944,115
136,Sherrod,BROWN,REPRESENTATIVE,D,OH,26,B000944,115
1828,Robert,CASEY,SENATOR,D,PA,N/A,C001070,115
1828,Robert,CASEY,SENATOR,D,PA,N/A,C001070,115
1567,Tom,UDALL,SENATOR,D,NM,N/A,U000039,115
1567,Tom,UDALL,SENATOR,D,NM,N/A,U000039,115
1567,Tom,UDALL,SENATOR,D,NM,N/A,U000039,115
1567,Tom,UDALL,SENATOR,D,NM,N/A,U000039,115
1567,Tom,UDALL,SENATOR,D,NM,N/A,U000039,115
1567,Tom,UDALL,SENATOR,D,NM,N/A,U000039,115
136,Sherrod,BROWN,REPRESENTATIVE,D,OH,26,B000944,115
136,Sherrod,BROWN,REPRESENTATIVE,D,OH,26,B000944,115
1844,Mazie,HIRONO,SENATOR,D,HI,N/A,H001042,115
1844,Mazie,HIRONO,SENATOR,D,HI,N/A,H001042,115
1844,Mazie,HIRONO,SENATOR,D,HI,N/A,H001042,115
1844,Mazie,HIRONO,SENATOR,D,HI,N/A,H001042,115
1844,Mazie,HIRONO,SENATOR,D,HI,N/A,H001042,115
1010,Bernard,SANDERS,SENATOR,I,VT,N/A,S000033,115
1010,Bernard,SANDERS,SENATOR,I,VT,N/A,S000033,115
1897,Mark,WARNER,SENATOR,D,VA,N/A,W000805,115
1897,Mark,WARNER,SENATOR,D,VA,N/A,W000805,115
1969,Al,FRANKEN,SENATOR,D,MN,N/A,F000457,115
1036,Charles,SCHUMER,SENATOR,D,NY,N/A,S000148,115
1036,Charles,SCHUMER,SENATOR,D,NY,N/A,S000148,115
1036,Charles,SCHUMER,SENATOR,D,NY,N/A,S000148,115
1692,John,CORNYN,SENATOR,R,TX,N/A,C001056,115
1692,John,CORNYN,SENATOR,R,TX,N/A,C001056,115
1692,John,CORNYN,SENATOR,R,TX,N/A,C001056,115
1863,Dean,HELLER,SENATOR,R,NV,N/A,H001041,115
1692,John,CORNYN,SENATOR,R,TX,N/A,C001056,115
326,Richard,DURBIN,SENATOR,D,IL,N/A,D000563,115
1829,Jon,TESTER,SENATOR,D,MT,N/A,T000464,115
1829,Jon,TESTER,SENATOR,D,MT,N/A,T000464,115
326,Richard,DURBIN,SENATOR,D,IL,N/A,D000563,115
1829,Jon,TESTER,SENATOR,D,MT,N/A,T000464,115
1558,Tammy,BALDWIN,SENATOR,D,WI,N/A,B001230,115
924,Rob,PORTMAN,SENATOR,R,OH,N/A,P000449,115
924,Rob,PORTMAN,SENATOR,R,OH,N/A,P000449,115
2290,Dan,SULLIVAN,SENATOR,R,AK,N/A,S001198,115
2288,Mike,ROUNDS,N/A,R,SD,N/A,R000605,115
1409,Patty,MURRAY,SENATOR,D,WA,N/A,M001111,115
1542,Michael,ENZI,SENATOR,R,WY,N/A,E000285,115
1937,Martin,HEINRICH,SENATOR,D,NM,N/A,H001046,115
1937,Martin,HEINRICH,SENATOR,D,NM,N/A,H001046,115
1937,Martin,HEINRICH,SENATOR,D,NM,N/A,H001046,115
735,Edward,MARKEY,SENATOR,D,MA,N/A,M000133,115
735,Edward,MARKEY,SENATOR,D,MA,N/A,M000133,115
1383,Patrick,LEAHY,SENATOR,D,VT,N/A,L000174,115
949,Jack,REED,REPRESENTATIVE,D,RI,23,R000122,115
735,Edward,MARKEY,SENATOR,D,MA,N/A,M000133,115
2080,Mike,LEE,REPRESENTATIVE,R,UT,13,L000577,115
2080,Mike,LEE,REPRESENTATIVE,R,UT,13,L000577,115
2080,Mike,LEE,REPRESENTATIVE,R,UT,13,L000577,115
2301,Kamala,HARRIS,REPRESENTATIVE,D,CA,1,H001075,115
2301,Kamala,HARRIS,REPRESENTATIVE,D,CA,1,H001075,115
859,Bill,NELSON,SENATOR,D,FL,N/A,N000032,115
859,Bill,NELSON,SENATOR,D,FL,N/A,N000032,115
859,Bill,NELSON,SENATOR,D,FL,N/A,N000032,115
1464,Roy,BLUNT,SENATOR,R,MO,N/A,B000575,115
2303,John,KENNEDY,REPRESENTATIVE,R,LA,4,K000393,115
2056,Tim,SCOTT,REPRESENTATIVE,R,SC,52,S001184,115
1965,Michael,BENNET,SENATOR,D,CO,N/A,B001267,115
1965,Michael,BENNET,SENATOR,D,CO,N/A,B001267,115
1965,Michael,BENNET,SENATOR,D,CO,N/A,B001267,115
2084,Marco,RUBIO,SENATOR,R,FL,N/A,R000595,115
2176,Tim,KAINE,SENATOR,D,VA,N/A,K000384,115
1594,Patrick,TOOMEY,SENATOR,R,PA,N/A,T000461,115
1010,Bernard,SANDERS,SENATOR,I,VT,N/A,S000033,115
179,Thomas,CARPER,SENATOR,D,DE,N/A,C000174,115
457,Chuck,GRASSLEY,SENATOR,R,IA,N/A,G000386,115
1049,Richard,SHELBY,SENATOR,R,AL,N/A,S000320,115
1692,John,CORNYN,SENATOR,R,TX,N/A,C001056,115
2115,Ted,YOHO,REPRESENTATIVE,R,FL,3,Y000065,115
1668,James,LANGEVIN,REPRESENTATIVE,D,RI,2,L000559,115
