speaker_id,first_name,last_name,type,party,state,district,bio_guide_id,congress_id
2333,Jack,BERGMAN,N/A,R,MI,N/A,B001301,115
2346,Lloyd,SMUCKER,N/A,R,PA,N/A,S001199,115
2334,Paul,MITCHELL,N/A,R,MI,N/A,M001201,115
2107,Tony,CARDENAS,REPRESENTATIVE,D,CA,29,C001097,115
2274,Stacey,PLASKETT,DELEGATE,D,VI,N/A,P000610,115
1959,Gerald,CONNOLLY,REPRESENTATIVE,D,VA,11,C001078,115
326,Richard,DURBIN,SENATOR,D,IL,N/A,D000563,115
2241,Rod,BLUM,SENATOR,R,IA,N/A,B001294,115
1856,Timothy,WALZ,REPRESENTATIVE,D,MN,1,W000799,115
2243,Mike,BOST,REPRESENTATIVE,R,IL,12,B001295,115
1856,Timothy,WALZ,REPRESENTATIVE,D,MN,1,W000799,115
2315,Neal,DUNN,N/A,R,FL,N/A,D000628,115
1856,Timothy,WALZ,REPRESENTATIVE,D,MN,1,W000799,115
2110,Mark,TAKANO,REPRESENTATIVE,D,CA,41,T000472,115
1856,Timothy,WALZ,REPRESENTATIVE,D,MN,1,W000799,115
2312,J.,CORREA,N/A,D,CA,N/A,C001110,115
1856,Timothy,WALZ,REPRESENTATIVE,D,MN,1,W000799,115
1940,Dina,TITUS,REPRESENTATIVE,D,NV,1,T000468,115
1856,Timothy,WALZ,REPRESENTATIVE,D,MN,1,W000799,115
1825,Bob,CORKER,SENATOR,R,TN,N/A,C001071,115
446,Bob,GOODLATTE,REPRESENTATIVE,R,VA,6,G000289,115
446,Bob,GOODLATTE,REPRESENTATIVE,R,VA,6,G000289,115
446,Bob,GOODLATTE,REPRESENTATIVE,R,VA,6,G000289,115
446,Bob,GOODLATTE,REPRESENTATIVE,R,VA,6,G000289,115
2137,Ann,WAGNER,REPRESENTATIVE,R,MO,2,W000812,115
1996,Karen,BASS,REPRESENTATIVE,D,CA,37,B001270,115
446,Bob,GOODLATTE,REPRESENTATIVE,R,VA,6,G000289,115
446,Bob,GOODLATTE,REPRESENTATIVE,R,VA,6,G000289,115
791,Robert,MENENDEZ,SENATOR,D,NJ,N/A,M000639,115
1856,Timothy,WALZ,REPRESENTATIVE,D,MN,1,W000799,115
2261,Lee,ZELDIN,REPRESENTATIVE,R,NY,1,Z000017,115
1856,Timothy,WALZ,REPRESENTATIVE,D,MN,1,W000799,115
1856,Timothy,WALZ,REPRESENTATIVE,D,MN,1,W000799,115
1998,Cory,GARDNER,N/A,R,CO,N/A,G000562,115
2274,Stacey,PLASKETT,DELEGATE,D,VI,N/A,P000610,115
2274,Stacey,PLASKETT,DELEGATE,D,VI,N/A,P000610,115
2298,Dwight,EVANS,N/A,D,PA,N/A,E000296,115
2274,Stacey,PLASKETT,DELEGATE,D,VI,N/A,P000610,115
2274,Stacey,PLASKETT,DELEGATE,D,VI,N/A,P000610,115
1998,Cory,GARDNER,N/A,R,CO,N/A,G000562,115
1973,John,GARAMENDI,REPRESENTATIVE,D,CA,3,G000559,115
1856,Timothy,WALZ,REPRESENTATIVE,D,MN,1,W000799,115
2228,Stephen,KNIGHT,REPRESENTATIVE,R,CA,25,K000387,115
2228,Stephen,KNIGHT,REPRESENTATIVE,R,CA,25,K000387,115
1856,Timothy,WALZ,REPRESENTATIVE,D,MN,1,W000799,115
2165,Roger,WILLIAMS,REPRESENTATIVE,R,TX,25,W000816,115
2333,Jack,BERGMAN,N/A,R,MI,N/A,B001301,115
2333,Jack,BERGMAN,N/A,R,MI,N/A,B001301,115
2333,Jack,BERGMAN,N/A,R,MI,N/A,B001301,115
2172,Joseph,KENNEDY,REPRESENTATIVE,D,MA,4,K000379,115
2134,Daniel,KILDEE,REPRESENTATIVE,D,MI,5,K000380,115
2167,Filemon,VELA,REPRESENTATIVE,D,TX,7,V000132,115
2060,Kristi,NOEM,REPRESENTATIVE,R,SD,0,N000184,115
2167,Filemon,VELA,REPRESENTATIVE,D,TX,7,V000132,115
2167,Filemon,VELA,REPRESENTATIVE,D,TX,7,V000132,115
1757,Linda,SANCHEZ,REPRESENTATIVE,D,CA,38,S001156,115
1757,Linda,SANCHEZ,REPRESENTATIVE,D,CA,38,S001156,115
1525,Pete,SESSIONS,SENATOR,R,TX,N/A,S000250,115
1525,Pete,SESSIONS,SENATOR,R,TX,N/A,S000250,115
1525,Pete,SESSIONS,SENATOR,R,TX,N/A,S000250,115
1749,Jeb,HENSARLING,REPRESENTATIVE,R,TX,5,H001036,115
1525,Pete,SESSIONS,SENATOR,R,TX,N/A,S000250,115
2223,J.,HILL,REPRESENTATIVE,R,AR,2,H001072,115
1525,Pete,SESSIONS,SENATOR,R,TX,N/A,S000250,115
2155,Jim,BRIDENSTINE,REPRESENTATIVE,R,OK,1,B001283,115
1525,Pete,SESSIONS,SENATOR,R,TX,N/A,S000250,115
1525,Pete,SESSIONS,SENATOR,R,TX,N/A,S000250,115
1922,Brett,GUTHRIE,REPRESENTATIVE,R,KY,2,G000558,115
1922,Brett,GUTHRIE,REPRESENTATIVE,R,KY,2,G000558,115
1922,Brett,GUTHRIE,REPRESENTATIVE,R,KY,2,G000558,115
1836,Joe,COURTNEY,REPRESENTATIVE,D,CT,2,C001069,115
1922,Brett,GUTHRIE,REPRESENTATIVE,R,KY,2,G000558,115
1855,Tim,WALBERG,REPRESENTATIVE,R,MI,7,W000798,115
1836,Joe,COURTNEY,REPRESENTATIVE,D,CT,2,C001069,115
868,Eleanor,NORTON,DELEGATE,D,DC,N/A,N000147,115
1922,Brett,GUTHRIE,REPRESENTATIVE,R,KY,2,G000558,115
1836,Joe,COURTNEY,REPRESENTATIVE,D,CT,2,C001069,115
1922,Brett,GUTHRIE,REPRESENTATIVE,R,KY,2,G000558,115
2334,Paul,MITCHELL,N/A,R,MI,N/A,M001201,115
1836,Joe,COURTNEY,REPRESENTATIVE,D,CT,2,C001069,115
2201,Alma,ADAMS,REPRESENTATIVE,D,NC,12,A000370,115
1922,Brett,GUTHRIE,REPRESENTATIVE,R,KY,2,G000558,115
1791,Virginia,FOXX,REPRESENTATIVE,R,NC,5,F000450,115
1922,Brett,GUTHRIE,REPRESENTATIVE,R,KY,2,G000558,115
1791,Virginia,FOXX,REPRESENTATIVE,R,NC,5,F000450,115
1836,Joe,COURTNEY,REPRESENTATIVE,D,CT,2,C001069,115
1922,Brett,GUTHRIE,REPRESENTATIVE,R,KY,2,G000558,115
1930,Erik,PAULSEN,REPRESENTATIVE,R,MN,3,P000594,115
1836,Joe,COURTNEY,REPRESENTATIVE,D,CT,2,C001069,115
1922,Brett,GUTHRIE,REPRESENTATIVE,R,KY,2,G000558,115
2122,Tulsi,GABBARD,REPRESENTATIVE,D,HI,2,G000571,115
1856,Timothy,WALZ,REPRESENTATIVE,D,MN,1,W000799,115
2243,Mike,BOST,REPRESENTATIVE,R,IL,12,B001295,115
1856,Timothy,WALZ,REPRESENTATIVE,D,MN,1,W000799,115
1838,Gus,BILIRAKIS,REPRESENTATIVE,R,FL,12,B001257,115
1856,Timothy,WALZ,REPRESENTATIVE,D,MN,1,W000799,115
2247,Bruce,POLIQUIN,REPRESENTATIVE,R,ME,2,P000611,115
1856,Timothy,WALZ,REPRESENTATIVE,D,MN,1,W000799,115
2325,Raja,KRISHNAMOORTHI,N/A,D,IL,N/A,K000391,115
2252,Brenda,LAWRENCE,REPRESENTATIVE,D,MI,14,L000581,115
2301,Kamala,HARRIS,REPRESENTATIVE,D,CA,1,H001075,115
1890,Jackie,SPEIER,REPRESENTATIVE,D,CA,14,S001175,115
1890,Jackie,SPEIER,REPRESENTATIVE,D,CA,14,S001175,115
1723,Madeleine,BORDALLO,DELEGATE,D,GU,N/A,B001245,115
1890,Jackie,SPEIER,REPRESENTATIVE,D,CA,14,S001175,115
1884,Niki,TSONGAS,REPRESENTATIVE,D,MA,3,T000465,115
1890,Jackie,SPEIER,REPRESENTATIVE,D,CA,14,S001175,115
1890,Jackie,SPEIER,REPRESENTATIVE,D,CA,14,S001175,115
1890,Jackie,SPEIER,REPRESENTATIVE,D,CA,14,S001175,115
1890,Jackie,SPEIER,REPRESENTATIVE,D,CA,14,S001175,115
1890,Jackie,SPEIER,REPRESENTATIVE,D,CA,14,S001175,115
2223,J.,HILL,REPRESENTATIVE,R,AR,2,H001072,115
1856,Timothy,WALZ,REPRESENTATIVE,D,MN,1,W000799,115
1983,Joe,MANCHIN,SENATOR,D,WV,N/A,M001183,115
1676,Shelley,CAPITO,N/A,R,WV,N/A,C001047,115
1818,Albio,SIRES,REPRESENTATIVE,D,NJ,8,S001165,114
1818,Albio,SIRES,REPRESENTATIVE,D,NJ,8,S001165,114
949,Jack,REED,REPRESENTATIVE,D,RI,23,R000122,115
1668,James,LANGEVIN,REPRESENTATIVE,D,RI,2,L000559,115
1487,Kay,GRANGER,REPRESENTATIVE,R,TX,12,G000377,115
1692,John,CORNYN,SENATOR,R,TX,N/A,C001056,115
1930,Erik,PAULSEN,REPRESENTATIVE,R,MN,3,P000594,115
1856,Timothy,WALZ,REPRESENTATIVE,D,MN,1,W000799,115
1856,Timothy,WALZ,REPRESENTATIVE,D,MN,1,W000799,115
1856,Timothy,WALZ,REPRESENTATIVE,D,MN,1,W000799,115
2110,Mark,TAKANO,REPRESENTATIVE,D,CA,41,T000472,115
1856,Timothy,WALZ,REPRESENTATIVE,D,MN,1,W000799,115
1856,Timothy,WALZ,REPRESENTATIVE,D,MN,1,W000799,115
1856,Timothy,WALZ,REPRESENTATIVE,D,MN,1,W000799,115
2128,Jackie,WALORSKI,REPRESENTATIVE,R,IN,2,W000813,115
1856,Timothy,WALZ,REPRESENTATIVE,D,MN,1,W000799,115
1818,Albio,SIRES,REPRESENTATIVE,D,NJ,8,S001165,115
2130,Luke,MESSER,REPRESENTATIVE,R,IN,6,M001189,115
2310,Salud,CARBAJAL,N/A,D,CA,N/A,C001112,115
2298,Dwight,EVANS,N/A,D,PA,N/A,E000296,115
2343,John,FASO,N/A,R,NY,N/A,F000464,115
2343,John,FASO,N/A,R,NY,N/A,F000464,115
1036,Charles,SCHUMER,SENATOR,D,NY,N/A,S000148,115
1692,John,CORNYN,SENATOR,R,TX,N/A,C001056,115
1692,John,CORNYN,SENATOR,R,TX,N/A,C001056,115
1687,John,BOOZMAN,SENATOR,R,AR,N/A,B001236,115
2019,Todd,YOUNG,REPRESENTATIVE,R,IN,0,Y000064,115
924,Rob,PORTMAN,SENATOR,R,OH,N/A,P000449,115
924,Rob,PORTMAN,SENATOR,R,OH,N/A,P000449,115
859,Bill,NELSON,SENATOR,D,FL,N/A,N000032,115
924,Rob,PORTMAN,SENATOR,R,OH,N/A,P000449,115
859,Bill,NELSON,SENATOR,D,FL,N/A,N000032,115
924,Rob,PORTMAN,SENATOR,R,OH,N/A,P000449,115
859,Bill,NELSON,SENATOR,D,FL,N/A,N000032,115
2283,Joni,ERNST,SENATOR,R,IA,N/A,E000295,115
2283,Joni,ERNST,SENATOR,R,IA,N/A,E000295,115
174,Benjamin,CARDIN,SENATOR,D,MD,N/A,C000141,115
457,Chuck,GRASSLEY,SENATOR,R,IA,N/A,G000386,115
457,Chuck,GRASSLEY,SENATOR,R,IA,N/A,G000386,115
457,Chuck,GRASSLEY,SENATOR,R,IA,N/A,G000386,115
174,Benjamin,CARDIN,SENATOR,D,MD,N/A,C000141,115
1692,John,CORNYN,SENATOR,R,TX,N/A,C001056,115
326,Richard,DURBIN,SENATOR,D,IL,N/A,D000563,115
2008,Rob,WOODALL,REPRESENTATIVE,R,GA,7,W000810,115
2008,Rob,WOODALL,REPRESENTATIVE,R,GA,7,W000810,115
2008,Rob,WOODALL,REPRESENTATIVE,R,GA,7,W000810,115
2008,Rob,WOODALL,REPRESENTATIVE,R,GA,7,W000810,115
2008,Rob,WOODALL,REPRESENTATIVE,R,GA,7,W000810,115
2008,Rob,WOODALL,REPRESENTATIVE,R,GA,7,W000810,115
2008,Rob,WOODALL,REPRESENTATIVE,R,GA,7,W000810,115
2008,Rob,WOODALL,REPRESENTATIVE,R,GA,7,W000810,115
2008,Rob,WOODALL,REPRESENTATIVE,R,GA,7,W000810,115
2008,Rob,WOODALL,REPRESENTATIVE,R,GA,7,W000810,115
2008,Rob,WOODALL,REPRESENTATIVE,R,GA,7,W000810,115
2008,Rob,WOODALL,REPRESENTATIVE,R,GA,7,W000810,115
2008,Rob,WOODALL,REPRESENTATIVE,R,GA,7,W000810,115
2008,Rob,WOODALL,REPRESENTATIVE,R,GA,7,W000810,115
2008,Rob,WOODALL,REPRESENTATIVE,R,GA,7,W000810,115
2333,Jack,BERGMAN,N/A,R,MI,N/A,B001301,115
2311,Nanette,BARRAGAN,N/A,D,CA,N/A,B001300,115
136,Sherrod,BROWN,REPRESENTATIVE,D,OH,26,B000944,115
2274,Stacey,PLASKETT,DELEGATE,D,VI,N/A,P000610,115
2344,Claudia,TENNEY,N/A,R,NY,N/A,T000478,115
616,Marcy,KAPTUR,REPRESENTATIVE,D,OH,8,K000009,115
2324,A.,FERGUSON,N/A,R,GA,N/A,F000465,115
2021,Kevin,YODER,REPRESENTATIVE,R,KS,3,Y000063,115
2350,Jodey,ARRINGTON,N/A,R,TX,N/A,A000375,115
2319,Darren,SOTO,N/A,D,FL,N/A,S001200,115
2319,Darren,SOTO,N/A,D,FL,N/A,S001200,115
