speaker_id,first_name,last_name,type,party,state,district,bio_guide_id,congress_id
2290,Dan,SULLIVAN,SENATOR,R,AK,N/A,S001198,115
1383,Patrick,LEAHY,SENATOR,D,VT,N/A,L000174,115
1383,Patrick,LEAHY,SENATOR,D,VT,N/A,L000174,115
1383,Patrick,LEAHY,SENATOR,D,VT,N/A,L000174,115
1383,Patrick,LEAHY,SENATOR,D,VT,N/A,L000174,115
1692,John,CORNYN,SENATOR,R,TX,N/A,C001056,115
326,Richard,DURBIN,SENATOR,D,IL,N/A,D000563,115
1828,Robert,CASEY,SENATOR,D,PA,N/A,C001070,115
1247,Ron,WYDEN,SENATOR,D,OR,N/A,W000779,115
1507,Jerry,MORAN,SENATOR,R,KS,N/A,M000934,115
1507,Jerry,MORAN,SENATOR,R,KS,N/A,M000934,115
2143,George,HOLDING,REPRESENTATIVE,R,NC,13,H001065,115
1969,Al,FRANKEN,SENATOR,D,MN,N/A,F000457,115
2290,Dan,SULLIVAN,SENATOR,R,AK,N/A,S001198,115
2290,Dan,SULLIVAN,SENATOR,R,AK,N/A,S001198,115
172,Maria,CANTWELL,SENATOR,D,WA,N/A,C000127,115
1694,Lisa,MURKOWSKI,SENATOR,R,AK,N/A,M001153,115
1694,Lisa,MURKOWSKI,SENATOR,R,AK,N/A,M001153,115
1694,Lisa,MURKOWSKI,SENATOR,R,AK,N/A,M001153,115
326,Richard,DURBIN,SENATOR,D,IL,N/A,D000563,115
2328,Roger,MARSHALL,N/A,R,KS,N/A,M001198,115
179,Thomas,CARPER,SENATOR,D,DE,N/A,C000174,115
1507,Jerry,MORAN,SENATOR,R,KS,N/A,M000934,115
566,Steny,HOYER,REPRESENTATIVE,D,MD,5,H000874,115
566,Steny,HOYER,REPRESENTATIVE,D,MD,5,H000874,115
566,Steny,HOYER,REPRESENTATIVE,D,MD,5,H000874,115
566,Steny,HOYER,REPRESENTATIVE,D,MD,5,H000874,115
566,Steny,HOYER,REPRESENTATIVE,D,MD,5,H000874,115
1409,Patty,MURRAY,SENATOR,D,WA,N/A,M001111,115
2302,Margaret,HASSAN,N/A,D,NH,N/A,H001076,115
1036,Charles,SCHUMER,SENATOR,D,NY,N/A,S000148,115
1036,Charles,SCHUMER,SENATOR,D,NY,N/A,S000148,115
1791,Virginia,FOXX,REPRESENTATIVE,R,NC,5,F000450,115
1801,Louie,GOHMERT,REPRESENTATIVE,R,TX,1,G000552,115
566,Steny,HOYER,REPRESENTATIVE,D,MD,5,H000874,115
1588,Janice,SCHAKOWSKY,REPRESENTATIVE,D,IL,9,S001145,115
1507,Jerry,MORAN,SENATOR,R,KS,N/A,M000934,115
1828,Robert,CASEY,SENATOR,D,PA,N/A,C001070,115
2122,Tulsi,GABBARD,REPRESENTATIVE,D,HI,2,G000571,115
1036,Charles,SCHUMER,SENATOR,D,NY,N/A,S000148,115
1801,Louie,GOHMERT,REPRESENTATIVE,R,TX,1,G000552,115
2010,Colleen,HANABUSA,N/A,D,HI,N/A,H001050,115
,,BUDD,REPRESENTATIVE,R,GA,1,99999999999999999,114
414,Rodney,FRELINGHUYSEN,REPRESENTATIVE,R,NJ,11,F000372,115
414,Rodney,FRELINGHUYSEN,REPRESENTATIVE,R,NJ,11,F000372,115
414,Rodney,FRELINGHUYSEN,REPRESENTATIVE,R,NJ,11,F000372,115
414,Rodney,FRELINGHUYSEN,REPRESENTATIVE,R,NJ,11,F000372,115
709,Nita,LOWEY,REPRESENTATIVE,D,NY,17,L000480,115
414,Rodney,FRELINGHUYSEN,REPRESENTATIVE,R,NJ,11,F000372,115
709,Nita,LOWEY,REPRESENTATIVE,D,NY,17,L000480,115
616,Marcy,KAPTUR,REPRESENTATIVE,D,OH,8,K000009,115
709,Nita,LOWEY,REPRESENTATIVE,D,NY,17,L000480,115
616,Marcy,KAPTUR,REPRESENTATIVE,D,OH,8,K000009,115
414,Rodney,FRELINGHUYSEN,REPRESENTATIVE,R,NJ,11,F000372,115
1460,Robert,ADERHOLT,REPRESENTATIVE,R,AL,4,A000055,115
709,Nita,LOWEY,REPRESENTATIVE,D,NY,17,L000480,115
414,Rodney,FRELINGHUYSEN,REPRESENTATIVE,R,NJ,11,F000372,115
1487,Kay,GRANGER,REPRESENTATIVE,R,TX,12,G000377,115
709,Nita,LOWEY,REPRESENTATIVE,D,NY,17,L000480,115
414,Rodney,FRELINGHUYSEN,REPRESENTATIVE,R,NJ,11,F000372,115
1590,Michael,SIMPSON,REPRESENTATIVE,R,ID,2,S001148,115
709,Nita,LOWEY,REPRESENTATIVE,D,NY,17,L000480,115
414,Rodney,FRELINGHUYSEN,REPRESENTATIVE,R,NJ,11,F000372,115
1670,John,CULBERSON,REPRESENTATIVE,R,TX,7,C001048,115
709,Nita,LOWEY,REPRESENTATIVE,D,NY,17,L000480,115
414,Rodney,FRELINGHUYSEN,REPRESENTATIVE,R,NJ,11,F000372,115
709,Nita,LOWEY,REPRESENTATIVE,D,NY,17,L000480,115
414,Rodney,FRELINGHUYSEN,REPRESENTATIVE,R,NJ,11,F000372,115
165,Ken,CALVERT,REPRESENTATIVE,R,CA,42,C000059,115
414,Rodney,FRELINGHUYSEN,REPRESENTATIVE,R,NJ,11,F000372,115
165,Ken,CALVERT,REPRESENTATIVE,R,CA,42,C000059,115
709,Nita,LOWEY,REPRESENTATIVE,D,NY,17,L000480,115
414,Rodney,FRELINGHUYSEN,REPRESENTATIVE,R,NJ,11,F000372,115
1742,Tom,COLE,REPRESENTATIVE,R,OK,12,C001053,115
709,Nita,LOWEY,REPRESENTATIVE,D,NY,17,L000480,115
414,Rodney,FRELINGHUYSEN,REPRESENTATIVE,R,NJ,11,F000372,115
709,Nita,LOWEY,REPRESENTATIVE,D,NY,17,L000480,115
414,Rodney,FRELINGHUYSEN,REPRESENTATIVE,R,NJ,11,F000372,115
1799,Charles,DENT,N/A,R,PA,N/A,D000604,115
709,Nita,LOWEY,REPRESENTATIVE,D,NY,17,L000480,115
414,Rodney,FRELINGHUYSEN,REPRESENTATIVE,R,NJ,11,F000372,115
1596,Greg,WALDEN,REPRESENTATIVE,R,OR,2,W000791,115
414,Rodney,FRELINGHUYSEN,REPRESENTATIVE,R,NJ,11,F000372,115
1596,Greg,WALDEN,REPRESENTATIVE,R,OR,2,W000791,115
709,Nita,LOWEY,REPRESENTATIVE,D,NY,17,L000480,115
414,Rodney,FRELINGHUYSEN,REPRESENTATIVE,R,NJ,11,F000372,115
1751,Michael,BURGESS,REPRESENTATIVE,R,TX,26,B001248,115
709,Nita,LOWEY,REPRESENTATIVE,D,NY,17,L000480,115
414,Rodney,FRELINGHUYSEN,REPRESENTATIVE,R,NJ,11,F000372,115
2253,Tom,EMMER,REPRESENTATIVE,R,MN,6,E000294,115
709,Nita,LOWEY,REPRESENTATIVE,D,NY,17,L000480,115
414,Rodney,FRELINGHUYSEN,REPRESENTATIVE,R,NJ,11,F000372,115
414,Rodney,FRELINGHUYSEN,REPRESENTATIVE,R,NJ,11,F000372,115
2302,Margaret,HASSAN,N/A,D,NH,N/A,H001076,115
1247,Ron,WYDEN,SENATOR,D,OR,N/A,W000779,115
2337,Don,BACON,N/A,R,NE,N/A,B001298,115
2296,Warren,DAVIDSON,N/A,R,OH,N/A,D000626,115
1247,Ron,WYDEN,SENATOR,D,OR,N/A,W000779,115
2101,Jared,HUFFMAN,REPRESENTATIVE,D,CA,2,H001068,115
2224,Bruce,WESTERMAN,REPRESENTATIVE,R,AR,4,W000821,115
2097,Donald,PAYNE,REPRESENTATIVE,D,NJ,10,P000604,115
2028,Bill,HUIZENGA,REPRESENTATIVE,R,MI,2,H001058,115
99,Earl,BLUMENAUER,REPRESENTATIVE,D,OR,3,B000574,115
2201,Alma,ADAMS,REPRESENTATIVE,D,NC,12,A000370,115
612,Walter,JONES,REPRESENTATIVE,R,NC,3,J000255,115
1930,Erik,PAULSEN,REPRESENTATIVE,R,MN,3,P000594,115
616,Marcy,KAPTUR,REPRESENTATIVE,D,OH,8,K000009,115
1036,Charles,SCHUMER,SENATOR,D,NY,N/A,S000148,115
1749,Jeb,HENSARLING,REPRESENTATIVE,R,TX,5,H001036,115
1749,Jeb,HENSARLING,REPRESENTATIVE,R,TX,5,H001036,115
1749,Jeb,HENSARLING,REPRESENTATIVE,R,TX,5,H001036,115
1749,Jeb,HENSARLING,REPRESENTATIVE,R,TX,5,H001036,115
186,Steve,CHABOT,REPRESENTATIVE,R,OH,1,C000266,115
1749,Jeb,HENSARLING,REPRESENTATIVE,R,TX,5,H001036,115
2028,Bill,HUIZENGA,REPRESENTATIVE,R,MI,2,H001058,115
1749,Jeb,HENSARLING,REPRESENTATIVE,R,TX,5,H001036,115
1749,Jeb,HENSARLING,REPRESENTATIVE,R,TX,5,H001036,115
1526,Brad,SHERMAN,REPRESENTATIVE,D,CA,30,S000344,115
1526,Brad,SHERMAN,REPRESENTATIVE,D,CA,30,S000344,115
2028,Bill,HUIZENGA,REPRESENTATIVE,R,MI,2,H001058,115
2028,Bill,HUIZENGA,REPRESENTATIVE,R,MI,2,H001058,115
1526,Brad,SHERMAN,REPRESENTATIVE,D,CA,30,S000344,115
1749,Jeb,HENSARLING,REPRESENTATIVE,R,TX,5,H001036,115
2179,Deb,FISCHER,SENATOR,R,NE,N/A,F000463,115
2050,James,LANKFORD,SENATOR,R,OK,N/A,L000575,115
2050,James,LANKFORD,SENATOR,R,OK,N/A,L000575,115
326,Richard,DURBIN,SENATOR,D,IL,N/A,D000563,115
2298,Dwight,EVANS,N/A,D,PA,N/A,E000296,115
2286,David,PERDUE,SENATOR,R,GA,N/A,P000612,115
566,Steny,HOYER,REPRESENTATIVE,D,MD,5,H000874,115
566,Steny,HOYER,REPRESENTATIVE,D,MD,5,H000874,115
616,Marcy,KAPTUR,REPRESENTATIVE,D,OH,8,K000009,115
2008,Rob,WOODALL,REPRESENTATIVE,R,GA,7,W000810,115
2008,Rob,WOODALL,REPRESENTATIVE,R,GA,7,W000810,115
2008,Rob,WOODALL,REPRESENTATIVE,R,GA,7,W000810,115
2008,Rob,WOODALL,REPRESENTATIVE,R,GA,7,W000810,115
1069,Louise,SLAUGHTER,REPRESENTATIVE,D,NY,25,S000480,115
1069,Louise,SLAUGHTER,REPRESENTATIVE,D,NY,25,S000480,115
2008,Rob,WOODALL,REPRESENTATIVE,R,GA,7,W000810,115
2028,Bill,HUIZENGA,REPRESENTATIVE,R,MI,2,H001058,115
1069,Louise,SLAUGHTER,REPRESENTATIVE,D,NY,25,S000480,115
2134,Daniel,KILDEE,REPRESENTATIVE,D,MI,5,K000380,115
2008,Rob,WOODALL,REPRESENTATIVE,R,GA,7,W000810,115
2344,Claudia,TENNEY,N/A,R,NY,N/A,T000478,115
1069,Louise,SLAUGHTER,REPRESENTATIVE,D,NY,25,S000480,115
1501,Barbara,LEE,REPRESENTATIVE,D,CA,13,L000551,115
1069,Louise,SLAUGHTER,REPRESENTATIVE,D,NY,25,S000480,115
1501,Barbara,LEE,REPRESENTATIVE,D,CA,13,L000551,115
2008,Rob,WOODALL,REPRESENTATIVE,R,GA,7,W000810,115
1069,Louise,SLAUGHTER,REPRESENTATIVE,D,NY,25,S000480,115
1069,Louise,SLAUGHTER,REPRESENTATIVE,D,NY,25,S000480,115
2008,Rob,WOODALL,REPRESENTATIVE,R,GA,7,W000810,115
2008,Rob,WOODALL,REPRESENTATIVE,R,GA,7,W000810,115
1069,Louise,SLAUGHTER,REPRESENTATIVE,D,NY,25,S000480,115
1069,Louise,SLAUGHTER,REPRESENTATIVE,D,NY,25,S000480,115
1695,Lamar,ALEXANDER,SENATOR,R,TN,N/A,A000360,115
2332,Jamie,RASKIN,N/A,D,MD,N/A,R000606,115
2354,Pramila,JAYAPAL,N/A,D,WA,N/A,J000298,115
2332,Jamie,RASKIN,N/A,D,MD,N/A,R000606,115
2332,Jamie,RASKIN,N/A,D,MD,N/A,R000606,115
2353,Thomas,GARRETT,REPRESENTATIVE,R,VA,5,G000580,115
1998,Cory,GARDNER,N/A,R,CO,N/A,G000562,115
2357,Luther,STRANGE,N/A,R,AL,N/A,S001202,115
2339,Jacky,ROSEN,N/A,D,NV,N/A,R000608,115
1501,Barbara,LEE,REPRESENTATIVE,D,CA,13,L000551,115
2346,Lloyd,SMUCKER,N/A,R,PA,N/A,S001199,115
174,Benjamin,CARDIN,SENATOR,D,MD,N/A,C000141,115
2357,Luther,STRANGE,N/A,R,AL,N/A,S001202,115
326,Richard,DURBIN,SENATOR,D,IL,N/A,D000563,115
2289,Ben,SASSE,SENATOR,R,NE,N/A,S001197,115
1507,Jerry,MORAN,SENATOR,R,KS,N/A,M000934,115
1983,Joe,MANCHIN,SENATOR,D,WV,N/A,M001183,115
968,Pat,ROBERTS,SENATOR,R,KS,N/A,R000307,115
1541,Susan,COLLINS,REPRESENTATIVE,R,ME,9,C001035,115
1633,Jeff,FLAKE,SENATOR,R,AZ,N/A,F000444,115
2297,James,COMER,N/A,R,KY,N/A,C001108,115
2179,Deb,FISCHER,SENATOR,R,NE,N/A,F000463,115
1633,Jeff,FLAKE,SENATOR,R,AZ,N/A,F000444,115
1881,John,BARRASSO,SENATOR,R,WY,N/A,B001261,115
2179,Deb,FISCHER,SENATOR,R,NE,N/A,F000463,115
791,Robert,MENENDEZ,SENATOR,D,NJ,N/A,M000639,115
1881,John,BARRASSO,SENATOR,R,WY,N/A,B001261,115
2021,Kevin,YODER,REPRESENTATIVE,R,KS,3,Y000063,115
2134,Daniel,KILDEE,REPRESENTATIVE,D,MI,5,K000380,115
1036,Charles,SCHUMER,SENATOR,D,NY,N/A,S000148,115
2356,Liz,CHENEY,N/A,R,WY,N/A,C001109,115
