speaker_id,first_name,last_name,type,party,state,district,bio_guide_id,congress_id
2138,Steve,DAINES,SENATOR,R,MT,N/A,D000618,115
2079,John,HOEVEN,SENATOR,R,ND,N/A,H001061,115
1983,Joe,MANCHIN,SENATOR,D,WV,N/A,M001183,115
2056,Tim,SCOTT,REPRESENTATIVE,R,SC,52,S001184,115
326,Richard,DURBIN,SENATOR,D,IL,N/A,D000563,115
1836,Joe,COURTNEY,REPRESENTATIVE,D,CT,2,C001069,115
2138,Steve,DAINES,SENATOR,R,MT,N/A,D000618,115
1881,John,BARRASSO,SENATOR,R,WY,N/A,B001261,115
174,Benjamin,CARDIN,SENATOR,D,MD,N/A,C000141,115
1805,K.,CONAWAY,REPRESENTATIVE,R,TX,11,C001062,115
326,Richard,DURBIN,SENATOR,D,IL,N/A,D000563,115
1694,Lisa,MURKOWSKI,SENATOR,R,AK,N/A,M001153,115
859,Bill,NELSON,SENATOR,D,FL,N/A,N000032,115
1351,Orrin,HATCH,SENATOR,R,UT,N/A,H000338,115
1351,Orrin,HATCH,SENATOR,R,UT,N/A,H000338,115
1036,Charles,SCHUMER,SENATOR,D,NY,N/A,S000148,115
1036,Charles,SCHUMER,SENATOR,D,NY,N/A,S000148,115
2182,Elizabeth,WARREN,SENATOR,D,MA,N/A,W000817,115
2182,Elizabeth,WARREN,SENATOR,D,MA,N/A,W000817,115
250,Mike,CRAPO,SENATOR,R,ID,N/A,C000880,115
457,Chuck,GRASSLEY,SENATOR,R,IA,N/A,G000386,115
1692,John,CORNYN,SENATOR,R,TX,N/A,C001056,115
326,Richard,DURBIN,SENATOR,D,IL,N/A,D000563,115
250,Mike,CRAPO,SENATOR,R,ID,N/A,C000880,115
1332,Dianne,FEINSTEIN,SENATOR,D,CA,N/A,F000062,115
2334,Paul,MITCHELL,N/A,R,MI,N/A,M001201,115
1692,John,CORNYN,SENATOR,R,TX,N/A,C001056,115
326,Richard,DURBIN,SENATOR,D,IL,N/A,D000563,115
1825,Bob,CORKER,SENATOR,R,TN,N/A,C001071,115
2359,Greg,GIANFORTE,N/A,R,MT,N/A,G000584,115
2359,Greg,GIANFORTE,N/A,R,MT,N/A,G000584,115
2359,Greg,GIANFORTE,N/A,R,MT,N/A,G000584,115
1931,Blaine,LUETKEMEYER,REPRESENTATIVE,R,MO,3,L000569,115
2362,Jimmy,GOMEZ,N/A,D,CA,N/A,G000585,115
2359,Greg,GIANFORTE,N/A,R,MT,N/A,G000584,115
2359,Greg,GIANFORTE,N/A,R,MT,N/A,G000584,115
1761,G.,BUTTERFIELD,REPRESENTATIVE,D,NC,1,B001251,115
2345,Brian,FITZPATRICK,REPRESENTATIVE,R,PA,8,F000466,115
2345,Brian,FITZPATRICK,REPRESENTATIVE,R,PA,8,F000466,115
2345,Brian,FITZPATRICK,REPRESENTATIVE,R,PA,8,F000466,115
1829,Jon,TESTER,SENATOR,D,MT,N/A,T000464,115
2224,Bruce,WESTERMAN,REPRESENTATIVE,R,AR,4,W000821,115
1823,Sheldon,WHITEHOUSE,SENATOR,D,RI,N/A,W000802,115
1692,John,CORNYN,SENATOR,R,TX,N/A,C001056,115
1965,Michael,BENNET,SENATOR,D,CO,N/A,B001267,115
1676,Shelley,CAPITO,N/A,R,WV,N/A,C001047,115
1633,Jeff,FLAKE,SENATOR,R,AZ,N/A,F000444,115
2080,Mike,LEE,REPRESENTATIVE,R,UT,13,L000577,115
2080,Mike,LEE,REPRESENTATIVE,R,UT,13,L000577,115
2050,James,LANKFORD,SENATOR,R,OK,N/A,L000575,115
2050,James,LANKFORD,SENATOR,R,OK,N/A,L000575,115
136,Sherrod,BROWN,REPRESENTATIVE,D,OH,26,B000944,115
136,Sherrod,BROWN,REPRESENTATIVE,D,OH,26,B000944,115
791,Robert,MENENDEZ,SENATOR,D,NJ,N/A,M000639,115
791,Robert,MENENDEZ,SENATOR,D,NJ,N/A,M000639,115
791,Robert,MENENDEZ,SENATOR,D,NJ,N/A,M000639,115
1608,Johnny,ISAKSON,SENATOR,R,GA,N/A,I000055,115
1608,Johnny,ISAKSON,SENATOR,R,GA,N/A,I000055,115
1692,John,CORNYN,SENATOR,R,TX,N/A,C001056,115
326,Richard,DURBIN,SENATOR,D,IL,N/A,D000563,115
2079,John,HOEVEN,SENATOR,R,ND,N/A,H001061,115
1929,Gary,PETERS,REPRESENTATIVE,D,MI,52,P000595,115
2174,Heidi,HEITKAMP,SENATOR,D,ND,N/A,H001069,115
1694,Lisa,MURKOWSKI,SENATOR,R,AK,N/A,M001153,115
1694,Lisa,MURKOWSKI,SENATOR,R,AK,N/A,M001153,115
2173,Brian,SCHATZ,SENATOR,D,HI,N/A,S001194,115
2173,Brian,SCHATZ,SENATOR,D,HI,N/A,S001194,115
2290,Dan,SULLIVAN,SENATOR,R,AK,N/A,S001198,115
2290,Dan,SULLIVAN,SENATOR,R,AK,N/A,S001198,115
1826,Amy,KLOBUCHAR,SENATOR,D,MN,N/A,K000367,115
1694,Lisa,MURKOWSKI,SENATOR,R,AK,N/A,M001153,115
583,James,INHOFE,SENATOR,R,OK,N/A,I000024,115
1694,Lisa,MURKOWSKI,SENATOR,R,AK,N/A,M001153,115
1900,Jeff,MERKLEY,SENATOR,D,OR,N/A,M001176,115
1226,Roger,WICKER,SENATOR,R,MS,N/A,W000437,115
1692,John,CORNYN,SENATOR,R,TX,N/A,C001056,115
326,Richard,DURBIN,SENATOR,D,IL,N/A,D000563,115
1247,Ron,WYDEN,SENATOR,D,OR,N/A,W000779,115
2359,Greg,GIANFORTE,N/A,R,MT,N/A,G000584,115
2359,Greg,GIANFORTE,N/A,R,MT,N/A,G000584,115
2359,Greg,GIANFORTE,N/A,R,MT,N/A,G000584,115
2053,Tom,MARINO,REPRESENTATIVE,R,PA,10,M001179,115
2362,Jimmy,GOMEZ,N/A,D,CA,N/A,G000585,115
2359,Greg,GIANFORTE,N/A,R,MT,N/A,G000584,115
2359,Greg,GIANFORTE,N/A,R,MT,N/A,G000584,115
250,Mike,CRAPO,SENATOR,R,ID,N/A,C000880,115
250,Mike,CRAPO,SENATOR,R,ID,N/A,C000880,115
1791,Virginia,FOXX,REPRESENTATIVE,R,NC,5,F000450,115
2359,Greg,GIANFORTE,N/A,R,MT,N/A,G000584,115
2359,Greg,GIANFORTE,N/A,R,MT,N/A,G000584,115
2359,Greg,GIANFORTE,N/A,R,MT,N/A,G000584,115
2362,Jimmy,GOMEZ,N/A,D,CA,N/A,G000585,115
1686,Stephen,LYNCH,REPRESENTATIVE,D,MA,8,L000562,115
2359,Greg,GIANFORTE,N/A,R,MT,N/A,G000584,115
2362,Jimmy,GOMEZ,N/A,D,CA,N/A,G000585,115
2359,Greg,GIANFORTE,N/A,R,MT,N/A,G000584,115
2359,Greg,GIANFORTE,N/A,R,MT,N/A,G000584,115
326,Richard,DURBIN,SENATOR,D,IL,N/A,D000563,115
1633,Jeff,FLAKE,SENATOR,R,AZ,N/A,F000444,115
2174,Heidi,HEITKAMP,SENATOR,D,ND,N/A,H001069,115
1694,Lisa,MURKOWSKI,SENATOR,R,AK,N/A,M001153,115
791,Robert,MENENDEZ,SENATOR,D,NJ,N/A,M000639,115
2359,Greg,GIANFORTE,N/A,R,MT,N/A,G000584,115
2359,Greg,GIANFORTE,N/A,R,MT,N/A,G000584,115
2359,Greg,GIANFORTE,N/A,R,MT,N/A,G000584,115
2362,Jimmy,GOMEZ,N/A,D,CA,N/A,G000585,115
2359,Greg,GIANFORTE,N/A,R,MT,N/A,G000584,115
2359,Greg,GIANFORTE,N/A,R,MT,N/A,G000584,115
2359,Greg,GIANFORTE,N/A,R,MT,N/A,G000584,115
2359,Greg,GIANFORTE,N/A,R,MT,N/A,G000584,115
1955,Pete,OLSON,REPRESENTATIVE,R,TX,22,O000168,115
2362,Jimmy,GOMEZ,N/A,D,CA,N/A,G000585,115
2359,Greg,GIANFORTE,N/A,R,MT,N/A,G000584,115
2351,Scott,TAYLOR,N/A,R,VA,N/A,T000477,115
2228,Stephen,KNIGHT,REPRESENTATIVE,R,CA,25,K000387,115
2054,Lou,BARLETTA,REPRESENTATIVE,R,PA,11,B001269,115
2054,Lou,BARLETTA,REPRESENTATIVE,R,PA,11,B001269,115
2054,Lou,BARLETTA,REPRESENTATIVE,R,PA,11,B001269,115
868,Eleanor,NORTON,DELEGATE,D,DC,N/A,N000147,115
2054,Lou,BARLETTA,REPRESENTATIVE,R,PA,11,B001269,115
1692,John,CORNYN,SENATOR,R,TX,N/A,C001056,115
