speaker_id,first_name,last_name,type,party,state,district,bio_guide_id,congress_id
2134,Daniel,KILDEE,REPRESENTATIVE,D,MI,5,K000380,115
2261,Lee,ZELDIN,REPRESENTATIVE,R,NY,1,Z000017,115
1886,Robert,WITTMAN,REPRESENTATIVE,R,VA,1,W000804,115
1886,Robert,J,N/A,R,VA,N/A,W000804,115
1886,Robert,WITTMAN,REPRESENTATIVE,R,VA,1,W000804,115
1886,Robert,WITTMAN,REPRESENTATIVE,R,VA,1,W000804,115
2319,Darren,SOTO,N/A,D,FL,N/A,S001200,115
1886,Robert,WITTMAN,REPRESENTATIVE,R,VA,1,W000804,115
2319,Darren,SOTO,N/A,D,FL,N/A,S001200,115
1886,Robert,WITTMAN,REPRESENTATIVE,R,VA,1,W000804,115
1959,Gerald,CONNOLLY,REPRESENTATIVE,D,VA,11,C001078,115
2319,Darren,SOTO,N/A,D,FL,N/A,S001200,115
1886,Robert,WITTMAN,REPRESENTATIVE,R,VA,1,W000804,115
2255,Mark,WALKER,REPRESENTATIVE,R,NC,6,W000819,115
344,Eliot,ENGEL,REPRESENTATIVE,D,NY,16,E000179,115
344,Eliot,ENGEL,REPRESENTATIVE,D,NY,16,E000179,115
2231,Norma,TORRES,REPRESENTATIVE,D,CA,35,T000474,115
2248,John,MOOLENAAR,REPRESENTATIVE,R,MI,4,M001194,115
344,Eliot,ENGEL,REPRESENTATIVE,D,NY,16,E000179,115
998,Edward,ROYCE,REPRESENTATIVE,R,CA,39,R000487,115
1664,Patrick,TIBERI,REPRESENTATIVE,R,OH,12,T000462,115
2339,Jacky,ROSEN,N/A,D,NV,N/A,R000608,115
303,Lloyd,DOGGETT,REPRESENTATIVE,D,TX,35,D000399,115
1510,Bill,PASCRELL,REPRESENTATIVE,D,NJ,9,P000096,115
1510,Bill,PASCRELL,REPRESENTATIVE,D,NJ,9,P000096,115
1510,Bill,PASCRELL,REPRESENTATIVE,D,NJ,9,P000096,115
1510,Bill,PASCRELL,REPRESENTATIVE,D,NJ,9,P000096,115
1510,Bill,PASCRELL,REPRESENTATIVE,D,NJ,9,P000096,115
1510,Bill,PASCRELL,REPRESENTATIVE,D,NJ,9,P000096,115
1510,Bill,PASCRELL,REPRESENTATIVE,D,NJ,9,P000096,115
1510,Bill,PASCRELL,REPRESENTATIVE,D,NJ,9,P000096,115
1510,Bill,PASCRELL,REPRESENTATIVE,D,NJ,9,P000096,115
1510,Bill,PASCRELL,REPRESENTATIVE,D,NJ,9,P000096,115
1510,Bill,PASCRELL,REPRESENTATIVE,D,NJ,9,P000096,115
2158,Keith,ROTHFUS,REPRESENTATIVE,R,PA,12,R000598,115
1510,Bill,PASCRELL,REPRESENTATIVE,D,NJ,9,P000096,115
616,Marcy,KAPTUR,REPRESENTATIVE,D,OH,8,K000009,115
1942,Paul,TONKO,REPRESENTATIVE,D,NY,20,T000469,115
2354,Pramila,JAYAPAL,N/A,D,WA,N/A,J000298,115
2320,Val,DEMINGS,N/A,D,FL,N/A,D000627,115
1635,Adam,SCHIFF,REPRESENTATIVE,D,CA,28,S001150,115
998,Edward,ROYCE,REPRESENTATIVE,R,CA,39,R000487,115
998,Edward,ROYCE,REPRESENTATIVE,R,CA,39,R000487,115
998,Edward,ROYCE,REPRESENTATIVE,R,CA,39,R000487,115
344,Eliot,ENGEL,REPRESENTATIVE,D,NY,16,E000179,115
2014,Adam,KINZINGER,REPRESENTATIVE,R,IL,16,K000378,115
344,Eliot,ENGEL,REPRESENTATIVE,D,NY,16,E000179,115
566,Steny,HOYER,REPRESENTATIVE,D,MD,5,H000874,115
1959,Gerald,CONNOLLY,REPRESENTATIVE,D,VA,11,C001078,115
344,Eliot,ENGEL,REPRESENTATIVE,D,NY,16,E000179,115
344,Eliot,ENGEL,REPRESENTATIVE,D,NY,16,E000179,115
446,Bob,GOODLATTE,REPRESENTATIVE,R,VA,6,G000289,115
2307,Andy,BIGGS,N/A,R,AZ,N/A,B001302,115
2165,Roger,WILLIAMS,REPRESENTATIVE,R,TX,25,W000816,115
1810,David,REICHERT,REPRESENTATIVE,R,WA,8,R000578,115
1810,David,REICHERT,REPRESENTATIVE,R,WA,8,R000578,115
446,Bob,GOODLATTE,REPRESENTATIVE,R,VA,6,G000289,115
1810,David,REICHERT,REPRESENTATIVE,R,WA,8,R000578,115
1810,David,REICHERT,REPRESENTATIVE,R,WA,8,R000578,115
2058,Trey,GOWDY,REPRESENTATIVE,R,SC,4,G000566,115
1810,David,REICHERT,REPRESENTATIVE,R,WA,8,R000578,115
1810,David,REICHERT,REPRESENTATIVE,R,WA,8,R000578,115
2316,John,RUTHERFORD,N/A,R,FL,N/A,R000609,115
1810,David,REICHERT,REPRESENTATIVE,R,WA,8,R000578,115
2324,A.,FERGUSON,N/A,R,GA,N/A,F000465,115
1810,David,REICHERT,REPRESENTATIVE,R,WA,8,R000578,115
1810,David,REICHERT,REPRESENTATIVE,R,WA,8,R000578,115
1810,David,REICHERT,REPRESENTATIVE,R,WA,8,R000578,115
1810,David,REICHERT,REPRESENTATIVE,R,WA,8,R000578,115
1810,David,REICHERT,REPRESENTATIVE,R,WA,8,R000578,115
2320,Val,DEMINGS,N/A,D,FL,N/A,D000627,115
1810,David,REICHERT,REPRESENTATIVE,R,WA,8,R000578,115
1810,David,REICHERT,REPRESENTATIVE,R,WA,8,R000578,115
2265,Steve,RUSSELL,REPRESENTATIVE,R,OK,5,R000604,115
2265,Steve,RUSSELL,REPRESENTATIVE,R,OK,5,R000604,115
2265,Steve,RUSSELL,REPRESENTATIVE,R,OK,5,R000604,115
1959,Gerald,CONNOLLY,REPRESENTATIVE,D,VA,11,C001078,115
256,Elijah,CUMMINGS,REPRESENTATIVE,D,MD,7,C000984,115
1959,Gerald,CONNOLLY,REPRESENTATIVE,D,VA,11,C001078,115
2265,Steve,RUSSELL,REPRESENTATIVE,R,OK,5,R000604,115
2264,John,KATKO,REPRESENTATIVE,R,NY,24,K000386,115
2264,John,KATKO,REPRESENTATIVE,R,NY,24,K000386,115
2264,John,KATKO,REPRESENTATIVE,R,NY,24,K000386,115
2264,John,KATKO,REPRESENTATIVE,R,NY,24,K000386,115
2167,Filemon,VELA,REPRESENTATIVE,D,TX,7,V000132,115
2264,John,KATKO,REPRESENTATIVE,R,NY,24,K000386,115
2153,Joyce,BEATTY,REPRESENTATIVE,D,OH,3,B001281,115
2127,Cheri,BUSTOS,REPRESENTATIVE,D,IL,17,B001286,115
2353,Thomas,GARRETT,REPRESENTATIVE,R,VA,5,G000580,115
2149,Hakeem,JEFFRIES,REPRESENTATIVE,D,NY,8,J000294,115
2233,Ken,BUCK,REPRESENTATIVE,R,CO,4,B001297,115
2233,Ken,BUCK,REPRESENTATIVE,R,CO,4,B001297,115
2233,Ken,BUCK,REPRESENTATIVE,R,CO,4,B001297,115
2233,Ken,BUCK,REPRESENTATIVE,R,CO,4,B001297,115
511,Alcee,HASTINGS,REPRESENTATIVE,D,FL,20,H000324,115
2233,Ken,BUCK,REPRESENTATIVE,R,CO,4,B001297,115
2018,Larry,BUCSHON,REPRESENTATIVE,R,IN,8,B001275,115
511,Alcee,HASTINGS,REPRESENTATIVE,D,FL,20,H000324,115
511,Alcee,HASTINGS,REPRESENTATIVE,D,FL,20,H000324,115
511,Alcee,HASTINGS,REPRESENTATIVE,D,FL,20,H000324,115
511,Alcee,HASTINGS,REPRESENTATIVE,D,FL,20,H000324,115
511,Alcee,HASTINGS,REPRESENTATIVE,D,FL,20,H000324,115
2233,Ken,BUCK,REPRESENTATIVE,R,CO,4,B001297,115
2228,Stephen,KNIGHT,REPRESENTATIVE,R,CA,25,K000387,115
511,Alcee,HASTINGS,REPRESENTATIVE,D,FL,20,H000324,115
511,Alcee,HASTINGS,REPRESENTATIVE,D,FL,20,H000324,115
2233,Ken,BUCK,REPRESENTATIVE,R,CO,4,B001297,115
511,Alcee,HASTINGS,REPRESENTATIVE,D,FL,20,H000324,115
2233,Ken,BUCK,REPRESENTATIVE,R,CO,4,B001297,115
2115,Ted,YOHO,REPRESENTATIVE,R,FL,3,Y000065,115
511,Alcee,HASTINGS,REPRESENTATIVE,D,FL,20,H000324,115
2233,Ken,BUCK,REPRESENTATIVE,R,CO,4,B001297,115
511,Alcee,HASTINGS,REPRESENTATIVE,D,FL,20,H000324,115
2233,Ken,BUCK,REPRESENTATIVE,R,CO,4,B001297,115
1838,Gus,BILIRAKIS,REPRESENTATIVE,R,FL,12,B001257,115
511,Alcee,HASTINGS,REPRESENTATIVE,D,FL,20,H000324,115
2233,Ken,BUCK,REPRESENTATIVE,R,CO,4,B001297,115
2315,Neal,DUNN,N/A,R,FL,N/A,D000628,115
511,Alcee,HASTINGS,REPRESENTATIVE,D,FL,20,H000324,115
2233,Ken,BUCK,REPRESENTATIVE,R,CO,4,B001297,115
2270,Brian,BABIN,REPRESENTATIVE,R,TX,36,B001291,115
511,Alcee,HASTINGS,REPRESENTATIVE,D,FL,20,H000324,115
2233,Ken,BUCK,REPRESENTATIVE,R,CO,4,B001297,115
2345,Brian,FITZPATRICK,REPRESENTATIVE,R,PA,8,F000466,115
511,Alcee,HASTINGS,REPRESENTATIVE,D,FL,20,H000324,115
2233,Ken,BUCK,REPRESENTATIVE,R,CO,4,B001297,115
511,Alcee,HASTINGS,REPRESENTATIVE,D,FL,20,H000324,115
2233,Ken,BUCK,REPRESENTATIVE,R,CO,4,B001297,115
2233,Ken,BUCK,REPRESENTATIVE,R,CO,4,B001297,115
2233,Ken,BUCK,REPRESENTATIVE,R,CO,4,B001297,115
511,Alcee,HASTINGS,REPRESENTATIVE,D,FL,20,H000324,115
511,Alcee,HASTINGS,REPRESENTATIVE,D,FL,20,H000324,115
1857,Keith,ELLISON,REPRESENTATIVE,D,MN,5,E000288,115
1955,Pete,OLSON,REPRESENTATIVE,R,TX,22,O000168,115
1955,Pete,OLSON,REPRESENTATIVE,R,TX,22,O000168,115
2337,Don,BACON,N/A,R,NE,N/A,B001298,115
2345,Brian,FITZPATRICK,REPRESENTATIVE,R,PA,8,F000466,115
2345,Brian,FITZPATRICK,REPRESENTATIVE,R,PA,8,F000466,115
2327,Trey,HOLLINGSWORTH,N/A,R,IN,N/A,H001074,115
2138,Steve,DAINES,SENATOR,R,MT,N/A,D000618,115
2223,J.,HILL,REPRESENTATIVE,R,AR,2,H001072,115
2341,Thomas,SUOZZI,N/A,D,NY,N/A,S001201,115
2107,Tony,CARDENAS,REPRESENTATIVE,D,CA,29,C001097,115
1855,Tim,WALBERG,REPRESENTATIVE,R,MI,7,W000798,115
62,Joe,BARTON,REPRESENTATIVE,R,TX,6,B000213,115
2342,Adriano,ESPAILLAT,N/A,D,NY,N/A,E000297,115
2055,David,CICILLINE,REPRESENTATIVE,D,RI,1,C001084,115
2310,Salud,CARBAJAL,N/A,D,CA,N/A,C001112,115
2252,Brenda,LAWRENCE,REPRESENTATIVE,D,MI,14,L000581,115
1791,Virginia,FOXX,REPRESENTATIVE,R,NC,5,F000450,115
1036,Charles,SCHUMER,SENATOR,D,NY,N/A,S000148,115
1036,Charles,SCHUMER,SENATOR,D,NY,N/A,S000148,115
1036,Charles,SCHUMER,SENATOR,D,NY,N/A,S000148,115
1036,Charles,SCHUMER,SENATOR,D,NY,N/A,S000148,115
326,Richard,DURBIN,SENATOR,D,IL,N/A,D000563,115
326,Richard,DURBIN,SENATOR,D,IL,N/A,D000563,115
326,Richard,DURBIN,SENATOR,D,IL,N/A,D000563,115
326,Richard,DURBIN,SENATOR,D,IL,N/A,D000563,115
1837,Christopher,MURPHY,SENATOR,D,CT,N/A,M001169,115
1837,Christopher,MURPHY,SENATOR,D,CT,N/A,M001169,115
2019,Todd,YOUNG,REPRESENTATIVE,R,IN,0,Y000064,115
1837,Christopher,MURPHY,SENATOR,D,CT,N/A,M001169,115
2019,Todd,YOUNG,REPRESENTATIVE,R,IN,0,Y000064,115
1837,Christopher,MURPHY,SENATOR,D,CT,N/A,M001169,115
2019,Todd,YOUNG,REPRESENTATIVE,R,IN,0,Y000064,115
1837,Christopher,MURPHY,SENATOR,D,CT,N/A,M001169,115
2019,Todd,YOUNG,REPRESENTATIVE,R,IN,0,Y000064,115
1837,Christopher,MURPHY,SENATOR,D,CT,N/A,M001169,115
2303,John,KENNEDY,REPRESENTATIVE,R,LA,4,K000393,115
2303,John,KENNEDY,REPRESENTATIVE,R,LA,4,K000393,115
1608,Johnny,ISAKSON,SENATOR,R,GA,N/A,I000055,115
1692,John,CORNYN,SENATOR,R,TX,N/A,C001056,115
326,Richard,DURBIN,SENATOR,D,IL,N/A,D000563,115
1692,John,CORNYN,SENATOR,R,TX,N/A,C001056,115
174,Benjamin,CARDIN,SENATOR,D,MD,N/A,C000141,115
1850,Joe,DONNELLY,SENATOR,D,IN,N/A,D000607,115
1850,Joe,DONNELLY,SENATOR,D,IN,N/A,D000607,115
2019,Todd,YOUNG,REPRESENTATIVE,R,IN,0,Y000064,115
457,Chuck,GRASSLEY,SENATOR,R,IA,N/A,G000386,115
457,Chuck,GRASSLEY,SENATOR,R,IA,N/A,G000386,115
457,Chuck,GRASSLEY,SENATOR,R,IA,N/A,G000386,115
1534,John,THUNE,SENATOR,R,SD,N/A,T000250,115
1534,John,THUNE,SENATOR,R,SD,N/A,T000250,115
2076,Richard,BLUMENTHAL,SENATOR,D,CT,N/A,B001277,115
1036,Charles,KING,REPRESENTATIVE,D,NY,4,S000148,115
1464,Roy,BLUNT,SENATOR,R,MO,N/A,B000575,115
1881,John,BARRASSO,SENATOR,R,WY,N/A,B001261,115
1881,John,BARRASSO,SENATOR,R,WY,N/A,B001261,115
2173,Brian,SCHATZ,SENATOR,D,HI,N/A,S001194,115
2173,Brian,SCHATZ,SENATOR,D,HI,N/A,S001194,115
735,Edward,MARKEY,SENATOR,D,MA,N/A,M000133,115
1247,Ron,WYDEN,SENATOR,D,OR,N/A,W000779,115
735,Edward,MARKEY,SENATOR,D,MA,N/A,M000133,115
735,Edward,MARKEY,SENATOR,D,MA,N/A,M000133,115
1247,Ron,WYDEN,SENATOR,D,OR,N/A,W000779,115
2302,Margaret,HASSAN,N/A,D,NH,N/A,H001076,115
2302,Margaret,HASSAN,N/A,D,NH,N/A,H001076,115
1969,Al,FRANKEN,SENATOR,D,MN,N/A,F000457,115
2173,Brian,SCHATZ,SENATOR,D,HI,N/A,S001194,115
2076,Richard,BLUMENTHAL,SENATOR,D,CT,N/A,B001277,115
924,Rob,PORTMAN,SENATOR,R,OH,N/A,P000449,115
924,Rob,PORTMAN,SENATOR,R,OH,N/A,P000449,115
1383,Patrick,LEAHY,SENATOR,D,VT,N/A,L000174,115
1383,Patrick,LEAHY,SENATOR,D,VT,N/A,L000174,115
2098,Tom,COTTON,SENATOR,R,AR,N/A,C001095,115
1826,Amy,KLOBUCHAR,SENATOR,D,MN,N/A,K000367,115
1826,Amy,KLOBUCHAR,SENATOR,D,MN,N/A,K000367,115
1608,Johnny,ISAKSON,SENATOR,R,GA,N/A,I000055,115
1998,Cory,GARDNER,N/A,R,CO,N/A,G000562,115
2182,Elizabeth,WARREN,SENATOR,D,MA,N/A,W000817,115
2182,Elizabeth,WARREN,SENATOR,D,MA,N/A,W000817,115
2084,Marco,RUBIO,SENATOR,R,FL,N/A,R000595,115
1929,Gary,PETERS,REPRESENTATIVE,D,MI,52,P000595,115
1633,Jeff,FLAKE,SENATOR,R,AZ,N/A,F000444,115
1507,Jerry,MORAN,SENATOR,R,KS,N/A,M000934,115
2253,Tom,EMMER,REPRESENTATIVE,R,MN,6,E000294,115
2253,Tom,EMMER,REPRESENTATIVE,R,MN,6,E000294,115
2253,Tom,EMMER,REPRESENTATIVE,R,MN,6,E000294,115
2253,Tom,EMMER,REPRESENTATIVE,R,MN,6,E000294,115
1823,Sheldon,WHITEHOUSE,SENATOR,D,RI,N/A,W000802,115
446,Bob,GOODLATTE,REPRESENTATIVE,R,VA,6,G000289,115
446,Bob,GOODLATTE,REPRESENTATIVE,R,VA,6,G000289,115
446,Bob,GOODLATTE,REPRESENTATIVE,R,VA,6,G000289,115
229,John,CONYERS,REPRESENTATIVE,D,MI,13,C000714,115
446,Bob,GOODLATTE,REPRESENTATIVE,R,VA,6,G000289,115
229,John,CONYERS,REPRESENTATIVE,D,MI,13,C000714,115
229,John,CONYERS,REPRESENTATIVE,D,MI,13,C000714,115
446,Bob,GOODLATTE,REPRESENTATIVE,R,VA,6,G000289,115
2055,David,CICILLINE,REPRESENTATIVE,D,RI,1,C001084,115
2194,Cory,BOOKER,SENATOR,D,NJ,N/A,B001288,115
1036,Charles,SCHUMER,SENATOR,D,NY,N/A,S000148,115
2269,Will,HURD,REPRESENTATIVE,R,TX,23,H001073,115
2269,Will,HURD,REPRESENTATIVE,R,TX,23,H001073,115
2269,Will,HURD,REPRESENTATIVE,R,TX,23,H001073,115
2269,Will,HURD,REPRESENTATIVE,R,TX,23,H001073,115
1959,Gerald,CONNOLLY,REPRESENTATIVE,D,VA,11,C001078,115
2269,Will,HURD,REPRESENTATIVE,R,TX,23,H001073,115
1959,Gerald,CONNOLLY,REPRESENTATIVE,D,VA,11,C001078,115
566,Steny,HOYER,REPRESENTATIVE,D,MD,5,H000874,115
2269,Will,HURD,REPRESENTATIVE,R,TX,23,H001073,115
1959,Gerald,CONNOLLY,REPRESENTATIVE,D,VA,11,C001078,115
1959,Gerald,CONNOLLY,REPRESENTATIVE,D,VA,11,C001078,115
2269,Will,HURD,REPRESENTATIVE,R,TX,23,H001073,115
1959,Gerald,CONNOLLY,REPRESENTATIVE,D,VA,11,C001078,115
2269,Will,HURD,REPRESENTATIVE,R,TX,23,H001073,115
1668,James,LANGEVIN,REPRESENTATIVE,D,RI,2,L000559,115
2264,John,KATKO,REPRESENTATIVE,R,NY,24,K000386,115
2264,John,KATKO,REPRESENTATIVE,R,NY,24,K000386,115
2264,John,KATKO,REPRESENTATIVE,R,NY,24,K000386,115
2167,Filemon,VELA,REPRESENTATIVE,D,TX,7,V000132,115
2264,John,KATKO,REPRESENTATIVE,R,NY,24,K000386,115
2138,Steve,DAINES,SENATOR,R,MT,N/A,D000618,115
2265,Steve,RUSSELL,REPRESENTATIVE,R,OK,5,R000604,115
2265,Steve,RUSSELL,REPRESENTATIVE,R,OK,5,R000604,115
2265,Steve,RUSSELL,REPRESENTATIVE,R,OK,5,R000604,115
1959,Gerald,CONNOLLY,REPRESENTATIVE,D,VA,11,C001078,115
2265,Steve,RUSSELL,REPRESENTATIVE,R,OK,5,R000604,115
2166,Marc,VEASEY,REPRESENTATIVE,D,TX,33,V000131,115
616,Marcy,KAPTUR,REPRESENTATIVE,D,OH,8,K000009,115
2202,Donald,NORCROSS,REPRESENTATIVE,D,NJ,1,N000188,115
1781,Daniel,LIPINSKI,REPRESENTATIVE,D,IL,3,L000563,115
2166,Marc,VEASEY,REPRESENTATIVE,D,TX,33,V000131,115
910,Collin,PETERSON,REPRESENTATIVE,D,MN,7,P000258,115
2247,Bruce,POLIQUIN,REPRESENTATIVE,R,ME,2,P000611,115
910,Collin,PETERSON,REPRESENTATIVE,D,MN,7,P000258,115
2265,Steve,RUSSELL,REPRESENTATIVE,R,OK,5,R000604,115
2265,Steve,RUSSELL,REPRESENTATIVE,R,OK,5,R000604,115
2265,Steve,RUSSELL,REPRESENTATIVE,R,OK,5,R000604,115
1959,Gerald,CONNOLLY,REPRESENTATIVE,D,VA,11,C001078,115
2265,Steve,RUSSELL,REPRESENTATIVE,R,OK,5,R000604,115
2255,Mark,WALKER,REPRESENTATIVE,R,NC,6,W000819,115
1507,Jerry,MORAN,SENATOR,R,KS,N/A,M000934,115
1823,Sheldon,WHITEHOUSE,SENATOR,D,RI,N/A,W000802,115
1823,Sheldon,WHITEHOUSE,SENATOR,D,RI,N/A,W000802,115
1036,Charles,SCHUMER,SENATOR,D,NY,N/A,S000148,115
344,Eliot,ENGEL,REPRESENTATIVE,D,NY,16,E000179,115
344,Eliot,ENGEL,REPRESENTATIVE,D,NY,16,E000179,115
709,Nita,LOWEY,REPRESENTATIVE,D,NY,17,L000480,115
344,Eliot,ENGEL,REPRESENTATIVE,D,NY,16,E000179,115
910,Collin,PETERSON,REPRESENTATIVE,D,MN,7,P000258,115
2144,Kevin,CRAMER,REPRESENTATIVE,R,ND,0,C001096,115
910,Collin,PETERSON,REPRESENTATIVE,D,MN,7,P000258,115
446,Bob,GOODLATTE,REPRESENTATIVE,R,VA,6,G000289,115
446,Bob,GOODLATTE,REPRESENTATIVE,R,VA,6,G000289,115
446,Bob,GOODLATTE,REPRESENTATIVE,R,VA,6,G000289,115
229,John,CONYERS,REPRESENTATIVE,D,MI,13,C000714,115
446,Bob,GOODLATTE,REPRESENTATIVE,R,VA,6,G000289,115
