speaker_id,first_name,last_name,type,party,state,district,bio_guide_id,congress_id
136,Sherrod,BROWN,REPRESENTATIVE,D,OH,26,B000944,115
1984,Christopher,COONS,SENATOR,D,DE,N/A,C001088,115
2176,Tim,KAINE,SENATOR,D,VA,N/A,K000384,115
1692,John,CORNYN,SENATOR,R,TX,N/A,C001056,115
1692,John,CORNYN,SENATOR,R,TX,N/A,C001056,115
1692,John,CORNYN,SENATOR,R,TX,N/A,C001056,115
1692,John,CORNYN,SENATOR,R,TX,N/A,C001056,115
179,Thomas,CARPER,SENATOR,D,DE,N/A,C000174,115
250,Mike,CRAPO,SENATOR,R,ID,N/A,C000880,115
326,Richard,DURBIN,SENATOR,D,IL,N/A,D000563,115
1542,Michael,ENZI,SENATOR,R,WY,N/A,E000285,115
174,Benjamin,CARDIN,SENATOR,D,MD,N/A,C000141,115
1567,Tom,UDALL,SENATOR,D,NM,N/A,U000039,115
1542,Michael,ENZI,SENATOR,R,WY,N/A,E000285,115
1692,John,CORNYN,SENATOR,R,TX,N/A,C001056,115
1692,John,CORNYN,SENATOR,R,TX,N/A,C001056,115
1692,John,CORNYN,SENATOR,R,TX,N/A,C001056,115
1692,John,CORNYN,SENATOR,R,TX,N/A,C001056,115
1694,Lisa,MURKOWSKI,SENATOR,R,AK,N/A,M001153,115
1896,James,RISCH,SENATOR,R,ID,N/A,R000584,115
1247,Ron,WYDEN,SENATOR,D,OR,N/A,W000779,115
2194,Cory,BOOKER,SENATOR,D,NJ,N/A,B001288,115
1692,John,CORNYN,SENATOR,R,TX,N/A,C001056,115
1692,John,CORNYN,SENATOR,R,TX,N/A,C001056,115
1694,Lisa,MURKOWSKI,SENATOR,R,AK,N/A,M001153,115
1692,John,CORNYN,SENATOR,R,TX,N/A,C001056,115
1692,John,CORNYN,SENATOR,R,TX,N/A,C001056,115
1036,Charles,SCHUMER,SENATOR,D,NY,N/A,S000148,115
1692,John,CORNYN,SENATOR,R,TX,N/A,C001056,115
1692,John,CORNYN,SENATOR,R,TX,N/A,C001056,115
2138,Steve,DAINES,SENATOR,R,MT,N/A,D000618,115
2019,Todd,YOUNG,REPRESENTATIVE,R,IN,0,Y000064,115
1692,John,CORNYN,SENATOR,R,TX,N/A,C001056,115
179,Thomas,CARPER,SENATOR,D,DE,N/A,C000174,115
2076,Richard,BLUMENTHAL,SENATOR,D,CT,N/A,B001277,115
1692,John,CORNYN,SENATOR,R,TX,N/A,C001056,115
1692,John,CORNYN,SENATOR,R,TX,N/A,C001056,115
1036,Charles,SCHUMER,SENATOR,D,NY,N/A,S000148,115
179,Thomas,CARPER,SENATOR,D,DE,N/A,C000174,115
2173,Brian,SCHATZ,SENATOR,D,HI,N/A,S001194,115
2173,Brian,SCHATZ,SENATOR,D,HI,N/A,S001194,115
1823,Sheldon,WHITEHOUSE,SENATOR,D,RI,N/A,W000802,115
1823,Sheldon,WHITEHOUSE,SENATOR,D,RI,N/A,W000802,115
2173,Brian,SCHATZ,SENATOR,D,HI,N/A,S001194,115
1823,Sheldon,WHITEHOUSE,SENATOR,D,RI,N/A,W000802,115
1823,Sheldon,WHITEHOUSE,SENATOR,D,RI,N/A,W000802,115
2173,Brian,SCHATZ,SENATOR,D,HI,N/A,S001194,115
1823,Sheldon,WHITEHOUSE,SENATOR,D,RI,N/A,W000802,115
2173,Brian,SCHATZ,SENATOR,D,HI,N/A,S001194,115
1823,Sheldon,WHITEHOUSE,SENATOR,D,RI,N/A,W000802,115
2173,Brian,SCHATZ,SENATOR,D,HI,N/A,S001194,115
1823,Sheldon,WHITEHOUSE,SENATOR,D,RI,N/A,W000802,115
1823,Sheldon,WHITEHOUSE,SENATOR,D,RI,N/A,W000802,115
2173,Brian,SCHATZ,SENATOR,D,HI,N/A,S001194,115
2173,Brian,SCHATZ,SENATOR,D,HI,N/A,S001194,115
1900,Jeff,MERKLEY,SENATOR,D,OR,N/A,M001176,115
1900,Jeff,MERKLEY,SENATOR,D,OR,N/A,M001176,115
2173,Brian,SCHATZ,SENATOR,D,HI,N/A,S001194,115
2173,Brian,SCHATZ,SENATOR,D,HI,N/A,S001194,115
2173,Brian,SCHATZ,SENATOR,D,HI,N/A,S001194,115
1823,Sheldon,WHITEHOUSE,SENATOR,D,RI,N/A,W000802,115
1823,Sheldon,WHITEHOUSE,SENATOR,D,RI,N/A,W000802,115
2173,Brian,SCHATZ,SENATOR,D,HI,N/A,S001194,115
1900,Jeff,MERKLEY,SENATOR,D,OR,N/A,M001176,115
2173,Brian,SCHATZ,SENATOR,D,HI,N/A,S001194,115
1900,Jeff,MERKLEY,SENATOR,D,OR,N/A,M001176,115
1900,Jeff,MERKLEY,SENATOR,D,OR,N/A,M001176,115
1823,Sheldon,WHITEHOUSE,SENATOR,D,RI,N/A,W000802,115
1900,Jeff,MERKLEY,SENATOR,D,OR,N/A,M001176,115
2173,Brian,SCHATZ,SENATOR,D,HI,N/A,S001194,115
2173,Brian,SCHATZ,SENATOR,D,HI,N/A,S001194,115
1900,Jeff,MERKLEY,SENATOR,D,OR,N/A,M001176,115
2173,Brian,SCHATZ,SENATOR,D,HI,N/A,S001194,115
2173,Brian,SCHATZ,SENATOR,D,HI,N/A,S001194,115
1900,Jeff,MERKLEY,SENATOR,D,OR,N/A,M001176,115
1823,Sheldon,WHITEHOUSE,SENATOR,D,RI,N/A,W000802,115
1823,Sheldon,WHITEHOUSE,SENATOR,D,RI,N/A,W000802,115
1900,Jeff,MERKLEY,SENATOR,D,OR,N/A,M001176,115
1823,Sheldon,WHITEHOUSE,SENATOR,D,RI,N/A,W000802,115
1823,Sheldon,WHITEHOUSE,SENATOR,D,RI,N/A,W000802,115
1900,Jeff,MERKLEY,SENATOR,D,OR,N/A,M001176,115
2194,Cory,BOOKER,SENATOR,D,NJ,N/A,B001288,115
735,Edward,MARKEY,SENATOR,D,MA,N/A,M000133,115
735,Edward,MARKEY,SENATOR,D,MA,N/A,M000133,115
735,Edward,MARKEY,SENATOR,D,MA,N/A,M000133,115
735,Edward,MARKEY,SENATOR,D,MA,N/A,M000133,115
735,Edward,MARKEY,SENATOR,D,MA,N/A,M000133,115
1409,Patty,MURRAY,SENATOR,D,WA,N/A,M001111,115
1692,John,CORNYN,SENATOR,R,TX,N/A,C001056,115
1692,John,CORNYN,SENATOR,R,TX,N/A,C001056,115
1049,Richard,SHELBY,SENATOR,R,AL,N/A,S000320,115
174,Benjamin,CARDIN,SENATOR,D,MD,N/A,C000141,115
174,Benjamin,CARDIN,SENATOR,D,MD,N/A,C000141,115
1692,John,CORNYN,SENATOR,R,TX,N/A,C001056,115
326,Richard,DURBIN,SENATOR,D,IL,N/A,D000563,115
2173,Brian,SCHATZ,SENATOR,D,HI,N/A,S001194,115
2173,Brian,SCHATZ,SENATOR,D,HI,N/A,S001194,115
2123,Tammy,DUCKWORTH,REPRESENTATIVE,D,IL,8,D000622,115
2123,Tammy,DUCKWORTH,REPRESENTATIVE,D,IL,8,D000622,115
2123,Tammy,DUCKWORTH,REPRESENTATIVE,D,IL,8,D000622,115
2123,Tammy,DUCKWORTH,REPRESENTATIVE,D,IL,8,D000622,115
172,Maria,CANTWELL,SENATOR,D,WA,N/A,C000127,115
172,Maria,CANTWELL,SENATOR,D,WA,N/A,C000127,115
1823,Sheldon,WHITEHOUSE,SENATOR,D,RI,N/A,W000802,115
1823,Sheldon,WHITEHOUSE,SENATOR,D,RI,N/A,W000802,115
1823,Sheldon,WHITEHOUSE,SENATOR,D,RI,N/A,W000802,115
179,Thomas,CARPER,SENATOR,D,DE,N/A,C000174,115
179,Thomas,CARPER,SENATOR,D,DE,N/A,C000174,115
179,Thomas,CARPER,SENATOR,D,DE,N/A,C000174,115
1850,Joe,DONNELLY,SENATOR,D,IN,N/A,D000607,115
179,Thomas,CARPER,SENATOR,D,DE,N/A,C000174,115
1850,Joe,DONNELLY,SENATOR,D,IN,N/A,D000607,115
179,Thomas,CARPER,SENATOR,D,DE,N/A,C000174,115
179,Thomas,CARPER,SENATOR,D,DE,N/A,C000174,115
179,Thomas,CARPER,SENATOR,D,DE,N/A,C000174,115
1837,Christopher,MURPHY,SENATOR,D,CT,N/A,M001169,115
1837,Christopher,MURPHY,SENATOR,D,CT,N/A,M001169,115
2301,Kamala,HARRIS,REPRESENTATIVE,D,CA,1,H001075,115
2301,Kamala,HARRIS,REPRESENTATIVE,D,CA,1,H001075,115
179,Thomas,CARPER,SENATOR,D,DE,N/A,C000174,115
1998,Cory,GARDNER,N/A,R,CO,N/A,G000562,115
326,Richard,DURBIN,SENATOR,D,IL,N/A,D000563,115
326,Richard,DURBIN,SENATOR,D,IL,N/A,D000563,115
1998,Cory,GARDNER,N/A,R,CO,N/A,G000562,115
326,Richard,DURBIN,SENATOR,D,IL,N/A,D000563,115
1998,Cory,GARDNER,N/A,R,CO,N/A,G000562,115
326,Richard,DURBIN,SENATOR,D,IL,N/A,D000563,115
1998,Cory,GARDNER,N/A,R,CO,N/A,G000562,115
326,Richard,DURBIN,SENATOR,D,IL,N/A,D000563,115
326,Richard,DURBIN,SENATOR,D,IL,N/A,D000563,115
2173,Brian,KING,REPRESENTATIVE,D,HI,4,S001194,115
1900,Jeff,MERKLEY,SENATOR,D,OR,N/A,M001176,115
1900,Jeff,MERKLEY,SENATOR,D,OR,N/A,M001176,115
1900,Jeff,MERKLEY,SENATOR,D,OR,N/A,M001176,115
1900,Jeff,MERKLEY,SENATOR,D,OR,N/A,M001176,115
136,Sherrod,BROWN,REPRESENTATIVE,D,OH,26,B000944,115
1383,Patrick,LEAHY,SENATOR,D,VT,N/A,L000174,115
1332,Dianne,FEINSTEIN,SENATOR,D,CA,N/A,F000062,115
2098,Tom,COTTON,SENATOR,R,AR,N/A,C001095,115
1247,Ron,WYDEN,SENATOR,D,OR,N/A,W000779,115
791,Robert,MENENDEZ,SENATOR,D,NJ,N/A,M000639,115
136,Sherrod,BROWN,REPRESENTATIVE,D,OH,26,B000944,115
1507,Jerry,MORAN,SENATOR,R,KS,N/A,M000934,115
1507,Jerry,MORAN,SENATOR,R,KS,N/A,M000934,115
1507,Jerry,MORAN,SENATOR,R,KS,N/A,M000934,115
179,Thomas,CARPER,SENATOR,D,DE,N/A,C000174,115
2290,Dan,SULLIVAN,SENATOR,R,AK,N/A,S001198,115
1844,Mazie,HIRONO,SENATOR,D,HI,N/A,H001042,115
1567,Tom,UDALL,SENATOR,D,NM,N/A,U000039,115
1567,Tom,UDALL,SENATOR,D,NM,N/A,U000039,115
1351,Orrin,HATCH,SENATOR,R,UT,N/A,H000338,115
1351,Orrin,HATCH,SENATOR,R,UT,N/A,H000338,115
326,Richard,DURBIN,SENATOR,D,IL,N/A,D000563,115
1900,Jeff,MERKLEY,SENATOR,D,OR,N/A,M001176,115
583,James,INHOFE,SENATOR,R,OK,N/A,I000024,115
1036,Charles,SCHUMER,SENATOR,D,NY,N/A,S000148,115
583,James,INHOFE,SENATOR,R,OK,N/A,I000024,115
1036,Charles,SCHUMER,SENATOR,D,NY,N/A,S000148,115
1900,Jeff,MERKLEY,SENATOR,D,OR,N/A,M001176,115
1036,Charles,SCHUMER,SENATOR,D,NY,N/A,S000148,115
1036,Charles,SCHUMER,SENATOR,D,NY,N/A,S000148,115
583,James,INHOFE,SENATOR,R,OK,N/A,I000024,115
1036,Charles,SCHUMER,SENATOR,D,NY,N/A,S000148,115
1036,Charles,SCHUMER,SENATOR,D,NY,N/A,S000148,115
1036,Charles,SCHUMER,SENATOR,D,NY,N/A,S000148,115
1036,Charles,SCHUMER,SENATOR,D,NY,N/A,S000148,115
583,James,INHOFE,SENATOR,R,OK,N/A,I000024,115
583,James,INHOFE,SENATOR,R,OK,N/A,I000024,115
1900,Jeff,MERKLEY,SENATOR,D,OR,N/A,M001176,115
1900,Jeff,MERKLEY,SENATOR,D,OR,N/A,M001176,115
1937,Martin,HEINRICH,SENATOR,D,NM,N/A,H001046,115
2138,Steve,DAINES,SENATOR,R,MT,N/A,D000618,115
1998,Cory,GARDNER,N/A,R,CO,N/A,G000562,115
1998,Cory,GARDNER,N/A,R,CO,N/A,G000562,115
2138,Steve,DAINES,SENATOR,R,MT,N/A,D000618,115
1998,Cory,GARDNER,N/A,R,CO,N/A,G000562,115
2138,Steve,DAINES,SENATOR,R,MT,N/A,D000618,115
1829,Jon,TESTER,SENATOR,D,MT,N/A,T000464,115
1829,Jon,TESTER,SENATOR,D,MT,N/A,T000464,115
1900,Jeff,MERKLEY,SENATOR,D,OR,N/A,M001176,115
1929,Gary,PETERS,REPRESENTATIVE,D,MI,52,P000595,115
179,Thomas,CARPER,SENATOR,D,DE,N/A,C000174,115
179,Thomas,CARPER,SENATOR,D,DE,N/A,C000174,115
1881,John,BARRASSO,SENATOR,R,WY,N/A,B001261,115
1969,Al,FRANKEN,SENATOR,D,MN,N/A,F000457,115
1881,John,BARRASSO,SENATOR,R,WY,N/A,B001261,115
1969,Al,FRANKEN,SENATOR,D,MN,N/A,F000457,115
1881,John,BARRASSO,SENATOR,R,WY,N/A,B001261,115
1969,Al,FRANKEN,SENATOR,D,MN,N/A,F000457,115
1969,Al,FRANKEN,SENATOR,D,MN,N/A,F000457,115
1881,John,BARRASSO,SENATOR,R,WY,N/A,B001261,115
1969,Al,FRANKEN,SENATOR,D,MN,N/A,F000457,115
1969,Al,FRANKEN,SENATOR,D,MN,N/A,F000457,115
1881,John,BARRASSO,SENATOR,R,WY,N/A,B001261,115
1969,Al,FRANKEN,SENATOR,D,MN,N/A,F000457,115
1969,Al,FRANKEN,SENATOR,D,MN,N/A,F000457,115
1969,Al,FRANKEN,SENATOR,D,MN,N/A,F000457,115
1969,Al,FRANKEN,SENATOR,D,MN,N/A,F000457,115
1881,John,BARRASSO,SENATOR,R,WY,N/A,B001261,115
1692,John,CORNYN,SENATOR,R,TX,N/A,C001056,115
326,Richard,DURBIN,SENATOR,D,IL,N/A,D000563,115
179,Thomas,CARPER,SENATOR,D,DE,N/A,C000174,115
1881,John,BARRASSO,SENATOR,R,WY,N/A,B001261,115
1692,John,CORNYN,SENATOR,R,TX,N/A,C001056,115
326,Richard,DURBIN,SENATOR,D,IL,N/A,D000563,115
1676,Shelley,CAPITO,N/A,R,WV,N/A,C001047,115
326,Richard,DURBIN,SENATOR,D,IL,N/A,D000563,115
1692,John,CORNYN,SENATOR,R,TX,N/A,C001056,115
924,Rob,PORTMAN,SENATOR,R,OH,N/A,P000449,115
1984,Christopher,COONS,SENATOR,D,DE,N/A,C001088,115
2182,Elizabeth,WARREN,SENATOR,D,MA,N/A,W000817,115
1900,Jeff,MERKLEY,SENATOR,D,OR,N/A,M001176,115
2194,Cory,BOOKER,SENATOR,D,NJ,N/A,B001288,115
735,Edward,MARKEY,SENATOR,D,MA,N/A,M000133,115
1881,John,BARRASSO,SENATOR,R,WY,N/A,B001261,115
1881,John,BARRASSO,SENATOR,R,WY,N/A,B001261,115
179,Thomas,CARPER,SENATOR,D,DE,N/A,C000174,115
1676,Shelley,CAPITO,N/A,R,WV,N/A,C001047,115
1531,Debbie,STABENOW,SENATOR,D,MI,N/A,S000770,115
2176,Tim,KAINE,SENATOR,D,VA,N/A,K000384,115
326,Richard,DURBIN,SENATOR,D,IL,N/A,D000563,115
326,Richard,DURBIN,SENATOR,D,IL,N/A,D000563,115
2288,Mike,ROUNDS,N/A,R,SD,N/A,R000605,115
2288,Mike,ROUNDS,N/A,R,SD,N/A,R000605,115
2098,Tom,COTTON,SENATOR,R,AR,N/A,C001095,115
2098,Tom,COTTON,SENATOR,R,AR,N/A,C001095,115
172,Maria,CANTWELL,SENATOR,D,WA,N/A,C000127,115
172,Maria,CANTWELL,SENATOR,D,WA,N/A,C000127,115
859,Bill,NELSON,SENATOR,D,FL,N/A,N000032,115
859,Bill,NELSON,SENATOR,D,FL,N/A,N000032,115
2174,Heidi,HEITKAMP,SENATOR,D,ND,N/A,H001069,115
1226,Roger,WICKER,SENATOR,R,MS,N/A,W000437,115
1226,Roger,WICKER,SENATOR,R,MS,N/A,W000437,115
2174,Heidi,HEITKAMP,SENATOR,D,ND,N/A,H001069,115
2174,Heidi,HEITKAMP,SENATOR,D,ND,N/A,H001069,115
1226,Roger,WICKER,SENATOR,R,MS,N/A,W000437,115
179,Thomas,CARPER,SENATOR,D,DE,N/A,C000174,115
179,Thomas,CARPER,SENATOR,D,DE,N/A,C000174,115
1901,Jeanne,SHAHEEN,SENATOR,D,NH,N/A,S001181,115
2302,Margaret,HASSAN,N/A,D,NH,N/A,H001076,115
735,Edward,MARKEY,SENATOR,D,MA,N/A,M000133,115
924,Rob,PORTMAN,SENATOR,R,OH,N/A,P000449,115
949,Jack,REED,REPRESENTATIVE,D,RI,23,R000122,115
949,Jack,REED,REPRESENTATIVE,D,RI,23,R000122,115
1409,Patty,MURRAY,SENATOR,D,WA,N/A,M001111,115
1409,Patty,MURRAY,SENATOR,D,WA,N/A,M001111,115
1409,Patty,MURRAY,SENATOR,D,WA,N/A,M001111,115
949,Jack,REED,REPRESENTATIVE,D,RI,23,R000122,115
949,Jack,REED,REPRESENTATIVE,D,RI,23,R000122,115
1828,Robert,CASEY,SENATOR,D,PA,N/A,C001070,115
1828,Robert,CASEY,SENATOR,D,PA,N/A,C001070,115
1692,John,CORNYN,SENATOR,R,TX,N/A,C001056,115
1998,Cory,GARDNER,N/A,R,CO,N/A,G000562,115
174,Benjamin,CARDIN,SENATOR,D,MD,N/A,C000141,115
2301,Kamala,HARRIS,REPRESENTATIVE,D,CA,1,H001075,115
2301,Kamala,HARRIS,REPRESENTATIVE,D,CA,1,H001075,115
583,James,INHOFE,SENATOR,R,OK,N/A,I000024,115
174,Benjamin,CARDIN,SENATOR,D,MD,N/A,C000141,115
1969,Al,FRANKEN,SENATOR,D,MN,N/A,F000457,115
2080,Mike,LEE,REPRESENTATIVE,R,UT,13,L000577,115
2080,Mike,LEE,REPRESENTATIVE,R,UT,13,L000577,115
2076,Richard,BLUMENTHAL,SENATOR,D,CT,N/A,B001277,115
2076,Richard,BLUMENTHAL,SENATOR,D,CT,N/A,B001277,115
1826,Amy,KLOBUCHAR,SENATOR,D,MN,N/A,K000367,115
1984,Christopher,COONS,SENATOR,D,DE,N/A,C001088,115
2050,James,LANKFORD,SENATOR,R,OK,N/A,L000575,115
1965,Michael,BENNET,SENATOR,D,CO,N/A,B001267,115
2182,Elizabeth,WARREN,SENATOR,D,MA,N/A,W000817,115
