speaker_id,first_name,last_name,type,party,state,district,bio_guide_id,congress_id
2076,Richard,BLUMENTHAL,SENATOR,D,CT,N/A,B001277,115
850,Jerrold,NADLER,REPRESENTATIVE,D,NY,10,N000002,115
850,Jerrold,NADLER,REPRESENTATIVE,D,NY,10,N000002,115
850,Jerrold,NADLER,REPRESENTATIVE,D,NY,10,N000002,115
850,Jerrold,NADLER,REPRESENTATIVE,D,NY,10,N000002,115
1892,Steve,SCALISE,REPRESENTATIVE,R,LA,1,S001176,115
905,Nancy,PELOSI,REPRESENTATIVE,D,CA,12,P000197,115
2124,Bradley,SCHNEIDER,N/A,D,IL,N/A,S001190,115
2018,Larry,BUCSHON,REPRESENTATIVE,R,IN,8,B001275,115
2345,Brian,FITZPATRICK,REPRESENTATIVE,R,PA,8,F000466,115
1801,Louie,GOHMERT,REPRESENTATIVE,R,TX,1,G000552,115
1664,Patrick,TIBERI,REPRESENTATIVE,R,OH,12,T000462,115
2054,Lou,BARLETTA,REPRESENTATIVE,R,PA,11,B001269,115
2134,Daniel,KILDEE,REPRESENTATIVE,D,MI,5,K000380,115
2297,James,COMER,N/A,R,KY,N/A,C001108,115
859,Bill,NELSON,SENATOR,D,FL,N/A,N000032,115
1507,Jerry,MORAN,SENATOR,R,KS,N/A,M000934,115
2290,Dan,SULLIVAN,SENATOR,R,AK,N/A,S001198,115
1900,Jeff,MERKLEY,SENATOR,D,OR,N/A,M001176,115
174,Benjamin,CARDIN,SENATOR,D,MD,N/A,C000141,115
2322,Brian,MAST,N/A,R,FL,N/A,M001199,115
1247,Ron,WYDEN,SENATOR,D,OR,N/A,W000779,115
1036,Charles,SCHUMER,SENATOR,D,NY,N/A,S000148,115
1036,Charles,SCHUMER,SENATOR,D,NY,N/A,S000148,115
2174,Heidi,HEITKAMP,SENATOR,D,ND,N/A,H001069,115
1692,John,CORNYN,SENATOR,R,TX,N/A,C001056,115
326,Richard,DURBIN,SENATOR,D,IL,N/A,D000563,115
1558,Tammy,BALDWIN,SENATOR,D,WI,N/A,B001230,115
1695,Lamar,ALEXANDER,SENATOR,R,TN,N/A,A000360,115
1695,Lamar,ALEXANDER,SENATOR,R,TN,N/A,A000360,115
1558,Tammy,BALDWIN,SENATOR,D,WI,N/A,B001230,115
1695,Lamar,ALEXANDER,SENATOR,R,TN,N/A,A000360,115
1226,Roger,WICKER,SENATOR,R,MS,N/A,W000437,115
1226,Roger,WICKER,SENATOR,R,MS,N/A,W000437,115
735,Edward,MARKEY,SENATOR,D,MA,N/A,M000133,115
735,Edward,MARKEY,SENATOR,D,MA,N/A,M000133,115
1983,Joe,MANCHIN,SENATOR,D,WV,N/A,M001183,115
2079,John,HOEVEN,SENATOR,R,ND,N/A,H001061,115
2079,John,HOEVEN,SENATOR,R,ND,N/A,H001061,115
1692,John,CORNYN,SENATOR,R,TX,N/A,C001056,115
326,Richard,DURBIN,SENATOR,D,IL,N/A,D000563,115
2239,Rick,ALLEN,REPRESENTATIVE,R,GA,12,A000372,115
2239,Rick,ALLEN,REPRESENTATIVE,R,GA,12,A000372,115
2239,Rick,ALLEN,REPRESENTATIVE,R,GA,12,A000372,115
2239,Rick,ALLEN,REPRESENTATIVE,R,GA,12,A000372,115
566,Steny,HOYER,REPRESENTATIVE,D,MD,5,H000874,115
566,Steny,HOYER,REPRESENTATIVE,D,MD,5,H000874,115
566,Steny,HOYER,REPRESENTATIVE,D,MD,5,H000874,115
566,Steny,HOYER,REPRESENTATIVE,D,MD,5,H000874,115
566,Steny,HOYER,REPRESENTATIVE,D,MD,5,H000874,115
566,Steny,HOYER,REPRESENTATIVE,D,MD,5,H000874,115
566,Steny,HOYER,REPRESENTATIVE,D,MD,5,H000874,115
566,Steny,HOYER,REPRESENTATIVE,D,MD,5,H000874,115
566,Steny,HOYER,REPRESENTATIVE,D,MD,5,H000874,115
566,Steny,HOYER,REPRESENTATIVE,D,MD,5,H000874,115
99999999999999,First Name unavailable,MCCARTHY,Type Unavailable,Party Info Unavailable,state info unavailable,District Unavailable,BioGuideID unavailable,CongressID unavailable
566,Steny,HOYER,REPRESENTATIVE,D,MD,5,H000874,115
99999999999999,First Name unavailable,MCCARTHY,Type Unavailable,Party Info Unavailable,state info unavailable,District Unavailable,BioGuideID unavailable,CongressID unavailable
566,Steny,HOYER,REPRESENTATIVE,D,MD,5,H000874,115
2109,Raul,RUIZ,REPRESENTATIVE,D,CA,36,R000599,115
1959,Gerald,CONNOLLY,REPRESENTATIVE,D,VA,11,C001078,115
2308,Ro,KHANNA,N/A,D,CA,N/A,K000389,115
2308,Ro,KHANNA,N/A,D,CA,N/A,K000389,115
2223,J.,HILL,REPRESENTATIVE,R,AR,2,H001072,115
583,James,INHOFE,SENATOR,R,OK,N/A,I000024,115
583,James,INHOFE,SENATOR,R,OK,N/A,I000024,115
1741,Michael,TURNER,REPRESENTATIVE,R,OH,10,T000463,115
2309,Jimmy,PANETTA,N/A,D,CA,N/A,P000613,115
2158,Keith,ROTHFUS,REPRESENTATIVE,R,PA,12,R000598,115
2122,Tulsi,GABBARD,REPRESENTATIVE,D,HI,2,G000571,115
2275,Dan,NEWHOUSE,REPRESENTATIVE,R,WA,4,N000189,115
2362,Jimmy,GOMEZ,N/A,D,CA,N/A,G000585,115
2138,Steve,DAINES,SENATOR,R,MT,N/A,D000618,115
583,James,INHOFE,SENATOR,R,OK,N/A,I000024,115
583,James,INHOFE,SENATOR,R,OK,N/A,I000024,115
1695,Lamar,ALEXANDER,SENATOR,R,TN,N/A,A000360,115
174,Benjamin,CARDIN,SENATOR,D,MD,N/A,C000141,115
2138,Steve,DAINES,SENATOR,R,MT,N/A,D000618,115
2097,Donald,PAYNE,REPRESENTATIVE,D,NJ,10,P000604,115
791,Robert,MENENDEZ,SENATOR,D,NJ,N/A,M000639,115
2060,Kristi,NOEM,REPRESENTATIVE,R,SD,0,N000184,115
2060,Kristi,NOEM,REPRESENTATIVE,R,SD,0,N000184,115
2060,Kristi,NOEM,REPRESENTATIVE,R,SD,0,N000184,115
2060,Kristi,NOEM,REPRESENTATIVE,R,SD,0,N000184,115
2060,Kristi,NOEM,REPRESENTATIVE,R,SD,0,N000184,115
303,Lloyd,DOGGETT,REPRESENTATIVE,D,TX,35,D000399,115
303,Lloyd,DOGGETT,REPRESENTATIVE,D,TX,35,D000399,115
2060,Kristi,NOEM,REPRESENTATIVE,R,SD,0,N000184,115
2060,Kristi,NOEM,REPRESENTATIVE,R,SD,0,N000184,115
2060,Kristi,NOEM,REPRESENTATIVE,R,SD,0,N000184,115
850,Jerrold,NADLER,REPRESENTATIVE,D,NY,10,N000002,115
2060,Kristi,NOEM,REPRESENTATIVE,R,SD,0,N000184,115
1501,Barbara,LEE,REPRESENTATIVE,D,CA,13,L000551,115
1501,Barbara,LEE,REPRESENTATIVE,D,CA,13,L000551,115
2060,Kristi,NOEM,REPRESENTATIVE,R,SD,0,N000184,115
2060,Kristi,NOEM,REPRESENTATIVE,R,SD,0,N000184,115
2060,Kristi,NOEM,REPRESENTATIVE,R,SD,0,N000184,115
2060,Kristi,NOEM,REPRESENTATIVE,R,SD,0,N000184,115
1850,Joe,DONNELLY,SENATOR,D,IN,N/A,D000607,115
2226,Ruben,GALLEGO,REPRESENTATIVE,D,AZ,7,G000574,115
2226,Ruben,GALLEGO,REPRESENTATIVE,D,AZ,7,G000574,115
2332,Jamie,RASKIN,N/A,D,MD,N/A,R000606,115
2226,Ruben,GALLEGO,REPRESENTATIVE,D,AZ,7,G000574,115
2226,Ruben,GALLEGO,REPRESENTATIVE,D,AZ,7,G000574,115
2226,Ruben,GALLEGO,REPRESENTATIVE,D,AZ,7,G000574,115
2226,Ruben,GALLEGO,REPRESENTATIVE,D,AZ,7,G000574,115
2226,Ruben,GALLEGO,REPRESENTATIVE,D,AZ,7,G000574,115
2226,Ruben,GALLEGO,REPRESENTATIVE,D,AZ,7,G000574,115
2226,Ruben,GALLEGO,REPRESENTATIVE,D,AZ,7,G000574,115
1226,Roger,WICKER,SENATOR,R,MS,N/A,W000437,115
735,Edward,MARKEY,SENATOR,D,MA,N/A,M000133,115
457,Chuck,GRASSLEY,SENATOR,R,IA,N/A,G000386,115
2076,Richard,BLUMENTHAL,SENATOR,D,CT,N/A,B001277,115
1534,John,THUNE,SENATOR,R,SD,N/A,T000250,115
1534,John,THUNE,SENATOR,R,SD,N/A,T000250,115
1692,John,CORNYN,SENATOR,R,TX,N/A,C001056,115
326,Richard,DURBIN,SENATOR,D,IL,N/A,D000563,115
2289,Ben,SASSE,SENATOR,R,NE,N/A,S001197,115
924,Rob,PORTMAN,SENATOR,R,OH,N/A,P000449,115
174,Benjamin,CARDIN,SENATOR,D,MD,N/A,C000141,115
1900,Jeff,MERKLEY,SENATOR,D,OR,N/A,M001176,115
1900,Jeff,MERKLEY,SENATOR,D,OR,N/A,M001176,115
1692,John,CORNYN,SENATOR,R,TX,N/A,C001056,115
1692,John,CORNYN,SENATOR,R,TX,N/A,C001056,115
2173,Brian,SCHATZ,SENATOR,D,HI,N/A,S001194,115
2302,Margaret,HASSAN,N/A,D,NH,N/A,H001076,115
1247,Ron,WYDEN,SENATOR,D,OR,N/A,W000779,115
1247,Ron,WYDEN,SENATOR,D,OR,N/A,W000779,115
2026,Andy,HARRIS,REPRESENTATIVE,R,MD,1,H001052,115
1994,David,SCHWEIKERT,REPRESENTATIVE,R,AZ,6,S001183,115
924,Rob,PORTMAN,SENATOR,R,OH,N/A,P000449,115
1844,Mazie,HIRONO,SENATOR,D,HI,N/A,H001042,115
2127,Cheri,BUSTOS,REPRESENTATIVE,D,IL,17,B001286,115
1602,Grace,NAPOLITANO,REPRESENTATIVE,D,CA,32,N000179,115
