speaker_id,first_name,last_name,type,party,state,district,bio_guide_id,congress_id
2115,Ted,YOHO,REPRESENTATIVE,R,FL,3,Y000065,115
2134,Daniel,KILDEE,REPRESENTATIVE,D,MI,5,K000380,115
2311,Nanette,BARRAGAN,N/A,D,CA,N/A,B001300,115
2312,J.,CORREA,N/A,D,CA,N/A,C001110,115
179,Thomas,CARPER,SENATOR,D,DE,N/A,C000174,115
1510,Bill,PASCRELL,REPRESENTATIVE,D,NJ,9,P000096,115
1510,Bill,PASCRELL,REPRESENTATIVE,D,NJ,9,P000096,115
1510,Bill,PASCRELL,REPRESENTATIVE,D,NJ,9,P000096,115
1510,Bill,PASCRELL,REPRESENTATIVE,D,NJ,9,P000096,115
1510,Bill,PASCRELL,REPRESENTATIVE,D,NJ,9,P000096,115
1510,Bill,PASCRELL,REPRESENTATIVE,D,NJ,9,P000096,115
2231,Norma,TORRES,REPRESENTATIVE,D,CA,35,T000474,115
2231,Norma,TORRES,REPRESENTATIVE,D,CA,35,T000474,115
1748,Marsha,BLACKBURN,REPRESENTATIVE,R,TN,7,B001243,115
2231,Norma,TORRES,REPRESENTATIVE,D,CA,35,T000474,115
949,Jack,REED,REPRESENTATIVE,D,RI,23,R000122,115
2169,Derek,KILMER,REPRESENTATIVE,D,WA,6,K000381,115
1692,John,CORNYN,SENATOR,R,TX,N/A,C001056,115
1956,Jason,CHAFFETZ,REPRESENTATIVE,R,UT,3,C001076,115
1956,Jason,CHAFFETZ,REPRESENTATIVE,R,UT,3,C001076,115
256,Elijah,CUMMINGS,REPRESENTATIVE,D,MD,7,C000984,115
1956,Jason,CHAFFETZ,REPRESENTATIVE,R,UT,3,C001076,115
2003,Dennis,ROSS,REPRESENTATIVE,R,FL,15,R000593,115
256,Elijah,CUMMINGS,REPRESENTATIVE,D,MD,7,C000984,115
2003,Dennis,ROSS,REPRESENTATIVE,R,FL,15,R000593,115
256,Elijah,CUMMINGS,REPRESENTATIVE,D,MD,7,C000984,115
1890,Jackie,SPEIER,REPRESENTATIVE,D,CA,14,S001175,115
2003,Dennis,ROSS,REPRESENTATIVE,R,FL,15,R000593,115
2067,Blake,FARENTHOLD,REPRESENTATIVE,R,TX,27,F000460,115
256,Elijah,CUMMINGS,REPRESENTATIVE,D,MD,7,C000984,115
2003,Dennis,ROSS,REPRESENTATIVE,R,FL,15,R000593,115
256,Elijah,CUMMINGS,REPRESENTATIVE,D,MD,7,C000984,115
256,Elijah,CUMMINGS,REPRESENTATIVE,D,MD,7,C000984,115
2272,Donald,BEYER,REPRESENTATIVE,D,VA,8,B001292,115
2003,Dennis,ROSS,REPRESENTATIVE,R,FL,15,R000593,115
2003,Dennis,ROSS,REPRESENTATIVE,R,FL,15,R000593,115
256,Elijah,CUMMINGS,REPRESENTATIVE,D,MD,7,C000984,115
2003,Dennis,ROSS,REPRESENTATIVE,R,FL,15,R000593,115
2003,Dennis,ROSS,REPRESENTATIVE,R,FL,15,R000593,115
2003,Dennis,ROSS,REPRESENTATIVE,R,FL,15,R000593,115
256,Elijah,CUMMINGS,REPRESENTATIVE,D,MD,7,C000984,115
256,Elijah,CUMMINGS,REPRESENTATIVE,D,MD,7,C000984,115
2350,Jodey,ARRINGTON,N/A,R,TX,N/A,A000375,115
2350,Jodey,ARRINGTON,N/A,R,TX,N/A,A000375,115
2274,Stacey,PLASKETT,DELEGATE,D,VI,N/A,P000610,115
2274,Stacey,PLASKETT,DELEGATE,D,VI,N/A,P000610,115
1836,Joe,COURTNEY,REPRESENTATIVE,D,CT,2,C001069,115
2274,Stacey,PLASKETT,DELEGATE,D,VI,N/A,P000610,115
2003,Dennis,ROSS,REPRESENTATIVE,R,FL,15,R000593,115
2003,Dennis,ROSS,REPRESENTATIVE,R,FL,15,R000593,115
2003,Dennis,ROSS,REPRESENTATIVE,R,FL,15,R000593,115
2003,Dennis,ROSS,REPRESENTATIVE,R,FL,15,R000593,115
2003,Dennis,ROSS,REPRESENTATIVE,R,FL,15,R000593,115
2325,Raja,KRISHNAMOORTHI,N/A,D,IL,N/A,K000391,115
2325,Raja,KRISHNAMOORTHI,N/A,D,IL,N/A,K000391,115
2003,Dennis,ROSS,REPRESENTATIVE,R,FL,15,R000593,115
2003,Dennis,ROSS,REPRESENTATIVE,R,FL,15,R000593,115
2325,Raja,KRISHNAMOORTHI,N/A,D,IL,N/A,K000391,115
2003,Dennis,ROSS,REPRESENTATIVE,R,FL,15,R000593,115
2325,Raja,KRISHNAMOORTHI,N/A,D,IL,N/A,K000391,115
2003,Dennis,ROSS,REPRESENTATIVE,R,FL,15,R000593,115
2325,Raja,KRISHNAMOORTHI,N/A,D,IL,N/A,K000391,115
2325,Raja,KRISHNAMOORTHI,N/A,D,IL,N/A,K000391,115
2325,Raja,KRISHNAMOORTHI,N/A,D,IL,N/A,K000391,115
2325,Raja,KRISHNAMOORTHI,N/A,D,IL,N/A,K000391,115
2003,Dennis,ROSS,REPRESENTATIVE,R,FL,15,R000593,115
2003,Dennis,ROSS,REPRESENTATIVE,R,FL,15,R000593,115
2325,Raja,KRISHNAMOORTHI,N/A,D,IL,N/A,K000391,115
2003,Dennis,ROSS,REPRESENTATIVE,R,FL,15,R000593,115
2325,Raja,KRISHNAMOORTHI,N/A,D,IL,N/A,K000391,115
2325,Raja,KRISHNAMOORTHI,N/A,D,IL,N/A,K000391,115
1525,Pete,SESSIONS,SENATOR,R,TX,N/A,S000250,115
213,Thad,COCHRAN,SENATOR,R,MS,N/A,C000567,115
1692,John,CORNYN,SENATOR,R,TX,N/A,C001056,115
859,Bill,NELSON,SENATOR,D,FL,N/A,N000032,115
344,Eliot,ENGEL,REPRESENTATIVE,D,NY,16,E000179,115
1805,K.,CONAWAY,REPRESENTATIVE,R,TX,11,C001062,115
2138,Steve,DAINES,SENATOR,R,MT,N/A,D000618,115
1801,Louie,GOHMERT,REPRESENTATIVE,R,TX,1,G000552,115
511,Alcee,HASTINGS,REPRESENTATIVE,D,FL,20,H000324,115
511,Alcee,HASTINGS,REPRESENTATIVE,D,FL,20,H000324,115
511,Alcee,HASTINGS,REPRESENTATIVE,D,FL,20,H000324,115
355,Anna,ESHOO,REPRESENTATIVE,D,CA,18,E000215,115
511,Alcee,HASTINGS,REPRESENTATIVE,D,FL,20,H000324,115
511,Alcee,HASTINGS,REPRESENTATIVE,D,FL,20,H000324,115
446,Bob,GOODLATTE,REPRESENTATIVE,R,VA,6,G000289,115
446,Bob,GOODLATTE,REPRESENTATIVE,R,VA,6,G000289,115
446,Bob,GOODLATTE,REPRESENTATIVE,R,VA,6,G000289,115
2332,Jamie,RASKIN,N/A,D,MD,N/A,R000606,115
446,Bob,GOODLATTE,REPRESENTATIVE,R,VA,6,G000289,115
2332,Jamie,RASKIN,N/A,D,MD,N/A,R000606,115
1878,Steve,COHEN,REPRESENTATIVE,D,TN,9,C001068,115
446,Bob,GOODLATTE,REPRESENTATIVE,R,VA,6,G000289,115
2332,Jamie,RASKIN,N/A,D,MD,N/A,R000606,115
446,Bob,GOODLATTE,REPRESENTATIVE,R,VA,6,G000289,115
1828,Robert,CASEY,SENATOR,D,PA,N/A,C001070,115
1982,Tom,REED,REPRESENTATIVE,R,NY,23,R000585,115
1383,Patrick,LEAHY,SENATOR,D,VT,N/A,L000174,115
2231,Norma,TORRES,REPRESENTATIVE,D,CA,35,T000474,115
2231,Norma,TORRES,REPRESENTATIVE,D,CA,35,T000474,115
2231,Norma,TORRES,REPRESENTATIVE,D,CA,35,T000474,115
2231,Norma,TORRES,REPRESENTATIVE,D,CA,35,T000474,115
2231,Norma,TORRES,REPRESENTATIVE,D,CA,35,T000474,115
99,Earl,BLUMENAUER,REPRESENTATIVE,D,OR,3,B000574,115
1596,Greg,WALDEN,REPRESENTATIVE,R,OR,2,W000791,115
2231,Norma,TORRES,REPRESENTATIVE,D,CA,35,T000474,115
1828,Robert,CASEY,SENATOR,D,PA,N/A,C001070,115
1828,Robert,CASEY,SENATOR,D,PA,N/A,C001070,115
1692,John,CORNYN,SENATOR,R,TX,N/A,C001056,115
1692,John,CORNYN,SENATOR,R,TX,N/A,C001056,115
1383,Patrick,LEAHY,SENATOR,D,VT,N/A,L000174,115
1383,Patrick,LEAHY,SENATOR,D,VT,N/A,L000174,115
326,Richard,DURBIN,SENATOR,D,IL,N/A,D000563,115
1383,Patrick,LEAHY,SENATOR,D,VT,N/A,L000174,115
326,Richard,DURBIN,SENATOR,D,IL,N/A,D000563,115
1383,Patrick,LEAHY,SENATOR,D,VT,N/A,L000174,115
1829,Jon,TESTER,SENATOR,D,MT,N/A,T000464,115
1829,Jon,TESTER,SENATOR,D,MT,N/A,T000464,115
1837,Christopher,MURPHY,SENATOR,D,CT,N/A,M001169,115
1837,Christopher,MURPHY,SENATOR,D,CT,N/A,M001169,115
1534,John,THUNE,SENATOR,R,SD,N/A,T000250,115
1534,John,THUNE,SENATOR,R,SD,N/A,T000250,115
859,Bill,NELSON,SENATOR,D,FL,N/A,N000032,115
1507,Jerry,MORAN,SENATOR,R,KS,N/A,M000934,115
1507,Jerry,MORAN,SENATOR,R,KS,N/A,M000934,115
326,Richard,DURBIN,SENATOR,D,IL,N/A,D000563,115
1534,John,THUNE,SENATOR,R,SD,N/A,T000250,115
1036,Charles,SCHUMER,SENATOR,D,NY,N/A,S000148,115
1036,Charles,SCHUMER,SENATOR,D,NY,N/A,S000148,115
1534,John,THUNE,SENATOR,R,SD,N/A,T000250,115
1534,John,THUNE,SENATOR,R,SD,N/A,T000250,115
1692,John,CORNYN,SENATOR,R,TX,N/A,C001056,115
1527,John,SHIMKUS,REPRESENTATIVE,R,IL,15,S000364,115
2127,Cheri,BUSTOS,REPRESENTATIVE,D,IL,17,B001286,115
2015,Randy,HULTGREN,REPRESENTATIVE,R,IL,14,H001059,115
566,Steny,HOYER,REPRESENTATIVE,D,MD,5,H000874,115
2311,Nanette,BARRAGAN,N/A,D,CA,N/A,B001300,115
2097,Donald,PAYNE,REPRESENTATIVE,D,NJ,10,P000604,115
2021,Kevin,YODER,REPRESENTATIVE,R,KS,3,Y000063,115
2021,Kevin,YODER,REPRESENTATIVE,R,KS,3,Y000063,115
2321,Charlie,CRIST,N/A,D,FL,N/A,C001111,115
1351,Orrin,HATCH,SENATOR,R,UT,N/A,H000338,115
1351,Orrin,HATCH,SENATOR,R,UT,N/A,H000338,115
1036,Charles,SCHUMER,SENATOR,D,NY,N/A,S000148,115
1036,Charles,SCHUMER,SENATOR,D,NY,N/A,S000148,115
1881,John,BARRASSO,SENATOR,R,WY,N/A,B001261,115
1881,John,BARRASSO,SENATOR,R,WY,N/A,B001261,115
2182,Elizabeth,WARREN,SENATOR,D,MA,N/A,W000817,115
2182,Elizabeth,WARREN,SENATOR,D,MA,N/A,W000817,115
2289,Ben,SASSE,SENATOR,R,NE,N/A,S001197,115
1548,Jeff,SESSIONS,SENATOR,R,AL,N/A,S001141,114
1664,Patrick,TIBERI,REPRESENTATIVE,R,OH,12,T000462,114
1692,John,CORNYN,SENATOR,R,TX,N/A,C001056,115
1351,Orrin,HATCH,SENATOR,R,UT,N/A,H000338,115
1801,Louie,GOHMERT,REPRESENTATIVE,R,TX,1,G000552,115
2274,Stacey,PLASKETT,DELEGATE,D,VI,N/A,P000610,115
2274,Stacey,PLASKETT,DELEGATE,D,VI,N/A,P000610,115
2023,Cedric,RICHMOND,REPRESENTATIVE,D,LA,2,R000588,115
2274,Stacey,PLASKETT,DELEGATE,D,VI,N/A,P000610,115
2166,Marc,VEASEY,REPRESENTATIVE,D,TX,33,V000131,115
2274,Stacey,PLASKETT,DELEGATE,D,VI,N/A,P000610,115
2166,Marc,VEASEY,REPRESENTATIVE,D,TX,33,V000131,115
2274,Stacey,PLASKETT,DELEGATE,D,VI,N/A,P000610,115
2298,Dwight,EVANS,N/A,D,PA,N/A,E000296,115
2274,Stacey,PLASKETT,DELEGATE,D,VI,N/A,P000610,115
2153,Joyce,BEATTY,REPRESENTATIVE,D,OH,3,B001281,115
2274,Stacey,PLASKETT,DELEGATE,D,VI,N/A,P000610,115
208,James,CLYBURN,REPRESENTATIVE,D,SC,6,C000537,115
2274,Stacey,PLASKETT,DELEGATE,D,VI,N/A,P000610,115
511,Alcee,HASTINGS,REPRESENTATIVE,D,FL,20,H000324,115
1010,Bernard,SANDERS,SENATOR,I,VT,N/A,S000033,115
1930,Erik,PAULSEN,REPRESENTATIVE,R,MN,3,P000594,115
2325,Raja,KRISHNAMOORTHI,N/A,D,IL,N/A,K000391,115
