speaker_id,first_name,last_name,type,party,state,district,bio_guide_id,congress_id
2332,Jamie,RASKIN,N/A,D,MD,N/A,R000606,115
2332,Jamie,RASKIN,N/A,D,MD,N/A,R000606,115
2332,Jamie,RASKIN,N/A,D,MD,N/A,R000606,115
850,Jerrold,NADLER,REPRESENTATIVE,D,NY,10,N000002,115
2332,Jamie,RASKIN,N/A,D,MD,N/A,R000606,115
2354,Pramila,JAYAPAL,N/A,D,WA,N/A,J000298,115
2332,Jamie,RASKIN,N/A,D,MD,N/A,R000606,115
566,Steny,HOYER,REPRESENTATIVE,D,MD,5,H000874,115
2256,David,ROUZER,REPRESENTATIVE,R,NC,7,R000603,115
1811,Gwen,MOORE,SENATOR,D,WI,N/A,M001160,115
2072,Sean,DUFFY,N/A,R,WI,N/A,D000614,115
566,Steny,HOYER,REPRESENTATIVE,D,MD,5,H000874,115
566,Steny,HOYER,REPRESENTATIVE,D,MD,5,H000874,115
566,Steny,HOYER,REPRESENTATIVE,D,MD,5,H000874,115
566,Steny,HOYER,REPRESENTATIVE,D,MD,5,H000874,115
566,Steny,HOYER,REPRESENTATIVE,D,MD,5,H000874,115
566,Steny,HOYER,REPRESENTATIVE,D,MD,5,H000874,115
1527,John,SHIMKUS,REPRESENTATIVE,R,IL,15,S000364,115
2124,Bradley,SCHNEIDER,N/A,D,IL,N/A,S001190,115
1912,Mike,COFFMAN,REPRESENTATIVE,R,CO,6,C001077,115
2055,David,CICILLINE,REPRESENTATIVE,D,RI,1,C001084,115
2165,Roger,WILLIAMS,REPRESENTATIVE,R,TX,25,W000816,115
2110,Mark,TAKANO,REPRESENTATIVE,D,CA,41,T000472,115
2275,Dan,NEWHOUSE,REPRESENTATIVE,R,WA,4,N000189,115
1184,Nydia,VELAZQUEZ,REPRESENTATIVE,D,NY,7,V000081,115
2252,Brenda,LAWRENCE,REPRESENTATIVE,D,MI,14,L000581,115
711,Frank,LUCAS,REPRESENTATIVE,R,OK,3,L000491,115
711,Frank,LUCAS,REPRESENTATIVE,R,OK,3,L000491,115
711,Frank,LUCAS,REPRESENTATIVE,R,OK,3,L000491,115
711,Frank,LUCAS,REPRESENTATIVE,R,OK,3,L000491,115
2272,Donald,BEYER,REPRESENTATIVE,D,VA,8,B001292,115
711,Frank,LUCAS,REPRESENTATIVE,R,OK,3,L000491,115
1884,Niki,TSONGAS,REPRESENTATIVE,D,MA,3,T000465,115
711,Frank,LUCAS,REPRESENTATIVE,R,OK,3,L000491,115
711,Frank,LUCAS,REPRESENTATIVE,R,OK,3,L000491,115
1588,Janice,SCHAKOWSKY,REPRESENTATIVE,D,IL,9,S001145,115
711,Frank,LUCAS,REPRESENTATIVE,R,OK,3,L000491,115
1994,David,SCHWEIKERT,REPRESENTATIVE,R,AZ,6,S001183,115
711,Frank,LUCAS,REPRESENTATIVE,R,OK,3,L000491,115
711,Frank,LUCAS,REPRESENTATIVE,R,OK,3,L000491,115
910,Collin,PETERSON,REPRESENTATIVE,D,MN,7,P000258,115
1888,Bill,FOSTER,REPRESENTATIVE,D,IL,11,F000454,115
1888,Bill,FOSTER,REPRESENTATIVE,D,IL,11,F000454,115
1888,Bill,FOSTER,REPRESENTATIVE,D,IL,11,F000454,115
711,Frank,LUCAS,REPRESENTATIVE,R,OK,3,L000491,115
711,Frank,LUCAS,REPRESENTATIVE,R,OK,3,L000491,115
1888,Bill,FOSTER,REPRESENTATIVE,D,IL,11,F000454,115
1525,Pete,SESSIONS,SENATOR,R,TX,N/A,S000250,115
165,Ken,CALVERT,REPRESENTATIVE,R,CA,42,C000059,115
2072,Sean,DUFFY,N/A,R,WI,N/A,D000614,115
1069,Louise,SLAUGHTER,REPRESENTATIVE,D,NY,25,S000480,115
1806,Kenny,MARCHANT,REPRESENTATIVE,R,TX,24,M001158,115
2310,Salud,CARBAJAL,N/A,D,CA,N/A,C001112,115
2067,Blake,FARENTHOLD,REPRESENTATIVE,R,TX,27,F000460,115
2067,Blake,FARENTHOLD,REPRESENTATIVE,R,TX,27,F000460,115
2336,Ted,BUDD,REPRESENTATIVE,R,NC,1,B001305,115
2252,Brenda,LAWRENCE,REPRESENTATIVE,D,MI,14,L000581,115
2270,Brian,BABIN,REPRESENTATIVE,R,TX,36,B001291,115
2270,Brian,BABIN,REPRESENTATIVE,R,TX,36,B001291,115
2270,Brian,BABIN,REPRESENTATIVE,R,TX,36,B001291,115
2272,Donald,BEYER,REPRESENTATIVE,D,VA,8,B001292,115
2114,Elizabeth,ESTY,REPRESENTATIVE,D,CT,5,E000293,115
1992,Paul,GOSAR,REPRESENTATIVE,R,AZ,4,G000565,115
1942,Paul,TONKO,REPRESENTATIVE,D,NY,20,T000469,115
1942,Paul,TONKO,REPRESENTATIVE,D,NY,20,T000469,115
2328,Roger,MARSHALL,N/A,R,KS,N/A,M001198,115
1835,Ed,PERLMUTTER,REPRESENTATIVE,D,CO,7,P000593,115
2307,Andy,BIGGS,N/A,R,AZ,N/A,B001302,115
1994,David,SCHWEIKERT,REPRESENTATIVE,R,AZ,6,S001183,115
1994,David,SCHWEIKERT,REPRESENTATIVE,R,AZ,6,S001183,115
1994,David,SCHWEIKERT,REPRESENTATIVE,R,AZ,6,S001183,115
2061,Charles,FLEISCHMANN,REPRESENTATIVE,R,TN,3,F000459,115
1694,Lisa,MURKOWSKI,SENATOR,R,AK,N/A,M001153,115
2275,Dan,NEWHOUSE,REPRESENTATIVE,R,WA,4,N000189,115
2275,Dan,NEWHOUSE,REPRESENTATIVE,R,WA,4,N000189,115
2275,Dan,NEWHOUSE,REPRESENTATIVE,R,WA,4,N000189,115
2275,Dan,NEWHOUSE,REPRESENTATIVE,R,WA,4,N000189,115
2275,Dan,NEWHOUSE,REPRESENTATIVE,R,WA,4,N000189,115
1959,Gerald,CONNOLLY,REPRESENTATIVE,D,VA,11,C001078,115
2275,Dan,NEWHOUSE,REPRESENTATIVE,R,WA,4,N000189,115
2275,Dan,NEWHOUSE,REPRESENTATIVE,R,WA,4,N000189,115
2275,Dan,NEWHOUSE,REPRESENTATIVE,R,WA,4,N000189,115
2275,Dan,NEWHOUSE,REPRESENTATIVE,R,WA,4,N000189,115
2275,Dan,NEWHOUSE,REPRESENTATIVE,R,WA,4,N000189,115
2275,Dan,NEWHOUSE,REPRESENTATIVE,R,WA,4,N000189,115
1857,Keith,ELLISON,REPRESENTATIVE,D,MN,5,E000288,115
1942,Paul,TONKO,REPRESENTATIVE,D,NY,20,T000469,115
2355,Mike,GALLAGHER,N/A,R,WI,N/A,G000579,115
1741,Michael,TURNER,REPRESENTATIVE,R,OH,10,T000463,115
2332,Jamie,RASKIN,N/A,D,MD,N/A,R000606,115
1036,Charles,SCHUMER,SENATOR,D,NY,N/A,S000148,115
1351,Orrin,HATCH,SENATOR,R,UT,N/A,H000338,115
1692,John,CORNYN,SENATOR,R,TX,N/A,C001056,115
1692,John,CORNYN,SENATOR,R,TX,N/A,C001056,115
1692,John,CORNYN,SENATOR,R,TX,N/A,C001056,115
1983,Joe,MANCHIN,SENATOR,D,WV,N/A,M001183,115
2080,Mike,LEE,REPRESENTATIVE,R,UT,13,L000577,115
1844,Mazie,HIRONO,SENATOR,D,HI,N/A,H001042,115
1844,Mazie,HIRONO,SENATOR,D,HI,N/A,H001042,115
1823,Sheldon,WHITEHOUSE,SENATOR,D,RI,N/A,W000802,115
1823,Sheldon,WHITEHOUSE,SENATOR,D,RI,N/A,W000802,115
2098,Tom,COTTON,SENATOR,R,AR,N/A,C001095,115
1998,Cory,GARDNER,N/A,R,CO,N/A,G000562,115
1900,Jeff,MERKLEY,SENATOR,D,OR,N/A,M001176,115
1900,Jeff,MERKLEY,SENATOR,D,OR,N/A,M001176,115
250,Mike,CRAPO,SENATOR,R,ID,N/A,C000880,115
250,Mike,CRAPO,SENATOR,R,ID,N/A,C000880,115
924,Rob,PORTMAN,SENATOR,R,OH,N/A,P000449,115
1965,Michael,BENNET,SENATOR,D,CO,N/A,B001267,115
1863,Dean,HELLER,SENATOR,R,NV,N/A,H001041,115
1409,Patty,MURRAY,SENATOR,D,WA,N/A,M001111,115
1900,Jeff,MERKLEY,SENATOR,D,OR,N/A,M001176,115
1998,Cory,GARDNER,N/A,R,CO,N/A,G000562,115
2286,David,PERDUE,SENATOR,R,GA,N/A,P000612,115
2050,James,LANKFORD,SENATOR,R,OK,N/A,L000575,115
1464,Roy,BLUNT,SENATOR,R,MO,N/A,B000575,115
1881,John,BARRASSO,SENATOR,R,WY,N/A,B001261,115
1351,Orrin,HATCH,SENATOR,R,UT,N/A,H000338,115
1351,Orrin,HATCH,SENATOR,R,UT,N/A,H000338,115
174,Benjamin,CARDIN,SENATOR,D,MD,N/A,C000141,115
174,Benjamin,CARDIN,SENATOR,D,MD,N/A,C000141,115
326,Richard,DURBIN,SENATOR,D,IL,N/A,D000563,115
326,Richard,DURBIN,SENATOR,D,IL,N/A,D000563,115
1247,Ron,WYDEN,SENATOR,D,OR,N/A,W000779,115
1594,Patrick,TOOMEY,SENATOR,R,PA,N/A,T000461,115
1594,Patrick,TOOMEY,SENATOR,R,PA,N/A,T000461,115
1837,Christopher,MURPHY,SENATOR,D,CT,N/A,M001169,115
1837,Christopher,MURPHY,SENATOR,D,CT,N/A,M001169,115
1695,Lamar,ALEXANDER,SENATOR,R,TN,N/A,A000360,115
1929,Gary,PETERS,REPRESENTATIVE,D,MI,52,P000595,115
2182,Elizabeth,WARREN,SENATOR,D,MA,N/A,W000817,115
2182,Elizabeth,WARREN,SENATOR,D,MA,N/A,W000817,115
1828,Robert,CASEY,SENATOR,D,PA,N/A,C001070,115
1828,Robert,CASEY,SENATOR,D,PA,N/A,C001070,115
1828,Robert,CASEY,SENATOR,D,PA,N/A,C001070,115
2076,Richard,BLUMENTHAL,SENATOR,D,CT,N/A,B001277,115
2076,Richard,BLUMENTHAL,SENATOR,D,CT,N/A,B001277,115
2224,Bruce,WESTERMAN,REPRESENTATIVE,R,AR,4,W000821,115
1781,Daniel,LIPINSKI,REPRESENTATIVE,D,IL,3,L000563,115
2185,Angus,KING,REPRESENTATIVE,I,ME,4,K000383,115
2223,J.,HILL,REPRESENTATIVE,R,AR,2,H001072,115
1774,Jim,COSTA,REPRESENTATIVE,D,CA,16,C001059,115
1937,Martin,HEINRICH,SENATOR,D,NM,N/A,H001046,115
859,Bill,NELSON,SENATOR,D,FL,N/A,N000032,115
1900,Jeff,MERKLEY,SENATOR,D,OR,N/A,M001176,115
2263,Elise,STEFANIK,REPRESENTATIVE,R,NY,21,S001196,115
1695,Lamar,ALEXANDER,SENATOR,R,TN,N/A,A000360,115
457,Chuck,GRASSLEY,SENATOR,R,IA,N/A,G000386,115
1965,Michael,BENNET,SENATOR,D,CO,N/A,B001267,115
1863,Dean,HELLER,SENATOR,R,NV,N/A,H001041,115
1012,Mark,SANFORD,REPRESENTATIVE,R,SC,2,S000051,115
2166,Marc,VEASEY,REPRESENTATIVE,D,TX,33,V000131,115
1892,Steve,SCALISE,REPRESENTATIVE,R,LA,1,S001176,115
2169,Derek,KILMER,REPRESENTATIVE,D,WA,6,K000381,115
2115,Ted,YOHO,REPRESENTATIVE,R,FL,3,Y000065,115
2314,Matt,GAETZ,N/A,R,FL,N/A,G000578,115
2127,Cheri,BUSTOS,REPRESENTATIVE,D,IL,17,B001286,115
616,Marcy,KAPTUR,REPRESENTATIVE,D,OH,8,K000009,115
