speaker_id,first_name,last_name,type,party,state,district,bio_guide_id,congress_id
2018,Larry,BUCSHON,REPRESENTATIVE,R,IN,8,B001275,115
1838,Gus,BILIRAKIS,REPRESENTATIVE,R,FL,12,B001257,115
2231,Norma,TORRES,REPRESENTATIVE,D,CA,35,T000474,115
2131,Andy,BARR,REPRESENTATIVE,R,KY,11,B001282,115
208,James,CLYBURN,REPRESENTATIVE,D,SC,6,C000537,115
2201,Alma,ADAMS,REPRESENTATIVE,D,NC,12,A000370,115
457,Chuck,GRASSLEY,SENATOR,R,IA,N/A,G000386,115
1332,Dianne,FEINSTEIN,SENATOR,D,CA,N/A,F000062,115
1541,Susan,COLLINS,REPRESENTATIVE,R,ME,9,C001035,115
1247,Ron,WYDEN,SENATOR,D,OR,N/A,W000779,115
457,Chuck,GRASSLEY,SENATOR,R,IA,N/A,G000386,115
1247,Ron,WYDEN,SENATOR,D,OR,N/A,W000779,115
457,Chuck,GRASSLEY,SENATOR,R,IA,N/A,G000386,115
179,Thomas,CARPER,SENATOR,D,DE,N/A,C000174,115
1900,Jeff,MERKLEY,SENATOR,D,OR,N/A,M001176,115
2063,Diane,BLACK,REPRESENTATIVE,R,TN,6,B001273,114
2063,Diane,BLACK,REPRESENTATIVE,R,TN,6,B001273,114
2063,Diane,BLACK,REPRESENTATIVE,R,TN,6,B001273,114
2063,Diane,BLACK,REPRESENTATIVE,R,TN,6,B001273,114
887,Frank,PALLONE,REPRESENTATIVE,D,NJ,6,P000034,114
2063,Diane,BLACK,REPRESENTATIVE,R,TN,6,B001273,114
99999999999999,First Name unavailable,MARSHALL,Type Unavailable,Party Info Unavailable,state info unavailable,District Unavailable,BioGuideID unavailable,CongressID unavailable
709,Nita,LOWEY,REPRESENTATIVE,D,NY,17,L000480,114
2063,Diane,BLACK,REPRESENTATIVE,R,TN,6,B001273,114
2130,Luke,MESSER,REPRESENTATIVE,R,IN,6,M001189,114
2063,Diane,BLACK,REPRESENTATIVE,R,TN,6,B001273,114
1986,Martha,ROBY,REPRESENTATIVE,R,AL,2,R000591,114
1890,Jackie,SPEIER,REPRESENTATIVE,D,CA,14,S001175,114
2063,Diane,BLACK,REPRESENTATIVE,R,TN,6,B001273,114
2060,Kristi,NOEM,REPRESENTATIVE,R,SD,0,N000184,114
2063,Diane,BLACK,REPRESENTATIVE,R,TN,6,B001273,114
2128,Jackie,WALORSKI,REPRESENTATIVE,R,IN,2,W000813,114
2063,Diane,BLACK,REPRESENTATIVE,R,TN,6,B001273,114
1501,Barbara,LEE,REPRESENTATIVE,D,CA,13,L000551,114
2063,Diane,BLACK,REPRESENTATIVE,R,TN,6,B001273,114
2158,Keith,ROTHFUS,REPRESENTATIVE,R,PA,12,R000598,114
2063,Diane,BLACK,REPRESENTATIVE,R,TN,6,B001273,114
2032,Vicky,HARTZLER,REPRESENTATIVE,R,MO,4,H001053,114
2063,Diane,BLACK,REPRESENTATIVE,R,TN,6,B001273,114
2063,Diane,BLACK,REPRESENTATIVE,R,TN,6,B001273,114
99999999999999,First Name unavailable,JAYAPAL,Type Unavailable,Party Info Unavailable,state info unavailable,District Unavailable,BioGuideID unavailable,CongressID unavailable
2063,Diane,BLACK,REPRESENTATIVE,R,TN,6,B001273,114
2102,Ami,BERA,REPRESENTATIVE,D,CA,7,B001287,114
2063,Diane,BLACK,REPRESENTATIVE,R,TN,6,B001273,114
1927,Chellie,PINGREE,REPRESENTATIVE,D,ME,1,P000597,114
2063,Diane,BLACK,REPRESENTATIVE,R,TN,6,B001273,114
2134,Daniel,KILDEE,REPRESENTATIVE,D,MI,5,K000380,114
2063,Diane,BLACK,REPRESENTATIVE,R,TN,6,B001273,114
2252,Brenda,LAWRENCE,REPRESENTATIVE,D,MI,14,L000581,114
344,Eliot,ENGEL,REPRESENTATIVE,D,NY,16,E000179,114
850,Jerrold,NADLER,REPRESENTATIVE,D,NY,10,N000002,114
2063,Diane,BLACK,REPRESENTATIVE,R,TN,6,B001273,114
1588,Janice,SCHAKOWSKY,REPRESENTATIVE,D,IL,9,S001145,114
2063,Diane,BLACK,REPRESENTATIVE,R,TN,6,B001273,114
2063,Diane,BLACK,REPRESENTATIVE,R,TN,6,B001273,114
2063,Diane,BLACK,REPRESENTATIVE,R,TN,6,B001273,114
355,Anna,ESHOO,REPRESENTATIVE,D,CA,18,E000215,114
2322,Brian,MAST,N/A,R,FL,N/A,M001199,115
2288,Mike,ROUNDS,N/A,R,SD,N/A,R000605,115
1501,Barbara,LEE,REPRESENTATIVE,D,CA,13,L000551,115
1501,Barbara,LEE,REPRESENTATIVE,D,CA,13,L000551,115
2223,J.,HILL,REPRESENTATIVE,R,AR,2,H001072,115
1036,Charles,SCHUMER,SENATOR,D,NY,N/A,S000148,115
2176,Tim,KAINE,SENATOR,D,VA,N/A,K000384,115
1247,Ron,WYDEN,SENATOR,D,OR,N/A,W000779,115
2176,Tim,KAINE,SENATOR,D,VA,N/A,K000384,115
2055,David,CICILLINE,REPRESENTATIVE,D,RI,1,C001084,115
2354,Pramila,JAYAPAL,N/A,D,WA,N/A,J000298,115
213,Thad,COCHRAN,SENATOR,R,MS,N/A,C000567,115
2097,Donald,PAYNE,REPRESENTATIVE,D,NJ,10,P000604,115
1542,Michael,ENZI,SENATOR,R,WY,N/A,E000285,115
859,Bill,NELSON,SENATOR,D,FL,N/A,N000032,115
859,Bill,NELSON,SENATOR,D,FL,N/A,N000032,115
2176,Tim,KAINE,SENATOR,D,VA,N/A,K000384,115
2176,Tim,KAINE,SENATOR,D,VA,N/A,K000384,115
2288,Mike,ROUNDS,N/A,R,SD,N/A,R000605,115
2288,Mike,ROUNDS,N/A,R,SD,N/A,R000605,115
2288,Mike,ROUNDS,N/A,R,SD,N/A,R000605,115
1507,Jerry,MORAN,SENATOR,R,KS,N/A,M000934,115
1507,Jerry,MORAN,SENATOR,R,KS,N/A,M000934,115
1507,Jerry,MORAN,SENATOR,R,KS,N/A,M000934,115
1507,Jerry,MORAN,SENATOR,R,KS,N/A,M000934,115
1728,C.,RUPPERSBERGER,REPRESENTATIVE,D,MD,2,R000576,115
2275,Dan,NEWHOUSE,REPRESENTATIVE,R,WA,4,N000189,115
1692,John,CORNYN,SENATOR,R,TX,N/A,C001056,115
949,Jack,REED,REPRESENTATIVE,D,RI,23,R000122,115
949,Jack,REED,REPRESENTATIVE,D,RI,23,R000122,115
2076,Richard,BLUMENTHAL,SENATOR,D,CT,N/A,B001277,115
2076,Richard,BLUMENTHAL,SENATOR,D,CT,N/A,B001277,115
1984,Christopher,COONS,SENATOR,D,DE,N/A,C001088,115
1984,Christopher,COONS,SENATOR,D,DE,N/A,C001088,115
1633,Jeff,FLAKE,SENATOR,R,AZ,N/A,F000444,115
2182,Elizabeth,WARREN,SENATOR,D,MA,N/A,W000817,115
2182,Elizabeth,WARREN,SENATOR,D,MA,N/A,W000817,115
1464,Roy,BLUNT,SENATOR,R,MO,N/A,B000575,115
735,Edward,MARKEY,SENATOR,D,MA,N/A,M000133,115
1409,Patty,MURRAY,SENATOR,D,WA,N/A,M001111,115
1247,Ron,WYDEN,SENATOR,D,OR,N/A,W000779,115
1351,Orrin,HATCH,SENATOR,R,UT,N/A,H000338,115
1351,Orrin,HATCH,SENATOR,R,UT,N/A,H000338,115
1351,Orrin,HATCH,SENATOR,R,UT,N/A,H000338,115
326,Richard,DURBIN,SENATOR,D,IL,N/A,D000563,115
2098,Tom,COTTON,SENATOR,R,AR,N/A,C001095,115
1901,Jeanne,SHAHEEN,SENATOR,D,NH,N/A,S001181,115
2086,Ron,JOHNSON,REPRESENTATIVE,R,WI,4,J000293,115
179,Thomas,CARPER,SENATOR,D,DE,N/A,C000174,115
1929,Gary,PETERS,REPRESENTATIVE,D,MI,52,P000595,115
2286,David,PERDUE,SENATOR,R,GA,N/A,P000612,115
2290,Dan,SULLIVAN,SENATOR,R,AK,N/A,S001198,115
2290,Dan,SULLIVAN,SENATOR,R,AK,N/A,S001198,115
1010,Bernard,SANDERS,SENATOR,I,VT,N/A,S000033,115
1567,Tom,UDALL,SENATOR,D,NM,N/A,U000039,115
1010,Bernard,SANDERS,SENATOR,I,VT,N/A,S000033,115
1900,Jeff,MERKLEY,SENATOR,D,OR,N/A,M001176,115
1900,Jeff,MERKLEY,SENATOR,D,OR,N/A,M001176,115
1998,Cory,GARDNER,N/A,R,CO,N/A,G000562,115
1998,Cory,GARDNER,N/A,R,CO,N/A,G000562,115
2173,Brian,SCHATZ,SENATOR,D,HI,N/A,S001194,115
1844,Mazie,HIRONO,SENATOR,D,HI,N/A,H001042,115
1844,Mazie,HIRONO,SENATOR,D,HI,N/A,H001042,115
1823,Sheldon,WHITEHOUSE,SENATOR,D,RI,N/A,W000802,115
1823,Sheldon,WHITEHOUSE,SENATOR,D,RI,N/A,W000802,115
1937,Martin,HEINRICH,SENATOR,D,NM,N/A,H001046,115
2272,Donald,BEYER,REPRESENTATIVE,D,VA,8,B001292,115
2272,Donald,BEYER,REPRESENTATIVE,D,VA,8,B001292,115
1884,Niki,TSONGAS,REPRESENTATIVE,D,MA,3,T000465,115
2272,Donald,BEYER,REPRESENTATIVE,D,VA,8,B001292,115
1708,Raul,GRIJALVA,REPRESENTATIVE,D,AZ,3,G000551,115
2272,Donald,BEYER,REPRESENTATIVE,D,VA,8,B001292,115
2224,Bruce,WESTERMAN,REPRESENTATIVE,R,AR,4,W000821,115
2272,Donald,BEYER,REPRESENTATIVE,D,VA,8,B001292,115
1910,Jared,POLIS,REPRESENTATIVE,D,CO,2,P000598,115
2272,Donald,BEYER,REPRESENTATIVE,D,VA,8,B001292,115
1910,Jared,POLIS,REPRESENTATIVE,D,CO,2,P000598,115
1992,Paul,GOSAR,REPRESENTATIVE,R,AZ,4,G000565,115
2272,Donald,BEYER,REPRESENTATIVE,D,VA,8,B001292,115
2272,Donald,BEYER,REPRESENTATIVE,D,VA,8,B001292,115
2272,Donald,BEYER,REPRESENTATIVE,D,VA,8,B001292,115
99,Earl,BLUMENAUER,REPRESENTATIVE,D,OR,3,B000574,115
2272,Donald,BEYER,REPRESENTATIVE,D,VA,8,B001292,115
2272,Donald,BEYER,REPRESENTATIVE,D,VA,8,B001292,115
2272,Donald,BEYER,REPRESENTATIVE,D,VA,8,B001292,115
1534,John,THUNE,SENATOR,R,SD,N/A,T000250,115
2111,Alan,LOWENTHAL,REPRESENTATIVE,D,CA,47,L000579,115
1692,John,CORNYN,SENATOR,R,TX,N/A,C001056,115
2110,Mark,TAKANO,REPRESENTATIVE,D,CA,41,T000472,115
616,Marcy,KAPTUR,REPRESENTATIVE,D,OH,8,K000009,115
616,Marcy,KAPTUR,REPRESENTATIVE,D,OH,8,K000009,115
616,Marcy,KAPTUR,REPRESENTATIVE,D,OH,8,K000009,115
616,Marcy,KAPTUR,REPRESENTATIVE,D,OH,8,K000009,115
616,Marcy,KAPTUR,REPRESENTATIVE,D,OH,8,K000009,115
1604,Joseph,CROWLEY,REPRESENTATIVE,D,NY,14,C001038,115
616,Marcy,KAPTUR,REPRESENTATIVE,D,OH,8,K000009,115
616,Marcy,KAPTUR,REPRESENTATIVE,D,OH,8,K000009,115
616,Marcy,KAPTUR,REPRESENTATIVE,D,OH,8,K000009,115
1942,Paul,TONKO,REPRESENTATIVE,D,NY,20,T000469,115
2340,Ruben,KIHUEN,N/A,D,NV,N/A,K000390,115
2320,Val,DEMINGS,N/A,D,FL,N/A,D000627,115
1541,Susan,COLLINS,REPRESENTATIVE,R,ME,9,C001035,115
1036,Charles,SCHUMER,SENATOR,D,NY,N/A,S000148,115
2166,Marc,VEASEY,REPRESENTATIVE,D,TX,33,V000131,115
2166,Marc,VEASEY,REPRESENTATIVE,D,TX,33,V000131,115
208,James,CLYBURN,REPRESENTATIVE,D,SC,6,C000537,115
2166,Marc,VEASEY,REPRESENTATIVE,D,TX,33,V000131,115
2166,Marc,VEASEY,REPRESENTATIVE,D,TX,33,V000131,115
1686,Stephen,LYNCH,REPRESENTATIVE,D,MA,8,L000562,115
2166,Marc,VEASEY,REPRESENTATIVE,D,TX,33,V000131,115
2166,Marc,VEASEY,REPRESENTATIVE,D,TX,33,V000131,115
2166,Marc,VEASEY,REPRESENTATIVE,D,TX,33,V000131,115
2166,Marc,VEASEY,REPRESENTATIVE,D,TX,33,V000131,115
2202,Donald,NORCROSS,REPRESENTATIVE,D,NJ,1,N000188,115
2166,Marc,VEASEY,REPRESENTATIVE,D,TX,33,V000131,115
616,Marcy,KAPTUR,REPRESENTATIVE,D,OH,8,K000009,115
2166,Marc,VEASEY,REPRESENTATIVE,D,TX,33,V000131,115
1801,Louie,GOHMERT,REPRESENTATIVE,R,TX,1,G000552,115
478,Luis,GUTIERREZ,REPRESENTATIVE,D,IL,4,G000535,115
2253,Tom,EMMER,REPRESENTATIVE,R,MN,6,E000294,115
2253,Tom,EMMER,REPRESENTATIVE,R,MN,6,E000294,115
2253,Tom,EMMER,REPRESENTATIVE,R,MN,6,E000294,115
2311,Nanette,BARRAGAN,N/A,D,CA,N/A,B001300,115
