speaker_id,first_name,last_name,type,party,state,district,bio_guide_id,congress_id
2333,Jack,BERGMAN,N/A,R,MI,N/A,B001301,115
2176,Tim,KAINE,SENATOR,D,VA,N/A,K000384,115
2185,Angus,KING,REPRESENTATIVE,I,ME,4,K000383,115
99,Earl,BLUMENAUER,REPRESENTATIVE,D,OR,3,B000574,115
1901,Jeanne,SHAHEEN,SENATOR,D,NH,N/A,S001181,115
457,Chuck,GRASSLEY,SENATOR,R,IA,N/A,G000386,115
2269,Will,HURD,REPRESENTATIVE,R,TX,23,H001073,115
2239,Rick,ALLEN,REPRESENTATIVE,R,GA,12,A000372,115
2263,Elise,STEFANIK,REPRESENTATIVE,R,NY,21,S001196,115
1594,Patrick,TOOMEY,SENATOR,R,PA,N/A,T000461,115
1692,John,CORNYN,SENATOR,R,TX,N/A,C001056,115
99999999999999,,GARDNER,N/A,Party information Unavailable,State Info Unavailable,N/A,9999999999999999,115
949,Jack,REED,REPRESENTATIVE,D,RI,23,R000122,115
174,Benjamin,CARDIN,SENATOR,D,MD,N/A,C000141,115
2302,Margaret,HASSAN,N/A,D,NH,N/A,H001076,115
1967,Mike,QUIGLEY,REPRESENTATIVE,D,IL,5,Q000023,115
2114,Elizabeth,ESTY,REPRESENTATIVE,D,CT,5,E000293,115
2114,Elizabeth,ESTY,REPRESENTATIVE,D,CT,5,E000293,115
2114,Elizabeth,ESTY,REPRESENTATIVE,D,CT,5,E000293,115
2243,Mike,BOST,REPRESENTATIVE,R,IL,12,B001295,115
2114,Elizabeth,ESTY,REPRESENTATIVE,D,CT,5,E000293,115
2110,Mark,TAKANO,REPRESENTATIVE,D,CA,41,T000472,115
1834,Doug,LAMBORN,REPRESENTATIVE,R,CO,5,L000564,115
2114,Elizabeth,ESTY,REPRESENTATIVE,D,CT,5,E000293,115
2102,Ami,BERA,REPRESENTATIVE,D,CA,7,B001287,115
2067,Blake,FARENTHOLD,REPRESENTATIVE,R,TX,27,F000460,115
2114,Elizabeth,ESTY,REPRESENTATIVE,D,CT,5,E000293,115
2114,Elizabeth,ESTY,REPRESENTATIVE,D,CT,5,E000293,115
1805,K.,CONAWAY,REPRESENTATIVE,R,TX,11,C001062,115
2114,Elizabeth,ESTY,REPRESENTATIVE,D,CT,5,E000293,115
2226,Ruben,GALLEGO,REPRESENTATIVE,D,AZ,7,G000574,115
2114,Elizabeth,ESTY,REPRESENTATIVE,D,CT,5,E000293,115
2114,Elizabeth,ESTY,REPRESENTATIVE,D,CT,5,E000293,115
2114,Elizabeth,ESTY,REPRESENTATIVE,D,CT,5,E000293,115
2114,Elizabeth,ESTY,REPRESENTATIVE,D,CT,5,E000293,115
2114,Elizabeth,ESTY,REPRESENTATIVE,D,CT,5,E000293,115
1986,Martha,ROBY,REPRESENTATIVE,R,AL,2,R000591,115
1694,Lisa,MURKOWSKI,SENATOR,R,AK,N/A,M001153,115
174,Benjamin,CARDIN,SENATOR,D,MD,N/A,C000141,115
1901,Jeanne,SHAHEEN,SENATOR,D,NH,N/A,S001181,115
1901,Jeanne,SHAHEEN,SENATOR,D,NH,N/A,S001181,115
2082,Rand,PAUL,REPRESENTATIVE,R,KY,4,P000603,115
1901,Jeanne,SHAHEEN,SENATOR,D,NH,N/A,S001181,115
174,Benjamin,CARDIN,SENATOR,D,MD,N/A,C000141,115
174,Benjamin,CARDIN,SENATOR,D,MD,N/A,C000141,115
2302,Margaret,HASSAN,N/A,D,NH,N/A,H001076,115
174,Benjamin,CARDIN,SENATOR,D,MD,N/A,C000141,115
1901,Jeanne,SHAHEEN,SENATOR,D,NH,N/A,S001181,115
1901,Jeanne,SHAHEEN,SENATOR,D,NH,N/A,S001181,115
2182,Elizabeth,WARREN,SENATOR,D,MA,N/A,W000817,115
2176,Tim,KAINE,SENATOR,D,VA,N/A,K000384,115
2298,Dwight,EVANS,N/A,D,PA,N/A,E000296,115
2050,James,LANKFORD,SENATOR,R,OK,N/A,L000575,115
478,Luis,GUTIERREZ,REPRESENTATIVE,D,IL,4,G000535,115
2099,Kyrsten,SINEMA,REPRESENTATIVE,D,AZ,9,S001191,115
511,Alcee,HASTINGS,REPRESENTATIVE,D,FL,20,H000324,115
2128,Jackie,WALORSKI,REPRESENTATIVE,R,IN,2,W000813,115
2050,James,LANKFORD,SENATOR,R,OK,N/A,L000575,115
2050,James,LANKFORD,SENATOR,R,OK,N/A,L000575,115
2172,Joseph,KENNEDY,REPRESENTATIVE,D,MA,4,K000379,115
1351,Orrin,HATCH,SENATOR,R,UT,N/A,H000338,115
1351,Orrin,HATCH,SENATOR,R,UT,N/A,H000338,115
153,Richard,BURR,SENATOR,R,NC,N/A,B001135,115
1695,Lamar,ALEXANDER,SENATOR,R,TN,N/A,A000360,115
1692,John,CORNYN,SENATOR,R,TX,N/A,C001056,115
1897,Mark,WARNER,SENATOR,D,VA,N/A,W000805,115
1692,John,CORNYN,SENATOR,R,TX,N/A,C001056,115
1247,Ron,WYDEN,SENATOR,D,OR,N/A,W000779,115
1692,John,CORNYN,SENATOR,R,TX,N/A,C001056,115
1247,Ron,WYDEN,SENATOR,D,OR,N/A,W000779,115
1692,John,CORNYN,SENATOR,R,TX,N/A,C001056,115
1692,John,CORNYN,SENATOR,R,TX,N/A,C001056,115
1692,John,CORNYN,SENATOR,R,TX,N/A,C001056,115
1247,Ron,WYDEN,SENATOR,D,OR,N/A,W000779,115
174,Benjamin,CARDIN,SENATOR,D,MD,N/A,C000141,115
1247,Ron,WYDEN,SENATOR,D,OR,N/A,W000779,115
1567,Tom,UDALL,SENATOR,D,NM,N/A,U000039,115
1567,Tom,UDALL,SENATOR,D,NM,N/A,U000039,115
2290,Dan,SULLIVAN,SENATOR,R,AK,N/A,S001198,115
2290,Dan,SULLIVAN,SENATOR,R,AK,N/A,S001198,115
1036,Charles,SCHUMER,SENATOR,D,NY,N/A,S000148,115
1036,Charles,SCHUMER,SENATOR,D,NY,N/A,S000148,115
1633,Jeff,FLAKE,SENATOR,R,AZ,N/A,F000444,115
1633,Jeff,FLAKE,SENATOR,R,AZ,N/A,F000444,115
1881,John,BARRASSO,SENATOR,R,WY,N/A,B001261,115
1633,Jeff,FLAKE,SENATOR,R,AZ,N/A,F000444,115
1881,John,BARRASSO,SENATOR,R,WY,N/A,B001261,115
2138,Steve,DAINES,SENATOR,R,MT,N/A,D000618,115
1881,John,BARRASSO,SENATOR,R,WY,N/A,B001261,115
1881,John,BARRASSO,SENATOR,R,WY,N/A,B001261,115
1692,John,CORNYN,SENATOR,R,TX,N/A,C001056,115
2138,Steve,DAINES,SENATOR,R,MT,N/A,D000618,115
2251,Debbie,DINGELL,REPRESENTATIVE,D,MI,12,D000624,115
2050,James,LANKFORD,SENATOR,R,OK,N/A,L000575,115
2050,James,LANKFORD,SENATOR,R,OK,N/A,L000575,115
1351,Orrin,HATCH,SENATOR,R,UT,N/A,H000338,115
1965,Michael,BENNET,SENATOR,D,CO,N/A,B001267,115
2050,James,LANKFORD,SENATOR,R,OK,N/A,L000575,115
2233,Ken,BUCK,REPRESENTATIVE,R,CO,4,B001297,115
2233,Ken,BUCK,REPRESENTATIVE,R,CO,4,B001297,115
2233,Ken,BUCK,REPRESENTATIVE,R,CO,4,B001297,115
2233,Ken,BUCK,REPRESENTATIVE,R,CO,4,B001297,115
511,Alcee,HASTINGS,REPRESENTATIVE,D,FL,20,H000324,115
2233,Ken,BUCK,REPRESENTATIVE,R,CO,4,B001297,115
2322,Brian,MAST,N/A,R,FL,N/A,M001199,115
2233,Ken,BUCK,REPRESENTATIVE,R,CO,4,B001297,115
2322,Brian,MAST,N/A,R,FL,N/A,M001199,115
511,Alcee,HASTINGS,REPRESENTATIVE,D,FL,20,H000324,115
511,Alcee,HASTINGS,REPRESENTATIVE,D,FL,20,H000324,115
2322,Brian,MAST,N/A,R,FL,N/A,M001199,115
511,Alcee,HASTINGS,REPRESENTATIVE,D,FL,20,H000324,115
2322,Brian,MAST,N/A,R,FL,N/A,M001199,115
511,Alcee,HASTINGS,REPRESENTATIVE,D,FL,20,H000324,115
511,Alcee,HASTINGS,REPRESENTATIVE,D,FL,20,H000324,115
2110,Mark,TAKANO,REPRESENTATIVE,D,CA,41,T000472,115
2233,Ken,BUCK,REPRESENTATIVE,R,CO,4,B001297,115
2322,Brian,MAST,N/A,R,FL,N/A,M001199,115
511,Alcee,HASTINGS,REPRESENTATIVE,D,FL,20,H000324,115
2233,Ken,BUCK,REPRESENTATIVE,R,CO,4,B001297,115
2233,Ken,BUCK,REPRESENTATIVE,R,CO,4,B001297,115
2233,Ken,BUCK,REPRESENTATIVE,R,CO,4,B001297,115
511,Alcee,HASTINGS,REPRESENTATIVE,D,FL,20,H000324,115
511,Alcee,HASTINGS,REPRESENTATIVE,D,FL,20,H000324,115
2233,Ken,BUCK,REPRESENTATIVE,R,CO,4,B001297,115
2233,Ken,BUCK,REPRESENTATIVE,R,CO,4,B001297,115
511,Alcee,HASTINGS,REPRESENTATIVE,D,FL,20,H000324,115
2115,Ted,YOHO,REPRESENTATIVE,R,FL,3,Y000065,115
2354,Pramila,JAYAPAL,N/A,D,WA,N/A,J000298,115
2033,Billy,LONG,REPRESENTATIVE,R,MO,7,L000576,115
2050,James,LANKFORD,SENATOR,R,OK,N/A,L000575,115
2050,James,LANKFORD,SENATOR,R,OK,N/A,L000575,115
1069,Louise,SLAUGHTER,REPRESENTATIVE,D,NY,25,S000480,115
2050,James,LANKFORD,SENATOR,R,OK,N/A,L000575,115
2050,James,LANKFORD,SENATOR,R,OK,N/A,L000575,115
1774,Jim,COSTA,REPRESENTATIVE,D,CA,16,C001059,115
2109,Raul,RUIZ,REPRESENTATIVE,D,CA,36,R000599,115
457,Chuck,GRASSLEY,SENATOR,R,IA,N/A,G000386,115
2050,James,LANKFORD,SENATOR,R,OK,N/A,L000575,115
2050,James,LANKFORD,SENATOR,R,OK,N/A,L000575,115
1668,James,LANGEVIN,REPRESENTATIVE,D,RI,2,L000559,115
616,Marcy,KAPTUR,REPRESENTATIVE,D,OH,8,K000009,115
1036,Charles,SCHUMER,SENATOR,D,NY,N/A,S000148,115
1930,Erik,PAULSEN,REPRESENTATIVE,R,MN,3,P000594,115
1791,Virginia,FOXX,REPRESENTATIVE,R,NC,5,F000450,115
2050,James,LANKFORD,SENATOR,R,OK,N/A,L000575,115
2050,James,LANKFORD,SENATOR,R,OK,N/A,L000575,115
2290,Dan,SULLIVAN,SENATOR,R,AK,N/A,S001198,115
2050,James,LANKFORD,SENATOR,R,OK,N/A,L000575,115
2050,James,LANKFORD,SENATOR,R,OK,N/A,L000575,115
1694,Lisa,MURKOWSKI,SENATOR,R,AK,N/A,M001153,115
2182,Elizabeth,WARREN,SENATOR,D,MA,N/A,W000817,115
1996,Karen,BASS,REPRESENTATIVE,D,CA,37,B001270,115
2269,Will,HURD,REPRESENTATIVE,R,TX,23,H001073,115
2269,Will,HURD,REPRESENTATIVE,R,TX,23,H001073,115
2269,Will,HURD,REPRESENTATIVE,R,TX,23,H001073,115
2274,Stacey,PLASKETT,DELEGATE,D,VI,N/A,P000610,115
2325,Raja,KRISHNAMOORTHI,N/A,D,IL,N/A,K000391,115
2238,Barry,LOUDERMILK,REPRESENTATIVE,R,GA,11,L000583,115
1036,Charles,SCHUMER,SENATOR,D,NY,N/A,S000148,115
2324,A.,FERGUSON,N/A,R,GA,N/A,F000465,115
2350,Jodey,ARRINGTON,N/A,R,TX,N/A,A000375,115
2324,A.,FERGUSON,N/A,R,GA,N/A,F000465,115
2337,Don,BACON,N/A,R,NE,N/A,B001298,115
2324,A.,FERGUSON,N/A,R,GA,N/A,F000465,115
2316,John,RUTHERFORD,N/A,R,FL,N/A,R000609,115
2324,A.,FERGUSON,N/A,R,GA,N/A,F000465,115
2344,Claudia,TENNEY,N/A,R,NY,N/A,T000478,115
2324,A.,FERGUSON,N/A,R,GA,N/A,F000465,115
2328,Roger,MARSHALL,N/A,R,KS,N/A,M001198,115
2324,A.,FERGUSON,N/A,R,GA,N/A,F000465,115
2356,Liz,CHENEY,N/A,R,WY,N/A,C001109,115
