speaker_id,first_name,last_name,type,party,state,district,bio_guide_id,congress_id
2179,Deb,FISCHER,SENATOR,R,NE,N/A,F000463,115
2289,Ben,SASSE,SENATOR,R,NE,N/A,S001197,115
2179,Deb,FISCHER,SENATOR,R,NE,N/A,F000463,115
2179,Deb,FISCHER,SENATOR,R,NE,N/A,F000463,115
2179,Deb,FISCHER,SENATOR,R,NE,N/A,F000463,115
2179,Deb,FISCHER,SENATOR,R,NE,N/A,F000463,115
2097,Donald,PAYNE,REPRESENTATIVE,D,NJ,10,P000604,115
566,Steny,HOYER,REPRESENTATIVE,D,MD,5,H000874,115
566,Steny,HOYER,REPRESENTATIVE,D,MD,5,H000874,115
566,Steny,HOYER,REPRESENTATIVE,D,MD,5,H000874,115
566,Steny,HOYER,REPRESENTATIVE,D,MD,5,H000874,115
566,Steny,HOYER,REPRESENTATIVE,D,MD,5,H000874,115
566,Steny,HOYER,REPRESENTATIVE,D,MD,5,H000874,115
566,Steny,HOYER,REPRESENTATIVE,D,MD,5,H000874,115
566,Steny,HOYER,REPRESENTATIVE,D,MD,5,H000874,115
566,Steny,HOYER,REPRESENTATIVE,D,MD,5,H000874,115
566,Steny,HOYER,REPRESENTATIVE,D,MD,5,H000874,115
566,Steny,HOYER,REPRESENTATIVE,D,MD,5,H000874,115
566,Steny,HOYER,REPRESENTATIVE,D,MD,5,H000874,115
566,Steny,HOYER,REPRESENTATIVE,D,MD,5,H000874,115
566,Steny,HOYER,REPRESENTATIVE,D,MD,5,H000874,115
566,Steny,HOYER,REPRESENTATIVE,D,MD,5,H000874,115
566,Steny,HOYER,REPRESENTATIVE,D,MD,5,H000874,115
566,Steny,HOYER,REPRESENTATIVE,D,MD,5,H000874,115
566,Steny,HOYER,REPRESENTATIVE,D,MD,5,H000874,115
566,Steny,HOYER,REPRESENTATIVE,D,MD,5,H000874,115
566,Steny,HOYER,REPRESENTATIVE,D,MD,5,H000874,115
566,Steny,HOYER,REPRESENTATIVE,D,MD,5,H000874,115
566,Steny,HOYER,REPRESENTATIVE,D,MD,5,H000874,115
566,Steny,HOYER,REPRESENTATIVE,D,MD,5,H000874,115
566,Steny,HOYER,REPRESENTATIVE,D,MD,5,H000874,115
566,Steny,HOYER,REPRESENTATIVE,D,MD,5,H000874,115
566,Steny,HOYER,REPRESENTATIVE,D,MD,5,H000874,115
566,Steny,HOYER,REPRESENTATIVE,D,MD,5,H000874,115
2327,Trey,HOLLINGSWORTH,N/A,R,IN,N/A,H001074,115
2334,Paul,MITCHELL,N/A,R,MI,N/A,M001201,115
2334,Paul,MITCHELL,N/A,R,MI,N/A,M001201,115
2332,Jamie,RASKIN,N/A,D,MD,N/A,R000606,115
2334,Paul,MITCHELL,N/A,R,MI,N/A,M001201,115
1855,Tim,WALBERG,REPRESENTATIVE,R,MI,7,W000798,115
1855,Tim,WALBERG,REPRESENTATIVE,R,MI,7,W000798,115
2332,Jamie,RASKIN,N/A,D,MD,N/A,R000606,115
2334,Paul,MITCHELL,N/A,R,MI,N/A,M001201,115
2332,Jamie,RASKIN,N/A,D,MD,N/A,R000606,115
2334,Paul,MITCHELL,N/A,R,MI,N/A,M001201,115
2332,Jamie,RASKIN,N/A,D,MD,N/A,R000606,115
2332,Jamie,RASKIN,N/A,D,MD,N/A,R000606,115
2334,Paul,MITCHELL,N/A,R,MI,N/A,M001201,115
2067,Blake,FARENTHOLD,REPRESENTATIVE,R,TX,27,F000460,115
2067,Blake,FARENTHOLD,REPRESENTATIVE,R,TX,27,F000460,115
2067,Blake,FARENTHOLD,REPRESENTATIVE,R,TX,27,F000460,115
2067,Blake,FARENTHOLD,REPRESENTATIVE,R,TX,27,F000460,115
2067,Blake,FARENTHOLD,REPRESENTATIVE,R,TX,27,F000460,115
2067,Blake,FARENTHOLD,REPRESENTATIVE,R,TX,27,F000460,115
2332,Jamie,RASKIN,N/A,D,MD,N/A,R000606,115
2332,Jamie,RASKIN,N/A,D,MD,N/A,R000606,115
2067,Blake,FARENTHOLD,REPRESENTATIVE,R,TX,27,F000460,115
2332,Jamie,RASKIN,N/A,D,MD,N/A,R000606,115
2067,Blake,FARENTHOLD,REPRESENTATIVE,R,TX,27,F000460,115
2332,Jamie,RASKIN,N/A,D,MD,N/A,R000606,115
2130,Luke,MESSER,REPRESENTATIVE,R,IN,6,M001189,115
2332,Jamie,RASKIN,N/A,D,MD,N/A,R000606,115
2067,Blake,FARENTHOLD,REPRESENTATIVE,R,TX,27,F000460,115
2067,Blake,FARENTHOLD,REPRESENTATIVE,R,TX,27,F000460,115
2332,Jamie,RASKIN,N/A,D,MD,N/A,R000606,115
2067,Blake,FARENTHOLD,REPRESENTATIVE,R,TX,27,F000460,115
2067,Blake,FARENTHOLD,REPRESENTATIVE,R,TX,27,F000460,115
2067,Blake,FARENTHOLD,REPRESENTATIVE,R,TX,27,F000460,115
2345,Brian,FITZPATRICK,REPRESENTATIVE,R,PA,8,F000466,115
2354,Pramila,JAYAPAL,N/A,D,WA,N/A,J000298,115
2354,Pramila,JAYAPAL,N/A,D,WA,N/A,J000298,115
2067,Blake,FARENTHOLD,REPRESENTATIVE,R,TX,27,F000460,115
2354,Pramila,JAYAPAL,N/A,D,WA,N/A,J000298,115
2067,Blake,FARENTHOLD,REPRESENTATIVE,R,TX,27,F000460,115
2067,Blake,FARENTHOLD,REPRESENTATIVE,R,TX,27,F000460,115
2067,Blake,FARENTHOLD,REPRESENTATIVE,R,TX,27,F000460,115
2067,Blake,FARENTHOLD,REPRESENTATIVE,R,TX,27,F000460,115
2067,Blake,FARENTHOLD,REPRESENTATIVE,R,TX,27,F000460,115
2067,Blake,FARENTHOLD,REPRESENTATIVE,R,TX,27,F000460,115
2354,Pramila,JAYAPAL,N/A,D,WA,N/A,J000298,115
2140,Richard,HUDSON,REPRESENTATIVE,R,NC,8,H001067,115
2332,Jamie,RASKIN,N/A,D,MD,N/A,R000606,115
2140,Richard,HUDSON,REPRESENTATIVE,R,NC,8,H001067,115
1886,Robert,WITTMAN,REPRESENTATIVE,R,VA,1,W000804,115
2166,Marc,VEASEY,REPRESENTATIVE,D,TX,33,V000131,115
868,Eleanor,NORTON,DELEGATE,D,DC,N/A,N000147,115
868,Eleanor,NORTON,DELEGATE,D,DC,N/A,N000147,115
457,Chuck,GRASSLEY,SENATOR,R,IA,N/A,G000386,115
2122,Tulsi,GABBARD,REPRESENTATIVE,D,HI,2,G000571,115
2052,Patrick,MEEHAN,REPRESENTATIVE,R,PA,7,M001181,115
326,Richard,DURBIN,SENATOR,D,IL,N/A,D000563,115
1983,Joe,MANCHIN,SENATOR,D,WV,N/A,M001183,115
1409,Patty,MURRAY,SENATOR,D,WA,N/A,M001111,115
1409,Patty,MURRAY,SENATOR,D,WA,N/A,M001111,115
1409,Patty,MURRAY,SENATOR,D,WA,N/A,M001111,115
1901,Jeanne,SHAHEEN,SENATOR,D,NH,N/A,S001181,115
2076,Richard,BLUMENTHAL,SENATOR,D,CT,N/A,B001277,115
326,Richard,KING,REPRESENTATIVE,D,IL,4,D000563,115
1823,Sheldon,WHITEHOUSE,SENATOR,D,RI,N/A,W000802,115
1823,Sheldon,WHITEHOUSE,SENATOR,D,RI,N/A,W000802,115
1823,Sheldon,WHITEHOUSE,SENATOR,D,RI,N/A,W000802,115
1837,Christopher,MURPHY,SENATOR,D,CT,N/A,M001169,115
2084,Marco,RUBIO,SENATOR,R,FL,N/A,R000595,115
2084,Marco,RUBIO,SENATOR,R,FL,N/A,R000595,115
2084,Marco,RUBIO,SENATOR,R,FL,N/A,R000595,115
1984,Christopher,COONS,SENATOR,D,DE,N/A,C001088,115
2084,Marco,RUBIO,SENATOR,R,FL,N/A,R000595,115
1984,Christopher,COONS,SENATOR,D,DE,N/A,C001088,115
2084,Marco,RUBIO,SENATOR,R,FL,N/A,R000595,115
1984,Christopher,COONS,SENATOR,D,DE,N/A,C001088,115
2084,Marco,RUBIO,SENATOR,R,FL,N/A,R000595,115
2264,John,KATKO,REPRESENTATIVE,R,NY,24,K000386,115
1801,Louie,GOHMERT,REPRESENTATIVE,R,TX,1,G000552,115
1940,Dina,TITUS,REPRESENTATIVE,D,NV,1,T000468,115
2322,Brian,MAST,N/A,R,FL,N/A,M001199,115
2319,Darren,SOTO,N/A,D,FL,N/A,S001200,115
2307,Andy,BIGGS,N/A,R,AZ,N/A,B001302,115
2256,David,ROUZER,REPRESENTATIVE,R,NC,7,R000603,115
326,Richard,DURBIN,SENATOR,D,IL,N/A,D000563,115
250,Mike,CRAPO,SENATOR,R,ID,N/A,C000880,115
1692,John,CORNYN,SENATOR,R,TX,N/A,C001056,115
136,Sherrod,BROWN,REPRESENTATIVE,D,OH,26,B000944,115
2179,Deb,FISCHER,SENATOR,R,NE,N/A,F000463,115
2138,Steve,DAINES,SENATOR,R,MT,N/A,D000618,115
174,Benjamin,CARDIN,SENATOR,D,MD,N/A,C000141,115
2138,Steve,DAINES,SENATOR,R,MT,N/A,D000618,115
2138,Steve,DAINES,SENATOR,R,MT,N/A,D000618,115
1692,John,CORNYN,SENATOR,R,TX,N/A,C001056,115
1542,Michael,ENZI,SENATOR,R,WY,N/A,E000285,115
2127,Cheri,BUSTOS,REPRESENTATIVE,D,IL,17,B001286,115
1036,Charles,SCHUMER,SENATOR,D,NY,N/A,S000148,115
250,Mike,CRAPO,SENATOR,R,ID,N/A,C000880,115
2138,Steve,DAINES,SENATOR,R,MT,N/A,D000618,115
250,Mike,CRAPO,SENATOR,R,ID,N/A,C000880,115
1692,John,CORNYN,SENATOR,R,TX,N/A,C001056,115
868,Eleanor,NORTON,DELEGATE,D,DC,N/A,N000147,115
1036,Charles,SCHUMER,SENATOR,D,NY,N/A,S000148,115
616,Marcy,KAPTUR,REPRESENTATIVE,D,OH,8,K000009,115
1036,Charles,SCHUMER,SENATOR,D,NY,N/A,S000148,115
1633,Jeff,FLAKE,SENATOR,R,AZ,N/A,F000444,115
