speaker_id,first_name,last_name,type,party,state,district,bio_guide_id,congress_id
1351,Orrin,HATCH,SENATOR,R,UT,N/A,H000338,115
2297,James,COMER,N/A,R,KY,N/A,C001108,115
1811,Gwen,MOORE,SENATOR,D,WI,N/A,M001160,115
1811,Gwen,MOORE,SENATOR,D,WI,N/A,M001160,115
2354,Pramila,JAYAPAL,N/A,D,WA,N/A,J000298,115
1811,Gwen,MOORE,SENATOR,D,WI,N/A,M001160,115
1811,Gwen,MOORE,SENATOR,D,WI,N/A,M001160,115
2354,Pramila,JAYAPAL,N/A,D,WA,N/A,J000298,115
2354,Pramila,JAYAPAL,N/A,D,WA,N/A,J000298,115
1811,Gwen,MOORE,SENATOR,D,WI,N/A,M001160,115
1692,John,CORNYN,SENATOR,R,TX,N/A,C001056,115
859,Bill,NELSON,SENATOR,D,FL,N/A,N000032,115
1036,Charles,SCHUMER,SENATOR,D,NY,N/A,S000148,115
2325,Raja,KRISHNAMOORTHI,N/A,D,IL,N/A,K000391,115
1973,John,GARAMENDI,REPRESENTATIVE,D,CA,3,G000559,115
1383,Patrick,LEAHY,SENATOR,D,VT,N/A,L000174,115
1177,Fred,UPTON,REPRESENTATIVE,R,MI,6,U000031,115
1177,Fred,UPTON,REPRESENTATIVE,R,MI,6,U000031,115
1177,Fred,UPTON,REPRESENTATIVE,R,MI,6,U000031,115
1003,Bobby,RUSH,REPRESENTATIVE,D,IL,1,R000515,115
1177,Fred,UPTON,REPRESENTATIVE,R,MI,6,U000031,115
2140,Richard,HUDSON,REPRESENTATIVE,R,NC,8,H001067,115
1003,Bobby,RUSH,REPRESENTATIVE,D,IL,1,R000515,115
1003,Bobby,RUSH,REPRESENTATIVE,D,IL,1,R000515,115
1177,Fred,UPTON,REPRESENTATIVE,R,MI,6,U000031,115
1003,Bobby,RUSH,REPRESENTATIVE,D,IL,1,R000515,115
1558,Tammy,BALDWIN,SENATOR,D,WI,N/A,B001230,115
2097,Donald,PAYNE,REPRESENTATIVE,D,NJ,10,P000604,115
1177,Fred,UPTON,REPRESENTATIVE,R,MI,6,U000031,115
1177,Fred,UPTON,REPRESENTATIVE,R,MI,6,U000031,115
1177,Fred,UPTON,REPRESENTATIVE,R,MI,6,U000031,115
1003,Bobby,RUSH,REPRESENTATIVE,D,IL,1,R000515,115
1177,Fred,UPTON,REPRESENTATIVE,R,MI,6,U000031,115
62,Joe,BARTON,REPRESENTATIVE,R,TX,6,B000213,115
1177,Fred,UPTON,REPRESENTATIVE,R,MI,6,U000031,115
2344,Claudia,TENNEY,N/A,R,NY,N/A,T000478,115
2107,Tony,CARDENAS,REPRESENTATIVE,D,CA,29,C001097,115
2244,Ralph,ABRAHAM,REPRESENTATIVE,R,LA,5,A000374,115
2166,Marc,VEASEY,REPRESENTATIVE,D,TX,33,V000131,115
2166,Marc,VEASEY,REPRESENTATIVE,D,TX,33,V000131,115
2166,Marc,VEASEY,REPRESENTATIVE,D,TX,33,V000131,115
2097,Donald,PAYNE,REPRESENTATIVE,D,NJ,10,P000604,115
2166,Marc,VEASEY,REPRESENTATIVE,D,TX,33,V000131,115
2153,Joyce,BEATTY,REPRESENTATIVE,D,OH,3,B001281,115
2166,Marc,VEASEY,REPRESENTATIVE,D,TX,33,V000131,115
2298,Dwight,EVANS,N/A,D,PA,N/A,E000296,115
2166,Marc,VEASEY,REPRESENTATIVE,D,TX,33,V000131,115
2344,Claudia,TENNEY,N/A,R,NY,N/A,T000478,115
2244,Ralph,ABRAHAM,REPRESENTATIVE,R,LA,5,A000374,115
2342,Adriano,ESPAILLAT,N/A,D,NY,N/A,E000297,115
1351,Orrin,HATCH,SENATOR,R,UT,N/A,H000338,115
1351,Orrin,HATCH,SENATOR,R,UT,N/A,H000338,115
2098,Tom,COTTON,SENATOR,R,AR,N/A,C001095,115
213,Thad,COCHRAN,SENATOR,R,MS,N/A,C000567,115
2253,Tom,EMMER,REPRESENTATIVE,R,MN,6,E000294,115
2122,Tulsi,GABBARD,REPRESENTATIVE,D,HI,2,G000571,115
1751,Michael,BURGESS,REPRESENTATIVE,R,TX,26,B001248,115
1751,Michael,BURGESS,REPRESENTATIVE,R,TX,26,B001248,115
1751,Michael,BURGESS,REPRESENTATIVE,R,TX,26,B001248,115
1751,Michael,BURGESS,REPRESENTATIVE,R,TX,26,B001248,115
1910,Jared,POLIS,REPRESENTATIVE,D,CO,2,P000598,115
1910,Jared,POLIS,REPRESENTATIVE,D,CO,2,P000598,115
1751,Michael,BURGESS,REPRESENTATIVE,R,TX,26,B001248,115
1751,Michael,BURGESS,REPRESENTATIVE,R,TX,26,B001248,115
1910,Jared,POLIS,REPRESENTATIVE,D,CO,2,P000598,115
1959,Gerald,CONNOLLY,REPRESENTATIVE,D,VA,11,C001078,115
1910,Jared,POLIS,REPRESENTATIVE,D,CO,2,P000598,115
1959,Gerald,CONNOLLY,REPRESENTATIVE,D,VA,11,C001078,115
1751,Michael,BURGESS,REPRESENTATIVE,R,TX,26,B001248,115
1751,Michael,BURGESS,REPRESENTATIVE,R,TX,26,B001248,115
1910,Jared,POLIS,REPRESENTATIVE,D,CO,2,P000598,115
1910,Jared,POLIS,REPRESENTATIVE,D,CO,2,P000598,115
1910,Jared,POLIS,REPRESENTATIVE,D,CO,2,P000598,115
1751,Michael,BURGESS,REPRESENTATIVE,R,TX,26,B001248,115
1910,Jared,POLIS,REPRESENTATIVE,D,CO,2,P000598,115
1910,Jared,POLIS,REPRESENTATIVE,D,CO,2,P000598,115
1751,Michael,BURGESS,REPRESENTATIVE,R,TX,26,B001248,115
1910,Jared,POLIS,REPRESENTATIVE,D,CO,2,P000598,115
1910,Jared,POLIS,REPRESENTATIVE,D,CO,2,P000598,115
1751,Michael,BURGESS,REPRESENTATIVE,R,TX,26,B001248,115
1910,Jared,POLIS,REPRESENTATIVE,D,CO,2,P000598,115
1751,Michael,BURGESS,REPRESENTATIVE,R,TX,26,B001248,115
1751,Michael,BURGESS,REPRESENTATIVE,R,TX,26,B001248,115
1910,Jared,POLIS,REPRESENTATIVE,D,CO,2,P000598,115
1036,Charles,SCHUMER,SENATOR,D,NY,N/A,S000148,115
1177,Fred,UPTON,REPRESENTATIVE,R,MI,6,U000031,115
1177,Fred,UPTON,REPRESENTATIVE,R,MI,6,U000031,115
1177,Fred,UPTON,REPRESENTATIVE,R,MI,6,U000031,115
1003,Bobby,RUSH,REPRESENTATIVE,D,IL,1,R000515,115
1177,Fred,UPTON,REPRESENTATIVE,R,MI,6,U000031,115
2275,Dan,NEWHOUSE,REPRESENTATIVE,R,WA,4,N000189,115
1838,Gus,BILIRAKIS,REPRESENTATIVE,R,FL,12,B001257,115
1036,Charles,SCHUMER,SENATOR,D,NY,N/A,S000148,114
2134,Daniel,KILDEE,REPRESENTATIVE,D,MI,5,K000380,115
1806,Kenny,MARCHANT,REPRESENTATIVE,R,TX,24,M001158,115
1527,John,SHIMKUS,REPRESENTATIVE,R,IL,15,S000364,115
1527,John,SHIMKUS,REPRESENTATIVE,R,IL,15,S000364,115
1942,Paul,TONKO,REPRESENTATIVE,D,NY,20,T000469,115
1527,John,SHIMKUS,REPRESENTATIVE,R,IL,15,S000364,115
1955,Pete,OLSON,REPRESENTATIVE,R,TX,22,O000168,115
1942,Paul,TONKO,REPRESENTATIVE,D,NY,20,T000469,115
2107,Tony,CARDENAS,REPRESENTATIVE,D,CA,29,C001097,115
1527,John,SHIMKUS,REPRESENTATIVE,R,IL,15,S000364,115
1942,Paul,TONKO,REPRESENTATIVE,D,NY,20,T000469,115
1527,John,SHIMKUS,REPRESENTATIVE,R,IL,15,S000364,115
2307,Andy,BIGGS,N/A,R,AZ,N/A,B001302,115
1942,Paul,TONKO,REPRESENTATIVE,D,NY,20,T000469,115
2251,Debbie,DINGELL,REPRESENTATIVE,D,MI,12,D000624,115
1527,John,SHIMKUS,REPRESENTATIVE,R,IL,15,S000364,115
1942,Paul,TONKO,REPRESENTATIVE,D,NY,20,T000469,115
1814,Doris,MATSUI,REPRESENTATIVE,D,CA,6,M001163,115
1527,John,SHIMKUS,REPRESENTATIVE,R,IL,15,S000364,115
1992,Paul,GOSAR,REPRESENTATIVE,R,AZ,4,G000565,115
1942,Paul,TONKO,REPRESENTATIVE,D,NY,20,T000469,115
1942,Paul,TONKO,REPRESENTATIVE,D,NY,20,T000469,115
1942,Paul,TONKO,REPRESENTATIVE,D,NY,20,T000469,115
1942,Paul,TONKO,REPRESENTATIVE,D,NY,20,T000469,115
1942,Paul,TONKO,REPRESENTATIVE,D,NY,20,T000469,115
1857,Keith,ELLISON,REPRESENTATIVE,D,MN,5,E000288,115
1527,John,SHIMKUS,REPRESENTATIVE,R,IL,15,S000364,115
1012,Mark,SANFORD,REPRESENTATIVE,R,SC,2,S000051,115
1942,Paul,TONKO,REPRESENTATIVE,D,NY,20,T000469,115
2311,Nanette,BARRAGAN,N/A,D,CA,N/A,B001300,115
1527,John,SHIMKUS,REPRESENTATIVE,R,IL,15,S000364,115
1942,Paul,TONKO,REPRESENTATIVE,D,NY,20,T000469,115
1527,John,SHIMKUS,REPRESENTATIVE,R,IL,15,S000364,115
1527,John,SHIMKUS,REPRESENTATIVE,R,IL,15,S000364,115
1527,John,SHIMKUS,REPRESENTATIVE,R,IL,15,S000364,115
1527,John,SHIMKUS,REPRESENTATIVE,R,IL,15,S000364,115
1942,Paul,TONKO,REPRESENTATIVE,D,NY,20,T000469,115
1942,Paul,TONKO,REPRESENTATIVE,D,NY,20,T000469,115
1955,Pete,OLSON,REPRESENTATIVE,R,TX,22,O000168,115
1955,Pete,OLSON,REPRESENTATIVE,R,TX,22,O000168,115
1942,Paul,TONKO,REPRESENTATIVE,D,NY,20,T000469,115
1942,Paul,TONKO,REPRESENTATIVE,D,NY,20,T000469,115
2272,Donald,BEYER,REPRESENTATIVE,D,VA,8,B001292,115
2272,Donald,BEYER,REPRESENTATIVE,D,VA,8,B001292,115
1527,John,SHIMKUS,REPRESENTATIVE,R,IL,15,S000364,115
1527,John,SHIMKUS,REPRESENTATIVE,R,IL,15,S000364,115
2272,Donald,BEYER,REPRESENTATIVE,D,VA,8,B001292,115
1527,John,SHIMKUS,REPRESENTATIVE,R,IL,15,S000364,115
2272,Donald,BEYER,REPRESENTATIVE,D,VA,8,B001292,115
1910,Jared,POLIS,REPRESENTATIVE,D,CO,2,P000598,115
1910,Jared,POLIS,REPRESENTATIVE,D,CO,2,P000598,115
1527,John,SHIMKUS,REPRESENTATIVE,R,IL,15,S000364,115
1527,John,SHIMKUS,REPRESENTATIVE,R,IL,15,S000364,115
1910,Jared,POLIS,REPRESENTATIVE,D,CO,2,P000598,115
1527,John,SHIMKUS,REPRESENTATIVE,R,IL,15,S000364,115
1910,Jared,POLIS,REPRESENTATIVE,D,CO,2,P000598,115
1955,Pete,OLSON,REPRESENTATIVE,R,TX,22,O000168,115
1955,Pete,OLSON,REPRESENTATIVE,R,TX,22,O000168,115
1955,Pete,OLSON,REPRESENTATIVE,R,TX,22,O000168,115
1527,John,SHIMKUS,REPRESENTATIVE,R,IL,15,S000364,115
1527,John,SHIMKUS,REPRESENTATIVE,R,IL,15,S000364,115
1527,John,SHIMKUS,REPRESENTATIVE,R,IL,15,S000364,115
2159,Matt,CARTWRIGHT,REPRESENTATIVE,D,PA,17,C001090,115
2159,Matt,CARTWRIGHT,REPRESENTATIVE,D,PA,17,C001090,115
2159,Matt,CARTWRIGHT,REPRESENTATIVE,D,PA,17,C001090,115
1527,John,SHIMKUS,REPRESENTATIVE,R,IL,15,S000364,115
1527,John,SHIMKUS,REPRESENTATIVE,R,IL,15,S000364,115
2159,Matt,CARTWRIGHT,REPRESENTATIVE,D,PA,17,C001090,115
1942,Paul,TONKO,REPRESENTATIVE,D,NY,20,T000469,115
1602,Grace,NAPOLITANO,REPRESENTATIVE,D,CA,32,N000179,115
2176,Tim,KAINE,SENATOR,D,VA,N/A,K000384,115
1604,Joseph,CROWLEY,REPRESENTATIVE,D,NY,14,C001038,115
1910,Jared,POLIS,REPRESENTATIVE,D,CO,2,P000598,115
2297,James,COMER,N/A,R,KY,N/A,C001108,115
1681,Bill,SHUSTER,REPRESENTATIVE,R,PA,9,S001154,115
2055,David,CICILLINE,REPRESENTATIVE,D,RI,1,C001084,115
511,Alcee,HASTINGS,REPRESENTATIVE,D,FL,20,H000324,115
2274,Stacey,PLASKETT,DELEGATE,D,VI,N/A,P000610,115
1692,John,CORNYN,SENATOR,R,TX,N/A,C001056,115
326,Richard,DURBIN,SENATOR,D,IL,N/A,D000563,115
2290,Dan,SULLIVAN,SENATOR,R,AK,N/A,S001198,115
1608,Johnny,ISAKSON,SENATOR,R,GA,N/A,I000055,115
1900,Jeff,MERKLEY,SENATOR,D,OR,N/A,M001176,115
1910,Jared,POLIS,REPRESENTATIVE,D,CO,2,P000598,115
2055,David,CICILLINE,REPRESENTATIVE,D,RI,1,C001084,115
2322,Brian,MAST,N/A,R,FL,N/A,M001199,115
