speaker_id,first_name,last_name,type,party,state,district,bio_guide_id,congress_id
1913,James,HIMES,REPRESENTATIVE,D,CT,4,H001047,115
1930,Erik,PAULSEN,REPRESENTATIVE,R,MN,3,P000594,115
1596,Greg,WALDEN,REPRESENTATIVE,R,OR,2,W000791,115
2018,Larry,BUCSHON,REPRESENTATIVE,R,IN,8,B001275,115
2275,Dan,NEWHOUSE,REPRESENTATIVE,R,WA,4,N000189,115
2158,Keith,ROTHFUS,REPRESENTATIVE,R,PA,12,R000598,115
186,Steve,CHABOT,REPRESENTATIVE,R,OH,1,C000266,115
616,Marcy,KAPTUR,REPRESENTATIVE,D,OH,8,K000009,115
2355,Mike,GALLAGHER,N/A,R,WI,N/A,G000579,115
99,Earl,BLUMENAUER,REPRESENTATIVE,D,OR,3,B000574,115
2233,Ken,BUCK,REPRESENTATIVE,R,CO,4,B001297,115
99,Earl,BLUMENAUER,REPRESENTATIVE,D,OR,3,B000574,115
2128,Jackie,WALORSKI,REPRESENTATIVE,R,IN,2,W000813,115
2310,Salud,CARBAJAL,N/A,D,CA,N/A,C001112,115
2142,Mark,MEADOWS,REPRESENTATIVE,R,NC,11,M001187,115
1654,Wm.,CLAY,REPRESENTATIVE,D,MO,1,C001049,115
1602,Grace,NAPOLITANO,REPRESENTATIVE,D,CA,32,N000179,115
2092,Suzanne,BONAMICI,REPRESENTATIVE,D,OR,1,B001278,115
2233,Ken,BUCK,REPRESENTATIVE,R,CO,4,B001297,115
2233,Ken,BUCK,REPRESENTATIVE,R,CO,4,B001297,115
2233,Ken,BUCK,REPRESENTATIVE,R,CO,4,B001297,115
2233,Ken,BUCK,REPRESENTATIVE,R,CO,4,B001297,115
1910,Jared,POLIS,REPRESENTATIVE,D,CO,2,P000598,115
1910,Jared,POLIS,REPRESENTATIVE,D,CO,2,P000598,115
1910,Jared,POLIS,REPRESENTATIVE,D,CO,2,P000598,115
2233,Ken,BUCK,REPRESENTATIVE,R,CO,4,B001297,115
2233,Ken,BUCK,REPRESENTATIVE,R,CO,4,B001297,115
1910,Jared,POLIS,REPRESENTATIVE,D,CO,2,P000598,115
2233,Ken,BUCK,REPRESENTATIVE,R,CO,4,B001297,115
2328,Roger,MARSHALL,N/A,R,KS,N/A,M001198,115
1910,Jared,POLIS,REPRESENTATIVE,D,CO,2,P000598,115
2233,Ken,BUCK,REPRESENTATIVE,R,CO,4,B001297,115
1910,Jared,POLIS,REPRESENTATIVE,D,CO,2,P000598,115
1588,Janice,SCHAKOWSKY,REPRESENTATIVE,D,IL,9,S001145,115
2233,Ken,BUCK,REPRESENTATIVE,R,CO,4,B001297,115
1910,Jared,POLIS,REPRESENTATIVE,D,CO,2,P000598,115
2233,Ken,BUCK,REPRESENTATIVE,R,CO,4,B001297,115
1910,Jared,POLIS,REPRESENTATIVE,D,CO,2,P000598,115
2233,Ken,BUCK,REPRESENTATIVE,R,CO,4,B001297,115
1910,Jared,POLIS,REPRESENTATIVE,D,CO,2,P000598,115
1910,Jared,POLIS,REPRESENTATIVE,D,CO,2,P000598,115
2233,Ken,BUCK,REPRESENTATIVE,R,CO,4,B001297,115
1910,Jared,POLIS,REPRESENTATIVE,D,CO,2,P000598,115
2233,Ken,BUCK,REPRESENTATIVE,R,CO,4,B001297,115
1910,Jared,POLIS,REPRESENTATIVE,D,CO,2,P000598,115
2233,Ken,BUCK,REPRESENTATIVE,R,CO,4,B001297,115
1910,Jared,POLIS,REPRESENTATIVE,D,CO,2,P000598,115
2340,Ruben,KIHUEN,N/A,D,NV,N/A,K000390,115
2233,Ken,BUCK,REPRESENTATIVE,R,CO,4,B001297,115
1910,Jared,POLIS,REPRESENTATIVE,D,CO,2,P000598,115
2233,Ken,BUCK,REPRESENTATIVE,R,CO,4,B001297,115
2233,Ken,BUCK,REPRESENTATIVE,R,CO,4,B001297,115
1910,Jared,POLIS,REPRESENTATIVE,D,CO,2,P000598,115
2354,Pramila,JAYAPAL,N/A,D,WA,N/A,J000298,115
1910,Jared,POLIS,REPRESENTATIVE,D,CO,2,P000598,115
1602,Grace,NAPOLITANO,REPRESENTATIVE,D,CA,32,N000179,115
1828,Robert,CASEY,SENATOR,D,PA,N/A,C001070,115
2226,Ruben,GALLEGO,REPRESENTATIVE,D,AZ,7,G000574,115
1351,Orrin,HATCH,SENATOR,R,UT,N/A,H000338,115
1534,John,THUNE,SENATOR,R,SD,N/A,T000250,115
2350,Jodey,ARRINGTON,N/A,R,TX,N/A,A000375,115
2344,Claudia,TENNEY,N/A,R,NY,N/A,T000478,115
2103,Paul,COOK,REPRESENTATIVE,R,CA,8,C001094,115
2103,Paul,COOK,REPRESENTATIVE,R,CA,8,C001094,115
2103,Paul,COOK,REPRESENTATIVE,R,CA,8,C001094,115
2272,Donald,BEYER,REPRESENTATIVE,D,VA,8,B001292,115
2103,Paul,COOK,REPRESENTATIVE,R,CA,8,C001094,115
2272,Donald,BEYER,REPRESENTATIVE,D,VA,8,B001292,115
2229,Pete,AGUILAR,REPRESENTATIVE,D,CA,31,A000371,115
2272,Donald,BEYER,REPRESENTATIVE,D,VA,8,B001292,115
2103,Paul,COOK,REPRESENTATIVE,R,CA,8,C001094,115
2103,Paul,COOK,REPRESENTATIVE,R,CA,8,C001094,115
616,Marcy,KAPTUR,REPRESENTATIVE,D,OH,8,K000009,115
1757,Linda,SANCHEZ,REPRESENTATIVE,D,CA,38,S001156,115
1247,Ron,WYDEN,SENATOR,D,OR,N/A,W000779,115
174,Benjamin,CARDIN,SENATOR,D,MD,N/A,C000141,115
1247,Ron,WYDEN,SENATOR,D,OR,N/A,W000779,115
1247,Ron,WYDEN,SENATOR,D,OR,N/A,W000779,115
174,Benjamin,CARDIN,SENATOR,D,MD,N/A,C000141,115
174,Benjamin,CARDIN,SENATOR,D,MD,N/A,C000141,115
179,Thomas,CARPER,SENATOR,D,DE,N/A,C000174,115
1247,Ron,WYDEN,SENATOR,D,OR,N/A,W000779,115
1247,Ron,WYDEN,SENATOR,D,OR,N/A,W000779,115
179,Thomas,CARPER,SENATOR,D,DE,N/A,C000174,115
1247,Ron,WYDEN,SENATOR,D,OR,N/A,W000779,115
179,Thomas,CARPER,SENATOR,D,DE,N/A,C000174,115
1247,Ron,WYDEN,SENATOR,D,OR,N/A,W000779,115
172,Maria,CANTWELL,SENATOR,D,WA,N/A,C000127,115
1247,Ron,WYDEN,SENATOR,D,OR,N/A,W000779,115
179,Thomas,CARPER,SENATOR,D,DE,N/A,C000174,115
179,Thomas,CARPER,SENATOR,D,DE,N/A,C000174,115
1247,Ron,WYDEN,SENATOR,D,OR,N/A,W000779,115
1897,Mark,WARNER,SENATOR,D,VA,N/A,W000805,115
1247,Ron,WYDEN,SENATOR,D,OR,N/A,W000779,115
1897,Mark,WARNER,SENATOR,D,VA,N/A,W000805,115
1247,Ron,WYDEN,SENATOR,D,OR,N/A,W000779,115
791,Robert,MENENDEZ,SENATOR,D,NJ,N/A,M000639,115
791,Robert,MENENDEZ,SENATOR,D,NJ,N/A,M000639,115
1247,Ron,WYDEN,SENATOR,D,OR,N/A,W000779,115
1828,Robert,CASEY,SENATOR,D,PA,N/A,C001070,115
1828,Robert,CASEY,SENATOR,D,PA,N/A,C001070,115
1247,Ron,WYDEN,SENATOR,D,OR,N/A,W000779,115
1409,Patty,MURRAY,SENATOR,D,WA,N/A,M001111,115
2182,Elizabeth,WARREN,SENATOR,D,MA,N/A,W000817,115
2182,Elizabeth,WARREN,SENATOR,D,MA,N/A,W000817,115
1823,Sheldon,WHITEHOUSE,SENATOR,D,RI,N/A,W000802,115
2345,Brian,FITZPATRICK,REPRESENTATIVE,R,PA,8,F000466,115
2345,Brian,FITZPATRICK,REPRESENTATIVE,R,PA,8,F000466,115
2307,Andy,BIGGS,N/A,R,AZ,N/A,B001302,115
2169,Derek,KILMER,REPRESENTATIVE,D,WA,6,K000381,115
2291,Thom,TILLIS,SENATOR,R,NC,N/A,T000476,115
2076,Richard,BLUMENTHAL,SENATOR,D,CT,N/A,B001277,115
2173,Brian,SCHATZ,SENATOR,D,HI,N/A,S001194,115
1837,Christopher,MURPHY,SENATOR,D,CT,N/A,M001169,115
1828,Robert,CASEY,SENATOR,D,PA,N/A,C001070,115
1828,Robert,CASEY,SENATOR,D,PA,N/A,C001070,115
2182,Elizabeth,WARREN,SENATOR,D,MA,N/A,W000817,115
1965,Michael,BENNET,SENATOR,D,CO,N/A,B001267,115
1965,Michael,BENNET,SENATOR,D,CO,N/A,B001267,115
1801,Louie,GOHMERT,REPRESENTATIVE,R,TX,1,G000552,115
2256,David,ROUZER,REPRESENTATIVE,R,NC,7,R000603,115
2291,Thom,TILLIS,SENATOR,R,NC,N/A,T000476,115
2134,Daniel,KILDEE,REPRESENTATIVE,D,MI,5,K000380,115
2131,Andy,BARR,REPRESENTATIVE,R,KY,11,B001282,115
2288,Mike,ROUNDS,N/A,R,SD,N/A,R000605,115
2138,Steve,DAINES,SENATOR,R,MT,N/A,D000618,115
1933,Gregg,HARPER,REPRESENTATIVE,R,MS,3,H001045,115
1383,Patrick,LEAHY,SENATOR,D,VT,N/A,L000174,115
1910,Jared,POLIS,REPRESENTATIVE,D,CO,2,P000598,115
1774,Jim,COSTA,REPRESENTATIVE,D,CA,16,C001059,115
1226,Roger,WICKER,SENATOR,R,MS,N/A,W000437,115
1801,Louie,GOHMERT,REPRESENTATIVE,R,TX,1,G000552,115
344,Eliot,ENGEL,REPRESENTATIVE,D,NY,16,E000179,115
344,Eliot,ENGEL,REPRESENTATIVE,D,NY,16,E000179,115
2055,David,CICILLINE,REPRESENTATIVE,D,RI,1,C001084,115
344,Eliot,ENGEL,REPRESENTATIVE,D,NY,16,E000179,115
1959,Gerald,CONNOLLY,REPRESENTATIVE,D,VA,11,C001078,115
344,Eliot,ENGEL,REPRESENTATIVE,D,NY,16,E000179,115
1791,Virginia,FOXX,REPRESENTATIVE,R,NC,5,F000450,115
1984,Christopher,COONS,SENATOR,D,DE,N/A,C001088,115
1838,Gus,BILIRAKIS,REPRESENTATIVE,R,FL,12,B001257,115
2103,Paul,COOK,REPRESENTATIVE,R,CA,8,C001094,115
2103,Paul,COOK,REPRESENTATIVE,R,CA,8,C001094,115
2103,Paul,COOK,REPRESENTATIVE,R,CA,8,C001094,115
2272,Donald,BEYER,REPRESENTATIVE,D,VA,8,B001292,115
2103,Paul,COOK,REPRESENTATIVE,R,CA,8,C001094,115
2103,Paul,COOK,REPRESENTATIVE,R,CA,8,C001094,115
2103,Paul,COOK,REPRESENTATIVE,R,CA,8,C001094,115
2103,Paul,COOK,REPRESENTATIVE,R,CA,8,C001094,115
2103,Paul,COOK,REPRESENTATIVE,R,CA,8,C001094,115
1834,Doug,LAMBORN,REPRESENTATIVE,R,CO,5,L000564,115
2272,Donald,BEYER,REPRESENTATIVE,D,VA,8,B001292,115
2103,Paul,COOK,REPRESENTATIVE,R,CA,8,C001094,115
2275,Dan,NEWHOUSE,REPRESENTATIVE,R,WA,4,N000189,115
344,Eliot,ENGEL,REPRESENTATIVE,D,NY,16,E000179,115
344,Eliot,ENGEL,REPRESENTATIVE,D,NY,16,E000179,115
905,Nancy,PELOSI,REPRESENTATIVE,D,CA,12,P000197,115
344,Eliot,ENGEL,REPRESENTATIVE,D,NY,16,E000179,115
1959,Gerald,CONNOLLY,REPRESENTATIVE,D,VA,11,C001078,115
344,Eliot,ENGEL,REPRESENTATIVE,D,NY,16,E000179,115
344,Eliot,ENGEL,REPRESENTATIVE,D,NY,16,E000179,115
566,Steny,HOYER,REPRESENTATIVE,D,MD,5,H000874,115
344,Eliot,ENGEL,REPRESENTATIVE,D,NY,16,E000179,115
2103,Paul,COOK,REPRESENTATIVE,R,CA,8,C001094,115
2103,Paul,COOK,REPRESENTATIVE,R,CA,8,C001094,115
2103,Paul,COOK,REPRESENTATIVE,R,CA,8,C001094,115
2272,Donald,BEYER,REPRESENTATIVE,D,VA,8,B001292,115
1604,Joseph,CROWLEY,REPRESENTATIVE,D,NY,14,C001038,115
2272,Donald,BEYER,REPRESENTATIVE,D,VA,8,B001292,115
2103,Paul,COOK,REPRESENTATIVE,R,CA,8,C001094,115
2103,Paul,COOK,REPRESENTATIVE,R,CA,8,C001094,115
2153,Joyce,BEATTY,REPRESENTATIVE,D,OH,3,B001281,115
1823,Sheldon,WHITEHOUSE,SENATOR,D,RI,N/A,W000802,115
1534,John,THUNE,SENATOR,R,SD,N/A,T000250,115
1531,Debbie,STABENOW,SENATOR,D,MI,N/A,S000770,115
2103,Paul,COOK,REPRESENTATIVE,R,CA,8,C001094,115
2103,Paul,COOK,REPRESENTATIVE,R,CA,8,C001094,115
2103,Paul,COOK,REPRESENTATIVE,R,CA,8,C001094,115
2272,Donald,BEYER,REPRESENTATIVE,D,VA,8,B001292,115
2103,Paul,COOK,REPRESENTATIVE,R,CA,8,C001094,115
2272,Donald,BEYER,REPRESENTATIVE,D,VA,8,B001292,115
208,James,CLYBURN,REPRESENTATIVE,D,SC,6,C000537,115
2103,Paul,COOK,REPRESENTATIVE,R,CA,8,C001094,115
2272,Donald,BEYER,REPRESENTATIVE,D,VA,8,B001292,115
2201,Alma,ADAMS,REPRESENTATIVE,D,NC,12,A000370,115
2103,Paul,COOK,REPRESENTATIVE,R,CA,8,C001094,115
2272,Donald,BEYER,REPRESENTATIVE,D,VA,8,B001292,115
2272,Donald,BEYER,REPRESENTATIVE,D,VA,8,B001292,115
1761,G.,BUTTERFIELD,REPRESENTATIVE,D,NC,1,B001251,115
2272,Donald,BEYER,REPRESENTATIVE,D,VA,8,B001292,115
2272,Donald,BEYER,REPRESENTATIVE,D,VA,8,B001292,115
2103,Paul,COOK,REPRESENTATIVE,R,CA,8,C001094,115
2272,Donald,BEYER,REPRESENTATIVE,D,VA,8,B001292,115
2103,Paul,COOK,REPRESENTATIVE,R,CA,8,C001094,115
2103,Paul,COOK,REPRESENTATIVE,R,CA,8,C001094,115
2103,Paul,COOK,REPRESENTATIVE,R,CA,8,C001094,115
2272,Donald,BEYER,REPRESENTATIVE,D,VA,8,B001292,115
2103,Paul,COOK,REPRESENTATIVE,R,CA,8,C001094,115
1791,Virginia,FOXX,REPRESENTATIVE,R,NC,5,F000450,115
1791,Virginia,FOXX,REPRESENTATIVE,R,NC,5,F000450,115
1855,Tim,WALBERG,REPRESENTATIVE,R,MI,7,W000798,115
1542,Michael,ENZI,SENATOR,R,WY,N/A,E000285,115
1531,Debbie,STABENOW,SENATOR,D,MI,N/A,S000770,115
1226,Roger,WICKER,SENATOR,R,MS,N/A,W000437,115
