speaker_id,first_name,last_name,type,party,state,district,bio_guide_id,congress_id
924,Rob,PORTMAN,SENATOR,R,OH,N/A,P000449,115
2097,Donald,PAYNE,REPRESENTATIVE,D,NJ,10,P000604,115
2344,Claudia,TENNEY,N/A,R,NY,N/A,T000478,115
924,Rob,PORTMAN,SENATOR,R,OH,N/A,P000449,115
2342,Adriano,ESPAILLAT,N/A,D,NY,N/A,E000297,115
1749,Jeb,HENSARLING,REPRESENTATIVE,R,TX,5,H001036,115
2050,James,LANKFORD,SENATOR,R,OK,N/A,L000575,115
1464,Roy,BLUNT,SENATOR,R,MO,N/A,B000575,115
2050,James,LANKFORD,SENATOR,R,OK,N/A,L000575,115
1464,Roy,BLUNT,SENATOR,R,MO,N/A,B000575,115
2283,Joni,ERNST,SENATOR,R,IA,N/A,E000295,115
2050,James,LANKFORD,SENATOR,R,OK,N/A,L000575,115
2289,Ben,SASSE,SENATOR,R,NE,N/A,S001197,115
2050,James,LANKFORD,SENATOR,R,OK,N/A,L000575,115
2138,Steve,DAINES,SENATOR,R,MT,N/A,D000618,115
2050,James,LANKFORD,SENATOR,R,OK,N/A,L000575,115
566,Steny,HOYER,REPRESENTATIVE,D,MD,5,H000874,115
1542,Michael,ENZI,SENATOR,R,WY,N/A,E000285,115
1749,Jeb,HENSARLING,REPRESENTATIVE,R,TX,5,H001036,115
1749,Jeb,HENSARLING,REPRESENTATIVE,R,TX,5,H001036,115
1749,Jeb,HENSARLING,REPRESENTATIVE,R,TX,5,H001036,115
1749,Jeb,HENSARLING,REPRESENTATIVE,R,TX,5,H001036,115
2253,Tom,EMMER,REPRESENTATIVE,R,MN,6,E000294,115
2321,Charlie,CRIST,N/A,D,FL,N/A,C001111,115
1749,Jeb,HENSARLING,REPRESENTATIVE,R,TX,5,H001036,115
1931,Blaine,LUETKEMEYER,REPRESENTATIVE,R,MO,3,L000569,115
1749,Jeb,HENSARLING,REPRESENTATIVE,R,TX,5,H001036,115
711,Frank,LUCAS,REPRESENTATIVE,R,OK,3,L000491,115
1749,Jeb,HENSARLING,REPRESENTATIVE,R,TX,5,H001036,115
1997,Scott,TIPTON,REPRESENTATIVE,R,CO,3,T000470,115
1857,Keith,ELLISON,REPRESENTATIVE,D,MN,5,E000288,115
1749,Jeb,HENSARLING,REPRESENTATIVE,R,TX,5,H001036,115
2223,J.,HILL,REPRESENTATIVE,R,AR,2,H001072,115
1857,Keith,ELLISON,REPRESENTATIVE,D,MN,5,E000288,115
1749,Jeb,HENSARLING,REPRESENTATIVE,R,TX,5,H001036,115
2238,Barry,LOUDERMILK,REPRESENTATIVE,R,GA,11,L000583,115
1749,Jeb,HENSARLING,REPRESENTATIVE,R,TX,5,H001036,115
2238,Barry,LOUDERMILK,REPRESENTATIVE,R,GA,11,L000583,115
1857,Keith,ELLISON,REPRESENTATIVE,D,MN,5,E000288,115
1749,Jeb,HENSARLING,REPRESENTATIVE,R,TX,5,H001036,115
1857,Keith,ELLISON,REPRESENTATIVE,D,MN,5,E000288,115
1857,Keith,ELLISON,REPRESENTATIVE,D,MN,5,E000288,115
1749,Jeb,HENSARLING,REPRESENTATIVE,R,TX,5,H001036,115
1749,Jeb,HENSARLING,REPRESENTATIVE,R,TX,5,H001036,115
1857,Keith,ELLISON,REPRESENTATIVE,D,MN,5,E000288,115
1857,Keith,ELLISON,REPRESENTATIVE,D,MN,5,E000288,115
1857,Keith,ELLISON,REPRESENTATIVE,D,MN,5,E000288,115
1749,Jeb,HENSARLING,REPRESENTATIVE,R,TX,5,H001036,115
1749,Jeb,HENSARLING,REPRESENTATIVE,R,TX,5,H001036,115
1857,Keith,ELLISON,REPRESENTATIVE,D,MN,5,E000288,115
2272,Donald,BEYER,REPRESENTATIVE,D,VA,8,B001292,115
2052,Patrick,MEEHAN,REPRESENTATIVE,R,PA,7,M001181,115
1695,Lamar,ALEXANDER,SENATOR,R,TN,N/A,A000360,115
1901,Jeanne,SHAHEEN,SENATOR,D,NH,N/A,S001181,115
1501,Barbara,LEE,REPRESENTATIVE,D,CA,13,L000551,115
1856,Timothy,WALZ,REPRESENTATIVE,D,MN,1,W000799,115
457,Chuck,GRASSLEY,SENATOR,R,IA,N/A,G000386,115
1825,Bob,CORKER,SENATOR,R,TN,N/A,C001071,115
2244,Ralph,ABRAHAM,REPRESENTATIVE,R,LA,5,A000374,115
2342,Adriano,ESPAILLAT,N/A,D,NY,N/A,E000297,115
2342,Adriano,ESPAILLAT,N/A,D,NY,N/A,E000297,115
2342,Adriano,ESPAILLAT,N/A,D,NY,N/A,E000297,115
1507,Jerry,MORAN,SENATOR,R,KS,N/A,M000934,115
1507,Jerry,MORAN,SENATOR,R,KS,N/A,M000934,115
1881,John,BARRASSO,SENATOR,R,WY,N/A,B001261,115
1844,Mazie,HIRONO,SENATOR,D,HI,N/A,H001042,115
2291,Thom,TILLIS,SENATOR,R,NC,N/A,T000476,115
2291,Thom,TILLIS,SENATOR,R,NC,N/A,T000476,115
457,Chuck,GRASSLEY,SENATOR,R,IA,N/A,G000386,115
2288,Mike,ROUNDS,N/A,R,SD,N/A,R000605,115
174,Benjamin,CARDIN,SENATOR,D,MD,N/A,C000141,115
1881,John,BARRASSO,SENATOR,R,WY,N/A,B001261,115
1881,John,BARRASSO,SENATOR,R,WY,N/A,B001261,115
1897,Mark,WARNER,SENATOR,D,VA,N/A,W000805,115
1897,Mark,WARNER,SENATOR,D,VA,N/A,W000805,115
153,Richard,BURR,SENATOR,R,NC,N/A,B001135,115
153,Richard,BURR,SENATOR,R,NC,N/A,B001135,115
1692,John,CORNYN,SENATOR,R,TX,N/A,C001056,115
2019,Todd,YOUNG,REPRESENTATIVE,R,IN,0,Y000064,115
1901,Jeanne,SHAHEEN,SENATOR,D,NH,N/A,S001181,115
457,Chuck,GRASSLEY,SENATOR,R,IA,N/A,G000386,115
326,Richard,DURBIN,SENATOR,D,IL,N/A,D000563,115
566,Steny,HOYER,REPRESENTATIVE,D,MD,5,H000874,115
566,Steny,HOYER,REPRESENTATIVE,D,MD,5,H000874,115
2286,David,PERDUE,SENATOR,R,GA,N/A,P000612,115
924,Rob,PORTMAN,SENATOR,R,OH,N/A,P000449,115
1010,Bernard,SANDERS,SENATOR,I,VT,N/A,S000033,115
1049,Richard,SHELBY,SENATOR,R,AL,N/A,S000320,115
924,Rob,PORTMAN,SENATOR,R,OH,N/A,P000449,115
2345,Brian,FITZPATRICK,REPRESENTATIVE,R,PA,8,F000466,115
2345,Brian,FITZPATRICK,REPRESENTATIVE,R,PA,8,F000466,115
1986,Martha,ROBY,REPRESENTATIVE,R,AL,2,R000591,115
1986,Martha,ROBY,REPRESENTATIVE,R,AL,2,R000591,115
1986,Martha,ROBY,REPRESENTATIVE,R,AL,2,R000591,115
850,Jerrold,NADLER,REPRESENTATIVE,D,NY,10,N000002,115
1986,Martha,ROBY,REPRESENTATIVE,R,AL,2,R000591,115
2032,Vicky,HARTZLER,REPRESENTATIVE,R,MO,4,H001053,115
850,Jerrold,NADLER,REPRESENTATIVE,D,NY,10,N000002,115
2354,Pramila,JAYAPAL,N/A,D,WA,N/A,J000298,115
1986,Martha,ROBY,REPRESENTATIVE,R,AL,2,R000591,115
446,Bob,GOODLATTE,REPRESENTATIVE,R,VA,6,G000289,115
850,Jerrold,NADLER,REPRESENTATIVE,D,NY,10,N000002,115
2102,Ami,BERA,REPRESENTATIVE,D,CA,7,B001287,115
850,Jerrold,NADLER,REPRESENTATIVE,D,NY,10,N000002,115
2102,Ami,BERA,REPRESENTATIVE,D,CA,7,B001287,115
1986,Martha,ROBY,REPRESENTATIVE,R,AL,2,R000591,115
1791,Virginia,FOXX,REPRESENTATIVE,R,NC,5,F000450,115
850,Jerrold,NADLER,REPRESENTATIVE,D,NY,10,N000002,115
1878,Steve,COHEN,REPRESENTATIVE,D,TN,9,C001068,115
1986,Martha,ROBY,REPRESENTATIVE,R,AL,2,R000591,115
2063,Diane,BLACK,REPRESENTATIVE,R,TN,6,B001273,115
850,Jerrold,NADLER,REPRESENTATIVE,D,NY,10,N000002,115
850,Jerrold,NADLER,REPRESENTATIVE,D,NY,10,N000002,115
1986,Martha,ROBY,REPRESENTATIVE,R,AL,2,R000591,115
850,Jerrold,NADLER,REPRESENTATIVE,D,NY,10,N000002,115
1588,Janice,SCHAKOWSKY,REPRESENTATIVE,D,IL,9,S001145,115
1986,Martha,ROBY,REPRESENTATIVE,R,AL,2,R000591,115
2336,Ted,BUDD,REPRESENTATIVE,R,NC,1,B001305,115
1986,Martha,ROBY,REPRESENTATIVE,R,AL,2,R000591,115
2336,Ted,BUDD,REPRESENTATIVE,R,NC,1,B001305,115
850,Jerrold,NADLER,REPRESENTATIVE,D,NY,10,N000002,115
2092,Suzanne,BONAMICI,REPRESENTATIVE,D,OR,1,B001278,115
1986,Martha,ROBY,REPRESENTATIVE,R,AL,2,R000591,115
2060,Kristi,NOEM,REPRESENTATIVE,R,SD,0,N000184,115
850,Jerrold,NADLER,REPRESENTATIVE,D,NY,10,N000002,115
1986,Martha,ROBY,REPRESENTATIVE,R,AL,2,R000591,115
2334,Paul,MITCHELL,N/A,R,MI,N/A,M001201,115
850,Jerrold,NADLER,REPRESENTATIVE,D,NY,10,N000002,115
588,Sheila,LEE,REPRESENTATIVE,D,TX,13,J000032,115
850,Jerrold,NADLER,REPRESENTATIVE,D,NY,10,N000002,115
588,Sheila,LEE,REPRESENTATIVE,D,TX,13,J000032,115
1986,Martha,ROBY,REPRESENTATIVE,R,AL,2,R000591,115
2067,Blake,FARENTHOLD,REPRESENTATIVE,R,TX,27,F000460,115
850,Jerrold,NADLER,REPRESENTATIVE,D,NY,10,N000002,115
1986,Martha,ROBY,REPRESENTATIVE,R,AL,2,R000591,115
2158,Keith,ROTHFUS,REPRESENTATIVE,R,PA,12,R000598,115
850,Jerrold,NADLER,REPRESENTATIVE,D,NY,10,N000002,115
850,Jerrold,NADLER,REPRESENTATIVE,D,NY,10,N000002,115
1986,Martha,ROBY,REPRESENTATIVE,R,AL,2,R000591,115
1460,Robert,ADERHOLT,REPRESENTATIVE,R,AL,4,A000055,115
850,Jerrold,NADLER,REPRESENTATIVE,D,NY,10,N000002,115
1986,Martha,ROBY,REPRESENTATIVE,R,AL,2,R000591,115
850,Jerrold,NADLER,REPRESENTATIVE,D,NY,10,N000002,115
850,Jerrold,NADLER,REPRESENTATIVE,D,NY,10,N000002,115
1986,Martha,ROBY,REPRESENTATIVE,R,AL,2,R000591,115
2361,Ralph,NORMAN,N/A,R,SC,N/A,N000190,115
850,Jerrold,NADLER,REPRESENTATIVE,D,NY,10,N000002,115
1986,Martha,ROBY,REPRESENTATIVE,R,AL,2,R000591,115
1748,Marsha,BLACKBURN,REPRESENTATIVE,R,TN,7,B001243,115
850,Jerrold,NADLER,REPRESENTATIVE,D,NY,10,N000002,115
1986,Martha,ROBY,REPRESENTATIVE,R,AL,2,R000591,115
850,Jerrold,NADLER,REPRESENTATIVE,D,NY,10,N000002,115
1986,Martha,ROBY,REPRESENTATIVE,R,AL,2,R000591,115
2270,Brian,BABIN,REPRESENTATIVE,R,TX,36,B001291,115
850,Jerrold,NADLER,REPRESENTATIVE,D,NY,10,N000002,115
1534,John,THUNE,SENATOR,R,SD,N/A,T000250,115
1383,Patrick,LEAHY,SENATOR,D,VT,N/A,L000174,115
1383,Patrick,LEAHY,SENATOR,D,VT,N/A,L000174,115
616,Marcy,KAPTUR,REPRESENTATIVE,D,OH,8,K000009,115
924,Rob,PORTMAN,SENATOR,R,OH,N/A,P000449,115
2286,David,PERDUE,SENATOR,R,GA,N/A,P000612,115
1534,John,THUNE,SENATOR,R,SD,N/A,T000250,115
1049,Richard,SHELBY,SENATOR,R,AL,N/A,S000320,115
1049,Richard,SHELBY,SENATOR,R,AL,N/A,S000320,115
1049,Richard,SHELBY,SENATOR,R,AL,N/A,S000320,115
924,Rob,PORTMAN,SENATOR,R,OH,N/A,P000449,115
2142,Mark,MEADOWS,REPRESENTATIVE,R,NC,11,M001187,115
2115,Ted,YOHO,REPRESENTATIVE,R,FL,3,Y000065,115
2115,Ted,YOHO,REPRESENTATIVE,R,FL,3,Y000065,115
186,Steve,CHABOT,REPRESENTATIVE,R,OH,1,C000266,115
2115,Ted,YOHO,REPRESENTATIVE,R,FL,3,Y000065,115
2115,Ted,YOHO,REPRESENTATIVE,R,FL,3,Y000065,115
2293,Daniel,DONOVAN,REPRESENTATIVE,R,NY,11,D000625,115
2115,Ted,YOHO,REPRESENTATIVE,R,FL,3,Y000065,115
2015,Randy,HULTGREN,REPRESENTATIVE,R,IL,14,H001059,115
2115,Ted,YOHO,REPRESENTATIVE,R,FL,3,Y000065,115
2353,Thomas,GARRETT,REPRESENTATIVE,R,VA,5,G000580,115
2115,Ted,YOHO,REPRESENTATIVE,R,FL,3,Y000065,115
2353,Thomas,GARRETT,REPRESENTATIVE,R,VA,5,G000580,115
2115,Ted,YOHO,REPRESENTATIVE,R,FL,3,Y000065,115
2124,Bradley,SCHNEIDER,N/A,D,IL,N/A,S001190,115
2138,Steve,DAINES,SENATOR,R,MT,N/A,D000618,115
1881,John,BARRASSO,SENATOR,R,WY,N/A,B001261,115
1692,John,CORNYN,SENATOR,R,TX,N/A,C001056,115
1036,Charles,SCHUMER,SENATOR,D,NY,N/A,S000148,115
1507,Jerry,MORAN,SENATOR,R,KS,N/A,M000934,115
924,Rob,PORTMAN,SENATOR,R,OH,N/A,P000449,115
924,Rob,PORTMAN,SENATOR,R,OH,N/A,P000449,115
1692,John,CORNYN,SENATOR,R,TX,N/A,C001056,115
1036,Charles,SCHUMER,SENATOR,D,NY,N/A,S000148,115
1036,Charles,SCHUMER,SENATOR,D,NY,N/A,S000148,115
1036,Charles,SCHUMER,SENATOR,D,NY,N/A,S000148,115
1036,Charles,SCHUMER,SENATOR,D,NY,N/A,S000148,115
1036,Charles,SCHUMER,SENATOR,D,NY,N/A,S000148,115
1692,John,CORNYN,SENATOR,R,TX,N/A,C001056,115
326,Richard,DURBIN,SENATOR,D,IL,N/A,D000563,115
1395,Mitch,KING,REPRESENTATIVE,R,KY,4,M000355,115
1395,Mitch,KING,REPRESENTATIVE,R,KY,4,M000355,115
1036,Charles,SCHUMER,SENATOR,D,NY,N/A,S000148,115
2138,Steve,DAINES,SENATOR,R,MT,N/A,D000618,115
1036,Charles,SCHUMER,SENATOR,D,NY,N/A,S000148,115
1036,Charles,SCHUMER,SENATOR,D,NY,N/A,S000148,115
1588,Janice,SCHAKOWSKY,REPRESENTATIVE,D,IL,9,S001145,115
1825,Bob,CORKER,SENATOR,R,TN,N/A,C001071,115
2261,Lee,ZELDIN,REPRESENTATIVE,R,NY,1,Z000017,115
2340,Ruben,KIHUEN,N/A,D,NV,N/A,K000390,115
2158,Keith,ROTHFUS,REPRESENTATIVE,R,PA,12,R000598,115
414,Rodney,FRELINGHUYSEN,REPRESENTATIVE,R,NJ,11,F000372,115
414,Rodney,FRELINGHUYSEN,REPRESENTATIVE,R,NJ,11,F000372,115
414,Rodney,FRELINGHUYSEN,REPRESENTATIVE,R,NJ,11,F000372,115
414,Rodney,FRELINGHUYSEN,REPRESENTATIVE,R,NJ,11,F000372,115
709,Nita,LOWEY,REPRESENTATIVE,D,NY,17,L000480,115
414,Rodney,FRELINGHUYSEN,REPRESENTATIVE,R,NJ,11,F000372,115
709,Nita,LOWEY,REPRESENTATIVE,D,NY,17,L000480,115
566,Steny,HOYER,REPRESENTATIVE,D,MD,5,H000874,115
709,Nita,LOWEY,REPRESENTATIVE,D,NY,17,L000480,115
566,Steny,HOYER,REPRESENTATIVE,D,MD,5,H000874,115
709,Nita,LOWEY,REPRESENTATIVE,D,NY,17,L000480,115
566,Steny,HOYER,REPRESENTATIVE,D,MD,5,H000874,115
414,Rodney,FRELINGHUYSEN,REPRESENTATIVE,R,NJ,11,F000372,115
709,Nita,LOWEY,REPRESENTATIVE,D,NY,17,L000480,115
616,Marcy,KAPTUR,REPRESENTATIVE,D,OH,8,K000009,115
709,Nita,LOWEY,REPRESENTATIVE,D,NY,17,L000480,115
616,Marcy,KAPTUR,REPRESENTATIVE,D,OH,8,K000009,115
414,Rodney,FRELINGHUYSEN,REPRESENTATIVE,R,NJ,11,F000372,115
1596,Greg,WALDEN,REPRESENTATIVE,R,OR,2,W000791,115
709,Nita,LOWEY,REPRESENTATIVE,D,NY,17,L000480,115
887,Frank,PALLONE,REPRESENTATIVE,D,NJ,6,P000034,115
414,Rodney,FRELINGHUYSEN,REPRESENTATIVE,R,NJ,11,F000372,115
62,Joe,BARTON,REPRESENTATIVE,R,TX,6,B000213,115
709,Nita,LOWEY,REPRESENTATIVE,D,NY,17,L000480,115
414,Rodney,FRELINGHUYSEN,REPRESENTATIVE,R,NJ,11,F000372,115
709,Nita,LOWEY,REPRESENTATIVE,D,NY,17,L000480,115
709,Nita,LOWEY,REPRESENTATIVE,D,NY,17,L000480,115
414,Rodney,FRELINGHUYSEN,REPRESENTATIVE,R,NJ,11,F000372,115
1177,Fred,UPTON,REPRESENTATIVE,R,MI,6,U000031,115
709,Nita,LOWEY,REPRESENTATIVE,D,NY,17,L000480,115
414,Rodney,FRELINGHUYSEN,REPRESENTATIVE,R,NJ,11,F000372,115
709,Nita,LOWEY,REPRESENTATIVE,D,NY,17,L000480,115
1510,Bill,PASCRELL,REPRESENTATIVE,D,NJ,9,P000096,115
709,Nita,LOWEY,REPRESENTATIVE,D,NY,17,L000480,115
1510,Bill,PASCRELL,REPRESENTATIVE,D,NJ,9,P000096,115
414,Rodney,FRELINGHUYSEN,REPRESENTATIVE,R,NJ,11,F000372,115
1936,Leonard,LANCE,REPRESENTATIVE,R,NJ,7,L000567,115
709,Nita,LOWEY,REPRESENTATIVE,D,NY,17,L000480,115
2354,Pramila,JAYAPAL,N/A,D,WA,N/A,J000298,115
709,Nita,LOWEY,REPRESENTATIVE,D,NY,17,L000480,115
2354,Pramila,JAYAPAL,N/A,D,WA,N/A,J000298,115
414,Rodney,FRELINGHUYSEN,REPRESENTATIVE,R,NJ,11,F000372,115
1955,Pete,OLSON,REPRESENTATIVE,R,TX,22,O000168,115
709,Nita,LOWEY,REPRESENTATIVE,D,NY,17,L000480,115
414,Rodney,FRELINGHUYSEN,REPRESENTATIVE,R,NJ,11,F000372,115
1838,Gus,BILIRAKIS,REPRESENTATIVE,R,FL,12,B001257,115
709,Nita,LOWEY,REPRESENTATIVE,D,NY,17,L000480,115
414,Rodney,FRELINGHUYSEN,REPRESENTATIVE,R,NJ,11,F000372,115
2065,Bill,FLORES,REPRESENTATIVE,R,TX,17,F000461,115
709,Nita,LOWEY,REPRESENTATIVE,D,NY,17,L000480,115
414,Rodney,FRELINGHUYSEN,REPRESENTATIVE,R,NJ,11,F000372,115
709,Nita,LOWEY,REPRESENTATIVE,D,NY,17,L000480,115
414,Rodney,FRELINGHUYSEN,REPRESENTATIVE,R,NJ,11,F000372,115
2144,Kevin,CRAMER,REPRESENTATIVE,R,ND,0,C001096,115
709,Nita,LOWEY,REPRESENTATIVE,D,NY,17,L000480,115
414,Rodney,FRELINGHUYSEN,REPRESENTATIVE,R,NJ,11,F000372,115
709,Nita,LOWEY,REPRESENTATIVE,D,NY,17,L000480,115
905,Nancy,PELOSI,REPRESENTATIVE,D,CA,12,P000197,115
414,Rodney,FRELINGHUYSEN,REPRESENTATIVE,R,NJ,11,F000372,115
1855,Tim,WALBERG,REPRESENTATIVE,R,MI,7,W000798,115
414,Rodney,FRELINGHUYSEN,REPRESENTATIVE,R,NJ,11,F000372,115
1855,Tim,WALBERG,REPRESENTATIVE,R,MI,7,W000798,115
709,Nita,LOWEY,REPRESENTATIVE,D,NY,17,L000480,115
887,Frank,PALLONE,REPRESENTATIVE,D,NJ,6,P000034,115
414,Rodney,FRELINGHUYSEN,REPRESENTATIVE,R,NJ,11,F000372,115
709,Nita,LOWEY,REPRESENTATIVE,D,NY,17,L000480,115
414,Rodney,FRELINGHUYSEN,REPRESENTATIVE,R,NJ,11,F000372,115
1596,Greg,WALDEN,REPRESENTATIVE,R,OR,2,W000791,115
414,Rodney,FRELINGHUYSEN,REPRESENTATIVE,R,NJ,11,F000372,115
414,Rodney,FRELINGHUYSEN,REPRESENTATIVE,R,NJ,11,F000372,115
1184,Nydia,VELAZQUEZ,REPRESENTATIVE,D,NY,7,V000081,115
2239,Rick,ALLEN,REPRESENTATIVE,R,GA,12,A000372,115
2345,Brian,FITZPATRICK,REPRESENTATIVE,R,PA,8,F000466,115
2308,Ro,KHANNA,N/A,D,CA,N/A,K000389,115
2343,John,FASO,N/A,R,NY,N/A,F000464,115
457,Chuck,GRASSLEY,SENATOR,R,IA,N/A,G000386,115
1742,Tom,COLE,REPRESENTATIVE,R,OK,12,C001053,115
1742,Tom,COLE,REPRESENTATIVE,R,OK,12,C001053,115
1742,Tom,COLE,REPRESENTATIVE,R,OK,12,C001053,115
1742,Tom,COLE,REPRESENTATIVE,R,OK,12,C001053,115
1069,Louise,SLAUGHTER,REPRESENTATIVE,D,NY,25,S000480,115
1742,Tom,COLE,REPRESENTATIVE,R,OK,12,C001053,115
1069,Louise,SLAUGHTER,REPRESENTATIVE,D,NY,25,S000480,115
1069,Louise,SLAUGHTER,REPRESENTATIVE,D,NY,25,S000480,115
208,James,CLYBURN,REPRESENTATIVE,D,SC,6,C000537,115
1742,Tom,COLE,REPRESENTATIVE,R,OK,12,C001053,115
1069,Louise,SLAUGHTER,REPRESENTATIVE,D,NY,25,S000480,115
1742,Tom,COLE,REPRESENTATIVE,R,OK,12,C001053,115
1069,Louise,SLAUGHTER,REPRESENTATIVE,D,NY,25,S000480,115
588,Sheila,LEE,REPRESENTATIVE,D,TX,13,J000032,115
1069,Louise,SLAUGHTER,REPRESENTATIVE,D,NY,25,S000480,115
588,Sheila,LEE,REPRESENTATIVE,D,TX,13,J000032,115
1742,Tom,COLE,REPRESENTATIVE,R,OK,12,C001053,115
1742,Tom,COLE,REPRESENTATIVE,R,OK,12,C001053,115
1069,Louise,SLAUGHTER,REPRESENTATIVE,D,NY,25,S000480,115
1742,Tom,COLE,REPRESENTATIVE,R,OK,12,C001053,115
1069,Louise,SLAUGHTER,REPRESENTATIVE,D,NY,25,S000480,115
1742,Tom,COLE,REPRESENTATIVE,R,OK,12,C001053,115
1742,Tom,COLE,REPRESENTATIVE,R,OK,12,C001053,115
1069,Louise,SLAUGHTER,REPRESENTATIVE,D,NY,25,S000480,115
1069,Louise,SLAUGHTER,REPRESENTATIVE,D,NY,25,S000480,115
