speaker_id,first_name,last_name,type,party,state,district,bio_guide_id,congress_id
2345,Brian,FITZPATRICK,REPRESENTATIVE,R,PA,8,F000466,115
2345,Brian,FITZPATRICK,REPRESENTATIVE,R,PA,8,F000466,115
1588,Janice,SCHAKOWSKY,REPRESENTATIVE,D,IL,9,S001145,114
1976,Theodore,DEUTCH,REPRESENTATIVE,D,FL,21,D000610,115
478,Luis,GUTIERREZ,REPRESENTATIVE,D,IL,4,G000535,115
2223,J.,HILL,REPRESENTATIVE,R,AR,2,H001072,115
2223,J.,HILL,REPRESENTATIVE,R,AR,2,H001072,115
2359,Greg,GIANFORTE,N/A,R,MT,N/A,G000584,115
1774,Jim,COSTA,REPRESENTATIVE,D,CA,16,C001059,115
2131,Andy,BARR,REPRESENTATIVE,R,KY,11,B001282,115
2131,Andy,BARR,REPRESENTATIVE,R,KY,11,B001282,115
2134,Daniel,KILDEE,REPRESENTATIVE,D,MI,5,K000380,115
2131,Andy,BARR,REPRESENTATIVE,R,KY,11,B001282,115
2015,Randy,HULTGREN,REPRESENTATIVE,R,IL,14,H001059,115
2134,Daniel,KILDEE,REPRESENTATIVE,D,MI,5,K000380,115
2131,Andy,BARR,REPRESENTATIVE,R,KY,11,B001282,115
2131,Andy,BARR,REPRESENTATIVE,R,KY,11,B001282,115
2131,Andy,BARR,REPRESENTATIVE,R,KY,11,B001282,115
2134,Daniel,KILDEE,REPRESENTATIVE,D,MI,5,K000380,115
2131,Andy,BARR,REPRESENTATIVE,R,KY,11,B001282,115
2122,Tulsi,GABBARD,REPRESENTATIVE,D,HI,2,G000571,115
1834,Doug,LAMBORN,REPRESENTATIVE,R,CO,5,L000564,115
2158,Keith,ROTHFUS,REPRESENTATIVE,R,PA,12,R000598,115
1983,Joe,MANCHIN,SENATOR,D,WV,N/A,M001183,115
2350,Jodey,ARRINGTON,N/A,R,TX,N/A,A000375,115
2310,Salud,CARBAJAL,N/A,D,CA,N/A,C001112,115
1983,Joe,MANCHIN,SENATOR,D,WV,N/A,M001183,115
2303,John,KENNEDY,REPRESENTATIVE,R,LA,4,K000393,115
1534,John,THUNE,SENATOR,R,SD,N/A,T000250,115
1534,John,THUNE,SENATOR,R,SD,N/A,T000250,115
1534,John,THUNE,SENATOR,R,SD,N/A,T000250,115
1967,Mike,QUIGLEY,REPRESENTATIVE,D,IL,5,Q000023,115
2319,Darren,SOTO,N/A,D,FL,N/A,S001200,115
2319,Darren,SOTO,N/A,D,FL,N/A,S001200,115
2319,Darren,SOTO,N/A,D,FL,N/A,S001200,115
2319,Darren,SOTO,N/A,D,FL,N/A,S001200,115
2319,Darren,SOTO,N/A,D,FL,N/A,S001200,115
2319,Darren,SOTO,N/A,D,FL,N/A,S001200,115
2319,Darren,SOTO,N/A,D,FL,N/A,S001200,115
2319,Darren,SOTO,N/A,D,FL,N/A,S001200,115
2319,Darren,SOTO,N/A,D,FL,N/A,S001200,115
2319,Darren,SOTO,N/A,D,FL,N/A,S001200,115
2319,Darren,SOTO,N/A,D,FL,N/A,S001200,115
2319,Darren,SOTO,N/A,D,FL,N/A,S001200,115
2350,Jodey,ARRINGTON,N/A,R,TX,N/A,A000375,115
2134,Daniel,KILDEE,REPRESENTATIVE,D,MI,5,K000380,115
2263,Elise,STEFANIK,REPRESENTATIVE,R,NY,21,S001196,115
2124,Bradley,SCHNEIDER,N/A,D,IL,N/A,S001190,115
2241,Rod,BLUM,SENATOR,R,IA,N/A,B001294,115
2241,Rod,BLUM,SENATOR,R,IA,N/A,B001294,115
2241,Rod,BLUM,SENATOR,R,IA,N/A,B001294,115
1959,Gerald,CONNOLLY,REPRESENTATIVE,D,VA,11,C001078,115
2241,Rod,BLUM,SENATOR,R,IA,N/A,B001294,115
1959,Gerald,CONNOLLY,REPRESENTATIVE,D,VA,11,C001078,115
2241,Rod,BLUM,SENATOR,R,IA,N/A,B001294,115
2159,Matt,CARTWRIGHT,REPRESENTATIVE,D,PA,17,C001090,115
2334,Paul,MITCHELL,N/A,R,MI,N/A,M001201,115
2334,Paul,MITCHELL,N/A,R,MI,N/A,M001201,115
1855,Tim,WALBERG,REPRESENTATIVE,R,MI,7,W000798,115
2334,Paul,MITCHELL,N/A,R,MI,N/A,M001201,115
1177,Fred,UPTON,REPRESENTATIVE,R,MI,6,U000031,115
2334,Paul,MITCHELL,N/A,R,MI,N/A,M001201,115
1527,John,SHIMKUS,REPRESENTATIVE,R,IL,15,S000364,115
2334,Paul,MITCHELL,N/A,R,MI,N/A,M001201,115
2334,Paul,MITCHELL,N/A,R,MI,N/A,M001201,115
1848,Peter,ROSKAM,REPRESENTATIVE,R,IL,6,R000580,115
2334,Paul,MITCHELL,N/A,R,MI,N/A,M001201,115
1848,Peter,ROSKAM,REPRESENTATIVE,R,IL,6,R000580,115
2334,Paul,MITCHELL,N/A,R,MI,N/A,M001201,115
2334,Paul,MITCHELL,N/A,R,MI,N/A,M001201,115
1848,Peter,ROSKAM,REPRESENTATIVE,R,IL,6,R000580,115
2334,Paul,MITCHELL,N/A,R,MI,N/A,M001201,115
2243,Mike,BOST,REPRESENTATIVE,R,IL,12,B001295,115
2334,Paul,MITCHELL,N/A,R,MI,N/A,M001201,115
2014,Adam,KINZINGER,REPRESENTATIVE,R,IL,16,K000378,115
2334,Paul,MITCHELL,N/A,R,MI,N/A,M001201,115
2015,Randy,HULTGREN,REPRESENTATIVE,R,IL,14,H001059,115
2334,Paul,MITCHELL,N/A,R,MI,N/A,M001201,115
2334,Paul,MITCHELL,N/A,R,MI,N/A,M001201,115
2334,Paul,MITCHELL,N/A,R,MI,N/A,M001201,115
2334,Paul,MITCHELL,N/A,R,MI,N/A,M001201,115
2333,Jack,BERGMAN,N/A,R,MI,N/A,B001301,115
2334,Paul,MITCHELL,N/A,R,MI,N/A,M001201,115
2131,Andy,BARR,REPRESENTATIVE,R,KY,11,B001282,115
2131,Andy,BARR,REPRESENTATIVE,R,KY,11,B001282,115
2131,Andy,BARR,REPRESENTATIVE,R,KY,11,B001282,115
2134,Daniel,KILDEE,REPRESENTATIVE,D,MI,5,K000380,115
2131,Andy,BARR,REPRESENTATIVE,R,KY,11,B001282,115
2134,Daniel,KILDEE,REPRESENTATIVE,D,MI,5,K000380,115
2099,Kyrsten,SINEMA,REPRESENTATIVE,D,AZ,9,S001191,115
2131,Andy,BARR,REPRESENTATIVE,R,KY,11,B001282,115
2158,Keith,ROTHFUS,REPRESENTATIVE,R,PA,12,R000598,115
2134,Daniel,KILDEE,REPRESENTATIVE,D,MI,5,K000380,115
2131,Andy,BARR,REPRESENTATIVE,R,KY,11,B001282,115
2336,Ted,BUDD,REPRESENTATIVE,R,NC,1,B001305,115
2134,Daniel,KILDEE,REPRESENTATIVE,D,MI,5,K000380,115
2131,Andy,BARR,REPRESENTATIVE,R,KY,11,B001282,115
2314,Matt,GAETZ,N/A,R,FL,N/A,G000578,115
2134,Daniel,KILDEE,REPRESENTATIVE,D,MI,5,K000380,115
2131,Andy,BARR,REPRESENTATIVE,R,KY,11,B001282,115
2131,Andy,BARR,REPRESENTATIVE,R,KY,11,B001282,115
2149,Hakeem,JEFFRIES,REPRESENTATIVE,D,NY,8,J000294,115
1986,Martha,ROBY,REPRESENTATIVE,R,AL,2,R000591,115
1749,Jeb,HENSARLING,REPRESENTATIVE,R,TX,5,H001036,115
1749,Jeb,HENSARLING,REPRESENTATIVE,R,TX,5,H001036,115
1749,Jeb,HENSARLING,REPRESENTATIVE,R,TX,5,H001036,115
1749,Jeb,HENSARLING,REPRESENTATIVE,R,TX,5,H001036,115
2238,Barry,LOUDERMILK,REPRESENTATIVE,R,GA,11,L000583,115
1749,Jeb,HENSARLING,REPRESENTATIVE,R,TX,5,H001036,115
186,Steve,CHABOT,REPRESENTATIVE,R,OH,1,C000266,115
1749,Jeb,HENSARLING,REPRESENTATIVE,R,TX,5,H001036,115
1997,Scott,TIPTON,REPRESENTATIVE,R,CO,3,T000470,115
1749,Jeb,HENSARLING,REPRESENTATIVE,R,TX,5,H001036,115
2253,Tom,EMMER,REPRESENTATIVE,R,MN,6,E000294,115
1749,Jeb,HENSARLING,REPRESENTATIVE,R,TX,5,H001036,115
2338,Josh,GOTTHEIMER,N/A,D,NJ,N/A,G000583,115
1749,Jeb,HENSARLING,REPRESENTATIVE,R,TX,5,H001036,115
1749,Jeb,HENSARLING,REPRESENTATIVE,R,TX,5,H001036,115
2336,Ted,BUDD,REPRESENTATIVE,R,NC,1,B001305,115
1749,Jeb,HENSARLING,REPRESENTATIVE,R,TX,5,H001036,115
1931,Blaine,LUETKEMEYER,REPRESENTATIVE,R,MO,3,L000569,115
1749,Jeb,HENSARLING,REPRESENTATIVE,R,TX,5,H001036,115
1749,Jeb,HENSARLING,REPRESENTATIVE,R,TX,5,H001036,115
99999999999999,First Name unavailable,LEUTKEMEYER,Type Unavailable,Party Info Unavailable,state info unavailable,District Unavailable,BioGuideID unavailable,CongressID unavailable
1931,Blaine,LUETKEMEYER,REPRESENTATIVE,R,MO,3,L000569,115
1931,Blaine,LUETKEMEYER,REPRESENTATIVE,R,MO,3,L000569,115
1931,Blaine,LUETKEMEYER,REPRESENTATIVE,R,MO,3,L000569,115
136,Sherrod,BROWN,REPRESENTATIVE,D,OH,26,B000944,115
2138,Steve,DAINES,SENATOR,R,MT,N/A,D000618,115
250,Mike,CRAPO,SENATOR,R,ID,N/A,C000880,115
2174,Heidi,HEITKAMP,SENATOR,D,ND,N/A,H001069,115
250,Mike,CRAPO,SENATOR,R,ID,N/A,C000880,115
250,Mike,CRAPO,SENATOR,R,ID,N/A,C000880,115
2174,Heidi,HEITKAMP,SENATOR,D,ND,N/A,H001069,115
250,Mike,CRAPO,SENATOR,R,ID,N/A,C000880,115
2286,David,PERDUE,SENATOR,R,GA,N/A,P000612,115
250,Mike,CRAPO,SENATOR,R,ID,N/A,C000880,115
1825,Bob,CORKER,SENATOR,R,TN,N/A,C001071,115
250,Mike,CRAPO,SENATOR,R,ID,N/A,C000880,115
1829,Jon,TESTER,SENATOR,D,MT,N/A,T000464,115
250,Mike,CRAPO,SENATOR,R,ID,N/A,C000880,115
1507,Jerry,MORAN,SENATOR,R,KS,N/A,M000934,115
250,Mike,CRAPO,SENATOR,R,ID,N/A,C000880,115
1850,Joe,DONNELLY,SENATOR,D,IN,N/A,D000607,115
250,Mike,CRAPO,SENATOR,R,ID,N/A,C000880,115
1897,Mark,WARNER,SENATOR,D,VA,N/A,W000805,115
250,Mike,CRAPO,SENATOR,R,ID,N/A,C000880,115
1897,Mark,WARNER,SENATOR,D,VA,N/A,W000805,115
250,Mike,CRAPO,SENATOR,R,ID,N/A,C000880,115
1010,Bernard,SANDERS,SENATOR,I,VT,N/A,S000033,115
1695,Lamar,ALEXANDER,SENATOR,R,TN,N/A,A000360,115
2182,Elizabeth,WARREN,SENATOR,D,MA,N/A,W000817,115
1633,Jeff,FLAKE,SENATOR,R,AZ,N/A,F000444,115
1633,Jeff,FLAKE,SENATOR,R,AZ,N/A,F000444,115
2050,James,LANKFORD,SENATOR,R,OK,N/A,L000575,115
1633,Jeff,FLAKE,SENATOR,R,AZ,N/A,F000444,115
2050,James,LANKFORD,SENATOR,R,OK,N/A,L000575,115
2084,Marco,RUBIO,SENATOR,R,FL,N/A,R000595,115
1823,Sheldon,WHITEHOUSE,SENATOR,D,RI,N/A,W000802,115
2076,Richard,BLUMENTHAL,SENATOR,D,CT,N/A,B001277,115
326,Richard,DURBIN,SENATOR,D,IL,N/A,D000563,115
791,Robert,MENENDEZ,SENATOR,D,NJ,N/A,M000639,115
1247,Ron,WYDEN,SENATOR,D,OR,N/A,W000779,115
1826,Amy,KLOBUCHAR,SENATOR,D,MN,N/A,K000367,115
924,Rob,PORTMAN,SENATOR,R,OH,N/A,P000449,115
868,Eleanor,NORTON,DELEGATE,D,DC,N/A,N000147,115
924,Rob,PORTMAN,SENATOR,R,OH,N/A,P000449,115
924,Rob,PORTMAN,SENATOR,R,OH,N/A,P000449,115
616,Marcy,KAPTUR,REPRESENTATIVE,D,OH,8,K000009,115
1863,Dean,HELLER,SENATOR,R,NV,N/A,H001041,115
2345,Brian,FITZPATRICK,REPRESENTATIVE,R,PA,8,F000466,115
2345,Brian,FITZPATRICK,REPRESENTATIVE,R,PA,8,F000466,115
2185,Angus,KING,REPRESENTATIVE,I,ME,4,K000383,115
1534,John,THUNE,SENATOR,R,SD,N/A,T000250,115
1774,Jim,COSTA,REPRESENTATIVE,D,CA,16,C001059,115
1774,Jim,COSTA,REPRESENTATIVE,D,CA,16,C001059,115
136,Sherrod,BROWN,REPRESENTATIVE,D,OH,26,B000944,115
1010,Bernard,SANDERS,SENATOR,I,VT,N/A,S000033,115
1823,Sheldon,WHITEHOUSE,SENATOR,D,RI,N/A,W000802,115
2131,Andy,BARR,REPRESENTATIVE,R,KY,11,B001282,115
2131,Andy,BARR,REPRESENTATIVE,R,KY,11,B001282,115
2131,Andy,BARR,REPRESENTATIVE,R,KY,11,B001282,115
2134,Daniel,KILDEE,REPRESENTATIVE,D,MI,5,K000380,115
2131,Andy,BARR,REPRESENTATIVE,R,KY,11,B001282,115
2253,Tom,EMMER,REPRESENTATIVE,R,MN,6,E000294,115
2134,Daniel,KILDEE,REPRESENTATIVE,D,MI,5,K000380,115
2131,Andy,BARR,REPRESENTATIVE,R,KY,11,B001282,115
2015,Randy,HULTGREN,REPRESENTATIVE,R,IL,14,H001059,115
2134,Daniel,KILDEE,REPRESENTATIVE,D,MI,5,K000380,115
2131,Andy,BARR,REPRESENTATIVE,R,KY,11,B001282,115
1604,Joseph,CROWLEY,REPRESENTATIVE,D,NY,14,C001038,115
1692,John,CORNYN,SENATOR,R,TX,N/A,C001056,115
1692,John,CORNYN,SENATOR,R,TX,N/A,C001056,115
1036,Charles,SCHUMER,SENATOR,D,NY,N/A,S000148,115
1036,Charles,SCHUMER,SENATOR,D,NY,N/A,S000148,115
250,Mike,CRAPO,SENATOR,R,ID,N/A,C000880,115
136,Sherrod,BROWN,REPRESENTATIVE,D,OH,26,B000944,115
136,Sherrod,BROWN,REPRESENTATIVE,D,OH,26,B000944,115
1692,John,CORNYN,SENATOR,R,TX,N/A,C001056,115
1973,John,GARAMENDI,REPRESENTATIVE,D,CA,3,G000559,115
1930,Erik,PAULSEN,REPRESENTATIVE,R,MN,3,P000594,115
2097,Donald,PAYNE,REPRESENTATIVE,D,NJ,10,P000604,115
859,Bill,NELSON,SENATOR,D,FL,N/A,N000032,115
859,Bill,NELSON,SENATOR,D,FL,N/A,N000032,115
2115,Ted,YOHO,REPRESENTATIVE,R,FL,3,Y000065,115
2241,Rod,BLUM,SENATOR,R,IA,N/A,B001294,115
2241,Rod,BLUM,SENATOR,R,IA,N/A,B001294,115
2241,Rod,BLUM,SENATOR,R,IA,N/A,B001294,115
1959,Gerald,CONNOLLY,REPRESENTATIVE,D,VA,11,C001078,115
2241,Rod,BLUM,SENATOR,R,IA,N/A,B001294,115
1959,Gerald,CONNOLLY,REPRESENTATIVE,D,VA,11,C001078,115
2241,Rod,BLUM,SENATOR,R,IA,N/A,B001294,115
2241,Rod,BLUM,SENATOR,R,IA,N/A,B001294,115
2241,Rod,BLUM,SENATOR,R,IA,N/A,B001294,115
2241,Rod,BLUM,SENATOR,R,IA,N/A,B001294,115
1959,Gerald,CONNOLLY,REPRESENTATIVE,D,VA,11,C001078,115
2241,Rod,BLUM,SENATOR,R,IA,N/A,B001294,115
1012,Mark,SANFORD,REPRESENTATIVE,R,SC,2,S000051,115
1596,Greg,WALDEN,REPRESENTATIVE,R,OR,2,W000791,115
1596,Greg,WALDEN,REPRESENTATIVE,R,OR,2,W000791,115
1596,Greg,WALDEN,REPRESENTATIVE,R,OR,2,W000791,115
887,Frank,PALLONE,REPRESENTATIVE,D,NJ,6,P000034,115
1596,Greg,WALDEN,REPRESENTATIVE,R,OR,2,W000791,115
1748,Marsha,BLACKBURN,REPRESENTATIVE,R,TN,7,B001243,115
887,Frank,PALLONE,REPRESENTATIVE,D,NJ,6,P000034,115
1596,Greg,WALDEN,REPRESENTATIVE,R,OR,2,W000791,115
1936,Leonard,LANCE,REPRESENTATIVE,R,NJ,7,L000567,115
887,Frank,PALLONE,REPRESENTATIVE,D,NJ,6,P000034,115
1814,Doris,MATSUI,REPRESENTATIVE,D,CA,6,M001163,115
1596,Greg,WALDEN,REPRESENTATIVE,R,OR,2,W000791,115
2014,Adam,KINZINGER,REPRESENTATIVE,R,IL,16,K000378,115
887,Frank,PALLONE,REPRESENTATIVE,D,NJ,6,P000034,115
1596,Greg,WALDEN,REPRESENTATIVE,R,OR,2,W000791,115
1838,Gus,BILIRAKIS,REPRESENTATIVE,R,FL,12,B001257,115
887,Frank,PALLONE,REPRESENTATIVE,D,NJ,6,P000034,115
1846,David,LOEBSACK,REPRESENTATIVE,D,IA,2,L000565,115
1596,Greg,WALDEN,REPRESENTATIVE,R,OR,2,W000791,115
887,Frank,PALLONE,REPRESENTATIVE,D,NJ,6,P000034,115
2109,Raul,RUIZ,REPRESENTATIVE,D,CA,36,R000599,115
1596,Greg,WALDEN,REPRESENTATIVE,R,OR,2,W000791,115
887,Frank,PALLONE,REPRESENTATIVE,D,NJ,6,P000034,115
99,Earl,BLUMENAUER,REPRESENTATIVE,D,OR,3,B000574,115
1596,Greg,WALDEN,REPRESENTATIVE,R,OR,2,W000791,115
1892,Steve,SCALISE,REPRESENTATIVE,R,LA,1,S001176,115
1596,Greg,WALDEN,REPRESENTATIVE,R,OR,2,W000791,115
1892,Steve,SCALISE,REPRESENTATIVE,R,LA,1,S001176,115
887,Frank,PALLONE,REPRESENTATIVE,D,NJ,6,P000034,115
1596,Greg,WALDEN,REPRESENTATIVE,R,OR,2,W000791,115
1855,Tim,WALBERG,REPRESENTATIVE,R,MI,7,W000798,115
1596,Greg,WALDEN,REPRESENTATIVE,R,OR,2,W000791,115
1855,Tim,WALBERG,REPRESENTATIVE,R,MI,7,W000798,115
887,Frank,PALLONE,REPRESENTATIVE,D,NJ,6,P000034,115
1596,Greg,WALDEN,REPRESENTATIVE,R,OR,2,W000791,115
355,Anna,ESHOO,REPRESENTATIVE,D,CA,18,E000215,115
2241,Rod,BLUM,SENATOR,R,IA,N/A,B001294,115
2241,Rod,BLUM,SENATOR,R,IA,N/A,B001294,115
2241,Rod,BLUM,SENATOR,R,IA,N/A,B001294,115
1959,Gerald,CONNOLLY,REPRESENTATIVE,D,VA,11,C001078,115
2241,Rod,BLUM,SENATOR,R,IA,N/A,B001294,115
2233,Ken,BUCK,REPRESENTATIVE,R,CO,4,B001297,115
1959,Gerald,CONNOLLY,REPRESENTATIVE,D,VA,11,C001078,115
2241,Rod,BLUM,SENATOR,R,IA,N/A,B001294,115
2316,John,RUTHERFORD,N/A,R,FL,N/A,R000609,115
2316,John,RUTHERFORD,N/A,R,FL,N/A,R000609,115
478,Luis,GUTIERREZ,REPRESENTATIVE,D,IL,4,G000535,115
2243,Mike,BOST,REPRESENTATIVE,R,IL,12,B001295,115
2243,Mike,BOST,REPRESENTATIVE,R,IL,12,B001295,115
2243,Mike,BOST,REPRESENTATIVE,R,IL,12,B001295,115
1892,Steve,SCALISE,REPRESENTATIVE,R,LA,1,S001176,115
2055,David,CICILLINE,REPRESENTATIVE,D,RI,1,C001084,115
