speaker_id,first_name,last_name,type,party,state,district,bio_guide_id,congress_id
2008,Rob,WOODALL,REPRESENTATIVE,R,GA,7,W000810,115
2223,J.,HILL,REPRESENTATIVE,R,AR,2,H001072,115
2097,Donald,PAYNE,REPRESENTATIVE,D,NJ,10,P000604,115
2111,Alan,LOWENTHAL,REPRESENTATIVE,D,CA,47,L000579,115
2223,J.,HILL,REPRESENTATIVE,R,AR,2,H001072,115
2264,John,KATKO,REPRESENTATIVE,R,NY,24,K000386,115
2342,Adriano,ESPAILLAT,N/A,D,NY,N/A,E000297,115
616,Marcy,KAPTUR,REPRESENTATIVE,D,OH,8,K000009,115
2239,Rick,ALLEN,REPRESENTATIVE,R,GA,12,A000372,115
2158,Keith,ROTHFUS,REPRESENTATIVE,R,PA,12,R000598,115
2319,Darren,SOTO,N/A,D,FL,N/A,S001200,115
2314,Matt,GAETZ,N/A,R,FL,N/A,G000578,115
1879,Peter,WELCH,REPRESENTATIVE,D,VT,0,W000800,115
2052,Patrick,MEEHAN,REPRESENTATIVE,R,PA,7,M001181,115
1793,Jeff,FORTENBERRY,REPRESENTATIVE,R,NE,1,F000449,115
1793,Jeff,FORTENBERRY,REPRESENTATIVE,R,NE,1,F000449,115
2332,Jamie,RASKIN,N/A,D,MD,N/A,R000606,115
2332,Jamie,RASKIN,N/A,D,MD,N/A,R000606,115
2332,Jamie,RASKIN,N/A,D,MD,N/A,R000606,115
1588,Janice,SCHAKOWSKY,REPRESENTATIVE,D,IL,9,S001145,115
2332,Jamie,RASKIN,N/A,D,MD,N/A,R000606,115
208,James,CLYBURN,REPRESENTATIVE,D,SC,6,C000537,115
2332,Jamie,RASKIN,N/A,D,MD,N/A,R000606,115
2124,Bradley,SCHNEIDER,N/A,D,IL,N/A,S001190,115
1855,Tim,WALBERG,REPRESENTATIVE,R,MI,7,W000798,115
