speaker_id,first_name,last_name,type,party,state,district,bio_guide_id,congress_id
99,Earl,BLUMENAUER,REPRESENTATIVE,D,OR,3,B000574,115
1155,Mac,THORNBERRY,REPRESENTATIVE,R,TX,13,T000238,115
1558,Tammy,BALDWIN,SENATOR,D,WI,N/A,B001230,115
1155,Mac,THORNBERRY,REPRESENTATIVE,R,TX,13,T000238,115
1155,Mac,THORNBERRY,REPRESENTATIVE,R,TX,13,T000238,115
1884,Niki,TSONGAS,REPRESENTATIVE,D,MA,3,T000465,115
1155,Mac,THORNBERRY,REPRESENTATIVE,R,TX,13,T000238,115
1741,Michael,TURNER,REPRESENTATIVE,R,OH,10,T000463,115
1723,Madeleine,BORDALLO,DELEGATE,D,GU,N/A,B001245,115
1155,Mac,THORNBERRY,REPRESENTATIVE,R,TX,13,T000238,115
1668,James,LANGEVIN,REPRESENTATIVE,D,RI,2,L000559,115
1155,Mac,THORNBERRY,REPRESENTATIVE,R,TX,13,T000238,115
1886,Robert,WITTMAN,REPRESENTATIVE,R,VA,1,W000804,115
1890,Jackie,SPEIER,REPRESENTATIVE,D,CA,14,S001175,115
1890,Jackie,SPEIER,REPRESENTATIVE,D,CA,14,S001175,115
1155,Mac,THORNBERRY,REPRESENTATIVE,R,TX,13,T000238,115
1912,Mike,COFFMAN,REPRESENTATIVE,R,CO,6,C001077,115
1155,Mac,THORNBERRY,REPRESENTATIVE,R,TX,13,T000238,115
1912,Mike,COFFMAN,REPRESENTATIVE,R,CO,6,C001077,115
1155,Mac,THORNBERRY,REPRESENTATIVE,R,TX,13,T000238,115
2032,Vicky,HARTZLER,REPRESENTATIVE,R,MO,4,H001053,115
1155,Mac,THORNBERRY,REPRESENTATIVE,R,TX,13,T000238,115
2263,Elise,STEFANIK,REPRESENTATIVE,R,NY,21,S001196,115
1155,Mac,THORNBERRY,REPRESENTATIVE,R,TX,13,T000238,115
2337,Don,BACON,N/A,R,NE,N/A,B001298,115
1155,Mac,THORNBERRY,REPRESENTATIVE,R,TX,13,T000238,115
2228,Stephen,KNIGHT,REPRESENTATIVE,R,CA,25,K000387,115
1836,Joe,COURTNEY,REPRESENTATIVE,D,CT,2,C001069,115
1155,Mac,THORNBERRY,REPRESENTATIVE,R,TX,13,T000238,115
1155,Mac,THORNBERRY,REPRESENTATIVE,R,TX,13,T000238,115
1155,Mac,THORNBERRY,REPRESENTATIVE,R,TX,13,T000238,115
1155,Mac,THORNBERRY,REPRESENTATIVE,R,TX,13,T000238,115
1900,Jeff,MERKLEY,SENATOR,D,OR,N/A,M001176,115
478,Luis,GUTIERREZ,REPRESENTATIVE,D,IL,4,G000535,115
2084,Marco,RUBIO,SENATOR,R,FL,N/A,R000595,115
1010,Bernard,SANDERS,SENATOR,I,VT,N/A,S000033,115
250,Mike,CRAPO,SENATOR,R,ID,N/A,C000880,115
1825,Bob,CORKER,SENATOR,R,TN,N/A,C001071,115
1531,Debbie,STABENOW,SENATOR,D,MI,N/A,S000770,115
968,Pat,ROBERTS,SENATOR,R,KS,N/A,R000307,115
2194,Cory,BOOKER,SENATOR,D,NJ,N/A,B001288,115
2315,Neal,DUNN,N/A,R,FL,N/A,D000628,115
1973,John,GARAMENDI,REPRESENTATIVE,D,CA,3,G000559,115
2325,Raja,KRISHNAMOORTHI,N/A,D,IL,N/A,K000391,115
1604,Joseph,CROWLEY,REPRESENTATIVE,D,NY,14,C001038,115
457,Chuck,GRASSLEY,SENATOR,R,IA,N/A,G000386,115
457,Chuck,GRASSLEY,SENATOR,R,IA,N/A,G000386,115
1534,John,THUNE,SENATOR,R,SD,N/A,T000250,115
859,Bill,NELSON,SENATOR,D,FL,N/A,N000032,115
859,Bill,NELSON,SENATOR,D,FL,N/A,N000032,115
1036,Charles,SCHUMER,SENATOR,D,NY,N/A,S000148,115
1409,Patty,MURRAY,SENATOR,D,WA,N/A,M001111,115
1409,Patty,MURRAY,SENATOR,D,WA,N/A,M001111,115
1247,Ron,WYDEN,SENATOR,D,OR,N/A,W000779,115
1965,Michael,BENNET,SENATOR,D,CO,N/A,B001267,115
1900,Jeff,MERKLEY,SENATOR,D,OR,N/A,M001176,115
2176,Tim,KAINE,SENATOR,D,VA,N/A,K000384,115
250,Mike,CRAPO,SENATOR,R,ID,N/A,C000880,115
1896,James,RISCH,SENATOR,R,ID,N/A,R000584,115
1692,John,CORNYN,SENATOR,R,TX,N/A,C001056,115
1692,John,CORNYN,SENATOR,R,TX,N/A,C001056,115
174,Benjamin,CARDIN,SENATOR,D,MD,N/A,C000141,115
174,Benjamin,CARDIN,SENATOR,D,MD,N/A,C000141,115
2084,Marco,RUBIO,SENATOR,R,FL,N/A,R000595,115
179,Thomas,CARPER,SENATOR,D,DE,N/A,C000174,115
326,Richard,DURBIN,SENATOR,D,IL,N/A,D000563,115
326,Richard,DURBIN,SENATOR,D,IL,N/A,D000563,115
172,Maria,CANTWELL,SENATOR,D,WA,N/A,C000127,115
1925,Bill,CASSIDY,SENATOR,R,LA,N/A,C001075,115
2097,Donald,PAYNE,REPRESENTATIVE,D,NJ,10,P000604,115
2168,Chris,STEWART,REPRESENTATIVE,R,UT,2,S001192,115
2316,John,RUTHERFORD,N/A,R,FL,N/A,R000609,115
2197,Bradley,BYRNE,REPRESENTATIVE,R,AL,1,B001289,115
1596,Greg,WALDEN,REPRESENTATIVE,R,OR,2,W000791,115
1596,Greg,WALDEN,REPRESENTATIVE,R,OR,2,W000791,115
1596,Greg,WALDEN,REPRESENTATIVE,R,OR,2,W000791,115
887,Frank,PALLONE,REPRESENTATIVE,D,NJ,6,P000034,115
1596,Greg,WALDEN,REPRESENTATIVE,R,OR,2,W000791,115
62,Joe,BARTON,REPRESENTATIVE,R,TX,6,B000213,115
887,Frank,PALLONE,REPRESENTATIVE,D,NJ,6,P000034,115
1596,Greg,WALDEN,REPRESENTATIVE,R,OR,2,W000791,115
1751,Michael,BURGESS,REPRESENTATIVE,R,TX,26,B001248,115
887,Frank,PALLONE,REPRESENTATIVE,D,NJ,6,P000034,115
1588,Janice,SCHAKOWSKY,REPRESENTATIVE,D,IL,9,S001145,115
1596,Greg,WALDEN,REPRESENTATIVE,R,OR,2,W000791,115
1177,Fred,UPTON,REPRESENTATIVE,R,MI,6,U000031,115
887,Frank,PALLONE,REPRESENTATIVE,D,NJ,6,P000034,115
1761,G.,BUTTERFIELD,REPRESENTATIVE,D,NC,1,B001251,115
1596,Greg,WALDEN,REPRESENTATIVE,R,OR,2,W000791,115
1936,Leonard,LANCE,REPRESENTATIVE,R,NJ,7,L000567,115
887,Frank,PALLONE,REPRESENTATIVE,D,NJ,6,P000034,115
1596,Greg,WALDEN,REPRESENTATIVE,R,OR,2,W000791,115
1838,Gus,BILIRAKIS,REPRESENTATIVE,R,FL,12,B001257,115
887,Frank,PALLONE,REPRESENTATIVE,D,NJ,6,P000034,115
1879,Peter,WELCH,REPRESENTATIVE,D,VT,0,W000800,115
1596,Greg,WALDEN,REPRESENTATIVE,R,OR,2,W000791,115
2018,Larry,BUCSHON,REPRESENTATIVE,R,IN,8,B001275,115
887,Frank,PALLONE,REPRESENTATIVE,D,NJ,6,P000034,115
1950,Kurt,SCHRADER,REPRESENTATIVE,D,OR,5,S001180,115
1596,Greg,WALDEN,REPRESENTATIVE,R,OR,2,W000791,115
2156,Markwayne,MULLIN,REPRESENTATIVE,R,OK,2,M001190,115
887,Frank,PALLONE,REPRESENTATIVE,D,NJ,6,P000034,115
2172,Joseph,KENNEDY,REPRESENTATIVE,D,MA,4,K000379,115
1596,Greg,WALDEN,REPRESENTATIVE,R,OR,2,W000791,115
1855,Tim,WALBERG,REPRESENTATIVE,R,MI,7,W000798,115
887,Frank,PALLONE,REPRESENTATIVE,D,NJ,6,P000034,115
2107,Tony,CARDENAS,REPRESENTATIVE,D,CA,29,C001097,115
1596,Greg,WALDEN,REPRESENTATIVE,R,OR,2,W000791,115
887,Frank,PALLONE,REPRESENTATIVE,D,NJ,6,P000034,115
2251,Debbie,DINGELL,REPRESENTATIVE,D,MI,12,D000624,115
1596,Greg,WALDEN,REPRESENTATIVE,R,OR,2,W000791,115
1596,Greg,WALDEN,REPRESENTATIVE,R,OR,2,W000791,115
1596,Greg,WALDEN,REPRESENTATIVE,R,OR,2,W000791,115
2307,Andy,BIGGS,N/A,R,AZ,N/A,B001302,115
887,Frank,PALLONE,REPRESENTATIVE,D,NJ,6,P000034,115
1596,Greg,WALDEN,REPRESENTATIVE,R,OR,2,W000791,115
355,Anna,ESHOO,REPRESENTATIVE,D,CA,18,E000215,115
1814,Doris,MATSUI,REPRESENTATIVE,D,CA,6,M001163,115
446,Bob,GOODLATTE,REPRESENTATIVE,R,VA,6,G000289,115
446,Bob,GOODLATTE,REPRESENTATIVE,R,VA,6,G000289,115
446,Bob,GOODLATTE,REPRESENTATIVE,R,VA,6,G000289,115
446,Bob,GOODLATTE,REPRESENTATIVE,R,VA,6,G000289,115
2032,Vicky,HARTZLER,REPRESENTATIVE,R,MO,4,H001053,115
1996,Karen,BASS,REPRESENTATIVE,D,CA,37,B001270,115
1996,Karen,BASS,REPRESENTATIVE,D,CA,37,B001270,115
446,Bob,GOODLATTE,REPRESENTATIVE,R,VA,6,G000289,115
1654,Wm.,CLAY,REPRESENTATIVE,D,MO,1,C001049,115
1654,Wm.,CLAY,REPRESENTATIVE,D,MO,1,C001049,115
446,Bob,GOODLATTE,REPRESENTATIVE,R,VA,6,G000289,115
446,Bob,GOODLATTE,REPRESENTATIVE,R,VA,6,G000289,115
2101,Jared,HUFFMAN,REPRESENTATIVE,D,CA,2,H001068,115
1710,Devin,NUNES,REPRESENTATIVE,R,CA,22,N000181,115
2101,Jared,HUFFMAN,REPRESENTATIVE,D,CA,2,H001068,115
2105,David,VALADAO,REPRESENTATIVE,R,CA,21,V000129,115
2105,David,VALADAO,REPRESENTATIVE,R,CA,21,V000129,115
2101,Jared,HUFFMAN,REPRESENTATIVE,D,CA,2,H001068,115
1814,Doris,MATSUI,REPRESENTATIVE,D,CA,6,M001163,115
2101,Jared,HUFFMAN,REPRESENTATIVE,D,CA,2,H001068,115
1774,Jim,COSTA,REPRESENTATIVE,D,CA,16,C001059,115
165,Ken,CALVERT,REPRESENTATIVE,R,CA,42,C000059,115
2101,Jared,HUFFMAN,REPRESENTATIVE,D,CA,2,H001068,115
1992,Paul,GOSAR,REPRESENTATIVE,R,AZ,4,G000565,115
2101,Jared,HUFFMAN,REPRESENTATIVE,D,CA,2,H001068,115
1973,John,GARAMENDI,REPRESENTATIVE,D,CA,3,G000559,115
1997,Scott,TIPTON,REPRESENTATIVE,R,CO,3,T000470,115
2101,Jared,HUFFMAN,REPRESENTATIVE,D,CA,2,H001068,115
2102,Ami,BERA,REPRESENTATIVE,D,CA,7,B001287,115
979,Dana,ROHRABACHER,REPRESENTATIVE,R,CA,48,R000409,115
2101,Jared,HUFFMAN,REPRESENTATIVE,D,CA,2,H001068,115
2101,Jared,HUFFMAN,REPRESENTATIVE,D,CA,2,H001068,115
2101,Jared,HUFFMAN,REPRESENTATIVE,D,CA,2,H001068,115
2228,Stephen,KNIGHT,REPRESENTATIVE,R,CA,25,K000387,115
2101,Jared,HUFFMAN,REPRESENTATIVE,D,CA,2,H001068,115
2101,Jared,HUFFMAN,REPRESENTATIVE,D,CA,2,H001068,115
355,Anna,ESHOO,REPRESENTATIVE,D,CA,18,E000215,115
2101,Jared,HUFFMAN,REPRESENTATIVE,D,CA,2,H001068,115
2101,Jared,HUFFMAN,REPRESENTATIVE,D,CA,2,H001068,115
2101,Jared,HUFFMAN,REPRESENTATIVE,D,CA,2,H001068,115
1774,Jim,COSTA,REPRESENTATIVE,D,CA,16,C001059,115
1774,Jim,COSTA,REPRESENTATIVE,D,CA,16,C001059,115
1774,Jim,COSTA,REPRESENTATIVE,D,CA,16,C001059,115
2101,Jared,HUFFMAN,REPRESENTATIVE,D,CA,2,H001068,115
2101,Jared,HUFFMAN,REPRESENTATIVE,D,CA,2,H001068,115
2101,Jared,HUFFMAN,REPRESENTATIVE,D,CA,2,H001068,115
1774,Jim,COSTA,REPRESENTATIVE,D,CA,16,C001059,115
1774,Jim,COSTA,REPRESENTATIVE,D,CA,16,C001059,115
1774,Jim,COSTA,REPRESENTATIVE,D,CA,16,C001059,115
1774,Jim,COSTA,REPRESENTATIVE,D,CA,16,C001059,115
2101,Jared,HUFFMAN,REPRESENTATIVE,D,CA,2,H001068,115
1774,Jim,COSTA,REPRESENTATIVE,D,CA,16,C001059,115
1774,Jim,COSTA,REPRESENTATIVE,D,CA,16,C001059,115
1774,Jim,COSTA,REPRESENTATIVE,D,CA,16,C001059,115
2101,Jared,HUFFMAN,REPRESENTATIVE,D,CA,2,H001068,115
1774,Jim,COSTA,REPRESENTATIVE,D,CA,16,C001059,115
1995,Jeff,DENHAM,REPRESENTATIVE,R,CA,10,D000612,115
1995,Jeff,DENHAM,REPRESENTATIVE,R,CA,10,D000612,115
1814,Doris,MATSUI,REPRESENTATIVE,D,CA,6,M001163,115
1774,Jim,COSTA,REPRESENTATIVE,D,CA,16,C001059,115
2101,Jared,HUFFMAN,REPRESENTATIVE,D,CA,2,H001068,115
1738,Stevan,PEARCE,REPRESENTATIVE,R,NM,2,P000588,115
1738,Stevan,PEARCE,REPRESENTATIVE,R,NM,2,P000588,115
2231,Norma,TORRES,REPRESENTATIVE,D,CA,35,T000474,115
2101,Jared,HUFFMAN,REPRESENTATIVE,D,CA,2,H001068,115
1738,Stevan,PEARCE,REPRESENTATIVE,R,NM,2,P000588,115
1997,Scott,TIPTON,REPRESENTATIVE,R,CO,3,T000470,115
1997,Scott,TIPTON,REPRESENTATIVE,R,CO,3,T000470,115
1997,Scott,TIPTON,REPRESENTATIVE,R,CO,3,T000470,115
1738,Stevan,PEARCE,REPRESENTATIVE,R,NM,2,P000588,115
1738,Stevan,PEARCE,REPRESENTATIVE,R,NM,2,P000588,115
2101,Jared,HUFFMAN,REPRESENTATIVE,D,CA,2,H001068,115
1738,Stevan,PEARCE,REPRESENTATIVE,R,NM,2,P000588,115
2310,Salud,CARBAJAL,N/A,D,CA,N/A,C001112,115
2310,Salud,CARBAJAL,N/A,D,CA,N/A,C001112,115
2310,Salud,CARBAJAL,N/A,D,CA,N/A,C001112,115
2310,Salud,CARBAJAL,N/A,D,CA,N/A,C001112,115
2101,Jared,HUFFMAN,REPRESENTATIVE,D,CA,2,H001068,115
1602,Grace,NAPOLITANO,REPRESENTATIVE,D,CA,32,N000179,115
2356,Liz,CHENEY,N/A,R,WY,N/A,C001109,115
2197,Bradley,BYRNE,REPRESENTATIVE,R,AL,1,B001289,115
1635,Adam,SCHIFF,REPRESENTATIVE,D,CA,28,S001150,115
511,Alcee,HASTINGS,REPRESENTATIVE,D,FL,20,H000324,115
1525,Pete,SESSIONS,SENATOR,R,TX,N/A,S000250,115
1781,Daniel,LIPINSKI,REPRESENTATIVE,D,IL,3,L000563,115
208,James,CLYBURN,REPRESENTATIVE,D,SC,6,C000537,115
2261,Lee,ZELDIN,REPRESENTATIVE,R,NY,1,Z000017,115
1801,Louie,GOHMERT,REPRESENTATIVE,R,TX,1,G000552,115
2076,Richard,BLUMENTHAL,SENATOR,D,CT,N/A,B001277,115
1010,Bernard,SANDERS,SENATOR,I,VT,N/A,S000033,115
1996,Karen,BASS,REPRESENTATIVE,D,CA,37,B001270,115
1996,Karen,BASS,REPRESENTATIVE,D,CA,37,B001270,115
186,Steve,CHABOT,REPRESENTATIVE,R,OH,1,C000266,115
1996,Karen,BASS,REPRESENTATIVE,D,CA,37,B001270,115
2122,Tulsi,GABBARD,REPRESENTATIVE,D,HI,2,G000571,115
1996,Karen,BASS,REPRESENTATIVE,D,CA,37,B001270,115
2153,Joyce,BEATTY,REPRESENTATIVE,D,OH,3,B001281,115
1996,Karen,BASS,REPRESENTATIVE,D,CA,37,B001270,115
1996,Karen,BASS,REPRESENTATIVE,D,CA,37,B001270,115
1996,Karen,BASS,REPRESENTATIVE,D,CA,37,B001270,115
1996,Karen,BASS,REPRESENTATIVE,D,CA,37,B001270,115
1602,Grace,NAPOLITANO,REPRESENTATIVE,D,CA,32,N000179,115
1604,Joseph,CROWLEY,REPRESENTATIVE,D,NY,14,C001038,115
2345,Brian,FITZPATRICK,REPRESENTATIVE,R,PA,8,F000466,115
1635,Adam,SCHIFF,REPRESENTATIVE,D,CA,28,S001150,115
2124,Bradley,SCHNEIDER,N/A,D,IL,N/A,S001190,115
2047,Steve,STIVERS,REPRESENTATIVE,R,OH,15,S001187,115
1155,Mac,THORNBERRY,REPRESENTATIVE,R,TX,13,T000238,115
2137,Ann,WAGNER,REPRESENTATIVE,R,MO,2,W000812,115
2097,Donald,PAYNE,REPRESENTATIVE,D,NJ,10,P000604,115
2122,Tulsi,GABBARD,REPRESENTATIVE,D,HI,2,G000571,115
326,Richard,DURBIN,SENATOR,D,IL,N/A,D000563,115
1936,Leonard,LANCE,REPRESENTATIVE,R,NJ,7,L000567,115
2344,Claudia,TENNEY,N/A,R,NY,N/A,T000478,115
2197,Bradley,BYRNE,REPRESENTATIVE,R,AL,1,B001289,115
2197,Bradley,BYRNE,REPRESENTATIVE,R,AL,1,B001289,115
2197,Bradley,BYRNE,REPRESENTATIVE,R,AL,1,B001289,115
2197,Bradley,BYRNE,REPRESENTATIVE,R,AL,1,B001289,115
1910,Jared,POLIS,REPRESENTATIVE,D,CO,2,P000598,115
1910,Jared,POLIS,REPRESENTATIVE,D,CO,2,P000598,115
2197,Bradley,BYRNE,REPRESENTATIVE,R,AL,1,B001289,115
2197,Bradley,BYRNE,REPRESENTATIVE,R,AL,1,B001289,115
1910,Jared,POLIS,REPRESENTATIVE,D,CO,2,P000598,115
2226,Ruben,GALLEGO,REPRESENTATIVE,D,AZ,7,G000574,115
2197,Bradley,BYRNE,REPRESENTATIVE,R,AL,1,B001289,115
2356,Liz,CHENEY,N/A,R,WY,N/A,C001109,115
1910,Jared,POLIS,REPRESENTATIVE,D,CO,2,P000598,115
2197,Bradley,BYRNE,REPRESENTATIVE,R,AL,1,B001289,115
1910,Jared,POLIS,REPRESENTATIVE,D,CO,2,P000598,115
1910,Jared,POLIS,REPRESENTATIVE,D,CO,2,P000598,115
2339,Jacky,ROSEN,N/A,D,NV,N/A,R000608,115
2197,Bradley,BYRNE,REPRESENTATIVE,R,AL,1,B001289,115
1910,Jared,POLIS,REPRESENTATIVE,D,CO,2,P000598,115
1879,Peter,WELCH,REPRESENTATIVE,D,VT,0,W000800,115
1910,Jared,POLIS,REPRESENTATIVE,D,CO,2,P000598,115
1879,Peter,WELCH,REPRESENTATIVE,D,VT,0,W000800,115
2197,Bradley,BYRNE,REPRESENTATIVE,R,AL,1,B001289,115
1910,Jared,POLIS,REPRESENTATIVE,D,CO,2,P000598,115
2197,Bradley,BYRNE,REPRESENTATIVE,R,AL,1,B001289,115
2197,Bradley,BYRNE,REPRESENTATIVE,R,AL,1,B001289,115
1910,Jared,POLIS,REPRESENTATIVE,D,CO,2,P000598,115
616,Marcy,KAPTUR,REPRESENTATIVE,D,OH,8,K000009,115
1965,Michael,BENNET,SENATOR,D,CO,N/A,B001267,115
2028,Bill,HUIZENGA,REPRESENTATIVE,R,MI,2,H001058,115
1855,Tim,WALBERG,REPRESENTATIVE,R,MI,7,W000798,115
1855,Tim,WALBERG,REPRESENTATIVE,R,MI,7,W000798,115
1855,Tim,WALBERG,REPRESENTATIVE,R,MI,7,W000798,115
1962,Gregorio,SABLAN,DELEGATE,D,MP,N/A,S001177,115
1855,Tim,WALBERG,REPRESENTATIVE,R,MI,7,W000798,115
1791,Virginia,FOXX,REPRESENTATIVE,R,NC,5,F000450,115
1962,Gregorio,SABLAN,DELEGATE,D,MP,N/A,S001177,115
1996,Karen,BASS,REPRESENTATIVE,D,CA,37,B001270,115
1855,Tim,WALBERG,REPRESENTATIVE,R,MI,7,W000798,115
1962,Gregorio,SABLAN,DELEGATE,D,MP,N/A,S001177,115
1855,Tim,WALBERG,REPRESENTATIVE,R,MI,7,W000798,115
1936,Leonard,LANCE,REPRESENTATIVE,R,NJ,7,L000567,115
1962,Gregorio,SABLAN,DELEGATE,D,MP,N/A,S001177,115
1855,Tim,WALBERG,REPRESENTATIVE,R,MI,7,W000798,115
1558,Tammy,BALDWIN,SENATOR,D,WI,N/A,B001230,115
1930,Erik,PAULSEN,REPRESENTATIVE,R,MN,3,P000594,115
1694,Lisa,MURKOWSKI,SENATOR,R,AK,N/A,M001153,115
1910,Jared,POLIS,REPRESENTATIVE,D,CO,2,P000598,115
