speaker_id,first_name,last_name,type,party,state,district,bio_guide_id,congress_id
1942,Paul,TONKO,REPRESENTATIVE,D,NY,20,T000469,115
1751,Michael,BURGESS,REPRESENTATIVE,R,TX,26,B001248,115
1751,Michael,BURGESS,REPRESENTATIVE,R,TX,26,B001248,115
1751,Michael,BURGESS,REPRESENTATIVE,R,TX,26,B001248,115
1751,Michael,BURGESS,REPRESENTATIVE,R,TX,26,B001248,115
1751,Michael,BURGESS,REPRESENTATIVE,R,TX,26,B001248,115
2334,Paul,MITCHELL,N/A,R,MI,N/A,M001201,115
2334,Paul,MITCHELL,N/A,R,MI,N/A,M001201,115
2334,Paul,MITCHELL,N/A,R,MI,N/A,M001201,115
2165,Roger,WILLIAMS,REPRESENTATIVE,R,TX,25,W000816,115
2334,Paul,MITCHELL,N/A,R,MI,N/A,M001201,115
1955,Pete,OLSON,REPRESENTATIVE,R,TX,22,O000168,115
2334,Paul,MITCHELL,N/A,R,MI,N/A,M001201,115
1525,Pete,SESSIONS,SENATOR,R,TX,N/A,S000250,115
2334,Paul,MITCHELL,N/A,R,MI,N/A,M001201,115
2065,Bill,FLORES,REPRESENTATIVE,R,TX,17,F000461,115
2334,Paul,MITCHELL,N/A,R,MI,N/A,M001201,115
2270,Brian,BABIN,REPRESENTATIVE,R,TX,36,B001291,115
2334,Paul,MITCHELL,N/A,R,MI,N/A,M001201,115
2334,Paul,MITCHELL,N/A,R,MI,N/A,M001201,115
2350,Jodey,ARRINGTON,N/A,R,TX,N/A,A000375,115
2334,Paul,MITCHELL,N/A,R,MI,N/A,M001201,115
1751,Michael,BURGESS,REPRESENTATIVE,R,TX,26,B001248,115
2334,Paul,MITCHELL,N/A,R,MI,N/A,M001201,115
2342,Adriano,ESPAILLAT,N/A,D,NY,N/A,E000297,115
2340,Ruben,KIHUEN,N/A,D,NV,N/A,K000390,115
99999999999999,First Name unavailable,KILHUEN,Type Unavailable,Party Info Unavailable,state info unavailable,District Unavailable,BioGuideID unavailable,CongressID unavailable
2340,Ruben,KIHUEN,N/A,D,NV,N/A,K000390,115
1751,Michael,BURGESS,REPRESENTATIVE,R,TX,26,B001248,115
1751,Michael,BURGESS,REPRESENTATIVE,R,TX,26,B001248,115
1751,Michael,BURGESS,REPRESENTATIVE,R,TX,26,B001248,115
1751,Michael,BURGESS,REPRESENTATIVE,R,TX,26,B001248,115
1751,Michael,BURGESS,REPRESENTATIVE,R,TX,26,B001248,115
1761,G.,BUTTERFIELD,REPRESENTATIVE,D,NC,1,B001251,115
1751,Michael,BURGESS,REPRESENTATIVE,R,TX,26,B001248,115
2166,Marc,VEASEY,REPRESENTATIVE,D,TX,33,V000131,115
616,Marcy,KAPTUR,REPRESENTATIVE,D,OH,8,K000009,115
1930,Erik,PAULSEN,REPRESENTATIVE,R,MN,3,P000594,115
1751,Michael,BURGESS,REPRESENTATIVE,R,TX,26,B001248,115
1751,Michael,BURGESS,REPRESENTATIVE,R,TX,26,B001248,115
1751,Michael,BURGESS,REPRESENTATIVE,R,TX,26,B001248,115
1751,Michael,BURGESS,REPRESENTATIVE,R,TX,26,B001248,115
2355,Mike,GALLAGHER,N/A,R,WI,N/A,G000579,115
1751,Michael,BURGESS,REPRESENTATIVE,R,TX,26,B001248,115
1751,Michael,BURGESS,REPRESENTATIVE,R,TX,26,B001248,115
2328,Roger,MARSHALL,N/A,R,KS,N/A,M001198,115
2328,Roger,MARSHALL,N/A,R,KS,N/A,M001198,115
2344,Claudia,TENNEY,N/A,R,NY,N/A,T000478,115
1976,Theodore,DEUTCH,REPRESENTATIVE,D,FL,21,D000610,115
1751,Michael,BURGESS,REPRESENTATIVE,R,TX,26,B001248,115
1751,Michael,BURGESS,REPRESENTATIVE,R,TX,26,B001248,115
1751,Michael,BURGESS,REPRESENTATIVE,R,TX,26,B001248,115
1878,Steve,COHEN,REPRESENTATIVE,D,TN,9,C001068,115
1751,Michael,BURGESS,REPRESENTATIVE,R,TX,26,B001248,115
2014,Adam,KINZINGER,REPRESENTATIVE,R,IL,16,K000378,115
1751,Michael,BURGESS,REPRESENTATIVE,R,TX,26,B001248,115
2307,Andy,BIGGS,N/A,R,AZ,N/A,B001302,115
1878,Steve,COHEN,REPRESENTATIVE,D,TN,9,C001068,115
2244,Ralph,ABRAHAM,REPRESENTATIVE,R,LA,5,A000374,115
1668,James,LANGEVIN,REPRESENTATIVE,D,RI,2,L000559,115
1751,Michael,BURGESS,REPRESENTATIVE,R,TX,26,B001248,115
1751,Michael,BURGESS,REPRESENTATIVE,R,TX,26,B001248,115
1751,Michael,BURGESS,REPRESENTATIVE,R,TX,26,B001248,115
1751,Michael,BURGESS,REPRESENTATIVE,R,TX,26,B001248,115
2337,Don,BACON,N/A,R,NE,N/A,B001298,115
2124,Bradley,SCHNEIDER,N/A,D,IL,N/A,S001190,115
2307,Andy,BIGGS,N/A,R,AZ,N/A,B001302,115
2307,Andy,BIGGS,N/A,R,AZ,N/A,B001302,115
2307,Andy,BIGGS,N/A,R,AZ,N/A,B001302,115
2332,Jamie,RASKIN,N/A,D,MD,N/A,R000606,115
2307,Andy,BIGGS,N/A,R,AZ,N/A,B001302,115
2275,Dan,NEWHOUSE,REPRESENTATIVE,R,WA,4,N000189,115
2298,Dwight,EVANS,N/A,D,PA,N/A,E000296,115
2298,Dwight,EVANS,N/A,D,PA,N/A,E000296,115
208,James,CLYBURN,REPRESENTATIVE,D,SC,6,C000537,115
2298,Dwight,EVANS,N/A,D,PA,N/A,E000296,115
208,James,CLYBURN,REPRESENTATIVE,D,SC,6,C000537,115
2298,Dwight,EVANS,N/A,D,PA,N/A,E000296,115
2023,Cedric,RICHMOND,REPRESENTATIVE,D,LA,2,R000588,115
2298,Dwight,EVANS,N/A,D,PA,N/A,E000296,115
2023,Cedric,RICHMOND,REPRESENTATIVE,D,LA,2,R000588,115
2298,Dwight,EVANS,N/A,D,PA,N/A,E000296,115
2298,Dwight,EVANS,N/A,D,PA,N/A,E000296,115
2298,Dwight,EVANS,N/A,D,PA,N/A,E000296,115
2298,Dwight,EVANS,N/A,D,PA,N/A,E000296,115
2298,Dwight,EVANS,N/A,D,PA,N/A,E000296,115
2298,Dwight,EVANS,N/A,D,PA,N/A,E000296,115
2320,Val,DEMINGS,N/A,D,FL,N/A,D000627,115
2298,Dwight,EVANS,N/A,D,PA,N/A,E000296,115
2320,Val,DEMINGS,N/A,D,FL,N/A,D000627,115
2298,Dwight,EVANS,N/A,D,PA,N/A,E000296,115
1501,Barbara,LEE,REPRESENTATIVE,D,CA,13,L000551,115
2298,Dwight,EVANS,N/A,D,PA,N/A,E000296,115
2223,J.,HILL,REPRESENTATIVE,R,AR,2,H001072,115
2223,J.,HILL,REPRESENTATIVE,R,AR,2,H001072,115
2223,J.,HILL,REPRESENTATIVE,R,AR,2,H001072,115
2223,J.,HILL,REPRESENTATIVE,R,AR,2,H001072,115
1751,Michael,BURGESS,REPRESENTATIVE,R,TX,26,B001248,115
1751,Michael,BURGESS,REPRESENTATIVE,R,TX,26,B001248,115
1751,Michael,BURGESS,REPRESENTATIVE,R,TX,26,B001248,115
1751,Michael,BURGESS,REPRESENTATIVE,R,TX,26,B001248,115
1838,Gus,BILIRAKIS,REPRESENTATIVE,R,FL,12,B001257,115
1751,Michael,BURGESS,REPRESENTATIVE,R,TX,26,B001248,115
1838,Gus,BILIRAKIS,REPRESENTATIVE,R,FL,12,B001257,115
1751,Michael,BURGESS,REPRESENTATIVE,R,TX,26,B001248,115
1838,Gus,BILIRAKIS,REPRESENTATIVE,R,FL,12,B001257,115
1751,Michael,BURGESS,REPRESENTATIVE,R,TX,26,B001248,115
1751,Michael,BURGESS,REPRESENTATIVE,R,TX,26,B001248,115
1751,Michael,BURGESS,REPRESENTATIVE,R,TX,26,B001248,115
1801,Louie,GOHMERT,REPRESENTATIVE,R,TX,1,G000552,115
2325,Raja,KRISHNAMOORTHI,N/A,D,IL,N/A,K000391,115
1801,Louie,GOHMERT,REPRESENTATIVE,R,TX,1,G000552,115
2255,Mark,WALKER,REPRESENTATIVE,R,NC,6,W000819,115
2315,Neal,DUNN,N/A,R,FL,N/A,D000628,115
