speaker_id,first_name,last_name,type,party,state,district,bio_guide_id,congress_id
174,Benjamin,CARDIN,SENATOR,D,MD,N/A,C000141,115
2138,Steve,DAINES,SENATOR,R,MT,N/A,D000618,115
1594,Patrick,TOOMEY,SENATOR,R,PA,N/A,T000461,115
1801,Louie,GOHMERT,REPRESENTATIVE,R,TX,1,G000552,115
791,Robert,MENENDEZ,SENATOR,D,NJ,N/A,M000639,115
2176,Tim,KAINE,SENATOR,D,VA,N/A,K000384,115
174,Benjamin,CARDIN,SENATOR,D,MD,N/A,C000141,115
2080,Mike,LEE,REPRESENTATIVE,R,UT,13,L000577,115
859,Bill,NELSON,SENATOR,D,FL,N/A,N000032,115
1036,Charles,SCHUMER,SENATOR,D,NY,N/A,S000148,115
2019,Todd,YOUNG,REPRESENTATIVE,R,IN,0,Y000064,115
2098,Tom,COTTON,SENATOR,R,AR,N/A,C001095,115
583,James,INHOFE,SENATOR,R,OK,N/A,I000024,115
1383,Patrick,LEAHY,SENATOR,D,VT,N/A,L000174,115
2098,Tom,COTTON,SENATOR,R,AR,N/A,C001095,115
1844,Mazie,HIRONO,SENATOR,D,HI,N/A,H001042,115
1844,Mazie,HIRONO,SENATOR,D,HI,N/A,H001042,115
2283,Joni,ERNST,SENATOR,R,IA,N/A,E000295,115
2283,Joni,ERNST,SENATOR,R,IA,N/A,E000295,115
2283,Joni,ERNST,SENATOR,R,IA,N/A,E000295,115
1692,John,CORNYN,SENATOR,R,TX,N/A,C001056,115
326,Richard,DURBIN,SENATOR,D,IL,N/A,D000563,115
949,Jack,REED,REPRESENTATIVE,D,RI,23,R000122,115
1542,Michael,ENZI,SENATOR,R,WY,N/A,E000285,115
1692,John,CORNYN,SENATOR,R,TX,N/A,C001056,115
326,Richard,DURBIN,SENATOR,D,IL,N/A,D000563,115
791,Robert,MENENDEZ,SENATOR,D,NJ,N/A,M000639,115
1464,Roy,BLUNT,SENATOR,R,MO,N/A,B000575,115
2050,James,LANKFORD,SENATOR,R,OK,N/A,L000575,115
1351,Orrin,HATCH,SENATOR,R,UT,N/A,H000338,115
326,Richard,DURBIN,SENATOR,D,IL,N/A,D000563,115
213,Thad,COCHRAN,SENATOR,R,MS,N/A,C000567,115
949,Jack,REED,REPRESENTATIVE,D,RI,23,R000122,115
2123,Tammy,DUCKWORTH,REPRESENTATIVE,D,IL,8,D000622,115
2144,Kevin,CRAMER,REPRESENTATIVE,R,ND,0,C001096,115
2319,Darren,SOTO,N/A,D,FL,N/A,S001200,115
2080,Mike,LEE,REPRESENTATIVE,R,UT,13,L000577,115
1801,Louie,GOHMERT,REPRESENTATIVE,R,TX,1,G000552,115
1801,Louie,GOHMERT,REPRESENTATIVE,R,TX,1,G000552,115
1900,Jeff,MERKLEY,SENATOR,D,OR,N/A,M001176,115
735,Edward,MARKEY,SENATOR,D,MA,N/A,M000133,115
250,Mike,CRAPO,SENATOR,R,ID,N/A,C000880,115
735,Edward,MARKEY,SENATOR,D,MA,N/A,M000133,115
136,Sherrod,BROWN,REPRESENTATIVE,D,OH,26,B000944,115
136,Sherrod,BROWN,REPRESENTATIVE,D,OH,26,B000944,115
136,Sherrod,BROWN,REPRESENTATIVE,D,OH,26,B000944,115
1692,John,CORNYN,SENATOR,R,TX,N/A,C001056,115
326,Richard,DURBIN,SENATOR,D,IL,N/A,D000563,115
2223,J.,HILL,REPRESENTATIVE,R,AR,2,H001072,115
2223,J.,HILL,REPRESENTATIVE,R,AR,2,H001072,115
2223,J.,HILL,REPRESENTATIVE,R,AR,2,H001072,115
2223,J.,HILL,REPRESENTATIVE,R,AR,2,H001072,115
2223,J.,HILL,REPRESENTATIVE,R,AR,2,H001072,115
2130,Luke,MESSER,REPRESENTATIVE,R,IN,6,M001189,115
1036,Charles,SCHUMER,SENATOR,D,NY,N/A,S000148,115
949,Jack,REED,REPRESENTATIVE,D,RI,23,R000122,115
2263,Elise,STEFANIK,REPRESENTATIVE,R,NY,21,S001196,115
2050,James,LANKFORD,SENATOR,R,OK,N/A,L000575,115
2084,Marco,RUBIO,SENATOR,R,FL,N/A,R000595,115
1036,Charles,SCHUMER,SENATOR,D,NY,N/A,S000148,115
949,Jack,REED,REPRESENTATIVE,D,RI,23,R000122,115
949,Jack,REED,REPRESENTATIVE,D,RI,23,R000122,115
1826,Amy,KLOBUCHAR,SENATOR,D,MN,N/A,K000367,115
949,Jack,REED,REPRESENTATIVE,D,RI,23,R000122,115
949,Jack,REED,REPRESENTATIVE,D,RI,23,R000122,115
2283,Joni,ERNST,SENATOR,R,IA,N/A,E000295,115
326,Richard,DURBIN,SENATOR,D,IL,N/A,D000563,115
326,Richard,DURBIN,SENATOR,D,IL,N/A,D000563,115
326,Richard,DURBIN,SENATOR,D,IL,N/A,D000563,115
326,Richard,DURBIN,SENATOR,D,IL,N/A,D000563,115
1692,John,CORNYN,SENATOR,R,TX,N/A,C001056,115
1866,Kirsten,GILLIBRAND,SENATOR,D,NY,N/A,G000555,115
1692,John,CORNYN,SENATOR,R,TX,N/A,C001056,115
1692,John,CORNYN,SENATOR,R,TX,N/A,C001056,115
2076,Richard,BLUMENTHAL,SENATOR,D,CT,N/A,B001277,115
2076,Richard,BLUMENTHAL,SENATOR,D,CT,N/A,B001277,115
2290,Dan,SULLIVAN,SENATOR,R,AK,N/A,S001198,115
1866,Kirsten,GILLIBRAND,SENATOR,D,NY,N/A,G000555,115
2182,Elizabeth,WARREN,SENATOR,D,MA,N/A,W000817,115
2291,Thom,TILLIS,SENATOR,R,NC,N/A,T000476,115
1036,Charles,SCHUMER,SENATOR,D,NY,N/A,S000148,115
1036,Charles,SCHUMER,SENATOR,D,NY,N/A,S000148,115
859,Bill,NELSON,SENATOR,D,FL,N/A,N000032,115
2080,Mike,LEE,REPRESENTATIVE,R,UT,13,L000577,115
2080,Mike,LEE,REPRESENTATIVE,R,UT,13,L000577,115
2344,Claudia,TENNEY,N/A,R,NY,N/A,T000478,115
1003,Bobby,RUSH,REPRESENTATIVE,D,IL,1,R000515,115
326,Richard,DURBIN,SENATOR,D,IL,N/A,D000563,115
1247,Ron,WYDEN,SENATOR,D,OR,N/A,W000779,115
2050,James,LANKFORD,SENATOR,R,OK,N/A,L000575,115
2166,Marc,VEASEY,REPRESENTATIVE,D,TX,33,V000131,115
2239,Rick,ALLEN,REPRESENTATIVE,R,GA,12,A000372,115
1036,Charles,SCHUMER,SENATOR,D,NY,N/A,S000148,115
2050,James,LANKFORD,SENATOR,R,OK,N/A,L000575,115
2050,James,LANKFORD,SENATOR,R,OK,N/A,L000575,115
2050,James,LANKFORD,SENATOR,R,OK,N/A,L000575,115
2050,James,LANKFORD,SENATOR,R,OK,N/A,L000575,115
2111,Alan,LOWENTHAL,REPRESENTATIVE,D,CA,47,L000579,115
1558,Tammy,BALDWIN,SENATOR,D,WI,N/A,B001230,115
1558,Tammy,BALDWIN,SENATOR,D,WI,N/A,B001230,115
949,Jack,REED,REPRESENTATIVE,D,RI,23,R000122,115
1558,Tammy,BALDWIN,SENATOR,D,WI,N/A,B001230,115
949,Jack,REED,REPRESENTATIVE,D,RI,23,R000122,115
1692,John,CORNYN,SENATOR,R,TX,N/A,C001056,115
326,Richard,DURBIN,SENATOR,D,IL,N/A,D000563,115
2179,Deb,FISCHER,SENATOR,R,NE,N/A,F000463,115
1925,Bill,CASSIDY,SENATOR,R,LA,N/A,C001075,115
1925,Bill,CASSIDY,SENATOR,R,LA,N/A,C001075,115
452,Lindsey,GRAHAM,REPRESENTATIVE,R,SC,2,G000359,115
2080,Mike,LEE,REPRESENTATIVE,R,UT,13,L000577,115
