speaker_id,first_name,last_name,type,party,state,district,bio_guide_id,congress_id
2342,Adriano,ESPAILLAT,N/A,D,NY,N/A,E000297,115
1774,Jim,COSTA,REPRESENTATIVE,D,CA,16,C001059,115
326,Richard,DURBIN,SENATOR,D,IL,N/A,D000563,115
326,Richard,DURBIN,SENATOR,D,IL,N/A,D000563,115
326,Richard,DURBIN,SENATOR,D,IL,N/A,D000563,115
2288,Mike,ROUNDS,N/A,R,SD,N/A,R000605,115
1878,Steve,COHEN,REPRESENTATIVE,D,TN,9,C001068,115
2315,Neal,DUNN,N/A,R,FL,N/A,D000628,115
1929,Gary,PETERS,REPRESENTATIVE,D,MI,52,P000595,115
1811,Gwen,MOORE,SENATOR,D,WI,N/A,M001160,115
1742,Tom,COLE,REPRESENTATIVE,R,OK,12,C001053,115
1542,Michael,ENZI,SENATOR,R,WY,N/A,E000285,115
2307,Andy,BIGGS,N/A,R,AZ,N/A,B001302,115
1542,Michael,ENZI,SENATOR,R,WY,N/A,E000285,115
1036,Charles,SCHUMER,SENATOR,D,NY,N/A,S000148,115
1036,Charles,SCHUMER,SENATOR,D,NY,N/A,S000148,115
1036,Charles,SCHUMER,SENATOR,D,NY,N/A,S000148,115
172,Maria,CANTWELL,SENATOR,D,WA,N/A,C000127,115
1542,Michael,ENZI,SENATOR,R,WY,N/A,E000285,115
1542,Michael,ENZI,SENATOR,R,WY,N/A,E000285,115
2182,Elizabeth,WARREN,SENATOR,D,MA,N/A,W000817,115
1897,Mark,WARNER,SENATOR,D,VA,N/A,W000805,115
1409,Patty,MURRAY,SENATOR,D,WA,N/A,M001111,115
1837,Christopher,MURPHY,SENATOR,D,CT,N/A,M001169,115
1542,Michael,ENZI,SENATOR,R,WY,N/A,E000285,115
2076,Richard,BLUMENTHAL,SENATOR,D,CT,N/A,B001277,115
2076,Richard,BLUMENTHAL,SENATOR,D,CT,N/A,B001277,115
1542,Michael,ENZI,SENATOR,R,WY,N/A,E000285,115
2082,Rand,PAUL,REPRESENTATIVE,R,KY,4,P000603,115
1542,Michael,ENZI,SENATOR,R,WY,N/A,E000285,115
1247,Ron,WYDEN,SENATOR,D,OR,N/A,W000779,115
1542,Michael,ENZI,SENATOR,R,WY,N/A,E000285,115
1542,Michael,ENZI,SENATOR,R,WY,N/A,E000285,115
1542,Michael,ENZI,SENATOR,R,WY,N/A,E000285,115
1247,Ron,WYDEN,SENATOR,D,OR,N/A,W000779,115
1010,Bernard,SANDERS,SENATOR,I,VT,N/A,S000033,115
1247,Ron,WYDEN,SENATOR,D,OR,N/A,W000779,115
1010,Bernard,SANDERS,SENATOR,I,VT,N/A,S000033,115
1247,Ron,WYDEN,SENATOR,D,OR,N/A,W000779,115
1010,Bernard,SANDERS,SENATOR,I,VT,N/A,S000033,115
1247,Ron,WYDEN,SENATOR,D,OR,N/A,W000779,115
1010,Bernard,SANDERS,SENATOR,I,VT,N/A,S000033,115
1247,Ron,WYDEN,SENATOR,D,OR,N/A,W000779,115
1010,Bernard,SANDERS,SENATOR,I,VT,N/A,S000033,115
1247,Ron,WYDEN,SENATOR,D,OR,N/A,W000779,115
1010,Bernard,SANDERS,SENATOR,I,VT,N/A,S000033,115
1010,Bernard,SANDERS,SENATOR,I,VT,N/A,S000033,115
1247,Ron,WYDEN,SENATOR,D,OR,N/A,W000779,115
1010,Bernard,SANDERS,SENATOR,I,VT,N/A,S000033,115
1247,Ron,WYDEN,SENATOR,D,OR,N/A,W000779,115
1010,Bernard,SANDERS,SENATOR,I,VT,N/A,S000033,115
1247,Ron,WYDEN,SENATOR,D,OR,N/A,W000779,115
1010,Bernard,SANDERS,SENATOR,I,VT,N/A,S000033,115
1247,Ron,WYDEN,SENATOR,D,OR,N/A,W000779,115
1010,Bernard,SANDERS,SENATOR,I,VT,N/A,S000033,115
1247,Ron,WYDEN,SENATOR,D,OR,N/A,W000779,115
1010,Bernard,SANDERS,SENATOR,I,VT,N/A,S000033,115
1010,Bernard,SANDERS,SENATOR,I,VT,N/A,S000033,115
1247,Ron,WYDEN,SENATOR,D,OR,N/A,W000779,115
1010,Bernard,SANDERS,SENATOR,I,VT,N/A,S000033,115
1247,Ron,WYDEN,SENATOR,D,OR,N/A,W000779,115
1010,Bernard,SANDERS,SENATOR,I,VT,N/A,S000033,115
1247,Ron,WYDEN,SENATOR,D,OR,N/A,W000779,115
1531,Debbie,STABENOW,SENATOR,D,MI,N/A,S000770,115
1247,Ron,WYDEN,SENATOR,D,OR,N/A,W000779,115
1531,Debbie,STABENOW,SENATOR,D,MI,N/A,S000770,115
1247,Ron,WYDEN,SENATOR,D,OR,N/A,W000779,115
1010,Bernard,SANDERS,SENATOR,I,VT,N/A,S000033,115
1247,Ron,WYDEN,SENATOR,D,OR,N/A,W000779,115
1531,Debbie,STABENOW,SENATOR,D,MI,N/A,S000770,115
1247,Ron,WYDEN,SENATOR,D,OR,N/A,W000779,115
1010,Bernard,SANDERS,SENATOR,I,VT,N/A,S000033,115
1247,Ron,WYDEN,SENATOR,D,OR,N/A,W000779,115
1531,Debbie,STABENOW,SENATOR,D,MI,N/A,S000770,115
1247,Ron,WYDEN,SENATOR,D,OR,N/A,W000779,115
1534,John,THUNE,SENATOR,R,SD,N/A,T000250,115
1823,Sheldon,WHITEHOUSE,SENATOR,D,RI,N/A,W000802,115
2138,Steve,DAINES,SENATOR,R,MT,N/A,D000618,115
172,Maria,CANTWELL,SENATOR,D,WA,N/A,C000127,115
1850,Joe,DONNELLY,SENATOR,D,IN,N/A,D000607,115
1692,John,CORNYN,SENATOR,R,TX,N/A,C001056,115
1692,John,CORNYN,SENATOR,R,TX,N/A,C001056,115
1901,Jeanne,SHAHEEN,SENATOR,D,NH,N/A,S001181,115
326,Richard,DURBIN,SENATOR,D,IL,N/A,D000563,115
1247,Ron,WYDEN,SENATOR,D,OR,N/A,W000779,115
1247,Ron,WYDEN,SENATOR,D,OR,N/A,W000779,115
1247,Ron,WYDEN,SENATOR,D,OR,N/A,W000779,115
2076,Richard,BLUMENTHAL,SENATOR,D,CT,N/A,B001277,115
1542,Michael,ENZI,SENATOR,R,WY,N/A,E000285,115
2076,Richard,BLUMENTHAL,SENATOR,D,CT,N/A,B001277,115
2086,Ron,JOHNSON,REPRESENTATIVE,R,WI,4,J000293,115
2086,Ron,JOHNSON,REPRESENTATIVE,R,WI,4,J000293,115
1542,Michael,ENZI,SENATOR,R,WY,N/A,E000285,115
2357,Luther,STRANGE,N/A,R,AL,N/A,S001202,115
2357,Luther,STRANGE,N/A,R,AL,N/A,S001202,115
1409,Patty,MURRAY,SENATOR,D,WA,N/A,M001111,115
1692,John,CORNYN,SENATOR,R,TX,N/A,C001056,115
1692,John,CORNYN,SENATOR,R,TX,N/A,C001056,115
1542,Michael,ENZI,SENATOR,R,WY,N/A,E000285,115
1828,Robert,CASEY,SENATOR,D,PA,N/A,C001070,115
1828,Robert,CASEY,SENATOR,D,PA,N/A,C001070,115
452,Lindsey,GRAHAM,REPRESENTATIVE,R,SC,2,G000359,115
1925,Bill,CASSIDY,SENATOR,R,LA,N/A,C001075,115
452,Lindsey,GRAHAM,REPRESENTATIVE,R,SC,2,G000359,115
583,James,INHOFE,SENATOR,R,OK,N/A,I000024,115
583,James,INHOFE,SENATOR,R,OK,N/A,I000024,115
1542,Michael,ENZI,SENATOR,R,WY,N/A,E000285,115
179,Thomas,CARPER,SENATOR,D,DE,N/A,C000174,115
1542,Michael,ENZI,SENATOR,R,WY,N/A,E000285,115
1542,Michael,ENZI,SENATOR,R,WY,N/A,E000285,115
1542,Michael,ENZI,SENATOR,R,WY,N/A,E000285,115
179,Thomas,CARPER,SENATOR,D,DE,N/A,C000174,115
2302,Margaret,HASSAN,N/A,D,NH,N/A,H001076,115
174,Benjamin,CARDIN,SENATOR,D,MD,N/A,C000141,115
174,Benjamin,CARDIN,SENATOR,D,MD,N/A,C000141,115
174,Benjamin,CARDIN,SENATOR,D,MD,N/A,C000141,115
2123,Tammy,DUCKWORTH,REPRESENTATIVE,D,IL,8,D000622,115
1863,Dean,HELLER,SENATOR,R,NV,N/A,H001041,115
2123,Tammy,DUCKWORTH,REPRESENTATIVE,D,IL,8,D000622,115
1828,Robert,CASEY,SENATOR,D,PA,N/A,C001070,115
1542,Michael,ENZI,SENATOR,R,WY,N/A,E000285,115
1692,John,CORNYN,SENATOR,R,TX,N/A,C001056,115
1863,Dean,HELLER,SENATOR,R,NV,N/A,H001041,115
1010,Bernard,SANDERS,SENATOR,I,VT,N/A,S000033,115
1863,Dean,HELLER,SENATOR,R,NV,N/A,H001041,115
1036,Charles,SCHUMER,SENATOR,D,NY,N/A,S000148,115
949,Jack,REED,REPRESENTATIVE,D,RI,23,R000122,115
1969,Al,FRANKEN,SENATOR,D,MN,N/A,F000457,115
1823,Sheldon,WHITEHOUSE,SENATOR,D,RI,N/A,W000802,115
1829,Jon,TESTER,SENATOR,D,MT,N/A,T000464,115
1826,Amy,KLOBUCHAR,SENATOR,D,MN,N/A,K000367,115
1036,Charles,KING,REPRESENTATIVE,D,NY,4,S000148,115
2123,Tammy,DUCKWORTH,REPRESENTATIVE,D,IL,8,D000622,115
1850,Joe,DONNELLY,SENATOR,D,IN,N/A,D000607,115
1897,Mark,WARNER,SENATOR,D,VA,N/A,W000805,115
1897,Mark,WARNER,SENATOR,D,VA,N/A,W000805,115
859,Bill,NELSON,SENATOR,D,FL,N/A,N000032,115
1567,Tom,UDALL,SENATOR,D,NM,N/A,U000039,115
1567,Tom,UDALL,SENATOR,D,NM,N/A,U000039,115
1828,Robert,CASEY,SENATOR,D,PA,N/A,C001070,115
2182,Elizabeth,WARREN,SENATOR,D,MA,N/A,W000817,115
1036,Charles,KING,REPRESENTATIVE,D,NY,4,S000148,115
1823,Sheldon,WHITEHOUSE,SENATOR,D,RI,N/A,W000802,115
2182,Elizabeth,WARREN,SENATOR,D,MA,N/A,W000817,115
1937,Martin,HEINRICH,SENATOR,D,NM,N/A,H001046,115
1937,Martin,HEINRICH,SENATOR,D,NM,N/A,H001046,115
174,Benjamin,CARDIN,SENATOR,D,MD,N/A,C000141,115
174,Benjamin,CARDIN,SENATOR,D,MD,N/A,C000141,115
1558,Tammy,BALDWIN,SENATOR,D,WI,N/A,B001230,115
859,Bill,NELSON,SENATOR,D,FL,N/A,N000032,115
174,Benjamin,CARDIN,SENATOR,D,MD,N/A,C000141,115
1036,Charles,KING,REPRESENTATIVE,D,NY,4,S000148,115
1036,Charles,KING,REPRESENTATIVE,D,NY,4,S000148,115
1036,Charles,KING,REPRESENTATIVE,D,NY,4,S000148,115
1036,Charles,KING,REPRESENTATIVE,D,NY,4,S000148,115
1900,Jeff,MERKLEY,SENATOR,D,OR,N/A,M001176,115
2174,Heidi,HEITKAMP,SENATOR,D,ND,N/A,H001069,115
1969,Al,FRANKEN,SENATOR,D,MN,N/A,F000457,115
1969,Al,FRANKEN,SENATOR,D,MN,N/A,F000457,115
1969,Al,FRANKEN,SENATOR,D,MN,N/A,F000457,115
1969,Al,FRANKEN,SENATOR,D,MN,N/A,F000457,115
1969,Al,FRANKEN,SENATOR,D,MN,N/A,F000457,115
1969,Al,FRANKEN,SENATOR,D,MN,N/A,F000457,115
1969,Al,FRANKEN,SENATOR,D,MN,N/A,F000457,115
1837,Christopher,MURPHY,SENATOR,D,CT,N/A,M001169,115
1901,Jeanne,SHAHEEN,SENATOR,D,NH,N/A,S001181,115
1567,Tom,UDALL,SENATOR,D,NM,N/A,U000039,115
791,Robert,MENENDEZ,SENATOR,D,NJ,N/A,M000639,115
791,Robert,MENENDEZ,SENATOR,D,NJ,N/A,M000639,115
791,Robert,MENENDEZ,SENATOR,D,NJ,N/A,M000639,115
791,Robert,MENENDEZ,SENATOR,D,NJ,N/A,M000639,115
791,Robert,MENENDEZ,SENATOR,D,NJ,N/A,M000639,115
791,Robert,MENENDEZ,SENATOR,D,NJ,N/A,M000639,115
791,Robert,MENENDEZ,SENATOR,D,NJ,N/A,M000639,115
791,Robert,MENENDEZ,SENATOR,D,NJ,N/A,M000639,115
791,Robert,MENENDEZ,SENATOR,D,NJ,N/A,M000639,115
791,Robert,MENENDEZ,SENATOR,D,NJ,N/A,M000639,115
791,Robert,MENENDEZ,SENATOR,D,NJ,N/A,M000639,115
791,Robert,MENENDEZ,SENATOR,D,NJ,N/A,M000639,115
791,Robert,MENENDEZ,SENATOR,D,NJ,N/A,M000639,115
2076,Richard,BLUMENTHAL,SENATOR,D,CT,N/A,B001277,115
2076,Richard,BLUMENTHAL,SENATOR,D,CT,N/A,B001277,115
2076,Richard,BLUMENTHAL,SENATOR,D,CT,N/A,B001277,115
2076,Richard,BLUMENTHAL,SENATOR,D,CT,N/A,B001277,115
2076,Richard,BLUMENTHAL,SENATOR,D,CT,N/A,B001277,115
2076,Richard,BLUMENTHAL,SENATOR,D,CT,N/A,B001277,115
2076,Richard,BLUMENTHAL,SENATOR,D,CT,N/A,B001277,115
2076,Richard,BLUMENTHAL,SENATOR,D,CT,N/A,B001277,115
2076,Richard,BLUMENTHAL,SENATOR,D,CT,N/A,B001277,115
2194,Cory,BOOKER,SENATOR,D,NJ,N/A,B001288,115
2194,Cory,BOOKER,SENATOR,D,NJ,N/A,B001288,115
2194,Cory,BOOKER,SENATOR,D,NJ,N/A,B001288,115
2194,Cory,BOOKER,SENATOR,D,NJ,N/A,B001288,115
2194,Cory,BOOKER,SENATOR,D,NJ,N/A,B001288,115
2194,Cory,BOOKER,SENATOR,D,NJ,N/A,B001288,115
326,Richard,DURBIN,SENATOR,D,IL,N/A,D000563,115
326,Richard,DURBIN,SENATOR,D,IL,N/A,D000563,115
326,Richard,DURBIN,SENATOR,D,IL,N/A,D000563,115
326,Richard,DURBIN,SENATOR,D,IL,N/A,D000563,115
326,Richard,DURBIN,SENATOR,D,IL,N/A,D000563,115
326,Richard,DURBIN,SENATOR,D,IL,N/A,D000563,115
326,Richard,DURBIN,SENATOR,D,IL,N/A,D000563,115
326,Richard,DURBIN,SENATOR,D,IL,N/A,D000563,115
326,Richard,DURBIN,SENATOR,D,IL,N/A,D000563,115
326,Richard,DURBIN,SENATOR,D,IL,N/A,D000563,115
326,Richard,DURBIN,SENATOR,D,IL,N/A,D000563,115
326,Richard,DURBIN,SENATOR,D,IL,N/A,D000563,115
1531,Debbie,STABENOW,SENATOR,D,MI,N/A,S000770,115
1531,Debbie,STABENOW,SENATOR,D,MI,N/A,S000770,115
1531,Debbie,STABENOW,SENATOR,D,MI,N/A,S000770,115
2302,Margaret,HASSAN,N/A,D,NH,N/A,H001076,115
735,Edward,MARKEY,SENATOR,D,MA,N/A,M000133,115
735,Edward,MARKEY,SENATOR,D,MA,N/A,M000133,115
735,Edward,MARKEY,SENATOR,D,MA,N/A,M000133,115
1965,Michael,BENNET,SENATOR,D,CO,N/A,B001267,115
1983,Joe,MANCHIN,SENATOR,D,WV,N/A,M001183,115
1983,Joe,MANCHIN,SENATOR,D,WV,N/A,M001183,115
1983,Joe,MANCHIN,SENATOR,D,WV,N/A,M001183,115
949,Jack,REED,REPRESENTATIVE,D,RI,23,R000122,115
949,Jack,REED,REPRESENTATIVE,D,RI,23,R000122,115
1409,Patty,MURRAY,SENATOR,D,WA,N/A,M001111,115
2017,Todd,ROKITA,REPRESENTATIVE,R,IN,4,R000592,115
344,Eliot,ENGEL,REPRESENTATIVE,D,NY,16,E000179,115
344,Eliot,ENGEL,REPRESENTATIVE,D,NY,16,E000179,115
709,Nita,LOWEY,REPRESENTATIVE,D,NY,17,L000480,115
344,Eliot,ENGEL,REPRESENTATIVE,D,NY,16,E000179,115
2134,Daniel,KILDEE,REPRESENTATIVE,D,MI,5,K000380,115
344,Eliot,ENGEL,REPRESENTATIVE,D,NY,16,E000179,115
2343,John,FASO,N/A,R,NY,N/A,F000464,115
1542,Michael,ENZI,SENATOR,R,WY,N/A,E000285,115
2021,Kevin,YODER,REPRESENTATIVE,R,KS,3,Y000063,115
2107,Tony,CARDENAS,REPRESENTATIVE,D,CA,29,C001097,115
1654,Wm.,CLAY,REPRESENTATIVE,D,MO,1,C001049,115
2271,Mia,LOVE,REPRESENTATIVE,R,UT,4,L000584,115
1654,Wm.,CLAY,REPRESENTATIVE,D,MO,1,C001049,115
2319,Darren,SOTO,N/A,D,FL,N/A,S001200,115
2275,Dan,NEWHOUSE,REPRESENTATIVE,R,WA,4,N000189,115
2275,Dan,NEWHOUSE,REPRESENTATIVE,R,WA,4,N000189,115
2275,Dan,NEWHOUSE,REPRESENTATIVE,R,WA,4,N000189,115
2275,Dan,NEWHOUSE,REPRESENTATIVE,R,WA,4,N000189,115
1069,Louise,SLAUGHTER,REPRESENTATIVE,D,NY,25,S000480,115
1069,Louise,SLAUGHTER,REPRESENTATIVE,D,NY,25,S000480,115
2275,Dan,NEWHOUSE,REPRESENTATIVE,R,WA,4,N000189,115
2275,Dan,NEWHOUSE,REPRESENTATIVE,R,WA,4,N000189,115
1069,Louise,SLAUGHTER,REPRESENTATIVE,D,NY,25,S000480,115
2226,Ruben,GALLEGO,REPRESENTATIVE,D,AZ,7,G000574,115
2275,Dan,NEWHOUSE,REPRESENTATIVE,R,WA,4,N000189,115
1069,Louise,SLAUGHTER,REPRESENTATIVE,D,NY,25,S000480,115
2275,Dan,NEWHOUSE,REPRESENTATIVE,R,WA,4,N000189,115
1069,Louise,SLAUGHTER,REPRESENTATIVE,D,NY,25,S000480,115
566,Steny,HOYER,REPRESENTATIVE,D,MD,5,H000874,115
1069,Louise,SLAUGHTER,REPRESENTATIVE,D,NY,25,S000480,115
566,Steny,HOYER,REPRESENTATIVE,D,MD,5,H000874,115
1069,Louise,SLAUGHTER,REPRESENTATIVE,D,NY,25,S000480,115
566,Steny,HOYER,REPRESENTATIVE,D,MD,5,H000874,115
2275,Dan,NEWHOUSE,REPRESENTATIVE,R,WA,4,N000189,115
1069,Louise,SLAUGHTER,REPRESENTATIVE,D,NY,25,S000480,115
2275,Dan,NEWHOUSE,REPRESENTATIVE,R,WA,4,N000189,115
1069,Louise,SLAUGHTER,REPRESENTATIVE,D,NY,25,S000480,115
1069,Louise,SLAUGHTER,REPRESENTATIVE,D,NY,25,S000480,115
303,Lloyd,DOGGETT,REPRESENTATIVE,D,TX,35,D000399,115
2275,Dan,NEWHOUSE,REPRESENTATIVE,R,WA,4,N000189,115
1069,Louise,SLAUGHTER,REPRESENTATIVE,D,NY,25,S000480,115
2311,Nanette,BARRAGAN,N/A,D,CA,N/A,B001300,115
2275,Dan,NEWHOUSE,REPRESENTATIVE,R,WA,4,N000189,115
1069,Louise,SLAUGHTER,REPRESENTATIVE,D,NY,25,S000480,115
1069,Louise,SLAUGHTER,REPRESENTATIVE,D,NY,25,S000480,115
588,Sheila,LEE,REPRESENTATIVE,D,TX,13,J000032,115
1069,Louise,SLAUGHTER,REPRESENTATIVE,D,NY,25,S000480,115
588,Sheila,LEE,REPRESENTATIVE,D,TX,13,J000032,115
2275,Dan,NEWHOUSE,REPRESENTATIVE,R,WA,4,N000189,115
2307,Andy,BIGGS,N/A,R,AZ,N/A,B001302,115
1069,Louise,SLAUGHTER,REPRESENTATIVE,D,NY,25,S000480,115
2275,Dan,NEWHOUSE,REPRESENTATIVE,R,WA,4,N000189,115
1012,Mark,SANFORD,REPRESENTATIVE,R,SC,2,S000051,115
1069,Louise,SLAUGHTER,REPRESENTATIVE,D,NY,25,S000480,115
2275,Dan,NEWHOUSE,REPRESENTATIVE,R,WA,4,N000189,115
1801,Louie,GOHMERT,REPRESENTATIVE,R,TX,1,G000552,115
2275,Dan,NEWHOUSE,REPRESENTATIVE,R,WA,4,N000189,115
1069,Louise,SLAUGHTER,REPRESENTATIVE,D,NY,25,S000480,115
2275,Dan,NEWHOUSE,REPRESENTATIVE,R,WA,4,N000189,115
2275,Dan,NEWHOUSE,REPRESENTATIVE,R,WA,4,N000189,115
1069,Louise,SLAUGHTER,REPRESENTATIVE,D,NY,25,S000480,115
709,Nita,LOWEY,REPRESENTATIVE,D,NY,17,L000480,115
1890,Jackie,SPEIER,REPRESENTATIVE,D,CA,14,S001175,115
1069,Louise,SLAUGHTER,REPRESENTATIVE,D,NY,25,S000480,115
1742,Tom,COLE,REPRESENTATIVE,R,OK,12,C001053,115
1742,Tom,COLE,REPRESENTATIVE,R,OK,12,C001053,115
1742,Tom,COLE,REPRESENTATIVE,R,OK,12,C001053,115
1742,Tom,COLE,REPRESENTATIVE,R,OK,12,C001053,115
1742,Tom,COLE,REPRESENTATIVE,R,OK,12,C001053,115
2197,Bradley,BYRNE,REPRESENTATIVE,R,AL,1,B001289,115
1742,Tom,COLE,REPRESENTATIVE,R,OK,12,C001053,115
2049,Bob,GIBBS,REPRESENTATIVE,R,OH,7,G000563,115
99,Earl,BLUMENAUER,REPRESENTATIVE,D,OR,3,B000574,115
1742,Tom,COLE,REPRESENTATIVE,R,OK,12,C001053,115
99,Earl,BLUMENAUER,REPRESENTATIVE,D,OR,3,B000574,115
701,Zoe,LOFGREN,REPRESENTATIVE,D,CA,19,L000397,115
1742,Tom,COLE,REPRESENTATIVE,R,OK,12,C001053,115
1526,Brad,SHERMAN,REPRESENTATIVE,D,CA,30,S000344,115
1742,Tom,COLE,REPRESENTATIVE,R,OK,12,C001053,115
1742,Tom,COLE,REPRESENTATIVE,R,OK,12,C001053,115
1742,Tom,COLE,REPRESENTATIVE,R,OK,12,C001053,115
2203,Dave,BRAT,REPRESENTATIVE,R,VA,7,B001290,115
2224,Bruce,WESTERMAN,REPRESENTATIVE,R,AR,4,W000821,115
1602,Grace,NAPOLITANO,REPRESENTATIVE,D,CA,32,N000179,115
414,Rodney,FRELINGHUYSEN,REPRESENTATIVE,R,NJ,11,F000372,115
414,Rodney,FRELINGHUYSEN,REPRESENTATIVE,R,NJ,11,F000372,115
709,Nita,LOWEY,REPRESENTATIVE,D,NY,17,L000480,115
709,Nita,LOWEY,REPRESENTATIVE,D,NY,17,L000480,115
414,Rodney,FRELINGHUYSEN,REPRESENTATIVE,R,NJ,11,F000372,115
709,Nita,LOWEY,REPRESENTATIVE,D,NY,17,L000480,115
616,Marcy,KAPTUR,REPRESENTATIVE,D,OH,8,K000009,115
414,Rodney,FRELINGHUYSEN,REPRESENTATIVE,R,NJ,11,F000372,115
1487,Kay,GRANGER,REPRESENTATIVE,R,TX,12,G000377,115
709,Nita,LOWEY,REPRESENTATIVE,D,NY,17,L000480,115
414,Rodney,FRELINGHUYSEN,REPRESENTATIVE,R,NJ,11,F000372,115
1590,Michael,SIMPSON,REPRESENTATIVE,R,ID,2,S001148,115
709,Nita,LOWEY,REPRESENTATIVE,D,NY,17,L000480,115
414,Rodney,FRELINGHUYSEN,REPRESENTATIVE,R,NJ,11,F000372,115
1799,Charles,DENT,N/A,R,PA,N/A,D000604,115
414,Rodney,FRELINGHUYSEN,REPRESENTATIVE,R,NJ,11,F000372,115
1799,Charles,DENT,N/A,R,PA,N/A,D000604,115
709,Nita,LOWEY,REPRESENTATIVE,D,NY,17,L000480,115
905,Nancy,PELOSI,REPRESENTATIVE,D,CA,12,P000197,115
414,Rodney,FRELINGHUYSEN,REPRESENTATIVE,R,NJ,11,F000372,115
2021,Kevin,YODER,REPRESENTATIVE,R,KS,3,Y000063,115
709,Nita,LOWEY,REPRESENTATIVE,D,NY,17,L000480,115
566,Steny,HOYER,REPRESENTATIVE,D,MD,5,H000874,115
709,Nita,LOWEY,REPRESENTATIVE,D,NY,17,L000480,115
566,Steny,HOYER,REPRESENTATIVE,D,MD,5,H000874,115
414,Rodney,FRELINGHUYSEN,REPRESENTATIVE,R,NJ,11,F000372,115
165,Ken,CALVERT,REPRESENTATIVE,R,CA,42,C000059,115
709,Nita,LOWEY,REPRESENTATIVE,D,NY,17,L000480,115
414,Rodney,FRELINGHUYSEN,REPRESENTATIVE,R,NJ,11,F000372,115
2035,Steven,PALAZZO,REPRESENTATIVE,R,MS,4,P000601,115
709,Nita,LOWEY,REPRESENTATIVE,D,NY,17,L000480,115
1188,Peter,VISCLOSKY,REPRESENTATIVE,D,IN,1,V000108,115
414,Rodney,FRELINGHUYSEN,REPRESENTATIVE,R,NJ,11,F000372,115
1936,Leonard,LANCE,REPRESENTATIVE,R,NJ,7,L000567,115
709,Nita,LOWEY,REPRESENTATIVE,D,NY,17,L000480,115
414,Rodney,FRELINGHUYSEN,REPRESENTATIVE,R,NJ,11,F000372,115
1590,Michael,SIMPSON,REPRESENTATIVE,R,ID,2,S001148,115
1590,Michael,SIMPSON,REPRESENTATIVE,R,ID,2,S001148,115
1590,Michael,SIMPSON,REPRESENTATIVE,R,ID,2,S001148,115
709,Nita,LOWEY,REPRESENTATIVE,D,NY,17,L000480,115
2169,Derek,KILMER,REPRESENTATIVE,D,WA,6,K000381,115
414,Rodney,FRELINGHUYSEN,REPRESENTATIVE,R,NJ,11,F000372,115
414,Rodney,FRELINGHUYSEN,REPRESENTATIVE,R,NJ,11,F000372,115
709,Nita,LOWEY,REPRESENTATIVE,D,NY,17,L000480,115
1807,Henry,CUELLAR,REPRESENTATIVE,D,TX,28,C001063,115
414,Rodney,FRELINGHUYSEN,REPRESENTATIVE,R,NJ,11,F000372,115
709,Nita,LOWEY,REPRESENTATIVE,D,NY,17,L000480,115
709,Nita,LOWEY,REPRESENTATIVE,D,NY,17,L000480,115
414,Rodney,FRELINGHUYSEN,REPRESENTATIVE,R,NJ,11,F000372,115
709,Nita,LOWEY,REPRESENTATIVE,D,NY,17,L000480,115
414,Rodney,FRELINGHUYSEN,REPRESENTATIVE,R,NJ,11,F000372,115
2058,Trey,GOWDY,REPRESENTATIVE,R,SC,4,G000566,115
1959,Gerald,CONNOLLY,REPRESENTATIVE,D,VA,11,C001078,115
1959,Gerald,CONNOLLY,REPRESENTATIVE,D,VA,11,C001078,115
2021,Kevin,YODER,REPRESENTATIVE,R,KS,3,Y000063,115
2021,Kevin,YODER,REPRESENTATIVE,R,KS,3,Y000063,115
2271,Mia,LOVE,REPRESENTATIVE,R,UT,4,L000584,115
2271,Mia,LOVE,REPRESENTATIVE,R,UT,4,L000584,115
2023,Cedric,RICHMOND,REPRESENTATIVE,D,LA,2,R000588,115
2271,Mia,LOVE,REPRESENTATIVE,R,UT,4,L000584,115
2155,Jim,BRIDENSTINE,REPRESENTATIVE,R,OK,1,B001283,115
2271,Mia,LOVE,REPRESENTATIVE,R,UT,4,L000584,115
2021,Kevin,YODER,REPRESENTATIVE,R,KS,3,Y000063,115
2021,Kevin,YODER,REPRESENTATIVE,R,KS,3,Y000063,115
2021,Kevin,YODER,REPRESENTATIVE,R,KS,3,Y000063,115
2134,Daniel,KILDEE,REPRESENTATIVE,D,MI,5,K000380,115
2134,Daniel,KILDEE,REPRESENTATIVE,D,MI,5,K000380,115
2021,Kevin,YODER,REPRESENTATIVE,R,KS,3,Y000063,115
2021,Kevin,YODER,REPRESENTATIVE,R,KS,3,Y000063,115
2134,Daniel,KILDEE,REPRESENTATIVE,D,MI,5,K000380,115
2157,Scott,PERRY,REPRESENTATIVE,R,PA,4,P000605,115
2157,Scott,PERRY,REPRESENTATIVE,R,PA,4,P000605,115
1853,John,YARMUTH,REPRESENTATIVE,D,KY,3,Y000062,115
2157,Scott,PERRY,REPRESENTATIVE,R,PA,4,P000605,115
2157,Scott,PERRY,REPRESENTATIVE,R,PA,4,P000605,115
2070,H.,GRIFFITH,REPRESENTATIVE,R,VA,9,G000568,115
2070,H.,GRIFFITH,REPRESENTATIVE,R,VA,9,G000568,115
2142,Mark,MEADOWS,REPRESENTATIVE,R,NC,11,M001187,115
2070,H.,GRIFFITH,REPRESENTATIVE,R,VA,9,G000568,115
2063,Diane,BLACK,REPRESENTATIVE,R,TN,6,B001273,115
854,Richard,NEAL,REPRESENTATIVE,D,MA,1,N000015,115
1774,Jim,COSTA,REPRESENTATIVE,D,CA,16,C001059,115
2272,Donald,BEYER,REPRESENTATIVE,D,VA,8,B001292,115
2070,H.,GRIFFITH,REPRESENTATIVE,R,VA,9,G000568,115
1959,Gerald,CONNOLLY,REPRESENTATIVE,D,VA,11,C001078,115
2070,H.,GRIFFITH,REPRESENTATIVE,R,VA,9,G000568,115
2055,David,CICILLINE,REPRESENTATIVE,D,RI,1,C001084,115
2055,David,CICILLINE,REPRESENTATIVE,D,RI,1,C001084,115
2055,David,CICILLINE,REPRESENTATIVE,D,RI,1,C001084,115
2021,Kevin,YODER,REPRESENTATIVE,R,KS,3,Y000063,115
2055,David,CICILLINE,REPRESENTATIVE,D,RI,1,C001084,115
2110,Mark,TAKANO,REPRESENTATIVE,D,CA,41,T000472,115
2110,Mark,TAKANO,REPRESENTATIVE,D,CA,41,T000472,115
2021,Kevin,YODER,REPRESENTATIVE,R,KS,3,Y000063,115
2021,Kevin,YODER,REPRESENTATIVE,R,KS,3,Y000063,115
2110,Mark,TAKANO,REPRESENTATIVE,D,CA,41,T000472,115
2110,Mark,TAKANO,REPRESENTATIVE,D,CA,41,T000472,115
1888,Bill,FOSTER,REPRESENTATIVE,D,IL,11,F000454,115
2110,Mark,TAKANO,REPRESENTATIVE,D,CA,41,T000472,115
2110,Mark,TAKANO,REPRESENTATIVE,D,CA,41,T000472,115
2021,Kevin,YODER,REPRESENTATIVE,R,KS,3,Y000063,115
2021,Kevin,YODER,REPRESENTATIVE,R,KS,3,Y000063,115
2021,Kevin,YODER,REPRESENTATIVE,R,KS,3,Y000063,115
2021,Kevin,YODER,REPRESENTATIVE,R,KS,3,Y000063,115
2021,Kevin,YODER,REPRESENTATIVE,R,KS,3,Y000063,115
2265,Steve,RUSSELL,REPRESENTATIVE,R,OK,5,R000604,115
2265,Steve,RUSSELL,REPRESENTATIVE,R,OK,5,R000604,115
2021,Kevin,YODER,REPRESENTATIVE,R,KS,3,Y000063,115
2021,Kevin,YODER,REPRESENTATIVE,R,KS,3,Y000063,115
2265,Steve,RUSSELL,REPRESENTATIVE,R,OK,5,R000604,115
2333,Jack,BERGMAN,N/A,R,MI,N/A,B001301,115
2333,Jack,BERGMAN,N/A,R,MI,N/A,B001301,115
1799,Charles,DENT,N/A,R,PA,N/A,D000604,115
1799,Charles,DENT,N/A,R,PA,N/A,D000604,115
2171,Mark,POCAN,REPRESENTATIVE,D,WI,2,P000607,115
1799,Charles,DENT,N/A,R,PA,N/A,D000604,115
2171,Mark,POCAN,REPRESENTATIVE,D,WI,2,P000607,115
1799,Charles,DENT,N/A,R,PA,N/A,D000604,115
1799,Charles,DENT,N/A,R,PA,N/A,D000604,115
1799,Charles,DENT,N/A,R,PA,N/A,D000604,115
1799,Charles,DENT,N/A,R,PA,N/A,D000604,115
2272,Donald,BEYER,REPRESENTATIVE,D,VA,8,B001292,115
2202,Donald,NORCROSS,REPRESENTATIVE,D,NJ,1,N000188,115
2340,Ruben,KIHUEN,N/A,D,NV,N/A,K000390,115
1799,Charles,DENT,N/A,R,PA,N/A,D000604,115
2268,John,RATCLIFFE,REPRESENTATIVE,R,TX,4,R000601,115
2268,John,RATCLIFFE,REPRESENTATIVE,R,TX,4,R000601,115
2268,John,RATCLIFFE,REPRESENTATIVE,R,TX,4,R000601,115
1799,Charles,DENT,N/A,R,PA,N/A,D000604,115
2268,John,RATCLIFFE,REPRESENTATIVE,R,TX,4,R000601,115
2203,Dave,BRAT,REPRESENTATIVE,R,VA,7,B001290,115
2203,Dave,BRAT,REPRESENTATIVE,R,VA,7,B001290,115
2203,Dave,BRAT,REPRESENTATIVE,R,VA,7,B001290,115
2203,Dave,BRAT,REPRESENTATIVE,R,VA,7,B001290,115
1940,Dina,TITUS,REPRESENTATIVE,D,NV,1,T000468,115
2203,Dave,BRAT,REPRESENTATIVE,R,VA,7,B001290,115
1799,Charles,DENT,N/A,R,PA,N/A,D000604,115
1799,Charles,DENT,N/A,R,PA,N/A,D000604,115
1799,Charles,DENT,N/A,R,PA,N/A,D000604,115
2202,Donald,NORCROSS,REPRESENTATIVE,D,NJ,1,N000188,115
2333,Jack,BERGMAN,N/A,R,MI,N/A,B001301,115
2333,Jack,BERGMAN,N/A,R,MI,N/A,B001301,115
616,Marcy,KAPTUR,REPRESENTATIVE,D,OH,8,K000009,115
616,Marcy,KAPTUR,REPRESENTATIVE,D,OH,8,K000009,115
2333,Jack,BERGMAN,N/A,R,MI,N/A,B001301,115
1590,Michael,SIMPSON,REPRESENTATIVE,R,ID,2,S001148,115
1590,Michael,SIMPSON,REPRESENTATIVE,R,ID,2,S001148,115
616,Marcy,KAPTUR,REPRESENTATIVE,D,OH,8,K000009,115
1590,Michael,SIMPSON,REPRESENTATIVE,R,ID,2,S001148,115
616,Marcy,KAPTUR,REPRESENTATIVE,D,OH,8,K000009,115
1590,Michael,SIMPSON,REPRESENTATIVE,R,ID,2,S001148,115
2333,Jack,BERGMAN,N/A,R,MI,N/A,B001301,115
1590,Michael,SIMPSON,REPRESENTATIVE,R,ID,2,S001148,115
1590,Michael,SIMPSON,REPRESENTATIVE,R,ID,2,S001148,115
2343,John,FASO,N/A,R,NY,N/A,F000464,115
1590,Michael,SIMPSON,REPRESENTATIVE,R,ID,2,S001148,115
2343,John,FASO,N/A,R,NY,N/A,F000464,115
1590,Michael,SIMPSON,REPRESENTATIVE,R,ID,2,S001148,115
1590,Michael,SIMPSON,REPRESENTATIVE,R,ID,2,S001148,115
1590,Michael,SIMPSON,REPRESENTATIVE,R,ID,2,S001148,115
616,Marcy,KAPTUR,REPRESENTATIVE,D,OH,8,K000009,115
2110,Mark,TAKANO,REPRESENTATIVE,D,CA,41,T000472,115
616,Marcy,KAPTUR,REPRESENTATIVE,D,OH,8,K000009,115
1590,Michael,SIMPSON,REPRESENTATIVE,R,ID,2,S001148,115
1590,Michael,SIMPSON,REPRESENTATIVE,R,ID,2,S001148,115
1590,Michael,SIMPSON,REPRESENTATIVE,R,ID,2,S001148,115
1936,Leonard,LANCE,REPRESENTATIVE,R,NJ,7,L000567,115
1590,Michael,SIMPSON,REPRESENTATIVE,R,ID,2,S001148,115
1936,Leonard,LANCE,REPRESENTATIVE,R,NJ,7,L000567,115
1590,Michael,SIMPSON,REPRESENTATIVE,R,ID,2,S001148,115
616,Marcy,KAPTUR,REPRESENTATIVE,D,OH,8,K000009,115
616,Marcy,KAPTUR,REPRESENTATIVE,D,OH,8,K000009,115
1590,Michael,SIMPSON,REPRESENTATIVE,R,ID,2,S001148,115
616,Marcy,KAPTUR,REPRESENTATIVE,D,OH,8,K000009,115
1590,Michael,SIMPSON,REPRESENTATIVE,R,ID,2,S001148,115
2094,Thomas,MASSIE,REPRESENTATIVE,R,KY,4,M001184,115
1950,Kurt,SCHRADER,REPRESENTATIVE,D,OR,5,S001180,115
99,Earl,BLUMENAUER,REPRESENTATIVE,D,OR,3,B000574,115
1757,Linda,SANCHEZ,REPRESENTATIVE,D,CA,38,S001156,115
2252,Brenda,LAWRENCE,REPRESENTATIVE,D,MI,14,L000581,115
2343,John,FASO,N/A,R,NY,N/A,F000464,115
1930,Erik,PAULSEN,REPRESENTATIVE,R,MN,3,P000594,115
1930,Erik,PAULSEN,REPRESENTATIVE,R,MN,3,P000594,115
1854,John,SARBANES,REPRESENTATIVE,D,MD,3,S001168,114
1602,Grace,NAPOLITANO,REPRESENTATIVE,D,CA,32,N000179,114
1590,Michael,SIMPSON,REPRESENTATIVE,R,ID,2,S001148,115
1036,Charles,SCHUMER,SENATOR,D,NY,N/A,S000148,115
2076,Richard,BLUMENTHAL,SENATOR,D,CT,N/A,B001277,115
2314,Matt,GAETZ,N/A,R,FL,N/A,G000578,115
1654,Wm.,CLAY,REPRESENTATIVE,D,MO,1,C001049,115
1654,Wm.,CLAY,REPRESENTATIVE,D,MO,1,C001049,115
2345,Brian,FITZPATRICK,REPRESENTATIVE,R,PA,8,F000466,115
2275,Dan,NEWHOUSE,REPRESENTATIVE,R,WA,4,N000189,114
1460,Robert,ADERHOLT,REPRESENTATIVE,R,AL,4,A000055,115
1534,John,THUNE,SENATOR,R,SD,N/A,T000250,115
1881,John,BARRASSO,SENATOR,R,WY,N/A,B001261,115
2157,Scott,PERRY,REPRESENTATIVE,R,PA,4,P000605,115
2157,Scott,PERRY,REPRESENTATIVE,R,PA,4,P000605,115
2092,Suzanne,BONAMICI,REPRESENTATIVE,D,OR,1,B001278,115
2092,Suzanne,BONAMICI,REPRESENTATIVE,D,OR,1,B001278,115
2157,Scott,PERRY,REPRESENTATIVE,R,PA,4,P000605,115
2092,Suzanne,BONAMICI,REPRESENTATIVE,D,OR,1,B001278,115
2092,Suzanne,BONAMICI,REPRESENTATIVE,D,OR,1,B001278,115
1927,Chellie,PINGREE,REPRESENTATIVE,D,ME,1,P000597,115
2092,Suzanne,BONAMICI,REPRESENTATIVE,D,OR,1,B001278,115
1590,Michael,SIMPSON,REPRESENTATIVE,R,ID,2,S001148,115
1590,Michael,SIMPSON,REPRESENTATIVE,R,ID,2,S001148,115
1590,Michael,SIMPSON,REPRESENTATIVE,R,ID,2,S001148,115
1590,Michael,SIMPSON,REPRESENTATIVE,R,ID,2,S001148,115
1590,Michael,SIMPSON,REPRESENTATIVE,R,ID,2,S001148,115
1888,Bill,FOSTER,REPRESENTATIVE,D,IL,11,F000454,115
1888,Bill,FOSTER,REPRESENTATIVE,D,IL,11,F000454,115
1590,Michael,SIMPSON,REPRESENTATIVE,R,ID,2,S001148,115
1590,Michael,SIMPSON,REPRESENTATIVE,R,ID,2,S001148,115
1888,Bill,FOSTER,REPRESENTATIVE,D,IL,11,F000454,115
1973,John,GARAMENDI,REPRESENTATIVE,D,CA,3,G000559,115
1973,John,GARAMENDI,REPRESENTATIVE,D,CA,3,G000559,115
1590,Michael,SIMPSON,REPRESENTATIVE,R,ID,2,S001148,115
1590,Michael,SIMPSON,REPRESENTATIVE,R,ID,2,S001148,115
1973,John,GARAMENDI,REPRESENTATIVE,D,CA,3,G000559,115
1973,John,GARAMENDI,REPRESENTATIVE,D,CA,3,G000559,115
1590,Michael,SIMPSON,REPRESENTATIVE,R,ID,2,S001148,115
1973,John,GARAMENDI,REPRESENTATIVE,D,CA,3,G000559,115
2339,Jacky,ROSEN,N/A,D,NV,N/A,R000608,115
2339,Jacky,ROSEN,N/A,D,NV,N/A,R000608,115
1927,Chellie,PINGREE,REPRESENTATIVE,D,ME,1,P000597,115
1927,Chellie,PINGREE,REPRESENTATIVE,D,ME,1,P000597,115
1590,Michael,SIMPSON,REPRESENTATIVE,R,ID,2,S001148,115
1590,Michael,SIMPSON,REPRESENTATIVE,R,ID,2,S001148,115
1927,Chellie,PINGREE,REPRESENTATIVE,D,ME,1,P000597,115
2124,Bradley,SCHNEIDER,N/A,D,IL,N/A,S001190,115
1590,Michael,SIMPSON,REPRESENTATIVE,R,ID,2,S001148,115
1927,Chellie,PINGREE,REPRESENTATIVE,D,ME,1,P000597,115
2111,Alan,LOWENTHAL,REPRESENTATIVE,D,CA,47,L000579,115
1927,Chellie,PINGREE,REPRESENTATIVE,D,ME,1,P000597,115
1927,Chellie,PINGREE,REPRESENTATIVE,D,ME,1,P000597,115
1590,Michael,SIMPSON,REPRESENTATIVE,R,ID,2,S001148,115
1927,Chellie,PINGREE,REPRESENTATIVE,D,ME,1,P000597,115
2310,Salud,CARBAJAL,N/A,D,CA,N/A,C001112,115
1590,Michael,SIMPSON,REPRESENTATIVE,R,ID,2,S001148,115
616,Marcy,KAPTUR,REPRESENTATIVE,D,OH,8,K000009,115
616,Marcy,KAPTUR,REPRESENTATIVE,D,OH,8,K000009,115
2055,David,CICILLINE,REPRESENTATIVE,D,RI,1,C001084,115
616,Marcy,KAPTUR,REPRESENTATIVE,D,OH,8,K000009,115
616,Marcy,KAPTUR,REPRESENTATIVE,D,OH,8,K000009,115
1668,James,LANGEVIN,REPRESENTATIVE,D,RI,2,L000559,115
616,Marcy,KAPTUR,REPRESENTATIVE,D,OH,8,K000009,115
1927,Chellie,PINGREE,REPRESENTATIVE,D,ME,1,P000597,115
2340,Ruben,KIHUEN,N/A,D,NV,N/A,K000390,115
2340,Ruben,KIHUEN,N/A,D,NV,N/A,K000390,115
1590,Michael,SIMPSON,REPRESENTATIVE,R,ID,2,S001148,115
1590,Michael,SIMPSON,REPRESENTATIVE,R,ID,2,S001148,115
2340,Ruben,KIHUEN,N/A,D,NV,N/A,K000390,115
2339,Jacky,ROSEN,N/A,D,NV,N/A,R000608,115
2340,Ruben,KIHUEN,N/A,D,NV,N/A,K000390,115
1590,Michael,SIMPSON,REPRESENTATIVE,R,ID,2,S001148,115
2238,Barry,LOUDERMILK,REPRESENTATIVE,R,GA,11,L000583,115
1992,Paul,GOSAR,REPRESENTATIVE,R,AZ,4,G000565,115
1992,Paul,GOSAR,REPRESENTATIVE,R,AZ,4,G000565,115
616,Marcy,KAPTUR,REPRESENTATIVE,D,OH,8,K000009,115
616,Marcy,KAPTUR,REPRESENTATIVE,D,OH,8,K000009,115
1992,Paul,GOSAR,REPRESENTATIVE,R,AZ,4,G000565,115
1590,Michael,SIMPSON,REPRESENTATIVE,R,ID,2,S001148,115
1590,Michael,SIMPSON,REPRESENTATIVE,R,ID,2,S001148,115
616,Marcy,KAPTUR,REPRESENTATIVE,D,OH,8,K000009,115
1590,Michael,SIMPSON,REPRESENTATIVE,R,ID,2,S001148,115
1751,Michael,BURGESS,REPRESENTATIVE,R,TX,26,B001248,115
1751,Michael,BURGESS,REPRESENTATIVE,R,TX,26,B001248,115
616,Marcy,KAPTUR,REPRESENTATIVE,D,OH,8,K000009,115
616,Marcy,KAPTUR,REPRESENTATIVE,D,OH,8,K000009,115
1751,Michael,BURGESS,REPRESENTATIVE,R,TX,26,B001248,115
1748,Marsha,BLACKBURN,REPRESENTATIVE,R,TN,7,B001243,115
1748,Marsha,BLACKBURN,REPRESENTATIVE,R,TN,7,B001243,115
1590,Michael,SIMPSON,REPRESENTATIVE,R,ID,2,S001148,115
1590,Michael,SIMPSON,REPRESENTATIVE,R,ID,2,S001148,115
1748,Marsha,BLACKBURN,REPRESENTATIVE,R,TN,7,B001243,115
1748,Marsha,BLACKBURN,REPRESENTATIVE,R,TN,7,B001243,115
2157,Scott,PERRY,REPRESENTATIVE,R,PA,4,P000605,115
2157,Scott,PERRY,REPRESENTATIVE,R,PA,4,P000605,115
616,Marcy,KAPTUR,REPRESENTATIVE,D,OH,8,K000009,115
616,Marcy,KAPTUR,REPRESENTATIVE,D,OH,8,K000009,115
2157,Scott,PERRY,REPRESENTATIVE,R,PA,4,P000605,115
616,Marcy,KAPTUR,REPRESENTATIVE,D,OH,8,K000009,115
2336,Ted,BUDD,REPRESENTATIVE,R,NC,1,B001305,115
2336,Ted,BUDD,REPRESENTATIVE,R,NC,1,B001305,115
2334,Paul,MITCHELL,N/A,R,MI,N/A,M001201,115
2334,Paul,MITCHELL,N/A,R,MI,N/A,M001201,115
616,Marcy,KAPTUR,REPRESENTATIVE,D,OH,8,K000009,115
616,Marcy,KAPTUR,REPRESENTATIVE,D,OH,8,K000009,115
1590,Michael,SIMPSON,REPRESENTATIVE,R,ID,2,S001148,115
1590,Michael,SIMPSON,REPRESENTATIVE,R,ID,2,S001148,115
2334,Paul,MITCHELL,N/A,R,MI,N/A,M001201,115
1590,Michael,SIMPSON,REPRESENTATIVE,R,ID,2,S001148,115
2355,Mike,GALLAGHER,N/A,R,WI,N/A,G000579,115
2355,Mike,GALLAGHER,N/A,R,WI,N/A,G000579,115
2355,Mike,GALLAGHER,N/A,R,WI,N/A,G000579,115
2334,Paul,MITCHELL,N/A,R,MI,N/A,M001201,115
2334,Paul,MITCHELL,N/A,R,MI,N/A,M001201,115
2334,Paul,MITCHELL,N/A,R,MI,N/A,M001201,115
1959,Gerald,CONNOLLY,REPRESENTATIVE,D,VA,11,C001078,115
2334,Paul,MITCHELL,N/A,R,MI,N/A,M001201,115
2228,Stephen,KNIGHT,REPRESENTATIVE,R,CA,25,K000387,115
1959,Gerald,CONNOLLY,REPRESENTATIVE,D,VA,11,C001078,115
2325,Raja,KRISHNAMOORTHI,N/A,D,IL,N/A,K000391,115
2334,Paul,MITCHELL,N/A,R,MI,N/A,M001201,115
1959,Gerald,CONNOLLY,REPRESENTATIVE,D,VA,11,C001078,115
2334,Paul,MITCHELL,N/A,R,MI,N/A,M001201,115
2171,Mark,POCAN,REPRESENTATIVE,D,WI,2,P000607,115
1774,Jim,COSTA,REPRESENTATIVE,D,CA,16,C001059,115
1527,John,SHIMKUS,REPRESENTATIVE,R,IL,15,S000364,115
2109,Raul,RUIZ,REPRESENTATIVE,D,CA,36,R000599,115
2345,Brian,FITZPATRICK,REPRESENTATIVE,R,PA,8,F000466,115
1590,Michael,SIMPSON,REPRESENTATIVE,R,ID,2,S001148,115
1542,Michael,ENZI,SENATOR,R,WY,N/A,E000285,115
2302,Margaret,HASSAN,N/A,D,NH,N/A,H001076,115
2324,A.,FERGUSON,N/A,R,GA,N/A,F000465,115
2334,Paul,MITCHELL,N/A,R,MI,N/A,M001201,115
2334,Paul,MITCHELL,N/A,R,MI,N/A,M001201,115
1590,Michael,SIMPSON,REPRESENTATIVE,R,ID,2,S001148,115
1590,Michael,SIMPSON,REPRESENTATIVE,R,ID,2,S001148,115
1590,Michael,SIMPSON,REPRESENTATIVE,R,ID,2,S001148,115
616,Marcy,KAPTUR,REPRESENTATIVE,D,OH,8,K000009,115
1590,Michael,SIMPSON,REPRESENTATIVE,R,ID,2,S001148,115
2334,Paul,MITCHELL,N/A,R,MI,N/A,M001201,115
2322,Brian,MAST,N/A,R,FL,N/A,M001199,115
2322,Brian,MAST,N/A,R,FL,N/A,M001199,115
1590,Michael,SIMPSON,REPRESENTATIVE,R,ID,2,S001148,115
1590,Michael,SIMPSON,REPRESENTATIVE,R,ID,2,S001148,115
1590,Michael,SIMPSON,REPRESENTATIVE,R,ID,2,S001148,115
616,Marcy,KAPTUR,REPRESENTATIVE,D,OH,8,K000009,115
1590,Michael,SIMPSON,REPRESENTATIVE,R,ID,2,S001148,115
2322,Brian,MAST,N/A,R,FL,N/A,M001199,115
2170,Denny,HECK,REPRESENTATIVE,D,WA,3,H001064,115
2170,Denny,HECK,REPRESENTATIVE,D,WA,3,H001064,115
1590,Michael,SIMPSON,REPRESENTATIVE,R,ID,2,S001148,115
1590,Michael,SIMPSON,REPRESENTATIVE,R,ID,2,S001148,115
616,Marcy,KAPTUR,REPRESENTATIVE,D,OH,8,K000009,115
616,Marcy,KAPTUR,REPRESENTATIVE,D,OH,8,K000009,115
1590,Michael,SIMPSON,REPRESENTATIVE,R,ID,2,S001148,115
1590,Michael,SIMPSON,REPRESENTATIVE,R,ID,2,S001148,115
616,Marcy,KAPTUR,REPRESENTATIVE,D,OH,8,K000009,115
1590,Michael,SIMPSON,REPRESENTATIVE,R,ID,2,S001148,115
1590,Michael,SIMPSON,REPRESENTATIVE,R,ID,2,S001148,115
2202,Donald,NORCROSS,REPRESENTATIVE,D,NJ,1,N000188,115
2202,Donald,NORCROSS,REPRESENTATIVE,D,NJ,1,N000188,115
2202,Donald,NORCROSS,REPRESENTATIVE,D,NJ,1,N000188,115
1927,Chellie,PINGREE,REPRESENTATIVE,D,ME,1,P000597,115
2202,Donald,NORCROSS,REPRESENTATIVE,D,NJ,1,N000188,115
2202,Donald,NORCROSS,REPRESENTATIVE,D,NJ,1,N000188,115
2202,Donald,NORCROSS,REPRESENTATIVE,D,NJ,1,N000188,115
1967,Mike,QUIGLEY,REPRESENTATIVE,D,IL,5,Q000023,115
1967,Mike,QUIGLEY,REPRESENTATIVE,D,IL,5,Q000023,115
1590,Michael,SIMPSON,REPRESENTATIVE,R,ID,2,S001148,115
1590,Michael,SIMPSON,REPRESENTATIVE,R,ID,2,S001148,115
1967,Mike,QUIGLEY,REPRESENTATIVE,D,IL,5,Q000023,115
1590,Michael,SIMPSON,REPRESENTATIVE,R,ID,2,S001148,115
1910,Jared,POLIS,REPRESENTATIVE,D,CO,2,P000598,115
1910,Jared,POLIS,REPRESENTATIVE,D,CO,2,P000598,115
1590,Michael,SIMPSON,REPRESENTATIVE,R,ID,2,S001148,115
1590,Michael,SIMPSON,REPRESENTATIVE,R,ID,2,S001148,115
1590,Michael,SIMPSON,REPRESENTATIVE,R,ID,2,S001148,115
1590,Michael,SIMPSON,REPRESENTATIVE,R,ID,2,S001148,115
1910,Jared,POLIS,REPRESENTATIVE,D,CO,2,P000598,115
616,Marcy,KAPTUR,REPRESENTATIVE,D,OH,8,K000009,115
616,Marcy,KAPTUR,REPRESENTATIVE,D,OH,8,K000009,115
1590,Michael,SIMPSON,REPRESENTATIVE,R,ID,2,S001148,115
1247,Ron,WYDEN,SENATOR,D,OR,N/A,W000779,115
566,Steny,HOYER,REPRESENTATIVE,D,MD,5,H000874,115
