speaker_id,first_name,last_name,type,party,state,district,bio_guide_id,congress_id
1635,Adam,SCHIFF,REPRESENTATIVE,D,CA,28,S001150,115
1933,Gregg,HARPER,REPRESENTATIVE,R,MS,3,H001045,115
2185,Angus,KING,REPRESENTATIVE,I,ME,4,K000383,115
1351,Orrin,HATCH,SENATOR,R,UT,N/A,H000338,115
1567,Tom,UDALL,SENATOR,D,NM,N/A,U000039,115
1534,John,THUNE,SENATOR,R,SD,N/A,T000250,115
1534,John,THUNE,SENATOR,R,SD,N/A,T000250,115
172,Maria,CANTWELL,SENATOR,D,WA,N/A,C000127,115
172,Maria,CANTWELL,SENATOR,D,WA,N/A,C000127,115
1969,Al,FRANKEN,SENATOR,D,MN,N/A,F000457,115
1969,Al,FRANKEN,SENATOR,D,MN,N/A,F000457,115
1925,Bill,CASSIDY,SENATOR,R,LA,N/A,C001075,115
1925,Bill,CASSIDY,SENATOR,R,LA,N/A,C001075,115
2175,Ted,CRUZ,SENATOR,R,TX,N/A,C001098,115
2175,Ted,CRUZ,SENATOR,R,TX,N/A,C001098,115
1823,Sheldon,WHITEHOUSE,SENATOR,D,RI,N/A,W000802,115
1823,Sheldon,WHITEHOUSE,SENATOR,D,RI,N/A,W000802,115
1823,Sheldon,WHITEHOUSE,SENATOR,D,RI,N/A,W000802,115
2309,Jimmy,PANETTA,N/A,D,CA,N/A,P000613,115
2185,Angus,KING,REPRESENTATIVE,I,ME,4,K000383,115
2247,Bruce,POLIQUIN,REPRESENTATIVE,R,ME,2,P000611,115
2201,Alma,ADAMS,REPRESENTATIVE,D,NC,12,A000370,115
2003,Dennis,ROSS,REPRESENTATIVE,R,FL,15,R000593,115
2003,Dennis,ROSS,REPRESENTATIVE,R,FL,15,R000593,115
2003,Dennis,ROSS,REPRESENTATIVE,R,FL,15,R000593,115
1959,Gerald,CONNOLLY,REPRESENTATIVE,D,VA,11,C001078,115
2003,Dennis,ROSS,REPRESENTATIVE,R,FL,15,R000593,115
2105,David,VALADAO,REPRESENTATIVE,R,CA,21,V000129,115
1959,Gerald,CONNOLLY,REPRESENTATIVE,D,VA,11,C001078,115
1774,Jim,COSTA,REPRESENTATIVE,D,CA,16,C001059,115
1959,Gerald,CONNOLLY,REPRESENTATIVE,D,VA,11,C001078,115
1774,Jim,COSTA,REPRESENTATIVE,D,CA,16,C001059,115
2003,Dennis,ROSS,REPRESENTATIVE,R,FL,15,R000593,115
1959,Gerald,CONNOLLY,REPRESENTATIVE,D,VA,11,C001078,115
2003,Dennis,ROSS,REPRESENTATIVE,R,FL,15,R000593,115
1959,Gerald,CONNOLLY,REPRESENTATIVE,D,VA,11,C001078,115
2223,J.,HILL,REPRESENTATIVE,R,AR,2,H001072,115
2141,Robert,PITTENGER,REPRESENTATIVE,R,NC,9,P000606,115
2274,Stacey,PLASKETT,DELEGATE,D,VI,N/A,P000610,115
1069,Louise,SLAUGHTER,REPRESENTATIVE,D,NY,25,S000480,115
2353,Thomas,GARRETT,REPRESENTATIVE,R,VA,5,G000580,115
186,Steve,CHABOT,REPRESENTATIVE,R,OH,1,C000266,115
2233,Ken,BUCK,REPRESENTATIVE,R,CO,4,B001297,115
2233,Ken,BUCK,REPRESENTATIVE,R,CO,4,B001297,115
2233,Ken,BUCK,REPRESENTATIVE,R,CO,4,B001297,115
2233,Ken,BUCK,REPRESENTATIVE,R,CO,4,B001297,115
1069,Louise,SLAUGHTER,REPRESENTATIVE,D,NY,25,S000480,115
2233,Ken,BUCK,REPRESENTATIVE,R,CO,4,B001297,115
2307,Andy,BIGGS,N/A,R,AZ,N/A,B001302,115
1069,Louise,SLAUGHTER,REPRESENTATIVE,D,NY,25,S000480,115
2233,Ken,BUCK,REPRESENTATIVE,R,CO,4,B001297,115
1069,Louise,SLAUGHTER,REPRESENTATIVE,D,NY,25,S000480,115
1069,Louise,SLAUGHTER,REPRESENTATIVE,D,NY,25,S000480,115
2233,Ken,BUCK,REPRESENTATIVE,R,CO,4,B001297,115
2233,Ken,BUCK,REPRESENTATIVE,R,CO,4,B001297,115
1069,Louise,SLAUGHTER,REPRESENTATIVE,D,NY,25,S000480,115
2049,Bob,GIBBS,REPRESENTATIVE,R,OH,7,G000563,115
2049,Bob,GIBBS,REPRESENTATIVE,R,OH,7,G000563,115
2049,Bob,GIBBS,REPRESENTATIVE,R,OH,7,G000563,115
2049,Bob,GIBBS,REPRESENTATIVE,R,OH,7,G000563,115
2049,Bob,GIBBS,REPRESENTATIVE,R,OH,7,G000563,115
1602,Grace,NAPOLITANO,REPRESENTATIVE,D,CA,32,N000179,115
1602,Grace,NAPOLITANO,REPRESENTATIVE,D,CA,32,N000179,115
1602,Grace,NAPOLITANO,REPRESENTATIVE,D,CA,32,N000179,115
1774,Jim,COSTA,REPRESENTATIVE,D,CA,16,C001059,115
2115,Ted,YOHO,REPRESENTATIVE,R,FL,3,Y000065,115
1602,Grace,NAPOLITANO,REPRESENTATIVE,D,CA,32,N000179,115
910,Collin,PETERSON,REPRESENTATIVE,D,MN,7,P000258,115
2049,Bob,GIBBS,REPRESENTATIVE,R,OH,7,G000563,115
1892,Steve,SCALISE,REPRESENTATIVE,R,LA,1,S001176,115
1602,Grace,NAPOLITANO,REPRESENTATIVE,D,CA,32,N000179,115
2049,Bob,GIBBS,REPRESENTATIVE,R,OH,7,G000563,115
2049,Bob,GIBBS,REPRESENTATIVE,R,OH,7,G000563,115
2239,Rick,ALLEN,REPRESENTATIVE,R,GA,12,A000372,115
1602,Grace,NAPOLITANO,REPRESENTATIVE,D,CA,32,N000179,115
1602,Grace,NAPOLITANO,REPRESENTATIVE,D,CA,32,N000179,115
1602,Grace,NAPOLITANO,REPRESENTATIVE,D,CA,32,N000179,115
2049,Bob,GIBBS,REPRESENTATIVE,R,OH,7,G000563,115
2049,Bob,GIBBS,REPRESENTATIVE,R,OH,7,G000563,115
2049,Bob,GIBBS,REPRESENTATIVE,R,OH,7,G000563,115
1602,Grace,NAPOLITANO,REPRESENTATIVE,D,CA,32,N000179,115
2049,Bob,GIBBS,REPRESENTATIVE,R,OH,7,G000563,115
2101,Jared,HUFFMAN,REPRESENTATIVE,D,CA,2,H001068,115
2101,Jared,HUFFMAN,REPRESENTATIVE,D,CA,2,H001068,115
2101,Jared,HUFFMAN,REPRESENTATIVE,D,CA,2,H001068,115
2049,Bob,GIBBS,REPRESENTATIVE,R,OH,7,G000563,115
2049,Bob,GIBBS,REPRESENTATIVE,R,OH,7,G000563,115
2101,Jared,HUFFMAN,REPRESENTATIVE,D,CA,2,H001068,115
2101,Jared,HUFFMAN,REPRESENTATIVE,D,CA,2,H001068,115
1602,Grace,NAPOLITANO,REPRESENTATIVE,D,CA,32,N000179,115
2049,Bob,GIBBS,REPRESENTATIVE,R,OH,7,G000563,115
2101,Jared,HUFFMAN,REPRESENTATIVE,D,CA,2,H001068,115
2337,Don,BACON,N/A,R,NE,N/A,B001298,115
2049,Bob,GIBBS,REPRESENTATIVE,R,OH,7,G000563,115
2049,Bob,GIBBS,REPRESENTATIVE,R,OH,7,G000563,115
1602,Grace,NAPOLITANO,REPRESENTATIVE,D,CA,32,N000179,115
2063,Diane,BLACK,REPRESENTATIVE,R,TN,6,B001273,115
326,Richard,DURBIN,SENATOR,D,IL,N/A,D000563,115
1757,Linda,SANCHEZ,REPRESENTATIVE,D,CA,38,S001156,115
1757,Linda,SANCHEZ,REPRESENTATIVE,D,CA,38,S001156,115
1757,Linda,SANCHEZ,REPRESENTATIVE,D,CA,38,S001156,115
1757,Linda,SANCHEZ,REPRESENTATIVE,D,CA,38,S001156,115
1757,Linda,SANCHEZ,REPRESENTATIVE,D,CA,38,S001156,115
2233,Ken,BUCK,REPRESENTATIVE,R,CO,4,B001297,115
1757,Linda,SANCHEZ,REPRESENTATIVE,D,CA,38,S001156,115
2099,Kyrsten,SINEMA,REPRESENTATIVE,D,AZ,9,S001191,115
326,Richard,DURBIN,SENATOR,D,IL,N/A,D000563,115
326,Richard,DURBIN,SENATOR,D,IL,N/A,D000563,115
2345,Brian,FITZPATRICK,REPRESENTATIVE,R,PA,8,F000466,115
2345,Brian,FITZPATRICK,REPRESENTATIVE,R,PA,8,F000466,115
2067,Blake,FARENTHOLD,REPRESENTATIVE,R,TX,27,F000460,115
2067,Blake,FARENTHOLD,REPRESENTATIVE,R,TX,27,F000460,115
2003,Dennis,ROSS,REPRESENTATIVE,R,FL,15,R000593,115
2003,Dennis,ROSS,REPRESENTATIVE,R,FL,15,R000593,115
2003,Dennis,ROSS,REPRESENTATIVE,R,FL,15,R000593,115
1959,Gerald,CONNOLLY,REPRESENTATIVE,D,VA,11,C001078,115
2003,Dennis,ROSS,REPRESENTATIVE,R,FL,15,R000593,115
1959,Gerald,CONNOLLY,REPRESENTATIVE,D,VA,11,C001078,115
868,Eleanor,NORTON,DELEGATE,D,DC,N/A,N000147,115
1959,Gerald,CONNOLLY,REPRESENTATIVE,D,VA,11,C001078,115
868,Eleanor,NORTON,DELEGATE,D,DC,N/A,N000147,115
2003,Dennis,ROSS,REPRESENTATIVE,R,FL,15,R000593,115
2003,Dennis,ROSS,REPRESENTATIVE,R,FL,15,R000593,115
1959,Gerald,CONNOLLY,REPRESENTATIVE,D,VA,11,C001078,115
1959,Gerald,CONNOLLY,REPRESENTATIVE,D,VA,11,C001078,115
2003,Dennis,ROSS,REPRESENTATIVE,R,FL,15,R000593,115
1959,Gerald,CONNOLLY,REPRESENTATIVE,D,VA,11,C001078,115
1686,Stephen,LYNCH,REPRESENTATIVE,D,MA,8,L000562,115
1959,Gerald,CONNOLLY,REPRESENTATIVE,D,VA,11,C001078,115
1686,Stephen,LYNCH,REPRESENTATIVE,D,MA,8,L000562,115
2003,Dennis,ROSS,REPRESENTATIVE,R,FL,15,R000593,115
1959,Gerald,CONNOLLY,REPRESENTATIVE,D,VA,11,C001078,115
2252,Brenda,LAWRENCE,REPRESENTATIVE,D,MI,14,L000581,115
1959,Gerald,CONNOLLY,REPRESENTATIVE,D,VA,11,C001078,115
2252,Brenda,LAWRENCE,REPRESENTATIVE,D,MI,14,L000581,115
2003,Dennis,ROSS,REPRESENTATIVE,R,FL,15,R000593,115
2003,Dennis,ROSS,REPRESENTATIVE,R,FL,15,R000593,115
1959,Gerald,CONNOLLY,REPRESENTATIVE,D,VA,11,C001078,115
1959,Gerald,CONNOLLY,REPRESENTATIVE,D,VA,11,C001078,115
1854,John,SARBANES,REPRESENTATIVE,D,MD,3,S001168,115
1959,Gerald,CONNOLLY,REPRESENTATIVE,D,VA,11,C001078,115
2110,Mark,TAKANO,REPRESENTATIVE,D,CA,41,T000472,115
1959,Gerald,CONNOLLY,REPRESENTATIVE,D,VA,11,C001078,115
2003,Dennis,ROSS,REPRESENTATIVE,R,FL,15,R000593,115
1541,Susan,COLLINS,REPRESENTATIVE,R,ME,9,C001035,115
1774,Jim,COSTA,REPRESENTATIVE,D,CA,16,C001059,115
1774,Jim,COSTA,REPRESENTATIVE,D,CA,16,C001059,115
979,Dana,ROHRABACHER,REPRESENTATIVE,R,CA,48,R000409,115
566,Steny,HOYER,REPRESENTATIVE,D,MD,5,H000874,115
1541,Susan,COLLINS,REPRESENTATIVE,R,ME,9,C001035,115
1996,Karen,BASS,REPRESENTATIVE,D,CA,37,B001270,115
1826,Amy,KLOBUCHAR,SENATOR,D,MN,N/A,K000367,115
1247,Ron,WYDEN,SENATOR,D,OR,N/A,W000779,115
2344,Claudia,TENNEY,N/A,R,NY,N/A,T000478,115
1036,Charles,SCHUMER,SENATOR,D,NY,N/A,S000148,115
1692,John,CORNYN,SENATOR,R,TX,N/A,C001056,115
174,Benjamin,CARDIN,SENATOR,D,MD,N/A,C000141,115
1633,Jeff,FLAKE,SENATOR,R,AZ,N/A,F000444,115
1692,John,CORNYN,SENATOR,R,TX,N/A,C001056,115
2080,Mike,LEE,REPRESENTATIVE,R,UT,13,L000577,115
1828,Robert,CASEY,SENATOR,D,PA,N/A,C001070,115
1828,Robert,CASEY,SENATOR,D,PA,N/A,C001070,115
1828,Robert,CASEY,SENATOR,D,PA,N/A,C001070,115
2098,Tom,COTTON,SENATOR,R,AR,N/A,C001095,115
1567,Tom,UDALL,SENATOR,D,NM,N/A,U000039,115
566,Steny,HOYER,REPRESENTATIVE,D,MD,5,H000874,115
2244,Ralph,ABRAHAM,REPRESENTATIVE,R,LA,5,A000374,115
2337,Don,BACON,N/A,R,NE,N/A,B001298,115
2098,Tom,COTTON,SENATOR,R,AR,N/A,C001095,115
2098,Tom,COTTON,SENATOR,R,AR,N/A,C001095,115
1933,Gregg,HARPER,REPRESENTATIVE,R,MS,3,H001045,115
1897,Mark,WARNER,SENATOR,D,VA,N/A,W000805,115
1930,Erik,PAULSEN,REPRESENTATIVE,R,MN,3,P000594,115
1761,G.,BUTTERFIELD,REPRESENTATIVE,D,NC,1,B001251,115
2137,Ann,WAGNER,REPRESENTATIVE,R,MO,2,W000812,115
2137,Ann,WAGNER,REPRESENTATIVE,R,MO,2,W000812,115
2137,Ann,WAGNER,REPRESENTATIVE,R,MO,2,W000812,115
2122,Tulsi,GABBARD,REPRESENTATIVE,D,HI,2,G000571,115
2346,Lloyd,SMUCKER,N/A,R,PA,N/A,S001199,115
2115,Ted,YOHO,REPRESENTATIVE,R,FL,3,Y000065,115
1811,Gwen,MOORE,SENATOR,D,WI,N/A,M001160,115
2153,Joyce,BEATTY,REPRESENTATIVE,D,OH,3,B001281,115
2332,Jamie,RASKIN,N/A,D,MD,N/A,R000606,115
2171,Mark,POCAN,REPRESENTATIVE,D,WI,2,P000607,115
2332,Jamie,RASKIN,N/A,D,MD,N/A,R000606,115
2308,Ro,KHANNA,N/A,D,CA,N/A,K000389,115
2332,Jamie,RASKIN,N/A,D,MD,N/A,R000606,115
1857,Keith,ELLISON,REPRESENTATIVE,D,MN,5,E000288,115
2332,Jamie,RASKIN,N/A,D,MD,N/A,R000606,115
616,Marcy,KAPTUR,REPRESENTATIVE,D,OH,8,K000009,115
2055,David,CICILLINE,REPRESENTATIVE,D,RI,1,C001084,115
2098,Tom,COTTON,SENATOR,R,AR,N/A,C001095,115
326,Richard,DURBIN,SENATOR,D,IL,N/A,D000563,115
2307,Andy,BIGGS,N/A,R,AZ,N/A,B001302,115
2307,Andy,BIGGS,N/A,R,AZ,N/A,B001302,115
2307,Andy,BIGGS,N/A,R,AZ,N/A,B001302,115
2307,Andy,BIGGS,N/A,R,AZ,N/A,B001302,115
2140,Richard,HUDSON,REPRESENTATIVE,R,NC,8,H001067,115
2307,Andy,BIGGS,N/A,R,AZ,N/A,B001302,115
2203,Dave,BRAT,REPRESENTATIVE,R,VA,7,B001290,115
2307,Andy,BIGGS,N/A,R,AZ,N/A,B001302,115
