speaker_id,first_name,last_name,type,party,state,district,bio_guide_id,congress_id
1036,Charles,SCHUMER,SENATOR,D,NY,N/A,S000148,115
1036,Charles,SCHUMER,SENATOR,D,NY,N/A,S000148,115
2344,Claudia,TENNEY,N/A,R,NY,N/A,T000478,115
414,Rodney,FRELINGHUYSEN,REPRESENTATIVE,R,NJ,11,F000372,115
1933,Gregg,HARPER,REPRESENTATIVE,R,MS,3,H001045,115
1933,Gregg,HARPER,REPRESENTATIVE,R,MS,3,H001045,115
1933,Gregg,HARPER,REPRESENTATIVE,R,MS,3,H001045,115
1933,Gregg,HARPER,REPRESENTATIVE,R,MS,3,H001045,115
2197,Bradley,BYRNE,REPRESENTATIVE,R,AL,1,B001289,115
1890,Jackie,SPEIER,REPRESENTATIVE,D,CA,14,S001175,115
1890,Jackie,SPEIER,REPRESENTATIVE,D,CA,14,S001175,115
1933,Gregg,HARPER,REPRESENTATIVE,R,MS,3,H001045,115
1933,Gregg,HARPER,REPRESENTATIVE,R,MS,3,H001045,115
905,Nancy,PELOSI,REPRESENTATIVE,D,CA,12,P000197,115
1933,Gregg,HARPER,REPRESENTATIVE,R,MS,3,H001045,115
2332,Jamie,RASKIN,N/A,D,MD,N/A,R000606,115
2332,Jamie,RASKIN,N/A,D,MD,N/A,R000606,115
1933,Gregg,HARPER,REPRESENTATIVE,R,MS,3,H001045,115
2273,Barbara,COMSTOCK,REPRESENTATIVE,R,VA,10,C001105,115
1976,Theodore,DEUTCH,REPRESENTATIVE,D,FL,21,D000610,115
1933,Gregg,HARPER,REPRESENTATIVE,R,MS,3,H001045,115
1933,Gregg,HARPER,REPRESENTATIVE,R,MS,3,H001045,115
868,Eleanor,NORTON,DELEGATE,D,DC,N/A,N000147,115
1933,Gregg,HARPER,REPRESENTATIVE,R,MS,3,H001045,115
2271,Mia,LOVE,REPRESENTATIVE,R,UT,4,L000584,115
1933,Gregg,HARPER,REPRESENTATIVE,R,MS,3,H001045,115
1933,Gregg,HARPER,REPRESENTATIVE,R,MS,3,H001045,115
1936,Leonard,LANCE,REPRESENTATIVE,R,NJ,7,L000567,115
1933,Gregg,HARPER,REPRESENTATIVE,R,MS,3,H001045,115
1933,Gregg,HARPER,REPRESENTATIVE,R,MS,3,H001045,115
701,Zoe,LOFGREN,REPRESENTATIVE,D,CA,19,L000397,115
2314,Matt,GAETZ,N/A,R,FL,N/A,G000578,115
2319,Darren,SOTO,N/A,D,FL,N/A,S001200,115
2319,Darren,SOTO,N/A,D,FL,N/A,S001200,115
2319,Darren,SOTO,N/A,D,FL,N/A,S001200,115
2319,Darren,SOTO,N/A,D,FL,N/A,S001200,115
2319,Darren,SOTO,N/A,D,FL,N/A,S001200,115
2319,Darren,SOTO,N/A,D,FL,N/A,S001200,115
2319,Darren,SOTO,N/A,D,FL,N/A,S001200,115
2319,Darren,SOTO,N/A,D,FL,N/A,S001200,115
1036,Charles,SCHUMER,SENATOR,D,NY,N/A,S000148,115
1036,Charles,SCHUMER,SENATOR,D,NY,N/A,S000148,115
1036,Charles,SCHUMER,SENATOR,D,NY,N/A,S000148,115
1383,Patrick,LEAHY,SENATOR,D,VT,N/A,L000174,115
1383,Patrick,LEAHY,SENATOR,D,VT,N/A,L000174,115
2332,Jamie,RASKIN,N/A,D,MD,N/A,R000606,115
2332,Jamie,RASKIN,N/A,D,MD,N/A,R000606,115
2332,Jamie,RASKIN,N/A,D,MD,N/A,R000606,115
2233,Ken,BUCK,REPRESENTATIVE,R,CO,4,B001297,115
2233,Ken,BUCK,REPRESENTATIVE,R,CO,4,B001297,115
2233,Ken,BUCK,REPRESENTATIVE,R,CO,4,B001297,115
2233,Ken,BUCK,REPRESENTATIVE,R,CO,4,B001297,115
511,Alcee,HASTINGS,REPRESENTATIVE,D,FL,20,H000324,115
2233,Ken,BUCK,REPRESENTATIVE,R,CO,4,B001297,115
2271,Mia,LOVE,REPRESENTATIVE,R,UT,4,L000584,115
511,Alcee,HASTINGS,REPRESENTATIVE,D,FL,20,H000324,115
511,Alcee,HASTINGS,REPRESENTATIVE,D,FL,20,H000324,115
2233,Ken,BUCK,REPRESENTATIVE,R,CO,4,B001297,115
511,Alcee,HASTINGS,REPRESENTATIVE,D,FL,20,H000324,115
511,Alcee,HASTINGS,REPRESENTATIVE,D,FL,20,H000324,115
2233,Ken,BUCK,REPRESENTATIVE,R,CO,4,B001297,115
511,Alcee,HASTINGS,REPRESENTATIVE,D,FL,20,H000324,115
2233,Ken,BUCK,REPRESENTATIVE,R,CO,4,B001297,115
511,Alcee,HASTINGS,REPRESENTATIVE,D,FL,20,H000324,115
2233,Ken,BUCK,REPRESENTATIVE,R,CO,4,B001297,115
2233,Ken,BUCK,REPRESENTATIVE,R,CO,4,B001297,115
511,Alcee,HASTINGS,REPRESENTATIVE,D,FL,20,H000324,115
2124,Bradley,SCHNEIDER,N/A,D,IL,N/A,S001190,115
905,Nancy,PELOSI,REPRESENTATIVE,D,CA,12,P000197,115
905,Nancy,PELOSI,REPRESENTATIVE,D,CA,12,P000197,115
905,Nancy,PELOSI,REPRESENTATIVE,D,CA,12,P000197,115
2332,Jamie,RASKIN,N/A,D,MD,N/A,R000606,115
905,Nancy,PELOSI,REPRESENTATIVE,D,CA,12,P000197,115
905,Nancy,PELOSI,REPRESENTATIVE,D,CA,12,P000197,115
2272,Donald,BEYER,REPRESENTATIVE,D,VA,8,B001292,115
2345,Brian,FITZPATRICK,REPRESENTATIVE,R,PA,8,F000466,115
1351,Orrin,HATCH,SENATOR,R,UT,N/A,H000338,115
1069,Louise,SLAUGHTER,REPRESENTATIVE,D,NY,25,S000480,115
2272,Donald,BEYER,REPRESENTATIVE,D,VA,8,B001292,115
1525,Pete,SESSIONS,SENATOR,R,TX,N/A,S000250,115
1525,Pete,SESSIONS,SENATOR,R,TX,N/A,S000250,115
1525,Pete,SESSIONS,SENATOR,R,TX,N/A,S000250,115
1525,Pete,SESSIONS,SENATOR,R,TX,N/A,S000250,115
1069,Louise,SLAUGHTER,REPRESENTATIVE,D,NY,25,S000480,115
1525,Pete,SESSIONS,SENATOR,R,TX,N/A,S000250,115
2168,Chris,STEWART,REPRESENTATIVE,R,UT,2,S001192,115
1069,Louise,SLAUGHTER,REPRESENTATIVE,D,NY,25,S000480,115
1069,Louise,SLAUGHTER,REPRESENTATIVE,D,NY,25,S000480,115
1525,Pete,SESSIONS,SENATOR,R,TX,N/A,S000250,115
1751,Michael,BURGESS,REPRESENTATIVE,R,TX,26,B001248,115
1525,Pete,SESSIONS,SENATOR,R,TX,N/A,S000250,115
1751,Michael,BURGESS,REPRESENTATIVE,R,TX,26,B001248,115
1069,Louise,SLAUGHTER,REPRESENTATIVE,D,NY,25,S000480,115
1069,Louise,SLAUGHTER,REPRESENTATIVE,D,NY,25,S000480,115
1602,Grace,NAPOLITANO,REPRESENTATIVE,D,CA,32,N000179,115
1525,Pete,SESSIONS,SENATOR,R,TX,N/A,S000250,115
2334,Paul,MITCHELL,N/A,R,MI,N/A,M001201,115
1069,Louise,SLAUGHTER,REPRESENTATIVE,D,NY,25,S000480,115
303,Lloyd,DOGGETT,REPRESENTATIVE,D,TX,35,D000399,115
1069,Louise,SLAUGHTER,REPRESENTATIVE,D,NY,25,S000480,115
303,Lloyd,DOGGETT,REPRESENTATIVE,D,TX,35,D000399,115
1525,Pete,SESSIONS,SENATOR,R,TX,N/A,S000250,115
1069,Louise,SLAUGHTER,REPRESENTATIVE,D,NY,25,S000480,115
1069,Louise,SLAUGHTER,REPRESENTATIVE,D,NY,25,S000480,115
1525,Pete,SESSIONS,SENATOR,R,TX,N/A,S000250,115
1525,Pete,SESSIONS,SENATOR,R,TX,N/A,S000250,115
1525,Pete,SESSIONS,SENATOR,R,TX,N/A,S000250,115
1069,Louise,SLAUGHTER,REPRESENTATIVE,D,NY,25,S000480,115
1525,Pete,SESSIONS,SENATOR,R,TX,N/A,S000250,115
1525,Pete,SESSIONS,SENATOR,R,TX,N/A,S000250,115
1525,Pete,SESSIONS,SENATOR,R,TX,N/A,S000250,115
1525,Pete,SESSIONS,SENATOR,R,TX,N/A,S000250,115
1069,Louise,SLAUGHTER,REPRESENTATIVE,D,NY,25,S000480,115
1351,Orrin,HATCH,SENATOR,R,UT,N/A,H000338,115
2322,Brian,MAST,N/A,R,FL,N/A,M001199,115
1825,Bob,CORKER,SENATOR,R,TN,N/A,C001071,115
99,Earl,BLUMENAUER,REPRESENTATIVE,D,OR,3,B000574,115
2359,Greg,GIANFORTE,N/A,R,MT,N/A,G000584,115
2340,Ruben,KIHUEN,N/A,D,NV,N/A,K000390,115
1933,Gregg,HARPER,REPRESENTATIVE,R,MS,3,H001045,115
414,Rodney,FRELINGHUYSEN,REPRESENTATIVE,R,NJ,11,F000372,115
414,Rodney,FRELINGHUYSEN,REPRESENTATIVE,R,NJ,11,F000372,115
414,Rodney,FRELINGHUYSEN,REPRESENTATIVE,R,NJ,11,F000372,115
414,Rodney,FRELINGHUYSEN,REPRESENTATIVE,R,NJ,11,F000372,115
709,Nita,LOWEY,REPRESENTATIVE,D,NY,17,L000480,115
414,Rodney,FRELINGHUYSEN,REPRESENTATIVE,R,NJ,11,F000372,115
1460,Robert,ADERHOLT,REPRESENTATIVE,R,AL,4,A000055,115
709,Nita,LOWEY,REPRESENTATIVE,D,NY,17,L000480,115
905,Nancy,PELOSI,REPRESENTATIVE,D,CA,12,P000197,115
414,Rodney,FRELINGHUYSEN,REPRESENTATIVE,R,NJ,11,F000372,115
414,Rodney,FRELINGHUYSEN,REPRESENTATIVE,R,NJ,11,F000372,115
709,Nita,LOWEY,REPRESENTATIVE,D,NY,17,L000480,115
1188,Peter,VISCLOSKY,REPRESENTATIVE,D,IN,1,V000108,115
414,Rodney,FRELINGHUYSEN,REPRESENTATIVE,R,NJ,11,F000372,115
709,Nita,LOWEY,REPRESENTATIVE,D,NY,17,L000480,115
616,Marcy,KAPTUR,REPRESENTATIVE,D,OH,8,K000009,115
414,Rodney,FRELINGHUYSEN,REPRESENTATIVE,R,NJ,11,F000372,115
414,Rodney,FRELINGHUYSEN,REPRESENTATIVE,R,NJ,11,F000372,115
709,Nita,LOWEY,REPRESENTATIVE,D,NY,17,L000480,115
709,Nita,LOWEY,REPRESENTATIVE,D,NY,17,L000480,115
414,Rodney,FRELINGHUYSEN,REPRESENTATIVE,R,NJ,11,F000372,115
62,Joe,BARTON,REPRESENTATIVE,R,TX,6,B000213,115
709,Nita,LOWEY,REPRESENTATIVE,D,NY,17,L000480,115
1501,Barbara,LEE,REPRESENTATIVE,D,CA,13,L000551,115
709,Nita,LOWEY,REPRESENTATIVE,D,NY,17,L000480,115
1501,Barbara,LEE,REPRESENTATIVE,D,CA,13,L000551,115
414,Rodney,FRELINGHUYSEN,REPRESENTATIVE,R,NJ,11,F000372,115
1838,Gus,BILIRAKIS,REPRESENTATIVE,R,FL,12,B001257,115
709,Nita,LOWEY,REPRESENTATIVE,D,NY,17,L000480,115
414,Rodney,FRELINGHUYSEN,REPRESENTATIVE,R,NJ,11,F000372,115
709,Nita,LOWEY,REPRESENTATIVE,D,NY,17,L000480,115
414,Rodney,FRELINGHUYSEN,REPRESENTATIVE,R,NJ,11,F000372,115
2315,Neal,DUNN,N/A,R,FL,N/A,D000628,115
709,Nita,LOWEY,REPRESENTATIVE,D,NY,17,L000480,115
887,Frank,PALLONE,REPRESENTATIVE,D,NJ,6,P000034,115
414,Rodney,FRELINGHUYSEN,REPRESENTATIVE,R,NJ,11,F000372,115
1748,Marsha,BLACKBURN,REPRESENTATIVE,R,TN,7,B001243,115
414,Rodney,FRELINGHUYSEN,REPRESENTATIVE,R,NJ,11,F000372,115
1748,Marsha,BLACKBURN,REPRESENTATIVE,R,TN,7,B001243,115
709,Nita,LOWEY,REPRESENTATIVE,D,NY,17,L000480,115
414,Rodney,FRELINGHUYSEN,REPRESENTATIVE,R,NJ,11,F000372,115
1596,Greg,WALDEN,REPRESENTATIVE,R,OR,2,W000791,115
414,Rodney,FRELINGHUYSEN,REPRESENTATIVE,R,NJ,11,F000372,115
709,Nita,LOWEY,REPRESENTATIVE,D,NY,17,L000480,115
414,Rodney,FRELINGHUYSEN,REPRESENTATIVE,R,NJ,11,F000372,115
414,Rodney,FRELINGHUYSEN,REPRESENTATIVE,R,NJ,11,F000372,115
414,Rodney,FRELINGHUYSEN,REPRESENTATIVE,R,NJ,11,F000372,115
1692,John,CORNYN,SENATOR,R,TX,N/A,C001056,115
511,Alcee,HASTINGS,REPRESENTATIVE,D,FL,20,H000324,115
478,Luis,GUTIERREZ,REPRESENTATIVE,D,IL,4,G000535,115
2149,Hakeem,JEFFRIES,REPRESENTATIVE,D,NY,8,J000294,115
2080,Mike,LEE,REPRESENTATIVE,R,UT,13,L000577,115
2233,Ken,BUCK,REPRESENTATIVE,R,CO,4,B001297,115
1383,Patrick,LEAHY,SENATOR,D,VT,N/A,L000174,115
1692,John,CORNYN,SENATOR,R,TX,N/A,C001056,115
2351,Scott,TAYLOR,N/A,R,VA,N/A,T000477,115
616,Marcy,KAPTUR,REPRESENTATIVE,D,OH,8,K000009,115
1933,Gregg,HARPER,REPRESENTATIVE,R,MS,3,H001045,115
1933,Gregg,HARPER,REPRESENTATIVE,R,MS,3,H001045,115
1933,Gregg,HARPER,REPRESENTATIVE,R,MS,3,H001045,115
1881,John,BARRASSO,SENATOR,R,WY,N/A,B001261,115
1177,Fred,UPTON,REPRESENTATIVE,R,MI,6,U000031,115
1177,Fred,UPTON,REPRESENTATIVE,R,MI,6,U000031,115
1177,Fred,UPTON,REPRESENTATIVE,R,MI,6,U000031,115
1588,Janice,SCHAKOWSKY,REPRESENTATIVE,D,IL,9,S001145,115
1177,Fred,UPTON,REPRESENTATIVE,R,MI,6,U000031,115
1855,Tim,WALBERG,REPRESENTATIVE,R,MI,7,W000798,115
1588,Janice,SCHAKOWSKY,REPRESENTATIVE,D,IL,9,S001145,115
1588,Janice,SCHAKOWSKY,REPRESENTATIVE,D,IL,9,S001145,115
1177,Fred,UPTON,REPRESENTATIVE,R,MI,6,U000031,115
1177,Fred,UPTON,REPRESENTATIVE,R,MI,6,U000031,115
1588,Janice,SCHAKOWSKY,REPRESENTATIVE,D,IL,9,S001145,115
344,Eliot,ENGEL,REPRESENTATIVE,D,NY,16,E000179,115
1177,Fred,UPTON,REPRESENTATIVE,R,MI,6,U000031,115
1588,Janice,SCHAKOWSKY,REPRESENTATIVE,D,IL,9,S001145,115
2107,Tony,CARDENAS,REPRESENTATIVE,D,CA,29,C001097,115
1177,Fred,UPTON,REPRESENTATIVE,R,MI,6,U000031,115
1588,Janice,SCHAKOWSKY,REPRESENTATIVE,D,IL,9,S001145,115
887,Frank,PALLONE,REPRESENTATIVE,D,NJ,6,P000034,115
1588,Janice,SCHAKOWSKY,REPRESENTATIVE,D,IL,9,S001145,115
887,Frank,PALLONE,REPRESENTATIVE,D,NJ,6,P000034,115
1177,Fred,UPTON,REPRESENTATIVE,R,MI,6,U000031,115
1588,Janice,SCHAKOWSKY,REPRESENTATIVE,D,IL,9,S001145,115
1177,Fred,UPTON,REPRESENTATIVE,R,MI,6,U000031,115
1588,Janice,SCHAKOWSKY,REPRESENTATIVE,D,IL,9,S001145,115
2086,Ron,JOHNSON,REPRESENTATIVE,R,WI,4,J000293,115
1010,Bernard,SANDERS,SENATOR,I,VT,N/A,S000033,115
2344,Claudia,TENNEY,N/A,R,NY,N/A,T000478,115
414,Rodney,FRELINGHUYSEN,REPRESENTATIVE,R,NJ,11,F000372,115
457,Chuck,GRASSLEY,SENATOR,R,IA,N/A,G000386,115
2086,Ron,JOHNSON,REPRESENTATIVE,R,WI,4,J000293,115
2086,Ron,JOHNSON,REPRESENTATIVE,R,WI,4,J000293,115
1692,John,CORNYN,SENATOR,R,TX,N/A,C001056,115
326,Richard,DURBIN,SENATOR,D,IL,N/A,D000563,115
