speaker_id,first_name,last_name,type,party,state,district,bio_guide_id,congress_id
2311,Nanette,BARRAGAN,N/A,D,CA,N/A,B001300,115
2328,Roger,MARSHALL,N/A,R,KS,N/A,M001198,115
2328,Roger,MARSHALL,N/A,R,KS,N/A,M001198,115
2311,Nanette,BARRAGAN,N/A,D,CA,N/A,B001300,115
924,Rob,PORTMAN,SENATOR,R,OH,N/A,P000449,115
924,Rob,PORTMAN,SENATOR,R,OH,N/A,P000449,115
1534,John,THUNE,SENATOR,R,SD,N/A,T000250,115
924,Rob,PORTMAN,SENATOR,R,OH,N/A,P000449,115
1247,Ron,WYDEN,SENATOR,D,OR,N/A,W000779,115
1247,Ron,WYDEN,SENATOR,D,OR,N/A,W000779,115
1036,Charles,SCHUMER,SENATOR,D,NY,N/A,S000148,115
1036,Charles,SCHUMER,SENATOR,D,NY,N/A,S000148,115
1036,Charles,SCHUMER,SENATOR,D,NY,N/A,S000148,115
2290,Dan,SULLIVAN,SENATOR,R,AK,N/A,S001198,115
2176,Tim,KAINE,SENATOR,D,VA,N/A,K000384,115
452,Lindsey,GRAHAM,REPRESENTATIVE,R,SC,2,G000359,115
1464,Roy,BLUNT,SENATOR,R,MO,N/A,B000575,115
1247,Ron,WYDEN,SENATOR,D,OR,N/A,W000779,115
1247,Ron,WYDEN,SENATOR,D,OR,N/A,W000779,115
1247,Ron,WYDEN,SENATOR,D,OR,N/A,W000779,115
1247,Ron,WYDEN,SENATOR,D,OR,N/A,W000779,115
1594,Patrick,TOOMEY,SENATOR,R,PA,N/A,T000461,115
1247,Ron,WYDEN,SENATOR,D,OR,N/A,W000779,115
1594,Patrick,TOOMEY,SENATOR,R,PA,N/A,T000461,115
1881,John,BARRASSO,SENATOR,R,WY,N/A,B001261,115
326,Richard,DURBIN,SENATOR,D,IL,N/A,D000563,115
1676,Shelley,CAPITO,N/A,R,WV,N/A,C001047,115
1676,Shelley,CAPITO,N/A,R,WV,N/A,C001047,115
1676,Shelley,CAPITO,N/A,R,WV,N/A,C001047,115
1247,Ron,WYDEN,SENATOR,D,OR,N/A,W000779,115
1542,Michael,ENZI,SENATOR,R,WY,N/A,E000285,115
326,Richard,DURBIN,SENATOR,D,IL,N/A,D000563,115
172,Maria,CANTWELL,SENATOR,D,WA,N/A,C000127,115
172,Maria,CANTWELL,SENATOR,D,WA,N/A,C000127,115
172,Maria,CANTWELL,SENATOR,D,WA,N/A,C000127,115
1542,Michael,ENZI,SENATOR,R,WY,N/A,E000285,115
172,Maria,CANTWELL,SENATOR,D,WA,N/A,C000127,115
326,Richard,DURBIN,SENATOR,D,IL,N/A,D000563,115
1695,Lamar,ALEXANDER,SENATOR,R,TN,N/A,A000360,115
1695,Lamar,ALEXANDER,SENATOR,R,TN,N/A,A000360,115
1695,Lamar,ALEXANDER,SENATOR,R,TN,N/A,A000360,115
1409,Patty,MURRAY,SENATOR,D,WA,N/A,M001111,115
1695,Lamar,ALEXANDER,SENATOR,R,TN,N/A,A000360,115
1409,Patty,MURRAY,SENATOR,D,WA,N/A,M001111,115
1694,Lisa,MURKOWSKI,SENATOR,R,AK,N/A,M001153,115
1694,Lisa,MURKOWSKI,SENATOR,R,AK,N/A,M001153,115
1984,Christopher,COONS,SENATOR,D,DE,N/A,C001088,115
1897,Mark,WARNER,SENATOR,D,VA,N/A,W000805,115
1897,Mark,WARNER,SENATOR,D,VA,N/A,W000805,115
1897,Mark,WARNER,SENATOR,D,VA,N/A,W000805,115
1692,John,CORNYN,SENATOR,R,TX,N/A,C001056,115
1897,Mark,WARNER,SENATOR,D,VA,N/A,W000805,115
1692,John,CORNYN,SENATOR,R,TX,N/A,C001056,115
1897,Mark,WARNER,SENATOR,D,VA,N/A,W000805,115
1692,John,CORNYN,SENATOR,R,TX,N/A,C001056,115
1897,Mark,WARNER,SENATOR,D,VA,N/A,W000805,115
1692,John,CORNYN,SENATOR,R,TX,N/A,C001056,115
1897,Mark,WARNER,SENATOR,D,VA,N/A,W000805,115
1692,John,CORNYN,SENATOR,R,TX,N/A,C001056,115
1897,Mark,WARNER,SENATOR,D,VA,N/A,W000805,115
1692,John,CORNYN,SENATOR,R,TX,N/A,C001056,115
326,Richard,DURBIN,SENATOR,D,IL,N/A,D000563,115
1929,Gary,PETERS,REPRESENTATIVE,D,MI,52,P000595,115
1383,Patrick,LEAHY,SENATOR,D,VT,N/A,L000174,115
179,Thomas,CARPER,SENATOR,D,DE,N/A,C000174,115
1542,Michael,ENZI,SENATOR,R,WY,N/A,E000285,115
1542,Michael,ENZI,SENATOR,R,WY,N/A,E000285,115
2286,David,PERDUE,SENATOR,R,GA,N/A,P000612,115
1925,Bill,CASSIDY,SENATOR,R,LA,N/A,C001075,115
1925,Bill,CASSIDY,SENATOR,R,LA,N/A,C001075,115
1633,Jeff,FLAKE,SENATOR,R,AZ,N/A,F000444,115
136,Sherrod,BROWN,REPRESENTATIVE,D,OH,26,B000944,115
1633,Jeff,FLAKE,SENATOR,R,AZ,N/A,F000444,115
1692,John,CORNYN,SENATOR,R,TX,N/A,C001056,115
326,Richard,DURBIN,SENATOR,D,IL,N/A,D000563,115
1558,Tammy,BALDWIN,SENATOR,D,WI,N/A,B001230,115
1542,Michael,ENZI,SENATOR,R,WY,N/A,E000285,115
1542,Michael,ENZI,SENATOR,R,WY,N/A,E000285,115
1692,John,CORNYN,SENATOR,R,TX,N/A,C001056,115
326,Richard,DURBIN,SENATOR,D,IL,N/A,D000563,115
2084,Marco,RUBIO,SENATOR,R,FL,N/A,R000595,115
1247,Ron,KING,REPRESENTATIVE,D,OR,4,W000779,115
2080,Mike,LEE,REPRESENTATIVE,R,UT,13,L000577,115
2080,Mike,LEE,REPRESENTATIVE,R,UT,13,L000577,115
2174,Heidi,HEITKAMP,SENATOR,D,ND,N/A,H001069,115
1542,Michael,ENZI,SENATOR,R,WY,N/A,E000285,115
2174,Heidi,HEITKAMP,SENATOR,D,ND,N/A,H001069,115
1692,John,CORNYN,SENATOR,R,TX,N/A,C001056,115
326,Richard,DURBIN,SENATOR,D,IL,N/A,D000563,115
1542,Michael,ENZI,SENATOR,R,WY,N/A,E000285,115
1542,Michael,ENZI,SENATOR,R,WY,N/A,E000285,115
924,Rob,PORTMAN,SENATOR,R,OH,N/A,P000449,115
1850,Joe,DONNELLY,SENATOR,D,IN,N/A,D000607,115
1850,Joe,DONNELLY,SENATOR,D,IN,N/A,D000607,115
136,Sherrod,BROWN,REPRESENTATIVE,D,OH,26,B000944,115
136,Sherrod,BROWN,REPRESENTATIVE,D,OH,26,B000944,115
1542,Michael,ENZI,SENATOR,R,WY,N/A,E000285,115
136,Sherrod,BROWN,REPRESENTATIVE,D,OH,26,B000944,115
1692,John,CORNYN,SENATOR,R,TX,N/A,C001056,115
326,Richard,DURBIN,SENATOR,D,IL,N/A,D000563,115
1542,Michael,ENZI,SENATOR,R,WY,N/A,E000285,115
2082,Rand,PAUL,REPRESENTATIVE,R,KY,4,P000603,115
1010,Bernard,SANDERS,SENATOR,I,VT,N/A,S000033,115
2082,Rand,PAUL,REPRESENTATIVE,R,KY,4,P000603,115
1692,John,CORNYN,SENATOR,R,TX,N/A,C001056,115
326,Richard,DURBIN,SENATOR,D,IL,N/A,D000563,115
174,Benjamin,CARDIN,SENATOR,D,MD,N/A,C000141,115
1542,Michael,ENZI,SENATOR,R,WY,N/A,E000285,115
174,Benjamin,CARDIN,SENATOR,D,MD,N/A,C000141,115
326,Richard,DURBIN,SENATOR,D,IL,N/A,D000563,115
1542,Michael,ENZI,SENATOR,R,WY,N/A,E000285,115
1542,Michael,ENZI,SENATOR,R,WY,N/A,E000285,115
2176,Tim,KAINE,SENATOR,D,VA,N/A,K000384,115
2176,Tim,KAINE,SENATOR,D,VA,N/A,K000384,115
1542,Michael,ENZI,SENATOR,R,WY,N/A,E000285,115
1542,Michael,ENZI,SENATOR,R,WY,N/A,E000285,115
326,Richard,DURBIN,SENATOR,D,IL,N/A,D000563,115
2082,Rand,PAUL,REPRESENTATIVE,R,KY,4,P000603,115
1542,Michael,ENZI,SENATOR,R,WY,N/A,E000285,115
1383,Patrick,LEAHY,SENATOR,D,VT,N/A,L000174,115
1383,Patrick,LEAHY,SENATOR,D,VT,N/A,L000174,115
2082,Rand,PAUL,REPRESENTATIVE,R,KY,4,P000603,115
2080,Mike,LEE,REPRESENTATIVE,R,UT,13,L000577,115
1409,Patty,MURRAY,SENATOR,D,WA,N/A,M001111,115
2080,Mike,LEE,REPRESENTATIVE,R,UT,13,L000577,115
1409,Patty,MURRAY,SENATOR,D,WA,N/A,M001111,115
2080,Mike,LEE,REPRESENTATIVE,R,UT,13,L000577,115
1692,John,CORNYN,SENATOR,R,TX,N/A,C001056,115
2082,Rand,PAUL,REPRESENTATIVE,R,KY,4,P000603,115
1247,Ron,WYDEN,SENATOR,D,OR,N/A,W000779,115
2082,Rand,PAUL,REPRESENTATIVE,R,KY,4,P000603,115
1692,John,CORNYN,SENATOR,R,TX,N/A,C001056,115
1542,Michael,ENZI,SENATOR,R,WY,N/A,E000285,115
1542,Michael,ENZI,SENATOR,R,WY,N/A,E000285,115
1036,Charles,SCHUMER,SENATOR,D,NY,N/A,S000148,115
1567,Tom,UDALL,SENATOR,D,NM,N/A,U000039,115
1542,Michael,ENZI,SENATOR,R,WY,N/A,E000285,115
1567,Tom,UDALL,SENATOR,D,NM,N/A,U000039,115
1692,John,CORNYN,SENATOR,R,TX,N/A,C001056,115
1542,Michael,ENZI,SENATOR,R,WY,N/A,E000285,115
1542,Michael,ENZI,SENATOR,R,WY,N/A,E000285,115
2080,Mike,LEE,REPRESENTATIVE,R,UT,13,L000577,115
172,Maria,CANTWELL,SENATOR,D,WA,N/A,C000127,115
2080,Mike,LEE,REPRESENTATIVE,R,UT,13,L000577,115
2082,Rand,PAUL,REPRESENTATIVE,R,KY,4,P000603,115
1010,Bernard,SANDERS,SENATOR,I,VT,N/A,S000033,115
2082,Rand,PAUL,REPRESENTATIVE,R,KY,4,P000603,115
2080,Mike,LEE,REPRESENTATIVE,R,UT,13,L000577,115
179,Thomas,CARPER,SENATOR,D,DE,N/A,C000174,115
2080,Mike,LEE,REPRESENTATIVE,R,UT,13,L000577,115
1542,Michael,ENZI,SENATOR,R,WY,N/A,E000285,115
172,Maria,CANTWELL,SENATOR,D,WA,N/A,C000127,115
1694,Lisa,MURKOWSKI,SENATOR,R,AK,N/A,M001153,115
172,Maria,CANTWELL,SENATOR,D,WA,N/A,C000127,115
1542,Michael,ENZI,SENATOR,R,WY,N/A,E000285,115
1010,Bernard,SANDERS,SENATOR,I,VT,N/A,S000033,115
1542,Michael,ENZI,SENATOR,R,WY,N/A,E000285,115
2286,David,PERDUE,SENATOR,R,GA,N/A,P000612,115
1823,Sheldon,WHITEHOUSE,SENATOR,D,RI,N/A,W000802,115
1542,Michael,ENZI,SENATOR,R,WY,N/A,E000285,115
1542,Michael,ENZI,SENATOR,R,WY,N/A,E000285,115
1010,Bernard,SANDERS,SENATOR,I,VT,N/A,S000033,115
1542,Michael,ENZI,SENATOR,R,WY,N/A,E000285,115
1542,Michael,ENZI,SENATOR,R,WY,N/A,E000285,115
2138,Steve,DAINES,SENATOR,R,MT,N/A,D000618,115
2138,Steve,DAINES,SENATOR,R,MT,N/A,D000618,115
616,Marcy,KAPTUR,REPRESENTATIVE,D,OH,8,K000009,115
1695,Lamar,ALEXANDER,SENATOR,R,TN,N/A,A000360,115
1863,Dean,HELLER,SENATOR,R,NV,N/A,H001041,115
2311,Nanette,BARRAGAN,N/A,D,CA,N/A,B001300,115
2293,Daniel,DONOVAN,REPRESENTATIVE,R,NY,11,D000625,115
2345,Brian,FITZPATRICK,REPRESENTATIVE,R,PA,8,F000466,115
2345,Brian,FITZPATRICK,REPRESENTATIVE,R,PA,8,F000466,115
2345,Brian,FITZPATRICK,REPRESENTATIVE,R,PA,8,F000466,115
2311,Nanette,BARRAGAN,N/A,D,CA,N/A,B001300,115
2345,Brian,FITZPATRICK,REPRESENTATIVE,R,PA,8,F000466,115
2311,Nanette,BARRAGAN,N/A,D,CA,N/A,B001300,115
1884,Niki,TSONGAS,REPRESENTATIVE,D,MA,3,T000465,115
2345,Brian,FITZPATRICK,REPRESENTATIVE,R,PA,8,F000466,115
2311,Nanette,BARRAGAN,N/A,D,CA,N/A,B001300,115
2345,Brian,FITZPATRICK,REPRESENTATIVE,R,PA,8,F000466,115
2345,Brian,FITZPATRICK,REPRESENTATIVE,R,PA,8,F000466,115
2354,Pramila,JAYAPAL,N/A,D,WA,N/A,J000298,115
791,Robert,MENENDEZ,SENATOR,D,NJ,N/A,M000639,115
2056,Tim,SCOTT,REPRESENTATIVE,R,SC,52,S001184,115
2291,Thom,TILLIS,SENATOR,R,NC,N/A,T000476,115
1594,Patrick,TOOMEY,SENATOR,R,PA,N/A,T000461,115
924,Rob,PORTMAN,SENATOR,R,OH,N/A,P000449,115
457,Chuck,GRASSLEY,SENATOR,R,IA,N/A,G000386,115
2138,Steve,DAINES,SENATOR,R,MT,N/A,D000618,115
2056,Tim,SCOTT,REPRESENTATIVE,R,SC,52,S001184,115
2166,Marc,VEASEY,REPRESENTATIVE,D,TX,33,V000131,115
2166,Marc,VEASEY,REPRESENTATIVE,D,TX,33,V000131,115
208,James,CLYBURN,REPRESENTATIVE,D,SC,6,C000537,115
2166,Marc,VEASEY,REPRESENTATIVE,D,TX,33,V000131,115
2166,Marc,VEASEY,REPRESENTATIVE,D,TX,33,V000131,115
2097,Donald,PAYNE,REPRESENTATIVE,D,NJ,10,P000604,115
2097,Donald,PAYNE,REPRESENTATIVE,D,NJ,10,P000604,115
2166,Marc,VEASEY,REPRESENTATIVE,D,TX,33,V000131,115
2252,Brenda,LAWRENCE,REPRESENTATIVE,D,MI,14,L000581,115
2166,Marc,VEASEY,REPRESENTATIVE,D,TX,33,V000131,115
588,Sheila,LEE,REPRESENTATIVE,D,TX,13,J000032,115
2166,Marc,VEASEY,REPRESENTATIVE,D,TX,33,V000131,115
229,John,CONYERS,REPRESENTATIVE,D,MI,13,C000714,115
1687,John,BOOZMAN,SENATOR,R,AR,N/A,B001236,115
2138,Steve,DAINES,SENATOR,R,MT,N/A,D000618,115
2138,Steve,DAINES,SENATOR,R,MT,N/A,D000618,115
2138,Steve,DAINES,SENATOR,R,MT,N/A,D000618,115
1531,Debbie,STABENOW,SENATOR,D,MI,N/A,S000770,115
1811,Gwen,MOORE,SENATOR,D,WI,N/A,M001160,115
2056,Tim,SCOTT,REPRESENTATIVE,R,SC,52,S001184,115
2109,Raul,RUIZ,REPRESENTATIVE,D,CA,36,R000599,115
213,Thad,COCHRAN,SENATOR,R,MS,N/A,C000567,115
1930,Erik,PAULSEN,REPRESENTATIVE,R,MN,3,P000594,115
2056,Tim,SCOTT,REPRESENTATIVE,R,SC,52,S001184,115
1383,Patrick,LEAHY,SENATOR,D,VT,N/A,L000174,115
2138,Steve,DAINES,SENATOR,R,MT,N/A,D000618,115
2345,Brian,FITZPATRICK,REPRESENTATIVE,R,PA,8,F000466,115
2345,Brian,FITZPATRICK,REPRESENTATIVE,R,PA,8,F000466,115
2345,Brian,FITZPATRICK,REPRESENTATIVE,R,PA,8,F000466,115
2325,Raja,KRISHNAMOORTHI,N/A,D,IL,N/A,K000391,115
1383,Patrick,LEAHY,SENATOR,D,VT,N/A,L000174,115
2344,Claudia,TENNEY,N/A,R,NY,N/A,T000478,115
2167,Filemon,VELA,REPRESENTATIVE,D,TX,7,V000132,115
1594,Patrick,TOOMEY,SENATOR,R,PA,N/A,T000461,115
2297,James,COMER,N/A,R,KY,N/A,C001108,115
326,Richard,DURBIN,SENATOR,D,IL,N/A,D000563,115
1332,Dianne,FEINSTEIN,SENATOR,D,CA,N/A,F000062,115
1692,John,CORNYN,SENATOR,R,TX,N/A,C001056,115
791,Robert,MENENDEZ,SENATOR,D,NJ,N/A,M000639,115
1878,Steve,COHEN,REPRESENTATIVE,D,TN,9,C001068,115
1383,Patrick,LEAHY,SENATOR,D,VT,N/A,L000174,115
1383,Patrick,LEAHY,SENATOR,D,VT,N/A,L000174,115
1036,Charles,SCHUMER,SENATOR,D,NY,N/A,S000148,115
1036,Charles,SCHUMER,SENATOR,D,NY,N/A,S000148,115
1676,Shelley,CAPITO,N/A,R,WV,N/A,C001047,115
924,Rob,PORTMAN,SENATOR,R,OH,N/A,P000449,115
1640,Darrell,ISSA,REPRESENTATIVE,R,CA,49,I000056,115
1640,Darrell,ISSA,REPRESENTATIVE,R,CA,49,I000056,115
1640,Darrell,ISSA,REPRESENTATIVE,R,CA,49,I000056,115
850,Jerrold,NADLER,REPRESENTATIVE,D,NY,10,N000002,115
1640,Darrell,ISSA,REPRESENTATIVE,R,CA,49,I000056,115
850,Jerrold,NADLER,REPRESENTATIVE,D,NY,10,N000002,115
1640,Darrell,ISSA,REPRESENTATIVE,R,CA,49,I000056,115
446,Bob,GOODLATTE,REPRESENTATIVE,R,VA,6,G000289,115
2362,Jimmy,GOMEZ,N/A,D,CA,N/A,G000585,115
326,Richard,DURBIN,SENATOR,D,IL,N/A,D000563,115
1247,Ron,WYDEN,SENATOR,D,OR,N/A,W000779,115
859,Bill,NELSON,SENATOR,D,FL,N/A,N000032,115
859,Bill,NELSON,SENATOR,D,FL,N/A,N000032,115
2084,Marco,RUBIO,SENATOR,R,FL,N/A,R000595,115
1692,John,CORNYN,SENATOR,R,TX,N/A,C001056,115
326,Richard,DURBIN,SENATOR,D,IL,N/A,D000563,115
2080,Mike,LEE,REPRESENTATIVE,R,UT,13,L000577,115
213,Thad,COCHRAN,SENATOR,R,MS,N/A,C000567,115
2080,Mike,LEE,REPRESENTATIVE,R,UT,13,L000577,115
2138,Steve,DAINES,SENATOR,R,MT,N/A,D000618,115
1692,John,CORNYN,SENATOR,R,TX,N/A,C001056,115
791,Robert,MENENDEZ,SENATOR,D,NJ,N/A,M000639,115
1542,Michael,ENZI,SENATOR,R,WY,N/A,E000285,115
924,Rob,PORTMAN,SENATOR,R,OH,N/A,P000449,115
2166,Marc,VEASEY,REPRESENTATIVE,D,TX,33,V000131,115
2264,John,KATKO,REPRESENTATIVE,R,NY,24,K000386,115
2264,John,KATKO,REPRESENTATIVE,R,NY,24,K000386,115
2264,John,KATKO,REPRESENTATIVE,R,NY,24,K000386,115
2264,John,KATKO,REPRESENTATIVE,R,NY,24,K000386,115
2264,John,KATKO,REPRESENTATIVE,R,NY,24,K000386,115
2167,Filemon,VELA,REPRESENTATIVE,D,TX,7,V000132,115
2264,John,KATKO,REPRESENTATIVE,R,NY,24,K000386,115
2167,Filemon,VELA,REPRESENTATIVE,D,TX,7,V000132,115
2264,John,KATKO,REPRESENTATIVE,R,NY,24,K000386,115
326,Richard,DURBIN,SENATOR,D,IL,N/A,D000563,115
