speaker_id,first_name,last_name,type,party,state,district,bio_guide_id,congress_id
2265,Steve,RUSSELL,REPRESENTATIVE,R,OK,5,R000604,115
2265,Steve,RUSSELL,REPRESENTATIVE,R,OK,5,R000604,115
2265,Steve,RUSSELL,REPRESENTATIVE,R,OK,5,R000604,115
868,Eleanor,NORTON,DELEGATE,D,DC,N/A,N000147,115
1959,Gerald,CONNOLLY,REPRESENTATIVE,D,VA,11,C001078,115
2265,Steve,RUSSELL,REPRESENTATIVE,R,OK,5,R000604,115
1640,Darrell,ISSA,REPRESENTATIVE,R,CA,49,I000056,115
868,Eleanor,NORTON,DELEGATE,D,DC,N/A,N000147,115
2265,Steve,RUSSELL,REPRESENTATIVE,R,OK,5,R000604,115
2265,Steve,RUSSELL,REPRESENTATIVE,R,OK,5,R000604,115
2265,Steve,RUSSELL,REPRESENTATIVE,R,OK,5,R000604,115
2265,Steve,RUSSELL,REPRESENTATIVE,R,OK,5,R000604,115
2265,Steve,RUSSELL,REPRESENTATIVE,R,OK,5,R000604,115
868,Eleanor,NORTON,DELEGATE,D,DC,N/A,N000147,115
2265,Steve,RUSSELL,REPRESENTATIVE,R,OK,5,R000604,115
868,Eleanor,NORTON,DELEGATE,D,DC,N/A,N000147,115
256,Elijah,CUMMINGS,REPRESENTATIVE,D,MD,7,C000984,115
868,Eleanor,NORTON,DELEGATE,D,DC,N/A,N000147,115
2265,Steve,RUSSELL,REPRESENTATIVE,R,OK,5,R000604,115
1801,Louie,GOHMERT,REPRESENTATIVE,R,TX,1,G000552,115
1801,Louie,GOHMERT,REPRESENTATIVE,R,TX,1,G000552,115
1781,Daniel,LIPINSKI,REPRESENTATIVE,D,IL,3,L000563,115
2315,Neal,DUNN,N/A,R,FL,N/A,D000628,115
1781,Daniel,LIPINSKI,REPRESENTATIVE,D,IL,3,L000563,115
1781,Daniel,LIPINSKI,REPRESENTATIVE,D,IL,3,L000563,115
2273,Barbara,COMSTOCK,REPRESENTATIVE,R,VA,10,C001105,115
1781,Daniel,LIPINSKI,REPRESENTATIVE,D,IL,3,L000563,115
2361,Ralph,NORMAN,N/A,R,SC,N/A,N000190,115
1781,Daniel,LIPINSKI,REPRESENTATIVE,D,IL,3,L000563,115
2337,Don,BACON,N/A,R,NE,N/A,B001298,115
1781,Daniel,LIPINSKI,REPRESENTATIVE,D,IL,3,L000563,115
2319,Darren,SOTO,N/A,D,FL,N/A,S001200,115
1955,Pete,OLSON,REPRESENTATIVE,R,TX,22,O000168,115
1955,Pete,OLSON,REPRESENTATIVE,R,TX,22,O000168,115
1955,Pete,OLSON,REPRESENTATIVE,R,TX,22,O000168,115
1003,Bobby,RUSH,REPRESENTATIVE,D,IL,1,R000515,115
1955,Pete,OLSON,REPRESENTATIVE,R,TX,22,O000168,115
1751,Michael,BURGESS,REPRESENTATIVE,R,TX,26,B001248,115
1003,Bobby,RUSH,REPRESENTATIVE,D,IL,1,R000515,115
1846,David,LOEBSACK,REPRESENTATIVE,D,IA,2,L000565,115
1955,Pete,OLSON,REPRESENTATIVE,R,TX,22,O000168,115
1003,Bobby,RUSH,REPRESENTATIVE,D,IL,1,R000515,115
1955,Pete,OLSON,REPRESENTATIVE,R,TX,22,O000168,115
2265,Steve,RUSSELL,REPRESENTATIVE,R,OK,5,R000604,115
2265,Steve,RUSSELL,REPRESENTATIVE,R,OK,5,R000604,115
2265,Steve,RUSSELL,REPRESENTATIVE,R,OK,5,R000604,115
868,Eleanor,NORTON,DELEGATE,D,DC,N/A,N000147,115
2265,Steve,RUSSELL,REPRESENTATIVE,R,OK,5,R000604,115
2026,Andy,HARRIS,REPRESENTATIVE,R,MD,1,H001052,115
868,Eleanor,NORTON,DELEGATE,D,DC,N/A,N000147,115
2265,Steve,RUSSELL,REPRESENTATIVE,R,OK,5,R000604,115
2265,Steve,RUSSELL,REPRESENTATIVE,R,OK,5,R000604,115
2265,Steve,RUSSELL,REPRESENTATIVE,R,OK,5,R000604,115
2265,Steve,RUSSELL,REPRESENTATIVE,R,OK,5,R000604,115
868,Eleanor,NORTON,DELEGATE,D,DC,N/A,N000147,115
2265,Steve,RUSSELL,REPRESENTATIVE,R,OK,5,R000604,115
2061,Charles,FLEISCHMANN,REPRESENTATIVE,R,TN,3,F000459,115
868,Eleanor,NORTON,DELEGATE,D,DC,N/A,N000147,115
2265,Steve,RUSSELL,REPRESENTATIVE,R,OK,5,R000604,115
2265,Steve,RUSSELL,REPRESENTATIVE,R,OK,5,R000604,115
2265,Steve,RUSSELL,REPRESENTATIVE,R,OK,5,R000604,115
2265,Steve,RUSSELL,REPRESENTATIVE,R,OK,5,R000604,115
868,Eleanor,NORTON,DELEGATE,D,DC,N/A,N000147,115
2265,Steve,RUSSELL,REPRESENTATIVE,R,OK,5,R000604,115
2265,Steve,RUSSELL,REPRESENTATIVE,R,OK,5,R000604,115
2265,Steve,RUSSELL,REPRESENTATIVE,R,OK,5,R000604,115
2265,Steve,RUSSELL,REPRESENTATIVE,R,OK,5,R000604,115
868,Eleanor,NORTON,DELEGATE,D,DC,N/A,N000147,115
2265,Steve,RUSSELL,REPRESENTATIVE,R,OK,5,R000604,115
868,Eleanor,NORTON,DELEGATE,D,DC,N/A,N000147,115
256,Elijah,CUMMINGS,REPRESENTATIVE,D,MD,7,C000984,115
2265,Steve,RUSSELL,REPRESENTATIVE,R,OK,5,R000604,115
868,Eleanor,NORTON,DELEGATE,D,DC,N/A,N000147,115
2265,Steve,RUSSELL,REPRESENTATIVE,R,OK,5,R000604,115
1955,Pete,OLSON,REPRESENTATIVE,R,TX,22,O000168,115
1955,Pete,OLSON,REPRESENTATIVE,R,TX,22,O000168,115
1955,Pete,OLSON,REPRESENTATIVE,R,TX,22,O000168,115
1003,Bobby,RUSH,REPRESENTATIVE,D,IL,1,R000515,115
1955,Pete,OLSON,REPRESENTATIVE,R,TX,22,O000168,115
99,Earl,BLUMENAUER,REPRESENTATIVE,D,OR,3,B000574,115
478,Luis,GUTIERREZ,REPRESENTATIVE,D,IL,4,G000535,115
2021,Kevin,YODER,REPRESENTATIVE,R,KS,3,Y000063,115
2097,Donald,PAYNE,REPRESENTATIVE,D,NJ,10,P000604,115
1910,Jared,POLIS,REPRESENTATIVE,D,CO,2,P000598,115
2165,Roger,WILLIAMS,REPRESENTATIVE,R,TX,25,W000816,115
1910,Jared,POLIS,REPRESENTATIVE,D,CO,2,P000598,115
1986,Martha,ROBY,REPRESENTATIVE,R,AL,2,R000591,115
1910,Jared,POLIS,REPRESENTATIVE,D,CO,2,P000598,115
1910,Jared,POLIS,REPRESENTATIVE,D,CO,2,P000598,115
1910,Jared,POLIS,REPRESENTATIVE,D,CO,2,P000598,115
2067,Blake,FARENTHOLD,REPRESENTATIVE,R,TX,27,F000460,115
2130,Luke,MESSER,REPRESENTATIVE,R,IN,6,M001189,115
1838,Gus,BILIRAKIS,REPRESENTATIVE,R,FL,12,B001257,115
1774,Jim,COSTA,REPRESENTATIVE,D,CA,16,C001059,115
1774,Jim,COSTA,REPRESENTATIVE,D,CA,16,C001059,115
99,Earl,BLUMENAUER,REPRESENTATIVE,D,OR,3,B000574,115
99,Earl,BLUMENAUER,REPRESENTATIVE,D,OR,3,B000574,115
2134,Daniel,KILDEE,REPRESENTATIVE,D,MI,5,K000380,115
2097,Donald,PAYNE,REPRESENTATIVE,D,NJ,10,P000604,115
1791,Virginia,FOXX,REPRESENTATIVE,R,NC,5,F000450,115
2339,Jacky,ROSEN,N/A,D,NV,N/A,R000608,115
2339,Jacky,ROSEN,N/A,D,NV,N/A,R000608,115
2255,Mark,WALKER,REPRESENTATIVE,R,NC,6,W000819,115
2255,Mark,WALKER,REPRESENTATIVE,R,NC,6,W000819,115
446,Bob,GOODLATTE,REPRESENTATIVE,R,VA,6,G000289,115
2255,Mark,WALKER,REPRESENTATIVE,R,NC,6,W000819,115
2255,Mark,WALKER,REPRESENTATIVE,R,NC,6,W000819,115
2361,Ralph,NORMAN,N/A,R,SC,N/A,N000190,115
2255,Mark,WALKER,REPRESENTATIVE,R,NC,6,W000819,115
2115,Ted,YOHO,REPRESENTATIVE,R,FL,3,Y000065,115
2255,Mark,WALKER,REPRESENTATIVE,R,NC,6,W000819,115
1012,Mark,SANFORD,REPRESENTATIVE,R,SC,2,S000051,115
2255,Mark,WALKER,REPRESENTATIVE,R,NC,6,W000819,115
1910,Jared,POLIS,REPRESENTATIVE,D,CO,2,P000598,115
1936,Leonard,LANCE,REPRESENTATIVE,R,NJ,7,L000567,115
186,Steve,CHABOT,REPRESENTATIVE,R,OH,1,C000266,115
186,Steve,CHABOT,REPRESENTATIVE,R,OH,1,C000266,115
186,Steve,CHABOT,REPRESENTATIVE,R,OH,1,C000266,115
186,Steve,CHABOT,REPRESENTATIVE,R,OH,1,C000266,115
2228,Stephen,KNIGHT,REPRESENTATIVE,R,CA,25,K000387,115
186,Steve,CHABOT,REPRESENTATIVE,R,OH,1,C000266,115
1781,Daniel,LIPINSKI,REPRESENTATIVE,D,IL,3,L000563,115
186,Steve,CHABOT,REPRESENTATIVE,R,OH,1,C000266,115
186,Steve,CHABOT,REPRESENTATIVE,R,OH,1,C000266,115
1942,Paul,TONKO,REPRESENTATIVE,D,NY,20,T000469,115
186,Steve,CHABOT,REPRESENTATIVE,R,OH,1,C000266,115
186,Steve,CHABOT,REPRESENTATIVE,R,OH,1,C000266,115
2169,Derek,KILMER,REPRESENTATIVE,D,WA,6,K000381,115
2255,Mark,WALKER,REPRESENTATIVE,R,NC,6,W000819,115
2343,John,FASO,N/A,R,NY,N/A,F000464,115
2265,Steve,RUSSELL,REPRESENTATIVE,R,OK,5,R000604,115
2265,Steve,RUSSELL,REPRESENTATIVE,R,OK,5,R000604,115
2265,Steve,RUSSELL,REPRESENTATIVE,R,OK,5,R000604,115
2265,Steve,RUSSELL,REPRESENTATIVE,R,OK,5,R000604,115
2055,David,CICILLINE,REPRESENTATIVE,D,RI,1,C001084,115
2115,Ted,YOHO,REPRESENTATIVE,R,FL,3,Y000065,115
2354,Pramila,JAYAPAL,N/A,D,WA,N/A,J000298,115
616,Marcy,KAPTUR,REPRESENTATIVE,D,OH,8,K000009,115
2344,Claudia,TENNEY,N/A,R,NY,N/A,T000478,115
2149,Hakeem,JEFFRIES,REPRESENTATIVE,D,NY,8,J000294,115
2122,Tulsi,GABBARD,REPRESENTATIVE,D,HI,2,G000571,115
2157,Scott,PERRY,REPRESENTATIVE,R,PA,4,P000605,115
1973,John,GARAMENDI,REPRESENTATIVE,D,CA,3,G000559,115
2344,Claudia,TENNEY,N/A,R,NY,N/A,T000478,115
2344,Claudia,TENNEY,N/A,R,NY,N/A,T000478,115
2018,Larry,BUCSHON,REPRESENTATIVE,R,IN,8,B001275,115
2344,Claudia,TENNEY,N/A,R,NY,N/A,T000478,115
1791,Virginia,FOXX,REPRESENTATIVE,R,NC,5,F000450,115
2342,Adriano,ESPAILLAT,N/A,D,NY,N/A,E000297,115
2325,Raja,KRISHNAMOORTHI,N/A,D,IL,N/A,K000391,115
2055,David,CICILLINE,REPRESENTATIVE,D,RI,1,C001084,115
1811,Gwen,MOORE,SENATOR,D,WI,N/A,M001160,115
1668,James,LANGEVIN,REPRESENTATIVE,D,RI,2,L000559,115
1487,Kay,GRANGER,REPRESENTATIVE,R,TX,12,G000377,115
2319,Darren,SOTO,N/A,D,FL,N/A,S001200,115
2319,Darren,SOTO,N/A,D,FL,N/A,S001200,115
2319,Darren,SOTO,N/A,D,FL,N/A,S001200,115
2319,Darren,SOTO,N/A,D,FL,N/A,S001200,115
2319,Darren,SOTO,N/A,D,FL,N/A,S001200,115
2319,Darren,SOTO,N/A,D,FL,N/A,S001200,115
2319,Darren,SOTO,N/A,D,FL,N/A,S001200,115
2319,Darren,SOTO,N/A,D,FL,N/A,S001200,115
2319,Darren,SOTO,N/A,D,FL,N/A,S001200,115
2319,Darren,SOTO,N/A,D,FL,N/A,S001200,115
2319,Darren,SOTO,N/A,D,FL,N/A,S001200,115
2319,Darren,SOTO,N/A,D,FL,N/A,S001200,115
2319,Darren,SOTO,N/A,D,FL,N/A,S001200,115
2319,Darren,SOTO,N/A,D,FL,N/A,S001200,115
2319,Darren,SOTO,N/A,D,FL,N/A,S001200,115
2319,Darren,SOTO,N/A,D,FL,N/A,S001200,115
2333,Jack,BERGMAN,N/A,R,MI,N/A,B001301,115
478,Luis,GUTIERREZ,REPRESENTATIVE,D,IL,4,G000535,115
2239,Rick,ALLEN,REPRESENTATIVE,R,GA,12,A000372,115
