speaker_id,first_name,last_name,type,party,state,district,bio_guide_id,congress_id
1695,Lamar,ALEXANDER,SENATOR,R,TN,N/A,A000360,115
1541,Susan,COLLINS,REPRESENTATIVE,R,ME,9,C001035,115
1409,Patty,MURRAY,SENATOR,D,WA,N/A,M001111,115
1464,Roy,BLUNT,SENATOR,R,MO,N/A,B000575,115
1351,Orrin,HATCH,SENATOR,R,UT,N/A,H000338,115
179,Thomas,CARPER,SENATOR,D,DE,N/A,C000174,115
1464,Roy,BLUNT,SENATOR,R,MO,N/A,B000575,115
583,James,INHOFE,SENATOR,R,OK,N/A,I000024,115
583,James,INHOFE,SENATOR,R,OK,N/A,I000024,115
583,James,INHOFE,SENATOR,R,OK,N/A,I000024,115
179,Thomas,CARPER,SENATOR,D,DE,N/A,C000174,115
179,Thomas,CARPER,SENATOR,D,DE,N/A,C000174,115
1383,Patrick,LEAHY,SENATOR,D,VT,N/A,L000174,115
1383,Patrick,LEAHY,SENATOR,D,VT,N/A,L000174,115
1692,John,CORNYN,SENATOR,R,TX,N/A,C001056,115
1692,John,CORNYN,SENATOR,R,TX,N/A,C001056,115
2084,Marco,RUBIO,SENATOR,R,FL,N/A,R000595,115
2301,Kamala,HARRIS,REPRESENTATIVE,D,CA,1,H001075,115
1825,Bob,CORKER,SENATOR,R,TN,N/A,C001071,115
457,Chuck,GRASSLEY,SENATOR,R,IA,N/A,G000386,115
859,Bill,NELSON,SENATOR,D,FL,N/A,N000032,115
1828,Robert,CASEY,SENATOR,D,PA,N/A,C001070,115
1801,Louie,GOHMERT,REPRESENTATIVE,R,TX,1,G000552,115
2076,Richard,BLUMENTHAL,SENATOR,D,CT,N/A,B001277,115
2138,Steve,DAINES,SENATOR,R,MT,N/A,D000618,115
326,Richard,DURBIN,SENATOR,D,IL,N/A,D000563,115
2138,Steve,DAINES,SENATOR,R,MT,N/A,D000618,115
2302,Margaret,HASSAN,N/A,D,NH,N/A,H001076,115
2253,Tom,EMMER,REPRESENTATIVE,R,MN,6,E000294,115
1036,Charles,SCHUMER,SENATOR,D,NY,N/A,S000148,115
1825,Bob,CORKER,SENATOR,R,TN,N/A,C001071,115
326,Richard,DURBIN,SENATOR,D,IL,N/A,D000563,115
326,Richard,DURBIN,SENATOR,D,IL,N/A,D000563,115
326,Richard,DURBIN,SENATOR,D,IL,N/A,D000563,115
326,Richard,DURBIN,SENATOR,D,IL,N/A,D000563,115
2080,Mike,LEE,REPRESENTATIVE,R,UT,13,L000577,115
1692,John,CORNYN,SENATOR,R,TX,N/A,C001056,115
1692,John,CORNYN,SENATOR,R,TX,N/A,C001056,115
2141,Robert,PITTENGER,REPRESENTATIVE,R,NC,9,P000606,115
1896,James,RISCH,SENATOR,R,ID,N/A,R000584,115
2014,Adam,KINZINGER,REPRESENTATIVE,R,IL,16,K000378,115
2138,Steve,DAINES,SENATOR,R,MT,N/A,D000618,115
174,Benjamin,CARDIN,SENATOR,D,MD,N/A,C000141,115
2084,Marco,RUBIO,SENATOR,R,FL,N/A,R000595,115
2311,Nanette,BARRAGAN,N/A,D,CA,N/A,B001300,115
174,Benjamin,CARDIN,SENATOR,D,MD,N/A,C000141,115
174,Benjamin,CARDIN,SENATOR,D,MD,N/A,C000141,115
735,Edward,MARKEY,SENATOR,D,MA,N/A,M000133,115
179,Thomas,CARPER,SENATOR,D,DE,N/A,C000174,115
2310,Salud,CARBAJAL,N/A,D,CA,N/A,C001112,115
1828,Robert,CASEY,SENATOR,D,PA,N/A,C001070,115
2345,Brian,FITZPATRICK,REPRESENTATIVE,R,PA,8,F000466,115
99,Earl,BLUMENAUER,REPRESENTATIVE,D,OR,3,B000574,115
2344,Claudia,TENNEY,N/A,R,NY,N/A,T000478,115
414,Rodney,FRELINGHUYSEN,REPRESENTATIVE,R,NJ,11,F000372,115
2130,Luke,MESSER,REPRESENTATIVE,R,IN,6,M001189,115
1801,Louie,GOHMERT,REPRESENTATIVE,R,TX,1,G000552,115
1912,Mike,COFFMAN,REPRESENTATIVE,R,CO,6,C001077,115
2101,Jared,HUFFMAN,REPRESENTATIVE,D,CA,2,H001068,115
1542,Michael,ENZI,SENATOR,R,WY,N/A,E000285,115
1695,Lamar,ALEXANDER,SENATOR,R,TN,N/A,A000360,115
1226,Roger,WICKER,SENATOR,R,MS,N/A,W000437,115
1226,Roger,WICKER,SENATOR,R,MS,N/A,W000437,115
1383,Patrick,LEAHY,SENATOR,D,VT,N/A,L000174,115
1049,Richard,SHELBY,SENATOR,R,AL,N/A,S000320,115
1541,Susan,COLLINS,REPRESENTATIVE,R,ME,9,C001035,115
1036,Charles,SCHUMER,SENATOR,D,NY,N/A,S000148,115
1351,Orrin,HATCH,SENATOR,R,UT,N/A,H000338,115
1464,Roy,BLUNT,SENATOR,R,MO,N/A,B000575,115
1608,Johnny,ISAKSON,SENATOR,R,GA,N/A,I000055,115
1542,Michael,ENZI,SENATOR,R,WY,N/A,E000285,115
326,Richard,DURBIN,SENATOR,D,IL,N/A,D000563,115
1049,Richard,SHELBY,SENATOR,R,AL,N/A,S000320,115
213,Thad,COCHRAN,SENATOR,R,MS,N/A,C000567,115
213,Thad,COCHRAN,SENATOR,R,MS,N/A,C000567,115
1049,Richard,SHELBY,SENATOR,R,AL,N/A,S000320,115
2290,Dan,SULLIVAN,SENATOR,R,AK,N/A,S001198,115
2290,Dan,SULLIVAN,SENATOR,R,AK,N/A,S001198,115
136,Sherrod,BROWN,REPRESENTATIVE,D,OH,26,B000944,115
136,Sherrod,BROWN,REPRESENTATIVE,D,OH,26,B000944,115
2289,Ben,SASSE,SENATOR,R,NE,N/A,S001197,115
1900,Jeff,MERKLEY,SENATOR,D,OR,N/A,M001176,115
1828,Robert,CASEY,SENATOR,D,PA,N/A,C001070,115
1828,Robert,CASEY,SENATOR,D,PA,N/A,C001070,115
1881,John,BARRASSO,SENATOR,R,WY,N/A,B001261,115
172,Maria,CANTWELL,SENATOR,D,WA,N/A,C000127,115
172,Maria,CANTWELL,SENATOR,D,WA,N/A,C000127,115
2019,Todd,YOUNG,REPRESENTATIVE,R,IN,0,Y000064,115
1695,Lamar,ALEXANDER,SENATOR,R,TN,N/A,A000360,115
1695,Lamar,ALEXANDER,SENATOR,R,TN,N/A,A000360,115
452,Lindsey,GRAHAM,REPRESENTATIVE,R,SC,2,G000359,115
2288,Mike,ROUNDS,N/A,R,SD,N/A,R000605,115
1541,Susan,COLLINS,REPRESENTATIVE,R,ME,9,C001035,115
1541,Susan,COLLINS,REPRESENTATIVE,R,ME,9,C001035,115
1695,Lamar,ALEXANDER,SENATOR,R,TN,N/A,A000360,115
1695,Lamar,ALEXANDER,SENATOR,R,TN,N/A,A000360,115
1695,Lamar,ALEXANDER,SENATOR,R,TN,N/A,A000360,115
1695,Lamar,ALEXANDER,SENATOR,R,TN,N/A,A000360,115
2050,James,LANKFORD,SENATOR,R,OK,N/A,L000575,115
1929,Gary,PETERS,REPRESENTATIVE,D,MI,52,P000595,115
1983,Joe,MANCHIN,SENATOR,D,WV,N/A,M001183,115
326,Richard,DURBIN,SENATOR,D,IL,N/A,D000563,115
326,Richard,DURBIN,SENATOR,D,IL,N/A,D000563,115
2291,Thom,TILLIS,SENATOR,R,NC,N/A,T000476,115
326,Richard,DURBIN,SENATOR,D,IL,N/A,D000563,115
2291,Thom,TILLIS,SENATOR,R,NC,N/A,T000476,115
1541,Susan,COLLINS,REPRESENTATIVE,R,ME,9,C001035,115
1409,Patty,MURRAY,SENATOR,D,WA,N/A,M001111,115
2015,Randy,HULTGREN,REPRESENTATIVE,R,IL,14,H001059,115
1332,Dianne,FEINSTEIN,SENATOR,D,CA,N/A,F000062,115
2014,Adam,KINZINGER,REPRESENTATIVE,R,IL,16,K000378,115
2340,Ruben,KIHUEN,N/A,D,NV,N/A,K000390,115
2223,J.,HILL,REPRESENTATIVE,R,AR,2,H001072,115
2109,Raul,RUIZ,REPRESENTATIVE,D,CA,36,R000599,115
2264,John,KATKO,REPRESENTATIVE,R,NY,24,K000386,115
1930,Erik,PAULSEN,REPRESENTATIVE,R,MN,3,P000594,115
1525,Pete,SESSIONS,SENATOR,R,TX,N/A,S000250,115
1525,Pete,SESSIONS,SENATOR,R,TX,N/A,S000250,115
1525,Pete,SESSIONS,SENATOR,R,TX,N/A,S000250,115
1525,Pete,SESSIONS,SENATOR,R,TX,N/A,S000250,115
1525,Pete,SESSIONS,SENATOR,R,TX,N/A,S000250,115
2319,Darren,SOTO,N/A,D,FL,N/A,S001200,115
2319,Darren,SOTO,N/A,D,FL,N/A,S001200,115
1525,Pete,SESSIONS,SENATOR,R,TX,N/A,S000250,115
1742,Tom,COLE,REPRESENTATIVE,R,OK,12,C001053,115
1525,Pete,SESSIONS,SENATOR,R,TX,N/A,S000250,115
1742,Tom,COLE,REPRESENTATIVE,R,OK,12,C001053,115
1525,Pete,SESSIONS,SENATOR,R,TX,N/A,S000250,115
1525,Pete,SESSIONS,SENATOR,R,TX,N/A,S000250,115
1525,Pete,SESSIONS,SENATOR,R,TX,N/A,S000250,115
2008,Rob,WOODALL,REPRESENTATIVE,R,GA,7,W000810,115
566,Steny,HOYER,REPRESENTATIVE,D,MD,5,H000874,115
566,Steny,HOYER,REPRESENTATIVE,D,MD,5,H000874,115
566,Steny,HOYER,REPRESENTATIVE,D,MD,5,H000874,115
1525,Pete,SESSIONS,SENATOR,R,TX,N/A,S000250,115
1525,Pete,SESSIONS,SENATOR,R,TX,N/A,S000250,115
1525,Pete,SESSIONS,SENATOR,R,TX,N/A,S000250,115
1878,Steve,COHEN,REPRESENTATIVE,D,TN,9,C001068,115
326,Richard,DURBIN,SENATOR,D,IL,N/A,D000563,115
414,Rodney,FRELINGHUYSEN,REPRESENTATIVE,R,NJ,11,F000372,115
