speaker_id,first_name,last_name,type,party,state,district,bio_guide_id,congress_id
2302,Margaret,HASSAN,N/A,D,NH,N/A,H001076,115
1510,Bill,PASCRELL,REPRESENTATIVE,D,NJ,9,P000096,115
2324,A.,FERGUSON,N/A,R,GA,N/A,F000465,115
2324,A.,FERGUSON,N/A,R,GA,N/A,F000465,115
2324,A.,FERGUSON,N/A,R,GA,N/A,F000465,115
2324,A.,FERGUSON,N/A,R,GA,N/A,F000465,115
2324,A.,FERGUSON,N/A,R,GA,N/A,F000465,115
250,Mike,CRAPO,SENATOR,R,ID,N/A,C000880,115
1036,Charles,SCHUMER,SENATOR,D,NY,N/A,S000148,115
2324,A.,FERGUSON,N/A,R,GA,N/A,F000465,115
2324,A.,FERGUSON,N/A,R,GA,N/A,F000465,115
2324,A.,FERGUSON,N/A,R,GA,N/A,F000465,115
2324,A.,FERGUSON,N/A,R,GA,N/A,F000465,115
566,Steny,HOYER,REPRESENTATIVE,D,MD,5,H000874,115
2324,A.,FERGUSON,N/A,R,GA,N/A,F000465,115
1351,Orrin,HATCH,SENATOR,R,UT,N/A,H000338,115
1351,Orrin,HATCH,SENATOR,R,UT,N/A,H000338,115
1351,Orrin,HATCH,SENATOR,R,UT,N/A,H000338,115
1351,Orrin,HATCH,SENATOR,R,UT,N/A,H000338,115
1531,Debbie,STABENOW,SENATOR,D,MI,N/A,S000770,115
1531,Debbie,STABENOW,SENATOR,D,MI,N/A,S000770,115
1383,Patrick,LEAHY,SENATOR,D,VT,N/A,L000174,115
2264,John,KATKO,REPRESENTATIVE,R,NY,24,K000386,115
2264,John,KATKO,REPRESENTATIVE,R,NY,24,K000386,115
2264,John,KATKO,REPRESENTATIVE,R,NY,24,K000386,115
2097,Donald,PAYNE,REPRESENTATIVE,D,NJ,10,P000604,115
2264,John,KATKO,REPRESENTATIVE,R,NY,24,K000386,115
2264,John,KATKO,REPRESENTATIVE,R,NY,24,K000386,115
2130,Luke,MESSER,REPRESENTATIVE,R,IN,6,M001189,115
1790,Emanuel,CLEAVER,REPRESENTATIVE,D,MO,5,C001061,115
1996,Karen,BASS,REPRESENTATIVE,D,CA,37,B001270,115
1996,Karen,BASS,REPRESENTATIVE,D,CA,37,B001270,115
1604,Joseph,CROWLEY,REPRESENTATIVE,D,NY,14,C001038,115
1996,Karen,BASS,REPRESENTATIVE,D,CA,37,B001270,115
2097,Donald,PAYNE,REPRESENTATIVE,D,NJ,10,P000604,115
1996,Karen,BASS,REPRESENTATIVE,D,CA,37,B001270,115
1996,Karen,BASS,REPRESENTATIVE,D,CA,37,B001270,115
2341,Thomas,SUOZZI,N/A,D,NY,N/A,S001201,115
1996,Karen,BASS,REPRESENTATIVE,D,CA,37,B001270,115
1811,Gwen,MOORE,SENATOR,D,WI,N/A,M001160,115
1936,Leonard,LANCE,REPRESENTATIVE,R,NJ,7,L000567,115
326,Richard,DURBIN,SENATOR,D,IL,N/A,D000563,115
2319,Darren,SOTO,N/A,D,FL,N/A,S001200,115
2288,Mike,ROUNDS,N/A,R,SD,N/A,R000605,115
2288,Mike,ROUNDS,N/A,R,SD,N/A,R000605,115
1036,Charles,SCHUMER,SENATOR,D,NY,N/A,S000148,115
2286,David,PERDUE,SENATOR,R,GA,N/A,P000612,115
1687,John,BOOZMAN,SENATOR,R,AR,N/A,B001236,115
1226,Roger,WICKER,SENATOR,R,MS,N/A,W000437,115
2084,Marco,RUBIO,SENATOR,R,FL,N/A,R000595,115
949,Jack,REED,REPRESENTATIVE,D,RI,23,R000122,115
457,Chuck,GRASSLEY,SENATOR,R,IA,N/A,G000386,115
1694,Lisa,MURKOWSKI,SENATOR,R,AK,N/A,M001153,115
2315,Neal,DUNN,N/A,R,FL,N/A,D000628,115
1036,Charles,SCHUMER,SENATOR,D,NY,N/A,S000148,115
2019,Todd,YOUNG,REPRESENTATIVE,R,IN,0,Y000064,115
1036,Charles,SCHUMER,SENATOR,D,NY,N/A,S000148,115
1526,Brad,SHERMAN,REPRESENTATIVE,D,CA,30,S000344,115
859,Bill,NELSON,SENATOR,D,FL,N/A,N000032,115
99999999999999,First Name unavailable,CARBAJAL,Type Unavailable,Party Info Unavailable,state info unavailable,District Unavailable,BioGuideID unavailable,CongressID unavailable
1464,Roy,BLUNT,SENATOR,R,MO,N/A,B000575,115
1036,Charles,SCHUMER,SENATOR,D,NY,N/A,S000148,115
2345,Brian,FITZPATRICK,REPRESENTATIVE,R,PA,8,F000466,115
2105,David,VALADAO,REPRESENTATIVE,R,CA,21,V000129,115
2324,A.,FERGUSON,N/A,R,GA,N/A,F000465,115
2324,A.,FERGUSON,N/A,R,GA,N/A,F000465,115
2324,A.,FERGUSON,N/A,R,GA,N/A,F000465,115
2324,A.,FERGUSON,N/A,R,GA,N/A,F000465,115
2076,Richard,BLUMENTHAL,SENATOR,D,CT,N/A,B001277,115
1608,Johnny,ISAKSON,SENATOR,R,GA,N/A,I000055,115
1838,Gus,BILIRAKIS,REPRESENTATIVE,R,FL,12,B001257,115
1383,Patrick,LEAHY,SENATOR,D,VT,N/A,L000174,115
2325,Raja,KRISHNAMOORTHI,N/A,D,IL,N/A,K000391,115
1996,Karen,BASS,REPRESENTATIVE,D,CA,37,B001270,115
2253,Tom,EMMER,REPRESENTATIVE,R,MN,6,E000294,115
1996,Karen,BASS,REPRESENTATIVE,D,CA,37,B001270,115
2293,Daniel,DONOVAN,REPRESENTATIVE,R,NY,11,D000625,115
2293,Daniel,DONOVAN,REPRESENTATIVE,R,NY,11,D000625,115
2293,Daniel,DONOVAN,REPRESENTATIVE,R,NY,11,D000625,115
2097,Donald,PAYNE,REPRESENTATIVE,D,NJ,10,P000604,115
2293,Daniel,DONOVAN,REPRESENTATIVE,R,NY,11,D000625,115
2158,Keith,ROTHFUS,REPRESENTATIVE,R,PA,12,R000598,115
2358,Ron,ESTES,N/A,R,KS,N/A,E000298,115
1668,James,LANGEVIN,REPRESENTATIVE,D,RI,2,L000559,115
1351,Orrin,HATCH,SENATOR,R,UT,N/A,H000338,115
735,Edward,MARKEY,SENATOR,D,MA,N/A,M000133,115
735,Edward,MARKEY,SENATOR,D,MA,N/A,M000133,115
1829,Jon,TESTER,SENATOR,D,MT,N/A,T000464,115
1829,Jon,TESTER,SENATOR,D,MT,N/A,T000464,115
1608,Johnny,ISAKSON,SENATOR,R,GA,N/A,I000055,115
968,Pat,ROBERTS,SENATOR,R,KS,N/A,R000307,115
1608,Johnny,ISAKSON,SENATOR,R,GA,N/A,I000055,115
1608,Johnny,ISAKSON,SENATOR,R,GA,N/A,I000055,115
1692,John,CORNYN,SENATOR,R,TX,N/A,C001056,115
1692,John,CORNYN,SENATOR,R,TX,N/A,C001056,115
2134,Daniel,KILDEE,REPRESENTATIVE,D,MI,5,K000380,115
1791,Virginia,FOXX,REPRESENTATIVE,R,NC,5,F000450,115
